:020000040800F2
:10280000004000205DAB0108653900086739000809
:1028100000000000000000000000000000000000B8
:1028200000000000000000000000000069390008FE
:1028300000000000000000006B3900080DCA00080D
:10284000ADAB0108ADAB0108ADAB0108ADAB010804
:10285000ADAB0108ADAB0108ADAB0108ADAB0108F4
:10286000ADAB0108ADAB0108ADAB01088D5200085E
:10287000ADAB0108ADAB0108ADAB0108ADAB0108D4
:10288000ADAB0108ADAB0108ADAB0108ADAB0108C4
:10289000ADAB0108ADAB0108ADAB0108ADAB0108B4
:1028A000ADAB0108ADAB0108ADAB0108ADAB0108A4
:1028B000ADAB0108ADAB010800000000A98F010815
:1028C00002780B78002A03D0013001319A42F7D008
:1028D000D01A70470023C25C0133002AFBD1581E76
:1028E0007047000002B47146490849000956490082
:1028F0008E4402BC7047C04602B471464908490084
:10290000095C49008E4402BC7047C04603B471465E
:10291000490840004900095E49008E4403BC7047E5
:1029200003B47146490840004900095A49008E44E1
:1029300003BC7047002243088B4274D303098B42C7
:102940005FD3030A8B4244D3030B8B4228D3030C7F
:102950008B420DD3FF22090212BA030C8B4202D321
:102960001212090265D0030B8B4219D300E0090A49
:10297000C30B8B4201D3CB03C01A5241830B8B4252
:1029800001D38B03C01A5241430B8B4201D34B033B
:10299000C01A5241030B8B4201D30B03C01A5241A0
:1029A000C30A8B4201D3CB02C01A5241830A8B4225
:1029B00001D38B02C01A5241430A8B4201D34B020E
:1029C000C01A5241030A8B4201D30B02C01A524172
:1029D000CDD2C3098B4201D3CB01C01A5241830926
:1029E0008B4201D38B01C01A524143098B4201D360
:1029F0004B01C01A524103098B4201D30B01C01A8B
:102A00005241C3088B4201D3CB00C01A5241830804
:102A10008B4201D38B00C01A524143088B4201D331
:102A20004B00C01A5241411A00D201465241104691
:102A30007047FFE701B5002000F0F0F802BDC04686
:102A40000029F7D076E7704703460B437FD4002276
:102A500043088B4274D303098B425FD3030A8B4232
:102A600044D3030B8B4228D3030C8B420DD3FF229C
:102A7000090212BA030C8B4202D31212090265D06A
:102A8000030B8B4219D300E0090AC30B8B4201D31D
:102A9000CB03C01A5241830B8B4201D38B03C01A64
:102AA0005241430B8B4201D34B03C01A5241030BDB
:102AB0008B4201D30B03C01A5241C30A8B4201D38C
:102AC000CB02C01A5241830A8B4201D38B02C01A37
:102AD0005241430A8B4201D34B02C01A5241030AAE
:102AE0008B4201D30B02C01A5241CDD2C3098B4293
:102AF00001D3CB01C01A524183098B4201D38B0110
:102B0000C01A524143098B4201D34B01C01A5241B2
:102B100003098B4201D30B01C01A5241C3088B42F7
:102B200001D3CB00C01A524183088B4201D38B00E2
:102B3000C01A524143088B4201D34B00C01A524184
:102B4000411A00D201465241104670475DE0CA0F5B
:102B500000D04942031000D34042534000229C461B
:102B600003098B422DD3030A8B4212D3FC22890125
:102B700012BA030A8B420CD3890192118B4208D3FB
:102B8000890192118B4204D389013AD0921100E05D
:102B90008909C3098B4201D3CB01C01A5241830971
:102BA0008B4201D38B01C01A524143098B4201D39E
:102BB0004B01C01A524103098B4201D30B01C01AC9
:102BC0005241C3088B4201D3CB00C01A5241830843
:102BD0008B4201D38B00C01A5241D9D243088B4299
:102BE00001D34B00C01A5241411A00D2014663463C
:102BF00052415B10104601D34042002B00D54942A0
:102C0000704763465B1000D3404201B5002000F0DE
:102C100005F802BD0029F8D016E770477047C04696
:102C20001C2101231B04984201D3000C10391B0AFC
:102C3000984201D3000A08391B09984201D30009C0
:102C4000043902A2105C40187047C0460403020217
:102C50000101010100000000000000000448054BD4
:102C600010B5834203D0044B002B00D0984710BD11
:102C7000F8000020F8000020000000000648074986
:102C8000091A8B10C90FC91810B5491003D0044B8D
:102C9000002B00D0984710BDF8000020F80000205D
:102CA0000000000010B5074C2378002B09D1FFF776
:102CB000D5FF054B002B02D0044800E000BF0123E4
:102CC000237010BD600200200000000008BF010852
:102CD000054B10B5002B03D00449054800E000BFA8
:102CE000FFF7CCFF10BDC0460000000064020020CA
:102CF00008BF0108054B82B0DA6B0243DA63DB6B75
:102D000018400190019B02B07047C046001002407D
:102D1000054B82B01A6C02431A641B6C1840019078
:102D2000019B02B07047C04600100240802130B5C0
:102D300080240822454B49009962A40045B2002D29
:102D400000DA81E09C62C046C046C046C046C0462C
:102D5000C046C046C046C046C046C046C046C04643
:102D6000C046C046C046C046C046C046C046C04633
:102D7000C046C046C046C046C046C046C046C04623
:102D8000C046C046C046C046C046C046C046C04613
:102D9000C046C046C0469961C046C046C046C0460F
:102DA000C046C046C046C046C046C046C046C046F3
:102DB000C046C046C046C046C046C046C046C046E3
:102DC000C046C046C046C046C046C046C046C046D3
:102DD000C046C046C046C046C046C046C046C046C3
:102DE000C046C046C046C0464000C0B29962C04618
:102DF000C046C046C046C046C046C046C046C046A3
:102E0000C046C046C046C046C046C046C046C04692
:102E1000C046C046C046C046C046C046C046C04682
:102E2000C046C046C046C046C046C046C046C04672
:102E3000C046C046C046C046C046C046C046013A2D
:102E4000002A00D07AE730BD9C617CE70004005086
:102E5000054B82B05A6B02435A635B6B184001907A
:102E6000019B02B07047C046001002400222064B90
:102E700099681142FCD00122187399681142FCD064
:102E8000D868C0B27047C0460038004010B5040092
:102E9000000CC0B2FFF7EAFF200AC0B2FFF7E6FF5E
:102EA000E0B2FFF7E3FF10BD0B4B5A7E002A02D0C1
:102EB0009B7E002B0ED10322084B01211A700022A9
:102EC000074B1A70074B1970074B1B788B4201D0C8
:102ED000064B1A707047C0468C1F00204D0800201A
:102EE0005F1F00204C080020431F00205F000020CF
:102EF000084B1A68293213780133DBB2072B00D94B
:102F0000012313700122044B1A80044A044B1278E7
:102F10001A707047601F00204A080020431F0020DD
:102F20005F0000200122064B1A80064B1A683432DB
:102F300013780133DBB2032B00D1002313707047E9
:102F40004A080020601F0020012305498A7F5A405B
:102F50008A77044A1370044A1370044A1370704746
:102F60008C1F00202B0800202E080020711F00203D
:102F70000A4810B502780A4B002A0CD00633D97FD4
:102F80004C426141D97701235A400270054A1370BF
:102F9000054A137010BD0533F1E7C0462A0800202A
:102FA0008C1F00202E080020711F00200E490F4AA0
:102FB0000B7870B5501D0E4D0E4C002B0CD02D789B
:102FC000C57720780632D077012253400B700A4B28
:102FD0001A700A4B1A7070BDC67F2E70951DED7F5A
:102FE000C37725701800EDE7290800208C1F00200A
:102FF00028080020270800202E080020711F00202C
:10300000012304490A785A400A70034A1370034A9C
:1030100013707047EF1E00202E080020711F002043
:103020000123044A11784B4013700222024B1A709C
:103030007047C046200800201F0800200123044AD2
:1030400011784B4013700222024B1A707047C04631
:103050001E0800201F080020044B05481A88504312
:10306000044A801880B21880000A7047340000209B
:103070000508000019360000F0B5130007270322E9
:103080003B405A431B4B85B0D31801930123039156
:103090009C46002102900020019B5B5C0093009BFA
:1030A0006246C340134213D0039B1C18A3B23F2BAC
:1030B0000ED86546029B5A18E3B23C40A540D2B2F6
:1030C000ECB2072B0CD80C4BD5189B5C1C432C7016
:1030D00001300528E3D101310329DCD105B0F0BD71
:1030E000DB08013BDB01054E9D18AD19F618B35CFA
:1030F000ECE7C046FCCD010855080020E11A00208D
:10310000054B1A78002A06D000221A70034B0132B0
:103110001A70034B1A707047DC0700206C1F0020E8
:10312000711F002030B50E4B1B689A8B0D4B186831
:103130000D4B19680D4B1C6C844207D15C6C8C42A2
:1031400004D11C0048342488944207D01C00002578
:103150004A3418645964483325801A8030BDC0460B
:103160006C1E002040080020C8040020CC04002071
:103170000E4B10B51B68191E13D00D4A1268918BA7
:1031800000290ED083420ED80A4A126882420AD31E
:10319000C01AFFF7CFFB084B0021984201D801303D
:1031A00081B2080010BD0021FBE7C04640080020A6
:1031B0006C1E0020C8040020FEFF000010B5094C62
:1031C0002278531CDBB2172B00D90023064952008A
:1031D0005052064A23701378172B01D8013313700D
:1031E00010BDC046950400209604002094040020E1
:1031F0000122054B52421A800023044A1360044AFC
:103200001370044A137070470400002090040020DB
:103210008D0400208C04002070B51E4A0300126843
:103220000232D47F221C082C00D208221A491B48E3
:103230000D88083A92B2854206D100200B80844264
:1032400001D0A342404170BD15482E1C854201D9D2
:103250001448068814481036B6B21C1C834201D9A3
:10326000124804880834A4B29E4202D80120934236
:10327000E9D2A64202D801209442E4D29D4202D96A
:1032800000200B80DFE707226A430432D318DB08F3
:10329000F6E7C0466C1E002004000020FFFF00007F
:1032A000EFFF00004CC00108F7FF00004EC001080E
:1032B000002806D0044A13780133DBB2032B01D86F
:1032C000137070470023FBE789040020F8B5104C09
:1032D0002368002B02D000232360F8BD0D4B0E4F56
:1032E0001B681B691D680D4B2560597B4A42514183
:1032F00048224A439B1888331E683E60FFF778FFD8
:10330000B54201D926603D60FFF70CFFE5E7C046F6
:1033100040080020601F0020C80400208C1F0020EF
:10332000074B1B78012B0AD0064B1B78012B06D0CC
:10333000012205494B7E53404B76044B1A7070476F
:10334000431F00206A1F00208C1F00202B08002034
:103350000021012210B5124B1960124B587B4240DC
:1033600011485A7304788C4202D001700F480170E2
:10337000991DC87F002801D0501CC8770533D97F1C
:10338000002901D00132DA770123094A1370094A72
:103390001370094A13700022084B1A7010BDC04602
:1033A000400800208C1F00205F1F00205C1F0020B1
:1033B0002B0800202E0800205A0000205F0000206B
:1033C000092802D83030C0B2704703000A3BFF2002
:1033D000052BF9D8014AD05CF6E7C046A5CB010819
:1033E00010B50E4A0E48137B59424B410021DBB207
:1033F00013738B4200D04831883152180260094A59
:103400001378002B03D101331370074A1370002087
:103410000EF0C2FC0A22054B1A8010BD8C1F002042
:103420006C1E00203F080020711F0020D8070020DC
:10343000194B10B51B78002B11D0FFF761FE174A0E
:10344000174B12781B7852B2002A1BD1154AD27F33
:10345000002A05D1032B02D003200EF03FFB10BD44
:10346000114A1278002AF5D16420104908801049C9
:103470000A7010490A7001210F4A117001210A4A8D
:103480001170E7E7084A11780029E3D114200B4AAC
:1034900010800B4AF1E7C046DA070020241F002005
:1034A0006A1F0020911F0020EA1E0020D80700207C
:1034B0005A0000203F080020711F0020460800200D
:1034C0005B000020034B10B51B78002B01D1FFF7E8
:1034D000AFFF10BDE51E0020302210B500210448CA
:1034E00017F090FB0022034B1A70034B1A7010BDAB
:1034F00096040020950400209404002010B5084B89
:103500001B78012B01D9042B05D1062008F01AFBEA
:10351000062008F017FB0022024B1A7010BDC046AF
:10352000CC1F002040000020A023402210B5DB0566
:103530009A6215F011FF10BD10B5032804D00728BA
:1035400009D0074B185C03E0064B1878A6231843F4
:10355000FFF7EAFF10BD044B18781530C0B2F7E74B
:1035600078CE0108540800203600002070B50C4BBE
:103570001B6834331C78012C0AD10321094D2878AB
:103580000130FFF747FB2970200009F06DF970BD8D
:10359000002CF9D1044D052128780130F1E7C0460F
:1035A0006C1E0020260800202508002070B508F0B9
:1035B000D5FC114B041E00D1104B19680D002D35A0
:1035C0002A78343153425341D8B228700B78012BFA
:1035D00007D153425A4103205242104015F0FCFEDD
:1035E00070BD002CFAD000208242F7D1044B18782D
:1035F0000130C0B2F2E7C0466C1E0020601F002000
:103600002408002070B5868B0068714308183100CB
:103610001C00150008F09EFBA04206D8A84203D269
:103620003100A01B08F096FB70BD2800FCE70000ED
:10363000F0B5212585B0FFF775FD164B1E68164BBA
:103640001B785BB20193154B1B680293144B1B68EC
:103650000393144B1F783000039B029A0199FFF7E4
:10366000D1FF013DEDB204003060002D07D0FFF71F
:103670007FFD002803D000230B4ABB4202D120006B
:1036800005B0F0BD0232911E09888142E3D00133BA
:10369000DBB2F2E76C1E0020241F0020400800204F
:1036A000C804002016050020CC04002010B50FF03F
:1036B0007DF80122044B1A70044B1B78002B01D0BB
:1036C000034B1A7010BDC046BE07002048080020FA
:1036D0002E08002070B50B4D00202B78002B0DD14B
:1036E000094B1C78002C06D00A226243074B1A7043
:1036F00000232B7070BDFFF7D9FF20000EF0EEF90C
:10370000F6E7C046BE070020D21F0020BD070020FC
:103710000F4B70B51B78002B17D00E4D2B78002B5C
:1037200015D0002913D001230B4C0A000100812081
:10373000237015F035FA094B2278002A07D0013B97
:10374000002BF9D123702B7001E012F08DFB70BDBE
:10375000BC070020BB070020BA070020A08601009C
:10376000264B70B51A688023D28BDB009A422ED28A
:1037700000230A2518002249224E0A78DCB294421E
:1037800009D300280DD1042A21D1002301220B7076
:103790001D4B1A7007E06843F45C0133001980B2D6
:1037A000ECE7042AF1D000220138184D84B2110050
:1037B00020006E7B08F0AAFD002809D1124B1B786F
:1037C000012B02D80222124B1A700AF00BF970BDBD
:1037D000002302210E4A1370321D520054530D4A29
:1037E000760011700C4A745313700C4A1370687B86
:1037F00009F0F8FE0AF0F6F8E7E7C046601F00207F
:103800005F1F0020D0030020641F00208C1F0020B9
:103810005D1F00201F0800201E0800202008002037
:10382000F8B5264B264C1A78002A03D0A11DCA777A
:1038300000221A700022234B1A70FFF74DFE224B14
:103840001F68224B3E001B78002B01D0204B1E68C6
:103850008022204BD2001B8893421CD2207BB2B224
:10386000031D5B00E25202214300E25209F0BAFE5E
:10387000B74204D00AF0B6F80122174B1A700023A1
:10388000383423700AF02EFB01200EF085FA012255
:10389000124B1A70F8BD124B1D6828002E6008F0FC
:1038A000B7FE280008F0A0FDB742E8D001232A00A7
:1038B000217BE88B0AF0A8FAE1E7C04688040020E3
:1038C0008C1F0020241F002084040020BF0700203C
:1038D000C407002044080020711F00206C1F002036
:1038E0006C1E002010B5174B174CDB7F002B19D036
:1038F000164A1378002B03D000231370144A137058
:10390000144A637B11688022C98BD20091420AD28B
:103910005B00E2189288E25201220F4B1A700F4BA3
:1039200092181A7010BD04335B00E05A0023012185
:103930001A0008F025FD0A4B9842F3D0637B5B0028
:10394000E052E9E7901F00208C1F00205F1F00203D
:103950005C1F0020601F0020B00700201F0800200F
:10396000FFFF00007047FEE770477047014B024AB7
:103970009A60704700ED00E0002800080E4B1A78AE
:1039800082420DD018700D4B0D4A1B5C0D491380FF
:103990000D4A12889B1A9AB21BB2002B01D10B70F0
:1039A00070471811002B03DD53421B115B4218B204
:1039B000064B18800123F2E7E518002097CE010896
:1039C000DC180020E2180020E0180020DE1800209B
:1039D000922210B5054B5200985CFFF7CFFF0022F2
:1039E000034B1A80034B1A7010BDC0468C1F002079
:1039F000401F0020E3180020F8B5802380267E4F6A
:103A00007E4C9B007600BB610500A662C046C046A6
:103A1000C046C046C046C046C046C046C046C04676
:103A2000C046C046C046C046C046C046C046C04666
:103A3000C046C046C046C046C046C046C046C04656
:103A4000C046C046C046C046C046C046C046C04646
:103A5000C046C046C046C046C046C0468020BB6285
:103A60002843FFF763F92368654A13402360C04683
:103A7000C046C046C046C046C046C046C046C04616
:103A8000C046C046C046C046C046C046C046C04606
:103A9000C046C046C046C046C046C046C046C046F6
:103AA000C046C046C046C046C046C046C046C046E6
:103AB000C046C046C046C046C046C046C0461023A9
:103AC0000020400080B2844601212069A661400A9E
:103AD000084061460843C046C046C046C046C0468E
:103AE000C046C046C046C046C046C046C046C046A6
:103AF000C046C046C046C046C046C046C046C04696
:103B0000C046C046C046C046C046C046C046C04685
:103B1000C046C046C046C046C046C046C046C04675
:103B2000C046C046C046A662C046C046C046C04663
:103B3000C046C046C046C046C046C046C046C04655
:103B4000C046C046C046C046C046C046C046C04645
:103B5000C046C046C046C046C046C046C046C04635
:103B6000C046C046C046C046C046C046C046C04625
:103B7000C046C046C046C046013B002B00D0A0E76F
:103B800023681A408023DB021343236080239B00B9
:103B9000BB61C046C046C046C046C046C046C046DF
:103BA000C046C046C046C046C046C046C046C046E5
:103BB000C046C046C046C046C046C046C046C046D5
:103BC000C046C046C046C046C046C046C046C046C5
:103BD000C046C046C046C046C046C046C046C046B5
:103BE000C046A661A361074B302D02D0472D01D1FD
:103BF000054B1880F8BDC04600140050000400506A
:103C0000FFFFF3FF3E0000203C00002070B50600DF
:103C100069200D00FFF7F0FE040003040BD46A20B6
:103C2000FFF7EAFE0C4B24030005000D1C40044383
:103C30000220346070BD6820FFF7DEFE0300002024
:103C40001A04F7D40548DB04DB0C58430449FEF79B
:103C5000FBFE28800120EDE700F0FF00EB120000E2
:103C600010270000F7B5694B694A00931B78019251
:103C7000002B26D113785BB2002B0AD0654B664A25
:103C80001B889B18062B04D8644B1B78002B18D07C
:103C9000F7BD634B1D786B1E022B27D86149624B21
:103CA0000A78002A03D0614A1278002A06D01A78CE
:103CB000002A1BD05E4A1278002A17D100220A700F
:103CC0001A7001200EF068F801225A4B1A70019BFD
:103CD0001B785BB2002BDBD0574B1A78502AD7D811
:103CE000002A00D089E0FFF79BFDD1E74B4B012470
:103CF0001B78524F002B0AD03B78DAB2002B05D14B
:103D0000A5421AD00ED9AB1EA34229D900243B7874
:103D10004B4E002B69D1002C67D13378002B41D159
:103D20003470B5E7474BDB7D002BEFD0464B19785D
:103D30000029EBD002241A70E9E7444B1978394B7B
:103D4000002906D01A70404B1A78002ADED00022D3
:103D5000F0E71A78002AF6D11D706432334BF1E790
:103D60003B4B1978304B002914D03A490978012986
:103D700010D11A70344E3378002BC7D00C20FFF7C7
:103D80003BFE0405A40F013C63425C410023640038
:103D90003370BCE71A78002AECD101321A70244B38
:103DA0006332E6E72C4BDB7F002BB9D0023D012DBF
:103DB000B6D80C20FFF720FE0005800F0128AFD1F8
:103DC000254BDB7F002B00D162E7A0238022DB059F
:103DD00052009A62214BEC3A1A800023009A137029
:103DE00001223A701E4A137052E700233370012CEF
:103DF00000D166E7022CE3D04AE719235343194A5E
:103E000013800022184B1A7042E7C046D1070020E9
:103E1000241F00204408002000FCFFFFDA070020D8
:103E2000D7070020D5070020D2070020D0070020A8
:103E3000CF0700206C1F0020B41F0020CE070020F9
:103E4000CC0700208C1F0020CD070020D6070020C3
:103E5000D4070020D30700208F1F0020CA070020AE
:103E6000741E0020460800205B000020F0B5CBB097
:103E70001A22002104A816F0C5FE00245F20FFF7D7
:103E8000BBFD6A461021630052180134D0520D2C3C
:103E9000F4D10BAD1A220021280016F0B3FE2A003F
:103EA0000023102069460918C95A0233080A107005
:103EB000517002321A2BF4D10E220021684616F0FE
:103EC000A1FE2EAC7022002112A816F09BFE7022DB
:103ED0000021200016F096FE0023EA5C552A18D037
:103EE00000242600250027003B4A3C4B11680A228B
:103EF0004A435A6001221D809C70DE701F725A7204
:103F0000002F5ED1FA210020C90008F07BF84BB0E9
:103F1000F0BD0133072BE0D1EA79072AE0D12A7AF4
:103F2000092ADDD16A7A2A2ADAD1AA7A442AD7D193
:103F3000EA7A6F2AD4D100211A0001200EAD1600B2
:103F4000CB08EB5C8E43334148276E460340F6199D
:103F5000735401317029F2D100220F206939130006
:103F6000942603404B4376009B1915096B445B195B
:103F70006D46E03EAD19AD5C703B01321D70702A9C
:103F8000EDD10022012507200600A35C96432B40BB
:103F9000B3406E46D108765C013233436E467354AB
:103FA000702AF1D16B4668465D889F8814F092FBB9
:103FB0003F1A7B425F416DBA3478ADB27678FFB27A
:103FC00092E7072C9ED8064BA400E358002B99D00B
:103FD0003100280098479AE7081F00202800002099
:103FE000DCCD0108F8B50C00374B302802D047284B
:103FF00005D1364B1A88A24200D142E11C808023B1
:104000008026334F334D9B007600BB61AE62C046C5
:10401000C046C046C046C046C046C046C046C04670
:10402000C046C046C046C046C046C046C046C04660
:10403000C046C046C046C046C046C046C046C04650
:10404000C046C046C046C046C046C046C046C04640
:10405000C046C046C046C046C046C046C046BB6219
:10406000FEF764FEC046C046C046C046C046C046D5
:10407000C046C046C046C046C046C046C046C04610
:10408000C046C046C046C046C046C046C046C04600
:10409000C046C046C046C046C046C046C046C046F0
:1040A000C046C046C046C046C046C046C046C046E0
:1040B000C046C0461023AE6222B2002A00DAE1E018
:1040C00080229200AA6207E03E0000203C0000200F
:1040D0000014005000040050C046C046C046C04610
:1040E000C046C046C046C046C046C046C046C046A0
:1040F000C046C046C046C046C046C046C046C04690
:10410000C046C046C046C046C046C046C046C0467F
:10411000C046C046C046C046C046C046C046C0466F
:10412000C046C046C046C0466400AE61A4B2C046A8
:10413000C046C046C046C046C046C046C046C0464F
:10414000C046C046C046C046C046C046C046C0463F
:10415000C046C046C046C046C046C046C046C0462F
:10416000C046C046C046C046C046C046C046C0461F
:10417000C046C046C046C046C046C046C046AE6205
:10418000C046C046C046C046C046C046C046C046FF
:10419000C046C046C046C046C046C046C046C046EF
:1041A000C046C046C046C046C046C046C046C046DF
:1041B000C046C046C046C046C046C046C046C046CF
:1041C000C046C046C046C046C046C046C046C046BF
:1041D000013B002B00D06FE7C046C046C046C0463A
:1041E000C046C046C046C046C046C046C046C0469F
:1041F000C046C046C046C046C046C046C046C0468F
:10420000C046C046C046C046C046C046C046C0467E
:10421000C046C046C046C046C046C046C046C0466E
:10422000C046C046C046C04680239B00BB61C04616
:10423000C046C046C046C046C046C046C046C0464E
:10424000C046C046C046C046C046C046C046C0463E
:10425000C046C046C046C046C046C046C046C0462E
:10426000C046C046C046C046C046C046C046C0461E
:10427000C046C046C046C046C046C046C046AE6105
:10428000AB61F8BD80229200AA6125E770B590B0BD
:10429000040040226846184916F0E3FD392C08D87E
:1042A0002F2C25D8232C25D00EAD2A2C09D010B0C8
:1042B00070BD2300413B373C032BF8D8A4006C446D
:1042C000250028880D4C0E4E60430E498019FEF7DC
:1042D00031FB81B27120FFF785FE6B8809495C4391
:1042E000A019FEF727FB81B27220FFF77BFEDEE705
:1042F000303CE3E70FADE4E720BF01084C93010039
:10430000881300001027000010B5094C23880029ED
:1043100008D04022C240134399B233202180FFF7D6
:1043200061FE10BD4121494201411940F5E7C046F7
:10433000C41A002010B5040051200A49FFF752FEAC
:1043400007200949FFF74EFE21050820090DFFF758
:1043500049FE802321021B02090D08201943FFF7A3
:1043600041FE10BD33A00000D70A00000C4B10B571
:10437000C1184B1E9941040049420A4B890A89021F
:10438000C9185120FFF72EFE0748084B6043084923
:10439000C018FEF7CFFA81B20720FFF723FE10BD49
:1043A000BFF5FFFF409400009826030050C30000B3
:1043B000A086010070B5040031200D00FFF71CFB42
:1043C000A02361051B02490D194306004620FFF793
:1043D00009FEC0216D056D0D490129437920FFF7C4
:1043E00001FE7A200449FFF7FDFD0421314331200D
:1043F00089B2FFF7F7FD70BD9A28000010B50400E0
:1044000081B23820FFF7EEFD3920210CFFF7EAFDDD
:1044100010BD000010B50349000201434720FFF71B
:10442000E1FD10BD4260000010B537200549FFF7DF
:10443000D9FD00213020FFF7D5FD30200249FFF7DC
:10444000D1FD10BD1F9F0000F1BF000010B531204D
:10445000FFF7D2FA0223984381B23120FFF7C2FD61
:1044600000212B20FFF7BEFD10BD000070B5050038
:104470003120FFF7C1FA0400002D06D108239C4328
:10448000A1B23120FFF7AEFD70BDAB1E5A1E9341A5
:10449000AD21DB03890119432920FFF7A3FD01208A
:1044A000A842804105494042800301432820FFF78C
:1044B00099FD0821214389B2E3E7C046382B00006B
:1044C00010B53120FFF798FA0423984381B23120C8
:1044D000FFF788FD10BD10B500212420FFF782FDF5
:1044E00010BD0000DB2110B52120C900FFF77AFDC7
:1044F00024200249FFF776FD10BDC0467FC10000B1
:1045000010B550200149FFF76DFD10BD18BB00002C
:1045100010B550200149FFF765FD10BD183B0000A4
:1045200010B500213020FFF75DFDE821372049015B
:10453000FFF758FD10BD000010B500217020FFF7F7
:1045400051FD0020FFF766FFFFF7E2FF002130205A
:10455000FFF748FD30200249FFF744FD10BDC0467B
:10456000F1BF000010B5C3217020FFF73BFD7220A2
:104570000A49FFF737FDC1215820FFF733FD5C20C2
:104580000749FFF72FFD8E215D20C901FFF72AFDA6
:104590005E200449FFF726FD10BDC04665300000CF
:1045A000655600000432000010B500213020FFF7EE
:1045B00019FD10BD054B10B51B78002B05D001214E
:1045C0000020FFF7A1FEFFF72FFF10BDE51E002022
:1045D00010B50400FFF794FF0020FFF71BFF002138
:1045E0007020FFF7FFFCFFF776FF30200349FFF74D
:1045F000F9FC002C01D1FFF78BFF10BDFEC10000BC
:1046000010B530200149FFF7EDFC10BDFAC30000E2
:1046100010B50400FFF766FFFFF772FF0020844229
:1046200000D00330FFF7F6FE70200349FFF7DAFCF5
:10463000FFF7E6FF10BDC046C3C3000010B56720FA
:10464000FFF7DAF9C005C00D10BD000010B5064B2C
:10465000064A1B7811781B011943B0231B0248201E
:104660001943FFF7BFFC10BD0E20002010200020D2
:1046700010B501240E4B05201A7854401C7061427D
:1046800061410F2349421940A1231B01C91811F0B0
:10469000FCFC0022074B944202D11A0083321278AC
:1046A00082331A70FFF7D2FF0122034B1A7010BD3C
:1046B000210800208C1F0020711F002010B5FFF77B
:1046C0009DFEC02151208900FFF78CFCFFF7ACFE56
:1046D00010BD10B500210420FFF716FE00210320B5
:1046E000FFF712FE10BD00000B4B10B5984208D822
:1046F00001210420FFF708FE00210320FFF704FE3C
:1047000003E0013002D1FFF7E4FF10BD00210420D7
:10471000FFF7FAFD0121F0E7FF3EAB0170B51D4B3D
:104720001B78013B012B27D900241B4B1B4A1C7013
:1047300013781B4DA34220D01A4B14701C701A4BD7
:1047400080221C80A02301265200DB059A62174BB1
:104750001C7011F0B3FC164B1B681868FFF7C4FF00
:10476000144B1E70144B1C7009F0BCFB5022134BF1
:104770002C701E70124B1A8070BD124A137007F015
:1047800055FF01200DF008FB11F084FF03232B706F
:10479000F2E7C0466A1F00205F1F00205E1F002056
:1047A0005F000020231F00202C080020741E002022
:1047B0006C1E0020711F0020C41F00202E08002046
:1047C000E21E00204808002070B50F4D04002A6842
:1047D000002A08D0002318000C49A14258419142F8
:1047E0005B41984202D02000FFF77EFF20002C6042
:1047F000FFF704FE00213020FFF7F4FB044B3020CC
:104800001988FFF7EFFB70BD90040020FF3EAB015D
:104810008A040020A023F7B5160008220500DB0556
:104820009A6203200C00FEF721FB2800FEF72EFB06
:10483000C0232E4DDB00AA681100194001911A42D5
:104840000AD10F2E0AD8A619B44249D0FF20FEF78C
:104850000DFB20700134F7E7EA68ECE740222B6893
:10486000042093432B6014F07FF9052014F07CF9A9
:10487000802284211E4B52015A601E4F04204901A0
:1048800014F054F905201C4914F050F9FC601B4C3D
:1048900031000420BC6014F059F9194A194B310059
:1048A000D36094600224052014F050F9019B164E49
:1048B000042033703B6823433B6014F063F9052008
:1048C00014F060F901236A68134340226B602B687F
:1048D00013432B606B681C436C603378002BFCD057
:1048E000A0230822DB059A61F7BDC04600380040CE
:1048F0000000024044000240101000000C3800404C
:1049000058000240D8180020D61800200120024B81
:104910001B699B0A984370470004005000B50300D0
:104920000078002208280ED8FDF7E6FF050F151DB8
:104930003522272F2F000122552904D0AA2901D082
:10494000002000BD05221A70FAE7AA394A425141F7
:1049500049001970F4E703220029F4D005394A42CE
:1049600051418A00EFE7484241411A70C8B2E8E776
:1049700000225529E7D10632E5E7032901D10722B4
:10498000E1E70429DFD10822DDE7122903D8102945
:1049900001D00248017001201A70D2E737000020D0
:1049A0000022034B1A70034B01321A707047C04645
:1049B000D5080020711F0020F7B5A02640275039E8
:1049C0000430F605C5B20193C8B2B762140014F002
:1049D000C3FC10202B09184314F0BEFC0F20284004
:1049E00014F0BAFC019BB761E5182078013414F08B
:1049F000B3FCAC42F9D1F7BDF8B50423124E040064
:104A0000B3624020FEF790FD104A002C07D0104BF7
:104A100001251F00072C0AD8621ED201D21880235C
:104A200021000020FFF7C8FF0423B361F8BD29006F
:104A300001353A0080230020EDB2FFF7BDFF80373B
:104A4000082DF4D1F0E7C0460004005055080020BE
:104A5000E11A002010B50820FFF7CEFF10BD10B5F9
:104A60000130C0B2FFF7C8FF012012F0A3FE10BD55
:104A700010B50020FFF7C0FF10BD0000F7B5041E01
:104A8000294E2A4F2BD00024FEF7E6FA7021FDF7BD
:104A9000D7FFA5192970FEF7DFFA0321FDF7D0FF34
:104AA0003D19013101342970202CEDD109F032FD7E
:104AB000002509F06BFC0024EFB2BB00DBB20193D0
:104AC000725DE100611A5118D219121909B2D2B2FD
:104AD000002C16D10198FEF7CFFA0134F0E735002B
:104AE0002B783A5D9B18DBB22B70702B04D9FEF744
:104AF000B3FA0F231840287001340135202CEFD170
:104B0000D4E7032C02D901231A4202D00198FEF700
:104B1000B3FA0134082CD3D10135202DCBD1FFF7C6
:104B2000A7FFFFF797FFF7BDFE070020DE07002075
:104B300070B5254B1C78002C3ED0244BDB7F013B0D
:104B40003B2B39D8224D2B78002B35D1214B1B78AC
:104B5000002B31D1204B1B78012B2DD007F0FEF913
:104B6000002829D11D4B1B78002B25D11C4B1B780D
:104B7000002B03D01B4B1B78002B1DD01A4B1B782E
:104B8000002B19D1194B1B78002B01D0032B13D10B
:104B9000631E012B11D810F0EFFEFFF769FFFFF73E
:104BA00059FF012300202B70114B1870114B187006
:104BB000114B187012F0FEFD70BD032CF1D10120D5
:104BC000FFF75CFFEDE7C046DD070020941F0020E3
:104BD000DC0700203A1F00206A1F0020201F002051
:104BE000231F0020D71E0020371F0020431F002056
:104BF000DB0700206C1F0020711F0020042370B50C
:104C0000074DE220AB62FEF78FFC00242000013448
:104C1000E4B2FEF791FC082CF8D10423AB6170BD1F
:104C200000040050042370B50024064DAB62200040
:104C30000134E4B2FEF780FC0B2CF8D10423AB6105
:104C400070BDC046000400500B4B70B51B680B4C88
:104C5000584300236568A268834200D370BDA168F1
:104C60008A4203D99B185B1A0A00F5E78A42FBD2F5
:104C70006E1AF318D318F7E7E818002010E000E0E8
:104C8000324870B50378002B20D0314B314A0021D7
:104C9000595E13885B181BB21380002917DD2E495B
:104CA0000024095F994219DD1478002C1CD12B4A8D
:104CB000013413680720A343136013F055FF20004D
:104CC000FFF7C2FF8022264B52009A6270BD002976
:104CD000EAD021490024095F9942E5DB1E4B1B887D
:104CE000138000230370DFE76401FF212000FDF73C
:104CF00021FEFF2300225B019C421AD01100194EB5
:104D0000194D0B0082424B415B423340013394000A
:104D1000FF3301322B51202AF3D101240F4D2B6890
:104D20002342D3D1072013F02DFF2B681C432C60A6
:104D3000CCE70121094A072013688B43136013F065
:104D400013FF8022064B52009A61BFE7E218002051
:104D5000DE180020E0180020DC18002000140040BD
:104D60000014005000FFFF00EC180020782170B5FF
:104D70001B4A1C4B12781C4C4A431A801B4A1C4B82
:104D800012781A701B4B1D781B4BDB7F002B06D152
:104D9000FEF71EFE002D01D0FEF7B0FB70BD012214
:104DA000164B1A702623FF33E05CFEF7E7FD002D5B
:104DB00005D0134B1B78002B0CD1FEF79FFB08345A
:104DC000E17F00230F4A3D2902D00A234B430133E0
:104DD0001380E3E7FFF754FF0B48FFF735FFE8E7E1
:104DE0005E0000203C1F00208C1F0020E5180020E2
:104DF000E418002040000020941F0020E318002049
:104E0000E2180020401F002010270000064910B5BE
:104E10000B78002B03D0054A054B1278DA77002374
:104E20000B70FFF7A3FF10BD23080020220800200D
:104E3000941F002080220A4B520243439B1810B556
:104E400071200C00590CFFF7CDF8FFF761FBFA2039
:104E500080006043FFF7F8FEFFF752FB10BDC0462D
:104E60001DA61400F8B51C0005000E001700FFF782
:104E700047FB201E05D0A02380220320DB05520023
:104E80009A61FFF7C7FA12493F02394389B270208D
:104E9000FFF7A8F8FFF7B4FB0E48FFF7D5FE310087
:104EA0002800FFF7C7FF002C07D0A0238022DB05D6
:104EB000520000209A62FFF7ADFA00217020FFF740
:104EC00091F830200449FFF78DF8FFF721FBF8BD7A
:104ED0000080FFFF50C30000FEC1000010B500219C
:104EE0003F20FFF77FF868215920FFF77BF8034840
:104EF000FFF7AAFEFFF758FB10BDC0463075000053
:104F000010B5FFF7EBFF00210220FFF76BF800213F
:104F10003F20FFF767F8FFF787FAC0213F2089019C
:104F2000FFF760F859200449FFF75CF8592003495E
:104F3000FFF758F810BDC046684000006830000018
:104F400070B50D000400FFF7DBFAC22170200902E2
:104F5000FFF748F880230B495B026943C9187120A9
:104F6000490CFFF73FF80020844200D00330FFF7E0
:104F700051FAFFF745FB0448FFF766FEFFF7C8FA52
:104F800070BDC0461DA6140050C30000F0B5FA263F
:104F90000500002485B003930AAB1F880BAB1B8868
:104FA000B6007343019102920093285D002801D15D
:104FB00005B0F0BDFFF76AF9FFF7AAFA019B002BD5
:104FC00002D00298002C06D02B5D03982A2B02D029
:104FD000232B00D038007043FFF736FEFFF790FA1E
:104FE0000098FFF731FE0134DFE7000070B5A0251F
:104FF0000826094CED050520AE62FDF737FFFF20BE
:10500000FDF734FFAE61C00705D50A20013CFFF76C
:105010001BFE002CEFD170BD40420F0070B5A024E4
:1050200008250600E405A5620620FDF71FFFA5611F
:10503000FFF7DCFFA5622020FDF718FF3000FDF729
:1050400025FFA561FFF7D2FF70BD000010B5040079
:10505000FFF7E4FF054B1B68A34205D18022FF2127
:105060000348520115F0CEFD10BDC04638000020A7
:10507000D6080020F0B587B06B46049003921A7CE6
:105080008023A0255B0002919B1AED05039A0192F3
:105090009A4200D9019308231C00AB620620FDF759
:1050A000E5FEAC610220AC62FDF7E0FE0498FDF77E
:1050B000EDFE029C019AA6180F2A5BD94022314CC2
:1050C00004202368304E9343236013F04DFD0520E8
:1050D00013F04AFD80222D4B52015A60002104201A
:1050E00013F024FD9021052013F020FD284F294BBB
:1050F0000420F3600199B76013F028FD264B029954
:105100000520D9609F60019913F020FD234B0227F1
:1051100005930023059904200B7033683B433360EB
:1051200013F030FD052013F02DFD012362681343B9
:105130004022636023681343236063681F436760F2
:10514000059B1B78002BFBD00823AB61FFF74EFFBC
:10515000019A049B944663440493029B6344029324
:10516000039B9B1A03938023039A5B00002A8DD133
:1051700007B0F0BD20780134FDF778FEB442F9D1D4
:10518000E2E7C04600380040440002400000024010
:105190000C380040D818002058000240D6180020D3
:1051A000F0B587B0059380230705040B3F0D5B0125
:1051B0000190029103922403DE1B039B002B03D179
:1051C000FFF714FF07B0F0BDFFF710FF039DB542D6
:1051D00000D935002B4E3368A34206D08022200030
:1051E00029495201FFF716FB3460274E2A00BE19E9
:1051F0003100029815F0B2FE002826D00023F25CA0
:10520000FF2A31D101339D42F9D100232A00300019
:105210000299049315F025FE049B002B2DD020004D
:10522000FFF7FCFEFFF7E2FE059B174E002B1DD09B
:10523000EF193A0031002000FFF71CFF80225201D5
:10524000FF21D21BF01915F0DDFC019B00275B1933
:105250000193029B5B190293039B5B1B03938023C7
:105260005B011E00E418A8E70123CFE7802231008C
:1052700020005201FFF7FEFEE7E72A00029901989D
:10528000F8E7C04638000020D608002080201C49DE
:1052900080010B6810B5034230D00224194B1A6804
:1052A00022422BD01A68A2431A6048600A20FFF7F6
:1052B000CBFCC021144A154B49019868084202D022
:1052C000013A002AF9D180210F4A9868084202D099
:1052D000013A002AF9D1C0210B4AC9009868084256
:1052E00002D0013A002AF9D102215A688A435A6051
:1052F0005A6801398A435A60054B197010BDC0467F
:105300000000024044000240112700000038004025
:10531000D618002070B540262025094C0120A66132
:10532000FFF792FCA5610120FFF78EFCA662012029
:10533000FFF78AFCA5620120FFF786FC70BDC0461E
:105340000014005070B540252026094C0120A562AC
:10535000FFF77AFCA6620120FFF776FCA661012028
:10536000FFF772FCA5610120FFF76EFC70BDC0461F
:1053700000140050F7B5234C234A236801901340D2
:105380002360082300252027012600933000A76210
:10539000FFF75AFC3000A761FFF756FC3000FFF71B
:1053A00053FC23696D00EDB25B0600D53543300038
:1053B000A762FFF749FC009B013BDBB20093002B87
:1053C000E4D12268104B01201A4080235B01134373
:1053D0002360A762FFF738FC019A4023002A0ED011
:1053E000A36120260120FFF72FFCA6610120FFF713
:1053F0002BFCA6620120FFF727FC2800FEBDA3625C
:10540000EFE7C04600140050FFCFFFFFF8B52023A0
:10541000264C0500A3620120FFF716FC08266BB29C
:10542000002B3EDB4023A36220270120FFF70CFC6A
:10543000013E0120A761FFF707FC6D000120A76274
:10544000F6B2FFF701FCEDB2002EE8D1402523684B
:10545000174E012033402360A561FFF7F5FBA761DC
:105460000120FFF7F1FBDF3723691A002A402B42A6
:105470001AD0013F0120FFB2FFF7E6FB002FF3D166
:1054800001256D422023A3620120FFF7DDFB80236D
:1054900022685B0132401343236040232800A3614C
:1054A000F8BD4023A361BFE71500EBE700140050EF
:1054B000FFCFFFFFF8B57823802680270025164C04
:1054C0003602A361FF010A20FFF7BEFB23691A0021
:1054D0003240334212D03B420FD09A0417D50322F8
:1054E000DB040BD50135052D13D078230722A361EA
:1054F000521B773B9340A362E5E70122074BA900CB
:105500005B18985C1328EDD07823A361F8BD0222C4
:10551000F4E71320F8E7C0460004005083CE0108EA
:1055200010B532246320FEF767FAC0B2C72806D947
:10553000013C0120E4B2FFF787FB002CF2D1FFF71A
:105540007DF8FFF77BF810BD70B5FFF7E9FF1A4A49
:105550000400031C904201D9184B1B88184A0833D9
:1055600012689BB20232D17F164A1588164A9542BC
:1055700004D1002901D0994212D970BD134E2A1CC2
:10558000B54201D9124A1288103292B29A42F4D826
:105590000A1C082900D20822083A92B29A42ECD892
:1055A000AF204000FFF750FBFFF7BAFF231C8442F7
:1055B00000D2031C98B2E0E7F7FF00004EC00108DC
:1055C0006C1E002004000020FFFF0000EFFF000021
:1055D0004CC00108604BF0B51C68604B85B01B687F
:1055E000002B00D1A8E05E4B1B78002B00D19DE082
:1055F000A31CDB7F002B00D198E03020FEF7FCF9E4
:105600000626584A584B10401880FEF711F82060C3
:10561000200006F0FDFF23691D68544B1B68002B1A
:1056200006D0534A127852B2002A4ADD9D424CD32A
:105630002800FFF7C9F8FFF787FF0500FDF7BEFD5B
:105640002800FDF7E9FD002861D0A18B4B1EF82B47
:1056500028D8FA20236880000293FDF7F5F9502836
:1056600000DD50200026370083B2039323691B68B6
:105670000193FDF7DDFF2060200006F0C9FF2369DC
:1056800018683B4B1B785BB2002B21DD019B8342EA
:1056900023D9029B2000236006F0BAFF2369186813
:1056A000FFF792F80122334B1A70200006F0B0FF8A
:1056B000200006F099FE01200CF06EFB09222E4B13
:1056C0002EE0002AB4D09D42B2D9FDF791FDAFE79C
:1056D000002B02D0019B8342DBD3FFF775F8FFF765
:1056E0001FFF854209D20500002723680293013677
:1056F000039BB6B2B342B9D1CBE78542F7D9281A9A
:105700000728F4DD0137FFB2022FF0D9C1E7013ECF
:10571000F6B2002E00D078E70122164B1E70164B11
:105720001A800122154B1A7005B0F0BD114A137092
:10573000FDF77EFF2060B8E70E4A0D491370208EFA
:105740000F4AC000097813185B68825849B22000DC
:10575000FDF758FFEEE7C0466C1E00204008002011
:1057600003000020FFFDFFFF8A04002090040020BA
:10577000241F00208D040020460800206C1F0020FC
:10578000ACCB0108F0B5D44BD44C1A7895B0531E6D
:10579000182B3DD8230080212A331B78C90005939C
:1057A000A38D8B4231D01BB2E58D8D4236D02DB208
:1057B000CB49019109880291059900290ED0C94968
:1057C0000E780391002E2CD0012E00D140E103234E
:1057D000039A1370C44B019A1B8813800025C04B99
:1057E00001221E88C14B5D572300701929331B7895
:1057F000290080B206F0C4FDBD4B0700984200D0DE
:1058000038E1FDF7F5FC00271BE001235B42CBE705
:10581000012301215B421D000591C9E701256D426D
:10582000C6E7B14902980880002B00DA10E19FB268
:105830003100380006F06AFD002800D108E1039B22
:105840001E70019B1F80237B1A1D5B00E752A94B32
:1058500052001D68A84BA7521B78EF83002B00D184
:1058600074E1AB1CDB7F002B00D12EE1102238014C
:1058700008A9FEF7CFFF089B0193013B033300D932
:1058800020E1152008AB1B22C018002115F0BAF941
:10589000019B0C930E93099B0293029A974B9A4299
:1058A00001D9974B0293029B0F24109308AB9B7A6C
:1058B00008A91A001B0922400A750B770CA8097A5F
:1058C00006F082FD08AB597A0EA806F07DFD08AB04
:1058D000DB7A1C400394022C01D900220392039925
:1058E0000CAA11761E092F2B00D90026D67508ABFD
:1058F0009B7B0493172B01D904230493049B0CAACC
:10590000049993757F4B4900CB5A012107939382E9
:1059100008AB1B7BFF2B00D0BBE051760691039BAD
:10592000012B00D1C5E0022B00D1C7E008AB5B7BA7
:10593000FF2B06D01B075B0F042B00D900230CAAFA
:10594000937748226549704C0B7B20005343C9185C
:10595000883115F086FA0CAA11002300E78381C96B
:1059600081C39C46180088C988C063460299039881
:10597000A1610799A1830499D977210034310E7070
:10598000611CC8772100507E293108702000917E6B
:105990002B3001702000D77E2D3007702000177F3C
:1059A000333007702000069F28300770907F220058
:1059B000002901D01A002300226101226361534BA8
:1059C00021001A702B002F003231087034331C78FC
:1059D0002D373A78A64201D1002A16D01E70002336
:1059E0003B70A64202D0300006F03EFF0020012EA0
:1059F00003D13878002800D0032013F0EDFCA64234
:105A000003D00122424B52421A803020FDF7F4FFAE
:105A1000404A414B104018800198FEF7D5FEFFF731
:105A200093FD0400FDF7CAFB2000FDF7F5FB3B4B9F
:105A3000002877D001221A70284B0221187B07F02A
:105A4000D1FD01200CF0A8F90122354B1A7086E037
:105A5000230029331A78002D00DAB8E6AFB200210E
:105A6000380006F053FC002800D1B0E601221D4B9F
:105A70001A70E6E6002D05DD864200D8E1E6FDF766
:105A8000B7FBDEE6002D00D1DBE6864200D3D8E688
:105A9000F5E718000840907658080840D076D806F8
:105AA000400F507658099B0908400B401077069329
:105AB00035E7019B029A9B180E9337E7019B029AE8
:105AC0009B1AF9E70022114B1A700022134B1A702F
:105AD000029BBB4243D0AFE7B51F00208C1F0020C4
:105AE000440800208904002080040020241F002096
:105AF000FFFF00006C1E002003000020FFE0F50502
:105B000040420F0094CD0108380400208C0400208E
:105B100004000020FFFDFFFF8A0400208D04002008
:105B20006C1F00201870019B0F4A2B6012780F4BDE
:105B3000002A01D09B68AB6001220D4B1A800D4BEF
:105B40001A700598FDF7B4FB15B0F0BD029BBB427F
:105B500000D071E7084B1B78002B00D06CE70922BE
:105B6000034B1A80EDE7C046630400203804002090
:105B7000460800206C1F00208D040020F0B585B081
:105B8000041E039107D0324A324BD17F1970002393
:105B9000D377314A137006F049FD06F0DFF92F4B39
:105BA00001932F4B0293002812D0A02380220025BE
:105BB000DB0552009A622B4B1D702B4B1D70019B15
:105BC0001D70029B1D7006F0D5F928000BF086FFB2
:105BD0000022264B1E68264BF78B1F80254B1A7020
:105BE000254B039A1A70FDF777FCFDF701FB802324
:105BF000224DDB009F4221D2214B187806F040FB5A
:105C0000002804D1013006F053FB08F0DDFC002C25
:105C100003D0F38B1B4A2B601360FFF7B3FD1A4BC5
:105C20002A681A603222194B1A800023184A13700E
:105C3000019A1370029A137005B0F0BD002C03D0C6
:105C40003368104A2B601360FFF7C4FCE7E7C046D7
:105C5000921F002088040020BF070020EA1E0020B9
:105C6000EB1E0020741E0020480800206C1E00203F
:105C70004408002089040020241F0020C4070020BD
:105C8000B51F002084040020C00700204608002023
:105C90005B000020010010B50020FFF76FFF074BED
:105CA0001B680233DA7F1423002A00D0133B044A16
:105CB00013800022034B1A7010BDC0466C1E0020DA
:105CC000460800205B0000200A4B10B51A68002A25
:105CD00001D1094A1A601868084A4118914206D948
:105CE00014F066FF0C2303600120404210BD1960D0
:105CF000FCE7C04650080020A032002000400020F1
:105D000070B506000D001400FEF74AFE2A4B1B7802
:105D1000002B1DD129490B78002B19D00122284BCB
:105D20001A70122E13D1002C11D1002D0FD0254B3B
:105D30001A70254B254A1C701378002B01D10B706B
:105D400005E02D21013BDBB21370214AD15470BD17
:105D5000112E1DD0122E13D000230A2E1FD0AC42BC
:105D6000F5D101201B4A174912780870002A1DD06E
:105D7000182B1BD8184ADA40024217D00223DEE75C
:105D8000164B002C02D048331B78E8E74733FBE77B
:105D9000124B002C01D04A33F6E74933F4E79C421A
:105DA000DDD024220D4BFF329B5CD8E70C4A9B00D0
:105DB0009B589847CBE7C046431F0020221F002076
:105DC000ED1E00205D1F00205F0000203E08002027
:105DD0002F0800205E1F00202CDCF2018C1F002009
:105DE00014CE01080E4910B50A780E4B002A0AD1CC
:105DF0000833D87F0C4A10703D22DA7701230B70EC
:105E0000FEF7B4FF10BD2621084AFF31595C127815
:105E10000833914202D10022DA77F1E73D22FBE715
:105E2000230800208C1F002022080020E4180020F6
:105E3000BFF34F8F034B044ADA60BFF34F8FC04666
:105E4000FDE7C04600ED00E00400FA05F7B50600E6
:105E5000FDF756F9494B1C68002C0AD0484B1B78BB
:105E6000002B06D1B01E434258412100800012F0A1
:105E700045F8E122434B444F52011A803B78002BF6
:105E800001D010F01BF9A0238022DB0552009A619B
:105E90003E4BFF3A1A703E4B1B789B0701D5FEF72D
:105EA00065FF00223B4B3C4D9A563C4B0193002A28
:105EB0001CD16B1DDB7F002B42D13434FEF7C6FBB7
:105EC000207806F0D1FC30000BF008FE022E02D044
:105ED0003B78002B4DD0324B1B78012B02D0002099
:105EE0000FF0FCFC0123019A1370F7BD2835FDF774
:105EF0007FF92B78502B1FD92A4A1178002909D114
:105F0000503B1900FA235B004B4327499BB20B809F
:105F1000012313700022254B1A70254A254B116866
:105F200019608021E38BC9008B4200D32368136082
:105F30000122214B1A70C0E700221B4B1A80E9E7AF
:105F40000635E97F4B424B413C205B42FF3003402A
:105F50001A48693303801A4B1A70002902D10122B2
:105F6000184B1A700022184B1A700123019A1370F3
:105F7000A3E70122154B1A70B4E7C0466C1E00203F
:105F8000D91A0020661F00205E1F0020741E00200A
:105F9000C8070020241F00208C1F0020711F002034
:105FA000431F0020EB1E0020460800205B0000205D
:105FB000C4070020C0070020BF070020D80700202A
:105FC0005A000020EC1E00203F0800206C1F00201B
:105FD00010B5174B1B78022B08D006F027FB0120C9
:105FE0000BF0DAFE0220FFF731FF10BD0022114B4B
:105FF0001A70114B1B785BB2934208D0FA210F4BF9
:10600000490019800E4B1A700E4B01321A70012094
:106010000BF0C2FE0C4B0D4C1B78002B04D010F083
:1060200039FB03232370E0E7094B1B78FAE7C046EE
:106030006A1F002048080020241F00204608002076
:106040005B000020EB1E00205E1F00205F00002090
:10605000431F00201E4B10B51B78D8B2002B09D16E
:106060001C4B1B78002B04D00BF038FD01221A4B7F
:106070001A7010BD194B1A78194B1B7813435942EB
:106080004B411849DBB20978C8B2002905D0012A72
:1060900003D10021144B1970030014490978002919
:1060A00012D01349097801290ED1023A012A0BD8DE
:1060B0000022104B1A70104B04201B78002B00D0CC
:1060C0000238FFF7C3FED4E7002BF4D1D1E7C04676
:1060D000DA0700206A1F00206C1F0020D70700206D
:1060E000241F0020D6070020D5070020D407002059
:1060F000D3070020D20700204808002010B51A4915
:106100001A4B08781A781A4B00280FD0032A0FD0A0
:10611000184A1278D0B2002A00D108701B88164A9B
:106120009B18062B1DD9FFF72DFB12E0032AF5D192
:106130001B88114A9B18062B03D9104B1B78002B88
:10614000F1D10F4B04201B78002B00D00238FFF751
:106150007DFE00230B4A13700B4A13700B4A137019
:1061600010BDFFF737FAF4E78D0400206A1F002006
:1061700044080020DA07002000FCFFFFD7070020BA
:1061800048080020EB1E0020EA1E00205B000020D3
:10619000F7B5814C0E00657B002902D001227F4BB0
:1061A0001A70237F002B04D0022802D0FEF7F8FBE0
:1061B000F7BD7B4B1B78012B03D1784B02221A7061
:1061C000F6E7122800D90EE2FCF7AAFB130016002E
:1061D0008D0093009900A500DC00DF009B01AA015F
:1061E0000D02C401C4010D020D020D020D02E901F0
:1061F000E901FEF793FADBE76A4B6B491A68D38B28
:106200005B18062B43D9FEF7CBFB231DDB7F002B4E
:10621000D3D0664B1B78002BCFD1654B1B785BB27C
:10622000002B0BD0634B1B78032BC1D1624B1B7827
:10623000002BBDD0614B1B88002BB9D08023627B23
:10624000DB005100605A9842B2D248235343E3180E
:106250001A008020B8321288C000121892B2A633F9
:1062600062521A8006F0E2F9554B1C68200006F0D5
:10627000CFF9200006F0B8F801200BF08DFD0123C6
:10628000504A1380504A1370504A137090E7138E8F
:10629000062B07D111694E480E68864202D84D4B35
:1062A0000B6085E701339BB21386042B17D14A4B51
:1062B0001B78002B01D105331386138E8022D20068
:1062C0009B1801229BB26D0063536519AB803E4B56
:1062D0001A70424B92181A70414B00226FE7062B3E
:1062E000EBD90023E8E701223C4B1A70FDF730F8A8
:1062F0005EE70122394B1A70FDF7F4FA58E7FEF712
:106300004FFB00200634374BE27FE0771A700CF029
:10631000ABFC334B52E7002E04D113F06BF8304B3B
:106320001E7045E705F0FEFB051E00D040E71D4B43
:106330001C688023E08BDB00984202D3FCF7C6FF89
:1063400036E705F015FF037801007F2B0AD97F227D
:1063500013400370E08B05F0FBFE01221F4B1A7007
:10636000214B2CE722002E3213780133DBB2192B9C
:1063700000D92B001370012321001A00E08B12F0CA
:10638000E9F9EAE7FCF7B4FD12E7184D2B78002B8A
:106390002ED011F033F90BE78C1F00205D1F002079
:1063A000431F0020601F002000FCFFFF3E1F002055
:1063B000241F00206A1F0020EA1E0020460800203B
:1063C0006C1E00204A080020B00700206C1F00202F
:1063D000FFE0F50500E1F505340400201F0800206A
:1063E0005F00002033040020AF070020071F0020BB
:1063F000621DD27F804B1A70A21D804BD27F1A7013
:106400007F4B1A78002A01D101321A7000237D4A8D
:10641000A38413707C4A137006F008F97B4A7C4F02
:106420001378002B04D17B4B39781970012313703A
:106430000126794B30001E700BF0AEFC77480378D4
:106440000193002B07D1220041321178744B067062
:106450001970019B1370FEF73EF8012302203B7078
:10646000FFF7F4FC00226F4B1A706F4B1A702C234D
:10647000FF33E35C5A1F5F2A00D914236B4A137061
:10648000C8226B4B92001A8001226A4B1A700023BB
:10649000694A1370694A1370694A1370694A137024
:1064A000694A137011F07CF8684B694A1888032315
:1064B00043431188994200D01380012011F008F85D
:1064C0000122644B2A701A7000217F32624814F056
:1064D00099FB80220021614814F094FB8022002166
:1064E0005F4814F08FFB002180225E4814F08AFB85
:1064F00000225D4B1A7010F093FA022005F022FB87
:1065000056E6002E02D1FFF76DFC51E60121574BF4
:106510001B682B331A784A401A70554B198047E68E
:10652000002E02D1FEF772FC42E6260000224E3613
:106530001100308805F0EAFE002800D138E63288E4
:106540002B1D5B006D00E25262530122494B1A7011
:10655000494B33E6494B1B785BB2002B0BD00B2821
:1065600006D10A3805F0A4FE08F02EF83E4BB4E63A
:1065700001204042F6E7424AE37D11780A2900D122
:1065800013700B2807D1082B01D80133E3750122C2
:10659000394B1A70EAE7002BF9D0013BF6E7334B91
:1065A000384D196800230C000834E27FEE5C9642F7
:1065B00003D00133182BF9D10023122803D1172B54
:1065C000D4D0012202E0FF22002BCFD0D218D2B2C9
:1065D000AB5C2D4AE377CB8B9B18062BD7D80122D7
:1065E000234B1A80D3E7FEF7DBF9002E00D1DFE55D
:1065F0000122264BE3E5C04632040020310400208E
:10660000300400203F0800205A0000202F04002002
:10661000480800202E040020EC1E00202D0400203D
:106620002C0400202B040020DA03002001000020AD
:106630000C0000200000002033060020320600205D
:1066400034060020D9030020D80300201A000020BF
:106650001000002036060020611C0020E11C0020F4
:10666000611D0020E11D0020D5080020601F0020D2
:106670004A080020B00700201F080020241F002027
:10668000020000208DCB010800FCFFFF5D1F0020F1
:1066900010B514220021024814F0B4FA10BDC0460F
:1066A000461F002070B5414B04001B78A0B0002BA2
:1066B00040D005F053FC051E0BD103200FF00EF95E
:1066C0003B4B1D703B4B1B785EB2002B03D00FF091
:1066D000DDFD20B070BD384A384B394D002C25D037
:1066E0000121684611708022FE311E7014F08AFA72
:1066F0003300802269463348FEF752FD6022FF21B5
:10670000314814F07FFAAB7D304A9B075B0F9D5AEE
:106710002F4B07201D800FF097FC2E4B000918808F
:106720002200012128000FF079FDD2E714701C70BF
:10673000AD8AEDE705F0F6F9041ECAD11C4B1870BE
:10674000254B1870FFF7A4FF05F070FF2000002410
:106750000FF0C4F8214B1C57002C16D08022204B80
:10676000D2001B88934202D3FDF75AF8B1E701200B
:1067700005F09EFD07F028FF07F0B4FB2000FFF7AF
:1067800089FA0122174B1A70A3E7174B1B685A1E90
:106790009341164A0133137007F0A4FB012108004E
:1067A000FFF7ECF9124B1C70EBE7C0465E1F0020B0
:1067B00048080020231F0020DA1E0020D61E0020DB
:1067C0008C1F002028A00000761E0020FCCF0108AE
:1067D000701E0020721E00205B1F0020241F00205E
:1067E00044080020711F002040080020C41F002022
:1067F0003F08002010B50120FFF754FF10BD000036
:106800000F2210B50021044814F0FCF90022034BBC
:106810001A70034B1A7010BD2F0800203E0800208C
:10682000221F0020114B70B51B78002B03D1104B99
:106830001B78002B07D0FFF7E3FF00220D4B1A70E7
:106840000D4B01321A700D4B0D4C1B780D4D002B6A
:1068500003D123782A78134307D0FEF7A1F8002349
:1068600001222B702370044B1A7070BD221F002070
:106870003E0800205F0000206C1F0020D50800208B
:10688000641F00205F1F002010B51D4B1B78002BDC
:1068900003D11C4B1B78012B07D1002921D10028E3
:1068A0001FD00222184B1A701BE0002915D10028B6
:1068B00018D1164A1278002A01D1002B01D0032BDF
:1068C0000FD10123124A11784B40137002D01022CD
:1068D000104B1A70104B0122E5E7002801D0FCF79D
:1068E0001FFD10BD084A032B02D001231370F8E7E7
:1068F0000A4B1B78002BF8D002231370084BEAE7F1
:106900005F1F0020431F00205D1F00205E1F00202E
:10691000D5080020641F0020711F0020231F0020C5
:10692000ED1E00200022404B70B51A70904203D03B
:106930003E4B1B78934212D03D4B1B78012B0DD15F
:106940000024FCF7C7FE3B4B20001C7006F038F813
:10695000394B1B78012B01D0384B1C7070BD05F0F2
:10696000E1F8354D002807D00CF00EFA344B1B78B7
:10697000002B2ED0334B2AE0334B1B785BB2002B1D
:1069800002D0FCF74DFFF1E7304B1B78002B05D010
:106990000FF07CFC0322294B1A70E7E72B78032BBE
:1069A00014D0234A1278012A03D1294A1278002AE6
:1069B000D4D0012B02D00022204B1A702549264B3F
:1069C00009781A78002915D1002A1AD1234B0122FF
:1069D0001A700022224B1A702B78012B04D0174B0F
:1069E0001978032900D01A7001221E4B1A701E4B11
:1069F0001A70B3E7002A04D11C4A1278002AE5D0A5
:106A00001A701A780E2A01D90E221A7000261B78E5
:106A1000164A174C1749137020000E22CE5414F05A
:106A200029FAA673D2E7C0465F1F0020F91E002096
:106A30006A1F0020DE1E0020431F00205F00002090
:106A4000201F0020B4070020241F0020231F002047
:106A5000BD070020221F00203E0800204C08002017
:106A600018050020711F00206C1F00203504002035
:106A7000D02000202F080020F0B5B84F04003B784C
:106A80000D00160085B0132B07D0A34203D1002DB3
:106A900001D113233B7005B0F0BDB14A1278002A32
:106AA0000FD0002901D110280AD1FCF729FBFEF7ED
:106AB0005DF9102C05D00022AA4B3C701A70EAE751
:106AC0001C00A94F3B78132BDFD1002D00D132E100
:106AD000A64B1B78002B00D12DE1FCF711FBFEF734
:106AE00045F9102CE7D1A24B01931B78052B02D15D
:106AF00000200AF0F3FFFA229E4B92001A809E4B70
:106B000000939E4B1978002903D01E224A439C4BC8
:106B10001A70002D00D06BE19A4F3B78002B02D009
:106B200006F060FF3D70984F3B78002B03D006F0D5
:106B300093FF00233B70954F3B78002B03D006F06A
:106B400023FF00233B70924F3B78002B13D0914BD7
:106B50001A68009BD08B597B012307F055F900235D
:106B60003B7004F0DFFF002805D18B4B1A78002A18
:106B700001D101321A700022884B1B78934207D052
:106B8000874B1B78934203D1864B1A7853425A4164
:106B9000794B0093597E131E01D1002904D0019B2B
:106BA0001B78013B581E83417F480778B80700D502
:106BB00057E1002B00D18DE1102C00D053E17B4B2D
:106BC0001F78002F04D03700002D01D101271D7040
:106BD000774B02931B78002B05D0102C01D00D2C85
:106BE00001D1FDF7DDFE002F10D1019B1B78012B99
:106BF00000D014E26F4B1F780193002F00D0D0E13A
:106C0000102C00D07BE12800FFF78CFE554C20783B
:106C1000002803D004F096FF00232370664C674AD7
:106C200023780092002B09D02822654B1A800BF0A4
:106C30001DFA0123009A137000232370614C2378FE
:106C4000002B09D0002E00D062E306F005FF0023E0
:106C5000012223705C4B1A705C4B1A78002A06D014
:106C600000221A70964200D056E306F08DFE584B73
:106C70001A78002A06D000221A70964200D04FE3FC
:106C800006F0B0FE534B444F02931B88524C0193C5
:106C9000002B23D0002E01D1002D0AD009F004FAD8
:106CA000404B1B78002801D0012B02D0022B00D0D2
:106CB0003AE3384B30491A686B46497B1B79D08BD5
:106CC00007F0A2F804F02EFF3B78002803D1002B38
:106CD00001D101333B700023029A13803D783F4E6F
:106CE000002D00D12EE33E4B01931B78002B00D1E9
:106CF00024E32900002006F075FC2900012006F09D
:106D000071FC2378FF2B01D1002323700123337002
:106D10000023019A3B70137005F088FC01200BF0F2
:106D20003BF8002333702F4B1B78002B00D10DE371
:106D3000FFF74EF90AE30D2C00D0D4E62A4B1F785A
:106D4000002F00D0CFE6294BDB7F002B00D1CAE615
:106D5000FEF70CF8034B1F709DE6C046270000208D
:106D60003A1F00205D1F002026000020DC070020C5
:106D70006A1F0020580000208C1F0020CA1F00201E
:106D8000701F0020B9070020B8070020B7070020B7
:106D9000B6070020601F00201F080020021F0020EF
:106DA000FE1E0020431F0020B5070020B40700206E
:106DB000D50800204D080020B3070020B2070020AE
:106DC000441F00202B080020711F0020B107002065
:106DD000B00700204A0800205F0000202E08002095
:106DE000AF07002048080020E3180020941F00206F
:106DF00009F05AF9BC4F102C03D1BC4B1B78DB07B0
:106E000027D53B78012B04D1132804D0153801284D
:106E100001D9FDF7ABFF0D2C1BD1002E19D0B44BBF
:106E20001B78002B07D0FFF733FC0022B14B1A7000
:106E3000B14B01321A70FFF7F5FC0122AF4B1A700B
:106E4000AF4B1B78002B01D0FFF7C2F80022AD4BEF
:106E50001A603B78012B00D08DE62822AA4B1A80BD
:106E600089E6002B36D001200D2C0AD1002D08D048
:106E7000002A06D0A54B18709F4B187004F062FED4
:106E800009E6074201D0002905D12300113B012B5F
:106E900033D90A2C0FD00F2C12D1002D00D1FAE5D6
:106EA000002E1BD1022004F04DFE0422984B1A70D4
:106EB0000122914B02E6002E1FD1002DF2D0EAE50F
:106EC000002D00D15CE2002E00D0E4E50A2C00D1B8
:106ED000E1E5E7E7092C01D90F2C0BD18D4B1B788D
:106EE000002B0AD0002D00D1D5E5002E00D0D2E530
:106EF0000220C3E7102C00D161E6874B60E6FE2339
:106F00000193112C06D02000FCF75AFA0190FF28BB
:106F100000D17BE6002D0CD1A0238022DB0552009E
:106F20009A627E4B28001D70FDF752FBFDF78EFA2A
:106F30006CE6002E00D069E6009B7E331B78002BA8
:106F400007D0A0238022DB0552009A61734BFF3AE1
:106F50001A70FDF77BFA019BFE2B06D1009B70494E
:106F60007E331878FDF7ECFF50E6009B7E331C78EB
:106F7000FDF7B8FAFDF7C4FA002C00D0032738005B
:106F8000FDF748FA67497020FDF72CF8FDF738FB4C
:106F90006548FDF759FE0198FDF778F9FDF7B8FA55
:106FA00034E6B54200D131E6032F02D0002D00D1E6
:106FB0002CE6A0238022DB0552009A620022574B68
:106FC0001A7002239F43012F01D10BF0EFFB002722
:106FD0005022019B55481F70554B1A80FDF734FE17
:106FE00001200AF0D9FE404B1B78012B01D0514BF8
:106FF0001F70009B4633187800280BD10AF06EFDF5
:1070000001234D4A102C03D0434A002E00D0FDE549
:107010001370FBE50A224243484B1A70F0E7484BD5
:10702000364A03931B780192002B1BD12E4B1F78FD
:10703000FF2F09D02300113B012B00D957E1029B00
:107040001B78002B00D052E104F06CFD002800D02A
:1070500055E1042F00D152E1320029002000FEF753
:107060004FFED3E5002E00D0D0E5002D00D1CDE5B8
:10707000102C34D00127019B1F700C2C06D80A2C31
:1070800027D867D00223019A137028E00D2CF9D17C
:10709000FDF724FF2B4B1B78012B0FD12A4B1A88AD
:1070A0002A4B9A420AD0009B0099587B031D5B0033
:1070B000CA524300CA52022106F094FA05F0B6FA09
:1070C00001200AF069FE00200EF008FC0023039A5C
:1070D0009EE71C4A13787B4013701D4B1E700122E3
:1070E000054B1A7092E5C046431F0020C8070020D8
:1070F000461F00205B1F00206C1F00205D1F00202A
:107100004808002040080020441F0020FE1E0020E8
:107110006D1F00203E1F0020ED1E0020741E002069
:10712000D6060000C3C3000050C30000881300004F
:10713000E21E00205F000020B4070020BD070020F1
:10714000371F0020AE07002024000020FFFF0000B2
:10715000AD0700208D4C8E4A8E49200005F02CFA98
:1071600023002D331F702300200029331F7005F0EA
:107170003BF9894B38001C60884B1C60884B1C60B5
:107180000AF00AFEFDF7EEF9FDF7A8FE854B1B7825
:10719000002B00D09FE0844F46220021380013F0DE
:1071A00031FD824C824B834A83492380537BA180EB
:1071B0000221A171463159435318180088300091BB
:1071C00001884088218160811800A03001884088B2
:1071D000A181E08118008D300078B621207418005C
:1071E000953000788C46607418008C3000789C4490
:1071F000A0741800943000786146E0741800BC3028
:10720000007820751800A830007860751800B0303C
:107210000078A0751800BB300078E0751800B13018
:10722000007820761800B53000780978607618006C
:10723000B3300078A0761800BA300078E0761800F5
:10724000AF30007860771800B4300078A07718006D
:10725000B8300088E077601CC17718008021BD300D
:10726000A63300781B88F877C90054488B422BD28C
:10727000190006F091F9422138000EF089FD062729
:10728000A31DD8874E4B20200834E3870FF0B2FBB4
:107290004C4C277007F0BCFAFDF7DCFB05F0F0F969
:1072A00010F02EFF88213620FCF79CFE00210120E3
:1072B000FDF72AF805F0BAF901200AF06DFD012367
:1072C0002370414B1F700AE70099BE3189181022C4
:1072D00013F0C7FDCFE702223A4B1A703B4B033A3B
:1072E0001A8000223A4B1A70FDF70AFEF7E6394B76
:1072F000BF00320029002000FB58984786E4002E8A
:1073000000D083E4002D00D180E40223019A7FE6BF
:107310000122314B1A709AE40122304B1A70A6E414
:1073200001222F4B1A70ADE401222E4B1A702378E4
:10733000FF2B00D0CFE400232370CCE41D4B2900A9
:10734000587BDCE43378002B00D0E5E4009B1B780D
:10735000002B07D00023009A13702822224B1A809A
:1073600008F0B0FE214D2B78002B03D00BF0DCFB96
:1073700000232B7020780EF0B1FAFF23237097E5DD
:107380000A2C01D0FFF787FB8CE5C0461C070020C4
:1073900090FE9602050400006C1E0020601F002075
:1073A000681E0020AE07002066070020640700204A
:1073B000CDABFFFF8C1F0020A5BEFFFF860700207E
:1073C000BADCFFFFAD0700205D1F00202400002075
:1073D000AC070020C4CD0108B8070020B707002083
:1073E000B9070020B6070020441F00204C080020E9
:1073F00000221020110010B5FFF73EFB0022064BC3
:107400001A70064B1B78132B02D0054B01321A70F1
:10741000FDF7F4FB10BDC046201F002060000020D7
:10742000ED1E0020F0B51D4B9BB000931B78052B83
:1074300044D11B4B1B78002B40D01A4B02931B7876
:107440000193002B00D1DEE1174C25782800E130B4
:10745000FF3000030135FDF7F9FDEBB22370072B78
:1074600004D90023029A137010F040FC0F4B1B78D4
:10747000052B02D101220E4B1A700E490E4A0B78D1
:10748000002B00D0E7E2009913780978012900D099
:10749000E8E21378002B00D0EBE21FE36A1F002024
:1074A000E51E0020D91A0020D71A0020431F002013
:1074B0006C1F00201A070020071F002004F032FB79
:1074C0000028BAD10C20FCF797FA01231842B4D057
:1074D00000210220FCF786FD0220FCF78DFA08232C
:1074E00007043F0E04001F4227D00B20FCF784FA4C
:1074F0000005000FFBF764FF0600FF281DD0009B6E
:107500001B78012B19D0C44B1B78002B15D0C34D11
:107510002800FBF7DFF90200132804D12800C04936
:1075200013F078FC12220023AE54AD180C226B70BD
:10753000BC4B1A70BC4B0B3A1A707B0702D5012268
:10754000BA4B1A7001231F4209D00122B84B0C20FC
:107550001A70FCF751FAB74B800BC0B21870BB071A
:1075600002D50022B24B1A70E5B2630602D50122A1
:10757000B14B1A70240602D50022AF4B1A70EB06ED
:107580002BD50122AD4B1A70AD4B09321A80AD4B91
:107590009A7F002A21D0009A1278052A08D1AA4A97
:1075A0001178002904D11420A84A1080A84A11702B
:1075B0000533DB7F002B10D0A64AA74B117800299A
:1075C00002D11988132908D81421198000231370B7
:1075D000A24A13700122A24B1A70AB0604D50022F6
:1075E000964B1A70964B1A806B0709D501229D4B5A
:1075F00010001A7006F0C6FFE1229B4B52011A8060
:1076000008231D4204D00020964B187006F0BAFFE4
:1076100020233A001A4001921F420DD0934B1B7851
:10762000032B09D1924B1B78002B05D1914B1B7872
:10763000042B01D0FCF71AFCFB063CD58D4B1C78C3
:10764000042C38D18C4B1B78012B34D18B4B1B78FD
:10765000002B30D18A4E5F203378013CDAB20133FF
:10766000DBB233700292FCF7C7F9029B854D5B00D9
:10767000E852002CEED13378232B1CD901226A4B1F
:107680000B2034701A70FCF7B7F90600FDF738FCD0
:10769000F60609D42A887C4B9A4205D12B00083380
:1076A000DA8F7A4B9A4274D0FDF718FCFDF728FC6C
:1076B000774810F067F930231F4200D102E76C4B86
:1076C0001B78002B00D1FDE6724B1B78012B00D0FC
:1076D000F8E6714F3B78022B02D0052B00D0F1E683
:1076E000019B0425664C002B02D023782035ED1A2F
:1076F0000026AE4271D1237801234B4E337023789C
:10770000232B00D8DEE6237800230B202370FCF720
:1077100073F90400FDF7F4FB250010231D401C4203
:107720006AD1584C584B22889A4265D123000833BD
:10773000DA8F564B9A425FD120200FF05BF9A31DE0
:10774000DB8F4221554801930EF022FB019B8342BF
:1077500052D1E388A2881B041343514A1B021B0A1F
:10776000934249D100222800110004F0CFFD01907E
:10777000002801D101F034FA80230135ADB2DB00DD
:107780009D42EFD104233B70033B3370FDF7A6FB12
:1077900098E622200FF02EF9422140480EF0F8FA28
:1077A000AB1DDB8F834200D082E76D880EF0F2FFC5
:1077B000838806219C46A3B29C4500D878E70B003D
:1077C00063430268D618D35AAB4204D87388AB42DD
:1077D00001D901F0A3FA0134EDE75F20FCF70CF9C1
:1077E0002378232B06D823785A1CD2B22270254A3C
:1077F0005B00985201367CE705233B70043B3370F5
:10780000FDF7B4FA5EE6274B1B78002B00D134E677
:10781000082777E0244C82E010070020461F002054
:10782000471F00205B1F00206C1F0020CD07002099
:10783000D4070020D3070020D6070020DF1E002039
:10784000E01E00208C1F0020E51E0020381F0020B5
:10785000E61E00205A000020D80700203F08002024
:10786000711F0020DA070020661F0020CD1F0020B6
:10787000371F0020431F0020641E00201107002036
:10788000AC07002064070020CDAB0000BADC00008C
:107890000E070020AE070020AD070020660700207D
:1078A000A5BE02000A070020FF030000280010F018
:1078B00051F9002822D00821C24A2B7B12780B42B2
:1078C00069D0002A1AD1C04B1B88DA060DD180225C
:1078D000D200934209D25809BC4A41008C5201227D
:1078E0008240BB49086802430A60BA490A88002AF4
:1078F0006CD0013A0A80B44A01331380013FFFB2D1
:10790000002F20D08022B44ED200338893421AD266
:10791000B24A1488002C00D17CE7013CA4B20133A8
:107920003380F0231B0208ADE018148040012022B0
:107930002900FCF76FFF280010F032F90028B5D0BD
:107940008023DB0033808022A34BD2001988A44B14
:10795000914202D2019A002A62D000221A70A14BF1
:1079600001321A70A04B1B78002B4BD09F4B18781C
:10797000002800D07AE59C4B1A78002A00D175E5E2
:107980009B4B1B88062A55D99A4A1188994200D1E7
:107990006CE513806AE5012A13D19A43002AADD021
:1079A000954B6A681B68013B9B1A802292009342A8
:1079B00089D300228A4B01901A708A4B01321A70C7
:1079C000C1E7022AECD1013A1A40E7E78649087874
:1079D0008C4606280ED8894A0101891808AA70CA5F
:1079E00070C10D001188013029809278AA7062461A
:1079F000107080E701217D4B1970794B1A70794B1B
:107A00001970A0E7734B1B88002BAFD0784A108801
:107A10008342ABD20138C01A80B210F015FD25E5C3
:107A20001B78002B00D021E56E4B1B78002B00D17A
:107A30001CE59BE70721891A89B2994207D2073BC7
:107A4000D21890B26B4B188010F086FC0EE5002B1C
:107A500000D10BE5F6E7013BDBB20B70002B00D049
:107A600017E510E566490978002900D011E5002BDB
:107A700021D0644E644B31781A78022900D003E299
:107A8000002A00D1F8E1614D2968002905D060483D
:107A90000068091A002900DD54E15E4C20780138A5
:107AA000052800D9E6E1FAF73BFF63006500AF0166
:107AB000CB01CB01CE01584B1B785BB2002B0DD113
:107AC00004F030F8002809D1544B1B78002B05D165
:107AD000534C2388002B16D0013B2380514B1B783D
:107AE000002B00D12EE1504B1A88012311001940C0
:107AF0001A4200D026E14D4B1B78012B00D1B7E391
:107B00004B4B19701EE14B4B4B48197810F076F92E
:107B1000029B197810F072F9484B197810F06EF941
:107B2000354B196810F06AF9454B197810F066F971
:107B3000444B196810F062F9434B198810F05EF954
:107B4000424B19880131490810F058F9404B197817
:107B500010F054F93F4B197810F050F93E4E0500E3
:107B600033688342BAD010F011FBC8233560B4E704
:107B700002232370394B1B68002B00D07EE00020CD
:107B8000374B384E1B7805960293374B374E1B7890
:107B900003960493364B1B780193364B19780300F8
:107BA000029FCEB2BE4200D28BE0002804D000215A
:107BB000314A1170294A1160002B00D107E12D4B89
:107BC0001E7004E1DC1A0020040700204806002093
:107BD00044060020020700200607002008070020B6
:107BE0000A07002088060020000700208C060020DD
:107BF0008A060020DE1A0020C81A00209006002005
:107C0000DC07002036060020350600200C06002088
:107C1000081F002008060020241F0020231F00202A
:107C20001807002012070020FC1E00206A1F0020F9
:107C3000AA0500201E1F0020C59D1C81D41A00200B
:107C4000400600203C060020380600201C1F0020B3
:107C5000DB1A0020DA1A0020140700200406002096
:107C6000AB050020AF050020AE050020E4CB0108E5
:107C7000AD050020AC05002000060020BE490978B3
:107C80005B5C002B00D17AE7BB4BBC4A1B781268C7
:107C9000D35C2E2B00D0ABE0B94B01201988FDF747
:107CA0004FF9B84B1C68B84B18880A21FAF742FE06
:107CB00080B2001928600322B44B1A700EF0B0FE97
:107CC000DCE0059B5B5C1F00613F192F13D8203B54
:107CD000DBB200200090039F0098BC46C0003F5CD0
:107CE00084449F425DD163465B68002B5FD11000E6
:107CF0001300013154E7202BEBD1049B002BF7D06C
:107D0000019B002BF4D1029F4B1CBB42F0DA0028F0
:107D100004D0994B019A1A70984B1A6001229C4B1F
:107D20000A211A7005232370964B01361C68994B63
:107D30001888994B1B88C01AFAF786FE974B0019D2
:107D400028601E70964A974B1478009225006A1E90
:107D5000954101931B78EDB2002B02D000220199CE
:107D60000A70914A1278002A00D15FE3002B04D1F7
:107D7000002C01D0009A137000258C4B1B78032B2C
:107D800000D02AE38A4A13780133DBB2072B00D8EC
:107D90002CE300201070FCF771FE002D00D15BE396
:107DA0004BE3009801300090362894D19FE7187873
:107DB00000289CD00022704901360A706F490B6080
:107DC0000121764B1E707B4B1970714B1A706B4BF7
:107DD0001868002806D0FAF77DFD674B1B788342B0
:107DE00000D251E706232370664B1C686A4B1CE0E7
:107DF0002D2B00D05FE7624B01201988FDF7A0F81A
:107E0000604B1C686C4B4FE7FCF77AFB5A4A1378BF
:107E10000133DBB21370594A1268D25C594B002A05
:107E20000BD0022222701C68644B18880A21FAF7D2
:107E300081FD80B20019286084E704222270D4E713
:107E4000022323707EE70027277001241F702F6014
:107E50003470FCF771FB0220FDF7F8FF584B380037
:107E60001F70584B1F7004F0ABFD04F0DFFB4D4B4F
:107E70001C7023E70023E4E70EF0F4FE524B1B785E
:107E8000002B00D05EE729E6002A2AD04F4B1A7853
:107E9000002A04D1012202201A70FDF7D7FFFCF757
:107EA000CDFB4B4A4B4B12684B49128E9B560A78BE
:107EB000002A1CD0494B1A78501C1870312A02D95C
:107EC00000220A701A70464A1378002BD6D0FF2B76
:107ED00000D0A5E100231370424A1370424A137088
:107EE000ECE60EF0BFFE3378022BC7D0CEE7440895
:107EF000A03BE4183D4A3E4B1178009300201B5EE6
:107F00003C48A5B2019024B2002906D1007800288F
:107F100003D19C4209DA009B1C80009B00201B5E61
:107F2000603308DB61235B4203E0180001336130FA
:107F3000F3DA00980380009B00201B5E180072306B
:107F400016DB0A331BB22C489C425BDB2B4B1C809C
:107F50000378FF2B01D0013303700026284B1E70DD
:107F6000B1425CD10378B34259D00123137056E07B
:107F700069235B42E7E7C0460006002004060020B4
:107F80000C000020081F00201A0000200806002016
:107F9000AD0500201400002012000020AC050020D8
:107FA000711F00206C1F0020DC070020DD0700206F
:107FB000DB070020AE050020100000200E0000208E
:107FC000BE070020BD070020071F00204808002032
:107FD0006C1E00201C00002031060020300600200E
:107FE0003406002033060020320600202F06002031
:107FF000180000202E060020260600201600002073
:10800000250600208A4E3378FF2B01D001333370D0
:1080100000230370994202D031789942A6D1177893
:10802000844E854A33780292002F41D0002B0DD127
:10803000824A1378FF2B0FD10123002233707F4B2C
:108040001A700EF0EDFC3378002B0AD0029B1888D2
:10805000042844D8012047E00133DBB21370032B1E
:10806000EAD8774D2C88002C02D120000FF086F939
:10807000012301341C402C80029B01201B88042B0F
:1080800004D90A21581DFAF7DFFC80B207244443C3
:10809000019BA4B21B78002F5FD06A4D002B49D002
:1080A0002B88694A934200D90DE701332B800AE7F8
:1080B000664A002B0FD01378FF2B06D100235F4AAE
:1080C00033701370614A1370BBE70133DBB2137076
:1080D000072BBBD9F2E7594B17701F70C1E70A2174
:1080E0000530FAF7B1FC80B20121002F05D140180C
:1080F00080B24918032800D94108514A13888B429D
:1081000015D300231380783406DB78352B1CEDB2B1
:10811000402D00D94023DBB24020002F04D1181C91
:10812000142B00D91420C0B20FF028F9A4E70133B2
:108130001380A1E7464E474F3378022B05D13B8889
:10814000A34202D344480FF0EDF80123019A3370A3
:10815000137000222A803A80B5E63D4D002B36D0C0
:10816000384C2388002B28D0012B23D03B4E31786C
:1081700009290AD84000834280414A1C384B4042BA
:10818000D2B22D30585432709F54364B009A1B880F
:10819000128835499B1A1A1C1BB2282B00DD282295
:1081A000130400D500220B889B18304A0B801378EB
:1081B0000133137020200FF0E1F80023019A23808F
:1081C00013700122234B1A8002232B707BE62B783D
:1081D000022B00D077E61F4E1B4A3388934201D80A
:1081E000013333801D4F3B78002B09D003254543D5
:1081F0003388ADB2AB4203D300200FF0D9F83580FD
:108200003388A34200D25EE63B78002B04D00120E5
:108210000FF0CEF8348056E60F480FF083F8F9E7F8
:108220000133DBB213704F2B00D827E652E6C0466D
:1082300025060020240600201A0000202306002026
:10824000200600202C060020FDFF00002206002052
:108250002A06002028060020A1C3010827060020C6
:108260001406002016000020120600201006002030
:10827000FCF74CFB002808D1C34B9B7F002B04D19B
:10828000C24B1B78002B00D15CE5C149C14F0B7874
:10829000002B0ED13A00C8202B33013BDBB21080FB
:1082A0000232002BF9D1BC4A1370BC4B1880012359
:1082B0000B70BB4AB84D13782C786600062B00D89B
:1082C00086E06420FBF798FBB853F35B002B01D1E9
:1082D000C833F3532B21601CFAF7B2FBB14B0E00ED
:1082E0001B782970002B04D0AF4B1B78002B00D1DA
:1082F00028E5AE4AAE4B10781B78184300D021E534
:10830000AC4B1870AC4B187006F03CF903229E4B36
:1083100000929B8C002B01D105330093009B80229F
:10832000DD01A64B0021ED18280012F06BFC388807
:10833000012203005100795A041C884200D90C1C08
:10834000A0B20C1C994200D21C1C0132A3B22B2AF1
:10835000F0D1924A1488A0423DD2611E241AE41042
:108360000C1BA4B21480002201929C4202D21B1B5F
:108370009BB2019333002B330293019A4023312A9D
:108380001BD92B213000FAF745FC824F4900CB5B0B
:1083900000209C4201D21B1B98B207270199784309
:1083A000FAF7C8FAC2B24023002A06D0BF331840F9
:1083B000381A803B83407F2213402B706B70029BE6
:1083C00001360335B342D8D10098FCF748FBB9E435
:1083D0000133137079E70234C3E7022B00D0DCE4E9
:1083E000774A13780133DBB20F2B01D81370D4E432
:1083F0000023744C1370267820007F227F3472494A
:1084000012F008FD26706D4C704E2000611C7F221A
:10841000277812F0FFFC230080347F331F70A642C0
:10842000F3D1FCF725FBFCF715FBB6E4002B00D1DC
:10843000B3E40DF045FA002C08D00023009A137025
:10844000634B1B78002B07D109F0A4F9604B187817
:10845000002801D10FF0AEF95E4C2378002B04D038
:108460005D480FF05FFC002323705C4D2B78002BE0
:1084700004D05B4B1B78002B00D084E3594B1B7856
:10848000022B49D1584B1B881B0705D18023574A23
:108490009B0151694B405361554A1388002B01D011
:1084A000013B1380534A1388002B01D0013B1380FA
:1084B000514B1E78012E11D1504B1C78002C0DD041
:1084C000013CE4B21C70002C08D1FBF7EFF820004F
:1084D00009F004FB009B1E70019B1E702B78002B83
:1084E0000DD0474A1388002B09D0013B9BB2138063
:1084F000002B04D10EF0CEF803200DF0EFF903F0BD
:1085000011FB002800D1ADE03E4E3378002B00D1A6
:108510007EE0013B3370A5E0032BBDD1324B3A4ADC
:1085200019881088091A692906DD00201B88374937
:10853000013308701380AFE719888842ACD18024DA
:1085400032492A4E0878A401002803D1B4621B885E
:108550000F3316E077697C407461112808D91B88B5
:108560006933138000230B700B7801330B7093E792
:108570000B28ECD8A8242401C440E407E7D51B88C5
:108580002D331380F0E7C0468C1F0020EF1E002023
:10859000AA05002054050020520500200A000020F2
:1085A00051050020021F0020FE1E0020431F002056
:1085B0004D080020191F0020181F0020E11A00207C
:1085C000DB0700205508002056080020611E00200F
:1085D000DC07002050050020400500205E1F002021
:1085E000421F00203C050020FC1E00200008005017
:1085F000E21E0020E01E00206A1F0020BD070020B0
:108600002C080020380500203A05002039050020FC
:10861000CB4B1B78002B25D1CA4A029212780392C9
:10862000012A0BD0022A7DD0C74F3D78002D00D102
:108630008EE0012D00D1D2E0C44A10E1FBF7FEFF2D
:10864000FBF7FCFF0224C24B1880029B1C70C14B3D
:108650001D682800FBF7D2FE2800FCF745F8FBF761
:10866000E3FE3470BC4B1B68002B04D003F076FC97
:10867000002800D01FE10022FF21B84B1A70B84B30
:108680001970B84B1970B84B1A70B84B04931B781B
:10869000042B00D194E1B64B1D78EDB2FCF736F90E
:1086A000002800D018E2B34B1A78B34B002A00D14F
:1086B00035E2B24C0221227816008E43002800D009
:1086C0000DE2012E00D00DE219780131C9B2197006
:1086D000022900D90CE2002D07D0002A05D0002283
:1086E0001A70FEF785FE00232370FCF7E3FE0400FA
:1086F000132802D00022A24B1A70A24EA24D33784A
:108700009C4200D12BE2132B08D0132C06D09F4B98
:1087100000211A789E4B1878FEF7AEF900233470CA
:108720002B8030E2FBF78AFFFBF788FF894B0200C2
:108730001868874B1B88934204D99B1A032B01DDD1
:10874000944B18680023029A137003F0B5F989E777
:108750000D20FBF751F90400030483D40E20FBF72E
:108760004BF98D4A8D4B24041C4013680443E31AD3
:108770001460DA179B185340894A632B02DC157882
:108780000135EDB29121322089001570FBF72AFCEA
:10879000022D09D832208349FBF724FC039B002BD0
:1087A00000D05FE71523B5E67F4B804AE31893427C
:1087B00003D9200003F080F9F0E7764B65081D60CF
:1087C000644B029A1C60012328001370FBF716FE0D
:1087D0002800FBF789FFFBF727FE02239AE606AB8A
:1087E0009D1D290008A8FBF711FA041E00D139E7E6
:1087F000FBF7DAFE022C34D1089803F059FAFF286F
:1088000004D1654B1868FBF759FFCBE70222684B90
:108810003A701870674B1A70674B013A1A70009BD8
:108820001A704A4B1A78002A41D000221A70624B03
:108830001B78934200D115E75E4B03201B789A1EEC
:10884000012A02D9012B04D1042008F093FF5B4BCD
:10885000187007F037FC0123009A1370019A137007
:1088600000E7012CCDD1288803F050FAFF28C8D0AA
:108870004F4D4B4A2B784F4C834215D1217801291B
:1088800012D113780133DBB21370012B05D9022307
:108890003B70494B1970009B1970012323703B7882
:1088A0002870012BBDD8ACE700231370F5E7022038
:1088B0000DF014F8D6E606AB9D1D290008A8FBF7BD
:1088C000A5F90400022817D1089803F0F1F9FF2850
:1088D00000D1DAE6224B1A78824200D1D5E61F4A4F
:1088E00018701470FF221F4B1A7000221E4B1A7052
:1088F0000123019A1370C8E6012800D0C5E6288834
:1089000003F004FAFF2800D1BFE6164B164A197887
:10891000814211D113780133DBB21370012B00D8DF
:10892000B3E60F4B1A788A4200D1AEE619700B4AB3
:10893000019B14701C70A8E618701470A5E6C04660
:10894000061F00202F050020051F00203E1F0020CD
:108950002005002024050020400800201F050020DD
:1089600008000020070000201E050020431F0020F3
:10897000F91E0020EF1E002018050020EE1E00202A
:10898000DF20002061000020761F0020E71E00206D
:108990006000002028050020340500200000FF07AB
:1089A0003005002045020000C0E85DFE3FEA70008F
:1089B0002E0500202D0500202C050020811F002001
:1089C000C44B1B78012B48D1C34B1B780093002B61
:1089D00000D1D8E0C14A1378013BDBB21370002B01
:1089E00000D0D0E00DF0D6FEBD4FBE4B3A88BE4C55
:1089F000002A03D11A80026812882280828800210E
:108A000002921B8822880CE0019D013306350195F6
:108A1000029D9BB2AB4226D206225A430399525A78
:108A2000009906260D005E430196029EB3421CD3B8
:108A3000002901D0AC490A80002D01D0A94A138039
:108A40000222A44B00201A700EF0B4FE0CF038FF86
:108A5000049B1B78042B00D01DE69E4B1B78002B3B
:108A600000D118E68FE0009DDFE70668B446039664
:108A7000019EB444664676889642C5D9002901D045
:108A800099490A80002D01D0964A13802588974E77
:108A900040222800964975800DF098F942219548AA
:108AA0000DF076F90636F08722200DF0A3FF03F0D3
:108AB000E7FD0FF025FB88213620FBF793FA002114
:108AC0000120FBF721FC1E223B88403501333B800F
:108AD000824B25801A70B9E768426841E3E5002EB1
:108AE00000D1F1E5002D00D0EEE500221A70FCE582
:108AF000002119708A4209D17F4B01311A707F4BD6
:108B0000197010202170FDF7B7FFEEE5032A00D1A0
:108B1000E7E5002D00D0E4E501322270E5E5774C71
:108B20002278002A0DD00028DFD11A780132D2B283
:108B3000022A01D8002DD9D000221A70FEF758FC65
:108B4000D3E50028D1D019780131C9B219700229B2
:108B500000D8CAE568491A700A700121D1E72B884C
:108B600001339BB22B80022B16D1654E654D132C21
:108B70000BD12878132804D000213278FDF77CFF30
:108B80002C70002333701BB0F0BD002201212000A7
:108B90002C70FDF771FFF4E7272BF4D9132CF2D0DA
:108BA000282B09D1102CEED00121554B0A002000B2
:108BB0001970FDF761FFE6E722000B3AD2B2012AF5
:108BC00008D801214E4A11705B0703D10A0020002A
:108BD000FDF752FF2A884C4B9A42D4D929239FE5AE
:108BE0006289238908AE1204290030001A4303F079
:108BF000E3FCE389A2891B0413430E93237C06A99B
:108C00007371637C06A87373A37C3371E37C337345
:108C10000923627D5B18DA77227D15AB1A70A27D7D
:108C200012AB1A703B23E27D5B181A703123227E4F
:108C30005B181A703523627E5B181A70A37E5A1E69
:108C400093413322521813703A23E27E5B181A7054
:108C5000637F0AAAD3772D4A5B009B5AB383A27F16
:108C600013AB1A70E37F3386631CDA7F36235B18FD
:108C70001A70A31CDA7F3D235B181A703E23210073
:108C80001B1822311022180012F0EBF84D2306AA0F
:108C90009B18019A30001A7003F0BAFC300003F000
:108CA000A3FB1B4B32002800597B032305F0ACF8D3
:108CB0003E2306AA9B181900280005F085F8154BDD
:108CC00001221D8003233B70134B1A70FCF74EF8F2
:108CD000FEF75CFD641E0020110700200600002046
:108CE0000C0700201C0500201A0500206407002046
:108CF0006807002066070020DF200020201F0020DA
:108D0000E71E002060000020FDFF000094CD010858
:108D10008C1F0020240000206C1F00202C00074E18
:108D20004034A4B2280008353100ADB20DF077F818
:108D30000836A542F6D10248FEF7BBFC68070020C2
:108D40000C070020F0B501209BB0F9F7E1FF80206F
:108D50004005F9F7CFFFC02000250726EF4BF04A6A
:108D6000F0491A60F04BF14A4B60136A00061B028F
:108D70001B0A034313628D600E603021EC4B2720E9
:108D80001960136A12AC1B021B0A1362FAF760F82F
:108D9000012323610233A360F023E5606561656010
:108DA0001B022100E348129311F086FE802321006C
:108DB000DB00E048A027129311F07EFE4023FF0560
:108DC000DC49BB613C3B8B61033B63602100773333
:108DD000D848129311F070FEA42338005B002100E4
:108DE000129311F069FEC12321009B00D148129318
:108DF00011F062FE802321009B01CF48129311F0F5
:108E00005BFE60232100CD48129311F055FEC02374
:108E100021009B00C948129311F04EFEC02321008F
:108E2000DB013800129311F047FE2020F9F762FFB2
:108E30000FF022F92022C24F3000FB6A1343FB627D
:108E4000FB6A9343FB625732BE4BFF329D62DA628C
:108E50001968F63A0A431A608022D96852000A4318
:108E6000DA601A680235AA431A600FF07DFEB64830
:108E7000B64BC268B6491A409C239B031343C36098
:108E800030000FF053FEB34AB34B2021D360B34BF5
:108E9000300093600FF05AFE2800F9F7D9FF1B222B
:108EA0008020A44980000B68AD4E13430B60F9F796
:108EB0002FFF3A68AB4BE0211A4080239B031343FA
:108EC0003B60B368A84A09031340B3607368A74ABC
:108ED000C02013407360B368A54A80001340B3609C
:108EE0007368A44A13407360B3680B43B360B368FC
:108EF000AB43B360B3681340B360336B9E4A134017
:108F0000336373689D4A1340736073681340C022D3
:108F1000736009235200012140001140013B0843C6
:108F20005208002BF7D12022800502D0F9F778FEF5
:108F3000C2B280239B00D340914A9B009B181F2202
:108F40001968C0209143173A0A431A60C0221A23B5
:108F500001219204C004150040000D40013B28434C
:108F60005208002BF7D140012033002802D0F9F736
:108F700057FEC3B28025ED04DD40824BAD00EB18F7
:108F800002931B68F822F82003930121182312048E
:108F90004004150040000D40013B28435208002BBF
:108FA000F7D1C0012033002802D0F9F739FEC3B24F
:108FB000C0225204DA4007239340039AF8209A43D0
:108FC0000392F822182301211204400415004000E6
:108FD0000D40013B28435208002BF7D1C00120333C
:108FE000002802D0F9F71CFEC3B2C0225204DA40B6
:108FF00005239340039A1343029A13600422B36833
:109000001343B3600422B3681A400292042213424D
:10901000F8D10125B36880202B43B360A026082334
:10902000F605B361C001F9F765FE0FF025F82800D9
:10903000F9F70EFF0223029A63605B19A360053300
:10904000E2602561210012953000636111F034FD6A
:1090500009230535129521003000636111F02CFDC4
:109060003949494B8A6849481A40A023DB04134315
:109070003F228B60CB689343C2221D43CD60802189
:1090800092008358C9051B021B0A0B43835080239F
:109090001B0103603E4B1A68520609D419683D4A09
:1090A00011403D4A0A4304211A605A688A435A60B3
:1090B00040268020DA692E4940010A40DA611A68A8
:1090C000002532431A60F9F723FE0120F9F7C0FEAC
:1090D0000223A02063600133A3601D33E560656156
:1090E00012931F3B21002361C00511F0E5FC802392
:1090F000A020129321002561C00511F0DDFC274B53
:109100001A6832424ED11968224A1140244A0A4351
:1091100004211A605A688A435A6043E044000020E0
:10912000006CDC0210E000E0FF52070000ED00E000
:10913000E8180020000400500008005000140050FF
:10914000001002400014004000000140FFFFC0FF7B
:10915000B02A000080000240EC18002018140050D3
:1091600000240140FFFF9FFFFFFF7FFFFFFFFFFC89
:10917000FFF7FFFFFFFEFFFFFFFF0FFFFF17FFFFE0
:10918000302401400C240140FFFFFFC000E100E05B
:10919000003800404000FFFF07030000003001409E
:1091A0002F030000DA695D49E2200A40DA614022BB
:1091B000196800260A431A600423594A9362FAF791
:1091C000B3F95848FBF740FD30000136F6B2FAF724
:1091D000B3F9082EF8D12B20FAF7A6F9FA2080006F
:1091E000FBF732FD2E20FAF79FF9FA208000FBF7FB
:1091F0002BFD2F20FAF798F92F20FAF795F92F2059
:10920000FAF792F92F20FAF78FF94748FBF71CFD80
:109210004020FAF789F9AF20FAF786F90423404A8B
:109220000225936110F0B4F80CF048FFFA223F4B8E
:1092300001201A70F9F70CFE0EF01EFF0120F9F75D
:1092400067FD8020C001F9F763FD0023E360C023C0
:10925000DB00129303220123A0206361A26023613B
:1092600021006560C00511F027FC28000FF07CFC90
:1092700028002F490FF05AFC80212E4B2E4A28003F
:10928000DA602E4A49009A600FF060FC2C492D4BA1
:109290008A682D4D1A40E023DB00134380228B6047
:1092A0003B6BD20113433B633B6B284A13403B6348
:1092B000EB68274A1340EB60EB689B0400D58DE018
:1092C000EA68244B1A400C231343EB606B69134A82
:1092D00013406B612B69204A13402B616B691F4A55
:1092E000134038226B61BB681340102B3AD00ED864
:1092F000082B00D116E307207B683A685B0B03401C
:1093000017499B00D20A02405858D0403CE0183B15
:10931000B343F0D18020000236E0C046FFF7FFFFE4
:1093200000040050C0D40100409C0000DF20002059
:10933000A02000001C0002406C19002004380140ED
:1093400000000140FFC0FFFF00380140FFBFFFFFEA
:10935000FFDFFFFFF3E9FFFFFFCFFFFFFFFCFFFF92
:10936000ACCE01080322FB681340934200D1D4E243
:109370007B68EE4A1B045B0F9B0098580C23FA682D
:109380001A4200D0CBE24000BA68E9491205120F38
:10939000920052581F210A40D040BB68E54A5B0446
:1093A0005B0F9B009B580B40D84017D01923962188
:1093B00058438902F9F7BEFA64210700F9F740FB28
:1093C000080132306421F9F7B5FA6421060038004B
:1093D000F9F7B0FA00013618B6B2AE6040236A69F8
:1093E000022013436B610FF0CDFB80230026EA6857
:1093F0009B011343EB6028216E60CF480CF034FDD5
:109400000120F9F785FC0120F9F722FD80200004F6
:10941000F9F770FC0EA90A00C84BA1CBA1C20C221F
:10942000200011F01EFD2200C54BC649A1CAA1C3F0
:10943000C54BC64A1E60C64BC64DC7488B61531C00
:10944000DE77C64B55609660D66010611E001B68C3
:10945000002BFBD132601360C14A106101205560BE
:109460009360D360BD4D531CD8772B002D68002D21
:10947000FBD11A60AF23156002225B00B948CA54C1
:109480000EF090FDB8480EF08DFD0722B74BC021BD
:109490009D731D701A72063A9A72C722B4485D72A3
:1094A0009200835809061B021B0A0B43835080233A
:1094B0001B060360AF4E0E222D21300011F0A2FBDF
:1094C0008023AD4A9B00B57393618022AB49520063
:1094D0008A618B61802128000902FAF783FD290047
:1094E0002800FAF77FFD3720A549FAF77BFD2221F6
:1094F0003620FAF777FDC62110208900FAF772FDB1
:109500001120A049FAF76EFD12209F49FAF76AFD73
:1095100013209E49FAF766FD842114208900FAF78A
:1095200061FD49209A49FAF75DFD7B209949FAF7D8
:1095300059FD7D209849FAF755FD48209749FAF7DB
:1095400051FD40209649FAF74DFD10222000954923
:1095500011F087FC615D2B031943092089B20135A5
:10956000FAF740FD102DF5D1F8211C20C900FAF7BB
:1095700039FD1D208C49FAF735FD1E208B49FAF77D
:1095800031FD1F208A49FAF72DFD3E208949FAF75F
:1095900029FD73208849FAF725FD77208749FAF7D6
:1095A00021FD19208649FAF71DFDB4212820090163
:1095B000FAF718FDAA2129200902FAF713FDCC2198
:1095C0002A20C901FAF70EFD2C207E49FAF70AFD80
:1095D0002F207D49FAF706FD53207C49FAF702FD5A
:1095E0007E207B49FAF7FEFC46207A49FAF7FAFC1E
:1095F0004A207949FAF7F6FC07207849FAF7F2FC95
:1096000090210024764B774A332009021A80FAF71A
:10961000E9FC00213F20FAF7E5FC73480FF0F4F86D
:1096200003F044FBFF22F025260027006F4B6D035B
:109630001C806F4B1C706F4B1C706F4B1A706F4B04
:109640001A706F4B1C706F4B1C706F4B1C706F4B04
:109650001C706F4B1C706F4B1C706F4B1D600EF0BD
:1096600001FB0494059403952800202212A9FBF71E
:10967000D1F812A80EF06EFA00281BD0442204ABD9
:109680009B181B783C3A13420BD10121614A11709F
:10969000002F03D0139A0499914202D20700139A23
:1096A0000492002E02D0169A944202D2169C059380
:1096B00003950600F42320355B039D42D4D1574B1C
:1096C000002E00D130E101341C60039B2033AB42FB
:1096D00001D2514A13600024A74201D0049C0134F6
:1096E0004F4B1C60002E02D0059B1B0712D412ADFD
:1096F00010220021280011F085FA0123F8225B4294
:109700005242139428006B81AA81AB730EF00AFBBE
:109710000EF0A8FA0822434812A9FBF77BF8424B47
:1097200004AA4048138712A980E0C046ACCE0108C5
:10973000CCCE01080CCF010884D2010860BF01081B
:10974000B81A0020F80000207C020020941A0020A3
:109750002CCF0108154F0108E14201086C1A0020C6
:10976000701A00205000002048000020005C0040DB
:1097700000E100E0D0200020001400500004005060
:109780001F9D00003A030000DB030000DF03000020
:10979000B22A0000DC73000020E90000A8330000BA
:1097A000163500008BC0010855E50000584C00003C
:1097B0005AC60000C694000091460000EF880000E1
:1097C000411000002218000090980000282000009E
:1097D0003E3000000A60000030540000CE610000FE
:1097E000C41A00200090FFFFCE200020DE1A0020C7
:1097F000DC1A00201E1F0020DB1A0020DA1A0020CD
:10980000D91A0020D81A0020D71A0020D61A002012
:10981000D51A0020D41A0020D01A0020CC1A00201B
:10982000C81A002058A10000296300000023082264
:10983000FBF7B6FC03F00CFE0221002003F0D2FE81
:109840000221012003F0CEFE02F0F0FE012008F01C
:10985000A3FAD2480EF0D8FFD1480EF0D5FFD14878
:109860000EF0D2FFD0480EF0CFFF002006F08AFEA7
:10987000FBF74CF8CD4C002858D10027FF220023DD
:109880009446CB492678CB4C0B706A466546107AD5
:10989000029A2A40D200155D002D07D0002E00D07C
:1098A00086E0A218D279332A00D081E0002B00D0C4
:1098B0000870FBF72BF800287FD00A2404F02AFE5A
:1098C000FBF79CF904F062FD01237F220021BA48D6
:1098D000009404F083FB03237F220021B748009407
:1098E00004F07CFB0024FBF7C3F8FBF7B3F8FBF7AD
:1098F0003DFAFBF70BF8002800D192E00024B048B5
:10990000FBF7A2F9322CF4D11322AE4B1A70AE4BF6
:109910001A700022AD4B1A8057E0AD482EE50323A4
:10992000584331E5AA482FE51E60D4E6FBF7C2FD97
:109930000600A848FBF788F9FAF7E8FF00289CD052
:10994000FBF7B8FD0500A348FBF77EF9A24B5A7F51
:109950000A32964211D0B5428FD10221994A157030
:10996000994A1570994A1180122D0ED0112D84D16B
:1099700001229A4B03271A7080E70122197F0227E0
:109980004A401A7704F068F878E71A7F002A00D076
:1099900073E701275A76277004F05EF8332007F04A
:1099A000E9FE8F4B8F4A187012788F4B1A6065E76B
:1099B000029B01330293012367E7FBF77BFD13282A
:1099C00000D07AE7002F00D077E7884B824C1B78D5
:1099D000002B30D1864B1B78002B2CD1052008346E
:1099E00008F07CF8E37F3C2B22D8F9F7F1FF814B9C
:1099F00001221A70804B784F1B78022B01D0052B67
:109A000001D1F9F763FC3B0038331878013804289A
:109A100000D95FE1F8F784FF54015A01B201B9019E
:109A2000B901FBF747FD132800D067E7013466E76B
:109A3000FBF79CF9DBE72500403504F06BFDFBF7F5
:109A4000DDF804F0A3FCFBF713F8FBF703F82B7821
:109A5000042219009143012916D10FF099FCFBF75C
:109A600085F90422654B5C4E1B789343012B00D093
:109A7000DEE00025012F00D0E8E0383635703800F0
:109A80000BF02CFF5E4BB3E7042B09D10BF074FFF6
:109A9000FAF7EEFFFAF7DEFF01200DF08BFEDEE7AE
:109AA0001022584806A9FAF7B5FE10220AA956480E
:109AB000FAF7B0FE554B1E88300002F0F3FA64212D
:109AC00002903000F8F7BCFF30008BB264210393A2
:109AD000F8F730FF029B4E4982B200930EA8039B19
:109AE0000BF060FF2B784B49032B0BD0002B45D19B
:109AF00004AA127A04AB1B7E002A0BD14649002B24
:109B000000D00AA906A811F0A4F90EA90AA811F01C
:109B1000A0F901E0002BF8D00A2500237F221900CC
:109B2000009506A804F05AFA02237F22002100952E
:109B30000AA804F053FA042300217F22374804F0D6
:109B400091FA8021364B76354942180080300278F0
:109B5000013DD24302701A78EDB24A401A700133C7
:109B6000002DF2D12F4A304912A80BF01BFF06231B
:109B70007F22290012A804F075FA89E7022BCBD1C5
:109B800004AB1B7A002B03D1234906A811F061F91D
:109B900004AB1B7E002BBFD12449B7E7841F0020F4
:109BA000861F0020881F00208A1F0020821F00209F
:109BB000781F00200CD0010856C001085EC00108C3
:109BC000102700006100002060000020761F0020A8
:109BD00000366E01204E00008C1F0020E01A00208D
:109BE000811F0020801F00207C1F0020741F002088
:109BF000731F0020721F0020C41F0020CC1F0020F4
:109C0000711F0020C8A00000D8A00000621E002024
:109C1000A9C2010867C001086FC00108CFCF0108C1
:109C2000611C0020CACF010880C0010877C001086C
:109C3000C84D2B78002B05D0FBF73CFC1328F7D040
:109C400000232B70012008F0A7F812E7032F35D16D
:109C5000E31DDD7723003E331D70230047331D7065
:109C6000230048331D8023004A331D702423FF3313
:109C7000E554B94BB94A1E68B9493000A577A584A7
:109C800002F09AFC3300023F2D331F70043B1F701B
:109C9000300002F0A9FBB34B38001E6008F07CF8DE
:109CA000FAF760FCFBF71AF9AF4BB04A1D703D2381
:109CB00065763834D37725700337E0E62F00DEE68B
:109CC0003A003B003932127829331A70012108001A
:109CD000FBF754FF3B003E331978002903D01E22C6
:109CE0004A43A34B1A700DF007FD01200CF0D6F883
:109CF000002802D001200FF039F89E4B02931B7808
:109D0000012B00D091E09C4B03931B78002B03D1D7
:109D10009A4B1B78002B52D0994B9A4D1E782C6889
:109D2000012E0ED93B000833DB7F002B30D1002CF5
:109D300001D0FA2C05D18023934A9B0151694B40F5
:109D4000536101342C60032E32D13B000833DB7F9A
:109D5000002B2BD08D4B9C4231D900232B60FAF77E
:109D600075FB01238A4C1A0020881E2180B2FBF764
:109D700079F8238864339BB2238020E0FAF7CEFC85
:109D8000844B18780BF0AAFDA4E70FF033FBA1E792
:109D9000002C05D12623FF33F85CF9F7EFFDD0E75F
:109DA0007D4B9C42CDD192235B00F5E77B4BD2E704
:109DB0007B4B9C4203D900232B60012ECFD0794BE3
:109DC0001A78002A03D16D4A1278002A2DD0002279
:109DD0001A70754B1B88934204D13B000833DB7F1C
:109DE0003D2B04D12623FF33F85CF9F7C7FD00248F
:109DF000C822039B92001C70654B1A806B4B1B782A
:109E0000A34208D06A4D2B78012B00D083E00233A7
:109E10002B70FAF7F3FEF9F749FC062001F092FEE9
:109E2000042002F0CDFD0BF04BFD624B03931B7839
:109E3000002B00D0B1E1029B1B78012B03D05E4ABE
:109E40009B009B5898475D4E3378002B04D05C4BA9
:109E50001B78002B00D0A0E101F064FE002809D19E
:109E60000023584DEB56002B64D17B1DDB7F002B6C
:109E700000D0BBE0544B1B78002B00D126E1534BA4
:109E80001B78002B00D121E102F068F8002800D0F7
:109E90001CE1BB7D4E4A9B075B0F9B5A0730BC8A77
:109EA00004930CF0D1F80F230509ADB21840022835
:109EB00020D90A200CF0C8F8C3041BD4C0B209286A
:109EC00018D92B00DD22193BFF3B9BB212019342B4
:109ED00010D3049A3F4B4049944200D8C6E01A88F8
:109EE000A21A012A00D0C4E00A88100502D4132A5D
:109EF00000D9BEE0384B1D80364B1C80374B1B7899
:109F0000002B00D0A6E2314B00221978200049B284
:109F10000CF084F9D4E0022B00D07AE72200210073
:109F20001020FCF7A9FD01222D4B2C701C702D4B2D
:109F30001A706EE72C4B1B78002B96D0284B1B78A1
:109F4000002B92D1FCF7DAF801F0ECFD00288CD060
:109F500090E7C046DF2000206C1E002090FE960295
:109F600005040000681E0020641E0020941F0020CD
:109F7000701F00206A1F0020FA1E0020F91E00201A
:109F8000F81E0020F41E00200008005010210100DF
:109F90005C0000205F000020983A00009834010027
:109FA000E0280100F01E0020401F0020EF1E0020CE
:109FB000EE1E0020721F0020E0CF01085E1F00206F
:109FC000421F0020241F0020E91E0020231F002024
:109FD000FCCF0108701E0020721E0020DA1E002037
:109FE000201F0020ED1E00205B000020184C23786D
:109FF000002B00D13EE70023EB56002B00D039E7C1
:10A00000144B1B78002B00D034E7029B1B78052BE8
:10A0100000D12FE7104B1B78002B00D02AE73378B4
:10A02000002B00D026E7F9F7DBF90C4D2B78002B3D
:10A0300005D00B4B1878002801D10BF04FFC002302
:10A04000084A2B701370084A2370137012E7C04639
:10A050005A000020201F0020371F0020EC1E002087
:10A06000431F0020EB1E0020EA1E0020049A9442A9
:10A070000CD11A88121B012A08D1C34A1288100574
:10A0800000D437E7C148824200D933E71C80C04B77
:10A090000D801B78002B00D0D0E1BE4A1380012236
:10A0A000BD4B1A70FB7C002B00D13C82FAF75EFEA0
:10A0B000A0238022DB0552009A61B84BFF3A1A7048
:10A0C00003200BF00BFC0022B54B1A70BB7F002B5A
:10A0D00009D0B44BB44A1B88002B00D0C2E11388CE
:10A0E000002B00D1C2E1B14C2378002B1FD0B04B24
:10A0F0001B78002B15D1AF4B1B78002B11D1FB1D0A
:10A10000DB7F002B0DD0AC4B1B78002B09D1AB4B68
:10A11000AB4A1B781278134303D13378002B00D15C
:10A12000F3E1FA22A74B92001A8000232370A64E77
:10A130003378002B31D0029B1B78052B2DD1A34DFA
:10A140002B78002B00D1E4E1FAF734FABB7F002B27
:10A1500005D03B00FE33198CD88BFAF72BF97B1D09
:10A16000DB7F002B10D0964B1B785BB2002B0BD102
:10A17000914B1B78002B07D1954B1C78002C03D1F9
:10A18000F9F72EF9934B1C7001F0F4FE0A22924B62
:10A190001A8000232B7000233370904B1A78002A0A
:10A1A00000D1A0E500241C7003F028FCFAF768FD3C
:10A1B0008B4A2000138801339BB213800BF06EFE94
:10A1C000A04202D020000EF0D1FD039B1B78002B93
:10A1D00001D1FDF727F9834B1A78002A00D182E5D7
:10A1E00000221A70804A1378002B07D0013BDBB2A3
:10A1F0001370002B02D101227C4B1A70029B1B783A
:10A2000002937B4B1B78002B08D0029B012B00D1C3
:10A21000B7E101F0A3FE002800D0BCE1754A137835
:10A22000002B21D0013BDBB21370002B1CD1724BF1
:10A230001A688023D28BDB009A4210D26F4B1B78B6
:10A24000013B022B0BD86E4B1B78002B07D1F9F783
:10A2500087FA6C4B1878022801D101F073FCFCF7E7
:10A26000E1FA0022684B1A70684A1378002B13D069
:10A2700067490978072901D000290DD1013BDBB2DC
:10A280001370002B08D1634B1B78002B04D0FCF714
:10A29000FFF90122554B1A705F4A1388002B00D03A
:10A2A0007BE100235D4A05931378002B00D081E108
:10A2B00005F0FAFE5A4B04931B88002B00D082E174
:10A2C000584B1C88584B1D7878236B439C4218D1FF
:10A2D000564E3378002B14D0FAF7A4FCF8F710FF91
:10A2E00000210620FAF710F80A22FB1DDB7F5343FA
:10A2F000394A13800023012233703C4B1A704C4BB7
:10A300001A70029B494E012B00D1ACE101F026FEF0
:10A31000002800D0A7E1294B1B78042B00D1A2E133
:10A320002B4B1B78002B00D09DE13E4B002C00D125
:10A3300070E1013CA4B21C80002C00D06AE1012233
:10A340000425049B32701C80234B1A80F8F7D8FE3A
:10A350002000384CF9F712FB2820A562F9F7E4F841
:10A360004020F9F7E1F8AE20F9F7DEF8A561032205
:10A37000314B062019780131114019704B42594177
:10A38000C9B2F9F7C1FF57E1721E0020EB0F0000C0
:10A39000DA1E0020D81E0020D71E0020741E0020C8
:10A3A000E91E0020E21E0020E01E0020E81E002022
:10A3B000201F0020E71E00203E1F0020431F00201A
:10A3C000241F002058000020E61E0020E51E00206B
:10A3D000371F0020E41E0020381F00206F1F0020C0
:10A3E000FC1E00206E1F00206D1F00206C1F00202F
:10A3F0006B1F0020641F0020601F00205F1F0020D3
:10A400005E1F00205D1F00205C1F00205B1F0020DE
:10A410005A1F0020461F0020441F0020421F00201A
:10A42000401F00203C1F00205E0000203A1F00203B
:10A43000711F002000040050361F00208C490B784B
:10A440002F2B0CD85A1CD2B20A708A495B005C527E
:10A45000302A04D08723DB009C4200D253E50BF066
:10A4600015FF2DE60021844B118019703378002BE5
:10A4700000D038E6029B1C78FD23A21E1A4200D1B0
:10A4800031E67E4B1B785BB2002B00D02BE67C4B79
:10A49000794A187800281ED011787A4A002914D0F9
:10A4A00064211180012C00D01DE6774A1278002A21
:10A4B00000D018E61B78002B00D014E6F9F70AF953
:10A4C000724B1C70724B1C700DE6128891B2002A00
:10A4D000E8D11970E6E71278002A00D103E60122DC
:10A4E0001A70052C01D107F0F9FA029B1B78012B99
:10A4F00000D1F8E5674B1B78002B00D0F3E508F09E
:10A5000013FB0122624B1A70EDE5052007F0E6FA15
:10A510000BE6614B1B78002B00D03CE67B1DDB7FFC
:10A520005E4A5F4C0492002B0BD0544B1B785BB2FD
:10A53000002B06D15B4B1B78002B02D12378002B1C
:10A5400017D0FB1DDA7F584B19780A23002900D059
:10A55000BE335343049A138001232B7000252570CA
:10A56000F9F7AEFFF9F7DCFF29002800F9F7CCFE78
:10A5700011E6F8F735FF0A23049A1380093B23708C
:10A5800009E64A4B01221B889BB2134200D145E6E3
:10A590003E4B1A7042E6464BF4E7013B9BB21380F8
:10A5A000002B00D07DE6434B1B78013B5A425341C0
:10A5B000DBB277E6013B13703F4B1B78002B00D1D9
:10A5C00076E6FFF790FB3D4A1278002A00D077E646
:10A5D000344A1278002A00D072E6364A1278012AEC
:10A5E00006D1132800D16BE61538012800D867E69C
:10A5F000049A013B9BB21380002B00D060E63B0025
:10A600000833DB7F3C2B00D95AE6F9F7E1F9FAF77A
:10A610008FFA55E61B885A1E132A09D8002D07D039
:10A6200000209B0702D12623FF33F85CF9F7A6F937
:10A630003378002B00D09AE6039B1D78002D47D07D
:10A640001F4C20000EF0E0F8FA221E4B52001B882F
:10A65000934206D81C4BDA8823889A4201D3FFF72D
:10A6600042FBFBF7E5FB78226A43184B1A80DFE7D1
:10A67000D61E0020761E0020DF1E0020241F002092
:10A68000DE1E0020DC1E0020201F0020711F002085
:10A690006C1F0020F91E0020371F0020381F0020EB
:10A6A000E41E00203E1F00203A1F0020681F0020EB
:10A6B000661F0020431F00205E1F00203F1F002058
:10A6C000CE200020CC2000202A1F00203C1F00208C
:10A6D000B24B1C880134A4B21C80029B012B13D006
:10A6E000E30711D4AE4B18780493461CF6B21E70E3
:10A6F000AC4B4000C0180EF087F8032E01D9049B24
:10A700001D70012005F03EFFA4070BD1A64B1B785E
:10A71000002B00D019E1A54B1B78002B02D00122A1
:10A72000A34B1A70A34B1B78002B65D1A24B1B784F
:10A730005BB2002B60D101F0F5F900285CD19F4B92
:10A740001B78002B03D09E4B1B78002B54D09D4BC5
:10A750001A78042A50D09C4B1B78002B4CD19B4B71
:10A760009B481B78002B12D09A490B78002B0ED0F7
:10A77000994C2478002C0AD1012A08D0013BDBB285
:10A780000B70002B03D18A49013343760B70059B74
:10A79000002B31D00021914B1980012A08D105F0FE
:10A7A00083FC132802D01538012801D8FAF7DEFA05
:10A7B0008B4C2378002B03D1874B1B78002B02D0C6
:10A7C000022001F0BFF9FCF71BF8FAF7E9F80023C3
:10A7D0007B4A23701370834A13700122824B1A70D4
:10A7E000824B1B78002B04D001F0B8FB002800D16D
:10A7F000032528000BF072F87D4B1B78002B18D135
:10A800007C4B1A78002A14D018780138C0B218701E
:10A8100000280ED102F0D4F8744B1B78002B08D01E
:10A8200001F09CFB002804D10BF034FF03200BF057
:10A8300055F8714B1B88002B0FD13B000833DB7F91
:10A84000013B3B2B09D85E4B1B78002B05D1594BA4
:10A850001B78002B01D1FAF76BF9684B1B78002BA2
:10A860001ED0674D01212C88664B0134A4B2220012
:10A870000A40110000201A702C8003F079FB029B23
:10A88000012B0DD01D2C65D80AD1474B1B78002B0E
:10A8900006D15D4B1B78002B02D1022001F052F94A
:10A8A00001F040F9002873D0584B1B78002B6FD172
:10A8B00057490A78012A6BD8564803780133DBB22E
:10A8C0000370012A07D1202B05D9534B1B78023383
:10A8D0000B70374B1A700122434B1A70394B1B789F
:10A8E000002B0BD14D4B1B78002B1BD101F036FBFD
:10A8F000002800D1A4E0012003F070FE484A13783C
:10A90000092B0FD1474B197A00290BD1596800291F
:10A9100008D045480068814204D81B6813700122A2
:10A92000314B1A70414B1B78002B01D1FFF7DBF93B
:10A930000DF042F93E4A3F4913888B4201D9FFF797
:10A94000D2F901331380FFF7CEF90122184B1A70A8
:10A95000254BE6E600232B80134B1B78002B9FD161
:10A96000294B1B78002B02D1022001F0EBF8324B6F
:10A970001B78002B94D1039A01330520137007F044
:10A98000ADF82E4BDB7F3C2B8AD8F9F721F887E70F
:10A99000084B1B78002B9ED1A0E7C046281F002043
:10A9A000261F0020841F0020741F0020251F002068
:10A9B000711F00203E1F0020241F0020231F0020A5
:10A9C0003F1F0020431F0020371F0020CA1F002008
:10A9D0008C1F0020701F0020221F0020441F002019
:10A9E0005F1F0020211F00206C1F00205E1F002021
:10A9F000201F00201F1F0020401F0020021F0020DA
:10AA0000001F0020FF1E0020FE1E0020061F002049
:10AA1000051F0020041F0020031F0020071F002027
:10AA20005A1F00200C1F0020081F00201E1F00209E
:10AA30001C1F0020FDFF0000731F0020941F00203A
:10AA40001B4B1D78002D00D158E70022194B9A5658
:10AA5000022A00D052E70024174E3457082C24DC79
:10AA60000123200018401C4206D19D4201D003F072
:10AA700089FD0134347041E7012D08D1601E06289C
:10AA8000F7D8F7F72FFF0AF60AF60EF610001800AF
:10AA900003F078FD032DECD1F0E7032001F052F82C
:10AAA000E7E70420FAE70520F8E7187026E7C04634
:10AAB0001A1F0020191F0020181F0020F0B58B4B13
:10AAC00004001B780E00150085B0002B00D1B8E102
:10AAD0000F2801D100F0DAFD0022854B1A70954253
:10AAE00001D100F06DFD0D283DD0112827D00A2896
:10AAF0003ED1804D2B7893421DD17F4E7F4F3278CF
:10AB0000F95C914219D001330A2BF9D101340A21A1
:10AB1000E0B2F7F795FF7B5C33700CF041FD00224B
:10AB2000774B1A70774B1A700BF07AFF022001F006
:10AB300009F801232B7005B0F0BDDCB2E6E7724CDA
:10AB40002378002BF7D1714A1370714A13706C4A45
:10AB500013706C4A13700BF063FF022000F0F2FFD9
:10AB600001232370E7E70CF049FD0022694B78E1EF
:10AB70001228E0D8F7F7CAFE59001300130013009B
:10AB8000130013001300130013001300DFFF7800FD
:10AB90008C00F7FFDFFFDFFFDFFF9900B100002E21
:10ABA000C9D05D4A5D4B1278661E0192544AF6B2D6
:10ABB000995D1078554B534F1D78A0421DD1002D43
:10ABC0001BD03878013D0130F8F724F80522724394
:10ABD000534B39709B18019A5B5C002A05D11A000F
:10ABE000413A192A01D82033DBB2494A5355012290
:10ABF0004C4B1A700BF014FF9DE7052114700022D6
:10AC000071433A706A1CD2B21A70454BCB5C019901
:10AC1000002905D119004139192901D82033DBB2A7
:10AC20003B494B5500238B54E1E7002E00D182E7CE
:10AC3000334E344C3578002D11D1344B1B78002B1A
:10AC40000DD0334A013BD15C202904D11031D154BD
:10AC500001232370CBE70DF0FDF92570C7E70DF058
:10AC6000F9F900233370F4E7002E00D163E70022E6
:10AC7000234B26491A70234B1A702A4B1A700B78F3
:10AC80009342B7D0013BDBB20B702149CA54B1E704
:10AC9000002E00D14FE70023194A1370194A137090
:10ACA000204A13700DF0D6F9A4E701231A4A11784F
:10ACB0004B4013700BF0B4FE022000F043FF3AE764
:10ACC0000C4A002E02D00023137034E71378002BB7
:10ACD000F9D101210F4B1970F5E700230B4A1370CE
:10ACE0000B4A1370064A1370064AE2E7071F00205A
:10ACF000D5080020D90300200100002083CB0108E3
:10AD00003306002032060020D80300202B04002048
:10AD1000DA0300205F000020000000207ACB010849
:10AD20004DCB010834060020C44B1B78002B00D10A
:10AD300001E70022C24BC34E1A70C34B1A7033781E
:10AD4000934200D156E7C14C2368934201D101F0F0
:10AD50006DFC24686369186801F02EF8002804D09F
:10AD6000230028331B78002B60D1B94B1B78002BB4
:10AD70005CD133342378002B03D0B64B1B78042BE3
:10AD80005BD0B54B1B78002B59D0062083424ED8A0
:10AD9000F9F7A1FB012006F0A1FEB04B00241A7EBA
:10ADA0000A2301325343AE4A13801388AD4A9BB243
:10ADB0001380AD4B1C70AD4B1C70AD4B1C70AD4B7C
:10ADC0001C70F9F743FB2000F9F750FB21005120DC
:10ADD000F9F708F92000F9F71DFB9E4B1D78012DAE
:10ADE00000D007E73000F7F775FD0200A24B3100F5
:10ADF00018700132A14810F034F80222A04B1A70EA
:10AE0000A04BA14A1D70A14B1D70A14B1C70A14B02
:10AE10001C60A14B1C70A14B1B6805331360A04B39
:10AE20001C70A04B1C700BF0FBFDE3E6032001F04F
:10AE3000C7FD022000F086FEDCE60120F7E70220D5
:10AE4000F5E7994B1F78002F0DD010280BD00D2857
:10AE500009D0002D00D06EE6002E00D16BE6934B9A
:10AE600002221A7067E6924B02931B780193002B23
:10AE70002BD0002E01D100F0EFFB002D00D0D1E34C
:10AE80002000F8F79DFA0190FF2800D1B1E3894F27
:10AE90003C78002C0CD1884E0E222D2130000FF072
:10AEA000B1FEB573631C019A3B70834B1A5501E0E8
:10AEB0000D2CF7D91022814B1A700022804B1A708A
:10AEC000804B01321A70794BCBE7122CC1D820008D
:10AED000F7F726FD130013001300130013001300EF
:10AEE00013001300130013006901120212028802FA
:10AEF0001D036B03710313001300002D15D0002EEA
:10AF000000D118E6704B1B78002B00D013E66F4A77
:10AF10001178002902D01370694A1370F9F740FDC7
:10AF200001212000FBF734F905E6002E01D05F4B2C
:10AF300056E2674B1B78002B00D030E1654B634F26
:10AF40001B785BB2002B28D0200003F0EDFA3B7891
:10AF5000012B00D8EFE50A205F4B3E701A785B7832
:10AF60005043C018C0B2002807D119225B4B1A7099
:10AF700003F02AFB02F0B6FFDDE5182800D9DAE578
:10AF8000564B187001F07CF90028F1D10222474B92
:10AF900001301A7001F08CF9EAE7304E737B0293AE
:10AFA0004F4B1D683B78002B15D1EB8B4D4A9B18FE
:10AFB000062B10D8482229004B480FF052FF029B65
:10AFC0004A4A5B00995BF3189B881180484A1380BA
:10AFD0000122484B1A70200003F0A6FA1022374BCA
:10AFE0001A700393F8F7BCFB0022354B1A708022CD
:10AFF000EB8BD200934202D20423039A64E6394ACF
:10B000009B18062B00D92AE72B693C781A683A4B23
:10B0100093429B415B4206330193002C00D18AE5A9
:10B0200003219C4200D30D311020F7F70DFD039B47
:10B030001870019B9C4261D93B707CE52B04002079
:10B0400033060020DA03002032060020681E0020AC
:10B05000F91E00206A1F0020731F00208C1F002093
:10B06000681F002080030020FA1E0020F01E002030
:10B07000BE070020BD070020AB050020AF05002063
:10B0800036060020350600200C06002008060020A9
:10B09000AC0500200406002000060020081F002048
:10B0A000AD050020AE0500205E1F00205D1F0020C2
:10B0B000221F00203E0800202F080020641F0020CF
:10B0C0005F000020ED1E0020431F00205F1F0020B6
:10B0D000D5080020241F0020D0030020B51F002029
:10B0E000601F002000FCFFFF880300208403002075
:10B0F000820300205C1F0020FFE0F50503F02CFA1E
:10B1000001F010F800220A21019B1B1B93423ADC3C
:10B1100064244443C74BC84F9C423CD9C74BE318F7
:10B12000BB4233D8C64BA3429B41C64C1C40C64BC6
:10B13000E418200000F000FE2B8E834210D0802304
:10B1400080B2DB002886C018029B80B25B00F05200
:10B15000F618B08002F046FC0221029802F042FA92
:10B16000AE8B2000310000F0F5FDB44BC318BB429C
:10B1700004D8B34B984210D8B348801B28600122F2
:10B18000B24B1A80D7E448430132BFE7B04B9C4230
:10B19000CFD91C00CDE7AF4CCBE7AF48EEE7F9F7CE
:10B1A000FFFB3100BDE6002E4AD0002D00D1BEE6E7
:10B1B000AA4B1B785BB2002B7AD000F0CFFE0028A0
:10B1C00004D1A74B1B88092B00D8B4E4A54BA64C8F
:10B1D0001B682568002B56D08022A44BD2001B8808
:10B1E000934250D3F7F79EFF2800F7F7C1FF0028DE
:10B1F00007D19F4B1B681868F7F7BAFF002800D1EA
:10B2000099E49C4B9C4A1D7811000023AB4232D13B
:10B2100015004B3529784E0090531F200131014015
:10B220002970202B02D001334A321370F7F7E0FF68
:10B2300003F0CAF9914B1B682360FAF75FFF7AE4C9
:10B24000002D00D077E4019B002B00D073E4012493
:10B250008B4B1C70F8F784FA8A4B01991A78197095
:10B26000002A00D081E47D4B1B785BB2002B35D0E7
:10B27000F8F7D6FA5FE402318E1E36888642D7D0C0
:10B280000133DBB2C2E7ADB2280000F071FF8023CA
:10B2900002785B42134303700100280000F058FF5E
:10B2A00003F092F90122784B1A70784B1A70C1E7BB
:10B2B000774A1370774B1B78002B00D03BE4714A20
:10B2C0001178002902D01370734A13700121734B57
:10B2D0000A000A201970FAF713FD2CE4704B1B7F4B
:10B2E000002B03D0F9F75CFBFFF725FC6D4B1C70BE
:10B2F000694B1C70FFF71FFC01210B2C0FD1684C10
:10B30000E37E002B01D1494249B2614B1B78002BEF
:10B3100007D0481E431E984101210B3002E64942E6
:10B32000EDE7614A1370614A1370627B5200A75ABD
:10B33000544A1078002802D013705D4A1370002D13
:10B3400007D1002E01D1FFF7F6FB0122594B1A70ED
:10B3500003E0002E01D1FFF7EEFB00223F4B9A568F
:10B36000002A39D1544BFB18062B1CD8534B544A96
:10B370001C68208EC00013185B6882582000F8F704
:10B3800041F9504BC218504B9A4200D967E52B4BFC
:10B39000294AC318934200D861E52060F9F72EF8D6
:10B3A000F9F742F8EBE67818130080B200F0E8FFF6
:10B3B000464B984201D1FFF7BEFB874201D1FFF710
:10B3C000BAFB637B1A1D5200A05201225B00E052BF
:10B3D0003F4B1A702C4B43E50800FAF75BFC3D4BE2
:10B3E00001223EE5002D79D1002E00D09FE5002FEF
:10B3F00000D088E0194B234A1B785BB2002B7BD12D
:10B400001378002B01D1FFF796FB0A21013BDBB239
:10B410001370314AD154002B05D1254B1B78002BDA
:10B4200001D006F0F9FD1022154B1A70F8F798F9C3
:10B43000FFF79BFB3F771B003F6F400140B23EFC94
:10B440005F856104406F4001C04DC1034A08002080
:10B4500080A4BF0740771B0000BD0105241F00200A
:10B460004608002040080020C407002044080020AF
:10B470006C1E002016050020CC040020C007002010
:10B48000641F00205F1F00201F080020AF0700205E
:10B49000D5080020431F00205F000020711F0020FE
:10B4A0008C1F0020B20700201E080020200800206A
:10B4B0005C1F00205D1F002000FCFFFF601F0020BC
:10B4C000ACCB0108C088E4FF402DA407FFFF0000BB
:10B4D000B0070020ED1E0020D0030020002E01D177
:10B4E000FFF729FB704B1B78002B01D1FFF73DFBC9
:10B4F00006F092FDFFF739FB6C4B17701F70F8F7E1
:10B500008FF9FFF732FBF9F709F9FFF714FB684BE6
:10B510001B78012B01D1FFF70EFB664B1B78002B2C
:10B5200000D096E4002D02D1002E00D0FFE4624B43
:10B530001A7F002A00D0D5E6604A1078002D08D086
:10B54000002826D1002E01D1FFF7F5FAFBF7AAF863
:10B55000EDE400281DD15A4B1B785BB2002B14D1AF
:10B56000584B1B68002B10D10E22574857490FF03B
:10B5700078FC574B029A1D70012313701022554B13
:10B580001A70554B1D70554B2AE7554B02221A7005
:10B59000F9E7002106331170D87F524AD97710702D
:10B5A000012007F061FB4C4BF0E729003000FBF76E
:10B5B0006BF9FFF7C0FA3000FBF7B4F9FFF7BBFAFD
:10B5C000122801D9FFF7B7FAF7F7A0F92FFBE9FA2C
:10B5D000E9FAE9FAE9FAE9FAE9FAE9FAE9FAE9FA53
:10B5E0007AFB4EFB62FBCDFAB5FAB5FAAEFB6FFB08
:10B5F00087FB122C00D932E42000F7F787F996FC7C
:10B6000096FC96FC96FC96FC96FC96FC96FC96FCAA
:10B6100096FC98FC7DFE7DFEF5FE88FFD6FFDCFFE4
:10B6200096FC96FC122C01D9FFF785FA2000F7F75B
:10B630006DF966FC66FC66FC66FC66FC66FC66FCF6
:10B6400066FC66FC66FCBCFD63FE63FE55FF6EFF98
:10B65000BCFFC2FF66FC66FC122C01D9FFF7F9FBA8
:10B660002000F7F753F94AFC4AFC4AFC4AFC4AFC22
:10B670004AFC4AFC4AFC4AFC4AFCEDFD49FE49FEF4
:10B68000BFFE54FFA2FFA8FF4AFC4AFC002A01D0DB
:10B69000FFF751FA144B1D70144B1D70144B1D70A5
:10B6A000144B1D70FFF7A6FA5C1F0020BF07002097
:10B6B0006A1F00205F1F00208C1F0020D50800207B
:10B6C000241F0020400800202F080020D020002048
:10B6D0003E080020641F00205F000020711F002032
:10B6E0005D1F0020330400202B040020DA0300201B
:10B6F0003306002032060020002300B50B604D28E1
:10B7000000D976E0F7F7F8F8272B33393B393B6B54
:10B71000753F5757574343435F47312D5F272F5F8F
:10B7200057353D4D573149575F434B574545757523
:10B7300073574F57477337736B6B5731575B5D5771
:10B740005F5F61575F575757575771735765535925
:10B7500059595959735F09230020136000BD1723FD
:10B76000FAE73D23F8E701230B600A23F4E70723F8
:10B77000F2E76823F0E7204BEEE7D023ECE7322333
:10B78000EAE72823E8E705230B60AE33E4E71B4B29
:10B79000E2E71B4BE0E70523DEE70823DCE70123B4
:10B7A0000B601923D8E703230B606033D4E7154BF4
:10B7B0000B60154BD0E70123CEE71523CCE77823A8
:10B7C000CAE70623C8E70323C6E701230B600E334D
:10B7D000C2E70E4B1B6834331B78012B01D10223C7
:10B7E000BAE7022B03D10023B6E73F23B4E70423D3
:10B7F000B2E701204042B1E7FFFF0000FF03000075
:10B8000001040000DC050000AC0D0000601F0020FA
:10B810000E4B4900CA5A80231B0130B5D2180400D0
:10B82000802013000C210A4D40015B00034200D030
:10B830006B4001390029F8D1D802064B184010435B
:10B84000032C01D1044B584030BDC046F6E301083B
:10B85000EA08000000F07F00FFFF7F007047000053
:10B8600003000020044AC100515A994203D001301C
:10B870000A28F8D10B387047BC2200200122002092
:10B8800010B5064B5968DC688C4201D221001000CB
:10B89000013208330A2AF6D110BDC046BC2200206E
:10B8A000074A084BD27F002A03D00533DB7F002BE9
:10B8B00004D0054B1B68054A13607047044BF9E739
:10B8C000921F00208C1F00206C1E0020681E00208C
:10B8D000601F00200023064A1370064A1380064AA0
:10B8E0001370064A1370064A1380064A1370704795
:10B8F000FE210020FC210020FB210020FA21002055
:10B90000F8210020F7210020F0B51E0085B0131C9F
:10B91000B24200D9331C00257F27DBB20093174BBE
:10B92000CC011B7824180193154BE418009AEBB254
:10B930009A4201D805B0F0BD019A331F002A10D0F9
:10B94000104A039204229D4213DA80216B1C494263
:10B9500019410422200039400FF054F90135053413
:10B96000E4E7094A02A90392084A029204229D428E
:10B9700000DB03A920000FF074FAEFE7302300206A
:10B98000E11A00207F41417F3E22223E3E3E3E3E64
:10B9900010B50400012903D00A4B8900C85810BD16
:10B9A000830705D16421F7F735F91D200029F6D169
:10B9B000C82120004900F7F72DF9484248411C30C2
:10B9C000EDE7C04670D6010870B504000D000129EE
:10B9D00006D8012A04D1002110320FF013F970BDEE
:10B9E000112220000A490FF03CFA022DF7D9023D3E
:10B9F0000D34042D00DD042503235D43651B200069
:10BA000002220449033C0FF02CFAAC42F7D1E6E7DE
:10BA10006CBF010833C1010870B50D00074904006F
:10BA2000F7F70EF820000E000449F6F783FF330005
:10BA300002000349280009F0B5FF70BDA08601008F
:10BA400036C1010870B5154B1B78002B0FD00023B1
:10BA50002D25134CE25C29000A2A01D03032D1B2E4
:10BA6000C1540133042BF5D10023037170BD0029AB
:10BA700004D00C49013209F095FFF7E780230A4909
:10BA8000DB009A4203D0094B9A4203D108490FF0D8
:10BA9000E0F9EBE707490132EDE7C0465F1F002000
:10BAA000D00300203FC10108B2C10108FFFF000020
:10BAB00047C1010842C10108FF22104B10B51860B0
:10BAC0000F4B01241A700F4B1A7000230E4A13708B
:10BAD0000E4A13700E4A137015220E4B1C700E4B3B
:10BAE0001A70F8F7EBFD0D4B1B78002B02D10220EA
:10BAF00009F0F4FE0A4B1C7010BDC046340500204E
:10BB00002E0500202D050020300500202C050020EA
:10BB1000041F0020051F0020380500203E1F0020C4
:10BB2000711F0020054B01201B78002B04D1044B12
:10BB300018780238434258417047C0463E1F0020E3
:10BB4000431F0020F7B5041E00D189E0431E012BDE
:10BB500004D8494BDB7F002B00D181E00220474E07
:10BB60003378023B8343DBB2002B79D0062C77D8A5
:10BB7000434F3B78002B02D042490AF086FAA023BB
:10BB80008022DB0552009A623378052B05D13E4BAB
:10BB90001B78002B01D0F8F747FC3C48F9F754F824
:10BBA0007120F7F729FFE31E0190022B04D88121B1
:10BBB00070200902F8F716FAF8F7A2FC0320F8F74C
:10BBC00029FC9C2170200902F8F70CFA0021302092
:10BBD000F8F708FA2E493020F8F704FAFA20C000E6
:10BBE000F9F732F8A0238022DB0552009A61294838
:10BBF000F9F72AF8062300255C43274A1319998888
:10BC0000A9422ED8A0248025E4056D002348A56212
:10BC1000F9F71AF8F8F790FC2048F9F715F87120B1
:10BC20000199F8F7DFF93F78002F02D01C48F9F7A7
:10BC30000BF81C4B1B78002B00D0A561002F03D004
:10BC4000022019490AF021FA3378052B05D10E4B51
:10BC50001B78002B01D0F8F763FC5022134B1A809D
:10BC6000F7BDA05A5988F9F7E5F801350748F8F704
:10BC7000EBFFEDB2C1E7C0468D1F00206A1F002018
:10BC80005E1F002001420000E51E0020204E000043
:10BC90000203000060EA0000C6E401088813000007
:10BCA00010270000741E002001020000E21E002088
:10BCB000F7B504001727E02380221B01234012015F
:10BCC000934215D10025104B0093E305DB0D019342
:10BCD000009A6B00D35A019A934206D1EEB231001A
:10BCE0000220FFF795FDA0420BD00135682DEFD162
:10BCF000012323409B056408013F1C43002FDAD138
:10BD0000FF263000FEBDC046F6E3010870B5020014
:10BD10003224FF200023074E5900755A511B00D5CD
:10BD2000A91AA14201DA0C00D8B20133322BF3D1A7
:10BD300070BDC04692E301080623054AD900515858
:10BD4000814201D858B27047013BF7D20020FAE790
:10BD5000ACCB0108164B70B505000C00994215D10B
:10BD60001449F6F76DFE0800AF218900F6F7E2FDF1
:10BD700044430338434258410E4924182800F6F73B
:10BD8000D9FD0C4D45436519280070BD0129FBD034
:10BD9000FA239B00994200D34C08601C80B24010EB
:10BDA00021004019F6F7C6FD44432500ECE7C046E4
:10BDB00041030000C4090000484B0100C218484B71
:10BDC00000B59A4200D985E0464B474AC3189342D2
:10BDD00000D87FE0454B18780A2800D97AE0F6F7BA
:10BDE0008BFD061963232D2F384347796D00404B97
:10BDF000994200D86EE03F4B0020994205D93E4B56
:10BE0000994203D83D4B1878013800BD3C48884220
:10BE10008041FAE73B4B3C4ACB1800209342F4D9CF
:10BE20003A4B3B48C918F2E73A4A364B0020CB1848
:10BE30009342EAD9384B3948C918E8E7324AF4E75F
:10BE40002B4B994246D9364B00209942DDD9354BD0
:10BE5000E7E7274B99423DD9314B00209942D4D98D
:10BE6000304B3148C918D2E7304B3148C918CEE7BA
:10BE7000304B314ACB1800209342C6D92F4BCB18F8
:10BE80009342C2D92E4B9942BFD02E4B9942BCD07F
:10BE90002D4B9942B9D02D4B9942B6D02C4BC81896
:10BEA000431E98414042B0E7164B174ACB1800207A
:10BEB0009342AAD9184B2748C918A8E70022264B55
:10BEC0001868884202D85868884205D80132083379
:10BED000072AF5D10120E5E7002096E7C088E4FFB6
:10BEE000402DA40740B23EFC3F6F4001801F002060
:10BEF0009F0BD100BF0E1602FF59620234040020CE
:10BF000000879303004624FF7F1A060080217FFDEF
:10BF1000BFC62D003F0D030040DF6FFD3F420F0005
:10BF2000BF80090100A69DFDBFFB3900CF7257FD00
:10BF30003E49000068343EFD5C440000489336FDF5
:10BF4000B0A8E70020C0E70090D7E700E8DAEB00F0
:10BF5000601914FF7F841E00ACCB01080222002070
:10BF6000034B1B78023BDBB29A424041C0B27047A0
:10BF70006A1F00200023144A1370144A1370144AD5
:10BF80001370144A1370144A1370144A1380144A1D
:10BF90001370144A1370144A1370144A1370144A1D
:10BFA0001370144A1268110034310978994201D192
:10BFB00013691B79104A13700022104B1A70104B32
:10BFC00001321A707047C046CD070020D407002008
:10BFD000D6070020DA070020D1070020CA0700207A
:10BFE000D5070020D2070020D0070020CF0700206F
:10BFF000CE0700206C1E0020D7070020DF1E002087
:10C00000711F0020030070B5094D0A4C2A78081EE4
:10C010002260237205D0084B0A211E68F6F78AFCBD
:10C020008019092301222B70044B60601A7070BDC7
:10C030005A1F00200C1F0020081F00206C1F00202A
:10C0400010B500200349FFF7DDFF0120FFF77AFD5F
:10C0500010BDC046B80B000010B5FFF7F1FF10BDD2
:10C0600010B5FFF7EDFF10BD10B500200349FFF735
:10C07000C9FF0420FFF766FD10BDC046B80B0000E5
:10C0800010B500210120FFF7BDFF0620FFF75AFD84
:10C0900010BD10B5FFF7F4FF10BD10B5FFF7F0FFAE
:10C0A00010BD00009322F8B51A4B52009A5C1C2375
:10C0B0005343194A06009B180122191D0D88B542E9
:10C0C00022D216484F88121892009B18FA225888DC
:10C0D00019889200C01B5043491BF6F7B5FC0400B9
:10C0E00028000F496043F6F7AFFCFA21C71930006A
:10C0F00089006043F6F71EFC381801D5002002E0E5
:10C10000642800DD6420F8BD01320431072AD5D14E
:10C11000F4E7C0468C1F002006E30108FFFFFF3F45
:10C1200018FCFFFF70B50400F6F7D4FB00230100F4
:10C130000A2518008B4200D370BDE25C303AD2B2BF
:10C14000092AF9D8684301331018DBB2F2E700007E
:10C15000064B10B5984208D88023DB01C018400078
:10C160000023022280B2F9F71BF810BD060400007C
:10C17000F8B5184B05000024984228D8FFF770FB4B
:10C180002700154EA0421BDA144AF900715A914259
:10C1900005D001370A2FF8D1FFF770FB0700802385
:10C1A000FF00DB01BC1C3419E8180222210040000A
:10C1B000F8F730FB0A4AF5531268F619726006E088
:10C1C000074AC4001268331902345A603419200037
:10C1D000F8BDC04606040000BC220020FFFF00009E
:10C1E000F41E0020224B73B504000D0098421DD8A8
:10C1F00000291BD08023DB01C0180222400001A9C6
:10C20000F8F708FB0222290001A80EF0A7FE00287B
:10C210000DD12000FFF724FB002807DB154B2A88EF
:10C22000C0001B185A80144A12685A6073BD290056
:10C230002000FFF78DFF2000FFF712FB0D4E0028B6
:10C2400007DBC0002B88301843800B4B1B68436012
:10C25000ECE70020094BC200B25A9A4204D00130E8
:10C260000A28F8D1FFF70AFBC0003452EAE7C046BB
:10C2700006040000BC220020F41E0020FFFF000086
:10C2800070B50500192811D080260024F600200082
:10C29000FFF76EFF4378AB4202D103787F2B05D9BD
:10C2A0000134A4B2B442F2D1002070BD0120FCE7F9
:10C2B000F7B506001924134B134D01932F782878F6
:10C2C000012E19D11921F6F7BBFB0131C8B2287034
:10C2D000FFF7D6FF00280ED12878B84203D0013CE2
:10C2E000E4B2002CEBD1FFF7CBFF002803D11922D9
:10C2F000019B29331A70F7BD19211730F6F78AFC14
:10C30000E3E7C0468C1F0020B51F002070B5060073
:10C310000C001500FFF72CFF8023DB009E4229D282
:10C320000378002C02D05AB2002A23DBDB435B07E0
:10C3300020D0002C1CD0182D04D94378002B03D01A
:10C34000200070BD002D15D04378192BF8D0AB42DA
:10C3500010D1094A094B1278002AF1D09A8D002495
:10C36000B242EDD0DC8DA41B631E9C41E4B2E7E732
:10C370000124E5E70024E3E7B61F00208C1F00201E
:10C38000F7B58025ED000E0004002F000092019308
:10C390000B4B9C4212D0BC429B411C402000019A96
:10C3A0000099FFF7B3FF002806D1013DA419ADB2F3
:10C3B000A4B2002DECD1024C2000FEBD014CEDE7F3
:10C3C000FFFF0000FF0300000279531E022B03D978
:10C3D00000230371002105E06723012A00D1363BC9
:10C3E0009942F7D841717047F0B5036904008BB0EA
:10C3F0001868FFF7A1FC022800DD71E0674B684A6E
:10C40000D57D002D00D06EE0A31CDD7781235B423B
:10C410006384FE23FF22DB01A384E31DDA776369D3
:10C420001868FFF789FC2300019029331B785D1EF3
:10C43000EDB2002B01D15B4B1D780123052D03D0FC
:10C44000AB1F5A4253415B00019A574950180322CF
:10C4500053430001C01804A9F8F7DCF9534B0293C9
:10C46000019B022B01D1524B02936B1F5A1E934129
:10C4700003260333039304AF387803001833DBB289
:10C48000052D06D8039B5843029B595DF6F7DCFA4D
:10C49000C3B2013EF6B23B700137002EECD104ABC3
:10C4A000019A18785D789F78424BD200D1589B183A
:10C4B0005E6863691B6899420EDA9E4200DC6BE09D
:10C4C0008A1952089A4262DB2E1A581A7043511A7E
:10C4D000F6F7BAFA2818C0B22A3420700BB0F0BDB3
:10C4E00080235B028BE7ED1823002F002133049398
:10C4F00003330593023B069303330793023B0893F0
:10C500000333099304AE60372800012202CE1035B0
:10C51000F8F780F9AF42F7D1E31CDB7F201D0193D0
:10C52000A71CC57FF87F611D4210CE7FE11D944698
:10C53000C97F019AA31DDB7F520049004008864253
:10C5400003D1012E01D9023EB6B2934203D17D2B15
:10C5500001D802339BB28D4203D1FD2D01D80235A3
:10C56000ADB26046F877601DC677FF2900DDFF2178
:10C57000E01DC177211DCD777F2A00DD7F22E11CE0
:10C58000CA777F2B00DD7F23A21DD37747E77F1B70
:10C59000981A7843B11A9BE738009DE760000100C4
:10C5A0008C1F0020640000200D100000FAE201083A
:10C5B00000E30108ACCB010870B51500040044226B
:10C5C0000E00043000210EF01DFB2800FFF7B4FB25
:10C5D0000D4B0422A383230008332086E683DA77F9
:10C5E00002226361094BFF3222852560A560246128
:10C5F0009E4204D12300013AFF3A34331A702000DE
:10C60000FFF7F2FE70BDC046E20400000104000026
:10C61000421CD27F0368012A03D182699B18836080
:10C620007047022AFBD182699B1AF8E710B5114BBB
:10C630005A7B012A01D900225A73991D5A7BC97F5E
:10C640001000002906D0591DC97F002902D150428F
:10C650005041C0B248214A434143074C88329A189E
:10C6600022608831054A18735B181360FFF718F9C8
:10C6700010BDC0468C1F0020601F00206C1E0020D3
:10C6800070B54A4D2B682D331C78012C03D1484BD3
:10C690001C780134E4B2A02380220026DB0552007E
:10C6A0009A62444B310030001E70F7F72DFE022CC9
:10C6B00000D9340020000CF08FFE2B685B691868ED
:10C6C000F7F79CFE3C4B00201B681A0034321278AE
:10C6D000824206D135331B78012B01D0022B00D9C1
:10C6E0001800F7F7C3FE0020F7F794FE7E20F7F757
:10C6F00083F9382328219843014389B27E20F7F734
:10C7000071FCF7F705FF00213620F7F76BFC3720A7
:10C710002A49F7F767FC52202949F7F763FC002103
:10C720003020F7F75FFC27493020F7F75BFC2648FD
:10C73000F8F78AFA2B685B691868F7F7D5FF0121CB
:10C740000800F7F7E1FD2148F8F77EFA2A6820494A
:10C75000130052692A3310681B782222884200D8BD
:10C760001A3A80211B02134319433620F7F73AFC8B
:10C770001548F8F769FA2B685A69107901280DD025
:10C78000831E012B05D85179FFF742F8F7F7D2FD48
:10C7900070BD00215120F7F725FCF9E752790D4BC8
:10C7A0005200D05AF7F7E2FDF2E7C046681E0020BB
:10C7B00024080020741E00206C1E00201F9D000015
:10C7C0008F020000FEC10000102700008813000047
:10C7D000FF3EAB0192E3010810B51D4B400008433A
:10C7E0001A78C0B20C00824230D018707E20F7F761
:10C7F00003F9C3439BB2DB0BA34209D1C02100055F
:10C80000000DDB031843890101437E20F7F7EAFBA3
:10C81000C62110208900F7F7E5FB11200D49F7F735
:10C82000E1FB12200C49F7F7DDFB13200B49F7F76A
:10C83000D9FB842114208900F7F7D4FB492008494B
:10C84000F7F7D0FB7B200749F7F7CCFB10BDC046BC
:10C85000620000203A030000DB030000DF03000059
:10C86000B22A0000DC73000070B504000520022C21
:10C8700000D00438F7F7CEFD3120F7F7BDF8012CD2
:10C8800055D1204381B23120F7F7ACFB422040491B
:10C89000F7F7A8FB2A203F49F7F7A4FB3E4B1E7889
:10C8A000022E00D900263D4DF600715B2B20AD19FC
:10C8B000F7F798FB2F206988F7F794FB5420A98895
:10C8C000F7F790FB5520E988F7F78CFB344B1B6892
:10C8D0002D331878002800D003200CF07DFD48206F
:10C8E000F7F78AF80F23184381B24820F7F77AFB4D
:10C8F000A11E4B1E99412B4B494219403D20F7F791
:10C9000071FB7320F7F778F821004B1E9941102333
:10C91000013C984363425C410901014389B27320A1
:10C92000F7F760FB0021E0B2FFF756FF70BD01236F
:10C93000984381B23120F7F755FB42201A49F7F7A7
:10C9400051FBE8212A20C901F7F74CFB00212B20DD
:10C95000F7F748FB2F201549F7F744FB022C08D1C5
:10C9600013495420F7F73EFB12495520F7F73AFBDD
:10C97000B5E7114B1E78042E00D900260F4DB600E6
:10C98000715B5420AD19F7F72DFB6988EDE7C046C0
:10C990005C6F00003474000026080020CEE201081D
:10C9A0006C1E0020AB2A00005A6B0000909800001B
:10C9B00009900000A931000025080020E6E20108E6
:10C9C0000D4B002807D11870587001220B4B1870BE
:10C9D0000B4B1A707047062804D1032218705A7046
:10C9E0000520F2E70749084AC97F002902D1127BD6
:10C9F0009854F5E7527BFBE7B82200201F1F002068
:10CA00006C1F0020921F00208C1F00200121814AF2
:10CA100010B51368013313607F4B197010687F4B9A
:10CA20004343CB417E48834236D87E4B7E481970C3
:10CA30000388002B06D0013B9BB20380002B01D161
:10CA40007A4B19707A490B88142B08D90B88013B53
:10CA50009BB20B80142B02D10121764B19707649C1
:10CA60000B88002B03D00B88013B9BB20B807349D2
:10CA70000B88002B08D00B88013B9BB20B80002B4E
:10CA800002D101216E4B19706E490B78002B03D037
:10CA90000B78013BDBB20B7013689B0702D10122BC
:10CAA000694B1A70694A1378002B03D01378013B45
:10CAB000DBB21370664A1378002B03D01378013B66
:10CAC000DBB21370634B1B78002B4BD162490A8891
:10CAD000002A08D00A88013A92B20A80002A02D1BC
:10CAE0005E4A0121117000205D4A1056002847D18E
:10CAF0005C4A1278002A15D15B4AD27F002A11D0F5
:10CB00005A1E012A0ED9042B0CD058490A88002A33
:10CB100008D00A88013A92B20A80002A02D1544A07
:10CB200001211170534A54491278002A5DD000281F
:10CB30005BD0524A1288002A57D151480278002A05
:10CB400053D1504A1278D4B2002A4ED1042B4CD083
:10CB50005A1E012A49D90A88013292B2182A1ED8CF
:10CB60000A801FE0052BBED147490A88002ABAD0A7
:10CB70000A88013A92B20A80002AB4D1434AB0E747
:10CB80005A1E012ACED93D490A88002ACAD00A88ED
:10CB9000013A92B20A80002AC4D1394AC0E7012280
:10CBA0000C8002703A490A88002A08D00A88013AA3
:10CBB00092B20A80002A02D10121364A1170364A07
:10CBC0001278002A15D0022B11D8002B11D1334A2C
:10CBD0001388002B0DD01388013B9BB21380002BD0
:10CBE00007D101222E4B1A7003E00022B8E7042B74
:10CBF000EDD12C4A1388002B03D01388013B9BB244
:10CC00001380294A1378002B03D01378013BDBB241
:10CC1000137010BD081F00206F1F0020295C8FC2F9
:10CC200051B81E056E1F0020B62200202D230020C3
:10CC300080030020FA1E0020661F0020681F0020CD
:10CC4000F01E0020F91E0020CC070020CF07002096
:10CC5000D00700206A1F002058000020E81E002096
:10CC6000241F00203E1F0020911F0020D807002015
:10CC70005A00002003000020B422002046080020B3
:10CC80005B000020DA070020381F0020E61E00208D
:10CC9000CA070020D1070020231F0020D81E002033
:10CCA000E91E0020DC1E0020DF200020F0B510254A
:10CCB0009BB006AC2A00002120000DF0A3FF2A0043
:10CCC00000210AA80DF09EFF2A0038480AA9F7F7AC
:10CCD000A1FD374E0AA83100F5F7F2FD12AF00288A
:10CCE00000D188E02A0031000EA80EF0C3F800231E
:10CCF0002A002E480EA9F8F753FA0822002104A8AA
:10CD00000DF080FFA020082204A90002F7F782FDA1
:10CD10006B463F221B7DA02093436A4604A91375EE
:10CD2000000200230822F8F73BFA0822002102A89B
:10CD30000DF068FF08221F4802A9F7F76BFD6B464C
:10CD40006A465B7B1B48AB43537302A9002308224E
:10CD5000F8F726FA202239001748F7F75BFD002282
:10CD6000BB5C002B06D0203B5E2B17D80132102A6B
:10CD7000F6D100230022B918097C002921D02039DE
:10CD80005E291BD91022002116A80DF03BFF0023BD
:10CD9000202239000848F8F703FA14E01022002195
:10CDA00038000DF02FFF0123E4E7C04660A100002A
:10CDB0004CC1010858A10000C8A000000132102A8F
:10CDC000D9D1002BE3D107226946D048F7F722FDDD
:10CDD00000256B465B5701330DD10135072DF8D186
:10CDE0002A00CB4968460EF03CF800232A00694629
:10CDF000C648F8F7D5F9A020082221000002F7F76D
:10CE000009FD0F2322781340042B00D90023C149C8
:10CE10000B7013092F2A00D90023BF4A13706378BF
:10CE2000092B00D90123BD4DEB75A3785A1FD2B24F
:10CE3000AE2A00D90B232B76237901211A000A4050
:10CE40006A765A080A402A779A06120F042A00D9ED
:10CE500000226A7701229B091340EB766379013B3C
:10CE600059424B41AB77A379092B00D91300EB77DB
:10CE7000E379082B00D904232A004B3213702100D8
:10CE80000822A748F7F7C6FC0F23227813400A2B85
:10CE900000DD0A232621DBB21209FF316B549A42CE
:10CEA0009B411A4092235B00EA546378032B00D91C
:10CEB0000023AA1CD377A378022B00D90023AA1D34
:10CEC000D377E378052B00D90423EA1DD3772379A0
:10CED000022B00D901236A1DD37763793D2B00D93A
:10CEE0000C232A0001210832D377A379EA1C180009
:10CEF000CB400840D0778B4A0B4013702B1DD9775D
:10CF000007222900E37938311A400A702A00DB0829
:10CF100039321370390010228348F7F77BFC8222E4
:10CF20003B88D200934200D9804B80227B4ED200B6
:10CF300033807B889342924113403381BB887C4A83
:10CF40009A18062A00D9794B8222B380FB88D20036
:10CF5000934200D9754B802273803B89D200934263
:10CF60009241134073817B89714A9A18062A00D92D
:10CF70006E4B04220EA96F48F380F7F74BFC3B225F
:10CF80006B4603219B18B27D1B788A4369465B0779
:10CF90009B0F1A43B275684A5B009A5A098F9142F7
:10CFA00004D366481B5A8B4200D30A002A826B4680
:10CFB0003A229B181B780132AB746B469B181B7886
:10CFC0005F49DB07DB0F25325E48EB74F7F722FC85
:10CFD00009F0ACF8082221005B48F7F71BFC01229E
:10CFE000237801351A40EA775A08312B00D90022FC
:10CFF00024234A4DFF33EA546378182B00D90323C6
:10D000002A0047321370A378182B00D900232A0076
:10D0100048321370E378182B00D904232A004932D0
:10D0200013702379182B00D900232A004A32137079
:10D030006379682B00D90E232A0028321370A37954
:10D04000282B00D900232A003E321370E379052BE8
:10D0500000D903232A00403221003C4813700822E3
:10D06000F7F7D8FB01223A4806AC115D0B004033BC
:10D07000DBB2802B00D881540132082AF5D121007F
:10D080003448F7F7C7FB6378032B00D900232A0045
:10D0900041321370A3780A2B00D900232A004632AC
:10D0A0001370E378012B00D900236B732379042BD1
:10D0B00000D9002393225200AB54233AFF3A2100B7
:10D0C0002548F7F7A7FB22882B1DDA87A378072BC3
:10D0D00000D900232A0044321370E3780F2B00D9C3
:10D0E00000232A0045321370210008221B48F7F75D
:10D0F00091FB23785A1E93412A007E321370627985
:10D10000642A00D94FE10A23534329E0B9A0000063
:10D110001C00002025080020260800208C1F00206D
:10D1200008A000002408002010A000000504000052
:10D1300000FCFFFF20A00000FCCF010804D0010884
:10D14000761E002028A00000A8A00000B8A00000C3
:10D150001B000020C0A00000B4A00000E8A0000058
:10D160002A00743213806423A2799A4201D85A3B70
:10D1700053432A00763213806423E2799A4201D81D
:10D180005A3B53432A0078321380210008228948F1
:10D19000F7F740FB642322789A4201D85A3B534365
:10D1A0002A007A321380642362789A4201D85A3B6B
:10D1B000534332007C3213807F49804A80480AF012
:10D1C00069FF804A804981480AF064FF08222100F3
:10D1D0007F48F7F71FFB7F2322781340591E182939
:10D1E00000D90123310029310B703300D2092A33D1
:10D1F0001A7019236B441A785B7821001B021343C1
:10D20000B3851B236B441A785B7872481B02134367
:10D21000F3851D236B441A785B784E361B0213434B
:10D2200008223380F7F7F6FA23780A2B00D9002377
:10D23000694A13706279694B511E8A411A70E37909
:10D24000674A9907C90F11701A07920F032A00D174
:10D25000013A64490A70644AD906C90F1170634AD9
:10D260009B0913702B1DDB7F002B01D1AB682B605A
:10D2700060225F495F48F7F7CDFA002301201900CB
:10D280005D4A404201331080516008320A2BF9D1C7
:10D2900080235B020E93022300250EAEB3806B0049
:10D2A000F05A564B984201D8FEF762FF0135032D24
:10D2B000F5D100257F2607272800FEF759FF011E1C
:10D2C00008D002884E4B9A4200D06FE007802800B9
:10D2D000FEF788FF01354B4BADB29D42ECD10025E6
:10D2E000102249494948F7F795FA494B082221008D
:10D2F00048481D70F7F78EFAE3791A096F2B00D9A9
:10D300002A0045490A701A00FF3A511E8A414349D2
:10D310001A400A700021FF2B02D0580801318143C6
:10D320003F4801700021FF2B01D01B07990F3D4B97
:10D330001970A1790B093F2900D900233A480370DD
:10D340000C200023014201D10F330B400125374946
:10D3500006A80B704379364C19090D402570847866
:10D36000032C00D90024334D2C70334C4D07ED0FA6
:10D370002570324CC90821700F210B40591E0E290F
:10D3800000D90A232E490B70037901202D4918403A
:10D3900008705908F12B00D93C212B4B19702B4BED
:10D3A0001A701BB0F0BD96235B00D9E603783340BA
:10D3B00003708FE7F0A00000DC1F002055C10108BA
:10D3C00010A100005BC10108EE1F002020A1000099
:10D3D00030A1000050A10000801F00203404002074
:10D3E00010070020251F002012070020C80700207A
:10D3F000542200200E880000BC22002006040000F9
:10D40000FFFF0000070400004422002038A10000B4
:10D410004022002058A10000640000203123002099
:10D4200003000020DD070020F81E00201A1F002046
:10D4300054080020B5070020302300202F230020AF
:10D44000360000206B1F00205E000020EF1E002031
:10D4500037B5404D082229003F48F7F7DBF93F4C2C
:10D46000082229003E480DF0FCFC2000082229007B
:10D4700028300DF0F6FC20000822290030300DF095
:10D48000F0FC210008223748F7F7C4F920002100FA
:10D49000082208300DF0E5FC2000210008221030A1
:10D4A0000DF0DFFC304C0C2221003048F7F7B2F9C8
:10D4B0002F4B22889A4203D92E4B238064336380FA
:10D4C0002D4B022263812D4C2D4BE07F2D49C0183E
:10D4D0004000F7F79FF92C4BE07F0222C0182B4940
:10D4E0004000F7F797F922004B3211782200284BC1
:10D4F0004C325B5C2748137069460822F7F78AF9BB
:10D500006B460021595EFA23FA229B00CB189BB28E
:10D51000D200934200D900212300803319806B464A
:10D520009B793F2B00D93A232200823213706A463E
:10D53000D2790F2A00D90822200083342370B12326
:10D54000DB01C9188430027089B23B20F6F74AFD2E
:10D5500037BDC04620220020C00001000822002064
:10D5600028220020C80001002A1F002040010100DD
:10D57000871300006C070000FC0800008C1F0020CF
:10D58000A8800000A8200020B4800000AA2000206D
:10D59000B6E201088801010070B500240E00050004
:10D5A0000470220021003000FEF7B0FEA04217D028
:10D5B0008023DB00F0180A2229000001F7F72AF97E
:10D5C0002200AB5C203B5F2B02D801320A2AF8D143
:10D5D0000023AB54013A511C02D0A95C2029F8D099
:10D5E00070BD00004823F0B543438BB08A4C0393D1
:10D5F00088331B190093894B07001B780591002B7A
:10D600000CD14300E1188888854A904201D18548B1
:10D610008880E15A914201D1824AE25282237D0000
:10D62000665BDB009E4231D8103B9E420CD230003C
:10D63000FBB200220121FEF7A3FE7B4B06009842BD
:10D640001FD163199E8866533000FEF791FD80223A
:10D65000038875490290D2008B4219D1964204D2B8
:10D660006D4B7F00D9198E88FE52704B704AF318AB
:10D670009BB2DB0031009A580098FEF79DFF0BB07B
:10D68000F0BD3B1D5B006053E052DDE7654EDBE71C
:10D69000029B1B785B075B0F0193072B01D1023BB9
:10D6A0000193964200D3B2E0029B597848227A4314
:10D6B000594B01989B181A00A6331E808023B8325C
:10D6C0001080023A1170DB009E4200D3B8E0059B47
:10D6D000022B00D0C4E0330104930822049808AC64
:10D6E00021008018F7F796F8E0780F240440022C08
:10D6F00000D9002448210A007A43474B9A18A832DF
:10D70000147002092F2800D9002279435B18BC331A
:10D710001A7008AB9A79172A00D9042248237B4350
:10D720003D490024CB18059119001800AF310A704B
:10D7300040495200525AA43002801A000F21B432DC
:10D7400008AD1470AA78183811400170120994338A
:10D75000297800981A70FEF737FE0398059B9030E1
:10D76000C0186978FEF730FE2A790123FF2A00D11C
:10D77000F3E014005508D106500992091A401C40E4
:10D780001D40490F1840059248227A439446B3221F
:10D79000214B634494469C44624614701C00B5348B
:10D7A0002570043C21701900059AB033BB311A7002
:10D7B000087008AB5B790022FF2B04D01B075A0FBF
:10D7C000042A00D9002248237B43134C06A9E318FE
:10D7D000BA331A7004980822F7F71CF806994B1C04
:10D7E00003D1019A124BD200D158482213007B4337
:10D7F000E31888331960104B0799994201D90F4BF0
:10D8000007937A43079BA418A034236028E0F3B25F
:10D81000192101934AE7C0468C1F002034040020E0
:10D820000404000005040000FFFF000000FCFFFFEF
:10D83000ACCB010894CD0108FFE0F50540420F0094
:10D84000330080335B013A019B180493059B022B44
:10D8500000D142E7434BF3189BB2062B00D83CE7BC
:10D8600048257D43404C6319019388331D68280087
:10D87000FEF762FA3D4AC3B2DB009858A8420DD8C1
:10D88000D2185068A84209D380232800DB009E42AA
:10D8900004D3019DA4352988FEF75CFA48257D4311
:10D8A00065192B00883318608023DB009E4207D364
:10D8B0002B00A035A43319882868FEF74BFA28609E
:10D8C0000098FEF7A5FE8023DB009E4205D2039858
:10D8D0003100BE302018FFF75FFE4823190079435E
:10D8E0006118B331039A087890320099A218002881
:10D8F00001D01100009A7B43E31818009C331A6092
:10D900001B4B98301B780160002B07D1194A0B681C
:10D910009B18194A934201D8184B0B6048237B434C
:10D92000E3181900029ABD311278D206920F0A70DC
:10D93000134A1278002A02D0009A9C331A60114BC5
:10D940001B78002B05D048237B43E4180723B13410
:10D9500023700098FEF748FD91E62500190020008D
:10D96000059311E700FCFFFF8C1F0020ACCB0108E2
:10D970003404002040F1E9FD3F4B4C00A0B4940278
:10D980001E0800202008002007B56B460522FF2155
:10D99000D81C0DF037F969460E4A0F48937C8B70FE
:10D9A000138A0B80937DD27C9B075B0F0721134367
:10D9B000FF220B408A4313436A466946D370002313
:10D9C0000822F7F7EDFB0023602204490448F7F72B
:10D9D000E7FB07BD8C1F002020A00000761E002062
:10D9E00028A000000122034B1A70034B92181A80E2
:10D9F0007047C0462E230020B62200201FB5124BD0
:10DA00001A78002A1ED000241C70104B1A78A242EB
:10DA100018D0102269460E481C70F6F7FBFE6946C6
:10DA20000C4B0B481A880A801A894A809A888A8087
:10DA30005A88CA805A890A81DB8810224B812300C8
:10DA4000F7F7AEFB1FBDC0462D2300202E2300207C
:10DA500010A000008C1F00200F22F0B500263C21F2
:10DA6000BB4B97B01B7802AC1340BA4ABA4D127840
:10DA70002F1D120113432370EB7DA02063702B7EBA
:10DA8000E670A3702B7FEA7E5B00920113436A7EEF
:10DA9000000213436A7F92000A4013432371AB7F55
:10DAA00026226371EB7FFF32A3712B004B331B786F
:10DAB0002100E37192235B00EB5CAA5C1B019B18C5
:10DAC0002372AB1CDB7F6372A44BDB7FA372EB1D65
:10DAD000DB7FE3726B1DDB7F23732B000833DB7F5F
:10DAE00063739F4BFA7F1B7892005B001343EA1C21
:10DAF000D27F1343A3732B00072238331B781340C4
:10DB0000984A1278D2001343E37310223300F7F7D8
:10DB100047FB502221009448F6F77CFE2423FF3374
:10DB2000EB5C6A1CD27F5B0013432A0023702B003E
:10DB3000473212784A331B7862702A0023712B0017
:10DB400048321288283362801B780A2163712B00C7
:10DB50003E331B78A3712B0040331B78E371FB8F9E
:10DB6000FF27A3817D4BDB8FE3812823FF33EB5C11
:10DB7000637494235B00EB5CA3742B003F331B782E
:10DB800023762B0041331B7863762B0046331B78BA
:10DB9000A3766B7BE37693235B00EB5C23772B0010
:10DBA0007E331A7812AB1A702B0074331888F4F78E
:10DBB000C1FE4D236B4418702B00763318880A2160
:10DBC000F4F7B8FE4E236B4418702B007833188896
:10DBD0000A21F4F7AFFE4F236B4418702B007A3301
:10DBE00018880A21F4F7A6FE14AB18702B007C33BA
:10DBF00018880A21F4F79EFE51236B4418705022B6
:10DC0000330021005848F7F7CBFA7F22554BE771D4
:10DC10001B78210013402A002A3212785348D2017F
:10DC200013432370AB8D082263701B0AA370EB8D26
:10DC3000E3701B0A23712B004E331B8863711B0A90
:10DC4000A3713300F7F7ACFA0920072239006844C2
:10DC50000CF0D8FF464BA6711B782370454B1B7800
:10DC60006371454B1B78B34201D1FD23E3710C2155
:10DC7000424BE2791B788A439B000B401343404A96
:10DC8000E3711278002A02D110329343E3713F22EC
:10DC9000E379210013403B4A3B4812789201134339
:10DCA000E37108220023F7F77BFA082221003748A6
:10DCB000F6F7B0FD0F21364B364A1B7812785B0021
:10DCC00013432371344A354B12781B78D2009B00E2
:10DCD0001343334A12781343324A5BB212781B0162
:10DCE000A270314A12780A40134363712F4A304BB5
:10DCF00012781B7812010B401343A3712D4B1A7835
:10DD00002D4B1B78002B01D102331A430C212B4BD6
:10DD10001E481B7882359B000B4029490978090170
:10DD20000B431A4321000023E2710822F7F738FA67
:10DD3000694608222348F6F76DFD6A462B78694646
:10DD40009371204800230822F7F72AFA17B0F0BD94
:10DD500025080020260800208C1F0020921F00208C
:10DD600024080020B51F0020A8A0000030A100005A
:10DD7000801F00203404002010070020251F0020F1
:10DD800012070020C807002050A1000058A1000081
:10DD90005E0000206B1F00202F2300203023002076
:10DDA00054080020B507002036000020F81E00208F
:10DDB0001A1F00203123002003000020DD0700206F
:10DDC000640000208801010030B50D0085B01022EC
:10DDD0000021040068460CF015FF2800F4F77AFDD6
:10DDE00002000A2800D90A22290068460DF039F8F5
:10DDF00080232001DB0180B2C01810220023694675
:10DE0000F7F7CEF905B030BD7FB505001E00344BE5
:10DE10000800EB189BB21400062B5DD8421E9041FF
:10DE200090220001120280185B01C0186A46236824
:10DE300069460093A36980B2019363791372637B8F
:10DE40005372237B22791B0113436A46937223008A
:10DE500034331B78621CD27F1B0113436A46D37292
:10DE600023002200283333321B7812789B015201A1
:10DE7000134322002B3212781343220029321278E6
:10DE80009200134322002D321278520013436A4647
:10DE9000137323000E2232331B785B0013406A4653
:10DEA000537323000833DB7F93730023D373102253
:10DEB000F7F776F9012321001A0028000AF04AFC3E
:10DEC0008023DB009D4206D2022E04D921002800C7
:10DED0003631FFF779FF7FBD2801012EFBD9A5E779
:10DEE00000FCFFFF73B51E4D694628000822F6F7B7
:10DEF00091FC1C4C072226001B4B29361B7828005E
:10DF000013403278194DD20013436A466946D371E3
:10DF100000230822F7F744F9280069460822F6F79B
:10DF200079FC7F2233782800134022002A321278AD
:10DF30006946D20113436A461370A38D53701B0ABE
:10DF40009370E38D4E34D3701B0A13712388537181
:10DF50001B0A937100230822F7F722F973BDC0460C
:10DF600008A000008C1F0020C41F002030A100006A
:10DF700030B5042587B0084C0A00010001A8FDF760
:10DF800023FD112300216F20A56201AAF6F714FDDD
:10DF9000A56107B030BDC04600040050F7B51600BB
:10DFA00004000D001F00F4F795FC731C0093231868
:10DFB00001350193019B9C4200D1F7BD21782139A5
:10DFC000CBB25D2B05D871433200280079180CF0D4
:10DFD00048FF009B0134ED18ECE70000F0B585B078
:10DFE0001C000AAB1B780F00150006000293F4F723
:10DFF00071FCBD4207D9029BED1B43430135ED1A6D
:10E000006D08EF19FFB2E2010134144BE401D2199B
:10E01000E419D218E418331801920393039B9E422B
:10E0200001D105B0F0BD3578213DEBB25D2B0DD8A7
:10E030000E235D430A4F0722E919019807350CF0BA
:10E0400010FF07222000E9190CF00BFF029A019B38
:10E05000944663440193A4180136DFE7E11A0020D7
:10E0600092DD0108F8B51D0006000F001400F4F75A
:10E0700031FC0300A74207D207205843E11B0131BE
:10E08000091A49087F18FFB2044AE901C91930008A
:10E090008918034B0622FFF781FFF8BDE11A002023
:10E0A0005EDB0108F7B507000C001D001600FFF746
:10E0B000D9FF3800F4F70EFC07234343601C1818FF
:10E0C000C0B2002E04D0331C864200D9031CD8B243
:10E0D000021C7F2800D97F22D3B20193E901144B9F
:10E0E000002C07D0601E5F183E5CB4467F26624657
:10E0F00056403E5480220E005242944660181B182F
:10E10000803E019AA24207D8094BED015D197F2399
:10E11000A95C4B40AB54F7BD18786246C0435F1A08
:10E120001870B85D01345040B855E4B20133E8E7E7
:10E13000E11A0020F7B5204E1D00337804001F4F70
:10E1400000910192012B22D11D490CF082FE2B007F
:10E15000002220000099FFF7A5FF3A78194B5200E2
:10E16000D75A0A213800F4F76BFC38008EB20A2126
:10E17000F4F7E0FB3300144982B2200007F012FCF0
:10E180002B00002220000199FFF76CFFF7BD0F491B
:10E190000CF05FFE2B00002200992000FFF782FFA9
:10E1A0003A780B4B31785200D25A4E23032900D1D2
:10E1B000053B0849E1E7C0461F0500200800002094
:10E1C00061C1010892E30108D0C1010867C10108DB
:10E1D000F6E301086BC10108F8B51D0006000F0049
:10E1E0001400F4F777FB0300A74207D20720584337
:10E1F000E11B0131091A49087F18FFB2044AE901FD
:10E20000C91930008918034B0622FFF7C7FEF8BD75
:10E21000E11A00202AD90108F0B50027234CD201C9
:10E2200085B05218141902930190F4F753FB25009E
:10E230003B00C2B280350392039ABA4201DC05B0BA
:10E24000F0BD019AD65D2D2E2CD0002B01D1202EB1
:10E2500022D03300303B0A2B13D81421303E4E43DA
:10E26000134B0A22F6183100A01C0CF0FAFD310005
:10E270000A22A81C0A310CF0F4FD01230D340D35DF
:10E2800008E02E2EF9D1602303342B706B70AB7035
:10E2900003355F3B0137CFE7029A002AEED0063CF8
:10E2A000063DEBE73A26002BD7D1D2E7E11A002052
:10E2B0004ED8010830B5072501241540D208D201F7
:10E2C0008018425CAC401500A543002B01D02243CE
:10E2D000D5B2455430BD0000F0B50C0087B00593B1
:10E2E0000CAB1B78019202930090009B1B78002BD3
:10E2F00001D107B0F0BD03220026203BDBB253431F
:10E30000134A9B180493019B0633DBB20393049BCF
:10E31000019D9F5D01231F420AD0059BA1190D4855
:10E32000C9B2002B00D10C482A00029BFFF7C2FFA4
:10E330000135039BEDB27F089D42EBD10136032EE0
:10E34000E5D1009B04340133E4B20093CDE7C0462D
:10E350002ED7010855080020E11A002010B5084A00
:10E360000300527E002A09D0064A1278002A05D0FE
:10E37000054C00220C212000FFF72EFF10BDC046E7
:10E380008C1F00206D1F002073C10108E02210B512
:10E390000021024892000CF035FC10BDE11A00206B
:10E3A00070B586B0FFF7F2FF424B434C1B784348F1
:10E3B000022B11D0012B66D1414902A80CF049FD76
:10E3C000404B0D201A88404B684419784B1E9941E8
:10E3D000C9B2FDF737FB02A80823002200930221EF
:10E3E000073BFFF7FBFD394B1B78002B05D123784A
:10E3F0003748002B13D0032B11D0364B36491E68FB
:10E400003000F4F71DFB30000D003349F4F792FAA9
:10E410002B000200314902A807F0C4FA02A8082321
:10E42000002200930221053BFFF7D8FD23782C48FA
:10E43000012B1DD92B4B2C481B78002B18D02B4BB4
:10E440002B4A1B7812785B00012A2CD1294A0A2119
:10E45000D55A2800F4F7F4FA28008CB20A21F4F710
:10E4600069FA230082B2244902A807F09BFA02A8A5
:10E470000823002202210093033BFFF7AFFDF6F7CC
:10E48000E9FA06B070BD2378012B08D81B4A1C4856
:10E490001278D207A0D41B4A9B0098589CE71A48D0
:10E4A000022B99D1F7E7194A1949D25A02A807F065
:10E4B00079FADCE7061F0020051F002083C1010850
:10E4C000B7C10108102300200E230020031F0020E5
:10E4D00095C1010834050020A0860100BDC10108D6
:10E4E000A4C101082C050020ADC101082E050020A3
:10E4F0002D05002092E30108CAC10108041F002075
:10E5000015C3010858D3010889C10108F6E30108C1
:10E51000D8C1010810B58022002102480CF072FB1E
:10E5200010BDC0465508002070B5094E050034786E
:10E53000072C0CD8002C04D108220A2105480CF025
:10E5400061FB132D03D0631C3370024B1D5570BD4E
:10E550005F1F0020D003002030B500232D25074C7D
:10E560000748E25C29000A2A01D03032D1B2C154F6
:10E570000133082BF5D10023037230BDD0030020F6
:10E58000FF21002070B5041E0D4D08D101000520AB
:10E59000F5F7BAFE2B782100012B0DD170BD0121BA
:10E5A0000520F5F7B1FE2B78012BF7D0054B197B31
:10E5B00001394B425941C9B20620F5F7A5FEEDE7F6
:10E5C0006A1F00208C1F00200122024B1A70024B90
:10E5D0001A707047FA210020711F0020F0B5764BA9
:10E5E000ABB01B780590002B00D0B2E0734C032732
:10E5F000A38C002B00D102370021714B5956002902
:10E6000030DB704B1B78012B2CD06F4B6F48CA014D
:10E61000D21803780133DBB20370012B06D9002333
:10E620006B4D03702E78013373402B70684B1B7851
:10E63000002B00D18FE07F2000238446654E654685
:10E64000D05CA843F55C2843D0540133072BF6D1A6
:10E650000426614D013107230020AE62C9B2F6F7EE
:10E66000ABF9AE61637E002B03D05C4B1B78002BB3
:10E670006FD1544B1B78052B6BD1594B1B78012B59
:10E6800067D0584B1D78002D63D14F4BFA01D3183A
:10E690000393059B002B09D0802203990AA80CF054
:10E6A000E0FB8022290003980CF0ACFAF5F7C6FFD6
:10E6B0004D4A4E4B12684008128E9C56A03C2418BE
:10E6C00024B223005D3353DA0026230002968D33F3
:10E6D00005DB200006219330F4F7B6F9C6B27B1EA5
:10E6E000DBB20493221C353401DD414B1A88414BC7
:10E6F00012B21C78002C49D03F4906A807F052F905
:10E7000000228821049B06A8FFF7ACFC029B002B8B
:10E710004FD13200394906A807F044F90022A6215A
:10E72000049B06A8FFF79EFC029B3E209A19D2B2DA
:10E730000D23F9B2FDF7E8F8059B002B09D08022E4
:10E7400003990AA80CF00AFC002802D03800F6F75A
:10E7500086F92BB0F0BD7F208446294E6546D05CFB
:10E76000A843F55C2843D0540133072BF6D16FE75B
:10E7700025005D35282D00DD2825EDB20A21280071
:10E78000F4F7D8F8C3B209260293A8E71D4B1E4937
:10E7900006A807F007F90122084B9B8C009228324B
:10E7A000002B01D023001922022106A8FFF794FDB7
:10E7B000ACE72A001549AEE7DC0700208C1F0020DB
:10E7C000F62100205A1F0020E11A0020F521002028
:10E7D000F421002027D70108000400506D1F0020FD
:10E7E0006A1F0020431F00206C1E00201C00002018
:10E7F00050C001082F230020E3C10108EFC1010828
:10E8000020D70108CACA0108E7C10108F3C10108FD
:10E810000022F0B58F4BABB01B780E938E4B1A7065
:10E820008E4B1B785BB2934201D1FDF753F8FFF793
:10E83000ADFD8B4B1B78002B46D08A4B1C78002CEF
:10E8400042D18026FFF7A2FDB60087486F2200194B
:10E8500000218034854D0CF0D5F9B442F5D1C020AB
:10E860000A2204262024824B4000197801323143C9
:10E870001970195CD2B2214319540133762AF4D1AC
:10E880000B240126220033000A212800FFF712FD85
:10E8900022000134330075212800E4B2FFF70AFD9D
:10E8A000252CEFD108237622092172480093063BDC
:10E8B000FFF794FB0623762209216F48FFF7D2FB6E
:10E8C000F6F7C8F82BB0F0BD6C4C0320A38C002BDE
:10E8D00000D10230FFF742FD694B1B78002B00D1BD
:10E8E000B4E0237B0593674B08940993664B0B9325
:10E8F000002300210493614B03919A8C8A4205D036
:10E900000E99002902D10499890003915B7B0C9335
:10E91000039BDB010F930F99544BCB180A93002AEA
:10E9200000D0CBE0059B04998B4201D101F01CFB88
:10E93000089B02330893099B483309930B9B0133CF
:10E940000B93049B002B00D182E04C4DAB8C002B31
:10E950000DD14E4B1B68002B09D04D4B1B78FF2B64
:10E9600005D006232E22022114A8FFF7E3FB3A4C20
:10E970002378002B28D1FDF7F1FA464A03001278DC
:10E980000490002A01D100F0F9FE0A232370AB8C19
:10E990000324002B00D102343F4B1A78013AD2B243
:10E9A000052A01D900F0E0FE3C4B9200D5582F4BD0
:10E9B000E00180220021C0180CF024F97F220221FE
:10E9C0002800E3B2FFF708FC234B1B78092B01D08A
:10E9D00001F0BEF9324B1A7A002A01D101F0B8F9E0
:10E9E0001E889A78DD782F4B1C7A2F4B072A02D885
:10E9F0002E4B9200D358002C01D101F065FA402132
:10EA00002B4A1AA80CF04AFA03237F2200211AA8E5
:10EA1000FFF748FB3300274A40211AA80CF03EFAC2
:10EA200004237F22002C01D101F05BFA1AA80021F7
:10EA3000FFF738FB20491AA80CF00BFA05237F22B8
:10EA400000211AA8FFF72EFB01F082F9637B49E74A
:10EA500001234EE7071F00205A1F0020241F00201B
:10EA6000021F0020FE1E0020691B0020E11A00206A
:10EA70006B1B002032C201083EC201088C1F00201F
:10EA8000EC1E002024200020B82200204008002096
:10EA900008000020371F0020AD070020A0D6010885
:10EAA000280000200C1F002026C20108B8D601084B
:10EAB000B7C20108CAC20108D7C201080E9B002BC9
:10EAC00001D101F04BFA059B049A934200D02FE745
:10EAD0000C9B049AC349934201D101F0AEFA07227C
:10EAE0000A980CF0BEF9099B1B681F68BE4B1B7887
:10EAF0000793012B00D03AE1059B049A934200D082
:10EB0000BEE103992122079B002900D11A0000933E
:10EB10000A210023B548FFF7DFFBB54B049A1B7BA6
:10EB2000934200D0B8E0B34B1B785BB2002B00D10E
:10EB3000B2E0FDF713FA041E00D0ADE0AE4B1B7837
:10EB40000693012B00D8A7E0AC4B18211878069B40
:10EB50001830C01AF3F774FF1823069A0D919B1A08
:10EB60001293129B00209C423DD30D9A069B944623
:10EB70001600183B1B19DBB21193069BA04D634492
:10EB80001093A04B139318213000F3F759FF139BF8
:10EB90004900CB5A002B04D01A1CAB4200D92A1CC6
:10EBA00095B2109B0136B342EDD10D9B11989C4656
:10EBB00018216044F3F744FF924E49008B5B181E06
:10EBC00011D08F4A002095420DD0AA1C93420ADD35
:10EBD000581B0523584330211830F3F7ABFE0528A6
:10EBE00000D90520C0B21AABE0540134182CB8D1BA
:10EBF0001E2000210A9BDD1D12ABC0184E1C0029EF
:10EC000000D141E1002342789C46182E00D03CE11F
:10EC1000837806931300069C23436446234301D163
:10EC200001F092F9069B01335B009B1863449B083B
:10EC300001D101F090F9DBB200290FD00024A446E5
:10EC4000012901D001788C46069C52000234121929
:10EC5000624492082024D2B2002B13D00624E31A77
:10EC6000DBB21900002A09D0A11AC9B28B4205D81B
:10EC70001A1C8B4200D20A1C1900D3B200249942FC
:10EC800000D805E17F222B780130934323432B707A
:10EC90000135182E00D0F5E00024564B1C57002CEF
:10ECA00004D0534B049A1B7B934216D03800FDF7D7
:10ECB00083F8002811D0099B1B7E012B0DD1FDF795
:10ECC0004DF9002803D0504B1B68BB4205D00A9871
:10ECD00007224E4918300CF0C4F8089B1A8880238C
:10ECE000DB009A4200D3F0E0494B1B78002B07D0A1
:10ECF0003F4B04995B7B8B4202D1002C00D1CEE0CC
:10ED00004449013214A806F04DFE00220121039B64
:10ED10000133DBB214A8FFF7C5F90B9B1B780693F0
:10ED2000002B00D1E9E0062B00D962E1069A6B4680
:10ED3000940008221B7B2321009200223648205891
:10ED4000FFF74CF955E10023336001F057F9049BBC
:10ED500003215A42130008220B400092013900227D
:10ED600014A8FFF73BF901222C4B1A70E0E5FDF7E0
:10ED7000F5F81F4B002865D01A7B0499284B8A426E
:10ED800076D10B9A1278002A72D101211970254B85
:10ED90001A70254B039A1A701B4B1F60234B1B687C
:10EDA00034331B788B4216D1214B224A12789200C1
:10EDB000D15814A80CF04DF8039901232122002901
:10EDC00000D11A0000930A21002314A8FFF784FA47
:10EDD00002230793A1E61849022BEAD0174B184AE1
:10EDE000E4E7C0460FC301086A1F002015C20108EE
:10EDF0008C1F0020241F0020940400209504002074
:10EE0000FFFF000096040020F021002016C3010837
:10EE10005F1F002042C10108E4D601085A1F0020EC
:10EE2000191F0020181F0020F62100206C1E002052
:10EE300014D701082608002054C2010800D7010891
:10EE400025080020BB4A1268BA4210D19B8C002BC7
:10EE50000DD00021B84B212259560123002900D1A1
:10EE60001A00009308210023B448FFF735FAB44B89
:10EE70001B785BB2012BABD10222B14B1A70A7E712
:10EE80000023A6E73100B9E60A00C3789C46BFE636
:10EE900001228A4001311443E4B2C9B2EFE60723EC
:10EEA0001A00A848A84C815C0A2902D03031E154EC
:10EEB000013B013AF7D22D21A34A002B02DAA34AE3
:10EEC000A3491FE7D154013BF7E7A24BD318062B08
:10EED00000D922E7099B013219689F4B0868D2B21A
:10EEE0009E49984200D99E4914A806F05BFD039BF9
:10EEF000002201330221DBB20CE7089B1888994BF2
:10EF00001B78002B35D0934BC318062B31D8964B6A
:10EF1000049A5B7B93422CD18F4DFFF71DFBBD42C2
:10EF2000924152420332030014AC801800908F4982
:10EF3000200006F037FD6B461E7BAF4210D80F2035
:10EF4000731C12AD069A40197121DBB2FFF78AF8E3
:10EF5000069B320020212000E371FFF75DF9E7E412
:10EF600008232021009320003300069AFFF736F88B
:10EF7000DEE47F4B1B78012B06D1059B049A93425C
:10EF800002D1099B5B681F688023DB00984200D395
:10EF900062E1754B1B7F002B22D1FDF7E9F8037866
:10EFA0007F2B6ED84578192D71D86DD0002D6ED07D
:10EFB000704B6C1EA400E418200009F09FFD00288F
:10EFC00058D06D492A0014A806F0ECFC752114A84D
:10EFD0006B461A7B7F2302310093002309F02CFC3F
:10EFE000664BDB7F012B77D054D9023B012B00D835
:10EFF00081E0079B012B00D161E1002414AB1C7060
:10F000005F4B1F78A74200D084E1574B049A1B7BCB
:10F01000934201D1002F01D1099F103F594B1B781A
:10F02000002B00D0B9E13B0034331C78002C00D019
:10F0300098E1079B012B00D07FE17B691AAA1000A1
:10F040001979514B70CB70C01B680360484B1B781B
:10F05000032900D97CE188008558012900D078E196
:10F060007A691279012B00D069E1012A00D072E19E
:10F07000464D70E14649220014A806F093FC712128
:10F08000A5E775214348A3E771214348A0E7712113
:10F0900042489DE714AC21003800FCF7BDFC6B46EC
:10F0A0001D7B2D4B9F4210D80F206B1C12AE0022EF
:10F0B0007121DBB28019FEF7D5FF00232A00202141
:10F0C0002000E371FFF7A8F893E7082300220093DC
:10F0D00020212B00200033E6089B31491A8814A810
:10F0E000013206F05FFC08226B4624211B7B009254
:10F0F000002214A824E6089B14AC19882000FEF70F
:10F100004BFA2378002B06D1089B20001A8824494B
:10F11000013206F047FC6B46184A1C7BD27F124B2B
:10F12000022A3FD1002212AB9A74082321210093B6
:10F130002300DEE7F0210020F621002058C201085C
:10F14000191F0020D0030020FF21002003220020EF
:10F150005BC2010800FCFFFFFFE0F505FEC10108EE
:10F16000F9C101085F1F00208C1F002060C2010848
:10F170006A1F002054220020F4C101088E1F0020C5
:10F1800003000020071F002084BF010809C20108F6
:10F1900065C2010802C2010885C6010805C201084E
:10F1A0003FC101089A8C002A26D112AB9A74082319
:10F1B0002121009314A82300FEF710FFD04B9D8C53
:10F1C000002D32D114AE31003800FCF725FCE31CD1
:10F1D000DBB20D93CB4B9F4220D80F200434E3B217
:10F1E00012AC2A0071210019FEF73CFF2B002021F0
:10F1F00030000D9AF57165E7059B049A934206D19C
:10F2000023000022242114A8FEF7E6FFD6E72300FE
:10F210000022242114A8FEF725FFCFE708232A00A7
:10F220000093202130000D9B8AE53800B649F3F7A2
:10F2300007FC38000D00B449F3F77CFB01340200F1
:10F240002B00B24914A806F0ADFB00222421E3B242
:10F2500014A8FEF707FFCCE614AC21003800FCF739
:10F26000DBFB6B461D7BA74B9F421FD80F206B1CFF
:10F2700012AE00227121DBB28019FEF7F3FE0023EB
:10F280002A0020212000E371FEF7C6FF089B1888A2
:10F29000FCF76EFF182302781A4200D1A9E60A98FB
:10F2A00006229B4978300BF0DCFDA2E60823002201
:10F2B000009320212B002000FEF790FEE6E7954BFF
:10F2C0001B6829331C78002C21D10024924B1C5739
:10F2D000002C00DA91E6062C00D9062400263E27F1
:10F2E0008E4D0F9B5D198E4B1B78002B05D006238E
:10F2F000FF279B1B9F407F231F40280002223900CD
:10F3000001360BF07FFC0335B442ECD275E6013CCC
:10F3100064B2DDE7834B1B781F1E00D175E6824B7C
:10F320001B785BB21F1E00D16FE6FCF717FE2700AB
:10F33000002800D069E67D4F67E63B697EE6012A3A
:10F340000ED13B697A4D1B79012B09D1794D07E02C
:10F35000794D012B04D1059B049A774C934205D03B
:10F36000764C03E0754BA400E418734D079B012B0A
:10F3700015D17A691379012B13D0991E012900D96F
:10F38000F8E06F49022B00D06E4952796E4B520063
:10F39000D25A14A806F006FB17E06C4CE5E73A6970
:10F3A000E8E752796A4B5200D65A0A213000F3F747
:10F3B00047FB30008BB20A210793F3F7BBFA65498C
:10F3C00082B2079B14A806F0EDFA0026544B1B7876
:10F3D000002B00D1E8E0039B00220133DBB2B42113
:10F3E00028000793FEF73EFE079B002282212000A3
:10F3F000FEF738FE424B9B8C002B25D1564B1B78D9
:10F40000002B21D1002E05D132000221063314A891
:10F41000FEF728FEBD8B64212800F3F78BFA4F4BD3
:10F4200084B29D4200D9B9E064212800F3F708FBBB
:10F4300022008BB214A84A4906F0B4FA062300222F
:10F440002E2114A8FEF70EFE069B002B01D0052BE3
:10F450002CD13B0029331A78072314001C401A4290
:10F4600000D0CFE001252C4B1C782D4B3D491B785B
:10F47000002B00D1CAE0152228311AA80BF0F1FCAC
:10F4800003226243039B1AA901338818DBB20022CE
:10F49000AA21FEF7E7FD2620002D07D00A9B0322B4
:10F4A000181801303049FF300BF0DBFC3A68BB68BC
:10F4B0009A4200D1D8E07B1CD87FAC239B031A93DF
:10F4C0002A4B1B932A4B1B685A1CD27F002A03D05D
:10F4D0005A699A4200D1AFE00321F3F7B1FAC9B2F9
:10F4E0000F4B1A78002A00D1AEE049001AAA501832
:10F4F0000022BC21039B0133DBB2FEF7B3FDB3E076
:10F500008C1F0020FFE0F505A08601006AC20108FB
:10F510007DBF01086C1E002064000020E31B00205A
:10F520002F2300208C040020241F002038040020FA
:10F5300009C201082EC2010815C30108D8D6010866
:10F54000DDC1010888C30108F6E301080DC2010806
:10F5500092E3010874C20108221F00200F27000057
:10F560007AC201086CBF01081EC301082D004400C7
:10F57000601F0020BE8B64213000F3F761FA300079
:10F580008BB264210793F3F7D5F90A2682B2D049EA
:10F59000079B14A806F006FA764217E72200CD4929
:10F5A00014A806F0FFF949E7002D0ED02B78002BA8
:10F5B0000BD0039B3122002B00D1203A01233421B0
:10F5C000009328000023FEF787FE2378002B0BD042
:10F5D000039B3122002B00D1203A01230321009309
:10F5E00020000023FEF778FE039B44363122F1B25F
:10F5F000002B00D1203A012314A800930023FEF72A
:10F600006BFE21E7013C0025E4B22EE723223D31C9
:10F610001AA80BF026FC052363431AAAD018039BF3
:10F620003122002B00D1203A01231821009300231E
:10F63000FEF752FE13202FE73B002B331B78002BE5
:10F6400000D049E703214BE7032953D1039B312223
:10F65000002B00D1203A0123262012AC00932B214D
:10F6600000230019FEF738FE9B4B1C783B002B3320
:10F670001B78002B09D09948002C43D0039B002213
:10F680000133C121DBB2FEF7EDFC2D373B780025BD
:10F69000012B01D1924A1578ED181AA8914BAD00B3
:10F6A000002C3BD00200603352CB52C2039B00229D
:10F6B0000133D0214059DBB2FEF7D4FC0C9B049AF5
:10F6C000934201D0FFF734F9874B1B78002B36D0DB
:10F6D000864914A80BF0BDFB7F4B1B78002B35D05F
:10F6E000039B00220133E221DBB214A8FEF7BAFC2F
:10F6F000FFF71EF9039B490001331AA84018DBB23B
:10F70000A921FAE6039B3122002B00D1203A0123E4
:10F71000302100930023FEF7DFFDB6E702006C33D3
:10F7200052CB52C2039B31224059002B00D1203AC8
:10F7300001235B2100930023FEF7CEFDBEE76C4B57
:10F740006C49DA7D14A806F02DF9C5E7039B312238
:10F75000002B00D1203A01236E21009314A800232E
:10F76000FEF7BAFDFFF7E4F8634B644D1B78002BFE
:10F7700001D0FFF71CF9624DFFF719F9049A002A2E
:10F7800000D0DBE25F4A127852B2002A00D1D5E203
:10F790005D4A1278002A00D0D0E2022323705B4B2E
:10F7A0001B8809938023099ADB009A4207D3584BA0
:10F7B0001B68002B75D1FCF78DF8FFF705F929358B
:10F7C0002E78731E182B00D91926524B524A1978DD
:10F7D0000023994202D01078013343404F48047807
:10F7E000002C00D1B6E04E4C2478002C00D1B1E0C2
:10F7F0004C4C2478B44200D0ACE0002B00D0A9E0FF
:10F80000494B1B78002B00D0A4E01170474B1F8898
:10F81000002F01D1FFF7D8F80021454A344B157865
:10F82000444A1268D08B8D420BD080229C8DD2002E
:10F830001600944200D2ECE0DC8D944200D2ECE061
:10F840000D00002213003C4C0394039EDC08345D41
:10F8500007261E4034410126344203D0921992B249
:10F86000834206D0802401339BB2E400A342ECD152
:10F870000022324B002903D10392002A00D0D6E0A7
:10F880001A88131C002A00D101239BB20393002D78
:10F8900000D029E100212B000D000493284B069392
:10F8A00056E1284A1D4D1068224A2E7812681C4CD9
:10F8B000918B002E00D0BDE001262E700025257012
:10F8C000214C2360214B1860214B1960C5E0C046D4
:10F8D0007AC2010883C201082F23002020C7010833
:10F8E000240800206CBF01084808002087C20108D6
:10F8F0008C1F00208CC20108AE07002018C201082E
:10F9000010C20108241F00206D1F002044080020A1
:10F9100040080020AF070020FB210020FE2100202E
:10F92000ED210020EC210020FA210020FC21002004
:10F93000B61F00206C1E002060210020F82100204E
:10F94000A0C30108C8040020E8210020E421002011
:10F95000E0210020002501272C00574B11701F705B
:10F96000564B80220021077055481E700BF04AF953
:10F970008022002153480BF045F9534B1D80200095
:10F98000FCF7F6FB0390002837D0072203781340DA
:10F99000934232D04378192E20D1002B2DD007234B
:10F9A00038002340984003004549E208885C03433F
:10F9B0008B54039B6A1C1B7892B27F2B08D90723B8
:10F9C000E8081D403B00AB403E490D5C2B430B5407
:10F9D0003D4915000B8801330B800EE0192BDED05A
:10F9E0009E420AD1394A3A4B1278002AD7D09A8DD2
:10F9F000A24202D0DB8DA342D1D180230134A4B234
:10FA0000DB009C42BBD10022324B1A70324B1A8071
:10FA1000FCE60121844200D113E7DB8D0021B342D3
:10FA200000D30EE71B1A5A425341590009E7039AC3
:10FA30001A802CE72678002E00D03DE7274E366846
:10FA4000B34200D038E7264E3668B04200D033E7E4
:10FA5000244E3668B14200D02EE7204B1C68002CA3
:10FA600001D1FEF7B1FF1E4B1B680393A34201D2E5
:10FA7000FEF7AAFF1B4B1D68002D00D10135039B2B
:10FA80002900181B1668F2F755FF471C013000D1FA
:10FA900001272000B44203D80398B04200D93000B7
:10FAA0002900001BF2F746FF431C0393BB4200D919
:10FAB00003970125EEE6C046ED210020EC21002051
:10FAC00060210020E0200020FC210020B61F002043
:10FAD0008C1F0020FA210020F8210020E8210020BE
:10FAE000E4210020E02100200126B44B8E401B7849
:10FAF00003241A005809DB065B0F33432240DBB2B4
:10FB0000002804D00138C0B21900002811D121000A
:10FB100001200132D2B2022A00D900221C00D440B6
:10FB2000044200D0D3E00139C9B20029F1D10A0062
:10FB3000062089004001A24B01431143C9B206933C
:10FB4000002A05D09F4B06939F4B012A00D1A6E6C1
:10FB50009A4B3A00197000209C4905F023FF039945
:10FB6000C3B200919A4A1821C4B201971AA806F0AC
:10FB700003F9984B9B8C002B00D1AAE00323192694
:10FB80000A930123E40000933200002302211AA803
:10FB9000FEF7A2FBE3B200240793A54223D00B3368
:10FBA000DBB20893079B089D1233DBB20B93B31DA6
:10FBB0000C9334000023220029008748FEF77AFBCB
:10FBC00001340C9BE4B2A342F4D101350B9BEDB29E
:10FBD000AB42EED10123320000930899002306982E
:10FBE000FEF77AFB0B2400237C4AD3560B93079B2A
:10FBF0001C197D23E4B225000B34E4B21B1BDBB2DD
:10FC000009355E1E3000EDB20693012F0BD003982C
:10FC1000B84200D93800002800D1013001387043C3
:10FC2000791EF2F787FE0390B04200D903960C20AC
:10FC300012260A9B684AD901531858555D196E70EF
:10FC40001D007D352E7000257E331870644B091918
:10FC50001B88079708938B180A93069AEBB29A426F
:10FC600001D8FEF7B1FE079B0699D81BF2F762FE9A
:10FC70000699441C0798F2F75DFE00231A000399C9
:10FC80008D425A410B99D2B2013103D0039AAA4254
:10FC90005B41DAB22300844200D20300802109983C
:10FCA000C90088422BD2002C00D1013408998B4224
:10FCB00000D90B009C4205D8013C4A48A4B29BB233
:10FCC000A3420AD12D23002A12D10C3B10E00021BF
:10FCD0002EE7052329260A9353E70726E108415C0E
:10FCE0002640314101260134A4B23142E8D021231B
:10FCF0000A9A5355079B0135DB190793ADE7049921
:10FD00000029DFD0201E00D101208342DAD38021D8
:10FD100049028C42D6D28B4200D3334B3349344C08
:10FD200009788C4600216145CCD02688B04201D8A4
:10FD3000B342DCD20131C9B20234F4E72D4A127861
:10FD4000002A2FD02C4A1278012A2BD104232370A9
:10FD50002A4C2378002B01D006F062FE1D4B9B8CB1
:10FD6000002B01D0FEF7ACFD254B1B78002B01D0FA
:10FD7000FEF7A6FD2378002B01D0FEF7A1FD059B21
:10FD8000204A002B00D0204A204914A805F00AFE82
:10FD90007F23062200936B21002314A808F04CFD5A
:10FDA000FEF78EFD002B33D0144B1878002835D188
:10FDB00005232370FEF712FCFEF706FEF721002054
:10FDC000A0C3010823C2010820C201086BC40108B6
:10FDD00092C201088C1F0020E11A0020241F00207D
:10FDE000FC210020E0200020FFFF0000160500207D
:10FDF000CC040020120700206A1F0020071F0020EB
:10FE0000221F002000CB01082EC9010808C30108E9
:10FE10008B4B1B78002B01D0052B99D1894B1B787C
:10FE2000002B2BD0884E3378002B27D0874B1B78A4
:10FE3000002B23D1864B1B78002B1FD13000F2F70B
:10FE400049FD844B1B78002B01D0FEF73BFD0733A7
:10FE500023700C2800D20C200C3832187E4914A8CC
:10FE600005F0A0FDAA8C0523002A01D0032300225F
:10FE7000022114A8FEF7F6F8FEF7A6FD774B1B78D3
:10FE8000002B00D164E7734B1E78002E01D0FEF7E3
:10FE900019FD08232370724B1F883800FCF702F904
:10FEA000642105003800F2F7CBFD38008CB26421E4
:10FEB000F2F740FD230082B26A49009514A805F0CC
:10FEC00071FD03233200D3E74021674A1AA80AF0E4
:10FED000E5FF03237F2221001AA8FEF7C3F8FEF7EF
:10FEE00099FD21001AA8FEF7BDF82B0040215F4ABA
:10FEF0001AA80AF0D3FF05237F2221001AA8FEF7D3
:10FF0000B1F85B4B5B68002B00D121E7594A1268BE
:10FF1000934200D81CE70A20FA219B1A584380B26A
:10FF2000F530FF308900F2F78FFD031E00D10FE797
:10FF30004021514A1AA80AF0B1FF06237F2221006E
:10FF40001AA8FEF78FF803E72024002901D0FEF756
:10FF500075FEFEF797FE0123FEF76EFE059B0499E2
:10FF60008B4201D1FEF7B4FD444E3368002B45D0DF
:10FF7000059B434F5B00DB5B42495B18062B01D9B5
:10FF8000FEF7E1FE53425A416B4603241D7B0823D2
:10FF9000524214402C19E4B2002207213A4800933F
:10FFA0002300FEF71BF8306814A9FBF735FD23008A
:10FFB0000022382114A8FEF755F8344B14A918680C
:10FFC0000134FBF729FDE3B20022382114A8FEF723
:10FFD00049F8BB8C002B11D02D4B1B78FF2B01D186
:10FFE000FEF7A6FC0235EBB23022062114A8FEF77C
:10FFF000A1F8BB8C002B01D0FEF79AFC254B1B7897
:020000040801F1
:10000000002B14D0244A254914A805F0CBFC1C4B26
:100010009A8C002A01D0FEF79AFE08230221009351
:1000200014A8033BFDF7DAFF01221D4B1A700C9B4D
:10003000049A934201D0FEF756FD1A49FEF74FFD90
:100040006A1F002010070020461F00206D1F00209F
:10005000071F0020431F00209AC20108741F0020C0
:10006000621E0020A2C20108C2C20108ECC201083F
:100070000C1F0020081F0020F8C2010840080020C3
:100080008C1F002000FCFFFF49C20108C8040020AB
:1000900008000020221F00202F08002050C2010865
:1000A0005A1F002022C30108044BFF201A784E2A51
:1000B00003D8034BD2009B18D8797047811F0020CA
:1000C0000CD0010830B587B0FFF7EEFF4D2800D9FE
:1000D00089E0F2F725FC4E005300620068006800DA
:1000E0008E009D00A600AC00F500B100B600330202
:1000F000BB005001BB00FC00C200C600CE00E30004
:10010000D800DD00E600F200F900FF00020107015F
:100110000A010D011001130118011C011F01220128
:1001200026018800880036012A012D013E01410187
:10013000440147017E003B014B017E005D016001EF
:1001400087018A018D0190019301960199019C011B
:100150009F01A201C001A501B601B901BC016B015B
:10016000A80163016F016F016F016F016F016701EA
:10017000C301BC4ABC4BD27D1A6034E0BB4BBC49C6
:100180001B680833DA7F0023C85C904203D0013338
:10019000182BF9D10023B44A38E0B44BB24A1B689B
:1001A00029331B7832E0B14BB2491B680C781A79BD
:1001B0005B79002C05D000230B70AF4B1A78AF4B46
:1001C0001B78043841424841511E4C4261418842EB
:1001D00002D00022A44BCFE7A349022A05D801335D
:1001E000002AF6D00B6007B030BD6933032AF9D07E
:1001F000EFE79E4B9C4A1B68197B022904D0032918
:10020000E7D15B7B693301E05B7B01331360EAE795
:10021000964B1A680023117B0129BCD1537B013313
:10022000B9E7924B904A1B680133DB7FEEE78F4AB8
:100230008D4B126892699FE78C4B8B4A1B682D335C
:10024000AFE78A4B884A1B683333AAE7854A864959
:10025000537B04335B009B5AC4E7834B884AD27FAD
:100260008AE700237F4A917F994200D193E7D37FA9
:10027000D5E7844B1A787C4B002A02D0824A127848
:100280007AE7824AEBE79221774A764B490003E00E
:100290002621754A734BFF315B5CB7E7724B7C4A92
:1002A000EDE77C4B7049DB7F5A1E93417A4A5B0035
:1002B000D27F501E82419B1894E76B4B774ACEE762
:1002C000684A694B127E57E7674B754AD7E7664B1A
:1002D000744AC4E7644B744AD1E7644B624A1B68B2
:1002E0002E335EE7604B714AB9E75F4B704AC6E751
:1002F0005D4B704AC3E75C4B6F4AC0E75B4B5A4AA1
:100300001B6835334DE76D4A574B128834E7564B1F
:100310006B4AB4E7544B6B4AB1E7524A524B928D49
:100320002AE7504A504BD28D26E74F4B664AA6E744
:10033000664B0A211888F2F7FDFA4B4C80B2206018
:1003400051E74A4B484A1B6832332AE7464B604A1A
:1003500095E7454B5F4A92E7434B5F4A8FE7424B35
:100360005E4A8CE75E4A404BD28F05E73F4B3E4AE0
:100370001B68343315E73B4A537B04335B00985AC0
:10038000012300221900FBF7FBFF374B18602AE717
:10039000354B544A73E7344B534A70E7534A324B58
:1003A000D288E9E69321304A2E4B6FE72D4A2E4B37
:1003B000D27EE1E601AC22004D4B23CB23C203CB1E
:1003C00003C2FFF771FE473880000359494A197884
:1003D00000231079884200D1DDE601330832162B64
:1003E000F7D100E7204B444A49E71F4B434A46E711
:1003F0001D4B434A43E71C4B424A40E71A4B424AD3
:100400003DE7194B414A3AE7174B414A37E7164B4C
:10041000404A34E7144B404A31E7134B3F4A2EE73A
:10042000114B3F4A2BE7114B1B6834331A780E4BA4
:10043000012A01D13B4A22E7022A00D1C9E63A4A01
:100440001DE7094B394A1AE7074B394A17E7054AAE
:10045000054B527F90E6044B364A10E7024B364A72
:100460000DE7C0468C1F00207C1F0020601F00206D
:100470008DCB01082C0500202D0500202E05002025
:10048000931F00202308002022080020941F002032
:10049000C8070020921F0020911F00208D1F002000
:1004A000B41F00208E1F0020CA1F00208F1F0020B5
:1004B000D21F0020D71F002012070020DA1F0020C3
:1004C000B51F0020B61F00200A20002000200020B9
:1004D000251F002010070020CC1F0020CD1F00206A
:1004E000901F0020801F0020340400202A1F0020BD
:1004F000E4BF010818E501085E0000206400002048
:10050000EF1E0020F81E00201A1F002036000020D9
:1005100054080020B5070020302300202F2300209E
:1005200003000020260800202508002024080020C1
:100530000E2000206B1F0020DD070020024B034A25
:100540001B6828332DE6C046601F00207C1F00205A
:1005500010B50024084B1B78A3420BD1FFF7A4FD74
:100560000F2807D1054B1B78A34203D0044B1C680E
:10057000E443E40F200010BD3E1F00202C23002088
:1005800028230020F8B50500BE20414A80001388CA
:100590005188404C5B189188D2885B189B189B103F
:1005A00058433D4B2678D988F2F74EFA3B4A83B23E
:1005B00013803B4A934228D907232370394B1F7875
:1005C000012F05D1FFF770FD2F2801D1364B1F7089
:1005D000FA21364B364F1B883A7849008B4238D87F
:1005E000002A04D00122334B1A702F4B1A700023BB
:1005F00020783B70B04242D000222F4C022833D9E1
:1006000022700122284B1A7036E02C4A93420DD8F2
:1006100093212B4A4900525C012A01D80023CCE7E0
:10062000962189008B4201D2022AF7D0012380B2A1
:100630002370FBF737FDC0B206234B28BDD8052336
:100640003228BAD804231928B7D80528B6D90323E5
:10065000B3E7002A06D1174B01321A70124B1A70F9
:10066000F4F784FB0123C3E7164B022808D00122CC
:100670001A702378002BC4D00022134B1A80F8BDC7
:100680001A70002DF5D0114B1978FDF771FCF0E7C9
:10069000841F0020731F00202A1F0020621E0020DC
:1006A0007A030000431F00206C1F0020CC20002094
:1006B000741F0020711F0020FE1E00207502000024
:1006C0008C1F0020021F0020001F0020FF1E0020A2
:1006D000F0B5A9B0FFF7E8FC0390FDF757FE302214
:1006E00037230021100007F073FC02234021AB4A9E
:1006F000D1540233322BFBD1A94B1C78A94B1D7866
:10070000AC4231DAA84BA9481B78E6003618002B1A
:1007100000D089E0631E00D26B1E0022DB001100B6
:10072000C0180123FDF79EFC08230022300000932F
:100730001100063BFDF752FC601C854200DC0020E6
:1007400000229A4BC000C01811000423FDF78AFC58
:100750002B009749621C18A805F024F906230022F3
:10076000190018A8FDF77EFC5021002304AA521896
:100770001370303904AA52181370F4F7F7FA039B78
:100780004D2B00D9A6E01800F2F7CAF857006C000C
:1007900084009200ED009200ED00010138014D034C
:1007A000D001A9069A06270227027702BB03470356
:1007B000D201DA012302F601F6014B03A906630315
:1007C0000C02C103A906BD035B00A9062302270290
:1007D000C103A90627022702DD03E603F103A906E8
:1007E000EE03A906F503F703F9031C04F30306025D
:1007F0001D062006A906590675067E068106810695
:1008000084069106AC06AF06AF06A906B2063B0702
:100810003E075B074F0614072F0652065206520684
:10082000520652064C06250208230093002330008E
:100830001A001900FDF7D2FB8AE75E4B5E491A6881
:1008400045E005215B4A5D4B126818A89A5C0824B4
:10085000D307DB170B405208594905F0A3F80026CF
:10086000042312E3534A57491268574BD2B28A5CA9
:1008700064215200D55A2800F2F7E2F828008CB221
:100880006421F2F757F8514982B2230018A805F005
:1008900089F81FE0474B4E491A68002A0DD0551EB3
:1008A0004C4C4D48AD0092004C492B591258EDE785
:1008B000404B1B68002B03D1494918A800F08AFE61
:1008C000484A682B4ADC013B5B00D25A464918A8CB
:1008D00005F068F8502204AB9B181B78002B00D160
:1008E000B7E018A8F1F7F6FF00230600411E012526
:1008F000180018AAB34201D000F0A6FE032D01D8BB
:1009000000F0ADFE072D00D907250123032704932E
:1009100000246B08FF1AB44200D39AE0002D00D1E6
:1009200097E0049A18AB1819FBB2002A01D100F025
:100930009BFE7F223221FDF795FB18ABE25C1F2A5C
:1009400001D900F099FEB44201D300F09AFE1A5D7D
:100950001F2A01D900F095FE0134F4E7693B5B00E2
:10096000D25A2249B3E7134B1B68002BA4D0204A6C
:10097000013B5B009D5A0A212800F2F761F828002C
:100980008CB20A21F1F7D6FF1A4982B27DE71A4BE1
:10099000084A1268920000F04FFDC0465F1D00201B
:1009A000811F0020781F00202C2300200CD001087C
:1009B0005FC301087C1F002006C40108B6E20108DD
:1009C00067C301088DCB010894CD010870C30108ED
:1009D0007BC301082CD6010848D6010880C3010852
:1009E00005C20108F6E30108DCC1010887C301085C
:1009F00092E30108D0C1010820D60108CC4B1B7836
:100A0000002B04D0CB4B1B78002B00D088E0CA4BC6
:100A1000CA491D68EB17E8185840F2F7FBF82800A0
:100A20000C00C649F2F710F823000200C44908245C
:100A300018A804F0B7FF012318A87F2232210094E0
:100A4000FDF7CCFA0323BF4800947F223221FDF743
:100A5000C5FA039B033B012B01D900F019FEBA4BE9
:100A60001B78002B07D008237F2200933221B74840
:100A7000043BFDF7B3FA039B042B01D000F012FEF8
:100A80000124AD4B1B68002B01D000F00EFEB049D5
:100A9000002C00D0AF490CA80AF0DBF90CAC23788D
:100AA000002B24D02000F1F715FF00281FD00723CA
:100AB000584301304D2801D900F03BFE47331B1A43
:100AC0005B083233DBB23321322B0BD07F22121A78
:100AD000111CD2B2332A00D23321CAB29A4200D9B1
:100AE000191CC9B2012300222000FDF7DBFA039B89
:100AF000322B02D00D3B022B0ED8974B1B78002BCC
:100B00000AD09648012B00D1954808237F220093F4
:100B10003221033BFDF762FAF3F79CFF29B0F0BDE9
:100B2000FDF71AFD8F490200C31C80E78E4B2FE7AB
:100B3000814B8E491A68002A00D0C8E68C49C6E667
:100B40007D4B1C68002C00D1B6E63C2C12DC052045
:100B50003C216043F2F75EF820000D000C21F1F714
:100B600073FF2B000200834918A804F01BFF3C24EC
:100B7000012675E68049A0E66F4C8049226818A8D6
:100B800004F010FF6A4B1B78002B00D1A2E620680E
:100B9000C0B2F2F7F3FE9DE6674B1968784B890007
:100BA000C9188AE6644B1C68002C00D184E60F202B
:100BB0003C216043F2F72EF80B000321E2176D4849
:100BC0000A4012190100921018A804F0EBFE282424
:100BD000CEE76C4BDCE66C4BDAE68023564FDB004D
:100BE0003868984204D1694808230093063B2CE7F3
:100BF000002280B21100FBF789FB08263A6818AC86
:100C00000100050092B22000FAF71CFF00237F22AA
:100C1000322120000096FDF7E1F9002D21D04E4B46
:100C20001B78002B1DD13868320080B2000114A956
:100C3000F3F7F0FD149F41493800F1F701FF380048
:100C40000D003E49F1F776FE2B00020050492000CE
:100C500004F0A8FE05237F22322120000096FDF734
:100C6000BDF9354B2000196889B2FCF795FC237853
:100C70004848002BB8D02000B6E700222E4C1100C7
:100C80002068082580B2FBF741FB226801000600BE
:100C900092B218A8FAF7D6FE00237F2232210095DF
:100CA00018A8FDF79BF9002E00D1D2E620682A0093
:100CB00080B2000114A9F3F7ADFD1D4B149F1A7803
:100CC000354B002A01D1013A1A601E68002E65DA00
:100CD000216818A889B2FCF75FFC502204AB9B186E
:100CE0001B782C48002B00D018A808237F220093E3
:100CF0003221063BFDF772F9174B1B78002B00D011
:100D0000A7E638000D49F1F79BFE38000C000B49AF
:100D1000F1F710FE230002001D4918A804F042FE5E
:100D200008237F2200933221033B18A88FE6C04698
:100D30002C2300205F1F00207C1F0020A0860100C4
:100D40008EC30108A3C301083E1F0020B1C90108DA
:100D50004CC301084DC301082623002059C30108D4
:100D600053C3010897C3010818D601086BC40108D2
:100D700005C20108C9C3010804CA010806C4010864
:100D8000D8D6010808D60108F8D50108B2C1010873
:100D9000C2C10108A1C101082823002008237F2225
:100DA00000933221C048063BFDF718F9092EA3DC59
:100DB0000024BE4DA64220D0BB4B1B5D672B0CD040
:100DC0006A2B0AD0E00080B202001D233732313096
:100DD000190012B200B207F0FBF8013408350A2CF2
:100DE000E8D1B34BB3481B78002B00D0B2480423A2
:100DF00000224D21FDF736F97EE7F00080B20200B7
:100E00001E2335323330190012B200B207F0E0F879
:100E100020222B7813432B70DFE7A84BA8491A68D0
:100E200089E6A84BB4E505263000A44B3C211C689C
:100E300001346043F1F7EEFE20000D000C21F1F7C4
:100E400003FE2B000200A04918A804F0ABFDB32458
:100E500006E59A4B9D491C68002C00D12DE5502CCD
:100E60003ADCFA20FA2160438900F1F7D3FE0B0047
:100E70000321E21796480A4012190100921018A89F
:100E800004F090FD502401260523924D8B4ADB018E
:100E9000ED1810682A000C23363229001370122234
:100EA00037310A7042310A702A00C0B27A32801B90
:100EB000A11B13708001F1F7C7FD212438232D26D3
:100EC0003830C0B2DAB22100904200D33100E95488
:100ED0000133792BF6D1FDE405252800503C604311
:100EE0003C21F1F797FE20000E000C21F1F7ACFD3C
:100EF00033000200784918A804F054FD68245026F5
:100F0000C2E7764B44E56D4B75491A6813E66B4BA7
:100F100074491D68192D00D1CFE4002D03D1039B26
:100F20001B2B00D1C8E4704B6C1EA400E4182000F9
:100F300007F0E4FD002802D02A006C49C7E4230032
:100F40002A006B49A2E46B4B6B4A19780139C9B28C
:100F5000FD2907D8694999E4694B6A4A197801392A
:100F6000C9B2F5E76849B2E4544B684967E4684B95
:100F70000EE5684B0CE5684B0AE5684B08E5684BE5
:100F80001B78002B1BD0674B1C78002C17D06649B0
:100F9000072214A809F065FF00216448435C1A0089
:100FA0003732D2B2092B01D83033DAB214AB5B1826
:100FB00001319A70CBB29C42F0D814A97DE43F4B2A
:100FC0005B493CE43D4B1C68E4B2052C00D981E44C
:100FD0002000F1F7A5FC0600130046017101B801DD
:100FE000B801544B544A554918A804F0DBFC0623B9
:100FF0007F2231215248FDF735F86BE40024514F30
:1010000008AB06AE0093320038004F4907AB069498
:101010000794089409940A940B9409F075FF032827
:1010200023D04A4C3B002200102114A804F0A4FE57
:1010300022001021464B10A804F09EFE45490CA842
:1010400009F007FF03237F22312114A8FDF70AF8D6
:1010500004237F22312110A8FDF704F806237F2204
:1010600031213D48FCF7FEFFF3E40BAB00933B4915
:1010700037480AAB09AA09F047FF0328D1D13278D3
:101080007178B078364EA300F3581F78974205D197
:101090005F788F4202D19B78834263D001340C2C5D
:1010A000F1D1002460E0C04633230020951C0020CD
:1010B000272300202DC3010829C301087C1F00201D
:1010C00031C30108E8D50108C9C30108A7C3010855
:1010D000ACC30108E11A0020C1C30108D8D501083A
:1010E00036C3010885C601085422002092CA0108AF
:1010F000D5C30108E41F0020DC1F0020E1C3010864
:10110000F61F0020EE1F0020E6C30108EBC3010814
:10111000C4D50108B8D50108A0D501088CD50108AF
:101120002C2300205F1F0020A0C40108D003002052
:10113000D0C201084CC10108F3C30108F9C301087A
:10114000CACF01087DD50108FFC30108FCC301080F
:1011500074D501082DC401086CD5010809C4010823
:1011600064D30108002C9CDBE1233C21099A1B017C
:1011700053430A9A00264A439B180B9A9B18E12274
:10118000D2019D18DC4B9D424CDC002D4EDB079BB1
:10119000089FF618002307960493049B05932100EB
:1011A0003800FAF7F5FB864244DC059B002B00D0A3
:1011B0000796049B002B00D008970023089F079EEA
:1011C0000493002E40DD002B00D00796049B002BDB
:1011D00000D008970899C94BA400E358C84A019168
:1011E0000096102114A804F0C7FDE1212800090190
:1011F000F1F72AFC3C2106002800F1F70BFD0191D4
:10120000E12128000901F1F705FD08003C21F1F773
:101210001BFCBC4C009033002200102110A804F0ED
:10122000ABFD0BE7B84A0136AD18ACE7B74B013E52
:10123000ED18AAE701230134361A05930C2CAED120
:101240000024FF180493A8E7013C03D201230B24D8
:10125000013F049321003800FAF79AFB0123361866
:10126000AFE7AB490CA809F0F4FDAA4B1E8830008B
:10127000FAF718FF642105003000F1F7E1FB3000B8
:101280008CB26421F1F756FB230082B2A24900958B
:1012900014A804F087FB03237F22312114A8FCF754
:1012A000E1FE93229D4B52009C5C9D48A4000523C7
:1012B00031212058A73AD5E6EC219A489A4C4902A8
:1012C0006043F1F737FB994A994B86B29B18994ACC
:1012D00099499B18994A0CA89B1A5C4309F0B9FDDF
:1012E0000A213000F1F726FB0A2180B2F1F7A8FBB2
:1012F00030008DB26421F1F71DFBA40B2B0082B2EC
:101300008F4914A804F04EFBA4B203237F2231219D
:1013100014A8FCF7A7FE0A212000F1F70BFB0A2115
:1013200080B2F1F78DFB20008DB26421F1F702FB52
:101330002B0082B2834914A804F034FB05237F22DA
:10134000312114A88EE68049052C00D17F490CA8D4
:1013500009F07FFD7E4E052C00D17E4E0021072531
:1013600001270A0038001432D3B22A409040C2B29A
:101370009446DB08784ADB019B182122C8084243C7
:10138000B21804920A0000202A400592202913D0A6
:10139000049A059C125C22413A4003D064461A78B4
:1013A00022431A70013001332128EFD10131C9B233
:1013B0002129D6D1FFF74DFBC4B2E2087C3AD2B264
:1013C000B25C2C40E7E7654BFFF7E2FA644B1B7811
:1013D000002B07D1634B64491B78013B012B01D8DB
:1013E000FFF76BFA614BFFF7D3FA614B614A1D6857
:1013F000484BD0881B8829005843F1F79BFA86B2E6
:1014000030006421F1F71CFB30008CB26421F1F74D
:1014100091FA230082B25849009518A804F0C2FA44
:10142000FFF758FA3E4BFFF7B3FA544BFFF7B0FA09
:101430004F4A534B1268D200D158FFF73EFA4C4B3B
:101440001C68002C01D1FFF737FA782C01DDFFF77B
:1014500041FA20003C21F1F7DDFB20000D003C218A
:10146000F1F7F2FA2B000200464918A804F09AFAA4
:101470007824FFF77DFB3E4B434C1B6843489D009F
:1014800001339A00FFF710FA414BFFF781FA414B05
:10149000FFF77EFA364C4049226818A804F082FA19
:1014A0003E4B22681A70F3F7A9FBFFF713FA304A94
:1014B0003B4B126818A89200D15809F0CAFCF2E719
:1014C0004822164B597B4A439B189C331B6818686B
:1014D000FAF772FC3349002801D1FFF7EEF9304BDF
:1014E000FFF756FA304BFFF753FA304BFFF750FA3D
:1014F0002F4BFFF74DFAC0467F51010064D301081E
:1015000012C401081EC4010880AEFEFF8051010014
:1015100036C20108621E0020A9C201088C1F0020EB
:1015200058D50108DCC401001027000000020000AB
:10153000A03200200003000033C401080000002096
:101540003AC4010848C4010844C301083FC3010864
:1015500094D301081DD40108291B002050D501088F
:101560002C2300203223002056C4010824D5010872
:101570007C1F00202A1F002062C401081CD501081E
:1015800018E501086EC401082CD6010848D60108E8
:1015900014D5010804D5010806C40108360000204E
:1015A00068D6010878C40108F4D40108ECD4010815
:1015B000E4D40108604B1B6834331B78012B0DD138
:1015C0005E4A5F4B126818A89200D15809F041FC9E
:1015D0005C490CA809F03DFCFFF77CF9022B06D111
:1015E000594C18A8210009F034FC2100F1E7534AB6
:1015F000564B126818A89200D15809F02AFC544999
:10160000E7E7544BFFF7C4F94C4B1A68002A0ED198
:10161000514918A809F01DFC002426002500F3F705
:1016200015F80423002D00D02FE4FFF753F93F2ACB
:10163000F2DC4A4918A804F0B5F93F240126042534
:10164000EDE7474BFFF7A4F914780A2C03D1994230
:1016500001D90135107001330132FFF74BF9002336
:1016600002270493FFF754F90822322100927732BF
:10167000FCF7B4FCFFF761F90134A64201D0FFF793
:101680005DF90223049A013D9B1AFF18FFF743F905
:10169000039B062B01D1FFF7F3F9039B052B01D028
:1016A000FFF7FCF90024FFF7ECF95A1ED2B2002C28
:1016B00021D0312A34D8002001000500294E0B2DFD
:1016C00014D8775DB94211D1013501313229F6D1F3
:1016D000FF200322121BD2B2FF2822D0013000903B
:1016E00021490CA804F05EF9FFF7D8F99142F0D037
:1016F0000130C0B2E9E7672A19D82000210025008F
:101700001A4E142D07D8775DB94204D10135013145
:101710006829F6D1DCE79142DBD00130C0B2F6E7B0
:10172000022213490CA804F03DF9FFF7B7F9032290
:10173000F7E73323FFF7CAF9601F00207C1F002062
:1017400014D7010883C9010854C2010800D7010851
:101750008BC40108DCD4010805C2010892CA010843
:10176000C8D40108A6D401088EC40108B2D4010867
:1017700098C4010802000020054BD979914205D098
:101780000130C0B208334F28F7D100207047C0465F
:101790000CD00108F0B587B0FCF7BCFE0822002190
:1017A00004A809F02FFA9C4B9C4D1E789C4B9D4C35
:1017B0001B78002B56D0012E48D19B4B1E887608F3
:1017C0003C213000F1F7B6F83C23C2B25B425343F0
:1017D0009B199649DBB202A804F0E4F80622944B68
:1017E000944902A8FCF7DAFBA37F002B04D00C225B
:1017F0009148924909F035FB2B78002B0AD1904B88
:101800008C481B788F493630002B00D18E490C2232
:1018100009F027FB637E002B00D0C5E08B4B1B78C3
:10182000002B00D0C3E08A4B1B78002B00D0C1E016
:10183000884B1B78002B00D19CE00834E37F092201
:101840008549002B00D19BE0844999E0FAF786FB9B
:10185000002807D0E126824B36011B885B08F61A68
:10186000B6B2ADE7052E04D10C2272487D4909F0CD
:10187000F8FA7D4B1B785BB2002B21D1FAF752F9B5
:1018800000281DD12B78002BAED1237F002B65D1F2
:10189000A31DD87F631DDB7F002B59D0734B1B78B2
:1018A000002B5FD0724B12221900002801D00220B9
:1018B000053A604B1230C0B2C01809F0D2FA93E773
:1018C00080226C4BD2001B8893423BD2FAF72AF954
:1018D000002837D1230029331F78192F1CD16649DE
:1018E00004A809F0B6FA0E2623002A331B78002B31
:1018F00005D0624904A809F09FFA0436F6B2012324
:1019000000220221009604A806F096FFFAF70AF9D1
:10191000002800D068E7B5E7594B7E1EB600F618E0
:10192000300007F0EBF8002805D13200554904A833
:1019300004F038F8D7E73A00534904A804F032F825
:101940000A26D1E706225149514809F08AFADDE713
:1019500000280BD002200C224E49AAE702200C22BC
:101960004D49A6E703200A224C49A2E702200C2297
:101970004B499EE74B4B1B78002B04D009224A4968
:101980004A4809F06EFA4A4B4A481A784A4B197885
:10199000FAF71AF8494B1B78012B0ED0022B30D0E6
:1019A000F3F766F807B0F0BD09224549E8E70822D9
:1019B0004449E5E70C224449E2E7444B1C88FA23FA
:1019C0009B009C4200DB424CA4B264212000F1F752
:1019D00037F820008DB26421F0F7ACFF2B0082B203
:1019E0003C4904A803F0DEFF04A8F0F773FF0722C8
:1019F000424330490E4B891A04A80622FCF7CEFA5E
:101A0000CEE7324B1888FAF74DFB3349020004A8A1
:101A100003F0C8FFE8E7C0466A1F0020E01A002074
:101A20006B1F00208C1F0020681F0020A7C4010826
:101A30005EDB0108550800207C080020FDD201086B
:101A4000EF1E0020F1D20108E5D20108D5080020E0
:101A50002108002023080020BFD20108B6D20108C7
:101A6000661F002049D30108241F00203F080020E2
:101A700021D301084408002085C601084EC801088A
:101A80005422002065C20108F4C10108B9C401084C
:101A90005E08002015D301083DD3010833D30108A7
:101AA00009D30108741F0020ADD201089B08002053
:101AB000FF1E0020C4080020731F0020251F0020E7
:101AC000DCD20108D4D20108C8D20108621E00206D
:101AD000E7030000B1C401087ACA0108F0B5904DCF
:101AE00004002B7885B0012B6BD1012855D18D4B8B
:101AF0001968002900D0AAE0F2F7EDFC00228A4B19
:101B00001A70F4F7C5FD894B1B78002B01D004F047
:101B1000D5FA0125864B1D7003F0D2FEFAF7B0FD11
:101B200029000620F2F7F0FB824B834F1A78AA4275
:101B300000D195E03A6832321178042900D9CDE01D
:101B40001522CA402A4200D1C8E000221A703B6820
:101B500032331B78042B06D1784B0022FA211B78F4
:101B60007748F3F77FF9774B1B78002B00D1B7E06C
:101B7000032B03D101207449F3F7E2F9FA20C000E6
:101B8000F3F762F8A0238022DB0552009A616F4BC5
:101B9000FF3A1A706E4B1A70AAE006F045F92C70E5
:101BA000002C00D0B7E0F3F73DF8604B1B78002B1A
:101BB00003D0FA22674B52001A8001225C4B1A7044
:101BC000A7E02870052B00D09EE0052825D1624BA8
:101BD000C8221B78002B00D1BE3A002401255F4BA0
:101BE000DB7F53435E4A13805E4B1C705E4B1D705F
:101BF0005E4B1C70F2F764FCF2F792FC21002000AF
:101C0000F2F782FB4A4B1D70594B1B78AB4200D157
:101C10007FE0200003F062FE7BE0F2F7CBFC0022C5
:101C2000514B1A70424B1A70524B1B78934201D1A0
:101C3000FFF7B0FD002C02D16BE0052CC7D0012CC2
:101C400000D154E7022C53D10122484BA3E74A4B61
:101C50001B78002B00D04FE7012006F04FF94BE72F
:101C6000464E00221A70464B464D1B88C82B00DAA0
:101C7000C8232A007E3212780292344A0392029AD2
:101C8000002A07D0A0228021D205490091610122BB
:101C900003990A70FA2080005843F2F7D5FF0298A2
:101CA000F2F7B6FC29002B002A007C310988783332
:101CB00076321B8812887A3501912988300000918C
:101CC0000121F3F763F9A02380220020DB055200F5
:101CD0009A62039B1870F2F77BFC38E72A4EC0E744
:101CE000F2F7B4FB294B1B78DB0701D5F3F73EF87D
:101CF000FA22274B92001A800022264B1A70032CDE
:101D000007D0144B1A8004E0002896D1042B00D190
:101D10004BE705B0F0BD052C00D093E757E7C04670
:101D20006A1F0020601F00205B1F00205E1F002034
:101D3000711F00200C230020681E00200A200020B4
:101D4000DD0900004D080020D6060000741E0020AA
:101D50001F0800202C0800203A1F0020931F00209D
:101D6000381F0020E61E0020E51E00204808002045
:101D7000431F0020DC070020D91A0020D0200020BB
:101D8000002000208C1F0020DC1F0020C80700203E
:101D900058000020E81E0020F0B5904E87B0336850
:101DA0000590002B00D1F8E08D4B1B68002B00D173
:101DB000F3E08C4B1B68002B00D1EEE033682D3331
:101DC0001C78012C03D1884B1C780134E4B2A02389
:101DD000802200255200DB059A62844B29000520F1
:101DE0001D70F2F791FA33681A0034321278012A22
:101DF00000D0DAE02D331878A84200D0032007F095
:101E0000EBFA00210620F2F77FFA88213620F2F75C
:101E1000E9F8FA2500210120F2F776FA0A240126D2
:101E2000AD000C20F1F7E8FD30420AD0002102207D
:101E3000013CF2F7D7F8E4B22800F2F705FF002CD6
:101E4000EFD100213F20F2F7CDF8694B7D201978C2
:101E50003F231940674B684D1943F2F7C3F85F4CB5
:101E600023681B691F683800F2F7C8FA2368343307
:101E70001878FAF7F9FC236800219A1CD27F7020A9
:101E800000925A1DD27F0192DA1CD27F02929A1DD3
:101E9000D27F03921A1D0733DB7FD67F0493F2F7BC
:101EA000A1F8A021090231434D20F2F79BF8DE2171
:101EB000049BC90119434E20F2F794F8039B4F206D
:101EC0001902029B0C261943F2F78CF8009B78202C
:101ED0001902019B1943F2F785F80020F2F79AFAEC
:101EE000F2F7A2FA3800F2F7FFFB01210020F2F727
:101EF0000BFAF2F7ABFB23681A0034321278002A8F
:101F00000ED11B691879597901285CD0831E012BE9
:101F100050D8F9F77DFCF2F70DFA384EF2F796FA41
:101F2000AB7F002B56D02F4B1B6834331B78002B14
:101F300050D1334B1B78002B4CD1FE35298CE88BCC
:101F4000F2F738FA30231E43236800201A00343297
:101F50001278824204D135331B78012B00D9180046
:101F6000F2F784FAF2F7BEFA2368002134331878C6
:101F7000013843425841C0B2FAF72EFC80210901D2
:101F80003F203143F2F72EF8F9F7F4FF059B002BC1
:101F900009D00020FFF7A2FD05E0FAF747FB336800
:101FA000002B00D00AE707B0F0BD022C00D92C00AE
:101FB000200024E71348F2F7D9F907201249F2F775
:101FC00011F8124EAAE7124B4900C85AF2F7CEF99F
:101FD000104EA3E7F2F774FAB6E7C0466C1E002075
:101FE000601F0020681E002024080020741E0020AE
:101FF000D81F002040E900008C1F00200C070000C3
:102000005E1F002026020000CE2100000C0400000C
:1020100092E30108CC04000010B50E4B0E495A7B28
:1020200009885200D1529B180C4A0D4C12880D4958
:102030009A802068482208F014FFFBF7D3FC206840
:10204000FAF7D2F90120FFF7A7FE0022064B1A701B
:1020500010BDC0468C1F0020840300208203002096
:10206000601F0020880300205C1F0020F0B5AB4BF0
:102070008BB000AF1C68FEF717F80C23FA18043B6E
:10208000DB18C0B2D9192500F9F736FB002809D1B1
:10209000A34B3A691968914201DA1A6002E0FA68C2
:1020A0009142FADCFEF700F84D286AD8F0F738FCC8
:1020B0004E0059006C0073008A007100880098007F
:1020C0009D003101A100A5000203A900E001BA00B2
:1020D0005E01DA00DF00F1001401F80006011801CA
:1020E0002A015A0162016C017D018301870190017F
:1020F00096019B01A001A401CF00D50069006900F1
:10210000B701AA01B001BD01CF01D301D701690018
:10211000BB01DC01EB013C028002B902BB02C2023E
:10212000CB02CD02CF02D102D302D502D702FE02EA
:10213000D902E902F502F9029C02DB028B02A3023A
:10214000A302A302A302A30295020003744A754BE3
:102150001268DA750122744B1A70744B09321A70C6
:1021600079E021006E4B724A1B680831DBB2D35C08
:10217000704ACB77E38B9B18062B02D801226E4B5B
:102180001A80BD460BB0F0BD654B29341B68237027
:10219000F4E708342500624B1A68002A04D12B7931
:1021A000012BEED0AA80E9E7D3B2682A04DC022230
:1021B000013B2A716B71E1E70322693B2A71F9E760
:1021C00008342500564B1B68002B04D12A79012ABC
:1021D000D7D1AB80D2E7013B6B7101232B71CDE7E7
:1021E0004F4B01341B68E377C8E74D4B1B68A36175
:1021F000C4E74B4B2D341B68C9E7494B33341B688C
:10220000C5E7474B47491A6892B2E2834B7B0433D8
:102210005B005A520222484B1A80434B1A70474BBC
:102220000122C0E0464B0922190020205C7A2500DB
:10223000854307D0FF2C05D0394B186880B2FBF7D7
:10224000C3FD9EE75872013B013AEFD2F4E7344AEE
:10225000344B12689A853B4BE2E7314A314B1268A6
:10226000DA85F8E72E4B1A68374BDA77F3E72C4B11
:102270002C4A1B681900481E81419177002B01D020
:10228000013BD377FBF7E4F80122304B1A70304B57
:1022900065E7234B1A682F4BDA7700222E4B5EE757
:1022A000922126201E4B1F4A1B6849005354FF30C1
:1022B000115C013399420DDA19000BE026219220BE
:1022C000174B184A1B68FF3153544000115C013B07
:1022D0009942F1DC1154BEE7204B114A12683EE7E7
:1022E0000F4A104811680122437B0A400133DBB2D8
:1022F0005A43441DE2770022890700D51A1C063094
:10230000C277C1E7064B1B685A1E9341144AD37724
:10231000A1E7034A034B12681A769CE7601F00206E
:102320007C1F00208C1F00201F08002002000020BE
:102330008DCB010800FCFFFF4A080020AF070020FA
:10234000332300202B080020931F00202E0800209C
:10235000711F0020941F002023080020C8070020C0
:102360008D1F0020D54B1A68D54BF8E6D34B1A6861
:10237000D44B7AE71E21D14BD34A1B68DBB21370D2
:102380004B43D24A137066E7CC4B1A6823002E33B6
:102390001A70210000230122E08B06F0DBF90122F4
:1023A000CB4B1A70CB4B1A70EBE6C44B1B685A1E12
:1023B0009341C94AABE7C14B1A68C84BCFE6BF4B44
:1023C0001A68C74B1A70FBF743F8C64B0122C6E6E2
:1023D000C54BBA4A1268511E8A41C0E6B74B1A680B
:1023E00023003533D4E7B54B1A68C04B1A8032E767
:1023F000B24B1A68BE4BB2E6B04B1B685A1E9341F3
:10240000BC4ABFE7AD4B1B685A1E9341BA4AB9E7B5
:102410000A22AA4B1B685343B84A13801BE7A74BF9
:1024200032341B68B3E6B64B57E7A44BB54C1B6878
:102430005A1E934100222370B34B1A70F4F728F907
:102440002378002B00D01FE7F2F745F81CE79B4BE1
:102450001A68AE4B83E6994B1A68AD4B7FE6974BF3
:102460001A68AC4BDA87F6E6944B34341B688EE678
:10247000924B1868002380B21A00190006F06AF91E
:102480000222934BCAE6A02600248C4B36021D681C
:102490002000F2F7DBFD80235B01E418B442F7D1A2
:1024A000002D02D02000F2F7D1FD0C240826A02038
:1024B000A319D91910220002F2F7ACF97F22A0204B
:1024C0000125A11900263B7EC91993433B766F3A3B
:1024D00000230002FD76F2F763FE8F4B8F4C18004D
:1024E0008F4A90497B602677FAF766F88E4B8F4AC1
:1024F00018008F493B60FAF75FF88E4B31007A681D
:102500002360636087480223A660FBF77DFC0223FB
:1025100029003A688648FBF777FC874B1D70874B8C
:102520001D70FBF76BFA2CE6644B85491B680A2B80
:1025300008D10A780132D2B20A70022A00D820E605
:10254000804A1FE700247F4ADBB20C701370092B0E
:1025500000D080E67C4B6E469D446D46802229006B
:1025600092002000F2F756F983222B0092000C33E0
:10257000A91840201A7802431A7010338B42F8D100
:1025800080220023200029009200F2F709FE802318
:102590009B00E4188023DB019C42DFD10221002054
:1025A000FBF720F802210120FBF71CF8B54652E6A4
:1025B000424A664B1268511E8A411A700222444BED
:1025C0001A70444B02E73D4B61491B680C22CB80DB
:1025D00060480023F2F7E4FDD3E5384A4F4B116819
:1025E00093225200995436E6344A4C4B1268511EDD
:1025F0008A41DA762FE608220C239B18DC19220088
:10260000554B23CB23C203CB03C22C4B1D68FDF7D4
:102610004BFD524B4738ED0080005B1902591B7986
:10262000B0E64F4B59E6254A4E4B12681A7001220C
:102630004D4BDBE6214B1B685A1E93414B4ADBB2E4
:1026400013704B4A9EE64B4B47E64B4B45E64B4BD4
:1026500043E64B4BBDE64B4B3FE64B4BB9E64B4B92
:10266000B7E64B4BB5E6343420784A4B012802D00C
:10267000002803D1484B114A12681A70FAF7F4F88F
:10268000E9E50E4A454B1268511E8A411A70F9F766
:10269000F7FF0120FFF780FBDDE5084B1A68404B90
:1026A0005DE5064A1D4B12685A77D4E53D4B90E62E
:1026B0003D4B12E6014B28341B6868E57C1F002067
:1026C000B41F00208E1F0020CA1F0020701F002092
:1026D0001F080020AF0700208F1F0020D21F0020FE
:1026E000D71F00202E08002012070020DA1F00202C
:1026F000B51F0020B61F00200A2000200020002067
:10270000251F0020100700205B1F0020CC1F002089
:10271000CD1F0020901F0020142000208C1F0020BF
:10272000F003DE00020400005C200020F077950238
:1027300005040000020405042E2300202D230020A0
:1027400032230020801F002000FEFFFF3404002001
:102750002A1F002040010100E4BF010818E501081C
:102760005E000020640000204A0800203123002081
:10277000EF1E0020F81E00201A1F00203600002047
:1027800054080020B5070020302300202F2300200C
:10279000030000202608002025080020240800202F
:1027A0000E2000206B1F0020DD070020F0B5C34B7A
:1027B000B5B00393C24B1B78012B00D084E0F1F736
:1027C0009FFE0020F1F726FEBE497120F1F70AFCBA
:1027D000F1F716FFBC48F2F737FAC321702009025F
:1027E000F1F700FCF1F794FEB848F2F72DFAF1F793
:1027F00087FE5021B648F2F71DFB00217020F1F74B
:10280000F1FB3020B349F1F7EDFBB34DAB4C2B6836
:1028100032331B78042B07D123007E331C22FA218C
:102820001B78AE48F2F71EFB2B6832331B78023B55
:10283000012B2BD823007E331F78A94E002F09D0FF
:10284000A0238022DB0552009A610123A548337042
:10285000F2F7FAF93800F1F7DBFE0399039B039ACC
:102860007C310988783376321B881288019103996C
:102870009D487A31098800910021F2F787FBA02357
:102880008022DB0552009A6200233370012003345A
:10289000F1F79EFEE37F002B11D02B685B691B795B
:1028A000023B012B00D903E190495220F1F79AFB3A
:1028B0008F495120F1F796FB8E48F2F7C5F90020B9
:1028C000FFF76AFA35B0F0BD022B30D124228A49D5
:1028D00018A808F0C6FA0020F1F79CFD002518ACF6
:1028E000618820780135F1F77DFB0434092DF7D19B
:1028F0000024824A63005F20D15A0134F1F772FB51
:10290000072CF6D17E48F2F79FF959207D49F1F75F
:1029100069FB7D48F2F798F968215920F1F762FBCD
:1029200000217020F1F75EFB002158206BE7032B9C
:1029300000D06AE7039B75490633DA8F039B0A913F
:1029400073490433DB8F0B9172490AAC5BBA0C916B
:10295000A2810021072208A8E38108F053F9702220
:10296000002118A808F04EF90DA805F0B3FE0023C9
:102970002082A37405940694049300273D00069BCF
:102980001B7B0793092008AE06AB06223100C01856
:1029900008F040FA079A01212A41B3780A409B18AF
:1029A000327072799B18B2799B180B40AB406D184E
:1029B0001F43FFB2082DE5D1069BDF74049B5B1813
:1029C0000493069B5B180693049B072BD5D111AA91
:1029D0000DAB61CB61C200261B881380049D3000C3
:1029E0002900F0F72DF830000F012900EFF7A2FFC2
:1029F0002A003818F31011AFFB5CB24313410122D7
:102A00004821134006AAC0B2521801361354702E42
:102A1000E5D10E2200210DA808F0F4F807230022CA
:102A20009C466F3E002318A98818C15C002907D076
:102A300061463500C91A8D402900257B2943217341
:102A40000133082BF1D108320134702AEAD1002376
:102A5000059A1178527809020A43FA52059A02330C
:102A6000023205921A2BF3D124222B4918A808F020
:102A7000F8F90020F1F7CEFC002518AC6188207829
:102A80000135F1F7AFFA0434092DF7D100246300C2
:102A90005F20F95A0134F1F7A5FA0D2CF7D1184847
:102AA000F2F7D2F859201749F1F79CFA1B4831E7A1
:102AB0001B495220F1F796FA1A49FAE68C1F0020BA
:102AC000CD1F00201C3E000050C3000080380100D4
:102AD0001E050000FEC10000681E0020AB090000BA
:102AE000741E002060EA0000EE1F00208F0200002C
:102AF00040800000A0860100F8BF0108C0E2010884
:102B0000204E00006808000020BF020055555555B2
:102B100055555507092A446F1CC00108C0450400DB
:102B20008F4200004090000070B53A4B3A4EDB7F78
:102B3000002B18D0D222394B52001A800022384B79
:102B40001A70384A1378002B07D1737B36493373D8
:102B50000968364B1960012313700022344B1A7038
:102B6000344B01321A70F8F79BFE334B1C686369D3
:102B70001868F9F721F9314D002812D023002833C5
:102B80001B78012B0DD12A78022A0AD02C4A137007
:102B90000320F9F715FF002302202B70F8F7D2FF6E
:102BA00070BD284B1B78002BF2D1230033331B78E8
:102BB000002B03D0244B1B78042B1BD0234B1B78FA
:102BC000002B19D0062B19D834342478002CDFD1EF
:102BD0000120FEF783FF1E4B2A781C80002A0FD0AD
:102BE00000231C4A13701C4A13701C4A13701C4AA1
:102BF0001370D5E70120CCE70220CAE70620C8E71A
:102C00000A22317E01314A431A801B88154A9BB241
:102C10001380E5E7911F00208C1F0020D8070020BB
:102C20005A000020EC1E0020601F00206C1E0020B7
:102C30003F080020711F0020681E00204D08002062
:102C40001F080020F91E00206A1F0020731F0020AB
:102C5000681F0020F01E0020FA1E0020BE07002082
:102C6000BD0700208003002091210022F8B5304DDF
:102C7000304B8900287032201A70F1F7B3F9F1F760
:102C800093FCF9F7D3FC2C4C206803000833DF7F5A
:102C90000369C18B1A68868BF9F78EFC23680120C3
:102CA0001A000832D7779E83FFF776F82A78234BED
:102CB000234D002A31D001221A7023681A69083383
:102CC0001068204A2860DB7F1370F1F70DFD28683B
:102CD000F1F7F4FC01221C4B1A701C4B14321A70D1
:102CE0001B4BEA321A701B4B1A7000231A4A1370DE
:102CF0001A4A13701A4A13701A4A13701A4A137038
:102D00001A4A13701A4A13701A4A13701A4A137027
:102D10001A4A13701A4A1370F8BD1A7001235B42E5
:102D20002B60F1F7D6FC32201649F1F75BF9D1E7B9
:102D3000031F0020480800206C1E0020051F0020F3
:102D4000340500200D230020711F002038050020CD
:102D50002E0500202D050020300500202C05002028
:102D6000CD070020D4070020D3070020D60700207D
:102D7000DF1E0020DA070020061F0020041F0020AD
:102D80002F0500204502000010B5F8F7CBFE002803
:102D900019D00D4A0D4B12789121DA7702220C4B93
:102DA00032201A700B4B013A1A700B4B89001A70C3
:102DB00000230A4A13700A4A13700A4A1370F1F783
:102DC00011F9F1F7F1FB10BD33040020921F002030
:102DD0001F080020AF070020711F00203E1F0020A9
:102DE0002C0500202F050020F0B504000D00160072
:102DF00089B0102800D9D8E3EFF792FD1100110037
:102E0000110011001100110011001100110011003A
:102E10000E01DA01DA01DD026F03AF03D3030029EB
:102E200016D00127B24D2F70FDF73EF90F2841D182
:102E3000B04B1A68002A3DDB092A09DCAE48AF4BCB
:102E4000AF49002E14D030348454FF220F701A7012
:102E5000AC4B1B78012B09D1FDF726F9AA4B2F2883
:102E600002D02822462800D1F0221A8009B0F0BDF5
:102E7000A64DA7007F591D78AC46A54DA44502D0AC
:102E80001C702E7006E02B780133DBB22B70FB5CDC
:102E9000002BF6D09F4C2B782478FB5C002C05D0BF
:102EA0001C00613C192C01D8203BDBB28354012368
:102EB0000B70CDE7002ECBD101272000FBF734FBB0
:102EC0008F4B954C1F70954B1B78002B27D1237887
:102ED000BB4216D0022B60D10A20914A267013788B
:102EE00051784343CB18002B57D08E480078984236
:102EF00005D38D4A013B13708C4B1F70A8E71170EE
:102F00002770874B1B78002B47D0864A12789A424D
:102F100043D3854A013B1370844B012232E1FDF714
:102F2000C3F8082812D12378052B00D890E7FBF7C7
:102F300013FBF9F7F7F87E4B1B68998B6423584312
:102F4000F8F708FF7B4B2670186081E72E2815D113
:102F50002378042B00D07BE7330071498A5D1B0185
:102F60000136D318042EF9D1724A1360724AD387FE
:102F70000122724B1A700023237069E702000D3A98
:102F8000182A03D86E4B13413B420BD0C0B204AA9F
:102F900003A9F8F7B1FB00281ED0002323700223F9
:102FA0002B7055E72378032B00D851E70A235C499F
:102FB00026700A7848785A4312185A4388781218AB
:102FC0005343CA78013A9B1880229BB2D2009342A5
:102FD000E5D2584A13603BE704990320632903DCD8
:102FE0000238092900DD0130002213004C4F2678F9
:102FF0000197D7B2BE4206D8864201D10022227084
:103000009942CCDBE5E70A277B43019FBF5C013295
:10301000BC4663449BB2ECE7002900D118E7002AC4
:1030200009D0FDF795FA002800D111E7454B1B7830
:10303000002B00D00CE701222D4B384D1A702C7854
:103040002F4B1A70002C1ED1FDF72EF80300263BE3
:10305000012B00D8FCE60E3801280AD90022394B92
:103060001A7001232B702C4B1A70224B013A1A60F4
:10307000EEE6304B22001868210080B2F9F746F9DD
:103080000028EBD1E4E6FDF70FF80F2800D095E219
:10309000184C2368002B59DA0022264D11002868AD
:1030A00080B2F9F733F9002800D1D1E62968124D32
:1030B00089B22800FAF770FA2800EFF70BFC09280C
:1030C00007D80A222021121A401907F09BFD00237D
:1030D000AB72FF210023094A1B4811700C4A2900DA
:1030E00013700C4A23601370112207F0BAFEAFE68A
:1030F0005D1F0020282300203323002063000020D0
:103100005F000020431F0020441F0020F0E401085E
:1031100023230020272300205F1F00202C230020D2
:10312000D0030020781F0020811F0020B20700205C
:10313000601F00207C1F0020901F00202B08002013
:10314000F8FF6FFE2623002012230020092B00D950
:1031500034E2FF21AD4A1170002E15D00A232360FE
:103160000022AB4BAB491A70AB4BAC481A70113212
:1031700007F0F4FE002800D020E22870FFF704FEDC
:103180000022A74B1A7063E6013323600A2B00D09C
:103190005EE6E5E701233370F0E79D4B1F700023E7
:1031A0002B70F8E701229A4B1A7000232B70E5E789
:1031B0000B283AD10A3C002D00D149E6002E04D15B
:1031C0000122974B1E70974B1A70974DEB7E002B88
:1031D00005D1964B1B78002B01D0644264B2FCF7FA
:1031E00063FF07000F2834D1904B1B78002B30D0A1
:1031F0008F4B1E68002E2CDB092E00DD28E61022E6
:103200008C4904A807F02DFE8248E4B2835D02AA2F
:10321000E318DBB2D51D190000222039C9B25E299E
:1032200006D91F2B0DD87E230EE001246442C2E78D
:103230000132AF5C9F4202D1E318DBB2EBE7102A08
:10324000EDD17E2B00D920238355FF226F4B1A70BE
:10325000C7E0F8F767FC021E00D0F9E5734B764E25
:103260001978002922D17548754B02781B78121BFA
:10327000013B541C02D0934216DB13000122037061
:10328000704B32701A70FCF70FFF132800D1DFE586
:103290001538012800D8DBE50835EB7F002B00D07E
:1032A000D6E5F0F795FBD3E50B00E7E7082F12D141
:1032B000654B664D1B682868998B654B4C432018FD
:1032C000984203DC002802DA624800E01000F8F7B8
:1032D00041FD28600DE02E2F0ED1514B1B78002BA5
:1032E00022D00F205C49013BDBB2CA5C12190240BC
:1032F000CA5401233370ABE539000E39172913D8AE
:10330000564BCB40DB070FD5504D243F2868A1B268
:10331000012F28D908181300210080B2F9F730F8DE
:103320004F4B9842D5D1E4E7F8B204AA03A9F8F7C5
:10333000E3F90028DDD1454D039928680B00049A74
:10334000884203DB1300824200DD03004548E31896
:10335000834204D0994202DC9A4202DB1A002A60BE
:10336000C7E70A00FBE780223F4FD200904205D119
:10337000012C1AD101235B422B603B80002328687B
:103380001A00081880B22100F8F7FAFF344B98426F
:1033900000D028600022BB5E2A68012C07D19A4227
:1033A00007DA8023DB002B60A3E73880E6E79A4248
:1033B000F7DC38809DE7FDF7CBF8002856D0002DCC
:1033C00011D1002E00D043E5194A1368002B0ED00E
:1033D00000DC3DE5013B1360FF220C4B1A700E4BE5
:1033E0001E70154B99E50F4B002E00D195E5F1F7B6
:1033F000BDFC0023084A13700C4A1370084A13706E
:103400000122104B1A700C4BBCE6C0466300002032
:10341000B30700203323002026230020122300209E
:103420005F1F00205D1F00208C1F00202C23002028
:1034300028230020C0C401085F000020811F002055
:10344000781F0020B2070020601F00207C1F002092
:10345000F5E0F505F6E0F505D00300200300C8000F
:10346000FFFF0000FFFFFF7F24230020002E00D07D
:10347000EEE4002D00D1EBE401235F4A5F4C1370B2
:103480005F4A1178002921D15E4B1B78002B14D0A4
:103490005D4D2B78002BAAD0FCF706FE082801D042
:1034A0002E28A4D1F1F762FC0A212B78574A013B60
:1034B000DBB22B70D15401235EE5554B2670DB7FC8
:1034C000002B01D1F0F784FA524B26E51670524AD0
:1034D00023701370514A1370F6E7002900D1B7E446
:1034E0000122454B1A70FCF7DFFD0F280DD14C4B24
:1034F0001B68002B09DB092B00DDA9E42A22002E22
:1035000000D103324749CA549FE6002E00D09FE401
:10351000F9F78CF8444B1B6834331B78002B4AD1E5
:10352000FCF7C2FD03380128CED8364B1B78002BA0
:10353000CAD0F8F7F7FA0124314F384D002807D1E7
:103540002000FFF791FB2D4B2C703C701C70BBE7EB
:10355000314B3E701C702C70B6E7FCF7A5FD0F28B0
:103560001AD12F4B1B68002B16DB002D00D16FE406
:103570000121214A1170092B00DD69E4002E02D0DF
:10358000284A2231D154012228490B7853400B702C
:10359000FF21274B197036E731002800F3F774F943
:1035A00056E40800F3F7BEF952E4002A00D04FE4D5
:1035B000002900D14CE402220F4BE3E5FCF774FD37
:1035C0000400322804D023000D3B022B00D9E9E58A
:1035D000184E3778002F00D1DCE5012F00D0CDE563
:1035E00002233370FDF774F8322C00D0D5E5FEF7D6
:1035F0003DFDF2F71DFCC0465D1F00205F0000206E
:103600003E1F00202C2300205F1F0020D00300203D
:10361000941F0020ED1E00206C1F0020711F002051
:1036200028230020332300206C1E002027230020A5
:103630006300002026230020F7B51400102800D9CD
:103640005EE1EFF76DF9110011001100110011009A
:10365000110011001100110011004100F300F300EE
:1036600026014B015D015901002A2CD100292AD0E5
:10367000A74B1B78012B36D1A64A1370FAF754FFDB
:103680000222A54B1A70A54B1A78032A1BD90A25CA
:10369000A34A1C70137851786B435B186B43917885
:1036A0005B185D43D378013BED188023ADB2DB009E
:1036B0009D4218D2220021002800F8F727FE994BDE
:1036C0001870994B1D80F7BD002AFCD10029FAD053
:1036D000964B1A780193032A05D0954B1B78002B43
:1036E00004D1002A04D18B4B02223FE0012AFAD0F8
:1036F0000125874E874A34781570AC423FD0022CA2
:1037000046D0002CDFD1002B18D18A4FFA213C681B
:103710002000F8F71FFB050087492000F8F71AFB87
:10372000291BAC4200D9611B021B844200D9221A1A
:10373000824B91421CD9022238601A70804B1B6860
:10374000D88B8023DB00984216D2012300223370ED
:10375000754B11001880F8F7D9FD724B18700223D1
:10376000019A13706C4A13700122764B1A70AAE703
:1037700000223D601A70E1E702233370EFE7674BE8
:103780001B78002B9FD10222634B32701A709AE78C
:103790006B4F002B30D1674B38681A68C18BF8F734
:1037A0000BFF694B1B78002B06D0684A3B681278E8
:1037B0001A71674A12785A713B681A00083203CBB3
:1037C00003C25E4A1278DA77802338686149C58B74
:1037D0004A7BDB0054009D4220D2534B04321B88AD
:1037E000520053520222C3830B534B4B1A705A4B55
:1037F0001A800023337066E721000020F9F7F2FEFB
:1038000021002800F9F7EEFE504A3B681178504A33
:103810001971127819735A715A73D5E78022038E81
:10382000D2009B189BB20A199380DBE701230B2877
:103830001ED1002900D146E7002C04D10121374ACE
:103840001470344A1170434AD27E002A01D15B427F
:103850005BB22F4A1278012A17D1334A1088C01858
:10386000431C07D08023DB00984204DB002002E0E9
:103870005B42DEE7394880B2108000221100F8F781
:1038800045FD284B1870244B2EE7002C00D01AE77A
:1038900029E7002A00D016E7002900D113E701220A
:1038A0001C4B1A701A4A1378012B09D0022B12D024
:1038B000002B00D007E7FFF767FA174B1C7002E7F1
:1038C00016490B78002B06D0013BDBB20B700A21A6
:1038D000134AD154D7E700231370D4E7002A00D04D
:1038E000F1E6002900D1EEE601220A4B1A70104BD6
:1038F0001878FFF7B9F9E6E60800F3F713F8E2E6FF
:10390000002C00D0DFE6002900D0ECE6DBE6C04664
:10391000061F00205D1F00205F0000205F1F0020A9
:10392000D00300200E23002010230020051F0020BC
:10393000031F002034050020710200000D23002029
:10394000601F0020711F00202C0500202D05002085
:103950002E0500208C1F00204A080020FF030000D5
:103960009A4200D2885470477047F0B591B00493E2
:1039700016AB10CB1A9F1B781B9D029003910092EF
:103980000593002C01D110239D4380232A00DB00E6
:103990001A4006921D4201D0002C1DD06123AA06B8
:1039A00000D541230026DBB20A3B01940793189906
:1039B0000198EFF745F8079BCAB2D318DBB2092983
:1039C00001D83032D3B208AAB354019B189A741CA0
:1039D000934201D3202C14D102232A001A400792CB
:1039E0001D4220D1013B2B40002F08D0002B06D0D8
:1039F000059A002A02D10C32154200D0013F302234
:103A000007E026000190D2E7202C05D008A96254D7
:103A100001341999A142F7D8002B04D03023BC42BD
:103A200001D2202C17D1EB0634D5069B002B17D1E1
:103A3000002C15D0199BA34201D0BC4210D1631EAB
:103A4000012C0CD0189A023C102A0CD0189A1C0099
:103A5000022A1BD12DE008AAA3540134DFE71C0081
:103A6000189B102B20D1AB0608D47823202C08D12A
:103A70002024009BAD0737D125002AE0202CF7D069
:103A8000582308AA13550134202CF1D0302308AA5A
:103A900013550134202CEBD0059B002B0BD02D238C
:103AA00008AA13550134E4E7189B022BECD1202C13
:103AB000DED06223E5E76B0701D52B23F0E72B0768
:103AC000D7D52023ECE72020049B0399029EB04722
:103AD0000135009B1A1B5219AF42F4D80026A742A9
:103AE00000D33E1B009BF31825000193019B18197E
:103AF000421B002D0AD1079B002B05D0009BC41A46
:103B0000009B1819A74209D811B0F0BD08AB013DC0
:103B1000E85C0399049B029EB047E7E70200049B20
:103B200020200399029DA8470134E9E7F7B59C4698
:103B30000025194CA688864220D8E388F3189842BD
:103B40001CDA1B1A9BB20D1C994200D91D1C802740
:103B5000ADB2019525687F04BD4219D1156062465A
:103B600001981080089A002A11D02268BA420ED01B
:103B7000002299425241089B1A7008E0013508342E
:103B80000D2DD7D180235B04136063461980F7BDE8
:103B9000801B80B22D18E1E7F8E80108030000203F
:103BA0002F2B0FD8084A5B009A5A084B08499B7D77
:103BB0009B075B0F595A914204D806495B5A9A42B7
:103BC000924150427047C046761E00208C1F002054
:103BD000FCCF010804D00108F8B50E000400302520
:103BE0002F27FF2C0ED02F2C0ED82000FFF7D6FF4A
:103BF000002805D1A419013DE4B2002DF1D1FF2424
:103C00002000F8BD3C00F0E70024EEE7084B09492E
:103C10009B7D02009B075B0F0748595A185A8A423E
:103C200002D3824201D8100070470800FCE7C0466A
:103C30008C1F0020FCCF010804D00108094A13782A
:103C4000002B08D1802008498001886103210133BD
:103C50000B4013707047032BF8D18020024980017C
:103C60008862F3E73C05002000080050044A054B39
:103C700012684008128EA0389B5618187047C0462C
:103C80006C1E00201C000020054A064B11781070A5
:103C900001221970044B1A70044B1A707047C04609
:103CA000222E0020212E0020202E00208D0000201A
:103CB00070B50F4A0F4B52790F495200D55A040084
:103CC0008D4213D10D49EEF7BBFE0800AF218900EC
:103CD000EEF730FE454303384342584107492D185B
:103CE0002000EEF727FE054C44432C19200070BD40
:103CF0009000002020E8010841030000C4090000F2
:103D0000084B09481A890949131C824201D9084BFA
:103D10001B8800204A8804339BB29A424041C0B2BB
:103D20007047C04690000020FBFF0000102E0020CE
:103D300052C001080022024B1A605A601A81704773
:103D4000102E0020024B034A5B795B00D05A70476B
:103D50009000002020E801080A4B10B51B68002BDA
:103D60000BD0094A1468E41AFFF7ECFF01002000A9
:103D7000EEF7E0FD013080B210BD8020034B1B79CF
:103D80001841F8E740080020C804002090000020F7
:103D900010B5FFF7E1FF0400FFF7D4FF604310BD4B
:103DA00010B5064B1C68064B5B79032B03D8FFF755
:103DB000EFFF4008241A200010BDC0460C2E002042
:103DC00090000020064B10B51B68002B02D0054B5D
:103DD000186810BDFFF7DCFF034B1B68C018F8E73D
:103DE00040080020C80400200C2E0020034B044A89
:103DF0001A6000229A801A811A617047F42D0020FF
:103E00000000FFFF0122264B70B51A70FFF7EEFF8E
:103E1000FFF798FF234DA882FFF79EFF224E040074
:103E2000E882011C802823D98021802089B24001AA
:103E3000EEF70AFEC0B2031C402800D94023DAB2D4
:103E4000102A00D2102300223370184B1E78184B12
:103E50001A800123174A1380802C0ED923007F3348
:103E6000DB09138000230126EB80FFF799FF0CE0AC
:103E700083B2102BD9D21021D7E7002EF2D1012C1A
:103E8000F0D9631EEB80FFF79DFF0B4B0B4A1E70B2
:103E90000123A3429B415B42E860137070BDC046A2
:103EA00087000020F42D00208800002086000020DC
:103EB000E22D0020840000208300002082000020EA
:103EC0001E4B70B51B78002B1FD11D4B1D4C5B8802
:103ED000A3421AD01C4D1D4A2E881189A64207D034
:103EE000A14205D0032070430233C3189B089BB244
:103EF0002B80174D17482D78405D1B189BB2A142AF
:103F000004D113810122144B1A7070BD5D1AACB23A
:103F100028B22D0401D5CB1A9CB2042CF5D9042368
:103F20000C2C04D80233A3429B415B4201339BB269
:103F3000002801DA5B429BB25B18E2E7232E0020E7
:103F4000F42D0020FFFF00008000002090000020E2
:103F50008E000020F8E701088D00002010B50C4B02
:103F60000C4A58689188002807D080201C88C0001F
:103F7000844202D25888884208D2002059801169B0
:103F80001880596012891A81FFF79AFF10BDC04648
:103F9000102E0020F42D0020044A054B1268A0309A
:103FA000128E9B56C01A400080B270476C1E0020D3
:103FB0001C00002070B5084DE868FFF7EDFF2E8962
:103FC00004002869FFF7E8FFA64203DD0400B042C1
:103FD00000DD34002C8170BD90000020124A0521C4
:103FE00070B5136900281DD0D5685B182C000A3401
:103FF000A34203DD1C000A2B00DD0A241461FFF735
:10400000D9FF0222094B1A70094B013A1D60094B76
:104010001C60094B1D60094B1C60094B1A70094B51
:104020001A7070BD4942DFE790000020FC2B002091
:104030007C00002078000020740000207000002028
:10404000202E00208D000020002210B5034B2D21D2
:104050001A6003480A3206F0D5FD10BDF82B002087
:10406000EC2B0020F0B5455C401815701D70002940
:1040700006D0441E247801261F2C05D97E2911D88C
:10408000447800261F2C0DD82C19013464101778A1
:10409000E4B2A74200D914701F78A74200D21C7066
:1040A000002EEBD1F0BD00000B4A10B513880B4C6D
:1040B0000133138024780A4AD388D168908A002C6F
:1040C00005D001339BB20918D380D16010BD013BEC
:1040D0009BB2091AF8E7C046102E0020830000208A
:1040E000F42D002070B5124B124D1A88EB88E98A26
:1040F000D3189BB2994207D9A88AEB805043EB684A
:104100001818E860002070BD0B4B1C880134A4B265
:10411000A24203D8002201201A80F4E7A142F5D977
:104120001C80EC80FFF73CFEAB8A6343E8E7C046A7
:1041300084000020F42D0020E22D00200200002049
:104140000B4B70B51D680B4B1C68291B81420EDDA3
:104150002300944203DC2B00954200DD13001B1B5F
:104160000F24634348101818EEF76EFC204070BD12
:1041700070000020740000200A4B984203D10A4BC3
:1041800018680A387047094B1A68002A02D1064B92
:104190001868F7E7064B128E40089B56A038C018E7
:1041A000F0E7C046FFFF0000740000206C1E0020F6
:1041B0001C00002030B5CB01084D1B185B08140013
:1041C0000F21EA5CC00704D58A4321400A43EA5420
:1041D00030BD0A4024012243D2B2F8E796270020DE
:1041E000F7B501220407154B0191640F02400F2817
:1041F00004D90009124B0138C001C31801252E0053
:10420000A640002492010F4F9B1800200200195C69
:104210000E4203D0290081400A43D2B2013008285F
:10422000F5D13878002801D0D243D2B201990833B1
:104230000A550134082CE8D1F7BDC04655080020C6
:10424000E11A002054080020044B1A78002A04D0F8
:1042500000221A70024B01321A707047D81A0020DF
:104260006C1F002009490A4A0978127803000020CF
:1042700091420AD1074A12889A4206D8064909781B
:10428000521892B293429B4158427047E124002059
:10429000DC1A00208A0600200007002070B5050007
:1042A0000E00064B1C68002C00D170BD2369002B4A
:1042B00002D03100280098472468F4E76C1A0020E7
:1042C000002A0AD0054B80008A18C01892B20B78D9
:1042D000013103708BB29A42F9D17047205C0040E3
:1042E00070470000F8B5184B0D00DC681E69FFF739
:1042F000BDFC640076002300371B4000844203DAD3
:104300003300864200DD03001B1B6B437810181836
:104310003900EEF799FBC6B26E430400331E05D098
:10432000751CADB26D089D4204D3DBB2E0B2C0187B
:104330004008F8BD29003000EEF7FCFA80B24019C1
:104340002B004508EFE7C04690000020010070B543
:10435000030008255A2031241E311A7850402A00C3
:1043600046B24000C0B2002E00DA6040013AD2B23C
:10437000002AF5D101338B42EFD170BDF0B51F009B
:10438000AF4B93B015000B9009910A93002800D011
:10439000E5E10026FCE00135252806D03200741C3A
:1043A000099B0B990A9EB04764E100230120082471
:1043B0002A78691C2B2A16D00BD8202A15D0232A3C
:1043C00015D011003039092930D800220A2407926B
:1043D00015E02D2A04D0302AF3D103430D00E7E77E
:1043E00002221343FAE70422FBE72343F6E71022F5
:1043F000F7E70500079A6243303A8A18079229784E
:10440000681C0A00303A092AF3D900212A78089159
:104410002E2A25D18021C9000B4369786A1C080027
:10442000303809283BD815000A2413E000210791F1
:104430002A2AEAD104CF07928A4203DA0231524291
:104440000B4307920135E0E70500089A6243303AD2
:104450008A1808922978681C0A00303A092AF3D988
:104460002A78691C6C2A2AD024D8682A2FD06A2A74
:1044700036D028780135782890D8632833D8622838
:1044800000D16FE1632800D1A5E0252886D0582807
:1044900084D120221343103A0C218B436DE12A2949
:1044A00006D104CF0235D143C9170A400892D7E795
:1044B0001500D5E77A2ADCD1802252000BE06A7819
:1044C0006C2AF9D1C022920013430235D1E76A78F1
:1044D000682A03D080220D001343CAE7C022F3E705
:1044E00080229200F7E7010001226439C9B28A40B4
:1044F0001100544C2140224212D1732800D1BBE05C
:10450000702800D04AE7212213430593082304931F
:10451000089B019103931023029308CF00934BE172
:104520006F2800D020E10822B6E77828B4D0934362
:104530000A22642800D120E1AEE758060DD5C8B2A2
:1045400005930292079BC20F0192C2170493801831
:10455000089B5040039300902EE108001C06EFD505
:1045600008B2EDE7002913D13C1DD80521D50593EC
:10457000079B02920493089B019103933B6800936D
:104580003200099B0B990A98FFF7EFF92700060004
:104590002878002800D0FEE6099B32009E4200D316
:1045A0005A1E0020099B0B990A9CA047300013B0AB
:1045B000F0BD396858060AD5C9B20593079B029227
:1045C0000493089B0091039300230193D8E71806F6
:1045D000F3D589B2F1E70222190011400C91134280
:1045E0002CD0012301CF320008930B99099B741C36
:1045F000C0B20A9EB0470C9B002B3BD0089B220008
:104600000C932CE02020099B0B990A9CA047089A48
:104610000799531C08939B1B9942F3D80A00531E19
:104620009A410023D1B29A4201D0079B013BF61870
:1046300002230029D6D0079B0133D3E73200E7E7F6
:104640006939010821081200531C0D932020099B91
:104650000B990A9EB0470C9B0D9A01330C93079B54
:104660000C998B42F0D8079A089900238A4200D30C
:10467000531AE41826008BE7390004C90D92089AF2
:104680000E91002A01D1012252420D990C008A1884
:104690002178002901D0A24214D10D9A1900A41A40
:1046A0008022D20011400F91134203D0089A944205
:1046B00000D914000222190011401091134217D1A1
:1046C000320009E00134E3E7531C0C932020099BDE
:1046D0000B990A9FB8470C9AA31B0799D3189942C4
:1046E000F2D80023A14200D30B1B0134F618E418C2
:1046F0000C960AE008930C9B0C9A013311930B99CA
:10470000099B0A9FB847119B0C930D9B0C9A9B1B0E
:10471000985C002807D00F9B002BECD0089B089AD0
:10472000013B002AE6D1109B002B15D00C9A06E025
:10473000561C2020099B0B990A9FB84732000C9BFE
:104740000799E31AD3189942F2D80023A14200D363
:104750000B1B0C9AD3180C930E9F0C9E18E71A4B48
:104760000A9316E6022297E610226F2800D9DCE6AB
:1047700093430A22692800D0DBE6590501D50121BF
:104780008B43802189001940692802D0642800D019
:10479000E8E6002900D0FBE602CFD80500D4CCE63D
:1047A0000593079B02920493089B0393CB0F0193FD
:1047B000CB17C918594000913200099B0B990A98F0
:1047C000FFF7D3F80600E3E66139010870B5002968
:1047D00001D1002A27D114244443194B1B191C0072
:1047E000CC342478002C1ED01E00164CD036A57B6D
:1047F000A07331601900D4310A600022D833EDB2C1
:104800001A60904212D1104A1178CBB201290BD014
:10481000062B09D0002B05D1217C40330B43237498
:1048200003231370A57370BD0523FAE70423627A8E
:10483000134301226372637E93436376F2E7C046BB
:1048400060230020005C0040452300207F220F4BA6
:104850000240997B40B2C9B29A7300280FDB002A4C
:1048600007D107200A4A10706022187C02431A748C
:1048700003E02022587E02435A7699737047002A3B
:10488000EFD01022587D02435A75F6E7005C0040D5
:10489000452300200300F7B57F201F000740034297
:1048A00012D14021404B414A180011801A0019854D
:1048B000CA32190017700122CC302A312C33027011
:1048C0000F701A700020FEBD7820034268D15BB2E1
:1048D0009C46374C1423A07B4D1EC0B26E427541DE
:1048E000019060467B43304EA773AD01F31800285A
:1048F00029DB1F00C837B9700121CC33EDB23A80F3
:1049000019702576637E0B4213D090236376082AB4
:1049100011D902210B000131DD00AA420ED82A0074
:1049200092B2DBB2A3767368D218019B7260A37354
:10493000C8E78023EAE708220123F1E74129E9D10A
:1049400000220123EDE72A2084469C446046017042
:1049500001211A852C331970B940A37A0B43DBB2BD
:10496000A37220232B432375637D9B070ED5482319
:104970006375082A0CD902210B000131DD00AA421F
:1049800009D82A0092B2DBB2A375CCE74023EFE747
:1049900008220123F6E74129EED100220123F2E7A4
:1049A000012040428FE7C0466023002028240020D9
:1049B000005C004010B54279037912021A430323C8
:1049C000C178520519408078520DFFF763FF4342CA
:1049D0005841C0B210BD00006022F0B5A24C85B0B5
:1049E00023781A40202A00D14AE1402A00D175E1FB
:1049F000002A23D103321340012B00D16EE0022B99
:104A000000D1D6E0002B19D160786588092815D827
:104A1000EDF772FF760C140C14050E142A2EEDB26D
:104A2000002D01D1914B1D70914B1D70002373E13E
:104A30002A0AEDB2032A04D1EE2D04D1002005B0DC
:104A4000F0BD032AFAD80021A369D6B2187800284D
:104A5000F4D05F78B74203D18D4200D154E10131E7
:104A60001B18F3E71B7857E1824BA360012353E146
:104A7000FF270020A669EDB200973178002908D100
:104A80005E22AE23FF325B00A55400281BD1E05408
:104A9000CCE77378042B08D0052B0BD0022B06D162
:104AA0007779BD4203D1012001E0F3780093337898
:104AB000F618E2E7BD42FAD1009B002BF7D1300097
:104AC000FFF778FFF3E701220720E254FFF7E6FB48
:104AD000802202206849FFF779FEA7E75E23FF33B3
:104AE000E35C002BAAD06078638827790B28A5D8CF
:104AF000EDF7F8FE06A4A4A4A4A40DA4A4A42D314B
:104B00000023A2681370A2685370022304E11B0AF9
:104B1000212B0CD1594B1B68002B00D18EE75A1C5E
:104B2000D27FBA42F7D15B69A3600923F4E0222B5C
:104B300000D083E7514B1B68002B00D17EE75A1C45
:104B4000D27FBA42F7D19A69DB69A260E4E0002221
:104B5000A3681A708AE7DBB2FF2601930023A569D8
:104B6000009602932B780393002B05D1082002991D
:104B7000FFF794FB039BCFE06B78042B04D0052B4D
:104B80000DD02B78ED18EDE7EB78AE780093B742B7
:104B9000F7D1019B009A9342F3D10295F1E7B74216
:104BA000EFD1019B009A9342EBD12800FFF702FF5F
:104BB000E7E75E23FF33E35C002B00D13EE7A288EA
:104BC0006378D0B2012B1DD0032B45D0002B00D031
:104BD00034E77F331840254B997B9873C9B212068E
:104BE0000BD4002802D0587E8006C00F0022997393
:104BF000A3681870A3685A7087E70028F6D0587D1C
:104C0000C006F2E76388002B23D17F331840174B8F
:104C1000997B9873C9B2120610D4002804D11A7C6B
:104C2000043082431A7407E060205A7E82435A7629
:104C30005A7E203002435A7699736EE00028EED0F7
:104C400030205A7D82435A754022587D02435A755E
:104C5000F2E700232361F1E66588002DF9D1FFF723
:104C6000F5FD256159E0C046F8000020005C0040D9
:104C70006023002055020020382E00206C1A0020EE
:104C800003221340012B17D1254B22791B68002BDF
:104C900002D1012040420AE05D68002D0AD0591C73
:104CA000C97F914206D120001E4A1F49A847C04330
:104CB000C00FC4E61B68EAE7022B00D0BEE6184B23
:104CC000A2881B68120A002BE3D09D68002D03D038
:104CD000591CC97F9142E6D01B68F4E7104B1D6850
:104CE000002D02D1012040420AE0EB68002B01D1E7
:104CF0002D68F5E720000B4A0B4998470028F7D1AB
:104D00000123013018409AE6A360022A00D0A9E6E8
:104D10009A78DB781B021343236101208FE6C0469B
:104D20006C1A002008010020000100200023180058
:104D300010B5094A094914888C4200D1108001330A
:104D40000232802BF7D11E220021054805F05AFFC0
:104D50000022044B1A7010BDE22C0020FFFF00005F
:104D6000C42C0020C22C002010B5194CE08AC109C7
:104D700007D18022174B121A40005200C01805F0CC
:104D800041FF154A1378002B0FD0013BDBB21370A3
:104D9000002B02D10122114B1A70012210490B780D
:104DA00053400B700F4B1A7010BD0F4B1B78002B2C
:104DB000F3D1A088FEF75AFF0C4A0530D3680A33B6
:104DC000834200DA03000A2B00DD0A231361E4E7C3
:104DD000F42D0020E22C0020FC2B00208D00002070
:104DE000860000206C000020232E00209000002070
:104DF000802210B5D2000021084805F003FF0022F0
:104E0000074B1A70074A084B12681A60074A084B8A
:104E100012681A602022074B1A7010BD96270020D6
:104E2000962B00207C0000207400002078000020D9
:104E3000700000208800002013B508220021684679
:104E400005F0E0FE082269461548EFF7E3FC154C33
:104E50000521637922791B0192001343E27A2069CC
:104E600013436A46137006220F4B82301B785B0097
:104E700013400E4A127813436A465370EDF7E4FD6F
:104E80006B46987023890A4A934200D1FF236A46F1
:104E90006946D370024800230822F0F781F913BD58
:104EA00048A10000900000208E000020232E00204A
:104EB000FFFF0000F7B5154B0D1E01930CD0144EEB
:104EC0003368002B08D0B3681C68019B009373689B
:104ED000002D07D1B3681C60802202200199FFF7E2
:104EE00075FCF7BD27001C1BBB42FBD0AC4200D9B0
:104EF0002C00306822000099C01905F0B2FF009B19
:104F00002D1B1B1900933C19E1E7C046382E0020E9
:104F1000B81A00204378212B15D0222B04D0203B37
:104F20005A1E934158427047C37882781B0213433C
:104F3000180001220C491040134202D00A700020D0
:104F4000F1E70870FBE780200B68002140421870F1
:104F500004305870D970197159719A3008319870AD
:104F6000997107231360EAE7BB070020F7B5002516
:104F70000700FA242E0001910520EFF765FE3B693A
:104F80000199320099430B005E425E41964206D180
:104F90000135962D04D15A1E9341D8B204E0012563
:104FA000013C002CE8D12000FEBD0000F7B52A220C
:104FB0002D4BFF329E5C0023273AFF3A05001C0070
:104FC0002A4F3240012A1DD00122294B1B699B0A1E
:104FD0009A430192F30605D5A0200821C005FFF7EA
:104FE000C5FF0400730706D5802121480901FFF79A
:104FF000BDFF0443E4B2B60631D4019B002B01D0BF
:105000003B68013300211B4A3B608C4201D0116890
:10501000013111600222184E184C30789A429B419F
:105020008A4292414142484121785B424F42794154
:1050300052424042494218401140114FA870E97055
:105040002B706A70002806D00021397039783370CF
:1050500029712270F7BD0029F8D00121F5E723005E
:10506000019C0193C9E7C0468C1F00201426002034
:1050700000040050102600201926002018260020C9
:105080000E26002007B5002807D008237F220093B2
:1050900000210348073BF8F7A1FFEFF7DBFC07BD52
:1050A00086C901080C224243054B70B59B1818793C
:1050B0005D79DC88EEF7A0FC2841204070BDC04639
:1050C00040E8010810B5FEF7F3FD0400094B186035
:1050D000EFF794F92000EFF707FB3020EEF78CFC98
:1050E000040000213020EEF77DFF21003020EEF794
:1050F00079FF10BD1C2E002010B5054A054B5068E5
:10510000D860518819801289DA80FFF7DBFF10BD63
:10511000102E0020F42D0020404BF7B51A78040023
:10512000824250D018703E4B3E4D3F4F3F4E019350
:10513000002849D03E4B1868002805D03D4A036935
:1051400012681A60F7F750F90020FCF725FE3A4B79
:1051500000201978F7F740FB38492B680978384A5E
:1051600003335B1A01201360F9F70CFA3020EEF7D5
:1051700043FC80218900014389B23020EEF732FFE1
:1051800080244720EEF738FC6400204381B247209A
:10519000EEF728FFFA204000EFF756FDA023DB05CD
:1051A0009C6100233B70274B019A5B88432033802E
:1051B000D27A254B5200D15AEEF714FF80213F20BE
:1051C000C900EEF70FFFF7BDA0238022FA20DB0510
:1051D00052009A624000EFF737FD3020EEF70CFCEA
:1051E0001A4901403020EEF7FDFE4720EEF704FC9F
:1051F000174901404720EEF7F5FE2000F9F7C2F904
:1052000001235B422A683380124B3C701A60019B79
:10521000114A5B7943205B00D15CD2E78C0000200F
:1052200090000020081F0020F02D00208A000020A0
:105230006C1E00201C2E0020E82D0020880000207D
:10524000E42D0020102E0020FCE70108FFFD0000E7
:10525000FFFE0000EC2D002002E8010810B5FEF76B
:10526000D1FD104CE068EFF73FFA3020EEF7C4FBB9
:105270000D4A0E4B10401880FEF75CFD0020FFF732
:105280004BFF01220A4BFF211A7001237F325B4240
:105290000848638005F0B6FC40220021064805F06E
:1052A000B1FC10BDF42D0020FFFDFFFF002C0020FD
:1052B00087000020422C0020022C002070B58022A4
:1052C00080256124144B6D42644200215200134832
:1052D000DD601C6105F096FC8022FF21104805F07E
:1052E00091FC002140220F4805F08CFC00220E4B5F
:1052F0001A800E4B1A700E4B1D600E4B1C600E4B2D
:105300001D600E4B1C60FFF7A9FF01220C4B1A70A9
:105310000C4B1A7070BDC04690000020E22C00209B
:10532000422C0020022C0020FE2B0020FC2B002011
:105330007C00002078000020740000207000002015
:10534000202E00208D0000200300013870B5C4B26B
:10535000112800D9AFE0EDF7CFFA0921AEBDAFAE0D
:105360000921AED43A3AE0AEAECEAE89804D6B792B
:10537000012C0ED800220E2B01D00133DAB26A7153
:10538000FEF706FD40082860FFF768FFFFF7CEFC38
:1053900014E00E22002BF2D0013BEFE7FEF7D2FC27
:1053A000734A8000136880B2012C0AD171498B4284
:1053B00001D8C01810607048EFF746FC6F4B01220F
:1053C0002FE06F498B42F6D91B1A1360F3E76D4A41
:1053D0001278002A2DD06C4AD57E0B2B01D00123E8
:1053E0005D400020FFF798FEFEF700FDFEF7A2FCEF
:1053F000FEF708FD654C664A002D02D1E38A012BB9
:1054000011D8012313700023E380FEF7C9FC0022AA
:10541000604BE0601A70604B1A70584B01321A7082
:105420005E4B1A7047E0013B1570E380FEF7CAFC43
:10543000EDE75B4A1268002A3DD1534AD27E0B2B1E
:1054400001D001235A4057490B68002A07D0564A19
:10545000934230D8464A12689B180B6094E7534A2F
:10546000934228D9424A12689B1AF6E7504B0F2103
:105470001878504D421C1A704F4B1C89EDF7E0FA1A
:10548000C9B24900414B4C53D98AE0B2802906D9B0
:10549000E001EDF74FFA7F2800D97F20C0B201224A
:1054A000464B40005242C252FEF744FC0020FFF738
:1054B00033FEFEF79BFC70BD394B1B68002BFAD105
:1054C0003F4A13703F4A1370FEF7BEFD0120FEF7FE
:1054D000DBFBF0E7324B1B68002BECD1244C0322A2
:1054E0002379002B01D0013BDAB22271FEF750FC88
:1054F0004008206048E70220FEF7C6FBFFF7FCFDEE
:10550000D9E70123304A11784B40137003D10122AF
:10551000174B52421A81214B51E72C4B1C78002C1F
:1055200001D000227DE7FFF787FC294B1C70F8F7BC
:10553000D9FC284B1968002906D0274B1A68002A85
:1055400002D009691C600A60244B00241868FFF728
:10555000B9FD234A6300D15A224B185D0134EEF79E
:1055600041FD072CF5D101221F4B1A701F4BD8E7C4
:10557000900000203F0D0300A0860100202E002097
:10558000102700008C0000208C1F0020F42D00202C
:10559000830000206C000020870000208D00002088
:1055A000400800200C2E00207FA4BF0740771B007E
:1055B000C22C0020C42C0020102E0020E22C002041
:1055C0009D2B00209C2B0020232E0020B82B002098
:1055D000C41F00206C1E0020B42B0020B02B002024
:1055E0009E2B0020E4E701081F080020AC2B0020C0
:1055F00070B53224FF256320EEF7FEF92840C72856
:1056000006D9013C0120E4B2EFF71EFB002CF2D1D9
:10561000EFF714F8EFF712F8154B0400DD8A188045
:10562000D888802D06D92900C001EDF783F97F289D
:1056300000D97F200F4EC0B20F494300B44203D1BE
:1056400001225242CA5207E0CA5A802D0AD9B242F8
:1056500002D0A24201D8CC5270BD0320424312199D
:105660009208EFE7A242F6D912195210EAE7C046B3
:10567000F42D0020FFFF0000E22C00207FB50F304A
:105680000D000A220021040005F0BCFA084B9D42DF
:105690000CD001AE29003000F7F77EFF0023F25C4A
:1056A000002A03D0E25401330A2BF8D17FBDC04653
:1056B000FFFF000070B5284E8AB03000EDF70AF900
:1056C0008022041E254D264815D1210005F09AFAA6
:1056D00080222100280005F095FA032322000221F0
:1056E0002048F8F7BFFC0423220002211E48F8F7E7
:1056F000B9FC0AB070BD002105F084FA80220021B7
:10570000280005F07FFA112C06D80323002202217D
:105710003000F8F761FDECE705AD112231002800FB
:1057200005F09FFB00220323113C022128006A742C
:10573000F8F752FD231CA4B2112C00D911239CB2FE
:1057400022000A49684605F08CFB6B4600220221C4
:105750001A5568460423DCE7DA030020E11C002028
:10576000611C00208DC901089AC90108EB030020C3
:10577000F7B5484D022816D0032800D180E02B78D9
:10578000012808D0052B02D801332B7002E001223A
:10579000414B1A70F7BD052BF9D898403F4A117854
:1057A00001431170F0E729780029F3D03A4B3B4AC6
:1057B00000931B780192002B11D14A1E052A0ED8A6
:1057C000019A1478364A100056788E4210D1967895
:1057D000A6420DD103225343C65C002E0DD10023F7
:1057E000019A2B7013702F4A1370009A1370D1E72F
:1057F000013303322D2BE7D1F1E7392E09D8252EBD
:10580000EDD93200284B263AD2B2D340DB0709D477
:10581000E5E733003D3BDBB21D2BE0D8234ADA40FD
:10582000D207DCD51F4B224C1B78002B12D02378DB
:105830000F2B06D90F221F491F4805F0EBFA0F2343
:105840002370202021781C4B4A1C58540021D2B2CE
:10585000227099542378184F0F2B06D90F22380045
:10586000144905F0D7FA0F2323702278531CBE5435
:105870000022DBB2FA542370104B01321A70AEE7EB
:1058800000230121054A2B701370064A1170024A49
:10589000ACE7C0460D2600200C2600200B26002079
:1058A00010E701080A260020E5FF0F00F5FFFF3F83
:1058B00009260020F9250020F82500206C1F002073
:1058C00010B5044B1B78FF2B03D0034A9B009B5859
:1058D000984710BD431F002060E9010870B504001F
:1058E000FF281CD00E4D2B78834214D0F0F788FF90
:1058F00000230C4A13700C4A13700C4A13700C4AA4
:1059000013700C4A13700C4A13700C4A13700C4A33
:105910001370EFF745F801220A4B2C701A7070BD16
:10592000431F00205F1F00202C2300203E1F00206B
:10593000241F0020231F0020262300203F1F0020BB
:10594000211F00206C1F002000200122064B10B5F3
:105950001870064B52421870054B1A80054B0232E4
:105960001A70FFF7BBFF10BDAE070020AD07002087
:1059700024000020371F002010B58022054906486A
:10598000EEF748FFE022054905489200EEF742FF96
:1059900010BDC0465508002008100100E11A002083
:1059A000881001000EB403B5012103AB04CB4942BA
:1059B0000193FEF7E3FC02B008BC03B018470000F7
:1059C000F0B589B0F8F7E2FC0520F8F7C7FC08232A
:1059D0000093002302211A005F48F8F7FFFA5F4C9A
:1059E0005F4BA67D0A21B5076D0FE85AECF7A2FFC1
:1059F00083B25C4F0393B60700D15B4F5B4B0A2128
:105A0000585BECF797FF5A4E80B23B003100039A87
:105A1000009004A8FFF7C6FF062304A80022012176
:105A2000F8F720FB534D54482B78002B12D1534BE1
:105A300053481B78002B0DD1524B1B78002B33D1D0
:105A4000E27C002A23D0A27C4F49013204A8FFF750
:105A5000A9FF04A80A237F2200930021073BF8F73F
:105A6000BDFA2B78002B06D1E37C002B46D0474BA8
:105A70001B78002B42D0464B1A78444B1B78002BE6
:105A80001BD14449013204A8FFF78CFF2DE0A38A03
:105A900041495000085A0132834201D13F49D5E7BC
:105AA000302AF6D13E48D5E73E4B3F481B78002BC5
:105AB000D0D0374B3D491A78C8E73D4B02AA138135
:105AC0002D233C4993720A780A2A01D03032D3B28E
:105AD00002AAD3724B782D220A2B01D03033DAB2CE
:105AE00002AB1A73002302AA53730A237F22009386
:105AF0000021093B04A8F8F771FA22E01F4B1B783C
:105B0000002B01D0A27CBCE7204D2B78002B1CD1B0
:105B1000A68A0A213000ECF793FF30008CB20A21EC
:105B2000ECF708FF2300244982B204A8FFF73AFFEC
:105B30002B7824215A42534104A80122DBB2F8F702
:105B40006BFBEEF787FF09B0F0BDF8F705FD1B49C9
:105B50000200C31CE9E7C0468BC401088C1F00206B
:105B6000FCCF010815C30108EDCA010804D00108E3
:105B7000B6C901083F1F0020A4C90108211F002049
:105B8000AAC90108231F0020BFC901085F1F002008
:105B9000D61E0020E1C90108761E0020CAC90108EE
:105BA00094C60108DA1E0020AFC90108D6C9010851
:105BB00043480000D0030020E9C90108F0C90108EA
:105BC00070B50D0007490400ECF73AFF20000E0005
:105BD0000449ECF7AFFE3300020003492800FFF749
:105BE000E1FE70BDA0860100C2C10108F0B587B01A
:105BF000002801D1364B1868FEF75AF8354C0500DD
:105C00002100FFF7DDFF2B220127110000232000D8
:105C1000F8F728FA304E314B327D31499200D218D4
:105C20002000FFF7BFFE00233A00742120000097F8
:105C3000F8F752FBF27A2B4B9200D2582A492000F7
:105C4000FFF7B0FE002307226C2120000097F8F731
:105C500043FB2800FEF72CF8244B050049221800CE
:105C60000021039304F0CEFF214B1B78002B24D09E
:105C7000204B214E1A68954216D000241D603470C6
:105C80000022A7B211003800F6F740FB002818D018
:105C90000822200104A9EEF7BDFD049B9D4210D10E
:105CA00039003000F7F778FC3378002B05D0062256
:105CB0003000124B0399F8F771F9EEF7D9FE07B0EF
:105CC000F0BD80230134DB009C42D9D1ECE7C04613
:105CD0001C2E0020CC2B002090000020D8D60108DC
:105CE000FAC90108ECE70108FEC901088008002094
:105CF0008C000020C82B0020B92B00205EDB01089F
:105D000000B58022002112488BB004F07BFF114BBC
:105D10001A78114B022A09D0104B1A78104B002A1E
:105D200004D1104A1278002A00D10F4B0F48104AB4
:105D3000007812780F49009002A8FFF733FE06237F
:105D40000022022102A8F8F78DF90BB000BDC04671
:105D5000E11D00203606002015C20108240600209F
:105D600074C701082F06002003CA0108680000203C
:105D70000100002007CA01080CB407B504AB04CB2E
:105D80000193FEF7FBFA03B008BC02B0184700000D
:105D9000002270B5040010000B4E93B2994200D857
:105DA00070BD0825A35C1B02584003B2002B07DA24
:105DB0005B00734098B2013D002DF6D10132ECE753
:105DC000400080B2F7E7C04621100000F0B5802700
:105DD00004000E00150085B07F04002D01D105B030
:105DE000F0BD002300930A3320006B4403AA29006E
:105DF000FDF79CFE6B4603985A89B8420BD3FF21EE
:105E0000300004F0FFFE6B465B891C19ED1AA4B24A
:105E1000F618EDB2E1E73100EEF7FCFCF3E7F0B580
:105E200004000D00082685B009270A236F442000CE
:105E30006B443100009703AAFDF778FE8023039896
:105E40005B04984205D26A4629003B785289EFF7F5
:105E5000A7F96B465B89F61A1C19B6B2A4B2ED1805
:105E6000002EE1D105B0F0BD30B58024094A4118BB
:105E7000884208D130BD013B1568254205D1002B71
:105E8000F9D10130F4E7044BF6E7002BF9D00378A1
:105E90005360F6E70038014010270000F0B585B0E8
:105EA000002815D15E4B5F4D5A6880235B009B1A1A
:105EB0005D4A5E4E9BB200925D4A80209446FF246C
:105EC00040002A889A4200D094E0002005B0F0BD3E
:105ED000584B594A1B68594D594E9BB20092EBE7FB
:105EE000013222402A802A889A4200D194E0B75C8D
:105EF000AB2F00D181E0013989B26145F0D1991A07
:105F00009A4202D3591CFF31891A89B20729DCD978
:105F100001322240B75CCD2F74D0013880B22A8084
:105F20006045CED1FF202A88019202320240541CE3
:105F30000440375DB45C3F023C4327B202978027A0
:105F4000039408347F00BC425AD8029C07348C4228
:105F5000BBDA029902328C1C0240A4180440315D65
:105F6000DC294DD1611C0140715CBA2948D193B242
:105F7000B118A24249D9FF1ABFB23A00009804F002
:105F800070FF22003100009BD81904F06AFF023430
:105F9000019BE7B2E4B2F018A34239D98022520043
:105FA0000021D21A04F02EFE3A000021300004F045
:105FB00029FE039B2C80991C0F24002321481A00E2
:105FC000009D2240ED5C825C6A40009DEA540133F2
:105FD0008B42F4D303992800FFF7DAFE029A029964
:105FE000AB185A786B5C12021343181A42425041A4
:105FF000C0B26BE78021490075E7002900D07EE739
:106000002B8062E700288DD1FAE70098A21ABCE73E
:10601000019B0021FA1ACAE70029F1D055E7C046D2
:106020001C000240C0300020C02E00206C1900204F
:10603000FFFF00007C020020C02F0020C2300020A3
:1060400080020020E8E8010870B504000125EFF7A0
:1060500061F98020EFF7DAF960002843C0B2EFF76A
:10606000D5F92800EEF7F0FD0020EFF783F90400E2
:106070002800EEF7E9FD2800EFF77CF90500EFF7BF
:1060800061F92002284380B270BD70B505000C0094
:10609000EFF740F98020EFF7B9F96800C0B2EFF7E9
:1060A000B5F960BA84B2C0B2EFF7B0F9002802DBEC
:1060B000200AEFF7ABF9EFF745F970BD10B50220F4
:1060C0000149FFF7E2FF10BD410200000F4B4A00FB
:1060D000D35A70B5C01A84B205200D00FFF7B4FF83
:1060E000C0239843AD0181B229430520FFF7CDFFBE
:1060F00021000320FFF7C9FF0548EEF7A5FD802129
:10610000090203202143FFF7C0FF70BDFCCF010847
:106110001027000010B5044B997D988A8907890FD4
:10612000FFF7D4FF10BDC0468C1F002010B50C4CEB
:10613000238AA382E37C002B0FD00121A07CFDF7F2
:106140004BFDFF2804D100230138E374FF3810BD54
:10615000044BA0744000C35AA3820020F7E7C04656
:106160008C1F0020761E0020F8B509230124CB40A7
:10617000050023421DD0244B1B78002B02D103398C
:106180004C424C410127214E3770EEF709FC0322A7
:106190001F4B1A700E2D34D82800ECF7ADFB080BFE
:1061A000321932323232272A323232322D00EEF7B1
:1061B000B5FAF8BD032017498A7D93079B0F013379
:1061C000034082431A438A750122134B1A70F0E789
:1061D0000124104AD37C6340D374FFF7A7FF002843
:1061E0000FD1FFF797FF0C4B1C70E2E7EFF7FAFDBA
:1061F000DFE7EEF70BFEDCE720003840F0F752FA5D
:10620000D7E702233370D4E7D50800205D1F0020B4
:106210005F0000208C1F0020B107002070B5A02374
:106220000C008021DB054900996200210F4B104DC5
:10623000197029780A23002900D16E330D490E4EBA
:106240000B8000230D49B0820B700D490B700D4976
:106250000B700D490B709A4204D1001980B2FDF702
:10626000D5FCB0822C70FFF755FF70BD741E002066
:10627000231F0020D81E00208C1F0020E91E0020B4
:10628000D71E00203F1F0020211F00200022114B9D
:1062900010B51A70104B1B78934203D00F4B01328C
:1062A000FF325A82FFF742FFFFF734FFF7F76CFB2C
:1062B00000230B4A13800B4A13700B4A1370EEF73E
:1062C00055FDA0238022DB0552009A61074BFF3A5F
:1062D0001A7010BD231F0020DA1E00208C1F002022
:1062E000D81E0020E91E00203F1F0020741E002041
:1062F0000B0070B554001C191100E4B2122823D809
:10630000ECF70EFB1300130013001300130013002F
:1063100013001300130013009300F500F50055015E
:106320009000B001B401B801B801002C00D075E0B4
:10633000B04B1B78002B00D070E0AF4B1B78002BCC
:1063400003D0AE4B02221A7070BDAD4B1B78002BF0
:106350001AD1AC4B1B78002BF3D1AB4BDE7CF8F79A
:10636000E3F81023A94AAA4D13700D3B2B70A94BDB
:106370001978002E2DD1012908D1A74A11780129B9
:10638000E2D951701670DDE70226E8E70329DBD970
:1063900001241E701470F8F7DFF8F5F7C3FE9A4A6F
:1063A0009E49937D9B075B0F595A884203D39C49B2
:1063B0005B5A984205D90222904B1A7003232B7026
:1063C000C2E780B210829082FFF7A4FE954B1C704A
:1063D000BAE70229B8D100211970012313708E4B3E
:1063E0005C781A780A235343013CE418E4B2012E86
:1063F0000FD12000FDF7D2FB0028A2D0824A8A4BA1
:1064000094746400E35A9382FFF784FE854B1E70F8
:106410009AE72F2C00D994E7844BD8E72100FFF7A7
:10642000A3FE91E721000E20F9E7032C05D10122FC
:106430000A201100EFF764FC86E7002C00D083E708
:106440000322734B6D4D01341A702C70EEF7A8FACD
:106450006C4B1B78002B2CD16E4B1B78002B00D083
:106460006FE7694AD37C002B0FD165480578002D72
:1064700007D06E496C4B0978928AA140CA52694B89
:106480001C7001236B4003705EE75B4D2B78002B83
:106490000BD00121927C644B52004942D152FFF74C
:1064A00045FEFFF737FE5F4B1C7001232A785340EF
:1064B00085E75F4B1B78002B03D15E4B1B78002BCD
:1064C00004D1022300222B70524B3CE74C49087840
:1064D000002808D0554A4C4D1278534BAD8A5200D3
:1064E000D552504B1C70012343400B702CE7012503
:1064F0000B2820D1EEF754FA464B1B78012C1CD107
:10650000002B00D01DE73D4B1C703F4CE37E002B61
:1065100001D16D426DB23A4B1B78002B17D003228C
:106520003B4B1A70414A13785B19591C0CD02F2B26
:106530000BDD002309E06D42DCE7002B00D003E710
:10654000032C00D000E7E0E72F231370FCE62D4B6F
:106550001B78002B0BD0364B1A78002A00D0F0E6BF
:106560002900A08AFFF75AFE0322294BEBE6E37CC1
:10657000002B14D0A67CE9B27018C0B2FDF72CFB3A
:10658000FF2809D0864207D0274BA0744000C35A89
:10659000A3820122234B1A70FFF7BCFDE4E7208A97
:1065A000401980B2FDF732FBA0822082F1E7194A40
:1065B0001378002B16D0002C00D0C5E601200F491F
:1065C000087010490978002949D1002B34D10C49B1
:1065D000094B0A78002A09D11A78002A06D1EEF769
:1065E0009DF8B1E6012C00D0AEE6E7E700220A7084
:1065F0001A70B9E7D5080020211F00205D1F002078
:106600003F1F0020231F00208C1F0020641F00203C
:106610005F0000205F1F0020D0030020FCCF010896
:1066200004D00108B1070020761E0020D61E0020ED
:10663000DA1E0020D71E00200A2110241248013B38
:10664000DBB2C154114913700C70002B04D0012B24
:106650008AD10378002B87D10023137084E7FFF7DA
:1066600015FE81E71800F0F70FF96DE61800F0F756
:1066700059F969E6012C00D166E60222044B1A7032
:10668000EEF78EF960E6C046D0030020641F0020BC
:106690005D1F00200023F7B501212D4A2D4D1370F9
:1066A0002D4A11702D4A13702D4A1380AB7DAE8A8E
:1066B0009B079B0F0193002E45D02A4F3C78002C5E
:1066C0003CD1294A6300E0B2D15A0134FFF7DDFC26
:1066D000222CF6D12548EEF7B7FA19202449FFF706
:1066E000D4FC19202349FFF7D0FC2348EEF7ACFA7D
:1066F00001233B70214B052019784B4259410F2350
:1067000049421940A1231B01C918FFF7BEFC300004
:106710000199FFF7DBFC1A48EDF7E6FFA023802282
:10672000DB0552009A61174BFF3A1A70164B383549
:106730001A7003232B70F7F7D5FBF7BD022013491E
:10674000FFF7A3FCD6E702201149FFF79EFCE2E722
:106750003F0800208C1F00205E1F0020231F002008
:106760002C080020362E0020A4E8010890D0030059
:106770003CA80000BCA8000060EA0000210800203E
:1067800080789D00741E0020711F0020010200000F
:1067900041020000054A1378082B01D90023137029
:1067A0001278034B9200D0587047C046352E002017
:1067B00080E80108F0B589B0F7F7E8FD704D714841
:1067C0002B78002B05D07048012B02D000236F4896
:1067D0002B7008237F22009302210023F7F7FEFB92
:1067E0006B4B04AC1E78002E43D16A4B6A491B6880
:1067F0001F683800ECF724F9380002916649ECF77D
:1068000099F866490200029B2000FFF7CBF80F20A1
:1068100002AF032332006121C019F7F723FCE671B0
:106820000023022210212000F7F7F6FCFFF7B2FF49
:106830005B4A5C4B16882A7802901B88C188002A24
:1068400025D1594B1A78072A1CD8D20113002000F1
:10685000564980330132FFF7A5F808237F220093C1
:1068600002212000033BF7F7B9FBEEF7F3F809B07C
:10687000F0BDF7F771FE4E490200C31C2000FFF780
:1068800091F8CDE720004B4904F0E3FAE5E79B19C6
:106890001F1C9BB28B4200D90F1C4748BFB27843E4
:1068A000ECF7D2F883B2180064210393ECF742F8B6
:1068B000642185B20398ECF7C3F8404A8BB2127892
:1068C000002A52D12A0020003D490096FFF76AF8BD
:1068D0003C4B1B78002B17D008233C254226200078
:1068E0007F2202210093033BF7F778FB364C374BAE
:1068F0007A22E554364B81213648E65404F082F979
:10690000354BE654354BE554002FAED0244B34497B
:1069100018880B7883420AD007257B1EDC101D40A7
:106920000123AB402F4A0870155D2B4313550023FC
:1069300007201A0084462C492C4D8124974209D9FE
:10694000284ED010305C6646164030410126304259
:1069500000D13C3402980C70C0881B189BB2772B76
:1069600009D80131A942E8D17FE72A002000204957
:10697000FFF718F8ACE7783B01329BB292B2EEE732
:10698000641E002014CA010822CA01082BCA01088B
:106990005F1F00206C1E0020A086010036C1010888
:1069A0000E0700200C070020352E002043CA0108E6
:1069B00039CA010853CA0108102700001107002036
:1069C0005CCA0108342E0020E11A002001020000F8
:1069D00002020000E41C00207D0200007E02000094
:1069E000242E0020252E0020E51C00205D1D002007
:1069F00071CA010870B5002207250749074C13002A
:106A00002B405B004E881B5B013273404B80023190
:106A10008242F4D170BDC0466407002070E80108CE
:106A2000F0B5804B8DB01B78002B19D07E4B1C78B5
:106A3000002C15D17D4B1B78012B13D0022B00D1DC
:106A4000E7E001227A4B03201A70EEF708F80420E1
:106A5000EEF705F80520EEF702F80620EDF7FFFF48
:106A60000DB0F0BD734A744C12782378002A75D0AB
:106A7000FEF720FE714D80220021280004F0C2F8AC
:106A80006F4B1E7833007F33DBB201937F236D4A57
:106A90003340009200996C4AC95CD25C0136F6B270
:106AA0000B1C914200D2131C7F21674A0098314091
:106AB000525C415CDBB20F1C914200D2171C0024D7
:106AC000FFB23F2B07D8072041215843EBF732FF95
:106AD00006231C1AE4B200203F2F07D807304121BB
:106AE0007843EBF727FF0623181AC0B201210623CB
:106AF0000F001B1B9F402A783A432A70844279D2A8
:106B00000F009F402A7801343A43E4B22A70013BD7
:106B1000A042F5D2019B01359E42B7D17F23009A56
:106B20001E40494B915D9B5D0A1C994200D21A1C84
:106B3000D2B240233F2A0BD8072041215043EBF724
:106B4000F9FE0623181AC0B2181A053B8340DBB2BF
:106B50003E4A3F495354FFF7D3F872E7002B03D165
:106B60003C4C2378002B83D02000EBF7B3FE80222F
:106B700007000021384804F045F8802200213748FA
:106B800004F040F80323002202213548F7F76AFA9F
:106B9000112F06D8032300221C212000F7F762FAE8
:106BA00068E70026BDB2222F02D92E00223EB6B2DF
:106BB0001122A11902A804F054F9002202AB113DE0
:106BC0005A74AD1B03231C2102A8F7F74BFA2B1CA8
:106BD000ADB2112D00D911239DB207AF11362A0095
:106BE000A119380004F03DF90022042302213800E5
:106BF0007A55D3E784428DD906231B1A0F009F4094
:106C00002A7801303A43C0B22A70013B8442F5D25F
:106C100080E7FEF74FFD80222100084803F0F2FFD5
:106C200099E7C046071F0020431F002036060020BA
:106C30006C1F0020DA03002036270020611D002091
:106C400035270020B526002035260020E11A002037
:106C5000FF02000014060020611C0020E11C00203F
:106C600081CA0108F0B589B00522002104A803F00B
:106C7000C9FFBC4EBC4C33782078002B54D0BB4F9E
:106C80003B78034350D12A22B94BFF329D5C2C2222
:106C9000FF329B5C5A1F5F2A00D914233221B5486A
:106CA0005943EBF747FEB44B80B2188003234343AC
:106CB000B24A9BB21380B24A1080B24A13800722B4
:106CC0004243B14B1A8005232370B04B1A68B04B76
:106CD0001A800023AF4A3B701370AF4A1370AF4A5B
:106CE0001370AF4A1380AF4A1370AF4A1370AF4AA4
:106CF0001360AF4A1360AF4A33701370AE4BAF4AA4
:106D00001978002902D01178A94202D01570012209
:106D10001A70AB4C2378012B45D1EDF7F1FB022320
:106D200023709A4B1A6854E0052803D0A24B1B78B5
:106D3000002B02D100232370EBE72A238C4FFF3373
:106D4000FB5C01251A00914E2A4031682B4200D18C
:106D500070E0924C1B072CD4EDF7D8FD002828D00A
:106D60002378002B00D0A9E2257000220124954B46
:106D7000934D1A80944B1C702B78934200D096E26E
:106D8000A0230132DB05FF329A619048EDF75CFFEA
:106D9000FBF7CAFE02228E4B2C701A708D4B01201D
:106DA0001988EEF7CDF8864B1B78022B13D009B06B
:106DB000F0BD0022237822705B00DBB2022BA8D149
:106DC0007F4C2378012BEED1EDF79AFB022332683A
:106DD0002370814B1A806D4B7F4A1B6811885B1AA8
:106DE0009BB2132BE3D90025754B774C15801D7092
:106DF0002570EDF785FB29005120EDF7F3F8280009
:106E0000FAF7CAFF2800FAF769FE744B28001D70D4
:106E10002570F5F7D5FDF5F709FC714B1B78AB42F2
:106E200002D00220EFF712F80122694B1A70FFF727
:106E3000F7FDBCE795235B00FB5C032B00D0D5E09E
:106E400006AF3800FEF7B2F8484D34682878A4B28F
:106E5000052800D95DE7EBF74FFD0318304859715D
:106E60007B78002B02D003232B707EE73B78002B2E
:106E700000D14EE701214A4B5A4A1C805A4B2970D7
:106E80001B784B408B4013806FE7454B554F1A885A
:106E90000093394B39881B88A21A5B1892B29BB2B7
:106EA0009A4200D20AE20020FEF762FC00233B80F7
:106EB000009B1C8002232B7082E77B78384A002BD2
:106EC00001D01480CFE73B78002B03D1148004332A
:106ED0002B701EE713882A49E31A09889BB299424E
:106EE00000D916E714800123BEE77B78002B00D081
:106EF000E4E12B4F224A3B881288E31A9BB29A4264
:106F000002D80120FEF734FC3C80D3E77A78244B8A
:106F1000002A01D01C80A6E73A78002A01D01C8004
:106F2000E1E71B88174AE31A12889BB29A4200D9FC
:106F3000EFE60220FEF71CFC0523C9E77A78184B20
:106F4000002AE7D13E78002EE9D11B88E41A0E4BC7
:106F5000A4B21B88A34200D9DBE60320FEF708FC9D
:106F60002E70D6E667000020302600202F26002055
:106F70008C1F0020701700002626002024260020E9
:106F800022260020202600201E260020081F002088
:106F90002A2600202D2600202C2600201A2600203C
:106FA0001C26002019260020182600201426002068
:106FB000102600200E2600202E260020660000202D
:106FC00034260020681F0020201F0020204E0000D3
:106FD000360600200C00002032260020BE070020CC
:106FE0004808002028260020741E00208DB20428A6
:106FF00000D95AE1EBF794FC050031007E00CB008C
:107000002B0104A8FDF7D2FF04AB1B7804AA527829
:10701000002B12D1002A00D17BE6B44A0121137063
:107020000022B34B21701A70B24BB34A1D80B34B90
:107030001B784B408B40138097E6002AEDD09523B8
:107040005B00FA5C2A3BFF3B022A03D104AA1279B7
:107050005340E2E7A54A1278FAE7A44B1B78009365
:10706000002B32D0A64B1B880293A24B03931B88A4
:10707000EB1A9BB201939E4B1B78002B11D104A8F5
:10708000FDF794FF95235B00FB5C002B22D1009B56
:10709000002B1CD004ABDB78002B02D00122944BD8
:1070A0001A70954A029913885B180199994200DA7F
:1070B00004E1002301201380039B1D80009B5840A6
:1070C000FEF756FB022323707AE68E4BCBE704AB28
:1070D0009B78E1E7012BE4D1009B002B07D1884B83
:1070E000019A1B889342F2D804AB1B78D4E704AB17
:1070F0005B78D1E77F4B00931B88EB1A9EB27C4BE9
:107100001B78002B12D104A8FDF750FF95235B00DC
:10711000FB5C022B0AD0754B1B78002B14D004AB00
:10712000DB78002B02D00122714B1A70764B1B8842
:10713000B34200D9EDE56E4E3278002A07D06B4B92
:10714000197801234B400FE004AB9B78E9E704A8D2
:10715000FDF72CFF04AB1B7804AA5278002B03D058
:10716000002A00D0B7E01A00002131708A420CD00A
:10717000009A04A81580012222705C4A1370FDF762
:1071800015FFF2E559490978DCE70323D3E5594EA9
:107190003388EB1A9BB200935C4B009A1B88934296
:1071A00049D904A8FDF702FF04AB1A780120002A90
:1071B00000D15878544B19884B085B1800999942B4
:1071C0001CDA002800D1A4E504AB5B784749002A0B
:1071D00006D0002B06D10A70012335802370C4E548
:1071E000002BF8D195235B00FB5C0122022B03D11D
:1071F00004AB1B795A40EEE70B78FBE7002800D17F
:1072000087E53B490B78002B00D082E501330B70FA
:1072100095214900785C354902280AD1002A08D016
:1072200004A84078002804D004AA127953400B70B7
:107230006FE50A706DE50220FEF79AFA2C4B1A787A
:10724000002A02D000221A70C6E7042373E5294EF3
:1072500004A833880193FDF7A9FE04AB1B78002B2B
:1072600004D104AA52780092002A11D0952252002B
:10727000BA5C022A09D1002B07D004AA5278002A4E
:1072800003D004AB1A7901235340184A1370A3E7C3
:10729000019BEE1A1E4BB6B21B88B34200D938E5EB
:1072A0000320FEF765FA009B45E5227031E5022BCD
:1072B00000D073E52C70174B1A806FE50122002176
:1072C000154B1A70154B1980154B1978022900D1EE
:1072D0001A703268EFE795235B00F95C2A3BFF3BAD
:1072E000022900D04EE704A909792BE72D260020BA
:1072F0002C2600202A26002028260020741E00208C
:1073000026260020242600202226002020260020D9
:107310001E26002032260020201F0020681F00208B
:1073200034260020F7B5051E03D003780024002B77
:1073300017D1F7BD0E4E0F4F33784F2B06D94F2282
:1073400038000D4903F066FD4F2333700199327800
:107350000978531CB9540022DBB201343370FA545B
:10736000E4B22B1901932B5D002BE3D1E1E7C0467A
:10737000F7250020362700203727002010B5094CBC
:10738000094A23780949D054CA5C824205D2C854BC
:107390007F2201331340237010BD002AF8D0013A38
:1073A000CA54F5E73527002035260020B5260020F1
:1073B000F0B53D4B87B003931B7805900293002BEB
:1073C00070D03A4B3A4D1C780493002C43D02100E6
:1073D0002888EBF739FB0026022C00D814366427E6
:1073E00014217843EBF7A6FA031CC0B2B84200D9C7
:1073F0003B1CDAB2B24200D2331CDBB21927019334
:10740000022C00D814272B4B019A2B481A7000230A
:10741000049A2B801370294D029AAB542A789A4211
:107420002ED00122E95C002918D1254B9B5C2A2B28
:1074300001D03F2B0AD10024224E28007168EBF7BF
:107440003FFA002817D11F4BE4001B5D1E48037054
:107450000023437014E064230193D3E72E2905D160
:1074600052003F2AE7DC0133DBB2DBE72D29E2D112
:1074700052000132F5E701340836362CDDD11348CD
:107480000378002B04D0019B9F4201D8FFF74AFFED
:107490000023039A2B701370059B002B02D0064823
:1074A000FFF740FF07B0F0BD2706002010060020C0
:1074B0001206002068000020A1C301081406002065
:1074C000D0E60108E4CB0108F525002057C30108E8
:1074D00010B5002804D000221B4B1A701B4B1A70E9
:1074E000002401221A4B21001C701A4B1A481C70F0
:1074F0001A4B1C801A4B1C801A4B1C701A4B1C70A8
:107500001A4B1C701A4B1A707F3203F07BFB8022DF
:107510002100184803F076FB7822174B52421C706A
:10752000164B1C70164B1C70164B1C80164B1C7097
:10753000164B1C70164B1A80164BDC321C80164BF7
:107540001C70164B1A7010BDF7250020362700203E
:107550002706002014060020352600202C060020D7
:10756000280600202E0600202406002023060020E6
:1075700031060020B52600202F0600202606002018
:107580002506002020060020352700202A0600209E
:1075900016000020120600201006002068000020BF
:1075A000962010B50F4BC0001978EBF74DFA142355
:1075B000132803DDDC33984200DC83B20A4A0B490E
:1075C000138003225A4392B20A80094900200B809B
:1075D00008490A8007214B43074A1380FFF778FFC9
:1075E00010BDC046010000201A000020100000203D
:1075F0000E00002012000020140000202A4B10B5BD
:107600001A78002A4ED000241C70284B80222100BA
:1076100027481C7003F0F6FA80222100254803F069
:10762000F1FA80222100244803F0ECFA21008022A4
:10763000224803F0E7FA0120FFF74AFF20490B78C0
:10764000A3420DD01F4A204B12780C70DA771F4AE4
:107650001F4B1278DA7701221E4B1A70F4F7E6FFFF
:107660001D4A1378002B0BD01C4B1D491B7804209E
:107670000B70002111708B4200D00238EEF7E6FB50
:1076800018490B78002B05D0174A184B12781A703E
:1076900000230B70ECF71FFF0022154B1A70154BDF
:1076A00001321A7010BDC046071F002036060020A8
:1076B000611C0020E11C0020611D0020E11D002054
:1076C0003004002032040020911F002031040020EB
:1076D000921F00205A0000202F0400202E040020BA
:1076E000480800202D0400202C040020CD1F00207D
:1076F000D50800206C1F002070B5234A1378DCB237
:10770000002B10D1214B5D686D42EDB2204A1378F9
:107710009D420DD1002C17D00F221E4B1A70002253
:107720001D4B1A7003E01378013BDBB2137070BD80
:10773000591C1170194A1A48D15CEDF7EFF800286E
:1077400000D120000400E1E70225164BFF351E683A
:10775000F6B2154A13789E4207D1002CE7D00F22CB
:107760000C4B1A700C4B0E3ADBE7013D002DF4D0A8
:107770000E490F48C95C01331370EDF7CFF80028AC
:1077800000D120000400E4E7F02500201C000240A6
:10779000F225002065000020BC0700206C190020A5
:1077A000F12500207C020020F4250020800200202A
:1077B000F3250020F0B5664A8FB013780290DDB251
:1077C000002B05D1634C2378002B06D10FB0F0BD00
:1077D0001378013BDBB21370F8E75F4A5F4E106825
:1077E0003168401A5E49632808D91068013BDBB252
:1077F00030602370002B01D10B70E7E70B785948FC
:10780000002B00D092E001330B700123029300247F
:10781000260013680021036010220AA803F0F2F981
:10782000514F01970D2104ABC9182000FCF7D8FC7B
:1078300001234E4907A81A5C013351404C4A514379
:10784000092BF8D14B4B0A0C1B784A400393019B40
:1078500092B21988914206D1039B1A1B51424A41A8
:10786000029B1A430BD00721012321408B401900B2
:10787000E2080AA8835C093619438154B6B2019B19
:1078800001340233E4B20193802CCBD17F21039BDE
:10789000384A01330B401370002E97D0364B1B78BB
:1078A000132B00D092E704ABD81CFF237E39037062
:1078B000EBF72EFF314B05A80380022305218370CF
:1078C000330A0671C3700126EBF722FF793C0AAA3E
:1078D000EB08D35C2A0022401341334219D00D211A
:1078E00004ABC91828001D73FCF77AFC092107A80E
:1078F000EBF70EFF01221D4B0C2004A90918895C2F
:1079000001324B401A494B43092AF5D11A0C534016
:107910003B800135EDB20237802DD8D104AB981CE5
:107920000A2301210370EBF7F3FE4FE7029B002BC4
:1079300000D06AE7124BC8211B78002B00D16439B4
:10794000136804681B1B8B4200D360E73EE7C04608
:10795000F025002065000020081F0020EC250020F5
:10796000E8250020E4250020E4240020C59D1C819A
:1079700093010001E224002061000020AA550000CC
:10798000071F0020038810B501330380FEF702FFB4
:10799000074B084A1B8812889B18C2889BB29A42E0
:1079A00005D80222044B00201A70FFF703FF10BD18
:1079B0000C0700200E070020641E002010B50124D3
:1079C00000210A4B0F221C70094B1970094B1980BA
:1079D000094B1970094B1870094803F013F920007E
:1079E000FFF7E8FE074B1C7010BDC046342E002088
:1079F000AC0700200C0700205F1F002011070020AB
:107A0000252E0020641E0020F8B5002A45D100294B
:107A100043D010283ED0414B01321A700D2800D9B6
:107A200079E0EAF769FF070707070707070707076E
:107A30004061614CF6F778FD394B1A78052A29D94F
:107A400000241C70F6F788FDF4F76CFB64254543B1
:107A5000344E33689D4221D373689D421ED2280064
:107A6000F4F7AAF9002819D12F4F28003E68B18BEE
:107A7000F4F770F934863060B0603000F4F7B4FC8D
:107A80002A4B3A6801201A60FAF786F9ECF76AFD8A
:107A9000EDF724FA0422264B1A70F8BD013408369B
:107AA000072CD6D1F6E70120FFF788FF214B224AA9
:107AB0001A8000225A80214A0833DA87EAE7184BF5
:107AC0001C78002C09D12000FFF778FF1C4B1C709C
:107AD0001C4B1C80EDF714FADCE70A22013CE4B2EF
:107AE0001C70194B1A55D5E701230B280FD1174AE3
:107AF000D27E002A01D15B425BB2154C2078013363
:107B000007D001300921EAF79BFF2170C2E75B42F1
:107B1000EDE70830F6E702221A70BBE75D1F002090
:107B20005F1F0020ACCB01086C1E0020681E0020E7
:107B30005F00002064070020CDABFFFFBADCFFFF31
:107B4000242E00200E070020D00300208C1F0020D0
:107B5000352E002010B5C27F0024A52A1ED1427CFC
:107B6000017C12020A43817C09041143C27C120683
:107B70000A43013212D04278017812020A43817816
:107B800009041143C27812060A43013206D0847FE9
:107B9000FCF7DCFB241A63425C41E4B2200010BD18
:107BA000030020330278FF2A04D101309842F9D132
:107BB000012070470020FCE7224B10B51B78002BFA
:107BC00036D09621204B89001A8800238A4205D995
:107BD0001E4BD318FE2B00D9FE23DBB21C4A1178B2
:107BE000994200D913701B4B1A78012314001C40D2
:107BF0001A421DD1ECF722FD174A184B12684008B3
:107C0000128E9B56A03B181883B200B202005D3260
:107C10000FDB5D331C1CDBB2282B00D92824093470
:107C2000E4B20F4B1A78FF2A01D0A24200D21C7096
:107C300010BD03008D33F4DB06219330EAF704FF17
:107C4000C4B2EEE71E1F0020621E0020A8FDFFFF49
:107C5000DA1A0020400600206C1E00201C000020C4
:107C6000DB1A002001210A4B494219800023094AEE
:107C70001370094A1170094A1370094A1370094AAE
:107C80001370094A1360FF22084B1A707047C046F0
:107C90008A06002000070020E12400208C06002036
:107CA000880600200A07002044060020E024002067
:107CB0000023094A10B51380084A1370084A13704C
:107CC000084A1370FFF7CEFF0122074B05201A70F8
:107CD000FDF704FE10BDC046DE1A0020D51A0020B4
:107CE000D81A0020D61A0020711F00200023084A4D
:107CF00010B51370074A1370074A1360074A1360E0
:107D0000F022074B52031A60FFF7ACFF10BDC046CC
:107D1000D71A0020D41A0020CC1A0020C81A00203C
:107D2000D01A002070B592B06B4604001720DE1DFB
:107D3000A52302AD1122FF216844337002F062FFD7
:107D40002B0007CC07C3228828001A80A2789A70DB
:107D5000284A1368591C11602B61FCF7F7FAF423C9
:107D6000254CA87722685B039A4202D3F0235B0379
:107D70002360206820220AA9ECF74CFD0AA8FFF72F
:107D80000FFF00281BD123681A0509D080221B0B86
:107D900052011B039B18F4225203934227D2236003
:107DA000206820220AA9ECF735FD0AA8FFF7F8FEA3
:107DB000002804D12068000B0003EDF747F90023E9
:107DC000202229002068EDF7EBF92068002301222A
:107DD00031001F30EDF7E4F9F42223685203203319
:107DE000934201D3F0235B03236012B070BDF023F4
:107DF0005B03D4E7CC1A0020D01A002010B50B008A
:107E0000FF242340434007480A0A434322405A4084
:107E100042430B0C234053404343090E594048430F
:107E200010BDC04693010001F0B5284D87B02B78F6
:107E3000002B0AD0264B274C1B78002B07D00023A1
:107E4000254A2B70FF332370137007B0F0BDFFF786
:107E5000B3FE224B1E68721C1A60214B1F68214B17
:107E60001B880293204B1B780393237804931A4BAF
:107E70001B7805931D4B1B8801335B0800D1013330
:107E80009BB201931A4B1B4C1B78002B02D0200095
:107E9000FFF748FF012266600026019B27602381CF
:107EA000029BE6736381039B2373049B6373059BAF
:107EB000A3730F4B1A70104B1A70FFF7D3FEFF22FB
:107EC000044B2E701A70044B1A70BEE71E1F002060
:107ED000D91A0020DB1A0020DA1A0020C81A002064
:107EE0003C06002038060020400600201C1F002011
:107EF0005005002040050020D41A00200123020074
:107F0000F0B51A4085B005000C000392184236D037
:107F10004B691F688023E68BDB009E4200D3194E1D
:107F2000194B1A4A01931B780292002B0AD013783E
:107F3000AB4207D1164B1B68BB4203D1154B1B88C4
:107F4000B3421AD0FFF770FF0123019A1370002289
:107F5000029B1D700E4B1F600E4B1E800E4B1A8035
:107F6000039AFF23002A01D0293423780B4A137087
:107F7000FF220B4B1A70FFF71FFE05B0F0BD0B6917
:107F8000C7E7C046FFFF00001E1F0020400600207C
:107F90003C060020380600201C1F0020DB1A0020B1
:107FA000DA1A0020037842680078084940B20028B5
:107FB00006DA7F20034046339B00CB185A60704797
:107FC0004E339B00C9184A60F9E7C046F80000200C
:107FD000F7B505000F0014001E0082420FD1994230
:107FE00001DC0E001F00BE4200DDF7BDF2B201232E
:107FF0001648E9B20136F6F75DF936B2F3E7FA2032
:108000005E1A8000511B7043EAF71EFD10490600FE
:108010006843EAF719FDC3190193AC4202DB230060
:108020002C001D0027007743AC42DEDCFA2138002B
:108030008900EAF709FD019BE1B2C218D2B201231F
:108040000248F6F737F90134BF19EDE7E11A0020CD
:1080500018FCFFFF064A11784F2907D820204B1C37
:10806000DBB21370034A50540021D1547047C0460C
:108070002B040020DA0300200121054B82B09A6B0B
:108080000A439A639B6B0B400193019B02B07047BC
:1080900000100240F0B585B00C00150069461022B2
:1080A000ECF7B8FB6B461B78013BDBB2FD2B20D80D
:1080B0006A4600210126114813785F1EFFB2FD2F8A
:1080C00008D90023137010226946200002F0C9FE6F
:1080D00005B0F0BD232B07D02A3BDBB21A2B08D802
:1080E0000700DF40374204D0013101321029E3D1CB
:1080F000E9E72900200002F0ACFEE9E7C1FF8007B4
:1081000070B51C48ECF7A0FD80213F200902EBF779
:1081100069FF59201849EBF765FF68215920EBF7F3
:1081200061FF0024154A63005F20D15A0134EBF748
:1081300059FF242CF6D11248ECF786FD592011493D
:10814000EBF750FF0125A4340C20EBF755FC284237
:1081500006D1013C0C48E4B2ECF776FD002CF3D1DB
:1081600000210220EBF73EFF0248ECF76DFDECF733
:10817000B5FE70BD30750000688000006407002007
:10818000204E00006828000088130000042202210D
:10819000F0B55D4C5D4BA54404935D4B5D4D1B7884
:1081A00005AC5B4213402A78200052420A40134338
:1081B000594A1D261278134304AA5370049B149342
:1081C000564B1B680593564B1B680693554B1B88F3
:1081D00001335B082381544B1988544B61811B7810
:1081E0002373534B1B786373524B1B78A373FDF7B8
:1081F00045FA15AB07CC07C307CC07C322781A7022
:108200002B78002B5BD04C4B80271D684B4BFF001D
:10821000ED1800236D09ADB20193002D54D0013D3E
:10822000ADB2F0231B020CACE81840012022210063
:10823000ECF7F0FA2000FFF7B3FC00283FD1200054
:10824000FFF788FC002833D00823227B1A4208D18C
:108250003B4B61681B68013B5B1A802189008B42A4
:108260002DD214AB98192378193603706378B6B2FF
:108270004370A3788370E378C370237C0371637CBD
:108280004371A37C8371E37CC371237A0372637AA5
:108290004372618902730B0A8172C372637B4373F9
:1082A000A37B8373FDF7EAF9019B0133DBB20193F2
:1082B000013FBFB2002F02D0019B402BADD114ABC8
:1082C0000021204A9B1905E01F4DAAE701361970CD
:1082D000B6B201339642F9D902ABDC1D0A232370F2
:1082E0001A4B0CA80C935D2305210371EBF710FAD0
:1082F00014A81749EBF70CFA01212000EBF708FA54
:10830000144B9D44F0BDC0464CF9FFFF02004000F5
:10831000D91A0020D41A00201E1F00203C0600207D
:10832000CC1A00201C1F0020380600204006002028
:10833000DB1A0020DA1A0020D01A00200000E2FF29
:10834000C81A00205C060000FF030000AA550506BD
:108350005D060000B4060000802370B5021CDB003F
:10836000984201D3264B1A88264B27481978037860
:1083700092B28B4203D00024244B01701C60244B2A
:1083800024481A800023037023480170234924489D
:108390000B70244903700B70234B1B68002B02D118
:1083A0000133037070BD0126184B1C68530935005A
:1083B00020009D4028402C4219D01C4C58015B00E5
:1083C0001B5B802401339BB2E400A342A44180B232
:1083D000121A234092B2164C2380164B1A800022A8
:1083E000154B1880154B1A8001230B70DAE7013BFF
:1083F000DDD2134B134C1B681B195B099BB2EAE7D8
:1084000054C00108DC1A0020E024002044060020AB
:108410008A06002000070020E12400208C060020AE
:10842000880600200A070020CC1A002048060020F9
:10843000080700200207002004070020060700208C
:10844000D01A00200000E2FF10B5024B1880FFF7A1
:1084500083FF10BDDE1A002010B5124B124A1C8893
:10846000124B12781B789A4218D18021104A231C93
:10847000C9008C4201D30F4B1B8812889BB29A42D1
:108480000CD10D4B1B78002B0BD10C4B1B78002B08
:1084900007D12000FBF7E6FE002802D12000FFF7FD
:1084A000D3FF10BDDE1A0020E1240020DC1A0020DA
:1084B0008A06002054C001080A0700208806002010
:1084C00070B50D001400102805D1FBF7BDFE280083
:1084D000EEF728FA70BD002903D1002A01D10A283D
:1084E000F8D169490B78002B09D00A2803D1002D57
:1084F00001D1664B1D70664B01221A70EAE70A38FB
:10850000052800D9BAE0EAF7F7F95E1D30AC9C0304
:10851000002DDFD05F4D002C08D0FBF795FEECF767
:108520003FFAEAF7FDFE01232B70D3E7FBF78CFE41
:108530000123594A11784B401370F4D01022574B45
:108540001A70F0E7FBF780FE534B1B78002B05D029
:10855000ECF726FA0020FFF777FFCCE7504B18889E
:108560000028C8D0013880B2F5E7FBF76DFE4A4B12
:108570001B78002B03D0ECF713FA4A48EBE7FFF720
:108580006BFF494B18780028B5D0484B1B78002B5F
:10859000A0D1474B1B78002B03D0464B1B78002BF8
:1085A00098D03F4A444913880988013340189BB248
:1085B00080B2984201D913809DE73E4B1B78002B77
:1085C00099D01080C7E7002D1BD1304D002C16D15B
:1085D0002B78002B13D1FBF737FE384A1378013381
:1085E000DBB2022B00D92300137000222C4B1A801F
:1085F000FFF738FB0122274B1A70254B1A70002316
:1086000092E7002C00D165E7204A1378002B00D0B8
:1086100060E7012010702A4A1478002C0FD01370E4
:10862000284A087013701E4A1380FFF75FFB01236E
:10863000254A1370174A1370154A13704AE71070D1
:10864000F5E7002D00D145E7002C00D042E7FBF70D
:10865000FBFD1E4A1378012B01D80133DCB21470E4
:1086600049E7174B1C78002C02D0FBF7EDFD31E7F2
:10867000FBF7EAFD164B1C70064B3DE7002C00D0C3
:1086800028E70222104B38E7D91A0020D61A00201A
:108690006C1F0020711F0020D5080020641F0020DF
:1086A000DE1A0020FF030000000700200A07002058
:1086B000880600208C0600208A060020DC1A002094
:1086C000D81A00201E1F00205D1F0020D51A002090
:1086D0005F000020F7B5031D0193802300220127CE
:1086E0009C4608213B00002564460678344200D0B1
:1086F0001D435B0001399BB264080029F6D10823B1
:1087000080245600B6B22C421ED1D10BC9033200D0
:10871000002901D00E494A40013B6410002BF0D1E2
:10872000019901308842DCD18024102001212402EB
:10873000144200D00B434900013889B26408002874
:10874000F6D1DB4398B2FEBD802109029143DEE7FA
:1087500021100000F0B5294C0727A5440193802380
:10876000DB010400C01800920D00022203AE40009D
:1087700002A93780ECF74EF8009B002B14D02B0099
:1087800035331A781823D2001A402B8E2E353B40F1
:10879000134333702B787370019B002B04D002AB12
:1087A0001A8833889A4225D0338802AA1380802001
:1087B000832204AD290012010002ECF72BF802AA73
:1087C00012886300EA5280208322002329001201CC
:1087D0000002ECF7E5FC31002000F3F703FD8023F5
:1087E000DB009C4206D2009B002B03D120000449F1
:1087F000F5F7EAFA034B9D44F0BDC046BCF7FFFF16
:1088000015C3010844080000A022094BD20399684F
:108810000A439A60022219681142FCD00522524292
:108820001A6000221B6D0380024B1A807047C046FD
:1088300000240140CC200020F7B51F0008AB1D78B4
:1088400001230C001600D2000132D2B200933B008B
:10885000F5F742FDA21E0D4BD2B2002F02D10C4BF8
:10886000F601F3183E21985C013C41407F20995469
:10887000E4B2E2B2954204D83E22595D4A405A55CC
:10888000F7BD1A5D42401A550134F2E75508002041
:10889000E11A0020F0B58FB0F5F778FD804B1C7819
:1088A000002C03D00120FCF7EDFB14E07D4B1B787E
:1088B000002B12D0082501237F2221007A48009541
:1088C000F5F78CFB03237F22210078480095F5F70C
:1088D00085FBECF7BFF80FB0F0BDFFF7BDFD744BA3
:1088E0001B78002B03D1734B1B78002BDAD0724B13
:1088F0001B78002B34D0714B00241D888023DB00B3
:108900009D42E6D22800E7B2FBF7ACFC0028E0D09D
:108910006B4B08201B88ED1A6A4B2D01EA585B1936
:1089200004921A895D6859895E7B03921A7B9B7B4E
:10893000059308231340024217D0E100033109B226
:108940000B007B220438FFF743FB062CC1D05B4BA6
:1089500001341D888023A4B26519ADB2DB00CFE7D6
:108960000120594B1B7858409DE70120104004AA74
:108970001376564B0290994250D104980AA9FDF7FC
:108980001FF9534B53491A6807A8013A521B92B278
:108990000132FDF707F80E233A000093022100236D
:1089A00007A8FFF749FF029B002B3FD00AA83B0016
:1089B00000221121F5F710FC47480123FD00013585
:1089C000EDB200932A0000235F21F5F785FC434BAD
:1089D0001B78012B3ED1029B002B2FD0404B072E42
:1089E00000D90726B600F15808A802F032FA7F2312
:1089F0003A006B2100933B480023FFF71DFF08A8B6
:108A0000E9F768FF05210023091A49006B312A00A4
:108A1000C9B2009308A8F5F75FFC96E70AA8F4F737
:108A2000BBFD04AB1B7E002BABD1A6E70AA83B0025
:108A30001121029AF5F716FB2B48BEE7092E06D93D
:108A400032002A49093A08A8FCF7ACFFCFE7320008
:108A50002749F8E7022B15D196239B009C46059EDB
:108A6000642166443000E9F7EBFF30008BB26421EB
:108A70000293E9F75FFF1F49029B82B208A8FCF747
:108A800091FFB4E73C210398E9F7DAFF03988EB22F
:108A90003C21E9F74FFF3300174982B2EEE7C046A9
:108AA000D91A0020D81A002085CA010853C301082A
:108AB000DC1A0020D41A002000070020DE1A002053
:108AC0008A060020900600200A070020FFFF000011
:108AD000C81A00204ECA010815C20108D51A002084
:108AE00048D6010815C3010874C701088FCA0108D8
:108AF00097CA0108B1C40108A7C4010810B50278DB
:108B00000300013AD2B20120FD2A0CD8180020211E
:108B10001A1D03781C008C4301D0FF2B04D10130B7
:108B20009042F6D1012010BD0020FCE7044BC25C4E
:108B3000044B0548D218136803400B431360704779
:108B4000A1CE0108000002400F80FFFF044BC25C71
:108B5000044BD21853681B0C1B040B435360704723
:108B6000A1CE0108000002400121044B044AC35C6D
:108B70009B181A688A431A607047C046A1CE010844
:108B800000000240044B054AC35C9B18012219688F
:108B90000A431A607047C046A1CE01080000024097
:108BA000F7B513007F221040002901D1002B17D107
:108BB00014224243354EB21814002C34247800920B
:108BC000002C0DD0324CA57BEAB20192A073677DD8
:108BD00001253A002A4094462F4202D0019BA373FC
:108BE000F7BD009A009F116353636246BA63002881
:108BF0003ED1284D2F78FAB2012F1FD0032A03D07F
:108C0000002AEBD1002B03D148232374443B0EE010
:108C100040222274328D93420BD81F4E3678002E9C
:108C200007D19AB2FBF74CFB0A23237401232B7064
:108C3000D4E70020FBF744FB0223F6E7002B05D125
:108C4000154A13700A332374043BF0E7328D9342C4
:108C500009D8114D2D78002D05D19AB2FBF730FBC4
:108C60000A232374BAE70020FBF72AFB0223F8E764
:108C7000002B05D0B28F934205D92800FBF720FBCB
:108C800001236375AAE79AB2F7E7C0466023002084
:108C9000005C00404523002044230020F7B50F006E
:108CA0001400012827D00F262B4D030033403A5CD7
:108CB000EB5C53403B5401308442F6D86A46274B64
:108CC0006846042113805480FDF7CEF82100380057
:108CD000FDF7CAF823003340EB5C0134DB4301A805
:108CE000344003702B5D0421DB4343701C4B4380F5
:108CF000FDF7BAF82FE0902A2DD81A4802F0B1F803
:108D0000194900220800231D134D5B1817000F2678
:108D10003740EE5D077901327E40067101309442A2
:108D2000F4D8552252420A7022324A70220ACA707E
:108D30000F2022000240AA5C8C70D2431A70621C81
:108D40000240AA5C7230D2435A70054A5A8022000F
:108D50000832FFF725FFF7BDE8E80108ABCDFFFFBC
:108D6000DCBAFFFFC8300020C4300020F0B5050099
:108D7000494CA3B0002800D1484C2388484A93426C
:108D800038D007D8474A93420CD01422464B1A7069
:108D900023B0F0BD454A934254D0454A9342F4D1A2
:108DA000EDF746F86368434A002D00D0424A13604D
:108DB0000422424B1A70424B08321A70414BDB7F3F
:108DC0003C2B01D8EAF704FE3F4B404901A8009331
:108DD00002F03FF86A463E4B1B781375002353752B
:108DE0002822069307930893099369462800FFF702
:108DF00055FFCAE72F4B002D00D02F4B1B68A268F0
:108E00009A42C2D10C222E4B00211A702B4B083AE9
:108E10001A706B467D32D81D01F0F4FE6A46694631
:108E20002C4B1380A279131D4B80294BA0881B78F3
:108E300088808A71002B02D102A9FCF7C7FFA279B2
:108E40000832D2E71B4B002D00D01B4B1B68A268D9
:108E50009A429AD10C221A4B1A70184B083A1A707F
:108E60006A461D4B0093A3889380194B1E78002EF1
:108E700005D127000C37A379DB089E4201D30622D7
:108E8000B3E7A388F000C018390080B2FCF7C7FF31
:108E900001360837EFE7C046C02F0020C02E002063
:108EA0001B050000140500001A0700201D05000026
:108EB000DD050000BC2E0020B82E0020421F00203F
:108EC000F91E0020941F002015052400CFCF0108B3
:108ED000402200201C0500001E0502000B003F225E
:108EE00010B51140134206D1002B04D00A00812096
:108EF000FFF756FE10BD0022014B1A70FAE7C0467C
:108F0000BA07002070B500281ED1002910D0144BDC
:108F10009D68DC686D18641A9D60DC600FD1114A91
:108F20009A60FBF759FD002803D18030FBF78EFCD7
:108F300070BD220021008020FFF732FEF8E72200FA
:108F40002900FBF743FCF3E77F230340044A4E3339
:108F50009B00D2185368002BEAD09847E8E7C04638
:108F6000F8000020140100200E4B10B59968DA6853
:108F70000918121A9960DA6003D08020FFF710FEFA
:108F800010BD187D002802D011001A75F5E7DA88A7
:108F9000002AF5D01B787F2BF2D902000100FBF7E5
:108FA00015FCEDE7F8000020F0B5BB4F87B03B792A
:108FB000DAB20192BA79D2B202927A79D2B204923A
:108FC000BA7BD2B205925B0725D5C022B34D0021F2
:108FD0005200280001F016FEAE2200244026B04BBD
:108FE00052006E6021003C7080209C5232002C7038
:108FF000FBF750FC320021002000FBF74BFC210066
:109000000120FBF74BF901227B7813437B70A54BC2
:10901000BA727C721C70019B9B0703D5002106204D
:10902000FBF73CF9019BDE0703D500210520FBF788
:1090300035F9BB7A029A1A4013000192DB0711D569
:109040000024BC73387C04230500964AC1B21D403D
:10905000184219D0397C9943397414700123019A4C
:109060009A4301920124019B002B00D0C0E001240F
:109070007D7A049B1D400195019B002B00D01BE1D4
:10908000059BBB7307B0F0BDCB0602D580233B74B4
:109090001570824B1878002804D01878C0B2387048
:1090A000002018701478E0B2062CD7D80124E9F714
:1090B0002DFC07005D00D5FF6C009C009C009A0011
:1090C0002142CBD07B7C082BC8D100227648774B3D
:1090D000017899540132082AFAD1714C220003CB4D
:1090E00003C28023E2885B009A4206D923787F2B53
:1090F00003D88020FBF7AAFBB0E700206C49E260B0
:10910000A16022612075824205D023787F2B02D88E
:10911000FBF75CFBA2E7FBF75FFC0028E9D0E388E4
:1091200026691D000293B34200D93500A168E560AD
:109130008B070CD080235B009D4200D98EE75C4BEF
:109140002A001800039301F08CFE039BA360029B8E
:10915000B34205D9B60603D10123564A23751370CD
:109160002A008020A168FFF71BFD77E75A6B198D55
:10917000986B8A4206D90818521A98635A63FFF707
:10918000F3FE6BE710180022F7E7214200D165E7F4
:109190007A7CD0B2002A12D11900D0310A68121894
:1091A0000A601A00D8321168411811601A00C832DA
:1091B0001288824210D90020FFF7A4FE4EE71A0061
:1091C000D03211680200384D2C78013A92B20C70FE
:1091D0000131002AF8D1DFE7D4331B689942EAD085
:1091E00040233B743AE70020C9E70023137035E7BA
:1091F0000123A3400293029A019B134229D0042227
:10920000BC737B7D134202D07B7D93437B7514211D
:109210006143224D69184B6B0A8D086B93421BD931
:1092200080180863896B9B1A5118142666431B48E3
:10923000801981634363002B1FD122007F331A40C2
:109240001C420FD10800FFF78FFE019B029A934347
:1092500001930134E4B206E7C0180863896B59181A
:109260000023E2E70E4B463292009B185B68002B0E
:10927000EBD0802020439847E7E79A4200D91A00B4
:1092800014236343ED182000296B92B2FBF718F802
:1092900001237B75D9E7C046005C004060230020B5
:1092A000F800002045230020205C0040802300209F
:1092B00014010020442300200126A640019B3342D4
:1092C00029D00122BC737B7E134221D0BB8B9AB282
:1092D000002B23D1142161431C4B5B181800D030A4
:1092E000016889180160816851188160D420844622
:1092F0009C44604665460068C833801A28601B8815
:1093000093421BD97B7A2000B3437B72FFF7FAFDAF
:10931000019BB34301930134E4B2ADE60C4BA000D2
:10932000C018142363430B495B58D11889B20578E0
:109330001D7001339DB28D42F9D1CBE70028E1D0F9
:1093400001227B7E93437B76E2E7C04660230020C8
:10935000205C004030240020022110B50A4A0B4B4B
:109360009C680C4205D1013A002AF9D110BDDB6896
:10937000FCE70121044A187398680842F7D1013AC2
:10938000002AF9D1F2E7C046A08601000030014072
:10939000F8B50423A027B0240E4EFF05B362402386
:1093A0001D00BB622000FFF7D7FF1020FFF7D4FF9E
:1093B0000420FFF7D1FFBD616D190020013DFFF7CB
:1093C000CBFF002DF9D10134E4B2B82CE7D104234E
:1093D000B361F8BD000400505C2110B5032802D829
:1093E000034B4000C15A4320EAF7FCFD10BDC046C4
:1093F000C8E60108F0B5B54BAFB0DB7F0EAD5A1E25
:109400009341B34C0822B34928006375B24E01F072
:1094100028FD08222900B148EBF7FCF92B781A093E
:109420000F2A00D1033A032162719A080A4022717F
:109430000B408B4200D10023E3726B781A00FF3A95
:10944000511E8A411A405B079B0F032B00D1023B40
:10945000A3490A70A34A1370AA781C2A03D80523CB
:109460005343823B2361EB78FF2B00D19E4B23813A
:109470009E4B1868052300280DD19D4B1B681B6966
:109480001D68FAF769FC0700FAF75CFC7B089BB2E1
:1094900058430423281A974A38361060964A337086
:1094A00010600025F4F71EFD944B585DEAF7A4FA0E
:1094B000934A6B000135D052072DF5D1914B1A68B4
:1094C000002A03D01269904B12681A6001258F4B55
:1094D00028001D708E4B1D708E4B1D70FBF71CFEFF
:1094E0000020FBF719FE824B1B6834331878207577
:1094F000F3F7BAF9E07AFFF76FFFFBF779FCFBF7B8
:10950000DDFE854B1D70844B1B780293002B03D12D
:10951000EBF72CFC2FB0F0BDFEF7EEF87F4B1A787E
:10952000002A03D000221A70EBF7AAFB7C4B7D497E
:109530001A780491002A1ED000221A70FAF70CFC47
:10954000802818D9714B1B78002B14D10121764A41
:109550001170049A1370754C27786770EBF7AAFFA7
:109560000500132871D1EBF7D1F900286CD12570D3
:109570000023A37077E0049B1B78002BEBD0644C96
:109580002378002B03D0FAF73DFC00232370684BAF
:109590001C785E4B1D78002D01D100F0A2FC012C3F
:1095A00001D100F062FCFA200025049B80001D70B0
:1095B000EBF74AFB0C20EAF71FFA0123184200D10F
:1095C000EDE202202900EAF70DFD0220EAF714FA85
:1095D000400500D4E3E229003F20EAF703FD29001B
:1095E0000220EAF7FFFCFA204000EBF72DFB2800F1
:1095F000FBF792FDFAF7FAFBFAF79CFB384B1B7866
:10960000AB4205D10122324B52421A81494B1A809A
:1096100001223F4B1A70484B1A70F4F77BFF304B16
:10962000464C1B78002B01D000F0EAFD2D4A444B3C
:1096300012789200D258434B19783C23002900D06D
:109640000233414900F0F7FD10252570AF428FD15C
:10965000A378DA1ED2B20F2B01D80133DAB23B481D
:10966000A270EBF7F1FA324E3378002B13D1132DA1
:1096700027D10A2F0AD1364B1B78002B06D0354B49
:109680001B78002B02D13800FBF75EFE0022304B26
:109690001A70304B1A70A178032902D0102900D01B
:1096A0006DE733782478002B00D08DE00A2C00D0B1
:1096B00027E1284A03294FD101202549087013705A
:1096C0005DE70A2DE7D00A2FE5D0DFE7941F0020E1
:1096D00090000020D3CA01088C1F002048A1000080
:1096E000232E00208E000020FFFF000040080020F5
:1096F000601F0020B02B00200C2E0020E4E70108A2
:109700009E2B00206C1E0020B42B00208C0000201B
:109710006C00002086000020AC2B00206F1F002072
:109720006E1F002087000020202E002069000020EE
:10973000222E0020800000208D000020CC2B002055
:109740009CE7010883000020A3CA0108204E000006
:1097500092270020912700201478002C00D00EE7DB
:1097600001260127B24BB34D1C70B34B16701C7011
:10977000B24BEC721E70B24B7F421C70B14B1C702E
:10978000B14B1C70B14BAB80B14B1B6834331B78B1
:109790002F8102932B75AF4B1F80FAF7F9FAF04037
:1097A00028600298F3F760F82000FFF715FEAA4B37
:1097B0001C70AA4B1F80AA4B1E70FBF77FFDFBF7A6
:1097C000B5FAFBF739FBDAE6012B00D099E00A2C59
:1097D0007DD004D923000D3B012B00D9CFE6A14D4C
:1097E0002B78002B08D10D2C01D001F02FF99E4BC6
:1097F0001878FAF749FAC2E60D2C0FD0092B00D9D8
:10980000BDE60E2C05D1994A1178002900D0B6E6A4
:1098100013705A1C2A70964AD45408E0934A013BAC
:109820001178DBB22B70994201D100231370FAF743
:109830000BFC8E4B1A782B780393002A00D11A0068
:1098400000232D252E278A4E8A4C03992800994201
:1098500005DDF15C3800092901D83031C8B2E05487
:1098600001330A2BF1D1140000269C46824980481E
:109870000968824D05901018059B471E834215D13B
:10988000002E01D07C4B1960039B9A420BD200231F
:109890000A27794E7A483568039A0134A2420DD1DD
:1098A000002B00D035600122764B57E063463878B4
:1098B000029E68435D4309183800DDE7059B3900C7
:1098C0001B5D4343ED18E9F735F8029BE4E76A4B6B
:1098D0001C686D4BE2186D4B9A4200D94FE6624B03
:1098E0001878FAF7D1F96A4B1C603378002B04D151
:1098F000FBF71CFAFBF7B2FC41E62000FBF7E2FBAA
:109900003DE6032C11D00E2C3DD0112C73D8200035
:10991000E8F7F2FF407171717171587171097171DD
:1099200071712A2A716100230293434B1B78002B2B
:1099300003D00298FAF752FB21E6404A02991378C5
:1099400000290DD0012B01D8013313700122394BAE
:1099500052421A8101224B4B1A704E4B1A700EE67E
:10996000002BF3D0013BF0E7324B1B89023B9CB24A
:10997000304B18691C81FAF70FFBA04207D2012077
:10998000FAF72CFBE6E72B4B1B890233EFE7FAF7DC
:1099900011FBDFE70020FBF7BFFB264D2B7D012BE2
:1099A00001D80133DCB220002C75F2F75DFF224BA9
:1099B0001B78002B01D1013B2B81FBF77FFCFBF7D0
:1099C000B5F9DCE51B4A0021D37A022B01D0013323
:1099D000D9B2D17267E70123164A517D4B405375C6
:1099E0002D4A05D02623FF33D05CE9F7C7FFC6E533
:1099F00092235B00F8E7002B03D12000FBF7A4FCC7
:109A0000BDE5022B00D0BAE5601F0D2800D9B6E5F0
:109A1000E8F77CFF9E00B5FDB5FDB5FDB5FDAC00DA
:109A200044004400B500B5FDB5FDB5FDB5FDA7008A
:109A30009227002090000020232E00208E0000207E
:109A400095270020B82B0020E82D0020010C0000F5
:109A5000601F002080000020F02D00208A000020E0
:109A6000860000209D2B0020212E00209C2B002012
:109A700087270020EC2B0020F82B0020A086010077
:109A800010270000202E0020C088E4FF402DA407EE
:109A90000C2E00208D0000208C1F0020CC4B1E7847
:109AA000CC4BDD7E0123002E3BD00B2C00D05D4043
:109AB0003000FBF7F7FA0C227243C74B04009B18E7
:109AC0001A791E8902925A7907000392DA88029B5A
:109AD0000592132B08D1C14B002019780693F2F799
:109AE0007BFE0023069A13700298E9F785FF0100B8
:109AF000002D11D0059B9B1B9C4201DCA619B7B21F
:109B0000039A059B0298934099433B009340194365
:109B100089B2EAF767FAC6E6B442F1D3A41BA7B24A
:109B2000EEE70B2C00D05D40AD4AAE4B127D9B5C46
:109B3000AD4A1068002D06D0AC4A904200D8C0183B
:109B4000FBF7C0FAAFE6AA4A9042F9D9C01AF7E784
:109B50000022A84B1A70A84B1A70FAF775FA012068
:109B600047E60123A54A11784B40A8E5984A012110
:109B70001378032B01D05B18D9B2117093E6944B84
:109B800000221C78002C00D0E8E62000FAF77CF8D0
:109B9000924B1C70994B1C70FBF72AF9AAE6FBF755
:109BA00027FD974997480D88974A06882B005580CE
:109BB000002E04D0032373435B199B109BB20380D8
:109BC000924E934833680768DB1B924F3F78BB4245
:109BD00000D27CE033680360002C73D1CE8A1389F5
:109BE0000693731E7F2B00D99BE002940794012EED
:109BF0000FD0741EA0B27F210002E8F725FF83B2C8
:109C00007F200793069B21005843E8F71DFFC3B24E
:109C10000293814B814A9D4200D184E0804B02999E
:109C2000197003231370069B5A007E4BD3180893B8
:109C30000023049303936B466A461B7B117C0593B8
:109C4000049B721E1B0AD2B2B34200D2DAB2754B29
:109C500054001B5B0132D2B21800B24201DA724AE0
:109C6000105B80225200541A5C4341436418240A5A
:109C70006949A4B200228C420CD0029A05998A420A
:109C800057D1654A954254D02800FAF775FAFAF789
:109C900055FA0200654F05983C782100FAF78AFAD8
:109CA000079A039B944601330393049B63449BB23E
:109CB0000493039B802BBED10134E4B20F2C00D956
:109CC000C4E03C7001225A4B1A705A4B1A704B4B2D
:109CD00059481A7800239A420DD10488574E210022
:109CE000153989B2B14206D8290013310123A142A6
:109CF00000DB131CDBB20580002A00D0B5E0504A1F
:109D0000002B00D1A5E000201070FBF705FAFAF750
:109D10006DF8FAF70FF84B4B1B78002B00D077E467
:109D200070E4802665E71378002B00D17BE7013BC8
:109D300078E73B4A059912788A422CD1374A17783E
:109D4000002F28D0344A954225D1069A964203D94D
:109D5000089A1088A84205D13B4A9818421E9041A3
:109D600040421840FAF708FAFAF7E8F90323DF1B34
:109D7000FFB202000990002F8CD02000FAF7FCF906
:109D8000FAF7DCF90200012F84D1099BC3180133D3
:109D90005B10DAB27EE72000FAF7EEF9FAF7CEF9B7
:109DA000029B0399013B02008B4200DD72E7029B9C
:109DB00001338B4200DA6DE7174B9D4200D169E712
:109DC0000430021CC0B20F2800D90F22D2B261E7C2
:109DD000B82B00208C1F002040E80108E82D00204F
:109DE0009000002097E701081C2E00207FA4BF07E9
:109DF00040771B009D2B00209C2B002095270020E6
:109E0000F42D0020FE2B0020102E0020081F002023
:109E1000E42D002088000020FFFF00009327002091
:109E200094270020E22C0020E42C0020962B002018
:109E3000202E00208D0000208A000020E9FF000075
:109E4000F02D0020232E00200100FFFF00233B7097
:109E500038E7CD4B19890B1C032900D80423043B98
:109E60009BB29D4235D300231370C84B1B78002B47
:109E700001D0FFF7D2FBC64A138801339BB213808F
:109E800080225201934201D9FFF7C7FBC14B1B78D7
:109E9000002B00D12BE2F4F779FABF4B1B78012B92
:109EA00001D100F0A1FC022B01D100F0CBFC002B72
:109EB00000D134E2B84B1A78002A01D100F06EFDCF
:109EC0000020FDF777FC0022B24B1A70B34B1A80CA
:109ED00015E213780133DBB21370002B00D012E7C8
:109EE000C3E7002C00D028E1AD4AAE49D78AAE4A7C
:109EF0000B6810681B1AAD480078834257D30B6873
:109F000013603B1C802F00D980239BB20293002357
:109F10000493012F08D9029B7F21581E80B20002B2
:109F2000E8F792FD83B20493002603966A46039BEA
:109F3000127B029994461B0A994200D8B4E0DBB226
:109F40009B485900405A0133029ADBB20500934204
:109F500001DA984B5D5A802362465B009B1A584396
:109F60006A43954B80181D78000A944B80B20022FA
:109F7000984204D0FAF700F9FAF7E0F8020030004E
:109F80002900FAF717F9049A039B944601366344B3
:109F90009BB2F6B20393802EC8D10135EDB20F2DDE
:109FA00000D82C000122844B1C707A4B1A70FA20C6
:109FB0008000EAF749FE7A4CE588E8B2802F07D99D
:109FC0003900E801E8F7B6FC7F2800D97F20C0B24D
:109FD000774B4000C35A794A934253D0784B1B7851
:109FE000002B09D00F23774A1188A9424AD0013BA0
:109FF000DBB20232002BF7D1E068F9F759FE0023FB
:10A000001900714A714E82425941050030688242FE
:10A010005B41994202D02800EAF766FB28003560D0
:10A02000EAF7ECF900213020E9F7DCFF684B30203B
:10A030001988E9F7D7FFFBF7DBFA2588A388AB423D
:10A0400006D2E068A580F9F733FEE388206123811A
:10A050006388AB4216D928006580F9F707FE4A4BA2
:10A0600019690A000A3A824200DD02000120DA6022
:10A07000464B1870574B1A60574B1960574B1A6074
:10A08000574B1960E38AE188802B03D9554A12881F
:10A09000012A10D8544D2C78002C31D101232200F4
:10A0A0008B426241130030E000239F4200D147E71A
:10A0B000029B013B43E78A189A4206DA4B4A13880F
:10A0C00001331380FAF70EF8CFE60022484B1A70DE
:10A0D000F9F744FFF9F714FE002805D00120FBF73B
:10A0E0001BF8FBF709F8C0E6404A138801331380D8
:10A0F000F9F7F8FF002800D1B7E6FAF735FEB4E625
:10A100005A1ED00FCB1791424341DBB2002B02D134
:10A11000F9F7CAFFA9E60022354B1A70F9F71EFFBE
:10A12000F9F7EEFD0028D9D1324B1A78002AE4D095
:10A130001870012363402B70EAE7022C00D094E6EC
:10A14000FBF756FA0122134B2B491A70049B08881F
:10A150001D70134B1A88254B5A80002804D0032306
:10A1600043439B189B109AB20A80F9F7A9FEF9F7AE
:10A17000C7FD002804D1214B1B78002B00D174E6C9
:10A180000120FAF7C9FF70E6900000208D00002042
:10A190009A2B0020202E0020222E0020982B002019
:10A1A000F42D0020081F0020EC2D00208800002046
:10A1B000E22C0020E42C0020962B0020FFFF000062
:10A1C000C22C0020C42C0020FF3EAB011C2E00201E
:10A1D000002C00207C00002078000020740000206B
:10A1E000700000208400002083000020102E00203A
:10A1F0008700002082000020FE2B002095270020F1
:10A20000974B984A1888431E9BB293425FD9964950
:10A210000CA8FBF7C7FB954B1B78002B04D1944B84
:10A220001889944B98425AD18F490EA8FBF7BAFB74
:10A2300091490EAB0CAA2000FBF7B4FB01230021CF
:10A240001A0020000093F4F747F88C4B8C4C1888C8
:10A250003E26421C1A800323184040000019FEF7D6
:10A26000D3FABE206288238880009B18A2889B189E
:10A27000E2889B189B105843824BD988E8F7E4FB8F
:10A2800080B2F1F70FFF1C227F4B804D1A702B001C
:10A29000133A7533040022217D481E7000F0B2FC91
:10A2A0000920604364212D30E8F744FB7F231A0026
:10A2B000D11A884200D3EE54013B752BF8D1EAF74E
:10A2C000D7FB0022734B1A70734B1A80DEE5F9F747
:10A2D000CDFC724902000CA8FBF764FB9BE7F9F781
:10A2E000C5FC6E4902000EA8FBF75CFBA0E76C4AB8
:10A2F000138801339BB21380132B00D9CBE5694D32
:10A300002C7820000134E4B2EAF7A9FB2C70062C6B
:10A3100001D8FFF7F8F800232B70FFF7F4F8F9F7EE
:10A320001BFD0400012800D87DE35F4B611E1889E6
:10A33000C001E8F7FFFAC3B20393231C802C00D9B5
:10A34000802300249EB2701E80B2DBB27F21000207
:10A350000293E8F779FB250083B20493731E220A67
:10A360009A4262DAD2B2E3B2504F5100C85B511C3C
:10A370008E4200DD0A005200B95A471EBFB2BC46E9
:10A38000384F4A1E92B2BC4554D9FF230800BA4246
:10A390005ED90EAAAB54049B01351C19A4B2802DC2
:10A3A000DCD106E08022FF210EA800F02BFC002368
:10A3B00003933F4B1B78002B1ED1012502270EACC7
:10A3C000267833006678FF2E11D032000121FF2B52
:10A3D00001D039009A19A378FF2B03D09A180131C4
:10A3E00092B2C9B248088018E8F72EFB60700135B8
:10A3F000EDB201347F2DE4D1039B2E4A7F33FF332E
:10A40000802002929B180222402420255242404282
:10A41000039951187F2956D8002A4DD1197829431C
:10A4200019701978214319704AE0029B5A1ED2B262
:10A43000002399E7BA420BD880225200D21A424335
:10A440004B43D218120A90B20A4AFF239042A0D07E
:10A450001721F9F747FF1F23181AC3B299E7C0461F
:10A46000F42D0020FDFF0000A1C101089527002068
:10A4700090000020FFFF00009BCA0108281F002059
:10A48000841F00202A1F0020C90800205508002032
:10A49000CB0800208D0000209A2B002006C4010864
:10A4A000982B0020972B0020102E0020E22C00205B
:10A4B000232E0020E11A00200426911CB143B0D1C4
:10A4C00019780143197001320133032AA0D10EAB70
:10A4D00000219C46FF26C94AC94C6346C85C1F2818
:10A4E00000D8F8E01670013101328029F5D100263C
:10A4F0000EA8335CF5B21F2B12D80F2408ABE4185A
:10A50000220029000CABF9F7ADFD27780CAB1C78C5
:10A51000A74200D8F9E00134E4B21F2C00D8FDE0D6
:10A52000B64B9B5D1F2B0ED80F2408ABE4180CAF65
:10A5300022003B002900B148F9F794FD24783B78CC
:10A54000A34200D3F6E00136802ED1D1AD4B58683E
:10A55000FBF74CFBAC4BAD4C1B78002B32D1AC4B1A
:10A560001B68002B00D1F2E0AA4A1568ED1AF9F732
:10A57000E9FB01002800E8F7DDF982B2A6492000D6
:10A58000FBF710FA01260023320019002000009684
:10A59000F3F7A2FEF9F7D6FB64210500E8F750FABD
:10A5A00028008FB26421E8F7C5F93B0082B29B49CD
:10A5B0002000FBF7F7F9002307221900200000967E
:10A5C000F3F78AFE964E7379032B00D9C3E0954BBF
:10A5D00095491D6837682800E8F732FA28000E0010
:10A5E0009149E8F7A7F9642103903800E8F728FAC1
:10A5F000380001916421E8F79DF98C4D3300290062
:10A60000039A00902000FBF7CDF90123212200934B
:10A61000242100232000F3F75FFE814B1D89844B2A
:10A620009D4200D146E4834B1B78002B00D041E4CF
:10A63000F9F788FB6421E8F77DF901240A2680B246
:10A64000092800D9CAE00434A400E3B22800172185
:10A650000493F9F747FE1F23181A183BC5B2184098
:10A66000063B83400024029A0393EB08DB01D318D6
:10A670000293E1B20B005A1E9341604A5B4294463A
:10A680000EAF681CDBB25A18D2B2BE5CFF2E01D0EE
:10A6900086421BDD6646B25CFF2A01D0824215DD90
:10A6A00001335BB2022BEDD10C2D05D8049B013395
:10A6B000A3420BDA712C09D8029B039A1B5D1A4244
:10A6C00004D101232A005C48F3F7F4FD0234802C06
:10A6D000CFD1FFF7EFFB1378CFB27D08984203D8B4
:10A6E000002310706355FEE6605D0E2806D8012336
:10A6F0001F4200D0F7E6C0186055F4E60233DBB223
:10A70000202B00D133001370EDE63A00012329001D
:10A7100002980137F3F7CEFDFFB2F7E60122631985
:10A72000134200D0F7E61300290022000298F3F745
:10A73000C1FDF0E601226319134205D1130029007F
:10A7400022000298F3F7B6FD0134E4B2F7E6F9F718
:10A7500003FB020012E7F9F723FB2100FBF730FAB5
:10A76000012300930023212219002000F3F7B4FDF8
:10A77000274B1B68002B23D0264A64211568ED1A4D
:10A780002800E8F75DF928000E006421E8F7D2F808
:10A7900033000200214901252000FBF703F90023C3
:10A7A0002122302120000095F3F796FDF9F70AFBEE
:10A7B0002100FBF705FA002321225D21009529E7FE
:10A7C000366864213000E8F73BF930000D00642161
:10A7D000E8F7B0F82B0002001849DCE7310001343B
:10A7E000E4B2E8F7A7F82BE708237F2200930221C1
:10A7F00000231348F3F7F2FBFFF75CFB422C002029
:10A80000022C0020102E0020222E0020CC2B002015
:10A8100040080020C8040020ABCA0108B8CA0108DB
:10A82000900000200C2E0020A0860100AFCA010875
:10A83000FFFF000095270020E11A0020B7CA010899
:10A84000EC2B0020844B1868FBF7D0F9834C79225D
:10A850001021200000F0D6F900233022E254053305
:10A860007D2BFBD100237022E2540A33822BFBD1D3
:10A870007B4B79211D8807272800F9F733FD00233A
:10A880007849794E834271DB2800F9F7EFF900220D
:10A89000040076494342885C834271DA01320A2A15
:10A8A000F9D10126724D73492800FBF77BF800238C
:10A8B0001922042128000096F3F70EFD22006E49AC
:10A8C0002800FBF76FF8002319221C2128000096AE
:10A8D000F3F702FD694B1B78002B08D1684B7921F7
:10A8E0001889F9F7FFFC674BC018FF230371012497
:10A8F000654F664B1B789C4244D00C2262435C4DF2
:10A90000634B64499A582800FBF74CF81E23E2B2C7
:10A9100053435E4E183BDBB20293337802991B1B04
:10A920005A1E93412800222200930023F3F7D4FCFF
:10A93000594AE300D358E0B20393FAF7B3FB039B01
:10A9400056491A562800FBF72DF8337828001B1BB0
:10A950005A1E934102990093292200230134F3F7F0
:10A96000BBFC1E37042CC4D1FFF7A4FA0A005A43DB
:10A97000B24202D922783A4322700133013481E78E
:10A98000D2B28EE71E22FF21380000F03BF93800DA
:10A990001E22FF21803000F035F9AEE70726404B3C
:10A9A0001B7802930F23029910000F31891A194066
:10A9B00096429B4101240C25C9015B42304005337E
:10A9C000049138498440DB015B1800219000284045
:10A9D00003903548E4B20590049D059F6D186D08FD
:10A9E0007D5DC8B22F09BC460127394202D00E371F
:10A9F0002F40BC462D4D1F78069503252840039D0A
:10AA00002843069D2D5C3800A043654501D23800DF
:10AA100020430131187001338029DDD10132102A21
:10AA2000C0D1FFF74DFA002800D1BBE4204B214AEA
:10AA30001888FF21431E9BB2934205D8E839F9F7E5
:10AA400051FC1F21091AC9B28022ADE40E2C01D09D
:10AA5000FEF7DFFEFEF793FD1C2E0020E41B002016
:10AA6000FE2B0020CDCCCCCC33333333A8E7010808
:10AA7000CC2B0020C1CA0108C7CA010895270020B5
:10AA800090000020E01B0020E51C0020B82B0020D7
:10AA900040E80108FCC30108B4E70108CECA010878
:10AAA000962B0020E11A002096270020D4E7010809
:10AAB000E22C0020FDFF0000F7B500254B680A6876
:10AAC00000935F1E1300EB4008D1012F05D84368A7
:10AAD000C96893434A4313434360F7BD01241300FD
:10AAE000AC40234022422BD01A0003265A4356433F
:10AAF000B446F643019666460468B443009E564346
:10AB000034430460012F06D88C6887685443019E43
:10AB100037403C4384600C69C7685443019E37400A
:10AB20003C43C460009C022C0AD14C69FF2B09D81D
:10AB30000F26524356436243036AB3431A430262E9
:10AB40000135BBE70F261B0A5B435B435E435C4357
:10AB5000426AB24322434262F2E700000D48854652
:10AB6000E8F704FF0C480D490D4A002302E0D458D1
:10AB7000C4500433C4188C42F9D30A4A0A4C002347
:10AB800001E013600432A242FBD300F017F8EEF7A5
:10AB9000D9F8FEE70040002000000020F800002067
:10ABA00084EA010860020020A0320020FEE70000D5
:10ABB000014B18687047C046A800002070B50026F9
:10ABC0000C4C0D4D641BA410A64209D1002601F0C7
:10ABD0009BF90A4C0A4D641BA410A64205D170BD16
:10ABE000B300EB5898470136EEE7B300EB589847AF
:10ABF0000136F2E77CEA01087CEA010880EA0108F4
:10AC00007CEA010803008218934200D17047197052
:10AC10000133F9E7002070477047704770B50F4E59
:10AC20000D0031680400002902D1EBF74DF83060C7
:10AC300029002000EBF748F8431C03D101256D42A1
:10AC4000280070BD0323C51C9D43A842F8D0291AD3
:10AC50002000EBF739F80130F2D1EFE7983200200D
:10AC6000F7B50322CB1C9343083305001F000C2BC0
:10AC700034D20C27B94233D8280000F071F8374E8F
:10AC800033681C00002C2FD139002800FFF7C6FFC5
:10AC90000400431C5FD134680094009B002B4AD110
:10ACA000002C52D023682800E31800990193EBF799
:10ACB0000BF8019B834248D123682800FF1A390012
:10ACC000FFF7ACFF013040D02368DB192360336805
:10ACD0005A68002A33D1009B336019E0002BC9DA8F
:10ACE0000C232B600020FEBD2168C91B20D40B293A
:10ACF0000AD9E2192760A34204D132606368116067
:10AD0000536005E05A60F9E76268A3420ED13260F1
:10AD1000280000F02DF8200007220B30231D90435F
:10AD2000C21A9842DFD01B1AA350DCE75A60EFE743
:10AD300023006468A6E7009C63680093ADE71A00EF
:10AD40005B68A342FBD10023DAE70C2328002B60C9
:10AD500000F00EF8C6E70760DAE7C0469C32002034
:10AD600010B50248FFF758FF10BDC04694320020CE
:10AD700010B50248FFF751FF10BDC04694320020C5
:10AD800070B505000C1E10D0043C2368002B00DABF
:10AD9000E4182800FFF7E4FF1D4A1368002B05D1D3
:10ADA000636014602800FFF7E3FF70BDA34208D979
:10ADB000206821188B42F3D119685B68091821605B
:10ADC000EEE71A005B68002B01D0A342F9D91168A5
:10ADD0005018A0420BD12068091850181160834206
:10ADE000E0D118685B68411811605360DAE7A0424F
:10ADF00002D90C232B60D5E7206821188B4203D1A0
:10AE000019685B680918216063605460CAE7C0462E
:10AE10009C32002010B5884202D98B18984208D382
:10AE200000239A4207D0CC5CC4540133F9E78B5C11
:10AE30008354013AFBD210BD020010B51378140000
:10AE40000132002BFAD1CA5CE2540133002AFAD154
:10AE500010BD03000A7801311A700133002AF9D1BC
:10AE60007047002310B59A4200D110BDCC5CC45489
:10AE70000133F8E7030030B51D00002A06D00C7836
:10AE8000013A01332C700131002CF5D100219A18C0
:10AE9000934200D130BD19700133F9E70CB430B5DD
:10AEA000184B0C001D689DB0002908DA8B23012087
:10AEB0002B6040421DB030BC08BC02B01847822352
:10AEC0006A469B009382002302901B93069099424E
:10AED00000D04B1E0493079301236A465B42D38242
:10AEE000280021AB209A02A9019300F0A5F8431C89
:10AEF00001DA8B232B60002CDCD00022029B1A701D
:10AF0000D8E7C046A80000200EB470B581239DB0DC
:10AF10006A46002521AC9B0040CC93821B95029091
:10AF20000690E7F7D7FC0B4B6A460B93012303907F
:10AF3000079009485B42D38202A9230032000068CF
:10AF40000F951495019400F0D1F91DB070BC08BCA8
:10AF500003B0184715AC0108A800002030B5002444
:10AF60000139A24201D1002005E0035D01340D5DED
:10AF7000AB42F6D0581B30BDF0B58E6885B01F00CF
:10AF80000C000B6802900392BE4230D80C21625E26
:10AF90009021C9000A4228D0032021695B1A01933D
:10AFA000636943430198DD0FED187B1C1B186D107E
:10AFB000AB4200D91D00520528D529000298FFF7A1
:10AFC0004FFE061E2CD0019A2169FFF74AFFA28985
:10AFD000184B1A4080231343A381019B2661F61866
:10AFE00026603E006561ED1AA560BE4200D93E00B4
:10AFF000320003992068FFF70DFF0020A3689B1B18
:10B00000A36023689B19236005B0F0BD2A00029855
:10B0100000F02EFE061EE0D121690298FFF7B0FE77
:10B020000C230120029A40421360A2893433134357
:10B03000A381E9E77FFBFFFFF0B5A1B003901D00FE
:10B040008B890F0016001B0611D50B69002B0ED142
:10B050004021FFF705FE38603861002805D10C2338
:10B06000039A136001204042CFE040237B6100231C
:10B0700008AC6361203363761033A37607953500FF
:10B080002B78002B01D0252B48D1AB1B0593B54263
:10B090000BD0320039000398FFF76EFF013000D16A
:10B0A000AEE06369059A9B1863612B78002B00D191
:10B0B000A6E0012200235242626004A954325218D1
:10B0C0006E1C2360E360A3601370A365544B0522DC
:10B0D00018003178059300F049FD751C00281FD138
:10B0E0002268D30604D5532304A95B1820211970C4
:10B0F000130704D5532304A95B182B211970337847
:10B100002A2B16D0350000210A20E3682A786E1C0D
:10B11000303A092A50D9002911D117E00135AFE79B
:10B12000059B2268C01A0123834013432E0023602D
:10B13000CCE7079B191D1B680791002B01DB0B93C4
:10B1400004E05B42E3600223134323602B782E2B41
:10B150000CD16B782A2B34D1079B02351A1D1B6842
:10B160000792002B01DA01235B4209932D4E032243
:10B170003000297800F0FAFC002806D04023801B1C
:10B18000834022680135134323602978062226482C
:10B190006E1C217600F0EAFC002838D0234B002BEF
:10B1A00022D10722079B0733934308330793636930
:10B1B000049A9B18636162E74343350001219B18A1
:10B1C000A4E700230A201900013563602A786E1C69
:10B1D000303A092A03D9002BC8D00991C6E7414368
:10B1E000350001238918F1E707AA009221003A00EF
:10B1F0000F4B039800E000BF0490049B0133D6D1AD
:10B20000BB890D985B0600D52CE721B0F0BD07AADD
:10B21000009221003A00064B039800F03BFAEBE75E
:10B2200002CB010808CB01080CCB0108000000008C
:10B2300079AF010870B514004B1C03D101256D4294
:10B24000280070BD938920229343626BA381CEB204
:10B250006368CDB2002A10D0A26B9A4207DD236842
:10B26000013B23601E70636801336360E8E72100DF
:10B2700000F0C0FC0028F2D0E0E721692268002934
:10B2800007D0914205D2511E0878A84201D1216011
:10B29000EAE723642300443363630323A3632300A7
:10B2A0004633E2631E7023600123DEE710B50C0015
:10B2B000496B00290ED023004433994201D0FFF797
:10B2C0005FFD0020236C60636360834202D0E36B08
:10B2D000236010BD2369012023600023A2896360DD
:10B2E00020331343A3814042F3E70000F0B5AB4C99
:10B2F000A5440C0000210090BE204691479103A96F
:10B300004891A749400043AD2950A649043043ADB8
:10B31000295002931678002E00D13CE10823082022
:10B32000A14D571CA95D0B4001421DD0060063686A
:10B33000002B0FDD23681A78AA5C324201D13A0053
:10B34000E8E7479A01330132479262682360013A85
:10B350006260ECE7C02243AB520021009B5800988A
:10B3600098470028E6D0EAE7252E62D1459343931B
:10B3700053782A2B02D11A3B4393971C3D000A2293
:10B3800029786F1C0B00303B092B1FD9874B0322F8
:10B390001800019300F0EAFB002807D0019B3D0054
:10B3A000C01A01238340439A134343932B786F1CA5
:10B3B000782B06D8572B10D8252B3AD034D8002B11
:10B3C00055D0032349930733449369E0459B3D00DF
:10B3D0005343303B5B184593D2E718005838202878
:10B3E000EFD8E7F793FA4B00EEFFEEFF7D00EEFF9C
:10B3F000EEFFEEFFEEFFEEFFEEFFEEFF88007B00BC
:10B40000240024002400EEFF5500EEFFEEFFEEFFC7
:10B41000EEFF900059004700EEFFEEFF8E00EEFFBA
:10B420007B00EEFFEEFF4B00453B022BC9D8052306
:10B4300035E06368002B0DDD23681A78B24200D036
:10B44000A9E0013362682360479B013A01336260DF
:10B45000479374E7C02343AA5B002100D3580098A8
:10B4600098470028E8D04698002800D08BE00120BB
:10B4700040428CE0202243990A4343928022439920
:10B4800092000A434392102244926E2B02D905E0A7
:10B4900000234493032302E00823449304234993A5
:10B4A0006368002B3EDD439B5B0608D4C02608255D
:10B4B000760023683C491A788A5C2A423CD1499B31
:10B4C000022B4CDC2200009802AB43A900F0EEF9FD
:10B4D000012860D0022800D031E7C4E70A22D3E770
:10B4E000390003A800F04DFB4023439A07001343A3
:10B4F00043930123D3E74023439A13434393002309
:10B50000CDE70223CBE7439AD30600D517E7029B8A
:10B510004799181D02901B68D50701D519800EE7C1
:10B5200019600CE7C02343AA5B002100D3580098A0
:10B5300098470028B7D096E7479A01324792626849
:10B54000013A6260002A02DD01332360B1E743ABB8
:10B5500021009B59009898470028AAD083E7042B24
:10B5600006DC2200009802AB43A900F0FFF9AFE728
:10B570000F4B002B00D1E2E62200009802AB43A95A
:10B5800000E000BFA4E7A3895B0600D56FE7A52311
:10B590009B009D44F0BD4698F9E7C0466CFDFFFF57
:10B5A00035B20108ADB2010879E9010808CB0108FC
:10B5B00000000000F7B5160001938A680B690C00C3
:10B5C0000090934200DA1300220033604332127875
:10B5D000002A01D00133336023689B0602D533680B
:10B5E000023333602268062315001D401A4227D01B
:10B5F000230043331B785A1E93412268920630D4AD
:10B60000220001990098089D4332A847013025D0B7
:10B610000622236800251340042B05D13368E56812
:10B62000ED1AEB43DB171D40A3682269934201DD4D
:10B630009B1AED180026B54220D1002010E00135FC
:10B64000E36832689B1AAB42D2DD220001230199E4
:10B650000098089F1932B8470130F0D101204042CC
:10B66000FEBD3020E1184331087021005A1C4531DD
:10B670000978A218433202331170C1E72200012376
:10B6800001990098089F1A32B8470130E6D0013678
:10B69000D1E70000F0B58BB006920A004332079361
:10B6A000059003920A7E0C00109B782A09D8622A22
:10B6B0000BD8002A00D1BAE07A490491582A00D167
:10B6C0008EE0250042352A7022E0100063381528EC
:10B6D000F7D8E7F71BF916001F00F6FFF6FFF6FF95
:10B6E000F6FF1F00F6FFF6FFF6FFF6FF9F0036009D
:10B6F0007E00F6FFF6FFB000F6FF3600F6FFF6FF1D
:10B70000820025001A684235111D196013682B70DC
:10B7100001239EE018680968021D0D060BD5066816
:10B720001A60002E03DA2D23039A764213705D4BC4
:10B730000A27049318E006681A604906F1D536B264
:10B74000EFE70868196840C9050602D4400600D52D
:10B75000B6B21960534B0A2704936F2A00D1023FF7
:10B760002300002243331A706368A360002B06DBBA
:10B7700004212268039D8A43226033430CD0039D39
:10B7800030003900E7F75CF9049B013D5B5C2B70EE
:10B79000330006009F42F3D9082F09D12368DB0745
:10B7A00006D5626823699A4202DC3023013D2B7082
:10B7B000039B5B1B2361079B210000930598069B5D
:10B7C00009AAFFF7F7FE013048D1012040420BB033
:10B7D000F0BD202209680A43226078223249049190
:10B7E000210045310A701968226840C9100602D448
:10B7F000500600D5B6B21960D30702D520231343F3
:10B800002360002E01D01027AAE72022236893434B
:10B810002360F8E71A680D68101D496918601368FD
:10B820002E0601D5196002E06D06FBD519800023B4
:10B83000039D2361BFE71A68111D19601568002177
:10B840002800626800F092F9002801D0401B606077
:10B85000636823610023039A1370ACE72A0023690D
:10B8600006990598079DA8470130AED023689B072D
:10B8700015D4099BE0689842A9DA1800A7E72200CE
:10B88000012306990598079E1932B04701309CD0D4
:10B890000135E368099A9B1AAB42F0DCE9E7002521
:10B8A000F7E7C04613CB010824CB0108F7B5150014
:10B8B0008A680C000190002A04D18A69002A17D1F5
:10B8C0000132A2602268D20603D41A68111D1960E1
:10B8D00017680026A069002816D001280BD12B6814
:10B8E00062691B78D35C002B0ED1002E3BD029E07F
:10B8F00001225242E5E7022824D12B681A4A1B781C
:10B90000D35C082213421DD1102223680136134252
:10B9100003D12B681B783B7001372A686B680132B2
:10B920002A60A268013B013A6B60A260002A09D03C
:10B93000002BCFDCC0235B002900E3580198984717
:10B940000028C7D022681023110019401A4206D1DE
:10B95000E3680133E360A369002B00D03970002055
:10B9600023699B192361FEBD79E90108F0B58BB00D
:10B970000193784B1600049007AAA1CBA1C2764A86
:10B980008B690C000592032B01D1744B0593AE22F9
:10B990000020A3685200591E0390914205D95E3BD6
:10B9A000FF3B03935E23FF33A36023001C3300930C
:10B9B000D023002722681B0113432360009B0293BE
:10B9C000336807A81978BB000222185800F0CEF897
:10B9D000002829D0012F5ED16368002B06D10833DF
:10B9E00022686360F933FF331343236023685C4AA2
:10B9F00013402360A3685A1EA260002B14D0336842
:10BA00005A1C32601B78029A13707368551C013BF4
:10BA10007360002B07DCC0235B003100E3580498FF
:10BA2000984700287ED102950137032FC8D163685B
:10BA3000002B01D10A3363600027636849496069BC
:10BA4000C91A00F09EF8029DA36820680293002B9B
:10BA50003FD0316863690A789B5C002B39D0302A6B
:10BA600028D180231B01184224D0039B0137002BCF
:10BA700005D01A00029B013A01330392A360736858
:10BA8000013B7360002B1CDD336801333360A36816
:10BA9000013BA360D8E7022FACD1C02380212268EC
:10BAA000DB00134089008B42C1D110236360F03367
:10BAB00013439EE72C4B034023600B782B7001351A
:10BAC000DDE7C0235B003100E35804989847002865
:10BAD000DDD02368DB050ED5009B9D4207D9BE2330
:10BAE000013D5B0032002978E35804989847009B99
:10BAF00001209D4229D0216810230A001A401942D2
:10BB00001CD12A70636800990498059EB047019B78
:10BB100022681B68910607D501991A1D0A601B68E7
:10BB2000186008E00027D4E7191DD6070FD5019A41
:10BB300011601B681880E3680133E3600020009BFC
:10BB4000ED1A2369ED195B1923610BB0F0BD019A61
:10BB50001160E4E740C00108F1BE0108E5BD01083D
:10BB6000FFFAFFFF45CB0108FFF6FFFFC9B28218BD
:10BB7000904201D10020704703788B42FBD0013006
:10BB8000F6E770B50B7804005E2B19D04D1C002130
:10BB90002200601CFF30117001328242FBD1681E0E
:10BBA000002B26D001264E402800E6540178451C83
:10BBB0002D2909D05D291BD000291AD00B00F3E7ED
:10BBC0004B788D1C0121E3E742785D2AF6D0934241
:10BBD000F4DC19000230013166548A42FBDC591C46
:10BBE000934202DB00228B18E0E7D21A013AFAE70F
:10BBF000280070BD0B00F7B54D6B44330C009D421F
:10BC00001CD18026F6003100FFF72AF8002802D167
:10BC100001204042FEBD23006063A66346331A78CC
:10BC2000104BC254230045331A780F4BC2542A7864
:10BC30000E4BC254C01820600020EBE78E6B290029
:10BC400073001A00019300F013F8051EE0D0871965
:10BC5000010032003800FFF704F9019B276065639B
:10BC6000A363E9E7FF030000FE030000FD030000FB
:10BC7000F7B506000C001500002905D11100FEF7EC
:10BC8000EFFF04002000FEBD002A03D1FFF778F883
:10BC90002C00F7E700F030F90700854202D843088E
:10BCA000AB42EFD329003000FEF7DAFF0190002805
:10BCB00001D1019CE6E72A00BD4200D93A002100EB
:10BCC0000198FFF7CEF821003000FFF759F8F0E7B0
:10BCD000F0B585B017001E0003900191242B23D8E6
:10BCE0000C00012B20D03D4B08229C4623006146CE
:10BCF0001D780134485D010011401042F6D12D2D10
:10BD000019D125789C1C0123009310223300934302
:10BD10001DD1302D15D1202123788B43582B10D1E4
:10BD200065780234102612E0FEF742FF1623036006
:10BD3000002005B0F0BD00912B2DE6D125789C1C8C
:10BD4000E3E7002EEED10A36302D00D1023E244A20
:10BD5000009B94466344310018000293E6F770FE9E
:10BD60000022844610002B00303B092B11D81D0007
:10BD7000AE421DDD531C09D001225242844505D339
:10BD800001D1A94211DB0122704328182578013422
:10BD9000E9E72B00413B192B01D8373DE8E72B00A1
:10BDA000613B192B04D8573DE2E701225242EDE7EF
:10BDB000531C08D12223039A02981360002FB8D095
:10BDC000631E019307E0009B002B00D04042002F30
:10BDD000AFD0002AF4D1019B3B60AAE779E90108C2
:10BDE000FFFFFF7F10B5FFF773FF10BDF0B51E001A
:10BDF0003E4B17000C009C46082285B00390009132
:10BE0000230061461D780134485D01001140104255
:10BE1000F6D12D2D12D125789C1C012302931022DE
:10BE20003300934316D1302D0ED1202123788B433C
:10BE3000582B09D16578023410260BE002912B2D86
:10BE4000EDD125789C1CEAE7002EF5D10A36302D7D
:10BE500000D1023E012031004042E6F76BFD019027
:10BE6000012031004042E6F7EBFD002301221800DB
:10BE700094462A00303A092A12D81500AE421EDD37
:10BE80005A1C0AD00123019A5B42824205D301D198
:10BE9000A94211DB63467043281825780134E8E78E
:10BEA0002A00413A192A01D8373DE7E72A00613ACA
:10BEB000192A04D8573DE1E701235B42EDE75A1CFC
:10BEC00007D12222039918000A60002F09D105B07A
:10BED000F0BD029A002A00D04042002FF7D0002B7C
:10BEE00001D0631E0093009B3B60F0E779E90108F5
:10BEF00010B5FFF77BFF10BD0B1F1B68181F002B31
:10BF000001DA0B58C0187047F8B5C046F8BC08BC39
:10BF10009E467047F8B5C046F8BC08BC9E467047C0
:10BF2000AD033805B902B904B9023805B902C5052F
:10BF30000203B904020338050203C5055403B9041A
:10BF4000540338055403C505B902610602036106AE
:10BF500054036106AD036106AD03B904AD03C50525
:10BF600080020020000100007C020020003E2241EF
:10BF70004141414141414141414141417F003C42B8
:10BF80004242240015C3010809C2010850C8010833
:10BF900067C101084C31004C32004C33004C340076
:10BFA0004C35004D00004800004C4F5731004C4FBD
:10BFB0005732004C4F5733004C4F5734004C4F57BB
:10BFC00035004D4944000048494748000EC2010869
:10BFD000B4C901084DC801088AC7010844C801084E
:10BFE00048C80108D31F0020D41F0020D51F0020FF
:10BFF000D61F0020AF2000205800C33772006530E4
:10C000007000C3005D00000D590068805900680091
:10C010005A0055555B0055555C0030AA5800C3378F
:10C02000720065307000E0005D00001A5900688001
:10C03000590068005A0055555B00AA555C0030AAAB
:10C0400047CB010850C301084ACB0108EFFFF7FFB7
:10C05000CBFFFBFFFF0352454C4541534500414C8C
:10C060004C204B45595300564F4C544147450057BF
:10C07000454C434F4D45004D4142554841592100E3
:10C0800025732045646974696F6E006F6B67625039
:10C09000473A2C41372517E4CBB59F002E2D2E2E85
:10C0A000002E2D2D2D2D002E2E2D2D2D002E2E2E41
:10C0B0002D2D002E2E2E2E2E002D2E2E2E2E002D2E
:10C0C0002D2D2E2E002E2D2E2D2E2D002D2D2E2EF3
:10C0D0002D2D002E2E2D2D2E2E002E2D2D2D2D2EE4
:10C0E000002D2E2D2E2D2D002D2E2D2D2E002D2E02
:10C0F0002D2D2E2D002E2D2E2E2E002D2D2D2E2EC3
:10C100002E002D2E2D2E2D2E002D2E2E2E2D002DDF
:10C110002E2E2E2E2D002E2E2D2D2E2D002E2D2EA0
:10C120002E2D2E002E2E2E2D2E2E2D002E2D2D2E90
:10C130002D2E005D5D002533752E253035750043AD
:10C14000482D25303475004E554C4C0076372E3630
:10C150002E31304200313233343500353433323110
:10C160000043544353530044435300442530336F3A
:10C17000256300554E4C4F434B204B4559424F4190
:10C18000524400536176653F005363616E204661FF
:10C19000696C656400467265713A2D2D2D2E2D2D2A
:10C1A0002D2D2D00546F6E653A2D2D2D00546F6E80
:10C1B000653A4E6F6E6500536176653A004672656A
:10C1C000713A25752E253035750043544353533A43
:10C1D00025752E2575487A004443533A442530335B
:10C1E0006F4E0025336400252034642025730053EE
:10C1F0002564002B25303264004625752B0046252A
:10C2000075004558004F46460054544E00435700B1
:10C210004245414D205458004245414D205258005E
:10C22000503100503200556E6B6E6F776E00545374
:10C2300051004C4F572042415454455259005072BE
:10C2400065737320455849540053636E526E6700FE
:10C250003E257300555342003E3E00252E347300A8
:10C26000252E2A732E252E337300253033752E2567
:10C270003035750025752E25750025642E25303244
:10C28000754B0025644B004D4F4E490053514C25D2
:10C29000640025302A752F25750044544D4620250D
:10C2A00073004368617267652025752E25303275ED
:10C2B00056202575252500212121202573202121A7
:10C2C00021004D44433A20257300556E69743A208D
:10C2D000307825303458005072657373206B65795F
:10C2E00020746F206469736D697373004172673ADB
:10C2F0002030782530325800436C6F736520696EAA
:10C30000202575207365630056464F202573002253
:10C310002214140808003C26252525263C003E1C36
:10C3200008003E3E1C1C0808004142430061626355
:10C3300000313A25750025752A3130306D7300576C
:10C34000494B490050524F46494C45003030302F40
:10C35000303000535552453F005741495421002584
:10C360003032752F2575002B25752E2575644200FA
:10C3700025642E253032756B487A0055534552009E
:10C3800025730A25735700442530336F4900253340
:10C39000642E2530357500252E33732E252E3373EC
:10C3A0002020004D487A0053544F500043415252D0
:10C3B0004945520A25303264733A253033646D732F
:10C3C0000054494D454F55540A253032646D3A2585
:10C3D0003032647300253032752028252E337329BE
:10C3E00000252E38730A252E38730025642A313033
:10C3F0006D73004E375349580025730A2573002585
:10C4000033732025642025640025643A25643A2589
:10C4100064002573202532642025303464002530E3
:10C4200032643A253032643A25303264004255494C
:10C430004C44004D454D4F525900464C4153482005
:10C4400025752E25752525005352414D2020257533
:10C450002E2575252500524541440A4D414E554132
:10C460004C0025752E25303275560A257500256439
:10C47000683A253032646D00496E736964650A4616
:10C48000204C6F636B0A506C616E00464D00253086
:10C490002A752F253032750025302A752F2D2D0055
:10C4A00030785F5F5F5F00253032753A2530327536
:10C4B0000025752E2530327500264949494932003C
:10C4C0002425262122273A3B3F5E607C7B7D5F004E
:10C4D00053656172636820467265710053656172CD
:10C4E000636820546F6E65005363616E20436F6D07
:10C4F000706C657465004A616E00466562004D614E
:10C500007200417072004D6179004A756E004A7583
:10C510006C0041756700536570004F6374004E6F87
:10C520007600446563004B45595F4D454E55004BC1
:10C5300045595F5550004B45595F444F574E004B8E
:10C5400045595F45584954004B45595F5354415232
:10C55000004E4152524F574552004E4F524D414CA2
:10C5600000464153540054494E5900434C415353E3
:10C570004943004B4559530A414354494F4E5300D8
:10C580004B4559530A505454004B4559530A4143A3
:10C5900054494F4E530A50545400534F554E440083
:10C5A00056495355414C004F4E4550555348004C49
:10C5B0004546540A52494748540A55562D4B3100B6
:10C5C00055500A444F574E0A55562D4B3528382999
:10C5D0000044454641554C542B0A3133372D3137F1
:10C5E000340A3430302D343730004643432048413C
:10C5F0004D0A3134342D3134380A3432302D34354B
:10C60000300043412048414D0A3134342D31343813
:10C610000A3433302D3435300043452048414D0A2B
:10C620003134342D3134360A3433302D3434300043
:10C6300047422048414D0A3134342D3134380A34D0
:10C6400033302D343430003133372D3137340A3420
:10C6500030302D343330003133372D3137340A3414
:10C6600030302D34333800504D52203434360047AA
:10C670004D52530A4652530A4D55525300444953A2
:10C6800041424C450A414C4C00554E4C4F434B0ADD
:10C69000414C4C0056464F00313630306D416820D9
:10C6A0004B3500323230306D4168204B3500333528
:10C6B00030306D4168204B3500313430306D416889
:10C6C000204B3100323530306D4168204B31005203
:10C6D0004F474552004D4443004D44432D313230C5
:10C6E00030004C4F474F004E4F4E4500504552438F
:10C6F000454E5400555020434F444500444F574E3B
:10C7000020434F44450055502B444F574E0A434F4A
:10C7100044450041504F4C4C4F0A5155494E4441FD
:10C7200052004348414E4E454C0A4E554D424552EB
:10C73000004E414D45004E414D450A2B0A4652459B
:10C7400051004D41494E0A4F4E4C59004455414C01
:10C750002052580A524553504F4E440043524F53B3
:10C76000530A42414E44004D41494E2054580A4418
:10C7700055414C205258004C4F474F2B004D4154CF
:10C780005249580054582F52580057494445003CCC
:10C790002032306D003132356D003235306D00356C
:10C7A00030306D004C4F572031004C4F5720320035
:10C7B0004C4F572033004C4F572034004C4F5720DC
:10C7C00035004D49440053454E54005741495449A2
:10C7D0004E47005245434549564544004D454D207E
:10C7E00046554C4C004552524F520053454E444919
:10C7F0004E47005374617475730041636B6E6F77BD
:10C800006C65646765005265717565737400526587
:10C8100073657276656400436F6D6D616E6400458B
:10C820006D657267656E637900456D657267656EEB
:10C8300063792B4F7000456D657267656E63792B68
:10C8400041636B004E4152004E41522B004E2B0073
:10C85000444352004255535900424154204C4F57D3
:10C860000054582044495341424C450054494D45D9
:10C870004F555400414C41524D00564F4C542048A6
:10C8800049474800464C415400434C45414E004204
:10C890004F4F5354004D415800534841525000539C
:10C8A000544F434B004F50454E002030002E2C2D4E
:10C8B0002829402F5C2B3D2A233C3E5B5D7E3100C6
:10C8C0006162633200646566330067686934006AD8
:10C8D0006B6C35006D6E6F3600707172733700745B
:10C8E000757638007778797A3900464C4153480A92
:10C8F0004C4947485400504F574552004D4F4E4900
:10C90000544F5200564F5800464D20524144494F13
:10C910000031373530487A004C4F434B0A4B45596C
:10C920005041440056464F20410A56464F2042008F
:10C9300056464F0A4D454D005258204D4F44450034
:10C940004D41494E204F4E4C5900574944450A4EDF
:10C950004152524F570052585458204C4F47004DA7
:10C960005554450052784100504F5745520A4849A6
:10C9700047480052454D4F56450A4F464653455489
:10C98000004245414D004E4F204C4F4700545950F6
:10C9900045204D4553534147450050524553532080
:10C9A00050545400534156453F0044454C3F004DC0
:10C9B0002D5343414E00256425732D25644D004DB4
:10C9C0005228434825303275290056464F2843489F
:10C9D000253032752900412D5343414E28257529B4
:10C9E0000043482D25303275002533642E25640020
:10C9F000252E33732E252E317300253373002534F5
:10CA0000736B004D4F4E00257557504D20257320F8
:10CA10004325750041495220434F505928524459EB
:10CA2000290041495220434F505900414952204367
:10CA30004F505928434D502900252E33732E252E53
:10CA40003373004D454D2025303375202D20253082
:10CA500033750053657474696E6773005243563AB8
:10CA6000253032752E25303275252520453A25642E
:10CA700000534E443A253032752E25303275252527
:10CA80000052583A00434C454152204C4F47005306
:10CA9000392B2530327500532575004D2025732F15
:10CAA000257300413A2573202563002575780025FC
:10CAB000752E25303575207F25752E253032756B06
:10CAC00000533A2025750025642064426D002564DA
:10CAD000644200FFFFFFFFFFFFFFFF005745414B90
:10CAE000004E4F524D00535452470031322E350004
:10CAF000362E3235004C4E4173004C4E41005047AB
:10CB00004100232D302B2000686C4C006566674582
:10CB100046470030313233343536373839414243B5
:10CB20004445460030313233343536373839616266
:10CB30006364656600412D46612D663839303132B7
:10CB400033343536375D002B2D007858002E2C3FBE
:10CB5000310041424332004445463300474849349E
:10CB6000004A4B4C35004D4E4F3600505152533712
:10CB700054555638005758595A39040404040404CB
:10CB8000050405050A0F14191E23282D320708096C
:10CB90000A0B0C0D000102060E03040F1005111202
:10CBA0001314151617414243442A230040771B00F3
:10CBB00080CBA40080CBA400A00BD100A00BD1009F
:10CBC000C0800901C0800901C00E1602C00E160205
:10CBD000005A6202005A6202C029CD02C029CD0269
:10CBE00080A4BF0741000000F2C00108420000001D
:10CBF000FDC00108430000002EC1010844000000F0
:10CC0000C1C0010845000000DFC001084600000067
:10CC10001FC1010847000000DDC0010848000000F6
:10CC2000BAC0010849000000C2C001084A00000063
:10CC3000A8C001084B000000F1C001084C00000032
:10CC40009CC001084D000000A1C101084E00000079
:10CC5000DEC001084F000000A0C101085000000024
:10CC6000E9C0010851000000F0C0010852000000B6
:10CC70002FC1010853000000FEC00108540000004D
:10CC800048CB01085500000028C1010856000000EB
:10CC90000AC1010857000000E4C001085800000064
:10CCA00027C1010859000000E3C001085A00000034
:10CCB000C0C00108300000009EC101083100000022
:10CCC000A1C0010832000000A7C001083300000025
:10CCD000ADC001083400000010C10108350000009B
:10CCE000B3C0010836000000B9C0010837000000D9
:10CCF000FCC0010838000000BFC001083900000076
:10CD0000DBC001082E000000C5C001082C00000097
:10CD1000CCC001083F000000D3C00108270000007C
:10CD2000DAC0010821000000E1C001082F00000066
:10CD30001EC1010828000000E8C001082900000009
:10CD4000EEC0010826000000F5C001083A0000000E
:10CD5000FBC001083B00000002C101083D000000CB
:10CD600009C101082B00000003C101082D000000CB
:10CD70000FC101085F00000016C101082200000079
:10CD80001DC101082400000024C10108400000006A
:10CD90002CC10108FA00F4017102E803E204C4099D
:10CDA0004103010005000A001900320064007D0003
:10CDB0008403DC05D007B80B88131027D430204E2D
:10CDC000A86150C3BDAA0008E92D01083936010841
:10CDD000F1620108097A0108C184010841C0000814
:10CDE00069C0000859C000080000000061C00008C8
:10CDF00081C0000893C000089BC000081F111F15C8
:10CE00001F151D151717151D1F041F1B151B0E11B0
:10CE10000E110A045DB800083D3C0108F12E00081F
:10CE2000D15F0008F5670008492F00085DB80008C9
:10CE30001D470008A92E00082133000851330008BF
:10CE4000E5380008252F00085DB80008712F00089C
:10CE5000AD2F000801300008AD3500080D4E000868
:10CE6000714600086D350008213000083D3000088B
:10CE7000B17C010849590108A2C0A1A6A424811FC0
:10CE80002F40AF121113130A0104070B0205080CFF
:10CE90000306090D0E000F00081018203048689690
:10CEA000C8FF081C3044586C8000000000093D0099
:10CEB00000127A000024F4004086510100366E0111
:10CEC00000093D0000093D0000093D000000000090
:10CED0000000000000000000000000000000000052
:10CEE0000000000000000000000000000100000041
:10CEF0000200000003000000040000000600000023
:10CF00000700000008000000090000000000000009
:10CF10000000000000000000000000000100000010
:10CF200002000000030000000400000012010002E3
:10CF3000EF020140B736FFFF0001010203010902C1
:10CF40004B000201008032080B00020202010009BE
:10CF50000400000102020102052400100105240161
:10CF600000010424020205240600010705830308CA
:10CF7000000A09040100020A00000007050202403D
:10CF8000000007058102400000040309040A035061
:10CF9000005500590041001C035000550059004144
:10CFA0000020004300440043002000440045004DA1
:10CFB000004F0016033200300032003200310032E0
:10CFC0000033003400350036000041706558004ED3
:10CFD000375349582076372E362E31304200000024
:10CFE000313400085DB800085DB8000855600008DD
:10CFF000653C0008C53400085DB800086B03F80202
:10D00000F8028002380438048403F802537465700F
:10D0100000000001506F77657200000252784443AF
:10D02000530000035278435443530004547844435C
:10D0300053000005547843544353000654784F443A
:10D040006972000754784F6666730008572F4E00C8
:10D050000000000A42757379434C000B436F6D70FA
:10D060006E6400204D6F64650000003154584C6FB1
:10D07000636B000C43684C697374001B4368536115
:10D080007665000D436844656C65000E43684E612B
:10D090006D65000F53634C697374002253635072C3
:10D0A000690000235072694368310024507269435B
:10D0B0006832002553636E52657600194631536815
:10D0C0007274004746314C6F6E67004846325368B1
:10D0D0007274004946324C6F6E67004A4D204C6FA7
:10D0E0006E67004B4B65794C636B001A5478544F54
:10D0F0007574000942617453617600114261745481
:10D10000787400304D6963000000001E4D69634271
:10D110006172001F4368446973700010504F6E4D78
:10D120007367002C424C54696D650013424C4D6985
:10D130006E000015424C4D6178000016424C547848
:10D14000527800144265657000000018526F6765E0
:10D150007200002D4D4443204944002E5354450095
:10D160000000001C525020535445001D31204361E3
:10D170006C6C00215550436F646500264457436F23
:10D1800064650027505454204944002844205354D7
:10D190000000002944205072656C002A44204C692C
:10D1A0007665002B564F58000000001253797349E2
:10D1B0006E66002F52784D6F6465001753716C00D6
:10D1C0000000000053657450777200365365745048
:10D1D00054540037536574544F54003853657445A4
:10D1E0004F540039536574437472003A536574495F
:10D1F0006E76003B5365744C636B003C5365744D15
:10D200006574003D536574475549003E536574523B
:10D2100078410045536574546D72003F5365744FF7
:10D22000666600355365744E464D0041536574562D
:10D230006F6C00425365744B6579004353657453BA
:10D24000636E0040536574536176004D46204C6F09
:10D25000636B003333353020456E003442617443D4
:10D26000616C0046426174547970004C5365744E91
:10D27000617600445265736574000032000000005E
:10D28000000000FF55562D4B35204669726D7761C1
:10D2900072652C2045475A554D45522B4E37534900
:10D2A000582076372E362E3130420D0A00001C27CA
:10D2B00044444444271C0C12216D796D21120C0C3E
:10D2C000122161616121120C1C1C1422417F002279
:10D2D000140814227F00767676767E7F7C4645455C
:10D2E000454545467C003E41414122007F4040404B
:10D2F00040003E4141413E007F09090906001F20D0
:10D3000040201F006314081463007F021C027F008A
:10D310003E4141413E006314081463007F4949497E
:10D3200036007F4141413E003F4038403F007F0989
:10D3300019294600412214080008142241007F09DF
:10D34000192946003E4141413E007F090909060076
:10D350002649494932000000D0C40108DCC4010854
:10D36000E8C40108F6C40108FAC40108FEC40108B3
:10D3700002C5010806C501080AC501080EC5010855
:10D3800012C5010816C501081AC501081EC5010805
:10D3900022C501087F415D5D5D417F006F8B472C99
:10D3A000E134F82C5E8BF893E1B6658D4A007F413D
:10D3B0005D5D5D417F5B1FBAEED99F559874E21A9F
:10D3C0000D963DA50D69C2A5F296F9595FDC4A1488
:10D3D0006318D94755112C02D86467755594537F4B
:10D3E000450D963DA50D69C2A5F296DF19F75FC2FE
:10D3F00015BC552A444411FD0575757505FD019A46
:10D4000038370D963DA50D69C2A5F296CBC081DFD8
:10D410001175117F3E6437187FEB1523017F415D45
:10D420005D5D417F006A0F740ED2B074B16D185902
:10D43000157986CE1543007F415D5D5D417FCD5DF1
:10D440008365E7C655BD6B3FA91CA5E069E34A1596
:10D45000062AFECECA3A70D9EAF55C158A6722FF21
:10D4600025AEB630F855DD07B6C21CA5E069C46626
:10D4700015842B72E8E92311CDE6C191E688772265
:10D48000FD0474747405FD01F7AE811CA5E06954B8
:10D49000FE37222BEAAAA78D5F3155B13FCECA24B1
:10D4A000337F538EA300011A1C1E20222426272915
:10D4B0002D31050913192224292B2C303236383C02
:10D4C0004748494A4B52530026C501082FC5010859
:10D4D00036C501083FC5010848C501084FC9010804
:10D4E00051C501085AC5010861C5010866C5010892
:10D4F0006BC5010862C0010873C5010880C5010839
:10D5000089C5010805C201089AC50108A0C501081E
:10D5100085C601086BC50108A7C50108AFC501088C
:10D52000C0C50108D1C50108EAC5010802C6010845
:10D5300019C6010830C6010847C6010857C60108C8
:10D5400067C601086FC601087DC6010889C60108C3
:10D5500094C6010885C6010898C60108A3C601083B
:10D56000AEC60108B9C60108C4C6010863646137C4
:10D570006264650030373A31303A303000417567C7
:10D5800020323020323032360000000005C201085F
:10D59000CFC60108D5C60108D9C6010800000000A1
:10D5A00085C601089AC5010892C9010867C001082B
:10D5B000E2C60108E7C60108E7C6010867C001081E
:10D5C000ECC6010805C20108F4C60108FCC6010842
:10D5D00006C7010813C701083DC7010822C7010893
:10D5E00031C7010836C7010842C701084CC7010806
:10D5F0005CC7010867C7010805C20108E2C6010847
:10D6000077C701087DC7010805C2010815C20108D6
:10D6100074C7010884C701088AC701084FC90108F7
:10D6200005C201084EC8010848CB01088FC7010890
:10D6300095C701089AC701089FC70108A8C7010834
:10D64000AEC70108C0C701087BC30108A4C7010811
:10D65000AAC70108B0C70108B6C70108BCC70108BE
:10D66000C2C701086EC9010805C2010804CA010841
:10D670001F0000001C0000001F0000001E00000032
:10D680001F0000001E0000001F0000001F0000001F
:10D690001E0000001F0000001E0000001F00000010
:10D6A000C6C70108CBC70108D3C70108DCC70108FA
:10D6B000E5C70108EBC70108F3C70108FAC701086D
:10D6C00006C801080EC8010817C801081FC80108CC
:10D6D00029C8010836C80108464D0000414D000028
:10D6E0005553420015C3010854C8010859C8010820
:10D6F00061C801086CC8010874C801087AC801082B
:10D7000084C8010889C80108C2C701088FC8010878
:10D7100095C8010899C801089FC80108A5C8010853
:10D72000000000000000003E3E1C1C080800000035
:10D73000000017000300031F0A1F0A1F0519041326
:10D740000F171C000300000E11110E000502050446
:10D750000E041008000404040010001804031E1135
:10D760000F021F0019151211150A07041F171509BA
:10D770001E151D1905031F151F17150F000A001090
:10D780000A00040A110A0A0A110A040115030E15F7
:10D79000161E051E1F150A0E11111F110E1F15153D
:10D7A0001F05050E151D1F041F111F1108100F1F47
:10D7B000041B1F10101F061F1F0E1F0E110E1F052A
:10D7C000020E191E1F0D16121509011F010F101F41
:10D7D0000718071F0C1F1B041B031C031915131F1D
:10D7E000111102040811111F020102101010010290
:10D7F000001A161C1F120C0C12120C121F0C1A16F7
:10D80000041E050C2A1E1F021C001D0010201D1FD7
:10D810000C12111F101E0E1E1E021C0C120C3E12AA
:10D820000C0C123E1C0202141E0A021F120E101EC5
:10D830000E180E1E1C1E120C1206281E1A1E16048E
:10D840001B11001B00111B04020301121712FCFE26
:10D85000FE06060606FEFEFC3F7F7F606060607F7E
:10D860007F3F0000181CFEFEFE000000000060600C
:10D870007F7F7F6060001C1E1E06060686FEFE7C03
:10D880006070787C6E67636160600C0E0E868686C1
:10D8900086FEFE7C307070616161617F7F3E80C07A
:10D8A000E070381C0EFEFEFE0F0F0F0C0C0C0C7FF0
:10D8B0007F7FFEFEFEC6C6C6C6C6C68630707060D6
:10D8C0006060607F7F3FF8FCFEC6C6C6C6C6C680E5
:10D8D0003F7F7F606060607F7F3F0E0E0E06068692
:10D8E000E6FE7E1E000000007C7F7F0300007CFEC1
:10D8F000FE86868686FEFE7C3F7F7F616161617F5A
:10D900007F3FFCFEFE06060606FEFEFC0163636327
:10D910006363637F3F1F0080808080808080800001
:10D920000001010101010101010000005E5E000033
:10D93000060600060600143E143E14002E6B7F6B94
:10D940003A006333180C6663304B4D55225000008B
:10D9500007070000001C3E6341000041633E1C00BD
:10D96000002A1C1C2A0018187E7E1818004060200F
:10D9700000000018181818000000606000006030F7
:10D98000180C06033E7F63637F3E64667F7F6060A2
:10D9900062737B7B6F6663636B6B7F36383C367F6D
:10D9A0007F306F6F6B6B7B333E7F6B6B7B32030320
:10D9B000737B0F07367F6B6B7F36066F6B6B7F3E1B
:10D9C00000006C6C000000406C2C00000814224128
:10D9D00000003636363636000041221408000607AD
:10D9E000535B1F0E307B6B7B7F3E7E7F1B1B7F7EDE
:10D9F0007F7F6B6B7F363E7F636363367F7F6363BE
:10DA00007F3E7F7F6B6B6B637F7F1B1B1B033E7FA8
:10DA1000636B7B3A7F7F0C0C7F7F63637F7F6363E5
:10DA20003073637F3F037F7F1C3663417F7F60607D
:10DA300060607F7F06067F7F7F7F0C187F7F3E7F41
:10DA400063637F3E7F7F1B1B1F0E3E7F63737F7E62
:10DA50007F7F1B3B7F66666F6B6B7B3303037F7F30
:10DA600003033F7F60607F3F1F3F60603F1F3F7F3A
:10DA700030307F3F63771C1C7763070F78780F0780
:10DA800063737B6F6763007F7F6363000102040839
:10DA900010600063637F7F000C0E03030E0C606058
:10DAA00060606060000307060000207656567E3CEA
:10DAB0007F7F6C6C7C38387C6C6C6C00387C6C6C58
:10DAC0007F7F3C7E56565E0C7E7F1B1B02000C5EE9
:10DAD00056567E3C7F7F0C0C7C7800007A7A0000E2
:10DAE0003060607D3D007F7F183C7E66003F7F4058
:10DAF00000007C7C18187C7C7C7C0C0C7C783C7E48
:10DB000066667E3C7E7E36363E1C1C3E367E7E60E1
:10DB10007C7C0C0C18004C5E565676203F7F6C6C5B
:10DB200060003C7C60607C3C0C3C70703C0C3C7C3D
:10DB300030307C3C446C38386C44066E68687E3EFD
:10DB400066767E6E6600083E7741000000007F002A
:10DB500000000041773E08000C060C180C00000085
:10DB60005E000000000600060000143E143E140093
:10DB700026497F493200631308046261304B4D55DA
:10DB80002250000007070000001C22410000004155
:10DB9000221C0000002A1C1C2A0008083E0808005D
:10DBA00000406020000000080808080000006060D5
:10DBB00000004020100804023E414141413E004027
:10DBC000427F4040625151494946224149494936C4
:10DBD000181412117F102745454545393E494949DA
:10DBE0004932010171090503364949494936464917
:10DBF0004949291E00006C6C000000406C2C00009C
:10DC000008142241000014141414140000412214BA
:10DC10000800020151090600304A4A523C007E09C0
:10DC20000909097E7F49494949363E41414141221E
:10DC30007F414141413E7F49494949417F090909A5
:10DC400009013E414949493A7F080808087F414196
:10DC50007F4141002041413F01017F080C122140DA
:10DC60007F40404040407F020404027F7F0204085E
:10DC7000107F3E414141413E7F09090909063E416D
:10DC80005161413E7F0909192946264949494932CE
:10DC900001017F0101003F404040403F07384040C4
:10DCA00038073F403030403F6314080814630708CA
:10DCB00070080700615149454341007F4141000020
:10DCC000010204081060000041417F0004020102CB
:10DCD000040040404040404000030706000020543C
:10DCE000545478007F444444380038444444280065
:10DCF000384444447F003854545448007C0A0A0A8B
:10DD00000200585454543C007F040404780000007E
:10DD10007A0000002040403D0000007F10284400B1
:10DD200000003F4000007C047C0478007C04040474
:10DD300078003844444438007C1414140800081453
:10DD400014147C407C04040408000854545420003B
:10DD50003F44444440003C4040403C000C30403094
:10DD60000C003C4030403C004428102844000C503B
:10DD700050503C004464544C4400083641000000BC
:10DD800000007F0000000000413608000402040883
:10DD90000400000000FCFC00000000000D0D00006D
:10DDA000000F1F00001F0F0000000000000020F8FF
:10DDB000F820F8F820020F0F020F0F0270F8888E7B
:10DDC0008E9810040C0838380F0730300080C0607F
:10DDD000300C060301000C0C80D87CE4BCD8400752
:10DDE0000F0808070F0800101F0F000000000000B8
:10DDF000000000000000F0F80C0400000003070C15
:10DE000008000000040CF8F0000000080C070300F4
:10DE10000080A0E0C0E0A000000203010302008037
:10DE200080E0E080800000000303000000000000AC
:10DE30000000000000101E0E0000808080808080A6
:10DE40008000000000000000000000000000000052
:10DE500000000C0C000000000080C060300C0603C5
:10DE600001000000F8FC040404FCF8070F0808088F
:10DE70000F07001018FCFC00000008080F0F08082E
:10DE8000181C0484C47C380C0E0B09080808181CE4
:10DE9000444444FCB8060E0808080F0780C06030F0
:10DEA00018FCFC01010101010F0F7C7C444444C4B7
:10DEB00084040C0808080F07F0F84C4444C4800799
:10DEC0000F0808080F0704040484E47C1C00000EFB
:10DED0000F010000B8FC444444FCB8070F080808D0
:10DEE0000F0778FC848484FCF8000808080C0703FA
:10DEF00000000030300000000000060600000000B6
:10DF000000303000000000080E0600000080C060F5
:10DF100030180800000103060C0840404040404013
:10DF200040020202020202020008183060C08000B3
:10DF3000080C06030100383C0484C47C380000004F
:10DF40000D0D0000F0F808C8C8F8F0070F080B0B1B
:10DF50000B01F8FC848484FCF80F0F0000000F0F05
:10DF6000FCFC444444FCB80F0F0808080F07F8FCF9
:10DF70000404041C18070F0808080E06FCFC04041F
:10DF80000CF8F00F0F08080C0703FCFC4444440491
:10DF9000040F0F0808080808FCFC44444404040F5C
:10DFA0000F0000000000F8FC0484849C98070F0810
:10DFB00008080F07FCFC404040FCFC0F0F0000006D
:10DFC0000F0F000004FCFC04000000080F0F080005
:10DFD00000000004FCFC04060E08080F0700FCFC0F
:10DFE000E030180C040F0F0103060C08FCFC0000C5
:10DFF0000000000F0F0808080808FCFC187018FC47
:10E00000FC0F0F0000000F0FFCFC60C080FCFC0F39
:10E010000F0000010F0FF8FC040404FCF8070F08C0
:10E0200008080F07FCFC848484FC780F0F000000B4
:10E030000000F8FC040404FCF8070F080C0C1F1780
:10E04000FCFC848484FC780F0F0103060C08387CE8
:10E05000444444CC88060E0808080F07000404FC5A
:10E06000FC04040000000F0F0000FCFC000000FC9A
:10E07000FC070F0808080F077CFC800080FC7C0070
:10E08000030F0C0F0300FCFC008000FCFC0F0F06CC
:10E0900003060F0F0C3CF0C0F03C0C0C0F03000308
:10E0A0000F0C003C7CC0C07C3C0000000F0F000047
:10E0B000040484C4643C1C0E0F090808080800000E
:10E0C000FCFC04040000000F0F0808003870E0C0DA
:10E0D0008000000000000103070E00000404FCFCA7
:10E0E00000000008080F0F00080C0603060C0800CB
:10E0F00000000000000000000000000000202020C0
:10E100002020202000000307040000000000000081
:10E11000000000A0A0A0A0E0C0070F0808080F0F93
:10E12000FCFC202020E0C00F0F0808080F07C0E00B
:10E130002020206040070F0808080C04C0E02020C1
:10E1400020FCFC070F0808080F0FC0E0202020E08B
:10E15000C0070F09090909012020F8FC2424040044
:10E16000000F0F000000C0E0202020E0E0074F4833
:10E1700048487F3FFCFC202020E0C00F0F0000003B
:10E180000F0F000020ECEC00000000080F0F08004B
:10E190000000000020ECEC00307040407F3FFCFCB1
:10E1A0000080C060200F0F0103060C08000004FC73
:10E1B000FC00000000080F0F0800E0E020E020E075
:10E1C000C00F0F000F000F0FE0E0202020E0C00F75
:10E1D0000F0000000F0FC0E0202020E0C0070F0854
:10E1E00008080F07E0E0202020E0C07F7F08080833
:10E1F0000F07C0E0202020E0E0070F0808087F7F1D
:10E20000E0E060202020200F0F0000000000C0E0B0
:10E21000202020202008090909090F062020FCFCE5
:10E220002020000000070F080808E0E0000000E0E0
:10E23000E0070F0808080F0FE0E0000000E0E00032
:10E24000030F0C0F0300E0E0008000E0E0070F0880
:10E250000F080F0760E0800080E0600C0E030103F0
:10E260000E0CE0E0000000E0E0074F4848487F3F28
:10E27000202020A0E060200C0E0B090808080000F8
:10E2800040F8BC0404000000070F0808000000BCB0
:10E29000BC00000000000F0F0000000404BCF840A8
:10E2A000000008080F070000080C040C080C04000C
:10E2B00000000000000003081018202830383F003C
:10E2C000A2F14674A46144658A4E44E084EA0003E6
:10E2D00090990990A931000590990990A9310003FE
:10E2E00090994688C038099000320990A933099066
:10E2F00000364685F03A6685003D19130D0906047F
:10E30000140F0A0806043C0364002E036100F8029F
:10E310001900D9020600760200000000000000008B
:10E320000000400364002D035F00E4023C00C302D0
:10E330001500AA0205007602000000000000450357
:10E3400064003A035F00EE023200BC0219006C0266
:10E35000050058020000000000003C0364002D038B
:10E360006100F6021900D6020600760200000000E5
:10E370000000000000004703640032035F00E90270
:10E380003700BF0219009C0205006F020000000068
:10E3900000009E02B502CF02E80202031D0339030A
:10E3A000560375039303B403CE03E8030B04300450
:10E3B00055047C04A404CE04F904260555058505FE
:10E3C000B605EA051F063E06560677068F06B10615
:10E3D000CA06ED0607072B0746076B078807AE0737
:10E3E000CB07F30711083B088508D108F30820097B
:10E3F0007209C709ED0913001500160019001A006B
:10E400001E002300270029002B002C0035003900B6
:10E410003A003B003C004C004D004E0052005500BD
:10E4200059005A005C00630065006A006D006E00D0
:10E43000720075007A007C0085008A0093009500C8
:10E440009600A300A400A500A600A900AA00AD00A4
:10E45000B100B300B500B600B900BC00C600C900E9
:10E46000CD00D500D900DA00E300E600E900EE00B7
:10E47000F400F500F90009010A010B01130119016B
:10E480001A01250126012A012C012D013201340136
:10E4900035013601430146014E01530156015A012F
:10E4A0006601750186018A019401970199019A011B
:10E4B000AC01B201B401C301CA01D301D901DA012F
:10E4C000DC01E301EC01000000000000E8033C0077
:10E4D0000100F4013C00020090011E000100F40163
:10E4E0001E00010058021E00010070033C000300E2
:10E4F000AAC80108ADC80108C0C80108C5C80108FC
:10E50000CAC80108CFC80108D4C80108D9C8010881
:10E51000DFC80108E4C80108E7C6010800000000E0
:10E52000EAC8010801000000F6C801080200000066
:10E53000FCC8010803000000B1C901080400000084
:10E5400004C901080500000008C90108070000000F
:10E5500011C901080800000018C9010809000000DD
:10E5600024C901080A00000030C901080B0000009E
:10E570003BC901080C00000038C901080E0000006A
:10E5800040C901080F00000096C5010810000000F6
:10E590004AC901081100000056C90108170000000F
:10E5A0005FC901081300000064C9010814000000DD
:10E5B00068C901081500000073C9010816000000B1
:10E5C00081C9010818000000DFE5EBF1F7FAFD0052
:10E5D000E8EDF2F7FAFCFE00EDF0F50000A070A106
:10E5E00001000E886E8801000090D690010000386E
:10E5F00000400000007800800000008700880100D3
:10E6000000300038000000700078000000860087AD
:10E610000100002800300000006800700000008544
:10E620000086010000200028000000600068000053
:10E6300000840085010000180020000000580060E0
:10E64000000000830084010000100018000000504A
:10E650000058000000820083010000080010000044
:10E660000048005000000081008201000000000806
:10E670000000004000480000008000810100000010
:10E68000DCE5010803000C00EEE50108030044008E
:10E6900000E601080300440012E6010803004400FC
:10E6A00024E601080300440036E6010803004400A4
:10E6B00048E60108030044005AE60108030044004C
:10E6C0006CE60108030044002830484058205C34C0
:10E6D0002A2A455449414E4D53555257444B474FB2
:10E6E0004856462A4C2A504A425843595A512A2AD7
:10E6F00035342A332A2A2A322A2A2B2A2A2A2A314C
:10E70000363D2F2A2A2A2A2A372A2A2A382A393015
:10E71000410202420401430405440301450100464D
:10E7200004044703034804004902004A040E4B0353
:10E73000054C04024D02034E02014F03075004062C
:10E7400051040B52030253030054010155030456B4
:10E75000040857030658040959040D5A04033005E8
:10E760001F31051E32051C33051834051035050010
:10E7700036050137050338050739050F2F05093F11
:10E78000060C2E062A2C06333D05112D06212B05DD
:10E790000A28050D26050264320A0000DCCA0108B9
:10E7A000E1CA0108E6CA010879736D67615B554FDC
:10E7B000493F00000000000000000000D8E501080B
:10E7C00004000000D0E5010808000000C8E50108C9
:10E7D000080000000008020A0C040E06030B0109E1
:10E7E0000F070D0530373D4347487E00F2CA010848
:10E7F000EBCA0108F0CA010818100A002836087F81
:10E800005848580058005800580058005824584894
:10E81000486C486C087F2836283628362836283633
:10E8200001000A0032006400FA00F40171024103A1
:10E83000E803E204DC05D007C409881310270000B0
:10E84000000000000000000000000000F5CA010800
:10E850001308030001000000FACA010813050700AD
:10E8600001000000FECA01081300070001000000BB
:10E87000166C14E62E910D402135D5401303E98026
:10E88000C0E60108B8E60108B0E60108A8E60108FC
:10E89000A0E6010898E6010890E6010888E601086C
:10E8A00080E601080800801001020000C0401F0A35
:10E8B0002E00FF02115B00001E41000000CE000090
:10E8C0000000001097310000FF1352980000000074
:10E8D00008000000E151BCA84526E400D81C503ACD
:10E8E000E0EA003000020000166C14E62E910D40A4
:10E8F0002135D5401303E98000000000000000101E
:10E900000010000000100010002000000020001087
:10E9100000300000003000100040000000400010F7
:10E920000050000000500010006000000060001067
:10E9300000700000007000100080000000806E0871
:10E94000009000000090D60000A0000000A0700120
:10E950000000010000B000020010010000C0001023
:10E9600011E80008D1060108A1E30008C159010817
:10E97000B56701089588010800202020202020206C
:10E98000202028282828282020202020202020205F
:10E99000202020202020202020881010101010106F
:10E9A00010101010101010101004040404040404BB
:10E9B0000404041010101010101041414141414155
:10E9C0000101010101010101010101010101010137
:10E9D0000101010110101010101042424242424247
:10E9E0000202020202020202020202020202020207
:10E9F00002020202101010102000000000000000AF
:10EA00000000000000000000000000000000000006
:10EA100000000000000000000000000000000000F6
:10EA200000000000000000000000000000000000E6
:10EA300000000000000000000000000000000000D6
:10EA400000000000000000000000000000000000C6
:10EA500000000000000000000000000000000000B6
:10EA600000000000000000000000000000000000A6
:0CEA70000000000000000000000000009A
:04EA7C00D12C000891
:04EA8000A52C0008B9
:10EA840001140A01FFFF01FFFF00C80020033C003E
:10EA9400B400B400A40188FF88FF3C00F1F0F6FC48
:10EAA400F9FAFF00FFFF1313FFFFFFFF0000000050
:10EAB40000000000E1AC0A1300000001FFFFFFFFAB
:10EAC4000100000000127A0081000000DD8E0108C0
:10EAD40002000000B54E0108E8030101200301FF14
:10EAE4001313FFFF0103FF0164131300010000006F
:10EAF400CEFFFFFF7EFFFFFFCEFFFFFF7EFFFFFF86
:10EB0400FFFF0101010001012000FFFF01010100DD
:10EB140080380100010C800C960000007EFFFFFF8E
:10EB2400CEFFFFFF00010000AC0000200000000049
:10EB34005C310020C43100202C3200200000000091
:10EB440000000000000000000000000000000000C1
:10EB540000000000000000000000000000000000B1
:10EB640000000000000000000000000000000000A1
:08EB7400000000000000000099
:10EB7C000000000000000000000000000000000089
:10EB8C000000000000000000000000000000000079
:10EB9C000000000000000000000000000000000069
:10EBAC000000000000000000000000000000000059
:10EBBC000000000000000000000000000000000049
:10EBCC000000000000000000000000000000000039
:10EBDC000000000000000000000000000000000029
:10EBEC000000000000000000000000000000000019
:10EBFC000000000000000000000000000000000009
:10EC0C0000000000000000000000000000000000F8
:10EC1C0000000000000000000000000000000000E8
:10EC2C0000000000000000000000000000000000D8
:10EC3C0000000000000000000000000000000000C8
:10EC4C0000000000000000000000000000000000B8
:10EC5C0000000000000000000000000000000000A8
:10EC6C000000000000000000000000000000000098
:10EC7C000000000000000000000000000000000088
:10EC8C000000000000000000000000000000000078
:10EC9C000000000000000000000000000000000068
:10ECAC000000000000000000000000000000000058
:10ECBC000000000000000000000000000000000048
:10ECCC000000000000000000000000000000000038
:040000050801AB5DE6
:00000001FF
