:020000040800F2
:102800000040002095930108313900083339000851
:1028100000000000000000000000000000000000B8
:102820000000000000000000000000003539000832
:10283000000000000000000037390008EDCB000860
:10284000E5930108E5930108E5930108E593010884
:10285000E5930108E5930108E5930108E593010874
:10286000E5930108E5930108E5930108ED500008A0
:10287000E5930108E5930108E5930108E593010854
:10288000E5930108E5930108E5930108E593010844
:10289000E5930108E5930108E5930108E593010834
:1028A000E5930108E5930108E5930108E593010824
:1028B000E5930108E5930108000000004574010854
:1028C00002780B78002A03D0013001319A42F7D008
:1028D000D01A70470023C25C0133002AFBD1581E76
:1028E0007047000002B47146490849000956490082
:1028F0008E4402BC7047C04602B471464908490084
:10290000095C49008E4402BC7047C04603B471465E
:10291000490840004900095E49008E4403BC7047E5
:1029200003B47146490840004900095A49008E44E1
:1029300003BC7047002243088B4274D303098B42C7
:102940005FD3030A8B4244D3030B8B4228D3030C7F
:102950008B420DD3FF22090212BA030C8B4202D321
:102960001212090265D0030B8B4219D300E0090A49
:10297000C30B8B4201D3CB03C01A5241830B8B4252
:1029800001D38B03C01A5241430B8B4201D34B033B
:10299000C01A5241030B8B4201D30B03C01A5241A0
:1029A000C30A8B4201D3CB02C01A5241830A8B4225
:1029B00001D38B02C01A5241430A8B4201D34B020E
:1029C000C01A5241030A8B4201D30B02C01A524172
:1029D000CDD2C3098B4201D3CB01C01A5241830926
:1029E0008B4201D38B01C01A524143098B4201D360
:1029F0004B01C01A524103098B4201D30B01C01A8B
:102A00005241C3088B4201D3CB00C01A5241830804
:102A10008B4201D38B00C01A524143088B4201D331
:102A20004B00C01A5241411A00D201465241104691
:102A30007047FFE701B5002000F0F0F802BDC04686
:102A40000029F7D076E7704703460B437FD4002276
:102A500043088B4274D303098B425FD3030A8B4232
:102A600044D3030B8B4228D3030C8B420DD3FF229C
:102A7000090212BA030C8B4202D31212090265D06A
:102A8000030B8B4219D300E0090AC30B8B4201D31D
:102A9000CB03C01A5241830B8B4201D38B03C01A64
:102AA0005241430B8B4201D34B03C01A5241030BDB
:102AB0008B4201D30B03C01A5241C30A8B4201D38C
:102AC000CB02C01A5241830A8B4201D38B02C01A37
:102AD0005241430A8B4201D34B02C01A5241030AAE
:102AE0008B4201D30B02C01A5241CDD2C3098B4293
:102AF00001D3CB01C01A524183098B4201D38B0110
:102B0000C01A524143098B4201D34B01C01A5241B2
:102B100003098B4201D30B01C01A5241C3088B42F7
:102B200001D3CB00C01A524183088B4201D38B00E2
:102B3000C01A524143088B4201D34B00C01A524184
:102B4000411A00D201465241104670475DE0CA0F5B
:102B500000D04942031000D34042534000229C461B
:102B600003098B422DD3030A8B4212D3FC22890125
:102B700012BA030A8B420CD3890192118B4208D3FB
:102B8000890192118B4204D389013AD0921100E05D
:102B90008909C3098B4201D3CB01C01A5241830971
:102BA0008B4201D38B01C01A524143098B4201D39E
:102BB0004B01C01A524103098B4201D30B01C01AC9
:102BC0005241C3088B4201D3CB00C01A5241830843
:102BD0008B4201D38B00C01A5241D9D243088B4299
:102BE00001D34B00C01A5241411A00D2014663463C
:102BF00052415B10104601D34042002B00D54942A0
:102C0000704763465B1000D3404201B5002000F0DE
:102C100005F802BD0029F8D016E770477047C04696
:102C20001C2101231B04984201D3000C10391B0AFC
:102C3000984201D3000A08391B09984201D30009C0
:102C4000043902A2105C40187047C0460403020217
:102C50000101010100000000000000000448054BD4
:102C600010B5834203D0044B002B00D0984710BD11
:102C7000EC000020EC00002000000000064807499E
:102C8000091A8B10C90FC91810B5491003D0044B8D
:102C9000002B00D0984710BDEC000020EC00002075
:102CA0000000000010B5074C2378002B09D1FFF776
:102CB000D5FF054B002B02D0044800E000BF0123E4
:102CC000237010BD600200200000000020A1010858
:102CD000054B10B5002B03D00449054800E000BFA8
:102CE000FFF7CCFF10BDC0460000000064020020CA
:102CF00020A10108054B82B0DA6B0243DA63DB6B7B
:102D000018400190019B02B07047C046001002407D
:102D1000054B82B01A6C02431A641B6C1840019078
:102D2000019B02B07047C04600100240802130B5C0
:102D300080240822454B49009962A40045B2002D29
:102D400000DA81E09C62C046C046C046C046C0462C
:102D5000C046C046C046C046C046C046C046C04643
:102D6000C046C046C046C046C046C046C046C04633
:102D7000C046C046C046C046C046C046C046C04623
:102D8000C046C046C046C046C046C046C046C04613
:102D9000C046C046C0469961C046C046C046C0460F
:102DA000C046C046C046C046C046C046C046C046F3
:102DB000C046C046C046C046C046C046C046C046E3
:102DC000C046C046C046C046C046C046C046C046D3
:102DD000C046C046C046C046C046C046C046C046C3
:102DE000C046C046C046C0464000C0B29962C04618
:102DF000C046C046C046C046C046C046C046C046A3
:102E0000C046C046C046C046C046C046C046C04692
:102E1000C046C046C046C046C046C046C046C04682
:102E2000C046C046C046C046C046C046C046C04672
:102E3000C046C046C046C046C046C046C046013A2D
:102E4000002A00D07AE730BD9C617CE70004005086
:102E5000054B82B05A6B02435A635B6B184001907A
:102E6000019B02B07047C046001002400222064B90
:102E700099681142FCD00122187399681142FCD064
:102E8000D868C0B27047C0460038004010B5040092
:102E9000000CC0B2FFF7EAFF200AC0B2FFF7E6FF5E
:102EA000E0B2FFF7E3FF10BD0B4B5A7E002A02D0C1
:102EB0009B7E002B0ED10322084B01211A700022A9
:102EC000074B1A70074B1970074B1B788B4201D0C8
:102ED000064B1A707047C046A81E002095070020B8
:102EE0007B1E0020940700205F1E0020570000205A
:102EF000084B1A68293213780133DBB2072B00D94B
:102F0000012313700122044B1A80044A044B1278E7
:102F10001A7070477C1E0020920700205F1E002060
:102F2000570000200122064B1A80064B1A683432E3
:102F300013780133DBB2032B00D1002313707047E9
:102F4000920700207C1E0020012305498A7F5A40F9
:102F50008A77044A1370044A1370044A1370704746
:102F6000A81E002070070020740700208C1E00207F
:102F70000B4810B502780B4B002A0FD00633D97FCF
:102F80004C426141D977012300215A400270064A20
:102F90001170064A1370064A137010BD0533EEE730
:102FA0006F070020A81E00206E0700207407002075
:102FB0008C1E00201049114A0B7870B5501D104D21
:102FC000104C002B0FD02D78C57720780632D077A3
:102FD000012253400B7000210B4B19700B4B1A70E0
:102FE0000B4B1A7070BDC67F2E70951DED7FC37799
:102FF00025701800EAE7C0466D070020A81E0020D3
:103000006C0700206B0700206E070020740700206B
:103010008C1E0020012306490A785A400A700021BC
:10302000044A1170044A1370044A13707047C04672
:103030001F1E00206E070020740700208C1E002039
:103040000123044A11784B4013700222024B1A707C
:103050007047C04664070020630700200123044A2C
:1030600011784B4013700222024B1A707047C04611
:103070006207002063070020044B05481A8850436C
:10308000044A801880B21880000A70472C00002083
:103090000508000019360000F0B5130007270322C9
:1030A0003B405A431B4B85B0D31801930123039136
:1030B0009C46002102900020019B5B5C0093009BDA
:1030C0006246C340134213D0039B1C18A3B23F2B8C
:1030D0000ED86546029B5A18E3B23C40A540D2B2D6
:1030E000ECB2072B0CD80C4BD5189B5C1C432C70F6
:1030F00001300528E3D101310329DCD105B0F0BD51
:10310000DB08013BDB01054E9D18AD19F618B35CD9
:10311000ECE7C0461CAF01089D070020131A0020F1
:10312000054B1A78002A06D000221A70034B013290
:103130001A70034B1A70704720070020881E002069
:103140008C1E002030B50E4B1B689A8B0D4B1868F7
:103150000D4B19680D4B1C6C844207D15C6C8C4282
:1031600004D11C0048342488944207D01C00002558
:103170004A3418645964483325801A8030BDC046EB
:103180009C1D002088070020780400207C0400207B
:103190000E4B10B51B68191E13D00D4A1268918B87
:1031A00000290ED083420ED80A4A126882420AD3FE
:1031B000C01AFFF7BFFB084B0021984201D801302D
:1031C00081B2080010BD0021FBE7C046880700203F
:1031D0009C1D002078040020FEFF000010B5094C63
:1031E0002278531CDBB2172B00D90023064952006A
:1031F0005052064A23701378172B01D801331370ED
:1032000010BDC046450400204604002044040020B0
:103210000122054B52421A800023044A1360044ADB
:103220001370044A1370704704000020400400200B
:103230003D0400203C04002070B51E4A03001268C3
:103240000232D47F221C082C00D208221A491B48C3
:103250000D88083A92B2854206D100200B80844244
:1032600001D0A342404170BD15482E1C854201D9B2
:103270001448068814481036B6B21C1C834201D983
:10328000124804880834A4B29E4202D80120934216
:10329000E9D2A64202D801209442E4D29D4202D94A
:1032A00000200B80DFE707226A430432D318DB08D3
:1032B000F6E7C0469C1D002004000020FFFF000030
:1032C000EFFF000040A20108F7FF000042A2010842
:1032D000002806D0044A13780133DBB2032B01D84F
:1032E000137070470023FBE739040020F8B5104C39
:1032F0002368002B02D000232360F8BD0D4B0E4F36
:103300001B681B691D680D4B2560597B4A42514162
:1033100048224A439B180833DE6F3E60FFF778FF70
:10332000B54201D926603D60FFF70CFFE5E7C046D6
:10333000880700207C1E002078040020A81E0020A2
:10334000074B1B78012B0AD0064B1B78012B06D0AC
:10335000012205494B7E53404B76044B1A7070474F
:103360005F1E0020861E0020A81E0020700700207F
:103370000021012210B5124B1960124B587B4240BC
:1033800011485A7304788C4202D001700F480170C2
:10339000991DC87F002801D0501CC8770533D97FFC
:1033A000002901D00132DA770123094A1370094A52
:1033B0001370094A13700022084B1A7010BDC046E2
:1033C00088070020A81E00207B1E0020781E0020F9
:1033D00070070020740700205200002057000020D2
:1033E000092802D83030C0B2704703000A3BFF20E2
:1033F000052BF9D8014AD05CF6E7C04662AC01085B
:1034000010B50E4A0E48137B59424B410021DBB2E6
:1034100013738B4200D04831843152180260094A3C
:103420001378002B03D101331370074A1370002067
:103430000EF0A8FB0A22054B1A8010BDA81E002022
:103440009C1D0020850700208C1E00201C070020EA
:10345000194B10B51B78002B11D0FFF761FE174AEE
:10346000174B12781B7852B2002A1BD1154AD27F13
:10347000002A05D1032B02D003200EF049FA10BD1B
:10348000114A1278002AF5D16420104908801049A9
:103490000A7010490A7001210F4A117001210A4A6D
:1034A0001170E7E7084A11780029E3D114200B4A8C
:1034B00010800B4AF1E7C0461E070020411E002085
:1034C000861E0020AD1E00201A1E00201C070020B2
:1034D00052000020850700208C1E00208E0700204F
:1034E00053000020034B10B51B78002B01D1FFF7D0
:1034F000AFFF10BD151E0020302210B5002104487A
:1035000015F09CFF0022034B1A70034B1A7010BD7C
:1035100046040020450400204404002010B5084B58
:103520001B78012B01D9042B05D1062008F04AFC99
:10353000062008F047FC0022024B1A7010BDC0465E
:10354000E81E002038000020A023402210B5DB0533
:103550009A6214F061FB10BD10B5032804D007284F
:1035600009D0074B185C03E0064B1878A6231843D4
:10357000FFF7EAFF10BD044B18781530C0B2F7E72B
:1035800094AF01089C0700202E00002070B50C4B62
:103590001B6834331C78012C0AD10321094D28788B
:1035A0000130FFF737FB2970200009F04DFA70BD9C
:1035B000002CF9D1044D052128780130F1E7C046EF
:1035C0009C1D00206A0700206907002070B508F0E4
:1035D00005FE114B041E00D1104B19680D002D354E
:1035E0002A78343153425341D8B228700B78012BDA
:1035F00007D153425A4103205242104014F01AFBA3
:1036000070BD002CFAD000208242F7D1044B18780C
:103610000130C0B2F2E7C0469C1D00207C1E002095
:103620006807002070B5868B006871430818310068
:103630001C00150008F0CEFCA04206D8A84203D218
:103640003100A01B08F0C6FC70BD2800FCE700009C
:10365000F0B5212585B0FFF775FD164B1E68164B9A
:103660001B785BB20193154B1B680293144B1B68CC
:103670000393144B1F783000039B029A0199FFF7C4
:10368000D1FF013DEDB204003060002D07D0FFF7FF
:103690007FFD002803D000230B4ABB4202D120004B
:1036A00005B0F0BD0232911E09888142E3D001339A
:1036B000DBB2F2E79C1D0020411E0020880700209D
:1036C00078040020C60400207C04002010B50EF011
:1036D00069FF0122044B1A70044B1B78002B01D0A8
:1036E000034B1A7010BDC046FF0600209007002053
:1036F0007407002010B50A4C2378002B05D0002059
:103700000EF006F90023237010BDFFF7DFFF054B15
:1037100019780029F3D00A224A43034B1A70F1E7C3
:10372000FF060020EA1E0020FE060020264B70B592
:103730001A688023D28BDB009A422ED200230A25FE
:1037400018002249224E0A78DCB2944209D300289C
:103750000DD1042A21D1002301220B701D4B1A70B8
:1037600007E06843F45C0133001980B2ECE7042AF7
:10377000F1D000220138184D84B2110020006E7B78
:1037800008F0B4FE002809D1124B1B78012B02D897
:103790000222124B1A700AF0F5F970BD00230221C3
:1037A0000E4A1370321D520054530D4A76001170A8
:1037B0000C4A745313700C4A1370687B09F0E2FFD3
:1037C0000AF0E0F9E7E7C0467C1E00207B1E0020DF
:1037D000D0030020801E0020A81E0020791E00209B
:1037E000630700206207002064070020F8B5264B1D
:1037F000264C1A78002A03D0A11DCA7700221A701D
:103800000022234B1A70FFF777FE224B1F68224BD2
:103810003E001B78002B01D0204B1E688022204BDD
:10382000D2001B8893421CD2207BB2B2031D5B00E6
:10383000E25202214300E25209F0A4FFB74204D051
:103840000AF0A0F90122174B1A70002338342370B4
:103850000AF038FC01200EF095F90122124B1A7083
:10386000F8BD124B1D6828002E6008F0C1FF28002B
:1038700008F0AAFEB742E8D001232A00217BE88B9A
:103880000AF0B2FBE1E7C04638040020A81E002081
:10389000411E0020340400200007002008070020FB
:1038A0008C0700208C1E0020881E00209C1D0020FC
:1038B00010B5174B174CDB7F002B19D0164A137825
:1038C000002B03D000231370144A1370144A637B37
:1038D00011688022C98BD20091420AD25B00E218A3
:1038E0009288E25201220F4B1A700F4B92181A70F5
:1038F00010BD04335B00E05A002301211A0008F0D8
:103900002FFE0A4B9842F3D0637B5B00E052E9E75D
:10391000AC1E0020A81E00207B1E0020781E002068
:103920007C1E0020F406002063070020FFFF00003B
:103930007047FEE770477047014B024A9A60704734
:1039400000ED00E0002800080E4B1A7882420DD0EE
:1039500018700D4B0D4A1B5C0D4913800D4A1288DF
:103960009B1A9AB21BB2002B01D10B707047181131
:10397000002B03DD53421B115B4218B2064B18802B
:103980000123F2E731180020B3AF01082818002006
:103990002E1800202C1800202A180020902210B584
:1039A000054B5200985CFFF7CFFF0022034B1A80B3
:1039B000034B1A7010BDC046A81E00205C1E0020DC
:1039C0002F180020F8B5802380267E4F7E4C9B0068
:1039D0007600BB610500A662C046C046C046C04630
:1039E000C046C046C046C046C046C046C046C046A7
:1039F000C046C046C046C046C046C046C046C04697
:103A0000C046C046C046C046C046C046C046C04686
:103A1000C046C046C046C046C046C046C046C04676
:103A2000C046C046C046C0468020BB622843FFF760
:103A30007DF92368654A13402360C046C046C046EE
:103A4000C046C046C046C046C046C046C046C04646
:103A5000C046C046C046C046C046C046C046C04636
:103A6000C046C046C046C046C046C046C046C04626
:103A7000C046C046C046C046C046C046C046C04616
:103A8000C046C046C046C046C04610230020400085
:103A900080B2844601212069A661400A084061463F
:103AA0000843C046C046C046C046C046C046C046A1
:103AB000C046C046C046C046C046C046C046C046D6
:103AC000C046C046C046C046C046C046C046C046C6
:103AD000C046C046C046C046C046C046C046C046B6
:103AE000C046C046C046C046C046C046C046C046A6
:103AF000C046A662C046C046C046C046C046C04694
:103B0000C046C046C046C046C046C046C046C04685
:103B1000C046C046C046C046C046C046C046C04675
:103B2000C046C046C046C046C046C046C046C04665
:103B3000C046C046C046C046C046C046C046C04655
:103B4000C046C046013B002B00D0A0E723681A40C6
:103B50008023DB021343236080239B00BB61C046AC
:103B6000C046C046C046C046C046C046C046C04625
:103B7000C046C046C046C046C046C046C046C04615
:103B8000C046C046C046C046C046C046C046C04605
:103B9000C046C046C046C046C046C046C046C046F5
:103BA000C046C046C046C046C046C046C046A661E4
:103BB000A361074B302D02D0472D01D1054B188052
:103BC000F8BDC0460014005000040050FFFFF3FF92
:103BD000360000203400002070B5060069200D007A
:103BE000FFF7F0FE040003040BD46A20FFF7EAFE9F
:103BF0000C4B24030005000D1C40044302203460DC
:103C000070BD6820FFF7DEFE030000201A04F7D421
:103C10000548DB04DB0C58430449FEF715FF2880F8
:103C20000120EDE700F0FF00EB120000102700007C
:103C3000F7B5694B694A00931B780192002B26D196
:103C400013785BB2002B0AD0654B664A1B889B1821
:103C5000062B04D8644B1B78002B18D0F7BD634BA0
:103C60001D786B1E022B27D86149624B0A78002A07
:103C700003D0614A1278002A06D01A78002A1BD095
:103C80005E4A1278002A17D100220A701A700120A9
:103C90000DF078FF01225A4B1A70019B1B785BB222
:103CA000002BDBD0574B1A78502AD7D8002A00D0E7
:103CB00089E0FFF79BFDD1E74B4B01241B78524F66
:103CC000002B0AD03B78DAB2002B05D1A5421AD0DE
:103CD0000ED9AB1EA34229D900243B784B4E002BB2
:103CE00069D1002C67D13378002B41D13470B5E70E
:103CF000474BDB7D002BEFD0464B19780029EBD0EA
:103D000002241A70E9E7444B1978394B002906D090
:103D10001A70404B1A78002ADED00022F0E71A7899
:103D2000002AF6D11D706432334BF1E73B4B197812
:103D3000304B002914D03A490978012910D11A7062
:103D4000344E3378002BC7D00C20FFF73BFE040520
:103D5000A40F013C63425C41002364003370BCE764
:103D60001A78002AECD101321A70244B6332E6E74C
:103D70002C4BDB7F002BB9D0023D012DB6D80C2097
:103D8000FFF720FE0005800F0128AFD1254BDB7F18
:103D9000002B00D162E7A0238022DB0552009A624B
:103DA000214BEC3A1A800023009A137001223A70DA
:103DB0001E4A137052E700233370012C00D166E7CE
:103DC000022CE3D04AE719235343194A13800022F7
:103DD000184B1A7042E7C04615070020411E00200C
:103DE0008C07002000FCFFFF1E0700201B0700209F
:103DF00019070020160700201407002013070020D1
:103E0000881E0020D01E002012070020100700206E
:103E1000A81E0020110700201A0700201807002004
:103E200017070020AB1E00200E070020A41D002055
:103E30008E07002053000020F8B50C00374B3028C7
:103E400002D0472805D1364B1A88A24200D142E160
:103E50001C8080238026334F334D9B007600BB614E
:103E6000AE62C046C046C046C046C046C046C04618
:103E7000C046C046C046C046C046C046C046C04612
:103E8000C046C046C046C046C046C046C046C04602
:103E9000C046C046C046C046C046C046C046C046F2
:103EA000C046C046C046C046C046C046C046C046E2
:103EB000C046BB62FEF73AFFC046C046C046C04699
:103EC000C046C046C046C046C046C046C046C046C2
:103ED000C046C046C046C046C046C046C046C046B2
:103EE000C046C046C046C046C046C046C046C046A2
:103EF000C046C046C046C046C046C046C046C04692
:103F0000C046C046C046C0461023AE6222B2002A58
:103F100000DAE1E080229200AA6207E03600002089
:103F2000340000200014005000040050C046C04679
:103F3000C046C046C046C046C046C046C046C04651
:103F4000C046C046C046C046C046C046C046C04641
:103F5000C046C046C046C046C046C046C046C04631
:103F6000C046C046C046C046C046C046C046C04621
:103F7000C046C046C046C046C046C0466400AE61AA
:103F8000A4B2C046C046C046C046C046C046C046B1
:103F9000C046C046C046C046C046C046C046C046F1
:103FA000C046C046C046C046C046C046C046C046E1
:103FB000C046C046C046C046C046C046C046C046D1
:103FC000C046C046C046C046C046C046C046C046C1
:103FD000C046AE62C046C046C046C046C046C046A7
:103FE000C046C046C046C046C046C046C046C046A1
:103FF000C046C046C046C046C046C046C046C04691
:10400000C046C046C046C046C046C046C046C04680
:10401000C046C046C046C046C046C046C046C04670
:10402000C046C046013B002B00D06FE7C046C046EB
:10403000C046C046C046C046C046C046C046C04650
:10404000C046C046C046C046C046C046C046C04640
:10405000C046C046C046C046C046C046C046C04630
:10406000C046C046C046C046C046C046C046C04620
:10407000C046C046C046C046C046C04680239B00DE
:10408000BB61C046C046C046C046C046C046C046EA
:10409000C046C046C046C046C046C046C046C046F0
:1040A000C046C046C046C046C046C046C046C046E0
:1040B000C046C046C046C046C046C046C046C046D0
:1040C000C046C046C046C046C046C046C046C046C0
:1040D000C046AE61AB61F8BD80229200AA6125E7BF
:1040E00070B590B0040040226846184915F0D5FA22
:1040F000392C08D82F2C25D8232C25D00EAD2A2CCE
:1041000009D010B070BD2300413B373C032BF8D8D9
:10411000A4006C44250028880D4C0E4E60430E49C7
:104120008019FEF707FC81B27120FFF785FE6B88CE
:1041300009495C43A019FEF7FDFB81B27220FFF72D
:104140007BFEDEE7303CE3E70FADE4E738A1010892
:104150004C930100881300001027000010B5094C93
:104160002388002908D04022C240134399B233204B
:104170002180FFF761FE10BD4121494201411940F4
:10418000F5E7C046101A002010B5040051200A4976
:10419000FFF752FE07200949FFF74EFE21050820D0
:1041A000090DFFF749FE802321021B02090D08209B
:1041B0001943FFF741FE10BD33A00000D70A0000ED
:1041C0000C4B10B5C1184B1E9941040049420A4BD3
:1041D000890A8902C9185120FFF72EFE0748084BAB
:1041E00060430849C018FEF7A5FB81B20720FFF71E
:1041F00023FE10BDBFF5FFFF40940000982603008A
:1042000050C30000A086010070B5040031200D00ED
:10421000FFF7D8FBA02361051B02490D19430600D7
:104220004620FFF709FEC0216D056D0D49012943A8
:104230007920FFF701FE7A200449FFF7FDFD0421F4
:104240003143312089B2FFF7F7FD70BD9A28000095
:1042500010B5040081B23820FFF7EEFD3920210CA3
:10426000FFF7EAFD10BD000010B50349000201434D
:104270004720FFF7E1FD10BD4260000010B5372078
:104280000549FFF7D9FD00213020FFF7D5FD30208B
:104290000249FFF7D1FD10BD1F9F0000F1BF0000D4
:1042A00010B53120FFF78EFB0223984381B23120F5
:1042B000FFF7C2FD00212B20FFF7BEFD10BD00005F
:1042C00070B505003120FFF77DFB0400002D06D1FD
:1042D00008239C43A1B23120FFF7AEFD70BDAB1E99
:1042E0005A1E9341AD21DB03890119432920FFF7B1
:1042F000A3FD0120A84280410549404280030143BB
:104300002820FFF799FD0821214389B2E3E7C04641
:10431000382B000010B53120FFF754FB04239843DD
:1043200081B23120FFF788FD10BD10B50021242097
:10433000FFF782FD10BD0000DB2110B52120C90070
:10434000FFF77AFD24200249FFF776FD10BDC04635
:104350007FC1000010B550200149FFF76DFD10BD71
:1043600018BB000010B550200149FFF765FD10BDD6
:10437000183B000010B500213020FFF75DFDE8215B
:1043800037204901FFF758FD10BD000010B500218E
:104390007020FFF751FD0020FFF766FFFFF7E2FFF7
:1043A00000213020FFF748FD30200249FFF744FD8F
:1043B00010BDC046F1BF000010B5C3217020FFF74B
:1043C0003BFD72200A49FFF737FDC1215820FFF756
:1043D00033FD5C200749FFF72FFD8E215D20C901C9
:1043E000FFF72AFD5E200449FFF726FD10BDC046F9
:1043F00065300000655600000432000010B5002151
:104400003020FFF719FD10BD054B10B51B78002BB0
:1044100005D001210020FFF7A1FEFFF72FFF10BDFF
:10442000151E002010B50400FFF794FF0020FFF7D1
:104430001BFF00217020FFF7FFFCFFF776FF302005
:104440000349FFF7F9FC002C01D1FFF78BFF10BDEA
:10445000FEC1000010B530200149FFF7EDFC10BD92
:10446000FAC3000010B50400FFF766FFFFF772FF04
:104470000020844200D00330FFF7F6FE702003498D
:10448000FFF7DAFCFFF7E6FF10BDC046C3C300002C
:1044900010B56720FFF796FAC005C00D10BD0000EB
:1044A00010B5064B064A1B7811781B011943B0233F
:1044B0001B0248201943FFF7BFFC10BD261F002038
:1044C000281F002010B501240E4B05201A785440F7
:1044D0001C70614261410F2349421940A1231B0115
:1044E000C91811F09AFC0022074B944202D11A001D
:1044F0007F3212787E331A70FFF7D2FF0122034B0E
:104500001A7010BD65070020A81E00208C1E002018
:1045100010B5FFF79DFEC02151208900FFF78CFCEC
:10452000FFF7ACFE10BD10B500210420FFF716FE0A
:1045300000210320FFF712FE10BD00000B4B10B549
:10454000984208D801210420FFF708FE002103202B
:10455000FFF704FE03E0013002D1FFF7E4FF10BDD6
:1045600000210420FFF7FAFD0121F0E7FF3EAB0137
:1045700070B51D4B1B78013B012B27D900241B4B29
:104580001B4A1C7013781B4DA34220D01A4B147089
:104590001C701A4B80221C80A02301265200DB05D0
:1045A0009A62174B1C7011F051FC164B1B6818686F
:1045B000FFF7C4FF144B1E70144B1C7009F082FDF2
:1045C0005022134B2C701E70124B1A8070BD124A71
:1045D000137008F01BF901200DF0D4FA11F022FF3E
:1045E00003232B70F2E7C046861E00207B1E0020AE
:1045F0007A1E002057000020401E00207207002075
:10460000A41D00209C1D00208C1E0020E01E002008
:1046100074070020121E00209007002070B50F4D77
:1046200004002A68002A08D0002318000C49A1427F
:10463000584191425B41984202D02000FFF77EFF33
:1046400020002C60FFF704FE00213020FFF7F4FB70
:10465000044B30201988FFF7EFFB70BD40040020A9
:10466000FF3EAB013A040020A023F7B51600082254
:104670000500DB059A6203200C00FEF7F7FB28001B
:10468000FEF704FCC0232E4DDB00AA681100194080
:1046900001911A420AD10F2E0AD8A619B44249D064
:1046A000FF20FEF7E3FB20700134F7E7EA68ECE750
:1046B00040222B68042093432B6013F091FA0520CD
:1046C00013F08EFA802284211E4B52015A601E4F35
:1046D0000420490113F020FA05201C4913F01CFAAC
:1046E000FC601B4C31000420BC6013F025FA194A11
:1046F000194B3100D36094600224052013F01CFA9A
:10470000019B164E042033703B6823433B6013F03B
:1047100075FA052013F072FA01236A6813434022E8
:104720006B602B6813432B606B681C436C603378A1
:10473000002BFCD0A0230822DB059A61F7BDC04600
:104740000038004000000240440002401010000009
:104750000C38004058000240241800202018002087
:1047600000B503000078002207280DD8FEF7C4F832
:10477000040E14191E232B2B0122552904D0AA291B
:1047800001D0002000BD04221A70FAE7AA394A427B
:10479000514149001970F4E700229142F4D10332EB
:1047A000F2E7484241411A70C8B2EBE700225529AE
:1047B000EAD10532E8E7032901D10622E4E704291A
:1047C000E2D10722E0E712290BD8102909D0074AC5
:1047D000073811700021064A117041424841054ACC
:1047E0001070002201201A70CCE7C0462F00002074
:1047F0001F0800201E0800200022034B1A70034BE4
:1048000001321A707047C0461D0800208C1E00201F
:10481000F7B5A02640275039F6050430C4B20193FD
:10482000C8B2B762150013F0F7F910202309184336
:1048300013F0F2F90F2020402C0013F0EDF9019B4A
:10484000B7615E19B44200D1F7BD6B461879002DEF
:1048500000D0207813F0E0F90134F3E7F8B5042331
:10486000124E0400B3624020FEF76EFE104A002C88
:1048700007D0104B01251F00072C0AD8621ED20159
:10488000D218802321000020FFF7C2FF0423B36168
:10489000F8BD290001353A0080230020EDB2FFF772
:1048A000B7FF8037082DF4D1F0E7C0460004005070
:1048B0009D070020131A002010B50820FFF7CEFF37
:1048C00010BD10B50130C0B2FFF7C8FF012012F0D3
:1048D000FDFB10BD10B50020FFF7C0FF10BD0000AC
:1048E000F7B5041E294E2A4F2BD00024FEF7C4FB37
:1048F0007021FEF7A5F8A5192970FEF7BDFB03216D
:10490000FEF79EF83D19013101342970202CEDD1BC
:1049100009F0A6FE002509F0DFFD0024EFB2BB0080
:10492000DBB20193725DE100611A5118D2191219BC
:1049300009B2D2B2002C16D10198FEF7ADFB0134BA
:10494000F0E735002B783A5D9B18DBB22B70702BAB
:1049500004D9FEF791FB0F2318402870013401356C
:10496000202CEFD1D4E7032C02D901231A4202D024
:104970000198FEF791FB0134082CD3D10135202D8D
:10498000CBD1FFF7A7FFFFF797FFF7BD4207002046
:104990002207002070B5254B1C78002C3ED0244BFC
:1049A000DB7F013B3B2B39D8224D2B78002B35D1B7
:1049B000214B1B78002B31D1204B1B78012B2DD0A4
:1049C00007F00CFC002829D11D4B1B78002B25D1AA
:1049D0001C4B1B78002B03D01B4B1B78002B1DD0CE
:1049E0001A4B1B78002B19D1194B1B78002B01D0C7
:1049F000032B13D1631E012B11D810F019FDFFF703
:104A000069FFFFF759FF012300202B70114B18702D
:104A1000114B1870114B187012F058FB70BD032C1D
:104A2000F1D10120FFF75CFFEDE7C0462107002030
:104A3000B01E002020070020561E0020861E0020E9
:104A40003C1E0020401E0020071E0020531E002098
:104A50005F1E00201F070020881E00208C1E0020E3
:104A60000422074B10B5E2209A62FEF76DFD002488
:104A700020000134E4B2FEF76FFD082CF8D110BD20
:104A800000040050042370B50024064DAB622000E2
:104A90000134E4B2FEF760FD0B2CF8D10423AB61C6
:104AA00070BDC046000400500B4B70B51B680B4C2A
:104AB000584300236568A268834200D370BDA16893
:104AC0008A4203D99B185B1A0A00F5E78A42FBD297
:104AD0006E1AF318D318F7E73418002010E000E03E
:104AE000324870B50378002B20D0314B314A002179
:104AF000595E13885B181BB21380002917DD2E49FD
:104B00000024095F994219DD1478002C1CD12B4A2E
:104B1000013413680720A343136013F061F82000E9
:104B2000FFF7C2FF8022264B52009A6270BD002917
:104B3000EAD021490024095F9942E5DB1E4B1B881E
:104B4000138000230370DFE76401FF212000FDF7DD
:104B5000F1FEFF2300225B019C421AD01100194E86
:104B6000194D0B0082424B415B42334001339400AC
:104B7000FF3301322B51202AF3D101240F4D2B6832
:104B80002342D3D1072013F039F82B681C432C6043
:104B9000CCE70121094A072013688B43136013F007
:104BA0001FF88022064B52009A61BFE72E180020A2
:104BB0002A1800202C18002028180020001400407B
:104BC0000014005000FFFF0038180020782170B555
:104BD0001B4A1C4B12781C4C4A431A801B4A1C4B24
:104BE00012781A701B4B1D781B4BDB7F002B06D1F4
:104BF000FEF7D4FE002D01D0FEF790FC70BD01221F
:104C0000164B1A702223FF33E05CFEF79DFE002D49
:104C100005D0134B1B78002B0CD1FEF77FFC08341A
:104C2000E17F00230F4A3D2902D00A234B43013381
:104C30001380E3E7FFF754FF0B48FFF735FFE8E782
:104C400056000020581E0020A81E00203118002009
:104C50003018002038000020B01E00202F1800203F
:104C60002E1800205C1E002010270000064910B5F9
:104C70000B78002B03D0054A054B1278DA77002316
:104C80000B70FFF7A3FF10BD670700206607002029
:104C9000B01E002080220A4B520243439B1810B5DD
:104CA00071200C00590CFFF7C7F8FFF75BFBFA20E7
:104CB00080006043FFF7F8FEFFF74CFB10BDC046D5
:104CC0001DA61400F8B51C0005000E001700FFF724
:104CD00041FB201E05D0A02380220320DB055200CB
:104CE0009A61FFF7C1FA12493F02394389B2702035
:104CF000FFF7A2F8FFF7AEFB0E48FFF7D5FE310035
:104D00002800FFF7C7FF002C07D0A0238022DB0577
:104D1000520000209A62FFF7A7FA00217020FFF7E7
:104D20008BF830200449FFF787F8FFF71BFBF8BD2D
:104D30000080FFFF50C30000FEC1000010B500213D
:104D40003F20FFF779F868215920FFF775F80348ED
:104D5000FFF7AAFEFFF752FB10BDC04630750000FA
:104D600010B5FFF7EBFF00210220FFF765F80021E7
:104D70003F20FFF761F8FFF781FAC0213F2089014A
:104D8000FFF75AF859200449FFF756F8592003490C
:104D9000FFF752F810BDC0466840000068300000C0
:104DA00070B50D000400FFF7D5FAC221702009028A
:104DB000FFF742F880230B495B026943C918712051
:104DC000490CFFF739F80020844200D00330FFF788
:104DD0004BFAFFF73FFB0448FFF766FEFFF7C2FA06
:104DE00070BDC0461DA6140050C30000F0B5FA26E1
:104DF0000500002485B003930AAB1F880BAB1B880A
:104E0000B6007343019102920093285D002801D1FE
:104E100005B0F0BDFFF764F9FFF7A4FA019B002B82
:104E200002D00298002C06D02B5D03982A2B02D0CA
:104E3000232B00D038007043FFF736FEFFF78AFAC5
:104E40000098FFF731FE0134DFE7000070B5A025C0
:104E50000826094CED050520AE62FEF707F8FF2095
:104E6000FEF704F8AE61C00705D50A20013CFFF744
:104E70001BFE002CEFD170BD40420F0070B5A02486
:104E800008250600E405A5620620FDF7EFFFA561F1
:104E9000FFF7DCFFA5622020FDF7E8FF3000FDF7FB
:104EA000F5FFA561FFF7D2FF70BD000010B504004B
:104EB000FFF7E4FF054B1B68A34205D18022FF21C9
:104EC0000348520114F0BAFA10BDC0463000002069
:104ED00020080020F0B587B06B46049003921A7C3E
:104EE0008023A0255B0002919B1AED05039A019295
:104EF0009A4200D9019308231C00AB620620FDF7FB
:104F0000B5FFAC610220AC62FDF7B0FF0498FDF77D
:104F1000BDFF029C019AA6180F2A5BD94022314C92
:104F200004202368304E9343236012F059FE05207D
:104F300012F056FE80222D4B52015A6000210420AF
:104F400012F0EAFD9021052012F0E6FD284F294BD2
:104F50000420F3600199B76012F0EEFD264B029930
:104F60000520D9609F60019912F0E6FD234B0227CE
:104F700005930023059904200B7033683B4333608D
:104F800012F03CFE052012F039FE01236268134343
:104F90004022636023681343236063681F43676094
:104FA000059B1B78002BFBD00823AB61FFF74EFF5E
:104FB000019A049B944663440493029B63440293C6
:104FC000039B9B1A03938023039A5B00002A8DD1D5
:104FD00007B0F0BD20780134FDF748FFB442F9D1A5
:104FE000E2E7C046003800404400024000000240B2
:104FF0000C380040241800205800024020180020DF
:10500000F0B587B0059380230705040B3F0D5B01C6
:105010000190029103922403DE1B039B002B03D11A
:10502000FFF714FF07B0F0BDFFF710FF039DB54277
:1050300000D935002B4E3368A34206D080222000D1
:1050400029495201FFF710FB3460274E2A00BE1990
:105050003100029814F068FB002826D00023F25C8F
:10506000FF2A31D101339D42F9D100232A003000BB
:105070000299049314F011FB049B002B2DD0200007
:10508000FFF7FCFEFFF7E2FE059B174E002B1DD03D
:10509000EF193A0031002000FFF71CFF8022520177
:1050A000FF21D21BF01914F0C9F9019B00275B19ED
:1050B0000193029B5B190293039B5B1B0393802369
:1050C0005B011E00E418A8E70123CFE7802231002E
:1050D00020005201FFF7FEFEE7E72A00029901983F
:1050E000F8E7C046300000202008002080201C493E
:1050F00080010B6810B5034230D00224194B1A68A6
:1051000022422BD01A68A2431A6048600A20FFF797
:10511000CBFCC021144A154B49019868084202D0C3
:10512000013A002AF9D180210F4A9868084202D03A
:10513000013A002AF9D1C0210B4AC90098680842F7
:1051400002D0013A002AF9D102215A688A435A60F2
:105150005A6801398A435A60054B197010BDC04620
:1051600000000240440002401127000000380040C7
:105170002018002070B540262025094C0120A6618A
:10518000FFF792FCA5610120FFF78EFCA6620120CB
:10519000FFF78AFCA5620120FFF786FC70BDC046C0
:1051A0000014005070B540252026094C0120A5624E
:1051B000FFF77AFCA6620120FFF776FCA6610120CA
:1051C000FFF772FCA5610120FFF76EFC70BDC046C1
:1051D00000140050F7B5234C234A23680190134074
:1051E0002360082300252027012600933000A762B2
:1051F000FFF75AFC3000A761FFF756FC3000FFF7BD
:1052000053FC23696D00EDB25B0600D535433000D9
:10521000A762FFF749FC009B013BDBB20093002B28
:10522000E4D12268104B01201A4080235B01134314
:105230002360A762FFF738FC019A4023002A0ED0B2
:10524000A36120260120FFF72FFCA6610120FFF7B4
:105250002BFCA6620120FFF727FC2800FEBDA362FD
:10526000EFE7C04600140050FFCFFFFFF8B5202342
:10527000264C0500A3620120FFF716FC08266BB23E
:10528000002B3EDB4023A36220270120FFF70CFC0C
:10529000013E0120A761FFF707FC6D000120A76216
:1052A000F6B2FFF701FCEDB2002EE8D140252368ED
:1052B000174E012033402360A561FFF7F5FBA7617E
:1052C0000120FFF7F1FBDF3723691A002A402B4248
:1052D0001AD0013F0120FFB2FFF7E6FB002FF3D108
:1052E00001256D422023A3620120FFF7DDFB80230F
:1052F00022685B0132401343236040232800A361EE
:10530000F8BD4023A361BFE71500EBE70014005090
:10531000FFCFFFFFF7B52F490B78DAB20192132BBD
:1053200014D02D4C087823780525C0B2002B00D06E
:1053300028352A4A13780133DBB21370AB4204D309
:1053400013230B70002313702370FEBD78230024F9
:10535000234DAB6100260823370000930A20FFF796
:10536000A3FB3A00F0272B693F021F40974212D15E
:10537000012E18D00126009B013B0093002BEDD19C
:105380000134052C0DD078230122AB61713B1B1B2E
:105390009A40AA62DEE70026EDE7320010E0022222
:1053A0000EE0019812E080211A0009020A400B4227
:1053B00006D05A04F1D59A04F1D50322DB04DFD4D8
:1053C000084BA1005B18985C1328D9D07823AB61F7
:1053D000BBE7C0462F0000201E0800201F08002049
:1053E000000400509FAF010810B532246320FEF77F
:1053F000E9FAC0B2C72806D9013C0120E4B2FFF7A0
:1054000053FB002CF2D1FFF743F8FFF741F810BD32
:1054100070B5FFF7E9FF1A4A0400031C904201D956
:10542000184B1B88184A083312689BB20232D17F8E
:10543000164A1588164A954204D1002901D099428E
:1054400012D970BD134E2A1CB54201D9124A1288D6
:10545000103292B29A42F4D80A1C082900D20822CB
:10546000083A92B29A42ECD8AF204000FFF71CFBFA
:10547000FFF7BAFF231C844200D2031C98B2E0E776
:10548000F7FF000042A201089C1D0020040000203C
:10549000FFFF0000EFFF000040A20108604BF0B5E5
:1054A0001C68604B85B01B68002B00D1A8E05E4BE8
:1054B0001B78002B00D19DE0A31CDB7F002B00D1CB
:1054C00098E03020FEF77EFA0626584A584B1040E6
:1054D0001880FEF7BDF82060200007F089F92369E5
:1054E0001D68544B1B68002B06D0534A127852B2E9
:1054F000002A4ADD9D424CD32800FFF78FF8FFF7C2
:1055000087FF0500FDF76AFE2800FDF795FE0028DD
:1055100061D0A18B4B1EF82B28D8FA20236880007D
:105520000293FDF791FA502800DD50200026370045
:1055300083B2039323691B680193FEF789F8206007
:10554000200007F055F9236918683B4B1B785BB2C4
:10555000002B21DD019B834223D9029B2000236085
:1055600007F046F923691868FFF758F80122334B12
:105570001A70200007F03CF9200007F025F8012000
:105580000CF000FB09222E4B2EE0002AB4D09D42E5
:10559000B2D9FDF73DFEAFE7002B02D0019B83425D
:1055A000DBD3FFF73BF8FFF71FFF854209D2050069
:1055B0000027236802930136039BB6B2B342B9D1E8
:1055C000CBE78542F7D9281A0728F4DD0137FFB267
:1055D000022FF0D9C1E7013EF6B2002E00D078E7E5
:1055E0000122164B1E70164B1A800122154B1A70A1
:1055F00005B0F0BD114A1370FEF72AF82060B8E735
:105600000E4A0D491370208E0F4AC00009781318F6
:105610005B68825849B22000FEF704F8EEE7C04606
:105620009C1D00208807002003000020FFFDFFFFD5
:105630003A04002040040020411E00203D040020C8
:105640008E070020881E002068AC0108F0B5D24B00
:10565000D24C1A7895B0531E182B3DD823008021C8
:105660002A331B78C9000593A38D8B4231D01BB21E
:10567000E58D8D4236D02DB2C9490191098802913C
:10568000059900290ED0C7490E780391002E2CD021
:10569000012E00D13DE10323039A1370C24B019AFE
:1056A0001B8813800025BE4B01221E88BF4B5D570F
:1056B0002300701929331B78290080B206F050FFAF
:1056C000BB4B0700984200D035E1FDF7A1FD002754
:1056D0001BE001235B42CBE7012301215B421D005C
:1056E0000591C9E701256D42C6E7AF4902980880D8
:1056F000002B00DA0DE19FB23100380006F0F6FE13
:10570000002800D105E1039B1E70019B1F80237BB5
:105710001A1D5B00E752A74B52001B68A752039368
:10572000DF83A54B1B78002B00D169E1039B02337B
:10573000DB7F002B00D127E11022380108A9FEF7FA
:1057400093FF089B0193013B033300D919E1152016
:1057500008ABC0181B22002113F070FE019B099EAC
:105760000C930E93954B9E4200D9954E109608AB24
:105770009B7A0F241A0008A922401B090A750B778F
:105780000CA8097A06F010FF08AB597A0EA806F0AB
:105790000BFF08ABDB7A1C400294022C01D90022DB
:1057A000029202990CAA11761D092F2B00D900250F
:1057B000D57508AB9B7B0493172B01D90423049365
:1057C000049B0CAA049993757E4B4900CB5A012186
:1057D0000793938208AB1B7BFF2B00D0BAE0517676
:1057E0000691029B012B00D1C4E0022B00D1C5E041
:1057F00008AB5B7BFF2B06D01B075B0F042B00D98C
:1058000000230CAA9377482264496F4C0B7B20003D
:105810005343C918843113F040FF0CAA1100230030
:10582000E78381C981C39C46180088C988C0634644
:1058300007990298A1830499A661D9772100343190
:105840000D70611CC8772100507E2931087020003E
:10585000917E2B3001702000D67E2D300670200006
:10586000167F333006702000069E28300670907F29
:105870002200002901D01A00230022610122210008
:105880006361524B32311A70039B0870039E3433AC
:105890001C782D363278A54201D1002A16D01D7011
:1058A00000233370A54202D0280007F0CDF8002075
:1058B000012D03D13078002800D0032012F0BAF96E
:1058C000A54203D00122424B52421A803020FEF7FB
:1058D00079F8404A404B104018800198FEF79EFE30
:1058E000FFF796FD0400FDF779FC2000FDF7A4FC0E
:1058F0003A4B002876D001221A70284B0221187BDF
:1059000007F040FF01200CF03DF90122344B1A70E2
:105910007FE0230029331A78002D00DABBE6AFB20E
:105920000021380006F0E2FD002800D1B3E6012294
:105930001C4B1A70E9E6002D05DD864200D8E4E62E
:10594000FDF766FCE1E6002D00D1DEE6864200D3DD
:10595000DBE6F5E718000840907658080840D07656
:10596000D806400F507658099B0908400B40107725
:10597000069336E7019B9B190E9339E7019B9B1B0E
:10598000FAE70022114B1A700022144B1A70029B86
:10599000BB423ED0B1E7C046D11E0020A81E002069
:1059A0008C0700203904002030040020411E002014
:1059B000FFFF00009C1D002003000020FFE0F50514
:1059C00040420F00D8AE0108E80300203C0400204C
:1059D00004000020FFFDFFFF3A0400203D040020EA
:1059E000881E00201870019A039B1A6001220B4B3D
:1059F0001A800B4B1A700598FDF76AFC15B0F0BDC4
:105A0000029BBB4200D078E7064B1B78002B00D0EE
:105A100073E70922014B1A80EDE7C0468E0700208C
:105A2000881E00203D040020F0B585B0041E0391BF
:105A300007D0324A324BD17F19700023D377314AD5
:105A4000137006F0E3FE06F0C9FB2F4B01932F4BBA
:105A50000293002812D0A02380220025DB055200EB
:105A60009A622B4B1D702B4B1D70019B1D70029B6E
:105A70001D7006F0BFFB28000BF04AFF0022264BEA
:105A80001E68264BF78B1F80254B1A70254B039AF7
:105A90001A70FDF731FDFDF7BBFB8023224DDB00C3
:105AA0009F4221D2214B187806F0DAFC002804D15D
:105AB000013006F0EDFC08F009FE002C03D0F38B5A
:105AC0001B4A2B601360FFF7C1FD1A4B2A681A604E
:105AD0003222194B1A800023184A1370019A13704E
:105AE000029A137005B0F0BD002C03D03368104A41
:105AF0002B601360FFF7D2FCE7E7C046AE1E002024
:105B000038040020000700201A1E00201B1E002061
:105B1000A41D0020900700209C1D00208C07002061
:105B200039040020411E002008070020D11E00205B
:105B300034040020040700208E07002053000020BA
:105B4000010010B50020FFF76FFF074B1B68023301
:105B5000DA7F1423002A00D0133B044A138000226A
:105B6000034B1A7010BDC0469C1D00208E070020FC
:105B7000530000200A4B10B51A68002A01D1094AC7
:105B80001A601868084A4118914206D913F02CFC93
:105B90000C2303600120404210BD1960FCE7C046A1
:105BA00098070020203100200040002070B506003A
:105BB0000D001400FEF720FE2A4B1B78002B1DD190
:105BC00029490B78002B19D00122284B1A70122E6C
:105BD00013D1002C11D1002D0FD0254B1A70254B5D
:105BE000254A1C701378002B01D10B7005E02D2184
:105BF000013BDBB21370214AD15470BD112E1DD070
:105C0000122E13D000230A2E1FD0AC42F5D1012052
:105C10001B4A174912780870002A1DD0172B1BD871
:105C2000184ADA40024217D00223DEE7164B002C56
:105C300002D044331B78E8E74333FBE7124B002CD8
:105C400001D04633F6E74533F4E79C42DDD020220D
:105C50000D4BFF329B5CD8E70C4A9B009B58984742
:105C6000CBE7C0465F1E00203E1E00201D1E002008
:105C7000791E0020570000208407002075070020AF
:105C80007A1E00202CDCF200A81E002034AF010890
:105C90000E4910B50A780E4B002A0AD10833D87F76
:105CA0000C4A10703D22DA7701230B70FEF78EFF4D
:105CB00010BD2221084AFF31595C12780833914205
:105CC00002D10022DA77F1E73D22FBE767070020E7
:105CD000A81E00206607002030180020BFF34F8F59
:105CE000034B044ADA60BFF34F8FC046FDE7C0465E
:105CF00000ED00E00400FA05F7B50190FDF710FA99
:105D0000E122424B424E52011A803378002B01D0DF
:105D100010F09CF8A0238022DB0552009A613D4BD5
:105D2000FF3A1A703C4B1B789B0701D5FEF74EFFDC
:105D300000223A4B3A4C9A563A4F3B4D002A1DD11D
:105D4000631DDB7F002B44D1FEF7AAFB3B68343395
:105D5000187806F079FE01980BF0DAFD019B022B12
:105D600002D03378002B4CD0304B1B78012B02D063
:105D700000200FF00FFB01232B70F7BD2834FDF737
:105D800047FA2378502B20D9294A1178002909D1C4
:105D9000503B1900FA235B004B4326499BB20B8012
:105DA0000123137000228020234BC0001A70234A65
:105DB000234B116819603968CB8B834200D30B6881
:105DC000136001221F4B1A70BEE70022194B1A8084
:105DD000E8E70634E17F4B424B413C205B42FF3019
:105DE0000340194869330380184B1A70002902D107
:105DF0000122174B1A700022164B1A7001232B70C8
:105E0000A2E70122144B1A70B5E7C046821E00209B
:105E10007A1E0020A41D00200C070020411E002037
:105E2000A81E00209C1D00208C1E00205F1E00204C
:105E30001B1E00208E0700205300002008070020B2
:105E400004070020000700201C070020520000204B
:105E50001C1E002085070020881E002010B5174B4F
:105E60001B78022B08D006F0D1FC01200BF08AFE33
:105E70000220FFF741FF10BD0022114B1A70114B99
:105E80001B785BB2934208D0FA210F4B490019806E
:105E90000E4B1A700E4B01321A7001200BF072FE7D
:105EA0000C4B0D4C1B78002B04D010F0BBFA0323D5
:105EB0002370E0E7094B1B78FAE7C046861E0020F6
:105EC00090070020411E00208E0700205300002074
:105ED0001B1E00207A1E0020570000205F1E00209D
:105EE0001E4B10B51B78D8B2002B09D11C4B1B7868
:105EF000002B04D00BF00CFD01221A4B1A7010BDC0
:105F0000194B1A78194B1B78134359424B411849C6
:105F1000DBB20978C8B2002905D0012A03D10021DB
:105F2000144B1970030014490978002912D0134941
:105F3000097801290ED1023A012A0BD80022104B10
:105F40001A70104B04201B78002B00D00238FFF78A
:105F5000D3FED4E7002BF4D1D1E7C0461E070020C2
:105F6000861E0020881E00201B070020411E0020E6
:105F70001A07002019070020180700201707002023
:105F8000160700209007002010B51A491A4B087810
:105F90001A781A4B00280FD0032A0FD0184A12780B
:105FA000D0B2002A00D108701B88164A9B18062B15
:105FB0001DD9FFF74BFB12E0032AF5D11B88114ACC
:105FC0009B18062B03D9104B1B78002BF1D10F4BDC
:105FD00004201B78002B00D00238FFF78DFE002331
:105FE0000B4A13700B4A13700B4A137010BDFFF766
:105FF00055FAF4E73D040020861E00208C0700209F
:106000001E07002000FCFFFF1B0700209007002058
:106010001B1E00201A1E002053000020F8B5C04CA3
:106020000E00657B002902D00122BE4B1A70237F2F
:10603000002B04D0022802D0FEF7DEFBF8BDBA4BDD
:106040001B78012B03D1B74B02221A70F6E71228F6
:1060500000D93DE2FCF764FC130016008D009300AC
:106060009900A500DC00DF00CA01D9013C02F30160
:10607000F3013C023C023C023C0218021802FEF70B
:1060800077FADBE7A94BAA491A68D38B5B18062B72
:1060900043D9FEF7B1FB231DDB7F002BD3D0A54BEB
:1060A0001B78002BCFD1A44B1B785BB2002B0BD0FD
:1060B000A24B1B78032BC1D1A14B1B78002BBDD069
:1060C000A04B1B88002BB9D08023627BDB005100E2
:1060D000605A9842B2D248235343E3181A008020F2
:1060E000B4321288C000121892B2A23362521A80DF
:1060F00006F08CFB944B1C68200006F079FB200016
:1061000006F062FA01200BF03DFD01238F4A138057
:106110008F4A13708F4A137090E7138E062B07D1A6
:1061200011698D480E68864202D88C4B0B6085E75A
:1061300001339BB21386042B17D1894B1B78002B9C
:1061400001D105331386138E8022D2009B180122C1
:106150009BB26D0063536519AB807D4B1A70814B08
:1061600092181A70804B00226FE7062BEBD90023A0
:10617000E8E701227B4B1A70FDF7FAF85EE701228F
:10618000784B1A70FDF794FB58E7FEF735FB0020BB
:106190000634764BE27FE0771A700CF093FB724B7B
:1061A00052E7002E04D111F053FD6F4B1E7045E7EE
:1061B00005F0F8FD051E00D040E75C4B1C6880230D
:1061C000E08BDB00984202D3FDF790F836E706F04B
:1061D000BFF8037801007F2B0AD97F221340037098
:1061E000E08B06F0A5F801225E4B1A70604B2CE79D
:1061F00022002E3213780133DBB2192B00D92B0089
:106200001370012321001A00E08B11F013FCEAE760
:10621000FCF76EFE12E7574D2B78002B02D010F0E2
:1062200079FE0BE7544A1378002B09D1611DC97F11
:10623000524B1970A11D524BC97F19700123137065
:106240000023504AA38413704F4A137006F0DEFAFD
:106250004E4A4F4E1378002B04D14E4B31781970B3
:106260000123137001274C4B38001F700BF08AFC80
:106270004A490A78002A05D141342078484B0F70EA
:10628000187022700124FEF750F802203470FFF7D6
:1062900033FD00231421434A1370434A1370434AC9
:1062A0001170C821424A89001180424A1470424A42
:1062B0001370424A1370424A1370424A1370424AA2
:1062C000137010F0F9FD414B414A188803234343F2
:1062D0001188994200D01380012010F07BFD01222B
:1062E0003C4B2A701A7000217F323B4813F0A6F80D
:1062F00080220021394813F0A1F88022002138487B
:1063000013F09CF800218022364813F097F8002201
:10631000354B1A7010F04CFA022005F053FD8DE653
:10632000A81E0020791E00205F1E00207C1E002079
:1063300000FCFFFF5A1E0020411E0020861E002088
:106340001A1E00208E0700209C1D002092070020AE
:10635000F4060020881E0020FFE0F50500E1F505A9
:10636000E40300206307002057000020E30300201F
:10637000F3060020371E0020E2030020E103002086
:10638000E00300208507002052000020DF030020EA
:1063900090070020DE0300201C1E0020DD030020EB
:1063A000DC030020470500204B05002001000020F1
:1063B0000C00002000000020DB030020DA03002096
:1063C00056060020D9030020D80300201E0000201C
:1063D0001000002057060020931B0020131C0020F3
:1063E000931C0020131D00201D080020002E02D148
:1063F000FFF74EFC22E60121394B1B682B331A783C
:106400004A401A70374B198018E6002E02D1FEF769
:106410002DFC13E6260000224A361100308806F0D3
:1064200065F8002800D109E632882B1D5B006D005D
:10643000E252625301222C4B1A702C4B04E62C4B77
:106440001B785BB2002B0BD00B2806D10A3806F064
:106450001FF808F03BF9274B85E601204042F6E79C
:10646000254AE37D11780A2900D113700B2807D142
:10647000082B01D80133E37501221C4B1A70EAE79F
:10648000002BF9D0013BF6E7154B1C4D1968002392
:106490000C000834E27FEE5C964203D00133182BE7
:1064A000F9D10023122803D1172BD4D0012202E006
:1064B000FF22002BCFD0D218D2B2AB5C104AE377C8
:1064C000CB8B9B18062BD7D80122064B1A80D3E71B
:1064D000FEF792F9002E00D1B0E50122094BB4E598
:1064E0007C1E002092070020F40600206307002095
:1064F000411E00201D080020020000204AAC0108B7
:1065000000FCFFFF791E002010B514220021024874
:1065100012F094FF10BDC046621E002070B5414BC2
:1065200004001B78A0B0002B40D005F057FE051EDC
:106530000BD103200EF02EFF3B4B1D703B4B1B7805
:106540005EB2002B03D00FF069FD20B070BD384A59
:10655000384B394D002C25D001216846117080221E
:10656000FE311E7012F06AFF330080226946334804
:10657000FEF746FD6022FF21314812F05FFFAB7D40
:10658000304A9B075B0F9D5A2F4B07201D800FF051
:1065900023FC2E4B000918802200012128000FF057
:1065A00005FDD2E714701C70AD8AEDE705F0FAFB2B
:1065B000041ECAD11C4B1870254B1870FFF7A4FF9E
:1065C00006F024F9200000240EF0E4FE214B1C57B5
:1065D000002C16D08022204BD2001B88934202D37D
:1065E000FDF704F9B1E7012005F052FF08F06EF85D
:1065F00007F068FD2000FFF7A3FA0122174B1A707D
:10660000A3E7174B1B685A1E9341164A01331370B8
:1066100007F058FD01210800FFF706FA124B1C7025
:10662000EBE7C0467A1E002090070020401E0020A5
:106630000A1E0020061E0020A81E002028A0000020
:10664000A61D002014B10108A01D0020A21D0020DD
:10665000771E0020411E00208C0700208C1E002089
:1066600088070020E01E00208507002010B50120CB
:10667000FFF754FF10BD00000F2210B500210448A1
:1066800012F0DCFE0022034B1A70034B1A7010BD8F
:1066900075070020840700203E1E0020114B70B5B6
:1066A0001B78002B03D1104B1B78002B07D0FFF772
:1066B000E3FF00220D4B1A700D4B01321A700D4B87
:1066C0000D4C1B780D4D002B03D123782A781343F2
:1066D00007D0FEF791F8002301222B702370044BA2
:1066E0001A7070BD3E1E0020840700205700002055
:1066F000881E00201D080020801E00207B1E002018
:1067000010B51D4B1B78002B03D11C4B1B78012BA4
:1067100007D1002921D100281FD00222184B1A705E
:106720001BE0002915D1002818D1164A1278002A3A
:1067300001D1002B01D0032B0FD10123124A117874
:106740004B40137002D01022104B1A70104B0122D4
:10675000E5E7002801D0FCF7F3FD10BD084A032B44
:1067600002D001231370F8E70A4B1B78002BF8D0F6
:1067700002231370084BEAE77B1E00205F1E0020F7
:10678000791E00207A1E00201D080020801E002097
:106790008C1E0020401E00201D1E00200022404BA9
:1067A00070B51A70904203D03E4B1B78934212D0C2
:1067B0003D4B1B78012B0DD10024FCF79BFF3B4B7D
:1067C00020001C7006F0ECF9394B1B78012B01D02E
:1067D000384B1C7070BD05F0E5FA354D002807D028
:1067E0000CF000F9344B1B78002B2ED0334B2AE0F1
:1067F000334B1B785BB2002B02D0FCF7F7FFF1E7BD
:10680000304B1B78002B05D00FF008FC0322294BDE
:106810001A70E7E72B78032B14D0234A1278012A49
:1068200003D1294A1278002AD4D0012B02D00022A9
:10683000204B1A702549264B09781A78002915D162
:10684000002A1AD1234B01221A700022224B1A70FF
:106850002B78012B04D0174B1978032900D01A701C
:1068600001221E4B1A701E4B1A70B3E7002A04D186
:106870001C4A1278002AE5D01A701A780E2A01D91B
:106880000E221A7000261B78164A174C17491370EF
:1068900020000E22CE5412F009FFA673D2E7C046A4
:1068A0007B1E0020291E0020861E00200E1E0020B8
:1068B0005F1E0020570000203C1E0020F80600202C
:1068C000411E0020401E0020FE0600203E1E00202B
:1068D0008407002094070020C80400208C1E00209C
:1068E000881E0020E5030020E81F00207507002017
:1068F000F0B5B94F04003B780D00160085B0132B9E
:1069000007D0A34203D1002D01D113233B7005B062
:10691000F0BDB24A1278002A0FD0002901D1102808
:106920000AD1FCF7FDFBFEF751F9102C05D000222F
:10693000AB4B3C701A70EAE71C00AA4F3B78132B54
:10694000DFD1002D00D135E1A74B1B78002B00D102
:1069500030E1FCF7E5FBFEF739F9102CE7D1A34B4A
:1069600002931B78052B02D100200AF0D1FFFA22F6
:106970009F4B92001A809F4B01939F4B19780029DF
:1069800003D01E224A439D4B1A70002D00D06DE1AA
:106990009B4F3B78002B02D007F0F4F83D70994FE5
:1069A0003B78002B03D007F027F900233B70964F6C
:1069B0003B78002B03D007F0B7F800233B70934FD0
:1069C0003B78002B13D0924B1A68019BD08B597BDC
:1069D000012307F009FB00233B7005F0E3F90028D1
:1069E00005D18C4B1A78002A01D101321A7000228D
:1069F000894B1B78934207D0884B1B78934203D175
:106A0000874B1A7853425A417A4F7B7E002B01D133
:106A1000002A04D0029B1B78013B591E8B418149FF
:106A20000978002900D05AE1002B00D185E1102C13
:106A300000D056E17C4B1A780192002A05D00196CD
:106A4000002D02D11D7001230193784B03931B7815
:106A5000002B05D0102C01D00D2C01D1FDF7CCFE60
:106A6000019B002B11D1029B1B78012B00D009E266
:106A70006F4B02931B780193002B00D0C2E1102CC6
:106A800000D06FE12800FFF789FE554C20780028E0
:106A900003D005F097F900232370664C664A2378EB
:106AA0000192002B09D02822644B1A800BF0D0F9F8
:106AB0000123019A137000232370614C2378002B6B
:106AC00009D0002E00D058E307F096F800230122E9
:106AD00023705C4B1A705C4B1A78002A06D0002297
:106AE0001A70964200D04CE307F01EF8574B1A7804
:106AF000002A06D000221A70964200D045E307F023
:106B000041F8534B434F03931B88524C0293002B85
:106B100023D0002E01D1002D0AD009F029FA404BD4
:106B20001B78002801D0012B02D0022B00D030E3CB
:106B3000374B30491A686B46497B1B7AD08B07F07C
:106B400053FA05F02FF93B78002803D1002B01D12F
:106B500001333B700023039A13803D783E4E002D95
:106B600000D124E33D4B02931B78002B00D11AE3A4
:106B70002900002006F006FE2900012006F002FE92
:106B80002378FF2B01D100232370012333700023CE
:106B9000029A3B70137005F039FE01200AF0F2FFF3
:106BA000002333702E4B1B78002B00D103E3FFF73B
:106BB00055F900E30D2C00D0D1E62A4B1F78002FA9
:106BC00000D0CCE6284BDB7F002B00D1C7E6FDF7D9
:106BD000FDFF034B1F709AE62B000020561E00207D
:106BE000791E00202A00002020070020861E002099
:106BF00050000020A81E0020E61E00203F1E00209E
:106C0000FD060020FC060020FB060020FA060020FE
:106C10007C1E002063070020321E00202E1E002054
:106C20005F1E0020F9060020F80600201D08002045
:106C300095070020F7060020F6060020601E0020C1
:106C4000700700208C1E0020F5060020F4060020AE
:106C5000920700205700002074070020F306002050
:106C6000900700202F180020B01E002009F080F9A6
:106C7000B64F102C03D1B64B1B78DB0727D53B78DA
:106C8000012B04D1132804D01538012801D9FDF7B0
:106C90009DFF0D2C1BD1002E19D0AE4B1B78002B65
:106CA00007D0FFF731FC0022AB4B1A70AB4B01321F
:106CB0001A70FFF7F3FC0122A94B1A70A94B1B783D
:106CC000002B01D0FFF7CAF80022A74B1A603B78CF
:106CD000012B00D08BE62822A44B1A8087E6002BDC
:106CE0002BD00D2C0DD1002D00D110E6002A00D1A3
:106CF00082E201209E4B1870984B187005F062F8E4
:106D000005E60F2C0DD1002D00D100E6002E18D184
:106D1000022005F057F80422964B1A708F4B033A65
:106D200008E62300113B012B1AD90A2C00D05FE2A0
:106D3000002E15D1002DEBD0E9E5092C01D90F2C3F
:106D40000BD18D4B1B78002B0AD0002D00D1DEE536
:106D5000002E00D0DBE50220D0E7102C00D169E640
:106D6000864B68E6FE230293112C06D02000FCF728
:106D700037FB0290FF2800D187E6002D0CD1A0231D
:106D80008022DB0552009A627D4B28001D70FDF7C2
:106D900049FBFDF785FA78E6002E00D075E63B004A
:106DA0007A331B78002B07D0A0238022DB0552000A
:106DB0009A61734BFF3A1A70FDF772FA029B7A37A9
:106DC000FE2B04D138786F49FDF7EAFF5DE63C7889
:106DD000FDF7B2FAFDF7BEFA002C01D003230193B0
:106DE0000198FDF741FA68497020FDF725F8FDF795
:106DF00031FB6648FDF758FE0298FDF771F9FDF783
:106E0000B1FA42E6B54200D13FE6019B032B02D026
:106E1000002D00D139E6A0238022DB0552009A62C2
:106E20000022574B1A700223019A9A43012A01D17A
:106E30000BF0B8FB00235022029955480B70554BBC
:106E40001A80FDF731FE01200AF09CFE3F4B1B78B3
:106E5000012B02D00022504B1A704237387800289C
:106E60000BD10AF055FD01234C4A102C03D0434AA4
:106E7000002E00D009E6137007E60A224243484B71
:106E80001A70F0E7474B364A02931B780192002BA9
:106E90001BD12E4B1F78FF2F09D02300113B012B54
:106EA00000D959E1039B1B78002B00D054E104F07A
:106EB00079FF002800D057E1042F00D154E13200BF
:106EC00029002000FEF772FEDFE5002E00D0DCE591
:106ED000002D00D1D9E5102C33D00122019B1A706E
:106EE0000C2C06D80A2C25D866D00223019A1370E0
:106EF00027E00D2CF9D1FDF721FF2B4B1B78012B3F
:106F00000DD12A4B2A4A1B88934208D0787B022154
:106F1000021D5200BB524200BB5206F033FC05F08A
:106F200075FC01200AF02EFE00200EF033FA00233B
:106F3000029AA0E701211C4A13784B4013701D4BA5
:106F40001E700122054B1A709FE5C0465F1E00208F
:106F50000C070020621E0020771E0020881E0020E3
:106F6000791E00209007002088070020601E002066
:106F70002E1E0020891E00205A1E00201D1E0020EB
:106F8000A41D0020D6060000C3C3000050C30000AB
:106F900088130000121E002057000020F806002071
:106FA000FE060020531E0020F206002028000020CC
:106FB000FFFF0000F1060020924C93492000934A05
:106FC00005F0EAFB230001222D331A702300200074
:106FD00029331A7005F0F8FA8D4B01201C608D4B97
:106FE0001C608D4B1C600AF0CDFDFDF7E5F9FDF747
:106FF000A5FE8A4B1B78002B00D0A1E0884F4622CB
:107000000021380012F01AFA864C874B8749884ACB
:1070100023804B7BA2800222A27146325A438B18F6
:107020001800843000880192208118008630008882
:10703000608118009C3002884088A281E08118009D
:1070400089300078B222207418009130007894467C
:1070500060741800883000789C44A0741800903048
:1070600000786246E0741800B83000782075180087
:10707000A430007860751800AC300078A075180056
:10708000B7300078E0751800AD3000782076180031
:10709000B1300078127860761800AF300078A076B2
:1070A0001800B6300078E0761800AB3000786077D2
:1070B0001800B0300078A0771800B4300088E0776E
:1070C000601CC27718008022B930A23300781B8878
:1070D000F877D200574893422BD2190006F02CFBC8
:1070E000422138000EF0B0FB0627A31DD887524B73
:1070F00020200834E3870FF045FB504C277007F041
:10710000FBFBFDF7D9FB05F0ABFB10F04DFC882134
:107110003620FCF791FE00210120FDF71FF805F055
:1071200075FB01200AF02EFD01232370444B1F70D4
:1071300007E7019ABA325118102212F0AEFACFE7DF
:1071400002223E4B1A703F4B033A1A8000223E4BFC
:107150001A70FDF705FEF4E63C4BBF003200290033
:107160002000FB58984790E4002E00D08DE4002DBD
:1071700000D18AE40223019A7DE60122344B1A7081
:10718000A4E40122334B1A70B0E40122324B1A708E
:10719000B7E40122314B1A702378FF2B00D0D9E4D9
:1071A00000232370D6E4214B2900587BE6E4337892
:1071B000002B00D0EFE4019B1B78002B07D00023AD
:1071C000019A13702822264B1A8008F0DFFE254D05
:1071D0002B78002B03D00BF0D5FA00232B702078EE
:1071E0000EF0D8F8FF23012223701F4BFFF7A2FBFC
:1071F000002D01D1FFF78BFB002E01D0FFF787FB9D
:1072000086E5C046600600200504000090FE960258
:107210009C1D00207C1E0020981D0020F2060020EE
:10722000AA060020A8060020CDABFFFFA81E002064
:10723000A5BEFFFFCA060020BADCFFFFF106002052
:10724000791E002028000020F006002008AF010869
:10725000FC060020FB060020FD060020FA060020A8
:10726000601E002094070020881E002000221020AD
:10727000110010B5FFF73CFB0022064B1A70064BBD
:107280001B78132B02D0054B01321A70FDF7E8FB77
:1072900010BDC0463C1E0020580000201D1E0020CE
:1072A000F0B5534B9BB002931B780093052B00D095
:1072B000C4E0504B1B78002B00D1BFE04E4B197837
:1072C000002900D090E24D4B1B78002B01D001F03B
:1072D000EFF94B4A4B4B147800932700781E8741F7
:1072E0001B78FFB2002B02D00021009801704649A4
:1072F0000D78002D01D101F0D3FA002B03D1002C21
:1073000000D013700027414B1B78032B01D001F0F4
:107310009AFA3F4A13780133DBB2072B01D801F008
:107320009AFA00201070FDF7DBFA2B00002F01D035
:1073300001F0BEFA002B01D001F0C3FA354D2B78D5
:10734000002B05D0344B1B78002B01D001F000FE40
:10735000324B1B78022B01D001F0B8FA304B1B885E
:107360001B0705D180232F4A9B0151694B40536174
:107370002D4A1388002B01D0013B13802B4A138820
:10738000002B01D0013B1380194B1C78012C0ED12E
:10739000274B187800280AD00138C0B2187000288E
:1073A00005D10AF0B5FA164B1C70009B1C702B78A7
:1073B000002B0DD01F4A1388002B09D0013B9BB234
:1073C0001380002B04D10FF02DF803200DF0E2FF05
:1073D00004F0E8FC002801D101F023FB164E3378BD
:1073E000002B01D101F0F4FA013B337001F019FBDD
:1073F000861E0020151E0020371E00205E0600207D
:107400008C1E0020881E002020070020210700205D
:107410001F0700207A1E00205E1E0020EC040020C2
:107420002C1E002000080050121E0020101E0020FC
:10743000FE06002072070020E804002004F0B2FCE1
:10744000002800D03AE70C20FCF7BCFA01231842D0
:1074500000D133E700210220FCF7EEFC0220FCF70C
:10746000B1FA082307043F0E04001F4226D00B2068
:10747000FCF7A8FA0005000FFBF7B2FF0600FF2893
:107480001CD0009B012B19D0B54B1B78002B15D0BD
:10749000B44D2800FBF71EFA0200132804D128007F
:1074A000B14912F0D3F812220023AE54AD180C22C9
:1074B0006B70AE4B1A70AE4B0B3A1A707B0702D54D
:1074C0000122AC4B1A7001231F4209D00122AA4BA2
:1074D0000C201A70FCF776FAA84B800BC0B218701B
:1074E000BB0702D50022A44B1A70E5B2630602D591
:1074F0000122A34B1A70240602D50022A04B1A7059
:10750000EB062AD501229F4B1A709F4B09321A8035
:107510009E4B9A7F002A20D0009A052A08D19C4AC7
:107520001178002904D114209A4A10809A4A1170C7
:107530000533DB7F002B10D0984A994B1178002936
:1075400002D11988132908D8142119800023137037
:10755000944A13700122944B1A70AB0604D5002292
:10756000884B1A70884B1A806B070AD501228F4B03
:10757000110005201A70FCF7F1FDE1228C4B52013D
:107580001A8008231D4205D00021884B0520197060
:10759000FCF7E4FDFB063CD5864B1C78042C38D167
:1075A000854B1B78012B34D1844B1B78002B30D1B9
:1075B000834E5F203378013CDAB20133DBB23370A3
:1075C0000192FCF7FFF9019B7E4D5B00E852002C15
:1075D000EED13378232B1CD90122654B0B2034705C
:1075E0001A70FCF7EFF90600FDF7BAFBF60609D4AE
:1075F0002A88754B9A4205D12B000833DA8F734BDA
:107600009A4272D0FDF79AFBFDF7AAFB70480FF083
:107610001BFE30231F4200D115E76E4B1B78002B59
:1076200000D110E76C4B1B78012B00D00BE76B4BA4
:1076300001931B78022B02D0052B00D003E7042511
:107640005F4CBF0602D523782035ED1A0026AE42E6
:107650006DD123780123464E33702378232B00D835
:10766000F1E6237800230B202370FCF7ABF905002B
:10767000FDF776FB2C0010231C401D4267D1514DB5
:10768000514B2A889A4262D12B000833DA8F4F4B34
:107690009A425CD120200FF075F8AB1D4221504872
:1076A000DF8F0EF0D1F8874251D1EB88AA881B04F6
:1076B00013434C4A1B021B0A934248D18025ED001C
:1076C00000222000110004F011FF071E01D101F07B
:1076D0009DFC0134A4B2AC42F2D10423019A137090
:1076E000033B3370FDF72AFBADE622200FF04AF88A
:1076F00042213B480EF0A8F8AB1DDB8F834200D03F
:1077000084E76D880EF00EFF8188A3B2994200D8FD
:107710007CE7062363430268D618D35AAB4204D8E9
:107720007388AB4201D901F0ECFC0134EDE75F2036
:10773000FCF748F9224A1378232B06D81378591CF2
:10774000C9B211701F4A5B00985201367FE70523CA
:10775000019A1370043B3370FDF738FA73E6C046A4
:107760005C060020621E0020631E0020771E0020A1
:10777000881E00201107002018070020170700208E
:107780001A0700200F1E0020101E0020A81E002037
:10779000151E0020541E0020161E0020520000203E
:1077A0001C070020850700208C1E00201E070020DB
:1077B000821E00205F1E0020961D00205D06002016
:1077C000F0060020A8060020CDAB0000BADC0000C7
:1077D0005A060020531E0020F2060020F106002069
:1077E000AA060020A5BE0200B64A1378022B01D0DB
:1077F00000F03FFDB44C2378002B67D0013B237091
:10780000B24F3978002900D0B8E1052206A811F05E
:1078100015FEAF4EAF4C33782078002B00D196E2A6
:10782000AD4F3B78034300D091E22622AB4BFF32B1
:107830009D5C2822FF329B5C5A1E312A00D91423FA
:107840003221A7485943FBF775F883B284460320D9
:1078500001005943A34A89B21380A34A1180A34A65
:107860001380A34A009262465043009A4008108059
:10787000A04A118007214B439F4A138005232370A0
:107880009E4B1A689E4B1A8000239E4A3B701370D1
:107890009D4A13709D4A13709D4A13809D4A137030
:1078A0009D4A13709D4A337013609D4A13609D4A30
:1078B00013709D4B9D4A1978002903D01178A94275
:1078C00000D16AE1157001221A7066E1984D28789E
:1078D0000138052800D9D9E0FBF70EF80305BFD71A
:1078E000D7DA02232B70934B1B68002B00D198E052
:1078F000914A12789B5C002B00D192E08E4B8D4A0E
:107900001B781268D35C2E2B00D09CE08B4B01209F
:107910001988FDF745FA8A4B18880A21FBF70AF8FF
:1079200020700322824B1A700EF042FF654B1B78C9
:10793000022B00D164E7834B1B78002B00D0C8E4F6
:10794000C1E4059B9B5C1F00613F192F22D8203B9F
:10795000DBB200200090039F0098BC46C0003F5C53
:1079600084449F4237D163465B68002B39D10800BD
:107970000B000132019FD5B2AF42E2D8002804D0FB
:1079800000216D4A11706B4A1160002B39D06E4B8B
:107990001D7036E0202BDCD1049B002BE8D0002E9C
:1079A000E6D1019F531C9F42E2DD002803D0624BC9
:1079B0001E70604B1E600123029A0A21137005227B
:1079C0005B4B01351A70614B1888FAF7B3FF5E4BB9
:1079D00020701D7014E70098013000903628BAD14D
:1079E000C5E718780028C2D00021534A013511702C
:1079F000504A13600122544B1D70554B1A70554B61
:107A000019704C4B1868002806D0FAF763FF4A4BF0
:107A10001B78834200D271E70622454B1A704E4B09
:107A20002AE000204D4B4E4D1B7805950193484BA5
:107A30004C4D1B7803950493464B1E780293424BA2
:107A40001A78030096E72D2B00D06AE73B4B012004
:107A50001988FDF7A5F9444B5EE7FCF77BFC364A35
:107A600013780133DBB21370324A1268D35C002BF7
:107A700008D002232B703D4B18880A21FAF75AFFD1
:107A80002070BDE604232B70C9E702232B70B7E6F4
:107A90000026267001240D4B14701E702E70FCF70A
:107AA00075FC029B30001E7009F032FF304B300035
:107AB0001E70304B1E7005F073F804F0A7FE2E4BBD
:107AC0001C7031E757060020A5050020DF050020C7
:107AD00017000020BD050020BC050020A81E0020C6
:107AE00060EA0000D2050020D0050020CC0500206F
:107AF000B6050020C6050020BE050020D8050020E0
:107B0000CE050020D4050020BA050020B2050020D3
:107B1000B4050020B1050020B0050020AC05002010
:107B2000A8050020A6050020BB05002016000020A7
:107B3000A4050020A00500209C0500200C000020CA
:107B40001E000020371E00204805002014000020E1
:107B50004A050020490500201200002047050020AA
:107B60004B050020A0AC0108100000200E000020F2
:107B7000FF060020FE060020881E0020C14B08A83A
:107B80001C680EF0E5FF06AB1B7A002B03D106AB99
:107B90005B7A002B3ED00EF01DFFBB4C2378012BEF
:107BA00000D05FE3FCF7D6FB02232370B54B1A68C5
:107BB000B64B1A80B34BB54A1B6811885B1A9BB24F
:107BC000C72B00D8B7E60025AF4BB14C15801D7010
:107BD0002570FCF7BFFB29005120FCF72DF9280088
:107BE00009F0D0FF280009F093FEAA4B28001D7071
:107BF000257004F0D5FF04F009FEA74B1B78AB42BB
:107C000002D00220FEF778F80122A44B1A700EF081
:107C1000CFFD90E6A24EA4B2307801380328BCD83C
:107C2000A04DFAF769FE021445899F4B1B78002B83
:107C30000BD09E4B1A882B88E31A9BB2934200D23A
:107C400001E302232C803370A7E7994BF2E72B88DE
:107C5000984AE31A12889BB29A429ED8964A1378A1
:107C60000133DBB21370954A12789A426CD9012025
:107C7000934A8D4912782C801A41030093430B706C
:107C80003070002201248F4B7F4D1A80804B1C7076
:107C90002B78934200D0CDE2A0230132DB05FF32E6
:107CA00089489A61FCF700FF0AF06CFD2C7042E6EF
:107CB0002B88864AE31A12889BB29A4200D96CE755
:107CC000834A84491388098899420ED8824B1B78CD
:107CD000002B00D15FE72A22804BFF329B5C002BF8
:107CE00000D158E700233B70ADE77D4F0133397871
:107CF000002013800EF084FE0023032279493B709C
:107D0000100058434718085C00280FD1B9786C4B15
:107D10007A781970694B2C801A700122664B327088
:107D200018701000604B88431870AAE701332D2BA0
:107D3000E6D132702C8030E72B886B4AE31A128828
:107D40009BB29A4200D928E703233370F2E7052853
:107D500003D0664B1B78002B02D1002323701CE755
:107D600026235E4EFF33F15C01250B00454F2B406F
:107D70003A68294211D05E4A137809070AD45D494E
:107D80005D4809690140814204D0002B00D05AE2CD
:107D9000157076E700211170FFE693214900715CB0
:107DA000032900D0D3E008AE30000EF0D1FE534DD1
:107DB0003C682878A4B2052800D9EEE6FAF79CFDC5
:107DC000031A2F4656B37378002B02D003232B706F
:107DD00057E73378002B00D1DFE6494B14221C8093
:107DE000484B1B7859424B415B421A40464B1A8024
:107DF0000123ECE7424E2D4B434F32881B883988D4
:107E0000A21A5B1892B29BB29A4200D21BE20020E7
:107E10000EF02CFE00233B80022334800AE07378AE
:107E2000374A002B01D01480D0E73378002B03D1E0
:107E3000148004332B70B0E613881E49E31A0988B6
:107E40009BB2994200D9A8E61480D1E77378002B41
:107E500000D0F8E12A4E174A33881288E31A9BB201
:107E60009A42D9D801200EF001FED5E77278244B52
:107E7000002A01D01C80A9E73278002A46D01C8055
:107E8000B6E7C046D8050020DE050020DC0500204E
:107E90003C1E0020FF06002090070020570600200F
:107EA000D5050020CE050020D4050020D2050020F5
:107EB000D0050020CC050020CA050020C9050020FF
:107EC000C8050020841E0020204E0000C6050020AA
:107ED000C4050020C2050020C1050020A81E002006
:107EE000C005002050AE0108BE050020BB050020E3
:107EF000B20500200008005000040004BC0500206A
:107F0000B4050020A41D0020B80500201B88BD4A30
:107F1000E31A12889BB29A4200D93EE602200EF084
:107F2000A5FD052386E77278B74B002AA2D13678E3
:107F3000002EA4D11B88E41AB44BA4B21B88A34220
:107F400000D92AE603200EF091FD2E7025E695B2A9
:107F5000042800D902E7FAF7E3FC050034007B00AF
:107F6000C900260106A80EF0F3FD06AB1B7806AA91
:107F70005278002B15D1002A00D10EE6A44A1370C6
:107F80000022A44B1A70A44B14321D80A34B1B7803
:107F900059424B415B421A40A14B1A800123237086
:107FA0006FE6002AEAD093235B00F25C263BFF3B9E
:107FB000022A03D106AA12795340DFE7944A1278C5
:107FC000FAE7934B1F78974B002F00D1964B1B88F5
:107FD0000193914B02931B88EB1A9BB200938D4B3C
:107FE0001B78002B10D106A80EF0B2FD93235B0086
:107FF000F35C002B1DD1002F18D006ABDB78002BD3
:1080000002D00122834B1A70854A019913885B18AC
:108010000099994200DA16E1002301201380029BA7
:1080200078401D800EF022FD022397E606AB9B7878
:10803000E5E7012BE8D1002F07D17A4B009A1B8886
:108040009342F3D806AB1B78D9E706AB5B78D6E74B
:10805000714B00931B88EB1A9FB26E4B1B78002B61
:1080600012D106A80EF074FD93235B00F35C022B83
:108070000AD0674B1B78002B14D006ABDB78002BA3
:1080800002D00122634B1A70684B1B88BB4200D997
:1080900083E5604F3A78002A07D05D4B19780123B9
:1080A0004B4010E006AB9B78E9E706A80EF050FDC8
:1080B00006AB1B7806AA5278002B04D0002A01D008
:1080C00000F073FF1A00002139708A420CD0009A28
:1080D00006A81580012222704D4A13700EF038FD5B
:1080E000CFE54B490978DBE7032337E64A4F3B8866
:1080F000EB1A9BB20093434B009A1B88934246D9DC
:1081000006A80EF025FD06AB1A780123002A01D13E
:1081100006AB5B7846490098098881421AD9002B42
:1081200000D13AE506AB5B783949002A04D0002B30
:1081300004D10A703D8031E7002BFAD193235B0014
:10814000F35C0122022B03D106AB1B795A40F0E706
:108150000B78FBE7002B00D11FE52E490B78002B95
:1081600000D01AE501330B7093214900705C284957
:1081700002280AD1002A08D006A84078002804D096
:1081800006AA127953400B7007E50A7005E5022034
:108190000EF06CFC1F4B1A78002A02D000221A70D5
:1081A000C8E70423DAE51C4F06A83B8801930EF0CC
:1081B000CFFC06AB1B78002B04D106AA52780092A4
:1081C000002A11D093225200B25C022A09D1002B5E
:1081D00007D006AA5278002A03D006AB1A790123E9
:1081E00053400B4A1370A5E7019BEF1A074BBFB230
:1081F0001B88BB4200D9D0E403200EF037FC009B63
:10820000ACE5C046C6050020B4050020BE05002030
:10821000D4050020BA050020CE050020A41D0020B2
:10822000B8050020D2050020D0050020CC05002094
:10823000B6050020022B01D0FFF77DFBC34B2C704D
:108240001A80FFF778FB01220021C14B1A70C14B45
:108250001980C14B1978022900D11A70BF4B1A68D6
:10826000BA4B1A80BC4B1B78022B01D0FFF763FB83
:10827000A0E4BB4B1A78002A04D1013202201A7004
:10828000FDF73AFDFCF704F9B64AB74B1268B74957
:10829000128E9A560B78002B14D0B54B1A78501CBE
:1082A0001870312A02D900220A701A70B1490B786D
:1082B0005A1ED2B2FD2A01D9FFF73DFB01330B70E4
:1082C000FFF739FBAC4C4308A03A9B18AB4E207823
:1082D0009AB201921BB20022B75E00280DD0BB42B9
:1082E0000BDDA749019A0D88D21BAC46D2B262447D
:1082F0000A80A4490A8801320A80A34900254A5FFE
:1083000093426BDD0B8000254A5F6E3202DA6E22EB
:1083100052420A809D4A0021515E8B4267DD032252
:108320005143C9180231CD172A405218921097496B
:1083300012B20A80002810D1BB4261DA07218C46B4
:1083400065464F43FF180437F9172940C919C9106A
:1083500009B20D0060355EDA31800025715F0426B8
:10836000521A032A00DD16B203277E43F2173A4061
:10837000921992108E18573650DBCE19B21812B2DD
:10838000834F844E00284CD1934202DB0131994245
:1083900049DB3378FF2B01D00133337000233B706E
:1083A000984202D032789A424AD17B4B7B4A7C4930
:1083B00024781F7800937B4E13780291002C6BD0A9
:1083C000002B08D178490B78FF2B3BD10123137088
:1083D0000022754B1A7001231D006FE00A256D42C3
:1083E000AC4694449C458EDD013A0A808BE7072217
:1083F0005143C9180431CD172A405218D21096E7BC
:108400000F218C4665464F43FF180837F91729405E
:10841000C91909119CE7612149429DE75522524241
:10842000AEE75033B5DB3B78FF2B01D001333B7017
:10843000002333709842B8D13B78002BB5D001238C
:108440002370B2E70133DBB20B70042BBED8358842
:10845000002D02D128000EF013FC012301351D4030
:108460003580029B01251888042804D90A2105308B
:10847000FAF7EAFA85B207266E43B6B2002C00D1AD
:10848000A4E04A4C002F46D02388494A934200D9A1
:108490000CE70133238009E74649002B34D00B78E1
:1084A000FF2B05D1002313703F4A0B701370CEE7EA
:1084B0000133DBB23D000B70022BF3D8029B18880E
:1084C0000123042804D90A210530FAF7BDFA83B242
:1084D0000122002D05D19B189BB29218032B00D9C5
:1084E0005A083388934213D30023402033809C42A0
:1084F00007D1019D7835EBB2281C142B00D914202C
:10850000C0B20EF0BDFBACE7274B0C701C709EE7B1
:1085100001333380A5E7284D284F2B78022B0DD14E
:108520003B88B3420AD3264B1B78002B03D0254A45
:108530009B5C202B02D024480EF076FB0123009A8E
:108540002B701370002222803A80AFE6DC050020F9
:108550003C1E0020841E0020DE050020D8050020DF
:10856000900700209C1D00202000002055060020C0
:108570005406002056060020530600201C00002050
:10858000F6050020F40500201A0000201800002045
:10859000F2050020F105002052060020F005002021
:1085A0001E000020EC050020EF05002050060020F2
:1085B000FDFF0000EE0500204E0600204C060020C6
:1085C0004A060020F805002032A5010803246C4368
:1085D000C84BA4B20193002F3AD0C74F3B88002B61
:1085E0001CD0C64A1278092A18D8681C0221032810
:1085F00000D941088B420ED369008B429B41501C2D
:10860000BE49C0B25B420870BD492D338B54002374
:108610000B540EF0CDF820200EF032FBB74BB94EC4
:108620001B78012B08D106246C43A4B23388A342E3
:1086300004D30EF03FFB01E0002BF7D10023009A9A
:108640003B8013700133019A3380013313702DE6A0
:10865000019B1B78022B00D028E6AA4FAA4A3B8830
:10866000934201D801333B80A44B1B78012B09D1E5
:1086700006246C43A4B23B88A34205D30EF01AFB38
:108680003C8001E0002BF6D13B88B34200D20DE6DE
:108690009E4B1B78002B03D09D4A9B5C202B02D065
:1086A0009C480EF0C1FA013E3E800EF081F8FDE5D7
:1086B000994B1A880123110019401A4201D0FEF784
:1086C00008FE964B1B78012B03D0954B1970FEF7D3
:1086D00000FE944B1B695B0509D5934B9B7F002BD8
:1086E00005D1924B1B78002B01D1FEF7F2FD8C488F
:1086F0008F4F0378002B0ED13A00C8212B33013B5A
:10870000DBB211800232002BF9D18A4A13708A4BF6
:10871000198001230370894A864D13782C786600EE
:10872000062B00D88AE06420FBF74CF9B853F35BC2
:10873000002B01D1C833F3532B21601CFAF780F9C9
:108740007F4B0E001B782970002B05D07D4B1B78CA
:10875000002B01D1FEF7BDFD7B4A7C4B11781B78C5
:10876000194301D0FEF7B5FD794B05201970794BFF
:108770001970FBF7F3FC03226B4B00929B8C002BD0
:1087800001D105330093009B8022DD01724B002153
:10879000ED18280010F052FE388801220300510025
:1087A000795A0C1C814200D9041CA0B20C1C9942BD
:1087B00000D21C1C0132A3B22B2AF0D15E4A1488CD
:1087C000A0423ED2611E241AE4100C1BA4B21480F5
:1087D000002201929C4202D21B1B9BB201933300E8
:1087E0002B330293019A4023312A1BD92B213000CD
:1087F000FAF710FA4E4F4900CB5B00209C4201D2A1
:108800001B1B98B2072701997843FAF793F8C2B275
:108810004023002A06D0BF331840381A803B8340DB
:108820007F2213402B706B70029B01360335B342DD
:10883000D8D10098FCF745F8FEF74BFD01331370D3
:1088400075E70234C2E7022B06D1444A137801339C
:10885000DBB20F2B03D813700025FEF766FD002353
:108860003F4C1370267820007F223E4910F0EEFE28
:108870007F343D4B2670384C01932000611C7F22D1
:10888000267810F0E3FE23007F331E70019B8034B6
:10889000A342F2D1FCF71EF8FCF70EF8FEF745FDF7
:1088A000002B01D1FEF742FD0CF066FD002C08D034
:1088B00000222E4B1A702E4B1B78934201D108F0E8
:1088C0008FFE00200EF002FCFEF738FD032B01D0D6
:1088D000FEF74EFD104B274A19881088091A69299E
:1088E0004CDD00201B882449013308701380FEF7FB
:1088F0003FFDC0464E06002050060020F80500202F
:10890000E00500204C060020FDFF00004A06002084
:10891000F805002032A501082C1E0020861E00202C
:108920004605002000040050A81E00201F1E002045
:10893000F0040020EE0400200A000020ED040020D6
:10894000321E00202E1E00205F1E002095070020F2
:10895000391E0020381E0020131A00201F07002097
:108960009D0700209E070020931D00208C1E0020E4
:1089700020070020EA040020E9040020198888422A
:1089800001D0FEF7F5FC8020CA49CB4E0C7880015F
:10899000002C03D1B0621B880F3317E07769784051
:1089A0007061112C09D91B886933138000230B7067
:1089B0000B7801330B70FEF7DBFC0B2CEBD8A820F7
:1089C0000001E040C007E6D51B882D331380EFE798
:1089D000BA4B1B78002B24D1B94F3A780192012A67
:1089E0000CD0022A7FD0B74C2578002D00D18FE023
:1089F000012D00D1D4E0B44A137012E0FBF748FD1A
:108A0000FBF746FD0224B14B3C701880B04B1D684B
:108A10002800FBF71DFC2800FBF790FDFBF72EFC60
:108A20003470AC4B1B68002B04D003F0D7FB00283C
:108A300000D020E10022FF21A74B1A70A74B19702C
:108A4000A74B1970A74B1A70A74B04931B78042BE4
:108A500000D19BE1A54B00251978A54BC9B21B6934
:108A60005B0501D44D424D41A24B1A78A24B002A1E
:108A700000D137E2A14C0220227816008643002D57
:108A800000D00FE2012E00D00FE218780130C0B202
:108A90001870022800D90EE2002907D0002A05D05C
:108AA00000221A70FEF7E2FB00232370FCF732FC71
:108AB0000400132802D00022914B1A70914E924D5F
:108AC00033789C4200D12FE2132B08D0132C06D010
:108AD0008E4B00211A788E4B1878FDF709FF002382
:108AE00034702B8034E2FBF7D3FCFBF7D1FC784BDE
:108AF00002001868754B1B88934204D99B1A032BFC
:108B000001DD844B186800233B7003F015F988E7FA
:108B10000D20FAF757FF0400030482D40E20FAF761
:108B200051FF7D4A7D4B24041C4013680443E31A23
:108B30001460DA179B185340794A632B02DC1578CE
:108B40000135EDB29121322089001570FBF774F9DF
:108B5000022D0AD832207349FBF76EF9019B002BD6
:108B600000D05EE71523FEF740FC6F4B6F4AE31819
:108B7000934203D9200003F0DFF8EFE7654B650867
:108B80001D60534B28001C6001233B70FBF760FB0A
:108B90002800FBF7D3FCFBF771FB0223FEF725FC53
:108BA00006A908A8FBF718F8051E00D139E7FBF75E
:108BB00025FC022D34D1089803F0BAF9FF2804D11E
:108BC000554B1868FBF7A4FCCCE70222584B2270E7
:108BD0001870584B1A70584B013A1A70574B1A704C
:108BE000394B1A78002A42D000221A70524B1B7857
:108BF000934200D115E74F4B03201B789A1E012AA0
:108C000002D9012B04D1042008F0DAFC4C4B187077
:108C100007F0BCF90122494B1A70009B1A7000E75B
:108C2000012DCDD106AB188803F0B0F9FF28C7D0CD
:108C30003F4D3B4A2B783F4F834215D1397801296C
:108C400012D113780133DBB21370012B05D9022343
:108C50002370394B1970394B197001233B702378FD
:108C60002870012BBCD8ABE700231370F5E7022076
:108C70000CF090FBD5E606A908A8FAF7ADFF0400B2
:108C800002285FD1089803F053F9FF2800D1DBE6F2
:108C9000124B1A78824200D1D6E60F4A187014702F
:108CA000FF220F4B1A7000220E4B1A700123009AFC
:108CB0001370C9E6E904002000080050361E0020A9
:108CC000DF040020351E00205A1E0020D0040020A2
:108CD000D404002088070020CF04002008000020D2
:108CE00007000020CE0400205F1E0020291E002067
:108CF000000400501F1E0020C80400201E1E00207B
:108D0000F71F002059000020901E0020171E002091
:108D100058000020D8040020E40400200000FF07D1
:108D2000E004002045020000C0E85DFE3FEA70005C
:108D3000DE040020DD040020DC0400208C1E002066
:108D4000991E0020012800D07EE606AB188803F0AB
:108D50001DF9FF2800D177E69A4B9B4A197881428A
:108D600011D113780133DBB21370012B00D86BE6FD
:108D7000964B1A788A4200D166E61970944A009B95
:108D800014701C7060E6187014705DE6914B1B78CF
:108D9000012B48D1904B1B780093002B00D1D7E0DA
:108DA0008E4A1378013BDBB21370002B00D0CFE06A
:108DB0000DF0B8FB8A4F8B493B888B4C002B03D1BD
:108DC0000B8003681B8823808388228802930B888A
:108DD00000210CE0019D013306350195029D9BB2F7
:108DE000AB4226D206225A430399525A00990626CC
:108DF0000D005E430196029E9E421CD8002901D0C0
:108E000079490A80002D01D0764A13800222714BE5
:108E100000201A700EF05AF90CF0AEFA049B1B7881
:108E2000042B00D016E66B4B1B78002B00D111E60B
:108E30008EE0009DDFE70668B4460396019EB444C9
:108E4000664676889642C5D9002901D066490A80CF
:108E5000002D01D0634A13802588644E40222800EB
:108E6000634975800CF00EFD422162480CF0ECFC69
:108E70000636F08722200DF085FC03F0F1FC0EF0A1
:108E800093FD88213620FAF7D7FF00210120FBF758
:108E900065F91E223B88403501333B804F4B2580CE
:108EA0001A70B9E7002E00D1EFE5002900D0ECE5FB
:108EB00000221A70FAE500201870824209D10121BF
:108EC0004D4B21701A704D4B10301970FDF710FD8D
:108ED000ECE5032A00D1E5E5002900D0E2E5013206
:108EE0002270E3E545480278002A0DD0002DDFD13D
:108EF0001A780132D2B2022A01D80029D9D0002230
:108F00001A70FEF7B3F9D1E5002DD1D019780131EF
:108F1000C9B21970022900D8C8E537491A700A7019
:108F2000012101701020D1E72B8801339BB22B80E7
:108F3000022B16D1324E334D132C0BD12878132827
:108F400004D000213278FDF7D3FC2C70002333705D
:108F50001BB0F0BD0022012120002C70FDF7C8FCE1
:108F6000F4E7272BF4D9132CF2D0282B09D1102C9D
:108F7000EED00121224B0A0020001970FDF7B8FC49
:108F8000E6E722000B3AD2B2012A08D801211C4A96
:108F900011705B0703D10A002000FDF7A9FC2A88A5
:108FA000194B9A42D4D129239BE593235B00F15CB2
:108FB000263BFF3B022901D0FFF793F806A9097968
:108FC000FFF76EF807000020CE0400200800002004
:108FD000CF040020961D00205D0600200600002022
:108FE00058060020CC040020CA040020A806002057
:108FF000AC060020AA060020F71F00203C1E00201F
:10900000171E002058000020FFFF0000454D08AE4D
:109010006A892B891204210030001A4303F0BCFB3B
:10902000EB89AA891B0413430E932B7C06A9737149
:109030006B7C06A87373AB7C3371EB7C33730923B1
:109040006A7D5B18DA772A7D15AB1A70AA7D12ABA0
:109050001A703B23EA7D5B181A7031232A7E5B1855
:109060001A7035236A7E5B181A70AB7E5A1E9341C4
:109070003322521813703A23EA7E5B181A706B7F02
:109080000AAAD377284A5B009B5AB383AA7F13AB03
:109090001A70EB7F33866B1CDA7F36235B181A70ED
:1090A000AB1CDA7F3D235B181A703E2329001B1886
:1090B00022311022180010F0F0FA4D2306AA9B1856
:1090C0001F70300003F094FB300003F07DFA174B63
:1090D00032002000597B032304F086FF3E2306AABA
:1090E0009B181900200004F05FFF0322104B1C8026
:1090F000104B1A70104B023A1A70FBF767FDFEF71F
:10910000F1FA2C000D4E4034A4B22800083531008D
:10911000ADB20CF0E0FB0836AC42F6D10848FEF7E1
:1091200076FAC046A8060020D8AE0108A81E002086
:1091300028000020F1060020881E0020AC06002038
:1091400058060020F0B501209BB0F9F7E1FD802022
:109150004005F9F7CFFDC02000250726F14BF24A64
:10916000F2491A60F24BF34A4B60136A00061B0285
:109170001B0A034313628D600E603021EE4B2720E3
:109180001960136A12AC1B021B0A1362F9F760FE26
:10919000012323610233A360F023E560656165600C
:1091A0001B022100E548129310F0A2F88023210051
:1091B000DB00E248A027129310F09AF84023FF0545
:1091C000DE49BB613C3B8B61033B6360210077332D
:1091D000DA48129310F08CF8A42338005B002100C9
:1091E000129310F085F8C12321009B00D3481293FD
:1091F00010F07EF8802321009B01D148129310F0DB
:1092000077F860232100CF48129310F071F8C02343
:1092100021009B00CB48129310F06AF82020F9F748
:1092200069FD0EF0E7FA2022C74F3000FB6A1343B6
:10923000FB62FB6A9343FB625732C44BFF329D6271
:10924000DA621968F63A0A431A608022D968520035
:109250000A43DA601A680235AA431A600EF0C0FCAD
:10926000BB48BC4BC268BC491A409C239B031343B8
:10927000C36030000EF050FCB84AB94B2021D360D7
:10928000B84B300093600EF057FC2800F9F7E0FD72
:109290001B228020A94980000B68B34E13430B604A
:1092A000F9F736FD3A68B14BE0211A4080239B0361
:1092B00013433B60B368AE4A09031340B36073685D
:1092C000AC4AC02013407360B368AB4A80001340BF
:1092D000B3607368A94A13407360B3680B43B3600B
:1092E000B368AB43B360B3681340B360336BA44A55
:1092F000134033637368A34A134073607368134069
:10930000C022736009235200012140001140013B3B
:1093100008435208002BF7D12022800502D0F9F72C
:109320007FFCC2B280239B00D340974A9B009B18CE
:109330001F221968C0209143173A0A431A60C022BD
:109340001A2301219204C004150040000D40013B86
:1093500028435208002BF7D140012033002802D0C7
:10936000F9F75EFCC3B28025ED04DD40874BAD000C
:10937000EB1802931B68F822F820039301211823AD
:1093800012044004150040000D40013B28435208E0
:10939000002BF7D1C0012033002802D0F9F740FCA0
:1093A000C3B2C0225204DA4007239340039AF82044
:1093B0009A430392F8221823012112044004150055
:1093C00040000D40013B28435208002BF7D1C0015B
:1093D0002033002802D0F9F723FCC3B2C022520484
:1093E000DA4005239340039A1343029A1360042240
:1093F000B3681343B3600422B3681A400392042293
:109400001342F8D10125B36880202B43B360A02616
:109410000823F605B361C001F9F76CFC0EF0EAF918
:109420002800F9F715FD0223039A63605B19A36016
:109430000533E260256121001295300063610FF071
:1094400057FF0923053512952100300063610FF0A5
:109450004FFF3F494E4B8A684E481A40A023DB0419
:1094600013433F228B60CB689343C2221D43CD60E0
:10947000802192008358C9051B021B0A0B438350AD
:1094800080231B010360444B1A68520609D41968F3
:10949000424A1140424A0A4304211A605A688A43E8
:1094A0005A6040268020DA69334940010A40DA6177
:1094B0001A68002532431A60F9F72AFC0120F9F7EF
:1094C000C7FC0223A02063600133A3601D33E56065
:1094D000656112931F3B21002361C0050FF008FF57
:1094E0008023A020129321002561C0050FF000FF0A
:1094F0002C4B1A68324209D11968284A11402A4A6D
:109500000A4304211A605A688A435A60DA691A4980
:10951000E2200A40DA614022196800260A431A60F4
:1095200044E0C0463C000020006CDC0210E000E09B
:10953000FF52070000ED00E0341800200004005046
:1095400000080050001400500010024000140040B9
:1095500000000140FFFFC0FFB02A00008000024071
:10956000381800201814005000240140FFFF9FFF0E
:10957000FFFF7FFFFFFFFFFCFFF7FFFFFFFEFFFF87
:10958000FFFF0FFFFF17FFFF302401400C240140B5
:10959000FFFFFFC000E100E0003800404000FFFF97
:1095A00007030000003001402F0300000423584A45
:1095B0009362F9F7C9FF5748FBF776FA3000013696
:1095C000F6B2F9F7C9FF082EF8D12B20F9F7BCFF46
:1095D000FA208000FBF768FA2E20F9F7B5FFFA2091
:1095E0008000FBF761FA2F20F9F7AEFF2F20F9F783
:1095F000ABFF2F20F9F7A8FF2F20F9F7A5FF46486A
:10960000FBF752FA4020F9F79FFFAF20F9F79CFFD4
:1096100004233F4A022593610EF0FAF80CF016FC81
:10962000FA223E4B01201A70F9F712FC0EF0E2F814
:109630000120F9F76DFB8020C001F9F769FB0023D9
:10964000E360C023DB00129303220123A0206361A7
:10965000A260236121006560C0050FF049FE28006B
:109660000EF0BEFA28002E490EF056FA80212D4B3E
:109670002D4A2800DA602D4A49009A600EF05CFA03
:109680002B492C4B8A682C4D1A40E023DB001343F6
:1096900080228B603B6BD20113433B633B6B274AB9
:1096A00013403B63EB68264A1340EB60EB689B0476
:1096B00000D58DE0EA68234B1A400C231343EB607E
:1096C0006B69214A13406B612B69204A13402B615F
:1096D0006B691F4A134038226B61BB681340102B23
:1096E0003AD00ED8082B00D1B2E207207B683A6846
:1096F0005B0B034017499B00D20A02405858D040E8
:109700003CE0183BB343F0D18020000236E0C04675
:1097100000040050C0D40100409C0000F71F00204E
:10972000A02000001C000240B818002004380140AE
:1097300000000140FFC0FFFF00380140FFBFFFFFF6
:10974000FFDFFFFFF3E9FFFFFFF7FFFFFFCFFFFFA3
:10975000FFFCFFFFC8AF01080322FB6813409342E0
:1097600000D170E27B68F44A1B045B0F9B009858A1
:109770000C23FA681A4200D067E24000BA68EF4949
:109780001205120F920052581F210A40D040BB68A8
:10979000EB4A5B045B0F9B009B580B40D84017D0F3
:1097A0001923962158438902F9F7C4F86421070068
:1097B000F9F746F9080132306421F9F7BBF8642162
:1097C00006003800F9F7B6F800013618B6B2AE60F8
:1097D00040236A69022013436B610EF00FFA802365
:1097E0000026EA689B011343EB6026216E60D54892
:1097F0000CF096F80120F9F78BFA0120F9F728FB15
:1098000080200004F9F776FA0EA90A00CE4BA1CB0E
:10981000A1C20C2220000FF040FF2200CB4BCC490C
:10982000A1CAA1C3CB4BCC4A1E60CC4BCC4DCD487A
:109830008B61531CDE77CC4B55609660D66010610F
:109840001E001B68002BFBD132601360C74A1061F9
:10985000012055609360D360C34D531CD8772B0013
:109860002D68002DFBD11A60AF23156002225B002A
:10987000BF48CA540DF0D0FDBE480DF0CDFD072203
:10988000BD4BC0219D731D701A72063A9A72C72291
:10989000BA485D729200835809061B021B0A0B43EB
:1098A000835080231B060360B54E0E222D2130000D
:1098B0000FF0C4FD8023B34A9B00B57393618022EF
:1098C000B14952008A618B61802128000902FAF7B0
:1098D000B3FA29002800FAF7AFFA3720AB49FAF7B4
:1098E000ABFA22213620FAF7A7FAC6211020890008
:1098F000FAF7A2FA1120A649FAF79EFA1220A54912
:10990000FAF79AFA1320A449FAF796FA8421142058
:109910008900FAF791FA4920A049FAF78DFA7B20DD
:109920009F49FAF789FA7D209E49FAF785FA48207F
:109930009D49FAF781FA40209C49FAF77DFA1022F6
:1099400020009B490FF0A9FE615D2B0319430920FC
:1099500089B20135FAF770FA102DF5D1F8211C20E3
:10996000C900FAF769FA1D209249FAF765FA1E2034
:109970009149FAF761FA1F209049FAF75DFA3E2003
:109980008F49FAF759FA73208E49FAF755FA77207A
:109990008D49FAF751FA19208C49FAF74DFAB4219A
:1099A00028200901FAF748FAAA2129200902FAF722
:1099B00043FACC212A20C901FAF73EFA2C20844927
:1099C000FAF73AFA2F208349FAF736FA53208249F8
:1099D000FAF732FA7E208149FAF72EFA46208049BA
:1099E000FAF72AFA4A207F49FAF726FA07207E4931
:1099F000FAF722FA90217D4B7D4A332009021A8022
:109A0000FAF71AFA00213F20FAF716FA79480EF011
:109A10006BF803F03BFA784A784BD27F784F1A7094
:109A2000BA1D784BD27F21001A7077480822FAF7C6
:109A30001BFE764B210023808024002308227248DD
:109A4000FBF7DEFA03F0D4FD0221002003F09AFEBA
:109A50000221012003F096FE02F0D8FE012008F05A
:109A600091F86B480EF040F86A480EF03DF86A48ED
:109A70000EF03AF869480EF037F8002006F0DAFCEC
:109A8000414BE4001B69664D234200D1E2E0002314
:109A900002930023634A01261370FF2294462D7817
:109AA00061486A466446117B039A2240D200145CE6
:109AB000002C07D0002D00D011E18218D279322A73
:109AC00000D00CE1002B01D0564B19702E4B1B69B6
:109AD0005B0500D508E10A2404F0C2FDFAF7C0FFD7
:109AE00004F0FAFC01237F2200215048009404F086
:109AF00065FB802503237F2200214D48009404F05C
:109B00005DFB0024FAF7E6FEFAF7D6FEFBF75EF8F7
:109B1000ED001D4B1B692B4200D019E10024454884
:109B2000FAF7C2FF322CF4D11322434B1A70434B85
:109B30001A70002284E0C046C8AF0108E8AF0108EF
:109B400028B0010894B3010878A10108041A002084
:109B5000EC0000207C020020E019002048B0010841
:109B6000494C01087D3E0108B8190020BC190020AD
:109B70004800002040000020005C004000E100E0C0
:109B8000E81F002000140050000400501F9D00003A
:109B90003A030000DB030000DF030000B22A0000EC
:109BA000DC73000020E90000A83300001635000037
:109BB0008CA2010855E50000584C00005AC6000070
:109BC000C694000091460000EF880000411000009C
:109BD0002218000090980000282000003E3000006D
:109BE0000A60000030540000CE610000101A00200E
:109BF0000090FFFFE61F0020AD1E0020A51E0020E4
:109C0000A81E0020A41E002058A100002963000007
:109C10009C1E00209E1E0020A01E0020A21E0020D0
:109C20009A1E0020921E002024B1010848A20108BB
:109C300050A2010810270000590000205800002001
:109C4000D34B1A8059E0D34892E50323584395E556
:109C5000D04893E5FBF75EFB0600CF48FAF724FFF8
:109C6000CE4B1B69234200D011E7FBF753FB0400E6
:109C7000C948FAF719FF7B7F0A339E4213D0B442DA
:109C800000D004E70222C64B1C70C64B1C70C04BB0
:109C90001A80122C0FD0112C00D0F8E6C24B013ADA
:109CA0001A700323F4E601233A7F53403B7703F015
:109CB000A3FF0223ECE63B7F002B00D0E7E6012464
:109CC0007B762C7003F098FF322007F079FCB74BBD
:109CD000B74A18701278B74B02941A60D9E6039B02
:109CE000013303933300DCE6FBF714FB132800D0A9
:109CF000F1E6029B002B00D0EDE6AF4B1B78002B6A
:109D000030D1AE4B1B78002B2CD10520083707F043
:109D1000FFFDFB7F3C2B22D8F9F740FEA84B012228
:109D20001A70A84BA84F1B78022B01D0052B01D12C
:109D3000F9F7DCFA3B00383318780138042800D9E9
:109D400078E1F8F7EDFD6D017301C201C901C901A8
:109D5000FBF7E0FA132800D0E0E60134DFE6FAF77B
:109D600035FFDBE73C00403404F07AFCFAF778FE7C
:109D700004F0B2FBFAF7AEFDFAF79EFD2378042259
:109D800019009143012917D10DF042FDFAF71EFF8A
:109D900004228E4B8C4D1B789343012B00D0ACE0FA
:109DA000029B0024012B00D0B5E038352C700298BE
:109DB0000BF0F0FA864BB2E7042B09D10BF038FB1D
:109DC000FAF788FDFAF778FD01200DF07FF9DDE75D
:109DD0001022804806A9FAF747FC10220AA97E48FB
:109DE000FAF742FC7D4B1E88300002F04BFA6421EA
:109DF00005003000F8F724FE30008BB26421039395
:109E0000F8F798FD7649039B82B200950EA80BF0F7
:109E100025FB23787349032B0BD0002B5DD104AABB
:109E2000127A04AB1B7E002A0BD16F49002B00D0A5
:109E30000AA906A80FF029FC0EA90AA80FF025FC14
:109E400001E0002BF8D00A2400237F22190000949F
:109E500006A804F0B3F902237F22002100940AA887
:109E600004F0ACF9042380220021604804F0EAF9F0
:109E700023231222190000200DF0DEFC7F235C4A10
:109E80005C494E34505C4340802053545A4B40420E
:109E90001D0080352978013CC94329701978E4B246
:109EA000414019700133002CF2D19B217F2589009C
:109EB000535C6D206B40535423232A0019000DF08E
:109EC000BBFC4E4A4E4912A80BF0C8FA06232A00E2
:109ED000210012A804F0B6F972E7022BB3D104AB4B
:109EE0001B7A002B03D1404906A80FF0CEFB04AB30
:109EF0001B7E002BA7D143499FE7434C2378002BBF
:109F000005D0FBF707FA1328F7D0002323700120B0
:109F100007F038FE44E7029B032B37D1FB1DDC77AB
:109F20003B003E331C703B0043331C70BB1DDC8781
:109F30003B0046331C702023FF33FC54334B344A20
:109F40001D6834492800BC77BC8402F025FC2B0036
:109F500001262D331E70043B28001E7002F034FBD6
:109F60002D4B30001D6007F00DFEFAF725FAFAF7C9
:109F7000E5FE2A4B3D221C703B000833DA773B009C
:109F800038331C7004237C76029310E702940EE7AA
:109F9000901E002000366E01204E0000000400508C
:109FA0005900002058000020121A0020991E00209D
:109FB000981E0020941E00208F1E00208E1E002060
:109FC0008D1E0020E01E0020A81E0020E81E00209C
:109FD0008C1E0020C8A00000D8A00000941D002006
:109FE00059A2010867A201086FA20108EBB001089D
:109FF000131A002013020000A71B0020E6B001087E
:10A0000081A2010877A20108F71F00209C1D0020F3
:10A0100090FE960205040000981D0020961D002069
:10A020003A003B003932127829331A7001210800B6
:10A03000FBF7FAFC0CF0ECFF01200BF019FD0028F7
:10A0400002D001200BF0F4FDAC4B02931B78012BE6
:10A0500000D091E0AA4B03931B78002B03D1A94BAE
:10A060001B78002B52D0A84BA84D1E782C68012ECF
:10A070000ED93B000833DB7F002B30D1002C01D000
:10A08000FA2C05D18023A24A9B0151694B405361B0
:10A0900001342C60032E32D13B000833DB7F002BD0
:10A0A0002BD09C4B9C4231D900232B60FAF7F8F857
:10A0B0000123994C1A0020881E2180B2FAF702FE73
:10A0C000238864339BB2238020E0FAF751FA934B44
:10A0D00018780BF05FF9ADE70DF0BAFDAAE7002C98
:10A0E00005D12223FF33F85CF9F72EFCD0E78C4B27
:10A0F0009C42CDD190235B00F5E78A4BD2E78A4B97
:10A100009C4203D900232B60012ECFD0874B1A78B5
:10A11000002A03D17B4A1278002A2DD000221A701F
:10A12000834B1B88934204D13B000833DB7F3D2BDC
:10A1300004D12223FF33F85CF9F706FC0024C8227F
:10A14000039B92001C70744B1A807A4B1B78A342BD
:10A1500008D0794D2B78012B00D082E002332B7090
:10A16000FAF77EFCF9F7B2FA062001F02BFE042084
:10A1700002F016FD0BF000F9704B03931B78002BD7
:10A1800000D09CE1029B1B78012B03D06C4A9B0002
:10A190009B5898476B4E3378002B04D06A4B1B7842
:10A1A000002B00D08BE101F0FDFD002808D1002339
:10A1B000664DEB56002B63D17B1DDB7F002B6ED1F0
:10A1C000634B1B78002B00D110E1624B1B78002BF6
:10A1D00000D10BE102F002F8002800D006E1BB7DBF
:10A1E0005D4A9B075B0F9B5A0730BC8A04930BF0B8
:10A1F000F3FD0F230509ADB21840022820D90A202B
:10A200000BF0EAFDC3041BD4C0B2092818D92B00F7
:10A21000DD22193BFF3B9BB21201934210D3049AFB
:10A220004E4B4F49944200D8B0E01A88A21A012A36
:10A2300000D0AEE00A88100502D4132A00D9A8E0A5
:10A24000474B1D80454B1C80464B1B78002B00D094
:10A2500092E2404B00221978200049B20BF0A6FE92
:10A26000BEE0022B00D07BE7220021001020FCF78B
:10A270003FFB01223C4B2C701C703C4B1A706FE76B
:10A280003B4B1B78002B97D0374B1B78002B93D17F
:10A29000FBF77AFE01F086FD00288DD090E7354C63
:10A2A0002378002B8CD00023EB56002B88D12E4B2B
:10A2B0001B78002B00D083E7029B1B78052B00D175
:10A2C0007EE72D4B1B78002B00D079E73378002BED
:10A2D00000D075E7F9F794F8284D2B78002B05D0BE
:10A2E000274B1878002801D10BF054F80023254A99
:10A2F0002B701370244A2370137061E7861E0020B0
:10A300002A1E0020291E0020281E0020241E0020B6
:10A3100000080050102101005400002057000020C8
:10A32000983A000098340100E0280100201E002027
:10A330005C1E00201F1E00201E1E00208D1E0020FF
:10A34000F8B001087A1E00205E1E0020411E002089
:10A35000191E0020401E002014B10108A01D00207D
:10A36000A21D00200A1E00203C1E00201D1E0020F1
:10A370005300002052000020531E00201C1E00200D
:10A380005F1E00201B1E00201A1E0020049A94420B
:10A390000CD11A88121B012A08D1C44A1288100550
:10A3A00000D44DE7C248824200D949E71C80C14B26
:10A3B0000D801B78002B00D0D2E1BF4A1380012210
:10A3C000BE4B1A70FB7C002B00D13C82FAF7FEFBDF
:10A3D000A0238022DB0552009A61B94BFF3A1A7024
:10A3E00003200AF0D7FF0022B64B1A70BB7F002B68
:10A3F00009D0B54BB54A1B88002B00D0C4E11388A7
:10A40000002B00D1C4E1B24C2378002B1FD0B14BFC
:10A410001B78002B15D1B04B1B78002B11D1FB1DE5
:10A42000DB7F002B0DD0AD4B1B78002B09D1AC4B43
:10A43000AC4A1B781278134303D13378002B00D138
:10A44000F5E1FA22A84B92001A8000232370A74B53
:10A4500004931B78002B32D0029B1B78052B2ED146
:10A46000A34D2B78002B00D1E5E1F9F7CDFFBB7FA1
:10A47000002B05D03B00FE33998B588BF9F7C4FEB7
:10A480007B1DDB7F002B10D0964B1B785BB2002B23
:10A490000BD1924B1B78002B07D1964B1C78002CCC
:10A4A00003D1F8F7ADFF944B1C7001F0A3FE0A2214
:10A4B000924B1A8000232B700023049A1370904B48
:10A4C0001A78002A00D1B5E500241C7003F066FB61
:10A4D000FAF706FB8B4A2000138801339BB21380E6
:10A4E0000BF0C6FAA04202D020000BF0A1FB039BA8
:10A4F0001B78002B01D1FCF7D3FE834B1A78002A7E
:10A5000000D197E500221A70804A1378002B07D0FB
:10A51000013BDBB21370002B02D101227C4B1A707D
:10A52000029B1B7802937B4B1B78002B08D0029B6D
:10A53000012B00D1B4E101F051FE002800D0B9E1B7
:10A54000754A1378002B21D0013BDBB21370002B2E
:10A550001CD1724B1A688023D28BDB009A4210D236
:10A560006F4B1B78013B022B0BD86E4B1B78002BDB
:10A5700007D1F9F7DBF86C4B1878022801D101F00C
:10A5800021FCFCF78BF80022684B1A70684A13789C
:10A59000002B13D067490978072901D000290DD174
:10A5A000013BDBB21370002B08D1634B1B78002BEF
:10A5B00004D0FBF7A9FF0122554B1A705F4A13889C
:10A5C000002B00D078E100235D4A05931378002B1F
:10A5D00000D07EE105F0CCFC5A4B04931B88002B85
:10A5E00000D07FE1584B1C88584B1D7878236B4373
:10A5F0009C4218D1564E3378002B14D0FAF742FA09
:10A60000F8F78EFD00210620F9F7A8FD0A22FB1DB0
:10A61000DB7F5343394A13800023012233703C4BC4
:10A620001A704C4B1A70029B494E012B00D1A9E1C4
:10A6300001F0D4FD002800D0A4E1294B1B78042BA5
:10A6400000D19FE12B4B1B78002B00D09AE13E4BB1
:10A65000002C00D16DE1013CA4B21C80002C00D084
:10A6600067E101220425049B32701C80234B1A8071
:10A67000F8F756FD2000384CF9F766F92820A56256
:10A68000F8F762FF4020F8F75FFFAE20F8F75CFFB5
:10A69000A5610322314B0620197801311140197050
:10A6A0004B425941C9B2F9F759FD54E1A21D0020AE
:10A6B000EB0F00000A1E0020081E0020071E0020CD
:10A6C000A41D0020191E0020121E0020101E0020B4
:10A6D000181E00203C1E0020171E00205A1E0020BD
:10A6E0005F1E0020411E002050000020161E00208A
:10A6F000151E0020531E0020141E0020541E002092
:10A700008B1E00202C1E00208A1E0020891E002087
:10A71000881E0020871E0020801E00207C1E002036
:10A720007B1E00207A1E0020791E0020781E00204B
:10A73000771E0020761E0020621E0020601E002072
:10A740005E1E00205C1E0020581E002056000020C7
:10A75000561E00208C1E002000040050521E0020B7
:10A760008B490B782F2B0CD85A1CD2B20A7089490E
:10A770005B005C52302A04D08723DB009C4200D26D
:10A7800067E50BF04BFC2BE60021834B1180197021
:10A790003378002B00D036E6029B1C78FD23A21EE6
:10A7A0001A4200D12FE67D4B1B785BB2002B00D004
:10A7B00029E67B4B784A187800281ED01178794A10
:10A7C000002914D064211180012C00D01BE6764AA8
:10A7D0001278002A00D016E61B78002B00D012E673
:10A7E000F8F788FF714B1C70714B1C700BE61288D8
:10A7F00091B2002AE8D11970E6E71278002A00D158
:10A8000001E601221A70052C01D107F081F8029BA4
:10A810001B78012B00D1F6E5664B1B78002B00D08E
:10A82000F1E507F0AFFF0122614B1A70EBE505205F
:10A8300007F06EF809E6604B1B78002B00D03BE672
:10A840007B1DDB7F5D4C5E4E002B0BD0534B1B788A
:10A850005BB2002B06D15B4B1B78002B02D1237817
:10A86000002B16D0FB1DDA7F574B19780A230029DD
:10A8700000D0BE335343338001232B700025257055
:10A88000F9F748FDF9F776FD29002800F9F766FC8D
:10A8900012E6F8F7B5FD0A233380093B23700BE677
:10A8A0004A4B01221B889BB2134200D148E63F4B22
:10A8B0001A7045E6464BF4E7013B9BB21380002B30
:10A8C00000D080E6434B1B78013B5A425341DBB238
:10A8D0007AE6013B1370404B1B78002B00D179E6E0
:10A8E000FFF7A8FB3D4A1278002A00D07AE6354AE5
:10A8F0001278002A00D075E6364A1278012A06D16D
:10A90000132800D16EE61538012800D86AE6049AAB
:10A91000013B9BB21380002B00D063E63B00083361
:10A92000DB7F3C2B00D95DE6F9F738F8FAF732F80F
:10A9300058E61B885A1E132A09D8002D07D000207C
:10A940009B0702D12223FF33F85CF8F7FDFF337831
:10A95000002B00D09DE6039B1D78002D48D0204C95
:10A9600020000DF0C1F8FA221E4B52001B889342C2
:10A9700006D81D4BDA8823889A4201D3FFF75AFB89
:10A98000FBF7ACF978226A43184B1A80DFE7C04620
:10A99000061E0020A61D00200F1E0020411E0020C4
:10A9A0000E1E00200C1E00203C1E00208C1E0020CD
:10A9B000881E0020291E0020531E0020141E002087
:10A9C000541E00205A1E0020561E0020841E002007
:10A9D000821E00205F1E00207A1E00205B1E0020C9
:10A9E000E61F0020E41F0020461E0020581E002005
:10A9F000B94B1C880134A4B21C80029B012B13D0DC
:10AA0000E30711D4B54B18780493461CF6B21E70B8
:10AA1000B34B4000C0180DF067F8032E01D9049B1A
:10AA20001D70012005F006FDA4070AD1AD4B1B786F
:10AA3000002B03D1AC4B1B78002B02D00122AB4B77
:10AA40001A70AB4B1B78002B65D1AA4B1B785BB2FD
:10AA5000002B60D101F0A6F900285CD1A64B1B7831
:10AA6000002B03D0A54B1B78002B54D0A44B1A7895
:10AA7000042A50D0A34B1B78002B4CD13B003E3313
:10AA80001B78002B12D0A0490B78002B0ED09F48CA
:10AA9000007800280AD1012A08D0013BDBB20B70F4
:10AAA000002B03D1914901337B760B70059B002B62
:10AAB00031D00021964B1980012A08D105F058FAAF
:10AAC000132802D01538012801D8FAF77FF8914CE5
:10AAD0002378002B03D18D4B1B78002B02D0022052
:10AAE00001F070F9FBF7C8FDF9F786FE0023834AF1
:10AAF00023701370884A13700122884B1A70884B98
:10AB00001B78002B04D001F069FB002800D103253D
:10AB100028000AF03FFC834B1B78002B18D1824B96
:10AB20001A78002A14D018780138C0B2187000289A
:10AB30000ED102F035F87A4B1B78002B08D001F0CB
:10AB40004DFB002804D10BF06DFC03200AF022FC21
:10AB5000764B1B88002B0FD13B000833DB7F013B7A
:10AB60003B2B09D8654B1B78002B05D1604B1B781C
:10AB7000002B01D1F9F70EFF6D4B1B78002B1ED077
:10AB80006C4D01212C886C4B0134A4B222000A4088
:10AB9000110000201A702C8003F0DAFA029B012BBE
:10ABA0000DD01D2C3ED80AD14E4B1B78002B06D160
:10ABB000624B1B78002B02D1022001F003F901F057
:10ABC000F1F800284CD05E4B1B78002B48D15D4932
:10ABD0000A78012A44D85C4803780133DBB2037059
:10ABE000012A07D1202B05D9584B1B7802330B7053
:10ABF0003E4B1A700122494B1A70414B1B78002BB7
:10AC000001D0FFF717FA524B1B78002B01D0FFF74A
:10AC100011FA01F0E3FA002827D0012003F060FDCB
:10AC2000FFF708FA00232B802E4B1B78002BC6D190
:10AC3000424B1B78002B02D1022001F0C3F8454B98
:10AC40001B78002BBBD1039A01330520137006F04B
:10AC50005FFE414BDB7F3C2BB1D8F8F79FFEAEE7A0
:10AC6000234B1B78002BC5D1C7E73C4B1D78002D2B
:10AC700001D1FFF7DFF90022394B9A56022A01D0A1
:10AC8000FFF7D8F90024374E3457082C70DC012325
:10AC9000210019401C4208D19D4202D00520F9F73D
:10ACA0005DFA01343470FFF7C5F9012D08D1601E3B
:10ACB0000628F6D8F7F716FE0BF50BF558F55A00EF
:10ACC00019000520F9F74AFA032DEAD1EFE703202E
:10ACD00001F078F8E5E7C046441E0020431E00203E
:10ACE0009C1E00208F1E0020421E00208C1E002073
:10ACF0005A1E0020411E0020401E00205B1E002026
:10AD00005F1E0020531E00203F1E00203E1E00201C
:10AD1000601E00207B1E00203D1E0020881E00209B
:10AD20007A1E00203C1E00203B1E00205C1E0020DE
:10AD3000321E0020301E00202F1E00202E1E00205C
:10AD4000361E0020351E0020341E0020331E002039
:10AD5000371E00208E1E0020B01E00203A1E00204C
:10AD6000391E0020381E00200420B1E70520AFE77F
:10AD70001870FFF75FF9C046F0B5924B07001B78DB
:10AD80000D00140085B0002B00D1BDE1002930D0AA
:10AD90000F2801D100F071FD00228B4B1A709442F4
:10ADA0003DD00D2836D0112827D00A2837D1874C1E
:10ADB000237893421DD1864D864E2A78F15C9142CC
:10ADC00019D001330A2BF9D101370A21F8B2F7F76C
:10ADD00037FE735C2B700CF06FF800227E4B1A70FC
:10ADE0007E4B1A700BF0E4FC022000F0EBFF012315
:10ADF000237005B0F0BDDFB2E6E7794C2378002B75
:10AE0000F7D1784A1370784A1370734A1370734AF3
:10AE10001370E7E70CF07EF80022744BC7E0122FA6
:10AE2000E7D83800F7F772FD7B001300130013001A
:10AE3000130013001300130013001300C1009A0045
:10AE4000AB00F6FFB600E5FFEE00B600C500684BAC
:10AE50007C1EE4B2195D0029CBD0664B664E1B7890
:10AE600001935D4B9C461B78BB421FD15D4B1D7807
:10AE7000002D1BD0594F013D38780130F7F7CAFE3D
:10AE800005236343019AF3185B5C3970002A05D1EE
:10AE90001A00413A192A01D82033DBB2524A5355DD
:10AEA0000122564B1A700BF083FCA2E70523634383
:10AEB000F6180023524C019AF05C002A0CD10200D3
:10AEC000413A192A08D82030C0B262461770434A66
:10AED00013700BF06FFDE3E73D28F6D012D80200A7
:10AEE000203AD2B21B2A05D82500D5402A000125D8
:10AEF0002A42EAD10133DAB29142DCD8022000F0D2
:10AF000061FFCDE75F28E0D002005F2803D83F3A19
:10AF10001B2AEFD8D9E7613A192AEBD8D5E72E4C8E
:10AF20002578002D12D12F480378002B0ED02E4902
:10AF3000CA18013A1278202A08D1013BDBB203700B
:10AF40003020CD540BF036FD2570A9E720200BF002
:10AF500031FD0023214A23701370A1E700221E4B0C
:10AF600020491A701D4B1A70244B1A700B789342AB
:10AF700099D0013BDBB20B701B49CA5493E7002305
:10AF8000154A20201370154A13701C4A13700BF0D9
:10AF900011FD88E70123174A11784B4013700BF01D
:10AFA00007FC022000F00EFF23E7104B01221A706D
:10AFB0001FE700230B4A13700B4A1370064A1370E5
:10AFC000064AEBE7371E00201D080020D9030020A9
:10AFD0000100002040AC0108DB030020DA03002060
:10AFE000D8030020470500204B0500205700002013
:10AFF00037AC0108000000200AAC0108560600200A
:10B00000D7FBFF0F002C00D0F3E6BD4B1B78002BC5
:10B0100000D1EEE6BB4B1C70BB4B1C70BB4B1B78CE
:10B02000002B00D13FE7BA4C2368002B01D101F07F
:10B03000EDFB24686369186800F0FEFF002804D067
:10B04000230028331B78002B53D1B24B1B78002BE5
:10B050004FD133342378002B03D0AF4B1B78042B14
:10B060004ED0AE4B1B78002B4CD00620834241D8EB
:10B07000F9F75BF9012006F04BFCA94B00241A7E7E
:10B080000A2301325343A74A13801388A64A9BB26E
:10B090001380A64B1C70A64B1C70A64B1C70A64BB5
:10B0A0001C70F9F7FDF82000F9F70AF9210051208A
:10B0B000F8F7C2FE2000F9F7D7F8974B1B78012B61
:10B0C00000D0F0E602219D4A11709D4A13709D4AFE
:10B0D000137005229C4B1C709C4B1C609C4B1C707D
:10B0E0009C4B1A709C4B1C709C4B1C700BF060FBB3
:10B0F000D9E6032001F054FD022000F063FED2E601
:10B100000120F7E70220F5E7954B1E78002E0BD0C3
:10B11000102809D00D2807D0002C00D069E6002D9A
:10B1200000D166E68F4BB1E28F4B02931B780193FF
:10B13000002B2AD0002D00D1ADE3002C00D0DCE3A1
:10B140003800F8F74DF90190FF2800D1BCE3874F94
:10B150003D78002D0CD1864E0E222D2130000EF0B0
:10B160006DF9B4736B1C019A3B70814B5A5501E029
:10B170000D2DF7D910227F4B1A7000227E4B1A70CA
:10B180007E4B01321A70774B11E7122FC4D838006A
:10B19000F7F7C6FB1300130013001300130013008E
:10B1A000130013001300130065010D020D0283024A
:10B1B000190368036E0313001300002C15D0002D33
:10B1C00000D116E66E4B1B78002B00D011E66D4ABD
:10B1D0001178002902D01370674A1370F9F70CFB3D
:10B1E00001213800FAF71AFF03E6002D01D05D4B6C
:10B1F000DCE6654B1B78002B00D02CE1634B614EE5
:10B200001B785BB2002B28D0380003F033FA337878
:10B21000012B00D8EDE50A205D4B35701A785B787C
:10B220005043C018C0B2002807D11922594B1A70D8
:10B2300003F04CFA02F046FFDBE5182800D9D8E508
:10B24000544B187001F00CF90028F1D10222454B43
:10B2500001301A7001F01CF9EAE7314D6B7B029363
:10B260004D4B1C683378002B15D1E38B4B4A9B1850
:10B27000062B10D84822210049480EF00EFA029BF6
:10B28000484A5B00595BEB189B881180464A138043
:10B290000122464B1A70380003F0ECF91022354BAE
:10B2A0001A700393F8F742FA0022334B1A70802287
:10B2B000E38BD200934203D20423039A137098E5E0
:10B2C000364A9B18062B00D92CE7236937781A6871
:10B2D000374B93429B415B4206330193002F00D1D1
:10B2E00087E503219F4200D30D311020F7F7ACFB17
:10B2F000039B1870019B9F425CD9337079E5C0466F
:10B3000047050020DB030020DA0300204B05002066
:10B31000981D0020291E0020861E00208E1E002061
:10B32000A81E0020841E0020800300202A1E00206A
:10B33000201E0020FF060020FE06002057060020E9
:10B34000DF050020A405002048050020A0050020FE
:10B350009C050020A5050020490500204A05002085
:10B360007A1E0020791E00203E1E00208407002047
:10B3700075070020801E0020570000201D1E0020A1
:10B380005F1E00207B1E00201D080020411E0020A3
:10B39000D0030020D11E00207C1E002000FCFFFFF7
:10B3A000880300208403002082030020781E0020F0
:10B3B000FFE0F50503F076F900F0A4FF00220A2172
:10B3C000019BDB1B93423ADC64264643C74BC84FC4
:10B3D0009E423CD9C74BF318BB4233D8C64BB3424D
:10B3E0009B41C64E1E40C64BF618300000F0E4FDEF
:10B3F000238E834210D0802380B2DB002086C018C9
:10B40000029B80B25B00E852ED18A88002F0BAFB04
:10B410000221029802F0B6F9A58B3000290000F055
:10B42000D9FDB44BC318BB4204D8B34B984210D8D3
:10B43000B348401B20600122B24B1A80D9E4484334
:10B440000132BFE7B04B9E42CFD91E00CDE7AF4ED1
:10B45000CBE7AF48EEE7F9F7CFF92900C1E6002DB9
:10B460004AD0002C00D1C2E6AA4B1B785BB2002B5D
:10B470007AD000F0B3FE002804D1A74B1B88092B1B
:10B4800000D8B6E4A54BA64C1B682568002B56D007
:10B490008022A44BD2001B88934250D3F7F752FE70
:10B4A0002800F7F775FE002807D19F4B1B68186826
:10B4B000F7F76EFE002800D19BE49C4B9C4A1D7858
:10B4C00011000023AB4232D115004B3529784E00D4
:10B4D00090531F20013101402970202B02D00133ED
:10B4E0004A321370F7F794FE03F0F0F8914B1B68A3
:10B4F0002360FAF749FD7CE4002C00D079E4019B3D
:10B50000002B00D075E401248B4B1C70F8F70EF96A
:10B510008A4B01991A781970002A00D07CE47D4B7F
:10B520001B785BB2002B35D0F8F760F961E402318B
:10B530008E1E36888642D7D00133DBB2C2E7ADB269
:10B54000280000F005FF802302785B42134303705C
:10B550000100280000F0ECFE03F0B8F80122784B5F
:10B560001A70784B1A70C1E7774A1370774B1B78C3
:10B57000002B00D03DE4714A1178002902D01370ED
:10B58000734A13700121734B0A000A201970FAF7ED
:10B590000DFB2EE4704B1B7F002B02D0F9F72CF92A
:10B5A00027E46E4B1C706A4B1C70FFF722FC0121D4
:10B5B0000B2F0FD1684EF37E002B01D1494249B2C7
:10B5C000614B1B78002B07D0481E431E9841012178
:10B5D0000B3007E64942EDE7614A1370614A137088
:10B5E000727B5200B75A554A1078002802D0137067
:10B5F0005D4A1370002C07D1002D01D1FFF7F9FB34
:10B6000001225A4B1A7003E0002D01D1FFF7F1FB24
:10B610000022404B9A56002A3AD1554BFB18062B74
:10B620001CD8544B544A1C68208EC00013185B6809
:10B6300082582000F7F7F6FF504BC218504B9A4241
:10B6400000D96FE52B4B2A4AC318934200D869E50D
:10B650002060F8F7FDFDF8F711FEECE6781813000E
:10B6600080B200F07DFF474B984201D1FFF7C1FB4C
:10B67000874201D1FFF7BDFB737B1A1D5200B05208
:10B6800001225B00F052404B1A702D4B02228EE4D7
:10B690000800FAF755FA3D4B88E4002C7AD1002DCA
:10B6A00000D0A4E5002E00D089E01A4B234A1B7875
:10B6B0005BB2002B7CD11378002B01D1FFF799FBF3
:10B6C0000A21013BDBB21370314AD154002B05D162
:10B6D000254B1B78002B01D006F090FB1022164B57
:10B6E0001A70F8F723F8FFF797FBC0463F771B0067
:10B6F0003F6F400140B23EFC5F856104406F4001F6
:10B70000C04DC1039207002080A4BF0740771B00F3
:10B7100000BD0105411E00208E0700208807002083
:10B72000080700208C0700209C1D0020C604002074
:10B730007C04002004070020801E00207B1E0020C7
:10B7400063070020F30600201D0800205F1E002074
:10B75000570000208C1E0020A81E0020F6060020A6
:10B760006207002064070020781E0020791E002058
:10B7700000FCFFFF7C1E002068AC0108C088E4FFCD
:10B78000402DA407FFFF0000F40600201D1E00202E
:10B79000D0030020002D01D1FFF72BFB644B1B7859
:10B7A000002B01D1FFF738FB06F028FBFFF734FB35
:10B7B000604B16701E70F8F719F8FFF72DFBF8F7BD
:10B7C000D7FEFFF716FB5C4B1B78012B01D1FFF76F
:10B7D00010FB5A4B1B78002B00D09DE4002C02D1AB
:10B7E000002D00D003E5564B1A7F002A00D0D5E685
:10B7F000544A1078002C08D0002827D1002D01D100
:10B80000FFF7F7FAFAF78AFEF1E400281ED14E4B53
:10B810001B785BB2002B15D14C4B1B68002B11D150
:10B820000E224B484B490DF038FF4B4B029A1C70CF
:10B83000012313701022494B1A70494B1C70494B5D
:10B84000FFF7B4FB484B02221A70F8E700210633D9
:10B850001170D87F454AD9771070012007F032F86F
:10B860003F4BF0E721002800FAF74AFFFFF7C1FA43
:10B870002800FAF793FFFFF7BCFA002A01D0FFF780
:10B88000B8FA3B4B1C703B4B1C703B4B1C703B4B4A
:10B890001C70FFF708FB122F00D93DE43800F7F7C2
:10B8A00035F88CFC8CFC8CFC8CFC8CFC8CFC8CFCB3
:10B8B0008CFC8CFC8CFC2BFE86FE86FEFCFE92FF34
:10B8C000E1FFE7FF8CFC8CFC122F00D92AE4380042
:10B8D000F7F71CF88BFC8BFC8BFC8BFC8BFC8BFC3C
:10B8E0008BFC8BFC8BFC8BFC8DFC6DFE6DFEE5FEFA
:10B8F00079FFC8FFCEFF8BFC8BFC122F01D9FFF71D
:10B9000078FA3800F7F702F85BFC5BFC5BFC5BFC49
:10B910005BFC5BFC5BFC5BFC5BFC5BFCADFD53FE22
:10B9200053FE46FF5FFFAEFFB4FF5BFC5BFCC0460F
:10B93000781E002000070020861E00207B1E0020AD
:10B94000A81E00201D080020411E0020880700209E
:10B9500075070020E81F002084070020801E0020BB
:10B96000570000208C1E0020791E0020E3030020D9
:10B97000470500204B050020DB030020DA030020F0
:10B98000002300B50B604C2800D974E0F6F7B4FF33
:10B99000272B333739373969733D55555541414167
:10B9A0005D45312D5D272F5D55353B4B5531475555
:10B9B0005D4149554343737371554D5545697169EF
:10B9C00069553155595B555D5D5F55555555555513
:10B9D000556F715563515757575757715D0009237C
:10B9E0000020136000BD1723FAE73D23F8E7012389
:10B9F0000B600A23F4E70723F2E76823F0E7D0237C
:10BA0000EEE73223ECE72823EAE705230B60AE33A9
:10BA1000E6E71A4BE4E71A4BE2E70523E0E70823E1
:10BA2000DEE701230B601923DAE703230B606033A1
:10BA3000D6E7144B0B60144BD2E70123D0E7142355
:10BA4000CEE77823CCE70623CAE70323C8E7012320
:10BA50000B600E33C4E70D4B1B6834331B78012B8E
:10BA600001D10223BCE7022B03D10023B8E73F2317
:10BA7000B6E70423B4E701204042B3E7FF03000028
:10BA800001040000DC050000AC0D00007C1E00205D
:10BA90000E4B4900CA5A80231B0130B5D21804004E
:10BAA000802013000C210A4D40015B00034200D0AE
:10BAB0006B4001390029F8D1D802064B18401043D9
:10BAC000032C01D1044B584030BDC046CAC4010804
:10BAD000EA08000000F07F00FFFF7F0070470000D1
:10BAE00003000020044AC100515A994203D001309A
:10BAF0000A28F8D10B387047D421002001220020F9
:10BB000010B5064B5968DC688C4201D22100100048
:10BB1000013208330A2AF6D110BDC046D4210020D4
:10BB2000074A084BD27F002A03D00533DB7F002B66
:10BB300004D0054B1B68054A13607047044BF9E7B6
:10BB4000AE1E0020A81E00209C1D0020981D002075
:10BB50007C1E00200023064A1370064A1380064A02
:10BB60001370064A1370064A1380064A1370704712
:10BB70001621002014210020132100201221002072
:10BB8000102100200E210020F0B51E0085B0131CEE
:10BB9000B24200D9331C00257F27DBB20093174B3C
:10BBA000CC011B7824180193154BE418009AEBB2D2
:10BBB0009A4201D805B0F0BD019A331F002A10D077
:10BBC000104A039204229D4213DA80216B1C4942E1
:10BBD00019410422200039400DF030FC01350534B4
:10BBE000E4E7094A02A90392084A029204229D420C
:10BBF00000DB03A920000DF050FDEFE748220020F4
:10BC0000131A00207F41417F3E22223E3E3E3E3EAF
:10BC100010B50400012903D00A4B8900C85810BD93
:10BC2000830705D16421F6F7F5FF1D200029F6D121
:10BC3000C82120004900F6F7EDFF484248411C307A
:10BC4000EDE7C04664B7010870B504000D00012996
:10BC500006D8012A04D1002110320DF0EFFB70BD8F
:10BC6000112220000A490DF018FD022DF7D9023DDE
:10BC70000D34042D00DD042503235D43651B2000E6
:10BC800002220449033C0DF008FDAC42F7D1E6E77F
:10BC900084A1010834A3010870B50D000749040010
:10BCA000F6F7CEFE20000E000449F6F743FE3300FF
:10BCB00002000349280009F0D1FB70BDA0860100F5
:10BCC00037A3010870B5154B1B78002B0FD000234C
:10BCD0002D25134CE25C29000A2A01D03032D1B262
:10BCE000C1540133042BF5D10023037170BD002929
:10BCF00004D00C49013209F0B1FBF7E780230A496F
:10BD0000DB009A4203D0094B9A4203D108490DF057
:10BD1000BCFCEBE707490132EDE7C0467B1E002083
:10BD2000D003002040A30108B1A30108FFFF0000D9
:10BD300048A3010843A30108FF22104B10B5186067
:10BD40000F4B01241A700F4B1A7000230E4A137008
:10BD50000E4A13700E4A137015220E4B1C700E4BB8
:10BD60001A70F8F7D5FB0D4B1B78002B02D102207F
:10BD700009F010FB0A4B1C7010BDC046E404002003
:10BD8000DE040020DD040020E0040020DC040020AC
:10BD9000341E0020351E0020E80400205A1E00201A
:10BDA0008C1E0020054B01201B78002B04D1044B76
:10BDB00018780238434258417047C0465A1E002046
:10BDC0005F1E0020F7B5041E00D189E0431E012B41
:10BDD00004D8494BDB7F002B00D181E00220474E85
:10BDE0003378023B8343DBB2002B79D0062C77D823
:10BDF000434F3B78002B02D042490AF00EF8A023B3
:10BE00008022DB0552009A623378052B05D13E4B28
:10BE10001B78002B01D0F8F731FA3C48F8F744FEC4
:10BE20007120F7F7CFFDE31E0190022B04D881218A
:10BE300070200902F8F700F8F8F78CFA0320F8F7F9
:10BE400013FA9C2170200902F7F7F6FF0021302039
:10BE5000F7F7F2FF2E493020F7F7EEFFFA20C00087
:10BE6000F8F722FEA0238022DB0552009A612948C0
:10BE7000F8F71AFE062300255C43274A1319998810
:10BE8000A9422ED8A0248025E4056D002348A56290
:10BE9000F8F70AFEF8F77AFA2048F8F705FE71205D
:10BEA0000199F7F7C9FF3F78002F02D01C48F8F737
:10BEB000FBFD1C4B1B78002B00D0A561002F03D08D
:10BEC0000220194909F0A9FF3378052B05D10E4B43
:10BED0001B78002B01D0F8F74DFA5022134B1A8033
:10BEE000F7BDA05A5988F8F7D5FE01350748F8F78D
:10BEF000DBFDEDB2C1E7C046A91E0020861E002072
:10BF00007A1E002001420000151E0020204E000075
:10BF10000203000060EA00009AC5010888130000CF
:10BF200010270000A41D002001020000121E0020A6
:10BF3000F7B504001727E02380221B0123401201DC
:10BF4000934215D10025104B0093E305DB0D0193BF
:10BF5000009A6B00D35A019A934206D1EEB2310097
:10BF60000220FFF795FDA0420BD00135682DEFD1DF
:10BF7000012323409B056408013F1C43002FDAD1B5
:10BF8000FF263000FEBDC046CAC4010870B50200DD
:10BF90003224FF200023074E5900755A511B00D54B
:10BFA000A91AA14201DA0C00D8B20133322BF3D125
:10BFB00070BDC04666C401080623054AD900515821
:10BFC000814201D858B27047013BF7D20020FAE70E
:10BFD00068AC0108164B70B505000C00994215D1EC
:10BFE0001449F6F72DFD0800AF218900F6F7A2FCF1
:10BFF00044430338434258410E4924182800F6F7B9
:10C0000099FC0C4D45436519280070BD0129FBD0F2
:10C01000FA239B00994200D34C08601C80B2401068
:10C0200021004019F6F786FC44432500ECE7C046A2
:10C0300041030000C4090000484B0100C218484BEE
:10C0400000B59A4200D985E0464B474AC31893424F
:10C0500000D87FE0454B18780A2800D97AE0F6F737
:10C060004BFC061963232D2F384347796D00404B55
:10C07000994200D86EE03F4B0020994205D93E4BD3
:10C08000994203D83D4B1878013800BD3C4888429E
:10C090008041FAE73B4B3C4ACB1800209342F4D94D
:10C0A0003A4B3B48C918F2E73A4A364B0020CB18C6
:10C0B0009342EAD9384B3948C918E8E7324AF4E7DD
:10C0C0002B4B994246D9364B00209942DDD9354B4E
:10C0D000E7E7274B99423DD9314B00209942D4D90B
:10C0E000304B3148C918D2E7304B3148C918CEE738
:10C0F000304B314ACB1800209342C6D92F4BCB1876
:10C100009342C2D92E4B9942BFD02E4B9942BCD0FC
:10C110002D4B9942B9D02D4B9942B6D02C4BC81813
:10C12000431E98414042B0E7164B174ACB180020F7
:10C130009342AAD9184B2748C918A8E70022264BD2
:10C140001868884202D85868884205D801320833F6
:10C15000072AF5D10120E5E7002096E7C088E4FF33
:10C16000402DA40740B23EFC3F6F4001981E0020C6
:10C170009F0BD100BF0E1602FF596202E40300209C
:10C1800000879303004624FF7F1A060080217FFD6D
:10C19000BFC62D003F0D030040DF6FFD3F420F0083
:10C1A000BF80090100A69DFDBFFB3900CF7257FD7E
:10C1B0003E49000068343EFD5C440000489336FD73
:10C1C000B0A8E70020C0E70090D7E700E8DAEB006E
:10C1D000601914FF7F841E0068AC01080222002051
:10C1E000034B1B78023BDBB29A424041C0B270471E
:10C1F000861E00200023144A1370144A1370144A38
:10C200001370144A1370144A1370144A1380144A9A
:10C210001370144A1370144A1370144A1370144A9A
:10C220001370144A1268110034310978994201D10F
:10C2300013691B79104A13700022104B1A70104BAF
:10C2400001321A707047C0461107002018070020FD
:10C250001A0700201E070020150700200E070020E7
:10C2600019070020160700201407002013070020DC
:10C27000120700209C1D00201B0700200F1E00201D
:10C280008C1E00209122F8B51A4B52009A5C1C2398
:10C290005343194A06009B180122191D0D88B54207
:10C2A00022D216484F88121892009B18FA225888FA
:10C2B00019889200C01B5043491BF6F7C5FB0400C8
:10C2C00028000F496043F6F7BFFBFA21C719300079
:10C2D00089006043F6F72EFB381801D5002002E0F4
:10C2E000642800DD6420F8BD01320431072AD5D16D
:10C2F000F4E7C046A81E0020DAC30108FFFFFF3F95
:10C3000018FCFFFF70B50400F6F7E4FA0023010003
:10C310000A2518008B4200D370BDE25C303AD2B2DD
:10C32000092AF9D8684301331018DBB2F2E700009C
:10C33000064B10B5984208D88023DB01C018400096
:10C340000023022280B2F8F75BFE10BD0604000055
:10C35000F8B5184B05000024984228D8FFF7C0FB19
:10C360002700154EA0421BDA144AF900715A914277
:10C3700005D001370A2FF8D1FFF7C0FB0700802353
:10C38000FF00DB01BC1C3419E81802222100400028
:10C39000F8F76AF90A4AF5531268F619726006E06E
:10C3A000074AC4001268331902345A603419200055
:10C3B000F8BDC04606040000D4210020FFFF0000A5
:10C3C000241E0020224B73B504000D0098421DD896
:10C3D00000291BD08023DB01C0180222400001A9E4
:10C3E000F8F742F90222290001A80DF09DF9002872
:10C3F0000DD12000FFF774FB002807DB154B2A88BE
:10C40000C0001B185A80144A12685A6073BD290074
:10C410002000FFF78DFF2000FFF762FB0D4E002884
:10C4200007DBC0002B88301843800B4B1B68436030
:10C43000ECE70020094BC200B25A9A4204D0013006
:10C440000A28F8D1FFF75AFBC0003452EAE7C04689
:10C4500006040000D4210020241E0020FFFF00005D
:10C4600070B50500192811D080260024F6002000A0
:10C47000FFF76EFF4378AB4202D103787F2B05D9DB
:10C480000134A4B2B442F2D1002070BD0120FCE717
:10C49000F7B506001924134B134D01932F78287814
:10C4A000012E19D11921F6F7CBFA0131C8B2287043
:10C4B000FFF7D6FF00280ED12878B84203D0013C00
:10C4C000E4B2002CEBD1FFF7CBFF002803D11922F7
:10C4D000019B29331A70F7BD19211730F6F79AFB23
:10C4E000E3E7C046A81E0020D11E002070B506005C
:10C4F0000C001500FFF72CFF8023DB009E4229D2A1
:10C500000378002C02D05AB2002A23DBDB435B07FE
:10C5100020D0002C1CD0182D04D94378002B03D038
:10C52000200070BD002D15D04378192BF8D0AB42F8
:10C5300010D1094A094B1278002AF1D09A8D0024B3
:10C54000B242EDD0DC8DA41B631E9C41E4B2E7E750
:10C550000124E5E70024E3E7D21E0020A81E002006
:10C56000F7B58025ED000E0004002F000092019326
:10C570000B4B9C4212D0BC429B411C402000019AB4
:10C580000099FFF7B3FF002806D1013DA419ADB211
:10C59000A4B2002DECD1024C2000FEBD014CEDE711
:10C5A000FFFF0000FF0300000279531E022B03D996
:10C5B00000230371002105E06723012A00D1363BE7
:10C5C0009942F7D841717047F0B5036904008BB008
:10C5D0001868FFF7F1FC022800DD71E0674B684A3C
:10C5E000D57D002D00D06EE0A31CDD7781235B425A
:10C5F0006384FE23FF22DB01A384E31DDA776369F2
:10C600001868FFF7D9FC2300019029331B785D1EC1
:10C61000EDB2002B01D15B4B1D780123052D03D01A
:10C62000AB1F5A4253415B00019A574950180322ED
:10C6300053430001C01804A9F8F716F8534B0293AE
:10C64000019B022B01D1524B02936B1F5A1E934147
:10C6500003260333039304AF387803001833DBB2A7
:10C66000052D06D8039B5843029B595DF6F7ECF95C
:10C67000C3B2013EF6B23B700137002EECD104ABE1
:10C68000019A18785D789F78424BD200D1589B1858
:10C690005E6863691B6899420EDA9E4200DC6BE0BB
:10C6A0008A1952089A4262DB2E1A581A7043511A9C
:10C6B000F6F7CAF92818C0B22A3420700BB0F0BDC2
:10C6C00080235B028BE7ED1823002F0021330493B6
:10C6D00003330593023B069303330793023B08930E
:10C6E0000333099304AE60372800012202CE1035CF
:10C6F000F7F7BAFFAF42F7D1E31CDB7F201D0193B0
:10C70000A71CC57FF87F611D4210CE7FE11D9446B6
:10C71000C97F019AA31DDB7F520049004008864271
:10C7200003D1012E01D9023EB6B2934203D17D2B33
:10C7300001D802339BB28D4203D1FD2D01D80235C1
:10C74000ADB26046F877601DC677FF2900DDFF2196
:10C75000E01DC177211DCD777F2A00DD7F22E11CFE
:10C76000CA777F2B00DD7F23A21DD37747E77F1B8E
:10C77000981A7843B11A9BE738009DE760000100E2
:10C78000A81E00205C0000200D100000CEC3010890
:10C79000D4C3010868AC010870B515000400442238
:10C7A0000E00043000210CF049FE2800FFF704FCC5
:10C7B0000D4B0422A383230008332086E683DA7717
:10C7C00002226361094BFF3222852560A560246146
:10C7D0009E4204D12300013AFF3A34331A702000FC
:10C7E000FFF7F2FE70BDC046E20400000104000045
:10C7F000421CD27F0368012A03D182699B1883609F
:10C800007047022AFBD182699B1AF8E710B5114BD9
:10C810005A7B012A01D900225A73991D5A7BC97F7C
:10C820001000002906D0591DC97F002902D15042AD
:10C830005041C0B248214A434143074C84329A18C0
:10C8400022608431054A18735B181360FFF768F99A
:10C8500010BDC046A81E00207C1E00209C1D00208C
:10C8600070B54A4D2B682D331C78012C03D1484BF1
:10C870001C780134E4B2A02380220026DB0552009C
:10C880009A62444B310030001E70F7F767FC022CAF
:10C8900000D9340020000BF0CDF92B685B691868D3
:10C8A000F7F7D6FC3C4B00201B681A003432127894
:10C8B000824206D135331B78012B01D0022B00D9DF
:10C8C0001800F7F7FDFC0020F7F7CEFC7E20F7F705
:10C8D00079F8382328219843014389B27E20F7F75D
:10C8E000ABFAF7F73FFD00213620F7F7A5FA37201E
:10C8F0002A49F7F7A1FA52202949F7F79DFA0021B2
:10C900003020F7F799FA27493020F7F795FA2648AB
:10C91000F8F7CAF82B685B691868F7F70FFE012172
:10C920000800F7F71BFC2148F8F7BEF82A682049F1
:10C93000130052692A3310681B782222884200D8DB
:10C940001A3A80211B02134319433620F7F774FA71
:10C950001548F8F7A9F82B685A69107901280DD005
:10C96000831E012B05D85179FFF792F8F7F70CFCDD
:10C9700070BD00215120F7F75FFAF9E752790D4BAE
:10C980005200D05AF7F71CFCF2E7C046981D002071
:10C9900068070020A41D00209C1D00201F9D000092
:10C9A0008F020000FEC10000102700008813000065
:10C9B000FF3EAB0166C4010810B51D4B40000843A3
:10C9C0001A78C0B20C00824230D018707E20F6F780
:10C9D000F9FFC3439BB2DB0BA34209D1C021000581
:10C9E000000DDB031843890101437E20F7F724FA89
:10C9F000C62110208900F7F71FFA11200D49F7F71B
:10CA00001BFA12200C49F7F717FA13200B49F7F716
:10CA100013FA842114208900F7F70EFA49200849F7
:10CA2000F7F70AFA7B200749F7F706FA10BDC04668
:10CA30005A0000203A030000DB030000DF0300007F
:10CA4000B22A0000DC73000070B504000520022C3F
:10CA500000D00438F7F708FC3120F6F7B3FF012CBB
:10CA600055D1204381B23120F7F7E6F94220404901
:10CA7000F7F7E2F92A203F49F7F7DEF93E4B1E7837
:10CA8000022E00D900263D4DF600715B2B20AD191A
:10CA9000F7F7D2F92F206988F7F7CEF95420A98843
:10CAA000F7F7CAF95520E988F7F7C6F9344B1B6840
:10CAB0002D331878002800D003200BF0BBF8482055
:10CAC000F6F780FF0F23184381B24820F7F7B4F937
:10CAD000A11E4B1E99412B4B494219403D20F7F7AF
:10CAE000ABF97320F6F76EFF21004B1E994110231E
:10CAF000013C984363425C410901014389B27320C0
:10CB0000F7F79AF90021E0B2FFF756FF70BD012355
:10CB1000984381B23120F7F78FF942201A49F7F78D
:10CB20008BF9E8212A20C901F7F786F900212B208B
:10CB3000F7F782F92F201549F7F77EF9022C08D173
:10CB400013495420F7F778F912495520F7F774F98B
:10CB5000B5E7114B1E78042E00D900260F4DB60004
:10CB6000715B5420AD19F7F767F96988EDE7C046A6
:10CB70005C6F0000347400006A070020A2C3010843
:10CB80009C1D0020AB2A00005A6B0000909800000A
:10CB900009900000A931000069070020BAC301080C
:10CBA0000D4B002807D11870587001220B4B1870DC
:10CBB0000B4B1A707047062804D1032218705A7064
:10CBC0000520F2E70749084AC97F002902D1127BF4
:10CBD0009854F5E7527BFBE7D02100203B1E002054
:10CBE000881E0020AE1E0020A81E00200121814AC0
:10CBF00010B51368013313607F4B197010687F4BB9
:10CC00004343CB417E48834236D87E4B7E481970E1
:10CC10000388002B06D0013B9BB20380002B01D17F
:10CC20007A4B19707A490B88142B08D90B88013B71
:10CC30009BB20B80142B02D10121764B19707649DF
:10CC40000B88002B03D00B88013B9BB20B807349F0
:10CC50000B88002B08D00B88013B9BB20B80002B6C
:10CC600002D101216E4B19706E490B78002B03D055
:10CC70000B78013BDBB20B7013689B0702D10122DA
:10CC8000694B1A70694A1378002B03D01378013B63
:10CC9000DBB21370664A1378002B03D01378013B84
:10CCA000DBB21370634B1B78002B4BD162490A88AF
:10CCB000002A08D00A88013A92B20A80002A02D1DA
:10CCC0005E4A0121117000205D4A1056002847D1AC
:10CCD0005C4A1278002A15D15B4AD27F002A11D013
:10CCE0005A1E012A0ED9042B0CD058490A88002A52
:10CCF00008D00A88013A92B20A80002A02D1544A26
:10CD000001211170534A54491278002A5DD000283D
:10CD10005BD0524A1288002A57D151480278002A23
:10CD200053D1504A1278D4B2002A4ED1042B4CD0A1
:10CD30005A1E012A49D90A88013292B2182A1ED8ED
:10CD40000A801FE0052BBED147490A88002ABAD0C5
:10CD50000A88013A92B20A80002AB4D1434AB0E765
:10CD60005A1E012ACED93D490A88002ACAD00A880B
:10CD7000013A92B20A80002AC4D1394AC0E701229E
:10CD80000C8002703A490A88002A08D00A88013AC1
:10CD900092B20A80002A02D10121364A1170364A25
:10CDA0001278002A15D0022B11D8002B11D1334A4A
:10CDB0001388002B0DD01388013B9BB21380002BEE
:10CDC00007D101222E4B1A7003E00022B8E7042B92
:10CDD000EDD12C4A1388002B03D01388013B9BB262
:10CDE0001380294A1378002B03D01378013BDBB260
:10CDF000137010BDD80500208B1E0020295C8FC247
:10CE000051B81E058A1E0020CE2100204522002098
:10CE1000800300202A1E0020821E0020841E002085
:10CE2000201E0020291E00201007002013070020CC
:10CE300014070020861E002050000020181E00202D
:10CE4000411E00205A1E0020AD1E00201C0700209D
:10CE50005200002003000020CC2100208E0700207B
:10CE6000530000201E070020541E0020161E002024
:10CE70000E07002015070020401E0020081E00207D
:10CE8000191E00200C1E0020F71F0020F0B51025F1
:10CE90009BB006AC2A00002120000CF0CFFA2A003B
:10CEA00000210AA80CF0CAFA2A0038480AA9F7F7A4
:10CEB000DBFB374E0AA83100F5F702FD12AF002860
:10CEC00000D188E02A0031000EA80CF0EFFB00230F
:10CED0002A002E480EA9F8F793F80822002104A88A
:10CEE0000CF0ACFAA020082204A90002F7F7BCFB62
:10CEF0006B463F221B7DA02093436A4604A913750D
:10CF0000000200230822F8F77BF80822002102A87B
:10CF10000CF094FA08221F4802A9F7F7A5FB6B460C
:10CF20006A465B7B1B48AB43537302A9002308226C
:10CF3000F8F766F8202239001748F7F795FB00222A
:10CF4000BB5C002B06D0203B5E2B17D80132102A89
:10CF5000F6D100230022B918097C002921D02039FC
:10CF60005E291BD91022002116A80CF067FA0023B5
:10CF7000202239000848F8F743F814E01022002175
:10CF800038000CF05BFA0123E4E7C04660A1000022
:10CF90004DA3010858A10000C8A000000132102ACA
:10CFA000D9D1002BE3D107226946D348F7F75CFBC0
:10CFB00000256B465B5701330DD10135072DF8D1A4
:10CFC0002A00CE4968460CF068FB00232A00694617
:10CFD000C948F8F715F8A020082221000002F7F749
:10CFE00043FB0F2322781340042B00D90023C449AC
:10CFF0000B7013092F2A00D90023C24A13706378DB
:10D00000092B00D90123C04DEB75A3785A1FD2B26A
:10D01000AE2A00D90B232B76237901211A000A406E
:10D020006A765A080A402A779A06120F042A00D90B
:10D0300000226A7701229B091340EB766379013B5A
:10D0400059424B41AB77A379092B00D91300EB77F9
:10D05000E379082B00D904232A00473213702100FA
:10D060000822AA48F7F700FB0F23227813400A2B67
:10D0700000DD0A232221DBB21209FF316B549A42F0
:10D080009B411A4090235B00EA546378032B00D93C
:10D090000023AA1CD377A378022B00D90023AA1D52
:10D0A000D377E378052B00D90423EA1DD3772379BE
:10D0B000022B00D901236A1DD37763793D2B00D958
:10D0C0000C232A0001210832D377A379EA1C180027
:10D0D000CB400840D0778E4A0B4013702B1DD97778
:10D0E00007222900E37938311A400A702A00DB0848
:10D0F00039321370390010228648F7F7B5FA8222C8
:10D100003B88D200934200D9834B80227E4ED200CE
:10D1100033807B889342924113403381BB887F4A9E
:10D120009A18062A00D97C4B8222B380FB88D20051
:10D13000934200D9784B802273803B89D20093427E
:10D140009241134073817B89744A9A18062A00D948
:10D15000714B04220EA97248F380F7F785FA3B223F
:10D160006B4603219B18B27D1B788A4369465B0797
:10D170009B0F1A43B2756B4A5B009A5A098F914212
:10D1800004D369481B5A8B4200D30A002A826B469B
:10D190003A229B181B780132AB746B469B181B78A4
:10D1A0006249DB07DB0F25326148EB74F7F75CFA65
:10D1B00008F084FE082221005E48F7F755FA0122A4
:10D1C000237801351A40EA775A082F2B00D900221C
:10D1D00020234D4DFF33EA546378172B00D90323E6
:10D1E0002A0043321370A378172B00D900232A009A
:10D1F00044321370E378172B00D904232A004532F8
:10D2000013702379172B00D900232A00463213709C
:10D210006379682B00D90E232A0028321370A37972
:10D22000282B00D900232A003E321370E379052B06
:10D2300000D903232A00403221003F4813700822FE
:10D24000F7F712FA01223D4806AC115D0B0040339E
:10D25000DBB2802B00D881540132082AF5D121009D
:10D260003748F7F701FA6378022B00D900232A0028
:10D2700041321370A3780A2B00D900232A004232CE
:10D280001370E378012B00D900236B732379042BEF
:10D2900000D9002391225200AB541B3AFF3A2100DF
:10D2A0002848F7F7E1F923785A1E93412A007A3289
:10D2B00013706279642A00D945E10A2353432A0096
:10D2C000703213806423A2799A4201D85A3B5343A7
:10D2D0002A00723213806423E2799A4201D85A3BC1
:10D2E00053432A0074321380210008221648F7F7AE
:10D2F000BBF96423227829E0B9A0000020000020B7
:10D30000690700206A070020A81E002008A000006E
:10D310006807002010A000000504000000FCFFFFCB
:10D3200020A0000014B101081CB10108A61D0020B6
:10D3300028A00000A8A00000B8A000001F00002046
:10D34000C0A00000E8A00000F0A000009A4201D8B0
:10D350005A3B53432A0076321380642362789A4200
:10D3600001D85A3B534332007832138079497A4AC4
:10D370007A480AF0A3FA7A4A7A497B480AF09EFA78
:10D38000082221007948F7F76FF97F2322781340AC
:10D39000591E182900D90123310029310B7033009F
:10D3A000D2092A331A7019236B441A785B7821004A
:10D3B0001B021343B3851B236B441A785B786C48BC
:10D3C0001B021343F3851D236B441A785B784A369E
:10D3D0001B02134308223380F7F746F923780A2B00
:10D3E00000D90023634A13706279634B511E8A414E
:10D3F0001A70E379614A9907C90F11701A07920FE1
:10D40000032A00D1013A5E490A705E4AD906C90F63
:10D4100011705D4A9B0913702B1DDB7F002B01D11E
:10D42000AB682B60602259495948F7F71DF9002372
:10D4300001201900574A40420133108051600832E0
:10D440000A2BF9D180235B020E93022300250EAE36
:10D45000B3806B00F05A504B984201D8FEF778FF2A
:10D460000135032DF5D100257F2607272800FEF77B
:10D470006FFF011E07D00288484B9A4266D1078091
:10D480002800FEF79FFF0135454BADB29D42EDD11F
:10D490000025102243494448F7F7E6F8434B082299
:10D4A000210043481D70F7F7DFF8E3791A096F2B65
:10D4B00000D92A003F4940480A7001221900114052
:10D4C00001705D083D48AA4302701B073C4A9B0F50
:10D4D0001370A27913093F2A00D900233948037039
:10D4E0000C200023024201D10F331340364A01279A
:10D4F0001370637935481A0915003D400570344DA5
:10D500005008384028709608324D3E402E70324DFB
:10D51000D2082A700F2213405A1E0E2A00D90A235D
:10D520002E4A1370237901242D4A1C4014705A0886
:10D53000F12B00D93C222B4B1A702B4B19702B4B23
:10D5400098761BB0F0BD96235B00B8E603783340B5
:10D55000037095E7F41E002054A3010810A10000F9
:10D560005AA30108061F002020A1000030A10000DE
:10D5700050A10000981E0020E40300205C0600205B
:10D58000421E00205E0600200C0700206C210020B7
:10D590000E880000D421002006040000FFFF0000D8
:10D5A000070400005C21002038A100005821002061
:10D5B00058A100005C000020492200200300002048
:10D5C00021070020281E00203A1E00209C07002072
:10D5D000F906002048220020472200202E000020CB
:10D5E000871E0020560000201F1E0020A81E0020BD
:10D5F00037B5404D082229003F48F7F735F83F4C32
:10D60000082229003E480CF048F820000822290092
:10D6100028300CF042F820000822290030300CF0AD
:10D620003CF8210008223748F7F71EF820002100B7
:10D63000082208300CF031F82000210008221030B8
:10D640000CF02BF8304C0C2221003048F7F70CF886
:10D650002F4B22889A4203D92E4B23806433638058
:10D660002D4B022263812D4C2D4BE07F2D49C0189C
:10D670004000F6F7F9FF2C4BE07F0222C0182B493F
:10D680004000F6F7F1FF2200473211782200284BC4
:10D6900048325B5C2748137069460822F6F7E4FFBE
:10D6A0006B460021595EFA23FA229B00CB189BB2ED
:10D6B000D200934200D9002123007C3319806B46AD
:10D6C0009B793F2B00D93A2322007E3213706A46A1
:10D6D000D2790F2A00D9082220007F342370B12389
:10D6E000DB01C9188030027089B23B20F6F7A4FB39
:10D6F00037BDC04638210020C00001002021002095
:10D7000040210020C8000100461E00204001010009
:10D71000871300006C070000FC080000A81E002012
:10D72000A8800000C01F0020B4800000C21F00209D
:10D730008AC301088801010070B500240E000500AD
:10D740000470220021003000FEF7D0FEA04217D066
:10D750008023DB00F0180A2229000001F6F784FF7D
:10D760002200AB5C203B5F2B02D801320A2AF8D1A1
:10D770000023AB54013A511C02D0A95C2029F8D0F7
:10D7800070BD00004823F0B543438BB08A4C03932F
:10D7900084331B190093894B07001B780591002BDC
:10D7A0000CD14300E1188888854A904201D1854810
:10D7B0008880E15A914201D1824AE25282237D005F
:10D7C000665BDB009E4231D8103B9E420CD230009B
:10D7D000FBB200220121FEF7C3FE7B4B06009842FC
:10D7E0001FD163199E8866533000FEF7B1FD802279
:10D7F000038875490290D2008B4219D1964204D217
:10D800006D4B7F00D9198E88FE52704B704AF31809
:10D810009BB2DB0031009A580098FEF7BDFF0BB0B9
:10D82000F0BD3B1D5B006053E052DDE7654EDBE77A
:10D83000029B1B785B075B0F0193072B01D1023B17
:10D840000193964200D3B2E0029B597848227A4372
:10D85000594B01989B181A00A2331E808023B432C2
:10D860001080023A1170DB009E4200D3B8E0059BA5
:10D87000022B00D0C4E0330104930822049808ACC2
:10D8800021008018F6F7F0FEE0780F240440022C07
:10D8900000D9002448210A007A43474B9A18A43241
:10D8A000147002092F2800D9002279435B18B8337D
:10D8B0001A7008AB9A79172A00D9042248237B43AF
:10D8C0003D490024CB18059119001800AB310A70AE
:10D8D00040495200525AA03002801A000F21B03243
:10D8E00008AD1470AA7818381140017012099033ED
:10D8F000297800981A70FEF757FE0398059B8C3024
:10D90000C0186978FEF750FE2A790123FF2A00D15A
:10D91000F3E014005508D106500992091A401C4042
:10D920001D40490F1840059248227A439446AF2281
:10D93000214B634494469C44624614701C00B134ED
:10D940002570043C21701900059AAC33B7311A7068
:10D95000087008AB5B790022FF2B04D01B075A0F1D
:10D96000042A00D9002248237B43134C06A9E3185C
:10D97000B6331A7004980822F6F776FE06994B1C07
:10D9800003D1019A124BD200D158482213007B4395
:10D99000E3180833D967104B0799994201D90F4B07
:10D9A00007937A43079BA4189C34236028E0F3B2C2
:10D9B000192101934AE7C046A81E0020E403002075
:10D9C0000404000005040000FFFF000000FCFFFF4E
:10D9D00068AC0108D8AE0108FFE0F50540420F0031
:10D9E000330080335B013A019B180493059B022BA3
:10D9F00000D142E7434BF3189BB2062B00D83CE71B
:10DA000048257D43404C631901930833DD6F28009E
:10DA1000FEF7D2FA3D4AC3B2DB009858A8420DD8AF
:10DA2000D2185068A84209D380232800DB009E4208
:10DA300004D3019DA0352988FEF7CCFA48257D4303
:10DA400065192B000833D8678023DB009E4207D37B
:10DA50002B009C35A03319882868FEF7BBFA286094
:10DA60000098FEF7C5FE8023DB009E4205D2039896
:10DA70003100BA302018FFF75FFE482319007943C0
:10DA80006118AF31039A08788C320099A2180028E7
:10DA900001D01100009A7B43E318180098331A60F4
:10DAA0001B4B94301B780160002B07D1194A0B687F
:10DAB0009B18194A934201D8184B0B6048237B43AB
:10DAC000E3181900029AB9311278D206920F0A703F
:10DAD000134A1278002A02D0009A98331A60114B28
:10DAE0001B78002B05D048237B43E4180723AD3473
:10DAF00023700098FEF768FD91E6250019002000CC
:10DB0000059311E700FCFFFFA81E002068AC010888
:10DB1000E403002040F1E9FD3F4B4C00A0B4940227
:10DB2000620700206407002007B56B460522FF212D
:10DB3000D81C0BF083FC69460E4A0F48937C8B700F
:10DB4000138A0B80937DD27C9B075B0F07211343C5
:10DB5000FF220B408A4313436A466946D370002371
:10DB60000822F7F74DFA0023602204490448F7F72A
:10DB700047FA07BDA81E002020A00000A61D002017
:10DB800028A000000122034B1A70034B92181A8040
:10DB90007047C04646220020CE2100201FB5124B00
:10DBA0001A78002A1ED000241C70104B1A78A2424A
:10DBB00018D0102269460E481C70F6F755FD6946CC
:10DBC0000C4B0B481A880A801A894A809A888A80E6
:10DBD0005A88CA805A890A81DB8810224B81230027
:10DBE000F7F70EFA1FBDC04645220020462200204E
:10DBF00010A00000A81E00201520F0B597B0032249
:10DC0000FF2168440BF01AFC0F22C54B02AC1B78B5
:10DC1000C44D1340C44A1278120113432370C34BFE
:10DC20001B78092B00D9EB7D63702B7E3C21A37000
:10DC30000023E370EB7E2A7F9B01520013436A7E30
:10DC400013436A7F92000A4013432371AB7F222162
:10DC50006371EB7FFF31A3712B0047331B78EA1D03
:10DC6000E37190235B00EB5C695C1B015B18237222
:10DC7000AB1CDB7F6372AB1DDB7FA372D37FE372D0
:10DC80006B1DDB7F2373AA4B1B78002B05D1A94B9F
:10DC90001B78A372A84B1B782373A84B1B78002B0F
:10DCA00000D139E1A64B1B786373A64B2A1DD27FA6
:10DCB0001B7892005B001343EA1CD27F2E001343B3
:10DCC0002A000727A020A373293638323378127828
:10DCD000DB003A40134321001022E37300020023CB
:10DCE000F7F78EF9502221009748F6F7BDFC202364
:10DCF000FF33EB5C6A1CD27F5B00134323702B0065
:10DD0000290046331B784331097823712B00AA1D63
:10DD1000D28F6170628028331B780A2163712B00D7
:10DD20003E331B78A3712B0040331B78E37124230F
:10DD3000FF33EB5C637492235B00EB5CA3742B00FA
:10DD40003F331B7823762B0041331B7863762B00FF
:10DD500042331B78A3766B7BE37691235B00EB5C0D
:10DD600023772B007A331A7812AB1A702B0070339A
:10DD70001888F4F7DFFD4D236B4418702B007233C5
:10DD800018880A21F4F7D6FD4E236B4418702B0037
:10DD9000743318880A21F4F7CDFD4F236B441870B3
:10DDA0002B00763318880A21F4F7C4FD14AB1870E1
:10DDB0002B00783318880A21F4F7BCFD51236B44FB
:10DDC00018705022002321005F48F7F719F9FF234C
:10DDD0007F22E3713378210013402A002A3212781F
:10DDE0005A48BA4013432370AB8D082263701B0A54
:10DDF000A370EB8DE3701B0A23712B004A331B8841
:10DE000063711B0AA3710023F7F7FAF809203A009F
:10DE1000FF2168440BF012FB4D4B1B7823704D4BD8
:10DE20001B7863710023A3714B4B1B78002B01D12E
:10DE3000FD33E3710C21494BE2791B788A439B0047
:10DE40000B401343464AE3711278002A02D1103284
:10DE50009343E3713F22E37921001340414A424852
:10DE6000127892011343E37108220023F7F7C8F8F0
:10DE7000082221003D48F6F7F7FB0F203C4B3D4AB6
:10DE80001B7812785B00134323713B4B1A783B4B92
:10DE900051001B789B000B43394909780B433949E2
:10DEA0000978C9000B4338491B01097801400B432D
:10DEB00063713649364B09781B78090103400B43DF
:10DEC000A371344B1978344B1B78002B01D10233EA
:10DED00019430C20314BAA761B7808229B00034083
:10DEE0002F487E350078000103431943E171002378
:10DEF00021001E48F7F784F8694608222948F6F7FA
:10DF0000B3FB6A462B7869469371264800230822A2
:10DF1000F7F776F817B0F0BD2B000833DB7FC3E6C8
:10DF200069070020A81E00206A07002002000020C8
:10DF30006E070020A41E0020A51E002067070020F9
:10DF40006607002068070020A8A0000030A100009C
:10DF5000981E0020E40300205C060020421E0020E2
:10DF60005E0600200C07002050A1000058A1000010
:10DF700056000020871E0020F906002048220020BD
:10DF80009C070020472200202E000020281E002091
:10DF90003A1E002049220020030000202107002013
:10DFA0005C0000208801010030B50D0085B0102212
:10DFB0000021040068460BF041FA2800F4F78AFCBF
:10DFC00002000A2800D90A22290068460BF065FBE6
:10DFD00080232001DB0180B2C01810220023694693
:10DFE000F7F70EF805B030BD7FB505001E00344BC5
:10DFF0000800EB189BB21400062B5DD8421E90411E
:10E0000090220001120280185B01C0186A46236842
:10E0100069460093A36980B2019363791372637BAD
:10E020005372237B22791B0113436A4693722300A8
:10E0300034331B78621CD27F1B0113436A46D372B0
:10E0400023002200283333321B7812789B015201BF
:10E05000134322002B321278134322002932127804
:10E060009200134322002D321278520013436A4665
:10E07000137323000E2232331B785B0013406A4671
:10E08000537323000833DB7F93730023D373102271
:10E09000F6F7B6FF012321001A00280009F0CAFC98
:10E0A0008023DB009D4206D2022E04D921002800E5
:10E0B0003631FFF779FF7FBD2801012EFBD9A5E797
:10E0C00000FCFFFF73B51E4D694628000822F6F7D5
:10E0D000CBFA1C4C072226001B4B29361B78280044
:10E0E00013403278194DD20013436A466946D37102
:10E0F00000230822F6F784FF280069460822F6F775
:10E10000B3FA7F2233782800134022002A32127893
:10E110006946D20113436A461370A38D53701B0ADC
:10E120009370E38D4A34D3701B0A137123885371A3
:10E130001B0A937100230822F6F762FF73BDC046E5
:10E1400008A00000A81E0020E01E002030A1000052
:10E1500030B5042587B0084C0A00010001A8FDF77E
:10E1600073FD112300216F20A56201AAF6F750FB71
:10E17000A56107B030BDC04600040050F7B51600D9
:10E1800004000D001F00F4F7A5FB731C0093231877
:10E1900001350193019B9C4200D1F7BD21782139C3
:10E1A000CBB25D2B05D871433200280079180BF0F3
:10E1B00074FA009B0134ED18ECE70000F0B585B06F
:10E1C0001C000AAB1B780F00150006000293F4F741
:10E1D00081FBBD4207D9029BED1B43430135ED1A7C
:10E1E0006D08EF19FFB2E2010134144BE401D219BA
:10E1F000E419D218E418331801920393039B9E424A
:10E2000001D105B0F0BD3578213DEBB25D2B0DD8C5
:10E210000E235D430A4F0722E919019807350BF0D9
:10E220003CFA07222000E9190BF037FA029A019B09
:10E23000944663440193A4180136DFE7131A0020C3
:10E2400066BE0108F8B51D0006000F001400F4F7C3
:10E2500041FB0300A74207D207205843E11B0131CD
:10E26000091A49087F18FFB2044AE901C9193000A8
:10E270008918034B0622FFF781FFF8BD131A00200F
:10E2800032BC0108F7B51F4E1D00337804001E4F45
:10E2900000910192012B21D11C490BF0F6F92A00C3
:10E2A0002000009909F044FB3A78194B5200D65AE5
:10E2B0000A213000F4F7C4FB30008FB20A21F4F7D2
:10E2C00039FB3B00134982B2200007F0C7F82B004E
:10E2D000002220000199FFF7B5FFF7BD0E490BF0B2
:10E2E000D4F92A000099200009F022FB3A780B4B60
:10E2F00031785200D25A4E23032900D1053B0849F8
:10E30000E2E7C046CF0400200800002060A3010817
:10E3100066C40108CFA3010866A30108CAC40108A6
:10E320006AA30108F8B51D0006000F001400F4F7F9
:10E33000D1FA0300A74207D207205843E11B01315D
:10E34000091A49087F18FFB2044AE901C9193000C7
:10E350008918034B0622FFF711FFF8BD131A00209E
:10E36000FEB90108F0B50027234CD20185B0521840
:10E37000141902930190F4F7ADFA25003B00C2B2E4
:10E3800080350392039ABA4201DC05B0F0BD019AD0
:10E39000D65D2D2E2CD0002B01D1202E22D0330083
:10E3A000303B0A2B13D81421303E4E43134B0A2224
:10E3B000F6183100A01C0BF070F931000A22A81CDD
:10E3C0000A310BF06AF901230D340D3508E02E2EC9
:10E3D000F9D1602303342B706B70AB7003355F3B56
:10E3E0000137CFE7029A002AEED0063C063DEBE764
:10E3F0003A26002BD7D1D2E7131A002022B9010800
:10E4000030B5072501241540D208D2018018425C9E
:10E41000AC401500A543002B01D02243D5B2455492
:10E4200030BD0000F0B50C0087B005930CAB1B7835
:10E43000019202930090009B1B78002B01D107B042
:10E44000F0BD03220026203BDBB25343134A9B1846
:10E450000493019B0633DBB20393049B019D9F5DF4
:10E4600001231F420AD0059BA1190D48C9B2002BF8
:10E4700000D10C482A00029BFFF7C2FF0135039B25
:10E48000EDB27F089D42EBD10136032EE5D1009B12
:10E4900004340133E4B20093CDE7C04602B801086A
:10E4A0009D070020131A002010B5084A0300527E71
:10E4B000002A09D0064A1278002A05D0054C00220D
:10E4C0000C212000FFF72EFF10BDC046A81E002023
:10E4D000891E002072A30108E02210B50021024825
:10E4E00092000AF0ABFF10BD131A002070B586B081
:10E4F000FFF7F2FF424B434C1B784348022B11D0ED
:10E50000012B66D1414902A80BF0BFF8404B0D200A
:10E510001A88404B684419784B1E9941C9B2FDF7DF
:10E52000D1FB02A80823002200930221073BFFF73A
:10E5300045FE394B1B78002B05D123783748002B3B
:10E5400013D0032B11D0364B36491E683000F4F738
:10E5500077FA30000D003349F4F7ECF92B00020094
:10E56000314902A806F07AFF02A80823002200938E
:10E570000221053BFFF722FE23782C48012B1DD9F1
:10E580002B4B2C481B78002B18D02B4B2B4A1B787D
:10E5900012785B00012A2CD1294A0A21D55A280079
:10E5A000F4F74EFA28008CB20A21F4F7C3F92300DD
:10E5B00082B2244902A806F051FF02A808230022D3
:10E5C00002210093033BFFF7F9FDF6F775F906B05A
:10E5D00070BD2378012B08D81B4A1C481278D2073B
:10E5E000A0D41B4A9B0098589CE71A48022B99D14B
:10E5F000F7E7194A1949D25A02A806F02FFFDCE7BB
:10E60000361E0020351E002082A30108B6A3010893
:10E610002822002026220020331E002094A3010877
:10E62000E4040020A0860100BCA30108A3A3010804
:10E63000DC040020ACA30108DE040020DD0400207F
:10E6400066C40108C9A30108341E0020A6A401085D
:10E650005CB4010888A30108CAC40108D7A3010853
:10E6600010B58022002102480AF0E8FE10BDC04625
:10E670009D07002070B5094E05003478072C0CD892
:10E68000002C04D108220A2105480AF0D7FE132DD8
:10E6900003D0631C3370024B1D5570BD7B1E0020E0
:10E6A000D003002030B500232D25064C0648E25C3F
:10E6B00029000A2A01D03032D1B2C1540133082BCB
:10E6C000F5D130BDD0030020172100200122024BDC
:10E6D0001A70024B1A707047122100208C1E002005
:10E6E000F0B5704BABB01B780590002B00D0A6E0C6
:10E6F0006D4C0327A38C002B00D1023700216B4BFC
:10E700005956002924DB6A4B1B78012B20D0694B1A
:10E71000CA01D2180123684805786B40037000D104
:10E720008FE07F2000238446644E6546D05CA8437A
:10E73000F55C2843D0540133072BF6D10426604DF5
:10E74000013107230020AE62C9B2F6F761F8AE616D
:10E75000637E002B03D05B4B1B78002B6FD1544B97
:10E760001B78052B6BD1584B1B78012B67D0574B6F
:10E770001D78002D63D14F4BFA01D3180393059BED
:10E78000002B09D0802203990AA80AF086FF802274
:10E79000290003980AF052FEF5F77AFE4C4A4D4BD9
:10E7A00012684008128E9C56A03C241824B2230004
:10E7B0005D3353DA0026230002968D3305DB2000FB
:10E7C00006219330F4F740F9C6B27B1EDBB2049306
:10E7D000221C353401DD404B1A88404B12B21C78A4
:10E7E000002C49D03E4906A806F038FE00228821B8
:10E7F000049B06A8FFF726FD029B002B4FD1320099
:10E80000384906A806F02AFE0022A621049B06A885
:10E81000FFF718FD029B3E209A19D2B20D23F9B2E0
:10E82000FDF7B2F9059B002B09D0802203990AA8B5
:10E830000AF07AFF002802D03800F6F742F82BB031
:10E84000F0BD7F208446284E6546D05CA843F55C29
:10E850002843D0540133072BF6D16FE725005D35EF
:10E86000282D00DD2825EDB20A212800F4F762F8F2
:10E87000C3B209260293A8E71C4B1D4906A806F05F
:10E88000EDFD0122084B9B8C00922832002B01D019
:10E8900023001922022106A8FFF7C4FDACE72A00D5
:10E8A0001449AEE720070020A81E00200D210020FB
:10E8B000761E0020131A00200C210020FBB701084F
:10E8C00000040050891E0020861E00205F1E0020CC
:10E8D0009C1D00202000002044A2010847220020A7
:10E8E000E2A30108EEA30108F4B70108B6AB0108E2
:10E8F000E6A30108F2A301080022F0B5584BA5B029
:10E900001B780E93574B1A70574B1B785BB2934290
:10E9100001D1FDF71FF9FFF7DFFD544B1B78002BEA
:10E9200017D0534B1B78002B13D1FFF7D5FD0823CD
:10E93000762209214F480093063BFFF73FFC062350
:10E94000762209214C48FFF77DFCF5F7B5FF25B08D
:10E95000F0BD4A4C0320A38C002B00D10230FFF7FE
:10E96000A3FD474B1B78002B76D0237B0593454BAB
:10E9700008940A93444B0B930023002703933F4BC7
:10E980009A8CBA4204D00E99B94201D103998F00F2
:10E990005B7BF9010C93FB0111933C4BCB18099362
:10E9A000002A00D07EE0059B03998B4201D101F043
:10E9B00046FA089B023308930A9B48330A930B9B41
:10E9C00001330B93039B002B48D02C4CA38C002BC2
:10E9D0000DD12F4B1B68002B09D02E4B1B78FF2B22
:10E9E00005D006232E22022115A8FFF74BFC1D4D52
:10E9F0002B78002B28D1FDF7F1FB274A0300127872
:10EA00000490002A01D100F0A8FE09232B70A38CEA
:10EA10000324002B00D10234204B1A78013AD2B2E1
:10EA2000052A01D900F08FFE1D4B9200D558174BD7
:10EA3000E00180220021C0180AF000FD7F2202219F
:10EA40002800E3B2FFF76EFC054B1B78002B01D1C9
:10EA500001F0A0F901F09CF9637B87E701238CE7C3
:10EA6000371E0020761E0020411E0020321E00208E
:10EA70002E1E002029A4010835A40108A81E00208C
:10EA80001C1E00203C1F0020D0210020131A002053
:10EA90008807002008000020531E0020F1060020F7
:10EAA00094B701080E9B002B01D101F0C2F9059B20
:10EAB000039A934200D07CE70C9B039AC24993428D
:10EAC00001D101F028FA072209980AF0E6FD0A9B15
:10EAD0001B681B680493BD4B1B780793012B00D068
:10EAE00039E1059B039A934200D0BCE12122079BA8
:10EAF000002F00D11A0000930A210023B448FFF729
:10EB000091FCB44B039A1B7B934200D0BAE0B24B0A
:10EB10001B785BB2002B00D1B4E0FDF75FFB041E55
:10EB200000D0AFE0AD4B1B780693012B00D8A9E0D5
:10EB3000AB4B18211878069B1830C01AF3F780FFEA
:10EB40001823069A0D919B1A1293129B0020A34240
:10EB50003DD80D9A069B94461600183B1B19DBB254
:10EB60000F93069B9F4D634410939F4B1393182163
:10EB70003000F3F765FF139B4900CB5A002B04D0FC
:10EB80002A1C9D4200D91A1C95B2109B0136B34233
:10EB9000EDD10D9B0F989C4618216044F3F750FF70
:10EBA000914E49008B5B181E11D08E4A0020954271
:10EBB0000DD0AA1C93420ADD581B0523584330216F
:10EBC0001830F3F7B7FE052800D90520C0B21BABFB
:10EBD000E0540134182CB8D10020099B0A34DE1D02
:10EBE00012ABE418431C0D93002800D13FE1002331
:10EBF0009C46431C6278182B00D039E1A578691C2B
:10EC00004900891861448B080693130061462B4321
:10EC100019430B1E01D101F002F9069B002B01D113
:10EC200001F004F96B461B7E00280CD0002101285E
:10EC300000D0217852000235521952189208202033
:10EC4000D2B2002B13D00620C31ADBB21900002A5F
:10EC500009D0811AC9B28B4205D81A1C8B4200D246
:10EC60000A1C1900D3B20020994200D803E17F2288
:10EC7000337801349343034333700D9B0136182BD3
:10EC800000D0F2E00024544B1C57002C04D0514B10
:10EC9000039A1B7B934217D00498FDF7CDF9002807
:10ECA00012D00A9B1B7E012B0ED1FDF797FA00288C
:10ECB00004D04E4B049A1B68934205D00998072252
:10ECC0004B4918300AF0E9FC089B1A888023DB00C6
:10ECD0009A4200D3ECE0474B1B78002B07D03D4B0A
:10ECE00003995B7B8B4202D1002C00D1CAE04249E0
:10ECF000013215A806F0B2FB01217A1CD2B215A888
:10ED000008F016FE0B9B1B780693002B00D1E5E064
:10ED1000062B00D964E1069A232194000822009270
:10ED200000223648FBB22058FFF748FA58E100238A
:10ED3000336001F0D1F8039B03215A4213000822EB
:10ED40000B4000920139002215A8FFF737FA012283
:10ED50002B4B1A702DE6FDF741FA1E4B002863D0AD
:10ED60001A7B0399274B8A4275D10B9A1278002A95
:10ED700071D101211970244B1A70244B049A1F7011
:10ED80001A4B1A60224B1B6834331B788B4215D107
:10ED9000204B214A12789200D15815A80AF075FC30
:10EDA00001232122002F00D11A0000930A21002301
:10EDB00015A8FFF737FB02230793A2E61749022B9A
:10EDC000EBD0174B174AE5E7A0A40108861E0020E8
:10EDD00018A40108A81E0020411E002044040020A1
:10EDE00045040020FFFF0000460400200821002009
:10EDF000A7A401087B1E002043A30108B8B701089F
:10EE0000761E0020391E0020381E00200D21002013
:10EE10009C1D0020E8B701086A0700204BA40108E8
:10EE2000D4B7010869070020C04A049912688A42D1
:10EE300010D19B8C002B0DD00021BD4B21225956A7
:10EE40000123002900D11A00009308210023B948AA
:10EE5000FFF7E8FAB84B1B785BB2012BABD102226B
:10EE6000B54B1A70A7E70023A6E70D98BAE6020093
:10EE7000E3789C46C2E601228A4001311043C0B2C9
:10EE8000C9B2F1E607231A00AC48AD4C815C0A29EF
:10EE900002D03031E154013B013AF7D22D21A84A8A
:10EEA000002B02DAA74AA84923E7D154013BF7E730
:10EEB000A64BD318062B00D924E70A9B0132196808
:10EEC000A34B0868D2B2A349984200D9A24915A819
:10EED00006F0C4FA7A1C0221D2B210E7089B188807
:10EEE0009E4B1B78002B36D0984BC318062B32D87C
:10EEF0009B4B039A5B7B93422DD1FFF7D3FB944D41
:10EF0000049A03009542924152420332801815AC94
:10EF100000909449200006F0A1FA049BFFB2AB4296
:10EF200010D813207B1C12AD069A40197121DBB258
:10EF3000FFF788F9069B3A0020212000E371FFF7D4
:10EF400011FA36E508232021009320003B00069AA1
:10EF5000FFF734F92DE5844B1B78012B07D1059B76
:10EF6000039A934203D10A9B5B681B680493802336
:10EF7000DB00984200D396E1794B1B7F002B25D113
:10EF8000FDF7E6F903787F2B00D995E04578192D38
:10EF900000D997E000D192E0002D00D192E0734BB0
:10EFA0006C1EA400E418200008F002FE00287CD0AB
:10EFB0006F492A0015A806F051FA752115A87F237C
:10EFC000FAB200930231002308F0C4FD694BDB7FE5
:10EFD000012B00D19BE078D9023B012B00D8E9E05E
:10EFE000079B012B00D191E1002515AB1D70624BF1
:10EFF0001C78AC4200D0B6E1594B039A1B7B93427C
:10F0000001D1002C01D10A9C103C5C4B1B78002BD9
:10F0100000D0C3E1230034331B78002B00D0B7E1CC
:10F02000079B012B00D0B1E1636919791BAB9C46AA
:10F030006046534B64CB64C01B68524D0360032988
:10F040000ED862468B009D58012909D163691B794E
:10F05000012B05D123694C4D1B79012B00D14B4D60
:10F06000414B4B4A1B780492012B05D1059B039A17
:10F07000934201D1434B0493079B012B00D08FE1B6
:10F0800062691379012B00D18CE1991E012900D905
:10F0900033E24049022B00D03F4952793F4B5200A6
:10F0A000D25A15A806F0DAF990E13D49220015A8D8
:10F0B00006F0D4F9712181E775213A487FE7712183
:10F0C00039487CE77121394879E715AC210004986B
:10F0D000FCF7E2FD1E4B049AFDB29A4210D81320B1
:10F0E0006B1C12AE00227121DBB28019FFF7AAF867
:10F0F00000232A0020212000E371FFF733F96FE796
:10F1000008230022009320212B0020000CE6089BFE
:10F1100027491A8815A8013206F0A0F908222421EF
:10F1200000920022FBB215A8FEE5C046082100208F
:10F130000D2100204FA40108391E0020D00300201B
:10F14000172100201B21002052A4010800FCFFFF12
:10F15000FFE0F505FDA30108F8A301087B1E0020D0
:10F16000A81E002057A40108861E00206C21002044
:10F17000F3A30108AA1E002003000020371E002070
:10F180009CA10108A6A4010808A401080CA4010878
:10F19000ACB70108DCA3010819A50108CAC401081D
:10F1A0005CA4010801A40108F1A7010804A4010856
:10F1B00040A30108089B15AC19882000FEF7BCFA93
:10F1C0002378002B06D1089B20001A88D8490132E9
:10F1D00006F044F9D74AD84BD27FFCB2022A07D1B5
:10F1E000002212AB9A7508232121009323009AE78D
:10F1F0009A8C002A27D112AB9A75082321210093FB
:10F2000015A82300FEF7DAFFCB4B9D8C002D33D1E0
:10F2100015AE31000498FCF73FFDE31CDBB20D9303
:10F22000049AC64B9A4220D813200434E3B212AC9D
:10F230002A0071210019FFF705F82B00202130006A
:10F240000D9AF57159E7059B039A934206D1230065
:10F250000022242115A8FFF765F8D5E72300002236
:10F26000242115A8FEF7EEFFCEE708232A0000931D
:10F27000202130000D9B57E50498B149F3F7E0FBDE
:10F2800004980D00AE49F3F755FB013402002B0042
:10F29000AC4915A806F0E2F800222421E3B215A833
:10F2A000FEF7D0FF9CE615AC21000498FCF7F4FCB7
:10F2B000A24B049AFDB29A421FD813206B1C12AEC7
:10F2C00000227121DBB28019FEF7BCFF00232A0067
:10F2D00020212000E371FFF745F8089B1888FDF70F
:10F2E00037F8182302781A4200D179E609980622E5
:10F2F000954978300AF0D1F972E60823002200938C
:10F3000020212B002000FEF759FFE6E78F4B1B68FA
:10F3100029331C78002C23D100248D4B1C57002C42
:10F3200000DA61E6062C00D90624119B894D0026DF
:10F330005D193E230493884B1B78002B06D00623CF
:10F34000FF229B1B9A407F231A400492280002222E
:10F35000049901360AF072F80335B442EBD243E661
:10F36000013C64B2DBE77D4B1B781C1E00D143E6F9
:10F370007B4B1B785BB21C1E00D13DE6FCF72EFFD9
:10F380002C00002800D037E6764C35E623694CE6A1
:10F39000754A9B009B18754D04936DE6744BFAE714
:10F3A00022696EE65279734B5200D65A0A21300018
:10F3B000F3F746FB30008BB20A210793F3F7BAFA52
:10F3C0006D4982B2079B15A806F048F80026624BEB
:10F3D0001B78002B00D1E1E07B1CDBB20022B421C2
:10F3E00028000793FEF72EFF079B00228221049836
:10F3F000FEF728FF504B9B8C002B24D15F4B1B78D2
:10F40000002B20D1002E05D132000221063315A891
:10F41000FEF718FFA68B64213000F3F78BFA584BE8
:10F4200085B29E427DD864213000F3F709FB2A00A3
:10F430008BB215A8534906F011F8062300222E219D
:10F4400015A8FEF7FFFE069B002B01D0052B2BD144
:10F45000230029331A78072315001D401A4200D0D3
:10F46000C8E001263A4B1D783B4B47491B78002BDF
:10F4700000D1C3E0152228311BA80AF00EF903229F
:10F480006A431BA97B1C8818DBB20022AA21FEF765
:10F49000D9FE2620002E07D0099B03221818013020
:10F4A0003A49FF300AF0F9F82268A3689A4200D17D
:10F4B000D0E0631CD87FAC239B031B93344B1C937D
:10F4C000344B1B685A1CD27F002A03D05A699A42D7
:10F4D00000D1A8E00321F3F7B3FAC9B21E4B1A78A2
:10F4E000002A00D1A7E049001BAA50180022BC2125
:10F4F0007B1CDBB2FEF7A6FEACE0A68B64213000DD
:10F50000F3F79EFA30008BB264210793F3F712FAF7
:10F510000A2682B21B49079B15A805F09FFF764279
:10F5200055E72A001C4915A805F098FF85E7C04655
:10F5300040A30108AA1E0020A81E0020FFE0F50538
:10F54000A086010061A4010895A101089C1D00206E
:10F550005C000020151B0020472200203C040020F6
:10F56000411E0020E8030020ACB70108A6A4010852
:10F5700010A4010866C401086BA401083E1E002007
:10F580000F27000071A4010884A10108AFA401089D
:10F590002D0044007C1E00207AA40108002D0DD00F
:10F5A0002B78002B0AD03122002F00D1203A0123E2
:10F5B0003421009328000023FEF734FF049B1B78BE
:10F5C000002B0AD03122002F00D1203A0123032141
:10F5D000009304980023FEF725FF44363122F1B250
:10F5E000002F00D1203A012315A800930023FEF735
:10F5F00019FF28E7013D0026EDB235E723223D3112
:10F600001BA80AF04AF805236B431BAAD018312225
:10F61000002F00D1203A0123182100930023FEF788
:10F6200001FF132036E723002B331B78002B00D07B
:10F6300050E7032152E703294FD13122002F00D197
:10F64000203A01232A2012AD00932B2100234019D8
:10F65000FEF7E8FECA4B1D7823002B331B78002BE6
:10F6600008D0C848002D3FD07B1C0022C121DBB24E
:10F67000FEF7E8FD2D3424780023012C01D1C24B84
:10F680001B78E4181BA8C14BA400002D37D0020042
:10F69000603362CB62C27B1C0022D0210059DBB2F6
:10F6A000FEF7D0FD0C9B039A934201D0FFF781F93E
:10F6B000B74B1B78002B32D0B64915A809F0E5FFEF
:10F6C000AF4B1B78002B31D001370022E221FBB277
:10F6D00015A8FEF7B7FDFFF76CF949007B1C1BA8C6
:10F6E0004018DBB2A92105E73122002F00D1203AD2
:10F6F0000123302100930023FEF794FEBAE70200B5
:10F700006C3362CB62C231220059002F00D1203A03
:10F7100001235B2100930023FEF784FEC2E79E4B8A
:10F720009E49DA7D15A805F099FEC9E73122002F20
:10F7300000D1203A01236E21009315A80023FEF783
:10F7400071FEFFF736F9964B964D1B78002B01D0D2
:10F75000FFF76DF9944DFFF76AF9049A002A00D07B
:10F76000BAE2924A127852B2002A00D1B4E2904A28
:10F770001278002A00D0AFE202232B708D4B1B8839
:10F7800009938023099ADB009A4207D38A4B1B68AE
:10F79000002B6FD1FCF7DEF9FFF756F929342678F4
:10F7A000731E182B00D91926844B854A197800231B
:10F7B000994202D010780133434082480478002CEB
:10F7C0006ED0814C2478002C6AD0804C2478B442CE
:10F7D00066D1002B64D17E4B1B78002B60D1117059
:10F7E0007C4B1F88002F01D1FFF72EF900217A4AA8
:10F7F000694B1578794A1268D08B8D420BD08022E4
:10F800009C8DD2001600944200D2A8E0DC8D944278
:10F8100000D2A8E00D0000221300714C0394039E57
:10F82000DC08345D07261E4034410126344203D0F3
:10F83000921992B2984206D0802401339BB2E40020
:10F84000A342ECD10022674B002903D10392002A86
:10F8500000D092E01A88131C002A00D101239BB229
:10F860000393002D00D00CE12A00002304921D0018
:10F870005D4A39E15D4A534D1068584A2E78126846
:10F88000514C918B002E00D0BAE001262E7000253D
:10F890002570574C2360574B1860574B1960C2E0D6
:10F8A000002501272C00484B11701F70474B802208
:10F8B000002107704A481E7009F0C0FD8022002117
:10F8C0004E4809F0BBFD434B1D802000FCF740FD76
:10F8D0000390002837D0072203781340934232D098
:10F8E0004378192E20D1002B2DD007233800234038
:10F8F000984003003A49E208885C03438B54039B19
:10F900006A1C1B7892B27F2B08D90723E8081D4098
:10F910003B00AB4039490D5C2B430B542D4915007E
:10F920000B8801330B800EE0192BDED09E420AD1EA
:10F93000294A194B1278002AD7D09A8DA24202D0B8
:10F94000DB8DA342D1D180230134A4B2DB009C42E1
:10F95000BBD100221E4B1A70224B1A8040E70121B6
:10F96000A04200D157E7DB8D0021B34200D352E71C
:10F97000C31A5A42534159004DE7039A1A8070E75F
:10F980004722002083A801086807002084A10108FD
:10F99000900700207EA40108A81E002083A401086F
:10F9A000F20600201BA4010813A40108411E002038
:10F9B000891E00208C07002088070020F306002005
:10F9C0001321002016210020052100200421002001
:10F9D0001221002014210020D21E00209C1D002096
:10F9E000782000201021002031A501087804002093
:10F9F00000210020FC200020F8200020F81F00201B
:10FA00002678002E00D040E7BF4E3668B34200D0C3
:10FA10003BE7BE4E3668B04200D036E7BC4E366893
:10FA2000B14200D031E7B84B1C68002C01D1FFF780
:10FA30000BF8B64B1B680393A34201D2FFF704F8FF
:10FA4000B34B1D68002D00D10135039B2900181B05
:10FA50001668F2F76FFF471C013000D10127200024
:10FA6000B44203D80398B04200D930002900001BEB
:10FA7000F2F760FF431C0393BB4200D903970125B3
:10FA8000F2E60124A34B8C401B7803261A00580988
:10FA9000DB065B0F23433240DBB2002803D0013882
:10FAA000C0B2002812D11100012032000131C9B2C8
:10FAB000022900D900211C00CC40044200D0D3E030
:10FAC000013AD2B2002AF1D1130006209B00400176
:10FAD000914903431343DBB20691002A05D08F49B5
:10FAE0000691012A01D18E4A06928A4A8D491370E5
:10FAF00000203A0005F0B2FC0399C3B200918A4A93
:10FB00001821C4B201971BA805F092FE874B9B8C6D
:10FB1000002B00D1ABE0032319260A930123E40054
:10FB200000933200002302211BA8FEF77BFCE3B206
:10FB300000240793A54223D00B33DBB20893079B25
:10FB4000089D1233DBB20B93B31D0C9334000023DA
:10FB5000220029007648FEF753FC01340C9BE4B2E6
:10FB6000A342F4D101350B9BEDB2AB42EED10123A0
:10FB700032000093089900230698FEF753FC0B24EB
:10FB800000236C4AD3560B93079B1C197D23E4B2C8
:10FB900025000B34E4B21B1BDBB209355E1E3000BE
:10FBA000EDB20693012F0BD00398B84200D938006C
:10FBB000002800D1013001387043791EF2F7BAFEF7
:10FBC0000396864200D903900C2012260A9B584ABD
:10FBD000D901531858555D196E701D007D352E7072
:10FBE00000257E331870544B09191B88079708931A
:10FBF0008B180A93069AEBB29A4201D8FEF724FFBB
:10FC0000079B0699D81BF2F795FE0699441C0798A6
:10FC1000F2F790FE00231A0003998D425A410B9986
:10FC2000D2B2013103D0039AAA425B41DAB2230077
:10FC3000844200D2030080210998C90088422CD256
:10FC4000002C00D1013408998B4200D90B009C4252
:10FC500005D8013C3948A4B29BB2A3420BD12D2355
:10FC6000002A13D10C3B11E000230A002DE70523E5
:10FC700029260A9352E70726E108415C26403141D4
:10FC800001260134A4B23142E7D021230A9A535508
:10FC9000079B0135DB190793ACE704990029DED0F7
:10FCA000201E00D101208342D9D3802149028C42F9
:10FCB000D5D28B4200D3224B2249234C09788C4663
:10FCC00000216145CBD02688B04201D8B342DCD2B6
:10FCD0000131C9B20234F4E71C4A1278002A07D075
:10FCE0001B4A1278012A03D104232B70FEF7ACFEC5
:10FCF000184A1078002B2FD0002835D105232B70FF
:10FD0000FEF7EEFCFEF7A0FE00210020FC20002004
:10FD1000F82000200E21002031A5010826A40108AA
:10FD200023A40108FCA5010889A40108A81E00203D
:10FD3000131A0020411E002014210020F81F00206B
:10FD4000FFFF0000C60400207C0400205E060020A7
:10FD5000861E0020371E0020704B1B78002B03D01E
:10FD6000052B01D0FEF770FE6D4B1B78002B01D1E7
:10FD7000FEF76AFE6B4E3378002B01D1FEF764FE6E
:10FD8000694B1B78002B01D0FEF75EFE002826D0C1
:10FD900006F00EFD654B9B8C002B01D0FEF7D5FDC8
:10FDA000634B1B78002B01D0FEF7CFFD614B1B7816
:10FDB000002B01D0FEF7C9FD059B5F4A002B00D048
:10FDC0005E4A5F4915A805F049FB7F230622009390
:10FDD0006B21002315A807F0BDFEFEF7B6FD30002D
:10FDE000F2F778FD574B1B78002B01D0FEF7AFFDE3
:10FDF00007332B700C2800D20C200C3832185249D3
:10FE000015A805F02BFBA28C0523002A01D00323A3
:10FE10000022022115A8FEF715FAFEF715FE0028AC
:10FE200001D0FEF703FF2030FEF721FF0123FEF78C
:10FE3000FBFE059B03998B4201D1FEF73DFE434E2D
:10FE40003368002B48D0394B0493059B04995B0021
:10FE50005B5A3F495B18062B01D9FEF768FF5342F6
:10FE60005A410324082352421440FDB22C19E4B233
:10FE700000220721374800932300FEF79FF93068DE
:10FE800015A9FBF709FF23000022382115A8FEF76A
:10FE9000D9F9314B15A918680134FBF7FDFEE3B21F
:10FEA0000022382115A8FEF7CDF9049B9B8C002B6E
:10FEB00012D02A4B1B78FF2B01D1FEF77AFD0235B9
:10FEC000EBB23022062115A8FEF7DCF9049B9B8CCF
:10FED000002B01D0FEF76DFD154B1B78002B14D0C5
:10FEE0001F4A204915A805F0B9FA104B9A8C002A30
:10FEF00001D0FEF720FF08230221009315A8033B41
:10FF0000FEF75CF90122184B1A700C9B039A93427E
:10FF100001D0FEF7DCFD1549FEF7D5FD861E002059
:10FF20005C060020621E0020891E0020A81E002002
:10FF30003E1E0020371E0020ECAB010840AA01083D
:10FF400099A401085F1E002091A4010888070020E1
:10FF500000FCFFFF40A401087804002008000020F6
:10FF60007507002047A40108761E0020B3A40108ED
:10FF7000044BFF201A784D2A03D8034BD2009B185C
:10FF8000D8797047991E002024B1010830B587B098
:10FF9000FFF7EEFF4C2800D988E0F2F7C1FC4D00D6
:10FFA00052006100670067008D009C00A500AB0057
:10FFB000F400B000B500C101BA004B01BA00FB006B
:10FFC000C100C500CD00E200D700DC00E500F10073
:10FFD000F800FE000101060109010C010F011201E8
:10FFE00017011B011E012101250187008700350132
:10FFF00029012C013D01400143017D003A014601E8
:020000040801F1
:100000007D0058015B018201850188018B018E0111
:100010009101940197019A019D01BB01A001B101D9
:10002000B401B7016601A3015E016A016A016A01B8
:100030006A016A016201BE01BC4ABD4BD27D1A60F1
:1000400034E0BC4BBC491B680833DA7F0023C85C32
:10005000904203D00133182BF9D10023B44A38E081
:10006000B44BB34A1B6829331B7832E0B14BB34918
:100070001B680C781A795B79002C05D000230B7073
:10008000AF4B1A78AF4B1B78043841424841511EA0
:100090004C426141884202D00022A54BCFE7A449DF
:1000A000022A05D80133002AF6D00B6007B030BD14
:1000B0006933032AF9D0EFE79E4B9D4A1B68197BF1
:1000C000022904D00329E7D15B7B693301E05B7B24
:1000D00001331360EAE7974B1A680023117B01296B
:1000E000BCD1537B0133B9E7924B914A1B68013372
:1000F000DB7FEEE78F4A8E4B126892699FE78D4B4C
:100100008B4A1B682D33AFE78A4B894A1B68333310
:10011000AAE7864A8649537B04335B009B5AC4E7AF
:10012000834B894AD27F8AE70023804A917F994294
:1001300000D193E7D37FD5E7844B1A787C4B002A14
:1001400002D0834A12787AE7824AEBE79021784A14
:10015000764B490003E02221754A744BFF315B5C0A
:10016000B7E7734B7C4AEDE77C4B7149DB7F5A1E46
:1001700093417B4A5B00D27F501E82419B1894E7DB
:100180006B4B784ACEE7694A694B127E57E7684B5A
:10019000754AD7E7664B754AC4E7654B744AD1E7A1
:1001A000644B634A1B682E335EE7614B714AB9E7C3
:1001B0005F4B714AC6E75E4B704AC3E75C4B704ABF
:1001C000C0E75C4B5A4A1B6835334DE76D4A584BC4
:1001D000128834E7564B6C4AB4E7554B6B4AB1E78B
:1001E000524A534B928D2AE7504A514BD28D26E703
:1001F0004F4B674AA6E7674B0A211888F2F79AFB2C
:100200004B4C80B2206051E74A4B494A1B6832335D
:100210002AE7474B604A95E7454B604A92E7444BD3
:100220005F4A8FE7424B5F4A8CE7424B404A1B686C
:10023000343319E73D4A537B04335B00985A01235A
:1002400000221900FCF78CF9394B18602EE7384B67
:10025000554A77E7364B554A74E7554A344BD288AE
:10026000EDE69121324A314B73E7304A304BD27E72
:10027000E5E601AC22004F4B23CB23C203CB03C2E4
:10028000FFF776FE4638800003594B4A1978002361
:100290001079884200D1E1E601330832152BF7D1FD
:1002A00004E7234B454A4DE7214B454A4AE7204B9B
:1002B000444A47E71E4B444A44E71D4B434A41E743
:1002C0001B4B434A3EE71A4B424A3BE7184B424A14
:1002D00038E7174B414A35E7154B414A32E7144B93
:1002E000404A2FE7134B1B6834331A78104B012A0E
:1002F00001D13D4A26E7022A00D1CDE63B4A21E75B
:100300000B4B3B4A1EE70A4B3A4A1BE7074A084B8E
:10031000527F94E6064B384A14E7054B374A11E7FB
:10032000044B034A1B6828339EE6C046A81E0020E3
:10033000941E00207C1E00204AAC0108DC04002032
:10034000DD040020DE040020AF1E0020670700202F
:1003500066070020B01E00200C070020AE1E002003
:10036000AD1E0020A91E0020D01E0020AA1E0020C5
:10037000E61E0020AB1E0020EA1E0020EF1E00201B
:100380005E060020F21E0020D11E0020D21E00209A
:10039000221F0020181F0020421E00205C060020A3
:1003A000E81E0020E91E0020981E0020E403002023
:1003B000461E0020FCA10108ECC5010856000020E3
:1003C0005C0000201F1E0020281E00203A1E002076
:1003D0002E0000209C070020F90600204822002063
:1003E00047220020030000206A0700206907002040
:1003F00068070020261F0020871E002021070020FC
:1004000010B50024084B1B78A3420BD1FFF7B0FDB9
:100410000F2807D1054B1B78A34203D0044B1C685F
:10042000E443E40F200010BD5A1E002044220020A7
:1004300040220020F8B50500BE20414A8000138804
:100440005188404C5B189188D2885B189B189B1090
:1004500058433D4B2678D988F2F7F6FA3B4A83B2E7
:1004600013803B4A934228D907232370394B1F78C6
:10047000012F05D1FFF77CFD2E2801D1364B1F70CF
:10048000FA21364B364F1B883A7849008B4238D8D0
:10049000002A04D00122334B1A702F4B1A7000230C
:1004A00020783B70B04242D000222F4C022833D932
:1004B00022700122284B1A7036E02C4A93420DD844
:1004C00091212B4A4900525C012A01D80023CCE734
:1004D000962189008B4201D2022AF7D0012380B2F3
:1004E0002370FBF7CFFEC0B206234B28BDD80523EF
:1004F0003228BAD804231928B7D80528B6D9032337
:10050000B3E7002A06D1174B01321A70124B1A704A
:10051000F4F75CFB0123C3E7164B022808D0012245
:100520001A702378002BC4D00022134B1A80F8BD18
:100530001A70002DF5D0114B1978FDF709FEF0E780
:100540009C1E00208E1E0020461E0020941D0020B0
:100550007A0300005F1E0020881E0020E41F002098
:100560008F1E00208C1E00202E1E00207502000011
:10057000A81E0020321E0020301E00202F1E00204A
:10058000F0B5A9B0FFF7F4FC0390FDF7A5FF30220A
:1005900037230021100007F04FF902234021AA4A17
:1005A000D1540233322BFBD1A84B1C78A84B1D78B9
:1005B000AC4231DAA74BA8481B78E6003618002B6E
:1005C00000D088E0631E00D26B1E0022DB00110009
:1005D000C0180123FDF736FE0823002230000093E7
:1005E0001100063BFDF7EAFD601C854200DC00209F
:1005F0000022994BC000C01811000423FDF722FE11
:100600002B009649621C18A804F028FF062300223C
:10061000190018A8FDF716FE5021002304AA52184D
:100620001370303904AA52181370F4F7CFFA039BF1
:100630004C2B00D9A5E01800F2F772F956006B00B8
:1006400083009100EC009100EC00000136014903A9
:10065000CD0177066806240224027402B70343031F
:10066000CF01D7012002F301F301470377065F03AF
:100670000902BD037706B9035A0077062002240257
:10068000BD03770624022402D903E203ED037706B3
:10069000EA037706F103F303F503EF030302EB0527
:1006A000EE057706270643064C064F064F06520610
:1006B0005F067A067D067D067706800609070C0729
:1006C00029071D06E206FD05200620062006200655
:1006D00020061A06220208230093002330001A0085
:1006E0001900FDF76BFD8BE75D4B5E491A6845E02D
:1006F00005215B4A5C4B126818A89A5C0824D30752
:10070000DB170B405208594904F0A8FE00260423C9
:100710000FE3534A56491268564BD2B28A5C6421A1
:100720005200D55A2800F2F78BF928008CB26421C8
:10073000F2F700F9504982B2230018A804F08EFEA7
:100740001FE0474B4D491A68002A0DD0551E4C4CEE
:100750004C48AD0092004C492B591258EDE7404BE4
:100760001B68002B03D1494918A800F059FE484ADC
:10077000682B4ADC013B5B00D25A464918A804F0BA
:100780006DFE502204AB9B181B78002B00D1B6E005
:1007900018A8F2F79FF800230600411E0125180053
:1007A00018AAB34201D000F075FE032D01D800F065
:1007B0007CFE072D00D9072501230327049300247D
:1007C0006B08FF1AB44200D399E0002D00D196E0E7
:1007D000049A18AB1819FBB2002A01D100F06AFE86
:1007E0007F223221FDF72EFD18ABE25C1F2A01D9D2
:1007F00000F068FEB44201D300F069FE1A5D1F2AC2
:1008000001D900F064FE0134F4E7693B5B00D25A81
:100810002149B3E7124B1B68002BA4D01F4A013BB0
:100820005B009D5A0A212800F2F70AF928008CB2D1
:100830000A21F2F77FF81A4982B27DE7194B084A7C
:100840001268920000F01EFD911C0020991E0020ED
:10085000921E00204422002024B10108F0A40108C7
:10086000941E002097A501088AC30108F8A4010876
:100870004AAC0108D8AE010801A501080CA5010881
:1008800020B701083CB7010811A5010804A401081C
:10089000CAC40108DBA3010818A5010866C4010841
:1008A000CFA3010814B70108CB4B1B78002B04D051
:1008B000CA4B1B78002B00D087E0C94BC9491D6883
:1008C000EB17E8185840F2F7A5F928000C00C549C5
:1008D000F2F7BAF823000200C349082418A804F06C
:1008E000BDFD012318A87F2232210094FDF766FC8C
:1008F0000323BE4800947F223221FDF75FFC039B57
:10090000033B012B01D900F0E9FDB94B1B78002B0B
:1009100007D008237F2200933221B648043BFDF71D
:100920004DFC039B042B01D000F0E2FD0124AC4BF5
:100930001B68002B01D000F0DEFDAF49002C00D079
:10094000AE490CA808F0A1FE0CAC2378002B23D0F4
:100950002000F1F7BFFF00281ED0072358430130C5
:100960004D2801D900F00BFE47331B1A5B083233C8
:10097000DBB23321322B0BD07F22121A111CD2B2E0
:10098000332A00D23321CAB29A4200D9191CC9B203
:100990000122200006F0CCFF039B312B02D00D3B3F
:1009A000022B0ED8964B1B78002B0AD09548012BB2
:1009B00000D1954808237F2200933221033BFDF7A5
:1009C000FDFBF3F779FF29B0F0BDFDF76BFE8F4912
:1009D0000200C31C81E78E4B31E7814B8D491A68B9
:1009E000002A00D0CAE68C49C8E67D4B1C68002C62
:1009F00000D1B8E63C2C12DC05203C216043F2F724
:100A000009F920000D000C21F2F71EF82B0002005E
:100A1000824918A804F022FD3C24012677E680498B
:100A2000A2E66F4C7F49226818A804F017FD6A4BB4
:100A30001B78002B00D1A4E62068C0B2F2F784FF37
:100A40009FE6674B1968784B8900C9188CE6644BA0
:100A50001C68002C00D186E60F203C216043F2F791
:100A6000D9F80B000321E2176C480A401219010063
:100A7000921018A804F0F2FC2824CEE76B4BDEE6B7
:100A80006B4BDCE68023564FDB003868984204D17C
:100A9000684808230093063B2DE7002280B211002E
:100AA000FBF724FD08263A6818AC0100050092B255
:100AB0002000FBF707F900237F2232212000009657
:100AC000FDF77CFB002D21D04D4B1B78002B1DD159
:100AD0003868320080B2000114A9F3F7C5FD149FF5
:100AE00040493800F1F7ACFF38000D003D49F1F7FF
:100AF00021FF2B0002005049200004F0AFFC052329
:100B00007F22322120000096FDF758FB344B200055
:100B1000196889B2FCF710FE23784848002BB8D03A
:100B20002000B6E700222E4C11002068082580B274
:100B3000FBF7DCFC22680100060092B218A8FBF764
:100B4000C1F800237F223221009518A8FDF736FB5B
:100B5000002E00D1D3E620682A0080B2000114A93B
:100B6000F3F782FD1C4B149F1A78354B002A01D1F4
:100B7000013A1A601E68002E64DA216818A889B24A
:100B8000FCF7DAFD502204AB9B181B782B48002B96
:100B900000D018A808237F2200933221063BFDF7DE
:100BA0000DFB174B1B78002B00D0A8E638000D4931
:100BB000F1F746FF38000C000A49F1F7BBFE2300AD
:100BC00002001D4918A804F049FC08237F22009365
:100BD0003221033B18A890E6442200207B1E00200F
:100BE000941E0020A08601001FA5010834A501085D
:100BF0005A1E0020B3AA0108DDA40108DEA40108E2
:100C00003E220020EAA40108E4A4010828A5010866
:100C10000CB70108FCA5010804A401085AA50108A5
:100C2000FDAA010897A50108ACB70108FCB60108A8
:100C3000ECB60108B1A30108C1A30108A0A30108F3
:100C40004022002008237F2200933221AE48063B39
:100C5000FDF7B4FA092EA4DC0024AC4DA64220D046
:100C6000A94B1B5D672B0CD06A2B0AD0E00080B229
:100C700002001D2337323130190012B200B206F0E3
:100C8000DBFD013408350A2CE8D1A14BA1481B78C3
:100C9000002B00D0A048042300224D21FDF7D2FAFA
:100CA0007FE7F00080B202001E2335323330190096
:100CB00012B200B206F0C0FD20222B7813432B7035
:100CC000DFE7964B96491A688AE6964BB7E5052604
:100CD0003000924B3C211C6801346043F1F79AFFCD
:100CE00020000D000C21F1F7AFFE2B0002008E4911
:100CF00018A804F0B3FBB32409E5884B8B491C68A2
:100D0000002C00D130E5502C3ADCFA20FA21604367
:100D10008900F1F77FFF0B000321E21784480A40A6
:100D200012190100921018A804F098FB5024012613
:100D30000523804D794ADB01ED1810682A000C2349
:100D4000363229001370122237310A7042310A708C
:100D50002A00C0B27A32801BA11B13708001F1F708
:100D600073FE212438232D263830C0B2DAB2210098
:100D7000904200D33100E9540133792BF6D100E5DC
:100D800005252800503C60433C21F1F743FF20003B
:100D90000E000C21F1F758FE33000200664918A836
:100DA00004F05CFB68245026C2E7644B47E55B4BCC
:100DB00063491A6814E6594B62491D68192D00D120
:100DC000D2E4002D03D1039B1B2B00D1CBE45E4B5F
:100DD0006C1EA400E418200006F0EAFE002802D0F1
:100DE0002A005A49CAE423002A005949A5E4594B6C
:100DF000594A19780139C9B2FD2907D857499CE4E5
:100E0000574B584A19780139C9B2F5E75649B5E444
:100E1000424B56496AE4564B11E5564B0FE5564B8B
:100E20000DE5564B0BE53D4B1C68E4B2052C00D993
:100E3000A7E42000F1F774FD060013003B016601F2
:100E4000AD01AD014E4B4F4A4F4918A804F006FBC7
:100E500006237F2231214D48FDF7F4F991E4002467
:100E60004B4F08AB06AE009332003800494907AB40
:100E700006940794089409940A940B9408F02AFCA9
:100E8000032823D0444C3B002200102114A804F076
:100E9000CFFC22001021414B10A804F0C9FC4049AE
:100EA0000CA808F0F2FB03237F22312114A8FDF7E0
:100EB000C9F904237F22312110A8FDF7C3F90623C5
:100EC0007F2231213748FDF7BDF918E50BAB0093C0
:100ED000354932480AAB09AA08F0FCFB0328D1D1F6
:100EE00032787178B078314EA300F3581F7897426A
:100EF00005D15F788F4202D19B78834258D001346C
:100F00000C2CF1D1002455E04B220020C71B0020FF
:100F10003F220020BEA40108BAA40108941E0020AC
:100F2000C2A40108DCB601085AA5010838A50108C9
:100F30003DA50108131A002052A50108CCB60108EE
:100F4000C7A40108F1A701086C210020E6AA010846
:100F500066A50108FC1E0020F41E002072A50108F1
:100F60000E1F0020061F002077A501087CA50108A0
:100F7000B8B60108ACB6010894B6010888B60108F5
:100F80004DA3010884A501088AA50108E6B001085F
:100F90007AB6010890A501088DA5010871B601086F
:100FA000BEA5010868B601089AA5010868B4010841
:100FB000002CA7DBE1233C21099A1B0153430A9A29
:100FC00000264A439B180B9A9B18E122D2019D18D8
:100FD000DC4B9D424CDC002D4EDB079B089FF61836
:100FE000002307960493049B059321003800FAF729
:100FF0000FFE864244DC059B002B00D00796049B25
:10100000002B00D008970023089F079E0493002E12
:1010100040DD002B00D00796049B002B00D00897E2
:101020000899C94BA400E358C84A019100961021C1
:1010300014A804F0FDFBE12128000901F1F704FDEB
:101040003C2106002800F1F7E5FD0191E12128008F
:101050000901F1F7DFFD08003C21F1F7F5FCBC4C7C
:10106000009033002200102110A804F0E1FB16E7E5
:10107000B84A0136AD18ACE7B74B013EED18AAE708
:1010800001230134361A05930C2CAED10024FF182D
:101090000493A8E7013C03D201230B24013F0493EE
:1010A00021003800FAF7B4FD01233618AFE7AB4949
:1010B0000CA808F0EAFAAA4B1E883000FBF7E2F809
:1010C000642105003000F1F7BBFC30008CB26421D4
:1010D000F1F730FC230082B2A249009514A804F075
:1010E000BDF903237F22312114A8FDF7ABF891222B
:1010F0009D4B52009C5C9D48A40005233121205843
:10110000A33AE0E6EC219A489A4C49026043F1F791
:1011100011FC994A994B86B29B18994A99499B1898
:10112000994A0CA89B1A5C4308F0AFFA0A213000D8
:10113000F1F700FC0A2180B2F1F782FC30008DB299
:101140006421F1F7F7FBA40B2B0082B28F4914A89E
:1011500004F084F9A4B203237F22312114A8FDF7FF
:1011600071F80A212000F1F7E5FB0A2180B2F1F7BE
:1011700067FC20008DB26421F1F7DCFB2B0082B20A
:10118000834914A804F06AF905237F22312114A8A9
:1011900099E68049052C00D17F490CA808F075FA22
:1011A0007E4E052C00D17E4E0021072501270A0026
:1011B00038001432D3B22A409040C2B29446DB08C1
:1011C000784ADB019B182122C8084243B2180492D6
:1011D0000A0000202A400592202913D0049A059C79
:1011E000125C22413A4003D064461A7822431A70B6
:1011F000013001332128EFD10131C9B22129D6D1E3
:10120000FFF77DFBC4B2E2087C3AD2B2B25C2C405C
:10121000E7E7654BFFF713FB644B1B78002B07D107
:10122000634B64491B78013B012B01D8FFF79CFA03
:10123000614BFFF704FB614B614A1D68484BD08846
:101240001B8829005843F1F775FB86B230006421F2
:10125000F1F7F6FB30008CB26421F1F76BFB230051
:1012600082B25849009518A804F0F8F8FFF789FAF7
:101270003E4BFFF7E4FA544BFFF7E1FA4F4A534B6A
:101280001268D200D158FFF76FFA4C4B1C68002C43
:1012900001D1FFF768FA782C01DDFFF772FA200020
:1012A0003C21F1F7B7FC20000D003C21F1F7CCFB0D
:1012B0002B000200464918A804F0D0F87824FFF764
:1012C000ACFB3E4B434C1B6843489D0001339A00E6
:1012D000FFF741FA414BFFF7B2FA414BFFF7AFFA84
:1012E000364C4049226818A804F0B8F83E4B2268F2
:1012F0001A70F3F7B5FBFFF744FA304A3B4B12681C
:1013000018A89200D15808F0C0F9F2E74822164B0D
:10131000597B4A439B1898331B681868FAF78CFE70
:101320003349002801D1FFF71FFA304BFFF787FA46
:10133000304BFFF784FA304BFFF781FA2F4BFFF762
:101340007EFAC0467F51010068B40108A3A50108D8
:10135000AFA5010880AEFEFF805101002DA4010859
:10136000941D002059A20108A81E002054B60108AF
:1013700010A501001027000000020000203100200D
:1013800000030000C4A5010800000020CBA501084F
:10139000D9A50108D5A40108D0A4010898B4010872
:1013A00021B501085B1A00204CB601084422002038
:1013B0004A220020E7A5010820B60108941E00205B
:1013C000461E0020F3A5010818B60108ECC5010867
:1013D000FFA5010820B701083CB7010810B60108B5
:1013E00000B6010897A501082E0000205CB701088F
:1013F00009A60108F8B50108F0B50108E8B501082B
:10140000604B1B6834331B78012B0DD15E4A5F4B58
:10141000126818A89200D15808F037F95C490CA856
:1014200008F033F9FFF7ADF9022B06D1594C18A893
:10143000210008F02AF92100F1E7534A564B1268BF
:1014400018A89200D15808F020F95449E7E7544B06
:10145000FFF7F5F94C4B1A68002A0ED1514918A82C
:1014600008F013F9002426002500F3F719F80423E7
:10147000002D00D05DE4FFF784F93F2AF2DC4A49F1
:1014800018A803F0EBFF3F2401260425EDE7474BA6
:10149000FFF7D5F914780A2C03D1994201D9013507
:1014A000107001330132FFF77CF900230227049307
:1014B000FFF785F90822322100927732FCF77EFE91
:1014C000FFF792F90134A64201D0FFF78EF902230B
:1014D000049A013D9B1AFF18FFF774F9039B062B32
:1014E00001D1FFF723FA039B052B01D0FFF72CFA5C
:1014F0000024FFF71CFA5A1ED2B2002C21D0312A48
:1015000034D8002001000500294E0B2D14D8775D3A
:10151000B94211D1013501313229F6D1FF20032220
:10152000121BD2B2FF2822D00130009021490CA812
:1015300003F094FFFFF708FA9142F0D00130C0B2F7
:10154000E9E7672A19D82000210025001A4E142D3A
:1015500007D8775DB94204D1013501316829F6D148
:10156000DCE79142DBD00130C0B2F6E7022213493A
:101570000CA803F073FFFFF7E7F90322F7E7332323
:10158000FFF7FAF97C1E0020941E0020E8B701083E
:101590008CAA01084BA40108D4B701081CA60108B5
:1015A000E0B5010804A40108E6AA0108CCB50108C9
:1015B000AAB501081FA60108B6B5010829A60108A9
:1015C00002000020054BD979914205D00130C0B20C
:1015D00008334E28F7D100207047C04624B10108D7
:1015E000F0B587B0FDF73CF80822002104A807F009
:1015F00025FF984B984D1E78984B994C1B78002BE3
:1016000056D0012E48D1974B1E8876083C213000D9
:10161000F1F790F93C23C2B25B4253439B199249C4
:10162000DBB202A803F01AFF0622904B904902A8F1
:10163000FCF7A4FDA37F002B04D00C228D488E491B
:1016400008F02BF82B78002B0AD18C4B88481B789C
:101650008B493630002B00D18A490C2208F01DF846
:10166000637E002B00D0ABE0874B1B78002B00D0B3
:10167000BCE0864B1B78002B00D0BAE0844B1B7873
:10168000002B00D1A1E00834E37F09228149002B1F
:1016900000D197E0804995E0FAF7A0FD002807D037
:1016A000E1267E4B36011B885B08F61AB6B2ADE721
:1016B000052E04D10C226E48794907F0EEFF794BD4
:1016C0001B785BB2002B21D1FAF76CFB00281DD1EF
:1016D0002B78002BAED1237F002B65D1A31DD87FA3
:1016E000631DDB7F002B59D06F4B1B78002B5FD025
:1016F0006E4B12221900002801D00220053A5C4BE3
:101700001230C0B2C01807F0C8FF93E78022684BC0
:10171000D2001B8893423BD2FAF744FB002837D112
:10172000230029331F78192F1CD1624904A807F020
:10173000ACFF0E2623002A331B78002B05D05E4910
:1017400004A807F095FF0436F6B201230022022117
:10175000009604A806F0FEF9FAF724FB002800D052
:1017600068E7B5E7554B7E1EB600F618300006F068
:101770001FFA002805D13200514904A803F06EFE7B
:10178000D7E73A004F4904A803F068FE0A26D1E7DC
:1017900006224D494D4807F080FFDDE700280BD0B9
:1017A00002200C224A49AAE702200C224949A6E756
:1017B00003200A224849A2E702200C2247499EE75B
:1017C00009224749474807F068FF474B47481A78BE
:1017D000474B1978FAF738FA464B1B78012B0BD098
:1017E000022B2DD0F3F776F807B0F0BD082242495E
:1017F000E8E70C224149E5E7414B1C88FA239B00AE
:101800009C4200DB3F4CA4B264212000F1F718F9A0
:1018100020008DB26421F1F78DF82B0082B23A4995
:1018200004A803F01BFE04A8F1F754F80722424372
:101830002E490E4B891A04A80622FCF79FFCD1E71B
:101840002F4B1888FAF71EFD3049020004A803F058
:1018500005FEE8E7861E0020121A0020871E0020E1
:10186000A81E0020841E002031A6010832BC0108F9
:101870009D070020C407002002B401081F1E00209D
:10188000F6B30108EAB301081D080020650700202F
:1018900067070020C4B30108BBB30108821E002003
:1018A0004EB40108411E00208507002026B401081F
:1018B0008C070020F1A7010860A901086C21002015
:1018C0005CA40108F3A3010843A60108A6070020B1
:1018D0001AB4010842B4010838B401080EB4010872
:1018E000E1B30108E30700202F1E00200C080020B0
:1018F0008E1E0020421E0020D9B30108CDB301087E
:10190000941D0020E70300003BA601087CAB010802
:10191000F0B5804A85B0137804001070052B36D1DD
:10192000052824D17C4BC8221B78002B00D1BE3A5D
:1019300000240125794BDB7F5343794A1380794B8F
:101940001C70794B1D70794B1C70F2F7E3FCF2F7B9
:1019500011FD21002000F2F701FC754B1D70754B45
:101960001B78AB4227D0200003F014FD23E0F2F7F0
:101970004BFD00226C4B1A706D4B1A706E4B1B782E
:10198000934201D1FFF72CFE002C18D113E0002860
:1019900013D1012B0DD1F3F775F8684B1B78002B91
:1019A00003D0FA22664B52001A800122604B1A7053
:1019B00001E0042BF1D005B0F0BD0528B2D0012C18
:1019C00000D0A1E0F2F7B1FC00225E4B1A70F4F7F0
:1019D0009BFD5A4B1B78002B01D004F037FA0125F0
:1019E000534B1D7003F0C8FCFAF73AFF290006209C
:1019F000F2F7B4FB544B554F1A78AA422FD03A68ED
:101A000032321178042968D81522CA402A4264D09B
:101A100000221A703B6832331B78042B06D14C4BE2
:101A20000022FA211B784B48F3F74CF94A4B1B78FC
:101A3000002B54D0032B03D101204849F3F7B0F910
:101A4000FA20C000F3F730F8A0238022DB05520013
:101A50009A61434BFF3A1A70424B1A7047E0424E6C
:101A600000221A70414B424D1B88C82B00DAC82354
:101A70002A007A3212780292394A0392029A002A94
:101A800007D0A0228021D20549009161012203994B
:101A90000A70FA2080005843F3F706F80298F2F72C
:101AA000E1FC29002B002A00783109887433723256
:101AB0001B88128876350191298830000091012118
:101AC000F3F794F9A02380220020DB0552009A62EC
:101AD000039B1870F2F7A6FC9CE7264EC0E7F2F7CE
:101AE000DFFB254B1B78DB0701D5F3F76FF8FA22F4
:101AF000224B92001A800022214B1A70032C00D135
:101B000059E70F4B1A8056E7022CF0D10122074B00
:101B1000A3E7C046861E0020561E0020AF1E0020F0
:101B2000541E0020161E0020151E002090070020C5
:101B30008C1E00205F1E0020200700207A1E00203F
:101B400072070020771E002024220020981D00200C
:101B5000221F0020DD09000095070020D6060000A6
:101B6000A41D002063070020E81F0020181F00208C
:101B7000A81E0020F41E00200C07002050000020AA
:101B8000181E0020F0B58E4E89B033680790002BE8
:101B900047D08C4B1B68002B43D08B4B1B68002B12
:101BA0003FD033682D331C78012C03D1874B1C7830
:101BB0000134E4B2A023802200255200DB059A62A2
:101BC000834B290005201D70F2F7C8FA33681A000C
:101BD00034321278012A2BD12D331878A84200D044
:101BE000032006F027F800210620F2F7B7FA882133
:101BF0003620F2F721F9FA2600210120F2F7AEFA99
:101C00000124B6000C20F1F7DDFE0500254020423E
:101C100013D000210220F2F70FF93000F2F744FF51
:101C2000F0E7FAF7F3FD3368002BBAD109B0F0BD45
:101C3000022C00D92C002000D3E729003F20F2F726
:101C4000FBF8644B7D2019783F231940624B634EAB
:101C50001943F2F7F1F85A4C23681B691F683800E2
:101C6000F2F7F6FA236834331878FAF7EDFE2368B2
:101C700029009A1CD27F702001925A1DD27F0292B5
:101C8000DA1CD27F03929A1DD27F04921A1DD27F52
:101C900007330592DB7F0693F2F7CEF8A021059B70
:101CA000090219434D20F2F7C7F8DE21069BC9014E
:101CB00019434E20F2F7C0F8049B4F201902039BF2
:101CC0001943F2F7B9F8019B78201902029B1943D6
:101CD000F2F7B2F82800F2F7C7FAF2F7CFFA3800B5
:101CE000F2F72CFC28000121F2F738FAF2F7D8FBC2
:101CF00023680C251A0034321278002A0ED11B6991
:101D000018795979012851D0831E012B45D8F9F74C
:101D1000BFFEF2F739FA324DF2F7C2FAB37F002B69
:101D20004BD0294B1B6834331B78002B45D12D4BEE
:101D30001B78002B41D13300FE33998B588BF2F77F
:101D400063FA30231D43236800201A0034321278CE
:101D5000824204D135331B78012B00D91800F2F7E9
:101D6000AFFAF2F7E9FA2368002134331878013822
:101D700043425841C0B2FAF71FFE802109013F20BB
:101D80002943F2F759F8FAF735FA079B002B00D1EF
:101D90004CE70020FFF7BCFD48E71348F2F710FAC4
:101DA00007201249F2F748F8114DB5E7114B4900E9
:101DB000C85AF2F705FA104DAEE7F2F7ABFAC2E7F0
:101DC0009C1D00207C1E0020981D0020680700201C
:101DD000A41D0020F01E002040E90000A81E0020E5
:101DE0000C0700007A1E002026020000CE21000011
:101DF0000C04000066C40108CC04000010B50E4BB2
:101E00000E495A7B09885200D1529B180C4A0D4C3E
:101E100012880D499A802068482207F03EFCFBF7A3
:101E2000B1FE2068FAF7D0FB0120FFF7ABFE0022DD
:101E3000064B1A7010BDC046A81E00208403002067
:101E4000820300207C1E002088030020781E0020D2
:101E5000F0B5AB4B8BB000AF1C68FEF789F80C23D4
:101E6000FA18043BDB18C0B2D9192500F9F788FD30
:101E7000002809D1A34B3A691968914201DA1A6026
:101E800002E0FA689142FADCFEF772F84C2869D851
:101E9000F0F746FD4D0058006B007200890070009D
:101EA000870097009C006501A000A4000C03A80017
:101EB000EA01B9006E01D900DE00F0001301F7005D
:101EC000050117015E016A0172017B018C0192011B
:101ED00096019F01A501AA01AF01B301CE00D40074
:101EE00068006800C601B901BF01CC01DE01E20152
:101EF0006800CA01E601F50146028A02C302C50272
:101F0000CC02D502D702D902DB02DD02DF02E102F8
:101F10000803E302F302FF020303A602E5029502AF
:101F2000AD02AD02AD02AD02AD029F020A03754AD9
:101F3000754B1268DA750122744B1A70744B0932B2
:101F40001A7079E021006F4B724A1B680831DBB2CE
:101F5000D35C714ACB77E38B9B18062B02D8012206
:101F60006E4B1A80BD460BB0F0BD664B29341B6822
:101F70002370F4E708342500624B1A68002A04D164
:101F80002B79012BEED0AA80E9E7D3B2682A04DCD2
:101F90000222013B2A716B71E1E70322693B2A713E
:101FA000F9E708342500574B1B68002B04D12A7928
:101FB000012AD7D1AB80D2E7013B6B7101232B7192
:101FC000CDE7504B01341B68E377C8E74D4B1B68E6
:101FD000A361C4E74B4B2D341B68C9E7494B33342D
:101FE0001B68C5E7474B48491A6892B2E2834B7BAE
:101FF00004335B005A520222484B1A80434B1A703A
:10200000474B0122D0E0474B0922190020205C7A7F
:102010002500854307D0FF2C05D03A4B186880B2C5
:10202000FBF7C2FF9EE75872013B013AEFD2F4E79B
:10203000344A354B12689A853B4BE2E7314A324BC2
:102040001268DA85F8E72F4B1A68384BDA77F3E72E
:102050002C4B2D4A1B681900481E81419177002B9B
:1020600001D0013BD377FBF7C3FA0122304B1A7042
:10207000304B65E7234B1A682F4BDA7700222F4B42
:102080005EE7902122201F4B1F4A1B6849005354D2
:10209000FF30115C013399420DDA19000BE0222167
:1020A0009020184B184A1B68FF3153544000115CB4
:1020B000013B9942F1DC1154BEE7214B114A1268F1
:1020C0003EE7104B104A1C680123517B234001312D
:1020D000C9B24B43501DDBB2C3770020A40700D523
:1020E000081C0632D077174A1370174B174A18701E
:1020F000012313700E4A13700E4A13709CE7C046FA
:102100007C1E0020941E0020A81E002063070020D3
:10211000020000204AAC010800FCFFFF92070020EB
:10212000F30600204B22002070070020AF1E002085
:10213000740700208C1E0020B01E002067070020BE
:102140000C070020A51E0020A41E00206E07002002
:10215000D84B1B685A1E9341D74AD3776CE7D54AB0
:10216000D64B12681A7667E7D24B1A68D44BE7E66B
:10217000D04B1A68D34B69E71E21CE4BD24A1B685D
:10218000DBB213704B43D14AB7E7CA4B1A6823003E
:102190002E331A70210000230122E08B05F04AFC47
:1021A0000122CB4B1A70CB4B1A70DBE6C14B1B687C
:1021B0005A1E9341C84AD0E7BE4B1A68C74BBFE6C8
:1021C000BC4B1A68C64B1A70FBF712FAC54B0122BA
:1021D000B6E6C54BB74A1268511E8A41B0E6B54B08
:1021E0001A6823003533D4E7B24B1A68BF4B1A8004
:1021F00022E7B04B1A68BE4BA2E6AE4B1B685A1ED4
:102200009341BC4A79E7AB4B1B685A1E9341BA4ACB
:1022100073E70A22A74B1B685343B84A13800BE7A6
:10222000A44B32341B68A3E6B54B47E7A14BB54C32
:102230001B685A1E934100222370B34B1A70F4F7A7
:1022400063F92378002B00D00FE7F2F76EF80CE764
:10225000984B1A68AD4B73E6964B1A68AC4B6FE619
:10226000944B34341B6883E6924B1868002380B289
:102270001A00190005F0DEFB0222954BBFE6A026EE
:1022800000248C4B36021D682000F2F70FFE8023DD
:102290005B01E418B442F7D1002D02D02000F2F720
:1022A00005FE0C240826A020A319D919102200022B
:1022B000F2F7DAF97F22A0200125A11900263B7E42
:1022C000C91993433B766F3A00230002FD76F2F77B
:1022D00097FE904B794C18008F4A90497B60267787
:1022E000FAF75AFA8E4B8F4A18008F493B60FAF77B
:1022F00053FA8E4B31007A6823606360874802236B
:10230000A660FBF771FE022329003A688648FBF7B6
:102310006BFE874B1D70874B1D70FBF73FFC21E662
:10232000644B85491B680A2B08D10A780132D2B266
:102330000A70022A00D815E6804ADEE600247F4AA9
:10234000DBB20C701370092B00D075E67C4B6E4627
:102350009D446D468022290092002000F2F784F906
:1023600083222B0092000C33A91840201A780243D4
:102370001A7010338B42F8D18022002320002900EC
:102380009200F2F73DFE80239B00E4188023DB01DE
:102390009C42DFD102210020FBF7F4F90221012049
:1023A000FBF7F0F9B54647E6424A664B1268511E04
:1023B0008A411A700222464B1A70464B07E73D4B82
:1023C00061491B680C22CB8060480023F2F718FE9D
:1023D000C8E5384A394B11689122520099542BE6CE
:1023E000344A364B1268511E8A41DA7624E60822B6
:1023F0000C239B18DC192200554B23CB23C203CBA3
:1024000003C22C4B1D68FDF7B3FD524B4638ED005F
:1024100080005B1902591B796FE64F4B4EE6254A47
:102420004E4B12681A7001224D4BE0E6214B1B689F
:102430005A1E93414B4ADBB213704B4A5DE64B4B3D
:102440003CE64B4B3AE64B4B38E64B4BC2E64B4B2C
:10245000C0E64B4BBEE64B4BBCE64B4BBAE63434C6
:1024600020784A4B012802D0002803D1484B114A5A
:1024700012681A70FAF7E8FADEE50E4A454B126860
:10248000511E8A411A70FAF7EBF90120FFF77AFB27
:10249000D2E5084B1A68404B52E5064A074B1268D2
:1024A0005A77C9E53D4B95E63D4B07E6014B28348D
:1024B0001B685DE5941E0020A91E0020A81E0020B8
:1024C000D01E0020AA1E0020E61E00203F1E002075
:1024D00063070020F3060020AB1E0020EA1E002048
:1024E000EF1E0020740700205E060020F21E002070
:1024F000D11E0020D21E0020221F0020181F002005
:10250000421E00205C060020771E0020E81E0020EE
:10251000E91E00202C1F0020F003DE000204000052
:10252000741F0020F07795020504000002040504E2
:1025300046220020452200204A220020981E00202A
:1025400000FEFFFFE4030020461E002040010100C2
:10255000FCA10108ECC50108560000205C00002029
:1025600092070020492200201F1E0020281E002064
:102570003A1E00202E0000209C070020F9060020B3
:102580004822002047220020030000206A07002084
:102590006907002068070020261F0020871E0020F2
:1025A00021070020F0B5614B614C1B788DB0012BE9
:1025B00000D082E0F1F7CEFE0020F1F755FE5D4934
:1025C0007120F1F739FCF1F745FF5B48F2F76CFA3F
:1025D000C32170200902F1F72FFCF1F7C3FE574821
:1025E000F2F762FAF1F7B6FE50215548F2F752FBC6
:1025F00000217020F1F720FC30205249F1F71CFC3B
:10260000514D2B6832331B78042B07D123007A33CA
:102610001C22FA211B784D48F2F754FB2B68323309
:102620001B78023B012B2BD823007A331F78484EAE
:10263000002F09D0A0238022DB0552009A610123DC
:1026400044483370F2F730FA3800F1F70BFF2100FD
:102650002300220078310988743372321B88128873
:1026600001912100763109883B4800910021F2F761
:10267000BDFBA0238022DB0552009A620023337049
:1026800001200334F1F7CEFEE37F002B10D02B683E
:102690005B691B79023B012B42D830495220F1F78C
:1026A000CBFB2F495120F1F7C7FB2E48F2F7FCF97D
:1026B0000020FFF767FA0DB0F0BD022BA0D1242255
:1026C000294903A806F0E9FF0020F1F7CDFD002617
:1026D00003AD698828780136F1F7AEFB0435092E81
:1026E000F7D10025214A6B005F20D15A0135F1F75F
:1026F000A3FB072DF6D11E48F2F7D6F91D49592044
:10270000F1F79AFB1C48F2F7CFF968215920F1F74D
:1027100093FB00217020F1F78FFB002158206DE71B
:1027200016490720F1F788FB1549BBE7E91E002091
:10273000A81E00201C3E000050C30000803801008D
:102740001E050000FEC10000981D0020AB0900001E
:10275000A41D002060EA0000061F00208F02000078
:1027600040800000400D030010A2010894C301083E
:10277000204E00006808000020BF02006F04000027
:102780004090000070B53A4B3A4EDB7F002B18D0DA
:10279000D222394B52001A800022384B1A70384A24
:1027A0001378002B07D1737B364933730968364B96
:1027B0001960012313700022344B1A70344B01321C
:1027C0001A70F9F7ADF9334B1C6863691868F9F7AB
:1027D00033FC314D002812D0230028331B78012B05
:1027E0000DD12A78022A0AD02C4A13700320FAF756
:1027F000D7F9002302202B70F9F7E4FA70BD284BBB
:102800001B78002BF2D1230033331B78002B03D02D
:10281000244B1B78042B1BD0234B1B78002B19D087
:10282000062B19D834342478002CDFD10120FFF78F
:102830006FF81E4B2A781C80002A0FD000231C4AF8
:1028400013701C4A13701C4A13701C4A1370D5E78E
:102850000120CCE70220CAE70620C8E70A22317E21
:1028600001314A431A801B88154A9BB21380E5E761
:10287000AD1E0020A81E00201C07002052000020D2
:102880001C1E00207C1E00209C1D002085070020AF
:102890008C1E0020981D0020950700206307002053
:1028A000291E0020861E00208E1E0020841E00206F
:1028B000201E00202A1E0020FF060020FE06002009
:1028C0008003002091210022F8B5304D304B890063
:1028D000287032201A70F1F7AFFAF1F78FFDF9F78F
:1028E00095FF2C4C206803000833DF7F0369C18B00
:1028F0001A68868BF9F750FF236801201A00083206
:10290000D7779E83FFF73EF92A78234B234D002A81
:1029100031D001221A7023681A6908331068204ADE
:102920002860DB7F1370F1F709FE2868F1F7F0FDEE
:1029300001221C4B1A701C4B14321A701B4BEA32CA
:102940001A701B4B1A7000231A4A13701A4A13701C
:102950001A4A13701A4A13701A4A13701A4A1370DB
:102960001A4A13701A4A13701A4A13701A4A1370CB
:102970001A4A1370F8BD1A7001235B422B60F1F7FD
:10298000D2FD32201649F1F757FAD1E7331E002065
:10299000900700209C1D0020351E0020E40400202C
:1029A000252200208C1E0020E8040020DE040020E8
:1029B000DD040020E0040020DC04002011070020DA
:1029C00018070020170700201A0700200F1E0020FC
:1029D0001E070020361E0020341E0020DF040020C9
:1029E0004502000010B5F9F7DDF9002819D00D4AAD
:1029F0000D4B12789121DA7702220C4B32201A709B
:102A00000B4B013A1A700B4B89001A7000230A4ACB
:102A100013700A4A13700A4A1370F1F70DFAF1F7AE
:102A2000EDFC10BDE3030020AE1E00206307002074
:102A3000F30600208C1E00205A1E0020DC0400201B
:102A4000DF040020F0B504000D00160089B0102846
:102A500000D9B1E3EFF764FF11001100110011007C
:102A6000110011001100110011001100F600C00149
:102A7000C001B40213038803AC03002916D0012758
:102A8000BF4D2F70FDF774FA0F2841D1BD4B1A6866
:102A9000002A3DDB092A09DCBB48BC4BBC49002E9F
:102AA00014D030348454FF220F701A70B94B1B7845
:102AB000012B09D1FDF75CFAB74B2E2802D0282252
:102AC000452800D1F0221A8009B0F0BDB34DA7000F
:102AD0007F591D78AC46B24DA44502D01C702E70B3
:102AE00006E02B780133DBB22B70FB5C002BF6D0B9
:102AF000AC4C2B782478FB5C002C05D01C00613C8E
:102B0000192C01D8203BDBB2835401230B70CDE795
:102B1000002ECBD101272000FBF7ACFD9C4BA24C33
:102B20001F70A24B1B78002B27D12378BB4216D0F5
:102B3000022B62D10A209E4A2670137851784343B3
:102B4000CB18002B59D09B480078984205D39A4A5D
:102B5000013B1370994B1F70A8E711702770944BBD
:102B60001B78002B49D0934A12789A4245D3924A57
:102B7000013B1370914B0122ECE0FDF7F9F90828B5
:102B800012D12378052B00D890E7FBF78BFDF9F7DE
:102B9000B9FB8B4B1B68998B64235843F9F71AFADE
:102BA000884B2670186081E702000D3A182A1DD85C
:102BB000854BD3403B4219D02378032B00D875E7CF
:102BC0000A237B4926700A7848785A4312185A43D8
:102BD000887812185343CA78013A9B1880229BB216
:102BE000D20093420BD2774A13605FE7C0B204AAC7
:102BF00003A9F8F7C5FE002804D0002323700223A0
:102C00002B7053E704990320632903DC0238092958
:102C100000DD013000221300654F26780197D7B2FE
:102C2000BE4206D8864201D1002222709942E6DBDC
:102C3000D9E70A277B43019FBF5C0132BC4663444E
:102C40009BB2ECE7002900D130E7002A09D0FDF75C
:102C5000D7FB002800D129E75C4B1B78002B00D064
:102C600024E70122464B514D1A702C78484B1A70BC
:102C7000002C1ED1FDF77CF90300263B012B00D868
:102C800014E70E3801280AD90022504B1A7001238C
:102C90002B70454B1A703B4B013A1A6006E7494BC3
:102CA00022001868210080B2F9F720FC0028EBD13F
:102CB000FCE6FDF75DF90F2800D086E2314C236871
:102CC000002B2BDA00223F4D1100286880B2F9F763
:102CD0000DFC002800D1E9E629682B4D89B22800B7
:102CE000FAF72AFD2800EFF7F5FD092807D80A2290
:102CF0002021121A401906F0A1FB0023AB72FF211C
:102D00000023224A32481170254A29001370254AAF
:102D100023601370112206F0C0FCC7E6092B00D90E
:102D200053E2FF21194A1170002E15D00A232360A7
:102D30000022284B14491A70244B25481A7011326E
:102D400006F0F2FC002800D03FE22870FFF74AFEB0
:102D50000022154B1A70A9E6013323600A2B00D01C
:102D6000A4E6E5E701233370F0E71A4B1F70002358
:102D70002B70F8E70122174B1A7000232B70E5E740
:102D8000791E0020402200204B2200205B00002002
:102D9000570000205F1E0020601E0020C4C50108EF
:102DA0003B2200203F2200207B1E002044220020E6
:102DB000D0030020921E0020991E0020F60600205D
:102DC0007C1E0020941E0020070090013E2200205F
:102DD0002A220020F70600200B283AD10A3C002DB9
:102DE00000D163E6002E04D10122B14B1E70B14B1D
:102DF0001A70B14DEB7E002B05D1B04B1B78002B28
:102E000001D0644264B2FDF7B3F807000F2834D153
:102E1000AA4B1B78002B30D0A94B1E68002E2CDB50
:102E2000092E00DD42E61022A64904A806F035FC72
:102E3000A548E4B2835D02AAE318DBB2D51D1900F0
:102E400000222039C9B25E2906D91F2B0DD87E2356
:102E50000EE001246442C2E70132AF5C9F4202D11E
:102E6000E318DBB2EBE7102AEDD17E2B00D920234B
:102E70008355FF22954B1A70B8E0F8F793FF021EB6
:102E800000D013E68D4B924E1978002922D191483B
:102E9000914B02781B78121B013B541C02D09342C9
:102EA00016DB1300012203708C4B32701A70FDF791
:102EB0005FF8132800D1F9E51538012800D8F5E5A9
:102EC0000835EB7F002B00D0F0E5F0F767FDEDE56E
:102ED0000B00E7E7082F12D1814B824D1B68286851
:102EE000998B814B4C432018984203DC002802DA6E
:102EF0007E4800E01000F9F76DF8286033E03900F3
:102F00000E39172913D87A4BCB40DB070FD5754DF7
:102F1000243F2868A1B2012F2AD9081813002100E4
:102F200080B2F9F71DFB734B9842E6D11BE0F8B273
:102F300004AA03A9F8F724FD002814D1694D0399C8
:102F400028680B00049A884203DB1300824200DDEC
:102F500003006948E318834204D0994202DC9A4294
:102F600004DB1A002A60012333709FE50A00F9E7A9
:102F70008022624FD200904205D1012C1AD1012348
:102F80005B422B603B80002328681A00081880B23F
:102F90002100F9F7E5FA574B984200D0286000234A
:102FA000FA5E2B68012C07D19A4207DD8023DB00F3
:102FB0002B60D8E73880E6E79A42F7DB3880D2E723
:102FC000FDF71EFA002825D0002D11D1002E00D0CB
:102FD0006CE53B4A1368002B0ED000DC66E5013B34
:102FE0001360FF22394B1A70454B1E70384BC2E5F7
:102FF000304B002E00D1BEE5F1F7E8FD0023404A3A
:1030000013702E4A13702A4A13700122334B1A7020
:103010002F4B9FE6002E00D048E5002D00D145E55E
:103020000124244B2A4D1C70364B1A78002A1FD1DC
:10303000224B1B78002B12D01D4E3378002BDBD097
:10304000FCF796FF0828D7D1F1F7C0FD0A213378A5
:103050002D4A013BDBB23370D1542C7026E52B4B4B
:103060002E70DB7F002B01D1F0F798FC284B82E516
:103070001E70284B1C70284B1C702C70F6E7002922
:1030800000D113E501220B4B1A70FCF771FF0F28DA
:1030900044D10B4B1B68002B40DB092B00DD05E501
:1030A0002A22002E00D103320749CA54E1E6C04665
:1030B0007B1E0020791E0020A81E00204422002034
:1030C000402200204AA601084B2200205B0000207D
:1030D00057000020991E0020921E0020F6060020B6
:1030E0007C1E0020941E0020F5E0F505F6E0F505B5
:1030F0000300C800FFFF0000FFFFFF7F3C2200200D
:103100003E2200205A1E0020D0030020B01E0020C6
:103110001D1E0020881E00208C1E0020002E00D0C6
:10312000C4E4F9F773FB374B1B6834331B78002B6F
:1031300048D1FCF71DFF0338012897D8324B1B7884
:10314000002B93D0F8F72EFE0124304F304D00288D
:1031500007D12000FFF7B6FB2E4B2C703C701C7083
:1031600084E72D4B3E7087E7FCF702FF0F281AD14A
:103170002A4B1B68002B16DB002D00D196E40121A1
:10318000274A1170092B00DD90E4002E02D0254A59
:103190002231D154012224490B7853400B70FF2176
:1031A000224B197034E731002800F3F7A9FA7DE4C7
:1031B0000800F3F7F3FA79E4002A00D076E4002956
:1031C00000D173E40222164BC4E5FCF7D1FE0400E3
:1031D000312804D023000D3B022B00D9CAE5144E40
:1031E0003778002F00D1BDE5012F00D0AEE50223D6
:1031F0003370FDF7C5F9312C00D0B6E5FEF728FE97
:10320000F2F76CFD9C1D0020442200205A1E002075
:103210008C1E002057000020881E00204022002025
:10322000791E00204B2200203F2200205B0000205E
:103230003E220020F7B51400102800D95EE1EFF718
:103240006FFB11001100110011001100110011009D
:103250001100110011004100F300F30026014B01A1
:103260005D015901002A2CD100292AD0A74B1B78D7
:10327000012B36D1A64A1370FBF7FCF90222A54BAD
:103280001A70A54B1A78032A1BD90A25A34A1C7069
:10329000137851786B435B186B4391785B185D43EF
:1032A000D378013BED188023ADB2DB009D4218D2EC
:1032B000220021002800F9F719F9994B1870994B51
:1032C0001D80F7BD002AFCD10029FAD0964B1A7850
:1032D0000193032A05D0954B1B78002B04D1002ABB
:1032E00004D18B4B02223FE0012AFAD00125874E00
:1032F000874A34781570AC423FD0022C46D0002C5F
:10330000DFD1002B18D18A4FFA213C682000F8F752
:1033100061FE050087492000F8F75CFE291BAC42DE
:1033200000D9611B021B844200D9221A824B9142B0
:103330001CD9022238601A70804B1B68D88B8023FE
:10334000DB00984216D2012300223370754B110026
:103350001880F9F7CBF8724B18700223019A13709A
:103360006C4A13700122764B1A70AAE700223D6066
:103370001A70E1E702233370EFE7674B1B78002BED
:103380009FD10222634B32701A709AE76B4F002B69
:1033900030D1674B38681A68C18BF9F7FDF9694B72
:1033A0001B78002B06D0684A3B6812781A71674A6E
:1033B00012785A713B681A00083203CB03C25E4A86
:1033C0001278DA77802338686149C58B4A7BDB0045
:1033D00054009D4220D2534B04321B88520053525A
:1033E0000222C3830B534B4B1A705A4B1A80002393
:1033F000337066E721000020FAF7C4F921002800A5
:10340000FAF7C0F9504A3B681178504A197112789E
:1034100019735A715A73D5E78022038ED2009B1814
:103420009BB20A199380DBE701230B281ED10029E8
:1034300000D146E7002C04D10121374A1470344AE8
:103440001170434AD27E002A01D15B425BB22F4AFF
:103450001278012A17D1334A1088C018431C07D0AC
:103460008023DB00984204DB002002E05B42DEE7C1
:10347000394880B2108000221100F9F737F8284B44
:103480001870244B2EE7002C00D01AE729E7002AF9
:1034900000D016E7002900D113E701221C4B1A7057
:1034A0001A4A1378012B09D0022B12D0002B00D01E
:1034B00007E7FFF797FA174B1C7002E716490B78DE
:1034C000002B06D0013BDBB20B700A21134AD1540A
:1034D000D7E700231370D4E7002A00D0F1E60029D3
:1034E00000D1EEE601220A4B1A70104B1878FFF754
:1034F000E9F9E6E60800F3F751F9E2E6002C00D01E
:10350000DFE6002900D0ECE6DBE6C046361E0020F0
:10351000791E0020570000207B1E0020D0030020D1
:103520002622002028220020351E0020331E0020E5
:10353000E404002071020000252200207C1E0020EF
:103540008C1E0020DC040020DD040020DE040020AE
:10355000A81E002092070020FF0300009A4200D21C
:10356000885470477047F0B591B0049316AB10CBF8
:103570001A9F1B781B9D0290039100920593002CCB
:1035800001D110239D4380232A00DB001A400692BC
:103590001D4201D0002C1DD06123AA0600D5412375
:1035A0000026DBB20A3B0194079318990198EFF7C4
:1035B00047FA079BCAB2D318DBB2092901D83032C7
:1035C000D3B208AAB354019B189A741C934201D336
:1035D000202C14D102232A001A4007921D4220D128
:1035E000013B2B40002F08D0002B06D0059A002A63
:1035F00002D10C32154200D0013F302207E02600F4
:103600000190D2E7202C05D008A962540134199901
:10361000A142F7D8002B04D03023BC4201D2202C89
:1036200017D1EB0634D5069B002B17D1002C15D0F3
:10363000199BA34201D0BC4210D1631E012C0CD0B7
:10364000189A023C102A0CD0189A1C00022A1BD18E
:103650002DE008AAA3540134DFE71C00189B102BAF
:1036600020D1AB0608D47823202C08D12024009B3D
:10367000AD0737D125002AE0202CF7D0582308AA1F
:1036800013550134202CF1D0302308AA13550134EE
:10369000202CEBD0059B002B0BD02D2308AA135513
:1036A0000134E4E7189B022BECD1202CDED06223FE
:1036B000E5E76B0701D52B23F0E72B07D7D52023B0
:1036C000ECE72020049B0399029EB0470135009B44
:1036D0001A1B5219AF42F4D80026A74200D33E1B52
:1036E000009BF31825000193019B1819421B002D24
:1036F0000AD1079B002B05D0009BC41A009B181908
:10370000A74209D811B0F0BD08AB013DE85C0399B0
:10371000049B029EB047E7E70200049B2020039928
:10372000029DA8470134E9E7F7B59C460025194CEE
:10373000A688864220D8E388F31898421CDA1B1A20
:103740009BB20D1C994200D91D1C8027ADB201957A
:1037500025687F04BD4219D115606246019810802A
:10376000089A002A11D02268BA420ED0002299424B
:103770005241089B1A7008E0013508340D2DD7D14D
:1037800080235B04136063461980F7BD801B80B201
:103790002D18E1E73CC90108030000202F2B0FD8AA
:1037A000084A5B009A5A084B08499B7D9B075B0FB0
:1037B000595A914204D806495B5A9A429241504262
:1037C0007047C046A61D0020A81E002014B10108A5
:1037D0001CB10108F8B50E00040030252F27FF2C7E
:1037E0000ED02F2C0ED82000FFF7D6FF002805D1D1
:1037F000A419013DE4B2002DF1D1FF242000F8BD51
:103800003C00F0E70024EEE7084B09499B7D0200ED
:103810009B075B0F0748595A185A8A4202D38242C3
:1038200001D8100070470800FCE7C046A81E002021
:1038300014B101081CB10108094A1378002B08D102
:103840008020084980018861032101330B401370F7
:103850007047032BF8D18020024980018862F3E78A
:10386000EC04002000080050044A054B1268400890
:10387000128EA0389B5618187047C0469C1D002019
:1038800020000020054A064B1178107001221970A3
:10389000044B1A70044B1A707047C0469E2C0020CF
:1038A0009D2C00209C2C00208100002070B50F4A28
:1038B0000F4B52790F495200D55A04008D4213D153
:1038C0000D49EFF7BDF80800AF218900EFF732F896
:1038D000454303384342584107492D182000EFF76C
:1038E00029F8054C44432C19200070BD84000020A9
:1038F00064C8010841030000C4090000084B0948DE
:103900001A890949131C824201D9084B1B880020DF
:103910004A8804339BB29A424041C0B27047C046C5
:1039200084000020FBFF00008C2C002046A2010830
:103930000022024B1A605A601A8170478C2C0020BA
:10394000024B034A5B795B00D05A70478400002029
:1039500064C801080A4B10B51B68002B0BD0094A3C
:103960001468E41AFFF7ECFF01002000EEF7E2FF15
:10397000013080B210BD8020034B1B791841F8E75D
:1039800088070020780400208400002010B5FFF78D
:10399000E1FF0400FFF7D4FF604310BD10B5064BF4
:1039A0001C68064B5B79032B03D8FFF7EFFF400839
:1039B000241A200010BDC046882C0020840000205E
:1039C000064B10B51B68002B02D0054B186810BDC4
:1039D000FFF7DCFF034B1B68C018F8E788070020DF
:1039E00078040020882C0020034B044A1A6000222F
:1039F0009A801A811A617047702C00200000FFFF26
:103A00000122264B70B51A70FFF7EEFFFFF798FF03
:103A1000234DA882FFF79EFF224E0400E882011C7E
:103A2000802823D98021802089B24001EFF70CF84B
:103A3000C0B2031C402800D94023DAB2102A00D2B9
:103A4000102300223370184B1E78184B1A80012364
:103A5000174A1380802C0ED923007F33DB09138093
:103A600000230126EB80FFF799FF0CE083B2102BB7
:103A7000D9D21021D7E7002EF2D1012CF0D9631E44
:103A8000EB80FFF79DFF0B4B0B4A1E700123A342F7
:103A90009B415B42E860137070BDC0467B00002014
:103AA000702C00207C0000207A0000205E2C00207A
:103AB0007800002077000020760000201E4B70B5B3
:103AC0001B78002B1FD11D4B1D4C5B88A3421AD0C5
:103AD0001C4D1D4A2E881189A64207D0A14205D04F
:103AE000032070430233C3189B089BB22B80174DF1
:103AF00017482D78405D1B189BB2A14204D1138159
:103B00000122144B1A7070BD5D1AACB228B22D049C
:103B100001D5CB1A9CB2042CF5D904230C2C04D863
:103B20000233A3429B415B4201339BB2002801DA7E
:103B30005B429BB25B18E2E79F2C0020702C0020B8
:103B4000FFFF00007400002084000020820000209D
:103B50003CC801088100002010B50C4B0C4A586885
:103B60009188002807D080201C88C000844202D29F
:103B70005888884208D200205980116918805960FD
:103B800012891A81FFF79AFF10BDC0468C2C0020C5
:103B9000702C0020044A054B1268A030128E9B56F0
:103BA000C01A400080B270479C1D002020000020F9
:103BB00070B5084DE868FFF7EDFF2E89040028690D
:103BC000FFF7E8FFA64203DD0400B04200DD340049
:103BD0002C8170BD84000020124A052170B5136944
:103BE00000281DD0D5685B182C000A34A34203DDE1
:103BF0001C000A2B00DD0A241461FFF7D9FF022202
:103C0000094B1A70094B013A1D60094B1C60094BA6
:103C10001D60094B1C60094B1A70094B1A7070BD6E
:103C20004942DFE784000020782A0020700000204D
:103C30006C00002068000020640000209C2C002004
:103C400081000020002210B5034B2D211A6003488B
:103C50000A3205F0F3FB10BD742A0020682A002008
:103C6000F0B5455C401815701D70002906D0441E43
:103C7000247801261F2C05D97E2911D844780026E6
:103C80001F2C0DD82C19013464101778E4B2A74208
:103C900000D914701F78A74200D21C70002EEBD1FF
:103CA000F0BD00000B4A10B513880B4C0133138094
:103CB00024780A4AD388D168908A002C05D0013331
:103CC0009BB20918D380D16010BD013B9BB2091A89
:103CD000F8E7C0468C2C002077000020702C0020D4
:103CE00070B5124B124D1A88EB88E98AD3189BB233
:103CF000994207D9A88AEB805043EB681818E8600E
:103D0000002070BD0B4B1C880134A4B2A24203D822
:103D1000002201201A80F4E7A142F5D91C80EC8032
:103D2000FFF73CFEAB8A6343E8E7C046780000201B
:103D3000702C00205E2C0020020000200B4B70B580
:103D40001D680B4B1C68291B81420EDD2300944229
:103D500003DC2B00954200DD13001B1B0F24634383
:103D600048101818EEF770FE204070BD6400002067
:103D700068000020074B984203D1074B18680A38A7
:103D80007047064A064B12684008128EA0389B56B0
:103D90001818F5E7FFFF0000680000209C1D0020B8
:103DA0002000002030B5CB01084D1B185B08140023
:103DB0000F21EA5CC00704D58A4321400A43EA5434
:103DC00030BD0A4024012243D2B2F8E71126002078
:103DD000F7B501220407154B0191640F02400F282B
:103DE00004D90009124B0138C001C31801252E0067
:103DF000A640002492010F4F9B1800200200195C7E
:103E00000E4203D0290081400A43D2B20130082873
:103E1000F5D13878002801D0D243D2B201990833C5
:103E20000A550134082CE8D1F7BDC0469D07002093
:103E3000131A00209C07002070B505000E00064BE9
:103E40001C68002C00D170BD2369002B02D031000A
:103E5000280098472468F4E7B8190020002A0AD0FF
:103E6000054B80008A18C01892B20B78013103709C
:103E70008BB29A42F9D17047205C00407047000035
:103E8000F8B5184B0D00DC681E69FFF7EDFC640007
:103E900076002300371B4000844203DA3300864259
:103EA00000DD03001B1B6B43781018183900EEF778
:103EB000CBFDC6B26E430400331E05D0751CADB2F7
:103EC0006D089D4204D3DBB2E0B2C0184008F8BDD3
:103ED00029003000EEF72EFD80B240192B00450876
:103EE000EFE7C04684000020F0B51F00AF4B93B051
:103EF00015000B9009910A93002800D0E5E10026F7
:103F0000FCE00135252806D03200741C099B0B9972
:103F10000A9EB04764E10023012008242A78691C26
:103F20002B2A16D00BD8202A15D0232A15D0110001
:103F30003039092930D800220A24079215E02D2AA9
:103F400004D0302AF3D103430D00E7E702221343E4
:103F5000FAE70422FBE72343F6E71022F7E7050020
:103F6000079A6243303A8A1807922978681C0A0037
:103F7000303A092AF3D900212A7808912E2A25D12E
:103F80008021C9000B4369786A1C08003038092871
:103F90003BD815000A2413E0002107912A2AEAD110
:103FA00004CF07928A4203DA023152420B4307924E
:103FB0000135E0E70500089A6243303A8A18089212
:103FC0002978681C0A00303A092AF3D92A78691C32
:103FD0006C2A2AD024D8682A2FD06A2A36D028788A
:103FE0000135782890D8632833D8622800D16FE152
:103FF000632800D1A5E0252886D0582884D1202226
:104000001343103A0C218B436DE12A2906D104CFCA
:104010000235D143C9170A400892D7E71500D5E702
:104020007A2ADCD1802252000BE06A786C2AF9D11E
:10403000C022920013430235D1E76A78682A03D080
:1040400080220D001343CAE7C022F3E780229200CA
:10405000F7E7010001226439C9B28A401100544CCB
:104060002140224212D1732800D1BBE0702800D039
:104070004AE721221343059308230493089B0191E7
:1040800003931023029308CF00934BE16F2800D0D5
:1040900020E10822B6E77828B4D093430A226428A6
:1040A00000D120E1AEE758060DD5C8B205930292C3
:1040B000079BC20F0192C21704938018089B5040BF
:1040C000039300902EE108001C06EFD508B2EDE73F
:1040D000002913D13C1DD80521D50593079B0292D9
:1040E0000493089B019103933B6800933200099B62
:1040F0000B990A98FFF737FA27000600287800285E
:1041000000D0FEE6099B32009E4200D35A1E0020DA
:10411000099B0B990A9CA047300013B0F0BD396889
:1041200058060AD5C9B20593079B02920493089BCF
:104130000091039300230193D8E71806F3D589B2C1
:10414000F1E70222190011400C9113422CD00123F7
:1041500001CF320008930B99099B741CC0B20A9ED0
:10416000B0470C9B002B3BD0089B22000C932CE00B
:104170002020099B0B990A9CA047089A0799531C79
:1041800008939B1B9942F3D80A00531E9A410023BF
:10419000D1B29A4201D0079B013BF61802230029B5
:1041A000D6D0079B0133D3E73200E7E76535010836
:1041B00021081200531C0D932020099B0B990A9E85
:1041C000B0470C9B0D9A01330C93079B0C998B42C3
:1041D000F0D8079A089900238A4200D3531AE418AA
:1041E00026008BE7390004C90D92089A0E91002A27
:1041F00001D1012252420D990C008A182178002920
:1042000001D0A24214D10D9A1900A41A8022D20022
:1042100011400F91134203D0089A944200D9140020
:104220000222190011401091134217D1320009E007
:104230000134E3E7531C0C932020099B0B990A9F40
:10424000B8470C9AA31B0799D3189942F2D80023B8
:10425000A14200D30B1B0134F618E4180C960AE0B7
:1042600008930C9B0C9A013311930B99099B0A9F9D
:10427000B847119B0C930D9B0C9A9B1B985C0028D4
:1042800007D00F9B002BECD0089B089A013B002A1B
:10429000E6D1109B002B15D00C9A06E0561C20206E
:1042A000099B0B990A9FB84732000C9B0799E31AA8
:1042B000D3189942F2D80023A14200D30B1B0C9AC9
:1042C000D3180C930E9F0C9E18E71A4B0A9316E610
:1042D000022297E610226F2800D9DCE693430A22D7
:1042E000692800D0DBE6590501D501218B438021E7
:1042F00089001940692802D0642800D0E8E6002926
:1043000000D0FBE602CFD80500D4CCE60593079B8E
:1043100002920493089B0393CB0F0193CB17C91808
:10432000594000913200099B0B990A98FFF71BF93D
:104330000600E3E65D35010870B5002901D1002AC9
:1043400027D114244443194B1B191C00CC34247866
:10435000002C1ED01E00164CD036A57BA0733160F9
:104360001900D4310A600022D833EDB21A609042AD
:1043700012D1104A1178CBB201290BD0062B09D0EB
:10438000002B05D1217C40330B432374032313708E
:10439000A57370BD0523FAE70423627A1343012253
:1043A0006372637E93436376F2E7C0466022002027
:1043B000005C00405D220020F7B513007F22104012
:1043C000002901D1002B17D114224243354EB218D7
:1043D00014002C3424780092002C0DD0324CA57B94
:1043E000EAB20192A073677D01253A002A40944603
:1043F0002F4202D0019BA373F7BD009A009F116367
:1044000053636246BA6300283ED1284D2F78FAB232
:10441000012F1FD0032A03D0002AEBD1002B03D198
:1044200048232374443B0EE040222274328D934291
:104430000BD81F4E3678002E07D19AB2FFF70EFD2B
:104440000A23237401232B70D4E70020FFF706FD15
:104450000223F6E7002B05D1154A13700A332374A3
:10446000043BF0E7328D934209D8114D2D78002D91
:1044700005D19AB2FFF7F2FC0A232374BAE70020B1
:10448000FFF7ECFC0223F8E7002B05D0B28F934234
:1044900005D92800FFF7E2FC01236375AAE79AB269
:1044A000F7E7C04660220020005C00405D2200204B
:1044B0005C2200200B003F2210B51140134206D1B0
:1044C000002B04D00A008120FFF776FF10BD0022E8
:1044D000014B1A70FAE7C046B32C00200E4B10B502
:1044E0009968DA680918121A9960DA6003D0802096
:1044F000FFF762FF10BD187D002802D011001A7569
:10450000F5E7DA88002AF5D01B787F2BF2D9020074
:104510000100FFF711FFEDE7EC0000207F220F4BB9
:104520000240997B40B2C9B29A7300280FDB002A7F
:1045300007D107200A4A10706022187C02431A74BF
:1045400003E02022587E02435A7699737047002A6E
:10455000EFD01022587D02435A75F6E7005C004008
:104560005D2200200300F7B57F201F0007400342B3
:1045700012D14021404B414A180011801A00198580
:10458000CA32190017700122CC302A312C33027044
:104590000F701A700020FEBD7820034268D15BB214
:1045A0009C46374C1423A07B4D1EC0B26E42754111
:1045B000019060467B43304EA773AD01F31800288D
:1045C00029DB1F00C837B9700121CC33EDB23A8026
:1045D00019702576637E0B4213D090236376082AE8
:1045E00011D902210B000131DD00AA420ED82A00A8
:1045F00092B2DBB2A3767368D218019B7260A37388
:10460000C8E78023EAE708220123F1E74129E9D13D
:1046100000220123EDE72A2084469C446046017075
:1046200001211A852C331970B940A37A0B43DBB2F0
:10463000A37220232B432375637D9B070ED548234C
:104640006375082A0CD902210B000131DD00AA4252
:1046500009D82A0092B2DBB2A375CCE74023EFE77A
:1046600008220123F6E74129EED100220123F2E7D7
:10467000012040428FE7C04660220020282300200E
:10468000005C004010B54279037912021A430323FB
:10469000C178520519408078520DFFF763FF4342FD
:1046A0005841C0B210BD00006022F0B5A24C85B0E8
:1046B00023781A40202A00D14AE1402A00D175E12E
:1046C000002A23D103321340012B00D16EE0022BCC
:1046D00000D1D6E0002B19D160786588092815D85B
:1046E000EEF70AF9760C140C14050E142A2EEDB20E
:1046F000002D01D1914B1D70914B1D70002373E172
:104700002A0AEDB2032A04D1EE2D04D1002005B00F
:10471000F0BD032AFAD80021A369D6B21878002880
:10472000F4D05F78B74203D18D4200D154E101311A
:104730001B18F3E71B7857E1824BA360012353E179
:10474000FF270020A669EDB200973178002908D133
:104750005E22AE23FF325B00A55400281BD1E0543B
:10476000CCE77378042B08D0052B0BD0022B06D195
:104770007779BD4203D1012001E0F37800933378CB
:10478000F618E2E7BD42FAD1009B002BF7D13000CA
:10479000FFF778FFF3E701220720E254FFF74CFB15
:1047A000802202206849FFF7C7FDA7E75E23FF3399
:1047B000E35C002BAAD06078638827790B28A5D802
:1047C000EEF790F806A4A4A4A4A40DA4A4A42D31EB
:1047D0000023A2681370A2685370022304E11B0A2D
:1047E000212B0CD1594B1B68002B00D18EE75A1C92
:1047F000D27FBA42F7D15B69A3600923F4E0222B90
:1048000000D083E7514B1B68002B00D17EE75A1C78
:10481000D27FBA42F7D19A69DB69A260E4E0002254
:10482000A3681A708AE7DBB2FF2601930023A5690B
:10483000009602932B780393002B05D10820029950
:10484000FFF7FAFA039BCFE06B78042B04D0052B1B
:104850000DD02B78ED18EDE7EB78AE780093B742EA
:10486000F7D1019B009A9342F3D10295F1E7B74249
:10487000EFD1019B009A9342EBD12800FFF702FF92
:10488000E7E75E23FF33E35C002B00D13EE7A2881D
:104890006378D0B2012B1DD0032B45D0002B00D064
:1048A00034E77F331840254B997B9873C9B21206C1
:1048B0000BD4002802D0587E8006C00F00229973C6
:1048C000A3681870A3685A7087E70028F6D0587D4F
:1048D000C006F2E76388002B23D17F331840174BC3
:1048E000997B9873C9B2120610D4002804D11A7C9F
:1048F000043082431A7407E060205A7E82435A765D
:104900005A7E203002435A7699736EE00028EED02A
:1049100030205A7D82435A754022587D02435A7591
:10492000F2E700232361F1E66588002DF9D1FFF756
:10493000F5FD256159E0C046EC000020005C004018
:104940006022002049020020B42C0020B819002069
:1049500003221340012B17D1254B22791B68002B12
:1049600002D1012040420AE05D68002D0AD0591CA6
:10497000C97F914206D120001E4A1F49A847C04363
:10498000C00FC4E61B68EAE7022B00D0BEE6184B56
:10499000A2881B68120A002BE3D09D68002D03D06B
:1049A000591CC97F9142E6D01B68F4E7104B1D6883
:1049B000002D02D1012040420AE0EB68002B01D11A
:1049C0002D68F5E720000B4A0B4998470028F7D1DE
:1049D0000123013018409AE6A360022A00D0A9E61C
:1049E0009A78DB781B021343236101208FE6C046CF
:1049F000B8190020FC000020F400002070B5002849
:104A00001ED1002910D0144B9D68DC686D18641A03
:104A10009D60DC600FD1114A9A60FFF745FE0028C7
:104A200003D18030FFF77AFD70BD22002100802085
:104A3000FFF7C2FCF8E722002900FFF77DFCF3E74F
:104A40007F230340044A4E339B00D2185368002B47
:104A5000EAD09847E8E7C046EC00002008010020B3
:104A60000023180010B5094A094914888C4200D166
:104A7000108001330232802BF7D11E22002105481D
:104A800004F0DCFC0022044B1A7010BD5E2B0020E9
:104A9000FFFF0000402B00203E2B002010B5194CDA
:104AA000E08AC10907D18022174B121A4000520038
:104AB000C01804F0C3FC154A1378002B0FD0013B3B
:104AC000DBB21370002B02D10122114B1A700122AC
:104AD00010490B7853400B700F4B1A7010BD0F4BE1
:104AE0001B78002BF3D1A088FEF7BEFE0C4A0530E0
:104AF000D3680A33834200DA03000A2B00DD0A235D
:104B00001361E4E7702C00205E2B0020782A00203F
:104B1000810000207A000020610000209F2C0020EE
:104B200084000020802210B5D2000021084804F043
:104B300085FC0022074B1A70074A084B12681A605E
:104B4000074A084B12681A602022074B1A7010BDE2
:104B500011260020112A002070000020680000208B
:104B60006C000020640000207C00002013B50822A7
:104B70000021684604F062FC082269461548EFF7F8
:104B800073FD154C0521637922791B0192001343B3
:104B9000E27A206913436A46137006220F4B823073
:104BA0001B785B0013400E4A127813436A46537019
:104BB000EDF74AFF6B46987023890A4A934200D169
:104BC000FF236A466946D370024800230822F0F7A3
:104BD00017FA13BD48A100008400002082000020C5
:104BE0009F2C0020FFFF0000F7B5154B0D1E019311
:104BF0000CD0144E3368002B08D0B3681C68019B9E
:104C000000937368002D07D1B3681C6080220220D6
:104C10000199FFF791FBF7BD27001C1BBB42FBD09E
:104C2000AC4200D92C00306822000099C01904F071
:104C300034FD009B2D1B1B1900933C19E1E7C04676
:104C4000B42C0020041A00204378212B15D0222BED
:104C500004D0203B5A1E934158427047C378827853
:104C60001B021343180001220C491040134202D0CA
:104C70000A700020F1E70870FBE780200B68002134
:104C80004042187004305870D970197159719A30B7
:104C900008319870997107231360EAE7E324002034
:104CA000F7B500250700FA242E0001910520EFF743
:104CB000FBFE3B690199320099430B005E425E4165
:104CC000964206D10135962D04D15A1E9341D8B291
:104CD00004E00125013C002CE8D12000FEBD0000CD
:104CE0000C224243054B70B59B1818795D79DC881E
:104CF000EEF768FE2841204070BDC04684C8010818
:104D000010B5FEF7D3FD0400094B1860EFF7A0FAC9
:104D10002000EFF713FC3020EEF754FE04000021D2
:104D20003020EFF789F821003020EFF785F810BD2B
:104D3000982C002010B5054A054B5068D860518862
:104D400019801289DA80FFF7DBFF10BD8C2C002060
:104D5000702C0020414BF7B51A780400824251D0E4
:104D600018703F4B3F4D404F404E019300284AD0B2
:104D70003F4B1868002805D03E4A036912681A6044
:104D8000F7F722FC0020FCF7FDFE3B4B00201978D2
:104D9000F7F712FE39492B680978394A03335B1A51
:104DA000052001211360EFF7D9F93020EEF70AFE54
:104DB00080218900014389B23020EFF73DF880243B
:104DC0004720EEF7FFFD6400204381B24720EFF754
:104DD00033F8FA204000EFF767FEA023DB059C6163
:104DE00000233B70274B019A5B8843203380D27AA3
:104DF000254B5200D15AEFF71FF880213F20C90000
:104E0000EFF71AF8F7BDA0238022FA20DB05520045
:104E10009A624000EFF748FE3020EEF7D3FD1B49C1
:104E200001403020EFF708F84720EEF7CBFD184996
:104E300001404720EFF700F821000520EFF78EF939
:104E400001235B422A683380124B3C701A60019B3D
:104E5000114A5B7943205B00D15CD1E780000020E0
:104E600084000020D80500206C2C00207E0000204B
:104E70009C1D0020982C0020642C00207C00002029
:104E8000602C00208C2C002040C80108FFFD000091
:104E9000FFFE0000682C002046C8010810B5FEF790
:104EA000AFFD104CE068EFF749FB3020EEF78AFDCC
:104EB0000D4A0E4B10401880FEF73AFD0020FFF718
:104EC00049FF01220A4BFF211A7001237F325B4206
:104ED0000848638004F0B2FA40220021064804F03A
:104EE000ADFA10BD702C0020FFFDFFFF7C2A0020D2
:104EF0007B000020BE2A00207E2A002070B5802280
:104F000080256124144B6D426442002152001348F5
:104F1000DD601C6104F092FA8022FF21104804F049
:104F20008DFA002140220F4804F088FA00220E4B2F
:104F30001A800E4B1A700E4B1D600E4B1C600E4BF0
:104F40001D600E4B1C60FFF7A9FF01220C4B1A706D
:104F50000C4B1A7070BDC046840000205E2B0020F0
:104F6000BE2A00207E2A00207A2A0020782A0020EB
:104F7000700000206C000020680000206400002009
:104F80009C2C0020810000200300013870B5C4B2C1
:104F9000112800D9AFE0EDF7AFFC0921AEBDAFAEEF
:104FA0000921AED43A3AE0AEAECEAE89804D6B79EF
:104FB000012C0ED800220E2B01D00133DAB26A7117
:104FC000FEF7E4FC40082860FFF768FFFFF748FDA4
:104FD00014E00E22002BF2D0013BEFE7FEF7B0FC0D
:104FE000734A8000136880B2012C0AD171498B4248
:104FF00001D8C01810607048EFF756FD6F4B0122C2
:105000002FE06F498B42F6D91B1A1360F3E76D4A04
:105010001278002A2DD06C4AD57E0B2B01D00123AB
:105020005D400020FFF796FEFEF7DEFCFEF780FCF9
:10503000FEF7E6FC654C664A002D02D1E38A012B9F
:1050400011D8012313700023E380FEF7A7FC002290
:10505000604BE0601A70604B1A70584B01321A7046
:105060005E4B1A7047E0013B1570E380FEF7A8FC29
:10507000EDE75B4A1268002A3DD1534AD27E0B2BE2
:1050800001D001235A4057490B68002A07D0564ADD
:10509000934230D8464A12689B180B6094E7534AF3
:1050A000934228D9424A12689B1AF6E7504B0F21C7
:1050B0001878504D421C1A704F4B1C89EDF7C0FCFC
:1050C000C9B24900414B4C53D98AE0B2802906D974
:1050D000E001EDF72FFC7F2800D97F20C0B201222C
:1050E000464B40005242C252FEF722FC0020FFF71E
:1050F00031FEFEF779FC70BD394B1B68002BFAD1ED
:105100003F4A13703F4A1370FEF79CFD0120FEF7E3
:10511000B9FBF0E7324B1B68002BECD1244C032287
:105120002379002B01D0013BDAB22271FEF72EFC6D
:105130004008206048E70220FEF7A4FBFFF7FAFDD5
:10514000D9E70123304A11784B40137003D1012273
:10515000174B52421A81214B51E72C4B1C78002CE3
:1051600001D000227DE7FFF701FD294B1C70F8F705
:10517000A9FF284B1968002906D0274B1A68002A76
:1051800002D009691C600A60244B00241868FFF7EC
:10519000B7FD234A6300D15A224B185D0134EEF764
:1051A0004BFE072CF5D101221F4B1A701F4BD8E77D
:1051B000840000203F0D0300A08601009C2C0020ED
:1051C0001027000080000020A81E0020702C002066
:1051D00077000020610000207B000020810000207B
:1051E00088070020882C00207FA4BF0740771B0081
:1051F0003E2B0020402B00208C2C00205E2B00201A
:10520000192A0020182A00209F2C0020342A002070
:10521000E01E00209C1D0020302A00202C2A0020A7
:105220001A2A002028C8010863070020282A002025
:1052300070B53224FF256320EEF7C4FB2840C72851
:1052400006D9013C0120E4B2EFF72EFC002CF2D18C
:10525000EFF71EF9EFF71CF9154B0400DD8A1880F3
:10526000D888802D06D92900C001EDF763FB7F287F
:1052700000D97F200F4EC0B20F494300B44203D182
:1052800001225242CA5207E0CA5A802D0AD9B242BC
:1052900002D0A24201D8CC5270BD03204243121961
:1052A0009208EFE7A242F6D912195210EAE7C04677
:1052B000702C0020FFFF00005E2B002070B5284EF0
:1052C0008AB03000EDF706FB8022041E254D2648EB
:1052D00015D1210004F0B2F880222100280004F04A
:1052E000ADF80323220002212048F8F7ABFF042386
:1052F000220002211E48F8F7A5FF0AB070BD002168
:1053000004F09CF880220021280004F097F8112C6A
:1053100006D80323002202213000F9F703F8ECE756
:1053200005AD11223100280004F0B7F90022032353
:10533000113C022128006A74F8F7F4FF231CA4B280
:10534000112C00D911239CB222000A49684604F0AE
:10535000A4F96B46002202211A5568460423DCE7B3
:105360004B050020131C0020931B00208FAA01086E
:105370009CAA01085C05002010B5044B1B78FF2B8C
:1053800003D0034A9B009B58984710BD5F1E002026
:10539000A4C9010870B50400FF281CD00E4D2B785D
:1053A000834214D0F1F768F900230C4A13700C4AB9
:1053B00013700C4A13700C4A13700C4A13700C4A89
:1053C00013700C4A13700C4A1370EFF715FA012290
:1053D0000A4B2C701A7070BD5F1E00207B1E0020CF
:1053E000442200205A1E0020411E0020401E0020A2
:1053F0003E2200205B1E00203D1E0020881E002053
:1054000000200122064B10B51870064B524218704E
:10541000054B1A80054B02321A70FFF7BBFF10BD17
:10542000F2060020F106002028000020531E002074
:1054300010B5802205490648EFF716F9E022054924
:1054400005489200EFF710F910BDC0469D070020F7
:1054500008100100131A0020881001000EB403B5D3
:10546000012103AB04CB49420193FEF73DFD02B09D
:1054700008BC03B018470000F0B589B0F9F72CF864
:105480000520F9F711F808230093002302211A00E0
:105490005F48F8F793FE5F4C5F4BA67D0A21B50786
:1054A0006D0FE85AEDF746FA83B25C4F0393B607E7
:1054B00000D15B4F5B4B0A21585BEDF73BFA5A4E2C
:1054C00080B23B003100039A009004A8FFF7C6FFAA
:1054D000062304A800220121F8F7B4FE534D5448D6
:1054E0002B78002B12D1534B53481B78002B0DD136
:1054F000524B1B78002B33D1E27C002A23D0A27CB4
:105500004F49013204A8FFF7A9FF04A80A237F220C
:1055100000930021073BF8F751FE2B78002B06D1B2
:10552000E37C002B46D0474B1B78002B42D0464BE8
:105530001A78444B1B78002B1BD14449013204A834
:10554000FFF78CFF2DE0A38A41495000085A013231
:10555000834201D13F49D5E7302AF6D13E48D5E70D
:105560003E4B3F481B78002BD0D0374B3D491A7833
:10557000C8E73D4B02AA13812D233C4993720A7858
:105580000A2A01D03032D3B202AAD3724B782D222C
:105590000A2B01D03033DAB202AB1A73002302AA0D
:1055A00053730A237F2200930021093B04A8F8F7D4
:1055B00005FE22E01F4B1B78002B01D0A27CBCE72C
:1055C000204D2B78002B1CD1A68A0A213000EDF744
:1055D00037FA30008CB20A21EDF7ACF923002449E8
:1055E00082B204A8FFF73AFF2B7824215A42534194
:1055F00004A80122DBB2F8F7B5FEEFF75DF909B0B8
:10560000F0BDF9F74FF81B490200C31CE9E7C0469B
:105610001CA60108A81E002014B10108A6A40108B8
:10562000D9AB01081CB10108B8AA01085B1E002013
:10563000A6AA01083D1E0020ACAA0108401E0020B9
:10564000C1AA01087B1E0020061E0020E3AA010853
:10565000A61D0020CCAA010800A801080A1E0020EF
:10566000B1AA0108D8AA010843480000D0030020CD
:10567000EBAA0108F2AA010800B580220021124815
:105680008BB003F0DBFE114B1A78114B022A09D0C4
:10569000104B1A78104B002A04D1104A1278002AB5
:1056A00000D10F4B0F48104A007812780F49009034
:1056B00002A8FFF7D3FE06230022022102A8F8F772
:1056C000C1FD0BB000BDC046131D002057060020D1
:1056D00018A40108F0050020D7A8010853060020EF
:1056E000FCAA0108012600200100002000AB0108EF
:1056F00070B508490400EDF7A3F920000D00054935
:10570000EDF718F9044C02002B0020000349FFF7C5
:10571000A5FE70BDA0860100482A0020C1A3010893
:10572000F0B587B0002801D1354B1868FEF7BEF8F8
:105730000500FFF7DDFF2B220127324C110000236B
:105740002000F8F77FFD304E304B327D304992001B
:10575000D2182000FFF782FE00233A0074212000B7
:105760000097F8F75FFEF27A2A4B9200D2582A4946
:105770002000FFF773FE002307226C212000009712
:10578000F8F750FE2800FEF791F8244B0500492257
:1057900018000021039303F051FE214B1B78002BCE
:1057A00024D0204B204E1A68954216D000241D604C
:1057B00034700022A7B211003800F6F797FE0028D7
:1057C00018D00822200104A9EEF74EFF049B9D4249
:1057D00010D139003000F7F7AFFF3378002B05D038
:1057E00006223000114B0399F8F7C8FCEFF772F866
:1057F00007B0F0BD80230134DB009C42D9D1ECE737
:10580000982C0020482A002084000020ACB7010812
:105810000DAB010830C8010811AB0108C807002012
:1058200080000020442A0020352A002032BC0108D4
:105830000CB407B504AB04CB0193FEF755FB03B0E2
:1058400008BC02B018470000002270B50400100028
:105850000B4E93B2994200D870BD0825A35C1B0281
:10586000584003B2002B07DA5B00734098B2013D49
:10587000002DF6D10132ECE7400080B2F7E7C046D8
:1058800021100000F0B5802704000E00150085B03F
:105890007F04002D01D105B0F0BD002300930A3331
:1058A00020006B4403AA2900FDF73EFF6B460398D6
:1058B0005A89B8420BD3FF21300003F0BFFD6B467D
:1058C0005B891C19ED1AA4B2F618EDB2E1E73100BC
:1058D000EEF7CAFEF3E7F0B504000D00082685B028
:1058E00009270A236F4420006B443100009703AA64
:1058F000FDF71AFF802303985B04984205D26A469D
:1059000029003B785289EFF77BFB6B465B89F61ADF
:105910001C19B6B2A4B2ED18002EE1D105B0F0BD4D
:1059200030B58024094A4118884208D130BD013B76
:105930001568254205D1002BF9D10130F4E7044B5D
:10594000F6E7002BF9D003785360F6E70038014002
:1059500010270000F7B50F001400012827D00F26EC
:105960002B4D030033403A5CEB5C53403B54013019
:105970008442F6D86A46274B684604211380548037
:10598000FFF7CEFF21003800FFF7CAFF23003340A6
:10599000EB5C0134DB4301A8344003702B5D042130
:1059A000DB4343701C4B4380FFF7BAFF2FE0902A84
:1059B0002DD81A4803F071FE194900220800231D52
:1059C000134D5B1817000F263740EE5D0779013243
:1059D0007E40067101309442F4D8552252420A703A
:1059E00022324A70220ACA700F2022000240AA5CAA
:1059F0008C70D2431A70621C0240AA5C7230D2438F
:105A00005A70054A5A8022000832FEF7D5FCF7BDCD
:105A10002CC90108ABCDFFFFDCBAFFFF482F0020E7
:105A2000442F00200E4B70B51B78002B15D00D4D68
:105A30002B78002B13D001230B4C0A00010081208E
:105A40002370FEF7B9FC094B2278002A07D0013BEE
:105A5000002BF9D123702B7001E0FFF761FF70BDBF
:105A6000E8240020E3240020B32C0020A0860100BD
:105A7000F0B585B0002815D1634B644D5A6880237A
:105A80005B009B1A624A634E9BB20092624A80207E
:105A90009446FF2440002A889A4200D09AE00020D1
:105AA00005B0F0BD5D4B5E4A1B685E4D5E4E9BB21D
:105AB0000092EBE70131214029802988994200D1E9
:105AC0009EE0775CAB2F00D187E0013A92B262454D
:105AD000F0D15A1A994202D35A1CFF32521A92B28A
:105AE000072ADCD901312140775CCD2F7AD00138EB
:105AF00080B229806045CED1FF20298801910231F2
:105B000001404C1C0440375D745C3F023C4327B2AB
:105B10000297802703947F000834BC46BC425FD8BC
:105B2000029C07349442BADA029A0231941C014072
:105B300064180440325DDC2A52D1621C0240B25C1F
:105B4000BA2A4DD18FB2A2B2A1424ED96246D71B1A
:105B5000BFB23A19624543DC3A007118009803F06D
:105B60009CFD22003100009BD81903F096FD023401
:105B7000019BE7B2E4B2F018A3423DD98022520063
:105B80000021D21A03F05AFC3A000021300003F041
:105B900055FC039B2C80991C0F24002323481A00DA
:105BA000009D2240ED5C825C6A40009DEA54013316
:105BB0008B42F4D303992800FFF746FE029A02991C
:105BC000AB185A786B5C12021343181A42425041C8
:105BD000C0B265E7802252006FE7002A00D078E764
:105BE0002B805CE7002887D1FAE7D21B92B262458E
:105BF000F6D800987118B8E7019B0021FA1AC6E799
:105C0000002AEDD04BE7C0461C000240402F002088
:105C1000402D0020B8180020FFFF00007C0200206B
:105C2000402E0020422F0020800200202CC90108B5
:105C3000F0B50500544CA3B0002800D1534C238884
:105C4000534A934241D007D8524A93420CD014226F
:105C5000514B1A7023B0F0BD504A93425ED0504A67
:105C60009342F4D1F0F73AF863684E4A002D00D021
:105C70004D4A136004224D4B1A704D4B08321A7076
:105C80004C4BDB7F3C2B01D8EDF788FE4A4B4B4950
:105C900000930023CA5C002A05D018000133684431
:105CA00002710F2BF6D16B441A0000236946137161
:105CB000434A4B7512780A75282206930793089376
:105CC00009932800FFF746FEC1E7364B002D00D0B0
:105CD000354B1B68A2689A42B9D10C22344B002183
:105CE0001A70324B083A1A706B467D32D81D03F099
:105CF000A5FB6A466946334B1380A279131D4B807E
:105D00002F4BA0881B7888808A71002B02D102A9B2
:105D1000FFF7B8FDA27908326946D2E7214B002D82
:105D200000D0214B1B68A2689A4200D08FE70C225A
:105D30001F4B1A701D4B083A1A706A46224B00938B
:105D4000A38893801E4B1E78002E05D127000C37A8
:105D5000A379DB089E4201D30622DDE7A088F30089
:105D6000C0181A4B80B2C318072B07D9184BC31899
:105D70003F2B03D9174BC3189F2B02D83900FFF7CD
:105D8000AAFD01360837E3E7402E0020402D002011
:105D90001B050000140500003C2D00201D0500001F
:105DA000DD050000382D0020342D00205E1E00206F
:105DB000291E0020B01E002015052400EBB00108AC
:105DC000582100201C0500001E05020068F1FFFF9D
:105DD00000F1FFFFB0F0FFFF70B504000125EFF701
:105DE000C9F98020EFF742FA60002843C0B2EFF70C
:105DF0003DFA2800EEF758FE0020EFF7EBF904001B
:105E00002800EEF751FE2800EFF7E4F90500EFF760
:105E1000C9F92002284380B270BD70B505000C009E
:105E2000EFF7A8F98020EFF721FA6800C0B2EFF78A
:105E30001DFA60BA84B2C0B2EFF718FA002802DB8C
:105E4000200AEFF713FAEFF7ADF970BD10B5022095
:105E50000149FFF7E2FF10BD410200000F4B4A006D
:105E6000D35A70B5C01A84B205200D00FFF7B4FFF5
:105E7000C0239843AD0181B229430520FFF7CDFF30
:105E800021000320FFF7C9FF0548EEF70DFE802132
:105E9000090203202143FFF7C0FF70BD14B10108C0
:105EA0001027000010B5044B997D988A8907890F47
:105EB000FFF7D4FF10BDC046A81E002010B50C4C43
:105EC000238AA382E37C002B0FD00121A07CFDF765
:105ED00081FCFF2804D100230138E374FF3810BD92
:105EE000044BA0744000C35AA3820020F7E7C046C9
:105EF000A81E0020A61D0020F8B509230124CB40D0
:105F0000050023421DD0244B1B78002B02D10339FE
:105F10004C424C410127214E3770EEF76DFC0322B5
:105F20001F4B1A700E2D34D82800ECF7E5FC080B37
:105F3000321932323232272A323232322D00EEF723
:105F400017FBF8BD032017498A7D93079B0F013388
:105F5000034082431A438A750122134B1A70F0E7FB
:105F60000124104AD37C6340D374FFF7A7FF0028B5
:105F70000FD1FFF797FF0C4B1C70E2E7EFF788FE9D
:105F8000DFE7EEF773FEDCE720003840F0F7C6FAF3
:105F9000D7E702233370D4E71D080020791E0020C4
:105FA00057000020A81E0020F506002070B5A02391
:105FB0000C008021DB054900996200210F4B104D38
:105FC000197029780A23002900D16E330D490E4E2D
:105FD0000B8000230D49B0820B700D490B700D49E9
:105FE0000B700D490B709A4204D1001980B2FDF775
:105FF0000BFCB0822C70FFF755FF70BDA41D002074
:10600000401E0020081E0020A81E0020191E00208F
:10601000071E00205B1E00203D1E00200022114BA9
:1060200010B51A70104B1B78934203D00F4B0132FE
:10603000FF325A82FFF742FFFFF734FFF7F774FD94
:1060400000230B4A13800B4A13700B4A1370EEF7B0
:10605000BDFDA0238022DB0552009A61074BFF3A69
:106060001A7010BD401E00200A1E0020A81E00202D
:10607000081E0020191E00205B1E0020A41D002009
:106080000B0070B554001C191100E4B2122823D87B
:10609000ECF746FC13001300130013001300130069
:1060A00013001300130013009300F500F5005501D1
:1060B0009000B001B401B801B801002C00D075E027
:1060C000B04B1B78002B00D070E0AF4B1B78002B3F
:1060D00003D0AE4B02221A7070BDAD4B1B78002B63
:1060E0001AD1AC4B1B78002BF3D1AB4BDE7CF8F70D
:1060F000C1FA1023A94AAA4D13700D3B2B70A94B6E
:106100001978002E2DD1012908D1A74A117801292B
:10611000E2D951701670DDE70226E8E70329DBD9E2
:1061200001241E701470F8F7BDFAF6F7EBF89A4ADE
:106130009E49937D9B075B0F595A884203D39C4924
:106140005B5A984205D90222904B1A7003232B7098
:10615000C2E780B210829082FFF7A4FE954B1C70BC
:10616000BAE70229B8D100211970012313708E4BB0
:106170005C781A780A235343013CE418E4B2012EF8
:106180000FD12000FDF708FB0028A2D0824A8A4BDD
:1061900094746400E35A9382FFF784FE854B1E706B
:1061A0009AE72F2C00D994E7844BD8E72100FFF71A
:1061B000A3FE91E721000E20F9E7032C05D101226F
:1061C0000A201100EFF7F2FC86E7002C00D083E7ED
:1061D0000322734B6D4D01341A702C70EEF70CFBDB
:1061E0006C4B1B78002B2CD16E4B1B78002B00D0F6
:1061F0006FE7694AD37C002B0FD165480578002DE5
:1062000007D06E496C4B0978928AA140CA52694BFB
:106210001C7001236B4003705EE75B4D2B78002BF5
:106220000BD00121927C644B52004942D152FFF7BE
:1062300045FEFFF737FE5F4B1C7001232A78534061
:1062400085E75F4B1B78002B03D15E4B1B78002B3F
:1062500004D1022300222B70524B3CE74C490878B2
:10626000002808D0554A4C4D1278534BAD8A520045
:10627000D552504B1C70012343400B702CE7012575
:106280000B2820D1EEF7B8FA464B1B78012C1CD115
:10629000002B00D01DE73D4B1C703F4CE37E002BD4
:1062A00001D16D426DB23A4B1B78002B17D00322FF
:1062B0003B4B1A70414A13785B19591C0CD02F2B99
:1062C0000BDD002309E06D42DCE7002B00D003E783
:1062D000032C00D000E7E0E72F231370FCE62D4BE2
:1062E0001B78002B0BD0364B1A78002A00D0F0E632
:1062F0002900A08AFFF75AFE0322294BEBE6E37C34
:10630000002B14D0A67CE9B27018C0B2FDF762FA77
:10631000FF2809D0864207D0274BA0744000C35AFB
:10632000A3820122234B1A70FFF7BCFDE4E7208A09
:10633000401980B2FDF768FAA0822082F1E7194A7D
:106340001378002B16D0002C00D0C5E601200F4991
:10635000087010490978002949D1002B34D10C4923
:10636000094B0A78002A09D11A78002A06D1EEF7DB
:10637000FFF8B1E6012C00D0AEE6E7E700220A7094
:106380001A70B9E71D0800203D1E0020791E00206C
:106390005B1E0020401E0020A81E0020801E002042
:1063A000570000207B1E0020D003002014B10108FC
:1063B0001CB10108F5060020A61D0020061E0020C5
:1063C0000A1E0020071E00200A2110241248013B4B
:1063D000DBB2C154114913700C70002B04D0012B97
:1063E0008AD10378002B87D10023137084E7FFF74D
:1063F00015FE81E71800F0F783F96DE61800F0F755
:10640000CDF969E6012C00D166E60222044B1A7030
:10641000EEF7F2F960E6C046D0030020801E0020AF
:10642000791E00200023F7B501212D4A2D4D137050
:106430002D4A11702D4A13702D4A1380AB7DAE8A00
:106440009B079B0F0193002E45D02A4F3C78002CD0
:106450003CD1294A6300E0B2D15A0134FFF7DDFC98
:10646000222CF6D12548EEF71FFB19202449FFF70F
:10647000D4FC19202349FFF7D0FC2348EEF714FB86
:1064800001233B70214B052019784B4259410F23C2
:1064900049421940A1231B01C918FFF7BEFC300077
:1064A0000199FFF7DBFC1A48EEF748F8A023802299
:1064B000DB0552009A61174BFF3A1A70164B3835BC
:1064C0001A7003232B70F7F7FDFDF7BD0220134967
:1064D000FFF7A3FCD6E702201149FFF79EFCE2E795
:1064E00085070020A81E00207A1E0020401E0020E4
:1064F00072070020B22C0020E8C8010890D00300E9
:106500003CA80000BCA8000060EA0000650700206D
:1065100080789D00A41D00208C1E00200102000038
:1065200041020000054A1378082B01D9002313709B
:106530001278034B9200D0587047C046B12C00200F
:10654000C4C80108F0B589B0F7F7C6FF704D7148AF
:106550002B78002B05D07048012B02D000236F4808
:106560002B7008237F22009302210023F7F726FED9
:106570006B4B04AC1E78002E43D16A4B6A491B68F2
:106580001F683800ECF75CFA380002916649ECF7B6
:10659000D1F966490200029B2000FEF75FFF0F2041
:1065A00002AF032332006121C019F7F74BFEE671F9
:1065B0000023022210212000F7F7D4FEFFF7B2FFDC
:1065C0005B4A5C4B16882A7802901B88C188002A97
:1065D00025D1594B1A78072A1CD8D2011300200064
:1065E000564980330132FEF739FF08237F2200939A
:1065F00002212000033BF7F7E1FDEEF75DF909B05A
:10660000F0BDF8F74FF84E490200C31C2000FEF71A
:1066100025FFCDE720004B4903F037F8E5E79B194C
:106620001F1C9BB28B4200D90F1C4748BFB2784356
:10663000ECF70AFA83B2180064210393ECF77AF9B5
:10664000642185B20398ECF7FBF9404A8BB21278CB
:10665000002A52D12A0020003D490096FEF7FEFE96
:106660003C4B1B78002B17D008233C2542262000EA
:106670007F2202210093033BF7F7A0FD364C374BF6
:106680007A22E554364B81213648E65402F0D6FE94
:10669000354BE654354BE554002FAED0244B3449EE
:1066A00018880B7883420AD007257B1EDC101D401A
:1066B0000123AB402F4A0870155D2B43135500236F
:1066C00007201A0084462C492C4D8124974209D971
:1066D000284ED010305C66461640304101263042CC
:1066E00000D13C3402980C70C0881B189BB2772BE9
:1066F00009D80131A942E8D17FE72A0020002049CA
:10670000FEF7ACFEACE7783B01329BB292B2EEE70B
:10671000961D002016AB010824AB01082DAB010823
:106720007B1E00209C1D0020A086010037A30108CD
:106730005A06002058060020B12C002045AB010865
:106740003BAB010855AB0108102700005D06002097
:106750005EAB0108B02C0020131A002001020000DB
:1067600002020000161C00207D0200007E020000D4
:10677000A02C0020A12C0020171C00208F1C002022
:1067800073AB010870B5002207250749074C1300B9
:106790002B405B004E881B5B013273404B80023103
:1067A0008242F4D170BDC046A8060020B4C80108DA
:1067B000F0B5724B8DB01B78002B09D0704B1B7855
:1067C000012B07D0022B00D1D0E001226D4B1A70B3
:1067D0000DB0F0BD6C4C2378002B04D16B4C2378AA
:1067E000002B00D1B0E02000ECF774F88022050007
:1067F0000021674802F022FE80220021654802F055
:106800001DFE0323002202216348F7F71BFD112D13
:1068100079D8032300221C212000F7F713FD5F4DD8
:1068200080220021280002F009FE5D4B1E78330013
:106830007F33DBB201937F235A4A334000920099A1
:10684000594AC95CD25C0136F6B20B1C914200D2A7
:10685000131C7F21544A00983140525C415CDBB2EA
:106860000F1C914200D2171C0024FFB23F2B07D807
:10687000072041215843ECF75DF806231C1AE4B2C7
:1068800000203F2F07D8073041217843ECF752F81A
:106890000623181AC0B2012106230F001B1B9F40BC
:1068A0002A783A432A70844251D20F009F402A78B6
:1068B00001343A43E4B22A70013BA042F5D2019B75
:1068C00001359E42B7D17F23009A1E40364B915D21
:1068D0009B5D0A1C994200D21A1CD2B240233F2A67
:1068E0000BD8072041215043ECF724F80623181A4F
:1068F000C0B2181A053B8340DBB22C4A2C495354D2
:10690000FEF7BAFE61E71122210002A802F0C5FEDF
:10691000002202AB5A74113D03231C2102A8F7F791
:1069200091FC2B1CADB2112D00D9112321009DB279
:1069300007AE2A001131300002F0AFFE002204231E
:1069400002213000725568E7FEF7B8FC67E7844221
:10695000B5D906231B1A0F009F402A7801303A430D
:10696000C0B22A70013B8442F5D2A8E7FEF7A6FC2C
:1069700080220021094802F061FDC1E7371E002096
:1069800057060020881E0020F9050020E0050020A1
:10699000931B0020131C002083AB0108931C0020D4
:1069A000002600208025002000250020131A00204A
:1069B000FF02000005490A784F2A06D8531CDBB2B3
:1069C0000B70034988540022CA54704747050020C1
:1069D0004B0500200023054A1370054A1370054A31
:1069E0001370054A1380054A13807047DF050020A5
:1069F000C1050020D5050020C2050020C4050020E7
:106A000070B50600154C164D002911D023780E2BB9
:106A100006D90E222800134902F018FE0E23237017
:106A200020212278531CA9540022DBB22370EA549F
:106A300023780E2B06D90E2228000A4902F006FE02
:106A40000E2323702278AE54531C0022DBB2EA548A
:106A50002370054B01321A7070BDC046FB24002024
:106A6000EB240020EC240020881E0020F8B5314CD7
:106A7000022815D0032852D02378012808D0052BEE
:106A800002D80133237002E001222B4B1A70F8BDAB
:106A9000052BF9D89840294A117801431170F0E785
:106AA00021780029F3D0244D244E2B78002B10D1CF
:106AB0004A1E052A0DD83778214A507888420FD1CE
:106AC0009078B8420CD1032253431D4AD05C002871
:106AD0000BD100231B4A3370237013702B70D6E741
:106AE000013303322D2BE8D1F3E7392809D82528C3
:106AF000EFD90200144B263AD2B2D340DB0709D4B7
:106B0000E7E703003D3BDBB21D2BE2D80F4ADA403A
:106B1000D207DED50B4B1978FFF772FFD9E70023B8
:106B20000121064A23701370064A1170024A13703D
:106B3000ADE7C046FF240020FE240020FD240020F5
:106B400050AE0108FC240020E5FF0F00F5FFFF3FD9
:106B5000F7B526222D4BFF329E5C0023233AFF3AE5
:106B600005001C002A4F3240012A1DD00122294B6A
:106B70001B699B0A9A430192F30605D5A0200821C0
:106B8000C005FEF78DF80400730706D58021214863
:106B90000901FEF785F80443E4B2B60631D4019B3F
:106BA000002B01D03B68013300211B4A3B608C4223
:106BB00001D01168013111600222184E184C307852
:106BC0009A429B418A4292414142484121785B422C
:106BD0004F42794152424042494218401140114FC0
:106BE000A870E9702B706A70002806D000213970F7
:106BF0003978337029712270F7BD0029F8D001214E
:106C0000F5E72300019C0193C9E7C046A81E0020B8
:106C1000AC05002000040050A8050020B1050020AC
:106C2000B0050020A6050020F7B5051E03D00378A7
:106C30000024002B17D1F7BD0E4E0F4F33784F2B8A
:106C400006D94F2238000D4902F000FD4F23337062
:106C500032780199531CDBB2337009780134B9548E
:106C60000022E4B2FA542B1901932B5D002BE3D1DF
:106C7000E1E7C0464A060020F9050020FA05002099
:106C800010B5094C094A23780949D054CA5C82429C
:106C900005D2C8547F2201331340237010BD002A4F
:106CA000F8D0013ACA54F5E700260020002500205C
:106CB00080250020F0B53D4B85B01D780293002D56
:106CC00043D000243A4B19880393A14215D0394B85
:106CD00018884B08C018EBF7B7FE83B2072B0CD906
:106CE0001800642608380C217043EBF7ADFE041C35
:106CF000C0B2B04200D9341CE4B26B1014331A1C79
:106D0000192B00D91922D3B200222B4F01933B78C3
:106D10007A55934245D00123B95C002917D1274AFF
:106D2000D35C2A2B20D03F2B1ED025480370002394
:106D30004370019B9C422CD20023029A13701D4A7F
:106D40001380039A1380FFF733FD05B0F0BD2E29A1
:106D500005D15B003F2B07DC0132D2B2DCE72D29E5
:106D600002D15B000133F5E70025164E380071684B
:106D7000EBF7A6FD002803D1124BED005B5DD4E7D5
:106D800001350836362DF1D1019B9C42D4D30E48F3
:106D900002E00378002BCFD00C4B1C70FFF744FFB0
:106DA000CAE7019B9C42C7D30948F5E7F8050020D4
:106DB000F4050020F6050020E00500209CC701082E
:106DC000E9240020A0AC0108E8A401080126002065
:106DD00032A5010810B5002804D000221E4B1A70FD
:106DE0001E4B1A70002401221D4B21001C701D4BEC
:106DF0001D481C701D4B1C801D4B1C801D4B1C70A6
:106E00001D4B1C701D4B1C701D4B1A707F3202F005
:106E100015FB210080221B4802F010FB6E22782116
:106E2000194B52421A80194B49421980184B1A804B
:106E3000184B1C70184B1C70184B1C70184B1C7096
:106E4000184B1C80184B1C70184B1C70184B1C8066
:106E5000184B1C8010BDC0464A060020F9050020D2
:106E6000F8050020E0050020002500205006002045
:106E70004C06002052060020F0050020EF050020FF
:106E800055060020802500201A0000201C0000204C
:106E900018000020530600204E060020F2050020B6
:106EA000F1050020EC05002000260020012600202E
:106EB000F6050020F4050020962010B50F4BC00009
:106EC0001978EBF7C1FD1423132803DDDC33984256
:106ED00000DC83B20A4A0B49138003225A4392B260
:106EE0000A80094900200B8008490A8007214B438A
:106EF000074A1380FFF76EFF10BDC0460100002057
:106F00001E000020100000200E00002012000020B3
:106F1000140000202A4B10B51A78002A4ED0002405
:106F20001C70284B8022210027481C7002F086FA32
:106F300080222100254802F081FA80222100244885
:106F400002F07CFA21008022224802F077FA012028
:106F5000FFF740FF20490B78A3420DD01F4A204B7A
:106F600012780C70DA771F4A1F4B1278DA770122F9
:106F70001E4B1A70F5F74AFC1D4A1378002B0BD0F4
:106F80001C4B1D491B7804200B70002111708B4293
:106F900000D00238EEF7B0FE18490B78002B05D070
:106FA000174A184B12781A7000230B70EDF7BDF9D1
:106FB0000022154B1A70154B01321A7010BDC046D5
:106FC000371E002057060020931B0020131C0020B2
:106FD000931C0020131D0020E2030020E103002089
:106FE000AD1E0020E0030020AE1E00205200002055
:106FF000DF030020DE03002090070020DD030020D7
:10700000DC030020E91E00201D080020881E00204F
:1070100070B5234A1378DCB2002B10D1214B5D6888
:107020006D42EDB2204A13789D420DD1002C17D04D
:107030000F221E4B1A7000221D4B1A7003E01378AA
:10704000013BDBB2137070BD591C1170194A1A480C
:10705000D15CEDF785FB002800D120000400E1E7BA
:107060000225164BFF351E68F6B2154A13789E426C
:1070700007D1002CE7D00F220C4B1A700C4B0E3AA4
:10708000DBE7013D002DF4D00E490F48C95C013308
:107090001370EDF765FB002800D120000400E4E741
:1070A0003C2D00201C000240E52400205D00002053
:1070B000E8240020B8180020E42400207C020020EE
:1070C000E724002080020020E6240020F0B5554A85
:1070D0008FB013780390DDB2002B05D1524A13789C
:1070E000002B06D10FB0F0BD1378013BDBB213705B
:1070F000F8E7013BDBB213704C4A002BF7D0137852
:10710000002B02D1013313700393002426001022B8
:1071100000210AA802F092F9454F01970D2104AB16
:10712000C9182000FCF754FE0123424907A81A5C45
:1071300001335140404A5143092BF8D13F4B0A0CCF
:107140001B784A400293019B92B21988914206D162
:10715000029B1A1B51424A41039B1A430BD0072141
:10716000012321408B401900E2080AA8835C0936FC
:1071700019438154B6B2019B01340233E4B2019346
:10718000802CCBD17F21029B2C4A01330B40137002
:10719000002EA7D02A4B1B78132BA3D104ABD81CED
:1071A000FF237E390370FEF73DFC264B05A80380C4
:1071B000022305218370330A0671C3700126FEF78E
:1071C00031FC793C0AAAEB08D35C2A002240134127
:1071D000334219D00D2104ABC91828001D73FCF7E8
:1071E000F7FD092107A8FEF71DFC0122114B0C2019
:1071F00004A90918895C01324B400F494B43092A05
:10720000F5D11A0C53403B800135EDB20237802D89
:10721000D8D104AB981C0A2301210370FEF702FCAD
:1072200060E7C0463C2D00205D000020E2240020E5
:10723000E2230020C59D1C8193010001E023002072
:1072400059000020AA550000038810B501330380BF
:10725000FFF768F9074B084A1B8812889B18C288F9
:107260009BB29A4205D80222044B00201A70FFF705
:107270002DFF10BD580600205A060020961D002044
:1072800010B5012400210A4B0F221C70094B197004
:10729000094B1980094B1970094B1870094802F005
:1072A000CDF82000FFF712FF074B1C7010BDC04641
:1072B000B02C0020F0060020580600207B1E002085
:1072C0005D060020A12C0020961D0020F8B5002AA4
:1072D00045D1002943D010283ED0414B01321A70CD
:1072E0000D2800D979E0EBF707FB07070707070729
:1072F000070707074061614CF7F7BCF9394B1A786B
:10730000052A29D900241C70F7F7CCF9F4F7FAFF05
:1073100064254543344E33689D4221D373689D42B2
:107320001ED22800F4F788FE002819D12F4F28001C
:107330003E68B18BF4F74EFE34863060B0603000AA
:10734000F5F742F92A4B3A6801201A60FAF71AFC5D
:10735000EDF732F8EDF7F2FC0422264B1A70F8BD77
:1073600001340836072CD6D1F6E70120FFF788FF55
:10737000214B224A1A8000225A80214A0833DA8798
:10738000EAE7184B1C78002C09D12000FFF778FFA2
:107390001C4B1C701C4B1C80EDF7E2FCDCE70A2246
:1073A000013CE4B21C70194B1A55D5E701230B2898
:1073B0000FD1174AD27E002A01D15B425BB2154C35
:1073C0002078013307D001300921EBF739FB217018
:1073D000C2E75B42EDE70830F6E702221A70BBE72E
:1073E000791E00207B1E002068AC01089C1D002037
:1073F000981D002057000020A8060020CDABFFFFFD
:10740000BADCFFFFA02C00205A060020D003002089
:10741000A81E0020B12C002003784268007808499B
:1074200040B2002806DA7F20034046339B00CB1889
:107430005A6070474E339B00C9184A60F9E7C0464E
:10744000EC000020F0B5BB4F87B03B79DAB2019277
:10745000BA79D2B202927A79D2B20492BA7BD2B21B
:1074600005925B0725D5C022B34D002152002800AC
:1074700001F0E4FFAE2200244026B04B52006E60C3
:1074800021003C7080209C5232002C70FDF76AF87D
:10749000320021002000FDF765F821000120FCF7F3
:1074A000CBFC01227B7813437B70A54BBA727C72B4
:1074B0001C70019B9B0703D500210620FCF7BCFC38
:1074C000019BDE0703D500210520FCF7B5FCBB7A44
:1074D000029A1A4013000192DB0711D50024BC73F5
:1074E000387C04230500964AC1B21D40184219D0C9
:1074F000397C9943397414700123019A9A4301929B
:107500000124019B002B00D0C0E001247D7A049B64
:107510001D400195019B002B00D01BE1059BBB7317
:1075200007B0F0BDCB0602D580233B741570824BAB
:107530001878002804D01878C0B23870002018706D
:107540001478E0B2062CD7D80124EBF7DFF9070056
:107550005D00D5FF6C009C009C009A002142CBD0BE
:107560007B7C082BC8D100227648774B0178995450
:107570000132082AFAD1714C220003CB03C28023C6
:10758000E2885B009A4206D923787F2B03D88020BB
:10759000FCF7C4FFB0E700206C49E260A160226103
:1075A0002075824205D023787F2B02D8FCF7C4FED9
:1075B000A2E7FDF779F80028E9D0E38826691D00E5
:1075C0000293B34200D93500A168E5608B070CD067
:1075D00080235B009D4200D98EE75C4B2A00180097
:1075E000039302F05AF8039BA360029BB34205D9B0
:1075F000B60603D10123564A237513702A00802052
:10760000A168FCF7D9FE77E75A6B198D986B8A420F
:1076100006D90818521A98635A63FCF75FFF6BE7A4
:1076200010180022F7E7214200D165E77A7CD0B23A
:10763000002A12D11900D0310A6812180A601A0003
:10764000D8321168411811601A00C832128882427B
:1076500010D90020FDF7D2F94EE71A00D032116898
:107660000200384D2C78013A92B20C700131002A98
:10767000F8D1DFE7D4331B689942EAD040233B744A
:107680003AE70020C9E70023137035E70123A34040
:107690000293029A019B134229D00422BC737B7D82
:1076A000134202D07B7D93437B7514216143224DAD
:1076B00069184B6B0A8D086B93421BD980180863BD
:1076C000896B9B1A5118142666431B4880198163E5
:1076D0004363002B1FD122007F331A401C420FD17D
:1076E0000800FCF7FBFE019B029A934301930134CF
:1076F000E4B206E7C0180863896B59180023E2E773
:107700000E4B463292009B185B68002BEBD080201A
:1077100020439847E7E79A4200D91A0014236343AD
:10772000ED182000296B92B2FCF798FB01237B75C2
:10773000D9E7C046005C004060220020EC00002039
:107740005D220020205C00408022002008010020F3
:107750005C2200200126A640019B334229D0012251
:10776000BC737B7E134221D0BB8B9AB2002B23D1FA
:10777000142161431C4B5B181800D0300168891834
:107780000160816851188160D42084469C44604621
:1077900065460068C833801A28601B8893421BD94D
:1077A0007B7A2000B3437B72FDF728F9019BB3433A
:1077B00001930134E4B2ADE60C4BA000C0181423D1
:1077C00063430B495B58D11889B205781D700133AA
:1077D0009DB28D42F9D1CBE70028E1D001227B7E1A
:1077E00093437B76E2E7C04660220020205C0040A5
:1077F000302300200121054B82B09A6B0A439A6323
:107800009B6B0B400193019B02B07047001002403C
:10781000042370B50024074DAB620023E1B21A00C7
:1078200018000134ECF7F4FF082CF6D10423AB6107
:1078300070BDC04600040050F7B505000F001400ED
:107840001E0082420FD1994201DC0E001F00BE4291
:1078500000DDF7BDF2B201231648E9B20136F6F7B2
:10786000CFFD36B2F3E7FA205E1A8000511B704359
:10787000EBF7EAF8104906006843EBF7E5F8C3199F
:107880000193AC4202DB23002C001D00270077434C
:10789000AC42DEDCFA2138008900EBF7D5F8019B19
:1078A000E1B2C218D2B201230248F6F7A9FD0134B1
:1078B000BF19EDE7131A002018FCFFFFF0B585B0E3
:1078C0000C00150069461022ECF7CEFE6B461B78C3
:1078D000013BDBB2FD2B20D86A460021012613486C
:1078E00013785F1EFFB2FD2F08D9002313701022FA
:1078F0006946200001F0D1FE05B0F0BD232B07D072
:107900002A3BDBB21A2B08D80700DF40374204D0ED
:10791000013101321029E3D1E9E70F2229002000CB
:1079200001F0C4FE0023E373E6E7C046C1FF800711
:10793000F7B506001300150000220C00F6F782FCD4
:107940003000EAF7C7FF072343431649601CEA01EA
:107950001818C3B2661E8F180193BB5D9C467F2327
:1079600060464340BB55A3185B188021160049426E
:107970008C46803E0199A14207D80A4BED015D1962
:107980007F236A5C53406B54F7BD19786046C94346
:107990009F1A1970B95D01344140B955E4B2013301
:1079A000E8E7C046131A002070B51C48EDF77CF8D4
:1079B00080213F200902ECF73FFA59201849ECF7E3
:1079C0003BFA68215920ECF737FA0024154A630086
:1079D0005F20D15A0134ECF72FFA242CF6D112484B
:1079E000EDF762F859201149ECF726FA0125A43485
:1079F0000C20EBF7E7FF284206D1013C0C48E4B22B
:107A0000EDF752F8002CF3D100210220ECF714FA24
:107A10000248EDF749F8EDF791F970BD30750000B7
:107A200068800000A8060020204E000068280000A2
:107A300088130000F0B5294C0727A5440193802343
:107A4000DB010400C01800920D00022203AE4000CA
:107A500002A93780ECF708FE009B002B14D02B0006
:107A600035331A781823D2001A402B8E2E353B401E
:107A7000134333702B787370019B002B04D002AB3F
:107A80001A8833889A4225D0338802AA138080202E
:107A9000832204AD290012010002ECF7E5FD02AAE1
:107AA00012886300EA5280208322002329001201F9
:107AB0000002EDF7A5FA31002000F4F783FC8023E3
:107AC000DB009C4206D2009B002B03D1200004491E
:107AD000F6F76AFA034B9D44F0BDC046BCF7FFFFC2
:107AE000A6A4010844080000A022094BD20399680B
:107AF0000A439A60022219681142FCD005225242C0
:107B00001A6000221B6D0380024B1A807047C0462A
:107B100000240140E41F0020044BC25C044B0548D4
:107B2000D218136803400B4313607047BDAF0108C0
:107B3000000002400F80FFFF044BC25C044BD218D0
:107B400053681B0C1B040B4353607047BDAF010807
:107B500000000240F7B51F0008AB1D7801230C00A0
:107B60001600D2000132D2B200933B00F6F75AFC65
:107B7000A21E0D4BD2B2002F02D10C4BF601F3180E
:107B80003E21985C013C41407F209954E4B2E2B22E
:107B9000954204D83E22595D4A405A55F7BD1A5DB8
:107BA00042401A550134F2E79D070020131A0020C5
:107BB00010B502780300013AD2B20120FD2A0CD898
:107BC000180020211A1D03781C008C4301D0FF2BC4
:107BD00004D101309042F6D1012010BD0020FCE715
:107BE0000121044B044AC35C9B181A688A431A603B
:107BF0007047C046BDAF010800000240044B054A73
:107C0000C35C9B18012219680A431A607047C0467A
:107C1000BDAF0108000002400222054B99681142E5
:107C2000FCD00122187399681142FCD0DB687047C0
:107C3000003001405C2110B5032802D8034B4000FE
:107C4000C15A4320ECF7F8F810BDC04694C70108AC
:107C5000F0B5D04BAFB0DB7F0EAD5A1E9341CE4C8A
:107C60000822CE4928006375CD4E01F016FD08228A
:107C70002900CC48ECF7F8FC2B781A090F2A00D120
:107C8000033A032162719A080A4022710B408B4229
:107C900000D10023E3726B78012219005B071140C9
:107CA0009B0F032B00D11300BF4A1170BF4A137002
:107CB000AA781C2A03D805235343823B2361EB781F
:107CC000FF2B00D1BA4B2381BA4B1868052300283B
:107CD0000DD1B94B1B681B691D68FBF73BFE070004
:107CE000FBF72EFE7B089BB258430423281AB34AA5
:107CF00038361060B24A337010600025F6F7E2F9AA
:107D0000B04B585DEBF75EFEAF4A6B000135D052C9
:107D1000072DF5D1AD4B1A68002A03D01269AC4B80
:107D200012681A600125AB4B28001D70AA4B1D700C
:107D3000AA4B1D70FDF70EF80020FDF70BF89E4BC7
:107D40001B68343318782075F4F77EFEE07AFFF76D
:107D500071FFFCF7E7FEFDF7D1F8A14B1D70A04BBA
:107D60001B780393002B03D1ECF730FF2FB0F0BD4D
:107D7000FFF74EF99B4B1A78002A03D000221A70A5
:107D8000ECF7AEFE984B99491A780591002A1ED05F
:107D900000221A70FBF7DEFD802818D98D4B1B7866
:107DA000002B14D10121924A1170059A1370914C45
:107DB00027786770EDF7AEFA0500132871D18E4B66
:107DC0001B695B056CD520700023A37077E0059BD1
:107DD0001B78002BEBD0804C2378002B03D0FBF7D3
:107DE0000FFE00232370854B1C787A4B1D78002DE5
:107DF00001D100F097FC012C01D100F01AFCFA200F
:107E00000025059B80001D70ECF74EFE0C20EBF763
:107E1000D9FD0123184200D1EEE202202900ECF73F
:107E20000BF80220EBF7CEFD400500D4E4E2290078
:107E30003F20ECF701F829000220EBF7FDFFFA20C4
:107E40004000ECF731FE2800FCF784FFFBF7CCFD87
:107E5000FBF76EFD544B1B78AB4205D101224E4B14
:107E600052421A81664B1A8001225B4B1A70654B95
:107E70001A70F6F7F5FB4C4B634C1B78002B01D0C6
:107E800000F0DAFD494A614B12789200D258604BFB
:107E900019783C23002900D002335E4900F0E7FD49
:107EA00010252570AF428FD1A378DA1ED2B20F2BE6
:107EB00001D80133DAB25848A270ECF7F5FD4F4E05
:107EC0003378002B13D1132D27D10A2F0AD1534B0E
:107ED0001B78002B06D0524B1B78002B02D13800A8
:107EE000FDF752F800224D4B1A704D4B1A70A178D5
:107EF000032902D0102900D06DE733782478002BB5
:107F000000D09BE00A2C00D035E1454A032909D175
:107F100001204249087013705DE70A2DE7D00A2F4F
:107F2000E5D0DFE71478002C00D054E701260127C4
:107F30003A4B194D1C701C4B16701C701B4BEC728D
:107F40001E70384B7F421C70374B1C70374B1C70B7
:107F5000374BAB80184B1B6834331B782F8103934E
:107F60002B75274B1F80FBF711FDF040286003980D
:107F7000F4F76AFD2000FFF75DFE2E4B1C702E4BC0
:107F80001F80164B1E70FCF7B9FFFCF769FDFCF76C
:107F9000EDFD20E7B01E002084000020BFAB0108EB
:107FA000A81E002048A100009F2C00208200002075
:107FB000FFFF0000880700207C1E00202C2A0020E4
:107FC000882C002028C801081A2A00209C1D0020A7
:107FD000302A002080000020610000207A0000206C
:107FE000282A00208B1E00208A1E00207B000020F3
:107FF0009C2C00205E000020000400509E2C0020DD
:108000007400002081000020482A0020E0C70108F9
:10801000770000208FAB0108204E00000D260020C5
:108020000C26002010260020342A0020642C00207A
:10803000010C00006C2C00207E000020012B00D0E1
:1080400099E00A2C7DD004D923000D3B012B00D9E7
:10805000C1E6B64D2B78002B08D10D2C01D001F0D4
:1080600011F9B34B1878FBF70DFCB4E60D2C0FD0CB
:10807000092B00D9AFE60E2C05D1AE4A11780029A4
:1080800000D0A8E613705A1C2A70AB4AD45408E0FA
:10809000A84A013B1178DBB22B70994201D1002331
:1080A0001370FBF7CFFDA34B1A782B780493002AAB
:1080B00000D11A0000232D252E279F4E9F4C049996
:1080C0002800994205DDF15C3800092901D83031DA
:1080D000C8B2E05401330A2BF1D1140000269C46AB
:1080E000974995480968974D06901018069B471EBA
:1080F000834215D1002E01D0914B1960049B9A4206
:108100000BD200230A278E4E8F483568049A01341B
:10811000A2420DD1002B00D0356001228B4B57E0DD
:1081200063463878039E68435D4309183800DDE7ED
:10813000069B39001B5D4343ED18EAF7FBFB039BED
:10814000E4E77F4B1C68824BE218824B9A4200D9CD
:1081500041E6774B1878FBF795FB7F4B1C60337833
:10816000002B04D1FCF77CFCFCF798FE33E62000E2
:10817000FCF7C6FD2FE6032C11D00E2C3DD0112CA0
:1081800073D82000EAF7B8FB4071717171715871B2
:108190007109717171712A2A7161002303936F4B08
:1081A0001B78002B03D00398FBF716FD13E66C4AEF
:1081B0000399137800290DD0012B01D801331370D6
:1081C0000122684B52421A810122604B1A70664BA1
:1081D0001A7000E6002BF3D0013BF0E7614B1B89DE
:1081E000023B9CB25F4B18691C81FBF7D3FCA04299
:1081F00007D20120FBF7F0FCE6E75A4B1B8902335C
:10820000EFE7FBF7D5FCDFE70020FCF7A3FD554DBA
:108210002B7D012B01D80133DCB220002C75F4F743
:1082200013FC4E4B1B78002B01D1013B2B81FCF73B
:1082300065FEFCF715FCCEE54A4A0021D37A022BF5
:1082400001D00133D9B2D17267E70123454A517D8C
:108250004B405375454A05D02223FF33D05CEBF7E2
:1082600073FBB8E590235B00F8E7002B03D12000F7
:10827000FCF78AFEAFE5022B00D0ACE5601F0D28AD
:1082800000D9A8E5EAF742FB9100A7FDA7FDA7FDED
:10829000A7FD9F000E000E00A800A7FDA7FDA7FDEB
:1082A000A7FD9A00324B1E78304BDD7E0123002E55
:1082B00064D00B2C00D05D403000FCF711FD0C2287
:1082C00072432C4B04009B181A791E8903925A7929
:1082D00007000492DA88039B0692132B08D1264BE1
:1082E000002019780793F4F767FB0023079A1370AF
:1082F0000398EBF767FB0100002D11D0069B9B1B39
:108300009C4201DCA619B7B2049A069B03989340DD
:1083100099433B009340194389B2EBF78DFDFCE68E
:10832000B442F1D3A41BA7B2EEE7C046192A00203D
:108330009D2C0020182A002002260020682A0020F8
:10834000742A0020A0860100102700009C2C002029
:10835000C088E4FF402DA407882C00209F2C00201B
:10836000820000208400002081000020A81E002040
:10837000342A002084C80108642C00200B2C00D073
:108380005D40C94AC94B127D9B5CC94A1068002DEB
:1083900006D0C84A904200D8C018FCF7B1FCBCE631
:1083A000C54A9042F9D9C01AF7E70022C34B1A70A8
:1083B000C34B1A70FBF746FC012054E60123C14A67
:1083C00011784B40A7E5C04A01211378032B01D057
:1083D0005B18D9B21170A0E6BB4B00221C78002CB0
:1083E00000D0F5E62000FBF74DFAB84B1C70B54BFA
:1083F0001C70FCF797FBB7E6FCF71AFFB449B548C9
:108400000D88B54A06882B005580002E04D0032322
:1084100073435B199B109BB20380B04EB048336826
:108420000768DB1BAF4F3F78BB4279D333680360EB
:10843000002C70D1CF8A16897B1E7F2B00D997E044
:1084400003940794012F0ED07C1EA0B27F2100025E
:10845000EAF7FAFA83B27F20210070430793EAF724
:10846000F3FAC3B20393A04BA04A9D4200D181E02E
:108470009F4B03991970032313709E4B7600F318DA
:1084800008930023059304936B466A461B7C117D79
:108490000693059B7A1E1B0AD2B2BB4200D2DAB207
:1084A000944B54001B5B0132D2B21800BA4201DA7D
:1084B000914A105B80225200541A5C434143641875
:1084C000240A8949A4B200228C420CD0039A06994E
:1084D0008A4255D1844A954252D02800FBF74AFC83
:1084E000FBF72AFC0200854E069834782100FBF742
:1084F00059FC079A049B944601330493059B6344FB
:108500009BB20593049B802BBED10134E4B20F2CA7
:1085100000D97FE034700122794B1A70794B1A70C0
:10852000684B79481A7800239A420DD10488774E17
:108530002100153989B2B14206D82900133101232F
:10854000A14200DB131CDBB20580002A71D1704A06
:10855000002B62D000201070FCF7FCFBFBF744FA04
:10856000FBF7E6F96B4B1B78002B00D07CE475E43D
:10857000802769E71378002B00D17EE7013B7BE77A
:108580005B4A069912788A4227D1584A1678002EFB
:1085900023D0554A954220D1089A1088A84204D188
:1085A000581B421E904140421840FBF7E3FBFBF78B
:1085B000C3FB03239E1BF6B202000990002E92D04B
:1085C0002000FBF7D7FBFBF7B7FB0200012E8AD197
:1085D000099BC3185B10DAB285E72000FBF7CAFBE2
:1085E000FBF7AAFB039B0499013B02008B4200DDD1
:1085F00079E7039B01338B4200DA74E73A4B9D42E3
:1086000000D170E70430021CC0B20F2800D90F223D
:10861000D2B268E7002333707DE7234B19890B1C26
:10862000032900D80423043B9BB29D4234D300238A
:108630001370344B1B78002B00D01AE4364A138891
:1086400001339BB2138080225201934201D9FFF77C
:1086500010FC2B4B1B78002B00D164E2F5F73CFF9C
:108660002E4B1B78012B01D100F0DAFC022B01D13B
:1086700000F004FD002B00D16DE2284B1A78002A8F
:1086800001D100F0A7FD0020FEF720FD00221C4BC9
:108690001A70234B1A804EE213780133DBB2137049
:1086A000002B00D056E7C4E784000020DCC7010897
:1086B000982C00207FA4BF0740771B00192A0020B8
:1086C000182A002010260020342A0020642C0020C4
:1086D000702C00207A2A00208C2C0020D805002045
:1086E000602C00207C000020FFFF00000E260020F0
:1086F0000F2600205E2B0020602B0020112A002076
:108700009C2C0020810000207E000020E9FF00005A
:108710006C2C00209F2C0020162A00209E2C00206C
:10872000142A0020002C00D028E1A84AA849D78AA2
:10873000A84A0B6810681B1AA7480078834257D3D1
:108740000B6813603B1C802F00D980239BB20393DE
:1087500000230593012F08D9039B7F21581E80B267
:108760000002EAF771F983B20593002604966A467F
:10877000049B127C039994461B0A994200D8B4E0EA
:10878000DBB296485900405A0133039ADBB2050028
:10879000934201DA924B5D5A802362465B009B1A3A
:1087A00058436A438F4B80181D78000A8E4B80B265
:1087B0000022984204D0FBF7DDFAFBF7BDFA020075
:1087C00030002900FBF7EEFA059A049B9446013627
:1087D00063449BB2F6B20493802EC8D10135EDB24A
:1087E0000F2D00D82C0001227E4B1C707F4B1A707D
:1087F000FA208000ECF758F9744CE588E8B2802F35
:1088000007D93900E801EAF795F87F2800D97F20D9
:10881000C0B2724B4000C35A734A934253D0744B58
:108820001B78002B09D00F23724A1188A9424AD025
:10883000013BDBB20232002BF7D1E068FBF736F8E0
:10884000002319006C4A6D4E824259410500306880
:1088500082425B41994202D02800EBF76FFE28006C
:108860003560EBF7F5FC00213020EBF7E5FA644BBF
:1088700030201988EBF7E0FAFCF7DAFC2588A388AA
:10888000AB4206D2E068A580FBF710F8E3882061D0
:1088900023816388AB4216D928006580FAF7E4FF8C
:1088A000584B19690A000A3A824200DD0200012091
:1088B000DA60554B1870554B1A60554B1960554B83
:1088C0001A60554B1960E38AE188802B03D9534A1B
:1088D0001288012A10D8524D2C78002C31D1012356
:1088E00022008B426241130030E000239F4200D1FE
:1088F00047E7039B013B43E78A189A4206DA494A55
:10890000138801331380FBF7EBF992E60022464B04
:108910001A70FBF721F9FAF7F1FF002805D00120C2
:10892000FCF718FAFCF706FA83E63E4A138801338F
:108930001380FBF7D5F9002800D17AE6FCF7AEF8F2
:1089400077E65A1ED00FCB1791424341DBB2002B82
:1089500002D1FBF7A7F96CE60022334B1A70FBF744
:10896000FBF8FAF7CBFF0028D9D1304B1A78002A50
:10897000E4D01870012363402B70EAE7022C00D08A
:1089800057E6FCF755FC0122184B29491A70059B44
:1089900008881D700D4B1A88224B5A80002804D07D
:1089A000032343439B189B109AB20A80FBF786F877
:1089B000FAF7A4FF002804D11E4B1B78002B00D12E
:1089C00037E60120FCF7C6F933E6C046702C0020DC
:1089D000D8050020682C00207C0000205E2B0020A1
:1089E000602B0020112A0020FFFF00009C2C00209B
:1089F0003E2B0020402B0020FF3EAB01982C002096
:108A00007C2A0020840000208100002070000020CB
:108A10006C00002068000020640000207800002026
:108A2000770000208C2C00207B00002076000020A6
:108A30007A2A002010260020974B984A1888431E57
:108A40009BB293425FD996490CA8FCF707FD954B62
:108A50001B78002B04D1944B1889944B98425AD11F
:108A60008F490EA8FCF7FAFC91490EAB0CAA200026
:108A7000FCF7F4FC012300211A0020000093F5F715
:108A8000D1FC8C4B8C4C18883E26421C1A80032348
:108A9000184040000019FFF727F8BE20628823889D
:108AA00080009B18A2889B18E2889B189B10584353
:108AB000824BD988E9F7C8FF80B2F3F7E3FB1C22A9
:108AC0007F4B804D1A702B00133A7533040022211E
:108AD0007D481E7000F0B2FC0920604364212D30F7
:108AE000E9F728FF7F231A00D11A884200D3EE54F9
:108AF000013B752BF8D1EBF7EDFE0022734B1A709A
:108B0000734B1A80A5E5FAF7AFFE724902000CA874
:108B1000FCF7A4FC9BE7FAF7A7FE6E4902000EA83B
:108B2000FCF79CFCA0E76C4A138801339BB21380CE
:108B3000132B00D992E5694D2C7820000134E4B262
:108B4000EBF7BFFE2C70062C01D8FFF708F90023C5
:108B50002B70FFF704F9FAF7FDFE0400012800D896
:108B60007DE35F4B611E1889C001E9F7E3FEC3B2E4
:108B70000493231C802C00D9802300249EB2701EF5
:108B800080B2DBB27F2100020393E9F75DFF25008D
:108B900083B20593731E220A9A4262DAD2B2E3B21A
:108BA000504F5100C85B511C8E4200DD0A0052003C
:108BB000B95A471EBFB2BC46384F4A1E92B2BC4596
:108BC00054D9FF230800BA425ED90EAAAB54059BC4
:108BD00001351C19A4B2802DDCD106E08022FF21D2
:108BE0000EA800F02BFC002304933F4B1B78002BB6
:108BF0001ED1012502270EAC267833006678FF2EA1
:108C000011D032000121FF2B01D039009A19A3782D
:108C1000FF2B03D09A18013192B2C9B248088018CC
:108C2000E9F712FF60700135EDB201347F2DE4D118
:108C3000049B2E4A7F33FF33802003929B1802222D
:108C40004024202552424042049951187F2956D889
:108C5000002A4DD1197829431970197821431970C8
:108C60004AE0039B5A1ED2B2002399E7BA420BD8BE
:108C700080225200D21A42434B43D218120A90B2B9
:108C80000A4AFF239042A0D01721FBF7F9F81F23CF
:108C9000181AC3B299E7C046702C0020FDFF0000EF
:108CA000A0A301081026002084000020FFFF000080
:108CB00087AB0108441E00209C1E0020461E002099
:108CC000110800209D0700201308002081000020CB
:108CD000162A002097A50108142A0020122A002035
:108CE0008C2C00205E2B00209F2C0020131A0020CB
:108CF0000426911CB143B0D1197801431970013297
:108D00000133032AA0D10EAB00219C46FF26C94A9D
:108D1000C94C6346C85C1F2800D8FAE016700131C0
:108D200001328029F5D100260EA8335CF5B21F2B45
:108D300012D80F2408ABE418220029000CABFAF774
:108D40008FFF27780CAB1C78A74200D8FBE00134DA
:108D5000E4B21F2C00D8FFE0B64B9B5D1F2B0ED852
:108D60000F2408ABE4180CAF22003B002900B148E7
:108D7000FAF776FF24783B78A34200D3F8E0013677
:108D8000802ED1D1AD4B5868FCF7CAFCAC4BAD4C32
:108D90001B78002B32D1AC4B1B68002B00D1F4E0C8
:108DA000AA4A1568ED1AFAF7CBFD01002800E9F789
:108DB000C1FD82B2A6492000FCF750FB012600232A
:108DC0003200190020000096F5F72CFBFAF7B8FDE9
:108DD00064210500E9F734FE28008FB26421E9F729
:108DE000A9FD3B0082B29B492000FCF737FB002322
:108DF0000722190020000096F5F714FB964E7379B0
:108E0000032B00D9C5E0954B95491D6837682800AC
:108E1000E9F716FE28000E009149E9F78BFD642161
:108E200004903800E9F70CFE380001916421E9F75D
:108E300081FD8C4D33002900049A00902000FCF73E
:108E40000DFB012321220093242100232000F5F7AC
:108E5000E9FA814B1D89844B9D4201D1FFF70DFC3E
:108E6000824B1B78002B01D0FFF707FCFAF768FD57
:108E70006421E9F75FFD01240A2680B2092800D9A0
:108E8000C8E00434A400E3B2280017210593FAF7E0
:108E9000F7FF1F23181A183BC5B21840063B834042
:108EA0000024039A0493EB08DB01D3180393E1B287
:108EB0000B005A1E93415F4A5B4294460EAF681CFA
:108EC000DBB25A18D2B2BE5CFF2E01D086421BDD47
:108ED0006646B25CFF2A01D0824215DD01335BB2E7
:108EE000022BEDD10C2D05D8059B0133A3420BDAE3
:108EF000712C09D8039B049A1B5D1A4204D10123EB
:108F00002A005B48F5F77CFA0234802CCFD1FFF7BA
:108F1000B4FB1378CFB27D08984203D800231070B9
:108F20006355FCE6605D0E2806D801231F4200D081
:108F3000F5E6C0186055F2E60233DBB2202B00D113
:108F400033001370EBE63A00012329000398013740
:108F5000F5F756FAFFB2F5E601226319134200D085
:108F6000F5E61300290022000398F5F749FAEEE62A
:108F700001226319134205D113002900220003982E
:108F8000F5F73EFA0134E4B2F5E6FAF7E3FC020045
:108F900010E7FAF703FDFCF7ABFB01230093002376
:108FA000212219002000F5F73DFA274B1B68002B02
:108FB00022D0264A64211568ED1A2800E9F740FD01
:108FC00028000E006421E9F7B5FC330002002149B6
:108FD00001252000FCF742FA002321223021200045
:108FE0000095F5F71FFAFAF7EBFCFCF781FB00237D
:108FF00021225D21009529E7366864213000E9F7D8
:109000001FFD30000D006421E9F794FC2B000200E5
:109010001849DDE731000134E4B2E9F78BFC2DE7B4
:1090200008237F220093022100231348F5F7C6F896
:10903000FFF723FBBE2A00207E2A00208C2C002074
:109040009E2C0020482A0020880700207804002059
:1090500097AB0108A4AB010884000020882C0020F5
:10906000A08601009BAB0108FFFF00001026002036
:10907000131A0020A3AB0108682A0020844B18684B
:10908000FCF74EFB834C79221021200000F0D6F92A
:1090900000233022E25405337D2BFBD100237022C4
:1090A000E2540A33822BFBD17B4B79211D880727A1
:1090B0002800FAF7E5FE00237849794E834271DBF8
:1090C0002800FAF7D1FB0022040076494342885C6D
:1090D000834271DA01320A2AF9D10126724D7349AD
:1090E0002800FCF7BBF90023192204212800009670
:1090F000F5F798F922006E492800FCF7AFF9002334
:1091000019221C2128000096F5F78CF9694B1B7871
:10911000002B08D1684B79211889FAF7B1FE674B0B
:10912000C018FF2303710124654F664B1B78A342CF
:1091300044D00C2262435C4D634B64499A5828002A
:10914000FCF78CF91E23E2B253435E4E183BDBB2B0
:109150000393337803991B1B5A1E93412800222244
:1091600000930023F5F75EF9594AE300D358E0B2C3
:109170000493FBF7B5FD049B56491A562800FCF7EB
:109180006DF9337828001B1B5A1E934103990093F5
:10919000292200230134F5F745F91E37042CC4D1E8
:1091A000FFF76BFA0A005A43B24202D922783A43D7
:1091B00022700133013481E7D2B28EE71E22FF21F3
:1091C000380000F03BF938001E22FF21803000F00B
:1091D00035F9AEE70726404B1B7803930F2303991D
:1091E00010000F31891A194096429B4101240C2529
:1091F000C9015B4230400533059138498440DB01A9
:109200005B1800219000284004903548E4B2069095
:10921000059D069F6D186D087D5DC8B22F09BC467F
:109220000127394202D00E372F40BC462D4D1F7802
:10923000079503252840049D2843079D2D5C380091
:10924000A043654501D23800204301311870013335
:109250008029DDD10132102AC0D1FFF714FA00288D
:1092600000D1BBE4204B214A1888FF21431E9BB24A
:10927000934205D8E839FAF703FE1F21091AC9B24B
:109280008022ADE40E2C01D0FEF7FDFEFEF7A3FD1B
:10929000982C0020161B00207A2A0020CDCCCCCCA4
:1092A00033333333ECC70108482A0020ADAB010843
:1092B000B3AB01081026002084000020121B002000
:1092C000171C0020342A002084C801088DA501083D
:1092D000F8C70108BAAB0108112A0020131A0020B0
:1092E0001126002018C801085E2B0020FDFF000099
:1092F000F7B500254B680A6800935F1E1300EB402A
:1093000008D1012F05D84368C96893434A431343E2
:109310004360F7BD01241300AC40234022422BD010
:109320001A0003265A435643B446F643019666464E
:109330000468B443009E564334430460012F06D8AA
:109340008C6887685443019E37403C4384600C69B5
:10935000C7685443019E37403C43C460009C022CC4
:109360000AD14C69FF2B09D80F265243564362435A
:10937000036AB3431A4302620135BBE70F261B0A97
:109380005B435B435E435C43426AB24322434262B7
:10939000F2E700000D488546EAF7CEFA0C480D4981
:1093A0000D4A002302E0D458C4500433C4188C4240
:1093B000F9D30A4A0A4C002301E013600432A242A6
:1093C000FBD300F017F8EFF7BDFEFEE700400020EA
:1093D00000000020EC000020C4CA01086002002048
:1093E00020310020FEE70000014B18687047C0469E
:1093F0009C00002070B500260C4C0D4D641BA41081
:10940000A64209D1002600F08BFE0A4C0A4D641BCF
:10941000A410A64205D170BDB300EB5898470136A1
:10942000EEE7B300EB5898470136F2E7BCCA0108F3
:10943000BCCA0108C0CA0108BCCA010803008218DE
:10944000934200D1704719700133F9E7002070474B
:109450007047704770B50F4E0D0031680400002949
:1094600002D1ECF787FB306029002000ECF782FB8B
:10947000431C03D101256D42280070BD0323C51C88
:109480009D43A842F8D0291A2000ECF773FB013065
:10949000F2D1EFE718310020F7B50322CB1C93433C
:1094A000083305001F000C2B34D20C27B94233D8E7
:1094B000280000F071F8374E33681C00002C2FD1C3
:1094C00039002800FFF7C6FF0400431C5FD1346851
:1094D0000094009B002B4AD1002C52D02368280016
:1094E000E31800990193ECF745FB019B834248D1B7
:1094F00023682800FF1A3900FFF7ACFF013040D085
:109500002368DB19236033685A68002A33D1009B33
:10951000336019E0002BC9DA0C232B600020FEBD5C
:109520002168C91B20D40B290AD9E2192760A3425C
:1095300004D1326063681160536005E05A60F9E756
:109540006268A3420ED13260280000F02DF820009E
:1095500007220B30231D9043C21A9842DFD01B1AFA
:10956000A350DCE75A60EFE723006468A6E7009C9D
:1095700063680093ADE71A005B68A342FBD1002348
:10958000DAE70C2328002B6000F00EF8C6E707602E
:10959000DAE7C0461C31002010B50248FFF758FF3B
:1095A00010BDC0461431002010B50248FFF751FF2E
:1095B00010BDC0461431002070B505000C1E10D03F
:1095C000043C2368002B00DAE4182800FFF7E4FFCE
:1095D0001D4A1368002B05D1636014602800FFF753
:1095E000E3FF70BDA34208D9206821188B42F3D154
:1095F00019685B6809182160EEE71A005B68002BA8
:1096000001D0A342F9D911685018A0420BD12068AB
:109610000918501811608342E0D118685B6841183E
:1096200011605360DAE7A04202D90C232B60D5E722
:10963000206821188B4203D119685B6809182160E2
:1096400063605460CAE7C0461C31002010B58842F0
:1096500002D98B18984208D300239A4207D0CC5CD9
:10966000C4540133F9E78B5C8354013AFBD210BD3B
:10967000020010B5137814000132002BFAD1CA5C35
:10968000E2540133002AFAD110BD03000A780131F7
:109690001A700133002AF9D17047002310B59A429D
:1096A00000D110BDCC5CC4540133F8E7030030B5E1
:1096B0001D00002A06D00C78013A01332C700131CC
:1096C000002CF5D100219A18934200D130BD1970B9
:1096D0000133F9E70EB470B581239DB06A460025C9
:1096E00021AC9B0040CC93821B9502900690E9F739
:1096F000F1F80B4B6A460B9301230390079009483E
:109700005B42D38202A92300320000680F951495B2
:10971000019400F073F81DB070BC08BC03B018478A
:109720004D9401089C00002030B500240139A2426C
:1097300001D1002005E0035D01340D5DAB42F6D0A0
:10974000581B30BD70B514004B1C03D101256D4270
:10975000280070BD938920229343626BA381CEB20F
:109760006368CDB2002A10D0A26B9A4207DD23684D
:10977000013B23601E70636801336360E8E72100EA
:1097800000F044FB0028F2D0E0E7216922680029BC
:1097900007D0914205D2511E0878A84201D121601C
:1097A000EAE723642300443363630323A3632300B2
:1097B0004633E2631E7023600123DEE710B50C0020
:1097C000496B00290ED023004433994201D0FFF7A2
:1097D000F3FE0020236C60636360834202D0E36B7E
:1097E000236010BD2369012023600023A2896360E8
:1097F00020331343A3814042F3E70000F0B5AB4CA4
:10980000A5440C0000210090BE204691479103A979
:109810004891A749400043AD2950A649043043ADC3
:10982000295002931678002E00D13CE1082308202D
:10983000A14D571CA95D0B4001421DD00600636875
:10984000002B0FDD23681A78AA5C324201D13A005E
:10985000E8E7479A01330132479262682360013A90
:109860006260ECE7C02243AB520021009B58009895
:1098700098470028E6D0EAE7252E62D14593439326
:1098800053782A2B02D11A3B4393971C3D000A229E
:1098900029786F1C0B00303B092B1FD9874B032203
:1098A0001800019300F06EFA002807D0019B3D00DC
:1098B000C01A01238340439A134343932B786F1CB0
:1098C000782B06D8572B10D8252B3AD034D8002B1C
:1098D00055D0032349930733449369E0459B3D00EA
:1098E0005343303B5B184593D2E718005838202883
:1098F000EFD8E9F70BF84B00EEFFEEFF7D00EEFF2F
:10990000EEFFEEFFEEFFEEFFEEFFEEFF88007B00C6
:10991000240024002400EEFF5500EEFFEEFFEEFFD2
:10992000EEFF900059004700EEFFEEFF8E00EEFFC5
:109930007B00EEFFEEFF4B00453B022BC9D8052311
:1099400035E06368002B0DDD23681A78B24200D041
:10995000A9E0013362682360479B013A01336260EA
:10996000479374E7C02343AA5B002100D3580098B3
:1099700098470028E8D04698002800D08BE00120C6
:1099800040428CE0202243990A434392802243992B
:1099900092000A434392102244926E2B02D905E0B2
:1099A00000234493032302E00823449304234993B0
:1099B0006368002B3EDD439B5B0608D4C026082568
:1099C000760023683C491A788A5C2A423CD1499B3C
:1099D000022B4CDC2200009802AB43A900F072F885
:1099E000012860D0022800D031E7C4E70A22D3E77B
:1099F000390003A800F0D1F94023439A070013432C
:109A000043930123D3E74023439A13434393002313
:109A1000CDE70223CBE7439AD30600D517E7029B95
:109A20004799181D02901B68D50701D519800EE7CC
:109A300019600CE7C02343AA5B002100D3580098AB
:109A400098470028B7D096E7479A01324792626854
:109A5000013A6260002A02DD01332360B1E743ABC3
:109A600021009B59009898470028AAD083E7042B2F
:109A700006DC2200009802AB43A900F083F8AFE7B0
:109A80000F4B002B00D1E2E62200009802AB43A965
:109A900000E000BFA4E7A3895B0600D56FE7A5231C
:109AA0009B009D44F0BD4698F9E7C0466CFDFFFF62
:109AB00045970108BD970108B9C90108EEAB010837
:109AC00000000000F7B515008A680C000190002A1C
:109AD00004D18A69002A17D10132A2602268D20615
:109AE00003D41A68111D196017680026A0690028A0
:109AF00016D001280BD12B6862691B78D35C002B30
:109B00000ED1002E3BD029E001225242E5E7022887
:109B100024D12B681A4A1B78D35C082213421DD12A
:109B2000102223680136134203D12B681B783B7047
:109B300001372A686B6801322A60A268013B013A4A
:109B40006B60A260002A09D0002BCFDCC0235B0031
:109B50002900E358019898470028C7D022681023AD
:109B6000110019401A4206D1E3680133E360A3698A
:109B7000002B00D03970002023699B192361FEBDA2
:109B8000B9C90108F0B58BB00193784B1600049069
:109B900007AAA1CBA1C2764A8B690C000592032BC0
:109BA00001D1744B0593AE220020A3685200591EC8
:109BB0000390914205D95E3BFF3B03935E23FF3345
:109BC000A36023001C330093D023002722681B01CD
:109BD00013432360009B0293336807A81978BB00E6
:109BE0000222185800F0CEF8002829D0012F5ED1AB
:109BF0006368002B06D1083322686360F933FF33B2
:109C00001343236023685C4A13402360A3685A1EF1
:109C1000A260002B14D033685A1C32601B78029A61
:109C200013707368551C013B7360002B07DCC02365
:109C30005B003100E3580498984700287ED10295D4
:109C40000137032FC8D16368002B01D10A33636049
:109C50000027636849496069C91A00F09EF8029DAF
:109C6000A36820680293002B3FD0316863690A78AB
:109C70009B5C002B39D0302A28D180231B0118424D
:109C800024D0039B0137002B05D01A00029B013A18
:109C900001330392A3607368013B7360002B1CDDEA
:109CA000336801333360A368013BA360D8E7022F18
:109CB000ACD1C02380212268DB00134089008B4295
:109CC000C1D110236360F03313439EE72C4B034054
:109CD00023600B782B700135DDE7C0235B0031007A
:109CE000E358049898470028DDD02368DB050ED59B
:109CF000009B9D4207D9BE23013D5B0032002978BD
:109D0000E35804989847009B01209D4229D0216880
:109D100010230A001A4019421CD12A706368009966
:109D20000498059EB047019B22681B68910607D5E1
:109D300001991A1D0A601B68186008E00027D4E723
:109D4000191DD6070FD5019A11601B681880E368AA
:109D50000133E3600020009BED1A2369ED195B19C4
:109D600023610BB0F0BD019A1160E4E734A2010851
:109D700009A10108FD9F0108FFFAFFFF02AC0108DD
:109D8000FFF6FFFFC9B28218904201D10020704750
:109D900003788B42FBD00130F6E770B50B780400F6
:109DA0005E2B19D04D1C00212200601CFF30117069
:109DB00001328242FBD1681E002B26D001264E4084
:109DC0002800E6540178451C2D2909D05D291BD0B7
:109DD00000291AD00B00F3E74B788D1C0121E3E733
:109DE00042785D2AF6D09342F4DC1900023001314A
:109DF00066548A42FBDC591C934202DB00228B181A
:109E0000E0E7D21A013AFAE7280070BD0B00F7B577
:109E10004D6B44330C009D421CD18026F60031006E
:109E2000FFF73AFB002802D101204042FEBD23008B
:109E30006063A66346331A78104BC254230045333F
:109E40001A780F4BC2542A780E4BC254C0182060A7
:109E50000020EBE78E6B290073001A00019300F0DD
:109E600013F8051EE0D08719010032003800FFF713
:109E700014FC019B27606563A363E9E7FF0300000F
:109E8000FE030000FD030000F7B506000C001500FE
:109E9000002905D11100FFF7FFFA04002000FEBDE4
:109EA000002A03D1FFF788FB2C00F7E700F030F918
:109EB0000700854202D84308AB42EFD329003000A7
:109EC000FFF7EAFA0190002801D1019CE6E72A0099
:109ED000BD4200D93A0021000198FFF7DEFB2100C6
:109EE0003000FFF769FBF0E7F0B585B017001E0002
:109EF00003900191242B23D80C00012B20D03D4B43
:109F000008229C46230061461D780134485D01000B
:109F100011401042F6D12D2D19D125789C1C01231A
:109F200000931022330093431DD1302D15D12021F1
:109F300023788B43582B10D165780234102612E019
:109F4000FFF752FA16230360002005B0F0BD009120
:109F50002B2DE6D125789C1CE3E7002EEED10A36A6
:109F6000302D00D1023E244A009B944663443100C8
:109F700018000293E8F764FD0022844610002B00CD
:109F8000303B092B11D81D00AE421DDD531C09D0FA
:109F900001225242844505D301D1A94211DB01229D
:109FA0007043281825780134E9E72B00413B192B31
:109FB00001D8373DE8E72B00613B192B04D8573D0A
:109FC000E2E701225242EDE7531C08D12223039A13
:109FD00002981360002FB8D0631E019307E0009B26
:109FE000002B00D04042002FAFD0002AF4D1019BBB
:109FF0003B60AAE7B9C90108FFFFFF7F10B5FFF773
:10A0000073FF10BDF0B51E003E4B17000C009C46C0
:10A01000082285B003900091230061461D78013429
:10A02000485D010011401042F6D12D2D12D1257846
:10A030009C1C0123029310223300934316D1302D30
:10A040000ED1202123788B43582B09D16578023417
:10A0500010260BE002912B2DEDD125789C1CEAE710
:10A06000002EF5D10A36302D00D1023E01203100FC
:10A070004042E8F75FFC0190012031004042E8F7E0
:10A08000DFFC00230122180094462A00303A092AF6
:10A0900012D81500AE421EDD5A1C0AD00123019AC7
:10A0A0005B42824205D301D1A94211DB6346704372
:10A0B000281825780134E8E72A00413A192A01D8FE
:10A0C000373DE7E72A00613A192A04D8573DE1E70E
:10A0D00001235B42EDE75A1C07D1222203991800A5
:10A0E0000A60002F09D105B0F0BD029A002A00D005
:10A0F0004042002FF7D0002B01D0631E0093009B3D
:10A100003B60F0E7B9C9010810B5FFF77BFF10BD50
:10A110000B1F1B68181F002B01DA0B58C018704763
:10A12000F8B5C046F8BC08BC9E467047F8B5C046B6
:08A13000F8BC08BC9E46704714
:10A13800AD033805B902B904B9023805B902C50535
:10A148000203B904020338050203C5055403B90420
:10A15800540338055403C505B902610602036106B4
:10A1680054036106AD036106AD03B904AD03C5052B
:10A1780080020020000100007C020020003E2241F5
:10A188004141414141414141414141417F003C42BE
:10A1980042422400A6A4010808A4010862A90108F3
:10A1A80066A301084C31004C32004C33004C34009B
:10A1B8004C35004D00004800004C4F5731004C4FC3
:10A1C8005732004C4F5733004C4F5734004C4F57C1
:10A1D80035004D49440000484947480011A401088A
:10A1E800B6AA01085FA90108EDA8010856A9010847
:10A1F8005AA90108EB1E0020EC1E0020ED1E0020CD
:10A20800EE1E0020C71F00205800C33772006530BB
:10A218007000C3005D00000D590068805900680097
:10A228005A0055555B0055555C0030AA04AC01082E
:10A23800E1A4010807AC0108EFFFF7FFCBFFFBFF24
:10A2480052454C4541534500414C4C204B455953D0
:10A258000025752E25303275562025752525005682
:10A268004F4C544147450057454C434F4D450042DC
:10A2780049454E56454E5545002573204564697439
:10A28800696F6E006F6B676250473A2C413725172C
:10A29800E4CBB59F002E2D2E2E002E2D2D2D2D001A
:10A2A8002E2E2D2D2D002E2E2E2D2D002E2E2E2E27
:10A2B8002E002D2E2E2E2E002D2D2D2E2E002E2D45
:10A2C8002E2D2E2D002D2D2E2E2D2D002E2E2D2D0A
:10A2D8002E2E002E2D2D2D2D2E002D2E2D2E2D2DFA
:10A2E800002D2E2D2D2E002D2E2D2D2E2D002E2D18
:10A2F8002E2E2E002D2D2D2E2E2E002D2E2D2E2DD8
:10A308002E002D2E2E2E2D002D2E2E2E2E2D002EF3
:10A318002E2D2D2E2D002E2D2E2E2D2E002E2E2EB6
:10A328002D2E2E2D002E2D2D2E2D2E005D5D00257F
:10A3380033752E253035750043482D25303475008A
:10A348004E554C4C0076372E362E39003132333488
:10A3580035003534333231004354435353004443BA
:10A368005300442530336F256300554E4C4F434B03
:10A37800204B4559424F41524400536176653F0096
:10A388005363616E204661696C656400467265714D
:10A398003A2D2D2D2E2D2D2D2D2D00546F6E653A15
:10A3A8002D2D2D00546F6E653A4E6F6E650053610A
:10A3B80076653A00467265713A25752E25303575F1
:10A3C8000043544353533A25752E2575487A004463
:10A3D80043533A442530336F4E002533640025201B
:10A3E800346420257300532564002B253032640023
:10A3F8004625752B00462575004558004F464600F2
:10A4080020205400545351004357004245414D20E9
:10A418005458004245414D205258005031005032A6
:10A42800004C4F57204241545445525900507265D0
:10A43800737320455849540053636E526E67003E4B
:10A44800257300555342003E3E00252E34730025E7
:10A458002E2A732E252E337300253033752E253082
:10A4680035750025752E25750025642E2530327525
:10A478004B0025644B004D4F4E490053514C256409
:10A488000025302A752F25750044544D4620257324
:10A498000056464F20257300222214140808003C59
:10A4A80026252525263C003E1C08003E3E1C1C088F
:10A4B80008004142430061626300313A2575002576
:10A4C800752A3130306D730057494B490050524F4F
:10A4D80046494C45003030302F30300053555245F6
:10A4E8003F00574149542100253032752F2575000A
:10A4F8002B25752E257564420025642E253032756E
:10A508006B487A00555345520025730A2573570046
:10A51800442530336F49002533642E2530357500C6
:10A52800252E33732E252E33732020004D487A00B4
:10A5380053544F5000434152524945520A25303234
:10A5480064733A253033646D730054494D454F5553
:10A55800540A253032646D3A253032647300253050
:10A5680032752028252E33732900252E38730A25A5
:10A578002E38730025642A31306D73004E375349E5
:10A58800580025730A257300253373202564202578
:10A59800640025643A25643A256400257320253231
:10A5A80064202530346400253032643A2530326422
:10A5B8003A25303264004255494C44004D454D4FD0
:10A5C800525900464C4153482025752E257525259E
:10A5D800005352414D202025752E25752525005202
:10A5E8004541440A4D414E55414C0025752E2530B4
:10A5F8003275560A2575002564683A253032646D2F
:10A6080000496E736964650A46204C6F636B0A5093
:10A618006C616E00464D0025302A752F2530327545
:10A628000025302A752F2D2D00253032753A25301A
:10A6380032750025752E253032750026494949495D
:10A6480032002425262122273A3B3F5E607C7B7D11
:10A658005F005365617263682046726571005365D7
:10A668006172636820546F6E65005363616E2043A6
:10A678006F6D706C657465004A616E0046656200B6
:10A688004D617200417072004D6179004A756E002B
:10A698004A756C0041756700536570004F6374001C
:10A6A8004E6F7600446563004B45595F4D454E55E6
:10A6B800004B45595F5550004B45595F444F574E25
:10A6C800004B45595F45584954004B45595F535411
:10A6D8004152004E4152524F574552004E4F524D33
:10A6E800414C00464153540054494E5900434C4193
:10A6F80053534943004B4559532B50545400534F1F
:10A70800554E440056495355414C004F4E455055FF
:10A718005348004C4546540A52494748540A55562E
:10A728002D4B310055500A444F574E0A55562D4B64
:10A73800352838290044454641554C542B0A3133B5
:10A74800372D3137340A3430302D34373000464312
:10A75800432048414D0A3134342D3134380A3432DB
:10A76800302D3435300043412048414D0A313434CE
:10A778002D3134380A3433302D34353000434520F8
:10A7880048414D0A3134342D3134360A3433302DB2
:10A798003434300047422048414D0A3134342D3199
:10A7A80034380A3433302D343430003133372D31D6
:10A7B80037340A3430302D343330003133372D31CB
:10A7C80037340A3430302D34333800504D52203469
:10A7D800343600474D52530A4652530A4D55525388
:10A7E8000044495341424C450A414C4C00554E4C9B
:10A7F8004F434B0A414C4C0056464F0031363030DF
:10A808006D4168204B3500323230306D4168204B45
:10A818003500333530306D4168204B3500313430E8
:10A82800306D4168204B3100323530306D41682041
:10A838004B3100524F474552004D4443004C4F475F
:10A848004F004E4F4E450050455243454E5400551B
:10A858005020434F444500444F574E20434F4445F2
:10A868000055502B444F574E0A434F444500415022
:10A878004F4C4C4F0A5155494E44415200434841B0
:10A888004E4E454C0A4E554D424552004E414D459F
:10A89800004E414D450A2B0A46524551004D41494B
:10A8A8004E0A4F4E4C59004455414C2052580A52BA
:10A8B8004553504F4E440043524F53530A42414E62
:10A8C80044004D41494E2054580A4455414C2052A9
:10A8D80058004C4F474F2B004D4154524958005493
:10A8E800582F52580057494445003C2032306D00DB
:10A8F8003132356D003235306D003530306D004CF9
:10A908004F572031004C4F572032004C4F572033BF
:10A91800004C4F572034004C4F572035004D4944C8
:10A928000053454E540057414954494E470052453B
:10A93800434549564544004D454D2046554C4C002D
:10A948004552524F520053454E44494E47004E41DE
:10A9580052004E41522B004E2B00444352004255A8
:10A96800535900424154204C4F57005458204449F1
:10A978005341424C450054494D454F555400414CB4
:10A9880041524D00564F4C54204849474800464CC8
:10A99800415400434C45414E00424F4F5354004DE3
:10A9A80041580053484152500053544F434B004FB5
:10A9B80050454E002030002E2C2D2829402F5C2B8E
:10A9C8003D2A233C3E5B5D7E310061626332006458
:10A9D8006566330067686934006A6B6C35006D6EB4
:10A9E8006F36007071727337007475763800777837
:10A9F800797A3900464C4153480A4C494748540033
:10AA0800504F574552004D4F4E49544F5200564FE4
:10AA18005800464D20524144494F0031373530489F
:10AA28007A004C4F434B0A4B455950414400564617
:10AA38004F20410A56464F20420056464F0A4D4580
:10AA48004D005258204D4F4445004D41494E204F2E
:10AA58004E4C5900574944450A4E4152524F5700EF
:10AA68004D5554450052784100504F5745520A48B9
:10AA78004947480052454D4F56450A4F46465345AB
:10AA880054004245414D0054595045204D455353BB
:10AA980041474500505245535320505454005341A8
:10AAA80056453F0044454C3F004D2D5343414E0011
:10AAB800256425732D25644D004D522843482530C3
:10AAC8003275290056464F284348253032752900EB
:10AAD800412D5343414E282575290043482D2530E3
:10AAE8003275002533642E256400252E33732E25F8
:10AAF8002E3173004D4F4E00257557504D2025734C
:10AB08002043257500253373002534736B004149B4
:10AB18005220434F50592852445929004149522044
:10AB2800434F50590041495220434F505928434DF3
:10AB3800502900252E33732E252E3373004D454D95
:10AB48002025303375202D2025303375005365744A
:10AB580074696E6773005243563A253032752E2554
:10AB6800303275252520453A256400534E443A2550
:10AB78003032752E2530327525250052583A004D51
:10AB88002025732F257300413A257320256300255E
:10AB980075780025752E25303575207F25752E256D
:10ABA8003032756B00533A202575002564206442C5
:10ABB8006D002564644200FFFFFFFFFFFFFFFF00F9
:10ABC8005745414B004E4F524D00535452470031A8
:10ABD800322E3500362E3235004C4E4173004C4E25
:10ABE800410050474100686C4C00412D46612D667C
:10ABF800383930313233343536375D002B2D007813
:10AC080058002E2C3F310041424332004445463320
:10AC18000047484934004A4B4C35004D4E4F3600EA
:10AC2800505152533754555638005758595A3904C9
:10AC38000404040404050405050A0F14191E232836
:10AC48002D320708090A0B0C0D000102060E030439
:10AC58000F100511121314151617414243442A23E5
:10AC680040771B0080CBA40080CBA400A00BD100B0
:10AC7800A00BD100C0800901C0800901C00E1602D6
:10AC8800C00E1602005A6202005A6202C029CD02A2
:10AC9800C029CD0280A4BF0741000000F3A201082B
:10ACA80042000000FEA20108430000002FA3010893
:10ACB80044000000C2A2010845000000E0A201080B
:10ACC8004600000020A3010847000000DEA201089A
:10ACD80048000000BBA2010849000000C3A2010807
:10ACE8004A000000A9A201084B000000F2A20108D6
:10ACF8004C0000009DA201084D000000A0A301081F
:10AD08004E000000DFA201084F0000009FA30108C9
:10AD180050000000EAA2010851000000F1A2010859
:10AD28005200000030A3010853000000FFA20108F0
:10AD38005400000005AC01085500000029A30108D3
:10AD4800560000000BA3010857000000E5A2010807
:10AD58005800000028A3010859000000E4A20108D7
:10AD68005A000000C1A20108300000009DA301089C
:10AD780031000000A2A2010832000000A8A20108C8
:10AD880033000000AEA201083400000011A301083E
:10AD980035000000B4A2010836000000BAA201087C
:10ADA80037000000FDA2010838000000C0A2010819
:10ADB80039000000DCA201082E000000C6A201082C
:10ADC8002C000000CDA201083F000000D4A2010819
:10ADD80027000000DBA2010821000000E2A2010810
:10ADE8002F0000001FA3010828000000E9A20108A5
:10ADF80029000000EFA2010826000000F6A20108C1
:10AE08003A000000FCA201083B00000003A301086F
:10AE18003D0000000AA301082B00000004A301085C
:10AE28002D00000010A301085F00000017A301080F
:10AE3800220000001EA301082400000025A3010829
:10AE4800400000002DA3010841020242040143040E
:10AE58000544030145010046040447030348040070
:10AE68004902004A040E4B03054C04024D02034EEE
:10AE780002014F030750040651040B520302530307
:10AE880000540101550304560408570306580409E1
:10AE980059040D5A040330051F31051E32051C33B1
:10AEA8000518340510350500360501370503380542
:10AEB8000739050F2F05093F060C2E062A2C0633E5
:10AEC8003D05112D06212B050A28050D2605020032
:10AED800FA00F4017102E803E204C4094103010025
:10AEE80005000A001900320064007D008403DC05B7
:10AEF800D007B80B88131027D430204EA86150C350
:10AF080079AD0008452A0108353201088160010839
:10AF1800CD7201081F111F151F151D151717151DB7
:10AF28001F041F1B151B0E110E110A04DDBA0008A1
:10AF380039380108F12E00085D5E00086D660008CA
:10AF4800492F0008DDBA000871450008A92E00083D
:10AF58004133000871330008B1380008252F000874
:10AF6800DDBA0008712F0008B52F00081530000859
:10AF7800CD3500086D4C0008C54400088D35000823
:10AF8800413000085D30000801540108A2C0A1A6A4
:10AF9800A424811F2F40AF121113130A0104070BB9
:10AFA8000205080C0306090D0E000F0008101820F2
:10AFB80030486896C8FF081C3044586C8000000070
:10AFC80000093D0000127A000024F4004086510177
:10AFD80000366E0100093D0000093D0000093D00F2
:10AFE8000000000000000000000000000000000059
:10AFF8000000000000000000000000000000000049
:10B00800010000000200000003000000040000002E
:10B01800060000000700000008000000090000000A
:10B028000000000000000000000000000000000018
:10B0380001000000020000000300000004000000FE
:10B0480012010002EF020140B736FFFF00010102C2
:10B05800030109024B000201008032080B000202C2
:10B068000201000904000001020201020524001087
:10B078000105240100010424020205240600010739
:10B0880005830308000A09040100020A00000007FA
:10B098000502024000000705810240000004030980
:10B0A800040A0350005500590041001C0350005584
:10B0B80000590041002000430044004300200044A0
:10B0C8000045004D004F00160332003000320032B8
:10B0D8000031003200330034003500360000417082
:10B0E8006558004E375349582076372E362E39008A
:10B0F80051340008DDBA0008DDBA0008E15E000836
:10B10800313C0008E5340008DDBA00086B03F8029A
:10B11800F8028002380438048403F8025374657016
:10B1280000000001506F77657200000252784443B6
:10B138005300000352784354435300045478444363
:10B1480053000005547843544353000654784F4441
:10B158006972000754784F6666730008572F4E00CF
:10B168000000000A42757379434C000B436F6D7001
:10B178006E6400204D6F64650000003054584C6FB9
:10B18800636B000C43684C697374001B436853611C
:10B198007665000D436844656C65000E43684E6132
:10B1A8006D65000F53634C697374002253635072CA
:10B1B8006900002350726943683100245072694362
:10B1C8006832002553636E5265760019463153681C
:10B1D8007274004646314C6F6E67004746325368BA
:10B1E8007274004846324C6F6E6700494D204C6FB0
:10B1F8006E67004A4B65794C636B001A5478544F5C
:10B208007574000942617453617600114261745487
:10B218007874002F4D6963000000001E4D69634279
:10B228006172001F4368446973700010504F6E4D7F
:10B238007367002C424C54696D650013424C4D698C
:10B248006E000015424C4D6178000016424C54784F
:10B25800527800144265657000000018526F6765E7
:10B268007200002D535445000000001C525020531A
:10B278005445001D312043616C6C00215550436FCB
:10B28800646500264457436F646500275054542072
:10B298004944002844205354000000294420507297
:10B2A800656C002A44204C697665002B564F58007F
:10B2B80000000012537973496E66002E52784D6F64
:10B2C8006465001753716C000000000053657450EA
:10B2D800777200355365745054540036536574546E
:10B2E8004F540037536574454F54003853657443C1
:10B2F80074720039536574496E76003A5365744C1C
:10B30800636B003B5365744D6574003C536574472B
:10B318005549003D5365745278410044536574544F
:10B328006D72003E5365744F666600345365744E03
:10B33800464D0040536574566F6C00415365744B1D
:10B348006579004253657453636E003F53657453C7
:10B358006176004C46204C6F636B003233353020E9
:10B36800456E003342617443616C00454261745418
:10B378007970004B5365744E61760043526573656E
:10B388007400003100000000000000FF55562D4BEE
:10B3980035204669726D776172652C2045475A558C
:10B3A8004D45522B4E375349582076372E362E3975
:10B3B8000D0A000C12216D796D21120C0C122161FD
:10B3C800616121120C1C1C1422417F0022140814F4
:10B3D800227F00767676767E7F7C464545454545D4
:10B3E800467C003E41414122007F40404040003EB3
:10B3F8004141413E007F09090906001F2040201FE6
:10B40800006314081463007F021C027F003E414160
:10B41800413E006314081463007F49494936007FA0
:10B428004141413E003F4038403F007F09192946CD
:10B4380000412214080008142241007F09192946F6
:10B44800003E4141413E007F09090906002649495D
:10B45800493200005AA6010866A6010872A601082A
:10B4680080A6010884A6010888A601088CA6010800
:10B4780090A6010894A6010898A601089CA60108B0
:10B48800A0A60108A4A60108A8A60108ACA6010860
:10B498007F415D5D5D417F006F8B472CE134F82C67
:10B4A8005E8BF893E1B6658D4A007F415D5D5D4135
:10B4B8007F5B1FBAEED99F559874E21A0D963DA589
:10B4C8000D69C2A5F296F9595FDC4A146318D94789
:10B4D80055112C02D86467755594537F450D963DD8
:10B4E800A50D69C2A5F296DF19F75FC215BC552AEA
:10B4F800444411FD0575757505FD019A38370D969B
:10B508003DA50D69C2A5F296CBC081DF1175117FEB
:10B518003E6437187FEB1523017F415D5D5D417FF8
:10B52800006A0F740ED2B074B16D1859157986CEB1
:10B538001543007F415D5D5D417FCD5D8365E7C655
:10B5480055BD6B3FA91CA5E069E34A15062AFECE46
:10B55800CA3A70D9EAF55C158A6722FF25AEB6307B
:10B56800F855DD07B6C21CA5E069C46615842B72C0
:10B57800E8E92311CDE6C191E6887722FD047474C9
:10B588007405FD01F7AE811CA5E06954FE37222B36
:10B59800EAAAA78D5F3155B13FCECA24337F538EB7
:10B5A800A300011A1C1E2022242627292D31050953
:10B5B80013192224292B2C303236383C4748494A63
:10B5C8004B525300B0A60108B9A60108C0A601084D
:10B5D800C9A60108D2A6010861AA0108DBA60108CC
:10B5E800E4A60108EBA60108F0A60108F5A60108E3
:10B5F80054A20108FDA6010804A4010806A7010831
:10B608000CA70108F1A70108F5A6010813A701086E
:10B618001BA701082CA701083DA7010856A7010888
:10B628006EA7010885A701089CA70108B3A7010810
:10B63800C3A70108D3A70108DBA70108E9A70108E8
:10B64800F5A7010800A80108F1A7010804A8010846
:10B658000FA801081AA8010825A8010830A80108A0
:10B6680036613562333363650030383A30353A3401
:10B6780031004A756C2031382032303236000000F3
:10B6880004A401083BA8010841A80108F1A7010882
:10B6980006A7010894AA010867A2010845A801089D
:10B6A8004AA801084AA8010867A201084FA801088A
:10B6B80004A4010857A801085FA8010869A801089F
:10B6C80076A80108A0A8010885A8010894A801087F
:10B6D80099A80108A5A80108AFA80108BFA80108F2
:10B6E800CAA8010804A4010845A80108DAA80108A5
:10B6F800E0A8010804A4010818A40108D7A80108B3
:10B70800E7A80108EDA8010861AA010804A4010836
:10B7180060A9010805AC0108F2A80108F8A8010809
:10B72800FDA8010802A901080BA9010811A901082F
:10B7380023A901080CA5010807A901080DA90108FA
:10B7480013A9010819A901081FA9010825A90108B9
:10B7580077AA010804A40108FDAA01081F00000037
:10B768001C0000001F0000001E0000001F00000059
:10B778001E0000001F0000001F0000001E00000047
:10B788001F0000001E0000001F00000029A901087A
:10B798002EA9010836A901083FA9010848A90108EE
:10B7A8004EA90108464D0000414D00005553420086
:10B7B800A6A4010866A901086BA9010873A90108D4
:10B7C8007EA9010886A901088CA9010896A9010883
:10B7D8009BA9010825A90108A1A90108A7A9010891
:10B7E800ABA90108B1A90108B7A901080000000028
:10B7F8000000003E3E1C1C08080000000000170066
:10B808000300031F0A1F0A1F051904130F171C0042
:10B818000300000E11110E00050205040E041008A5
:10B82800000404040010001804031E110F021F0076
:10B8380019151211150A07041F1715091E151D19C8
:10B8480005031F151F17150F000A00100A00040A28
:10B85800110A0A0A110A040115030E15161E051EFF
:10B868001F150A0E11111F110E1F15151F05050EA4
:10B87800151D1F041F111F1108100F1F041B1F1077
:10B88800101F061F1F0E1F0E110E1F05020E191E78
:10B898001F0D16121509011F010F101F0718071F8A
:10B8A8000C1F1B041B031C031915131F1111020481
:10B8B8000811111F0201021010100102001A161CB3
:10B8C8001F120C0C12120C121F0C1A16041E050C57
:10B8D8002A1E1F021C001D0010201D1F0C12111F04
:10B8E800101E0E1E1E021C0C120C3E120C0C123ED8
:10B8F8001C0202141E0A021F120E101E0E180E1E23
:10B908001C1E120C1206281E1A1E16041B11001BE0
:10B9180000111B04020301121712FCFEFE060606A4
:10B9280006FEFEFC3F7F7F606060607F7F3F000017
:10B93800181CFEFEFE000000000060607F7F7F6034
:10B9480060001C1E1E06060686FEFE7C6070787C63
:10B958006E67636160600C0E0E86868686FEFE7CCE
:10B96800307070616161617F7F3E80C0E070381C1B
:10B978000EFEFEFE0F0F0F0C0C0C0C7F7F7FFEFEE1
:10B98800FEC6C6C6C6C6C686307070606060607F78
:10B998007F3FF8FCFEC6C6C6C6C6C6803F7F7F602E
:10B9A8006060607F7F3F0E0E0E060686E6FE7E1EF6
:10B9B800000000007C7F7F0300007CFEFE868686F8
:10B9C80086FEFE7C3F7F7F616161617F7F3FFCFE79
:10B9D800FE06060606FEFEFC016363636363637F7F
:10B9E8003F1F0080808080808080800000010101EE
:10B9F80001010101010000005E5E0000060600066C
:10BA08000600143E143E14002E6B7F6B3A0063331D
:10BA1800180C6663304B4D55225000000707000094
:10BA2800001C3E6341000041633E1C00002A1C1CB0
:10BA38002A0018187E7E18180040602000000018A0
:10BA4800181818000000606000006030180C060329
:10BA58003E7F63637F3E64667F7F606062737B7B4B
:10BA68006F6663636B6B7F36383C367F7F306F6FF2
:10BA78006B6B7B333E7F6B6B7B320303737B0F07F0
:10BA8800367F6B6B7F36066F6B6B7F3E00006C6C8E
:10BA9800000000406C2C00000814224100003636DB
:10BAA800363636000041221408000607535B1F0E85
:10BAB800307B6B7B7F3E7E7F1B1B7F7E7F7F6B6B2C
:10BAC8007F363E7F636363367F7F63637F3E7F7F1E
:10BAD8006B6B6B637F7F1B1B1B033E7F636B7B3A28
:10BAE8007F7F0C0C7F7F63637F7F63633073637F2B
:10BAF8003F037F7F1C3663417F7F606060607F7F8C
:10BB080006067F7F7F7F0C187F7F3E7F63637F3EC3
:10BB18007F7F1B1B1F0E3E7F63737F7E7F7F1B3BD8
:10BB28007F66666F6B6B7B3303037F7F03033F7F07
:10BB380060607F3F1F3F60603F1F3F7F30307F3F27
:10BB480063771C1C7763070F78780F0763737B6F25
:10BB58006763007F7F63630001020408106000636D
:10BB6800637F7F000C0E03030E0C606060606060F2
:10BB7800000307060000207656567E3C7F7F6C6CDB
:10BB88007C38387C6C6C6C00387C6C6C7F7F3C7EBD
:10BB980056565E0C7E7F1B1B02000C5E56567E3C82
:10BBA8007F7F0C0C7C7800007A7A00003060607D22
:10BBB8003D007F7F183C7E66003F7F4000007C7C14
:10BBC80018187C7C7C7C0C0C7C783C7E66667E3C01
:10BBD8007E7E36363E1C1C3E367E7E607C7C0C0C9F
:10BBE80018004C5E565676203F7F6C6C60003C7C9B
:10BBF80060607C3C0C3C70703C0C3C7C30307C3C85
:10BC0800446C38386C44066E68687E3E66767E6E94
:10BC18006600083E7741000000007F0000000041F8
:10BC2800773E08000C060C180C0000005E000000AF
:10BC3800000600060000143E143E140026497F4901
:10BC48003200631308046261304B4D5522500000E6
:10BC580007070000001C224100000041221C0000D0
:10BC6800002A1C1C2A0008083E0808000040602022
:10BC7800000000080808080000006060000040207C
:10BC8800100804023E414141413E0040427F40408D
:10BC980062515149494622414949493618141211FD
:10BCA8007F102745454545393E49494949320101F3
:10BCB8007109050336494949493646494949291E02
:10BCC80000006C6C000000406C2C0000081422413D
:10BCD8000000141414141400004122140800020176
:10BCE80051090600304A4A523C007E090909097E7A
:10BCF8007F49494949363E41414141227F414141BD
:10BD0800413E7F49494949417F09090909013E41A5
:10BD18004949493A7F080808087F41417F41410065
:10BD28002041413F01017F080C1221407F404040E3
:10BD380040407F020404027F7F020408107F3E41D6
:10BD48004141413E7F09090909063E415161413E91
:10BD58007F090919294626494949493201017F01C4
:10BD680001003F404040403F0738404038073F40CF
:10BD78003030403F63140808146307087008070050
:10BD8800615149454341007F4141000001020408D7
:10BD98001060000041417F0004020102040040409D
:10BDA80040404040000307060000205454547800E7
:10BDB8007F444444380038444444280038444444C8
:10BDC8007F003854545448007C0A0A0A0200585428
:10BDD80054543C007F040404780000007A000000FA
:10BDE8002040403D0000007F1028440000003F40F4
:10BDF80000007C047C0478007C0404047800384447
:10BE0800444438007C1414140800081414147C40AA
:10BE18007C04040408000854545420003F4444445B
:10BE280040003C4040403C000C3040300C003C405E
:10BE380030403C004428102844000C5050503C002E
:10BE48004464544C440008364100000000007F0060
:10BE58000000000041360800040204080400000045
:10BE680000FCFC00000000000D0D0000000F1F008A
:10BE7800001F0F0000000000000020F8F820F8F86C
:10BE880020020F0F020F0F0270F8888E8E98100490
:10BE98000C0838380F0730300080C060300C0603BB
:10BEA80001000C0C80D87CE4BCD840070F080807B8
:10BEB8000F0800101F0F0000000000000000000025
:10BEC8000000F0F80C0400000003070C0800000054
:10BED800040CF8F0000000080C0703000080A0E044
:10BEE800C0E0A000000203010302008080E0E080BF
:10BEF80080000000030300000000000000000000B4
:10BF080000101E0E0000808080808080800000006D
:10BF180000000000000000000000000000000C0C01
:10BF2800000000000080C060300C06030100000023
:10BF3800F8FC040404FCF8070F0808080F070010B1
:10BF480018FCFC00000008080F0F0808181C0484DF
:10BF5800C47C380C0E0B09080808181C444444FC1F
:10BF6800B8060E0808080F0780C0603018FCFC01EE
:10BF7800010101010F0F7C7C444444C484040C0873
:10BF880008080F07F0F84C4444C480070F08080855
:10BF98000F0704040484E47C1C00000E0F01000059
:10BFA800B8FC444444FCB8070F0808080F0778FC9D
:10BFB800848484FCF8000808080C0703000000309B
:10BFC80030000000000006060000000000303000CD
:10BFD800000000080E0600000080C060301808004D
:10BFE800000103060C084040404040404002020265
:10BFF800020202020008183060C08000080C060324
:10C008000100383C0484C47C380000000D0D000099
:10C01800F0F808C8C8F8F0070F080B0B0B01F8FC7C
:10C02800848484FCF80F0F0000000F0FFCFC4444CC
:10C0380044FCB80F0F0808080F07F8FC0404041C98
:10C0480018070F0808080E06FCFC04040CF8F00F8B
:10C058000F08080C0703FCFC44444404040F0F08B1
:10C0680008080808FCFC44444404040F0F000000BE
:10C078000000F8FC0484849C98070F0808080F0740
:10C08800FCFC404040FCFC0F0F0000000F0F0000BC
:10C0980004FCFC04000000080F0F08000000000466
:10C0A800FCFC04060E08080F0700FCFCE030180C26
:10C0B800040F0F0103060C08FCFC00000000000F31
:10C0C8000F0808080808FCFC187018FCFC0F0F0083
:10C0D80000000F0FFCFC60C080FCFC0F0F0000018B
:10C0E8000F0FF8FC040404FCF8070F0808080F07F2
:10C0F800FCFC848484FC780F0F0000000000F8FC2E
:10C10800040404FCF8070F080C0C1F17FCFC8484BB
:10C1180084FC780F0F0103060C08387C444444CC97
:10C1280088060E0808080F07000404FCFC04040035
:10C1380000000F0F0000FCFC000000FCFC070F08CB
:10C1480008080F077CFC800080FC7C00030F0C0FA4
:10C158000300FCFC008000FCFC0F0F0603060F0F19
:10C168000C3CF0C0F03C0C0C0F0300030F0C003C1F
:10C178007CC0C07C3C0000000F0F0000040484C495
:10C18800643C1C0E0F09080808080000FCFC0404A5
:10C198000000000F0F0808003870E0C080000000A1
:10C1A80000000103070E00000404FCFC0000000866
:10C1B800080F0F00080C0603060C0800000000001A
:10C1C8000000000000000000002020202020202087
:10C1D800000003070400000000000000000000A0A9
:10C1E800A0A0A0E0C0070F0808080F0FFCFC202043
:10C1F80020E0C00F0F0808080F07C0E020202060CB
:10C2080040070F0808080C04C0E0202020FCFC07A9
:10C218000F0808080F0FC0E0202020E0C0070F0912
:10C22800090909012020F8FC24240400000F0F004C
:10C238000000C0E0202020E0E0074F4848487F3F4A
:10C24800FCFC202020E0C00F0F0000000F0F0000B2
:10C2580020ECEC00000000080F0F080000000000B0
:10C2680020ECEC00307040407F3FFCFC0080C06058
:10C27800200F0F0103060C08000004FCFC0000005E
:10C2880000080F0F0800E0E020E020E0C00F0F00DA
:10C298000F000F0FE0E0202020E0C00F0F0000008B
:10C2A8000F0FC0E0202020E0C0070F0808080F0784
:10C2B800E0E0202020E0C07F7F0808080F07C0E0EA
:10C2C800202020E0E0070F0808087F7FE0E06020DA
:10C2D8002020200F0F0000000000C0E020202020B8
:10C2E8002008090909090F062020FCFC202000006D
:10C2F80000070F080808E0E0000000E0E0070F086A
:10C3080008080F0FE0E0000000E0E000030F0C0F4A
:10C318000300E0E0008000E0E0070F080F080F07C7
:10C3280060E0800080E0600C0E0301030E0CE0E08A
:10C33800000000E0E0074F4848487F3F202020A049
:10C34800E060200C0E0B09080808000040F8BC0447
:10C3580004000000070F0808000000BCBC00000033
:10C3680000000F0F0000000404BCF840000008089B
:10C378000F070000080C040C080C04000000000063
:10C38800000003081018202830383F00A2F1467436
:10C39800A46144658A4E44E084EA000390990990B8
:10C3A800A931000590990990A93100039099468810
:10C3B800C038099000320990A933099000364685A3
:10C3C800F03A6685003D19130D090604140F0A0892
:10C3D80006043C0364002E036100F8021900D90228
:10C3E8000600760200000000000000000000400384
:10C3F80064002D035F00E4023C00C3021500AA029A
:10C4080005007602000000000000450364003A03BE
:10C418005F00EE023200BC0219006C0205005802EF
:10C428000000000000003C0364002D036100F602D8
:10C438001900D60206007602000000000000000085
:10C4480000004703640032035F00E9023700BF02BF
:10C4580019009C0205006F020000000000009E0207
:10C46800B502CF02E80202031D0339035603750320
:10C478009303B403CE03E8030B04300455047C048F
:10C48800A404CE04F904260555058505B605EA0574
:10C498001F063E06560677068F06B106CA06ED0643
:10C4A80007072B0746076B078807AE07CB07F30775
:10C4B80011083B088508D108F30820097209C70943
:10C4C800ED0913001500160019001A001E002300BC
:10C4D800270029002B002C00350039003A003B00CA
:10C4E8003C004C004D004E005200550059005A00C7
:10C4F8005C00630065006A006D006E0072007500E4
:10C508007A007C0085008A00930095009600A300BD
:10C51800A400A500A600A900AA00AD00B100B300C0
:10C52800B500B600B900BC00C600C900CD00D500F2
:10C53800D900DA00E300E600E900EE00F400F500B7
:10C54800F90009010A010B01130119011A0125015A
:10C5580026012A012C012D01320134013501360151
:10C56800430146014E01530156015A016601750106
:10C5780086018A019401970199019A01AC01B201DF
:10C58800B401C301CA01D301D901DA01DC01E30115
:10C59800EC01000000000000E8033C000100F40189
:10C5A8003C00020090011E000100F4011E00010081
:10C5B80058021E00010070033C000300BCA90108DA
:10C5C800BFA90108D2A90108D7A90108DCA9010857
:10C5D800E1A90108E6A90108EBA90108F1A90108E8
:10C5E800F6A901084AA8010800000000FCA90108F2
:10C5F8000100000008AA0108020000000EAA0108B4
:10C6080003000000B3AA01080400000016AA0108EC
:10C61800050000001AAA01080700000023AA010863
:10C62800080000002AAA01080900000036AA01082B
:10C638000A00000042AA01080B0000004DAA0108E8
:10C648000C0000004AAA01080E00000052AA0108C6
:10C658000F000000A2AA0108100000005CAA01084F
:10C668001100000068AA0108130000006DAA010863
:10C678001400000071AA0108150000007CAA010836
:10C68800160000008AAA010817000000DFE5EBF198
:10C69800F7FAFD00E8EDF2F7FAFCFE00EDF0F50020
:10C6A80000A070A101000E886E8801000090D6904D
:10C6B800010000380040000000780080000000877A
:10C6C8000088010000300038000000700078000089
:10C6D8000086008701000028003000000068007014
:10C6E800000000850086010000200028000000608E
:10C6F8000068000000840085010000180020000088
:10C708000058006000000083008401000010001839
:10C71800000000500058000000820083010000085B
:10C728000010000000480050000000810082010055
:10C738000000000800000040004800000080008160
:10C7480001000000A8C6010803000C00BAC60108D1
:10C7580003004400CCC6010803004400DEC60108FB
:10C7680003004400F0C601080300440002C70108A2
:10C778000300440014C701080300440026C7010849
:10C788000300440038C7010803004400283048402B
:10C7980058205C342A2A455449414E4D5355525726
:10C7A800444B474F4856462A4C2A504A4258435908
:10C7B8005A512A2A353433322A2A2A31363D2F2A29
:10C7C8002A2A372A382A39302A2A2A2A2A2A2A2A91
:10C7D8002A2A2A2A64320A00C8AB0108CDAB01080C
:10C7E800D2AB010879736D67615B554F493F000013
:10C7F8000000000000000000A4C6010804000000BA
:10C808009CC601080800000094C601080800000042
:10C818000008020A0C040E06030B01090F070D0598
:10C8280030373D4347487E00DEAB0108D7AB0108EF
:10C83800DCAB010818100A002836087F5848580051
:10C84800580058005800580058245848486C486CFC
:10C85800087F2836283628362836283601000A0068
:10C8680032006400FA00F40171024103E803E204B3
:10C87800DC05D007C4098813102700000000000059
:10C888000000000000000000E1AB010813080300ED
:10C8980001000000E6AB01081305070001000000D5
:10C8A800EAAB01081300070001000000166C14E64B
:10C8B8002E910D402135D5401303E9808CC701081E
:10C8C80084C701087CC7010874C701086CC7010840
:10C8D80064C701085CC7010854C701084CC70108B0
:10C8E8000800801001020000C0401F0A2E00FF024D
:10C8F800115B00001E41000000CE00000000001087
:10C9080097310000FF135298000000000800000053
:10C91800E151BCA84526E400D81C503AE0EA0030B2
:10C9280000020000166C14E62E910D402135D5400A
:10C938001303E98000000000000000100010000050
:10C94800001000100020000000200010003000003F
:10C9580000300010004000000040001000500000AF
:10C96800005000100060000000600010007000001F
:10C97800007000100080000000806E080090000029
:10C988000090D60000A0000000A070010000010087
:10C9980000B000020010010000C00010F9E8000813
:10C9A80081050108EDE4000879540108456501088E
:10C9B8000020202020202020202028282828282067
:10C9C800202020202020202020202020202020205F
:10C9D80020881010101010101010101010101010C7
:10C9E80010040404040404040404041010101010B7
:10C9F8001010414141414141010101010101010181
:10CA080001010101010101010101010110101010D2
:10CA18001010424242424242020202020202020252
:10CA280002020202020202020202020210101010A6
:10CA380020000000000000000000000000000000CE
:10CA480000000000000000000000000000000000DE
:10CA580000000000000000000000000000000000CE
:10CA680000000000000000000000000000000000BE
:10CA780000000000000000000000000000000000AE
:10CA8800000000000000000000000000000000009E
:10CA9800000000000000000000000000000000008E
:10CAA800000000000000000000000000000000007E
:04CAB800000000007A
:04CABC00D12C000871
:04CAC000A52C000899
:10CAC40001140A01FFFF01FFFF00C80020033C001E
:10CAD400B400B400A401FF0192FF92FF88FF3C0060
:10CAE400F1F0F6FCF9FAFF00FFFF1313E1AC0A13AF
:10CAF40000000001FFFFFFFF0100000000127A00A8
:10CB040081000000B544010802000000E94B01085F
:10CB1400E8030101200301FF1313FFFF01031313B3
:10CB240000010000CEFFFFFF7EFFFFFFCEFFFFFFEF
:10CB34007EFFFFFFFFFF0101010001012000FFFF55
:10CB44000101010080380100010C800C96000000F6
:10CB54007EFFFFFFCEFFFFFF00010000A0000020CA
:10CB640000000000DC2F002044300020AC30002006
:10CB740000000000000000000000000000000000B1
:10CB840000000000000000000000000000000000A1
:10CB94000000000000000000000000000000000091
:0CCBA40000000000000000000000000085
:10CBB0000000000000000000000000000000000075
:10CBC0000000000000000000000000000000000065
:10CBD0000000000000000000000000000000000055
:10CBE0000000000000000000000000000000000045
:10CBF0000000000000000000000000000000000035
:10CC00000000000000000000000000000000000024
:10CC10000000000000000000000000000000000014
:10CC20000000000000000000000000000000000004
:10CC300000000000000000000000000000000000F4
:10CC400000000000000000000000000000000000E4
:10CC500000000000000000000000000000000000D4
:10CC600000000000000000000000000000000000C4
:10CC700000000000000000000000000000000000B4
:10CC800000000000000000000000000000000000A4
:10CC90000000000000000000000000000000000094
:10CCA0000000000000000000000000000000000084
:10CCB0000000000000000000000000000000000074
:10CCC0000000000000000000000000000000000064
:10CCD0000000000000000000000000000000000054
:10CCE0000000000000000000000000000000000044
:10CCF0000000000000000000000000000000000034
:10CD00000000000000000000000000000000000023
:0400000508019395C6
:00000001FF
