:020000040800F2
:10280000004000202D9201083139000833390008BA
:1028100000000000000000000000000000000000B8
:102820000000000000000000000000003539000832
:102830000000000000000000373900085DCA0008F1
:102840007D9201087D9201087D9201087D92010828
:102850007D9201087D9201087D9201087D92010818
:102860007D9201087D9201087D920108ED500008DB
:102870007D9201087D9201087D9201087D920108F8
:102880007D9201087D9201087D9201087D920108E8
:102890007D9201087D9201087D9201087D920108D8
:1028A0007D9201087D9201087D9201087D920108C8
:1028B0007D9201087D92010800000000DD72010890
:1028C00002780B78002A03D0013001319A42F7D008
:1028D000D01A70470023C25C0133002AFBD1581E76
:1028E0007047000002B47146490849000956490082
:1028F0008E4402BC7047C04602B471464908490084
:10290000095C49008E4402BC7047C04603B471465E
:10291000490840004900095E49008E4403BC7047E5
:1029200003B47146490840004900095A49008E44E1
:1029300003BC7047002243088B4274D303098B42C7
:102940005FD3030A8B4244D3030B8B4228D3030C7F
:102950008B420DD3FF22090212BA030C8B4202D321
:102960001212090265D0030B8B4219D300E0090A49
:10297000C30B8B4201D3CB03C01A5241830B8B4252
:1029800001D38B03C01A5241430B8B4201D34B033B
:10299000C01A5241030B8B4201D30B03C01A5241A0
:1029A000C30A8B4201D3CB02C01A5241830A8B4225
:1029B00001D38B02C01A5241430A8B4201D34B020E
:1029C000C01A5241030A8B4201D30B02C01A524172
:1029D000CDD2C3098B4201D3CB01C01A5241830926
:1029E0008B4201D38B01C01A524143098B4201D360
:1029F0004B01C01A524103098B4201D30B01C01A8B
:102A00005241C3088B4201D3CB00C01A5241830804
:102A10008B4201D38B00C01A524143088B4201D331
:102A20004B00C01A5241411A00D201465241104691
:102A30007047FFE701B5002000F0F0F802BDC04686
:102A40000029F7D076E7704703460B437FD4002276
:102A500043088B4274D303098B425FD3030A8B4232
:102A600044D3030B8B4228D3030C8B420DD3FF229C
:102A7000090212BA030C8B4202D31212090265D06A
:102A8000030B8B4219D300E0090AC30B8B4201D31D
:102A9000CB03C01A5241830B8B4201D38B03C01A64
:102AA0005241430B8B4201D34B03C01A5241030BDB
:102AB0008B4201D30B03C01A5241C30A8B4201D38C
:102AC000CB02C01A5241830A8B4201D38B02C01A37
:102AD0005241430A8B4201D34B02C01A5241030AAE
:102AE0008B4201D30B02C01A5241CDD2C3098B4293
:102AF00001D3CB01C01A524183098B4201D38B0110
:102B0000C01A524143098B4201D34B01C01A5241B2
:102B100003098B4201D30B01C01A5241C3088B42F7
:102B200001D3CB00C01A524183088B4201D38B00E2
:102B3000C01A524143088B4201D34B00C01A524184
:102B4000411A00D201465241104670475DE0CA0F5B
:102B500000D04942031000D34042534000229C461B
:102B600003098B422DD3030A8B4212D3FC22890125
:102B700012BA030A8B420CD3890192118B4208D3FB
:102B8000890192118B4204D389013AD0921100E05D
:102B90008909C3098B4201D3CB01C01A5241830971
:102BA0008B4201D38B01C01A524143098B4201D39E
:102BB0004B01C01A524103098B4201D30B01C01AC9
:102BC0005241C3088B4201D3CB00C01A5241830843
:102BD0008B4201D38B00C01A5241D9D243088B4299
:102BE00001D34B00C01A5241411A00D2014663463C
:102BF00052415B10104601D34042002B00D54942A0
:102C0000704763465B1000D3404201B5002000F0DE
:102C100005F802BD0029F8D016E770477047C04696
:102C20001C2101231B04984201D3000C10391B0AFC
:102C3000984201D3000A08391B09984201D30009C0
:102C4000043902A2105C40187047C0460403020217
:102C50000101010100000000000000000448054BD4
:102C600010B5834203D0044B002B00D0984710BD11
:102C7000EC000020EC00002000000000064807499E
:102C8000091A8B10C90FC91810B5491003D0044B8D
:102C9000002B00D0984710BDEC000020EC00002075
:102CA0000000000010B5074C2378002B09D1FFF776
:102CB000D5FF054B002B02D0044800E000BF0123E4
:102CC000237010BD6002002000000000B89F0108C2
:102CD000054B10B5002B03D00449054800E000BFA8
:102CE000FFF7CCFF10BDC0460000000064020020CA
:102CF000B89F0108054B82B0DA6B0243DA63DB6BE5
:102D000018400190019B02B07047C046001002407D
:102D1000054B82B01A6C02431A641B6C1840019078
:102D2000019B02B07047C04600100240802130B5C0
:102D300080240822454B49009962A40045B2002D29
:102D400000DA81E09C62C046C046C046C046C0462C
:102D5000C046C046C046C046C046C046C046C04643
:102D6000C046C046C046C046C046C046C046C04633
:102D7000C046C046C046C046C046C046C046C04623
:102D8000C046C046C046C046C046C046C046C04613
:102D9000C046C046C0469961C046C046C046C0460F
:102DA000C046C046C046C046C046C046C046C046F3
:102DB000C046C046C046C046C046C046C046C046E3
:102DC000C046C046C046C046C046C046C046C046D3
:102DD000C046C046C046C046C046C046C046C046C3
:102DE000C046C046C046C0464000C0B29962C04618
:102DF000C046C046C046C046C046C046C046C046A3
:102E0000C046C046C046C046C046C046C046C04692
:102E1000C046C046C046C046C046C046C046C04682
:102E2000C046C046C046C046C046C046C046C04672
:102E3000C046C046C046C046C046C046C046013A2D
:102E4000002A00D07AE730BD9C617CE70004005086
:102E5000054B82B05A6B02435A635B6B184001907A
:102E6000019B02B07047C046001002400222064B90
:102E700099681142FCD00122187399681142FCD064
:102E8000D868C0B27047C0460038004010B5040092
:102E9000000CC0B2FFF7EAFF200AC0B2FFF7E6FF5E
:102EA000E0B2FFF7E3FF10BD0B4B5A7E002A02D0C1
:102EB0009B7E002B0ED10322084B01211A700022A9
:102EC000074B1A70074B1970074B1B788B4201D0C8
:102ED000064B1A707047C0464C1E00203507002074
:102EE0001B1E002034070020FF1D0020570000207B
:102EF000084B1A68293213780133DBB2072B00D94B
:102F0000012313700122044B1A80044A044B1278E7
:102F10001A7070471C1E002032070020FF1D002081
:102F2000570000200122064B1A80064B1A683432E3
:102F300013780133DBB2032B00D1002313707047E9
:102F4000320700201C1E0020012305498A7F5A40B9
:102F50008A77044A1370044A1370044A1370704746
:102F60004C1E002010070020140700202D1E0020FA
:102F70000B4810B502780B4B002A0FD00633D97FCF
:102F80004C426141D977012300215A400270064A20
:102F90001170064A1370064A137010BD0533EEE730
:102FA0000F0700204C1E00200E07002014070020F1
:102FB0002D1E00201049114A0B7870B5501D104D80
:102FC000104C002B0FD02D78C57720780632D077A3
:102FD000012253400B7000210B4B19700B4B1A70E0
:102FE0000B4B1A7070BDC67F2E70951DED7FC37799
:102FF00025701800EAE7C0460D0700204C1E00208F
:103000000C0700200B0700200E07002014070020EB
:103010002D1E0020012306490A785A400A7000211B
:10302000044A1170044A1370044A13707047C04672
:10303000BF1D00200E070020140700202D1E0020B9
:103040000123044A11784B4013700222024B1A707C
:103050007047C04604070020030700200123044AEC
:1030600011784B4013700222024B1A707047C04611
:103070000207002003070020044B05481A8850432C
:10308000044A801880B21880000A70472A00002085
:103090000508000019360000F0B5130007270322C9
:1030A0003B405A431B4B85B0D31801930123039136
:1030B0009C46002102900020019B5B5C0093009BDA
:1030C0006246C340134213D0039B1C18A3B23F2B8C
:1030D0000ED86546029B5A18E3B23C40A540D2B2D6
:1030E000ECB2072B0CD80C4BD5189B5C1C432C70F6
:1030F00001300528E3D101310329DCD105B0F0BD51
:10310000DB08013BDB01054E9D18AD19F618B35CD9
:10311000ECE7C04630AD01083D070020B3190020A0
:10312000054B1A78002A06D000221A70034B013290
:103130001A70034B1A707047C0060020281E00202A
:103140002D1E002030B50E4B1B689A8B0D4B186856
:103150000D4B19680D4B1C6C844207D15C6C8C4282
:1031600004D11C0048342488944207D01C00002558
:103170004A3418645964483325801A8030BDC046EB
:103180003C1D002028070020780400207C0400203B
:103190000E4B10B51B68191E13D00D4A1268918B87
:1031A00000290ED083420ED80A4A126882420AD3FE
:1031B000C01AFFF7BFFB084B0021984201D801302D
:1031C00081B2080010BD0021FBE7C046280700209F
:1031D0003C1D002078040020FEFF000010B5094CC3
:1031E0002278531CDBB2172B00D90023064952006A
:1031F0005052064A23701378172B01D801331370ED
:1032000010BDC046450400204604002044040020B0
:103210000122054B52421A800023044A1360044ADB
:103220001370044A1370704704000020400400200B
:103230003D0400203C04002070B51E4A03001268C3
:103240000232D47F221C082C00D208221A491B48C3
:103250000D88083A92B2854206D100200B80844244
:1032600001D0A342404170BD15482E1C854201D9B2
:103270001448068814481036B6B21C1C834201D983
:10328000124804880834A4B29E4202D80120934216
:10329000E9D2A64202D801209442E4D29D4202D94A
:1032A00000200B80DFE707226A430432D318DB08D3
:1032B000F6E7C0463C1D002004000020FFFF000090
:1032C000EFFF0000D8A00108F7FF0000DAA0010816
:1032D000002806D0044A13780133DBB2032B01D84F
:1032E000137070470023FBE739040020F8B5104C39
:1032F0002368002B02D000232360F8BD0D4B0E4F36
:103300001B681B691D680D4B2560597B4A42514162
:1033100048224A439B180833DE6F3E60FFF778FF70
:10332000B54201D926603D60FFF70CFFE5E7C046D6
:10333000280700201C1E0020780400204C1E0020BE
:10334000074B1B78012B0AD0064B1B78012B06D0AC
:10335000012205494B7E53404B76044B1A7070474F
:10336000FF1D0020261E00204C1E002010070020FC
:103370000021012210B5124B1960124B587B4240BC
:1033800011485A7304788C4202D001700F480170C2
:10339000991DC87F002801D0501CC8770533D97FFC
:1033A000002901D00132DA770123094A1370094A52
:1033B0001370094A13700022084B1A7010BDC046E2
:1033C000280700204C1E00201B1E0020181E002075
:1033D0001007002014070020520000205700002092
:1033E000092802D83030C0B2704703000A3BFF20E2
:1033F000052BF9D8014AD05CF6E7C046FBAA0108C4
:1034000010B50E4A0E48137B59424B410021DBB2E6
:1034100013738B4200D04831843152180260094A3C
:103420001378002B03D101331370074A1370002067
:103430000EF0F8FA0A22054B1A8010BD4C1E00202F
:103440003C1D0020250700202D1E0020BC0600206A
:10345000194B10B51B78002B11D0FFF761FE174AEE
:10346000174B12781B7852B2002A1BD1154AD27F13
:10347000002A05D1032B02D003200EF099F910BDCC
:10348000114A1278002AF5D16420104908801049A9
:103490000A7010490A7001210F4A117001210A4A6D
:1034A0001170E7E7084A11780029E3D114200B4A8C
:1034B00010800B4AF1E7C046BE060020E01D002048
:1034C000261E0020511E0020BA1D0020BC06002030
:1034D00052000020250700202D1E00202E0700206E
:1034E00053000020034B10B51B78002B01D1FFF7D0
:1034F000AFFF10BDB51D0020302210B500210448DB
:1035000015F0E8FE0022034B1A70034B1A7010BD31
:1035100046040020450400204404002010B5084B58
:103520001B78012B01D9042B05D1062008F082FB62
:10353000062008F07FFB0022024B1A7010BDC04627
:103540008C1E002038000020A023402210B5DB058F
:103550009A6214F0ADFA10BD10B5032804D0072804
:1035600009D0074B185C03E0064B1878A6231843D4
:10357000FFF7EAFF10BD044B18781530C0B2F7E72B
:10358000A8AD01083C0700202C00002070B50C4BB2
:103590001B6834331C78012C0AD10321094D28788B
:1035A0000130FFF737FB2970200009F085F970BD65
:1035B000002CF9D1044D052128780130F1E7C046EF
:1035C0003C1D00200A0700200907002070B508F004
:1035D0003DFD114B041E00D1104B19680D002D3517
:1035E0002A78343153425341D8B228700B78012BDA
:1035F00007D153425A4103205242104014F066FA58
:1036000070BD002CFAD000208242F7D1044B18780C
:103610000130C0B2F2E7C0463C1D00201C1E002055
:103620000807002070B5868B0068714308183100C8
:103630001C00150008F006FCA04206D8A84203D2E0
:103640003100A01B08F0FEFB70BD2800FCE7000065
:10365000F0B5212585B0FFF775FD164B1E68164B9A
:103660001B785BB20193154B1B680293144B1B68CC
:103670000393144B1F783000039B029A0199FFF7C4
:10368000D1FF013DEDB204003060002D07D0FFF7FF
:103690007FFD002803D000230B4ABB4202D120004B
:1036A00005B0F0BD0232911E09888142E3D001339A
:1036B000DBB2F2E73C1D0020E01D002028070020BF
:1036C00078040020C60400207C04002010B50EF011
:1036D000B9FE0122044B1A70044B1B78002B01D059
:1036E000034B1A7010BDC0469F0600203007002013
:1036F0001407002010B50A4C2378002B05D00020B9
:103700000EF056F80023237010BDFFF7DFFF054BC6
:1037100019780029F3D00A224A43034B1A70F1E7C3
:103720009F0600208E1E00209E060020264B70B5AE
:103730001A688023D28BDB009A422ED200230A25FE
:1037400018002249224E0A78DCB2944209D300289C
:103750000DD1042A21D1002301220B701D4B1A70B8
:1037600007E06843F45C0133001980B2ECE7042AF7
:10377000F1D000220138184D84B2110020006E7B78
:1037800008F0ECFD002809D1124B1B78012B02D860
:103790000222124B1A700AF02DF970BD002302218B
:1037A0000E4A1370321D520054530D4A76001170A8
:1037B0000C4A745313700C4A1370687B09F01AFF9B
:1037C0000AF018F9E7E7C0461C1E00201B1E002067
:1037D000D0030020201E00204C1E0020191E0020B7
:1037E000030700200207002004070020F8B5264B3D
:1037F000264C1A78002A03D0A11DCA7700221A701D
:103800000022234B1A70FFF777FE224B1F68224BD2
:103810003E001B78002B01D0204B1E688022204BDD
:10382000D2001B8893421CD2207BB2B2031D5B00E6
:10383000E25202214300E25209F0DCFEB74204D01A
:103840000AF0D8F80122174B1A700023383423707D
:103850000AF070FB01200EF0E5F80122124B1A70FD
:10386000F8BD124B1D6828002E6008F0F9FE2800F4
:1038700008F0E2FDB742E8D001232A00217BE88B63
:103880000AF0EAFAE1E7C046380400204C1E0020A6
:10389000E01D002034040020A0060020A80600201F
:1038A0002C0700202D1E0020281E00203C1D00207B
:1038B00010B5174B174CDB7F002B19D0164A137825
:1038C000002B03D000231370144A1370144A637B37
:1038D00011688022C98BD20091420AD25B00E218A3
:1038E0009288E25201220F4B1A700F4B92181A70F5
:1038F00010BD04335B00E05A002301211A0008F0D8
:1039000067FD0A4B9842F3D0637B5B00E052E9E726
:10391000501E00204C1E00201B1E0020181E0020E0
:103920001C1E00209406002003070020FFFF00005B
:103930007047FEE770477047014B024A9A60704734
:1039400000ED00E0002800080E4B1A7882420DD0EE
:1039500018700D4B0D4A1B5C0D4913800D4A1288DF
:103960009B1A9AB21BB2002B01D10B707047181131
:10397000002B03DD53421B115B4218B2064B18802B
:103980000123F2E7D1170020C7AD0108C8170020B6
:10399000CE170020CC170020CA170020902210B5A7
:1039A000054B5200985CFFF7CFFF0022034B1A80B3
:1039B000034B1A7010BDC0464C1E0020FC1D002099
:1039C000CF170020F8B5802380267E4F7E4C9B00C9
:1039D0007600BB610500A662C046C046C046C04630
:1039E000C046C046C046C046C046C046C046C046A7
:1039F000C046C046C046C046C046C046C046C04697
:103A0000C046C046C046C046C046C046C046C04686
:103A1000C046C046C046C046C046C046C046C04676
:103A2000C046C046C046C0468020BB622843FFF760
:103A30007DF92368654A13402360C046C046C046EE
:103A4000C046C046C046C046C046C046C046C04646
:103A5000C046C046C046C046C046C046C046C04636
:103A6000C046C046C046C046C046C046C046C04626
:103A7000C046C046C046C046C046C046C046C04616
:103A8000C046C046C046C046C04610230020400085
:103A900080B2844601212069A661400A084061463F
:103AA0000843C046C046C046C046C046C046C046A1
:103AB000C046C046C046C046C046C046C046C046D6
:103AC000C046C046C046C046C046C046C046C046C6
:103AD000C046C046C046C046C046C046C046C046B6
:103AE000C046C046C046C046C046C046C046C046A6
:103AF000C046A662C046C046C046C046C046C04694
:103B0000C046C046C046C046C046C046C046C04685
:103B1000C046C046C046C046C046C046C046C04675
:103B2000C046C046C046C046C046C046C046C04665
:103B3000C046C046C046C046C046C046C046C04655
:103B4000C046C046013B002B00D0A0E723681A40C6
:103B50008023DB021343236080239B00BB61C046AC
:103B6000C046C046C046C046C046C046C046C04625
:103B7000C046C046C046C046C046C046C046C04615
:103B8000C046C046C046C046C046C046C046C04605
:103B9000C046C046C046C046C046C046C046C046F5
:103BA000C046C046C046C046C046C046C046A661E4
:103BB000A361074B302D02D0472D01D1054B188052
:103BC000F8BDC0460014005000040050FFFFF3FF92
:103BD000360000203400002070B5060069200D007A
:103BE000FFF7F0FE040003040BD46A20FFF7EAFE9F
:103BF0000C4B24030005000D1C40044302203460DC
:103C000070BD6820FFF7DEFE030000201A04F7D421
:103C10000548DB04DB0C58430449FEF715FF2880F8
:103C20000120EDE700F0FF00EB120000102700007C
:103C3000F7B5694B694A00931B780192002B26D196
:103C400013785BB2002B0AD0654B664A1B889B1821
:103C5000062B04D8644B1B78002B18D0F7BD634BA0
:103C60001D786B1E022B27D86149624B0A78002A07
:103C700003D0614A1278002A06D01A78002A1BD095
:103C80005E4A1278002A17D100220A701A700120A9
:103C90000DF0C8FE01225A4B1A70019B1B785BB2D3
:103CA000002BDBD0574B1A78502AD7D8002A00D0E7
:103CB00089E0FFF79BFDD1E74B4B01241B78524F66
:103CC000002B0AD03B78DAB2002B05D1A5421AD0DE
:103CD0000ED9AB1EA34229D900243B784B4E002BB2
:103CE00069D1002C67D13378002B41D13470B5E70E
:103CF000474BDB7D002BEFD0464B19780029EBD0EA
:103D000002241A70E9E7444B1978394B002906D090
:103D10001A70404B1A78002ADED00022F0E71A7899
:103D2000002AF6D11D706432334BF1E73B4B197812
:103D3000304B002914D03A490978012910D11A7062
:103D4000344E3378002BC7D00C20FFF73BFE040520
:103D5000A40F013C63425C41002364003370BCE764
:103D60001A78002AECD101321A70244B6332E6E74C
:103D70002C4BDB7F002BB9D0023D012DB6D80C2097
:103D8000FFF720FE0005800F0128AFD1254BDB7F18
:103D9000002B00D162E7A0238022DB0552009A624B
:103DA000214BEC3A1A800023009A137001223A70DA
:103DB0001E4A137052E700233370012C00D166E7CE
:103DC000022CE3D04AE719235343194A13800022F7
:103DD000184B1A7042E7C046B5060020E01D0020CF
:103DE0002C07002000FCFFFFBE060020BB060020C1
:103DF000B9060020B6060020B4060020B306002055
:103E0000281E0020741E0020B2060020B0060020EC
:103E10004C1E0020B1060020BA060020B806002083
:103E2000B70600204F1E0020AE060020441D0020D3
:103E30002E07002053000020F8B50C00374B302827
:103E400002D0472805D1364B1A88A24200D142E160
:103E50001C8080238026334F334D9B007600BB614E
:103E6000AE62C046C046C046C046C046C046C04618
:103E7000C046C046C046C046C046C046C046C04612
:103E8000C046C046C046C046C046C046C046C04602
:103E9000C046C046C046C046C046C046C046C046F2
:103EA000C046C046C046C046C046C046C046C046E2
:103EB000C046BB62FEF73AFFC046C046C046C04699
:103EC000C046C046C046C046C046C046C046C046C2
:103ED000C046C046C046C046C046C046C046C046B2
:103EE000C046C046C046C046C046C046C046C046A2
:103EF000C046C046C046C046C046C046C046C04692
:103F0000C046C046C046C0461023AE6222B2002A58
:103F100000DAE1E080229200AA6207E03600002089
:103F2000340000200014005000040050C046C04679
:103F3000C046C046C046C046C046C046C046C04651
:103F4000C046C046C046C046C046C046C046C04641
:103F5000C046C046C046C046C046C046C046C04631
:103F6000C046C046C046C046C046C046C046C04621
:103F7000C046C046C046C046C046C0466400AE61AA
:103F8000A4B2C046C046C046C046C046C046C046B1
:103F9000C046C046C046C046C046C046C046C046F1
:103FA000C046C046C046C046C046C046C046C046E1
:103FB000C046C046C046C046C046C046C046C046D1
:103FC000C046C046C046C046C046C046C046C046C1
:103FD000C046AE62C046C046C046C046C046C046A7
:103FE000C046C046C046C046C046C046C046C046A1
:103FF000C046C046C046C046C046C046C046C04691
:10400000C046C046C046C046C046C046C046C04680
:10401000C046C046C046C046C046C046C046C04670
:10402000C046C046013B002B00D06FE7C046C046EB
:10403000C046C046C046C046C046C046C046C04650
:10404000C046C046C046C046C046C046C046C04640
:10405000C046C046C046C046C046C046C046C04630
:10406000C046C046C046C046C046C046C046C04620
:10407000C046C046C046C046C046C04680239B00DE
:10408000BB61C046C046C046C046C046C046C046EA
:10409000C046C046C046C046C046C046C046C046F0
:1040A000C046C046C046C046C046C046C046C046E0
:1040B000C046C046C046C046C046C046C046C046D0
:1040C000C046C046C046C046C046C046C046C046C0
:1040D000C046AE61AB61F8BD80229200AA6125E7BF
:1040E00070B590B0040040226846184915F021FAD6
:1040F000392C08D82F2C25D8232C25D00EAD2A2CCE
:1041000009D010B070BD2300413B373C032BF8D8D9
:10411000A4006C44250028880D4C0E4E60430E49C7
:104120008019FEF707FC81B27120FFF785FE6B88CE
:1041300009495C43A019FEF7FDFB81B27220FFF72D
:104140007BFEDEE7303CE3E70FADE4E7D09F0108FC
:104150004C930100881300001027000010B5094C93
:104160002388002908D04022C240134399B233204B
:104170002180FFF761FE10BD4121494201411940F4
:10418000F5E7C046B019002010B5040051200A49D7
:10419000FFF752FE07200949FFF74EFE21050820D0
:1041A000090DFFF749FE802321021B02090D08209B
:1041B0001943FFF741FE10BD33A00000D70A0000ED
:1041C0000C4B10B5C1184B1E9941040049420A4BD3
:1041D000890A8902C9185120FFF72EFE0748084BAB
:1041E00060430849C018FEF7A5FB81B20720FFF71E
:1041F00023FE10BDBFF5FFFF40940000982603008A
:1042000050C30000A086010070B5040031200D00ED
:10421000FFF7D8FBA02361051B02490D19430600D7
:104220004620FFF709FEC0216D056D0D49012943A8
:104230007920FFF701FE7A200449FFF7FDFD0421F4
:104240003143312089B2FFF7F7FD70BD9A28000095
:1042500010B5040081B23820FFF7EEFD3920210CA3
:10426000FFF7EAFD10BD000010B50349000201434D
:104270004720FFF7E1FD10BD4260000010B5372078
:104280000549FFF7D9FD00213020FFF7D5FD30208B
:104290000249FFF7D1FD10BD1F9F0000F1BF0000D4
:1042A00010B53120FFF78EFB0223984381B23120F5
:1042B000FFF7C2FD00212B20FFF7BEFD10BD00005F
:1042C00070B505003120FFF77DFB0400002D06D1FD
:1042D00008239C43A1B23120FFF7AEFD70BDAB1E99
:1042E0005A1E9341AD21DB03890119432920FFF7B1
:1042F000A3FD0120A84280410549404280030143BB
:104300002820FFF799FD0821214389B2E3E7C04641
:10431000382B000010B53120FFF754FB04239843DD
:1043200081B23120FFF788FD10BD10B50021242097
:10433000FFF782FD10BD0000DB2110B52120C90070
:10434000FFF77AFD24200249FFF776FD10BDC04635
:104350007FC1000010B550200149FFF76DFD10BD71
:1043600018BB000010B550200149FFF765FD10BDD6
:10437000183B000010B500213020FFF75DFDE8215B
:1043800037204901FFF758FD10BD000010B500218E
:104390007020FFF751FD0020FFF766FFFFF7E2FFF7
:1043A00000213020FFF748FD30200249FFF744FD8F
:1043B00010BDC046F1BF000010B5C3217020FFF74B
:1043C0003BFD72200A49FFF737FDC1215820FFF756
:1043D00033FD5C200749FFF72FFD8E215D20C901C9
:1043E000FFF72AFD5E200449FFF726FD10BDC046F9
:1043F00065300000655600000432000010B5002151
:104400003020FFF719FD10BD054B10B51B78002BB0
:1044100005D001210020FFF7A1FEFFF72FFF10BDFF
:10442000B51D002010B50400FFF794FF0020FFF732
:104430001BFF00217020FFF7FFFCFFF776FF302005
:104440000349FFF7F9FC002C01D1FFF78BFF10BDEA
:10445000FEC1000010B530200149FFF7EDFC10BD92
:10446000FAC3000010B50400FFF766FFFFF772FF04
:104470000020844200D00330FFF7F6FE702003498D
:10448000FFF7DAFCFFF7E6FF10BDC046C3C300002C
:1044900010B56720FFF796FAC005C00D10BD0000EB
:1044A00010B5064B064A1B7811781B011943B0233F
:1044B0001B0248201943FFF7BFFC10BDCA1E002095
:1044C000CC1E002010B501240E4B05201A78544054
:1044D0001C70614261410F2349421940A1231B0115
:1044E000C91811F0EAFB0022074B944202D11A00CE
:1044F0007F3212787E331A70FFF7D2FF0122034B0E
:104500001A7010BD050700204C1E00202D1E002033
:1045100010B5FFF79DFEC02151208900FFF78CFCEC
:10452000FFF7ACFE10BD10B500210420FFF716FE0A
:1045300000210320FFF712FE10BD00000B4B10B549
:10454000984208D801210420FFF708FE002103202B
:10455000FFF704FE03E0013002D1FFF7E4FF10BDD6
:1045600000210420FFF7FAFD0121F0E7FF3EAB0137
:1045700070B51D4B1B78013B012B27D900241B4B29
:104580001B4A1C7013781B4DA34220D01A4B147089
:104590001C701A4B80221C80A02301265200DB05D0
:1045A0009A62174B1C7011F0A1FB164B1B68186820
:1045B000FFF7C4FF144B1E70144B1C7009F0BAFCBB
:1045C0005022134B2C701E70124B1A8070BD124A71
:1045D000137008F053F801200DF024FA11F072FE68
:1045E00003232B70F2E7C046261E00201B1E00206E
:1045F0001A1E002057000020DF1D00201207002097
:10460000441D00203C1D00202D1E0020841E002083
:1046100014070020B21D00203007002070B50F4D98
:1046200004002A68002A08D0002318000C49A1427F
:10463000584191425B41984202D02000FFF77EFF33
:1046400020002C60FFF704FE00213020FFF7F4FB70
:10465000044B30201988FFF7EFFB70BD40040020A9
:10466000FF3EAB013A040020A023F7B51600082254
:104670000500DB059A6203200C00FEF7F7FB28001B
:10468000FEF704FCC0232E4DDB00AA681100194080
:1046900001911A420AD10F2E0AD8A619B44249D064
:1046A000FF20FEF7E3FB20700134F7E7EA68ECE750
:1046B00040222B68042093432B6013F0DDF9052082
:1046C00013F0DAF9802284211E4B52015A601E4FEA
:1046D0000420490113F06CF905201C4913F068F916
:1046E000FC601B4C31000420BC6013F071F9194AC6
:1046F000194B3100D36094600224052013F068F94F
:10470000019B164E042033703B6823433B6013F03B
:10471000C1F9052013F0BEF901236A681343402252
:104720006B602B6813432B606B681C436C603378A1
:10473000002BFCD0A0230822DB059A61F7BDC04600
:104740000038004000000240440002401010000009
:104750000C38004058000240C4170020C017002049
:1047600000B503000078002207280DD8FEF7C4F832
:10477000040E14191E232B2B0122552904D0AA291B
:1047800001D0002000BD04221A70FAE7AA394A427B
:10479000514149001970F4E700229142F4D10332EB
:1047A000F2E7484241411A70C8B2EBE700225529AE
:1047B000EAD10532E8E7032901D10622E4E704291A
:1047C000E2D10722E0E712290BD8102909D0074AC5
:1047D000073811700021064A117041424841054ACC
:1047E0001070002201201A70CCE7C0462D00002076
:1047F000BF070020BE0700200022034B1A70034BA6
:1048000001321A707047C046BD0700202D1E0020DF
:10481000F7B5A02640275039F6050430C4B20193FD
:10482000C8B2B762150013F043F9102023091843EA
:1048300013F03EF90F2020402C0013F039F9019BB2
:10484000B7615E19B44200D1F7BD6B461879002DEF
:1048500000D0207813F02CF90134F3E7F8B50423E5
:10486000124E0400B3624020FEF76EFE104A002C88
:1048700007D0104B01251F00072C0AD8621ED20159
:10488000D218802321000020FFF7C2FF0423B36168
:10489000F8BD290001353A0080230020EDB2FFF772
:1048A000B7FF8037082DF4D1F0E7C0460004005070
:1048B0003D070020B319002010B50820FFF7CEFFF8
:1048C00010BD10B50130C0B2FFF7C8FF012012F0D3
:1048D00049FB10BD10B50020FFF7C0FF10BD000060
:1048E000F7B5041E294E2A4F2BD00024FEF7C4FB37
:1048F0007021FEF7A5F8A5192970FEF7BDFB03216D
:10490000FEF79EF83D19013101342970202CEDD1BC
:1049100009F0DEFD002509F017FD0024EFB2BB0011
:10492000DBB20193725DE100611A5118D2191219BC
:1049300009B2D2B2002C16D10198FEF7ADFB0134BA
:10494000F0E735002B783A5D9B18DBB22B70702BAB
:1049500004D9FEF791FB0F2318402870013401356C
:10496000202CEFD1D4E7032C02D901231A4202D024
:104970000198FEF791FB0134082CD3D10135202D8D
:10498000CBD1FFF7A7FFFFF797FFF7BDE2060020A7
:10499000C206002070B5254B1C78002C3ED0244B5D
:1049A000DB7F013B3B2B39D8224D2B78002B35D1B7
:1049B000214B1B78002B31D1204B1B78012B2DD0A4
:1049C00007F044FB002829D11D4B1B78002B25D173
:1049D0001C4B1B78002B03D01B4B1B78002B1DD0CE
:1049E0001A4B1B78002B19D1194B1B78002B01D0C7
:1049F000032B13D1631E012B11D810F069FCFFF7B4
:104A000069FFFFF759FF012300202B70114B18702D
:104A1000114B1870114B187012F0A4FA70BD032CD2
:104A2000F1D10120FFF75CFFEDE7C046C106002091
:104A3000541E0020C0060020F61D0020261E002067
:104A4000DC1D0020DF1D0020A71D0020F31D00201D
:104A5000FF1D0020BF060020281E00202D1E002064
:104A60000422074B10B5E2209A62FEF76DFD002488
:104A700020000134E4B2FEF76FFD082CF8D110BD20
:104A800000040050042370B50024064DAB622000E2
:104A90000134E4B2FEF760FD0B2CF8D10423AB61C6
:104AA00070BDC046000400500B4B70B51B680B4C2A
:104AB000584300236568A268834200D370BDA16893
:104AC0008A4203D99B185B1A0A00F5E78A42FBD297
:104AD0006E1AF318D318F7E7D417002010E000E09F
:104AE000324870B50378002B20D0314B314A002179
:104AF000595E13885B181BB21380002917DD2E49FD
:104B00000024095F994219DD1478002C1CD12B4A2E
:104B1000013413680720A343136012F0ADFF200097
:104B2000FFF7C2FF8022264B52009A6270BD002917
:104B3000EAD021490024095F9942E5DB1E4B1B881E
:104B4000138000230370DFE76401FF212000FDF7DD
:104B5000F1FEFF2300225B019C421AD01100194E86
:104B6000194D0B0082424B415B42334001339400AC
:104B7000FF3301322B51202AF3D101240F4D2B6832
:104B80002342D3D1072012F085FF2B681C432C60F1
:104B9000CCE70121094A072013688B43136012F008
:104BA0006BFF8022064B52009A61BFE7CE170020B0
:104BB000CA170020CC170020C8170020001400409E
:104BC0000014005000FFFF00D8170020782170B5B6
:104BD0001B4A1C4B12781C4C4A431A801B4A1C4B24
:104BE00012781A701B4B1D781B4BDB7F002B06D1F4
:104BF000FEF7D4FE002D01D0FEF790FC70BD01221F
:104C0000164B1A702223FF33E05CFEF79DFE002D49
:104C100005D0134B1B78002B0CD1FEF77FFC08341A
:104C2000E17F00230F4A3D2902D00A234B43013381
:104C30001380E3E7FFF754FF0B48FFF735FFE8E782
:104C400056000020F81D00204C1E0020D117002027
:104C5000D017002038000020541E0020CF1700205D
:104C6000CE170020FC1D002010270000064910B5BB
:104C70000B78002B03D0054A054B1278DA77002316
:104C80000B70FFF7A3FF10BD0707002006070020E9
:104C9000541E002080220A4B520243439B1810B539
:104CA00071200C00590CFFF7C7F8FFF75BFBFA20E7
:104CB00080006043FFF7F8FEFFF74CFB10BDC046D5
:104CC0001DA61400F8B51C0005000E001700FFF724
:104CD00041FB201E05D0A02380220320DB055200CB
:104CE0009A61FFF7C1FA12493F02394389B2702035
:104CF000FFF7A2F8FFF7AEFB0E48FFF7D5FE310035
:104D00002800FFF7C7FF002C07D0A0238022DB0577
:104D1000520000209A62FFF7A7FA00217020FFF7E7
:104D20008BF830200449FFF787F8FFF71BFBF8BD2D
:104D30000080FFFF50C30000FEC1000010B500213D
:104D40003F20FFF779F868215920FFF775F80348ED
:104D5000FFF7AAFEFFF752FB10BDC04630750000FA
:104D600010B5FFF7EBFF00210220FFF765F80021E7
:104D70003F20FFF761F8FFF781FAC0213F2089014A
:104D8000FFF75AF859200449FFF756F8592003490C
:104D9000FFF752F810BDC0466840000068300000C0
:104DA00070B50D000400FFF7D5FAC221702009028A
:104DB000FFF742F880230B495B026943C918712051
:104DC000490CFFF739F80020844200D00330FFF788
:104DD0004BFAFFF73FFB0448FFF766FEFFF7C2FA06
:104DE00070BDC0461DA6140050C30000F0B5FA26E1
:104DF0000500002485B003930AAB1F880BAB1B880A
:104E0000B6007343019102920093285D002801D1FE
:104E100005B0F0BDFFF764F9FFF7A4FA019B002B82
:104E200002D00298002C06D02B5D03982A2B02D0CA
:104E3000232B00D038007043FFF736FEFFF78AFAC5
:104E40000098FFF731FE0134DFE7000070B5A025C0
:104E50000826094CED050520AE62FEF707F8FF2095
:104E6000FEF704F8AE61C00705D50A20013CFFF744
:104E70001BFE002CEFD170BD40420F0070B5A02486
:104E800008250600E405A5620620FDF7EFFFA561F1
:104E9000FFF7DCFFA5622020FDF7E8FF3000FDF7FB
:104EA000F5FFA561FFF7D2FF70BD000010B504004B
:104EB000FFF7E4FF054B1B68A34205D18022FF21C9
:104EC0000348520114F006FA10BDC046300000201D
:104ED000C0070020F0B587B06B46049003921A7C9F
:104EE0008023A0255B0002919B1AED05039A019295
:104EF0009A4200D9019308231C00AB620620FDF7FB
:104F0000B5FFAC610220AC62FDF7B0FF0498FDF77D
:104F1000BDFF029C019AA6180F2A5BD94022314C92
:104F200004202368304E9343236012F0A5FD052032
:104F300012F0A2FD80222D4B52015A600021042064
:104F400012F036FD9021052012F032FD284F294B3A
:104F50000420F3600199B76012F03AFD264B0299E4
:104F60000520D9609F60019912F032FD234B022782
:104F700005930023059904200B7033683B4333608D
:104F800012F088FD052012F085FD012362681343AD
:104F90004022636023681343236063681F43676094
:104FA000059B1B78002BFBD00823AB61FFF74EFF5E
:104FB000019A049B944663440493029B63440293C6
:104FC000039B9B1A03938023039A5B00002A8DD1D5
:104FD00007B0F0BD20780134FDF748FFB442F9D1A5
:104FE000E2E7C046003800404400024000000240B2
:104FF0000C380040C417002058000240C0170020A1
:10500000F0B587B0059380230705040B3F0D5B01C6
:105010000190029103922403DE1B039B002B03D11A
:10502000FFF714FF07B0F0BDFFF710FF039DB54277
:1050300000D935002B4E3368A34206D080222000D1
:1050400029495201FFF710FB3460274E2A00BE1990
:105050003100029814F0B4FA002826D00023F25C44
:10506000FF2A31D101339D42F9D100232A003000BB
:105070000299049314F05DFA049B002B2DD02000BC
:10508000FFF7FCFEFFF7E2FE059B174E002B1DD03D
:10509000EF193A0031002000FFF71CFF8022520177
:1050A000FF21D21BF01914F015F9019B00275B19A1
:1050B0000193029B5B190293039B5B1B0393802369
:1050C0005B011E00E418A8E70123CFE7802231002E
:1050D00020005201FFF7FEFEE7E72A00029901983F
:1050E000F8E7C04630000020C007002080201C499F
:1050F00080010B6810B5034230D00224194B1A68A6
:1051000022422BD01A68A2431A6048600A20FFF797
:10511000CBFCC021144A154B49019868084202D0C3
:10512000013A002AF9D180210F4A9868084202D03A
:10513000013A002AF9D1C0210B4AC90098680842F7
:1051400002D0013A002AF9D102215A688A435A60F2
:105150005A6801398A435A60054B197010BDC04620
:1051600000000240440002401127000000380040C7
:10517000C017002070B540262025094C0120A661EB
:10518000FFF792FCA5610120FFF78EFCA6620120CB
:10519000FFF78AFCA5620120FFF786FC70BDC046C0
:1051A0000014005070B540252026094C0120A5624E
:1051B000FFF77AFCA6620120FFF776FCA6610120CA
:1051C000FFF772FCA5610120FFF76EFC70BDC046C1
:1051D00000140050F7B5234C234A23680190134074
:1051E0002360082300252027012600933000A762B2
:1051F000FFF75AFC3000A761FFF756FC3000FFF7BD
:1052000053FC23696D00EDB25B0600D535433000D9
:10521000A762FFF749FC009B013BDBB20093002B28
:10522000E4D12268104B01201A4080235B01134314
:105230002360A762FFF738FC019A4023002A0ED0B2
:10524000A36120260120FFF72FFCA6610120FFF7B4
:105250002BFCA6620120FFF727FC2800FEBDA362FD
:10526000EFE7C04600140050FFCFFFFFF8B5202342
:10527000264C0500A3620120FFF716FC08266BB23E
:10528000002B3EDB4023A36220270120FFF70CFC0C
:10529000013E0120A761FFF707FC6D000120A76216
:1052A000F6B2FFF701FCEDB2002EE8D140252368ED
:1052B000174E012033402360A561FFF7F5FBA7617E
:1052C0000120FFF7F1FBDF3723691A002A402B4248
:1052D0001AD0013F0120FFB2FFF7E6FB002FF3D108
:1052E00001256D422023A3620120FFF7DDFB80230F
:1052F00022685B0132401343236040232800A361EE
:10530000F8BD4023A361BFE71500EBE70014005090
:10531000FFCFFFFFF7B52F490B78DAB20192132BBD
:1053200014D02D4C087823780525C0B2002B00D06E
:1053300028352A4A13780133DBB21370AB4204D309
:1053400013230B70002313702370FEBD78230024F9
:10535000234DAB6100260823370000930A20FFF796
:10536000A3FB3A00F0272B693F021F40974212D15E
:10537000012E18D00126009B013B0093002BEDD19C
:105380000134052C0DD078230122AB61713B1B1B2E
:105390009A40AA62DEE70026EDE7320010E0022222
:1053A0000EE0019812E080211A0009020A400B4227
:1053B00006D05A04F1D59A04F1D50322DB04DFD4D8
:1053C000084BA1005B18985C1328D9D07823AB61F7
:1053D000BBE7C0462D000020BE070020BF0700200D
:1053E00000040050B3AD010810B532246320FEF76D
:1053F000E9FAC0B2C72806D9013C0120E4B2FFF7A0
:1054000053FB002CF2D1FFF743F8FFF741F810BD32
:1054100070B5FFF7E9FF1A4A0400031C904201D956
:10542000184B1B88184A083312689BB20232D17F8E
:10543000164A1588164A954204D1002901D099428E
:1054400012D970BD134E2A1CB54201D9124A1288D6
:10545000103292B29A42F4D80A1C082900D20822CB
:10546000083A92B29A42ECD8AF204000FFF71CFBFA
:10547000FFF7BAFF231C844200D2031C98B2E0E776
:10548000F7FF0000DAA001083C1D00200400002006
:10549000FFFF0000EFFF0000D8A00108604BF0B54F
:1054A0001C68604B85B01B68002B00D1A8E05E4BE8
:1054B0001B78002B00D19DE0A31CDB7F002B00D1CB
:1054C00098E03020FEF77EFA0626584A584B1040E6
:1054D0001880FEF7BDF82060200007F0C1F82369AE
:1054E0001D68544B1B68002B06D0534A127852B2E9
:1054F000002A4ADD9D424CD32800FFF78FF8FFF7C2
:1055000087FF0500FDF76AFE2800FDF795FE0028DD
:1055100061D0A18B4B1EF82B28D8FA20236880007D
:105520000293FDF791FA502800DD50200026370045
:1055300083B2039323691B680193FEF789F8206007
:10554000200007F08DF8236918683B4B1B785BB28D
:10555000002B21DD019B834223D9029B2000236085
:1055600007F07EF823691868FFF758F80122334BDB
:105570001A70200007F074F8200006F05DFF01208B
:105580000CF050FA09222E4B2EE0002AB4D09D4296
:10559000B2D9FDF73DFEAFE7002B02D0019B83425D
:1055A000DBD3FFF73BF8FFF71FFF854209D2050069
:1055B0000027236802930136039BB6B2B342B9D1E8
:1055C000CBE78542F7D9281A0728F4DD0137FFB267
:1055D000022FF0D9C1E7013EF6B2002E00D078E7E5
:1055E0000122164B1E70164B1A800122154B1A70A1
:1055F00005B0F0BD114A1370FEF72AF82060B8E735
:105600000E4A0D491370208E0F4AC00009781318F6
:105610005B68825849B22000FEF704F8EEE7C04606
:105620003C1D00202807002003000020FFFDFFFF95
:105630003A04002040040020E01D00203D0400202A
:105640002E070020281E002004AB0108F0B5D24B25
:10565000D24C1A7895B0531E182B3DD823008021C8
:105660002A331B78C9000593A38D8B4231D01BB21E
:10567000E58D8D4236D02DB2C9490191098802913C
:10568000059900290ED0C7490E780391002E2CD021
:10569000012E00D13DE10323039A1370C24B019AFE
:1056A0001B8813800025BE4B01221E88BF4B5D570F
:1056B0002300701929331B78290080B206F088FE78
:1056C000BB4B0700984200D035E1FDF7A1FD002754
:1056D0001BE001235B42CBE7012301215B421D005C
:1056E0000591C9E701256D42C6E7AF4902980880D8
:1056F000002B00DA0DE19FB23100380006F02EFEDB
:10570000002800D105E1039B1E70019B1F80237BB5
:105710001A1D5B00E752A74B52001B68A752039368
:10572000DF83A54B1B78002B00D169E1039B02337B
:10573000DB7F002B00D127E11022380108A9FEF7FA
:1057400093FF089B0193013B033300D919E1152016
:1057500008ABC0181B22002113F0BCFD019B099E61
:105760000C930E93954B9E4200D9954E109608AB24
:105770009B7A0F241A0008A922401B090A750B778F
:105780000CA8097A06F048FE08AB597A0EA806F074
:1057900043FE08ABDB7A1C400294022C01D90022A4
:1057A000029202990CAA11761D092F2B00D900250F
:1057B000D57508AB9B7B0493172B01D90423049365
:1057C000049B0CAA049993757E4B4900CB5A012186
:1057D0000793938208AB1B7BFF2B00D0BAE0517676
:1057E0000691029B012B00D1C4E0022B00D1C5E041
:1057F00008AB5B7BFF2B06D01B075B0F042B00D98C
:1058000000230CAA9377482264496F4C0B7B20003D
:105810005343C918843113F08CFE0CAA11002300E5
:10582000E78381C981C39C46180088C988C0634644
:1058300007990298A1830499A661D9772100343190
:105840000D70611CC8772100507E2931087020003E
:10585000917E2B3001702000D67E2D300670200006
:10586000167F333006702000069E28300670907F29
:105870002200002901D01A00230022610122210008
:105880006361524B32311A70039B0870039E3433AC
:105890001C782D363278A54201D1002A16D01D7011
:1058A00000233370A54202D0280007F005F800203D
:1058B000012D03D13078002800D0032012F006F922
:1058C000A54203D00122424B52421A803020FEF7FB
:1058D00079F8404A404B104018800198FEF79EFE30
:1058E000FFF796FD0400FDF779FC2000FDF7A4FC0E
:1058F0003A4B002876D001221A70284B0221187BDF
:1059000007F078FE01200CF08DF80122344B1A705C
:105910007FE0230029331A78002D00DABBE6AFB20E
:105920000021380006F01AFD002800D1B3E601225C
:105930001C4B1A70E9E6002D05DD864200D8E4E62E
:10594000FDF766FCE1E6002D00D1DEE6864200D3DD
:10595000DBE6F5E718000840907658080840D07656
:10596000D806400F507658099B0908400B40107725
:10597000069336E7019B9B190E9339E7019B9B1B0E
:10598000FAE70022114B1A700022144B1A70029B86
:10599000BB423ED0B1E7C046751E00204C1E002021
:1059A0002C0700203904002030040020E01D0020D6
:1059B000FFFF00003C1D002003000020FFE0F50574
:1059C00040420F00ECAC0108E80300203C0400203A
:1059D00004000020FFFDFFFF3A0400203D040020EA
:1059E000281E00201870019A039B1A6001220B4B9D
:1059F0001A800B4B1A700598FDF76AFC15B0F0BDC4
:105A0000029BBB4200D078E7064B1B78002B00D0EE
:105A100073E70922014B1A80EDE7C0462E070020EC
:105A2000281E00203D040020F0B585B0041E03911F
:105A300007D0324A324BD17F19700023D377314AD5
:105A4000137006F01BFE06F001FB2F4B01932F4B4A
:105A50000293002812D0A02380220025DB055200EB
:105A60009A622B4B1D702B4B1D70019B1D70029B6E
:105A70001D7006F0F7FA28000BF09AFE0022264B64
:105A80001E68264BF78B1F80254B1A70254B039AF7
:105A90001A70FDF731FDFDF7BBFB8023224DDB00C3
:105AA0009F4221D2214B187806F012FC002804D125
:105AB000013006F025FC08F041FD002C03D0F38BEB
:105AC0001B4A2B601360FFF7C1FD1A4B2A681A604E
:105AD0003222194B1A800023184A1370019A13704E
:105AE000029A137005B0F0BD002C03D03368104A41
:105AF0002B601360FFF7D2FCE7E7C046521E002080
:105B000038040020A0060020BA1D0020BB1D002084
:105B1000441D0020300700203C1D00202C070020E1
:105B200039040020E01D0020A8060020751E00207A
:105B300034040020A40600202E070020530000207B
:105B4000010010B50020FFF76FFF074B1B68023301
:105B5000DA7F1423002A00D0133B044A138000226A
:105B6000034B1A7010BDC0463C1D00202E070020BC
:105B7000530000200A4B10B51A68002A01D1094AC7
:105B80001A601868084A4118914206D913F078FB48
:105B90000C2303600120404210BD1960FCE7C046A1
:105BA00038070020303100200040002070B506008A
:105BB0000D001400FEF720FE2A4B1B78002B1DD190
:105BC00029490B78002B19D00122284B1A70122E6C
:105BD00013D1002C11D1002D0FD0254B1A70254B5D
:105BE000254A1C701378002B01D10B7005E02D2184
:105BF000013BDBB21370214AD15470BD112E1DD070
:105C0000122E13D000230A2E1FD0AC42F5D1012052
:105C10001B4A174912780870002A1DD0172B1BD871
:105C2000184ADA40024217D00223DEE7164B002C56
:105C300002D044331B78E8E74333FBE7124B002CD8
:105C400001D04633F6E74533F4E79C42DDD020220D
:105C50000D4BFF329B5CD8E70C4A9B009B58984742
:105C6000CBE7C046FF1D0020DE1D0020BD1D00202B
:105C7000191E0020570000202407002015070020CF
:105C80001A1E00202CDCF2004C1E002048AD01083A
:105C90000E4910B50A780E4B002A0AD10833D87F76
:105CA0000C4A10703D22DA7701230B70FEF78EFF4D
:105CB00010BD2221084AFF31595C12780833914205
:105CC00002D10022DA77F1E73D22FBE70707002047
:105CD0004C1E002006070020D0170020BFF34F8F76
:105CE000034B044ADA60BFF34F8FC046FDE7C0465E
:105CF00000ED00E00400FA05F7B50190FDF710FA99
:105D0000E122424B424E52011A803378002B01D0DF
:105D10000FF0ECFFA0238022DB0552009A613D4B7F
:105D2000FF3A1A703C4B1B789B0701D5FEF74EFFDC
:105D300000223A4B3A4C9A563A4F3B4D002A1DD11D
:105D4000631DDB7F002B44D1FEF7AAFB3B68343395
:105D5000187806F0B1FD01980BF02AFD019B022B8B
:105D600002D03378002B4CD0304B1B78012B02D063
:105D700000200FF05FFA01232B70F7BD2834FDF7E8
:105D800047FA2378502B20D9294A1178002909D1C4
:105D9000503B1900FA235B004B4326499BB20B8012
:105DA0000123137000228020234BC0001A70234A65
:105DB000234B116819603968CB8B834200D30B6881
:105DC000136001221F4B1A70BEE70022194B1A8084
:105DD000E8E70634E17F4B424B413C205B42FF3019
:105DE0000340194869330380184B1A70002902D107
:105DF0000122174B1A700022164B1A7001232B70C8
:105E0000A2E70122144B1A70B5E7C046221E0020FB
:105E10001A1E0020441D0020AC060020E01D0020BA
:105E20004C1E00203C1D00202D1E0020FF1D0020C8
:105E3000BB1D00202E07002053000020A8060020D4
:105E4000A4060020A0060020BC060020520000206E
:105E5000BC1D002025070020281E002010B5174B70
:105E60001B78022B08D006F009FC01200BF0DAFDAC
:105E70000220FFF741FF10BD0022114B1A70114B99
:105E80001B785BB2934208D0FA210F4B490019806E
:105E90000E4B1A700E4B01321A7001200BF0C2FD2E
:105EA0000C4B0D4C1B78002B04D010F00BFA032385
:105EB0002370E0E7094B1B78FAE7C046261E002056
:105EC00030070020E01D00202E0700205300002096
:105ED000BB1D00201A1E002057000020FF1D0020BF
:105EE0001E4B10B51B78D8B2002B09D11C4B1B7868
:105EF000002B04D00BF05CFC01221A4B1A7010BD71
:105F0000194B1A78194B1B78134359424B411849C6
:105F1000DBB20978C8B2002905D0012A03D10021DB
:105F2000144B1970030014490978002912D0134941
:105F3000097801290ED1023A012A0BD80022104B10
:105F40001A70104B04201B78002B00D00238FFF78A
:105F5000D3FED4E7002BF4D1D1E7C046BE06002023
:105F6000261E0020281E0020BB060020E01D002069
:105F7000BA060020B9060020B8060020B7060020A7
:105F8000B60600203007002010B51A491A4B0878D1
:105F90001A781A4B00280FD0032A0FD0184A12780B
:105FA000D0B2002A00D108701B88164A9B18062B15
:105FB0001DD9FFF74BFB12E0032AF5D11B88114ACC
:105FC0009B18062B03D9104B1B78002BF1D10F4BDC
:105FD00004201B78002B00D00238FFF78DFE002331
:105FE0000B4A13700B4A13700B4A137010BDFFF766
:105FF00055FAF4E73D040020261E00202C0700205F
:10600000BE06002000FCFFFFBB060020300700207A
:10601000BB1D0020BA1D002053000020F8B5C04C65
:106020000E00657B002902D00122BE4B1A70237F2F
:10603000002B04D0022802D0FEF7DEFBF8BDBA4BDD
:106040001B78012B03D1B74B02221A70F6E71228F6
:1060500000D93DE2FCF764FC130016008D009300AC
:106060009900A500DC00DF00CA01D9013C02F30160
:10607000F3013C023C023C023C0218021802FEF70B
:1060800077FADBE7A94BAA491A68D38B5B18062B72
:1060900043D9FEF7B1FB231DDB7F002BD3D0A54BEB
:1060A0001B78002BCFD1A44B1B785BB2002B0BD0FD
:1060B000A24B1B78032BC1D1A14B1B78002BBDD069
:1060C000A04B1B88002BB9D08023627BDB005100E2
:1060D000605A9842B2D248235343E3181A008020F2
:1060E000B4321288C000121892B2A23362521A80DF
:1060F00006F0C4FA944B1C68200006F0B1FA2000A8
:1061000006F09AF901200BF08DFC01238F4A1380D1
:106110008F4A13708F4A137090E7138E062B07D1A6
:1061200011698D480E68864202D88C4B0B6085E75A
:1061300001339BB21386042B17D1894B1B78002B9C
:1061400001D105331386138E8022D2009B180122C1
:106150009BB26D0063536519AB807D4B1A70814B08
:1061600092181A70804B00226FE7062BEBD90023A0
:10617000E8E701227B4B1A70FDF7FAF85EE701228F
:10618000784B1A70FDF794FB58E7FEF735FB0020BB
:106190000634764BE27FE0771A700CF0E3FA724B2C
:1061A00052E7002E04D111F09FFC6F4B1E7045E7A3
:1061B00005F030FD051E00D040E75C4B1C688023D5
:1061C000E08BDB00984202D3FDF790F836E705F04C
:1061D000F7FF037801007F2B0AD97F221340037059
:1061E000E08B05F0DDFF01225E4B1A70604B2CE75F
:1061F00022002E3213780133DBB2192B00D92B0089
:106200001370012321001A00E08B11F05FFBEAE715
:10621000FCF76EFE12E7574D2B78002B02D010F0E2
:10622000C5FD0BE7621DD27F534B1A70A21D534B65
:10623000D27F1A70524B1A78002A01D101321A709B
:106240000023504AA38413704F4A137006F016FAC5
:106250004E4A4F4E1378002B04D14E4B31781970B3
:106260000123137001274C4B38001F700BF0DAFB31
:106270004A490A78002A05D141342078484B0F70EA
:10628000187022700124FEF750F802203470FFF7D6
:1062900033FD00231421434A1370434A1370434AC9
:1062A0001170C821424A89001180424A1470424A42
:1062B0001370424A1370424A1370424A1370424AA2
:1062C000137010F045FD414B414A188803234343A6
:1062D0001188994200D01380012010F0CBFC0122DC
:1062E0003C4B2A701A7000217F323B4812F0F2FFBB
:1062F00080220021394812F0EDFF80220021384829
:1063000012F0E8FF00218022364812F0E3FF00225D
:10631000354B1A7010F09CF9022005F08BFC8DE6CD
:106320004C1E0020191E0020FF1D00201C1E0020F6
:1063300000FCFFFFFA1D0020E01D0020261E0020AB
:10634000BA1D00202E0700203C1D0020320700202F
:1063500094060020281E0020FFE0F50500E1F50569
:10636000E40300200307002057000020E30300207F
:1063700093060020D71D0020E2030020E103002047
:10638000E00300202507002052000020DF0300204A
:1063900030070020DE030020BC1D0020DD030020AC
:1063A000DC030020470500204B05002001000020F1
:1063B0000C00002000000020DB030020DA03002096
:1063C000F4050020D9030020D80300201C00002081
:1063D00010000020F6050020331B0020B31B002016
:1063E000331C0020B31C0020BD070020002E02D16A
:1063F000FFF74EFC22E60121394B1B682B331A783C
:106400004A401A70374B198018E6002E02D1FEF769
:106410002DFC13E6260000224A361100308805F0D4
:106420009DFF002800D109E632882B1D5B006D001E
:10643000E252625301222C4B1A702C4B04E62C4B77
:106440001B785BB2002B0BD00B2806D10A3805F065
:1064500057FF08F073F8274B85E601204042F6E726
:10646000254AE37D11780A2900D113700B2807D142
:10647000082B01D80133E37501221C4B1A70EAE79F
:10648000002BF9D0013BF6E7154B1C4D1968002392
:106490000C000834E27FEE5C964203D00133182BE7
:1064A000F9D10023122803D1172BD4D0012202E006
:1064B000FF22002BCFD0D218D2B2AB5C104AE377C8
:1064C000CB8B9B18062BD7D80122064B1A80D3E71B
:1064D000FEF792F9002E00D1B0E50122094BB4E598
:1064E0001C1E002032070020940600200307002015
:1064F000E01D0020BD07002002000020E3AA0108E3
:1065000000FCFFFF191E002010B5142200210248D4
:1065100012F0E0FE10BDC046021E002070B5414BD7
:1065200004001B78A0B0002B40D005F08FFD051EA5
:106530000BD103200EF07EFE3B4B1D703B4B1B78B6
:106540005EB2002B03D00FF0B9FC20B070BD384A0A
:10655000384B394D002C25D001216846117080221E
:10656000FE311E7012F0B6FE3300802269463348B9
:10657000FEF746FD6022FF21314812F0ABFEAB7DF5
:10658000304A9B075B0F9D5A2F4B07201D800FF051
:1065900073FB2E4B000918802200012128000FF008
:1065A00055FCD2E714701C70AD8AEDE705F032FBA4
:1065B000041ECAD11C4B1870254B1870FFF7A4FF9E
:1065C00006F05CF8200000240EF034FE214B1C572E
:1065D000002C16D08022204BD2001B88934202D37D
:1065E000FDF704F9B1E7012005F08AFE07F0A6FFE8
:1065F00007F0A0FC2000FFF7A3FA0122174B1A7046
:10660000A3E7174B1B685A1E9341164A01331370B8
:1066100007F090FC01210800FFF706FA124B1C70EE
:10662000EBE7C0461A1E002030070020DF1D0020C7
:10663000AA1D0020A61D00204C1E002028A000003E
:10664000461D00202CAF0108401D0020421D0020E7
:10665000171E0020E01D00202C0700202D1E00200A
:1066600028070020841E00202507002010B50120E7
:10667000FFF754FF10BD00000F2210B500210448A1
:1066800012F028FE0022034B1A70034B1A7010BD43
:106690001507002024070020DE1D0020114B70B5D7
:1066A0001B78002B03D1104B1B78002B07D0FFF772
:1066B000E3FF00220D4B1A700D4B01321A700D4B87
:1066C0000D4C1B780D4D002B03D123782A781343F2
:1066D00007D0FEF791F8002301222B702370044BA2
:1066E0001A7070BDDE1D0020240700205700002016
:1066F000281E0020BD070020201E00201B1E002099
:1067000010B51D4B1B78002B03D11C4B1B78012BA4
:1067100007D1002921D100281FD00222184B1A705E
:106720001BE0002915D1002818D1164A1278002A3A
:1067300001D1002B01D0032B0FD10123124A117874
:106740004B40137002D01022104B1A70104B0122D4
:10675000E5E7002801D0FCF7F3FD10BD084A032B44
:1067600002D001231370F8E70A4B1B78002BF8D0F6
:1067700002231370084BEAE71B1E0020FF1D0020B8
:10678000191E00201A1E0020BD070020201E002018
:106790002D1E0020DF1D0020BD1D00200022404BCB
:1067A00070B51A70904203D03E4B1B78934212D0C2
:1067B0003D4B1B78012B0DD10024FCF79BFF3B4B7D
:1067C00020001C7006F024F9394B1B78012B01D0F6
:1067D000384B1C7070BD05F01DFA354D002807D0F0
:1067E0000CF050F8344B1B78002B2ED0334B2AE0A2
:1067F000334B1B785BB2002B02D0FCF7F7FFF1E7BD
:10680000304B1B78002B05D00FF058FB0322294B8F
:106810001A70E7E72B78032B14D0234A1278012A49
:1068200003D1294A1278002AD4D0012B02D00022A9
:10683000204B1A702549264B09781A78002915D162
:10684000002A1AD1234B01221A700022224B1A70FF
:106850002B78012B04D0174B1978032900D01A701C
:1068600001221E4B1A701E4B1A70B3E7002A04D186
:106870001C4A1278002AE5D01A701A780E2A01D91B
:106880000E221A7000261B78164A174C17491370EF
:1068900020000E22CE5412F055FEA673D2E7C04659
:1068A0001B1E0020C91D0020261E0020AE1D00203A
:1068B000FF1D002057000020DC1D0020980600204E
:1068C000E01D0020DF1D00209E060020DE1D0020B0
:1068D0002407002034070020C80400202D1E0020BB
:1068E000281E0020E50300208C1F00201507002033
:1068F000F0B5B94F04003B780D00160085B0132B9E
:1069000007D0A34203D1002D01D113233B7005B062
:10691000F0BDB24A1278002A0FD0002901D1102808
:106920000AD1FCF7FDFBFEF751F9102C05D000222F
:10693000AB4B3C701A70EAE71C00AA4F3B78132B54
:10694000DFD1002D00D135E1A74B1B78002B00D102
:1069500030E1FCF7E5FBFEF739F9102CE7D1A34B4A
:1069600002931B78052B02D100200AF021FFFA22A6
:106970009F4B92001A809F4B01939F4B19780029DF
:1069800003D01E224A439D4B1A70002D00D06DE1AA
:106990009B4F3B78002B02D007F02CF83D70994FAD
:1069A0003B78002B03D007F05FF800233B70964F35
:1069B0003B78002B03D006F0EFFF00233B70934F92
:1069C0003B78002B13D0924B1A68019BD08B597BDC
:1069D000012307F041FA00233B7005F01BF9002862
:1069E00005D18C4B1A78002A01D101321A7000228D
:1069F000894B1B78934207D0884B1B78934203D175
:106A0000874B1A7853425A417A4F7B7E002B01D133
:106A1000002A04D0029B1B78013B591E8B418149FF
:106A20000978002900D05AE1002B00D185E1102C13
:106A300000D056E17C4B1A780192002A05D00196CD
:106A4000002D02D11D7001230193784B03931B7815
:106A5000002B05D0102C01D00D2C01D1FDF7CCFE60
:106A6000019B002B11D1029B1B78012B00D009E266
:106A70006F4B02931B780193002B00D0C2E1102CC6
:106A800000D06FE12800FFF789FE554C20780028E0
:106A900003D005F0CFF800232370664C664A2378B4
:106AA0000192002B09D02822644B1A800BF020F9A8
:106AB0000123019A137000232370614C2378002B6B
:106AC00009D0002E00D058E306F0CEFF00230122AB
:106AD00023705C4B1A705C4B1A78002A06D0002297
:106AE0001A70964200D04CE306F056FF574B1A78C6
:106AF000002A06D000221A70964200D045E306F024
:106B000079FF534B434F03931B88524C0293002B46
:106B100023D0002E01D1002D0AD009F079F9404B85
:106B20001B78002801D0012B02D0022B00D030E3CB
:106B3000374B30491A686B46497B1B7AD08B07F07C
:106B40008BF905F067F83B78002803D1002B01D1C1
:106B500001333B700023039A13803D783E4E002D95
:106B600000D124E33D4B02931B78002B00D11AE3A4
:106B70002900002006F03EFD2900012006F03AFD24
:106B80002378FF2B01D100232370012333700023CE
:106B9000029A3B70137005F071FD01200AF042FF6C
:106BA000002333702E4B1B78002B00D103E3FFF73B
:106BB00055F900E30D2C00D0D1E62A4B1F78002FA9
:106BC00000D0CCE6284BDB7F002B00D1C7E6FDF7D9
:106BD000FDFF034B1F709AE629000020F61D0020E0
:106BE000191E002028000020C0060020261E0020BC
:106BF000500000204C1E00208A1E00202C1E002069
:106C00009D0600209C0600209B0600209A0600207E
:106C10001C1E002003070020D21D0020CE1D0020D6
:106C2000FF1D00209906002098060020BD070020C7
:106C3000350700209706002096060020001E002041
:106C4000100700202D1E002095060020940600202D
:106C50003207002057000020140700209306002070
:106C600030070020CF170020541E002009F0D0F874
:106C7000B64F102C03D1B64B1B78DB0727D53B78DA
:106C8000012B04D1132804D01538012801D9FDF7B0
:106C90009DFF0D2C1BD1002E19D0AE4B1B78002B65
:106CA00007D0FFF731FC0022AB4B1A70AB4B01321F
:106CB0001A70FFF7F3FC0122A94B1A70A94B1B783D
:106CC000002B01D0FFF7CAF80022A74B1A603B78CF
:106CD000012B00D08BE62822A44B1A8087E6002BDC
:106CE0002BD00D2C0DD1002D00D110E6002A00D1A3
:106CF00082E201209E4B1870984B187004F09AFFA6
:106D000005E60F2C0DD1002D00D100E6002E18D184
:106D1000022004F08FFF0422964B1A708F4B033A27
:106D200008E62300113B012B1AD90A2C00D05FE2A0
:106D3000002E15D1002DEBD0E9E5092C01D90F2C3F
:106D40000BD18D4B1B78002B0AD0002D00D1DEE536
:106D5000002E00D0DBE50220D0E7102C00D169E640
:106D6000864B68E6FE230293112C06D02000FCF728
:106D700037FB0290FF2800D187E6002D0CD1A0231D
:106D80008022DB0552009A627D4B28001D70FDF7C2
:106D900049FBFDF785FA78E6002E00D075E63B004A
:106DA0007A331B78002B07D0A0238022DB0552000A
:106DB0009A61734BFF3A1A70FDF772FA029B7A37A9
:106DC000FE2B04D138786F49FDF7EAFF5DE63C7889
:106DD000FDF7B2FAFDF7BEFA002C01D003230193B0
:106DE0000198FDF741FA68497020FDF725F8FDF795
:106DF00031FB6648FDF758FE0298FDF771F9FDF783
:106E0000B1FA42E6B54200D13FE6019B032B02D026
:106E1000002D00D139E6A0238022DB0552009A62C2
:106E20000022574B1A700223019A9A43012A01D17A
:106E30000BF008FB00235022029955480B70554B6C
:106E40001A80FDF731FE01200AF0ECFD3F4B1B7864
:106E5000012B02D00022504B1A704237387800289C
:106E60000BD10AF0A5FC01234C4A102C03D0434A55
:106E7000002E00D009E6137007E60A224243484B71
:106E80001A70F0E7474B364A02931B780192002BA9
:106E90001BD12E4B1F78FF2F09D02300113B012B54
:106EA00000D959E1039B1B78002B00D054E104F07A
:106EB000B1FE002800D057E1042F00D154E1320088
:106EC00029002000FEF772FEDFE5002E00D0DCE591
:106ED000002D00D1D9E5102C33D00122019B1A706E
:106EE0000C2C06D80A2C25D866D00223019A1370E0
:106EF00027E00D2CF9D1FDF721FF2B4B1B78012B3F
:106F00000DD12A4B2A4A1B88934208D0787B022154
:106F1000021D5200BB524200BB5206F06BFB05F053
:106F2000ADFB01200AF07EFD00200EF083F9002366
:106F3000029AA0E701211C4A13784B4013701D4BA5
:106F40001E700122054B1A709FE5C046FF1D0020F0
:106F5000AC060020021E0020171E0020281E002064
:106F6000191E00203007002028070020001E0020E6
:106F7000CE1D0020291E0020FA1D0020BD1D00206E
:106F8000441D0020D6060000C3C3000050C300000B
:106F900088130000B21D0020570000209806002032
:106FA0009E060020F31D00209206002026000020EF
:106FB000FFFF000091060020924C93492000934A65
:106FC00005F022FB230001222D331A70230020003C
:106FD00029331A7005F030FA8D4B01201C608D4B5F
:106FE0001C608D4B1C600AF01DFDFDF7E5F9FDF7F7
:106FF000A5FE8A4B1B78002B00D0A1E0884F4622CB
:107000000021380012F066F9864C874B8749884A80
:1070100023804B7BA2800222A27146325A438B18F6
:107020001800843000880192208118008630008882
:10703000608118009C3002884088A281E08118009D
:1070400089300078B222207418009130007894467C
:1070500060741800883000789C44A0741800903048
:1070600000786246E0741800B83000782075180087
:10707000A430007860751800AC300078A075180056
:10708000B7300078E0751800AD3000782076180031
:10709000B1300078127860761800AF300078A076B2
:1070A0001800B6300078E0761800AB3000786077D2
:1070B0001800B0300078A0771800B4300088E0776E
:1070C000601CC27718008022B930A23300781B8878
:1070D000F877D200574893422BD2190006F064FA91
:1070E000422138000EF000FB0627A31DD887524B23
:1070F00020200834E3870FF095FA504C277007F0F2
:1071000033FBFDF7D9FB05F0E3FA10F099FB88217A
:107110003620FCF791FE00210120FDF71FF805F055
:10712000ADFA01200AF07EFC01232370444B1F704E
:1071300007E7019ABA325118102212F0FAF9CFE794
:1071400002223E4B1A703F4B033A1A8000223E4BFC
:107150001A70FDF705FEF4E63C4BBF003200290033
:107160002000FB58984790E4002E00D08DE4002DBD
:1071700000D18AE40223019A7DE60122344B1A7081
:10718000A4E40122334B1A70B0E40122324B1A708E
:10719000B7E40122314B1A702378FF2B00D0D9E4D9
:1071A00000232370D6E4214B2900587BE6E4337892
:1071B000002B00D0EFE4019B1B78002B07D00023AD
:1071C000019A13702822264B1A8008F02FFE254DB5
:1071D0002B78002B03D00BF025FA00232B7020789E
:1071E0000EF028F8FF23012223701F4BFFF7A2FBAC
:1071F000002D01D1FFF78BFB002E01D0FFF787FB9D
:1072000086E5C046000600200504000090FE9602B8
:107210003C1D00201C1E0020381D0020920600206E
:107220004A06002048060020CDABFFFF4C1E002080
:10723000A5BEFFFF6A060020BADCFFFF9106002012
:10724000191E002026000020900600201CAD010819
:107250009C0600209B0600209D0600209A06002028
:10726000001E002034070020281E002000221020CD
:10727000110010B5FFF73CFB0022064B1A70064BBD
:107280001B78132B02D0054B01321A70FDF7E8FB77
:1072900010BDC046DC1D002058000020BD1D002090
:1072A000F0B5534B9BB01B780193052B00D0C5E084
:1072B000504B1B78002B00D1C0E04F4B1B78002BAC
:1072C00000D04BE24D4B1B78002B01D001F0CCF8E5
:1072D0004B4A4C4B147800932700781E87411B784B
:1072E000FFB2002B02D000210098017046490D78B2
:1072F000002D01D101F0EBF9002B03D1002C00D0BF
:1073000013700027414B1B78032B01D001F0B2F919
:107310003F4A13780133DBB2072B01D801F0B2F9F1
:1073200000201070FDF7DCFA2B00002F01D001F0D7
:10733000D6F9002B01D001F0DBF9364D2B78002B6C
:1073400005D0354B1B78002B01D001F0DEFC334B10
:107350001B78022B01D001F0D0F9314B1B881B07A1
:1073600005D180232F4A9B0151694B4053612E4A1E
:107370001388002B01D0013B13802C4A1388002B6B
:1073800001D0013B13801A4B1C78012C0ED1284BE5
:10739000187800280AD00138C0B21870002805D12A
:1073A0000AF006FA164B1C70009B1C702B78002B01
:1073B0000DD0204A1388002B09D0013B9BB21380CB
:1073C000002B04D10EF07EFF03200DF033FF04F0FC
:1073D00021FC002801D101F0F6F9174E3378002B7B
:1073E00001D101F0C7F9013B337001F0ECF9C0465F
:1073F000261E0020B51D0020D71D0020FE05002000
:107400002D1E0020281E0020C0060020C1060020DE
:10741000BF0600201A1E0020FE1D0020EC040020E4
:10742000CC1D002000080050B21D0020B01D00201F
:107430009E06002012070020E804002004F0EAFB6A
:10744000002800D039E70C20FCF7BCFA01231842D1
:1074500000D132E700210220FCF7EEFC0220FCF70D
:10746000B1FA082307043F0E04001F4226D00B2068
:10747000FCF7A8FA0005000FFBF7B2FF0600FF2893
:107480001CD0019B012B19D0C54B1B78002B15D0AC
:10749000C44D2800FBF71EFA0200132804D128006F
:1074A000C14912F01FF812220023AE54AD180C226D
:1074B0006B70BE4B1A70BE4B0B3A1A707B0702D52D
:1074C0000122BC4B1A7001231F4209D00122BA4B82
:1074D0000C201A70FCF776FAB84B800BC0B218700B
:1074E000BB0702D50022B44B1A70E5B2630602D581
:1074F0000122B34B1A70240602D50022B04B1A7039
:10750000EB062AD50122AF4B1A70AF4B09321A8015
:10751000AE4B9A7F002A20D0019A052A08D1AC4AA6
:107520001178002904D11420AA4A1080AA4A1170A7
:107530000533DB7F002B10D0A84AA94B1178002916
:1075400002D11988132908D8142119800023137037
:10755000A44A13700122A44B1A70AB0604D5002272
:10756000984B1A70984B1A806B070AD501229F4BD3
:10757000110005201A70FCF7F1FDE1229C4B52012D
:107580001A8008231D4205D00021984B0520197050
:10759000FCF7E4FDFB063CD5964B1C78042C38D157
:1075A000954B1B78012B34D1944B1B78002B30D199
:1075B000934E5F203378013CDAB20133DBB2337093
:1075C0000092FCF7FFF9009B8E4D5B00E852002C07
:1075D000EED13378232B1CD90122754B0B2034704C
:1075E0001A70FCF7EFF90600FDF7BAFBF60609D4AE
:1075F0002A88854B9A4205D12B000833DA8F834BBA
:107600009A4272D0FDF79AFBFDF7AAFB80480FF073
:1076100067FD30231F4200D115E77E4B1B78002BFE
:1076200000D110E77C4B1B78012B00D00BE77B4B84
:1076300000931B78022B02D0052B00D003E7042512
:107640006F4CBF0602D523782035ED1A0026AE42D6
:107650006DD123780123564E33702378232B00D825
:10766000F1E6237800230B202370FCF7ABF904002C
:10767000FDF776FB250010231D401C4266D1614CAE
:10768000614B22889A4261D123000833DA8F5F4B25
:107690009A425BD120200EF0C5FFA31D4221604815
:1076A000DF8F0EF021F8874250D1E388A2881B04B7
:1076B00013435C4A1B021B0A934247D10022280055
:1076C000110004F04BFE071E01D101F089FB80235D
:1076D0000135ADB2DB009D42F0D10423009A137056
:1076E000033B3370FDF72AFBADE622200EF09AFF34
:1076F00042214B480DF0F8FFAB1DDB8F834200D0D9
:1077000084E76D880EF05EFE8188A3B2994200D8AE
:107710007CE7062363430268D618D35AAB4204D8E9
:107720007388AB4201D901F0D5FB0134EDE75F204E
:10773000FCF748F92378232B06D823785A1CD2B2B9
:107740002270304A5B009852013680E70523009A88
:107750001370043B3370FDF739FA74E6324B009333
:107760001B78022B01D000F0D1FC304A117800299F
:1077700000D14EE12E4C2378002B02D0013B237028
:10778000A6E52C4D28780138052800D927E1FBF71C
:10779000C7F8530055000C01250125012801C046FA
:1077A000FC050020021E0020031E0020171E0020E2
:1077B000281E0020B1060020B8060020B7060020D1
:1077C000BA060020AF1D0020B01D00204C1E002076
:1077D000B51D0020F41D0020B61D00205200002021
:1077E000BC060020250700202D1E0020BE0600201C
:1077F000221E0020FF1D0020361D0020FD05002058
:107800009006002048060020CDAB0000BADC000046
:10781000FA050020F31D00209206002091060020AA
:107820004A060020A5BE0200F6050020F50500204E
:10783000A5050020A405002002232B70C24B1B6865
:10784000002B00D195E0C14A12789B5C002B00D13F
:107850008FE0BE4BBC4A1B781268D35C2E2B00D045
:1078600099E0BB4B01201988FDF79AFAB94B1888AB
:107870000A210530FBF7E8F820700322B64B1A7096
:107880000EF0E6FEB54B1B78002B00D020E519E585
:10789000059B9B5C1F00613F192F22D8203BDBB268
:1078A00000200090039F0098BC46C0003F5C8444C9
:1078B0009F4238D163465B68002B3AD108000B0029
:1078C0000132019FD5B2AF42E2D8002804D0002196
:1078D0009E4A11709C4A1160002B3AD0A04B1D703B
:1078E00037E0202BDCD1049B002BE8D0002EE6D122
:1078F000019F531C9F42E2DD002803D0934B1E7072
:10790000914B1E600123029A0A2113700522924BAB
:1079100001351A70934B18888018FBF795F8904B37
:1079200020701D70D4E40098013000903628B9D141
:10793000C4E718780028C1D00021844A01351170AD
:10794000814A13600122864B1D70874B1A70874B4A
:1079500019707D4B1868002806D0FAF7BBFF7B4BE7
:107960001B78834200D274E706227B4B1A70804B4F
:107970002AE000207F4B804D1B78059501937A4BC0
:107980007E4D1B7803950493784B1E780293744BBD
:107990001A78030095E72D2B00D06EE76C4B012081
:1079A0001988FDF7FDF9764B61E7FCF7D3FC674AD0
:1079B00013780133DBB21370634A1268D35C002B77
:1079C00009D002232B706F4B18880A210530FBF772
:1079D0003BF820707CE404232B70C8E702232B7053
:1079E00076E4002626700124009B16701C702E7011
:1079F000FCF7CCFC0220FEF77FF9634B30001E70D1
:107A0000624B1E7005F004F804F038FE604B1C70E9
:107A100036E7052206A811F05DFC5E4C5E4F237828
:107A20003878002B4AD05D4D2B78034346D126226F
:107A30005B4BFF329E5C2822FF329B5C5A1E312A30
:107A400000D91423322157485943FAF773FF564B94
:107A500080B2188003234343544A9BB21380544A94
:107A60001080544A138007224243534B1A80052347
:107A70003B70524B1A68524B1A800023514A2B70AC
:107A80001370514A1370514A1370514A1380514A6E
:107A90001370514A1370514A1360514A1360514A8E
:107AA00023701370504B514A1978002902D0117875
:107AB000B1420BD0167001221A7007E0052803D0DE
:107AC000494B1B78002B0DD100233B70484C237889
:107AD000012B00D013E3FCF73DFC02232370374B4E
:107AE0001A68A2E026222E4DFF32A95C01240A006A
:107AF000324E22403368214200D1C6E0334A137827
:107B0000090700D580E03B493B48096901408142B3
:107B10007AD0002B00D0E4E2147000220125374B0C
:107B2000334C1A80364B1D702378934200D0CFE23D
:107B3000A0230132DB05FF3232489A61FCF7B4FF23
:107B40000AF070FD25709DE6A00500209C05002030
:107B50000C0000201C000020A4050020D71D0020E0
:107B600048050020140000204A0500204905002097
:107B700012000020470500204B0500203CAB010807
:107B8000100000200E0000209F0600209E0600200E
:107B9000281E002017000020C8050020C70500206F
:107BA0004C1E002060EA0000BE050020BC0500203D
:107BB000BA050020B8050020B6050020CC0500203D
:107BC000C2050020C5050020C4050020B205002024
:107BD000B4050020B1050020B0050020AC05002050
:107BE000A8050020A6050020C605002016000020DC
:107BF000D20500200008005000040004241E0020CC
:107C0000DC1D0020204E000000215B00DBB2117063
:107C1000022B00D05AE7C14C2378012B00D06EE232
:107C2000FCF798FB022332682370BD4B1A80BD4BD2
:107C3000BB4A1B6811885B1A9BB2C72B00D821E690
:107C40000024B64BB84D14801C702C70FCF782FBDE
:107C500021005120FCF7F0F8200009F0E3FE20009D
:107C600009F0A6FDB14B20001C702C7004F0D0FE72
:107C700004F004FDAE4B1B78A34202D00220FEF7B5
:107C80003BF80123009A1370FAE593214900695CDF
:107C9000032900D092E008AF38000EF0A7FEA54DF2
:107CA00034682878A4B2052800D90FE7FAF724FE33
:107CB000031A32495A727B78002B02D003232B70AF
:107CC0002BE73B78002B00D100E79B4B14221C8054
:107CD0009A4B1B7859424B415B421A40984B1A8091
:107CE0000123ECE7944B964F1A880193954B398802
:107CF0001B88A21A5B1892B29BB29A4200D2F0E1A2
:107D000000200EF0CBFD00233B80019B1C80022352
:107D10002B7080E77B78884A002B01D01480CDE758
:107D20003B78002B03D1148004332B70CEE61388EC
:107D30008549E31A09889BB2994200D9C6E61480A6
:107D4000CEE77B78002B00D0CBE17B4F7E4A3B888F
:107D50001288E31A9BB29A4202D801200EF09EFDCF
:107D60003C80D4E77A78744B002A01D01C80A5E7C8
:107D70003A78002A01D01C80B2E71B88734AE31AC4
:107D800012889BB29A4200D9A0E602200EF086FD2E
:107D90000523CAE77A78684B002AE7D13E78002E9F
:107DA000E9D11B88E41A6A4BA4B21B88A34200D90C
:107DB0008CE603200EF072FD2E7087E69CB204283C
:107DC00000D983E1FAF7ACFD050033007B00F40035
:107DD000540106A80EF00AFE06AB1B7806AA5278DC
:107DE000002B14D1002A00D170E65A4A13700022E9
:107DF000594B1A70594B14321C80504B1B78594206
:107E00004B415B421A404E4B1A80554B2BE1002AE6
:107E1000EBD093235B00EA5C263BFF3B022A03D1B5
:107E200006AA12795340E0E74A4A1278FAE7494B2A
:107E30001D78444B002D00D14A4B1F88474B0293BD
:107E40001B88E31A9BB20193434B1B78002B11D183
:107E500006A80EF0CBFD9322434B52009B5C002BF7
:107E60001ED1002D19D006ABDB78002B02D00122E9
:107E7000394B1A70324A01991388DB19994200DA9A
:107E80002FE1002301201380029B68401C800EF02C
:107E900005FD0222324B1A70BDE606AB9B78E4E783
:107EA000012BE7D1002D07D1264B019A1B88934265
:107EB000F3D806AB1B78D8E706AB5B78D5E7274E3F
:107EC0003388E31A9BB20193234B1B78002B12D10A
:107ED00006A80EF08BFD93235B00EB5C022B0AD00F
:107EE0001C4B1B78002B15D006ABDB78002B02D087
:107EF0000122194B1A70144B019A1B88934200D926
:107F0000E4E5154B1978002930D0124B1A7801237B
:107F1000534039E006AB9B78E8E7C046D205002025
:107F2000D0050020CC050020DC1D00209F0600208D
:107F300030070020C7050020B4050020441D0020A4
:107F4000C0050020BE050020BA050020B8050020AD
:107F5000B6050020C5050020C4050020C20500208C
:107F6000C8050020BC0500204C1E002006A80EF00D
:107F70003DFD06AB1B7806AA5178002B04D00029E2
:107F800001D000F020FF19000020AC4A107081429F
:107F90000BD001223A70AA4A06A8348013700EF062
:107FA00025FDBAE5A64A1278B2E70322A54B83E580
:107FB000A54E3388E31A9FB2A44B1B88BB4247D916
:107FC00006A80EF013FD06AB1A780121002A00D195
:107FD00059789F4B188843081B189F421BDA0029C9
:107FE00000D173E506AB5978954B002A04D00029DF
:107FF00004D11A70348008E70029FAD19322520084
:10800000A95C263AFF3A022903D106A909794A4018
:10801000EFE71978FBE7002900D157E587490B788E
:10802000002B00D052E501330B7093214900685CAE
:10803000834902280AD1002A08D006A840780028DF
:1080400004D006AA127953400B703FE50A703DE553
:1080500002200EF023FC794A7A4B1178002905D0D2
:1080600000213480117001221A7056E5042223E5A4
:10807000754F06A83E880EF0B9FC06AB1B78002BA6
:1080800004D106AA52780192002A12D093225200FB
:10809000AA5C022A09D1002B07D006AA5278002A2E
:1080A00003D006AB1A7901235340654A3C80137014
:1080B000ABE6684BA61B1B88B6B2B34200D905E5F8
:1080C00003200EF0EBFB5F4B019AF5E45D4BF3E40C
:1080D000022B01D0FFF7FCF85F4B25701A80FFF7E9
:1080E000F7F8012200215D4B1A705D4B19805D4B42
:1080F0001978022900D11A703268574B1A80594BEF
:108100001B78022B01D0FFF7E3F890E5564B1A7865
:10811000002A04D1013202201A70FDF7EDFDFCF7B0
:10812000B7F9524A524B12685249128E9A560B783E
:10813000002B14D0504B1A78501C1870312A02D9D9
:1081400000220A701A704D490B785A1ED2B2FD2ACD
:1081500001D9FFF797FB01330B70FFF793FB43083F
:10816000A03A9B184649474A087800920025525F7A
:10817000454D9CB201951BB2002806D12D78002DEB
:1081800003D1934209DA009A1380009A0025525FC6
:10819000603208DB6122524203E015000132613592
:1081A000F3DA009D2A80009A0025525F1500813580
:1081B00016DB0A3212B2354E354D934213DB354A87
:1081C00013803378FF2B01D00133337000232B70E1
:1081D000984214D13378002B11D001230B700EE09C
:1081E00078225242E7E72B78FF2B01D001332B7026
:1081F00000233370984202D02A789A42EED1264E5C
:10820000264A0F783378264D0292002F77D0002B24
:108210000DD1244A1378FF2B46D10123002233705D
:10822000204B1A700EF014FA3378002B41D0029BC9
:108230001888042800D97AE001207DE0C4050020D8
:10824000C5050020C8050020C2050020B805002093
:10825000BA050020B6050020D0050020DC1D002056
:10826000241E0020D2050020300700203C1D0020E5
:108270001E000020F3050020F2050020F405002078
:10828000F10500201A000020F0050020E80500207C
:10829000E705002018000020E60500201C00002053
:1082A000E2050020E50500200133DBB21370032B4B
:1082B000B3D82C88002C02D120000EF02FFC012313
:1082C00001341C402C80029B01261888042804D904
:1082D0000A210530FAF7B8FB86B207247443019BE4
:1082E000A4B21B78002F58D0C54D002B42D02B884C
:1082F000C44A934200D926E701332B8023E7C24AC0
:10830000002B10D01378FF2B06D10023BF4A337007
:108310001370BD4A137085E70133DBB21370072B6E
:1083200000D884E7F1E7B94B17701F70C1E70A2145
:108330000530FAF789FB80B20122002F05D18018A1
:1083400080B29218032800D942082B8893420ED39A
:10835000002340202B809F4206D17834201CE4B2B9
:10836000142C00D91420C0B20EF0D8FBABE70133B7
:108370002B80A8E7A64EA74F3378022B05D13B8868
:10838000A34202D3A4480EF09DFB0123019A33704F
:10839000137000222A803A80D5E69D4D002B38D0FC
:1083A000974C208800282AD0012825D09B490A789C
:1083B000092A0CD87600B0428041531CDBB24042FF
:1083C0000B7097492D308854CF540EF041F9954BDE
:1083D000009A1B88128894499B1A1A1C1BB2282BDE
:1083E00000DD2822130400D500220B889B188F4A39
:1083F0000B8013780133137020200EF08FFB0023C5
:10840000019A238013700122824B1A8002232B7061
:1084100099E62B78022B00D095E67E4D794A2B8881
:10842000934201D801332B807C4F3B78002B09D03D
:1084300003235E432B88B6B2B34203D300200EF071
:1084400087FB2E802B88A34200D27CE63B78002B52
:1084500006D001200EF07CFB2C800EF0F9F872E6BD
:108460006D480EF02FFBF7E7714B1A8801231100BE
:1084700019401A4201D0FEF72BFF6E4B1B78012BDF
:1084800003D06D4B1970FEF723FF6C4B1B695B0526
:1084900009D56B4B9B7F002B05D16A4B1B78002BBA
:1084A00001D1FEF715FF6449674F0B78002B0ED101
:1084B0003A00C8202B33013BDBB210800232002B84
:1084C000F9D1624A1370624B188001230B70614A24
:1084D0005E4D13782C786600062B00D88AE0642065
:1084E000FBF770FAB853F35B002B01D1C833F35399
:1084F0002B21601CFAF7A4FA574B0E001B78297049
:10850000002B05D0554B1B78002B01D1FEF7E0FE68
:10851000534A544B11781B78194301D0FEF7D8FE0B
:10852000514B05201970514B1970FBF717FE0322B0
:10853000434B00929B8C002B01D105330093009B91
:108540008022DD014A4B0021ED18280010F0C2FE08
:108550003888012203005100795A0C1C814200D94D
:10856000041CA0B20C1C994200D21C1C0132A3B204
:108570002B2AF0D1364A1488A0423ED2611E241A1A
:10858000E4100C1BA4B2148000220192A34202D971
:108590001B1B9BB2019333002B330293019A4023A0
:1085A000312A1BD92B213000FAF734FB264F490022
:1085B000CB5B0020A34201D91B1B98B2072701996E
:1085C0007843FAF7B7F9C2B24023002A06D0BF3386
:1085D0001840381A803B83407F2213402B706B7009
:1085E000029B01360335B342D8D10098FCF769F9F4
:1085F000FEF76EFE0133137075E70234C2E7C04622
:10860000EE050020FDFF0000E4050020E505002048
:10861000EC050020EA050020CBA30108E9050020B5
:10862000D605002018000020D4050020D305002026
:10863000CC1D0020261E002046050020000400500E
:108640004C1E0020BF1D0020F0040020EE0400207E
:108650000A000020ED040020D21D0020CE1D0020C5
:10866000FF1D002035070020D91D0020D81D002047
:10867000B3190020022B06D1BD4A13780133DBB2B7
:108680000F2B03D813700025FEF74EFE0023B94CC4
:108690001370267820007F22B74910F023FF7F3423
:1086A000B64B2670B64C01932000611C7F222678C1
:1086B00010F018FF23007F331E70019B8034A3420B
:1086C000F2D1FCF707F9FCF7F7F8FEF72DFE002BC7
:1086D00001D1FEF72AFE0CF09FFD002C08D00022ED
:1086E000A84B1A70A84B1B78934201D108F0C8FE22
:1086F00000200EF037FCFEF720FE032B01D0FEF722
:1087000036FEA24BA24A19881088091A692907DD8A
:1087100000201B889F49013308701380FEF727FE55
:108720001988884201D0FEF722FE802099499A4E8E
:108730000C788001002C03D1B0621B880F3317E046
:10874000776978407061112C09D91B8869331380CF
:1087500000230B700B7801330B70FEF708FE0B2C17
:10876000EBD8A8200001E040C007E6D51B882D33D8
:108770001380EFE7894B1B78002B24D1884F3A7880
:108780000192012A0CD0022A7FD0864C2578002D38
:1087900000D18FE0012D00D1D4E0834A137012E0A4
:1087A000FBF776FEFBF774FE0224804B3C701880CA
:1087B0007F4B1D682800FBF74BFD2800FBF7BEFE32
:1087C000FBF75CFD34707B4B1B68002B04D003F07F
:1087D0003DFC002800D073E10022FF21764B1A7087
:1087E000764B1970764B1970764B1A70764B049352
:1087F0001B78042B00D1A6E1744B00201978744B30
:10880000C9B21B695B0501D448424841714B1A78D3
:10881000714B002A00D142E2704C022522781600EA
:10882000AE43002800D01AE2012E00D01AE21878D8
:108830000130C0B21870022800D919E2002907D00F
:10884000002A05D000221A70FEF710FD00232370C5
:10885000FCF760FD0400132802D00022604B1A7060
:10886000604E614D33789C4200D13AE2132B08D020
:10887000132C06D05D4B00211A785D4B1878FEF75B
:1088800037F8002334702B803FE2FBF701FEFBF743
:10889000FFFD474B02001868444B1B88934204D9E4
:1088A0009B1A032B01DD534B186800233B7003F028
:1088B0007BF988E70D20FBF785F80400030482D4D8
:1088C0000E20FBF77FF84C4A4C4B24041C401368E5
:1088D0000443E31A1460DA179B185340484A632B89
:1088E00002DC15780135EDB2912132208900157036
:1088F000FBF7A2FA022D0AD832204249FBF79CFA74
:10890000019B002B00D05EE71523FEF76DFD3E4B6B
:108910003E4AE318934203D9200003F045F9EFE7FC
:10892000344B65081D60224B28001C6001233B70FE
:10893000FBF78EFC2800FBF701FEFBF79FFC0223F0
:10894000FEF752FD06A908A8FBF746F9051E00D15F
:1089500039E7FBF753FD022D00D084E0089803F0BF
:108960001FFAFF2854D1244B1868FBF7D1FDCBE741
:10897000BF0600203D0700203E070020331D0020D9
:10898000B31900202D1E0020C0060020CC1D0020A1
:10899000EA040020E904002000080050D61D002051
:1089A000DF040020D51D0020FA1D0020D004002087
:1089B000D404002028070020CF0400200800002055
:1089C00007000020CE040020FF1D0020C91D00204C
:1089D00000040050BF1D0020C8040020BE1D002060
:1089E0009B1F002059000020321E0020B71D0020D0
:1089F00058000020D8040020E40400200000FF07F5
:108A0000E004002045020000C0E85DFE3FEA70007F
:108A10000222BF4B22701870BE4B1A70BE4B013A37
:108A20001A70BE4B1A70BE4B1A78002A44D000222E
:108A30001A70B94B1B78934200D1C4E6B54B0320A2
:108A40001B789A1E012A02D9012B04D1042008F0B8
:108A500007FDB44B187007F0E9F90122AF4B1A700B
:108A6000009B1A70AFE6012D00D07CE706AB18889A
:108A700003F0C4F9FF2800D175E7A54DAA4A2B7869
:108A8000A44F834215D13978012912D113780133CB
:108A9000DBB21370012B05D9022323709E4B197092
:108AA0009E4B197001233B7023782870012BBAD894
:108AB00059E700231370F5E702200CF0BBFB82E6B8
:108AC00006A908A8FBF788F80400022817D108981F
:108AD00003F066F9FF2800D188E6944B1A788242A9
:108AE00000D183E6924A18701470FF22914B1A70DD
:108AF0000022914B1A700123009A137076E6012828
:108B000000D073E606AB188803F078F9FF2800D18F
:108B10006CE6884B884A1978814211D11378013369
:108B2000DBB21370012B00D860E6804B1A788A42C2
:108B300000D15BE619707E4A009B14701C7055E6EC
:108B40001870147052E67D4B1B78012B48D17C4B7A
:108B50001B780093002B00D1D7E07A4A1378013BB1
:108B6000DBB21370002B00D0CFE00DF02BFC764F62
:108B7000764B3A88764C002A03D11A800268128814
:108B800022808288002102921B8822880CE0019DAD
:108B9000013306350195029D9BB2AB4226D20622D7
:108BA0005A430399525A009906260D005E430196D6
:108BB000029EB3421CD3002901D065490A80002DD2
:108BC00001D0624A138002225C4B00201A700EF022
:108BD000C9F90CF021FB049B1B78042B00D00BE699
:108BE000564B1B78002B00D106E68EE0009DDFE798
:108BF0000668B4460396019EB4446646768896425B
:108C0000C5D9002901D052490A80002D01D04F4A10
:108C1000138025884F4E402228004F4975800CF064
:108C200081FD42214D480CF05FFD0636F087222081
:108C30000DF0F8FC03F04CFD0EF002FE882136200A
:108C4000FBF7FAF800210120FBF788FA1E223B8887
:108C5000403501333B803B4B25801A70B9E7002E2D
:108C600000D1E4E5002900D0E1E500221A70EFE52B
:108C700000201870824209D10121394B21701A70ED
:108C8000384B10301970FDF733FEE1E5032A00D1AF
:108C9000DAE5002900D0D7E501322270D8E5314C61
:108CA0002278002A0DD00028DFD11A780132D2B202
:108CB000022A01D80029D9D000221A70FEF7D6FA6C
:108CC000C6E50028D1D019780131C9B2197002293E
:108CD00000D8BDE5224910200A7001211A702170C8
:108CE000D1E72B8801339BB22B80022B47D11E4E3C
:108CF0001E4D132C3CD12878132804D00021327843
:108D0000FDF7F6FD2C70002333701BB0F0BDC0469C
:108D1000DE040020DD040020DC0400202D1E0020E5
:108D2000FA1D00203D1E0020E00400200800002065
:108D3000CF04002007000020CE040020361D0020B4
:108D4000FD05002006000020F8050020CC040020CE
:108D5000CA040020480600204C0600204A060020D5
:108D60009B1F0020DC1D0020B71D002058000020A4
:108D70000022012120002C70FDF7BAFDC3E7272B4C
:108D8000C3D9132CC1D0282B09D1102CBDD001215F
:108D9000584B0A0020001970FDF7AAFDB5E7220024
:108DA0000B3AD2B2012A08D80121524A11705B074E
:108DB00003D10A002000FDF79BFD2A884E4B9A4202
:108DC000A3D129235FE593235B00EA5C263BFF3BAD
:108DD000022A01D0FFF7E6F806AA1279FFF798F801
:108DE0006289238908AE1204290030001A4303F077
:108DF0000BFCE389A2891B0413430E93237C06A971
:108E00007371637C06A87373A37C3371E37C337343
:108E10000923627D5B18DA77227D15AB1A70A27D7B
:108E200012AB1A703B23E27D5B181A703123227E4D
:108E30005B181A703523627E5B181A70A37E5A1E67
:108E400093413322521813703A23E27E5B181A7052
:108E5000637F0AAAD377294A5B009B5AB383A27F18
:108E600013AB1A70E37F3386631CDA7F36235B18FB
:108E70001A70A31CDA7F3D235B181A703E23210071
:108E80001B1822311022180010F053FB4D2306AAA4
:108E90009B181F70300003F0E3FB300003F0CCFAA6
:108EA000174B32002800597B032304F0D5FF3E23E3
:108EB00006AA9B181900280004F0AEFF114B009A77
:108EC0001D800323137001220F4B1A70FBF77EFEE7
:108ED000FEF708FC2C000D4E4034A4B228000835E3
:108EE0003100ADB20CF047FC0836AC42F6D1084870
:108EF000FEF78DFBB71D0020FFFF0000ECAC010862
:108F00004C1E002026000020281E00204C060020B9
:108F1000F8050020F0B501209BB0F9F7F9FE80209C
:108F20004005F9F7E7FEC02000250726F14BF24A7D
:108F3000F2491A60F24BF34A4B60136A00061B02B7
:108F40001B0A034313628D600E603021EE4B272015
:108F50001960136A12AC1B021B0A1362F9F778FF3F
:108F6000012323610233A360F023E560656165603E
:108F70001B022100E548129310F006F9802321001E
:108F8000DB00E248A027129310F0FEF84023FF0513
:108F9000DE49BB613C3B8B61033B6360210077335F
:108FA000DA48129310F0F0F8A42338005B00210097
:108FB000129310F0E9F8C12321009B00D3481293CB
:108FC00010F0E2F8802321009B01D148129310F0A9
:108FD000DBF860232100CF48129310F0D5F8C023AE
:108FE00021009B00CB48129310F0CEF82020F9F717
:108FF00081FE0EF04BFB2022C74F3000FB6A13436B
:10900000FB62FB6A9343FB625732C44BFF329D62A3
:10901000DA621968F63A0A431A608022D968520067
:109020000A43DA601A680235AA431A600EF024FD7A
:10903000BB48BC4BC268BC491A409C239B031343EA
:10904000C36030000EF0B4FCB84AB94B2021D360A5
:10905000B84B300093600EF0BBFC2800F9F7F8FE27
:109060001B228020A94980000B68B34E13430B607C
:10907000F9F74EFE3A68B14BE0211A4080239B037A
:1090800013433B60B368AE4A09031340B36073688F
:10909000AC4AC02013407360B368AB4A80001340F1
:1090A000B3607368A94A13407360B3680B43B3603D
:1090B000B368AB43B360B3681340B360336BA44A87
:1090C000134033637368A34A13407360736813409B
:1090D000C022736009235200012140001140013B6E
:1090E00008435208002BF7D12022800502D0F9F75F
:1090F00097FDC2B280239B00D340974A9B009B18E8
:109100001F221968C0209143173A0A431A60C022EF
:109110001A2301219204C004150040000D40013BB8
:1091200028435208002BF7D140012033002802D0F9
:10913000F9F776FDC3B28025ED04DD40874BAD0025
:10914000EB1802931B68F822F820039301211823DF
:1091500012044004150040000D40013B2843520812
:10916000002BF7D1C0012033002802D0F9F758FDB9
:10917000C3B2C0225204DA4007239340039AF82076
:109180009A430392F8221823012112044004150087
:1091900040000D40013B28435208002BF7D1C0018D
:1091A0002033002802D0F9F73BFDC3B2C02252049D
:1091B000DA4005239340039A1343029A1360042272
:1091C000B3681343B3600422B3681A4003920422C5
:1091D0001342F8D10125B36880202B43B360A02649
:1091E0000823F605B361C001F9F784FD0EF04EFACD
:1091F0002800F9F72DFE0223039A63605B19A36030
:109200000533E260256121001295300063610FF0A3
:10921000BBFF0923053512952100300063610FF073
:10922000B3FF3F494E4B8A684E481A40A023DB04E7
:1092300013433F228B60CB689343C2221D43CD6012
:10924000802192008358C9051B021B0A0B438350DF
:1092500080231B010360444B1A68520609D4196825
:10926000424A1140424A0A4304211A605A688A431A
:109270005A6040268020DA69334940010A40DA61A9
:109280001A68002532431A60F9F742FD0120F9F708
:10929000DFFD0223A02063600133A3601D33E5607E
:1092A000656112931F3B21002361C0050FF06CFF25
:1092B0008023A020129321002561C0050FF064FFD8
:1092C0002C4B1A68324209D11968284A11402A4A9F
:1092D0000A4304211A605A688A435A60DA691A49B3
:1092E000E2200A40DA614022196800260A431A6027
:1092F00044E0C0463C000020006CDC0210E000E0CE
:10930000FF52070000ED00E0D417002000040050D9
:1093100000080050001400500010024000140040EB
:1093200000000140FFFFC0FFB02A000080000240A3
:10933000D81700201814005000240140FFFF9FFFA1
:10934000FFFF7FFFFFFFFFFCFFF7FFFFFFFEFFFFB9
:10935000FFFF0FFFFF17FFFF302401400C240140E7
:10936000FFFFFFC000E100E0003800404000FFFFC9
:1093700007030000003001402F0300000423584A77
:109380009362FAF7E1F85748FBF78EFB300001369D
:10939000F6B2FAF7E1F8082EF8D12B20FAF7D4F854
:1093A000FA208000FBF780FB2E20FAF7CDF8FA2098
:1093B0008000FBF779FB2F20FAF7C6F82F20FAF789
:1093C000C3F82F20FAF7C0F82F20FAF7BDF8464867
:1093D000FBF76AFB4020FAF7B7F8AF20FAF7B4F8CA
:1093E00004233F4A022593610EF05EF90CF07EFCE7
:1093F000FA223E4B01201A70F9F72AFD0EF046F9C9
:109400000120F9F785FC8020C001F9F781FC0023D9
:10941000E360C023DB00129303220123A0206361D9
:10942000A260236121006560C0050FF0ADFE280039
:109430000EF022FB28002E490EF0BAFA80212D4BA7
:109440002D4A2800DA602D4A49009A600EF0C0FAD1
:109450002B492C4B8A682C4D1A40E023DB00134328
:1094600080228B603B6BD20113433B633B6B274AEB
:1094700013403B63EB68264A1340EB60EB689B04A8
:1094800000D58DE0EA68234B1A400C231343EB60B0
:109490006B69214A13406B612B69204A13402B6191
:1094A0006B691F4A134038226B61BB681340102B55
:1094B0003AD00ED8082B00D1B1E207207B683A6879
:1094C0005B0B034017499B00D20A02405858D0401A
:1094D0003CE0183BB343F0D18020000236E0C046A8
:1094E00000040050C0D40100409C00009B1F0020DD
:1094F000A02000001C000240581800200438014041
:1095000000000140FFC0FFFF00380140FFBFFFFF28
:10951000FFDFFFFFF3E9FFFFFFF7FFFFFFCFFFFFD5
:10952000FFFCFFFFDCAD01080322FB681340934200
:1095300000D16FE27B68F34A1B045B0F9B009858D5
:109540000C23FA681A4200D066E24000BA68EE497D
:109550001205120F920052581F210A40D040BB68DA
:10956000EA4A5B045B0F9B009B580B40D84017D026
:109570001923962158438902F9F7DCF96421070081
:10958000F9F75EFA080132306421F9F7D3F9642162
:1095900006003800F9F7CEF900013618B6B2AE6011
:1095A00040236A69022013436B610EF073FA802333
:1095B0000026EA689B011343EB6027216E60D448C4
:1095C0000CF0FEF80120F9F7A3FB0120F9F740FCAD
:1095D00080200004F9F78EFB0EA90A00CD4BA1CB29
:1095E000A1C20C2220000FF0A4FF2200CA4BCB49DD
:1095F000A1CAA1C3CA4BCB4A1E60CB4BCB4DCC48B2
:109600008B61531CDE77CB4B55609660D660106142
:109610001E001B68002BFBD132601360C64A10612C
:10962000012055609360D360C24D531CD8772B0046
:109630002D68002DFBD11A60AF23156002225B005C
:10964000BE48CA540DF034FEBD480DF031FE07226D
:10965000BC4BC0219D731D701A72063A9A72C722C4
:10966000B9485D729200835809061B021B0A0B431E
:10967000835080231B060360B44E0E222D21300040
:109680000FF028FE8023B24A9B00B57393618022BD
:10969000B04952008A618B61802128000902FAF7E3
:1096A000CBFB29002800FAF7C7FB3720AA49FAF7B5
:1096B000C3FB22213620FAF7BFFBC6211020890008
:1096C000FAF7BAFB1120A549FAF7B6FB1220A44914
:1096D000FAF7B2FB1320A349FAF7AEFB842114205A
:1096E0008900FAF7A9FB49209F49FAF7A5FB7B20DF
:1096F0009E49FAF7A1FB7D209D49FAF79DFB482082
:109700009C49FAF799FB40209B49FAF795FB1022F8
:1097100020009A490FF00DFF615D2B0319430920CA
:1097200089B20135FAF788FB102DF5D1F8211C20FC
:10973000C900FAF781FB1D209149FAF77DFB1E2035
:109740009049FAF779FB1F208F49FAF775FB3E2005
:109750008E49FAF771FB73208D49FAF76DFB77207C
:109760008C49FAF769FB19208B49FAF765FBB4219C
:1097700028200901FAF760FBAA2129200902FAF73B
:109780005BFBCC212A20C901FAF756FB2C20834928
:10979000FAF752FB2F208249FAF74EFB53208149FA
:1097A000FAF74AFB7E208049FAF746FB46207F49BC
:1097B000FAF742FB4A207E49FAF73EFB07207D4933
:1097C000FAF73AFB90217C4B7C4A332009021A803D
:1097D000FAF732FB00213F20FAF72EFB78480EF013
:1097E000CFF803F08BFA774A774BD27F774F1A7016
:1097F000BA1D774BD27F21001A7076480822FAF7FB
:1098000033FF754B210023808024002308227148F8
:10981000FBF7F6FB03F024FE0221002003F0EAFE32
:109820000221012003F0E6FE02F028FF012008F0EB
:10983000F9F86A480EF0A4F869480EF0A1F86948F2
:109840000EF09EF868480EF09BF8002006F042FDEE
:10985000404BE4001B69654D234200D1E1E0002349
:1098600002930023624A190013702A780126049299
:10987000FF2294465F4C62461A40D200155DD8B272
:10988000002D08D0049D002D00D00FE1A218D27940
:10989000322A00D00AE1002901D0554B18702D4B17
:1098A0001B695B0500D504E10A2404F011FEFBF7F7
:1098B000D7F804F049FD01237F2200214E4800948F
:1098C00004F0B4FB802503237F2200214B48009441
:1098D00004F0ACFB0024FAF7FDFFFAF7EDFFFBF70D
:1098E00075F9ED001B4B1B692B4200D015E10024DC
:1098F0004348FBF7D9F8322CF4D11322414B1A70AC
:1099000082E0C046DCAD0108FCAD01083CAE0108B8
:10991000ACB1010810A00108A4190020EC0000203F
:109920007C020020801900205CAE0108E94A010891
:109930001D3D0108581900205C1900204800002036
:1099400040000020005C004000E100E08C1F00208F
:1099500000140050000400501F9D00003A03000056
:10996000DB030000DF030000B22A0000DC7300000C
:1099700020E90000A83300001635000024A10108EA
:1099800055E50000584C00005AC60000C69400007F
:1099900091460000EF8800004110000022180000EE
:1099A00090980000282000003E3000000A6000006F
:1099B00030540000CE610000B01900200090FFFF7D
:1099C0008A1F0020511E0020491E00204C1E00202E
:1099D000481E002058A1000029630000401E0020FE
:1099E000421E0020441E0020461E00203E1E002075
:1099F000341E00203CAF0108E0A00108E8A00108E7
:109A00001027000059000020CE4B1A700022CE4BC8
:109A10001A8057E0CD4893E50323584396E5CB4899
:109A200094E5FBF777FC0600C948FBF73DF8C94B06
:109A30001B69234200D012E7FBF76CFC0400C4480A
:109A4000FBF732F87B7F0A339E4213D0B44200D03A
:109A500005E70222C04B1C70BA4B1C70BA4B1A802F
:109A6000122C0FD0112C00D0F9E6BC4B013A1A7021
:109A70000323F5E601233A7F53403B7703F0F4FFDD
:109A80000223EDE63B7F002B00D0E8E601247B7645
:109A90002C7003F0E9FF322007F0E2FCB04BB14A32
:109AA00018701278B04B02941A60DAE63100013374
:109AB000E1E6FBF72FFC132800D0F5E6029B002B14
:109AC00000D0F1E6A94B1B78002B30D1A84B1B78B6
:109AD000002B2CD10520083707F06AFEFB7F3C2BBA
:109AE00022D8F9F75BFFA34B01221A70A24BA34FB8
:109AF0001B78022B01D0052B01D1F9F7F7FB3B00B6
:109B0000383318780138042800D9AAE1F8F708FF9B
:109B10009F01A501FD0104020402FBF7FBFB1328D2
:109B200000D0E4E60134E3E6FBF750F8DBE73C0065
:109B3000403404F0CDFCFAF793FF04F005FCFAF78B
:109B4000C9FEFAF7B9FE23780422190091430129CE
:109B500017D10DF0A9FDFBF739F80422884B874D8A
:109B60001B789343012B00D026E1029B0024012B9C
:109B700000D02FE138352C7002980BF05BFB814B45
:109B8000B2E7042B09D10BF0A3FBFAF7A3FEFAF717
:109B900093FE01200DF0E6F9DDE710227A4806A9D0
:109BA000FAF762FD10220AA97848FAF75DFD784BB2
:109BB0001E88300002F09EFA642105003000F8F79C
:109BC0003FFF30008BB264210493F8F7B3FE714974
:109BD000049B82B200950EA80BF090FB23786E498F
:109BE000032B0CD0002B00D08AE004AA127A04AB1D
:109BF0001B7E002A0BD16949002B00D00AA906A8B8
:109C00000FF08FFC0EA90AA80FF08BFC01E0002BCF
:109C1000F8D00A2400237F221900009406A804F03B
:109C200005FA02237F22002100940AA804F0FEF91D
:109C300004237F2200215A4804F03CFA00237F22AB
:109C4000584C0399615C00290BD06946097B081CBC
:109C5000914200D9101CC2B2081C994200D2181CB3
:109C6000C3B20399013103918029EAD19A4258D9AC
:109C700057232824E4B2A51EEDB21A1C7D2B00D96F
:109C80007D22D3B29E1C0393F6B2002D06D023236F
:109C90006A1E1900002012B20DF01AFD8022424BFC
:109CA00092005D19AD182978823AFF3A013C4A408A
:109CB000E4B22A70220080258132FF32D2186D4230
:109CC000A64233D880229B1992009B181978823AB9
:109CD000FF3A51401970964206D0039B0333D8B225
:109CE000232319000DF0F4FC304A314912A80BF07F
:109CF00005FB06237F22002112A804F0DBF944E7CC
:109D0000022B86D104AB1B7A002B03D1234906A872
:109D10000FF007FC04AB1B7E002B00D079E7254930
:109D200071E7141C022AA5D20224A3E71000803098
:109D300001780134C94301701178E4B269401170AF
:109D40000132BDE758000020321E002000366E01AF
:109D5000204E00000004005059000020B2190020DD
:109D60003D1E00203C1E0020381E0020301E00201A
:109D70002F1E00202E1E0020841E00204C1E0020BE
:109D80008C1E00202D1E0020C8A00000D8A00000BE
:109D9000341D0020F1A00108FFA0010807A101085F
:109DA000FFAE0108B31B0020B3190020FAAE010872
:109DB00019A101080FA10108C94C2378002B05D077
:109DC000FBF7A8FA1328F7D000232370012007F02F
:109DD00029FECAE6029B032B37D1FB1DDC773B0033
:109DE0003E331C703B0043331C70BB1DDC873B00C3
:109DF00046331C702023FF33FC54BA4BBA4A1D680B
:109E0000BA492800BC77BC8402F0FEFB2B00012677
:109E10002D331E70043B28001E7002F00DFBB44B66
:109E200030001D6007F0FEFDFAF7C6FAFAF786FF6C
:109E3000B04B3D221C703B000833DA773B003833CF
:109E40001C7004237C76029396E6029494E63A0012
:109E50003B003932127829331A7001210800FBF7D0
:109E6000E3FD3B003E331978002903D01E224A430C
:109E7000A14B1A700DF018F801200BF049FD0028D5
:109E800002D001200BF024FE9C4B02931B78012B87
:109E900000D091E09A4B03931B78002B03D1994B90
:109EA0001B78002B52D0984B984D1E782C68012EB1
:109EB0000ED93B000833DB7F002B30D1002C01D0C2
:109EC000FA2C05D18023924A9B0151694B40536182
:109ED00001342C60032E32D13B000833DB7F002B92
:109EE0002BD08C4B9C4231D900232B60FAF7D8F948
:109EF0000123894C1A0020881E2180B2FAF7E2FE65
:109F0000238864339BB2238020E0FAF731FB834B34
:109F100018780BF08FF9A4E70DF0E6FDA1E7002C0F
:109F200005D12223FF33F85CF9F70EFDD0E77C4B17
:109F30009C42CDD190235B00F5E77A4BD2E77A4B78
:109F40009C4203D900232B60012ECFD0774B1A7887
:109F5000002A03D16B4A1278002A2DD000221A70F1
:109F6000734B1B88934204D13B000833DB7F3D2BAE
:109F700004D12223FF33F85CF9F7E6FC0024C82261
:109F8000039B92001C70644B1A806A4B1B78A3429F
:109F900008D0694D2B78012B00D083E002332B7061
:109FA000FAF75EFDF9F792FB062001F043FE04206C
:109FB00002F02EFD0BF030F9604B03931B78002B61
:109FC00000D0AEE1029B1B78012B03D05C4A9B00C2
:109FD0009B5898475B4E3378002B04D05A4B1B7824
:109FE000002B00D09DE101F015FE002809D10023CF
:109FF000564DEB56002B64D17B1DDB7F002B00D030
:10A00000B8E0534B1B78002B00D123E1514B1B7858
:10A01000002B00D11EE102F019F8002800D019E150
:10A02000BB7D4D4A9B075B0F9B5A0730BC8A04934C
:10A030000BF022FE0F230509ADB21840022820D9EB
:10A040000A200BF019FEC3041BD4C0B2092818D98A
:10A050002B00DD22193BFF3B9BB21201934210D330
:10A06000049A3E4B3E49944200D8C3E01A88A21A93
:10A07000012A00D0C1E00A88100502D4132A00D9B1
:10A08000BBE0374B1D80354B1C80364B1B78002BBB
:10A0900000D0A3E22F4B00221978200049B20BF028
:10A0A000D5FED1E0022B00D07AE72200210010205B
:10A0B000FCF71EFC01222C4B2C701C702B4B1A70D1
:10A0C0006EE72B4B1B78002B96D0274B1B78002B71
:10A0D00092D1FBF759FF01F09DFD00288CD090E74D
:10A0E0009B1F00203C1D002090FE960205040000EE
:10A0F000381D0020361D00202C1E0020261E0020AA
:10A10000CA1D0020C91D0020C81D0020C41D00203C
:10A1100000080050102101005400002057000020CA
:10A12000983A000098340100E0280100C01D00208A
:10A13000FC1D0020BF1D0020BE1D00202E1E002083
:10A1400010AF01081A1E0020FE1D0020E01D002097
:10A15000B91D0020DF1D00202CAF0108401D00208C
:10A16000421D0020AA1D0020DC1D0020BD1D002076
:10A1700053000020184C2378002B00D141E7002326
:10A18000EB56002B00D03CE7144B1B78002B00D083
:10A1900037E7029B1B78052B00D132E7104B1B7869
:10A1A000002B00D02DE73378002B00D029E7F9F7FA
:10A1B00027F90C4D2B78002B05D00B4B1878002875
:10A1C00001D10BF037F80023084A2B701370084AAE
:10A1D0002370137015E7C04652000020DC1D0020DC
:10A1E000F31D0020BC1D0020FF1D0020BB1D002012
:10A1F000BA1D0020049A94420CD11A88121B012A1D
:10A2000008D1C34A1288100500D43AE7C1488242F7
:10A2100000D936E71C80C04B0D801B78002B00D086
:10A22000D0E1BE4A13800122BD4B1A70FB7C002B8B
:10A2300000D13C82FAF7CAFCA0238022DB05520041
:10A240009A61B84BFF3A1A7003200AF0F3FF00221C
:10A25000B54B1A70BB7F002B09D0B44BB44A1B8896
:10A26000002B00D0C2E11388002B00D1C2E1B14C19
:10A270002378002B1FD0B04B1B78002B15D1AF4B90
:10A280001B78002B11D1FB1DDB7F002B0DD0AC4BBD
:10A290001B78002B09D1AB4BAB4A1B7812781343C8
:10A2A00003D13378002B00D1F3E1FA22A74B9200BF
:10A2B0001A8000232370A64E3378002B31D0029BE6
:10A2C0001B78052B2DD1A34D2B78002B00D1E4E179
:10A2D000FAF79AF8BB7F002B05D03B00FE33998B31
:10A2E000588BF9F791FF7B1DDB7F002B10D0964B2D
:10A2F0001B785BB2002B0BD1914B1B78002B07D145
:10A30000954B1C78002C03D1F9F77AF8934B1C700D
:10A3100001F0A8FE0A22924B1A8000232B70002322
:10A320003370904B1A78002A00D1A3E500241C70EA
:10A3300003F06CFBFAF7D4FB8B4A2000138801333F
:10A340009BB213800BF0E4FAA04202D020000BF085
:10A35000BFFB039B1B78002B01D1FCF7A1FF834BB4
:10A360001A78002A00D185E500221A70804A1378F5
:10A37000002B07D0013BDBB21370002B02D101226E
:10A380007C4B1A70029B1B7802937B4B1B78002B33
:10A3900008D0029B012B00D1B7E101F057FE002845
:10A3A00000D0BCE1754A1378002B21D0013BDBB211
:10A3B0001370002B1CD1724B1A688023D28BDB00E8
:10A3C0009A4210D26F4B1B78013B022B0BD86E4B7D
:10A3D0001B78002B07D1F9F7A9F96C4B18780228E4
:10A3E00001D101F027FCFCF759F90022684B1A70E3
:10A3F000684A1378002B13D067490978072901D0E0
:10A4000000290DD1013BDBB21370002B08D1634B47
:10A410001B78002B04D0FCF777F80122554B1A70FB
:10A420005F4A1388002B00D07BE100235D4A05932F
:10A430001378002B00D081E105F0EAFC5A4B04931D
:10A440001B88002B00D082E1584B1C88584B1D788C
:10A4500078236B439C4218D1564E3378002B14D08E
:10A46000FAF710FBF8F75CFE00210620F9F776FEFC
:10A470000A22FB1DDB7F5343394A1380002301224C
:10A4800033703C4B1A704C4B1A70029B494E012B97
:10A4900000D1ACE101F0DAFD002800D0A7E1294BA2
:10A4A0001B78042B00D1A2E12B4B1B78002B00D092
:10A4B0009DE13E4B002C00D170E1013CA4B21C8018
:10A4C000002C00D06AE101220425049B32701C801C
:10A4D000234B1A80F8F724FE2000384CF9F734FAA1
:10A4E0002820A562F9F730F84020F9F72DF8AE20C2
:10A4F000F9F72AF8A5610322314B062019780131BA
:10A50000114019704B425941C9B2F9F727FE57E182
:10A51000421D0020EB0F0000AA1D0020A81D0020F6
:10A52000A71D0020441D0020B91D0020B21D0020E1
:10A53000B01D0020B81D0020DC1D0020B71D00202C
:10A54000FA1D0020FF1D0020E01D0020500000200B
:10A55000B61D0020B51D0020F31D0020B41D0020F5
:10A56000F41D00202B1E0020CC1D00202A1E0020E0
:10A57000291E0020281E0020271E0020201E00204B
:10A580001C1E00201B1E00201A1E0020191E002069
:10A59000181E0020171E0020161E0020021E00207C
:10A5A000001E0020FE1D0020FC1D0020F81D0020C4
:10A5B00056000020F61D00202D1E00200004005033
:10A5C000F21D00208C490B782F2B0CD85A1CD2B2CC
:10A5D0000A708A495B005C52302A04D08723DB0072
:10A5E0009C4200D256E50BF069FC2DE60021844B1D
:10A5F000118019703378002B00D038E6029B1C784C
:10A60000FD23A21E1A4200D131E67E4B1B785BB2BD
:10A61000002B00D02BE67C4B794A187800281ED0FE
:10A6200011787A4A002914D064211180012C00D0BD
:10A630001DE6774A1278002A00D018E61B78002B16
:10A6400000D014E6F9F756F8724B1C70724B1C7070
:10A650000DE6128891B2002AE8D11970E6E7127867
:10A66000002A00D103E601221A70052C01D107F05F
:10A670009FF8029B1B78012B00D1F8E5674B1B78F4
:10A68000002B00D0F3E507F0CDFF0122624B1A70DA
:10A69000EDE5052007F08CF80BE6614B1B78002BED
:10A6A00000D03CE67B1DDB7F5E4A5F4C0492002BB2
:10A6B0000BD0544B1B785BB2002B06D15B4B1B7845
:10A6C000002B02D12378002B17D0FB1DDA7F584BCB
:10A6D00019780A23002900D0BE335343049A13800B
:10A6E00001232B7000252570F9F714FEF9F742FEBF
:10A6F00029002800F9F732FD11E6F8F781FE0A2358
:10A70000049A1380093B237009E64A4B01221B88F7
:10A710009BB2134200D145E63E4B1A7042E6464BCF
:10A72000F4E7013B9BB21380002B00D07DE6434B46
:10A730001B78013B5A425341DBB277E6013B137071
:10A740003F4B1B78002B00D176E6FFF793FB3D4A89
:10A750001278002A00D077E6344A1278002A00D016
:10A7600072E6364A1278012A06D1132800D16BE628
:10A770001538012800D867E6049A013B9BB2138084
:10A78000002B00D060E63B000833DB7F3C2B00D978
:10A790005AE6F9F703F9FAF7FDF855E61B885A1E51
:10A7A000132A09D8002D07D000209B0702D12223AD
:10A7B000FF33F85CF9F7C8F83378002B00D09AE63D
:10A7C000039B1D78002D47D01F4C20000DF0D8F8BA
:10A7D000FA221E4B52001B88934206D81C4BDA8883
:10A7E00023889A4201D3FFF745FBFBF777FA7822DB
:10A7F0006A43184B1A80DFE7A61D0020461D002083
:10A80000AF1D0020E01D0020AE1D0020AC1D00206B
:10A81000DC1D00202D1E0020281E0020C91D002048
:10A82000F31D0020F41D0020B41D0020FA1D00209F
:10A83000F61D0020241E0020221E0020FF1D0020E7
:10A840001A1E0020FB1D00208A1F0020881F0020E8
:10A85000E61D0020F81D0020B94B1C880134A4B26D
:10A860001C80029B012B13D0E30711D4B54B187841
:10A870000493461CF6B21E70B34B4000C0180DF096
:10A880007FF8032E01D9049B1D70012005F022FDE5
:10A89000A4070AD1AD4B1B78002B03D1AC4B1B781E
:10A8A000002B02D00122AB4B1A70AB4B1B78002B54
:10A8B00065D1AA4B1B785BB2002B60D101F0AAF9DD
:10A8C00000285CD1A64B1B78002B03D0A54B1B782E
:10A8D000002B54D0A44B1A78042A50D0A34B1B78D9
:10A8E000002B4CD1A24BA3481B78002B12D0A249BD
:10A8F0000B78002B0ED0A14C2478002C0AD1012A11
:10A9000008D0013BDBB20B70002B03D1914901331E
:10A9100043760B70059B002B31D00021984B19809A
:10A92000012A08D105F074FA132802D0153801283D
:10A9300001D8FAF74BF9934C2378002B03D18F4BB6
:10A940001B78002B02D0022001F074F9FBF794FE73
:10A95000F9F752FF0023834A237013708A4A137059
:10A9600001228A4B1A708A4B1B78002B04D001F00D
:10A970006DFB002800D1032528000AF05BFC854B05
:10A980001B78002B18D1844B1A78002A14D0187821
:10A990000138C0B2187000280ED102F039F87C4B93
:10A9A0001B78002B08D001F051FB002804D10BF0DC
:10A9B00089FC03200AF03EFC784B1B88002B0FD14A
:10A9C0003B000833DB7F013B3B2B09D8654B1B78F1
:10A9D000002B05D1604B1B78002B01D1F9F7DAFF72
:10A9E0006F4B1B78002B1ED06E4D01212C886E4BB7
:10A9F0000134A4B222000A40110000201A702C80F9
:10AA000003F0DEFA029B012B0DD01D2C3ED80AD19B
:10AA10004E4B1B78002B06D1644B1B78002B02D1C8
:10AA2000022001F007F901F0F5F800284CD0604B46
:10AA30001B78002B48D15F490A78012A44D85E4828
:10AA400003780133DBB20370012A07D1202B05D92B
:10AA50005A4B1B7802330B703E4B1A7001224B4B42
:10AA60001A70414B1B78002B01D0FFF703FA544BAF
:10AA70001B78002B01D0FFF7FDF901F0E7FA002861
:10AA800027D0012003F064FDFFF7F4F900232B80A9
:10AA90002E4B1B78002BC6D1444B1B78002B02D1C8
:10AAA000022001F0C7F8474B1B78002BBBD1039A5B
:10AAB00001330520137006F07BFE434BDB7F3C2BFC
:10AAC000B1D8F8F76BFFAEE7234B1B78002BC5D14D
:10AAD000C7E73E4B1D78002D01D1FFF7CBF90022CF
:10AAE0003B4B9A56022A01D0FFF7C4F90024394E95
:10AAF0003457082C74DC0123210019401C4208D172
:10AB00009D4202D00520F9F729FB01343470FFF78C
:10AB1000B1F9012D08D1601E0628F6D8F7F7E2FE3C
:10AB20000BF50BF55CF55E0019000520F9F716FB37
:10AB3000032DEAD1EFE7032001F07CF8E5E7C046FA
:10AB4000E41D0020E21D0020401E0020301E0020D9
:10AB5000E11D00202D1E0020FA1D0020E01D002018
:10AB6000DF1D0020FB1D0020FF1D0020F31D002025
:10AB70008A1E00204C1E00202C1E0020DE1D0020FE
:10AB8000001E00201B1E0020DD1D0020281E0020AE
:10AB90001A1E0020DC1D0020DB1D0020FC1D0020F3
:10ABA000D21D0020D01D0020CF1D0020CE1D002072
:10ABB000D61D0020D51D0020D41D0020D31D00204F
:10ABC000D71D00202F1E0020541E0020DA1D00205B
:10ABD000D91D0020D81D00200420ADE70520ABE7DB
:10ABE0001870FFF747F9C046F0B5924B07001B7885
:10ABF0000D00140085B0002B00D1BDE1002930D03C
:10AC00000F2801D100F071FD00228B4B1A70944285
:10AC10003DD00D2836D0112827D00A2837D1874CAF
:10AC2000237893421DD1864D864E2A78F15C91425D
:10AC300019D001330A2BF9D101370A21F8B2F7F7FD
:10AC4000FFFE735C2B700CF083F800227E4B1A70B1
:10AC50007E4B1A700BF0FCFC022000F0EBFF01238E
:10AC6000237005B0F0BDDFB2E6E7794C2378002B06
:10AC7000F7D1784A1370784A1370734A1370734A85
:10AC80001370E7E70CF092F80022744BC7E0122F24
:10AC9000E7D83800F7F73AFE7B00130013001300E3
:10ACA000130013001300130013001300C1009A00D7
:10ACB000AB00F6FFE5FFE5FFEE00B600C500684B10
:10ACC0007C1EE4B2195D0029CBD0664B664E1B7822
:10ACD00001935D4B9C461B78BB421FD15D4B1D7899
:10ACE000002D1BD0594F013D38780130F7F792FF06
:10ACF00005236343019AF3185B5C3970002A05D180
:10AD00001A00413A192A01D82033DBB2524A53556E
:10AD10000122564B1A700BF09BFCA2E705236343FC
:10AD2000F6180023524C019AF05C002A0CD1020064
:10AD3000413A192A08D82030C0B262461770434AF7
:10AD400013700BF09BFDE3E73D28F6D012D802000C
:10AD5000203AD2B21B2A05D82500D5402A00012569
:10AD60002A42EAD10133DAB29142DCD8022000F063
:10AD700061FFCDE75F28E0D002005F2803D83F3AAB
:10AD80001B2AEFD8D9E7613A192AEBD8D5E72E4C20
:10AD90002578002D12D12F480378002B0ED02E4994
:10ADA000CA18013A1278202A08D1013BDBB203709D
:10ADB0003020CD540BF062FD2570A9E720200BF068
:10ADC0005DFD0023214A23701370A1E700221E4B72
:10ADD00020491A701D4B1A70244B1A700B7893423D
:10ADE00099D0013BDBB20B701B49CA5493E7002397
:10ADF000154A20201370154A13701C4A13700BF06B
:10AE00003DFD88E70123174A11784B4013700BF082
:10AE10001FFC022000F00EFF23E7104B01221A70E6
:10AE20001FE700230B4A13700B4A1370064A137076
:10AE3000064AEBE7D71D0020BD070020D9030020FC
:10AE400001000020D9AA0108DB030020DA0300205A
:10AE5000D8030020470500204B05002057000020A4
:10AE6000D0AA010800000020A3AA0108F4050020D0
:10AE7000D7FBFF0F002C00D0F3E6BD4B1B78002B57
:10AE800000D1EEE6BB4B1C70BB4B1C70BB4B1B7860
:10AE9000002B00D13FE7BA4C2368002B01D101F011
:10AEA000EDFB24686369186800F0FEFF002804D0F9
:10AEB000230028331B78002B53D1B24B1B78002B77
:10AEC0004FD133342378002B03D0AF4B1B78042BA6
:10AED0004ED0AE4B1B78002B4CD00620834241D87D
:10AEE000F9F723FA012006F063FCA94B00241A7E2F
:10AEF0000A2301325343A74A13801388A64A9BB200
:10AF00001380A64B1C70A64B1C70A64B1C70A64B46
:10AF10001C70F9F7C5F92000F9F7D2F9210051208A
:10AF2000F8F78AFF2000F9F79FF9974B1B78012B60
:10AF300000D0F0E602219D4A11709D4A13709D4A8F
:10AF4000137005229C4B1C709C4B1C609C4B1C700E
:10AF50009C4B1A709C4B1C709C4B1C700BF078FB2C
:10AF6000D9E6032001F054FD022000F063FED2E692
:10AF70000120F7E70220F5E7954B1E78002E0BD055
:10AF8000102809D00D2807D0002C00D069E6002D2C
:10AF900000D166E68F4BB1E28F4B02931B78019391
:10AFA000002B2AD0002D00D1ADE3002C00D0DCE333
:10AFB0003800F8F715FA0190FF2800D1BCE3874F5D
:10AFC0003D78002D0CD1864E0E222D2130000EF042
:10AFD00081F9B4736B1C019A3B70814B5A5501E0A7
:10AFE0000D2DF7D910227F4B1A7000227E4B1A705C
:10AFF0007E4B01321A70774B11E7122FC4D83800FC
:10B00000F7F78EFC13001300130013001300130056
:10B01000130013001300130065010D020D028302DB
:10B02000190368036E0313001300002C15D0002DC4
:10B0300000D116E66E4B1B78002B00D011E66D4A4E
:10B040001178002902D01370674A1370F9F7D4FB06
:10B0500001213800FAF7E2FF03E6002D01D05D4B35
:10B06000DCE6654B1B78002B00D02CE1634B614E76
:10B070001B785BB2002B28D0380003F033FA33780A
:10B08000012B00D8EDE50A205D4B35701A785B780E
:10B090005043C018C0B2002807D11922594B1A706A
:10B0A00003F04CFA02F046FFDBE5182800D9D8E59A
:10B0B000544B187001F00CF90028F1D10222454BD5
:10B0C00001301A7001F01CF9EAE7314D6B7B0293F5
:10B0D0004D4B1C683378002B15D1E38B4B4A9B18E2
:10B0E000062B10D84822210049480EF022FA029B74
:10B0F000484A5B00595BEB189B881180464A1380D5
:10B100000122464B1A70380003F0ECF91022354B3F
:10B110001A700393F8F70AFB0022334B1A7080224F
:10B12000E38BD200934203D20423039A137098E571
:10B13000364A9B18062B00D92CE7236937781A6802
:10B14000374B93429B415B4206330193002F00D162
:10B1500087E503219F4200D30D311020F7F774FCDF
:10B16000039B1870019B9F425CD9337079E5C04600
:10B1700047050020DB030020DA0300204B050020F8
:10B18000381D0020C91D0020261E00202F1E002073
:10B190004C1E0020241E002080030020CA1D002019
:10B1A000C01D00209F0600209E060020F6050020FE
:10B1B000F5050020A405002048050020A00500207A
:10B1C0009C050020A5050020490500204A05002017
:10B1D0001A1E0020191E0020DE1D0020240700205A
:10B1E00015070020201E002057000020BD1D002054
:10B1F000FF1D00201B1E0020BD070020E01D0020B9
:10B20000D0030020751E00201C1E002000FCFFFF44
:10B21000880300208403002082030020181E0020E1
:10B22000FFE0F50503F076F900F0A4FF00220A2103
:10B23000019BDB1B93423ADC64264643C74BC84F55
:10B240009E423CD9C74BF318BB4233D8C64BB342DE
:10B250009B41C64E1E40C64BF618300000F0E4FD80
:10B26000238E834210D0802380B2DB002086C0185A
:10B27000029B80B25B00E852ED18A88002F0BAFB96
:10B280000221029802F0B6F9A58B3000290000F0E7
:10B29000D9FDB44BC318BB4204D8B34B984210D865
:10B2A000B348401B20600122B24B1A80D9E44843C6
:10B2B0000132BFE7B04B9E42CFD91E00CDE7AF4E63
:10B2C000CBE7AF48EEE7F9F797FA2900C1E6002D82
:10B2D0004AD0002C00D1C2E6AA4B1B785BB2002BEF
:10B2E0007AD000F0B3FE002804D1A74B1B88092BAD
:10B2F00000D8B6E4A54BA64C1B682568002B56D099
:10B300008022A44BD2001B88934250D3F7F71AFF38
:10B310002800F7F73DFF002807D19F4B1B681868EE
:10B32000F7F736FF002800D19BE49C4B9C4A1D7820
:10B3300011000023AB4232D115004B3529784E0065
:10B3400090531F20013101402970202B02D001337E
:10B350004A321370F7F75CFF03F0F0F8914B1B686B
:10B360002360FAF711FE7CE4002C00D079E4019B05
:10B37000002B00D075E401248B4B1C70F8F7D6F934
:10B380008A4B01991A781970002A00D07CE47D4B11
:10B390001B785BB2002B35D0F8F728FA61E4023154
:10B3A0008E1E36888642D7D00133DBB2C2E7ADB2FB
:10B3B000280000F005FF802302785B4213430370EE
:10B3C0000100280000F0ECFE03F0B8F80122784BF1
:10B3D0001A70784B1A70C1E7774A1370774B1B7855
:10B3E000002B00D03DE4714A1178002902D013707F
:10B3F000734A13700121734B0A000A201970FAF77F
:10B40000D5FB2EE4704B1B7F002B02D0F9F7F4F92B
:10B4100027E46E4B1C706A4B1C70FFF722FC012165
:10B420000B2F0FD1684EF37E002B01D1494249B258
:10B43000614B1B78002B07D0481E431E9841012109
:10B440000B3007E64942EDE7614A1370614A137019
:10B45000727B5200B75A554A1078002802D01370F8
:10B460005D4A1370002C07D1002D01D1FFF7F9FBC5
:10B4700001225A4B1A7003E0002D01D1FFF7F1FBB6
:10B480000022404B9A56002A3AD1554BFB18062B06
:10B490001CD8544B544A1C68208EC00013185B689B
:10B4A00082582000F8F7BEF8504BC218504B9A4211
:10B4B00000D96FE52B4B2A4AC318934200D869E59F
:10B4C0002060F8F7C5FEF8F7D9FEECE6781813000F
:10B4D00080B200F07DFF474B984201D1FFF7C1FBDE
:10B4E000874201D1FFF7BDFB737B1A1D5200B0529A
:10B4F00001225B00F052404B1A702D4B02228EE469
:10B500000800FAF71DFB3D4B88E4002C7AD1002D92
:10B5100000D0A4E5002E00D089E01A4B234A1B7806
:10B520005BB2002B7CD11378002B01D1FFF799FB84
:10B530000A21013BDBB21370314AD154002B05D1F3
:10B54000254B1B78002B01D006F0A8FB1022164BD0
:10B550001A70F8F7EBF8FFF797FBC0463F771B0030
:10B560003F6F400140B23EFC5F856104406F400187
:10B57000C04DC1033207002080A4BF0740771B00E5
:10B5800000BD0105E01D00202E0700202807002037
:10B59000A80600202C0700203C1D0020C604002027
:10B5A0007C040020A4060020201E00201B1E00207A
:10B5B0000307002093060020BD070020FF1D002088
:10B5C000570000202D1E00204C1E00209606002053
:10B5D0000207002004070020181E0020191E00206A
:10B5E00000FCFFFF1C1E002004AB0108C088E4FF24
:10B5F000402DA407FFFF000094060020BD1D002081
:10B60000D0030020002D01D1FFF72BFB644B1B78EA
:10B61000002B01D1FFF738FB06F040FBFFF734FBAE
:10B62000604B16701E70F8F7E1F8FFF72DFBF8F786
:10B630009FFFFFF716FB5C4B1B78012B01D1FFF737
:10B6400010FB5A4B1B78002B00D09DE4002C02D13C
:10B65000002D00D003E5564B1A7F002A00D0D5E616
:10B66000544A1078002C08D0002827D1002D01D191
:10B67000FFF7F7FAFAF752FFF1E400281ED14E4B1C
:10B680001B785BB2002B15D14C4B1B68002B11D1E2
:10B690000E224B484B490DF04CFF4B4B029A1C704D
:10B6A000012313701022494B1A70494B1C70494BEF
:10B6B000FFF7B4FB484B02221A70F8E7002106336B
:10B6C0001170D87F454AD9771070012007F04AF8E9
:10B6D0003F4BF0E721002800FBF712F8FFF7C1FA13
:10B6E0002800FBF75BF8FFF7BCFA002A01D0FFF750
:10B6F000B8FA3B4B1C703B4B1C703B4B1C703B4BDC
:10B700001C70FFF708FB122F00D93DE43800F7F753
:10B71000FDF88CFC8CFC8CFC8CFC8CFC8CFC8CFC7C
:10B720008CFC8CFC8CFC2BFE86FE86FEFCFE92FFC5
:10B73000E1FFE7FF8CFC8CFC122F00D92AE43800D3
:10B74000F7F7E4F88BFC8BFC8BFC8BFC8BFC8BFC05
:10B750008BFC8BFC8BFC8BFC8DFC6DFE6DFEE5FE8B
:10B7600079FFC8FFCEFF8BFC8BFC122F01D9FFF7AE
:10B7700078FA3800F7F7CAF85BFC5BFC5BFC5BFC13
:10B780005BFC5BFC5BFC5BFC5BFC5BFCADFD53FEB4
:10B7900053FE46FF5FFFAEFFB4FF5BFC5BFCC046A1
:10B7A000181E0020A0060020261E00201B1E0020C0
:10B7B0004C1E0020BD070020E01D002028070020AF
:10B7C000150700208C1F002024070020201E0020C9
:10B7D000570000202D1E0020191E0020E30300202A
:10B7E000470500204B050020DB030020DA03002082
:10B7F000002300B50B604C2800D974E0F7F77CF803
:10B80000272B333739373969733D555555414141F8
:10B810005D45312D5D272F5D55353B4B55314755E6
:10B820005D4149554343737371554D554569716980
:10B8300069553155595B555D5D5F555555555555A4
:10B84000556F715563515757575757715D0009230D
:10B850000020136000BD1723FAE73D23F8E701231A
:10B860000B600A23F4E70723F2E76823F0E7D0230D
:10B87000EEE73223ECE72823EAE705230B60AE333B
:10B88000E6E71A4BE4E71A4BE2E70523E0E7082373
:10B89000DEE701230B601923DAE703230B60603333
:10B8A000D6E7144B0B60144BD2E70123D0E71423E7
:10B8B000CEE77823CCE70623CAE70323C8E70123B2
:10B8C0000B600E33C4E70D4B1B6834331B78012B20
:10B8D00001D10223BCE7022B03D10023B8E73F23A9
:10B8E000B6E70423B4E701204042B3E7FF030000BA
:10B8F00001040000DC050000AC0D00001C1E00204F
:10B900000E4B4900CA5A80231B0130B5D2180400DF
:10B91000802013000C210A4D40015B00034200D03F
:10B920006B4001390029F8D1D802064B184010436A
:10B93000032C01D1044B584030BDC046E2C201087F
:10B94000EA08000000F07F00FFFF7F007047000062
:10B9500003000020044AC100515A994203D001302B
:10B960000A28F8D10B3870477821002001220020E6
:10B9700010B5064B5968DC688C4201D221001000DA
:10B98000013208330A2AF6D110BDC04678210020C2
:10B99000074A084BD27F002A03D00533DB7F002BF8
:10B9A00004D0054B1B68054A13607047044BF9E748
:10B9B000521E00204C1E00203C1D0020381D00207F
:10B9C0001C1E00200023064A1370064A1380064AF4
:10B9D0001370064A1370064A1380064A13707047A4
:10B9E000BA200020B8200020B7200020B620002078
:10B9F000B4200020B2200020F0B51E0085B0131C3A
:10BA0000B24200D9331C00257F27DBB20093174BCD
:10BA1000CC011B7824180193154BE418009AEBB263
:10BA20009A4201D805B0F0BD019A331F002A10D008
:10BA3000104A039204229D4213DA80216B1C494272
:10BA400019410422200039400DF044FC0135053431
:10BA5000E4E7094A02A90392084A029204229D429D
:10BA600000DB03A920000DF064FDEFE7EC210020CE
:10BA7000B31900207F41417F3E22223E3E3E3E3EA2
:10BA800010B50400012903D00A4B8900C85810BD25
:10BA9000830705D16421F7F7BDF81D200029F6D1F1
:10BAA000C82120004900F7F7B5F8484248411C304A
:10BAB000EDE7C0467CB5010870B504000D00012912
:10BAC00006D8012A04D1002110320DF003FC70BD0C
:10BAD000112220000A490DF02CFD022DF7D9023D5C
:10BAE0000D34042D00DD042503235D43651B200078
:10BAF00002220449033C0DF01CFDAC42F7D1E6E7FD
:10BB00001CA00108CCA1010870B50D000749040074
:10BB1000F6F796FF20000E000449F6F70BFF3300FE
:10BB200002000349280009F0E9FB70BDA08601006E
:10BB3000CFA1010870B5154B1B78002B0FD0002347
:10BB40002D25134CE25C29000A2A01D03032D1B2F3
:10BB5000C1540133042BF5D10023037170BD0029BA
:10BB600004D00C49013209F0C9FBF7E780230A49E8
:10BB7000DB009A4203D0094B9A4203D108490DF0E9
:10BB8000D0FCEBE707490132EDE7C0461B1E002061
:10BB9000D0030020D8A101084AA20108FFFF00003D
:10BBA000E0A10108DBA10108FF22104B10B51860CD
:10BBB0000F4B01241A700F4B1A7000230E4A13709A
:10BBC0000E4A13700E4A137015220E4B1C700E4B4A
:10BBD0001A70F8F79DFC0D4B1B78002B02D1022048
:10BBE00009F028FB0A4B1C7010BDC046E40400207D
:10BBF000DE040020DD040020E0040020DC0400203E
:10BC0000D41D0020D51D0020E8040020FA1D0020CE
:10BC10002D1E0020054B01201B78002B04D1044B66
:10BC200018780238434258417047C046FA1D002038
:10BC3000FF1D0020F7B5041E00D189E0431E012B33
:10BC400004D8494BDB7F002B00D181E00220474E16
:10BC50003378023B8343DBB2002B79D0062C77D8B4
:10BC6000434F3B78002B02D042490AF026F8A0232C
:10BC70008022DB0552009A623378052B05D13E4BBA
:10BC80001B78002B01D0F8F7F9FA3C48F8F70CFFC5
:10BC90007120F7F797FEE31E0190022B04D8812153
:10BCA00070200902F8F7C8F8F8F754FB0320F8F7FA
:10BCB000DBFA9C2170200902F8F7BEF80021302041
:10BCC000F8F7BAF82E493020F8F7B6F8FA20C00095
:10BCD000F8F7EAFEA0238022DB0552009A6129488A
:10BCE000F8F7E2FE062300255C43274A13199988DA
:10BCF000A9422ED8A0248025E4056D002348A56222
:10BD0000F8F7D2FEF8F742FB2048F8F7CDFE712095
:10BD10000199F8F791F83F78002F02D01C48F8F706
:10BD2000C3FE1C4B1B78002B00D0A561002F03D055
:10BD30000220194909F0C1FF3378052B05D10E4BBC
:10BD40001B78002B01D0F8F715FB5022134B1A80FB
:10BD5000F7BDA05A5988F8F79DFF01350748F8F755
:10BD6000A3FEEDB2C1E7C0464D1E0020261E0020F6
:10BD70001A1E002001420000B51D0020204E0000C8
:10BD80000203000060EA0000B2C30108881300004B
:10BD900010270000441D002001020000B21D0020F9
:10BDA000F7B504001727E02380221B01234012016E
:10BDB000934215D10025104B0093E305DB0D019351
:10BDC000009A6B00D35A019A934206D1EEB2310029
:10BDD0000220FFF795FDA0420BD00135682DEFD171
:10BDE000012323409B056408013F1C43002FDAD147
:10BDF000FF263000FEBDC046E2C2010870B5020059
:10BE00003224FF200023074E5900755A511B00D5DC
:10BE1000A91AA14201DA0C00D8B20133322BF3D1B6
:10BE200070BDC0467EC201080623054AD90051589C
:10BE3000814201D858B27047013BF7D20020FAE79F
:10BE400004AB0108164B70B505000C00994215D1E2
:10BE50001449F6F7F5FD0800AF218900F6F76AFDF1
:10BE600044430338434258410E4924182800F6F74A
:10BE700061FD0C4D45436519280070BD0129FBD0BB
:10BE8000FA239B00994200D34C08601C80B24010FA
:10BE900021004019F6F74EFD44432500ECE7C0466B
:10BEA00041030000C4090000484B0100C218484B80
:10BEB00000B59A4200D985E0464B474AC3189342E1
:10BEC00000D87FE0454B18780A2800D97AE0F6F7C9
:10BED00013FD061963232D2F384347796D00404B1E
:10BEE000994200D86EE03F4B0020994205D93E4B65
:10BEF000994203D83D4B1878013800BD3C48884230
:10BF00008041FAE73B4B3C4ACB1800209342F4D9DE
:10BF10003A4B3B48C918F2E73A4A364B0020CB1857
:10BF20009342EAD9384B3948C918E8E7324AF4E76E
:10BF30002B4B994246D9364B00209942DDD9354BDF
:10BF4000E7E7274B99423DD9314B00209942D4D99C
:10BF5000304B3148C918D2E7304B3148C918CEE7C9
:10BF6000304B314ACB1800209342C6D92F4BCB1807
:10BF70009342C2D92E4B9942BFD02E4B9942BCD08E
:10BF80002D4B9942B9D02D4B9942B6D02C4BC818A5
:10BF9000431E98414042B0E7164B174ACB18002089
:10BFA0009342AAD9184B2748C918A8E70022264B64
:10BFB0001868884202D85868884205D80132083388
:10BFC000072AF5D10120E5E7002096E7C088E4FFC5
:10BFD000402DA40740B23EFC3F6F40013C1E0020B4
:10BFE0009F0BD100BF0E1602FF596202E40300202E
:10BFF00000879303004624FF7F1A060080217FFDFF
:10C00000BFC62D003F0D030040DF6FFD3F420F0014
:10C01000BF80090100A69DFDBFFB3900CF7257FD0F
:10C020003E49000068343EFD5C440000489336FD04
:10C03000B0A8E70020C0E70090D7E700E8DAEB00FF
:10C04000601914FF7F841E0004AB01080222002047
:10C05000034B1B78023BDBB29A424041C0B27047AF
:10C06000261E00200023144A1370144A1370144A29
:10C070001370144A1370144A1370144A1380144A2C
:10C080001370144A1370144A1370144A1370144A2C
:10C090001370144A1268110034310978994201D1A1
:10C0A00013691B79104A13700022104B1A70104B41
:10C0B00001321A707047C046B1060020B806002051
:10C0C000BA060020BE060020B5060020AE060020FD
:10C0D000B9060020B6060020B4060020B3060020F2
:10C0E000B20600203C1D0020BB060020AF1D002032
:10C0F0002D1E00209122F8B51A4B52009A5C1C2389
:10C100005343194A06009B180122191D0D88B54298
:10C1100022D216484F88121892009B18FA2258888B
:10C1200019889200C01B5043491BF6F78DFC040090
:10C1300028000F496043F6F787FCFA21C719300041
:10C1400089006043F6F7F6FB381801D5002002E0BD
:10C15000642800DD6420F8BD01320431072AD5D1FE
:10C16000F4E7C0464C1E0020F2C10108FFFFFF3F6C
:10C1700018FCFFFF70B50400F6F7ACFB00230100CC
:10C180000A2518008B4200D370BDE25C303AD2B26F
:10C19000092AF9D8684301331018DBB2F2E700002E
:10C1A000064B10B5984208D88023DB01C018400028
:10C1B0000023022280B2F8F723FF10BD060400001E
:10C1C000F8B5184B05000024984228D8FFF7C0FBAB
:10C1D0002700154EA0421BDA144AF900715A914209
:10C1E00005D001370A2FF8D1FFF7C0FB07008023E5
:10C1F000FF00DB01BC1C3419E818022221004000BA
:10C20000F8F732FA0A4AF5531268F619726006E036
:10C21000074AC4001268331902345A6034192000E6
:10C22000F8BDC0460604000078210020FFFF000092
:10C23000C41D0020224B73B504000D0098421DD888
:10C2400000291BD08023DB01C0180222400001A975
:10C25000F8F70AFA0222290001A80DF0B1F9002826
:10C260000DD12000FFF774FB002807DB154B2A884F
:10C27000C0001B185A80144A12685A6073BD290006
:10C280002000FFF78DFF2000FFF762FB0D4E002816
:10C2900007DBC0002B88301843800B4B1B684360C2
:10C2A000ECE70020094BC200B25A9A4204D0013098
:10C2B0000A28F8D1FFF75AFBC0003452EAE7C0461B
:10C2C0000604000078210020C41D0020FFFF0000AC
:10C2D00070B50500192811D080260024F600200032
:10C2E000FFF76EFF4378AB4202D103787F2B05D96D
:10C2F0000134A4B2B442F2D1002070BD0120FCE7A9
:10C30000F7B506001924134B134D01932F782878A5
:10C31000012E19D11921F6F793FB0131C8B228700B
:10C32000FFF7D6FF00280ED12878B84203D0013C91
:10C33000E4B2002CEBD1FFF7CBFF002803D1192288
:10C34000019B29331A70F7BD19211730F6F762FCEB
:10C35000E3E7C0464C1E0020751E002070B50600A5
:10C360000C001500FFF72CFF8023DB009E4229D232
:10C370000378002C02D05AB2002A23DBDB435B0790
:10C3800020D0002C1CD0182D04D94378002B03D0CA
:10C39000200070BD002D15D04378192BF8D0AB428A
:10C3A00010D1094A094B1278002AF1D09A8D002445
:10C3B000B242EDD0DC8DA41B631E9C41E4B2E7E7E2
:10C3C0000124E5E70024E3E7761E00204C1E002050
:10C3D000F7B58025ED000E0004002F0000920193B8
:10C3E0000B4B9C4212D0BC429B411C402000019A46
:10C3F0000099FFF7B3FF002806D1013DA419ADB2A3
:10C40000A4B2002DECD1024C2000FEBD014CEDE7A2
:10C41000FFFF0000FF0300000279531E022B03D927
:10C4200000230371002105E06723012A00D1363B78
:10C430009942F7D841717047F0B5036904008BB099
:10C440001868FFF7F1FC022800DD71E0674B684ACD
:10C45000D57D002D00D06EE0A31CDD7781235B42EB
:10C460006384FE23FF22DB01A384E31DDA77636983
:10C470001868FFF7D9FC2300019029331B785D1E53
:10C48000EDB2002B01D15B4B1D780123052D03D0AC
:10C49000AB1F5A4253415B00019A5749501803227F
:10C4A00053430001C01804A9F8F7DEF8534B029378
:10C4B000019B022B01D1524B02936B1F5A1E9341D9
:10C4C00003260333039304AF387803001833DBB239
:10C4D000052D06D8039B5843029B595DF6F7B4FA25
:10C4E000C3B2013EF6B23B700137002EECD104AB73
:10C4F000019A18785D789F78424BD200D1589B18EA
:10C500005E6863691B6899420EDA9E4200DC6BE04C
:10C510008A1952089A4262DB2E1A581A7043511A2D
:10C52000F6F792FA2818C0B22A3420700BB0F0BD8A
:10C5300080235B028BE7ED1823002F002133049347
:10C5400003330593023B069303330793023B08939F
:10C550000333099304AE60372800012202CE103560
:10C56000F8F782F8AF42F7D1E31CDB7F201D01937F
:10C57000A71CC57FF87F611D4210CE7FE11D944648
:10C58000C97F019AA31DDB7F520049004008864203
:10C5900003D1012E01D9023EB6B2934203D17D2BC5
:10C5A00001D802339BB28D4203D1FD2D01D8023553
:10C5B000ADB26046F877601DC677FF2900DDFF2128
:10C5C000E01DC177211DCD777F2A00DD7F22E11C90
:10C5D000CA777F2B00DD7F23A21DD37747E77F1B20
:10C5E000981A7843B11A9BE738009DE76000010074
:10C5F0004C1E00205C0000200D100000E6C1010868
:10C60000ECC1010804AB010870B515000400442218
:10C610000E00043000210CF05DFE2800FFF704FC42
:10C620000D4B0422A383230008332086E683DA77A8
:10C6300002226361094BFF3222852560A5602461D7
:10C640009E4204D12300013AFF3A34331A7020008D
:10C65000FFF7F2FE70BDC046E204000001040000D6
:10C66000421CD27F0368012A03D182699B18836030
:10C670007047022AFBD182699B1AF8E710B5114B6B
:10C680005A7B012A01D900225A73991D5A7BC97F0E
:10C690001000002906D0591DC97F002902D150423F
:10C6A0005041C0B248214A434143074C84329A1852
:10C6B00022608431054A18735B181360FFF768F92C
:10C6C00010BDC0464C1E00201C1E00203C1D00203A
:10C6D00070B54A4D2B682D331C78012C03D1484B83
:10C6E0001C780134E4B2A02380220026DB0552002E
:10C6F0009A62444B310030001E70F7F72FFD022C78
:10C7000000D9340020000BF0E1F92B685B69186850
:10C71000F7F79EFD3C4B00201B681A00343212785C
:10C72000824206D135331B78012B01D0022B00D970
:10C730001800F7F7C5FD0020F7F796FD7E20F7F704
:10C7400041F9382328219843014389B27E20F7F725
:10C7500073FBF7F707FE00213620F7F76DFB372054
:10C760002A49F7F769FB52202949F7F765FB0021B1
:10C770003020F7F761FB27493020F7F75DFB2648AB
:10C78000F8F792F92B685B691868F7F7D7FE012173
:10C790000800F7F7E3FC2148F8F786F92A682049F2
:10C7A000130052692A3310681B782222884200D86D
:10C7B0001A3A80211B02134319433620F7F73CFB3A
:10C7C0001548F8F771F92B685A69107901280DD0CE
:10C7D000831E012B05D85179FFF792F8F7F7D4FCA7
:10C7E00070BD00215120F7F727FBF9E752790D4B77
:10C7F0005200D05AF7F7E4FCF2E7C046381D00209B
:10C8000008070020441D00203C1D00201F9D000043
:10C810008F020000FEC100001027000088130000F6
:10C82000FF3EAB017EC2010810B51D4B400008431E
:10C830001A78C0B20C00824230D018707E20F7F710
:10C84000C1F8C3439BB2DB0BA34209D1C021000551
:10C85000000DDB031843890101437E20F7F7ECFA52
:10C86000C62110208900F7F7E7FA11200D49F7F7E4
:10C87000E3FA12200C49F7F7DFFA13200B49F7F718
:10C88000DBFA842114208900F7F7D6FA49200849F9
:10C89000F7F7D2FA7B200749F7F7CEFA10BDC0466A
:10C8A0005A0000203A030000DB030000DF03000011
:10C8B000B22A0000DC73000070B504000520022CD1
:10C8C00000D00438F7F7D0FC3120F7F77BF8012CC3
:10C8D00055D1204381B23120F7F7AEFA42204049CA
:10C8E000F7F7AAFA2A203F49F7F7A6FA3E4B1E7837
:10C8F000022E00D900263D4DF600715B2B20AD19AC
:10C90000F7F79AFA2F206988F7F796FA5420A98842
:10C91000F7F792FA5520E988F7F78EFA344B1B683F
:10C920002D331878002800D003200BF0CFF84820D2
:10C93000F7F748F80F23184381B24820F7F77CFA3D
:10C94000A11E4B1E99412B4B494219403D20F7F740
:10C9500073FA7320F7F736F821004B1E9941102324
:10C96000013C984363425C410901014389B2732051
:10C97000F7F762FA0021E0B2FFF756FF70BD01231E
:10C98000984381B23120F7F757FA42201A49F7F756
:10C9900053FAE8212A20C901F7F74EFA00212B208B
:10C9A000F7F74AFA2F201549F7F746FA022C08D173
:10C9B00013495420F7F740FA12495520F7F73CFA8B
:10C9C000B5E7114B1E78042E00D900260F4DB60096
:10C9D000715B5420AD19F7F72FFA6988EDE7C0466F
:10C9E0005C6F0000347400000A070020BAC101081F
:10C9F0003C1D0020AB2A00005A6B000090980000FC
:10CA000009900000A931000009070020D2C10108E7
:10CA10000D4B002807D11870587001220B4B18706D
:10CA20000B4B1A707047062804D1032218705A70F5
:10CA30000520F2E70749084AC97F002902D1127B85
:10CA40009854F5E7527BFBE774210020DB1D0020A2
:10CA5000281E0020521E00204C1E00200121814A69
:10CA600010B51368013313607F4B197010687F4B4A
:10CA70004343CB417E48834236D87E4B7E48197073
:10CA80000388002B06D0013B9BB20380002B01D111
:10CA90007A4B19707A490B88142B08D90B88013B03
:10CAA0009BB20B80142B02D10121764B1970764971
:10CAB0000B88002B03D00B88013B9BB20B80734982
:10CAC0000B88002B08D00B88013B9BB20B80002BFE
:10CAD00002D101216E4B19706E490B78002B03D0E7
:10CAE0000B78013BDBB20B7013689B0702D101226C
:10CAF000694B1A70694A1378002B03D01378013BF5
:10CB0000DBB21370664A1378002B03D01378013B15
:10CB1000DBB21370634B1B78002B4BD162490A8840
:10CB2000002A08D00A88013A92B20A80002A02D16B
:10CB30005E4A0121117000205D4A1056002847D13D
:10CB40005C4A1278002A15D15B4AD27F002A11D0A4
:10CB50005A1E012A0ED9042B0CD058490A88002AE3
:10CB600008D00A88013A92B20A80002A02D1544AB7
:10CB700001211170534A54491278002A5DD00028CF
:10CB80005BD0524A1288002A57D151480278002AB5
:10CB900053D1504A1278D4B2002A4ED1042B4CD033
:10CBA0005A1E012A49D90A88013292B2182A1ED87F
:10CBB0000A801FE0052BBED147490A88002ABAD057
:10CBC0000A88013A92B20A80002AB4D1434AB0E7F7
:10CBD0005A1E012ACED93D490A88002ACAD00A889D
:10CBE000013A92B20A80002AC4D1394AC0E7012230
:10CBF0000C8002703A490A88002A08D00A88013A53
:10CC000092B20A80002A02D10121364A1170364AB6
:10CC10001278002A15D0022B11D8002B11D1334ADB
:10CC20001388002B0DD01388013B9BB21380002B7F
:10CC300007D101222E4B1A7003E00022B8E7042B23
:10CC4000EDD12C4A1388002B03D01388013B9BB2F3
:10CC50001380294A1378002B03D01378013BDBB2F1
:10CC6000137010BDCC0500202B1E0020295C8FC244
:10CC700051B81E052A1E002072210020E921002043
:10CC800080030020CA1D0020221E0020241E002038
:10CC9000C01D0020C91D0020B0060020B3060020E2
:10CCA000B4060020261E002050000020B81D0020E1
:10CCB000E01D0020FA1D0020511E0020BC060020AF
:10CCC0005200002003000020702100202E070020C9
:10CCD00053000020BE060020F41D0020B61D0020D9
:10CCE000AE060020B5060020DF1D0020A81D002094
:10CCF000B91D0020AC1D00209B1F0020F0B51025A1
:10CD00009BB006AC2A00002120000CF0E3FA2A00B8
:10CD100000210AA80CF0DEFA2A0038480AA9F7F721
:10CD2000A3FC374E0AA83100F5F7CAFD12AF002860
:10CD300000D188E02A0031000EA80CF003FC00238B
:10CD40002A002E480EA9F8F75BF90822002104A852
:10CD50000CF0C0FAA020082204A90002F7F784FC16
:10CD60006B463F221B7DA02093436A4604A913759E
:10CD7000000200230822F8F743F90822002102A844
:10CD80000CF0A8FA08221F4802A9F7F76DFC6B46C1
:10CD90006A465B7B1B48AB43537302A900230822FE
:10CDA000F8F72EF9202239001748F7F75DFC00222A
:10CDB000BB5C002B06D0203B5E2B17D80132102A1B
:10CDC000F6D100230022B918097C002921D020398E
:10CDD0005E291BD91022002116A80CF07BFA002333
:10CDE000202239000848F8F70BF914E0102200213E
:10CDF00038000CF06FFA0123E4E7C04660A10000A0
:10CE0000E5A1010858A10000C8A000000132102AC5
:10CE1000D9D1002BE3D107226946D348F7F724FC88
:10CE200000256B465B5701330DD10135072DF8D135
:10CE30002A00CE4968460CF07CFB00232A00694694
:10CE4000C948F8F7DDF8A020082221000002F7F712
:10CE50000BFC0F2322781340042B00D90023C44974
:10CE60000B7013092F2A00D90023C24A137063786C
:10CE7000092B00D90123C04DEB75A3785A1FD2B2FC
:10CE8000AE2A00D90B232B76237901211A000A4000
:10CE90006A765A080A402A779A06120F042A00D99D
:10CEA00000226A7701229B091340EB766379013BEC
:10CEB00059424B41AB77A379092B00D91300EB778B
:10CEC000E379082B00D904232A004732137021008C
:10CED0000822AA48F7F7C8FB0F23227813400A2B31
:10CEE00000DD0A232221DBB21209FF316B549A4282
:10CEF0009B411A4090235B00EA546378032B00D9CE
:10CF00000023AA1CD377A378022B00D90023AA1DE3
:10CF1000D377E378052B00D90423EA1DD37723794F
:10CF2000022B00D901236A1DD37763793D2B00D9E9
:10CF30000C232A0001210832D377A379EA1C1800B8
:10CF4000CB400840D0778E4A0B4013702B1DD97709
:10CF500007222900E37938311A400A702A00DB08D9
:10CF600039321370390010228648F7F77DFB822290
:10CF70003B88D200934200D9834B80227E4ED20060
:10CF800033807B889342924113403381BB887F4A30
:10CF90009A18062A00D97C4B8222B380FB88D200E3
:10CFA000934200D9784B802273803B89D200934210
:10CFB0009241134073817B89744A9A18062A00D9DA
:10CFC000714B04220EA97248F380F7F74DFB3B2208
:10CFD0006B4603219B18B27D1B788A4369465B0729
:10CFE0009B0F1A43B2756B4A5B009A5A098F9142A4
:10CFF00004D369481B5A8B4200D30A002A826B462D
:10D000003A229B181B780132AB746B469B181B7835
:10D010006249DB07DB0F25326148EB74F7F724FB2D
:10D0200008F09CFE082221005E48F7F71DFB012254
:10D03000237801351A40EA775A082F2B00D90022AD
:10D0400020234D4DFF33EA546378172B00D9032377
:10D050002A0043321370A378172B00D900232A002B
:10D0600044321370E378172B00D904232A00453289
:10D0700013702379172B00D900232A00463213702E
:10D080006379682B00D90E232A0028321370A37904
:10D09000282B00D900232A003E321370E379052B98
:10D0A00000D903232A00403221003F481370082290
:10D0B000F7F7DAFA01223D4806AC115D0B00403368
:10D0C000DBB2802B00D881540132082AF5D121002F
:10D0D0003748F7F7C9FA6378022B00D900232A00F2
:10D0E00041321370A3780A2B00D900232A00423260
:10D0F0001370E378012B00D900236B732379042B81
:10D1000000D9002391225200AB541B3AFF3A210070
:10D110002848F7F7A9FA23785A1E93412A007A3251
:10D1200013706279642A00D945E10A2353432A0027
:10D13000703213806423A2799A4201D85A3B534338
:10D140002A00723213806423E2799A4201D85A3B52
:10D1500053432A0074321380210008221648F7F73F
:10D1600083FA6423227829E0B9A000001E00002081
:10D17000090700200A0700204C1E002008A000001C
:10D180000807002010A000000504000000FCFFFFBD
:10D1900020A000002CAF010834AF0108461D00207C
:10D1A00028A00000A8A00000B8A000001D000020DA
:10D1B000C0A00000E8A00000F0A000009A4201D842
:10D1C0005A3B53432A0076321380642362789A4292
:10D1D00001D85A3B534332007832138079497A4A56
:10D1E0007A480AF0B7FA7A4A7A497B480AF0B2FAE2
:10D1F000082221007948F7F737FA7F232278134075
:10D20000591E182900D90123310029310B70330030
:10D21000D2092A331A7019236B441A785B782100DB
:10D220001B021343B3851B236B441A785B786C484D
:10D230001B021343F3851D236B441A785B784A362F
:10D240001B02134308223380F7F70EFA23780A2BC8
:10D2500000D90023634A13706279634B511E8A41DF
:10D260001A70E379614A9907C90F11701A07920F72
:10D27000032A00D1013A5E490A705E4AD906C90FF5
:10D2800011705D4A9B0913702B1DDB7F002B01D1B0
:10D29000AB682B60602259495948F7F7E5F900233C
:10D2A00001201900574A4042013310805160083272
:10D2B0000A2BF9D180235B020E93022300250EAEC8
:10D2C000B3806B00F05A504B984201D8FEF778FFBC
:10D2D0000135032DF5D100257F2607272800FEF70D
:10D2E0006FFF011E07D00288484B9A4266D1078023
:10D2F0002800FEF79FFF0135454BADB29D42EDD1B1
:10D300000025102243494448F7F7AEF9434B082261
:10D31000210043481D70F7F7A7F9E3791A096F2B2D
:10D3200000D92A003F4940480A70012219001140E3
:10D3300001705D083D48AA4302701B073C4A9B0FE1
:10D340001370A27913093F2A00D9002339480370CA
:10D350000C200023024201D10F331340364A01272B
:10D360001370637935481A0915003D400570344D36
:10D370005008384028709608324D3E402E70324D8D
:10D38000D2082A700F2213405A1E0E2A00D90A23EF
:10D390002E4A1370237901242D4A1C4014705A0818
:10D3A000F12B00D93C222B4B1A702B4B19702B4BB5
:10D3B00098761BB0F0BD96235B00B8E60378334047
:10D3C000037095E7981E0020EDA1010810A1000050
:10D3D000F3A10108AA1E002020A1000030A1000036
:10D3E00050A100003C1E0020E4030020FC050020AA
:10D3F000E11D0020FE050020AC06002010210020C9
:10D400000E8800007821002006040000FFFF0000C5
:10D41000070400000021002038A10000FC200020AB
:10D4200058A100005C000020ED2100200300002036
:10D43000C1060020C81D0020DA1D00203C07002086
:10D4400099060020EC210020EB2100202C00002078
:10D45000271E002056000020BF1D00204C1E00206B
:10D4600037B5404D082229003F48F7F7FDF83F4CFB
:10D47000082229003E480CF05CF820000822290010
:10D4800028300CF056F820000822290030300CF02B
:10D4900050F8210008223748F7F7E6F8200021006D
:10D4A000082208300CF045F8200021000822103036
:10D4B0000CF03FF8304C0C2221003048F7F7D4F83C
:10D4C0002F4B22889A4203D92E4B238064336380EA
:10D4D0002D4B022263812D4C2D4BE07F2D49C0182E
:10D4E0004000F7F7C1F82C4BE07F0222C0182B490F
:10D4F0004000F7F7B9F82200473211782200284B94
:10D5000048325B5C2748137069460822F7F7ACF88D
:10D510006B460021595EFA23FA229B00CB189BB27E
:10D52000D200934200D9002123007C3319806B463E
:10D530009B793F2B00D93A2322007E3213706A4632
:10D54000D2790F2A00D9082220007F342370B1231A
:10D55000DB01C9188030027089B23B20F6F76CFC01
:10D5600037BDC046DC200020C0000100C4200020E0
:10D57000E4200020C8000100E61D00204001010059
:10D58000871300006C070000FC0800004C1E002000
:10D59000A8800000641F0020B4800000661F0020E7
:10D5A000A2C101088801010070B500240E00050029
:10D5B0000470220021003000FEF7D0FEA04217D0F8
:10D5C0008023DB00F0180A2229000001F7F74CF84D
:10D5D0002200AB5C203B5F2B02D801320A2AF8D133
:10D5E0000023AB54013A511C02D0A95C2029F8D089
:10D5F00070BD00004823F0B543438BB08A4C0393C1
:10D6000084331B190093894B07001B780591002B6D
:10D610000CD14300E1188888854A904201D18548A1
:10D620008880E15A914201D1824AE25282237D00F0
:10D63000665BDB009E4231D8103B9E420CD230002C
:10D64000FBB200220121FEF7C3FE7B4B060098428D
:10D650001FD163199E8866533000FEF7B1FD80220A
:10D66000038875490290D2008B4219D1964204D2A8
:10D670006D4B7F00D9198E88FE52704B704AF3189B
:10D680009BB2DB0031009A580098FEF7BDFF0BB04B
:10D69000F0BD3B1D5B006053E052DDE7654EDBE70C
:10D6A000029B1B785B075B0F0193072B01D1023BA9
:10D6B0000193964200D3B2E0029B597848227A4304
:10D6C000594B01989B181A00A2331E808023B43254
:10D6D0001080023A1170DB009E4200D3B8E0059B37
:10D6E000022B00D0C4E0330104930822049808AC54
:10D6F00021008018F6F7B8FFE0780F240440022CD0
:10D7000000D9002448210A007A43474B9A18A432D2
:10D71000147002092F2800D9002279435B18B8330E
:10D720001A7008AB9A79172A00D9042248237B4340
:10D730003D490024CB18059119001800AB310A703F
:10D7400040495200525AA03002801A000F21B032D4
:10D7500008AD1470AA78183811400170120990337E
:10D76000297800981A70FEF757FE0398059B8C30B5
:10D77000C0186978FEF750FE2A790123FF2A00D1EC
:10D78000F3E014005508D106500992091A401C40D4
:10D790001D40490F1840059248227A439446AF2213
:10D7A000214B634494469C44624614701C00B1347F
:10D7B0002570043C21701900059AAC33B7311A70FA
:10D7C000087008AB5B790022FF2B04D01B075A0FAF
:10D7D000042A00D9002248237B43134C06A9E318EE
:10D7E000B6331A7004980822F6F73EFF06994B1CD0
:10D7F00003D1019A124BD200D158482213007B4327
:10D80000E3180833D967104B0799994201D90F4B98
:10D8100007937A43079BA4189C34236028E0F3B253
:10D82000192101934AE7C0464C1E0020E403002062
:10D830000404000005040000FFFF000000FCFFFFDF
:10D8400004AB0108ECAC0108FFE0F50540420F0015
:10D85000330080335B013A019B180493059B022B34
:10D8600000D142E7434BF3189BB2062B00D83CE7AC
:10D8700048257D43404C631901930833DD6F280030
:10D88000FEF7D2FA3D4AC3B2DB009858A8420DD841
:10D89000D2185068A84209D380232800DB009E429A
:10D8A00004D3019DA0352988FEF7CCFA48257D4395
:10D8B00065192B000833D8678023DB009E4207D30D
:10D8C0002B009C35A03319882868FEF7BBFA286026
:10D8D0000098FEF7C5FE8023DB009E4205D2039828
:10D8E0003100BA302018FFF75FFE48231900794352
:10D8F0006118AF31039A08788C320099A218002879
:10D9000001D01100009A7B43E318180098331A6085
:10D910001B4B94301B780160002B07D1194A0B6810
:10D920009B18194A934201D8184B0B6048237B433C
:10D93000E3181900029AB9311278D206920F0A70D0
:10D94000134A1278002A02D0009A98331A60114BB9
:10D950001B78002B05D048237B43E4180723AD3404
:10D9600023700098FEF768FD91E62500190020005D
:10D97000059311E700FCFFFF4C1E002004AB0108DB
:10D98000E403002040F1E9FD3F4B4C00A0B49402B9
:10D99000020700200407002007B56B460522FF217F
:10D9A000D81C0BF097FC69460E4A0F48937C8B708D
:10D9B000138A0B80937DD27C9B075B0F0721134357
:10D9C000FF220B408A4313436A466946D370002303
:10D9D0000822F7F715FB0023602204490448F7F7F3
:10D9E0000FFB07BD4C1E002020A00000461D00209C
:10D9F00028A000000122034B1A70034B92181A80D2
:10DA00007047C046EA210020722100201FB5124B4A
:10DA10001A78002A1ED000241C70104B1A78A242DB
:10DA200018D0102269460E481C70F6F71DFE694694
:10DA30000C4B0B481A880A801A894A809A888A8077
:10DA40005A88CA805A890A81DB8810224B812300B8
:10DA5000F7F7D6FA1FBDC046E9210020EA210020D1
:10DA600010A000004C1E00201520F0B597B0032236
:10DA7000FF2168440BF02EFC0F22C54B02AC1B7833
:10DA8000C44D1340C44A1278120113432370C34B90
:10DA90001B78092B00D9EB7D63702B7E3C21A37092
:10DAA0000023E370EB7E2A7F9B01520013436A7EC2
:10DAB00013436A7F92000A4013432371AB7F2221F4
:10DAC0006371EB7FFF31A3712B0047331B78EA1D95
:10DAD000E37190235B00EB5C695C1B015B182372B4
:10DAE000AB1CDB7F6372AB1DDB7FA372D37FE37262
:10DAF0006B1DDB7F2373AA4B1B78002B05D1A94B31
:10DB00001B78A372A84B1B782373A84B1B78002BA0
:10DB100000D139E1A64B1B786373A64B2A1DD27F37
:10DB20001B7892005B001343EA1CD27F2E00134344
:10DB30002A000727A020A3732936383233781278B9
:10DB4000DB003A40134321001022E373000200235C
:10DB5000F7F756FA502221009748F6F785FD202363
:10DB6000FF33EB5C6A1CD27F5B00134323702B00F6
:10DB7000290046331B784331097823712B00AA1DF5
:10DB8000D28F6170628028331B780A2163712B0069
:10DB90003E331B78A3712B0040331B78E3712423A1
:10DBA000FF33EB5C637492235B00EB5CA3742B008C
:10DBB0003F331B7823762B0041331B7863762B0091
:10DBC00042331B78A3766B7BE37691235B00EB5C9F
:10DBD00023772B007A331A7812AB1A702B0070332C
:10DBE0001888F4F7A7FE4D236B4418702B0072338E
:10DBF00018880A21F4F79EFE4E236B4418702B0000
:10DC0000743318880A21F4F795FE4F236B4418707B
:10DC10002B00763318880A21F4F78CFE14AB1870A9
:10DC20002B00783318880A21F4F784FE51236B44C3
:10DC300018705022002321005F48F7F7E1F9FF2315
:10DC40007F22E3713378210013402A002A321278B0
:10DC50005A48BA4013432370AB8D082263701B0AE5
:10DC6000A370EB8DE3701B0A23712B004A331B88D2
:10DC700063711B0AA3710023F7F7C2F909203A0068
:10DC8000FF2168440BF026FB4D4B1B7823704D4B56
:10DC90001B7863710023A3714B4B1B78002B01D1C0
:10DCA000FD33E3710C21494BE2791B788A439B00D9
:10DCB0000B401343464AE3711278002A02D1103216
:10DCC0009343E3713F22E37921001340414A4248E4
:10DCD000127892011343E37108220023F7F790F9B9
:10DCE000082221003D48F6F7BFFC0F203C4B3D4A7F
:10DCF0001B7812785B00134323713B4B1A783B4B24
:10DD000051001B789B000B43394909780B43394973
:10DD10000978C9000B4338491B01097801400B43BE
:10DD200063713649364B09781B78090103400B4370
:10DD3000A371344B1978344B1B78002B01D102337B
:10DD400019430C20314BAA761B7808229B00034014
:10DD50002F487E350078000103431943E171002309
:10DD600021001E48F7F74CF9694608222948F6F7C2
:10DD70007BFC6A462B78694693712648002308226B
:10DD8000F7F73EF917B0F0BD2B000833DB7FC3E691
:10DD9000090700204C1E00200A0700200200002076
:10DDA0000E070020481E0020491E00200707002003
:10DDB0000607002008070020A8A0000030A10000EE
:10DDC0003C1E0020E4030020FC050020E11D002093
:10DDD000FE050020AC06002050A1000058A1000064
:10DDE00056000020271E002099060020EC2100206C
:10DDF0003C070020EB2100202C000020C81D002043
:10DE0000DA1D0020ED21002003000020C1060020C3
:10DE10005C0000208801010030B50D0085B01022A3
:10DE20000021040068460BF055FA2800F4F752FD73
:10DE300002000A2800D90A22290068460BF079FB63
:10DE400080232001DB0180B2C01810220023694624
:10DE5000F7F7D6F805B030BD7FB505001E00344B8E
:10DE60000800EB189BB21400062B5DD8421E9041AF
:10DE700090220001120280185B01C0186A462368D4
:10DE800069460093A36980B2019363791372637B3F
:10DE90005372237B22791B0113436A46937223003A
:10DEA00034331B78621CD27F1B0113436A46D37242
:10DEB00023002200283333321B7812789B01520151
:10DEC000134322002B321278134322002932127896
:10DED0009200134322002D321278520013436A46F7
:10DEE000137323000E2232331B785B0013406A4603
:10DEF000537323000833DB7F93730023D373102203
:10DF0000F7F77EF8012321001A00280009F0DEFC53
:10DF10008023DB009D4206D2022E04D92100280076
:10DF20003631FFF779FF7FBD2801012EFBD9A5E728
:10DF300000FCFFFF73B51E4D694628000822F6F766
:10DF400093FB1C4C072226001B4B29361B7828000C
:10DF500013403278194DD20013436A466946D37193
:10DF600000230822F7F74CF8280069460822F6F744
:10DF70007BFB7F2233782800134022002A3212785C
:10DF80006946D20113436A461370A38D53701B0A6E
:10DF90009370E38D4A34D3701B0A13712388537135
:10DFA0001B0A937100230822F7F72AF873BDC046B5
:10DFB00008A000004C1E0020841E002030A100009C
:10DFC00030B5042587B0084C0A00010001A8FDF710
:10DFD00073FD112300216F20A56201AAF6F718FC3A
:10DFE000A56107B030BDC04600040050F7B516006B
:10DFF00004000D001F00F4F76DFC731C0093231840
:10E0000001350193019B9C4200D1F7BD2178213954
:10E01000CBB25D2B05D871433200280079180BF084
:10E0200088FA009B0134ED18ECE70000F0B585B0EC
:10E030001C000AAB1B780F00150006000293F4F7D2
:10E0400049FCBD4207D9029BED1B43430135ED1A44
:10E050006D08EF19FFB2E2010134144BE401D2194B
:10E06000E419D218E418331801920393039B9E42DB
:10E0700001D105B0F0BD3578213DEBB25D2B0DD857
:10E080000E235D430A4F0722E919019807350BF06B
:10E0900050FA07222000E9190BF04BFA029A019B73
:10E0A000944663440193A4180136DFE7B3190020B6
:10E0B0007EBC0108F8B51D0006000F001400F4F73F
:10E0C00009FC0300A74207D207205843E11B013196
:10E0D000091A49087F18FFB2044AE901C91930003A
:10E0E0008918034B0622FFF781FFF8BDB319002002
:10E0F0004ABA0108F7B51F4E1D00337804001E4FC1
:10E1000000910192012B21D11C490BF00AFA2A003F
:10E110002000009909F058FB3A78194B5200D65A62
:10E120000A213000F4F78CFC30008FB20A21F4F79A
:10E1300001FC3B00134982B2200007F0DFF82B00FE
:10E14000002220000199FFF7B5FFF7BD0E490BF043
:10E15000E8F92A000099200009F036FB3A780B4BC9
:10E1600031785200D25A4E23032900D1053B084989
:10E17000E2E7C046CF04002008000020F9A1010812
:10E180007EC2010868A20108FFA10108E2C20108DD
:10E1900003A20108F8B51D0006000F001400F4F7F3
:10E1A00099FB0300A74207D207205843E11B013126
:10E1B000091A49087F18FFB2044AE901C919300059
:10E1C0008918034B0622FFF711FFF8BDB319002091
:10E1D00016B80108F0B50027234CD20185B05218BB
:10E1E000141902930190F4F775FB25003B00C2B2AD
:10E1F00080350392039ABA4201DC05B0F0BD019A62
:10E20000D65D2D2E2CD0002B01D1202E22D0330014
:10E21000303B0A2B13D81421303E4E43134B0A22B5
:10E22000F6183100A01C0BF084F931000A22A81C5A
:10E230000A310BF07EF901230D340D3508E02E2E46
:10E24000F9D1602303342B706B70AB7003355F3BE7
:10E250000137CFE7029A002AEED0063C063DEBE7F5
:10E260003A26002BD7D1D2E7B31900203AB70108DC
:10E2700030B5072501241540D208D2018018425C30
:10E28000AC401500A543002B01D02243D5B2455424
:10E2900030BD0000F0B50C0087B005930CAB1B78C7
:10E2A000019202930090009B1B78002B01D107B0D4
:10E2B000F0BD03220026203BDBB25343134A9B18D8
:10E2C0000493019B0633DBB20393049B019D9F5D86
:10E2D00001231F420AD0059BA1190D48C9B2002B8A
:10E2E00000D10C482A00029BFFF7C2FF0135039BB7
:10E2F000EDB27F089D42EBD10136032EE5D1009BA4
:10E3000004340133E4B20093CDE7C0461AB60108E5
:10E310003D070020B319002010B5084A0300527EC3
:10E32000002A09D0064A1278002A05D0054C00229E
:10E330000C212000FFF72EFF10BDC0464C1E002010
:10E34000291E00200BA20108E02210B5002102487E
:10E3500092000AF0BFFF10BDB319002070B586B05F
:10E36000FFF7F2FF424B434C1B784348022B11D07E
:10E37000012B66D1414902A80BF0D3F8404B0D2088
:10E380001A88404B684419784B1E9941C9B2FDF771
:10E39000D1FB02A80823002200930221073BFFF7CC
:10E3A00045FE394B1B78002B05D123783748002BCD
:10E3B00013D0032B11D0364B36491E683000F4F7CA
:10E3C0003FFB30000D003349F4F7B4FA2B00020094
:10E3D000314902A806F092FF02A808230022009308
:10E3E0000221053BFFF722FE23782C48012B1DD983
:10E3F0002B4B2C481B78002B18D02B4B2B4A1B780F
:10E4000012785B00012A2CD1294A0A21D55A28000A
:10E41000F4F716FB28008CB20A21F4F78BFA2300DC
:10E4200082B2244902A806F069FF02A8082300224C
:10E4300002210093033BFFF7F9FDF6F73DFA06B022
:10E4400070BD2378012B08D81B4A1C481278D207CC
:10E45000A0D41B4A9B0098589CE71A48022B99D1DC
:10E46000F7E7194A1949D25A02A806F047FFDCE734
:10E47000D61D0020D51D00201BA201084FA20108B7
:10E48000CC210020CA210020D31D00202DA201088C
:10E49000E4040020A086010055A201083CA2010866
:10E4A000DC04002045A20108DE040020DD04002079
:10E4B0007EC2010862A20108D41D00203FA301080A
:10E4C00074B2010821A20108E2C2010870A2010889
:10E4D00010B58022002102480AF0FCFE10BDC046A3
:10E4E0003D07002070B5094E05003478072C0CD884
:10E4F000002C04D108220A2105480AF0EBFE132D56
:10E5000003D0631C3370024B1D5570BD1B1E0020D1
:10E51000D003002030B500232D25064C0648E25CD0
:10E5200029000A2A01D03032D1B2C1540133082B5C
:10E53000F5D130BDD0030020BB2000200122024BCA
:10E540001A70024B1A707047B62000202D1E002052
:10E55000F0B5704BABB01B780590002B00D0A6E057
:10E560006D4C0327A38C002B00D1023700216B4B8D
:10E570005956002924DB6A4B1B78012B20D0694BAC
:10E58000CA01D2180123684805786B40037000D196
:10E590008FE07F2000238446644E6546D05CA8430C
:10E5A000F55C2843D0540133072BF6D10426604D87
:10E5B000013107230020AE62C9B2F6F729F9AE6136
:10E5C000637E002B03D05B4B1B78002B6FD1544B29
:10E5D0001B78052B6BD1584B1B78012B67D0574B01
:10E5E0001D78002D63D14F4BFA01D3180393059B7F
:10E5F000002B09D0802203990AA80AF09AFF8022F2
:10E60000290003980AF066FEF5F742FF4C4A4D4B8D
:10E6100012684008128E9C56A03C241824B2230095
:10E620005D3353DA0026230002968D3305DB20008C
:10E6300006219330F4F708FAC6B27B1EDBB20493CE
:10E64000221C353401DD404B1A88404B12B21C7835
:10E65000002C49D03E4906A806F050FE0022882131
:10E66000049B06A8FFF726FD029B002B4FD132002A
:10E67000384906A806F042FE0022A621049B06A8FF
:10E68000FFF718FD029B3E209A19D2B20D23F9B272
:10E69000FDF7B2F9059B002B09D0802203990AA847
:10E6A0000AF08EFF002802D03800F6F70AF92BB0E6
:10E6B000F0BD7F208446284E6546D05CA843F55CBB
:10E6C0002843D0540133072BF6D16FE725005D3581
:10E6D000282D00DD2825EDB20A212800F4F72AF9BB
:10E6E000C3B209260293A8E71C4B1D4906A806F0F1
:10E6F00005FE0122084B9B8C00922832002B01D092
:10E7000023001922022106A8FFF7C4FDACE72A0066
:10E710001449AEE7C00600204C1E0020B1200020A6
:10E72000161E0020B3190020B020002013B60108E7
:10E7300000040050291E0020261E0020FF1D00207E
:10E740003C1D00201E000020DCA00108EB21002061
:10E750007BA2010887A201080CB601084FAA010894
:10E760007FA201088BA201080022F0B5584BA5B08A
:10E770001B780E93574B1A70574B1B785BB2934222
:10E7800001D1FDF71FF9FFF7DFFD544B1B78002B7C
:10E7900017D0534B1B78002B13D1FFF7D5FD08235F
:10E7A000762209214F480093063BFFF73FFC0623E2
:10E7B000762209214C48FFF77DFCF6F77DF825B05D
:10E7C000F0BD4A4C0320A38C002B00D10230FFF790
:10E7D000A3FD474B1B78002B76D0237B0593454B3D
:10E7E00008940A93444B0B930023002703933F4B59
:10E7F0009A8CBA4204D00E99B94201D103998F0084
:10E800005B7BF9010C93FB0111933C4BCB180993F3
:10E81000002A00D07EE0059B03998B4201D101F0D4
:10E820006DFA089B023308930A9B48330A930B9BAB
:10E8300001330B93039B002B48D02C4CA38C002B53
:10E840000DD12F4B1B68002B09D02E4B1B78FF2BB3
:10E8500005D006232E22022115A8FFF74BFC1D4DE3
:10E860002B78002B28D1FDF7F1FB274A0300127803
:10E870000490002A01D100F0A5FE09232B70A38C7F
:10E880000324002B00D10234204B1A78013AD2B273
:10E89000052A01D900F08CFE1D4B9200D558174B6C
:10E8A000E00180220021C0180AF014FD7F2202211D
:10E8B0002800E3B2FFF76EFC054B1B78002B01D15B
:10E8C00001F096F901F092F9637B87E701238CE769
:10E8D000D71D0020161E0020E01D0020D21D0020A4
:10E8E000CE1D0020C2A20108CEA201084C1E0020AD
:10E8F000BC1D0020E01E002074210020B319002060
:10E900002807002008000020F31D002091060020A9
:10E91000ACB501080E9B002B01D101F0E9F9059B74
:10E92000039A934200D07CE70C9B039AC24993421E
:10E9300001D101F04FFA072209980AF0FAFD0A9B6B
:10E940001B681B680493BD4B1B780793012B00D0F9
:10E9500039E1059B039A934200D0BCE12122079B39
:10E96000002F00D11A0000930A210023B448FFF7BA
:10E9700091FCB44B039A1B7B934200D0BAE0B24B9C
:10E980001B785BB2002B00D1B4E0FDF75FFB041EE7
:10E9900000D0AFE0AD4B1B780693012B00D8A9E067
:10E9A000AB4B18211878069B1830C01AF4F748F8BA
:10E9B0001823069A0D919B1A1293129B0020A342D2
:10E9C0003DD80D9A069B94461600183B1B19DBB2E6
:10E9D0000F93069B9F4D634410939F4B13931821F5
:10E9E0003000F4F72DF8139B4900CB5A002B04D0CC
:10E9F0002A1C9D4200D91A1C95B2109B0136B342C5
:10EA0000EDD10D9B0F989C4618216044F4F718F83F
:10EA1000914E49008B5B181E11D08E4A0020954202
:10EA20000DD0AA1C93420ADD581B05235843302100
:10EA30001830F3F77FFF052800D90520C0B21BABC3
:10EA4000E0540134182CB8D10020099B0A34DE1D93
:10EA500012ABE418431C0D93002800D13FE10023C2
:10EA60009C46431C6278182B00D039E1A578691CBC
:10EA70004900891861448B080693130061462B43B3
:10EA800019430B1E01D101F029F9069B002B01D17E
:10EA900001F02BF96B461B7E00280CD000210128C9
:10EAA00000D02178520002355219521892082020C5
:10EAB000D2B2002B13D00620C31ADBB21900002AF1
:10EAC00009D0811AC9B28B4205D81A1C8B4200D2D8
:10EAD0000A1C1900D3B20020994200D803E17F221A
:10EAE000337801349343034333700D9B0136182B65
:10EAF00000D0F2E00024544B1C57002C04D0514BA2
:10EB0000039A1B7B934217D00498FDF7CDF9002898
:10EB100012D00A9B1B7E012B0ED1FDF797FA00281D
:10EB200004D04E4B049A1B68934205D009980722E3
:10EB30004B4918300AF0FDFC089B1A888023DB0043
:10EB40009A4200D3ECE0474B1B78002B07D03D4B9B
:10EB500003995B7B8B4202D1002C00D1CAE0424971
:10EB6000013215A806F0CAFB01217A1CD2B215A801
:10EB700008F02AFE0B9B1B780693002B00D1E5E0E2
:10EB8000062B00D95FE1069A232194000822009207
:10EB900000223648FBB22058FFF748FA53E1002321
:10EBA000336001F0F8F8039B03215A421300082256
:10EBB0000B4000920139002215A8FFF737FA012215
:10EBC0002B4B1A702DE6FDF741FA1E4B002863D03F
:10EBD0001A7B0399274B8A4275D10B9A1278002A27
:10EBE00071D101211970244B1A70244B049A1F70A3
:10EBF0001A4B1A60224B1B6834331B788B4215D199
:10EC0000204B214A12789200D15815A80AF089FCAD
:10EC100001232122002F00D11A0000930A21002392
:10EC200015A8FFF737FB02230793A2E61749022B2B
:10EC3000EBD0174B174AE5E739A30108261E002041
:10EC4000ADA201084C1E0020E01D0020440400205D
:10EC500045040020FFFF000046040020AC200020F7
:10EC600040A301081B1E0020DBA10108D0B501084C
:10EC7000161E0020D91D0020D81D0020B120002024
:10EC80003C1D002000B601080A070020E4A201088C
:10EC9000ECB5010809070020BB4A049912688A42B2
:10ECA00010D19B8C002B0DD00021B84B212259563E
:10ECB0000123002900D11A00009308210023B44841
:10ECC000FFF7E8FAB34B1B785BB2012BABD1022202
:10ECD000B04B1A70A7E70023A6E70D98BAE602002A
:10ECE000E3789C46C2E601228A4001311043C0B25B
:10ECF000C9B2F1E607231A00A748A84C815C0A298B
:10ED000002D03031E154013B013AF7D22D21A34A20
:10ED1000002B02DAA24AA34923E7D154013BF7E7CB
:10ED2000A14BD318062B00D924E70A9B013219689E
:10ED30009E4B0868D2B29E49984200D99D4915A8B9
:10ED400006F0DCFA7A1C0221D2B210E7089B188880
:10ED5000994B1B78002B36D0934BC318062B32D817
:10ED6000964B039A5B7B93422DD1FFF7D3FB8F4DDC
:10ED7000049A03009542924152420332801815AC26
:10ED800000908F49200006F0B9FA049BFFB2AB4215
:10ED900010D813207B1C12AD069A40197121DBB2EA
:10EDA000FFF788F9069B3A0020212000E371FFF766
:10EDB00011FA36E508232021009320003B00069A33
:10EDC000FFF734F92DE57F4B1B78012B07D1059B0D
:10EDD000039A934203D10A9B5B681B6804938023C8
:10EDE000DB00984200D362E1744B1B7F002B21D1E2
:10EDF000FDF7E6F903787F2B6FD84578192D72D887
:10EE00006ED0002D6FD0704B6C1EA400E418200053
:10EE100008F01AFE002859D06C492A0015A806F0FF
:10EE20006DFA752115A87F23FAB2009302310023F1
:10EE300008F0DCFD664BDB7F012B79D056D9023B15
:10EE4000012B00D882E0079B012B00D162E1002456
:10EE500015AB1C705F4B1E78A64200D087E1574B64
:10EE6000039A1B7B934201D1002E01D10A9E103ED2
:10EE7000594B1B78002B00D0BCE1330034331C7895
:10EE8000002C00D09BE1079B012B00D082E173692D
:10EE900019791BAB9C466046504B34CB34C01B6881
:10EEA0000360484B1B78032900D97EE16246880045
:10EEB0008558012900D079E172691279012B00D0BF
:10EEC0006AE1012A00D073E1454D71E14549220014
:10EED00015A806F013FA7121A4E775214248A2E7AC
:10EEE000712142489FE7712141489CE715AC210000
:10EEF0000498FCF709FE2D4B049AFDB29A4210D8F3
:10EF000013206B1C12AE00227121DBB28019FFF7B7
:10EF1000D1F800232A0020212000E371FFF75AF9DD
:10EF200091E708230022009320212B00200033E6E4
:10EF3000089B30491A8815A8013206F0DFF908222B
:10EF4000242100920022FBB215A825E6089B15ACEF
:10EF500019882000FEF728FB2378002B06D1089B98
:10EF600020001A882349013206F0C8F9184A134BC9
:10EF7000D27FFCB2022A3FD1002212AB9A7508233D
:10EF8000212100932300DFE7AC200020B1200020E6
:10EF9000E8A20108D91D0020D0030020BB200020DA
:10EFA000BF200020EBA2010800FCFFFFFFE0F505F9
:10EFB00096A2010891A201081B1E00204C1E0020F1
:10EFC000F0A20108261E0020102100208CA20108BA
:10EFD0004E1E002003000020D71D002034A0010891
:10EFE000A1A20108F5A201089AA201088AA60108B7
:10EFF0009DA20108D8A101089A8C002A27D112AB42
:10F000009A7508232121009315A82300FFF70EF815
:10F01000D24B9D8C002D33D115AE31000498FCF7F6
:10F0200073FDE31CDBB20D93049ACD4B9A4220D8BA
:10F0300013200434E3B212AC2A0071210019FFF747
:10F0400039F82B00202130000D9AF57166E7059BF9
:10F05000039A934206D123000022242115A8FFF72A
:10F0600099F8D5E723000022242115A8FFF722F8FC
:10F07000CEE708232A000093202130000D9B8BE56A
:10F080000498B849F3F7DCFC04980D00B549F3F790
:10F0900051FC013402002B00B34915A806F02EF9EB
:10F0A00000222421E3B215A8FFF704F8CBE615AC43
:10F0B00021000498FCF728FDA94B049AFDB29A425E
:10F0C0001FD813206B1C12AE00227121DBB28019F5
:10F0D000FEF7F0FF00232A0020212000E371FFF754
:10F0E00079F8089B1888FDF76BF8182302781A4204
:10F0F00000D1A8E6099806229C4978300AF019FA4E
:10F10000A1E608230022009320212B002000FEF717
:10F110008DFFE6E7964B1B6829331C78002C23D122
:10F120000024944B1C57002C00DA90E6062C00D9E2
:10F130000624119B904D00265D193E2304938F4BAE
:10F140001B78002B06D00623FF229B1B9A407F23AF
:10F150001A40049228000222049901360AF0BAF8F3
:10F160000335B442EBD272E6013C64B2DBE7844B78
:10F170001B781E1E00D172E6824B1B785BB21E1EEE
:10F1800000D16CE6FCF762FF2600002800D066E69E
:10F190007D4E64E633697BE6012A0ED133697B4DEF
:10F1A0001B79012B09D17A4D07E07A4D012B04D14F
:10F1B000059B039A774C934205D0774C03E0764B3E
:10F1C000A400E418734D079B012B15D172691379C4
:10F1D000012B13D0991E012900D9F9E06F49022BA8
:10F1E00000D06F4952796F4B5200D25A15A806F0E1
:10F1F00085F818E06C4CE5E73269E8E752796B4B2B
:10F200005200D35A0A2118000493F3F719FC04980A
:10F210008BB20A210793F3F78DFB654982B2079BF6
:10F2200015A806F06BF800230493544B1B78002BB1
:10F2300000D1E8E07B1CDBB20022B4212800079358
:10F24000FEF738FF079B002282212000FEF732FFE5
:10F25000424B9B8C002B26D1564B1B78002B22D186
:10F26000049B002B05D10221049A063315A8FEF752
:10F2700021FFB58B64212800F3F75CFB4E4B84B271
:10F280009D4200D9B9E064212800F3F7D9FB2200A0
:10F290008BB215A8494906F031F8062300222E2129
:10F2A00015A8FEF707FF069B002B01D0052B2BD1DD
:10F2B000330029331A78072314001C401A4200D067
:10F2C000CDE001252B4B1C782C4B3D491B78002BA6
:10F2D00000D1C8E0152228311BA80AF02AF9032220
:10F2E00062431BA97B1C8818DBB20022AA21FEF70F
:10F2F000E1FE2620002D07D0099B032218180130BB
:10F300003049FF300AF015F93268B3689A4200D1EB
:10F31000D5E0731CD87FAC239B031B932A4B1C9313
:10F320002A4B1B685A1CD27F002A03D05A699A4282
:10F3300000D1ADE00321F3F783FBC9B20F4B1A787C
:10F34000002A00D1ACE049001BAA50180022BC21C1
:10F350007B1CDBB2FEF7AEFEB1E0C0464C1E0020C7
:10F36000FFE0F505A0860100FAA201082DA0010822
:10F370003C1D00205C000020B51A0020EB2100207D
:10F380003C040020E01D0020E8030020A1A20108A9
:10F39000BEA201083FA30108C4B5010875A2010877
:10F3A000B2A30108E2C20108A5A201087EC20108B9
:10F3B00004A30108DE1D00200F2700000AA3010896
:10F3C0001CA0010848A301082D0044001C1E0020B9
:10F3D000B38B642118000493F3F732FB04988BB2CB
:10F3E00064210793F3F7A6FA079B82B2CA4915A8CE
:10F3F00005F084FF0A235B4216E72200C74915A8DF
:10F4000005F07CFF49E7002D0DD02B78002B0AD0AA
:10F410003122002F00D1203A01233421009328000B
:10F420000023FEF737FF2378002B0AD03122002F6C
:10F4300000D1203A01230321009320000023FEF78E
:10F4400029FF049B31224433D9B2002F00D1203A46
:10F45000012315A800930023FEF71CFF23E7013CBE
:10F460000025E4B230E723223D311BA80AF061F801
:10F47000052363431BAAD0183122002F00D1203A64
:10F480000123182100930023FEF704FF132031E726
:10F4900033002B331B78002B00D04BE703214DE7C3
:10F4A00003294FD13122002F00D1203A01232A20F5
:10F4B00012AC00932B2100230019FEF7EBFE984BB2
:10F4C0001C7833002B331B78002B08D09548002C78
:10F4D0003FD07B1C0022C121DBB2FEF7EBFD2D36B5
:10F4E00035780023012D01D18F4B1B78ED181BA817
:10F4F0008E4BAD00002C37D00200603352CB52C28D
:10F500007B1C0022D0214059DBB2FEF7D3FD0C9BBF
:10F51000039A934201D0FFF784F9854B1B78002BA7
:10F5200032D0844915A809F0FCFF7D4B1B78002BD5
:10F5300031D001370022E221FBB215A8FEF7BAFD57
:10F54000FFF76FF949007B1C1BA84018DBB2A9210B
:10F5500000E73122002F00D1203A0123302100930F
:10F560000023FEF797FEBAE702006C3352CB52C27B
:10F5700031224059002F00D1203A01235B21009312
:10F580000023FEF787FEC2E76B4B6C49DA7D15A8B6
:10F5900005F0B4FEC9E73122002F00D1203A012343
:10F5A0006E21009315A80023FEF774FEFFF739F9CA
:10F5B000634B644D1B78002B01D0FFF770F9624D4F
:10F5C000FFF76DF9049A002A00D0DBE25F4A127857
:10F5D00052B2002A00D1D5E25D4A1278002A00D04A
:10F5E000D0E202232B705B4B1B8809938023099A7E
:10F5F000DB009A4207D3584B1B68002B75D1FCF7F0
:10F60000E1F9FFF759F929342678731E182B00D930
:10F610001926524B524A19780023994202D0107889
:10F62000013343404F480478002C00D1B6E04E4CE3
:10F630002478002C00D1B1E04C4C2478B44200D0A6
:10F64000ACE0002B00D0A9E0494B1B78002B00D088
:10F65000A4E01170474B1F88002F01D1FFF72CF950
:10F660000021454A344B1578444A1268D08B8D42AC
:10F670000BD080229C8DD2001600944200D2ECE088
:10F68000DC8D944200D2ECE00D00002213003C4CD3
:10F690000394039EDC08345D07261E403441012696
:10F6A000344203D0921992B2984206D0802401339A
:10F6B0009BB2E400A342ECD10022324B002903D1DB
:10F6C0000392002A00D0D6E01A88131C002A00D129
:10F6D00001239BB20393002D00D029E100212B00D0
:10F6E0000D000493284B069356E1284A1D4D1068DF
:10F6F000224A2E7812681C4C918B002E00D0BDE05F
:10F7000001262E7000252570214C2360214B1860A6
:10F71000214B1960C5E0C0460AA3010813A30108E4
:10F72000EB2100201CA70108080700201CA00108ED
:10F730003007002017A301084C1E00201CA301085D
:10F7400092060020B0A20108A8A20108E01D002036
:10F75000291E00202C0700202807002093060020E7
:10F76000B7200020BA200020A9200020A8200020D7
:10F77000B6200020B8200020761E00203C1D00206E
:10F780001C200020B4200020CAA301087804002017
:10F79000A4200020A02000209C200020002501277C
:10F7A0002C00574B11701F70564B802200210770A0
:10F7B00055481E7009F08EFD80220021534809F043
:10F7C00089FD534B1D802000FCF7FAFC03900028B4
:10F7D00037D0072203781340934232D04378192E52
:10F7E00020D1002B2DD00723380023409840030060
:10F7F0004549E208885C03438B54039B6A1C1B78D1
:10F8000092B27F2B08D90723E8081D403B00AB408C
:10F810003E490D5C2B430B543D4915000B880133C9
:10F820000B800EE0192BDED09E420AD1394A3A4BAA
:10F830001278002AD7D09A8DA24202D0DB8DA34243
:10F84000D1D180230134A4B2DB009C42BBD1002281
:10F85000324B1A70324B1A80FCE60121A04200D1D3
:10F8600013E7DB8D0021B34200D30EE7C31A5A42DF
:10F870005341590009E7039A1A802CE72678002E95
:10F8800000D03DE7274E3668B34200D038E7264E19
:10F890003668B04200D033E7244E3668B14200D01B
:10F8A0002EE7204B1C68002C01D1FFF705F81E4BFA
:10F8B0001B680393A34201D2FEF7FEFF1B4B1D689A
:10F8C000002D00D10135039B2900181B1668F3F7A2
:10F8D00031F8471C013000D101272000B44203D881
:10F8E0000398B04200D930002900001BF3F722F83A
:10F8F000431C0393BB4200D903970125EEE6C046A3
:10F90000A9200020A82000201C2000209C1F0020EF
:10F91000B8200020761E00204C1E0020B6200020BB
:10F92000B4200020A4200020A02000209C20002043
:10F930000126C24B8E401B7803241A005809DB06AF
:10F940005B0F33432240DBB2002804D00138C0B241
:10F950001900002811D1210001200132D2B2022A5F
:10F9600000D900221C00D440044200D0D3E0013969
:10F97000C9B20029F1D10A00062089004001B04B2C
:10F9800001431143C9B20693002A05D0AD4B06933B
:10F99000AD4B012A00D1A6E6A84B3A001970002011
:10F9A000AA4905F0ABFC0399C3B20091A84A1821FB
:10F9B000C4B201971BA805F08BFEA64B9B8C002BB5
:10F9C00000D1AAE0032319260A930123E40000933F
:10F9D0003200002302211BA8FEF75CFCE3B20024E6
:10F9E0000793A54223D00B33DBB20893079B089DF6
:10F9F0001233DBB20B93B31D0C93340000232200AF
:10FA000029009548FEF734FC01340C9BE4B2A34274
:10FA1000F4D101350B9BEDB2AB42EED101233200A4
:10FA20000093089900230698FEF734FC0B2400236A
:10FA30008A4AD3560B93079B1C197D23E4B22500F9
:10FA40000B34E4B21B1BDBB209355E1E3000EDB295
:10FA50000693012F0BD00398B84200D93800002834
:10FA600000D1013001387043791EF2F763FF03962D
:10FA7000864200D903900C2012260A9B764AD901AF
:10FA8000531858555D196E701D007D352E70002578
:10FA90007E331870724B09191B88079708938B18CF
:10FAA0000A93069AEBB29A4201D8FEF705FF079B2C
:10FAB0000699D81BF2F73EFF0699441C0798F2F707
:10FAC00039FF00231A0003998D425A410B99D2B293
:10FAD000013103D0039AAA425B41DAB22300844287
:10FAE00000D2030080210998C90088422BD2002C43
:10FAF00000D1013408998B4200D90B009C4205D8F3
:10FB0000013C5848A4B29BB2A3420AD12D23002A3B
:10FB100012D10C3B10E000212EE7052329260A9381
:10FB200053E70726E108415C2640314101260134B4
:10FB3000A4B23142E8D021230A9A5355079B0135DC
:10FB4000DB190793ADE704990029DFD0201E00D10F
:10FB500001208342DAD3802149028C42D6D28B42E3
:10FB600000D3414B4149424C09788C460021614504
:10FB7000CCD02688B04201D8B342DCD20131C9B220
:10FB80000234F4E73B4A1278002A07D03A4A127846
:10FB9000012A03D104232B70FEF78EFE374A10781A
:10FBA000002B07D000280DD105232B70FEF7D0FCC9
:10FBB000FEF782FE304B1B78002B03D0052B01D0C3
:10FBC000FEF77AFE2E4B1B78002B01D1FEF774FE58
:10FBD0002C4E3378002B01D1FEF76EFE2A4B1B789A
:10FBE000002B01D0FEF768FE002857D006F030FD4C
:10FBF000184B9B8C002B01D0FEF7DFFD234B1B78AD
:10FC0000002B01D0FEF7D9FD1C4B1B78002B01D037
:10FC1000FEF7D3FD059B1E4A002B00D01D4A1E494E
:10FC200015A805F06BFB7F23062200936B210023B0
:10FC300015A807F0DBFEFEF7C0FDC046B22000208D
:10FC4000CAA30108BBA20108B8A2010895A4010833
:10FC500022A301084C1E0020B3190020E01D002043
:10FC6000B82000209C1F0020FFFF0000C6040020D9
:10FC70007C040020FE050020261E0020D71D002049
:10FC8000FC050020021E0020291E0020DE1D002091
:10FC900085AA0108D9A8010832A301083000F2F7AB
:10FCA00019FE4E4B1B78002B01D0FEF788FD073361
:10FCB0002B700C2800D20C200C383218484915A89B
:10FCC00005F01CFBA28C0523002A01D0032300228F
:10FCD000022115A8FEF7EEF9FEF7EEFD002801D08F
:10FCE000FEF7DCFE2030FEF7FAFE0123FEF7D4FE1D
:10FCF000059B03998B4201D1FEF716FE394E3368FE
:10FD0000002B48D0384B0493059B04995B005B5A49
:10FD100036495B18062B01D9FEF741FF53425A4181
:10FD20000324082352421440FDB22C19E4B20022ED
:10FD300007212F4800932300FEF778F9306815A9B2
:10FD4000FBF7E2FE23000022382115A8FEF7B2F9E6
:10FD5000284B15A918680134FBF7D6FEE3B2002240
:10FD6000382115A8FEF7A6F9049B9B8C002B12D016
:10FD7000214B1B78FF2B01D1FEF753FD0235EBB26F
:10FD80003022062115A8FEF7B5F9049B9B8C002BA9
:10FD900001D0FEF746FD194B1B78002B14D0184AF2
:10FDA000184915A805F0AAFA0F4B9A8C002A01D021
:10FDB000FEF7F9FE08230221009315A8033BFEF786
:10FDC00035F90122104B1A700C9B039A934201D013
:10FDD000FEF7B5FD0D49FEF7AEFDC046FF1D002044
:10FDE0002AA30108280700204C1E002000FCFFFF6A
:10FDF000D9A201087804002008000020DE1D0020A0
:10FE000015070020E0A20108161E00204CA30108DF
:10FE1000044BFF201A784D2A03D8034BD2009B18BD
:10FE2000D87970473D1E00203CAF010830B587B03F
:10FE3000FFF7EEFF4C2800D988E0F2F771FD4D0086
:10FE400052006100670067008D009C00A500AB00B8
:10FE5000F400B000B500C101BA004B01BA00FB00CC
:10FE6000C100C500CD00E200D700DC00E500F100D4
:10FE7000F800FE000101060109010C010F01120149
:10FE800017011B011E012101250187008700350193
:10FE900029012C013D01400143017D003A01460149
:10FEA0007D0058015B018201850188018B018E0173
:10FEB0009101940197019A019D01BB01A001B1013B
:10FEC000B401B7016601A3015E016A016A016A011A
:10FED0006A016A016201BE01BC4ABD4BD27D1A6053
:10FEE00034E0BC4BBC491B680833DA7F0023C85C94
:10FEF000904203D00133182BF9D10023B44A38E0E3
:10FF0000B44BB34A1B6829331B7832E0B14BB34979
:10FF10001B680C781A795B79002C05D000230B70D4
:10FF2000AF4B1A78AF4B1B78043841424841511E01
:10FF30004C426141884202D00022A54BCFE7A44940
:10FF4000022A05D80133002AF6D00B6007B030BD75
:10FF50006933032AF9D0EFE79E4B9D4A1B68197B52
:10FF6000022904D00329E7D15B7B693301E05B7B85
:10FF700001331360EAE7974B1A680023117B0129CC
:10FF8000BCD1537B0133B9E7924B914A1B680133D3
:10FF9000DB7FEEE78F4A8E4B126892699FE78D4BAD
:10FFA0008B4A1B682D33AFE78A4B894A1B68333372
:10FFB000AAE7864A8649537B04335B009B5AC4E711
:10FFC000834B894AD27F8AE70023804A917F9942F6
:10FFD00000D193E7D37FD5E7844B1A787C4B002A76
:10FFE00002D0834A12787AE7824AEBE79021784A76
:10FFF000764B490003E02221754A744BFF315B5C6C
:020000040801F1
:10000000B7E7734B7C4AEDE77C4B7149DB7F5A1EA7
:1000100093417B4A5B00D27F501E82419B1894E73C
:100020006B4B784ACEE7694A694B127E57E7684BBB
:10003000754AD7E7664B754AC4E7654B744AD1E702
:10004000644B634A1B682E335EE7614B714AB9E724
:100050005F4B714AC6E75E4B704AC3E75C4B704A20
:10006000C0E75C4B5A4A1B6835334DE76D4A584B25
:10007000128834E7564B6C4AB4E7554B6B4AB1E7EC
:10008000524A534B928D2AE7504A514BD28D26E764
:100090004F4B674AA6E7674B0A211888F2F74AFCDC
:1000A0004B4C80B2206051E74A4B494A1B683233BF
:1000B0002AE7474B604A95E7454B604A92E7444B35
:1000C0005F4A8FE7424B5F4A8CE7424B404A1B68CE
:1000D000343319E73D4A537B04335B00985A0123BC
:1000E00000221900FCF774F9394B18602EE7384BE1
:1000F000554A77E7364B554A74E7554A344BD28810
:10010000EDE69121324A314B73E7304A304BD27ED3
:10011000E5E601AC22004F4B23CB23C203CB03C245
:10012000FFF776FE4638800003594B4A19780023C2
:100130001079884200D1E1E601330832152BF7D15E
:1001400004E7234B454A4DE7214B454A4AE7204BFC
:10015000444A47E71E4B444A44E71D4B434A41E7A4
:100160001B4B434A3EE71A4B424A3BE7184B424A75
:1001700038E7174B414A35E7154B414A32E7144BF4
:10018000404A2FE7134B1B6834331A78104B012A6F
:1001900001D13D4A26E7022A00D1CDE63B4A21E7BC
:1001A0000B4B3B4A1EE70A4B3A4A1BE7074A084BF0
:1001B000527F94E6064B384A14E7054B374A11E75D
:1001C000044B034A1B6828339EE6C0464C1E0020A1
:1001D000381E00201C1E0020E3AA0108DC040020B9
:1001E000DD040020DE040020531E0020070700204D
:1001F00006070020541E0020AC060020521E0020DE
:10020000511E00204D1E0020741E00204E1E002096
:100210008A1E00204F1E00208E1E0020931E0020EC
:10022000FE050020961E0020751E0020761E002070
:10023000C61E0020BC1E0020E11D0020FC05002081
:100240008C1E00208D1E00203C1E0020E403002098
:10025000E61D002094A0010804C4010856000020F7
:100260005C000020BF1D0020C81D0020DA1D0020FA
:100270002C0000203C07002099060020EC210020E3
:10028000EB210020030000200A07002009070020BE
:1002900008070020CA1E0020271E0020C1060020DB
:1002A00010B50024084B1B78A3420BD1FFF7B0FD1B
:1002B0000F2807D1054B1B78A34203D0044B1C68C1
:1002C000E443E40F200010BDFA1D0020E8210020C7
:1002D000E4210020F8B50500BE20414A80001388C3
:1002E0005188404C5B189188D2885B189B189B10F2
:1002F00058433D4B2678D988F2F7A6FB3B4A83B298
:1003000013803B4A934228D907232370394B1F7827
:10031000012F05D1FFF77CFD2E2801D1364B1F7030
:10032000FA21364B364F1B883A7849008B4238D831
:10033000002A04D00122334B1A702F4B1A7000236D
:1003400020783B70B04242D000222F4C022833D993
:1003500022700122284B1A7036E02C4A93420DD8A5
:1003600091212B4A4900525C012A01D80023CCE795
:10037000962189008B4201D2022AF7D0012380B254
:100380002370FBF7B7FEC0B206234B28BDD8052368
:100390003228BAD804231928B7D80528B6D9032398
:1003A000B3E7002A06D1174B01321A70124B1A70AC
:1003B000F4F70CFC0123C3E7164B022808D00122F6
:1003C0001A702378002BC4D00022134B1A80F8BD7A
:1003D0001A70002DF5D0114B1978FDF7F1FDF0E7FB
:1003E000401E00202F1E0020E61D0020341D00208E
:1003F0007A030000FF1D0020281E0020881F002017
:10040000301E00202D1E0020CE1D00207502000091
:100410004C1E0020D21D0020D01D0020CF1D00202A
:10042000F0B5A9B0FFF7F4FC0390FDF78DFF302283
:1004300037230021100007F04BF902234021AA4A7C
:10044000D1540233322BFBD1A84B1C78A84B1D781A
:10045000AC4231DAA74BA8481B78E6003618002BCF
:1004600000D088E0631E00D26B1E0022DB0011006A
:10047000C0180123FDF71EFE082300223000009360
:100480001100063BFDF7D2FD601C854200DC002018
:100490000022994BC000C01811000423FDF70AFE8A
:1004A0002B009649621C18A804F028FF062300229E
:1004B000190018A8FDF7FEFD5021002304AA5218C8
:1004C0001370303904AA52181370F4F77FFB039BA2
:1004D0004C2B00D9A5E01800F2F722FA56006B0069
:1004E00083009100EC009100EC000001360149030B
:1004F000CD0177066806240224027402B703430381
:10050000CF01D7012002F301F301470377065F0310
:100510000902BD037706B9035A00770620022402B8
:10052000BD03770624022402D903E203ED03770614
:10053000EA037706F103F303F503EF030302EB0588
:10054000EE057706270643064C064F064F06520671
:100550005F067A067D067D067706800609070C078A
:1005600029071D06E206FD052006200620062006B6
:1005700020061A06220208230093002330001A00E6
:100580001900FDF753FD8BE75D4B5E491A6845E0A6
:1005900005215B4A5C4B126818A89A5C0824D307B3
:1005A000DB170B405208594904F0A8FE002604232B
:1005B0000FE3534A56491268564BD2B28A5C642103
:1005C0005200D55A2800F2F73BFA28008CB2642179
:1005D000F2F7B0F9504982B2230018A804F08EFE59
:1005E0001FE0474B4D491A68002A0DD0551E4C4C50
:1005F0004C48AD0092004C492B591258EDE7404B46
:100600001B68002B03D1494918A800F059FE484A3D
:10061000682B4ADC013B5B00D25A464918A804F01B
:100620006DFE502204AB9B181B78002B00D1B6E066
:1006300018A8F2F74FF900230600411E0125180003
:1006400018AAB34201D000F075FE032D01D800F0C6
:100650007CFE072D00D907250123032704930024DE
:100660006B08FF1AB44200D399E0002D00D196E048
:10067000049A18AB1819FBB2002A01D100F06AFEE7
:100680007F223221FDF716FD18ABE25C1F2A01D94B
:1006900000F068FEB44201D300F069FE1A5D1F2A23
:1006A00001D900F064FE0134F4E7693B5B00D25AE3
:1006B0002149B3E7124B1B68002BA4D01F4A013B12
:1006C0005B009D5A0A212800F2F7BAF928008CB283
:1006D0000A21F2F72FF91A4982B27DE7194B084A2D
:1006E0001268920000F01EFD311C00203D1E00200B
:1006F000341E0020E82100203CAF010889A3010836
:10070000381E002030A40108A2C1010891A30108ED
:10071000E3AA0108ECAC01089AA30108A5A301080B
:1007200038B5010854B50108AAA301089DA2010823
:10073000E2C2010874A20108B1A301087EC2010847
:1007400068A201082CB50108CB4B1B78002B04D004
:10075000CA4B1B78002B00D087E0C94BC9491D68E4
:10076000EB17E8185840F2F755FA28000C00C54975
:10077000F2F76AF923000200C349082418A804F01C
:10078000BDFD012318A87F2232210094FDF74EFC05
:100790000323BE4800947F223221FDF747FC039BD0
:1007A000033B012B01D900F0E9FDB94B1B78002B6D
:1007B00007D008237F2200933221B648043BFDF77F
:1007C00035FC039B042B01D000F0E2FD0124AC4B6F
:1007D0001B68002B01D000F0DEFDAF49002C00D0DB
:1007E000AE490CA808F09DFE0CAC2378002B23D05A
:1007F0002000F2F76FF800281ED00723584301307D
:100800004D2801D900F00BFE47331B1A5B08323329
:10081000DBB23321322B0BD07F22121A111CD2B241
:10082000332A00D23321CAB29A4200D9191CC9B264
:100830000122200006F0C8FF039B312B02D00D3BA4
:10084000022B0ED8964B1B78002B0AD09548012B13
:1008500000D1954808237F2200933221033BFDF706
:10086000E5FBF4F729F829B0F0BDFDF753FE8F49F9
:100870000200C31C81E78E4B31E7814B8D491A681A
:10088000002A00D0CAE68C49C8E67D4B1C68002CC3
:1008900000D1B8E63C2C12DC05203C216043F2F785
:1008A000B9F920000D000C21F2F7CEF82B00020060
:1008B000824918A804F022FD3C24012677E68049ED
:1008C000A2E66F4C7F49226818A804F017FD6A4B16
:1008D0001B78002B00D1A4E62068C0B2F3F734F8EF
:1008E0009FE6674B1968784B8900C9188CE6644B02
:1008F0001C68002C00D186E60F203C216043F2F7F3
:1009000089F90B000321E2176C480A401219010013
:10091000921018A804F0F2FC2824CEE76B4BDEE618
:100920006B4BDCE68023564FDB003868984204D1DD
:10093000684808230093063B2DE7002280B211008F
:10094000FBF70CFD08263A6818AC0100050092B2CE
:100950002000FBF7EFF800237F22322120000096D1
:10096000FDF764FB002D21D04D4B1B78002B1DD1D2
:100970003868320080B2000114A9F3F775FE149FA5
:1009800040493800F2F75CF838000D003D49F1F7B6
:10099000D1FF2B0002005049200004F0AFFC0523DA
:1009A0007F22322120000096FDF740FB344B2000CF
:1009B000196889B2FCF7F8FD23784848002BB8D0B5
:1009C0002000B6E700222E4C11002068082580B2D6
:1009D000FBF7C4FC22680100060092B218A8FBF7DE
:1009E000A9F800237F223221009518A8FDF71EFBED
:1009F000002E00D1D3E620682A0080B2000114A99D
:100A0000F3F732FE1C4B149F1A78354B002A01D1A4
:100A1000013A1A601E68002E64DA216818A889B2AB
:100A2000FCF7C2FD502204AB9B181B782B48002B0F
:100A300000D018A808237F2200933221063BFDF73F
:100A4000F5FA174B1B78002B00D0A8E638000D49AB
:100A5000F1F7F6FF38000C000A49F1F76BFF2300AD
:100A600002001D4918A804F049FC08237F220093C6
:100A70003221033B18A890E6E82100201B1E00202D
:100A8000381E0020A0860100B8A30108CDA30108EC
:100A9000FA1D00204CA9010876A3010877A30108DC
:100AA000E221002083A301087DA30108C1A301085E
:100AB00024B5010895A401089DA20108F3A301082B
:100AC00096A9010830A40108C4B5010814B50108AD
:100AD00004B501084AA201085AA2010839A2010876
:100AE000E421002008237F2200933221AE48063BF8
:100AF000FDF79CFA092EA4DC0024AC4DA64220D0C0
:100B0000A94B1B5D672B0CD06A2B0AD0E00080B28A
:100B100002001D2337323130190012B200B206F044
:100B2000D7FD013408350A2CE8D1A14BA1481B7828
:100B3000002B00D0A048042300224D21FDF7BAFA73
:100B40007FE7F00080B202001E23353233301900F7
:100B500012B200B206F0BCFD20222B7813432B709A
:100B6000DFE7964B96491A688AE6964BB7E5052665
:100B70003000924B3C211C6801346043F2F74AF884
:100B800020000D000C21F1F75FFF2B0002008E49C1
:100B900018A804F0B3FBB32409E5884B8B491C6803
:100BA000002C00D130E5502C3ADCFA20FA216043C9
:100BB0008900F2F72FF80B000321E21784480A405E
:100BC00012190100921018A804F098FB5024012675
:100BD0000523804D794ADB01ED1810682A000C23AB
:100BE000363229001370122237310A7042310A70EE
:100BF0002A00C0B27A32801BA11B13708001F1F76A
:100C000023FF212438232D263830C0B2DAB2210048
:100C1000904200D33100E9540133792BF6D100E53D
:100C200005252800503C60433C21F1F7F3FF2000EC
:100C30000E000C21F1F708FF33000200664918A8E6
:100C400004F05CFB68245026C2E7644B47E55B4B2D
:100C500063491A6814E6594B62491D68192D00D181
:100C6000D2E4002D03D1039B1B2B00D1CBE45E4BC0
:100C70006C1EA400E418200006F0E6FE002802D056
:100C80002A005A49CAE423002A005949A5E4594BCD
:100C9000594A19780139C9B2FD2907D857499CE446
:100CA000574B584A19780139C9B2F5E75649B5E4A6
:100CB000424B56496AE4564B11E5564B0FE5564BED
:100CC0000DE5564B0BE53D4B1C68E4B2052C00D9F5
:100CD000A7E42000F1F724FE060013003B016601A3
:100CE000AD01AD014E4B4F4A4F4918A804F006FB29
:100CF00006237F2231214D48FDF7DCF991E40024E1
:100D00004B4F08AB06AE009332003800494907ABA1
:100D100006940794089409940A940B9408F026FC0E
:100D2000032823D0444C3B002200102114A804F0D7
:100D3000CFFC22001021414B10A804F0C9FC40490F
:100D40000CA808F0EEFB03237F22312114A8FDF745
:100D5000B1F904237F22312110A8FDF7ABF9062356
:100D60007F2231213748FDF7A5F918E50BAB009339
:100D7000354932480AAB09AA08F0F8FB0328D1D15B
:100D800032787178B078314EA300F3581F789742CB
:100D900005D15F788F4202D19B78834258D00134CD
:100DA0000C2CF1D1002455E0EF210020671B00201E
:100DB000E321002057A3010853A30108381E002097
:100DC0005BA30108F4B40108F3A30108D1A301084F
:100DD000D6A30108B3190020EBA30108E4B401086D
:100DE00060A301088AA60108102100207FA901083C
:100DF000FFA30108A01E0020981E00200BA40108DC
:100E0000B21E0020AA1E002010A4010815A401088B
:100E1000D0B40108C4B40108ACB40108A0B40108FE
:100E2000E5A101081DA4010823A40108FAAE0108E8
:100E300091B4010829A4010826A4010888B4010876
:100E400057A4010880B4010833A4010880B2010846
:100E5000002CA7DBE1233C21099A1B0153430A9A8A
:100E600000264A439B180B9A9B18E122D2019D1839
:100E7000DC4B9D424CDC002D4EDB079B089FF61897
:100E8000002307960493049B059321003800FAF78A
:100E9000F7FD864244DC059B002B00D00796049B9F
:100EA000002B00D008970023089F079E0493002E74
:100EB00040DD002B00D00796049B002B00D0089744
:100EC0000899C94BA400E358C84A01910096102123
:100ED00014A804F0FDFBE12128000901F1F7B4FD9D
:100EE0003C2106002800F1F795FE0191E121280040
:100EF0000901F1F78FFE08003C21F1F7A5FDBC4C7C
:100F0000009033002200102110A804F0E1FB16E746
:100F1000B84A0136AD18ACE7B74B013EED18AAE769
:100F200001230134361A05930C2CAED10024FF188E
:100F30000493A8E7013C03D201230B24013F04934F
:100F400021003800FAF79CFD01233618AFE7AB49C2
:100F50000CA808F0E6FAAA4B1E883000FBF7CAF886
:100F6000642105003000F1F76BFD30008CB2642184
:100F7000F1F7E0FC230082B2A249009514A804F026
:100F8000BDF903237F22312114A8FDF793F89122A4
:100F90009D4B52009C5C9D48A400052331212058A4
:100FA000A33AE0E6EC219A489A4C49026043F1F7F3
:100FB000C1FC994A994B86B29B18994A99499B184A
:100FC000994A0CA89B1A5C4308F0ABFA0A2130003E
:100FD000F1F7B0FC0A2180B2F1F732FD30008DB29A
:100FE0006421F1F7A7FCA40B2B0082B28F4914A84F
:100FF00004F084F9A4B203237F22312114A8FDF761
:1010000059F80A212000F1F795FC0A2180B2F1F786
:1010100017FD20008DB26421F1F78CFC2B0082B209
:10102000834914A804F06AF905237F22312114A80A
:1010300099E68049052C00D17F490CA808F071FA87
:101040007E4E052C00D17E4E0021072501270A0087
:1010500038001432D3B22A409040C2B29446DB0822
:10106000784ADB019B182122C8084243B218049237
:101070000A0000202A400592202913D0049A059CDA
:10108000125C22413A4003D064461A7822431A7017
:10109000013001332128EFD10131C9B22129D6D144
:1010A000FFF77DFBC4B2E2087C3AD2B2B25C2C40BE
:1010B000E7E7654BFFF713FB644B1B78002B07D169
:1010C000634B64491B78013B012B01D8FFF79CFA65
:1010D000614BFFF704FB614B614A1D68484BD088A8
:1010E0001B8829005843F1F725FC86B230006421A3
:1010F000F1F7A6FC30008CB26421F1F71BFC230051
:1011000082B25849009518A804F0F8F8FFF789FA58
:101110003E4BFFF7E4FA544BFFF7E1FA4F4A534BCB
:101120001268D200D158FFF76FFA4C4B1C68002CA4
:1011300001D1FFF768FA782C01DDFFF772FA200081
:101140003C21F1F767FD20000D003C21F1F77CFC0C
:101150002B000200464918A804F0D0F87824FFF7C5
:10116000ACFB3E4B434C1B6843489D0001339A0047
:10117000FFF741FA414BFFF7B2FA414BFFF7AFFAE5
:10118000364C4049226818A804F0B8F83E4B226853
:101190001A70F3F765FCFFF744FA304A3B4B1268CC
:1011A00018A89200D15808F0BCF9F2E74822164B73
:1011B000597B4A439B1898331B681868FAF774FEEA
:1011C0003349002801D1FFF71FFA304BFFF787FAA8
:1011D000304BFFF784FA304BFFF781FA2F4BFFF7C4
:1011E0007EFAC0467F51010080B201083CA401088C
:1011F00048A4010880AEFEFF80510100C6A201088C
:10120000341D0020F1A001084C1E00206CB4010820
:10121000B0A30100102700000002000030310020C0
:10122000000300005DA401080000002064A4010880
:1012300072A401086EA3010869A30108B0B20108F5
:1012400039B30108FB19002064B40108E82100202B
:10125000EE21002080A4010838B40108381E0020C7
:10126000E61D00208CA4010830B4010804C4010864
:1012700098A4010838B5010854B5010828B401083C
:1012800018B4010830A401082C00002074B501082E
:10129000A2A4010810B4010808B4010800B40108B0
:1012A000604B1B6834331B78012B0DD15E4A5F4BBA
:1012B000126818A89200D15808F033F95C490CA8BC
:1012C00008F02FF9FFF7ADF9022B06D1594C18A8F9
:1012D000210008F026F92100F1E7534A564B126825
:1012E00018A89200D15808F01CF95449E7E7544B6C
:1012F000FFF7F5F94C4B1A68002A0ED1514918A88E
:1013000008F00FF9002426002500F3F7C9F804239C
:10131000002D00D05DE4FFF784F93F2AF2DC4A4952
:1013200018A803F0EBFF3F2401260425EDE7474B07
:10133000FFF7D5F914780A2C03D1994201D9013568
:10134000107001330132FFF77CF900230227049368
:10135000FFF785F90822322100927732FCF766FE0A
:10136000FFF792F90134A64201D0FFF78EF902236C
:10137000049A013D9B1AFF18FFF774F9039B062B93
:1013800001D1FFF723FA039B052B01D0FFF72CFABD
:101390000024FFF71CFA5A1ED2B2002C21D0312AA9
:1013A00034D8002001000500294E0B2D14D8775D9C
:1013B000B94211D1013501313229F6D1FF20032282
:1013C000121BD2B2FF2822D00130009021490CA874
:1013D00003F094FFFFF708FA9142F0D00130C0B259
:1013E000E9E7672A19D82000210025001A4E142D9C
:1013F00007D8775DB94204D1013501316829F6D1AA
:10140000DCE79142DBD00130C0B2F6E7022213499B
:101410000CA803F073FFFFF7E7F90322F7E7332384
:10142000FFF7FAF91C1E0020381E002000B6010844
:1014300025A90108E4A20108ECB50108B5A401083A
:10144000F8B301089DA201087FA90108E4B30108CF
:10145000C2B30108B8A40108CEB30108C2A40108B0
:1014600002000020054BD979914205D00130C0B26D
:1014700008334E28F7D100207047C0463CAF010822
:10148000F0B587B0FDF724F80822002104A807F082
:1014900021FF984B984D1E78984B994C1B78002B48
:1014A00056D0012E48D1974B1E8876083C2130003B
:1014B000F1F740FA3C23C2B25B4253439B19924975
:1014C000DBB202A803F01AFF0622904B904902A853
:1014D000FCF78CFDA37F002B04D00C228D488E4995
:1014E00008F027F82B78002B0AD18C4B88481B7802
:1014F0008B493630002B00D18A490C2208F019F8AC
:10150000637E002B00D0ABE0874B1B78002B00D014
:10151000BCE0864B1B78002B00D0BAE0844B1B78D4
:10152000002B00D1A1E00834E37F09228149002B80
:1015300000D197E0804995E0FAF788FD002807D0B0
:10154000E1267E4B36011B885B08F61AB6B2ADE782
:10155000052E04D10C226E48794907F0EAFF794B39
:101560001B785BB2002B21D1FAF754FB00281DD168
:101570002B78002BAED1237F002B65D1A31DD87F04
:10158000631DDB7F002B59D06F4B1B78002B5FD086
:101590006E4B12221900002801D00220053A5C4B44
:1015A0001230C0B2C01807F0C4FF93E78022684B26
:1015B000D2001B8893423BD2FAF72CFB002837D18C
:1015C000230029331F78192F1CD1624904A807F082
:1015D000A8FF0E2623002A331B78002B05D05E4976
:1015E00004A807F091FF0436F6B20123002202217D
:1015F000009604A806F0FAF9FAF70CFB002800D0D0
:1016000068E7B5E7554B7E1EB600F618300006F0C9
:101610001BFA002805D13200514904A803F06EFEE0
:10162000D7E73A004F4904A803F068FE0A26D1E73D
:1016300006224D494D4807F07CFFDDE700280BD01E
:1016400002200C224A49AAE702200C224949A6E7B7
:1016500003200A224849A2E702200C2247499EE7BC
:1016600009224749474807F064FF474B47481A7823
:10167000474B1978FAF720FA464B1B78012B0BD011
:10168000022B2DD0F3F726F907B0F0BD082242490E
:10169000E8E70C224149E5E7414B1C88FA239B000F
:1016A0009C4200DB3F4CA4B264212000F1F7C8F952
:1016B00020008DB26421F1F73DF92B0082B23A4946
:1016C00004A803F01BFE04A8F1F704F90722424323
:1016D0002E490E4B891A04A80622FCF787FCD1E795
:1016E0002F4B1888FAF706FD3049020004A803F0D2
:1016F00005FEE8E7261E0020B2190020271E002064
:101700004C1E0020241E0020CAA401084ABA010869
:101710003D070020640700201BB20108BF1D002008
:101720000FB2010803B20108BD0700200507002021
:1017300007070020DDB10108D4B10108221E0020F6
:1017400067B20108E01D0020250700203FB2010814
:101750002C0700208AA60108F9A701081021002003
:10176000F5A201088CA20108DCA4010846070020AC
:1017700033B201085BB2010851B2010827B2010877
:10178000FAB1010883070020CF1D0020AC0700201C
:101790002F1E0020E11D0020F2B10108E6B1010872
:1017A000341D0020E7030000D4A4010815AA010895
:1017B000F0B5804A85B0137804001070052B36D13F
:1017C000052824D17C4BC8221B78002B00D1BE3ABF
:1017D00000240125794BDB7F5343794A1380794BF1
:1017E0001C70794B1D70794B1C70F2F793FDF2F76A
:1017F000C1FD21002000F2F7B1FC754B1D70754B47
:101800001B78AB4227D0200003F014FD23E0F2F751
:10181000FBFD00226C4B1A706D4B1A706E4B1B78DF
:10182000934201D1FFF72CFE002C18D113E00028C1
:1018300013D1012B0DD1F3F725F9684B1B78002B41
:1018400003D0FA22664B52001A800122604B1A70B4
:1018500001E0042BF1D005B0F0BD0528B2D0012C79
:1018600000D0A1E0F2F761FD00225E4B1A70F4F7A0
:101870004BFE5A4B1B78002B01D004F037FA0125A0
:10188000534B1D7003F0C8FCFAF722FF2900062015
:10189000F2F764FC544B554F1A78AA422FD03A689D
:1018A00032321178042968D81522CA402A4264D0FD
:1018B00000221A703B6832331B78042B06D14C4B44
:1018C0000022FA211B784B48F3F7FCF94A4B1B78AE
:1018D000002B54D0032B03D101204849F3F760FAC1
:1018E000FA20C000F3F7E0F8A0238022DB055200C5
:1018F0009A61434BFF3A1A70424B1A7047E0424ECE
:1019000000221A70414B424D1B88C82B00DAC823B5
:101910002A007A3212780292394A0392029A002AF5
:1019200007D0A0228021D2054900916101220399AC
:101930000A70FA2080005843F3F7B6F80298F2F7DD
:1019400091FD29002B002A00783109887433723206
:101950001B88128876350191298830000091012179
:10196000F3F744FAA02380220020DB0552009A629C
:10197000039B1870F2F756FD9CE7264EC0E7F2F77E
:101980008FFC254B1B78DB0701D5F3F71FF9FA22F3
:10199000224B92001A800022214B1A70032C00D196
:1019A00059E70F4B1A8056E7022CF0D10122074B62
:1019B000A3E7C046261E0020F61D0020531E00206F
:1019C000F41D0020B61D0020B51D002030070020AA
:1019D0002D1E0020FF1D0020C00600201A1E002022
:1019E00012070020171E0020C8210020381D0020EB
:1019F000C61E0020DD09000035070020D6060000C5
:101A0000441D0020030700208C1F0020BC1E002066
:101A10004C1E0020981E0020AC0600205000002024
:101A2000B81D0020F0B58E4E89B033680790002BAA
:101A300047D08C4B1B68002B43D08B4B1B68002B73
:101A40003FD033682D331C78012C03D1874B1C7891
:101A50000134E4B2A023802200255200DB059A6203
:101A6000834B290005201D70F2F778FB33681A00BC
:101A700034321278012A2BD12D331878A84200D0A5
:101A8000032006F023F800210620F2F767FB8821E7
:101A90003620F2F7D1F9FA2600210120F2F75EFB99
:101AA0000124B6000C20F1F78DFF050025402042EF
:101AB00013D000210220F2F7BFF93000F2F7F4FF53
:101AC000F0E7FAF7DBFD3368002BBAD109B0F0BDBF
:101AD000022C00D92C002000D3E729003F20F2F788
:101AE000ABF9644B7D2019783F231940624B634E5C
:101AF0001943F2F7A1F95A4C23681B691F68380093
:101B0000F2F7A6FB236834331878FAF7D5FE23687A
:101B100029009A1CD27F702001925A1DD27F029216
:101B2000DA1CD27F03929A1DD27F04921A1DD27FB3
:101B300007330592DB7F0693F2F77EF9A021059B20
:101B4000090219434D20F2F777F9DE21069BC901FE
:101B500019434E20F2F770F9049B4F201902039BA2
:101B60001943F2F769F9019B78201902029B194386
:101B7000F2F762F92800F2F777FBF2F77FFB380003
:101B8000F2F7DCFC28000121F2F7E8FAF2F788FC12
:101B900023680C251A0034321278002A0ED11B69F2
:101BA00018795979012851D0831E012B45D8F9F7AE
:101BB000A7FEF2F7E9FA324DF2F772FBB37F002B82
:101BC0004BD0294B1B6834331B78002B45D12D4B50
:101BD0001B78002B41D13300FE33998B588BF2F7E1
:101BE00013FB30231D43236800201A00343212787F
:101BF000824204D135331B78012B00D91800F2F74B
:101C00005FFBF2F799FB2368002134331878013821
:101C100043425841C0B2FAF707FE802109013F2034
:101C20002943F2F709F9FAF71DFA079B002B00D1B7
:101C30004CE70020FFF7BCFD48E71348F2F7C0FA75
:101C400007201249F2F7F8F8114DB5E7114B49009A
:101C5000C85AF2F7B5FA104DAEE7F2F75BFBC2E7F0
:101C60003C1D00201C1E0020381D002008070020FD
:101C7000441D0020941E002040E900004C1E00205E
:101C80000C0700001A1E002026020000CE210000D2
:101C90000C0400007EC20108CC04000010B50E4BFD
:101CA0000E495A7B09885200D1529B180C4A0D4CA0
:101CB00012880D499A802068482207F03AFCFBF709
:101CC00099FE2068FAF7B8FB0120FFF7ABFE00226F
:101CD000064B1A7010BDC0464C1E00208403002025
:101CE000820300201C1E002088030020181E0020F4
:101CF000F0B5AB4B8BB000AF1C68FEF789F80C2336
:101D0000FA18043BDB18C0B2D9192500F9F770FDA9
:101D1000002809D1A34B3A691968914201DA1A6087
:101D200002E0FA689142FADCFEF772F84C2869D8B2
:101D3000F0F7F6FD4D0058006B007200890070004E
:101D4000870097009C006501A000A4000C03A80078
:101D5000EA01B9006E01D900DE00F0001301F700BE
:101D6000050117015E016A0172017B018C0192017C
:101D700096019F01A501AA01AF01B301CE00D400D5
:101D800068006800C601B901BF01CC01DE01E201B3
:101D90006800CA01E601F50146028A02C302C502D3
:101DA000CC02D502D702D902DB02DD02DF02E1025A
:101DB0000803E302F302FF020303A602E502950211
:101DC000AD02AD02AD02AD02AD029F020A03754A3B
:101DD000754B1268DA750122744B1A70744B093214
:101DE0001A7079E021006F4B724A1B680831DBB230
:101DF000D35C714ACB77E38B9B18062B02D8012268
:101E00006E4B1A80BD460BB0F0BD664B29341B6883
:101E10002370F4E708342500624B1A68002A04D1C5
:101E20002B79012BEED0AA80E9E7D3B2682A04DC33
:101E30000222013B2A716B71E1E70322693B2A719F
:101E4000F9E708342500574B1B68002B04D12A7989
:101E5000012AD7D1AB80D2E7013B6B7101232B71F3
:101E6000CDE7504B01341B68E377C8E74D4B1B6847
:101E7000A361C4E74B4B2D341B68C9E7494B33348E
:101E80001B68C5E7474B48491A6892B2E2834B7B0F
:101E900004335B005A520222484B1A80434B1A709B
:101EA000474B0122D0E0474B0922190020205C7AE1
:101EB0002500854307D0FF2C05D03A4B186880B227
:101EC000FBF7AAFF9EE75872013B013AEFD2F4E715
:101ED000344A354B12689A853B4BE2E7314A324B24
:101EE0001268DA85F8E72F4B1A68384BDA77F3E790
:101EF0002C4B2D4A1B681900481E81419177002BFD
:101F000001D0013BD377FBF7ABFA0122304B1A70BB
:101F1000304B65E7234B1A682F4BDA7700222F4BA3
:101F20005EE7902122201F4B1F4A1B684900535433
:101F3000FF30115C013399420DDA19000BE02221C8
:101F40009020184B184A1B68FF3153544000115C15
:101F5000013B9942F1DC1154BEE7214B114A126852
:101F60003EE7104B104A1C680123517B234001318E
:101F7000C9B24B43501DDBB2C3770020A40700D584
:101F8000081C0632D077174A1370174B174A18707F
:101F9000012313700E4A13700E4A13709CE7C0465B
:101FA0001C1E0020381E00204C1E002003070020AD
:101FB00002000020E3AA010800FCFFFF3207002016
:101FC00093060020EF21002010070020531E002060
:101FD000140700202D1E0020541E0020070700209B
:101FE000AC060020491E0020481E00200E070020DD
:101FF000D84B1B685A1E9341D74AD3776CE7D54A12
:10200000D64B12681A7667E7D24B1A68D44BE7E6CC
:10201000D04B1A68D34B69E71E21CE4BD24A1B68BE
:10202000DBB213704B43D14AB7E7CA4B1A6823009F
:102030002E331A70210000230122E08B05F046FCAC
:102040000122CB4B1A70CB4B1A70DBE6C14B1B68DD
:102050005A1E9341C84AD0E7BE4B1A68C74BBFE629
:10206000BC4B1A68C64B1A70FBF7FAF9C54B012234
:10207000B6E6C54BB74A1268511E8A41B0E6B54B69
:102080001A6823003533D4E7B24B1A68BF4B1A8065
:1020900022E7B04B1A68BE4BA2E6AE4B1B685A1E35
:1020A0009341BC4A79E7AB4B1B685A1E9341BA4A2D
:1020B00073E70A22A74B1B685343B84A13800BE708
:1020C000A44B32341B68A3E6B54B47E7A14BB54C94
:1020D0001B685A1E934100222370B34B1A70F4F709
:1020E00013FA2378002B00D00FE7F2F71EF90CE764
:1020F000984B1A68AD4B73E6964B1A68AC4B6FE67B
:10210000944B34341B6883E6924B1868002380B2EA
:102110001A00190005F0DAFB0222954BBFE6A02653
:1021200000248C4B36021D682000F2F7BFFE80238E
:102130005B01E418B442F7D1002D02D02000F2F781
:10214000B5FE0C240826A020A319D91910220002DC
:10215000F2F78AFA7F22A0200125A11900263B7EF2
:10216000C91993433B766F3A00230002FD76F2F7DC
:1021700047FF904B794C18008F4A90497B60267737
:10218000FAF742FA8E4B8F4A18008F493B60FAF7F4
:102190003BFA8E4B31007A682360636087480223E4
:1021A000A660FBF759FE022329003A688648FBF730
:1021B00053FE874B1D70874B1D70FBF727FC21E6F4
:1021C000644B85491B680A2B08D10A780132D2B2C8
:1021D0000A70022A00D815E6804ADEE600247F4A0B
:1021E000DBB20C701370092B00D075E67C4B6E4689
:1021F0009D446D468022290092002000F2F734FAB7
:1022000083222B0092000C33A91840201A78024335
:102210001A7010338B42F8D180220023200029004D
:102220009200F2F7EDFE80239B00E4188023DB018F
:102230009C42DFD102210020FBF7DCF902210120C2
:10224000FBF7D8F9B54647E6424A664B1268511E7D
:102250008A411A700222464B1A70464B07E73D4BE3
:1022600061491B680C22CB8060480023F2F7C8FE4E
:10227000C8E5384A394B11689122520099542BE62F
:10228000344A364B1268511E8A41DA7624E6082217
:102290000C239B18DC192200554B23CB23C203CB04
:1022A00003C22C4B1D68FDF7B3FD524B4638ED00C1
:1022B00080005B1902591B796FE64F4B4EE6254AA9
:1022C0004E4B12681A7001224D4BE0E6214B1B6801
:1022D0005A1E93414B4ADBB213704B4A5DE64B4B9F
:1022E0003CE64B4B3AE64B4B38E64B4BC2E64B4B8E
:1022F000C0E64B4BBEE64B4BBCE64B4BBAE6343428
:1023000020784A4B012802D0002803D1484B114ABB
:1023100012681A70FAF7D0FADEE50E4A454B1268D9
:10232000511E8A411A70FAF7D3F90120FFF77AFBA0
:10233000D2E5084B1A68404B52E5064A074B126833
:102340005A77C9E53D4B95E63D4B07E6014B2834EE
:102350001B685DE5381E00204D1E00204C1E00202D
:10236000741E00204E1E00208A1E00202C1E0020FD
:1023700003070020930600204F1E00208E1E002021
:10238000931E002014070020FE050020961E00204A
:10239000751E0020761E0020C61E0020BC1E0020D8
:1023A000E11D0020FC050020171E00208C1E0020CF
:1023B0008D1E0020D01E0020F003DE00020400006D
:1023C000181F0020F07795020504000002040504A0
:1023D000EA210020E9210020EE2100203C1E0020FF
:1023E00000FEFFFFE4030020E61D00204001010085
:1023F00094A0010804C40108560000205C000020DD
:1024000032070020ED210020BF1D0020C81D002044
:10241000DA1D00202C0000203C0700209906002037
:10242000EC210020EB210020030000200A070020FF
:102430000907002008070020CA1E0020271E0020D0
:10244000C1060020F0B5614B614C1B788DB0012BAB
:1024500000D082E0F1F77EFF0020F1F705FF5D4933
:102460007120F1F7E9FCF1F7F5FF5B48F2F71CFB8F
:10247000C32170200902F1F7DFFCF1F773FF574821
:10248000F2F712FBF1F766FF50215548F2F702FC14
:1024900000217020F1F7D0FC30205249F1F7CCFC3C
:1024A000514D2B6832331B78042B07D123007A332C
:1024B0001C22FA211B784D48F2F704FC2B683233BA
:1024C0001B78023B012B2BD823007A331F78484E10
:1024D000002F09D0A0238022DB0552009A6101233E
:1024E00044483370F2F7E0FA3800F1F7BBFF2100FF
:1024F0002300220078310988743372321B881288D5
:1025000001912100763109883B4800910021F2F7C2
:102510006DFCA0238022DB0552009A6200233370F9
:1025200001200334F1F77EFFE37F002B10D02B68EE
:102530005B691B79023B012B42D830495220F1F7ED
:102540007BFC2F495120F1F777FC2E48F2F7ACFACB
:102550000020FFF767FA0DB0F0BD022BA0D12422B6
:10256000294903A806F0E5FF0020F1F77DFE0026CB
:1025700003AD698828780136F1F75EFC0435092E31
:10258000F7D10025214A6B005F20D15A0135F1F7C0
:1025900053FC072DF6D11E48F2F786FA1D49592043
:1025A000F1F74AFC1C48F2F77FFA68215920F1F74D
:1025B00043FC00217020F1F73FFC002158206DE71B
:1025C00016490720F1F738FC1549BBE78D1E00209E
:1025D0004C1E00201C3E000050C30000803801004B
:1025E0001E050000FEC10000381D0020AB090000E0
:1025F000441D002060EA0000AA1E00208F02000097
:1026000040800000400D0300A8A00108ACC10108F3
:10261000204E00006808000020BF02006F04000088
:102620004090000070B53A4B3A4EDB7F002B18D03B
:10263000D222394B52001A800022384B1A70384A85
:102640001378002B07D1737B364933730968364BF7
:102650001960012313700022344B1A70344B01327D
:102660001A70F9F795F9334B1C6863691868F9F724
:102670001BFC314D002812D0230028331B78012B7E
:102680000DD12A78022A0AD02C4A13700320FAF7B7
:10269000BFF9002302202B70F9F7CCFA70BD284B4C
:1026A0001B78002BF2D1230033331B78002B03D08F
:1026B000244B1B78042B1BD0234B1B78002B19D0E9
:1026C000062B19D834342478002CDFD10120FFF7F1
:1026D0006FF81E4B2A781C80002A0FD000231C4A5A
:1026E00013701C4A13701C4A13701C4A1370D5E7F0
:1026F0000120CCE70220CAE70620C8E70A22317E83
:1027000001314A431A801B88154A9BB21380E5E7C2
:10271000511E00204C1E0020BC060020520000204C
:10272000BC1D00201C1E00203C1D00202507002091
:102730002D1E0020381D0020350700200307002033
:10274000C91D0020261E00202F1E0020241E002050
:10275000C01D0020CA1D00209F0600209E060020EC
:102760008003002091210022F8B5304D304B8900C4
:10277000287032201A70F1F75FFBF1F73FFEF9F78E
:102780007DFF2C4C206803000833DF7F0369C18B79
:102790001A68868BF9F738FF236801201A0008327F
:1027A000D7779E83FFF73EF92A78234B234D002AE3
:1027B00031D001221A7023681A6908331068204A40
:1027C0002860DB7F1370F1F7B9FE2868F1F7A0FEEF
:1027D00001221C4B1A701C4B14321A701B4BEA322C
:1027E0001A701B4B1A7000231A4A13701A4A13707E
:1027F0001A4A13701A4A13701A4A13701A4A13703D
:102800001A4A13701A4A13701A4A13701A4A13702C
:102810001A4A1370F8BD1A7001235B422B60F1F75E
:1028200082FE32201649F1F707FBD1E7D31D0020C5
:10283000300700203C1D0020D51D0020E4040020AE
:10284000C92100202D1E0020E8040020DE04002005
:10285000DD040020E0040020DC040020B10600209C
:10286000B8060020B7060020BA060020AF1D0020E1
:10287000BE060020D61D0020D41D0020DF0400204D
:102880004502000010B5F9F7C5F9002819D00D4A26
:102890000D4B12789121DA7702220C4B32201A70FC
:1028A0000B4B013A1A700B4B89001A7000230A4A2D
:1028B00013700A4A13700A4A1370F1F7BDFAF1F760
:1028C0009DFD10BDE3030020521E002003070020E1
:1028D000930600202D1E0020FA1D0020DC0400209D
:1028E000DF040020F0B504000D00160089B01028A8
:1028F00000D9B1E3F0F714F8110011001100110034
:10290000110011001100110011001100F600C001AA
:10291000C001B40213038803AC03002916D00127B9
:10292000BF4D2F70FDF774FA0F2841D1BD4B1A68C7
:10293000002A3DDB092A09DCBB48BC4BBC49002E00
:1029400014D030348454FF220F701A70B94B1B78A6
:10295000012B09D1FDF75CFAB74B2E2802D02822B3
:10296000452800D1F0221A8009B0F0BDB34DA70070
:102970007F591D78AC46B24DA44502D01C702E7014
:1029800006E02B780133DBB22B70FB5C002BF6D01A
:10299000AC4C2B782478FB5C002C05D01C00613CEF
:1029A000192C01D8203BDBB2835401230B70CDE7F7
:1029B000002ECBD101272000FBF794FD9C4BA24CAD
:1029C0001F70A24B1B78002B27D12378BB4216D057
:1029D000022B62D10A209E4A267013785178434315
:1029E000CB18002B59D09B480078984205D39A4ABF
:1029F000013B1370994B1F70A8E711702770944B1F
:102A00001B78002B49D0934A12789A4245D3924AB8
:102A1000013B1370914B0122ECE0FDF7F9F9082816
:102A200012D12378052B00D890E7FBF773FDF9F757
:102A3000A1FB8B4B1B68998B64235843F9F702FA6F
:102A4000884B2670186081E702000D3A182A1DD8BD
:102A5000854BD3403B4219D02378032B00D875E730
:102A60000A237B4926700A7848785A4312185A4339
:102A7000887812185343CA78013A9B1880229BB277
:102A8000D20093420BD2774A13605FE7C0B204AA28
:102A900003A9F8F7ADFE002804D000232370022319
:102AA0002B7053E704990320632903DC02380929BA
:102AB00000DD013000221300654F26780197D7B260
:102AC000BE4206D8864201D1002222709942E6DB3E
:102AD000D9E70A277B43019FBF5C0132BC466344B0
:102AE0009BB2ECE7002900D130E7002A09D0FDF7BE
:102AF000D7FB002800D129E75C4B1B78002B00D0C6
:102B000024E70122464B514D1A702C78484B1A701D
:102B1000002C1ED1FDF77CF90300263B012B00D8C9
:102B200014E70E3801280AD90022504B1A700123ED
:102B30002B70454B1A703B4B013A1A6006E7494B24
:102B400022001868210080B2F9F708FC0028EBD1B8
:102B5000FCE6FDF75DF90F2800D086E2314C2368D2
:102B6000002B2BDA00223F4D1100286880B2F9F7C4
:102B7000F5FB002800D1E9E629682B4D89B2280031
:102B8000FAF712FD2800EFF7A5FE092807D80A2258
:102B90002021121A401906F09DFB0023AB72FF2181
:102BA0000023224A32481170254A29001370254A11
:102BB00023601370112206F0BCFCC7E6092B00D974
:102BC00053E2FF21194A1170002E15D00A23236009
:102BD0000022284B14491A70244B25481A701132D0
:102BE00006F0EEFC002800D03FE22870FFF74AFE16
:102BF0000022154B1A70A9E6013323600A2B00D07E
:102C0000A4E6E5E701233370F0E71A4B1F700023B9
:102C10002B70F8E70122174B1A7000232B70E5E7A1
:102C2000191E0020E4210020EF2100205B0000207D
:102C300057000020FF1D0020001E0020DCC30108FB
:102C4000DF210020E32100201B1E0020E8210020BE
:102C5000D0030020341E00203D1E002096060020D8
:102C60001C1E0020381E002007009001E2210020D9
:102C7000CE210020970600200B283AD10A3C002DD7
:102C800000D163E6002E04D10122B14B1E70B14B7E
:102C90001A70B14DEB7E002B05D1B04B1B78002B89
:102CA00001D0644264B2FDF7B3F807000F2834D1B5
:102CB000AA4B1B78002B30D0A94B1E68002E2CDBB2
:102CC000092E00DD42E61022A64904A806F031FCD8
:102CD000A548E4B2835D02AAE318DBB2D51D190052
:102CE00000222039C9B25E2906D91F2B0DD87E23B8
:102CF0000EE001246442C2E70132AF5C9F4202D180
:102D0000E318DBB2EBE7102AEDD17E2B00D92023AC
:102D10008355FF22954B1A70B8E0F8F77BFF021E2F
:102D200000D013E68D4B924E1978002922D191489C
:102D3000914B02781B78121B013B541C02D093422A
:102D400016DB1300012203708C4B32701A70FDF7F2
:102D50005FF8132800D1F9E51538012800D8F5E50A
:102D60000835EB7F002B00D0F0E5F0F717FEEDE51E
:102D70000B00E7E7082F12D1814B824D1B682868B2
:102D8000998B814B4C432018984203DC002802DACF
:102D90007E4800E01000F9F755F8286033E039006C
:102DA0000E39172913D87A4BCB40DB070FD5754D59
:102DB000243F2868A1B2012F2AD908181300210046
:102DC00080B2F9F705FB734B9842E6D11BE0F8B2ED
:102DD00004AA03A9F8F70CFD002814D1694D039942
:102DE00028680B00049A884203DB1300824200DD4E
:102DF00003006948E318834204D0994202DC9A42F6
:102E000004DB1A002A60012333709FE50A00F9E70A
:102E10008022624FD200904205D1012C1AD10123A9
:102E20005B422B603B80002328681A00081880B2A0
:102E30002100F9F7CDFA574B984200D028600023C3
:102E4000FA5E2B68012C07D19A4207DD8023DB0054
:102E50002B60D8E73880E6E79A42F7DB3880D2E784
:102E6000FDF71EFA002825D0002D11D1002E00D02C
:102E70006CE53B4A1368002B0ED000DC66E5013B95
:102E80001360FF22394B1A70454B1E70384BC2E558
:102E9000304B002E00D1BEE5F1F798FE0023404AEA
:102EA00013702E4A13702A4A13700122334B1A7082
:102EB0002F4B9FE6002E00D048E5002D00D145E5C0
:102EC0000124244B2A4D1C70364B1A78002A1FD13E
:102ED000224B1B78002B12D01D4E3378002BDBD0F9
:102EE000FCF796FF0828D7D1F1F770FE0A21337856
:102EF0002D4A013BDBB23370D1542C7026E52B4BAD
:102F00002E70DB7F002B01D1F0F748FD284B82E5C6
:102F10001E70284B1C70284B1C702C70F6E7002983
:102F200000D113E501220B4B1A70FCF771FF0F283B
:102F300044D10B4B1B68002B40DB092B00DD05E562
:102F40002A22002E00D103320749CA54E1E6C046C6
:102F50001B1E0020191E00204C1E0020E82100200E
:102F6000E4210020E3A40108EF2100205B00002001
:102F7000570000203D1E0020341E00209606002031
:102F80001C1E0020381E0020F5E0F505F6E0F505D2
:102F90000300C800FFFF0000FFFFFF7FE0210020CB
:102FA000E2210020FA1D0020D0030020541E002042
:102FB000BD1D0020281E00202D1E0020002E00D048
:102FC000C4E4F9F75BFB374B1B6834331B78002BE9
:102FD00048D1FCF71DFF0338012897D8324B1B78E6
:102FE000002B93D0F8F716FE0124304F304D002807
:102FF00007D12000FFF7B6FB2E4B2C703C701C70E5
:1030000084E72D4B3E7087E7FCF702FF0F281AD1AB
:103010002A4B1B68002B16DB002D00D196E4012102
:10302000274A1170092B00DD90E4002E02D0254ABA
:103030002231D154012224490B7853400B70FF21D7
:10304000224B197034E731002800F3F759FB7DE477
:103050000800F3F7A3FB79E4002A00D076E4002906
:1030600000D173E40222164BC4E5FCF7D1FE040044
:10307000312804D023000D3B022B00D9CAE5144EA1
:103080003778002F00D1BDE5012F00D0AEE5022337
:103090003370FDF7C5F9312C00D0B6E5FEF728FEF8
:1030A000F2F71CFE3C1D0020E8210020FA1D002044
:1030B0002D1E002057000020281E0020E4210020A3
:1030C000191E0020EF210020E32100205B000020DA
:1030D000E2210020F7B51400102800D95EE1EFF7D7
:1030E0001FFC11001100110011001100110011004E
:1030F0001100110011004100F300F30026014B0103
:103100005D015901002A2CD100292AD0A74B1B7838
:10311000012B36D1A64A1370FBF7E4F90222A54B26
:103120001A70A54B1A78032A1BD90A25A34A1C70CA
:10313000137851786B435B186B4391785B185D4350
:10314000D378013BED188023ADB2DB009D4218D24D
:10315000220021002800F9F701F9994B1870994BCA
:103160001D80F7BD002AFCD10029FAD0964B1A78B1
:103170000193032A05D0954B1B78002B04D1002A1C
:1031800004D18B4B02223FE0012AFAD00125874E61
:10319000874A34781570AC423FD0022C46D0002CC0
:1031A000DFD1002B18D18A4FFA213C682000F8F7B4
:1031B00049FE050087492000F8F744FE291BAC4270
:1031C00000D9611B021B844200D9221A824B914212
:1031D0001CD9022238601A70804B1B68D88B802360
:1031E000DB00984216D2012300223370754B110088
:1031F0001880F9F7B3F8724B18700223019A137014
:103200006C4A13700122764B1A70AAE700223D60C7
:103210001A70E1E702233370EFE7674B1B78002B4E
:103220009FD10222634B32701A709AE76B4F002BCA
:1032300030D1674B38681A68C18BF9F7E5F9694BEB
:103240001B78002B06D0684A3B6812781A71674ACF
:1032500012785A713B681A00083203CB03C25E4AE7
:103260001278DA77802338686149C58B4A7BDB00A6
:1032700054009D4220D2534B04321B8852005352BB
:103280000222C3830B534B4B1A705A4B1A800023F4
:10329000337066E721000020FAF7ACF9210028001E
:1032A000FAF7A8F9504A3B681178504A1971127818
:1032B00019735A715A73D5E78022038ED2009B1876
:1032C0009BB20A199380DBE701230B281ED100294A
:1032D00000D146E7002C04D10121374A1470344A4A
:1032E0001170434AD27E002A01D15B425BB22F4A61
:1032F0001278012A17D1334A1088C018431C07D00E
:103300008023DB00984204DB002002E05B42DEE722
:10331000394880B2108000221100F9F71FF8284BBD
:103320001870244B2EE7002C00D01AE729E7002A5A
:1033300000D016E7002900D113E701221C4B1A70B8
:103340001A4A1378012B09D0022B12D0002B00D07F
:1033500007E7FFF797FA174B1C7002E716490B783F
:10336000002B06D0013BDBB20B700A21134AD1546B
:10337000D7E700231370D4E7002A00D0F1E6002934
:1033800000D1EEE601220A4B1A70104B1878FFF7B5
:10339000E9F9E6E60800F3F701FAE2E6002C00D0CE
:1033A000DFE6002900D0ECE6DBE6C046D61D0020B3
:1033B000191E0020570000201B1E0020D0030020F3
:1033C000CA210020CC210020D51D0020D31D0020C3
:1033D000E404002071020000C92100201C1E00200E
:1033E0002D1E0020DC040020DD040020DE0400206F
:1033F0004C1E002032070020FF0300009A4200D23A
:10340000885470477047F0B591B0049316AB10CB59
:103410001A9F1B781B9D0290039100920593002C2C
:1034200001D110239D4380232A00DB001A4006921D
:103430001D4201D0002C1DD06123AA0600D54123D6
:103440000026DBB20A3B0194079318990198EFF725
:10345000F7FA079BCAB2D318DBB2092901D8303278
:10346000D3B208AAB354019B189A741C934201D397
:10347000202C14D102232A001A4007921D4220D189
:10348000013B2B40002F08D0002B06D0059A002AC4
:1034900002D10C32154200D0013F302207E0260055
:1034A0000190D2E7202C05D008A962540134199963
:1034B000A142F7D8002B04D03023BC4201D2202CEB
:1034C00017D1EB0634D5069B002B17D1002C15D055
:1034D000199BA34201D0BC4210D1631E012C0CD019
:1034E000189A023C102A0CD0189A1C00022A1BD1F0
:1034F0002DE008AAA3540134DFE71C00189B102B11
:1035000020D1AB0608D47823202C08D12024009B9E
:10351000AD0737D125002AE0202CF7D0582308AA80
:1035200013550134202CF1D0302308AA135501344F
:10353000202CEBD0059B002B0BD02D2308AA135574
:103540000134E4E7189B022BECD1202CDED062235F
:10355000E5E76B0701D52B23F0E72B07D7D5202311
:10356000ECE72020049B0399029EB0470135009BA5
:103570001A1B5219AF42F4D80026A74200D33E1BB3
:10358000009BF31825000193019B1819421B002D85
:103590000AD1079B002B05D0009BC41A009B181969
:1035A000A74209D811B0F0BD08AB013DE85C039912
:1035B000049B029EB047E7E70200049B202003998A
:1035C000029DA8470134E9E7F7B59C460025194C50
:1035D000A688864220D8E388F31898421CDA1B1A82
:1035E0009BB20D1C994200D91D1C8027ADB20195DC
:1035F00025687F04BD4219D115606246019810808C
:10360000089A002A11D02268BA420ED000229942AC
:103610005241089B1A7008E0013508340D2DD7D1AE
:1036200080235B04136063461980F7BD801B80B262
:103630002D18E1E7DCC70108030000202F2B0FD86D
:10364000084A5B009A5A084B08499B7D9B075B0F11
:10365000595A914204D806495B5A9A4292415042C3
:103660007047C046461D00204C1E00202CAF0108AC
:1036700034AF0108F8B50E00040030252F27FF2CC9
:103680000ED02F2C0ED82000FFF7D6FF002805D132
:10369000A419013DE4B2002DF1D1FF242000F8BDB2
:1036A0003C00F0E70024EEE7084B09499B7D02004F
:1036B0009B075B0F0748595A185A8A4202D3824225
:1036C00001D8100070470800FCE7C0464C1E0020DF
:1036D0002CAF010834AF0108094A1378002B08D138
:1036E0008020084980018861032101330B40137059
:1036F0007047032BF8D18020024980018862F3E7EC
:10370000EC04002000080050044A054B12684008F1
:10371000128EA0389B5618187047C0463C1D0020DA
:103720001E000020054A064B117810700122197006
:10373000044B1A70044B1A707047C046AE2C002020
:10374000AD2C0020AC2C00208100002070B50F4A69
:103750000F4B52790F495200D55A04008D4213D1B4
:103760000D49EFF76DF90800AF218900EFF7E2F896
:10377000454303384342584107492D182000EFF7CD
:10378000D9F8054C44432C19200070BD840000205A
:1037900004C7010841030000C4090000084B0948A0
:1037A0001A890949131C824201D9084B1B88002041
:1037B0004A8804339BB29A424041C0B27047C04627
:1037C00084000020FBFF00009C2C0020DEA00108EC
:1037D0000022024B1A605A601A8170479C2C00200C
:1037E000024B034A5B795B00D05A7047840000208B
:1037F00004C701080A4B10B51B68002B0BD0094AFF
:103800001468E41AFFF7ECFF01002000EFF792F8CC
:10381000013080B210BD8020034B1B791841F8E7BE
:1038200028070020780400208400002010B5FFF74E
:10383000E1FF0400FFF7D4FF604310BD10B5064B55
:103840001C68064B5B79032B03D8FFF7EFFF40089A
:10385000241A200010BDC046982C002084000020AF
:10386000064B10B51B68002B02D0054B186810BD25
:10387000FFF7DCFF034B1B68C018F8E728070020A0
:1038800078040020982C0020034B044A1A60002280
:103890009A801A811A617047802C00200000FFFF77
:1038A0000122264B70B51A70FFF7EEFFFFF798FF65
:1038B000234DA882FFF79EFF224E0400E882011CE0
:1038C000802823D98021802089B24001EFF7BCF8FD
:1038D000C0B2031C402800D94023DAB2102A00D21B
:1038E000102300223370184B1E78184B1A800123C6
:1038F000174A1380802C0ED923007F33DB091380F5
:1039000000230126EB80FFF799FF0CE083B2102B18
:10391000D9D21021D7E7002EF2D1012CF0D9631EA5
:10392000EB80FFF79DFF0B4B0B4A1E700123A34258
:103930009B415B42E860137070BDC0467B00002075
:10394000802C00207C0000207A0000206E2C0020BB
:103950007800002077000020760000201E4B70B514
:103960001B78002B1FD11D4B1D4C5B88A3421AD026
:103970001C4D1D4A2E881189A64207D0A14205D0B0
:10398000032070430233C3189B089BB22B80174D52
:1039900017482D78405D1B189BB2A14204D11381BA
:1039A0000122144B1A7070BD5D1AACB228B22D04FE
:1039B00001D5CB1A9CB2042CF5D904230C2C04D8C5
:1039C0000233A3429B415B4201339BB2002801DAE0
:1039D0005B429BB25B18E2E7AF2C0020802C0020FA
:1039E000FFFF0000740000208400002082000020FF
:1039F000DCC601088100002010B50C4B0C4A586849
:103A00009188002807D080201C88C000844202D200
:103A10005888884208D2002059801169188059605E
:103A200012891A81FFF79AFF10BDC0469C2C002016
:103A3000802C0020044A054B1268A030128E9B5641
:103A4000C01A400080B270473C1D00201E000020BC
:103A500070B5084DE868FFF7EDFF2E89040028696E
:103A6000FFF7E8FFA64203DD0400B04200DD3400AA
:103A70002C8170BD84000020124A052170B51369A5
:103A800000281DD0D5685B182C000A34A34203DD42
:103A90001C000A2B00DD0A241461FFF7D9FF022263
:103AA000094B1A70094B013A1D60094B1C60094B08
:103AB0001D60094B1C60094B1A70094B1A7070BDD0
:103AC0004942DFE784000020882A0020700000209F
:103AD0006C0000206800002064000020AC2C002056
:103AE00081000020002210B5034B2D211A600348ED
:103AF0000A3205F0EFFB10BD842A0020782A00204E
:103B0000F0B5455C401815701D70002906D0441EA4
:103B1000247801261F2C05D97E2911D84478002647
:103B20001F2C0DD82C19013464101778E4B2A74269
:103B300000D914701F78A74200D21C70002EEBD160
:103B4000F0BD00000B4A10B513880B4C01331380F5
:103B500024780A4AD388D168908A002C05D0013392
:103B60009BB20918D380D16010BD013B9BB2091AEA
:103B7000F8E7C0469C2C002077000020802C002015
:103B800070B5124B124D1A88EB88E98AD3189BB294
:103B9000994207D9A88AEB805043EB681818E8606F
:103BA000002070BD0B4B1C880134A4B2A24203D884
:103BB000002201201A80F4E7A142F5D91C80EC8094
:103BC000FFF73CFEAB8A6343E8E7C046780000207D
:103BD000802C00206E2C0020020000200B4B70B5C2
:103BE0001D680B4B1C68291B81420EDD230094428B
:103BF00003DC2B00954200DD13001B1B0F246343E5
:103C000048101818EEF720FF204070BD6400002017
:103C100068000020074B984203D1074B18680A3808
:103C20007047064A064B12684008128EA0389B5611
:103C30001818F5E7FFFF0000680000203C1D002079
:103C40001E00002030B5CB01084D1B185B08140086
:103C50000F21EA5CC00704D58A4321400A43EA5495
:103C600030BD0A4024012243D2B2F8E723260020C7
:103C7000F7B501220407154B0191640F02400F288C
:103C800004D90009124B0138C001C31801252E00C8
:103C9000A640002492010F4F9B1800200200195CDF
:103CA0000E4203D0290081400A43D2B201300828D5
:103CB000F5D13878002801D0D243D2B20199083327
:103CC0000A550134082CE8D1F7BDC0463D07002055
:103CD000B31900203C07002070B505000E00064B0C
:103CE0001C68002C00D170BD2369002B02D031006C
:103CF000280098472468F4E758190020002A0AD0C1
:103D0000054B80008A18C01892B20B7801310370FD
:103D10008BB29A42F9D17047205C00407047000096
:103D2000F8B5184B0D00DC681E69FFF7EDFC640068
:103D300076002300371B4000844203DA33008642BA
:103D400000DD03001B1B6B43781018183900EEF7D9
:103D50007BFEC6B26E430400331E05D0751CADB2A7
:103D60006D089D4204D3DBB2E0B2C0184008F8BD34
:103D700029003000EEF7DEFD80B240192B00450827
:103D8000EFE7C04684000020F0B51F00AF4B93B0B2
:103D900015000B9009910A93002800D0E5E1002658
:103DA000FCE00135252806D03200741C099B0B99D4
:103DB0000A9EB04764E10023012008242A78691C88
:103DC0002B2A16D00BD8202A15D0232A15D0110063
:103DD0003039092930D800220A24079215E02D2A0B
:103DE00004D0302AF3D103430D00E7E70222134346
:103DF000FAE70422FBE72343F6E71022F7E7050082
:103E0000079A6243303A8A1807922978681C0A0098
:103E1000303A092AF3D900212A7808912E2A25D18F
:103E20008021C9000B4369786A1C080030380928D2
:103E30003BD815000A2413E0002107912A2AEAD171
:103E400004CF07928A4203DA023152420B430792AF
:103E50000135E0E70500089A6243303A8A18089273
:103E60002978681C0A00303A092AF3D92A78691C93
:103E70006C2A2AD024D8682A2FD06A2A36D02878EB
:103E80000135782890D8632833D8622800D16FE1B3
:103E9000632800D1A5E0252886D0582884D1202287
:103EA0001343103A0C218B436DE12A2906D104CF2C
:103EB0000235D143C9170A400892D7E71500D5E764
:103EC0007A2ADCD1802252000BE06A786C2AF9D180
:103ED000C022920013430235D1E76A78682A03D0E2
:103EE00080220D001343CAE7C022F3E7802292002C
:103EF000F7E7010001226439C9B28A401100544C2D
:103F00002140224212D1732800D1BBE0702800D09A
:103F10004AE721221343059308230493089B019148
:103F200003931023029308CF00934BE16F2800D036
:103F300020E10822B6E77828B4D093430A22642807
:103F400000D120E1AEE758060DD5C8B20593029224
:103F5000079BC20F0192C21704938018089B504020
:103F6000039300902EE108001C06EFD508B2EDE7A0
:103F7000002913D13C1DD80521D50593079B02923A
:103F80000493089B019103933B6800933200099BC3
:103F90000B990A98FFF737FA2700060028780028BF
:103FA00000D0FEE6099B32009E4200D35A1E00203C
:103FB000099B0B990A9CA047300013B0F0BD3968EB
:103FC00058060AD5C9B20593079B02920493089B31
:103FD0000091039300230193D8E71806F3D589B223
:103FE000F1E70222190011400C9113422CD0012359
:103FF00001CF320008930B99099B741CC0B20A9E32
:10400000B0470C9B002B3BD0089B22000C932CE06C
:104010002020099B0B990A9CA047089A0799531CDA
:1040200008939B1B9942F3D80A00531E9A41002320
:10403000D1B29A4201D0079B013BF6180223002916
:10404000D6D0079B0133D3E73200E7E705340108F8
:1040500021081200531C0D932020099B0B990A9EE6
:10406000B0470C9B0D9A01330C93079B0C998B4224
:10407000F0D8079A089900238A4200D3531AE4180B
:1040800026008BE7390004C90D92089A0E91002A88
:1040900001D1012252420D990C008A182178002981
:1040A00001D0A24214D10D9A1900A41A8022D20084
:1040B00011400F91134203D0089A944200D9140082
:1040C0000222190011401091134217D1320009E069
:1040D0000134E3E7531C0C932020099B0B990A9FA2
:1040E000B8470C9AA31B0799D3189942F2D800231A
:1040F000A14200D30B1B0134F618E4180C960AE019
:1041000008930C9B0C9A013311930B99099B0A9FFE
:10411000B847119B0C930D9B0C9A9B1B985C002835
:1041200007D00F9B002BECD0089B089A013B002A7C
:10413000E6D1109B002B15D00C9A06E0561C2020CF
:10414000099B0B990A9FB84732000C9B0799E31A09
:10415000D3189942F2D80023A14200D30B1B0C9A2A
:10416000D3180C930E9F0C9E18E71A4B0A9316E671
:10417000022297E610226F2800D9DCE693430A2238
:10418000692800D0DBE6590501D501218B43802148
:1041900089001940692802D0642800D0E8E6002987
:1041A00000D0FBE602CFD80500D4CCE60593079BF0
:1041B00002920493089B0393CB0F0193CB17C9186A
:1041C000594000913200099B0B990A98FFF71BF99F
:1041D0000600E3E6FD33010870B5002901D1002A8D
:1041E00027D114244443194B1B191C00CC342478C8
:1041F000002C1ED01E00164CD036A57BA07331605B
:104200001900D4310A600022D833EDB21A6090420E
:1042100012D1104A1178CBB201290BD0062B09D04C
:10422000002B05D1217C40330B43237403231370EF
:10423000A57370BD0523FAE70423627A13430122B4
:104240006372637E93436376F2E7C04620220020C8
:10425000005C004001220020F7B513007F221040CF
:10426000002901D1002B17D114224243354EB21838
:1042700014002C3424780092002C0DD0324CA57BF5
:10428000EAB20192A073677D01253A002A40944664
:104290002F4202D0019BA373F7BD009A009F1163C8
:1042A00053636246BA6300283ED1284D2F78FAB294
:1042B000012F1FD0032A03D0002AEBD1002B03D1FA
:1042C00048232374443B0EE040222274328D9342F3
:1042D0000BD81F4E3678002E07D19AB2FFF70EFD8D
:1042E0000A23237401232B70D4E70020FFF706FD77
:1042F0000223F6E7002B05D1154A13700A33237405
:10430000043BF0E7328D934209D8114D2D78002DF2
:1043100005D19AB2FFF7F2FC0A232374BAE7002012
:10432000FFF7ECFC0223F8E7002B05D0B28F934295
:1043300005D92800FFF7E2FC01236375AAE79AB2CA
:10434000F7E7C04620220020005C00400122002048
:10435000002200200B003F2210B51140134206D16D
:10436000002B04D00A008120FFF776FF10BD002249
:10437000014B1A70FAE7C046C32C00200E4B10B553
:104380009968DA680918121A9960DA6003D08020F7
:10439000FFF762FF10BD187D002802D011001A75CA
:1043A000F5E7DA88002AF5D01B787F2BF2D90200D6
:1043B0000100FFF711FFEDE7EC0000207F220F4B1B
:1043C0000240997B40B2C9B29A7300280FDB002AE1
:1043D00007D107200A4A10706022187C02431A7421
:1043E00003E02022587E02435A7699737047002AD0
:1043F000EFD01022587D02435A75F6E7005C00406A
:10440000012200200300F7B57F201F000740034270
:1044100012D14021404B414A180011801A001985E1
:10442000CA32190017700122CC302A312C330270A5
:104430000F701A700020FEBD7820034268D15BB275
:104440009C46374C1423A07B4D1EC0B26E42754172
:10445000019060467B43304EA773AD01F3180028EE
:1044600029DB1F00C837B9700121CC33EDB23A8087
:1044700019702576637E0B4213D090236376082A49
:1044800011D902210B000131DD00AA420ED82A0009
:1044900092B2DBB2A3767368D218019B7260A373E9
:1044A000C8E78023EAE708220123F1E74129E9D19F
:1044B00000220123EDE72A2084469C4460460170D7
:1044C00001211A852C331970B940A37A0B43DBB252
:1044D000A37220232B432375637D9B070ED54823AE
:1044E0006375082A0CD902210B000131DD00AA42B4
:1044F00009D82A0092B2DBB2A375CCE74023EFE7DC
:1045000008220123F6E74129EED100220123F2E738
:10451000012040428FE7C04620220020E8220020F0
:10452000005C004010B54279037912021A4303235C
:10453000C178520519408078520DFFF763FF43425E
:104540005841C0B210BD00006022F0B5A24C85B049
:1045500023781A40202A00D14AE1402A00D175E18F
:10456000002A23D103321340012B00D16EE0022B2D
:1045700000D1D6E0002B19D160786588092815D8BC
:10458000EEF7BAF9760C140C14050E142A2EEDB2BF
:10459000002D01D1914B1D70914B1D70002373E1D3
:1045A0002A0AEDB2032A04D1EE2D04D1002005B071
:1045B000F0BD032AFAD80021A369D6B218780028E2
:1045C000F4D05F78B74203D18D4200D154E101317C
:1045D0001B18F3E71B7857E1824BA360012353E1DB
:1045E000FF270020A669EDB200973178002908D195
:1045F0005E22AE23FF325B00A55400281BD1E0549D
:10460000CCE77378042B08D0052B0BD0022B06D1F6
:104610007779BD4203D1012001E0F378009333782C
:10462000F618E2E7BD42FAD1009B002BF7D130002B
:10463000FFF778FFF3E701220720E254FFF74CFB76
:10464000802202206849FFF7C7FDA7E75E23FF33FA
:10465000E35C002BAAD06078638827790B28A5D863
:10466000EEF740F906A4A4A4A4A40DA4A4A42D319B
:104670000023A2681370A2685370022304E11B0A8E
:10468000212B0CD1594B1B68002B00D18EE75A1CF3
:10469000D27FBA42F7D15B69A3600923F4E0222BF1
:1046A00000D083E7514B1B68002B00D17EE75A1CDA
:1046B000D27FBA42F7D19A69DB69A260E4E00022B6
:1046C000A3681A708AE7DBB2FF2601930023A5696D
:1046D000009602932B780393002B05D108200299B2
:1046E000FFF7FAFA039BCFE06B78042B04D0052B7D
:1046F0000DD02B78ED18EDE7EB78AE780093B7424C
:10470000F7D1019B009A9342F3D10295F1E7B742AA
:10471000EFD1019B009A9342EBD12800FFF702FFF3
:10472000E7E75E23FF33E35C002B00D13EE7A2887E
:104730006378D0B2012B1DD0032B45D0002B00D0C5
:1047400034E77F331840254B997B9873C9B2120622
:104750000BD4002802D0587E8006C00F0022997327
:10476000A3681870A3685A7087E70028F6D0587DB0
:10477000C006F2E76388002B23D17F331840174B24
:10478000997B9873C9B2120610D4002804D11A7C00
:10479000043082431A7407E060205A7E82435A76BE
:1047A0005A7E203002435A7699736EE00028EED08C
:1047B00030205A7D82435A754022587D02435A75F3
:1047C000F2E700232361F1E66588002DF9D1FFF7B8
:1047D000F5FD256159E0C046EC000020005C00407A
:1047E0002022002049020020C42C0020581900205B
:1047F00003221340012B17D1254B22791B68002B74
:1048000002D1012040420AE05D68002D0AD0591C07
:10481000C97F914206D120001E4A1F49A847C043C4
:10482000C00FC4E61B68EAE7022B00D0BEE6184BB7
:10483000A2881B68120A002BE3D09D68002D03D0CC
:10484000591CC97F9142E6D01B68F4E7104B1D68E4
:10485000002D02D1012040420AE0EB68002B01D17B
:104860002D68F5E720000B4A0B4998470028F7D13F
:104870000123013018409AE6A360022A00D0A9E67D
:104880009A78DB781B021343236101208FE6C04630
:1048900058190020FC000020F400002070B500280A
:1048A0001ED1002910D0144B9D68DC686D18641A65
:1048B0009D60DC600FD1114A9A60FFF745FE002829
:1048C00003D18030FFF77AFD70BD220021008020E7
:1048D000FFF7C2FCF8E722002900FFF77DFCF3E7B1
:1048E0007F230340044A4E339B00D2185368002BA9
:1048F000EAD09847E8E7C046EC0000200801002015
:104900000023180010B5094A094914888C4200D1C7
:10491000108001330232802BF7D11E22002105487E
:1049200004F0D8FC0022044B1A7010BD6E2B00203E
:10493000FFFF0000502B00204E2B002010B5194C1B
:10494000E08AC10907D18022174B121A4000520099
:10495000C01804F0BFFC154A1378002B0FD0013BA0
:10496000DBB21370002B02D10122114B1A7001220D
:1049700010490B7853400B700F4B1A7010BD0F4B42
:104980001B78002BF3D1A088FEF7BEFE0C4A053041
:10499000D3680A33834200DA03000A2B00DD0A23BE
:1049A0001361E4E7802C00206E2B0020882A002071
:1049B000810000207A00002062000020AF2C00203F
:1049C00084000020802210B5D2000021084804F0A5
:1049D00081FC0022074B1A70074A084B12681A60C4
:1049E000074A084B12681A602022074B1A7010BD44
:1049F00023260020232A00207000002068000020C9
:104A00006C000020640000207C00002013B5082208
:104A10000021684604F05EFC082269461548EFF75D
:104A200023FE154C0521637922791B019200134363
:104A3000E27A206913436A46137006220F4B8230D4
:104A40001B785B0013400E4A127813436A4653707A
:104A5000EDF7FAFF6B46987023890A4A934200D11A
:104A6000FF236A466946D370024800230822F0F704
:104A7000C7FA13BD48A10000840000208200002076
:104A8000AF2C0020FFFF0000F7B5154B0D1E019362
:104A90000CD0144E3368002B08D0B3681C68019BFF
:104AA00000937368002D07D1B3681C608022022038
:104AB0000199FFF791FBF7BD27001C1BBB42FBD000
:104AC000AC4200D92C00306822000099C01904F0D3
:104AD00030FD009B2D1B1B1900933C19E1E7C046DC
:104AE000C42C0020A41900204378212B15D0222BA0
:104AF00004D0203B5A1E934158427047C3788278B5
:104B00001B021343180001220C491040134202D02B
:104B10000A700020F1E70870FBE780200B68002195
:104B20004042187004305870D970197159719A3018
:104B300008319870997107231360EAE7A3240020D5
:104B4000F7B500250700FA242E0001910520EFF7A4
:104B5000ABFF3B690199320099430B005E425E4115
:104B6000964206D10135962D04D15A1E9341D8B2F2
:104B700004E00125013C002CE8D12000FEBD00002E
:104B80000C224243054B70B59B1818795D79DC887F
:104B9000EEF718FF2841204070BDC04624C7010829
:104BA00010B5FEF7D3FD0400094B1860EFF750FB7A
:104BB0002000EFF7C3FC3020EEF704FF04000021D3
:104BC0003020EFF739F921003020EFF735F910BD2B
:104BD000A82C002010B5054A054B5068D8605188B4
:104BE00019801289DA80FFF7DBFF10BD9C2C0020B2
:104BF000802C0020414BF7B51A780400824251D036
:104C000018703F4B3F4D404F404E019300284AD013
:104C10003F4B1868002805D03E4A036912681A60A5
:104C2000F7F70AFC0020FCF7FDFE3B4B002019784B
:104C3000F7F7FAFD39492B680978394A03335B1ACB
:104C4000052001211360EFF789FA3020EEF7BAFE54
:104C500080218900014389B23020EFF7EDF88024EC
:104C60004720EEF7AFFE6400204381B24720EFF704
:104C7000E3F8FA204000EFF717FFA023DB059C6163
:104C800000233B70274B019A5B8843203380D27A04
:104C9000254B5200D15AEFF7CFF880213F20C900B1
:104CA000EFF7CAF8F7BDA0238022FA20DB055200F7
:104CB0009A624000EFF7F8FE3020EEF783FE1B49C2
:104CC00001403020EFF7B8F84720EEF77BFE184997
:104CD00001404720EFF7B0F821000520EFF73EFA3A
:104CE00001235B422A683380124B3C701A60019B9F
:104CF000114A5B7943205B00D15CD1E78000002042
:104D000084000020CC0500207C2C00207E000020A8
:104D10003C1D0020A82C0020742C00207C000020CA
:104D2000702C00209C2C0020E0C60108FFFD000034
:104D3000FFFE0000782C0020E6C6010810B5FEF743
:104D4000AFFD104CE068EFF7F9FB3020EEF73AFECC
:104D50000D4A0E4B10401880FEF73AFD0020FFF779
:104D600049FF01220A4BFF211A7001237F325B4267
:104D70000848638004F0AEFA40220021064804F09F
:104D8000A9FA10BD802C0020FFFDFFFF8C2A002017
:104D90007B000020CE2A00208E2A002070B58022C1
:104DA00080256124144B6D42644200215200134857
:104DB000DD601C6104F08EFA8022FF21104804F0AF
:104DC00089FA002140220F4804F084FA00220E4B99
:104DD0001A800E4B1A700E4B1D600E4B1C600E4B52
:104DE0001D600E4B1C60FFF7A9FF01220C4B1A70CF
:104DF0000C4B1A7070BDC046840000206E2B002042
:104E0000CE2A00208E2A00208A2A0020882A00200C
:104E1000700000206C00002068000020640000206A
:104E2000AC2C0020810000200300013870B5C4B212
:104E3000112800D9AFE0EDF75FFD0921AEBDAFAE9F
:104E40000921AED43A3AE0AEAECEAE89804D6B7950
:104E5000012C0ED800220E2B01D00133DAB26A7178
:104E6000FEF7E4FC40082860FFF768FFFFF748FD05
:104E700014E00E22002BF2D0013BEFE7FEF7B0FC6E
:104E8000734A8000136880B2012C0AD171498B42A9
:104E900001D8C01810607048EFF706FE6F4B012272
:104EA0002FE06F498B42F6D91B1A1360F3E76D4A66
:104EB0001278002A2DD06C4AD57E0B2B01D001230D
:104EC0005D400020FFF796FEFEF7DEFCFEF780FC5B
:104ED000FEF7E6FC654C664A002D02D1E38A012B01
:104EE00011D8012313700023E380FEF7A7FC0022F2
:104EF000604BE0601A70604B1A70584B01321A70A8
:104F00005E4B1A7047E0013B1570E380FEF7A8FC8A
:104F1000EDE75B4A1268002A3DD1534AD27E0B2B43
:104F200001D001235A4057490B68002A07D0564A3E
:104F3000934230D8464A12689B180B6094E7534A54
:104F4000934228D9424A12689B1AF6E7504B0F2128
:104F50001878504D421C1A704F4B1C89EDF770FDAC
:104F6000C9B24900414B4C53D98AE0B2802906D9D5
:104F7000E001EDF7DFFC7F2800D97F20C0B20122DD
:104F8000464B40005242C252FEF722FC0020FFF77F
:104F900031FEFEF779FC70BD394B1B68002BFAD14E
:104FA0003F4A13703F4A1370FEF79CFD0120FEF745
:104FB000B9FBF0E7324B1B68002BECD1244C0322E9
:104FC0002379002B01D0013BDAB22271FEF72EFCCF
:104FD0004008206048E70220FEF7A4FBFFF7FAFD37
:104FE000D9E70123304A11784B40137003D10122D5
:104FF000174B52421A81214B51E72C4B1C78002C45
:1050000001D000227DE7FFF701FD294B1C70F8F766
:1050100091FF284B1968002906D0274B1A68002AEF
:1050200002D009691C600A60244B00241868FFF74D
:10503000B7FD234A6300D15A224B185D0134EEF7C5
:10504000FBFE072CF5D101221F4B1A701F4BD8E72E
:10505000840000203F0D0300A0860100AC2C00203E
:1050600010270000800000204C1E0020802C002013
:1050700077000020620000207B00002081000020DB
:1050800028070020982C00207FA4BF0740771B0032
:105090004E2B0020502B00209C2C00206E2B00203B
:1050A0002B2A00202A2A0020AF2C0020442A00208E
:1050B000841E00203C1D0020402A00203C2A0020A5
:1050C0002C2A0020C8C60108030700203A2A002025
:1050D00070B53224FF256320EEF774FC2840C72802
:1050E00006D9013C0120E4B2EFF7DEFC002CF2D13E
:1050F000EFF7CEF9EFF7CCF9154B0400DD8A1880F5
:10510000D888802D06D92900C001EDF713FC7F282F
:1051100000D97F200F4EC0B20F494300B44203D1E3
:1051200001225242CA5207E0CA5A802D0AD9B2421D
:1051300002D0A24201D8CC5270BD032042431219C2
:105140009208EFE7A242F6D912195210EAE7C046D8
:10515000802C0020FFFF00006E2B002070B5284E31
:105160008AB03000EDF7B6FB8022041E254D26489C
:1051700015D1210004F0AEF880222100280004F0AF
:10518000A9F80323220002212048F8F793FF042303
:10519000220002211E48F8F78DFF0AB070BD0021E1
:1051A00004F098F880220021280004F093F8112CD4
:1051B00006D80323002202213000F8F7EBFFECE7CA
:1051C00005AD11223100280004F0B3F900220323B9
:1051D000113C022128006A74F8F7DCFF231CA4B2FA
:1051E000112C00D911239CB222000A49684604F010
:1051F000A0F96B46002202211A5568460423DCE719
:105200004B050020B31B0020331B002028A90108F8
:1052100035A901085C05002010B5044B1B78FF2B55
:1052200003D0034A9B009B58984710BDFF1D0020E8
:1052300044C8010870B50400FF281CD00E4D2B781F
:10524000834214D0F1F718FA00230C4A13700C4A69
:1052500013700C4A13700C4A13700C4A13700C4AEA
:1052600013700C4A13700C4A1370EFF7C5FA012241
:105270000A4B2C701A7070BDFF1D00201B1E0020F1
:10528000E8210020FA1D0020E01D0020DF1D002085
:10529000E2210020FB1D0020DD1D0020281E002033
:1052A00000200122064B10B51870064B52421870B0
:1052B000054B1A80054B02321A70FFF7BBFF10BD79
:1052C000920600209106002026000020F31D0020F9
:1052D00010B5802205490648EFF7C6F9E0220549D6
:1052E00005489200EFF7C0F910BDC0463D07002009
:1052F00008100100B3190020881001000EB403B596
:10530000012103AB04CB49420193FEF73DFD02B0FE
:1053100008BC03B018470000F0B589B0F9F714F8DD
:105320000520F8F7F9FF08230093002302211A0053
:105330005F48F8F77BFE5F4C5F4BA67D0A21B507FF
:105340006D0FE85AEDF7F6FA83B25C4F0393B60798
:1053500000D15B4F5B4B0A21585BEDF7EBFA5A4EDD
:1053600080B23B003100039A009004A8FFF7C6FF0B
:10537000062304A800220121F8F79CFE534D54484F
:105380002B78002B12D1534B53481B78002B0DD197
:10539000524B1B78002B33D1E27C002A23D0A27C15
:1053A0004F49013204A8FFF7A9FF04A80A237F226E
:1053B00000930021073BF8F739FE2B78002B06D12C
:1053C000E37C002B46D0474B1B78002B42D0464B4A
:1053D0001A78444B1B78002B1BD14449013204A896
:1053E000FFF78CFF2DE0A38A41495000085A013293
:1053F000834201D13F49D5E7302AF6D13E48D5E76F
:105400003E4B3F481B78002BD0D0374B3D491A7894
:10541000C8E73D4B02AA13812D233C4993720A78B9
:105420000A2A01D03032D3B202AAD3724B782D228D
:105430000A2B01D03033DAB202AB1A73002302AA6E
:1054400053730A237F2200930021093B04A8F8F735
:10545000EDFD22E01F4B1B78002B01D0A27CBCE7A6
:10546000204D2B78002B1CD1A68A0A213000EDF7A5
:10547000E7FA30008CB20A21EDF75CFA23002449E8
:1054800082B204A8FFF73AFF2B7824215A425341F5
:1054900004A80122DBB2F8F79DFEEFF70DFA09B080
:1054A000F0BDF9F737F81B490200C31CE9E7C04615
:1054B000B5A401084C1E00202CAF01083FA3010831
:1054C00072AA010834AF010851A90108FB1D002090
:1054D0003FA90108DD1D002045A90108DF1D0020AE
:1054E0005AA901081B1E0020A61D00207CA9010846
:1054F000461D002065A9010899A60108AA1D0020E3
:105500004AA9010871A9010843480000D0030020FE
:1055100084A901088BA9010800B580220021124846
:105520008BB003F0D7FE114B1A78114B022A09D029
:10553000104B1A78104B002A04D1104A1278002A16
:1055400000D10F4B0F48104A007812780F49009095
:1055500002A8FFF7D3FE06230022022102A8F8F7D3
:10556000A9FD0BB000BDC046B31C0020F60500200D
:10557000ADA20108E605002070A70108F105002092
:1055800095A901085E0000200100002099A90108EA
:1055900070B508490400EDF753FA20000D000549E5
:1055A000EDF7C8F9044C02002B0020000349FFF777
:1055B000A5FE70BDA0860100582A00205AA201084D
:1055C000F0B587B0002801D1354B1868FEF7BEF85A
:1055D0000500FFF7DDFF2B220127324C11000023CD
:1055E0002000F8F767FD304E304B327D3049920095
:1055F000D2182000FFF782FE00233A007421200019
:105600000097F8F747FEF27A2A4B9200D2582A49BF
:105610002000FFF773FE002307226C212000009773
:10562000F8F738FE2800FEF791F8244B05004922D0
:1056300018000021039303F04DFE214B1B78002B33
:1056400024D0204B204E1A68954216D000241D60AD
:1056500034700022A7B211003800F6F77FFE002850
:1056600018D00822200104A9EEF7FEFF049B9D42FA
:1056700010D139003000F7F797FF3378002B05D0B1
:1056800006223000114B0399F8F7B0FCEFF722F92E
:1056900007B0F0BD80230134DB009C42D9D1ECE798
:1056A000A82C0020582A002084000020C4B501083E
:1056B000A6A90108D0C60108AAA901086807002008
:1056C00080000020542A0020452A00204ABA010800
:1056D0000CB407B504AB04CB0193FEF755FB03B044
:1056E00008BC02B018470000002270B5040010008A
:1056F0000B4E93B2994200D870BD0825A35C1B02E3
:10570000584003B2002B07DA5B00734098B2013DAA
:10571000002DF6D10132ECE7400080B2F7E7C04639
:1057200021100000F0B5802704000E00150085B0A0
:105730007F04002D01D105B0F0BD002300930A3392
:1057400020006B4403AA2900FDF73EFF6B46039837
:105750005A89B8420BD3FF21300003F0BBFD6B46E2
:105760005B891C19ED1AA4B2F618EDB2E1E731001D
:10577000EEF77AFFF3E7F0B504000D00082685B0D8
:1057800009270A236F4420006B443100009703AAC5
:10579000FDF71AFF802303985B04984205D26A46FE
:1057A00029003B785289EFF72BFC6B465B89F61A90
:1057B0001C19B6B2A4B2ED18002EE1D105B0F0BDAF
:1057C00030B58024094A4118884208D130BD013BD8
:1057D0001568254205D1002BF9D10130F4E7044BBF
:1057E000F6E7002BF9D003785360F6E70038014064
:1057F00010270000F7B50F001400012827D00F264E
:105800002B4D030033403A5CEB5C53403B5401307A
:105810008442F6D86A46274B684604211380548098
:10582000FFF7CEFF21003800FFF7CAFF2300334007
:10583000EB5C0134DB4301A8344003702B5D042191
:10584000DB4343701C4B4380FFF7BAFF2FE0902AE5
:105850002DD81A4803F06DFE194900220800231DB7
:10586000134D5B1817000F263740EE5D07790132A4
:105870007E40067101309442F4D8552252420A709B
:1058800022324A70220ACA700F2022000240AA5C0B
:105890008C70D2431A70621C0240AA5C7230D243F0
:1058A0005A70054A5A8022000832FEF7D5FCF7BD2F
:1058B000CCC70108ABCDFFFFDCBAFFFF582F00209B
:1058C000542F00200E4B70B51B78002B15D00D4DBA
:1058D0002B78002B13D001230B4C0A0001008120F0
:1058E0002370FEF7B9FC094B2278002A07D0013B50
:1058F000002BF9D123702B7001E0FFF761FF70BD21
:10590000A8240020A3240020C32C0020A08601008E
:10591000F0B585B0002815D1634B644D5A688023DB
:105920005B009B1A624A634E9BB20092624A8020DF
:105930009446FF2440002A889A4200D09AE0002032
:1059400005B0F0BD5D4B5E4A1B685E4D5E4E9BB27E
:105950000092EBE70131214029802988994200D14A
:105960009EE0775CAB2F00D187E0013A92B26245AE
:10597000F0D15A1A994202D35A1CFF32521A92B2EB
:10598000072ADCD901312140775CCD2F7AD001384C
:1059900080B229806045CED1FF2029880191023153
:1059A00001404C1C0440375D745C3F023C4327B20D
:1059B0000297802703947F000834BC46BC425FD81E
:1059C000029C07349442BADA029A0231941C0140D4
:1059D00064180440325DDC2A52D1621C0240B25C81
:1059E000BA2A4DD18FB2A2B2A1424ED96246D71B7C
:1059F000BFB23A19624543DC3A007118009803F0CF
:105A000098FD22003100009BD81903F092FD02346A
:105A1000019BE7B2E4B2F018A3423DD980225200C4
:105A20000021D21A03F056FC3A000021300003F0A6
:105A300051FC039B2C80991C0F24002323481A003F
:105A4000009D2240ED5C825C6A40009DEA54013377
:105A50008B42F4D303992800FFF746FE029A02997D
:105A6000AB185A786B5C12021343181A4242504129
:105A7000C0B265E7802252006FE7002A00D078E7C5
:105A80002B805CE7002887D1FAE7D21B92B26245EF
:105A9000F6D800987118B8E7019B0021FA1AC6E7FA
:105AA000002AEDD04BE7C0461C000240502F0020DA
:105AB000502D002058180020FFFF00007C0200201D
:105AC000502E0020522F002080020020CCC7010859
:105AD000F0B50500544CA3B0002800D1534C2388E6
:105AE000534A934241D007D8524A93420CD01422D1
:105AF000514B1A7023B0F0BD504A93425ED0504AC9
:105B00009342F4D1F0F7EAF863684E4A002D00D0D2
:105B10004D4A136004224D4B1A704D4B08321A70D7
:105B20004C4BDB7F3C2B01D8EDF738FF4A4B4B4900
:105B300000930023CA5C002A05D018000133684492
:105B400002710F2BF6D16B441A00002369461371C2
:105B5000434A4B7512780A752822069307930893D7
:105B600009932800FFF746FEC1E7364B002D00D011
:105B7000354B1B68A2689A42B9D10C22344B0021E4
:105B80001A70324B083A1A706B467D32D81D03F0FA
:105B9000A1FB6A466946334B1380A279131D4B80E3
:105BA0002F4BA0881B7888808A71002B02D102A914
:105BB000FFF7B8FDA27908326946D2E7214B002DE4
:105BC00000D0214B1B68A2689A4200D08FE70C22BC
:105BD0001F4B1A701D4B083A1A706A46224B0093ED
:105BE000A38893801E4B1E78002E05D127000C370A
:105BF000A379DB089E4201D30622DDE7A088F300EB
:105C0000C0181A4B80B2C318072B07D9184BC318FA
:105C10003F2B03D9174BC3189F2B02D83900FFF72E
:105C2000AAFD01360837E3E7502E0020502D002052
:105C30001B050000140500004C2D00201D05000070
:105C4000DD050000482D0020442D0020FE1D002011
:105C5000C91D0020541E002015052400FFAE0108B8
:105C6000FC2000201C0500001E05020068F1FFFF5B
:105C700000F1FFFFB0F0FFFF70B504000125EFF762
:105C800079FA8020EFF7F2FA60002843C0B2EFF70C
:105C9000EDFA2800EEF708FF0020EFF79BFA04006A
:105CA0002800EEF701FF2800EFF794FA0500EFF760
:105CB00079FA2002284380B270BD70B505000C004F
:105CC000EFF758FA8020EFF7D1FA6800C0B2EFF78B
:105CD000CDFA60BA84B2C0B2EFF7C8FA002802DB8E
:105CE000200AEFF7C3FAEFF75DFA70BD10B5022096
:105CF0000149FFF7E2FF10BD410200000F4B4A00CF
:105D0000D35A70B5C01A84B205200D00FFF7B4FF56
:105D1000C0239843AD0181B229430520FFF7CDFF91
:105D200021000320FFF7C9FF0548EEF7BDFE8021E3
:105D3000090203202143FFF7C0FF70BD2CAF01080B
:105D40001027000010B5044B997D988A8907890FA8
:105D5000FFF7D4FF10BDC0464C1E002010B50C4C00
:105D6000238AA382E37C002B0FD00121A07CFDF7C6
:105D700081FCFF2804D100230138E374FF3810BDF3
:105D8000044BA0744000C35AA3820020F7E7C0462A
:105D90004C1E0020461D0020F8B509230124CB40ED
:105DA000050023421DD0244B1B78002B02D1033960
:105DB0004C424C410127214E3770EEF71DFD032266
:105DC0001F4B1A700E2D34D82800ECF795FD080BE8
:105DD000321932323232272A323232322D00EEF785
:105DE000C7FBF8BD032017498A7D93079B0F01333A
:105DF000034082431A438A750122134B1A70F0E75D
:105E00000124104AD37C6340D374FFF7A7FF002816
:105E10000FD1FFF797FF0C4B1C70E2E7EFF738FF4D
:105E2000DFE7EEF723FFDCE720003840F0F776FBF2
:105E3000D7E702233370D4E7BD070020191E0020E6
:105E4000570000204C1E00209506002070B5A023AE
:105E50000C008021DB054900996200210F4B104D99
:105E6000197029780A23002900D16E330D490E4E8E
:105E70000B8000230D49B0820B700D490B700D494A
:105E80000B700D490B709A4204D1001980B2FDF7D6
:105E90000BFCB0822C70FFF755FF70BD441D002035
:105EA000DF1D0020A81D00204C1E0020B91D002071
:105EB000A71D0020FB1D0020DD1D00200022114B2E
:105EC00010B51A70104B1B78934203D00F4B013260
:105ED000FF325A82FFF742FFFFF734FFF7F75CFD0E
:105EE00000230B4A13800B4A13700B4A1370EEF712
:105EF0006DFEA0238022DB0552009A61074BFF3A1A
:105F00001A7010BDDF1D0020AA1D00204C1E0020AD
:105F1000A81D0020B91D0020FB1D0020441D0020ED
:105F20000B0070B554001C191100E4B2122823D8DC
:105F3000ECF7F6FC1300130013001300130013001A
:105F400013001300130013009300F500F500550132
:105F50009000B001B401B801B801002C00D075E088
:105F6000B04B1B78002B00D070E0AF4B1B78002BA0
:105F700003D0AE4B02221A7070BDAD4B1B78002BC4
:105F80001AD1AC4B1B78002BF3D1AB4BDE7CF8F76E
:105F9000A9FA1023A94AAA4D13700D3B2B70A94BE7
:105FA0001978002E2DD1012908D1A74A117801298D
:105FB000E2D951701670DDE70226E8E70329DBD944
:105FC00001241E701470F8F7A5FAF6F7D3F89A4A70
:105FD0009E49937D9B075B0F595A884203D39C4986
:105FE0005B5A984205D90222904B1A7003232B70FA
:105FF000C2E780B210829082FFF7A4FE954B1C701E
:10600000BAE70229B8D100211970012313708E4B11
:106010005C781A780A235343013CE418E4B2012E59
:106020000FD12000FDF708FB0028A2D0824A8A4B3E
:1060300094746400E35A9382FFF784FE854B1E70CC
:106040009AE72F2C00D994E7844BD8E72100FFF77B
:10605000A3FE91E721000E20F9E7032C05D10122D0
:106060000A201100EFF7A2FD86E7002C00D083E79D
:106070000322734B6D4D01341A702C70EEF7BCFB8C
:106080006C4B1B78002B2CD16E4B1B78002B00D057
:106090006FE7694AD37C002B0FD165480578002D46
:1060A00007D06E496C4B0978928AA140CA52694B5D
:1060B0001C7001236B4003705EE75B4D2B78002B57
:1060C0000BD00121927C644B52004942D152FFF720
:1060D00045FEFFF737FE5F4B1C7001232A785340C3
:1060E00085E75F4B1B78002B03D15E4B1B78002BA1
:1060F00004D1022300222B70524B3CE74C49087814
:10610000002808D0554A4C4D1278534BAD8A5200A6
:10611000D552504B1C70012343400B702CE70125D6
:106120000B2820D1EEF768FB464B1B78012C1CD1C5
:10613000002B00D01DE73D4B1C703F4CE37E002B35
:1061400001D16D426DB23A4B1B78002B17D0032260
:106150003B4B1A70414A13785B19591C0CD02F2BFA
:106160000BDD002309E06D42DCE7002B00D003E7E4
:10617000032C00D000E7E0E72F231370FCE62D4B43
:106180001B78002B0BD0364B1A78002A00D0F0E693
:106190002900A08AFFF75AFE0322294BEBE6E37C95
:1061A000002B14D0A67CE9B27018C0B2FDF762FAD9
:1061B000FF2809D0864207D0274BA0744000C35A5D
:1061C000A3820122234B1A70FFF7BCFDE4E7208A6B
:1061D000401980B2FDF768FAA0822082F1E7194ADF
:1061E0001378002B16D0002C00D0C5E601200F49F3
:1061F000087010490978002949D1002B34D10C4985
:10620000094B0A78002A09D11A78002A06D1EEF73C
:10621000AFF9B1E6012C00D0AEE6E7E700220A7044
:106220001A70B9E7BD070020DD1D0020191E0020EF
:10623000FB1D0020DF1D00204C1E0020201E002022
:10624000570000201B1E0020D00300202CAF0108A7
:1062500034AF010895060020461D0020A61D002031
:10626000AA1D0020A71D00200A2110241248013B6E
:10627000DBB2C154114913700C70002B04D0012BF8
:106280008AD10378002B87D10023137084E7FFF7AE
:1062900015FE81E71800F0F733FA6DE61800F0F705
:1062A0007DFA69E6012C00D166E60222044B1A70E1
:1062B000EEF7A2FA60E6C046D0030020201E0020C0
:1062C000191E00200023F7B501212D4A2D4D137012
:1062D0002D4A11702D4A13702D4A1380AB7DAE8A62
:1062E0009B079B0F0193002E45D02A4F3C78002C32
:1062F0003CD1294A6300E0B2D15A0134FFF7DDFCFA
:10630000222CF6D12548EEF7CFFB19202449FFF7C0
:10631000D4FC19202349FFF7D0FC2348EEF7C4FB37
:1063200001233B70214B052019784B4259410F2323
:1063300049421940A1231B01C918FFF7BEFC3000D8
:106340000199FFF7DBFC1A48EEF7F8F8A02380224A
:10635000DB0552009A61174BFF3A1A70164B38351D
:106360001A7003232B70F7F7E5FDF7BD02201349E0
:10637000FFF7A3FCD6E702201149FFF79EFCE2E7F6
:10638000250700204C1E00201A1E0020DF1D0020C3
:1063900012070020C22C002088C7010890D00300FB
:1063A0003CA80000BCA8000060EA0000050700202F
:1063B00080789D00441D00202D1E00200102000059
:1063C00041020000054A1378082B01D900231370FD
:1063D0001278034B9200D0587047C046C12C002061
:1063E00064C70108F0B589B0F7F7AEFF704D71488A
:1063F0002B78002B05D07048012B02D000236F486A
:106400002B7008237F22009302210023F7F70EFE52
:106410006B4B04AC1E78002E43D16A4B6A491B6853
:106420001F683800ECF70CFB380002916649ECF766
:1064300081FA66490200029B2000FEF75FFF0F20F1
:1064400002AF032332006121C019F7F733FEE67172
:106450000023022210212000F7F7BCFEFFF7B2FF55
:106460005B4A5C4B16882A7802901B88C188002AF8
:1064700025D1594B1A78072A1CD8D20113002000C5
:10648000564980330132FEF739FF08237F220093FB
:1064900002212000033BF7F7C9FDEEF70DFA09B022
:1064A000F0BDF8F737F84E490200C31C2000FEF794
:1064B00025FFCDE720004B4903F033F8E5E79B19B2
:1064C0001F1C9BB28B4200D90F1C4748BFB27843B8
:1064D000ECF7BAFA83B2180064210393ECF72AFAB6
:1064E000642185B20398ECF7ABFA404A8BB212787C
:1064F000002A52D12A0020003D490096FEF7FEFEF8
:106500003C4B1B78002B17D008233C25422620004B
:106510007F2202210093033BF7F788FD364C374B6F
:106520007A22E554364B81213648E65402F0D2FEF9
:10653000354BE654354BE554002FAED0244B34494F
:1065400018880B7883420AD007257B1EDC101D407B
:106550000123AB402F4A0870155D2B4313550023D0
:1065600007201A0084462C492C4D8124974209D9D2
:10657000284ED010305C664616403041012630422D
:1065800000D13C3402980C70C0881B189BB2772B4A
:1065900009D80131A942E8D17FE72A00200020492B
:1065A000FEF7ACFEACE7783B01329BB292B2EEE76D
:1065B000361D0020AFA90108BDA90108C6A9010820
:1065C0001B1E00203C1D0020A0860100CFA1010859
:1065D000FA050020F8050020C12C0020DEA90108E2
:1065E000D4A90108EEA9010810270000FD0500202C
:1065F000F7A90108C02C0020B319002001020000F7
:1066000002020000B61B00207D0200007E02000096
:10661000B02C0020B12C0020B71B00202F1C002024
:106620000CAA010870B5002207250749074C130082
:106630002B405B004E881B5B013273404B80023164
:106640008242F4D170BDC0464806002054C70108FC
:10665000F0B57C4B8DB01B78002B15D07A4B1B7896
:10666000012B13D0022B00D1E4E00122774B032051
:106670001A70EEF726F90420EEF723F90520EEF75D
:1066800020F90620EEF71DF90DB0F0BD704C23780F
:10669000002B04D16F4C2378002B00D1B8E02000F0
:1066A000ECF718F98022070000216B4802F012FE77
:1066B00080220021694802F00DFE032300220221FE
:1066C0006748F7F7F7FC112F79D8032300221C2124
:1066D0002000F7F7EFFC634D80220021280002F034
:1066E000F9FD614B1E7833007F33DBB201937F23CA
:1066F0005E4A3340009200995D4AC95CD25C013623
:10670000F6B20B1C914200D2131C7F21584A00980C
:106710003140525C415CDBB20F1C914200D2171C2D
:106720000024FFB23F2B07D8072041215843ECF744
:1067300001F906231C1AE4B200203F2F07D80730C6
:1067400041217843ECF7F6F80623181AC0B201216C
:1067500006230F001B1B9F402A783A432A7084426D
:1067600059D20F009F402A7801343A43E4B22A708C
:10677000013BA042F5D2019B01359E42B7D17F2358
:10678000009A1E403A4B915D9B5D0A1C994200D2D3
:106790001A1CD2B240233F2A0BD807204121504374
:1067A000ECF7C8F80623181AC0B2181A053B834044
:1067B000DBB2304A30495354FEF7AEFE55E70026AF
:1067C000BDB2222F02D92E00223EB6B21122A1194B
:1067D00002A802F0AEFE002202AB113D5A74AD1BBE
:1067E00003231C2102A8F7F765FC2B1CADB2112D69
:1067F00000D911239DB207AF11362A00A119380024
:1068000002F097FE00220423022138007A5560E747
:10681000FEF7A4FC5FE78442ADD906231B1A0F00E4
:106820009F402A7801303A43C0B22A70013B84422B
:10683000F5D2A0E7FEF792FC80220021094802F081
:1068400049FDB9E7D71D0020F6050020281E0020CD
:10685000C3250020D6050020331B0020B31B0020D9
:106860001CAA0108331C0020C2250020422500205C
:10687000C2240020B3190020FF02000005490A7855
:106880004F2A06D8531CDBB20B70034988540022F0
:10689000CA547047470500204B050020F7B5484D06
:1068A000022816D0032800D180E02B78012808D0D8
:1068B000052B02D801332B7002E00122414B1A70E4
:1068C000F7BD052BF9D898403F4A11780143117064
:1068D000F0E729780029F3D03A4B3B4A00931B7824
:1068E0000192002B11D14A1E052A0ED8019A147864
:1068F000364A100056788E4210D19678A6420DD1B5
:1069000003225343C65C002E0DD10023019A2B7045
:1069100013702F4A1370009A1370D1E701330332BA
:106920002D2BE7D1F1E7392E09D8252EEDD93200EC
:10693000284B263AD2B2D340DB0709D4E5E733002F
:106940003D3BDBB21D2BE0D8234ADA40D207DCD531
:106950001F4B224C1B78002B12D023780F2B06D90B
:106960000F221F491F4802F0BDFD0F232370202076
:1069700021781C4B4A1C58540021D2B222709954E1
:106980002378184F0F2B06D90F223800144902F034
:10699000A9FD0F2323702278531CBE540022DBB2C2
:1069A000FA542370104B01321A70AEE70023012114
:1069B000054A2B701370064A1170024AACE7C046B4
:1069C000C1240020C0240020BF240020F4C50108F9
:1069D000BE240020E5FF0F00F5FFFF3FBD2400208F
:1069E000AD240020AC240020281E0020F7B526226C
:1069F0002D4BFF329E5C0023233AFF3A05001C001A
:106A00002A4F3240012A1DD00122294B1B699B0AC3
:106A10009A430192F30605D5A0200821C005FEF790
:106A20008FF80400730706D5802121480901FEF77D
:106A300087F80443E4B2B60631D4019B002B01D0A1
:106A40003B68013300211B4A3B608C4201D0116836
:106A5000013111600222184E184C30789A429B4145
:106A60008A4292414142484121785B424F427941FA
:106A700052424042494218401140114FA870E970FB
:106A80002B706A70002806D0002139703978337075
:106A900029712270F7BD0029F8D00121F5E7230004
:106AA000019C0193C9E7C0464C1E0020AC050020A4
:106AB00000040050A8050020B1050020B00500200A
:106AC000A6050020F7B5051E03D003780024002B8F
:106AD00017D1F7BD0E4E0F4F33784F2B06D94F22EB
:106AE00038000D4902F0FEFC4F23337001993278D3
:106AF0000978531CB9540022DBB201343370FA54C4
:106B0000E4B22B1901932B5D002BE3D1E1E7C046E2
:106B1000AB240020C3250020C425002010B5094C5B
:106B2000094A23780949D054CA5C824205D2C85424
:106B30007F2201331340237010BD002AF8D0013AA0
:106B4000CA54F5E7C2250020C224002042250020B7
:106B5000F0B53E4B87B003931B7805900293002B52
:106B600072D03B4B3B4D1C780493002C43D021004A
:106B70002888EBF769FF0026022C00D8143664271A
:106B800014217843EBF7D6FE031CC0B2B84200D9FB
:106B90003B1CDAB2B24200D2331CDBB2192701939C
:106BA000022C00D814272C4B019A2C481A70002371
:106BB000049A2B8013702A4D029AAB542A789A4279
:106BC0002ED00122E95C002918D1264B9B5C2A2B90
:106BD00001D03F2B0AD10024234E28007168EBF727
:106BE0006FFE002817D1204BE4001B5D1F48037087
:106BF0000023437014E064230193D3E72E2905D1C9
:106C000052003F2AE7DC0133DBB2DBE72D29E2D17A
:106C100052000132F5E701340836362CDDD1144834
:106C20000378002B04D0019B9F4201D8FFF74AFF55
:106C30000023039A2B701370059B002B02D007488A
:106C4000FFF740FFFFF704FD07B0F0BDE9050020A6
:106C5000D3050020D40500205E000020CBA301084E
:106C6000D6050020B4C501083CAB0108A9240020CA
:106C700081A3010810B5002807D000221D4B1A700F
:106C80001D4B1A701D4B783A1A80002401221C4BB0
:106C900021001C701B4B1C481C701C4B1C801C4B87
:106CA0001C801C4B1C701C4B1C701C4B1C701C4B08
:106CB0001A707F3202F00EFB80222100194802F088
:106CC00009FB7822184B52421C70184B1C70184B51
:106CD0001C70184B1C80184B1C70184B1C70184BE8
:106CE0001A80184BDC321C80174B1C70174B1A7023
:106CF00010BDC046AB240020C32500201A00002090
:106D0000E9050020D6050020C2240020EE05002061
:106D1000EA050020F0050020E6050020E50500203A
:106D2000F305002042250020F1050020E8050020A1
:106D3000E7050020E2050020C2250020EC05002028
:106D400018000020D4050020D30500205E0000209C
:106D5000962010B50F4BC0001978EBF775FE142381
:106D6000132803DDDC33984200DC83B20A4A0B4966
:106D7000138003225A4392B20A80094900200B80F3
:106D800008490A8007214B43074A1380FFF772FF27
:106D900010BDC046010000201C0000201000002093
:106DA0000E00002012000020140000202A4B10B515
:106DB0001A78002A4ED000241C70284B8022210013
:106DC00027481C7002F086FA80222100254802F034
:106DD00081FA80222100244802F07CFA21008022DE
:106DE000224802F077FA0120FFF744FF20490B7890
:106DF000A3420DD01F4A204B12780C70DA771F4A3D
:106E00001F4B1278DA7701221E4B1A70F5F736FC09
:106E10001D4A1378002B0BD01C4B1D491B780420F6
:106E20000B70002111708B4200D00238EEF764FF26
:106E300018490B78002B05D0174A184B12781A7096
:106E400000230B70EDF771FA0022154B1A70154BE9
:106E500001321A7010BDC046D71D0020F605002073
:106E6000331B0020B31B0020331C0020B31C002068
:106E7000E0030020E2030020511E0020E103002077
:106E8000521E002052000020DF030020DE030020FD
:106E900030070020DD030020DC0300208D1E0020D1
:106EA000BD070020281E002070B5234A1378DCB2ED
:106EB000002B10D1214B5D686D42EDB2204A137852
:106EC0009D420DD1002C17D00F221E4B1A700022AC
:106ED0001D4B1A7003E01378013BDBB2137070BDD9
:106EE000591C1170194A1A48D15CEDF739FC002879
:106EF00000D120000400E1E70225164BFF351E6893
:106F0000F6B2154A13789E4207D1002CE7D00F2223
:106F10000C4B1A700C4B0E3ADBE7013D002DF4D000
:106F20000E490F48C95C01331370EDF719FC0028B6
:106F300000D120000400E4E74C2D00201C0002409A
:106F4000A52400205D000020A8240020581800205F
:106F5000A42400207C020020A7240020800200201E
:106F6000A6240020F0B5554A8FB013780390DDB207
:106F7000002B05D1524A1378002B06D10FB0F0BD7B
:106F80001378013BDBB21370F8E7013BDBB21370FF
:106F90004C4A002BF7D01378002B02D10133137029
:106FA000039300242600102200210AA802F092F97F
:106FB000454F01970D2104ABC9182000FCF758FE7E
:106FC0000123424907A81A5C01335140404A51430A
:106FD000092BF8D13F4B0A0C1B784A400293019BC6
:106FE00092B21988914206D1029B1A1B51424A4122
:106FF000039B1A430BD00721012321408B4019002A
:10700000E2080AA8835C093619438154B6B2019B91
:1070100001340233E4B20193802CCBD17F21029B57
:107020002C4A01330B401370002EA7D02A4B1B783B
:10703000132BA3D104ABD81CFF237E390370FEF7BA
:1070400041FC264B05A80380022305218370330AE7
:107050000671C3700126FEF735FC793C0AAAEB08DD
:10706000D35C2A0022401341334219D00D2104ABD6
:10707000C91828001D73FCF7FBFD092107A8FEF7BE
:1070800021FC0122114B0C2004A90918895C013252
:107090004B400F494B43092AF5D11A0C53403B8012
:1070A0000135EDB20237802DD8D104AB981C0A23EC
:1070B00001210370FEF706FC60E7C0464C2D00205E
:1070C0005D000020A2240020A2230020C59D1C8179
:1070D00093010001A023002059000020AA550000C0
:1070E000038810B501330380FFF76CF9074B084A9A
:1070F0001B8812889B18C2889BB29A4205D802222C
:10710000044B00201A70FFF72DFF10BDF80500207A
:10711000FA050020361D002010B5012400210A4B7D
:107120000F221C70094B1970094B1980094B1970FB
:10713000094B1870094802F0CDF82000FFF712FF44
:10714000074B1C7010BDC046C02C002090060020CC
:10715000F80500201B1E0020FD050020B12C00209A
:10716000361D0020F8B5002A45D1002943D010284B
:107170003ED0414B01321A700D2800D979E0EBF76F
:10718000BBFB070707070707070707074061614CB5
:10719000F7F7A8F9394B1A78052A29D900241C7069
:1071A000F7F7B8F9F4F7E6FF64254543344E336842
:1071B0009D4221D373689D421ED22800F4F774FECD
:1071C000002819D12F4F28003E68B18BF4F73AFE02
:1071D00034863060B0603000F5F72EF92A4B3A68FB
:1071E00001201A60FAF71EFCEDF7E6F8EDF7A6FDB0
:1071F0000422264B1A70F8BD01340836072CD6D16C
:10720000F6E70120FFF788FF214B224A1A8000226F
:107210005A80214A0833DA87EAE7184B1C78002C99
:1072200009D12000FFF778FF1C4B1C701C4B1C8001
:10723000EDF796FDDCE70A22013CE4B21C70194B25
:107240001A55D5E701230B280FD1174AD27E002A01
:1072500001D15B425BB2154C2078013307D001307D
:107260000921EBF7EDFB2170C2E75B42EDE7083047
:10727000F6E702221A70BBE7191E00201B1E002031
:1072800004AB01083C1D0020381D002057000020E1
:1072900048060020CDABFFFFBADCFFFFB02C00207A
:1072A000FA050020D00300204C1E0020C12C002035
:1072B000037842680078084940B2002806DA7F2047
:1072C000034046339B00CB185A6070474E339B00F7
:1072D000C9184A60F9E7C046EC000020F0B5BB4F82
:1072E00087B03B79DAB20192BA79D2B202927A7956
:1072F000D2B20492BA7BD2B205925B0725D5C022E6
:10730000B34D00215200280001F0E4FFAE2200241A
:107310004026B04B52006E6021003C7080209C5291
:1073200032002C70FDF76EF8320021002000FDF7CE
:1073300069F821000120FCF7CFFC01227B78134380
:107340007B70A54BBA727C721C70019B9B0703D5A6
:1073500000210620FCF7C0FC019BDE0703D50021BD
:107360000520FCF7B9FCBB7A029A1A40130001927F
:10737000DB0711D50024BC73387C04230500964A32
:10738000C1B21D40184219D0397C99433974147028
:107390000123019A9A4301920124019B002B00D002
:1073A000C0E001247D7A049B1D400195019B002BC8
:1073B00000D01BE1059BBB7307B0F0BDCB0602D527
:1073C00080233B741570824B1878002804D01878FD
:1073D000C0B23870002018701478E0B2062CD7D8EC
:1073E0000124EBF793FA07005D00D5FF6C009C00C9
:1073F0009C009A002142CBD07B7C082BC8D1002274
:107400007648774B017899540132082AFAD1714CA9
:10741000220003CB03C28023E2885B009A4206D994
:1074200023787F2B03D88020FCF7C8FFB0E700202B
:107430006C49E260A16022612075824205D0237808
:107440007F2B02D8FCF7C8FEA2E7FDF77DF80028E5
:10745000E9D0E38826691D000293B34200D93500C4
:10746000A168E5608B070CD080235B009D4200D9AA
:107470008EE75C4B2A001800039302F05AF8039B36
:10748000A360029BB34205D9B60603D10123564A35
:10749000237513702A008020A168FCF7DDFE77E7D2
:1074A0005A6B198D986B8A4206D90818521A98633C
:1074B0005A63FCF763FF6BE710180022F7E72142DD
:1074C00000D165E77A7CD0B2002A12D11900D03100
:1074D0000A6812180A601A00D8321168411811603F
:1074E0001A00C8321288824210D90020FDF7D6F95E
:1074F0004EE71A00D03211680200384D2C78013A5C
:1075000092B20C700131002AF8D1DFE7D4331B6846
:107510009942EAD040233B743AE70020C9E70023B0
:10752000137035E70123A3400293029A019B134293
:1075300029D00422BC737B7D134202D07B7D934310
:107540007B7514216143224D69184B6B0A8D086BC2
:1075500093421BD980180863896B9B1A5118142613
:1075600066431B48801981634363002B1FD12200AF
:107570007F331A401C420FD10800FCF7FFFE019B2D
:10758000029A934301930134E4B206E7C0180863FA
:10759000896B59180023E2E70E4B463292009B1884
:1075A0005B68002BEBD0802020439847E7E79A42A6
:1075B00000D91A0014236343ED182000296B92B2FE
:1075C000FCF79CFB01237B75D9E7C046005C0040BB
:1075D00020220020EC00002001220020205C00403E
:1075E0004022002008010020002200200126A640A1
:1075F000019B334229D00122BC737B7E134221D0F0
:10760000BB8B9AB2002B23D1142161431C4B5B1816
:107610001800D030016889180160816851188160B4
:10762000D42084469C44604665460068C833801A6E
:1076300028601B8893421BD97B7A2000B3437B725E
:10764000FDF72CF9019BB34301930134E4B2ADE69D
:107650000C4BA000C018142363430B495B58D1188E
:1076600089B205781D7001339DB28D42F9D1CBE707
:107670000028E1D001227B7E93437B76E2E7C0467F
:1076800020220020205C0040F02200200121054B38
:1076900082B09A6B0A439A639B6B0B400193019BE8
:1076A00002B0704700100240042370B50024074D5B
:1076B000AB620023E1B21A0018000134EDF7A8F81C
:1076C000082CF6D10423AB6170BDC0460004005005
:1076D000F7B505000F0014001E0082420FD1994239
:1076E00001DC0E001F00BE4200DDF7BDF2B2012337
:1076F0001648E9B20136F6F7BBFD36B2F3E7FA20D9
:107700005E1A8000511B7043EBF79EF9104906008A
:107710006843EBF799F9C3190193AC4202DB2300EC
:107720002C001D0027007743AC42DEDCFA21380034
:107730008900EBF789F9019BE1B2C218D2B20123AB
:107740000248F6F795FD0134BF19EDE7B3190020A3
:1077500018FCFFFFF0B585B00C001500694610223B
:10776000ECF782FF6B461B78013BDBB2FD2B20D888
:107770006A4600210126134813785F1EFFB2FD2FD1
:1077800008D90023137010226946200001F0D1FEB1
:1077900005B0F0BD232B07D02A3BDBB21A2B08D84B
:1077A0000700DF40374204D0013101321029E3D114
:1077B000E9E70F222900200001F0C4FE0023E37353
:1077C000E6E7C046C1FF8007F7B5060013001500C5
:1077D00000220C00F6F76EFC3000EBF77BF8072375
:1077E00043431649601CEA011818C3B2661E8F187D
:1077F0000193BB5D9C467F2360464340BB55A31865
:107800005B188021160049428C46803E0199A142B6
:1078100007D80A4BED015D197F236A5C53406B5416
:10782000F7BD19786046C9439F1A1970B95D0134D4
:107830004140B955E4B20133E8E7C046B31900202E
:1078400070B51C48EDF730F980213F200902ECF7B4
:10785000F3FA59201849ECF7EFFA68215920ECF7B0
:10786000EBFA0024154A63005F20D15A0134ECF78B
:10787000E3FA242CF6D11248EDF716F959201149F4
:10788000ECF7DAFA0125A4340C20ECF79BF8284237
:1078900006D1013C0C48E4B2EDF706F9002CF3D117
:1078A00000210220ECF7C8FA0248EDF7FDF8EDF7E9
:1078B00045FA70BD30750000688000004806002061
:1078C000204E00006828000088130000F0B5294C05
:1078D0000727A54401938023DB010400C018009210
:1078E0000D00022203AE400002A93780ECF7BCFE77
:1078F000009B002B14D02B0035331A781823D200AC
:107900001A402B8E2E353B40134333702B78737007
:10791000019B002B04D002AB1A8833889A4225D0F1
:10792000338802AA13808020832204AD290012012B
:107930000002ECF799FE02AA12886300EA52802046
:1079400083220023290012010002EDF759FB3100C8
:107950002000F4F76FFC8023DB009C4206D2009BE2
:10796000002B03D120000449F6F756FA034B9D443F
:10797000F0BDC046BCF7FFFF3FA30108440800006C
:10798000A022094BD20399680A439A60022219681F
:107990001142FCD0052252421A6000221B6D038066
:1079A000024B1A807047C04600240140881F002007
:1079B000044BC25C044B0548D218136803400B43C8
:1079C00013607047D1AD0108000002400F80FFFF37
:1079D000044BC25C044BD21853681B0C1B040B43B2
:1079E00053607047D1AD010800000240F7B51F0099
:1079F00008AB1D7801230C001600D2000132D2B270
:107A000000933B00F6F746FCA21E0D4BD2B2002FAE
:107A100002D10C4BF601F3183E21985C013C414029
:107A20007F209954E4B2E2B2954204D83E22595DD7
:107A30004A405A55F7BD1A5D42401A550134F2E7E3
:107A40003D070020B319002010B502780300013A69
:107A5000D2B20120FD2A0CD8180020211A1D03786B
:107A60001C008C4301D0FF2B04D101309042F6D191
:107A7000012010BD0020FCE70121044B044AC35C37
:107A80009B181A688A431A607047C046D1AD010836
:107A900000000240044B054AC35C9B180122196890
:107AA0000A431A607047C046D1AD01080000024089
:107AB0000222054B99681142FCD001221873996883
:107AC0001142FCD0DB687047003001405C2110B5EA
:107AD000032802D8034B4000C15A4320ECF7ACF90D
:107AE00010BDC046ACC50108F0B5D04BAFB0DB7FD0
:107AF0000EAD5A1E9341CE4C0822CE492800637524
:107B0000CD4E01F016FD08222900CC48ECF7ACFD63
:107B10002B781A090F2A00D1033A032162719A08BF
:107B20000A4022710B408B4200D10023E3726B7834
:107B3000012219005B0711409B0F032B00D113009A
:107B4000BF4A1170BF4A1370AA781C2A03D80523B4
:107B50005343823B2361EB78FF2B00D1BA4B238147
:107B6000BA4B1868052300280DD1B94B1B681B6957
:107B70001D68FBF73FFE0700FBF732FE7B089BB258
:107B800058430423281AB34A38361060B24A337077
:107B900010600025F6F7CEF9B04B585DEBF712FFF9
:107BA000AF4A6B000135D052072DF5D1AD4B1A68A5
:107BB000002A03D01269AC4B12681A600125AB4B46
:107BC00028001D70AA4B1D70AA4B1D70FDF712F8FE
:107BD0000020FDF70FF89E4B1B6834331878207592
:107BE000F4F76AFEE07AFFF771FFFCF7EBFEFDF7B2
:107BF000D5F8A14B1D70A04B1B780393002B03D12C
:107C0000ECF7E4FF2FB0F0BDFFF74EF99B4B1A786D
:107C1000002A03D000221A70ECF762FF984B9949B2
:107C20001A780591002A1ED000221A70FBF7E2FD97
:107C3000802818D98D4B1B78002B14D10121924A32
:107C40001170059A1370914C27786770EDF762FBFD
:107C50000500132871D18E4B1B695B056CD5207014
:107C60000023A37077E0059B1B78002BEBD0804CA2
:107C70002378002B03D0FBF713FE00232370854BE2
:107C80001C787A4B1D78002D01D100F097FC012C57
:107C900001D100F01AFCFA200025059B80001D7020
:107CA000ECF702FF0C20EBF78DFE0123184200D108
:107CB000EEE202202900ECF7BFF80220EBF782FE8B
:107CC000400500D4E4E229003F20ECF7B5F8290094
:107CD0000220ECF7B1F8FA204000ECF7E5FE2800AE
:107CE000FCF788FFFBF7D0FDFBF772FD544B1B78C8
:107CF000AB4205D101224E4B52421A81664B1A808B
:107D000001225B4B1A70654B1A70F6F7E1FB4C4B86
:107D1000634C1B78002B01D000F0DAFD494A614B1F
:107D200012789200D258604B19783C23002900D079
:107D300002335E4900F0E7FD10252570AF428FD178
:107D4000A378DA1ED2B20F2B01D80133DAB2584829
:107D5000A270ECF7A9FE4F4E3378002B13D1132DF0
:107D600027D10A2F0AD1534B1B78002B06D0524B38
:107D70001B78002B02D13800FDF756F800224D4B3E
:107D80001A704D4B1A70A178032902D0102900D027
:107D90006DE733782478002B00D09BE00A2C00D0CC
:107DA00035E1454A032909D1012042490870137081
:107DB0005DE70A2DE7D00A2FE5D0DFE71478002C25
:107DC00000D054E7012601273A4B194D1C701C4B7B
:107DD00016701C701B4BEC721E70384B7F421C706F
:107DE000374B1C70374B1C70374BAB80184B1B68E4
:107DF00034331B782F8103932B75274B1F80FBF7A0
:107E000015FDF04028600398F4F756FD2000FFF7B9
:107E10005DFE2E4B1C702E4B1F80164B1E70FCF708
:107E2000BDFFFCF76DFDFCF7F1FD20E7541E0020BF
:107E30008400002058AA01084C1E002048A1000020
:107E4000AF2C002082000020FFFF00002807002048
:107E50001C1E00203C2A0020982C0020C8C60108C7
:107E60002C2A00203C1D0020402A002080000020F9
:107E7000620000207A0000203A2A00202B1E0020F9
:107E80002A1E00207B000020AC2C00205F00002078
:107E900000040050AE2C002074000020810000205F
:107EA000582A002080C601087700002028AA01086F
:107EB000204E00001F2600201E2600202226002023
:107EC000442A0020742C0020010C00007C2C00208F
:107ED0007E000020012B00D099E00A2C7DD004D92F
:107EE00023000D3B012B00D9C1E6B64D2B78002BAA
:107EF00008D10D2C01D001F011F9B34B1878FBF724
:107F000011FCB4E60D2C0FD0092B00D9AFE60E2CD6
:107F100005D1AE4A1178002900D0A8E613705A1C8A
:107F20002A70AB4AD45408E0A84A013B1178DBB26E
:107F30002B70994201D100231370FBF7D3FDA34BA3
:107F40001A782B780493002A00D11A0000232D25DB
:107F50002E279F4E9F4C04992800994205DDF15C25
:107F60003800092901D83031C8B2E05401330A2B56
:107F7000F1D1140000269C46974995480968974D11
:107F800006901018069B471E834215D1002E01D083
:107F9000914B1960049B9A420BD200230A278E4E04
:107FA0008F483568049A0134A2420DD1002B00D0CD
:107FB000356001228B4B57E063463878039E684357
:107FC0005D4309183800DDE7069B39001B5D43431C
:107FD000ED18EAF7AFFC039BE4E77F4B1C68824B8C
:107FE000E218824B9A4200D941E6774B1878FBF7AA
:107FF00099FB7F4B1C603378002B04D1FCF780FC8D
:10800000FCF79CFE33E62000FCF7CAFD2FE6032CAC
:1080100011D00E2C3DD0112C73D82000EAF76CFC47
:1080200040717171717158717109717171712A2A80
:108030007161002303936F4B1B78002B03D00398CF
:10804000FBF71AFD13E66C4A0399137800290DD04B
:10805000012B01D8013313700122684B52421A815F
:108060000122604B1A70664B1A7000E6002BF3D0A9
:10807000013BF0E7614B1B89023B9CB25F4B1869E7
:108080001C81FBF7D7FCA04207D20120FBF7F4FCD0
:10809000E6E75A4B1B890233EFE7FBF7D9FCDFE732
:1080A0000020FCF7A7FD554D2B7D012B01D8013396
:1080B000DCB220002C75F4F7FFFB4E4B1B78002B35
:1080C00001D1013B2B81FCF769FEFCF719FCCEE5E1
:1080D0004A4A0021D37A022B01D00133D9B2D1729E
:1080E00067E70123454A517D4B405375454A05D00A
:1080F0002223FF33D05CEBF727FCB8E590235B002D
:10810000F8E7002B03D12000FCF78EFEAFE5022B31
:1081100000D0ACE5601F0D2800D9A8E5EAF7F6FB12
:108120009100A7FDA7FDA7FDA7FD9F000E000E0073
:10813000A800A7FDA7FDA7FDA7FD9A00324B1E785A
:10814000304BDD7E0123002E64D00B2C00D05D402F
:108150003000FCF715FD0C2272432C4B04009B18D9
:108160001A791E8903925A7907000492DA88039BD0
:108170000692132B08D1264B002019780793F4F7A9
:1081800053FB0023079A13700398EBF71BFC0100C5
:10819000002D11D0069B9B1B9C4201DCA619B7B297
:1081A000049A069B0398934099433B0093401943DC
:1081B00089B2EBF741FEFCE6B442F1D3A41BA7B2AF
:1081C000EEE7C0462B2A0020AD2C00202A2A0020F2
:1081D00014260020782A0020842A0020A08601008E
:1081E00010270000AC2C0020C088E4FF402DA4071D
:1081F000982C0020AF2C002082000020840000205A
:10820000810000204C1E0020442A002024C70108C1
:10821000742C00200B2C00D05D40C94AC94B127D44
:108220009B5CC94A1068002D06D0C84A904200D80D
:10823000C018FCF7B5FCBCE6C54A9042F9D9C01A93
:10824000F7E70022C34B1A70C34B1A70FBF74AFCC6
:10825000012054E60123C14A11784B40A7E5C04AEA
:1082600001211378032B01D05B18D9B21170A0E65D
:10827000BB4B00221C78002C00D0F5E62000FBF759
:1082800051FAB84B1C70B54B1C70FCF79BFBB7E662
:10829000FCF71EFFB449B5480D88B54A06882B0087
:1082A0005580002E04D0032373435B199B109BB2AF
:1082B0000380B04EB04833680768DB1BAF4F3F7890
:1082C000BB4279D333680360002C70D1CF8A168902
:1082D0007B1E7F2B00D997E003940794012F0ED0CB
:1082E0007C1EA0B27F210002EAF7AEFB83B27F20A2
:1082F000210070430793EAF7A7FBC3B20393A04B97
:10830000A04A9D4200D181E09F4B0399197003233D
:1083100013709E4B7600F318089300230593049383
:108320006B466A461B7C117D0693059B7A1E1B0AD1
:10833000D2B2BB4200D2DAB2944B54001B5B013282
:10834000D2B21800BA4201DA914A105B8022520080
:10835000541A5C4341436418240A8949A4B2002298
:108360008C420CD0039A06998A4255D1844A954290
:1083700052D02800FBF74EFCFBF72EFC0200854E86
:10838000069834782100FBF75DFC079A049B94461D
:1083900001330493059B63449BB20593049B802B9C
:1083A000BED10134E4B20F2C00D97FE03470012239
:1083B000794B1A70794B1A70684B79481A780023F8
:1083C0009A420DD10488774E2100153989B2B14205
:1083D00006D8290013310123A14200DB131CDBB2B4
:1083E0000580002A71D1704A002B62D000201070E5
:1083F000FCF700FCFBF748FAFBF7EAF96B4B1B783C
:10840000002B00D07CE475E4802769E71378002B0B
:1084100000D17EE7013B7BE75B4A069912788A42EE
:1084200027D1584A1678002E23D0554A954220D19C
:10843000089A1088A84204D1581B421E904140421D
:108440001840FBF7E7FBFBF7C7FB03239E1BF6B2C5
:1084500002000990002E92D02000FBF7DBFBFBF717
:10846000BBFB0200012E8AD1099BC3185B10DAB254
:1084700085E72000FBF7CEFBFBF7AEFB039B0499DF
:10848000013B02008B4200DD79E7039B01338B4205
:1084900000DA74E73A4B9D4200D170E70430021CC9
:1084A000C0B20F2800D90F22D2B268E70023337080
:1084B0007DE7234B19890B1C032900D80423043BB7
:1084C0009BB29D4234D300231370344B1B78002B96
:1084D00000D01AE4364A138801339BB213808022FD
:1084E0005201934201D9FFF710FC2B4B1B78002B54
:1084F00000D164E2F5F728FF2E4B1B78012B01D148
:1085000000F0DAFC022B01D100F004FD002B00D1B9
:108510006DE2284B1A78002A01D100F0A7FD002057
:10852000FEF720FD00221C4B1A70234B1A804EE2EE
:1085300013780133DBB21370002B00D056E7C4E789
:10854000840000207BC60108A82C00207FA4BF0760
:1085500040771B002B2A00202A2A002022260020F8
:10856000442A0020742C0020802C00208A2A00201D
:108570009C2C0020CC050020702C00207C000020CA
:10858000FFFF000020260020212600206E2B002067
:10859000702B0020232A0020AC2C0020810000201A
:1085A0007E000020E9FF00007C2C0020AF2C002082
:1085B000282A0020AE2C0020262A0020002C00D0E3
:1085C00028E1A84AA849D78AA84A0B6810681B1A4C
:1085D000A7480078834257D30B6813603B1C802F59
:1085E00000D980239BB2039300230593012F08D960
:1085F000039B7F21581E80B20002EAF725FA83B25E
:108600000593002604966A46049B127C03999446BF
:108610001B0A994200D8B4E0DBB296485900405A90
:108620000133039ADBB20500934201DA924B5D5AA3
:10863000802362465B009B1A58436A438F4B801825
:108640001D78000A8E4B80B20022984204D0FBF7BE
:10865000E1FAFBF7C1FA020030002900FBF7F2FA59
:10866000059A049B9446013663449BB2F6B2049388
:10867000802EC8D10135EDB20F2D00D82C0001227B
:108680007E4B1C707F4B1A70FA208000ECF70CFABE
:10869000744CE588E8B2802F07D93900E801EAF781
:1086A00049F97F2800D97F20C0B2724B4000C35ADD
:1086B000734A934253D0744B1B78002B09D00F237D
:1086C000724A1188A9424AD0013BDBB20232002B28
:1086D000F7D1E068FBF73AF8002319006C4A6D4EB9
:1086E000824259410500306882425B41994202D082
:1086F0002800EBF723FF28003560EBF7A9FD0021E8
:108700003020EBF799FB644B30201988EBF794FB92
:10871000FCF7DEFC2588A388AB4206D2E068A58082
:10872000FBF714F8E388206123816388AB4216D9F4
:1087300028006580FAF7E8FF584B19690A000A3AE1
:10874000824200DD02000120DA60554B1870554B63
:108750001A60554B1960554B1A60554B1960E38AE6
:10876000E188802B03D9534A1288012A10D8524D30
:108770002C78002C31D1012322008B42624113005E
:1087800030E000239F4200D147E7039B013B43E7D2
:108790008A189A4206DA494A138801331380FBF794
:1087A000EFF992E60022464B1A70FBF725F9FAF72B
:1087B000F5FF002805D00120FCF71CFAFCF70AFAA7
:1087C00083E63E4A138801331380FBF7D9F900286A
:1087D00000D17AE6FCF7B2F877E65A1ED00FCB1735
:1087E00091424341DBB2002B02D1FBF7ABF96CE6BF
:1087F0000022334B1A70FBF7FFF8FAF7CFFF00287F
:10880000D9D1304B1A78002AE4D018700123634084
:108810002B70EAE7022C00D057E6FCF759FC012246
:10882000184B29491A70059B08881D700D4B1A8832
:10883000224B5A80002804D0032343439B189B10EB
:108840009AB20A80FBF78AF8FAF7A8FF002804D149
:108850001E4B1B78002B00D137E60120FCF7CAF92C
:1088600033E6C046802C0020CC050020782C002068
:108870007C0000206E2B0020702B0020232A00207B
:10888000FFFF0000AC2C00204E2B0020502B0020BE
:10889000FF3EAB01A82C00208C2A00208400002081
:1088A00081000020700000206C0000206800002083
:1088B0006400002078000020770000209C2C00201D
:1088C0007B000020760000208A2A0020222600203B
:1088D000974B984A1888431E9BB293425FD996499A
:1088E0000CA8FCF70BFD954B1B78002B04D1944B87
:1088F0001889944B98425AD18F490EA8FCF7FEFC78
:1089000091490EAB0CAA2000FCF7F8FC01230021D2
:108910001A0020000093F5F7BDFC8C4B8C4C188896
:108920003E26421C1A800323184040000019FFF71E
:1089300027F8BE206288238880009B18A2889B1895
:10894000E2889B189B105843824BD988EAF77CF841
:1089500080B2F3F7CFFB1C227F4B804D1A702B00A7
:10896000133A7533040022217D481E7000F0B2FCDA
:108970000920604364212D30E9F7DCFF7F231A00D2
:10898000D11A884200D3EE54013B752BF8D1EBF796
:10899000A1FF0022734B1A70734B1A80A5E5FAF7FA
:1089A000B3FE724902000CA8FCF7A8FC9BE7FAF79B
:1089B000ABFE6E4902000EA8FCF7A0FCA0E76C4AD3
:1089C000138801339BB21380132B00D992E5694DB4
:1089D0002C7820000134E4B2EBF773FF2C70062CE6
:1089E00001D8FFF708F900232B70FFF704F9FAF715
:1089F00001FF0400012800D87DE35F4B611E188948
:108A0000C001E9F797FFC3B20493231C802C00D95F
:108A1000802300249EB2701E80B2DBB27F21000250
:108A20000393EAF711F8250083B20593731E220A17
:108A30009A4262DAD2B2E3B2504F5100C85B511C85
:108A40008E4200DD0A005200B95A471EBFB2BC4632
:108A5000384F4A1E92B2BC4554D9FF230800BA428F
:108A60005ED90EAAAB54059B01351C19A4B2802D0A
:108A7000DCD106E08022FF210EA800F02BFC0023B1
:108A800004933F4B1B78002B1ED1012502270EAC0F
:108A9000267833006678FF2E11D032000121FF2B9B
:108AA00001D039009A19A378FF2B03D09A1801310D
:108AB00092B2C9B248088018E9F7C6FF6070013564
:108AC000EDB201347F2DE4D1049B2E4A7F33FF3376
:108AD000802003929B1802224024202552424042CB
:108AE000049951187F2956D8002A4DD11978294365
:108AF00019701978214319704AE0039B5A1ED2B2AB
:108B0000002399E7BA420BD880225200D21A42437E
:108B10004B43D218120A90B20A4AFF239042A0D0C7
:108B20001721FBF7FDF81F23181AC3B299E7C046B7
:108B3000802C0020FDFF000039A201082226002021
:108B400084000020FFFF000020AA0108E41D00208F
:108B5000401E0020E61D0020B10700203D07002038
:108B6000B307002081000020282A002030A401083B
:108B7000262A0020242A00209C2C00206E2B002076
:108B8000AF2C0020B31900200426911CB143B0D1B2
:108B900019780143197001320133032AA0D10EABB9
:108BA00000219C46FF26C94AC94C6346C85C1F2861
:108BB00000D8FAE01670013101328029F5D1002683
:108BC0000EA8335CF5B21F2B12D80F2408ABE418A3
:108BD000220029000CABFAF793FF27780CAB1C7826
:108BE000A74200D8FBE00134E4B21F2C00D8FFE01C
:108BF000B64B9B5D1F2B0ED80F2408ABE4180CAFAF
:108C000022003B002900B148FAF77AFF24783B782C
:108C1000A34200D3F8E00136802ED1D1AD4B586885
:108C2000FCF7CEFCAC4BAD4C1B78002B32D1AC4BDF
:108C30001B68002B00D1F4E0AA4A1568ED1AFAF778
:108C4000CFFD01002800E9F775FE82B2A649200099
:108C5000FCF754FB01260023320019002000009687
:108C6000F5F718FBFAF7BCFD64210500E9F7E8FE0B
:108C700028008FB26421E9F75DFE3B0082B29B4978
:108C80002000FCF73BFB0023072219002000009680
:108C9000F5F700FB964E7379032B00D9C5E0954B91
:108CA00095491D6837682800E9F7CAFE28000E00BC
:108CB0009149E9F73FFE642104903800E9F7C0FECE
:108CC000380001916421E9F735FE8C4D330029000D
:108CD000049A00902000FCF711FB0123212200934D
:108CE000242100232000F5F7D5FA814B1D89844B00
:108CF0009D4201D1FFF70DFC824B1B78002B01D068
:108D0000FFF707FCFAF76CFD6421E9F713FE012475
:108D10000A2680B2092800D9C8E00434A400E3B2CE
:108D2000280017210593FAF7FBFF1F23181A183B99
:108D3000C5B21840063B83400024039A0493EB0815
:108D4000DB01D3180393E1B20B005A1E93415F4A33
:108D50005B4294460EAF681CDBB25A18D2B2BE5CBE
:108D6000FF2E01D086421BDD6646B25CFF2A01D091
:108D7000824215DD01335BB2022BEDD10C2D05D8FB
:108D8000059B0133A3420BDA712C09D8039B049A8B
:108D90001B5D1A4204D101232A005B48F5F768FAEB
:108DA0000234802CCFD1FFF7B4FB1378CFB27D080B
:108DB000984203D8002310706355FCE6605D0E28CE
:108DC00006D801231F4200D0F5E6C0186055F2E630
:108DD0000233DBB2202B00D133001370EBE63A00F4
:108DE0000123290003980137F5F742FAFFB2F5E6AF
:108DF00001226319134200D0F5E613002900220076
:108E00000398F5F735FAEEE601226319134205D10E
:108E10001300290022000398F5F72AFA0134E4B27E
:108E2000F5E6FAF7E7FC020010E7FAF707FDFCF7B2
:108E3000AFFB012300930023212219002000F5F746
:108E400029FA274B1B68002B22D0264A642115687B
:108E5000ED1A2800E9F7F4FD28000E006421E9F777
:108E600069FD33000200214901252000FCF746FA84
:108E700000232122302120000095F5F70BFAFAF7A4
:108E8000EFFCFCF785FB002321225D21009529E7FB
:108E9000366864213000E9F7D3FD30000D0064210D
:108EA000E9F748FD2B0002001849DDE731000134E5
:108EB000E4B2E9F73FFD2DE708237F22009302216A
:108EC00000231348F5F7B2F8FFF723FBCE2A002062
:108ED0008E2A00209C2C0020AE2C0020582A002036
:108EE000280700207804002030AA01083DAA0108C4
:108EF00084000020982C0020A086010034AA0108DC
:108F0000FFFF000022260020B31900203CAA010820
:108F1000782A0020844B1868FCF752FB834C792296
:108F20001021200000F0D6F900233022E25405334E
:108F30007D2BFBD100237022E2540A33822BFBD11C
:108F40007B4B79211D8807272800FAF7E9FE0023CB
:108F50007849794E834271DB2800FAF7D5FB00226D
:108F6000040076494342885C834271DA01320A2A5E
:108F7000F9D10126724D73492800FCF7BFF900238F
:108F80001922042128000096F5F784F922006E4981
:108F90002800FCF7B3F9002319221C2128000096B1
:108FA000F5F778F9694B1B78002B08D1684B7921CC
:108FB0001889FAF7B5FE674BC018FF230371012427
:108FC000654F664B1B78A34244D00C2262435C4D34
:108FD000634B64499A582800FCF790F91E23E2B2CB
:108FE00053435E4E183BDBB20393337803991B1B4C
:108FF0005A1E93412800222200930023F5F74AF9D4
:10900000594AE300D358E0B20493FBF7B9FD049B3F
:1090100056491A562800FCF771F9337828001B1BB3
:109020005A1E934103990093292200230134F5F736
:1090300031F91E37042CC4D1FFF76BFA0A005A43EA
:10904000B24202D922783A4322700133013481E7D7
:10905000D2B28EE71E22FF21380000F03BF9380023
:109060001E22FF21803000F035F9AEE70726404B85
:109070001B7803930F23039910000F31891A1940AD
:1090800096429B4101240C25C9015B4230400533C7
:10909000059138498440DB015B180021900028408D
:1090A00004903548E4B20690059D069F6D186D0842
:1090B0007D5DC8B22F09BC460127394202D00E3768
:1090C0002F40BC462D4D1F78079503252840049D51
:1090D0002843079D2D5C3800A043654501D2380028
:1090E00020430131187001338029DDD10132102A6B
:1090F000C0D1FFF714FA002800D1BBE4204B214A6D
:109100001888FF21431E9BB2934205D8E839FAF72D
:1091100007FE1F21091AC9B28022ADE40E2C01D02E
:10912000FEF7FDFEFEF7A3FDA82C0020B61A0020D6
:109130008A2A0020CDCCCCCC333333338CC6010803
:10914000582A002046AA01084CAA0108222600201D
:1091500084000020B21A0020B71B0020442A0020FF
:1091600024C7010826A4010898C6010853AA0108CB
:10917000232A0020B319002023260020B8C60108A6
:109180006E2B0020FDFF0000F7B500254B680A6834
:1091900000935F1E1300EB4008D1012F05D84368F0
:1091A000C96893434A4313434360F7BD0124130046
:1091B000AC40234022422BD01A0003265A43564388
:1091C000B446F643019666460468B443009E56438F
:1091D00034430460012F06D88C6887685443019E8D
:1091E00037403C4384600C69C7685443019E374054
:1091F0003C43C460009C022C0AD14C69FF2B09D867
:109200000F26524356436243036AB3431A43026232
:109210000135BBE70F261B0A5B435B435E435C43A0
:10922000426AB24322434262F2E700000D4885469B
:10923000EAF782FB0C480D490D4A002302E0D4589E
:10924000C4500433C4188C42F9D30A4A0A4C002390
:1092500001E013600432A242FBD300F017F8EFF7ED
:1092600059FEFEE70040002000000020EC00002036
:1092700064C901086002002030310020FEE70000D0
:10928000014B18687047C0469C00002070B500264E
:109290000C4C0D4D641BA410A64209D1002600F011
:1092A0008BFE0A4C0A4D641BA410A64205D170BD6A
:1092B000B300EB5898470136EEE7B300EB589847F8
:1092C0000136F2E75CC901085CC9010860C9010800
:1092D0005CC9010803008218934200D170471970DD
:1092E0000133F9E7002070477047704770B50F4EA3
:1092F0000D0031680400002902D1ECF73BFC30601E
:1093000029002000ECF736FC431C03D101256D42F7
:10931000280070BD0323C51C9D43A842F8D0291A1C
:109320002000ECF727FC0130F2D1EFE728310020D4
:10933000F7B50322CB1C9343083305001F000C2B09
:1093400034D20C27B94233D8280000F071F8374ED8
:1093500033681C00002C2FD139002800FFF7C6FF0E
:109360000400431C5FD134680094009B002B4AD159
:10937000002C52D023682800E31800990193ECF7E1
:10938000F9FB019B834248D123682800FF1A39006A
:10939000FFF7ACFF013040D02368DB19236033684E
:1093A0005A68002A33D1009B336019E0002BC9DAD8
:1093B0000C232B600020FEBD2168C91B20D40B2983
:1093C0000AD9E2192760A34204D1326063681160B0
:1093D000536005E05A60F9E76268A3420ED132603B
:1093E000280000F02DF8200007220B30231D9043A9
:1093F000C21A9842DFD01B1AA350DCE75A60EFE78D
:1094000023006468A6E7009C63680093ADE71A0038
:109410005B68A342FBD10023DAE70C2328002B6012
:1094200000F00EF8C6E70760DAE7C0462C310020EE
:1094300010B50248FFF758FF10BDC0462431002088
:1094400010B50248FFF751FF10BDC046243100207F
:1094500070B505000C1E10D0043C2368002B00DA08
:10946000E4182800FFF7E4FF1D4A1368002B05D11C
:10947000636014602800FFF7E3FF70BDA34208D9C2
:10948000206821188B42F3D119685B6809182160A4
:10949000EEE71A005B68002B01D0A342F9D91168EE
:1094A0005018A0420BD1206809185018116083424F
:1094B000E0D118685B68411811605360DAE7A04298
:1094C00002D90C232B60D5E7206821188B4203D1E9
:1094D00019685B680918216063605460CAE7C04678
:1094E0002C31002010B5884202D98B18984208D33D
:1094F00000239A4207D0CC5CC4540133F9E78B5C5B
:109500008354013AFBD210BD020010B51378140049
:109510000132002BFAD1CA5CE2540133002AFAD19D
:1095200010BD03000A7801311A700133002AF9D105
:109530007047002310B59A4200D110BDCC5CC454D2
:109540000133F8E7030030B51D00002A06D00C787F
:10955000013A01332C700131002CF5D100219A1809
:10956000934200D130BD19700133F9E70EB470B5E4
:1095700081239DB06A46002521AC9B0040CC93829C
:109580001B9502900690E9F7A5F90B4B6A460B93E1
:1095900001230390079009485B42D38202A923006C
:1095A000320000680F951495019400F073F81DB017
:1095B00070BC08BC03B01847E59201089C0000206D
:1095C00030B500240139A24201D1002005E0035D3D
:1095D00001340D5DAB42F6D0581B30BD70B51400A0
:1095E0004B1C03D101256D42280070BD93892022B8
:1095F0009343626BA381CEB26368CDB2002A10D0D0
:10960000A26B9A4207DD2368013B23601E706368EA
:1096100001336360E8E7210000F044FB0028F2D04A
:10962000E0E721692268002907D0914205D2511E46
:109630000878A84201D12160EAE72364230044337B
:1096400063630323A36323004633E2631E70236036
:109650000123DEE710B50C00496B00290ED0230072
:109660004433994201D0FFF7F3FE0020236C60637E
:109670006360834202D0E36B236010BD2369012045
:1096800023600023A289636020331343A3814042F7
:10969000F3E70000F0B5AB4CA5440C0000210090AE
:1096A000BE204691479103A94891A749400043AD88
:1096B0002950A649043043AD295002931678002E54
:1096C00000D13CE108230820A14D571CA95D0B40A7
:1096D00001421DD006006368002B0FDD23681A7855
:1096E000AA5C324201D13A00E8E7479A01330132DD
:1096F000479262682360013A6260ECE7C02243ABA4
:10970000520021009B58009898470028E6D0EAE7CD
:10971000252E62D14593439353782A2B02D11A3BCD
:109720004393971C3D000A2229786F1C0B00303BA5
:10973000092B1FD9874B03221800019300F06EFA02
:10974000002807D0019B3D00C01A01238340439AA3
:10975000134343932B786F1C782B06D8572B10D8C4
:10976000252B3AD034D8002B55D003234993073307
:10977000449369E0459B3D005343303B5B18459360
:10978000D2E7180058382028EFD8E9F7BFF84B0087
:10979000EEFFEEFF7D00EEFFEEFFEEFFEEFFEEFFD1
:1097A000EEFFEEFF88007B00240024002400EEFF83
:1097B0005500EEFFEEFFEEFFEEFF90005900470070
:1097C000EEFFEEFF8E00EEFF7B00EEFFEEFF4B00A4
:1097D000453B022BC9D8052335E06368002B0DDD1E
:1097E00023681A78B24200D0A9E00133626823608E
:1097F000479B013A01336260479374E7C02343AA51
:109800005B002100D358009898470028E8D046987C
:10981000002800D08BE0012040428CE020224399B8
:109820000A4343928022439992000A4343921022B2
:1098300044926E2B02D905E000234493032302E0F7
:1098400008234493042349936368002B3EDD439B24
:109850005B0608D4C0260825760023683C491A78A0
:109860008A5C2A423CD1499B022B4CDC22000098A6
:1098700002AB43A900F072F8012860D0022800D0A2
:1098800031E7C4E70A22D3E7390003A800F0D1F991
:109890004023439A0700134343930123D3E7402314
:1098A000439A134343930023CDE70223CBE7439A24
:1098B000D30600D517E7029B4799181D02901B6835
:1098C000D50701D519800EE719600CE7C02343AA1C
:1098D0005B002100D358009898470028B7D096E73E
:1098E000479A013247926268013A6260002A02DDBB
:1098F00001332360B1E743AB21009B59009898479F
:109900000028AAD083E7042B06DC2200009802ABD3
:1099100043A900F083F8AFE70F4B002B00D1E2E63C
:109920002200009802AB43A900E000BFA4E7A3898E
:109930005B0600D56FE7A5239B009D44F0BD4698CC
:10994000F9E7C0466CFDFFFFDD950108559601085B
:1099500059C8010887AA010800000000F7B51500E2
:109960008A680C000190002A04D18A69002A17D164
:109970000132A2602268D20603D41A68111D196050
:1099800017680026A069002816D001280BD12B6883
:1099900062691B78D35C002B0ED1002E3BD029E0EE
:1099A00001225242E5E7022824D12B681A4A1B788B
:1099B000D35C082213421DD11022236801361342C2
:1099C00003D12B681B783B7001372A686B68013222
:1099D0002A60A268013B013A6B60A260002A09D0AC
:1099E000002BCFDCC0235B002900E3580198984787
:1099F0000028C7D022681023110019401A4206D14E
:109A0000E3680133E360A369002B00D039700020C4
:109A100023699B192361FEBD59C80108F0B58BB0BD
:109A20000193784B1600049007AAA1CBA1C2764AF5
:109A30008B690C000592032B01D1744B0593AE2268
:109A40000020A3685200591E0390914205D95E3B45
:109A5000FF3B03935E23FF33A36023001C3300937B
:109A6000D023002722681B0113432360009B02932D
:109A7000336807A81978BB000222185800F0CEF806
:109A8000002829D0012F5ED16368002B06D108334E
:109A900022686360F933FF331343236023685C4A11
:109AA00013402360A3685A1EA260002B14D03368B1
:109AB0005A1C32601B78029A13707368551C013B64
:109AC0007360002B07DCC0235B003100E35804986F
:109AD000984700287ED102950137032FC8D16368CB
:109AE000002B01D10A33636000276368494960692C
:109AF000C91A00F09EF8029DA36820680293002B0B
:109B00003FD0316863690A789B5C002B39D0302ADA
:109B100028D180231B01184224D0039B0137002B3E
:109B200005D01A00029B013A01330392A3607368C7
:109B3000013B7360002B1CDD336801333360A36885
:109B4000013BA360D8E7022FACD1C023802122685B
:109B5000DB00134089008B42C1D110236360F033D6
:109B600013439EE72C4B034023600B782B70013589
:109B7000DDE7C0235B003100E358049898470028D4
:109B8000DDD02368DB050ED5009B9D4207D9BE239F
:109B9000013D5B0032002978E35804989847009B08
:109BA00001209D4229D0216810230A001A40194241
:109BB0001CD12A70636800990498059EB047019BE8
:109BC00022681B68910607D501991A1D0A601B6857
:109BD000186008E00027D4E7191DD6070FD5019AB1
:109BE00011601B681880E3680133E3600020009B6C
:109BF000ED1A2369ED195B1923610BB0F0BD019AD1
:109C00001160E4E7CCA00108A19F0108959E01081E
:109C1000FFFAFFFF9BAA0108FFF6FFFFC9B28218F7
:109C2000904201D10020704703788B42FBD0013075
:109C3000F6E770B50B7804005E2B19D04D1C00219F
:109C40002200601CFF30117001328242FBD1681E7D
:109C5000002B26D001264E402800E6540178451CF2
:109C60002D2909D05D291BD000291AD00B00F3E75C
:109C70004B788D1C0121E3E742785D2AF6D09342B0
:109C8000F4DC19000230013166548A42FBDC591CB5
:109C9000934202DB00228B18E0E7D21A013AFAE77E
:109CA000280070BD0B00F7B54D6B44330C009D428E
:109CB0001CD18026F6003100FFF73AFB002802D1C4
:109CC00001204042FEBD23006063A66346331A783C
:109CD000104BC254230045331A780F4BC2542A78D4
:109CE0000E4BC254C01820600020EBE78E6B290099
:109CF00073001A00019300F013F8051EE0D08719D5
:109D0000010032003800FFF714FC019B27606563F7
:109D1000A363E9E7FF030000FE030000FD0300006A
:109D2000F7B506000C001500002905D11100FFF75A
:109D3000FFFA04002000FEBD002A03D1FFF788FBD4
:109D40002C00F7E700F030F90700854202D84308FD
:109D5000AB42EFD329003000FFF7EAFA0190002868
:109D600001D1019CE6E72A00BD4200D93A0021005A
:109D70000198FFF7DEFB21003000FFF769FBF0E7F9
:109D8000F0B585B017001E0003900191242B23D855
:109D90000C00012B20D03D4B08229C46230061463D
:109DA0001D780134485D010011401042F6D12D2D7F
:109DB00019D125789C1C0123009310223300934372
:109DC0001DD1302D15D1202123788B43582B10D154
:109DD00065780234102612E0FFF752FA162303606A
:109DE000002005B0F0BD00912B2DE6D125789C1CFC
:109DF000E3E7002EEED10A36302D00D1023E244A90
:109E0000009B94466344310018000293E8F718FE63
:109E10000022844610002B00303B092B11D81D0076
:109E2000AE421DDD531C09D001225242844505D3A8
:109E300001D1A94211DB0122704328182578013491
:109E4000E9E72B00413B192B01D8373DE8E72B0010
:109E5000613B192B04D8573DE2E701225242EDE75E
:109E6000531C08D12223039A02981360002FB8D004
:109E7000631E019307E0009B002B00D04042002F9F
:109E8000AFD0002AF4D1019B3B60AAE759C8010872
:109E9000FFFFFF7F10B5FFF773FF10BDF0B51E0089
:109EA0003E4B17000C009C46082285B003900091A1
:109EB000230061461D780134485D010011401042C5
:109EC000F6D12D2D12D125789C1C0123029310224E
:109ED0003300934316D1302D0ED1202123788B43AC
:109EE000582B09D16578023410260BE002912B2DF6
:109EF000EDD125789C1CEAE7002EF5D10A36302DED
:109F000000D1023E012031004042E8F713FD0190EC
:109F1000012031004042E8F793FD002301221800A0
:109F200094462A00303A092A12D81500AE421EDDA6
:109F30005A1C0AD00123019A5B42824205D301D107
:109F4000A94211DB63467043281825780134E8E7FD
:109F50002A00413A192A01D8373DE7E72A00613A39
:109F6000192A04D8573DE1E701235B42EDE75A1C6B
:109F700007D12222039918000A60002F09D105B0E9
:109F8000F0BD029A002A00D04042002FF7D0002BEB
:109F900001D0631E0093009B3B60F0E759C80108A5
:109FA00010B5FFF77BFF10BD0B1F1B68181F002BA0
:109FB00001DA0B58C0187047F8B5C046F8BC08BCA9
:109FC0009E467047F8B5C046F8BC08BC9E46704730
:109FD000AD033805B902B904B9023805B902C5059F
:109FE0000203B904020338050203C5055403B9048A
:109FF000540338055403C505B9026106020361061E
:10A0000054036106AD036106AD03B904AD03C50594
:10A0100080020020000100007C020020003E22415E
:10A020004141414141414141414141417F003C4227
:10A03000424224003FA30108A1A20108FBA7010896
:10A04000FFA101084C31004C32004C33004C34006D
:10A050004C35004D00004800004C4F5731004C4F2C
:10A060005732004C4F5733004C4F5734004C4F572A
:10A0700035004D494400004849474800A6A2010860
:10A080004FA90108F8A7010886A70108EFA7010852
:10A09000F3A701088F1E0020901E0020911E0020B3
:10A0A000921E00206B1F00205800C33772006530DD
:10A0B0007000C3005D00000D590068805900680001
:10A0C0005A0055555B0055555C0030AA9DAA010801
:10A0D0007AA30108A0AA0108EFFFF7FFCBFFFBFF5F
:10A0E00052454C4541534500414C4C204B4559533A
:10A0F0000025752E253032755620257525250056EC
:10A100004F4C544147450057454C434F4D45004245
:10A1100049454E56454E55450025732045646974A2
:10A12000696F6E006F6B676250473A2C4137251795
:10A13000E4CBB59F002E2D2E2E002E2D2D2D2D0083
:10A140002E2E2D2D2D002E2E2E2D2D002E2E2E2E90
:10A150002E002D2E2E2E2E002D2D2D2E2E002E2DAE
:10A160002E2D2E2D002D2D2E2E2D2D002E2E2D2D73
:10A170002E2E002E2D2D2D2D2E002D2E2D2E2D2D63
:10A18000002D2E2D2D2E002D2E2D2D2E2D002E2D81
:10A190002E2E2E002D2D2D2E2E2E002D2E2D2E2D41
:10A1A0002E002D2E2E2E2D002D2E2E2E2E2D002E5D
:10A1B0002E2D2D2E2D002E2D2E2E2D2E002E2E2E20
:10A1C0002D2E2E2D002E2D2D2E2D2E005D5D0025E9
:10A1D00033752E253035750043482D2530347500F4
:10A1E0004E554C4C0076372E362E394200313233E4
:10A1F0003435003534333231004354435353004433
:10A20000435300442530336F256300554E4C4F4374
:10A210004B204B4559424F41524400536176653FB4
:10A22000005363616E204661696C65640046726527
:10A23000713A2D2D2D2E2D2D2D2D2D00546F6E6547
:10A240003A2D2D2D00546F6E653A4E6F6E6500539A
:10A250006176653A00467265713A25752E2530356E
:10A26000750043544353533A25752E2575487A009B
:10A270004443533A442530336F4E00253364002560
:10A2800020346420257300532564002B253032646C
:10A29000004625752B00462575004558004F46465B
:10A2A0000054544E004357004245414D205458003D
:10A2B0004245414D20525800503100503200545315
:10A2C00051004C4F5720424154544552590050724E
:10A2D00065737320455849540053636E526E67008E
:10A2E0003E257300555342003E3E00252E34730038
:10A2F000252E2A732E252E337300253033752E25F7
:10A300003035750025752E25750025642E253032D3
:10A31000754B0025644B004D4F4E490053514C2561
:10A32000640025302A752F25750044544D4620259C
:10A33000730056464F20257300222214140808008B
:10A340003C26252525263C003E1C08003E3E1C1CC4
:10A350000808004142430061626300313A257500FC
:10A3600025752A3130306D730057494B49005052E2
:10A370004F46494C45003030302F30300053555255
:10A38000453F00574149542100253032752F25752E
:10A39000002B25752E257564420025642E2530324C
:10A3A000756B487A00555345520025730A2573573B
:10A3B00000442530336F49002533642E2530357530
:10A3C00000252E33732E252E33732020004D487A1E
:10A3D0000053544F5000434152524945520A2530D0
:10A3E0003264733A253033646D730054494D454FE0
:10A3F00055540A253032646D3A2530326473002595
:10A400003032752028252E33732900252E38730A03
:10A41000252E38730025642A31306D73004E375372
:10A4200049580025730A25730025337320256420BD
:10A4300025640025643A25643A25640025732025A7
:10A440003264202530346400253032643A253032BD
:10A45000643A25303264004255494C44004D454D24
:10A460004F525900464C4153482025752E257525DD
:10A4700025005352414D202025752E257525250098
:10A48000524541440A4D414E55414C0025752E25FB
:10A49000303275560A2575002564683A25303264D5
:10A4A0006D00496E736964650A46204C6F636B0AE0
:10A4B000506C616E00464D0025302A752F253032D4
:10A4C000750025302A752F2D2D00253032753A253F
:10A4D0003032750025752E253032750026494949E0
:10A4E0004932002425262122273A3B3F5E607C7BAF
:10A4F0007D5F005365617263682046726571005329
:10A50000656172636820546F6E65005363616E20ED
:10A51000436F6D706C657465004A616E00466562DC
:10A52000004D617200417072004D6179004A756E94
:10A53000004A756C0041756700536570004F637485
:10A54000004E6F7600446563004B45595F4D454EA4
:10A5500055004B45595F5550004B45595F444F5787
:10A560004E004B45595F45584954004B45595F5380
:10A57000544152004E4152524F574552004E4F5295
:10A580004D414C00464153540054494E5900434CF0
:10A590004153534943004B4559532B505454005396
:10A5A0004F554E440056495355414C004F4E45506F
:10A5B000555348004C4546540A52494748540A5599
:10A5C000562D4B310055500A444F574E0A55562DC3
:10A5D0004B352838290044454641554C542B0A3107
:10A5E00033372D3137340A3430302D34373000468C
:10A5F00043432048414D0A3134342D3134380A3434
:10A6000032302D3435300043412048414D0A313439
:10A61000342D3134380A3433302D3435300043454D
:10A620002048414D0A3134342D3134360A34333028
:10A630002D3434300047422048414D0A3134342D06
:10A640003134380A3433302D343430003133372D3F
:10A650003137340A3430302D343330003133372D34
:10A660003137340A3430302D34333800504D5220D5
:10A6700034343600474D52530A4652530A4D555210
:10A68000530044495341424C450A414C4C00554EFD
:10A690004C4F434B0A414C4C0056464F003136302C
:10A6A000306D4168204B3500323230306D416820CA
:10A6B0004B3500333530306D4168204B3500313437
:10A6C00030306D4168204B3100323530306D41689B
:10A6D000204B3100524F474552004D4443004C4FF0
:10A6E000474F004E4F4E450050455243454E540093
:10A6F000555020434F444500444F574E20434F444C
:10A70000450055502B444F574E0A434F4445004196
:10A71000504F4C4C4F0A5155494E4441520043480A
:10A72000414E4E454C0A4E554D424552004E414D0C
:10A7300045004E414D450A2B0A46524551004D41B8
:10A74000494E0A4F4E4C59004455414C2052580A2C
:10A75000524553504F4E440043524F53530A4241C7
:10A760004E44004D41494E2054580A4455414C2016
:10A770005258004C4F474F2B004D415452495800FE
:10A7800054582F52580057494445003C2032306DF0
:10A79000003132356D003235306D003530306D00AE
:10A7A0004C4F572031004C4F572032004C4F572010
:10A7B00033004C4F572034004C4F572035004D4943
:10A7C000440053454E540057414954494E470052A6
:10A7D00045434549564544004D454D2046554C4C52
:10A7E000004552524F520053454E44494E47004E89
:10A7F0004152004E41522B004E2B00444352004226
:10A8000055535900424154204C4F5700545820444E
:10A81000495341424C450054494D454F5554004120
:10A820004C41524D00564F4C542048494748004631
:10A830004C415400434C45414E00424F4F5354004D
:10A840004D41580053484152500053544F434B0020
:10A850004F50454E002030002E2C2D2829402F5CD3
:10A860002B3D2A233C3E5B5D7E31006162633200FA
:10A87000646566330067686934006A6B6C35006D27
:10A880006E6F3600707172733700747576380077AA
:10A8900078797A3900464C4153480A4C4947485424
:10A8A00000504F574552004D4F4E49544F5200569D
:10A8B0004F5800464D20524144494F003137353002
:10A8C000487A004C4F434B0A4B455950414400567F
:10A8D000464F20410A56464F20420056464F0A4DE9
:10A8E000454D005258204D4F4445004D41494E20A2
:10A8F0004F4E4C5900574944450A4E4152524F570A
:10A90000004D5554450052784100504F5745520A6A
:10A91000484947480052454D4F56450A4F46465311
:10A920004554004245414D0054595045204D455332
:10A9300053414745005052455353205054540053FF
:10A940004156453F0044454C3F004D2D5343414E39
:10A9500000256425732D25644D004D52284348255C
:10A96000303275290056464F284348253032752924
:10A9700000412D5343414E282575290043482D257C
:10A98000303275002533642E256400252E33732E56
:10A99000252E3173004D4F4E00257557504D202503
:10A9A000732043257500253373002534736B0041F4
:10A9B000495220434F505928524459290041495285
:10A9C00020434F50590041495220434F505928438A
:10A9D0004D502900252E33732E252E3373004D45FF
:10A9E0004D2025303375202D2025303375005365DB
:10A9F0007474696E6773005243563A253032752E6F
:10AA000025303275252520453A256400534E443AB9
:10AA1000253032752E2530327525250052583A00E2
:10AA20004D2025732F257300413A2573202563009F
:10AA30002575780025752E25303575207F25752ED6
:10AA4000253032756B00533A20257500256420644B
:10AA5000426D002564644200FFFFFFFFFFFFFFFF20
:10AA6000005745414B004E4F524D00535452470042
:10AA700031322E3500362E3235004C4E4173004CAB
:10AA80004E410050474100686C4C00412D46612DFD
:10AA900066383930313233343536375D002B2D008E
:10AAA0007858002E2C3F3100414243320044454645
:10AAB000330047484934004A4B4C35004D4E4F3621
:10AAC00000505152533754555638005758595A3937
:10AAD000040404040404050405050A0F14191E23C4
:10AAE000282D320708090A0B0C0D000102060E037F
:10AAF000040F100511121314151617414243442A6E
:10AB00002300000040771B0080CBA40080CBA40072
:10AB1000A00BD100A00BD100C0800901C0800901A9
:10AB2000C00E1602C00E1602005A6202005A6202DD
:10AB3000C029CD02C029CD0280A4BF07410000007A
:10AB40008BA101084200000096A10108430000000B
:10AB5000C7A10108440000005AA1010845000000F7
:10AB600078A1010846000000B8A1010847000000D4
:10AB700076A101084800000053A101084900000027
:10AB80005BA101084A00000041A101084B00000040
:10AB90008AA101084C00000035A101084D00000009
:10ABA00039A201084E00000077A101084F00000003
:10ABB00038A201085000000082A1010851000000E5
:10ABC00089A1010852000000C8A10108530000003B
:10ABD00097A10108540000009EAA0108550000003A
:10ABE000C1A1010856000000A3A101085700000000
:10ABF0007DA1010858000000C0A101085900000013
:10AC00007CA101085A00000059A101083000000091
:10AC100036A20108310000003AA10108320000000C
:10AC200040A101083300000046A1010834000000E3
:10AC3000A9A10108350000004CA101083600000060
:10AC400052A101083700000095A10108380000005A
:10AC500058A101083900000074A101082E0000006D
:10AC60005EA101082C00000065A101083F00000062
:10AC70006CA101082700000073A101082100000059
:10AC80007AA101082F000000B7A1010828000000E8
:10AC900081A101082900000087A101082600000009
:10ACA0008EA101083A00000094A101083B000000B9
:10ACB0009BA101083D000000A2A101082B0000009B
:10ACC0009CA101082D000000A8A101085F00000060
:10ACD000AFA1010822000000B6A101082400000075
:10ACE000BDA1010840000000C5A10108FA00F4015F
:10ACF0007102E803E204C4094103010005000A00EF
:10AD00001900320064007D008403DC05D007B80B15
:10AD100088131027D430204EA86150C3E9AB000837
:10AD2000E5280108D5300108215F01086571010897
:10AD30001F111F151F151D151717151D1F041F1B8C
:10AD4000151B0E110E110A044DB90008D936010861
:10AD5000F12E00085D5E00086D660008492F0008AE
:10AD60004DB9000871450008A92E000841330008BC
:10AD700071330008B1380008252F00084DB90008CC
:10AD8000712F0008B52F000815300008CD350008D8
:10AD90006D4C0008C54400088D350008413000089E
:10ADA0005D300008A1520108A2C0A1A6A424811F01
:10ADB0002F40AF121113130A0104070B0205080CF0
:10ADC0000306090D0E000F00081018203048689681
:10ADD000C8FF081C3044586C8000000000093D008A
:10ADE00000127A000024F4004086510100366E0102
:10ADF00000093D0000093D0000093D000000000081
:10AE00000000000000000000000000000000000042
:10AE10000000000000000000000000000100000031
:10AE20000200000003000000040000000600000013
:10AE300007000000080000000900000000000000FA
:10AE40000000000000000000000000000100000001
:10AE500002000000030000000400000012010002D4
:10AE6000EF020140B736FFFF0001010203010902B2
:10AE70004B000201008032080B00020202010009AF
:10AE80000400000102020102052400100105240152
:10AE900000010424020205240600010705830308BB
:10AEA000000A09040100020A00000007050202402E
:10AEB000000007058102400000040309040A035052
:10AEC000005500590041001C035000550059004135
:10AED0000020004300440043002000440045004D92
:10AEE000004F0016033200300032003200310032D1
:10AEF0000033003400350036000041706558004EC4
:10AF0000375349582076372E362E3942000000003C
:10AF1000513400084DB900084DB90008E15E000841
:10AF2000313C0008E53400084DB900086B03F80215
:10AF3000F8028002380438048403F8025374657000
:10AF400000000001506F77657200000252784443A0
:10AF5000530000035278435443530004547844434D
:10AF600053000005547843544353000654784F442B
:10AF70006972000754784F6666730008572F4E00B9
:10AF80000000000A42757379434C000B436F6D70EB
:10AF90006E6400204D6F64650000003054584C6FA3
:10AFA000636B000C43684C697374001B4368536106
:10AFB0007665000D436844656C65000E43684E611C
:10AFC0006D65000F53634C697374002253635072B4
:10AFD000690000235072694368310024507269434C
:10AFE0006832002553636E52657600194631536806
:10AFF0007274004646314C6F6E67004746325368A4
:10B000007274004846324C6F6E6700494D204C6F99
:10B010006E67004A4B65794C636B001A5478544F45
:10B020007574000942617453617600114261745471
:10B030007874002F4D6963000000001E4D69634263
:10B040006172001F4368446973700010504F6E4D69
:10B050007367002C424C54696D650013424C4D6976
:10B060006E000015424C4D6178000016424C547839
:10B07000527800144265657000000018526F6765D1
:10B080007200002D535445000000001C5250205304
:10B090005445001D312043616C6C00215550436FB5
:10B0A000646500264457436F64650027505454205C
:10B0B0004944002844205354000000294420507281
:10B0C000656C002A44204C697665002B564F580069
:10B0D00000000012537973496E66002E52784D6F4E
:10B0E0006465001753716C000000000053657450D4
:10B0F0007772003553657450545400365365745458
:10B100004F540037536574454F54003853657443AA
:10B1100074720039536574496E76003A5365744C05
:10B12000636B003B5365744D6574003C5365744715
:10B130005549003D53657452784100445365745439
:10B140006D72003E5365744F666600345365744EED
:10B15000464D0040536574566F6C00415365744B07
:10B160006579004253657453636E003F53657453B1
:10B170006176004C46204C6F636B003233353020D3
:10B18000456E003342617443616C00454261745402
:10B190007970004B5365744E617600435265736558
:10B1A0007400003100000000000000FF55562D4BD8
:10B1B00035204669726D776172652C2045475A5576
:10B1C0004D45522B4E375349582076372E362E395F
:10B1D000420D0A000C12216D796D21120C0C122106
:10B1E00061616121120C1C1C1422417F0022140891
:10B1F00014227F00767676767E7F7C4645454545EF
:10B2000045467C003E41414122007F404040400095
:10B210003E4141413E007F09090906001F204020B0
:10B220001F006314081463007F021C027F003E416C
:10B2300041413E006314081463007F4949493600C8
:10B240007F4141413E003F4038403F007F0919297E
:10B250004600412214080008142241007F091929E0
:10B2600046003E4141413E007F090909060026494A
:10B2700049493200F3A40108FFA401080BA5010805
:10B2800019A501081DA5010821A5010825A501088A
:10B2900029A501082DA5010831A5010835A501083A
:10B2A00039A501083DA5010841A5010845A50108EA
:10B2B0007F415D5D5D417F006F8B472CE134F82C51
:10B2C0005E8BF893E1B6658D4A007F415D5D5D411F
:10B2D0007F5B1FBAEED99F559874E21A0D963DA573
:10B2E0000D69C2A5F296F9595FDC4A146318D94773
:10B2F00055112C02D86467755594537F450D963DC2
:10B30000A50D69C2A5F296DF19F75FC215BC552AD3
:10B31000444411FD0575757505FD019A38370D9684
:10B320003DA50D69C2A5F296CBC081DF1175117FD5
:10B330003E6437187FEB1523017F415D5D5D417FE2
:10B34000006A0F740ED2B074B16D1859157986CE9B
:10B350001543007F415D5D5D417FCD5D8365E7C63F
:10B3600055BD6B3FA91CA5E069E34A15062AFECE30
:10B37000CA3A70D9EAF55C158A6722FF25AEB63065
:10B38000F855DD07B6C21CA5E069C46615842B72AA
:10B39000E8E92311CDE6C191E6887722FD047474B3
:10B3A0007405FD01F7AE811CA5E06954FE37222B20
:10B3B000EAAAA78D5F3155B13FCECA24337F538EA1
:10B3C000A300011A1C1E2022242627292D3105093D
:10B3D00013192224292B2C303236383C4748494A4D
:10B3E0004B52530049A5010852A5010859A501086F
:10B3F00062A501086BA50108FAA8010874A5010857
:10B400007DA5010884A5010889A501088EA501086C
:10B41000ECA0010896A501089DA201089FA50108BE
:10B42000A5A501088AA601088EA50108ACA50108FA
:10B43000B4A50108C5A50108D6A50108EFA5010816
:10B4400007A601081EA6010835A601084CA601089A
:10B450005CA601086CA6010874A6010882A6010872
:10B460008EA6010899A601088AA601089DA60108D2
:10B47000A8A60108B3A60108BEA60108C9A601082E
:10B48000346632376666660030393A32353A3138DA
:10B49000004A756C20323220323032360000000013
:10B4A0009DA20108D4A60108DAA601088AA601080F
:10B4B0009FA501082DA90108FFA00108DEA601082B
:10B4C000E3A60108E3A60108FFA00108E8A6010819
:10B4D0009DA20108F0A60108F8A6010802A701082C
:10B4E0000FA7010839A701081EA701082DA7010809
:10B4F00032A701083EA7010848A7010858A701087C
:10B5000063A701089DA20108DEA6010873A7010830
:10B5100079A701089DA20108ADA2010870A7010842
:10B5200080A7010886A70108FAA801089DA20108C2
:10B53000F9A701089EAA01088BA7010891A7010895
:10B5400096A701089BA70108A4A70108AAA70108BC
:10B55000BCA70108A5A30108A0A70108A6A7010888
:10B56000ACA70108B2A70108B8A70108BEA7010847
:10B5700010A901089DA2010896A901081F0000005A
:10B580001C0000001F0000001E0000001F00000043
:10B590001E0000001F0000001F0000001E00000031
:10B5A0001F0000001E0000001F000000C2A70108CD
:10B5B000C7A70108CFA70108D8A70108E1A701087C
:10B5C000E7A70108464D0000414D000055534200D9
:10B5D0003FA30108FFA7010804A801080CA801085F
:10B5E00017A801081FA8010825A801082FA801080D
:10B5F00034A80108BEA701083AA8010840A801081C
:10B6000044A801084AA8010850A801080000000049
:10B610000000003E3E1C1C0808000000000017004F
:10B620000300031F0A1F0A1F051904130F171C002C
:10B630000300000E11110E00050205040E0410088F
:10B64000000404040010001804031E110F021F0060
:10B6500019151211150A07041F1715091E151D19B2
:10B6600005031F151F17150F000A00100A00040A12
:10B67000110A0A0A110A040115030E15161E051EE9
:10B680001F150A0E11111F110E1F15151F05050E8E
:10B69000151D1F041F111F1108100F1F041B1F1061
:10B6A000101F061F1F0E1F0E110E1F05020E191E62
:10B6B0001F0D16121509011F010F101F0718071F74
:10B6C0000C1F1B041B031C031915131F111102046B
:10B6D0000811111F0201021010100102001A161C9D
:10B6E0001F120C0C12120C121F0C1A16041E050C41
:10B6F0002A1E1F021C001D0010201D1F0C12111FEE
:10B70000101E0E1E1E021C0C120C3E120C0C123EC1
:10B710001C0202141E0A021F120E101E0E180E1E0C
:10B720001C1E120C1206281E1A1E16041B11001BCA
:10B7300000111B04020301121712FCFEFE0606068E
:10B7400006FEFEFC3F7F7F606060607F7F3F000001
:10B75000181CFEFEFE000000000060607F7F7F601E
:10B7600060001C1E1E06060686FEFE7C6070787C4D
:10B770006E67636160600C0E0E86868686FEFE7CB8
:10B78000307070616161617F7F3E80C0E070381C05
:10B790000EFEFEFE0F0F0F0C0C0C0C7F7F7FFEFECB
:10B7A000FEC6C6C6C6C6C686307070606060607F62
:10B7B0007F3FF8FCFEC6C6C6C6C6C6803F7F7F6018
:10B7C0006060607F7F3F0E0E0E060686E6FE7E1EE0
:10B7D000000000007C7F7F0300007CFEFE868686E2
:10B7E00086FEFE7C3F7F7F616161617F7F3FFCFE63
:10B7F000FE06060606FEFEFC016363636363637F69
:10B800003F1F0080808080808080800000010101D7
:10B8100001010101010000005E5E00000606000655
:10B820000600143E143E14002E6B7F6B3A00633307
:10B83000180C6663304B4D5522500000070700007E
:10B84000001C3E6341000041633E1C00002A1C1C9A
:10B850002A0018187E7E181800406020000000188A
:10B86000181818000000606000006030180C060313
:10B870003E7F63637F3E64667F7F606062737B7B35
:10B880006F6663636B6B7F36383C367F7F306F6FDC
:10B890006B6B7B333E7F6B6B7B320303737B0F07DA
:10B8A000367F6B6B7F36066F6B6B7F3E00006C6C78
:10B8B000000000406C2C00000814224100003636C5
:10B8C000363636000041221408000607535B1F0E6F
:10B8D000307B6B7B7F3E7E7F1B1B7F7E7F7F6B6B16
:10B8E0007F363E7F636363367F7F63637F3E7F7F08
:10B8F0006B6B6B637F7F1B1B1B033E7F636B7B3A12
:10B900007F7F0C0C7F7F63637F7F63633073637F14
:10B910003F037F7F1C3663417F7F606060607F7F75
:10B9200006067F7F7F7F0C187F7F3E7F63637F3EAD
:10B930007F7F1B1B1F0E3E7F63737F7E7F7F1B3BC2
:10B940007F66666F6B6B7B3303037F7F03033F7FF1
:10B9500060607F3F1F3F60603F1F3F7F30307F3F11
:10B9600063771C1C7763070F78780F0763737B6F0F
:10B970006763007F7F636300010204081060006357
:10B98000637F7F000C0E03030E0C606060606060DC
:10B99000000307060000207656567E3C7F7F6C6CC5
:10B9A0007C38387C6C6C6C00387C6C6C7F7F3C7EA7
:10B9B00056565E0C7E7F1B1B02000C5E56567E3C6C
:10B9C0007F7F0C0C7C7800007A7A00003060607D0C
:10B9D0003D007F7F183C7E66003F7F4000007C7CFE
:10B9E00018187C7C7C7C0C0C7C783C7E66667E3CEB
:10B9F0007E7E36363E1C1C3E367E7E607C7C0C0C89
:10BA000018004C5E565676203F7F6C6C60003C7C84
:10BA100060607C3C0C3C70703C0C3C7C30307C3C6E
:10BA2000446C38386C44066E68687E3E66767E6E7E
:10BA30006600083E7741000000007F0000000041E2
:10BA4000773E08000C060C180C0000005E00000099
:10BA5000000600060000143E143E140026497F49EB
:10BA60003200631308046261304B4D5522500000D0
:10BA700007070000001C224100000041221C0000BA
:10BA8000002A1C1C2A0008083E080800004060200C
:10BA90000000000808080800000060600000402066
:10BAA000100804023E414141413E0040427F404077
:10BAB00062515149494622414949493618141211E7
:10BAC0007F102745454545393E49494949320101DD
:10BAD0007109050336494949493646494949291EEC
:10BAE00000006C6C000000406C2C00000814224127
:10BAF0000000141414141400004122140800020160
:10BB000051090600304A4A523C007E090909097E63
:10BB10007F49494949363E41414141227F414141A6
:10BB2000413E7F49494949417F09090909013E418F
:10BB30004949493A7F080808087F41417F4141004F
:10BB40002041413F01017F080C1221407F404040CD
:10BB500040407F020404027F7F020408107F3E41C0
:10BB60004141413E7F09090909063E415161413E7B
:10BB70007F090919294626494949493201017F01AE
:10BB800001003F404040403F0738404038073F40B9
:10BB90003030403F6314080814630708700807003A
:10BBA000615149454341007F4141000001020408C1
:10BBB0001060000041417F00040201020400404087
:10BBC00040404040000307060000205454547800D1
:10BBD0007F444444380038444444280038444444B2
:10BBE0007F003854545448007C0A0A0A0200585412
:10BBF00054543C007F040404780000007A000000E4
:10BC00002040403D0000007F1028440000003F40DD
:10BC100000007C047C0478007C0404047800384430
:10BC2000444438007C1414140800081414147C4094
:10BC30007C04040408000854545420003F44444445
:10BC400040003C4040403C000C3040300C003C4048
:10BC500030403C004428102844000C5050503C0018
:10BC60004464544C440008364100000000007F004A
:10BC7000000000004136080004020408040000002F
:10BC800000FCFC00000000000D0D0000000F1F0074
:10BC9000001F0F0000000000000020F8F820F8F856
:10BCA00020020F0F020F0F0270F8888E8E9810047A
:10BCB0000C0838380F0730300080C060300C0603A5
:10BCC00001000C0C80D87CE4BCD840070F080807A2
:10BCD0000F0800101F0F000000000000000000000F
:10BCE0000000F0F80C0400000003070C080000003E
:10BCF000040CF8F0000000080C0703000080A0E02E
:10BD0000C0E0A000000203010302008080E0E080A8
:10BD1000800000000303000000000000000000009D
:10BD200000101E0E00008080808080808000000057
:10BD300000000000000000000000000000000C0CEB
:10BD4000000000000080C060300C0603010000000D
:10BD5000F8FC040404FCF8070F0808080F0700109B
:10BD600018FCFC00000008080F0F0808181C0484C9
:10BD7000C47C380C0E0B09080808181C444444FC09
:10BD8000B8060E0808080F0780C0603018FCFC01D8
:10BD9000010101010F0F7C7C444444C484040C085D
:10BDA00008080F07F0F84C4444C480070F0808083F
:10BDB0000F0704040484E47C1C00000E0F01000043
:10BDC000B8FC444444FCB8070F0808080F0778FC87
:10BDD000848484FCF8000808080C07030000003085
:10BDE00030000000000006060000000000303000B7
:10BDF000000000080E0600000080C0603018080037
:10BE0000000103060C08404040404040400202024E
:10BE1000020202020008183060C08000080C06030D
:10BE20000100383C0484C47C380000000D0D000083
:10BE3000F0F808C8C8F8F0070F080B0B0B01F8FC66
:10BE4000848484FCF80F0F0000000F0FFCFC4444B6
:10BE500044FCB80F0F0808080F07F8FC0404041C82
:10BE600018070F0808080E06FCFC04040CF8F00F75
:10BE70000F08080C0703FCFC44444404040F0F089B
:10BE800008080808FCFC44444404040F0F000000A8
:10BE90000000F8FC0484849C98070F0808080F072A
:10BEA000FCFC404040FCFC0F0F0000000F0F0000A6
:10BEB00004FCFC04000000080F0F08000000000450
:10BEC000FCFC04060E08080F0700FCFCE030180C10
:10BED000040F0F0103060C08FCFC00000000000F1B
:10BEE0000F0808080808FCFC187018FCFC0F0F006D
:10BEF00000000F0FFCFC60C080FCFC0F0F00000175
:10BF00000F0FF8FC040404FCF8070F0808080F07DB
:10BF1000FCFC848484FC780F0F0000000000F8FC17
:10BF2000040404FCF8070F080C0C1F17FCFC8484A5
:10BF300084FC780F0F0103060C08387C444444CC81
:10BF400088060E0808080F07000404FCFC0404001F
:10BF500000000F0F0000FCFC000000FCFC070F08B5
:10BF600008080F077CFC800080FC7C00030F0C0F8E
:10BF70000300FCFC008000FCFC0F0F0603060F0F03
:10BF80000C3CF0C0F03C0C0C0F0300030F0C003C09
:10BF90007CC0C07C3C0000000F0F0000040484C47F
:10BFA000643C1C0E0F09080808080000FCFC04048F
:10BFB0000000000F0F0808003870E0C0800000008B
:10BFC00000000103070E00000404FCFC0000000850
:10BFD000080F0F00080C0603060C08000000000004
:10BFE0000000000000000000002020202020202071
:10BFF000000003070400000000000000000000A093
:10C00000A0A0A0E0C0070F0808080F0FFCFC20202C
:10C0100020E0C00F0F0808080F07C0E020202060B4
:10C0200040070F0808080C04C0E0202020FCFC0793
:10C030000F0808080F0FC0E0202020E0C0070F09FC
:10C04000090909012020F8FC24240400000F0F0036
:10C050000000C0E0202020E0E0074F4848487F3F34
:10C06000FCFC202020E0C00F0F0000000F0F00009C
:10C0700020ECEC00000000080F0F0800000000009A
:10C0800020ECEC00307040407F3FFCFC0080C06042
:10C09000200F0F0103060C08000004FCFC00000048
:10C0A00000080F0F0800E0E020E020E0C00F0F00C4
:10C0B0000F000F0FE0E0202020E0C00F0F00000075
:10C0C0000F0FC0E0202020E0C0070F0808080F076E
:10C0D000E0E0202020E0C07F7F0808080F07C0E0D4
:10C0E000202020E0E0070F0808087F7FE0E06020C4
:10C0F0002020200F0F0000000000C0E020202020A2
:10C100002008090909090F062020FCFC2020000056
:10C1100000070F080808E0E0000000E0E0070F0853
:10C1200008080F0FE0E0000000E0E000030F0C0F34
:10C130000300E0E0008000E0E0070F080F080F07B1
:10C1400060E0800080E0600C0E0301030E0CE0E074
:10C15000000000E0E0074F4848487F3F202020A033
:10C16000E060200C0E0B09080808000040F8BC0431
:10C1700004000000070F0808000000BCBC0000001D
:10C1800000000F0F0000000404BCF8400000080885
:10C190000F070000080C040C080C0400000000004D
:10C1A000000003081018202830383F00A2F1467420
:10C1B000A46144658A4E44E084EA000390990990A2
:10C1C000A931000590990990A931000390994688FA
:10C1D000C038099000320990A9330990003646858D
:10C1E000F03A6685003D19130D090604140F0A087C
:10C1F00006043C0364002E036100F8021900D90212
:10C20000060076020000000000000000000040036D
:10C2100064002D035F00E4023C00C3021500AA0283
:10C2200005007602000000000000450364003A03A8
:10C230005F00EE023200BC0219006C0205005802D9
:10C240000000000000003C0364002D036100F602C2
:10C250001900D6020600760200000000000000006F
:10C2600000004703640032035F00E9023700BF02A9
:10C2700019009C0205006F020000000000009E02F1
:10C28000B502CF02E80202031D033903560375030A
:10C290009303B403CE03E8030B04300455047C0479
:10C2A000A404CE04F904260555058505B605EA055E
:10C2B0001F063E06560677068F06B106CA06ED062D
:10C2C00007072B0746076B078807AE07CB07F3075F
:10C2D00011083B088508D108F30820097209C7092D
:10C2E000ED0913001500160019001A001E002300A6
:10C2F000270029002B002C00350039003A003B00B4
:10C300003C004C004D004E005200550059005A00B0
:10C310005C00630065006A006D006E0072007500CD
:10C320007A007C0085008A00930095009600A300A7
:10C33000A400A500A600A900AA00AD00B100B300AA
:10C34000B500B600B900BC00C600C900CD00D500DC
:10C35000D900DA00E300E600E900EE00F400F500A1
:10C36000F90009010A010B01130119011A01250144
:10C3700026012A012C012D0132013401350136013B
:10C38000430146014E01530156015A0166017501F0
:10C3900086018A019401970199019A01AC01B201C9
:10C3A000B401C301CA01D301D901DA01DC01E301FF
:10C3B000EC01000000000000E8033C000100F40173
:10C3C0003C00020090011E000100F4011E0001006B
:10C3D00058021E00010070033C00030055A801082C
:10C3E00058A801086BA8010870A8010875A80108E1
:10C3F0007AA801087FA8010884A801088AA8010872
:10C400008FA80108E3A601080000000095A8010814
:10C4100001000000A1A8010802000000A7A801086F
:10C42000030000004CA9010804000000AFA80108A7
:10C4300005000000B3A8010807000000BCA801081F
:10C4400008000000C3A8010809000000CFA80108E7
:10C450000A000000DBA801080B000000E6A80108A4
:10C460000C000000E3A801080E000000EBA8010882
:10C470000F0000003BA9010810000000F5A801080A
:10C480001100000001A901081300000006A901081D
:10C49000140000000AA901081500000015A90108F0
:10C4A0001600000023A9010817000000DFE5EBF1EA
:10C4B000F7FAFD00E8EDF2F7FAFCFE00EDF0F5000A
:10C4C00000A070A101000E886E8801000090D69037
:10C4D0000100003800400000007800800000008764
:10C4E0000088010000300038000000700078000073
:10C4F00000860087010000280030000000680070FE
:10C500000000008500860100002000280000006077
:10C510000068000000840085010000180020000071
:10C520000058006000000083008401000010001823
:10C530000000005000580000008200830100000845
:10C54000001000000048005000000081008201003F
:10C55000000000080000004000480000008000814A
:10C5600001000000C0C4010803000C00D2C401088F
:10C5700003004400E4C4010803004400F6C40108B9
:10C580000300440008C50108030044001AC501085F
:10C59000030044002CC50108030044003EC5010807
:10C5A0000300440050C501080300440028304840FF
:10C5B00058205C342A2A455449414E4D5355525710
:10C5C000444B474F4856462A4C2A504A42584359F2
:10C5D0005A512A2A35342A332A2A2A322A2A2B2A3D
:10C5E0002A2A2A31363D2F2A2A2A2A2A372A2A2A73
:10C5F000382A393041020242040143040544030150
:10C600004501004604044703034804004902004A68
:10C61000040E4B03054C04024D02034E02014F036E
:10C620000750040651040B52030253030054010146
:10C6300055030456040857030658040959040D5AB3
:10C64000040330051F31051E32051C33051834055F
:10C650001035050036050137050338050739050F84
:10C660002F05093F060C2E062A2C06333D05112DF9
:10C6700006212B050A28050D26050264320A000052
:10C6800061AA010866AA01086BAA010879736D679F
:10C69000615B554F493F00000000000000000000B2
:10C6A000BCC4010804000000B4C401080800000074
:10C6B000ACC40108080000000008020A0C040E06C1
:10C6C000030B01090F070D0530373D4347487E0036
:10C6D00077AA010870AA010875AA010818100A00B3
:10C6E0002836087F5848580058005800580058000D
:10C6F00058245848486C486C087F28362836283615
:10C700002836283601000A0032006400FA00F401DD
:10C7100071024103E803E204DC05D007C409881371
:10C7200010270000000000000000000000000000D2
:10C730007AAA010813080300010000007FAA01087B
:10C74000130507000100000083AA01081300070079
:10C7500001000000166C14E62E910D402135D540E5
:10C760001303E980A4C501089CC5010894C501080C
:10C770008CC5010884C501087CC5010874C5010881
:10C780006CC5010864C501080800801001020000A2
:10C79000C0401F0A2E00FF02115B00001E41000076
:10C7A00000CE00000000001097310000FF135298E7
:10C7B0000000000008000000E151BCA84526E4008C
:10C7C000D81C503AE0EA003000020000166C14E673
:10C7D0002E910D402135D5401303E9800000000063
:10C7E00000000010001000000010001000200000E9
:10C7F0000020001000300000003000100040000059
:10C8000000400010005000000050001000600000C8
:10C810000060001000700000007000100080000038
:10C8200000806E08009000000090D60000A000007C
:10C8300000A070010000010000B000020010010023
:10C8400000C0001069E70008210401085DE300084A
:10C8500019530108E5630108002020202020202032
:10C8600020202828282828202020202020202020A0
:10C8700020202020202020202088101010101010B0
:10C8800010101010101010101004040404040404FC
:10C890000404041010101010101041414141414196
:10C8A0000101010101010101010101010101010178
:10C8B0000101010110101010101042424242424288
:10C8C0000202020202020202020202020202020248
:10C8D00002020202101010102000000000000000F0
:10C8E0000000000000000000000000000000000048
:10C8F0000000000000000000000000000000000038
:10C900000000000000000000000000000000000027
:10C910000000000000000000000000000000000017
:10C920000000000000000000000000000000000007
:10C9300000000000000000000000000000000000F7
:10C9400000000000000000000000000000000000E7
:0CC95000000000000000000000000000DB
:04C95C00D12C0008D2
:04C96000A52C0008FA
:10C9640001140A01FFFF01FFFF00C80020033C007F
:10C97400B400B400A401FF0188FF88FF3C00F1F07B
:10C98400F6FCF9FAFF00FFFF1313E1AC0A130000F1
:10C9940000000001FFFFFFFF0100000000127A0009
:10C9A400810000005543010802000000894A010883
:10C9B400E8030101200301FF1313FFFF01036413C4
:10C9C40013000100CEFFFFFF7EFFFFFFCEFFFFFF3E
:10C9D4007EFFFFFFFFFF0101010001012000FFFFB7
:10C9E4000101010080380100010C800C9600000058
:10C9F4007EFFFFFFCEFFFFFF00010000A00000202C
:10CA040000000000EC2F002054300020BC30002037
:10CA14000000000000000000000000000000000012
:10CA24000000000000000000000000000000000002
:10CA340000000000000000000000000000000000F2
:0CCA4400000000000000000000000000E6
:10CA500000000000000000000000000000000000D6
:10CA600000000000000000000000000000000000C6
:10CA700000000000000000000000000000000000B6
:10CA800000000000000000000000000000000000A6
:10CA90000000000000000000000000000000000096
:10CAA0000000000000000000000000000000000086
:10CAB0000000000000000000000000000000000076
:10CAC0000000000000000000000000000000000066
:10CAD0000000000000000000000000000000000056
:10CAE0000000000000000000000000000000000046
:10CAF0000000000000000000000000000000000036
:10CB00000000000000000000000000000000000025
:10CB10000000000000000000000000000000000015
:10CB20000000000000000000000000000000000005
:10CB300000000000000000000000000000000000F5
:10CB400000000000000000000000000000000000E5
:10CB500000000000000000000000000000000000D5
:10CB600000000000000000000000000000000000C5
:10CB700000000000000000000000000000000000B5
:10CB800000000000000000000000000000000000A5
:10CB90000000000000000000000000000000000095
:10CBA0000000000000000000000000000000000085
:040000050801922D2F
:00000001FF
