:020000040800F2
:102800000040002029AF01089539000897390008D9
:1028100000000000000000000000000000000000B8
:1028200000000000000000000000000099390008CE
:1028300000000000000000009B390008F5CD0008F2
:1028400079AF010879AF010879AF010879AF0108C4
:1028500079AF010879AF010879AF010879AF0108B4
:1028600079AF010879AF010879AF010891540008E8
:1028700079AF010879AF010879AF010879AF010894
:1028800079AF010879AF010879AF010879AF010884
:1028900079AF010879AF010879AF010879AF010874
:1028A00079AF010879AF010879AF010879AF010864
:1028B00079AF010879AF010800000000B592010866
:1028C00002780B78002A03D0013001319A42F7D008
:1028D000D01A70470023C25C0133002AFBD1581E76
:1028E0007047000002B47146490849000956490082
:1028F0008E4402BC7047C04602B471464908490084
:10290000095C49008E4402BC7047C04603B471465E
:10291000490840004900095E49008E4403BC7047E5
:1029200003B47146490840004900095A49008E44E1
:1029300003BC7047002243088B4274D303098B42C7
:102940005FD3030A8B4244D3030B8B4228D3030C7F
:102950008B420DD3FF22090212BA030C8B4202D321
:102960001212090265D0030B8B4219D300E0090A49
:10297000C30B8B4201D3CB03C01A5241830B8B4252
:1029800001D38B03C01A5241430B8B4201D34B033B
:10299000C01A5241030B8B4201D30B03C01A5241A0
:1029A000C30A8B4201D3CB02C01A5241830A8B4225
:1029B00001D38B02C01A5241430A8B4201D34B020E
:1029C000C01A5241030A8B4201D30B02C01A524172
:1029D000CDD2C3098B4201D3CB01C01A5241830926
:1029E0008B4201D38B01C01A524143098B4201D360
:1029F0004B01C01A524103098B4201D30B01C01A8B
:102A00005241C3088B4201D3CB00C01A5241830804
:102A10008B4201D38B00C01A524143088B4201D331
:102A20004B00C01A5241411A00D201465241104691
:102A30007047FFE701B5002000F0F0F802BDC04686
:102A40000029F7D076E7704703460B437FD4002276
:102A500043088B4274D303098B425FD3030A8B4232
:102A600044D3030B8B4228D3030C8B420DD3FF229C
:102A7000090212BA030C8B4202D31212090265D06A
:102A8000030B8B4219D300E0090AC30B8B4201D31D
:102A9000CB03C01A5241830B8B4201D38B03C01A64
:102AA0005241430B8B4201D34B03C01A5241030BDB
:102AB0008B4201D30B03C01A5241C30A8B4201D38C
:102AC000CB02C01A5241830A8B4201D38B02C01A37
:102AD0005241430A8B4201D34B02C01A5241030AAE
:102AE0008B4201D30B02C01A5241CDD2C3098B4293
:102AF00001D3CB01C01A524183098B4201D38B0110
:102B0000C01A524143098B4201D34B01C01A5241B2
:102B100003098B4201D30B01C01A5241C3088B42F7
:102B200001D3CB00C01A524183088B4201D38B00E2
:102B3000C01A524143088B4201D34B00C01A524184
:102B4000411A00D201465241104670475DE0CA0F5B
:102B500000D04942031000D34042534000229C461B
:102B600003098B422DD3030A8B4212D3FC22890125
:102B700012BA030A8B420CD3890192118B4208D3FB
:102B8000890192118B4204D389013AD0921100E05D
:102B90008909C3098B4201D3CB01C01A5241830971
:102BA0008B4201D38B01C01A524143098B4201D39E
:102BB0004B01C01A524103098B4201D30B01C01AC9
:102BC0005241C3088B4201D3CB00C01A5241830843
:102BD0008B4201D38B00C01A5241D9D243088B4299
:102BE00001D34B00C01A5241411A00D2014663463C
:102BF00052415B10104601D34042002B00D54942A0
:102C0000704763465B1000D3404201B5002000F0DE
:102C100005F802BD0029F8D016E770477047C04696
:102C2000D0400B00D1409C46203AD340184352423A
:102C300063469340184370479140030090409C4680
:102C4000203A9340194352426346D3401943704798
:102C50001C2101231B04984201D3000C10391B0ACC
:102C6000984201D3000A08391B09984201D3000990
:102C7000043902A2105C40187047C04604030202E7
:102C80000101010100000000000000000448054BA4
:102C900010B5834203D0044B002B00D0984710BDE1
:102CA000F8000020F8000020000000000648074956
:102CB000091A8B10C90FC91810B5491003D0044B5D
:102CC000002B00D0984710BDF8000020F80000202D
:102CD0000000000010B5074C2378002B09D1FFF746
:102CE000D5FF054B002B02D0044800E000BF0123B4
:102CF000237010BD6002002000000000D4C2010853
:102D0000054B10B5002B03D00449054800E000BF77
:102D1000FFF7CCFF10BDC046000000006402002099
:102D2000D4C20108054B82B0DA6B0243DA63DB6B75
:102D300018400190019B02B07047C046001002404D
:102D4000054B82B01A6C02431A641B6C1840019048
:102D5000019B02B07047C04600100240802130B590
:102D600080240822454B49009962A40045B2002DF9
:102D700000DA81E09C62C046C046C046C046C046FC
:102D8000C046C046C046C046C046C046C046C04613
:102D9000C046C046C046C046C046C046C046C04603
:102DA000C046C046C046C046C046C046C046C046F3
:102DB000C046C046C046C046C046C046C046C046E3
:102DC000C046C046C0469961C046C046C046C046DF
:102DD000C046C046C046C046C046C046C046C046C3
:102DE000C046C046C046C046C046C046C046C046B3
:102DF000C046C046C046C046C046C046C046C046A3
:102E0000C046C046C046C046C046C046C046C04692
:102E1000C046C046C046C0464000C0B29962C046E7
:102E2000C046C046C046C046C046C046C046C04672
:102E3000C046C046C046C046C046C046C046C04662
:102E4000C046C046C046C046C046C046C046C04652
:102E5000C046C046C046C046C046C046C046C04642
:102E6000C046C046C046C046C046C046C046013AFD
:102E7000002A00D07AE730BD9C617CE70004005056
:102E8000054B82B05A6B02435A635B6B184001904A
:102E9000019B02B07047C046001002400222064B60
:102EA00099681142FCD00122187399681142FCD034
:102EB000D868C0B27047C0460038004010B5040062
:102EC000000CC0B2FFF7EAFF200AC0B2FFF7E6FF2E
:102ED000E0B2FFF7E3FF10BD0B4B5A7E002A02D091
:102EE0009B7E002B0ED10322084B01211A70002279
:102EF000074B1A70074B1970074B1B788B4201D098
:102F0000064B1A707047C0460C220020910A002020
:102F1000DF210020900A0020C32100206100002052
:102F2000084B1A68293213780133DBB2072B00D91A
:102F3000012313700122044B1A80044A044B1278B7
:102F40001A707047E02100208E0A0020C321002063
:102F5000610000200122064B1A80064B1A683432A9
:102F600013780133DBB2032B00D1002313707047B9
:102F70008E0A0020E0210020012305498A7F5A4063
:102F80008A77044A1370044A1370044A1370704716
:102F90000C2200206F0A0020720A0020F12100207C
:102FA0000A4810B502780A4B002A0CD00633D97FA4
:102FB0004C426141D97701235A400270054A13708F
:102FC000054A137010BD0533F1E7C0466E0A0020B4
:102FD0000C220020720A0020F12100200E490F4A25
:102FE0000B7870B5501D0E4D0E4C002B0CD02D786B
:102FF000C57720780632D077012253400B700A4BF8
:103000001A700A4B1A7070BDC67F2E70951DED7F29
:10301000C37725701800EDE76D0A00200C22002010
:103020006C0A00206B0A0020720A0020F1210020A7
:10303000012304490A785A400A70034A1370034A6C
:103040001370704733210020720A0020F121002004
:103050000123044A11784B4013700222024B1A706C
:103060007047C046640A0020630A00200123044A16
:1030700011784B4013700222024B1A707047C04601
:10308000620A0020630A0020044B05481A88504356
:10309000044A801880B21880000A70472800002077
:1030A0000508000019360000F0B5130007270322B9
:1030B0003B405A431B4B85B0D31801930123039126
:1030C0009C46002102900020019B5B5C0093009BCA
:1030D0006246C340134213D0039B1C18A3B23F2B7C
:1030E0000ED86546029B5A18E3B23C40A540D2B2C6
:1030F000ECB2072B0CD80C4BD5189B5C1C432C70E6
:1031000001300528E3D101310329DCD105B0F0BD40
:10311000DB08013BDB01054E9D18AD19F618B35CC9
:10312000ECE7C046DCD10108990A0020251D0020EB
:10313000054B1A78002A06D000221A70034B013280
:103140001A70034B1A707047200A0020EC210020EF
:10315000F121002030B50E4B1B689A8B0D4B18687F
:103160000D4B19680D4B1C6C844207D15C6C8C4272
:1031700004D11C0048342488944207D01C00002548
:103180004A3418645964483325801A8030BDC046DB
:10319000B0200020840A0020C8040020CC040020B5
:1031A0000E4B10B51B68191E13D00D4A1268918B77
:1031B00000290ED083420ED80A4A126882420AD3EE
:1031C000C01AFFF7B7FB084B0021984201D8013025
:1031D00081B2080010BD0021FBE7C046840A002030
:1031E000B0200020C8040020FEFF000010B5094CEC
:1031F0002278531CDBB2172B00D90023064952005A
:103200005052064A23701378172B01D801331370DC
:1032100010BDC046950400209604002094040020B0
:103220000122054B52421A800023044A1360044ACB
:103230001370044A137070470400002090040020AB
:103240008D0400208C04002070B51E4A0300126813
:103250000232D47F221C082C00D208221A491B48B3
:103260000D88083A92B2854206D100200B80844234
:1032700001D0A342404170BD15482E1C854201D9A2
:103280001448068814481036B6B21C1C834201D973
:10329000124804880834A4B29E4202D80120934206
:1032A000E9D2A64202D801209442E4D29D4202D93A
:1032B00000200B80DFE707226A430432D318DB08C3
:1032C000F6E7C046B020002004000020FFFF000009
:1032D000EFFF000018C40108F7FF00001AC401083E
:1032E000002806D0044A13780133DBB2032B01D83F
:1032F000137070470023FBE789040020F8B5104CD9
:103300002368002B02D000232360F8BD0D4B0E4F25
:103310001B681B691D680D4B2560597B4A42514152
:1033200048224A439B1888331E683E60FFF778FFA7
:10333000B54201D926603D60FFF70CFFE5E7C046C6
:10334000840A0020E0210020C80400200C22002074
:10335000074B1B78012B0AD0064B1B78012B06D09C
:10336000012205494B7E53404B76044B1A7070473F
:10337000C3210020EA2100200C2200206F0A002037
:103380000021012210B5124B1960124B587B4240AC
:1033900011485A7304788C4202D001700F480170B2
:1033A000991DC87F002801D0501CC8770533D97FEC
:1033B000002901D00132DA770123094A1370094A42
:1033C0001370094A13700022084B1A7010BDC046D2
:1033D000840A00200C220020DF210020DC210020B4
:1033E0006F0A0020720A00204E00002061000020B9
:1033F000092802D83030C0B2704703000A3BFF20D2
:10340000052BF9D8014AD05CF6E7C0467BCF01080E
:1034100010B50E4A0E48137B59424B410021DBB2D6
:1034200013738B4200D04831883152180260094A28
:103430001378002B03D101331370074A1370002057
:103440000EF0A2FE0A22054B1A8010BD0C220020AD
:10345000B0200020830A0020F12100201C0A002057
:10346000194B10B51B78002B11D0FFF761FE174ADE
:10347000174B12781B7852B2002A1BD1154AD27F03
:10348000002A05D1032B02D003200EF01FFD10BD32
:10349000114A1278002AF5D1642010490880104999
:1034A0000A7010490A7001210F4A117001210A4A5D
:1034B0001170E7E7084A11780029E3D114200B4A7C
:1034C00010800B4AF1E7C0461E0A0020A42100200C
:1034D000EA210020112200202E2100201C0A0020B9
:1034E0004E000020830A0020F12100208A0A0020DB
:1034F0004F000020034B10B51B78002B01D1FFF7C4
:10350000AFFF10BD29210020302210B50021044852
:1035100017F05EFD0022034B1A70034B1A7010BDAA
:1035200096040020950400209404002010B5084B58
:103530001B78012B01D9042B05D1062008F046FC8D
:10354000062008F043FC0022024B1A7010BDC04652
:103550004C22002034000020A023402210B5DB05BF
:103560009A6216F07FF810BD10B5032804D0072822
:1035700009D0074B185C03E0064B1878A6231843C4
:10358000FFF7EAFF10BD044B18781530C0B2F7E71B
:1035900058D20108980A00202A00002070B50C4B70
:1035A0001B6834331C78012C0AD10321094D28787B
:1035B0000130FFF72FFB2970200009F049FB70BD97
:1035C000002CF9D1044D052128780130F1E7C046DF
:1035D000B02000206A0A0020690A002070B508F0B7
:1035E00001FE114B041E00D1104B19680D002D3542
:1035F0002A78343153425341D8B228700B78012BCA
:1036000007D153425A4103205242104016F0CAF8E3
:1036100070BD002CFAD000208242F7D1044B1878FC
:103620000130C0B2F2E7C046B0200020E021002007
:10363000680A002070B5868B006871430818310055
:103640001C00150008F0CAFCA04206D8A84203D20C
:103650003100A01B08F0C2FC70BD2800FCE7000090
:10366000F0B5212585B0FFF775FD164B1E68164B8A
:103670001B785BB20193154B1B680293144B1B68BC
:103680000393144B1F783000039B029A0199FFF7B4
:10369000D1FF013DEDB204003060002D07D0FFF7EF
:1036A0007FFD002803D000230B4ABB4202D120003B
:1036B00005B0F0BD0232911E09888142E3D001338A
:1036C000DBB2F2E7B0200020A4210020840A002011
:1036D000C804002016050020CC04002010B50FF00F
:1036E0009FFA0122044B1A70044B1B78002B01D067
:1036F000034B1A7010BDC046BE0700208C0A002084
:10370000720A002070B50B4D00202B78002B0DD1D4
:10371000094B1C78002C06D00A226243074B1A7012
:1037200000232B7070BDFFF7D9FF20000EF0CEFBF9
:10373000F6E7C046BE07002052220020BD07002049
:103740000F4B70B51B78002B17D00E4D2B78002B2C
:1037500015D0002913D001230B4C0A000100812051
:10376000237015F0A3FB094B2278002A07D0013BF8
:10377000002BF9D123702B7001E012F01FFD70BDFA
:10378000BC070020BB070020BA070020A08601006C
:10379000264B70B51A688023D28BDB009A422ED25A
:1037A00000230A2518002249224E0A78DCB29442EE
:1037B00009D300280DD1042A21D1002301220B7046
:1037C0001D4B1A7007E06843F45C0133001980B2A6
:1037D000ECE7042AF1D000220138184D84B2110020
:1037E00020006E7B08F076FF002809D1124B1B7871
:1037F000012B02D80222124B1A700AF0E7FA70BDB0
:10380000002302210E4A1370321D520054530D4AF8
:10381000760011700C4A745313700C4A1370687B55
:103820000AF0D4F80AF0D2FAE7E7C046E021002017
:10383000DF210020D0030020E42100200C22002002
:10384000DD210020630A0020620A0020640A0020B3
:10385000F8B5264B264C1A78002A03D0A11DCA774A
:1038600000221A700022234B1A70FFF74DFE224BE4
:103870001F68224B3E001B78002B01D0204B1E6896
:103880008022204BD2001B8893421CD2207BB2B2F4
:10389000031D5B00E25202214300E2520AF096F857
:1038A000B74204D00AF092FA0122174B1A70002393
:1038B000383423700AF00AFD01200EF065FC012265
:1038C000124B1A70F8BD124B1D6828002E6009F0CB
:1038D00087F8280008F06CFFB742E8D001232A00DF
:1038E000217BE88B0AF084FCE1E7C04688040020D5
:1038F0000C220020A421002084040020000A0020C3
:10390000080A0020880A0020F1210020EC21002074
:10391000B020002010B5174B174CDB7F002B19D0BF
:10392000164A1378002B03D000231370144A137027
:10393000144A637B11688022C98BD20091420AD25B
:103940005B00E2189288E25201220F4B1A700F4B73
:1039500092181A7010BD04335B00E05A0023012155
:103960001A0008F0F1FE0A4B9842F3D0637B5B002B
:10397000E052E9E7102200200C220020DF21002085
:10398000DC210020E0210020B0070020630A002095
:10399000FFFF00007047FEE770477047014B024A87
:1039A0009A60704700ED00E0002800080E4B1A787E
:1039B00082420DD018700D4B0D4A1B5C0D491380CF
:1039C0000D4A12889B1A9AB21BB2002B01D10B70C0
:1039D00070471811002B03DD53421B115B4218B2D4
:1039E000064B18800123F2E7291B002077D201083B
:1039F000201B0020261B0020241B0020221B00204F
:103A0000922210B5054B5200985CFFF7CFFF0022C1
:103A1000034B1A80034B1A7010BDC0460C220020C5
:103A2000C0210020271B0020F8B5802380267E4F70
:103A30007E4C9B007600BB610500A662C046C04676
:103A4000C046C046C046C046C046C046C046C04646
:103A5000C046C046C046C046C046C046C046C04636
:103A6000C046C046C046C046C046C046C046C04626
:103A7000C046C046C046C046C046C046C046C04616
:103A8000C046C046C046C046C046C0468020BB6255
:103A90002843FFF763F92368654A13402360C04653
:103AA000C046C046C046C046C046C046C046C046E6
:103AB000C046C046C046C046C046C046C046C046D6
:103AC000C046C046C046C046C046C046C046C046C6
:103AD000C046C046C046C046C046C046C046C046B6
:103AE000C046C046C046C046C046C046C046102379
:103AF0000020400080B2844601212069A661400A6E
:103B0000084061460843C046C046C046C046C0465D
:103B1000C046C046C046C046C046C046C046C04675
:103B2000C046C046C046C046C046C046C046C04665
:103B3000C046C046C046C046C046C046C046C04655
:103B4000C046C046C046C046C046C046C046C04645
:103B5000C046C046C046A662C046C046C046C04633
:103B6000C046C046C046C046C046C046C046C04625
:103B7000C046C046C046C046C046C046C046C04615
:103B8000C046C046C046C046C046C046C046C04605
:103B9000C046C046C046C046C046C046C046C046F5
:103BA000C046C046C046C046013B002B00D0A0E73F
:103BB00023681A408023DB021343236080239B0089
:103BC000BB61C046C046C046C046C046C046C046AF
:103BD000C046C046C046C046C046C046C046C046B5
:103BE000C046C046C046C046C046C046C046C046A5
:103BF000C046C046C046C046C046C046C046C04695
:103C0000C046C046C046C046C046C046C046C04684
:103C1000C046A661A361074B302D02D0472D01D1CC
:103C2000054B1880F8BDC046001400500004005039
:103C3000FFFFF3FF320000203000002070B50600C7
:103C400069200D00FFF7F0FE040003040BD46A2086
:103C5000FFF7EAFE0C4B24030005000D1C40044353
:103C60000220346070BD6820FFF7DEFE03000020F4
:103C70001A04F7D40548DB04DB0C58430449FEF76B
:103C8000E3FE28800120EDE700F0FF00EB120000CA
:103C900010270000F7B5694B694A00931B78019221
:103CA000002B26D113785BB2002B0AD0654B664AF5
:103CB0001B889B18062B04D8644B1B78002B18D04C
:103CC000F7BD634B1D786B1E022B27D86149624BF1
:103CD0000A78002A03D0614A1278002A06D01A789E
:103CE000002A1BD05E4A1278002A17D100220A70DF
:103CF0001A7001200EF048FA01225A4B1A70019BEB
:103D00001B785BB2002BDBD0574B1A78502AD7D8E0
:103D1000002A00D089E0FFF79BFDD1E74B4B01243F
:103D20001B78524F002B0AD03B78DAB2002B05D11A
:103D3000A5421AD00ED9AB1EA34229D900243B7844
:103D40004B4E002B69D1002C67D13378002B41D129
:103D50003470B5E7474BDB7D002BEFD0464B19782D
:103D60000029EBD002241A70E9E7444B1978394B4B
:103D7000002906D01A70404B1A78002ADED00022A3
:103D8000F0E71A78002AF6D11D706432334BF1E760
:103D90003B4B1978304B002914D03A490978012956
:103DA00010D11A70344E3378002BC7D00C20FFF797
:103DB0003BFE0405A40F013C63425C410023640008
:103DC0003370BCE71A78002AECD101321A70244B08
:103DD0006332E6E72C4BDB7F002BB9D0023D012D8F
:103DE000B6D80C20FFF720FE0005800F0128AFD1C8
:103DF000254BDB7F002B00D162E7A0238022DB056F
:103E000052009A62214BEC3A1A800023009A1370F8
:103E100001223A701E4A137052E700233370012CBE
:103E200000D166E7022CE3D04AE719235343194A2D
:103E300013800022184B1A7042E7C046150A002072
:103E4000A4210020880A002000FCFFFF1E0A002099
:103E50001B0A0020190A0020160A0020140A00205C
:103E6000130A0020EC21002034220020120A002036
:103E7000100A00200C220020110A00201A0A00203B
:103E8000180A0020170A00200F2200200E0A002026
:103E9000B82000208A0A00204F000020F8B50C004E
:103EA000374B302802D0472805D1364B1A88A2421A
:103EB00000D142E11C8080238026334F334D9B008C
:103EC0007600BB61AE62C046C046C046C046C04632
:103ED000C046C046C046C046C046C046C046C046B2
:103EE000C046C046C046C046C046C046C046C046A2
:103EF000C046C046C046C046C046C046C046C04692
:103F0000C046C046C046C046C046C046C046C04681
:103F1000C046C046C046BB62FEF720FFC046C04652
:103F2000C046C046C046C046C046C046C046C04661
:103F3000C046C046C046C046C046C046C046C04651
:103F4000C046C046C046C046C046C046C046C04641
:103F5000C046C046C046C046C046C046C046C04631
:103F6000C046C046C046C046C046C0461023AE62EA
:103F700022B2002A00DAE1E080229200AA6207E081
:103F800032000020300000200014005000040050D7
:103F9000C046C046C046C046C046C046C046C046F1
:103FA000C046C046C046C046C046C046C046C046E1
:103FB000C046C046C046C046C046C046C046C046D1
:103FC000C046C046C046C046C046C046C046C046C1
:103FD000C046C046C046C046C046C046C046C046B1
:103FE0006400AE61A4B2C046C046C046C046C046EA
:103FF000C046C046C046C046C046C046C046C04691
:10400000C046C046C046C046C046C046C046C04680
:10401000C046C046C046C046C046C046C046C04670
:10402000C046C046C046C046C046C046C046C04660
:10403000C046C046C046AE62C046C046C046C04646
:10404000C046C046C046C046C046C046C046C04640
:10405000C046C046C046C046C046C046C046C04630
:10406000C046C046C046C046C046C046C046C04620
:10407000C046C046C046C046C046C046C046C04610
:10408000C046C046C046C046013B002B00D06FE78B
:10409000C046C046C046C046C046C046C046C046F0
:1040A000C046C046C046C046C046C046C046C046E0
:1040B000C046C046C046C046C046C046C046C046D0
:1040C000C046C046C046C046C046C046C046C046C0
:1040D000C046C046C046C046C046C046C046C046B0
:1040E00080239B00BB61C046C046C046C046C04658
:1040F000C046C046C046C046C046C046C046C04690
:10410000C046C046C046C046C046C046C046C0467F
:10411000C046C046C046C046C046C046C046C0466F
:10412000C046C046C046C046C046C046C046C0465F
:10413000C046C046C046AE61AB61F8BD8022920069
:10414000AA6125E770B590B004004022684618497E
:1041500017F06DF8392C08D82F2C25D8232C25D012
:104160000EAD2A2C09D010B070BD2300413B373C66
:10417000032BF8D8A4006C44250028880D4C0E4E63
:1041800060430E498019FEF7D5FB81B27120FFF71D
:1041900085FE6B8809495C43A019FEF7CBFB81B211
:1041A0007220FFF77BFEDEE7303CE3E70FADE4E78C
:1041B000ECC201084C930100881300001027000096
:1041C000F0B50025E1B00FAC16220021200016F05A
:1041D000FFFEC34B15935F20FFF726FC6B000135F4
:1041E000E0520B2DF7D15920BE49FFF757FE592059
:1041F000BD49FFF753FE00210220FFF74FFE16AB2B
:1042000007CC07C306CC06C3228800211A801CA84D
:104210002E2216F0DDFE00231CAA15AC195B02331A
:10422000080A1070517002321A2BF7D10BAC0E2213
:104230000021200016F0CCFE7022002128A816F0E4
:10424000C7FE7022002144A816F0C2FE0023A74E2C
:1042500000210A001CA8C01801900198875CB05C7E
:1042600047400020002F0AD101320918052AF4D155
:10427000022908D90133082BEAD161B0F0BD7D1EB7
:104280002F400130EEE7AC2149005B180AA95B180A
:1042900001213A0007258C462E00D10859180C3907
:1042A000FF390978964331416046014078200AAED3
:1042B0003618B1540132702AEED100220721693834
:1042C0001300AC2603404B4376009B190AAE150938
:1042D0009B195B1935007826AD19AD5C703B013236
:1042E0001D70702AECD1002201250720E8260AABB8
:1042F0009B1906009B5C96432B40B340D108665C3B
:10430000013233436354702AF0D1A58807F0BEFF11
:10431000200014F089FBA84200D1B5E0072200215B
:1043200044A816F055FE3F22FF21714816F050FEBA
:104330004022FF216F4816F04BFE00226E4B6F4E5D
:104340001A70019207220199019B0A40AC21DB08F7
:1043500049005B180AA95B1819004E3B5539FF3913
:10436000FF3B09781B7811411341012001220024F1
:1043700008401A4007900892029403945E4B1B5D1C
:104380000493FF2B2FD06300220906936308534048
:104390000122134062095340059320230025234046
:1043A00009933F23069A04992A431A40079B0898C9
:1043B0006B405B180599694041405B184D495018A6
:1043C000895C8B420DD20370099B002B09D0012020
:1043D0000021FEF731FC029B03430293039B0B4336
:1043E0000393002D74D00134402CC7D1029BFF20D1
:1043F0003360039B3F4A736000233F491478107079
:10440000CC5401330132402BF8D1019B08360133E3
:104410000193382B96D10A78373BC85C824201D988
:1044200002001F000133402BF7D137240726334BFE
:10443000019301232100E8203B4031408B400AA931
:10444000E2080918895C7D080B430AA909188B54F6
:10445000019AE3009B18186859683A00FEF7E0FBE0
:1044600020234001184005432F00013CE1D2EC21FC
:10447000449A0BAB0B920AAA5218128802319A8006
:104480000AAA521812789A710BACA58807F0FEFEA2
:10449000200014F0C9FA854200D0EEE66178237856
:1044A0006488174A64BAA0B21480164C93702568C9
:1044B0000A246C4354600224FF34D1701481072B0A
:1044C00008D8114A9B009B58002B03D09847D4E68C
:1044D000012566E7FA210020C90007F077FFCCE646
:1044E000555555556880000068300000B4D101086A
:1044F000C109002080090020C0090020C007002059
:10450000540000205C210020BCD1010810B5094CEA
:104510002388002908D04022C240134399B2332097
:104520002180FFF7BBFC10BD4121494201411940E8
:10453000F5E7C046081D002010B5040051200A49C7
:10454000FFF7ACFC07200949FFF7A8FC210508206C
:10455000090DFFF7A3FC802321021B02090D08208F
:104560001943FFF79BFC10BD33A00000D70A0000E1
:104570000C4B10B5C1184B1E9941040049420A4B1F
:10458000890A8902C9185120FFF788FC0748084B9F
:1045900060430849C018FEF7CDF981B20720FFF744
:1045A0007DFC10BDBFF5FFFF40940000982603007E
:1045B00050C30000A086010070B5040031200D003A
:1045C000FFF732FAA02361051B02490D19430600CB
:1045D0004620FFF763FCC0216D056D0D490129439D
:1045E0007920FFF75BFC7A200449FFF757FC042190
:1045F0003143312089B2FFF751FC70BD9A28000089
:1046000010B5040081B23820FFF748FC3920210C96
:10461000FFF744FC10BD000010B503490002014340
:104620004720FFF73BFC10BD4260000010B537206B
:104630000549FFF733FC00213020FFF72FFC302025
:104640000249FFF72BFC10BD1F9F0000F1BF0000C7
:1046500010B53120FFF7E8F90223984381B23120E9
:10466000FFF71CFC00212B20FFF718FC10BD0000F9
:1046700070B505003120FFF7D7F90400002D06D1F1
:1046800008239C43A1B23120FFF708FC70BDAB1E8C
:104690005A1E9341AD21DB03890119432920FFF7FD
:1046A000FDFB0120A84280410549404280030143AF
:1046B0002820FFF7F3FB0821214389B2E3E7C04636
:1046C000382B000010B53120FFF7AEF904239843D2
:1046D00081B23120FFF7E2FB10BD10B5002124208C
:1046E000FFF7DCFB10BD0000DB2110B52120C90065
:1046F000FFF7D4FB24200249FFF7D0FB10BDC046D2
:104700007FC1000010B550200149FFF7C7FB10BD65
:1047100018BB000010B550200149FFF7BFFB10BDCA
:10472000183B000010B500213020FFF7B7FBE8214F
:1047300037204901FFF7B2FB10BD000010B5002182
:104740007020FFF7ABFB0020FFF766FFFFF7E2FFEB
:1047500000213020FFF7A2FB30200249FFF79EFB2B
:1047600010BDC046F1BF000010B5C3217020FFF797
:1047700095FB72200A49FFF791FBC1215820FFF7F2
:104780008DFB5C200749FFF789FB8E215D20C90165
:10479000FFF784FB5E200449FFF780FB10BDC04695
:1047A00065300000655600000432000010B500219D
:1047B0003020FFF773FB10BD054B10B51B78002BA5
:1047C00005D001210020FFF7A1FEFFF72FFF10BD4C
:1047D0002921002010B50400FFF794FF0020FFF707
:1047E0001BFF00217020FFF759FBFFF776FF3020F9
:1047F0000349FFF753FB002C01D1FFF78BFF10BDDE
:10480000FEC1000010B530200149FFF747FB10BD85
:10481000FAC3000010B50400FFF766FFFFF772FF50
:104820000020844200D00330FFF7F6FE70200349D9
:10483000FFF734FBFFF7E6FF10BDC046C3C300001F
:1048400010B56720FFF7F0F8C005C00D10BD0000DF
:1048500010B5064B064A1B7811781B011943B0238B
:104860001B0248201943FFF719FB10BD8E220020C0
:104870009022002010B501240E4B05201A785440D8
:104880001C70614261410F2349421940A1231B0161
:10489000C91811F0A4FD0022074B944202D11A005E
:1048A0008332127882331A70FFF7D2FF0122034B52
:1048B0001A7010BD650A00200C220020F121002092
:1048C00010B5FFF79DFEC02151208900FFF7E6FAE1
:1048D000FFF7ACFE10BD10B500210420FFF716FE57
:1048E00000210320FFF712FE10BD00000B4B10B596
:1048F000984208D801210420FFF708FE0021032078
:10490000FFF704FE03E0013002D1FFF7E4FF10BD22
:1049100000210420FFF7FAFD0121F0E7FF3EAB0183
:1049200070B51D4B1B78013B012B27D900241B4B75
:104930001B4A1C7013781B4DA34220D01A4B1470D5
:104940001C701A4B80221C80A02301265200DB051C
:104950009A62174B1C7011F05BFD164B1B681868B0
:10496000FFF7C4FF144B1E70144B1C7009F0AEFC13
:104970005022134B2C701E70124B1A8070BD124ABD
:10498000137008F03BF801200DF0FEFB12F02CF83C
:1049900003232B70F2E7C046EA210020DF2100202C
:1049A000DE21002061000020A3210020700A0020E9
:1049B000B8200020B0200020F12100204422002057
:1049C000720A0020262100208C0A002070B50F4DAD
:1049D00004002A68002A08D0002318000C49A142CC
:1049E000584191425B41984202D02000FFF77EFF80
:1049F00020002C60FFF704FE00213020FFF74EFA64
:104A0000044B30201988FFF749FA70BD900400204C
:104A1000FF3EAB018A040020A023F7B51600082250
:104A20000500DB059A6203200C00FEF737FA280028
:104A3000FEF744FAC0232E4DDB00AA68110019408E
:104A400001911A420AD10F2E0AD8A619B44249D0B0
:104A5000FF20FEF723FA20700134F7E7EA68ECE75D
:104A600040222B68042093432B6014F003FA0520A6
:104A700014F000FA802284211E4B52015A601E4F0E
:104A80000420490114F0D8F905201C4914F0D4F988
:104A9000FC601B4C31000420BC6014F0DDF9194AA5
:104AA000194B3100D36094600224052014F0D4F92E
:104AB000019B164E042033703B6823433B6014F087
:104AC000E7F9052014F0E4F901236A681343402252
:104AD0006B602B6813432B606B681C436C603378EE
:104AE000002BFCD0A0230822DB059A61F7BDC0464D
:104AF0000038004000000240440002401010000056
:104B00000C380040580002401C1B00201A1B0020DB
:104B10000120024B1B699B0A984370470004005018
:104B200000B503000078002208280ED8FDF7E4FE47
:104B3000050F151D3522272F2F000122552904D0DE
:104B4000AA2901D0002000BD05221A70FAE7AA396F
:104B50004A42514149001970F4E703220029F4D078
:104B600005394A4251418A00EFE7484241411A70F3
:104B7000C8B2E8E700225529E7D10632E5E7032964
:104B800001D10722E1E70429DFD10822DDE712295C
:104B900003D8102901D00248017001201A70D2E711
:104BA0002B0000200022034B1A70034B01321A70B5
:104BB0007047C046190B0020F1210020F7B5A02650
:104BC000402750390430F605C5B20193C8B2B76228
:104BD000140014F047FD10202B09184314F042FD77
:104BE0000F20284014F03EFD019BB761E5182078A6
:104BF000013414F037FDAC42F9D1F7BDF8B5042308
:104C0000124E0400B3624020FEF7A6FC104A002CAE
:104C100007D0104B01251F00072C0AD8621ED201B5
:104C2000D218802321000020FFF7C8FF0423B361BE
:104C3000F8BD290001353A0080230020EDB2FFF7CE
:104C4000BDFF8037082DF4D1F0E7C04600040050C6
:104C5000990A0020251D002010B50820FFF7CEFF7F
:104C600010BD10B50130C0B2FFF7C8FF012012F02F
:104C70004BFF10BD10B50020FFF7C0FF10BD0000B6
:104C8000F7B5041E294E2A4F2BD00024FEF7FCF95D
:104C90007021FDF7D5FEA5192970FEF7F5F903215E
:104CA000FDF7CEFE3D19013101342970202CEDD1E4
:104CB00009F024FE002509F05DFD0024EFB2BB00E1
:104CC000DBB20193725DE100611A5118D219121919
:104CD00009B2D2B2002C16D10198FEF7E5F90134E1
:104CE000F0E735002B783A5D9B18DBB22B70702B08
:104CF00004D9FEF7C9F90F23184028700134013593
:104D0000202CEFD1D4E7032C02D901231A4202D080
:104D10000198FEF7C9F90134082CD3D10135202DB3
:104D2000CBD1FFF7A7FFFFF797FFF7BD420A00209F
:104D3000220A002070B5254B1C78002C3ED0244B55
:104D4000DB7F013B3B2B39D8224D2B78002B35D113
:104D5000214B1B78002B31D1204B1B78012B2DD000
:104D600007F040FA002829D11D4B1B78002B25D1D4
:104D70001C4B1B78002B03D01B4B1B78002B1DD02A
:104D80001A4B1B78002B19D1194B1B78002B01D023
:104D9000032B13D1631E012B11D810F08DFFFFF7E9
:104DA00069FFFFF759FF012300202B70114B18708A
:104DB000114B1870114B187012F0A6FE70BD032C29
:104DC000F1D10120FFF75CFFEDE7C046210A00208A
:104DD00014220020200A0020BA210020EA2100200D
:104DE000A0210020A32100201B210020B7210020AA
:104DF000C32100201F0A0020EC210020F121002007
:104E0000042370B5074DE220AB62FEF7A5FB00243A
:104E100020000134E4B2FEF7A7FB082CF8D10423EC
:104E2000AB6170BD00040050042370B50024064D32
:104E3000AB6220000134E4B2FEF796FB0B2CF8D1F4
:104E40000423AB6170BDC046000400500B4B70B52D
:104E50001B680B4C584300236568A268834200D34B
:104E600070BDA1688A4203D99B185B1A0A00F5E756
:104E70008A42FBD26E1AF318D318F7E72C1B0020D6
:104E800010E000E0324870B50378002B20D0314BA1
:104E9000314A0021595E13885B181BB21380002928
:104EA00017DD2E490024095F994219DD1478002C82
:104EB0001CD12B4A013413680720A343136013F05D
:104EC000D9FF2000FFF7C2FF8022264B52009A62D2
:104ED00070BD0029EAD021490024095F9942E5DB31
:104EE0001E4B1B88138000230370DFE76401FF2142
:104EF0002000FDF71FFDFF2300225B019C421AD01A
:104F00001100194E194D0B0082424B415B42334058
:104F100001339400FF3301322B51202AF3D10124B5
:104F20000F4D2B682342D3D1072013F0B1FF2B681C
:104F30001C432C60CCE70121094A072013688B43EE
:104F4000136013F097FF8022064B52009A61BFE76F
:104F5000261B0020221B0020241B0020201B0020D9
:104F6000001400400014005000FFFF00301B002020
:104F7000782170B51B4A1C4B12781C4C4A431A808E
:104F80001B4A1C4B12781A701B4B1D781B4BDB7F86
:104F9000002B06D1FEF734FD002D01D0FEF7C6FA36
:104FA00070BD0122164B1A702623FF33E05CFEF71A
:104FB000FDFC002D05D0134B1B78002B0CD1FEF708
:104FC000B5FA0834E17F00230F4A3D2902D00A23B5
:104FD0004B4301331380E3E7FFF754FF0B48FFF720
:104FE00035FFE8E760000020BC2100200C220020F3
:104FF000291B0020281B0020340000201422002040
:10500000271B0020261B0020C021002010270000A5
:10501000064910B50B78002B03D0054A054B1278D2
:10502000DA7700230B70FFF7A3FF10BD670A00209B
:10503000660A00201422002080220A4B52024343B9
:105040009B1810B571200C00590CFEF727FFFFF7D5
:1050500061FBFA2080006043FFF7F8FEFFF752FB88
:1050600010BDC0461DA61400F8B51C0005000E00BA
:105070001700FFF747FB201E05D0A0238022032046
:10508000DB0552009A61FFF7C7FA12493F02394324
:1050900089B27020FEF702FFFFF7B4FB0E48FFF75E
:1050A000D5FE31002800FFF7C7FF002C07D0A02352
:1050B0008022DB05520000209A62FFF7ADFA002142
:1050C0007020FEF7EBFE30200449FEF7E7FEFFF705
:1050D00021FBF8BD0080FFFF50C30000FEC10000AF
:1050E00010B500213F20FEF7D9FE68215920FEF7B8
:1050F000D5FE0348FFF7AAFEFFF758FB10BDC046D8
:105100003075000010B5FFF7EBFF00210220FEF71D
:10511000C5FE00213F20FEF7C1FEFFF787FAC02140
:105120003F208901FEF7BAFE59200449FEF7B6FE7A
:1051300059200349FEF7B2FE10BDC046684000008A
:105140006830000070B50D000400FFF7DBFAC221E3
:1051500070200902FEF7A2FE80230B495B0269431F
:10516000C9187120490CFEF799FE0020844200D036
:105170000330FFF751FAFFF745FB0448FFF766FEDF
:10518000FFF7C8FA70BDC0461DA6140050C300004A
:10519000F0B5FA260500002485B003930AAB1F88FA
:1051A0000BAB1B88B6007343019102920093285DFC
:1051B000002801D105B0F0BDFEF7C4FFFFF7AAFA41
:1051C000019B002B02D00298002C06D02B5D039887
:1051D0002A2B02D0232B00D038007043FFF736FE75
:1051E000FFF790FA0098FFF731FE0134DFE7000087
:1051F00070B5A0250826094CED050520AE62FDF727
:105200004DFEFF20FDF74AFEAE61C00705D50A201E
:10521000013CFFF71BFE002CEFD170BD40420F0098
:1052200070B5A02408250600E405A5620620FDF758
:1052300035FEA561FFF7DCFFA5622020FDF72EFEFD
:105240003000FDF73BFEA561FFF7D2FF70BD000007
:1052500010B50400FFF7E4FF054B1B68A34205D11E
:105260008022FF210348520115F0B2FE10BDC04656
:105270002C0000201A0B0020F0B587B06B4604907C
:1052800003921A7C8023A0255B0002919B1AED05F6
:10529000039A01929A4200D9019308231C00AB6241
:1052A0000620FDF7FBFDAC610220AC62FDF7F6FDC8
:1052B0000498FDF703FE029C019AA6180F2A5BD9F9
:1052C0004022314C04202368304E9343236013F076
:1052D000D1FD052013F0CEFD80222D4B52015A60E6
:1052E0000021042013F0A8FD9021052013F0A4FD57
:1052F000284F294B0420F3600199B76013F0ACFDEF
:10530000264B02990520D9609F60019913F0A4FDF6
:10531000234B022705930023059904200B70336863
:105320003B43336013F0B4FD052013F0B1FD0123BE
:1053300062681343402263602368134323606368F9
:105340001F436760059B1B78002BFBD00823AB61D4
:10535000FFF74EFF019A049B944663440493029B1B
:1053600063440293039B9B1A03938023039A5B007D
:10537000002A8DD107B0F0BD20780134FDF78EFDF5
:10538000B442F9D1E2E7C046003800404400024090
:10539000000002400C3800401C1B00205800024056
:1053A0001A1B0020F0B587B0059380230705040B76
:1053B0003F0D5B010190029103922403DE1B039BCE
:1053C000002B03D1FFF714FF07B0F0BDFFF710FF6C
:1053D000039DB54200D935002B4E3368A34206D059
:1053E0008022200029495201FFF716FB3460274E26
:1053F0002A00BE193100029815F096FF002826D029
:105400000023F25CFF2A31D101339D42F9D1002300
:105410002A0030000299049315F009FF049B002B29
:105420002DD02000FFF7FCFEFFF7E2FE059B174E94
:10543000002B1DD0EF193A0031002000FFF71CFFB0
:1054400080225201FF21D21BF01915F0C1FD019BF2
:1054500000275B190193029B5B190293039B5B1B63
:10546000039380235B011E00E418A8E70123CFE724
:105470008022310020005201FFF7FEFEE7E72A00FC
:1054800002990198F8E7C0462C0000201A0B002072
:1054900080201C4980010B6810B5034230D00224E3
:1054A000194B1A6822422BD01A68A2431A6048602E
:1054B0000A20FFF7CBFCC021144A154B490198681C
:1054C000084202D0013A002AF9D180210F4A986897
:1054D000084202D0013A002AF9D1C0210B4AC90082
:1054E0009868084202D0013A002AF9D102215A688C
:1054F0008A435A605A6801398A435A60054B1970C9
:1055000010BDC046000002404400024011270000C8
:10551000003800401A1B002070B540262025094C99
:105520000120A661FFF792FCA5610120FFF78EFC28
:10553000A6620120FFF78AFCA5620120FFF786FC26
:1055400070BDC0460014005070B540252026094C9F
:105550000120A562FFF77AFCA6620120FFF776FC26
:10556000A6610120FFF772FCA5610120FFF76EFC28
:1055700070BDC04600140050F7B5234C234A236881
:105580000190134023600823002520270126009363
:105590003000A762FFF75AFC3000A761FFF756FC06
:1055A0003000FFF753FC23696D00EDB25B0600D5B8
:1055B00035433000A762FFF749FC009B013BDBB29B
:1055C0000093002BE4D12268104B01201A40802365
:1055D0005B0113432360A762FFF738FC019A402365
:1055E000002A0ED0A36120260120FFF72FFCA66120
:1055F0000120FFF72BFCA6620120FFF727FC280003
:10560000FEBDA362EFE7C04600140050FFCFFFFFCE
:10561000F8B52023264C0500A3620120FFF716FCF5
:1056200008266BB2002B3EDB4023A362202701201B
:10563000FFF70CFC013E0120A761FFF707FC6D009E
:105640000120A762F6B2FFF701FCEDB2002EE8D10F
:1056500040252368174E012033402360A561FFF7E2
:10566000F5FBA7610120FFF7F1FBDF3723691A0083
:105670002A402B421AD0013F0120FFB2FFF7E6FB80
:10568000002FF3D101256D422023A3620120FFF7F3
:10569000DDFB802322685B013240134323604023FB
:1056A0002800A361F8BD4023A361BFE71500EBE725
:1056B00000140050FFCFFFFFF8B578238026802725
:1056C0000025164C3602A361FF010A20FFF7BEFB3E
:1056D00023691A003240334212D03B420FD09A0461
:1056E00017D50322DB040BD50135052D13D0782304
:1056F0000722A361521B773B9340A362E5E7012297
:10570000074BA9005B18985C1328EDD07823A361A0
:10571000F8BD0222F4E71320F8E7C0460004005069
:1057200063D2010810B532246320FEF77DF9C0B2C0
:10573000C72806D9013C0120E4B2FFF787FB002C03
:10574000F2D1FFF77DF8FFF77BF810BD70B5FFF7DA
:10575000E9FF1A4A0400031C904201D9184B1B8828
:10576000184A083312689BB20232D17F164A158854
:10577000164A954204D1002901D0994212D970BD30
:10578000134E2A1CB54201D9124A1288103292B225
:105790009A42F4D80A1C082900D20822083A92B288
:1057A0009A42ECD8AF204000FFF750FBFFF7BAFF5A
:1057B000231C844200D2031C98B2E0E7F7FF0000EC
:1057C0001AC40108B020002004000020FFFF0000E0
:1057D000EFFF000018C40108604BF0B51C68604B77
:1057E00085B01B68002B00D1A8E05E4B1B78002B16
:1057F00000D19DE0A31CDB7F002B00D198E030207E
:10580000FEF712F90626584A584B10401880FDF74B
:1058100027FF2060200007F0E3F823691D68544B40
:105820001B68002B06D0534A127852B2002A4ADD78
:105830009D424CD32800FFF7C9F8FFF787FF05000A
:10584000FDF7D4FC2800FDF7FFFC002861D0A18BF8
:105850004B1EF82B28D8FA20236880000293FDF70E
:10586000F3F8502800DD50200026370083B2039360
:1058700023691B680193FDF7F3FE2060200007F009
:10588000AFF8236918683B4B1B785BB2002B21DD16
:10589000019B834223D9029B2000236007F0A0F8DC
:1058A00023691868FFF792F80122334B1A70200021
:1058B00007F096F8200006F07BFF01200CF064FC56
:1058C00009222E4B2EE0002AB4D09D42B2D9FDF71A
:1058D000A7FCAFE7002B02D0019B8342DBD3FFF78D
:1058E00075F8FFF71FFF854209D2050000272368DE
:1058F00002930136039BB6B2B342B9D1CBE78542DE
:10590000F7D9281A0728F4DD0137FFB2022FF0D9A2
:10591000C1E7013EF6B2002E00D078E70122164B17
:105920001E70164B1A800122154B1A7005B0F0BD7F
:10593000114A1370FDF794FE2060B8E70E4A0D4936
:105940001370208E0F4AC000097813185B688258C4
:1059500049B22000FDF76EFEEEE7C046B020002001
:10596000840A002003000020FFFDFFFF8A040020BE
:1059700090040020A42100208D0400208A0A002029
:10598000EC21002084CF0108F0B5D44BD44C1A7818
:1059900095B0531E182B3DD8230080212A331B7845
:1059A000C9000593A38D8B4231D01BB2E58D8D428A
:1059B00036D02DB2CB490191098802910599002971
:1059C0000ED0C9490E780391002E2CD0012E00D1A3
:1059D00040E10323039A1370C44B019A1B88138080
:1059E0000025C04B01221E88C14B5D572300701952
:1059F00029331B78290080B206F0A6FEBD4B0700B4
:105A0000984200D038E1FDF70BFC00271BE0012392
:105A10005B42CBE7012301215B421D000591C9E7F1
:105A200001256D42C6E7B14902980880002B00DAD3
:105A300010E19FB23100380006F04CFE002800D182
:105A400008E1039B1E70019B1F80237B1A1D5B00D6
:105A5000E752A94B52001D68A84BA7521B78EF8351
:105A6000002B00D174E1AB1CDB7F002B00D12EE1B9
:105A70001022380108A9FEF7CFFF089B0193013BD4
:105A8000033300D920E1152008AB1B22C0180021E8
:105A900015F09EFA019B0C930E93099B0293029AB8
:105AA000974B9A4201D9974B0293029B0F24109374
:105AB00008AB9B7A08A91A001B0922400A750B77CC
:105AC0000CA8097A06F064FE08AB597A0EA806F015
:105AD0005FFE08ABDB7A1C400394022C01D9002244
:105AE000039203990CAA11761E092F2B00D90026C8
:105AF000D67508AB9B7B0493172B01D90423049321
:105B0000049B0CAA049993757F4B4900CB5A012141
:105B10000793938208AB1B7BFF2B00D0BBE0517631
:105B20000691039B012B00D1C5E0022B00D1C7E0F9
:105B300008AB5B7BFF2B06D01B075B0F042B00D948
:105B400000230CAA937748226549704C0B7B2000F8
:105B50005343C918883115F06AFB0CAA11002300C1
:105B6000E78381C981C39C46180088C988C0634601
:105B700002990398A1610799A1830499D97721001B
:105B800034310E70611CC8772100507E29310870B5
:105B90002000917E2B3001702000D77E2D300770C1
:105BA0002000177F333007702000069F28300770D1
:105BB000907F2200002901D01A00230022610122D7
:105BC0006361534B21001A702B002F003231087093
:105BD00034331C782D373A78A64201D1002A16D0EA
:105BE0001E7000233B70A64202D0300007F030F850
:105BF0000020012E03D13878002800D0032013F0B4
:105C0000D1FDA64203D00122424B52421A803020DD
:105C1000FDF70AFF404A414B104018800198FEF7FB
:105C2000D5FEFFF793FD0400FDF7E0FA2000FDF735
:105C30000BFB3B4B002877D001221A70284B022126
:105C4000187B07F0C3FE01200CF09EFA0122354BB1
:105C50001A7086E0230029331A78002D00DAB8E69E
:105C6000AFB20021380006F035FD002800D1B0E6C3
:105C700001221D4B1A70E6E6002D05DD864200D894
:105C8000E1E6FDF7CDFADEE6002D00D1DBE6864247
:105C900000D3D8E6F5E71800084090765808084089
:105CA000D076D806400F507658099B0908400B4023
:105CB0001077069335E7019B029A9B180E9337E7FE
:105CC000019B029A9B1AF9E70022114B1A700022DD
:105CD000134B1A70029BBB4243D0AFE73522002022
:105CE0000C220020880A0020890400208004002063
:105CF000A4210020FFFF0000B020002003000020AE
:105D0000FFE0F50540420F006CD101083804002087
:105D10008C04002004000020FFFDFFFF8A04002007
:105D20008D040020EC2100201870019B0F4A2B608D
:105D300012780F4B002A01D09B68AB6001220D4BFB
:105D40001A800D4B1A700598FDF7CAFA15B0F0BD10
:105D5000029BBB4200D071E7084B1B78002B00D0A0
:105D60006CE70922034B1A80EDE7C046630400206C
:105D7000380400208A0A0020EC2100208D04002035
:105D8000F0B585B0041E039107D0324A324BD17F63
:105D900019700023D377314A137006F02FFE06F0F6
:105DA00021FA2F4B01932F4B0293002812D0A023EE
:105DB00080220025DB0552009A622B4B1D702B4B75
:105DC0001D70019B1D70029B1D7006F017FA2800C4
:105DD0000CF07CF80022264B1E68264BF78B1F80A8
:105DE000254B1A70254B039A1A70FDF78DFBFDF7B2
:105DF00017FA8023224DDB009F4221D2214B1878D5
:105E000006F022FC002804D1013006F035FC08F031
:105E1000CFFD002C03D0F38B1B4A2B601360FFF7E0
:105E2000B3FD1A4B2A681A603222194B1A800023DC
:105E3000184A1370019A1370029A137005B0F0BDDE
:105E4000002C03D03368104A2B601360FFF7C4FCAA
:105E5000E7E7C0461222002088040020000A002044
:105E60002E2100202F210020B82000208C0A0020A5
:105E7000B0200020880A002089040020A4210020EE
:105E8000080A00203522002084040020040A002093
:105E90008A0A00204F000020010010B50020FFF703
:105EA0006FFF074B1B680233DA7F1423002A00D0F0
:105EB000133B044A13800022034B1A7010BDC046E6
:105EC000B02000208A0A00204F0000200A4B10B5A5
:105ED0001A68002A01D1094A1A601868084A41184C
:105EE000914206D915F04AF80C2303600120404284
:105EF00010BD1960FCE7C046940A00204035002020
:105F00000040002070B506000D001400FEF74AFEA8
:105F10002A4B1B78002B1DD129490B78002B19D057
:105F20000122284B1A70122E13D1002C11D1002DF2
:105F30000FD0254B1A70254B254A1C701378002B67
:105F400001D10B7005E02D21013BDBB21370214A1A
:105F5000D15470BD112E1DD0122E13D000230A2E45
:105F60001FD0AC42F5D101201B4A174912780870A6
:105F7000002A1DD0182B1BD8184ADA40024217D02D
:105F80000223DEE7164B002C02D048331B78E8E7EB
:105F90004733FBE7124B002C01D04A33F6E7493375
:105FA000F4E79C42DDD024220D4BFF329B5CD8E706
:105FB0000C4A9B009B589847CBE7C046C321002062
:105FC000A221002031210020DD21002061000020DD
:105FD000820A0020730A0020DE2100202CDCF2015E
:105FE0000C220020F4D101080E4910B50A780E4B9E
:105FF000002A0AD10833D87F0C4A10703D22DA7784
:1060000001230B70FEF7B4FF10BD2621084AFF31B3
:10601000595C12780833914202D10022DA77F1E715
:106020003D22FBE7670A00200C220020660A0020C0
:10603000281B0020BFF34F8F034B044ADA60BFF3E5
:106040004F8FC046FDE7C04600ED00E00400FA05B2
:10605000F7B50600FDF76CF8494B1C68002C0AD018
:10606000484B1B78002B06D1B01E434258412100FB
:10607000800012F0EDF8E122434B444F52011A80A8
:106080003B78002B01D010F0C3F9A0238022DB0560
:1060900052009A613E4BFF3A1A703E4B1B789B07A9
:1060A00001D5FEF765FF00223B4B3C4D9A563C4B19
:1060B0000193002A1CD16B1DDB7F002B42D13434AD
:1060C000FEF7C6FB207806F0C3FD30000BF0FEFEA5
:1060D000022E02D03B78002B4DD0324B1B78012B87
:1060E00002D000200FF09AFD0123019A1370F7BD32
:1060F0002835FDF795F82B78502B1FD92A4A1178AF
:10610000002909D1503B1900FA235B004B43274972
:106110009BB20B80012313700022254B1A70254A75
:10612000254B116819608021E38BC9008B4200D395
:10613000236813600122214B1A70C0E700221B4B19
:106140001A80E9E70635E97F4B424B413C205B4230
:10615000FF3003401A48693303801A4B1A70002934
:1061600002D10122184B1A700022184B1A70012319
:10617000019A1370A3E70122154B1A70B4E7C046C9
:10618000B02000201D1D0020E6210020DE2100207F
:10619000B82000200C0A0020A42100200C2200209E
:1061A000F1210020C32100202F2100208A0A002095
:1061B0004F000020080A0020040A0020000A0020E6
:1061C0001C0A00204E00002030210020830A0020FD
:1061D000EC21002010B5174B1B78022B08D006F0DD
:1061E0000DFC01200BF0D0FF0220FFF731FF10BDA6
:1061F0000022114B1A70114B1B785BB2934208D0EE
:10620000FA210F4B490019800E4B1A700E4B0132C8
:106210001A7001200BF0B8FF0C4B0D4C1B78002BB3
:1062200004D010F0E1FB03232370E0E7094B1B7857
:10623000FAE7C046EA2100208C0A0020A4210020B1
:106240008A0A00204F0000202F210020DE2100209C
:1062500061000020C32100201E4B10B51B78D8B26E
:10626000002B09D11C4B1B78002B04D00BF02EFE09
:1062700001221A4B1A7010BD194B1A78194B1B7852
:10628000134359424B411849DBB20978C8B200297F
:1062900005D0012A03D10021144B197003001449C1
:1062A0000978002912D01349097801290ED1023A40
:1062B000012A0BD80022104B1A70104B04201B78B7
:1062C000002B00D00238FFF7C3FED4E7002BF4D137
:1062D000D1E7C0461E0A0020EA210020EC21002060
:1062E0001B0A0020A42100201A0A0020190A0020FD
:1062F000180A0020170A0020160A00208C0A002025
:1063000010B51A491A4B08781A781A4B00280FD082
:10631000032A0FD0184A1278D0B2002A00D1087090
:106320001B88164A9B18062B1DD9FFF72DFB12E080
:10633000032AF5D11B88114A9B18062B03D9104B51
:106340001B78002BF1D10F4B04201B78002B00D0C1
:106350000238FFF77DFE00230B4A13700B4A1370BF
:106360000B4A137010BDFFF737FAF4E78D040020D5
:10637000EA210020880A00201E0A002000FCFFFFFE
:106380001B0A00208C0A00202F2100202E21002033
:106390004F000020F7B5814C0E00657B002902D02C
:1063A00001227F4B1A70237F002B04D0022802D0D9
:1063B000FEF7F8FBF7BD7B4B1B78012B03D1784B25
:1063C00002221A70F6E7122800D90EE2FCF7A8FAAA
:1063D000130016008D0093009900A500DC00DF007B
:1063E0009B01AA010D02C401C4010D020D020D02A0
:1063F0000D02E901E901FEF793FADBE76A4B6B490D
:106400001A68D38B5B18062B43D9FEF7CBFB231DF1
:10641000DB7F002BD3D0664B1B78002BCFD1654B95
:106420001B785BB2002B0BD0634B1B78032BC1D1C5
:10643000624B1B78002BBDD0614B1B88002BB9D061
:106440008023627BDB005100605A9842B2D248231D
:106450005343E3181A008020B8321288C000121883
:1064600092B2A63362521A8006F0C8FA554B1C68E5
:10647000200006F0B5FA200006F09AF901200BF092
:1064800083FE0123504A1380504A1370504A137000
:1064900090E7138E062B07D111694E480E6886428D
:1064A00002D84D4B0B6085E701339BB21386042B5A
:1064B00017D14A4B1B78002B01D105331386138E5D
:1064C0008022D2009B1801229BB26D006353651994
:1064D000AB803E4B1A70424B92181A70414B00220F
:1064E0006FE7062BEBD90023E8E701223C4B1A703B
:1064F000FCF746FF5EE70122394B1A70FDF70AFAF6
:1065000058E7FEF74FFB00200634374BE27FE07779
:106510001A700CF049FD334B52E7002E04D113F0F2
:106520004FF9304B1E7045E705F040FC051E00D0CA
:1065300040E71D4B1C688023E08BDB00984202D3B0
:10654000FCF7DCFE36E705F0F7FF037801007F2B50
:106550000AD97F2213400370E08B05F0DDFF012292
:106560001F4B1A70214B2CE722002E321378013377
:10657000DBB2192B00D92B001370012321001A0064
:10658000E08B12F06DFAEAE7FCF7CAFC12E7184D4F
:106590002B78002B2ED011F0DBF90BE70C2200201A
:1065A000DD210020C3210020E021002000FCFFFFAE
:1065B000BE210020A4210020EA2100202E2100205D
:1065C0008A0A0020B02000208E0A0020B007002098
:1065D000EC210020FFE0F50500E1F5053404002082
:1065E000630A00206100002033040020AF07002070
:1065F0004B210020621DD27F804B1A70A21D804B60
:10660000D27F1A707F4B1A78002A01D101321A709A
:1066100000237D4AA38413707C4A137006F0EEF9C0
:106620007B4A7C4F1378002B04D17B4B397819704F
:10663000012313700126794B30001E700BF0A4FD6E
:10664000774803780193002B07D12200413211785B
:10665000744B06701970019B1370FEF73EF801230E
:1066600002203B70FFF7F4FC00226F4B1A706F4B57
:106670001A702C23FF33E35C5A1F5F2A00D91423BE
:106680006B4A1370C8226B4B92001A8001226A4B2E
:106690001A700023694A1370694A1370694A1370AB
:1066A000694A1370694A137011F024F9684B694AFA
:1066B0001888032343431188994200D01380012096
:1066C00011F0B0F80122644B2A701A7000217F3259
:1066D000624814F07DFC80220021614814F078FCAF
:1066E000802200215F4814F073FC002180225E4864
:1066F00014F06EFC00225D4B1A7010F03BFB022080
:1067000005F064FB56E6002E02D1FFF76DFC51E662
:106710000121574B1B682B331A784A401A70554B8E
:10672000198047E6002E02D1FEF772FC42E62600F1
:1067300000224E361100308805F0CCFF002800D131
:1067400038E632882B1D5B006D00E2526253012255
:10675000494B1A70494B33E6494B1B785BB2002B0F
:106760000BD00B2806D10A3805F086FF08F020F977
:106770003E4BB4E601204042F6E7424AE37D117801
:106780000A2900D113700B2807D1082B01D8013337
:10679000E3750122394B1A70EAE7002BF9D0013B6F
:1067A000F6E7334B384D196800230C000834E27FBC
:1067B000EE5C964203D00133182BF9D10023122846
:1067C00003D1172BD4D0012202E0FF22002BCFD01F
:1067D000D218D2B2AB5C2D4AE377CB8B9B18062B39
:1067E000D7D80122234B1A80D3E7FEF7DBF9002E1E
:1067F00000D1DFE50122264BE3E5C046320400204C
:106800003104002030040020830A00204E000020C4
:106810002F0400208C0A00202E04002030210020AC
:106820002D0400202C0400202B040020DA0300207B
:10683000010000200C000020000000203306002092
:106840003206002034060020D9030020D80300209F
:106850001A0000201000002036060020A51E00208F
:10686000251F0020A51F002025200020190B002037
:10687000E02100208E0A0020B0070020630A0020DB
:10688000A42100200200002063CF010800FCFFFFCC
:10689000DD21002010B514220021024814F098FBDD
:1068A00010BDC046C621002070B5414B04001B78C6
:1068B000A0B0002B40D005F095FC051E0BD10320A5
:1068C0000FF0ACF93B4B1D703B4B1B785EB2002BBD
:1068D00003D00FF085FE20B070BD384A384B394DDB
:1068E000002C25D00121684611708022FE311E70D7
:1068F00014F06EFB3300802269463348FEF752FDE8
:106900006022FF21314814F063FBAB7D304A9B07C6
:106910005B0F9D5A2F4B07201D800FF03FFD2E4B24
:10692000000918802200012128000FF021FED2E783
:1069300014701C70AD8AEDE705F038FA041ECAD158
:106940001C4B1870254B1870FFF7A4FF06F056F883
:10695000200000240FF062F9214B1C57002C16D0A8
:106960008022204BD2001B88934202D3FCF770FF99
:10697000B1E7012005F080FE08F01AF807F0A6FC48
:106980002000FFF789FA0122174B1A70A3E7174B73
:106990001B685A1E9341164A0133137007F096FC88
:1069A00001210800FFF7ECF9124B1C70EBE7C04621
:1069B000DE2100208C0A0020A32100201E210020BF
:1069C0001A2100200C22002028A00000BA2000205C
:1069D000DCD30108B4200020B6200020DB210020F9
:1069E000A4210020880A0020F1210020840A002030
:1069F00044220020830A002010B50120FFF754FF35
:106A000010BD00000F2210B50021044814F0E0FA78
:106A10000022034B1A70034B1A7010BD730A00203A
:106A2000820A0020A2210020114B70B51B78002B98
:106A300003D1104B1B78002B07D0FFF7E3FF002298
:106A40000D4B1A700D4B01321A700D4B0D4C1B780B
:106A50000D4D002B03D123782A78134307D0FEF77E
:106A6000A1F8002301222B702370044B1A7070BD13
:106A7000A2210020820A002061000020EC210020D9
:106A8000190B0020E4210020DF21002010B51D4B50
:106A90001B78002B03D11C4B1B78012B07D100293D
:106AA00021D100281FD00222184B1A701BE00029A8
:106AB00015D1002818D1164A1278002A01D1002BCE
:106AC00001D0032B0FD10123124A11784B401370D0
:106AD00002D01022104B1A70104B0122E5E700285B
:106AE00001D0FCF735FC10BD084A032B02D001236E
:106AF0001370F8E70A4B1B78002BF8D002231370B1
:106B0000084BEAE7DF210020C3210020DD2100201F
:106B1000DE210020190B0020E4210020F1210020BB
:106B2000A3210020312100200022404B70B51A70B3
:106B3000904203D03E4B1B78934212D03D4B1B78C2
:106B4000012B0DD10024FCF7DDFD3B4B20001C7018
:106B500006F02AF9394B1B78012B01D0384B1C70F9
:106B600070BD05F023F9354D002807D00CF0ACFAC4
:106B7000344B1B78002B2ED0334B2AE0334B1B7841
:106B80005BB2002B02D0FCF763FEF1E7304B1B78C1
:106B9000002B05D00FF024FD0322294B1A70E7E7E4
:106BA0002B78032B14D0234A1278012A03D1294AC7
:106BB0001278002AD4D0012B02D00022204B1A7068
:106BC0002549264B09781A78002915D1002A1AD1AF
:106BD000234B01221A700022224B1A702B78012BB2
:106BE00004D0174B1978032900D01A7001221E4BCC
:106BF0001A701E4B1A70B3E7002A04D11C4A12788F
:106C0000002AE5D01A701A780E2A01D90E221A70BD
:106C100000261B78164A174C1749137020000E22C5
:106C2000CE5414F00DFBA673D2E7C046DF2100203E
:106C30003D210020EA21002022210020C321002044
:106C400061000020A0210020B4070020A421002022
:106C5000A3210020BD070020A2210020820A0020DD
:106C6000900A002018050020F1210020EC210020CE
:106C70003504002050230020730A0020F0B5B84FDF
:106C800004003B780D00160085B0132B07D0A342FB
:106C900003D1002D01D113233B7005B0F0BDB14AE3
:106CA0001278002A0FD0002901D110280AD1FCF750
:106CB0003FFAFEF75DF9102C05D00022AA4B3C707C
:106CC0001A70EAE71C00A94F3B78132BDFD1002D87
:106CD00001D100F074FCA64B1B78002B01D100F011
:106CE00058FCFCF725FAFEF743F9102CE5D1A14B2F
:106CF0001A78092A0BD1A04A117A002907D0126804
:106D00001A7001229D4B1A7001E0002DEFD19C4BAF
:106D100001931B78052B02D100200BF0D7F8FA2243
:106D2000984B92001A80984B0093984B1978002941
:106D300003D01E224A43964B1A70002D00D05BE10F
:106D4000944F3B78002B02D007F040F83D70924FF3
:106D50003B78002B03D007F073F800233B708F4F74
:106D60003B78002B03D007F003F800233B708C4FD7
:106D70003B78002B13D08B4B1A68009BD08B597B30
:106D8000012307F035FA00233B7005F00FF80028C7
:106D900005D1854B1A78002A01D101321A700022E0
:106DA000824B1B78934207D0814B1B78934203D1CF
:106DB000804B1A7853425A41734B0093597E131EED
:106DC00001D1002904D0019B1B78013B581E83414F
:106DD00079480778B80700D547E1002B00D17DE15D
:106DE000102C00D043E1754B1F78002F04D03700E2
:106DF000002D01D101271D70714B02931B78002BD0
:106E000005D0102C01D00D2C01D1FDF7CBFE002FA9
:106E100010D1019B1B78012B00D004E2694B1F7835
:106E20000193002F00D0C0E1102C00D06BE12800AE
:106E3000FFF77AFE4C4C2078002803D004F0C6FF00
:106E400000232370604C614A23780092002B09D004
:106E500028225F4B1A800BF043FB0123009A13702A
:106E6000002323705B4C2378002B09D0002E00D028
:106E700052E306F0E5FF002301222370564B1A70FF
:106E8000564B1A78002A06D000221A70964200D07B
:106E900046E306F06DFF524B1A78002A06D0002216
:106EA0001A70964200D03FE306F090FF4D4B3E4FE4
:106EB00002931B884C4C0193002B23D0002E01D150
:106EC000002D0AD009F0E8FA3A4B1B78002801D0CF
:106ED000012B02D0022B00D02AE3324B2A491A6838
:106EE0006B46497B1B79D08B07F082F904F05EFF7B
:106EF0003B78002803D1002B01D101333B700023E4
:106F0000029A13803D78394E002D00D11EE3384B94
:106F100001931B78002B00D114E32900002006F018
:106F200055FD2900012006F051FD2378FF2B01D1EA
:106F300000232370012333700023019A3B701370E8
:106F400005F05CFD01200BF01FF900233370294B85
:106F50001B78002B00D1FDE2FFF73CF9FAE2C046B6
:106F600027000020BA210020DD210020260000207B
:106F7000200A0020DA2100204C210020EC210020F2
:106F8000EA2100204C0000200C2200204A22002090
:106F9000F0210020B9070020B8070020B707002023
:106FA000B6070020E0210020630A002046210020CF
:106FB00042210020C3210020B5070020B407002093
:106FC000190B0020910A0020B3070020B20700200F
:106FD000C42100206F0A0020F1210020B107002009
:106FE000B00700208E0A002061000020720A0020F5
:106FF000AF0700208C0A002009F04EFABC4F102C7D
:1070000003D1BC4B1B78DB0727D53B78012B04D180
:10701000132804D01538012801D9FDF7A9FF0D2C3C
:107020001BD1002E19D0B44B1B78002B07D0FFF7D3
:1070300031FC0022B14B1A70B14B01321A70FFF7CC
:10704000F3FC0122AF4B1A70AF4B1B78002B01D021
:10705000FFF7C0F80022AD4B1A603B78012B00D03F
:107060009DE62822AA4B1A8099E6002B36D00120F3
:107070000D2C0AD1002D08D0002A06D0A54B18707F
:107080009F4B187004F0A2FE07E6074201D00029CA
:1070900005D12300113B012B33D90A2C0FD00F2C23
:1070A00012D1002D00D1F8E5002E1BD1022004F0F2
:1070B0008DFE0422984B1A700122914B00E6002E9F
:1070C0001FD1002DF2D0E8E5002D00D15CE2002EAA
:1070D00000D0E2E50A2C00D1DFE5E7E7092C01D971
:1070E0000F2C0BD18D4B1B78002B0AD0002D00D11B
:1070F000D3E5002E00D0D0E50220C3E7102C00D14C
:1071000071E6874B70E6FE230193112C06D0200018
:10711000FCF76EF90190FF2800D18BE6002D0CD111
:10712000A0238022DB0552009A627E4B28001D704E
:10713000FDF750FBFDF78CFA7CE6002E00D079E6D7
:10714000009B7E331B78002B07D0A0238022DB0519
:1071500052009A61734BFF3A1A70FDF779FA019B5E
:10716000FE2B06D1009B70497E331878FDF7EAFFAD
:1071700060E6009B7E331C78FDF7B6FAFDF7C2FA95
:10718000002C00D003273800FDF746FA674970202D
:10719000FCF784FEFDF736FB6548FDF757FE0198C6
:1071A000FCF7D0FFFDF7B6FA44E6B54200D141E660
:1071B000032F02D0002D00D13CE6A0238022DB0566
:1071C00052009A620022574B1A7002239F43012FEC
:1071D00001D10BF025FD00275022019B55481F705F
:1071E000554B1A80FDF732FE01200AF0CDFF404BCF
:1071F0001B78012B01D0514B1F70009B4633187830
:1072000000280BD10AF062FE01234D4A102C03D056
:10721000434A002E00D00DE613700BE60A224243CB
:10722000484B1A70F0E7484B364A03931B7801929B
:10723000002B1BD12E4B1F78FF2F09D02300113BB1
:10724000012B00D957E1029B1B78002B00D052E1A3
:1072500004F0ACFD002800D055E1042F00D152E12C
:10726000320029002000FEF74DFEE3E5002E00D09D
:10727000E0E5002D00D1DDE5102C34D00127019B85
:107280001F700C2C06D80A2C27D867D00223019A2D
:10729000137028E00D2CF9D1FDF722FF2B4B1B7842
:1072A000012B0FD12A4B1A882A4B9A420AD0009BF5
:1072B0000099587B031D5B00CA524300CA52022149
:1072C00006F084FB05F09AFB01200AF05DFF002028
:1072D0000EF0A4FC0023039A9EE71C4A13787B401F
:1072E00013701D4B1E700122054B1A70A2E5C0469B
:1072F000C32100200C0A0020C6210020DB21002031
:10730000EC210020DD2100208C0A0020840A0020CE
:10731000C421002042210020ED210020BE210020B8
:1073200031210020B8200020D6060000C3C3000091
:1073300050C30000881300002621002061000020B7
:10734000B4070020BD070020B7210020AE070020B1
:1073500024000020FFFF0000AD0700209A4C9B4A4C
:107360009B49200005F010FB23002D331F702300E4
:10737000200029331F7005F01BFA964B38001C6063
:10738000954B1C60954B1C600AF0FEFEFDF7ECF976
:10739000FDF7A6FE924B1B78002B00D09FE0914F8B
:1073A00046220021380013F013FE8F4C8F4B904A79
:1073B00090492380537BA1800221A171463159431A
:1073C000531818008830009101884088218160811D
:1073D0001800A03001884088A181E08118008D301C
:1073E0000078B62120741800953000788C466074BF
:1073F00018008C3000789C44A074180094300078F9
:107400006146E0741800BC30007820751800A83080
:10741000007860751800B0300078A0751800BB3097
:107420000078E0751800B130007820761800B5308B
:107430000078097860761800B3300078A0761800DC
:10744000BA300078E0761800AF3000786077180026
:10745000B4300078A0771800B8300088E077601C5E
:10746000C17718008021BD30A63300781B88F877DB
:10747000C90061488B422BD2190006F081FA4221E3
:1074800038000EF025FE0627A31DD8875B4B202071
:107490000834E3870FF058FC594C277007F0ACFB19
:1074A000FDF7DAFB05F0D4FA10F0D4FF882136207E
:1074B000FCF7F4FC00210120FDF728F805F09EFA06
:1074C00001200AF061FE012323704E4B1F700AE772
:1074D0000099BE318918102213F0A9FECFE70222CD
:1074E000474B1A70484B033A1A800022474B1A70D8
:1074F000FDF708FEF7E6464BBF00320029002000EA
:10750000FB58984796E4002E00D093E4002D00D15C
:1075100090E40223019A7FE601223E4B1A70AAE40E
:1075200001223D4B1A70B6E401223C4B1A70BDE4B7
:1075300001223B4B1A702378FF2B00D0DFE400239D
:107540002370DCE42A4B2900587BECE43378002BD1
:1075500000D0F5E4009B1B78002B07D00023009A95
:10756000137028222F4B1A8008F0A4FF2E4D2B7881
:10757000002B03D00BF078FC00232B7020780EF04A
:107580004DFBFF23237097E50A2C01D0FFF785FB05
:107590008CE50D2C01D0FFF7AAFB244B1F78002FA0
:1075A00001D0FFF7B2FB224BDB7F002B01D1FFF7AD
:1075B000ACFBFDF7DDFC134B1F70FFF76EFB0D2CD2
:1075C00001D0FFF7A4FBE8E71C07002090FE96021D
:1075D00005040000B0200020E0210020AC200020A5
:1075E000AE0700206607002064070020CDABFFFF38
:1075F0000C220020A5BEFFFF86070020BADCFFFF9B
:10760000AD070020DD21002024000020AC07002071
:107610009CD10108B8070020B7070020B907002057
:10762000B6070020C4210020900A0020271B00205C
:107630001422002000221020110010B5FFF71EFBBD
:107640000022064B1A70064B1B78132B02D0054BF9
:1076500001321A70FDF7D4FB10BDC046A0210020F6
:107660006200002031210020F0B51D4B9BB000933B
:107670001B78052B44D11B4B1B78002B40D01A4B99
:1076800002931B780193002B00D1DFE1174C257882
:107690002800E130FF3000030135FDF7D9FDEBB2E2
:1076A0002370072B04D90023029A137010F0C8FC32
:1076B0000F4B1B78052B02D101220E4B1A700E497D
:1076C0000E4A0B78002B00D0E9E200991378097874
:1076D000012900D0EAE21378002B00D0EDE221E38B
:1076E000EA210020292100201D1D00201B1D002053
:1076F000C3210020EC2100201A0700204B2100208C
:1077000004F054FB0028BAD10C20FCF78DF90123BA
:107710001842B4D000210220FCF7C0FB0220FCF785
:1077200083F9082307043F0E04001F4227D00B20D3
:10773000FCF77AF90005000FFBF75AFE0600FF2858
:107740001DD0009B1B78012B19D0C54B1B78002B3B
:1077500015D0C44D2800FBF7BDF80200132804D152
:107760002800C14913F03CFD12220023AE54AD188D
:107770000C226B70BD4B1A70BD4B0B3A1A707B0715
:1077800002D50122BB4B1A7001231F4209D00122EE
:10779000B94B0C201A70FCF747F9B84B800BC0B2FC
:1077A0001870BB0702D50022B34B1A70E5B263060E
:1077B00002D50122B24B1A70240602D50022B04B2A
:1077C0001A70EB062BD50122AE4B1A70AE4B093264
:1077D0001A80AE4B9A7F002A21D0009A1278052A8F
:1077E00008D1AB4A1178002904D11420A94A10808D
:1077F000A94A11700533DB7F002B10D0A74AA84B94
:107800001178002902D11988132908D81421198068
:1078100000231370A34A13700122A34B1A70AB0606
:1078200004D50022974B1A70974B1A806B0709D525
:1078300001229E4B10001A7007F098F8E1229C4B31
:1078400052011A8008231D4204D00020974B187063
:1078500007F08CF820233A001A4001921F420ED004
:10786000944B1B78033B012B09D8934B1B78002BBF
:1078700005D1924B1B78042B01D0FCF7A1FCFB0631
:107880003CD58E4B1C78042C38D18D4B1B78012BAA
:1078900034D18C4B1B78002B30D18B4E5F2033784A
:1078A000013CDAB20133DBB233700292FCF7BCF870
:1078B000029B864D5B00E852002CEED13378232BDF
:1078C0001CD901226A4B0B2034701A70FCF7ACF8FB
:1078D0000600FDF717FCF60609D42A887C4B9A426D
:1078E00005D12B000833DA8F7A4B9A4274D0FDF71A
:1078F000F7FBFDF707FC784810F0EEF930231F4244
:1079000000D101E76C4B1B78002B00D1FCE6734BD8
:107910001B78012B00D0F7E6714F3B78022B02D089
:10792000052B00D0F0E6019B0425674C002B02D00C
:1079300023782035ED1A0026AE4271D12378012339
:107940004B4E33702378232B00D8DDE623780023B9
:107950000B202370FCF768F80400FDF7D3FB25002B
:1079600010231D401C426AD1584C594B22889A4220
:1079700065D123000833DA8F564B9A425FD120201D
:107980000FF0E2F9A31DDB8F4221564801930EF060
:107990009FFB019B834252D1E388A2881B041343BF
:1079A000514A1B021B0A934249D1002228001100B0
:1079B00004F090FE0190002801D101F035FA8023F7
:1079C0000135ADB2DB009D42EFD104233B70033B98
:1079D0003370FDF785FB97E622200FF0B5F94221C1
:1079E00040480EF075FBAB1DDB8F834200D082E771
:1079F0006D880FF079F8838806219C46A3B29C45D8
:107A000000D878E70B0063430268D618D35AAB421C
:107A100004D87388AB4201D901F0A4FA0134EDE730
:107A20005F20FCF701F82378232B06D823785A1C13
:107A3000D2B22270254A5B00985201367CE70523BA
:107A40003B70043B3370FDF793FA5DE6274B1B78E0
:107A5000002B00D133E6082778E0254C83E0C046B0
:107A600010070020C6210020C7210020DB210020B4
:107A7000EC210020110A0020180A0020170A00201B
:107A80001A0A002023210020242100200C2200209B
:107A900029210020B82100202A2100204E000020AA
:107AA0001C0A0020830A0020F12100201E0A002069
:107AB000E62100204D220020B7210020C321002014
:107AC000A820002011070020AC0700206407002038
:107AD000CDAB0000BADC00000E070020AE0700208E
:107AE000AD07002066070020A5BE02000A0700209F
:107AF000FF030000280010F0D7F9002822D0082149
:107B0000C24A2B7B12780B4269D0002A1AD1C04B93
:107B10001B88DA060DD18022D200934209D258097F
:107B2000BC4A41008C5201228240BB490868024392
:107B30000A60BA490A88002A6CD0013A0A80B44A1D
:107B400001331380013FFFB2002F20D08022B44EBA
:107B5000D200338893421AD2B24A1488002C00D142
:107B60007BE7013CA4B201333380F0231B0208AD54
:107B7000E0181480400120222900FCF74DFF280066
:107B800010F0B8F90028B5D08023DB0033808022C4
:107B9000A34BD2001988A44B914202D2019A002A29
:107BA00062D000221A70A14B01321A70A04B1B78D0
:107BB000002B4BD09F4B1878002800D078E59C4BC9
:107BC0001A78002A00D173E59B4B1B88062A55D9E9
:107BD0009A4A1188994200D16AE5138068E5012A22
:107BE00013D19A43002AADD0954B6A681B68013BBC
:107BF0009B1A80229200934289D300228A4B0190E3
:107C00001A708A4B01321A70C1E7022AECD1013A8C
:107C10001A40E7E7864908788C4606280ED8894A34
:107C20000101891808AA70CA70C10D0011880130BD
:107C300029809278AA706246107080E701217D4BFE
:107C40001970794B1A70794B1970A0E7734B1B8828
:107C5000002BAFD0784A10888342ABD20138C01ACB
:107C600080B210F09BFD23E51B78002B00D01FE5B0
:107C70006E4B1B78002B00D11AE59BE70721891A70
:107C800089B2994207D2073BD21890B26B4B188049
:107C900010F00CFD0CE5002B00D109E5F6E7013BE7
:107CA000DBB20B70002B00D015E50EE566490978B4
:107CB000002900D00FE5002B21D0644E644B3178B1
:107CC0001A78022900D003E2002A00D1F8E1614DC0
:107CD0002968002905D060480068091A002900DDDC
:107CE00054E15E4C20780138052800D9E6E1FAF726
:107CF00017FE63006500AF01CB01CB01CE01584BED
:107D00001B785BB2002B0DD104F050F8002809D18C
:107D1000544B1B78002B05D1534C2388002B16D0D5
:107D2000013B2380514B1B78002B00D12EE1504B9F
:107D30001A880123110019401A4200D026E14D4B48
:107D40001B78012B00D1B7E34B4B19701EE14B4B55
:107D50004B48197810F0FCF9029B197810F0F8F9EB
:107D6000484B197810F0F4F9354B196810F0F0F918
:107D7000454B197810F0ECF9444B196810F0E8F90C
:107D8000434B198810F0E4F9424B19880131490836
:107D900010F0DEF9404B197810F0DAF93F4B197802
:107DA00010F0D6F93E4E050033688342BAD010F089
:107DB00097FBC8233560B4E702232370394B1B6857
:107DC000002B00D07EE00020374B384E1B78059604
:107DD0000293374B374E1B7803960493364B1B7830
:107DE0000193364B19780300029FCEB2BE4200D2F7
:107DF0008BE0002804D00021314A1170294A11601B
:107E0000002B00D107E12D4B1E7004E1201D002046
:107E10000407002048060020440600200207002036
:107E200006070020080700200A0700208806002017
:107E3000000700208C0600208A060020221D00205A
:107E40000C1D002090060020200A0020360600208D
:107E5000350600200C0600205C21002008060020CA
:107E6000A4210020A32100201807002012070020D1
:107E700040210020EA210020AA0500209E210020A8
:107E8000C59D1C81181D0020400600203C060020D6
:107E9000380600209C2100201F1D00201E1D0020F0
:107EA0001407002004060020AB050020AF050020C9
:107EB000AE050020BCCF0108AD050020AC050020B8
:107EC00000060020BE4909785B5C002B00D17AE7F0
:107ED000BB4BBC4A1B781268D35C2E2B00D0ABE0A6
:107EE000B94B01201988FDF72DF9B84B1C68B84B28
:107EF00018880A21FAF71EFD80B2001928600322B3
:107F0000B44B1A700EF036FFDCE0059B5B5C1F0083
:107F1000613F192F13D8203BDBB200200090039F54
:107F20000098BC46C0003F5C84449F425DD16346DC
:107F30005B68002B5FD110001300013154E7202B48
:107F4000EBD1049B002BF7D0019B002BF4D1029FB7
:107F50004B1CBB42F0DA002804D0994B019A1A70EE
:107F6000984B1A6001229C4B0A211A70052323703A
:107F7000964B01361C68994B1888994B1B88C01A80
:107F8000FAF762FD974B001928601E70964A974BCE
:107F90001478009225006A1E954101931B78EDB27A
:107FA000002B02D0002201990A70914A1278002A0F
:107FB00000D15FE3002B04D1002C01D0009A137094
:107FC00000258C4B1B78032B00D02AE38A4A1378B8
:107FD0000133DBB2072B00D82CE300201070FCF734
:107FE0004FFE002D00D15BE34BE300980130009081
:107FF000362894D19FE7187800289CD00022704939
:1080000001360A706F490B600121764B1E707B4B65
:108010001970714B1A706B4B1868002806D0FAF76C
:1080200059FC674B1B78834200D251E7062323702B
:10803000664B1C686A4B1CE02D2B00D05FE7624B3F
:1080400001201988FDF77EF8604B1C686C4B4FE7E8
:10805000FCF758FB5A4A13780133DBB21370594AC4
:108060001268D25C594B002A0BD0022222701C6885
:10807000644B18880A21FAF75DFC80B20019286069
:1080800084E704222270D4E7022323707EE70027CE
:10809000277001241F702F603470FCF74FFB022003
:1080A000FDF7D6FF584B38001F70584B1F7004F077
:1080B0007BFE04F0A3FC4D4B1C7023E70023E4E798
:1080C0000EF07AFF524B1B78002B00D05EE729E6BA
:1080D000002A2AD04F4B1A78002A04D1012202200C
:1080E0001A70FDF7B5FFFCF7ABFB4B4A4B4B126820
:1080F0004B49128E9B560A78002A1CD0494B1A789D
:10810000501C1870312A02D900220A701A70464A8F
:108110001378002BD6D0FF2B00D0A5E100231370DD
:10812000424A1370424A1370ECE60EF045FF337872
:10813000022BC7D0CEE74408A03BE4183D4A3E4B93
:108140001178009300201B5E3C48A5B2019024B238
:10815000002906D10078002803D19C4209DA009B4F
:108160001C80009B00201B5E603308DB61235B42A8
:1081700003E0180001336130F3DA00980380009BBC
:1081800000201B5E1800723016DB0A331BB22C482D
:108190009C425BDB2B4B1C800378FF2B01D001330F
:1081A00003700026284B1E70B1425CD10378B342A5
:1081B00059D00123137056E069235B42E7E7C046BC
:1081C00000060020040600200C0000205C21002096
:1081D0001A00002008060020AD0500201400002031
:1081E00012000020AC050020F1210020EC2100202D
:1081F000200A0020210A00201F0A0020AE050020CE
:10820000100000200E000020BE070020BD07002047
:108210004B2100208C0A0020B02000201C000020F0
:1082200031060020300600203406002033060020EE
:10823000320600202F060020180000202E06002005
:108240002606002016000020250600208A4E3378DE
:10825000FF2B01D00133337000230370994202D009
:1082600031789942A6D11778844E854A33780292A4
:10827000002F41D0002B0DD1824A1378FF2B0FD154
:108280000123002233707F4B1A700EF073FD337898
:10829000002B0AD0029B1888042844D8012047E00C
:1082A0000133DBB21370032BEAD8774D2C88002CF6
:1082B00002D120000FF00CFA012301341C402C8065
:1082C000029B01201B88042B04D90A21581DFAF7B0
:1082D000BBFB80B207244443019BA4B21B78002F50
:1082E0005FD06A4D002B49D02B88694A934200D950
:1082F0000DE701332B800AE7664A002B0FD0137875
:10830000FF2B06D100235F4A33701370614A13704C
:10831000BBE70133DBB21370072BBBD9F2E7594B34
:1083200017701F70C1E70A210530FAF78DFB80B284
:108330000121002F05D1401880B24918032800D927
:108340004108514A13888B4215D300231380783497
:1083500006DB78352B1CEDB2402D00D94023DBB273
:108360004020002F04D1181C142B00D91420C0B2B7
:108370000FF0AEF9A4E701331380A1E7464E474F53
:108380003378022B05D13B88A34202D344480FF037
:1083900073F90123019A3370137000222A803A8006
:1083A000B5E63D4D002B36D0384C2388002B28D025
:1083B000012B23D03B4E317809290AD84000834253
:1083C00080414A1C384B4042D2B22D305854327052
:1083D0009F54364B009A1B88128835499B1A1A1CE9
:1083E0001BB2282B00DD2822130400D500220B88A5
:1083F0009B18304A0B8013780133137020200FF044
:1084000067F90023019A238013700122234B1A80FD
:1084100002232B707BE62B78022B00D077E61F4ED1
:108420001B4A3388934201D8013333801D4F3B7878
:10843000002B09D0032545433388ADB2AB4203D3AB
:1084400000200FF05FF935803388A34200D25EE64A
:108450003B78002B04D001200FF054F9348056E60D
:108460000F480FF009F9F9E70133DBB213704F2B16
:1084700000D827E652E6C046250600202406002044
:108480001A00002023060020200600202C060020D1
:10849000FDFF0000220600202A06002028060020FA
:1084A0006DC70108270600201406002016000020D2
:1084B0001206002010060020FCF72AFB002808D135
:1084C000C34B9B7F002B04D1C24B1B78002B00D1E8
:1084D0005CE5C149C14F0B78002B0ED13A00C82092
:1084E0002B33013BDBB210800232002BF9D1BC4AA6
:1084F0001370BC4B188001230B70BB4AB84D137826
:108500002C786600062B00D886E06420FBF78CFAF6
:10851000B853F35B002B01D1C833F3532B21601CFC
:10852000FAF78EFAB14B0E001B782970002B04D09D
:10853000AF4B1B78002B00D128E5AE4AAE4B10782C
:108540001B78184300D021E5AC4B1870AC4B187069
:1085500006F00CFA03229E4B00929B8C002B01D15B
:1085600005330093009B8022DD01A64B0021ED180E
:10857000280012F02DFD3888012203005100795A9D
:10858000041C884200D90C1CA0B20C1C994200D2D9
:108590001C1C0132A3B22B2AF0D1924A1488A042AB
:1085A0003DD2611E241AE4100C1BA4B214800022D8
:1085B00001929C4202D21B1B9BB2019333002B33CE
:1085C0000293019A4023312A1BD92B213000FAF75C
:1085D00021FB824F4900CB5B00209C4201D21B1B38
:1085E00098B2072701997843FAF7A4F9C2B2402359
:1085F000002A06D0BF331840381A803B83407F22C0
:1086000013402B706B70029B01360335B342D8D1F7
:108610000098FCF726FBB9E40133137079E70234C4
:10862000C3E7022B00D0DCE4774A13780133DBB2D6
:108630000F2B01D81370D4E40023744C13702678E8
:1086400020007F227F34724912F0CAFD26706D4CE3
:10865000704E2000611C7F22277812F0C1FD23009C
:1086600080347F331F70A642F3D1FCF703FBFCF785
:10867000F3FAB6E4002B00D1B3E40DF0C1FA002CFC
:1086800008D00023009A1370634B1B78002B07D18E
:1086900009F078FA604B1878002801D10FF034FA0D
:1086A0005E4C2378002B04D05D480FF0E5FC0023DE
:1086B00023705C4D2B78002B04D05B4B1B78002B78
:1086C00000D084E3594B1B78022B49D1584B1B88AF
:1086D0001B0705D18023574A9B0151694B405361C9
:1086E000554A1388002B01D0013B1380534A13884D
:1086F000002B01D0013B1380514B1E78012E11D16C
:10870000504B1C78002C0DD0013CE4B21C70002CA6
:1087100008D1FAF7E3FF200009F0D8FB009B1E7098
:10872000019B1E702B78002B0DD0474A1388002B1D
:1087300009D0013B9BB21380002B04D10EF054F9F9
:1087400003200DF06BFA03F031FB002800D1ADE0FF
:108750003E4E3378002B00D17EE0013B3370A5E024
:10876000032BBDD1324B3A4A19881088091A69295E
:1087700006DD00201B883749013308701380AFE7FE
:1087800019888842ACD1802432492A4E0878A40145
:10879000002803D1B4621B880F3316E077697C4050
:1087A0007461112808D91B886933138000230B706A
:1087B0000B7801330B7093E70B28ECD8A824240125
:1087C000C440E407E7D51B882D331380F0E7C0468B
:1087D0000C22002033210020AA050020540500208F
:1087E000520500200A0000205105002046210020EB
:1087F00042210020C3210020910A0020592100209D
:1088000058210020251D00201F0A0020990A002061
:108810009A0A0020A5200020200A002050050020F0
:1088200040050020DE210020C22100203C05002060
:108830004021002000080050262100202421002093
:10884000EA210020BD070020700A00203805002022
:108850003A05002039050020CB4B1B78002B25D191
:10886000CA4A029212780392012A0BD0022A7DD0C2
:10887000C74F3D78002D00D18EE0012D00D1D2E010
:10888000C44A10E1FBF7DCFFFBF7DAFF0224C24B1E
:108890001880029B1C70C14B1D682800FBF7B0FEBE
:1088A0002800FCF723F8FBF7C1FE3470BC4B1B68B3
:1088B000002B04D003F096FC002800D01FE100221A
:1088C000FF21B84B1A70B84B1970B84B1970B84BE0
:1088D0001A70B84B04931B78042B00D194E1B64B6B
:1088E0001D78EDB2FCF714F9002800D018E2B34B64
:1088F0001A78B34B002A00D135E2B24C022122781B
:1089000016008E43002800D00DE2012E00D00DE2AB
:1089100019780131C9B21970022900D90CE2002D71
:1089200007D0002A05D000221A70FEF783FE00232C
:108930002370FCF7C1FE0400132802D00022A24BD2
:108940001A70A24EA24D33789C4200D12BE2132B19
:1089500008D0132C06D09F4B00211A789E4B187814
:10896000FEF78CF9002334702B8030E2FBF768FFB0
:10897000FBF766FF894B02001868874B1B88934200
:1089800004D99B1A032B01DD944B18680023029A2B
:10899000137003F0D5F989E70D20FBF745F80400C3
:1089A000030483D40E20FBF73FF88D4A8D4B24043B
:1089B0001C4013680443E31A1460DA179B185340F1
:1089C000894A632B02DC15780135EDB29121322002
:1089D00089001570FBF762FA022D09D8322083490D
:1089E000FBF75CFA039B002B00D05FE71523B5E68D
:1089F0007F4B804AE318934203D9200003F0A0F98B
:108A0000F0E7764B65081D60644B029A1C600123F9
:108A100028001370FBF7F4FD2800FBF767FFFBF756
:108A200005FE02239AE606AB9D1D290008A8FBF768
:108A300005F9041E00D139E7FBF7B8FE022C34D14A
:108A4000089803F079FAFF2804D1654B1868FBF702
:108A500037FFCBE70222684B3A701870674B1A70E9
:108A6000674B013A1A70009B1A704A4B1A78002A19
:108A700041D000221A70624B1B78934200D115E757
:108A80005E4B03201B789A1E012A02D9012B04D1C8
:108A9000042009F067F85B4B187007F00BFD012309
:108AA000009A1370019A137000E7012CCDD1288829
:108AB00003F070FAFF28C8D04F4D4B4A2B784F4C2B
:108AC000834215D12178012912D113780133DBB209
:108AD0001370012B05D902233B70494B1970009B81
:108AE0001970012323703B782870012BBDD8ACE7A7
:108AF00000231370F5E702200DF090F8D6E606ABE0
:108B00009D1D290008A8FBF799F80400022817D139
:108B1000089803F011FAFF2800D1DAE6224B1A7800
:108B2000824200D1D5E61F4A18701470FF221F4BF5
:108B30001A7000221E4B1A700123019A1370C8E6A6
:108B4000012800D0C5E6288803F024FAFF2800D1C8
:108B5000BFE6164B164A1978814211D113780133BA
:108B6000DBB21370012B00D8B3E60F4B1A788A42A0
:108B700000D1AEE619700B4A019B14701C70A8E678
:108B800018701470A5E6C0464A2100202F05002069
:108B900049210020BE2100202005002024050020BE
:108BA000840A00201F050020080000200700002084
:108BB0001E050020C32100203D210020332100207C
:108BC00018050020322100205F23002063000020D0
:108BD000F62100202B210020620000202805002023
:108BE000340500200000FF0730050020450200008A
:108BF000C0E85DFE3FEA70002E0500202D05002034
:108C00002C05002001220020C44B1B78012B48D1E9
:108C1000C34B1B780093002B00D1D8E0C14A1378D6
:108C2000013BDBB21370002B00D0D0E00DF05CFFF5
:108C3000BD4FBE4B3A88BE4C002A03D11A80026851
:108C4000128822808288002102921B8822880CE0F0
:108C5000019D013306350195029D9BB2AB4226D2A0
:108C600006225A430399525A009906260D005E4384
:108C70000196029EB3421CD3002901D0AC490A8060
:108C8000002D01D0A94A13800222A44B00201A70A3
:108C90000EF03AFF0CF0B4FF049B1B78042B00D0BD
:108CA0001DE69E4B1B78002B00D118E68FE0009D3F
:108CB000DFE70668B4460396019EB44466467688AC
:108CC0009642C5D9002901D099490A80002D01D0CA
:108CD000964A13802588974E402228009649758031
:108CE0000DF014FA422195480DF0F2F90636F0879E
:108CF00022200EF029F803F0ABFE0FF0ABFB882129
:108D00003620FBF7CBF800210120FBF7FFFB1E22EA
:108D10003B88403501333B80824B25801A70B9E790
:108D200068426841E3E5002E00D1F1E5002D00D056
:108D3000EEE500221A70FCE5002119708A4209D183
:108D40007F4B01311A707F4B197010202170FDF795
:108D500095FFEEE5032A00D1E7E5002D00D0E4E51C
:108D600001322270E5E5774C2278002A0DD00028E8
:108D7000DFD11A780132D2B2022A01D8002DD9D01F
:108D800000221A70FEF756FCD3E50028D1D01978DE
:108D90000131C9B21970022900D8CAE568491A70B0
:108DA0000A700121D1E72B8801339BB22B80022B63
:108DB00016D1654E654D132C0BD12878132804D09D
:108DC00000213278FDF75AFF2C70002333701BB05E
:108DD000F0BD0022012120002C70FDF74FFFF4E7C9
:108DE000272BF4D9132CF2D0282B09D1102CEED03C
:108DF0000121554B0A0020001970FDF73FFFE6E7FF
:108E000022000B3AD2B2012A08D801214E4A117031
:108E10005B0703D10A002000FDF730FF2A884C4B86
:108E20009A42D4D929239FE56289238908AE120486
:108E3000290030001A4303F0A7FDE389A2891B042F
:108E400013430E93237C06A97371637C06A8737386
:108E5000A37C3371E37C33730923627D5B18DA777B
:108E6000227D15AB1A70A27D12AB1A703B23E27DF6
:108E70005B181A703123227E5B181A703523627ECC
:108E80005B181A70A37E5A1E934133225218137036
:108E90003A23E27E5B181A70637F0AAAD3772D4AC1
:108EA0005B009B5AB383A27F13AB1A70E37F3386B8
:108EB000631CDA7F36235B181A70A31CDA7F3D230C
:108EC0005B181A703E2321001B1822311022180053
:108ED00012F0ADF94D2306AA9B18019A30001A70C2
:108EE00003F07EFD300003F063FC1B4B32002800D2
:108EF000597B032305F07CF93E2306AA9B18190031
:108F0000280005F055F9154B01221D8003233B7005
:108F1000134B1A70FCF72CF8FEF75BFDA82000201D
:108F200011070020060000200C0700201C0500206F
:108F30001A0500206407002068070020660700204B
:108F40005F230020A02100202B21002062000020B0
:108F5000FDFF00006CD101080C220020240000203D
:108F6000EC2100202C00074E4034A4B22800083524
:108F70003100ADB20DF0F3F80836A542F6D1024843
:108F8000FEF7BAFC680700200C070020F0B50120AE
:108F90009BB0F9F7D5FE80204005F9F7C3FEC0204D
:108FA00000250726EF4BF04AF0491A60F04BF14AD2
:108FB0004B60136A00061B021B0A034313628D6099
:108FC0000E603021EC4B27201960136A12AC1B0293
:108FD0001B0A1362F9F754FF012323610233A360D4
:108FE000F023E560656165601B022100E348129390
:108FF00011F048FF80232100DB00E048A0271293F6
:1090000011F040FF4023FF05DC49BB613C3B8B6115
:10901000033B636021007733D848129311F032FF8D
:10902000A42338005B002100129311F02BFFC12311
:1090300021009B00D148129311F024FF80232100CE
:109040009B01CF48129311F01DFF60232100CD48F2
:10905000129311F017FFC02321009B00C9481293FF
:1090600011F010FFC0232100DB013800129311F032
:1090700009FF2020F9F756FE0FF0A8F92022C24F71
:109080003000FB6A1343FB62FB6A9343FB62573277
:10909000BE4BFF329D62DA621968F63A0A431A60E3
:1090A0008022D96852000A43DA601A680235AA435E
:1090B0001A600FF0DFFEB648B64BC268B6491A40D8
:1090C0009C239B031343C36030000FF0B5FEB34AEB
:1090D000B34B2021D360B34B300093600FF0BCFE44
:1090E0002800F9F7CDFE1B228020A44980000B68E0
:1090F000AD4E13430B60F9F723FE3A68AB4BE0210A
:109100001A4080239B0313433B60B368A84A0903BA
:109110001340B3607368A74AC02013407360B368FC
:10912000A54A80001340B3607368A44A134073607B
:10913000B3680B43B360B368AB43B360B368134029
:10914000B360336B9E4A1340336373689D4A134088
:10915000736073681340C0227360092352000121B9
:1091600040001140013B08435208002BF7D1202258
:10917000800502D0F9F76CFDC2B280239B00D3407A
:10918000914A9B009B181F221968C0209143173AEF
:109190000A431A60C0221A2301219204C004150058
:1091A00040000D40013B28435208002BF7D14001FD
:1091B0002033002802D0F9F74BFDC3B28025ED041F
:1091C000DD40824BAD00EB1802931B68F822F820BB
:1091D00003930121182312044004150040000D40A0
:1091E000013B28435208002BF7D1C001203300284F
:1091F00002D0F9F72DFDC3B2C0225204DA40072392
:109200009340039AF8209A430392F82218230121ED
:1092100012044004150040000D40013B2843520851
:10922000002BF7D1C0012033002802D0F9F710FD40
:10923000C3B2C0225204DA4005239340039A134379
:10924000029A13600422B3681343B3600422B36824
:109250001A40029204221342F8D10125B3688020FB
:109260002B43B360A0260823F605B361C001F9F7CC
:1092700059FD0FF0ABF82800F9F702FE0223029A1D
:1092800063605B19A3600533E260256121001295DC
:109290003000636111F0F6FD0923053512952100B8
:1092A0003000636111F0EEFD3949494B8A68494845
:1092B0001A40A023DB0413433F228B60CB68934307
:1092C000C2221D43CD60802192008358C9051B0234
:1092D0001B0A0B43835080231B0103603E4B1A681B
:1092E000520609D419683D4A11403D4A0A430421F7
:1092F0001A605A688A435A6040268020DA692E49EB
:1093000040010A40DA611A68002532431A60F9F711
:1093100017FD0120F9F7B4FD0223A020636001339B
:10932000A3601D33E560656112931F3B210023613B
:10933000C00511F0A7FD8023A02012932100256114
:10934000C00511F09FFD274B1A6832424ED11968B3
:10935000224A1140244A0A4304211A605A688A4367
:109360005A6043E038000020006CDC0210E000E0AE
:10937000FF52070000ED00E02C1B0020000400500D
:10938000000800500014005000100240001400407B
:1093900000000140FFFFC0FFB02A00008000024033
:1093A000301B00201814005000240140FFFF9FFFD5
:1093B000FFFF7FFFFFFFFFFCFFF7FFFFFFFEFFFF49
:1093C000FFFF0FFFFF17FFFF302401400C24014077
:1093D000FFFFFFC000E100E0003800404000FFFF59
:1093E00007030000003001402F030000DA695D49E7
:1093F000E2200A40DA614022196800260A431A6016
:109400000423594A9362FAF7A7F85848FBF71EFD60
:1094100030000136F6B2FAF7A7F8082EF8D12B2063
:10942000FAF79AF8FA208000FBF710FD2E20FAF7E1
:1094300093F8FA208000FBF709FD2F20FAF78CF84B
:109440002F20FAF789F82F20FAF786F82F20FAF75D
:1094500083F84748FBF7FAFC4020FAF77DF8AF2085
:10946000FAF77AF80423404A0225936110F016F9BE
:109470000CF0CEFFFA223F4B01201A70F9F700FDE5
:109480000EF0A4FF0120F9F75BFC8020C001F9F782
:1094900057FC0023E360C023DB0012930322012367
:1094A000A0206361A260236121006560C00511F006
:1094B000E9FC28000FF0DEFC28002F490FF0BCFC6F
:1094C00080212E4B2E4A2800DA602E4A49009A60ED
:1094D0000FF0C2FC2C492D4B8A682D4D1A40E02319
:1094E000DB00134380228B603B6BD20113433B6351
:1094F0003B6B284A13403B63EB68274A1340EB6001
:10950000EB689B0400D58DE0EA68244B1A400C23DD
:109510001343EB606B69134A13406B612B69204A5C
:1095200013402B616B691F4A134038226B61BB6883
:109530001340102B3AD00ED8082B00D116E3072089
:109540007B683A685B0B034017499B00D20A0240D4
:109550005858D0403CE0183BB343F0D18020000283
:1095600036E0C046FFF7FFFF00040050C0D4010002
:10957000409C00005F230020A02000001C0002404F
:10958000B01B00200438014000000140FFC0FFFF75
:1095900000380140FFBFFFFFFFDFFFFFF3E9FFFFE0
:1095A000FFCFFFFFFFFCFFFF8CD201080322FB6807
:1095B0001340934200D1D4E27B68EE4A1B045B0F58
:1095C0009B0098580C23FA681A4200D0CBE2400066
:1095D000BA68E9491205120F920052581F210A4039
:1095E000D040BB68E54A5B045B0F9B009B580B4077
:1095F000D84017D01923962158438902F9F79AF9D0
:1096000064210700F9F71CFA080132306421F9F7E8
:1096100091F9642106003800F9F78CF90001361839
:10962000B6B2AE6040236A69022013436B610FF04B
:109630002FFC80230026EA689B011343EB6028215E
:109640006E60CF480CF0BAFD0120F9F779FB0120DC
:10965000F9F716FC80200004F9F764FB0EA90A0054
:10966000C84BA1CBA1C20C22200011F0E0FD2200CA
:10967000C54BC649A1CAA1C3C54BC64A1E60C64B4D
:10968000C64DC7488B61531CDE77C64B556096604C
:10969000D66010611E001B68002BFBD13260136086
:1096A000C14A1061012055609360D360BD4D531CC9
:1096B000D8772B002D68002DFBD11A60AF231560E1
:1096C00002225B00B948CA540EF016FEB8480EF0EC
:1096D00013FE0722B74BC0219D731D701A72063A04
:1096E0009A72C722B4485D729200835809061B0221
:1096F0001B0A0B43835080231B060360AF4E0E22D0
:109700002D21300011F064FC8023AD4A9B00B5731D
:1097100093618022AB4952008A618B6180212800CD
:109720000902FAF7BBFB29002800FAF7B7FB37203C
:10973000A549FAF7B3FB22213620FAF7AFFBC62181
:1097400010208900FAF7AAFB1120A049FAF7A6FB1E
:1097500012209F49FAF7A2FB13209E49FAF79EFBBD
:10976000842114208900FAF799FB49209A49FAF7D5
:1097700095FB7B209949FAF791FB7D209849FAF7F0
:109780008DFB48209749FAF789FB40209649FAF764
:1097900085FB10222000954911F049FD615D2B03E6
:1097A0001943092089B20135FAF778FB102DF5D15C
:1097B000F8211C20C900FAF771FB1D208C49FAF72B
:1097C0006DFB1E208B49FAF769FB1F208A49FAF7C7
:1097D00065FB3E208949FAF761FB73208849FAF757
:1097E0005DFB77208749FAF759FB19208649FAF77C
:1097F00055FBB42128200901FAF750FBAA212920A2
:109800000902FAF74BFBCC212A20C901FAF746FBE3
:109810002C207E49FAF742FB2F207D49FAF73EFBC8
:1098200053207C49FAF73AFB7E207B49FAF736FB56
:1098300046207A49FAF732FB4A207949FAF72EFB9B
:1098400007207849FAF72AFB90210024764B774AC3
:10985000332009021A80FAF721FB00213F20FAF792
:109860001DFB73480FF056F903F014FCFF22F0259E
:10987000260027006F4B6D031C806F4B1C706F4BD5
:109880001C706F4B1A706F4B1A706F4B1C706F4BC4
:109890001C706F4B1C706F4B1C706F4B1C706F4BB0
:1098A0001C706F4B1D600EF087FB049405940395AC
:1098B0002800202212A9FBF7AFF812A80EF0F4FA44
:1098C00000281BD0442204AB9B181B783C3A13425F
:1098D0000BD10121614A1170002F03D0139A049912
:1098E000914202D20700139A0492002E02D0169AD7
:1098F000944202D2169C059303950600F42320356A
:109900005B039D42D4D1574B002E00D130E101348E
:109910001C60039B2033AB4201D2514A13600024E8
:10992000A74201D0049C01344F4B1C60002E02D092
:10993000059B1B0712D412AD10220021280011F044
:1099400047FB0123F8225B425242139428006B81AB
:10995000AA81AB730EF090FB0EF02EFB0822434859
:1099600012A9FBF759F8424B04AA4048138712A9E1
:1099700080E0C0468CD20108ACD20108ECD20108CC
:1099800064D601082CC30108FC1C0020F80000204C
:109990007C020020D81C00200CD30108555201087D
:1099A00021460108B01C0020B41C00204400002007
:1099B0003C000020005C004000E100E0502300205B
:1099C00000140050000400501F9D00003A030000E6
:1099D000DB030000DF030000B22A0000DC7300009C
:1099E00020E90000A83300001635000057C4010824
:1099F00055E50000584C00005AC60000C69400000F
:109A000091460000EF88000041100000221800007D
:109A100090980000282000003E3000000A600000FE
:109A200030540000CE610000081D00200090FFFFB0
:109A30004E230020221D0020201D00209E210020FA
:109A40001F1D00201E1D00201D1D00201C1D0020AC
:109A50001B1D00201A1D0020191D0020181D0020AC
:109A6000141D0020101D00200C1D002058A1000016
:109A70002963000000230822FBF794FC03F0DCFEBE
:109A80000221002003F0A2FF0221012003F09EFF2B
:109A900002F0B4FF012008F077FBD2480FF03AF84B
:109AA000D1480FF037F8D1480FF034F8D0480FF014
:109AB00031F8002006F05EFFFBF72AF8CD4C0028B5
:109AC00058D10027FF2200239446CB492678CB4C5F
:109AD0000B706A466546107A029A2A40D200155DDC
:109AE000002D07D0002E00D086E0A218D279332AAC
:109AF00000D081E0002B00D00870FBF709F80028A7
:109B00007FD00A2404F0FAFEFBF77AF904F032FE63
:109B100001237F220021BA48009404F053FC032360
:109B20007F220021B748009404F04CFC0024FBF78E
:109B3000A1F8FBF791F8FBF71BFAFAF7E9FF002809
:109B400000D192E00024B048FBF780F9322CF4D128
:109B50001322AE4B1A70AE4B1A700022AD4B1A8016
:109B600057E0AD482EE50323584331E5AA482FE5D9
:109B70001E60D4E6FBF7A0FD0600A848FBF766F9D7
:109B8000FAF7C6FF00289CD0FBF796FD0500A34816
:109B9000FBF75CF9A24B5A7F0A32964211D0B542CC
:109BA0008FD10221994A1570994A1570994A1180EE
:109BB000122D0ED0112D84D101229A4B03271A7039
:109BC00080E70122197F02274A401A7704F038F90A
:109BD00078E71A7F002A00D073E701275A762770AA
:109BE00004F02EF9332007F0BDFF8F4B8F4A187019
:109BF00012788F4B1A6065E7029B013302930123B1
:109C000067E7FBF759FD132800D07AE7002F00D053
:109C100077E7884B824C1B78002B30D1864B1B7822
:109C2000002B2CD10520083408F050F9E37F3C2BA1
:109C300022D8F9F7E5FE814B01221A70804B784F4C
:109C40001B78022B01D0052B01D1F9F757FB3B0004
:109C5000383318780138042800D95FE1F8F760FE3E
:109C600054015A01B201B901B901FBF725FD1328CE
:109C700000D067E7013466E7FBF77AF9DBE72500F8
:109C8000403504F03BFEFBF7BBF804F073FDFAF738
:109C9000F1FFFAF7E1FF2B78042219009143012923
:109CA00016D10FF0FBFCFBF763F90422654B5C4E09
:109CB0001B789343012B00D0DEE00025012F00D05C
:109CC000E8E03836357038000BF0A8FF5E4BB3E79C
:109CD000042B09D10BF0F0FFFAF7CCFFFAF7BCFF29
:109CE00001200DF011FFDEE71022584806A9FAF70F
:109CF00093FE10220AA95648FAF78EFE554B1E888D
:109D0000300002F0B3FB642102903000F8F798FEB7
:109D100030008BB264210393F8F70CFE029B4E498E
:109D200082B200930EA8039B0BF0DCFF2B784B490B
:109D3000032B0BD0002B45D104AA127A04AB1B7E57
:109D4000002A0BD14649002B00D00AA906A811F021
:109D500066FA0EA90AA811F062FA01E0002BF8D009
:109D60000A2500237F221900009506A804F02AFB8B
:109D700002237F22002100950AA804F023FB04237C
:109D800000217F22374804F061FB8021364B763575
:109D90004942180080300278013DD24302701A789F
:109DA000EDB24A401A700133002DF2D12F4A3049EA
:109DB00012A80BF097FF06237F22290012A804F0B7
:109DC00045FB89E7022BCBD104AB1B7A002B03D1D7
:109DD000234906A811F023FA04AB1B7E002BBFD148
:109DE0002449B7E704220020062200200822002090
:109DF0000A22002002220020F8210020ECD30108D2
:109E000022C401082AC401081027000063000020B2
:109E100062000020F621002000366E01204E000076
:109E20000C220020241D00200122002000220020FE
:109E3000FC210020F4210020F3210020F221002049
:109E4000442200204C220020F1210020C8A0000064
:109E5000D8A00000A620002075C6010833C4010860
:109E60003BC40108AFD30108A51E0020AAD30108F6
:109E70004CC4010843C40108C84D2B78002B05D001
:109E8000FBF71AFC1328F7D000232B70012008F0F1
:109E90007BF912E7032F35D1E31DDD7723003E3335
:109EA0001D70230047331D70230048331D8023009D
:109EB0004A331D702423FF33E554B94BB94A1E6859
:109EC000B9493000A577A58402F05EFD3300023F5A
:109ED0002D331F70043B1F70300002F069FCB34B40
:109EE00038001E6008F050F9FAF73EFCFBF7F8F86E
:109EF000AF4BB04A1D703D2365763834D37725705B
:109F00000337E0E62F00DEE63A003B0039321278F4
:109F100029331A7001210800FBF732FF3B003E3362
:109F20001978002903D01E224A43A34B1A700DF062
:109F30008DFD01200CF05CF9002802D001200FF00B
:109F40009BF89E4B02931B78012B00D091E09C4B19
:109F500003931B78002B03D19A4B1B78002B52D014
:109F6000994B9A4D1E782C68012E0ED93B00083370
:109F7000DB7F002B30D1002C01D0FA2C05D18023BF
:109F8000934A9B0151694B40536101342C60032E6D
:109F900032D13B000833DB7F002B2BD08D4B9C4212
:109FA00031D900232B60FAF753FB01238A4C1A00A6
:109FB00020881E2180B2FBF757F8238864339BB2B8
:109FC000238020E0FAF7ACFC844B18780BF026FED7
:109FD000A4E70FF0F5FBA1E7002C05D12623FF3302
:109FE000F85CF9F7E3FCD0E77D4B9C42CDD192239E
:109FF0005B00F5E77B4BD2E77B4B9C4203D9002308
:10A000002B60012ECFD0794B1A78002A03D16D4AEC
:10A010001278002A2DD000221A70754B1B889342AB
:10A0200004D13B000833DB7F3D2B04D12623FF33D3
:10A03000F85CF9F7BBFC0024C822039B92001C705B
:10A04000654B1A806B4B1B78A34208D06A4D2B7866
:10A05000012B00D083E002332B70FAF7D1FEF9F721
:10A060003DFB062001F0B2FE042002F09DFE0BF045
:10A07000C7FD624B03931B78002B00D0B1E1029B1C
:10A080001B78012B03D05E4A9B009B5898475D4E7E
:10A090003378002B04D05C4B1B78002B00D0A0E160
:10A0A00001F084FE002809D10023584DEB56002B07
:10A0B00064D17B1DDB7F002B00D0BBE0544B1B78B1
:10A0C000002B00D126E1534B1B78002B00D121E15E
:10A0D00002F088F8002800D01CE1BB7D4E4A9B07A7
:10A0E0005B0F9B5A0730BC8A04930CF057F90F237F
:10A0F0000509ADB21840022820D90A200CF04EF90B
:10A10000C3041BD4C0B2092818D92B00DD22193B87
:10A11000FF3B9BB21201934210D3049A3F4B40493C
:10A12000944200D8C6E01A88A21A012A00D0C4E0DE
:10A130000A88100502D4132A00D9BEE0384B1D80CE
:10A14000364B1C80374B1B78002B00D0A6E2314BDE
:10A1500000221978200049B20CF00AFAD4E0022B50
:10A1600000D07AE7220021001020FCF787FD0122B1
:10A170002D4B2C701C702D4B1A706EE72C4B1B78DE
:10A18000002B96D0284B1B78002B92D1FCF7B8F807
:10A1900001F00CFE00288CD090E7C0465F23002021
:10A1A000B020002090FE960205040000AC200020A4
:10A1B000A820002014220020F0210020EA21002005
:10A1C0003E2100203D2100203C210020382100209C
:10A1D0000008005010210100500000206100002004
:10A1E000983A000098340100E02801003421002052
:10A1F000C02100203321002032210020F221002044
:10A20000C0D30108DE210020C2210020A4210020AB
:10A210002D210020A3210020DCD30108B420002040
:10A22000B62000201E210020A02100203121002086
:10A230004F000020184C2378002B00D13EE700236C
:10A24000EB56002B00D039E7144B1B78002B00D0C5
:10A2500034E7029B1B78052B00D12FE7104B1B78AE
:10A26000002B00D02AE73378002B00D026E7F9F73F
:10A27000CFF80C4D2B78002B05D00B4B187800280D
:10A2800001D10BF0CBFC0023084A2B701370084A55
:10A290002370137012E7C0464E000020A02100205A
:10A2A000B721002030210020C32100202F210020D1
:10A2B0002E210020049A94420CD11A88121B012AE4
:10A2C00008D1C34A1288100500D437E7C14882423A
:10A2D00000D933E71C80C04B0D801B78002B00D0C9
:10A2E000D0E1BE4A13800122BD4B1A70FB7C002BCB
:10A2F00000D13C82FAF73CFEA0238022DB0552000D
:10A300009A61B84BFF3A1A7003200BF087FC0022C9
:10A31000B54B1A70BB7F002B09D0B44BB44A1B88D5
:10A32000002B00D0C2E11388002B00D1C2E1B14C58
:10A330002378002B1FD0B04B1B78002B15D1AF4BCF
:10A340001B78002B11D1FB1DDB7F002B0DD0AC4BFC
:10A350001B78002B09D1AB4BAB4A1B781278134307
:10A3600003D13378002B00D1F3E1FA22A74B9200FE
:10A370001A8000232370A64E3378002B31D0029B25
:10A380001B78052B2DD1A34D2B78002B00D1E4E1B8
:10A39000FAF712FABB7F002B05D03B00FE33198C75
:10A3A000D88BFAF709F97B1DDB7F002B10D0964B79
:10A3B0001B785BB2002B0BD1914B1B78002B07D184
:10A3C000954B1C78002C03D1F9F722F8934B1C70A5
:10A3D00001F014FF0A22924B1A8000232B700023F5
:10A3E0003370904B1A78002A00D1A0E500241C702D
:10A3F00003F0F8FCFAF746FD8B4A2000138801337E
:10A400009BB213800BF0F4FEA04202D020000EF0AD
:10A4100033FE039B1B78002B01D1FDF725F9834BFD
:10A420001A78002A00D182E500221A70804A137837
:10A43000002B07D0013BDBB21370002B02D10122AD
:10A440007C4B1A70029B1B7802937B4B1B78002B72
:10A4500008D0029B012B00D1B7E101F0C3FE002818
:10A4600000D0BCE1754A1378002B21D0013BDBB250
:10A470001370002B1CD1724B1A688023D28BDB0027
:10A480009A4210D26F4B1B78013B022B0BD86E4BBC
:10A490001B78002B07D1F9F77BF96C4B1878022851
:10A4A00001D101F093FCFCF7BFFA0022684B1A704F
:10A4B000684A1378002B13D067490978072901D01F
:10A4C00000290DD1013BDBB21370002B08D1634B87
:10A4D0001B78002B04D0FCF7DDF90122554B1A70D4
:10A4E0005F4A1388002B00D07BE100235D4A05936F
:10A4F0001378002B00D081E105F0CEFF5A4B049376
:10A500001B88002B00D082E1584B1C88584B1D78CB
:10A5100078236B439C4218D1564E3378002B14D0CD
:10A52000FAF782FCF8F704FE00210620F9F7EEFFA7
:10A530000A22FB1DDB7F5343394A1380002301228B
:10A5400033703C4B1A704C4B1A70029B494E012BD6
:10A5500000D1ACE101F046FE002800D0A7E1294B74
:10A560001B78042B00D1A2E12B4B1B78002B00D0D1
:10A570009DE13E4B002C00D170E1013CA4B21C8057
:10A58000002C00D06AE101220425049B32701C805B
:10A59000234B1A80F8F7CCFD2000384CF9F706FA67
:10A5A0002820A562F8F7D8FF4020F8F7D5FFAE20A5
:10A5B000F8F7D2FFA5610322314B0620197801314B
:10A5C000114019704B425941C9B2F9F79FFF57E149
:10A5D000B6200020EB0F00001E2100201C210020CF
:10A5E0001B210020B82000202D2100202621002042
:10A5F000242100202C210020A02100202B2100203C
:10A60000BE210020C3210020A42100204C000020F6
:10A610002A21002029210020B72100202821002004
:10A62000B8210020EF21002040210020EE21002051
:10A63000ED210020EC210020EB210020E42100206E
:10A64000E0210020DF210020DE210020DD2100208C
:10A65000DC210020DB210020DA210020C62100209F
:10A66000C4210020C2210020C0210020BC210020E4
:10A6700060000020BA210020F121002000040050D9
:10A68000B62100208C490B782F2B0CD85A1CD2B243
:10A690000A708A495B005C52302A04D08723DB00B1
:10A6A0009C4200D253E50BF09BFF2DE60021844B2A
:10A6B000118019703378002B00D038E6029B1C788B
:10A6C000FD23A21E1A4200D131E67E4B1B785BB2FD
:10A6D000002B00D02BE67C4B794A187800281ED03E
:10A6E00011787A4A002914D064211180012C00D0FD
:10A6F0001DE6774A1278002A00D018E61B78002B56
:10A7000000D014E6F8F7FEFF724B1C70724B1C7001
:10A710000DE6128891B2002AE8D11970E6E71278A6
:10A72000002A00D103E601221A70052C01D107F09E
:10A73000CDFB029B1B78012B00D1F8E5674B1B7802
:10A74000002B00D0F3E508F08FFB0122624B1A705A
:10A75000EDE5052007F0BAFB0BE6614B1B78002BFB
:10A7600000D03CE67B1DDB7F5E4A5F4C0492002BF1
:10A770000BD0544B1B785BB2002B06D15B4B1B7884
:10A78000002B02D12378002B17D0FB1DDA7F584B0A
:10A7900019780A23002900D0BE335343049A13804A
:10A7A00001232B7000252570F9F78CFFF9F7BAFF0C
:10A7B00029002800F9F7AAFE11E6F8F729FE0A2376
:10A7C000049A1380093B237009E64A4B01221B8837
:10A7D0009BB2134200D145E63E4B1A7042E6464B0F
:10A7E000F4E7013B9BB21380002B00D07DE6434B86
:10A7F0001B78013B5A425341DBB277E6013B1370B1
:10A800003F4B1B78002B00D176E6FFF790FB3D4ACB
:10A810001278002A00D077E6344A1278002A00D055
:10A8200072E6364A1278012A06D1132800D16BE667
:10A830001538012800D867E6049A013B9BB21380C3
:10A84000002B00D060E63B000833DB7F3C2B00D9B7
:10A850005AE6F9F7D5F8FAF76DFA55E61B885A1E4D
:10A86000132A09D8002D07D000209B0702D12623E8
:10A87000FF33F85CF9F79AF83378002B00D09AE6AA
:10A88000039B1D78002D47D01F4C20000EF042F98D
:10A89000FA221E4B52001B88934206D81C4BDA88C2
:10A8A00023889A4201D3FFF742FBFBF7C3FB7822D0
:10A8B0006A43184B1A80DFE71A210020BA200020D3
:10A8C00023210020A421002022210020202100207B
:10A8D000A0210020F1210020EC2100203D210020BA
:10A8E000B7210020B821002028210020BE2100200F
:10A8F000BA210020E8210020E6210020C321002009
:10A90000DE210020BF2100204E2300204C23002008
:10A91000AA210020BC210020BF4B1C880134A4B216
:10A920001C80029B012B13D0E30711D4BB4B18787A
:10A930000493461CF6B21E70B94B4000C0180EF0CE
:10A94000E9F8032E01D9049B1D70012006F012F8CE
:10A95000A4070BD1B34B1B78002B00D031E1B24BD5
:10A960001B78002B02D00122B04B1A70B04B1B7821
:10A97000002B65D1AF4B1B785BB2002B60D101F08F
:10A9800015FA00285CD1AC4B1B78002B03D0AB4BE5
:10A990001B78002B54D0AA4B1A78042A50D0A94B0C
:10A9A0001B78002B4CD1A84BA8481B78002B12D049
:10A9B000A7490B78002B0ED0A64C2478002C0AD186
:10A9C000012A08D0013BDBB20B70002B03D1974961
:10A9D000013343760B70059B002B31D000219E4B39
:10A9E0001980012A08D105F057FD132802D0153827
:10A9F000012801D8FAF7BCFA984C2378002B03D130
:10AA0000944B1B78002B02D0022001F0DFF9FBF7FA
:10AA1000F9FFFAF7C7F80023884A23701370904AA9
:10AA2000137001228F4B1A708F4B1B78002B04D0B0
:10AA300001F0D8FB002800D1032528000BF0EEF828
:10AA40008A4B1B78002B18D1894B1A78002A14D016
:10AA500018780138C0B2187000280ED102F0A4F99D
:10AA6000814B1B78002B08D001F0BCFB002804D1DF
:10AA70000BF0BAFF03200BF0D1F87E4B1B88002BA4
:10AA80000FD13B000833DB7F013B3B2B09D86B4BDD
:10AA90001B78002B05D1664B1B78002B01D1FAF7F0
:10AAA00049F9754B1B78002B1ED0744D01212C8861
:10AAB000734B0134A4B222000A40110000201A7026
:10AAC0002C8003F049FC029B012B0DD01D2C7DD85E
:10AAD0000AD1544B1B78002B06D16A4B1B78002BF4
:10AAE00002D1022001F072F901F060F9002800D1D2
:10AAF0008CE0654B1B78002B00D087E063490A7817
:10AB0000012A00D982E0624803780133DBB2037086
:10AB1000012A07D1202B05D95E4B1B7802330B701D
:10AB2000424B1A7001224F4B1A70454B1B78002B79
:10AB30000BD1594B1B78002B1BD101F053FB002884
:10AB400000D1C1E0012003F03DFF544A1378092BE6
:10AB50000FD1534B197A00290BD15968002908D01D
:10AB600050480068814204D81B68137001223D4B95
:10AB70001A704D4B4D491A78002A09D0494A496B41
:10AB80001268914204D800221A70364B01321A70B2
:10AB9000474B5A7A002A01D000225A72454B1B7843
:10ABA000002B01D1FFF7C3F90DF0B0F9424A434938
:10ABB00013888B4201D9FFF7BAF901331380FFF7ED
:10ABC000B6F90122194B1A70264BCEE600232B80D2
:10ABD000144B1B78002B87D12A4B1B78002B02D1FA
:10ABE000022001F0F3F8364B1B78002B00D07BE7F6
:10ABF000039A01330520137007F068F9314BDB7FAE
:10AC00003C2B00D970E7F8F7FBFE6DE7084B1B788B
:10AC1000002B87D189E7C046A8210020A62100206B
:10AC200004220020F4210020A5210020F121002091
:10AC3000BE210020A4210020A3210020BF2100204C
:10AC4000C3210020B72100204A2200200C2200202E
:10AC5000F0210020A2210020C4210020DF210020BB
:10AC6000A1210020EC210020DE210020A0210020D5
:10AC70009F210020C02100204621002044210020E7
:10AC800043210020422100204A21002049210020A8
:10AC900048210020472100204B210020DA210020FC
:10ACA0004C2100205C210020982100206021002000
:10ACB000540000209E2100209C210020FDFF000068
:10ACC000F3210020142200201B4B1D78002D00D101
:10ACD0003BE70022194B9A56022A00D035E70024A0
:10ACE000174E3457082C24DC0123200018401C4246
:10ACF00006D19D4201D003F039FE0134347024E7BF
:10AD0000012D08D1601E0628F7D8F7F7EBFD0AF6EB
:10AD10000AF60EF61000180003F028FE032DECD101
:10AD2000F0E7032001F052F8E7E70420FAE70520F6
:10AD3000F8E7187009E7C0465A2100205921002081
:10AD400058210020F0B58B4B04001B780E00150035
:10AD500085B0002B00D1B8E10F2801D100F0DAFD59
:10AD60000022854B1A70954201D100F06DFD0D282F
:10AD70003DD0112827D00A283ED1804D2B78934210
:10AD80001DD17F4E7F4F3278F95C914219D001334B
:10AD90000A2BF9D101340A21E0B2F7F751FE7B5CAE
:10ADA00033700CF0A7FD0022774B1A70774B1A70A6
:10ADB0000BF0E0FF022001F009F801232B7005B031
:10ADC000F0BDDCB2E6E7724C2378002BF7D1714A74
:10ADD0001370714A13706C4A13706C4A13700BF045
:10ADE000C9FF022000F0F2FF01232370E7E70CF017
:10ADF000AFFD0022694B78E11228E0D8F7F786FD15
:10AE00005900130013001300130013001300130064
:10AE100013001300DFFF78008C00F7FFDFFFDFFF78
:10AE2000DFFF9900B100002EC9D05D4A5D4B12785A
:10AE3000661E0192544AF6B2995D1078554B534FF5
:10AE40001D78A0421DD1002D1BD03878013D013066
:10AE5000F7F7E0FE05227243534B39709B18019AB5
:10AE60005B5C002A05D11A00413A192A01D8203327
:10AE7000DBB2494A535501224C4B1A700BF07AFF52
:10AE80009DE705211470002271433A706A1CD2B20A
:10AE90001A70454BCB5C0199002905D11900413945
:10AEA000192901D82033DBB23B494B5500238B5481
:10AEB000E1E7002E00D182E7334E344C3578002D87
:10AEC00011D1344B1B78002B0DD0334A013BD15CA0
:10AED000202904D11031D15401232370CBE70DF088
:10AEE00063FA2570C7E70DF05FFA00233370F4E7CB
:10AEF000002E00D163E70022234B26491A70234B12
:10AF00001A702A4B1A700B789342B7D0013BDBB210
:10AF10000B702149CA54B1E7002E00D14FE700233E
:10AF2000194A1370194A1370204A13700DF03CFA35
:10AF3000A4E701231A4A11784B4013700BF01AFF53
:10AF4000022000F043FF3AE70C4A002E02D0002313
:10AF5000137034E71378002BF9D101210F4B1970CE
:10AF6000F5E700230B4A13700B4A1370064A13705F
:10AF7000064AE2E74B210020190B0020D9030020EC
:10AF80000100002059CF01083306002032060020BE
:10AF9000D80300202B040020DA03002061000020E9
:10AFA0000000002050CF010823CF01083406002004
:10AFB000C44B1B78002B00D101E70022C24BC34ECB
:10AFC0001A70C34B1A703378934200D156E7C14CC4
:10AFD0002368934201D101F011FD24686369186868
:10AFE00001F02EF8002804D0230028331B78002B12
:10AFF00060D1B94B1B78002B5CD133342378002B04
:10B0000003D0B64B1B78042B5BD0B54B1B78002BC1
:10B0100059D0062083424ED8F9F75FFB012006F095
:10B0200055FFB04B00241A7E0A2301325343AE4A27
:10B0300013801388AD4A9BB21380AD4B1C70AD4B8F
:10B040001C70AD4B1C70AD4B1C70F9F701FB200060
:10B05000F9F70EFB21005120F8F720FF2000F9F747
:10B06000DBFA9E4B1D78012D00D007E73000F7F783
:10B0700031FC0200A24B310018700132A14810F0DF
:10B08000D6F80222A04B1A70A04BA14A1D70A14B0A
:10B090001D70A14B1C70A14B1C60A14B1C70A14BDF
:10B0A0001B6805331360A04B1C70A04B1C700BF089
:10B0B00061FEE3E6032001F077FE022000F086FE49
:10B0C000DCE60120F7E70220F5E7994B1F78002F17
:10B0D0000DD010280BD00D2809D0002D00D06EE621
:10B0E000002E00D16BE6934B02221A7067E6924B5A
:10B0F00002931B780193002B2BD0002E01D100F07E
:10B10000EFFB002D00D0D1E32000F8F771F901909A
:10B11000FF2800D1B1E3894F3C78002C0CD1884E38
:10B120000E222D2130000FF053FFB573631C019ADE
:10B130003B70834B1A5501E00D2CF7D91022814B3F
:10B140001A700022804B1A70804B01321A70794BB2
:10B15000CBE7122CC1D82000F7F7E2FB1300130055
:10B160001300130013001300130013001300130047
:10B1700069011202120288021D036B03710313009E
:10B180001300002D15D0002E00D118E6704B1B784F
:10B19000002B00D013E66F4A1178002902D01370FB
:10B1A000694A1370F9F7FEFC01212000FBF7F2F861
:10B1B00005E6002E01D05F4B56E2674B1B78002B53
:10B1C00000D030E1654B634F1B785BB2002B28D079
:10B1D000200003F09DFB3B78012B00D8EFE50A200F
:10B1E0005F4B3E701A785B785043C018C0B200289D
:10B1F00007D119225B4B1A7003F0DAFB03F066F8F3
:10B20000DDE5182800D9DAE5564B187001F01CFA74
:10B210000028F1D10222474B01301A7001F02CFABC
:10B22000EAE7304E737B02934F4B1D683B78002B4F
:10B2300015D1EB8B4D4A9B18062B10D848222900BC
:10B240004B480FF0F4FF029B4A4A5B00995BF318EE
:10B250009B881180484A13800122484B1A702000B5
:10B2600003F056FB1022374B1A700393F8F790FA4D
:10B270000022354B1A708022EB8BD200934202D20F
:10B280000423039A64E6394A9B18062B00D92AE75F
:10B290002B693C781A683A4B93429B415B420633D8
:10B2A0000193002C00D18AE503219C4200D30D318B
:10B2B0001020F7F7C9FB039B1870019B9C4261D9D2
:10B2C0003B707CE52B04002033060020DA030020CD
:10B2D00032060020AC2000203D210020EA21002081
:10B2E000F32100200C220020E82100208003002010
:10B2F0003E21002034210020BE070020BD07002091
:10B30000AB050020AF0500203606002035060020E2
:10B310000C06002008060020AC05002004060020D2
:10B32000000600205C210020AD050020AE050020B5
:10B33000DE210020DD210020A2210020820A002041
:10B34000730A0020E4210020610000203121002048
:10B35000C3210020DF210020190B0020A4210020A0
:10B36000D003002035220020E021002000FCFFFF58
:10B37000880300208403002082030020DC210020B9
:10B38000FFE0F50503F0DCFA01F0B0F800220A2135
:10B39000019B1B1B93423ADC64244443C74BC84FB8
:10B3A0009C423CD9C74BE318BB4233D8C64BA3429F
:10B3B0009B41C64C1C40C64BE418200000F000FE28
:10B3C0002B8E834210D0802380B2DB002886C018E9
:10B3D000029B80B25B00F052F618B08002F0F6FCDF
:10B3E0000221029802F0F2FAAE8B2000310000F048
:10B3F000F5FDB44BC318BB4204D8B34B984210D8E8
:10B40000B348801B28600122B24B1A80D7E448431E
:10B410000132BFE7B04B9C42CFD91C00CDE7AF4C07
:10B42000CBE7AF48EEE7F9F7BDFB3100BDE6002EF4
:10B430004AD0002D00D1BEE6AA4B1B785BB2002B90
:10B440007AD000F0CFFE002804D1A74B1B88092B2F
:10B4500000D8B4E4A54BA64C1B682568002B56D039
:10B460008022A44BD2001B88934250D3F7F772FE80
:10B470002800F7F795FE002807D19F4B1B68186836
:10B48000F7F78EFE002800D199E49C4B9C4A1D786A
:10B4900011000023AB4232D115004B3529784E0004
:10B4A00090531F20013101402970202B02D001331D
:10B4B0004A321370F7F7B4FE03F07AFA914B1B6827
:10B4C0002360FAF71DFF7AE4002D00D077E4019B9A
:10B4D000002B00D073E401248B4B1C70F8F758F953
:10B4E0008A4B01991A781970002A00D081E47D4BAB
:10B4F0001B785BB2002B35D0F8F7AAF95FE4023174
:10B500008E1E36888642D7D00133DBB2C2E7ADB299
:10B51000280001F011F8802302785B421343037086
:10B520000100280000F0F8FF03F042FA0122784BF6
:10B530001A70784B1A70C1E7774A1370774B1B78F3
:10B54000002B00D03BE4714A1178002902D013701F
:10B55000734A13700121734B0A000A201970FAF71D
:10B56000D1FC2CE4704B1B7F002B03D0F9F71AFBA6
:10B57000FFF725FC6D4B1C70694B1C70FFF71FFC1F
:10B5800001210B2C0FD1684CE37E002B01D14942E5
:10B5900049B2614B1B78002B07D0481E431E9841CF
:10B5A00001210B3002E64942EDE7614A1370614A1E
:10B5B0001370627B5200A75A544A1078002802D0B8
:10B5C00013705D4A1370002D07D1002E01D1FFF7D3
:10B5D000F6FB0122594B1A7003E0002E01D1FFF750
:10B5E000EEFB00223F4B9A56002A39D1544BFB18F0
:10B5F000062B1CD8534B544A1C68208EC0001318CD
:10B600005B6882582000F8F715F8504BC218504B71
:10B610009A4200D967E52B4B294AC318934200D8B8
:10B6200061E52060F8F7ECFFF9F700F8EBE6781831
:10B63000130080B201F088F8464B984201D1FFF721
:10B64000BEFB874201D1FFF7BAFB637B1A1D520094
:10B65000A05201225B00E0523F4B1A702C4B43E595
:10B660000800FAF719FC3D4B01223EE5002D79D187
:10B67000002E00D09FE5002F00D088E0194B234A10
:10B680001B785BB2002B7BD11378002B01D1FFF725
:10B6900096FB0A21013BDBB21370314AD154002BD7
:10B6A00005D1254B1B78002B01D006F0EFFE1022B0
:10B6B000154B1A70F8F76CF8FFF79BFB3F771B00F0
:10B6C0003F6F400140B23EFC5F856104406F400126
:10B6D000C04DC1038E0A002080A4BF0740771B0025
:10B6E00000BD0105A42100208A0A0020840A002050
:10B6F000080A0020880A0020B0200020160500203B
:10B70000CC040020040A0020E4210020DF210020D6
:10B71000630A0020AF070020190B0020C32100207E
:10B7200061000020F12100200C220020B20700203F
:10B73000620A0020640A0020DC210020DD210020B4
:10B7400000FCFFFFE021002084CF0108C088E4FF57
:10B75000402DA407FFFF0000B0070020312100208A
:10B76000D0030020002E01D1FFF729FB704B1B787E
:10B77000002B01D1FFF73DFB06F088FEFFF739FBF8
:10B780006C4B17701F70F8F763F8FFF732FBF9F78F
:10B79000C7F8FFF714FB684B1B78012B01D1FFF7AB
:10B7A0000EFB664B1B78002B00D096E4002D02D1D7
:10B7B000002E00D0FFE4624B1A7F002A00D0D5E6AD
:10B7C000604A1078002D08D0002826D1002E01D123
:10B7D000FFF7F5FAFBF768F8EDE400281DD15A4BA6
:10B7E0001B785BB2002B14D1584B1B68002B10D177
:10B7F0000E22574857490FF01AFD574B029A1D70F9
:10B80000012313701022554B1A70554B1D70554B68
:10B810002AE7554B02221A70F9E70021063311700E
:10B82000D87F524AD9771070012007F0BDFB4C4BEE
:10B83000F0E729003000FBF729F9FFF7C0FA3000E4
:10B84000FBF772F9FFF7BBFA122801D9FFF7B7FA35
:10B85000F7F75CF82FFBE9FAE9FAE9FAE9FAE9FA0D
:10B86000E9FAE9FAE9FAE9FA7AFB4EFB62FBCDFA6A
:10B87000B5FAB5FAAEFB6FFB87FB122C00D932E4A8
:10B880002000F7F743F896FC96FC96FC96FC96FC95
:10B8900096FC96FC96FC96FC96FC98FC7DFE7DFE44
:10B8A000F5FE88FFD6FFDCFF96FC96FC122C01D932
:10B8B000FFF785FA2000F7F729F866FC66FC66FCBE
:10B8C00066FC66FC66FC66FC66FC66FC66FCBCFD11
:10B8D00063FE63FE55FF6EFFBCFFC2FF66FC66FCA5
:10B8E000122C01D9FFF7F9FB2000F7F70FF84AFCFB
:10B8F0004AFC4AFC4AFC4AFC4AFC4AFC4AFC4AFC18
:10B900004AFCEDFD49FE49FEBFFE54FFA2FFA8FF21
:10B910004AFC4AFC002A01D0FFF751FA144B1D7073
:10B92000144B1D70144B1D70144B1D70FFF7A6FABD
:10B93000DC210020000A0020EA210020DF21002075
:10B940000C220020190B0020A4210020840A0020D2
:10B95000730A002050230020820A0020E4210020E6
:10B9600061000020F1210020DD21002033040020AF
:10B970002B040020DA0300203306002032060020CA
:10B98000002300B50B604D2800D976E0F6F7B4FF30
:10B99000272B33393B393B6B753F5757574343434D
:10B9A0005F47312D5F272F5F57353D4D5731495741
:10B9B0005F434B574545757573574F574747377327
:10B9C0006B6B5731575B5D575F5F61575F575757D9
:10B9D000575771735765535959595959735F09230B
:10B9E0000020136000BD1723FAE73D23F8E7012389
:10B9F0000B600A23F4E70723F2E76823F0E7204B04
:10BA0000EEE7D023ECE73223EAE72823E8E7052333
:10BA10000B60AE33E4E71B4BE2E71B4BE0E705238B
:10BA2000DEE70823DCE701230B601923D8E70323B3
:10BA30000B606033D4E7154B0B60154BD0E7012347
:10BA4000CEE71523CCE77823CAE70623C8E703230C
:10BA5000C6E701230B600E33C2E70E4B1B6834337D
:10BA60001B78012B01D10223BAE7022B03D100235B
:10BA7000B6E73F23B4E70423B2E701204042B1E731
:10BA8000FFFF0000FF03000001040000DC050000D0
:10BA9000AC0D0000E02100200E4B4900CA5A802363
:10BAA0001B0130B5D2180400802013000C210A4D70
:10BAB00040015B00034200D06B4001390029F8D1FE
:10BAC000D802064B18401043032C01D1044B5840B8
:10BAD00030BDC046DAE70108EA08000000F07F0048
:10BAE000FFFF7F007047000003000020044AC100F0
:10BAF000515A994203D001300A28F8D10B387047C7
:10BB00003C2500200122002010B5064B5968DC6856
:10BB10008C4201D221001000013208330A2AF6D1EA
:10BB200010BDC0463C250020074A084BD27F002AA2
:10BB300003D00533DB7F002B04D0054B1B68054A7F
:10BB400013607047044BF9E7122200200C220020FA
:10BB5000B0200020AC200020E02100200023064A75
:10BB60001370064A1380064A1370064A1370064A79
:10BB70001380064A137070477E2400207C24002026
:10BB80007B2400207A2400207824002077240020C1
:10BB9000F0B51E0085B0131CB24200D9331C00253D
:10BBA0007F27DBB20093174BCC011B78241801933D
:10BBB000154BE418009AEBB29A4201D805B0F0BDDB
:10BBC000019A331F002A10D0104A039204229D428A
:10BBD00013DA80216B1C49421941042220003940AC
:10BBE0000FF0F6F901350534E4E7094A02A903929A
:10BBF000084A029204229D4200DB03A920000FF0B4
:10BC000016FBEFE7D0250020251D00207F41417F56
:10BC10003E22223E3E3E3E3E10B50400012903D0A6
:10BC20000A4B8900C85810BD830705D16421F6F777
:10BC3000F1FF1D200029F6D1C82120004900F6F7A8
:10BC4000E9FF484248411C30EDE7C04654DA01089C
:10BC500070B504000D00012906D8012A04D1002185
:10BC600010320FF0B5F970BD112220000A490FF013
:10BC7000DEFA022DF7D9023D0D34042D00DD042536
:10BC800003235D43651B200002220449033C0FF09F
:10BC9000CEFAAC42F7D1E6E738C30108FFC4010889
:10BCA00070B50D0007490400F6F7CAFE20000E002B
:10BCB0000449F6F73FFE33000200034928000AF06A
:10BCC00011F870BDA086010002C5010870B5154BC2
:10BCD0001B78002B0FD000232D25134CE25C29008C
:10BCE0000A2A01D03032D1B2C1540133042BF5D12C
:10BCF0000023037170BD002904D00C49013209F002
:10BD0000F1FFF7E780230A49DB009A4203D0094B91
:10BD10009A4203D108490FF082FAEBE70749013252
:10BD2000EDE7C046DF210020D00300200BC501084D
:10BD30007EC50108FFFF000013C501080EC50108FC
:10BD4000FF22104B10B518600F4B01241A700F4BD7
:10BD50001A7000230E4A13700E4A13700E4A1370A5
:10BD600015220E4B1C700E4B1A70F8F7A9FD0D4BE7
:10BD70001B78002B02D1022009F050FF0A4B1C70E7
:10BD800010BDC046340500202E0500202D050020E2
:10BD9000300500202C0500204821002049210020EA
:10BDA00038050020BE210020F1210020054B012094
:10BDB0001B78002B04D1044B1878023843425841B9
:10BDC0007047C046BE210020C3210020F7B5041EE5
:10BDD00000D189E0431E012B04D8494BDB7F002BA7
:10BDE00000D181E00220474E3378023B8343DBB22F
:10BDF000002B79D0062C77D8434F3B78002B02D00C
:10BE000042490AF0ECFAA0238022DB0552009A6234
:10BE10003378052B05D13E4B1B78002B01D0F8F76A
:10BE200005FC3C48F9F712F87120F7F7FDFDE31E19
:10BE30000190022B04D8812170200902F8F72EF816
:10BE4000F8F760FC0320F8F7E7FB9C21702009025B
:10BE5000F8F724F800213020F8F720F82E49302098
:10BE6000F8F71CF8FA20C000F8F7F0FFA0238022B2
:10BE7000DB0552009A612948F8F7E8FF0623002500
:10BE80005C43274A13199988A9422ED8A0248025FB
:10BE9000E4056D002348A562F8F7D8FFF8F74EFCDB
:10BEA0002048F8F7D3FF71200199F7F7F7FF3F78A3
:10BEB000002F02D01C48F8F7C9FF1C4B1B78002B41
:10BEC00000D0A561002F03D0022019490AF087FA9B
:10BED0003378052B05D10E4B1B78002B01D0F8F7DA
:10BEE00021FC5022134B1A80F7BDA05A5988F9F74C
:10BEF000A3F801350748F8F7A9FFEDB2C1E7C0463E
:10BF00000D220020EA210020DE2100200142000055
:10BF100029210020204E00000203000060EA0000FA
:10BF2000AAE801088813000010270000B8200020AC
:10BF30000102000026210020F7B504001727E023A6
:10BF400080221B0123401201934215D10025104B82
:10BF50000093E305DB0D0193009A6B00D35A019A1D
:10BF6000934206D1EEB231000220FFF795FDA042C8
:10BF70000BD00135682DEFD1012323409B056408C8
:10BF8000013F1C43002FDAD1FF263000FEBDC04622
:10BF9000DAE7010870B502003224FF200023074EC3
:10BFA0005900755A511B00D5A91AA14201DA0C009B
:10BFB000D8B20133322BF3D170BDC04676E7010809
:10BFC0000623054AD9005158814201D858B270471A
:10BFD000013BF7D20020FAE784CF0108164B70B579
:10BFE00005000C00994215D11449F6F729FD080007
:10BFF000AF218900F6F79EFC444303384342584181
:10C000000E4924182800F6F795FC0C4D4543651998
:10C01000280070BD0129FBD0FA239B00994200D370
:10C020004C08601C80B2401021004019F6F782FCD9
:10C0300044432500ECE7C04641030000C40900006A
:10C04000484B0100C218484B00B59A4200D985E020
:10C05000464B474AC318934200D87FE0454B1878B7
:10C060000A2800D97AE0F6F747FC061963232D2F3A
:10C07000384347796D00404B994200D86EE03F4B02
:10C080000020994205D93E4B994203D83D4B187880
:10C09000013800BD3C4888428041FAE73B4B3C4AAE
:10C0A000CB1800209342F4D93A4B3B48C918F2E729
:10C0B0003A4A364B0020CB189342EAD9384B3948DC
:10C0C000C918E8E7324AF4E72B4B994246D9364B78
:10C0D00000209942DDD9354BE7E7274B99423DD9FE
:10C0E000314B00209942D4D9304B3148C918D2E79E
:10C0F000304B3148C918CEE7304B314ACB180020BD
:10C100009342C6D92F4BCB189342C2D92E4B99429A
:10C11000BFD02E4B9942BCD02D4B9942B9D02D4B5C
:10C120009942B6D02C4BC818431E98414042B0E704
:10C13000164B174ACB1800209342AAD9184B274810
:10C14000C918A8E70022264B1868884202D8586808
:10C15000884205D801320833072AF5D10120E5E7E6
:10C16000002096E7C088E4FF402DA40740B23EFCC3
:10C170003F6F4001002200209F0BD100BF0E16022E
:10C18000FF5962023404002000879303004624FF15
:10C190007F1A060080217FFDBFC62D003F0D0300E2
:10C1A00040DF6FFD3F420F00BF80090100A69DFDEB
:10C1B000BFFB3900CF7257FD3E49000068343EFD99
:10C1C0005C440000489336FDB0A8E70020C0E700BB
:10C1D00090D7E700E8DAEB00601914FF7F841E00B7
:10C1E00084CF010802220020034B1B78023BDBB204
:10C1F0009A424041C0B27047EA2100200023144A0D
:10C200001370144A1370144A1370144A1370144AAA
:10C210001370144A1380144A1370144A1370144A8A
:10C220001370144A1370144A1370144A12681100E0
:10C2300034310978994201D113691B79104A13707E
:10C240000022104B1A70104B01321A707047C04612
:10C25000110A0020180A00201A0A00201E0A0020D5
:10C26000150A00200E0A0020190A0020160A0020D4
:10C27000140A0020130A0020120A0020B020002017
:10C280001B0A002023210020F12100200D48F0B5D9
:10C290000378002B15D101240B4E04219AB215000E
:10C2A00057082540224200D0084D3A0001396A4023
:10C2B0000029F4D1590001337252102BEDD10F3BFC
:10C2C0000370F0BDAC2500208C2500200884000000
:10C2D000F0B50700A5B00722002102A80EF078FEF5
:10C2E0007022002108A80EF073FEFFF7CFFF380080
:10C2F0000CF09AFB00233C003871BB71000AFB1D57
:10C3000078710193002635002378009302A9062254
:10C31000481C0EF065FF009A01212A4102AB0A4039
:10C320001A709B789B1802AA52799B1802AA9279DC
:10C330009B180B40AB406D181E43F6B2082DE5D19B
:10C34000019BE6716418A342DCD10E22390004A8D7
:10C350000EF06DFF0024072620003100F6F770FB79
:10C3600020000D013100F6F7E5FA082102AA521863
:10C37000E310D35C3200A243134101222D18134075
:10C38000103102AAEDB2521801345355702CE3D18A
:10C390000E22002138000EF01BFE0125002308A804
:10C3A000693C0022815C002906D02E00A11A8E4033
:10C3B0003100FE5C3143F9540132082AF2D10133D5
:10C3C00008300E2BEDD125B0F0BD0000030070B594
:10C3D000094D0A4C2A78081E2260237205D0084BAA
:10C3E0000A211E68F6F7A6FA8019092301222B708C
:10C3F000044B60601A7070BDDA2100204C210020CF
:10C400005C210020EC21002010B500200349FFF73B
:10C41000DDFF0120FFF7DAFC10BDC046B80B0000BD
:10C4200010B5FFF7F1FF10BD10B5FFF7EDFF10BD20
:10C4300010B500200349FFF7C9FF0420FFF7C6FC31
:10C4400010BDC046B80B000010B500210120FFF759
:10C45000BDFF0620FFF7BAFC10BD10B5FFF7F4FFD3
:10C4600010BD10B5FFF7F0FF10BD00009322F8B526
:10C470001A4B52009A5C1C235343194A06009B181E
:10C480000122191D0D88B54222D216484F88121874
:10C4900092009B18FA22588819889200C01B5043BA
:10C4A000491BF6F7D1FA040028000F496043F6F75C
:10C4B000CBFAFA21C719300089006043F6F73AFA3F
:10C4C000381801D5002002E0642800DD6420F8BDA2
:10C4D00001320431072AD5D1F4E7C0460C220020EE
:10C4E000EAE60108FFFFFF3F18FCFFFF70B50400FC
:10C4F000F6F7F0F9002301000A2518008B4200D35B
:10C5000070BDE25C303AD2B2092AF9D868430133EF
:10C510001018DBB2F2E70000064B10B5984208D8BD
:10C520008023DB01C01840000023022280B2F8F70C
:10C5300039FF10BD06040000F8B5184B05000024B3
:10C54000984228D8FFF7D0FA2700154EA0421BDAF0
:10C55000144AF900715A914205D001370A2FF8D1D7
:10C56000FFF7D0FA07008023FF00DB01BC1C341961
:10C57000E818022221004000F8F74EFA0A4AF55363
:10C580001268F619726006E0074AC400126833198F
:10C5900002345A6034192000F8BDC0460604000079
:10C5A0003C250020FFFF000038210020224B73B5FE
:10C5B00004000D0098421DD800291BD08023DB0108
:10C5C000C0180222400001A9F8F726FA0222290029
:10C5D00001A80EF0A9FE00280DD12000FFF784FA73
:10C5E000002807DB154B2A88C0001B185A80144A04
:10C5F00012685A6073BD29002000FFF78DFF2000EC
:10C60000FFF772FA0D4E002807DBC0002B883018A8
:10C6100043800B4B1B684360ECE70020094BC200D2
:10C62000B25A9A4204D001300A28F8D1FFF76AFAC8
:10C63000C0003452EAE7C046060400003C25002052
:10C6400038210020FFFF000070B50500192811D027
:10C6500080260024F6002000FFF76EFF4378AB42EF
:10C6600002D103787F2B05D90134A4B2B442F2D1B0
:10C67000002070BD0120FCE7F7B506001924134B1C
:10C68000134D01932F782878012E19D11921F6F72F
:10C69000D7F90131C8B22870FFF7D6FF00280ED1B4
:10C6A0002878B84203D0013CE4B2002CEBD1FFF76C
:10C6B000CBFF002803D11922019B29331A70F7BD43
:10C6C00019211730F6F7A6FAE3E7C0460C2200203E
:10C6D0003522002070B506000C001500FFF72CFF76
:10C6E0008023DB009E4229D20378002C02D05AB26C
:10C6F000002A23DBDB435B0720D0002C1CD0182D45
:10C7000004D94378002B03D0200070BD002D15D034
:10C710004378192BF8D0AB4210D1094A094B127853
:10C72000002AF1D09A8D0024B242EDD0DC8DA41BFA
:10C73000631E9C41E4B2E7E70124E5E70024E3E758
:10C74000362200200C220020F7B58025ED000E00D7
:10C7500004002F00009201930B4B9C4212D0BC426C
:10C760009B411C402000019A0099FFF7B3FF00286D
:10C7700006D1013DA419ADB2A4B2002DECD1024CFA
:10C780002000FEBD014CEDE7FFFF0000FF030000AD
:10C790000279531E022B03D900230371002105E007
:10C7A0006723012A00D1363B9942F7D8417170477F
:10C7B000F0B5036904008BB01868FFF701FC02288C
:10C7C00000DD71E0694B6A4AD57D002D00D06EE036
:10C7D000A31CDD7781235B426384FE23FF22DB0100
:10C7E000A384E31DDA7763691868FFF7E9FB230088
:10C7F000019029331B785D1EEDB2002B01D15D4BFA
:10C800001D780123052D03D0AB1F5A4253415B0015
:10C81000019A59495018032253430001C01804A932
:10C82000F8F7FAF8554B0293019B022B01D1544BB8
:10C8300002936B1F5A1E934103260333039304AFE5
:10C84000387803001833DBB2052D06D8039B584314
:10C85000029B595DF6F7F8F8C3B2013EF6B23B70A1
:10C860000137002EECD104AB019A1D785E789878E0
:10C87000444BD200D1589B185F6863691B6899428A
:10C880000EDA9F4200DC6FE0CA1952089A4262DB5E
:10C89000581A761B7043511AF6F7D6F82D18EDB2D8
:10C8A0002A3425700BB0F0BD80235B028BE7ED18B6
:10C8B00023002F002133049303330593023B069397
:10C8C00003330793023B08930333099304AE6037A5
:10C8D0002800012202CE1035F8F79EF8AF42F7D1BA
:10C8E000E31CDB7F201D0193A71CC57FF87F611D22
:10C8F0004210CE7FE11D9446C97F019AA31DDB7FC4
:10C90000520049004008864203D1012E01D9023E5F
:10C91000B6B2934203D17D2B01D802339BB28D4234
:10C9200003D1FD2D01D80235ADB26046F877601D08
:10C93000C677FF2900DDFF21E01DC177211DCD77DE
:10C940007F2A00DD7F22E11CCA777F2B00DD7F2359
:10C95000A21DD37747E7811B981A4843B91AF6F707
:10C9600073F83618F5B29BE7050099E760000100FF
:10C970000C220020660000200D100000DEE60108F9
:10C98000E4E6010884CF010870B5150004004422D4
:10C990000E00043000210EF01BFB2800FFF710FBF7
:10C9A0000D4B0422A383230008332086E683DA7725
:10C9B00002226361094BFF3222852560A560246154
:10C9C0009E4204D12300013AFF3A34331A7020000A
:10C9D000FFF7EEFE70BDC046E20400000104000057
:10C9E000421CD27F0368012A03D182699B188360AD
:10C9F0007047022AFBD182699B1AF8E710B5114BE8
:10CA00005A7B012A01D900225A73991D5A7BC97F8A
:10CA10001000002906D0591DC97F002902D15042BB
:10CA20005041C0B248214A434143074C88329A18CA
:10CA300022608831054A18735B181360FFF774F899
:10CA400010BDC0460C220020E0210020B0200020B4
:10CA500070B5504D2B682D331C78012C03D14E4BF3
:10CA60001C780134E4B2A02380220026DB055200AA
:10CA70009A624A4B310030001E70F7F747FD022CD6
:10CA800000D9340020000CF08DFE2B685B6918681B
:10CA9000F7F7B6FD424B00201B681A0034321278BB
:10CAA000824206D135331B78012B01D0022B00D9ED
:10CAB0001800F7F7DDFD00215820F7F7EFF9002106
:10CAC0007020F7F7EBF900215920F7F7E7F900207C
:10CAD000F7F7A2FD7E20F6F7A7FF38232821984319
:10CAE000014389B27E20F7F7D9F9F7F713FE002149
:10CAF0003620F7F7D3F937202A49F7F7CFF9522034
:10CB00002949F7F7CBF900213020F7F7C7F9274972
:10CB10003020F7F7C3F92648F8F798F92B685B69D6
:10CB20001868F7F7E3FE01210800F7F7EFFC21484A
:10CB3000F8F78CF92A682049130052692A331068E3
:10CB40001B782222884200D81A3A80211B02134304
:10CB500019433620F7F7A2F91548F8F777F92B684B
:10CB60005A69107901280DD0831E012B05D85179FF
:10CB7000FEF792FFF7F7E0FC70BD00215120F7F7B8
:10CB80008DF9F9E752790D4B5200D05AF7F7F0FCC6
:10CB9000F2E7C046AC200020680A0020B820002040
:10CBA000B02000201F9D00008F020000FEC1000089
:10CBB0001027000088130000FF3EAB0176E7010854
:10CBC00010B51D4B400008431A78C0B20C008242D9
:10CBD00030D018707E20F6F727FFC3439BB2DB0BE3
:10CBE000A34209D1C0210005000DDB0318438901D0
:10CBF00001437E20F7F752F9C62110208900F7F78C
:10CC00004DF911200D49F7F749F912200C49F7F7B2
:10CC100045F913200B49F7F741F9842114208900C5
:10CC2000F7F73CF949200849F7F738F97B2007491D
:10CC3000F7F734F910BDC046640000203A03000045
:10CC4000DB030000DF030000B22A0000DC730000F9
:10CC500070B504000520022C00D00438F7F7DCFC86
:10CC60003120F6F7E1FE012C55D1204381B231206D
:10CC7000F7F714F942204049F7F710F92A203F4905
:10CC8000F7F70CF93E4B1E78022E00D900263D4DD9
:10CC9000F600715B2B20AD19F7F700F92F2069889A
:10CCA000F7F7FCF85420A988F7F7F8F85520E98839
:10CCB000F7F7F4F8344B1B682D331878002800D0B0
:10CCC00003200CF06FFD4820F6F7AEFE0F2318434B
:10CCD00081B24820F7F7E2F8A11E4B1E99412B4B79
:10CCE000494219403D20F7F7D9F87320F6F79CFE2A
:10CCF00021004B1E99411023013C984363425C4143
:10CD00000901014389B27320F7F7C8F80021E0B2A6
:10CD1000FFF756FF70BD0123984381B23120F7F72A
:10CD2000BDF842201A49F7F7B9F8E8212A20C901CD
:10CD3000F7F7B4F800212B20F7F7B0F82F201549AA
:10CD4000F7F7ACF8022C08D113495420F7F7A6F8EE
:10CD500012495520F7F7A2F8B5E7114B1E78042EBB
:10CD600000D900260F4DB600715B5420AD19F7F7BE
:10CD700095F86988EDE7C0465C6F000034740000E8
:10CD80006A0A0020B2E60108B0200020AB2A0000A9
:10CD90005A6B00009098000009900000A931000033
:10CDA000690A0020CAE601080D4B002807D1187057
:10CDB000587001220B4B18700B4B1A7070470628E5
:10CDC00004D1032218705A700520F2E70749084A77
:10CDD000C97F002902D1127B9854F5E7527BFBE70B
:10CDE000382500209F210020EC2100201222002065
:10CDF0000C2200200121814A10B513680133136011
:10CE00007F4B197010687F4B4343CB417E48834270
:10CE100036D87E4B7E4819700388002B06D0013B24
:10CE20009BB20380002B01D17A4B19707A490B8891
:10CE3000142B08D90B88013B9BB20B80142B02D119
:10CE40000121764B197076490B88002B03D00B8893
:10CE5000013B9BB20B8073490B88002B08D00B88D9
:10CE6000013B9BB20B80002B02D101216E4B19704C
:10CE70006E490B78002B03D00B78013BDBB20B70B3
:10CE800013689B0702D10122694B1A70694A137813
:10CE9000002B03D01378013BDBB21370664A137882
:10CEA000002B03D01378013BDBB21370634B1B786C
:10CEB000002B4BD162490A88002A08D00A88013A1F
:10CEC00092B20A80002A02D15E4A0121117000202C
:10CED0005D4A1056002847D15C4A1278002A15D1C5
:10CEE0005B4AD27F002A11D05A1E012A0ED9042B88
:10CEF0000CD058490A88002A08D00A88013A92B210
:10CF00000A80002A02D1544A01211170534A54491F
:10CF10001278002A5DD000285BD0524A1288002A7D
:10CF200057D151480278002A53D1504A1278D4B2CE
:10CF3000002A4ED1042B4CD05A1E012A49D90A8806
:10CF4000013292B2182A1ED80A801FE0052BBED1EA
:10CF500047490A88002ABAD00A88013A92B20A8060
:10CF6000002AB4D1434AB0E75A1E012ACED93D491E
:10CF70000A88002ACAD00A88013A92B20A80002A96
:10CF8000C4D1394AC0E701220C8002703A490A88AC
:10CF9000002A08D00A88013A92B20A80002A02D1F7
:10CFA0000121364A1170364A1278002A15D0022B18
:10CFB00011D8002B11D1334A1388002B0DD01388C0
:10CFC000013B9BB21380002B07D101222E4B1A701C
:10CFD00003E00022B8E7042BEDD12C4A1388002B84
:10CFE00003D01388013B9BB21380294A1378002B8E
:10CFF00003D01378013BDBB2137010BD5C2100201D
:10D00000EF210020295C8FC251B81E05EE210020BF
:10D0100036250020CD250020800300203E21002061
:10D02000E6210020E8210020342100203D210020BD
:10D03000100A0020130A0020140A0020EA21002010
:10D040004C0000202C210020A4210020BE21002023
:10D05000112200201C0A00204E00002003000020A6
:10D06000342500208A0A00204F0000201E0A0020DC
:10D07000B82100202A2100200E0A0020150A0020D5
:10D08000A32100201C2100202D2100202021002090
:10D090005F230020F0B510259BB006AC2A000021CC
:10D0A00020000DF095FF2A0000210AA80DF090FF46
:10D0B0002A0038480AA9F7F7AFFC374E0AA8310012
:10D0C000F5F7FEFB12AF002800D188E02A003100FE
:10D0D0000EA80EF0B5F800232A002E480EA9F8F786
:10D0E00061F90822002104A80DF072FFA020082297
:10D0F00004A90002F7F790FC6B463F221B7DA0209D
:10D1000093436A4604A91375000200230822F8F726
:10D1100049F90822002102A80DF05AFF08221F48F1
:10D1200002A9F7F779FC6B466A465B7B1B48AB4369
:10D13000537302A900230822F8F734F9202239009A
:10D140001748F7F769FC0022BB5C002B06D0203B98
:10D150005E2B17D80132102AF6D100230022B9180D
:10D16000097C002921D020395E291BD910220021F9
:10D1700016A80DF02DFF0023202239000848F8F7EB
:10D1800011F914E01022002138000DF021FF0123D5
:10D19000E4E7C04660A1000018C5010858A10000DE
:10D1A000C8A000000132102AD9D1002BE3D10722F8
:10D1B0006946D048F7F730FC00256B465B570133D2
:10D1C0000DD10135072DF8D12A00CB4968460EF064
:10D1D0002EF800232A006946C648F8F7E3F8A02095
:10D1E000082221000002F7F717FC0F2322781340D2
:10D1F000042B00D90023C1490B7013092F2A00D931
:10D200000023BF4A13706378092B00D90123BD4D59
:10D21000EB75A3785A1FD2B2AE2A00D90B232B7616
:10D22000237901211A000A406A765A080A402A77AF
:10D230009A06120F042A00D900226A7701229B095C
:10D240001340EB766379013B59424B41AB77A379AD
:10D25000092B00D91300EB77E379082B00D90423BD
:10D260002A004B32137021000822A748F7F7D4FB9D
:10D270000F23227813400A2B00DD0A232621DBB27C
:10D280001209FF316B549A429B411A4092235B0072
:10D29000EA546378032B00D90023AA1CD377A37820
:10D2A000022B00D90023AA1DD377E378052B00D9E0
:10D2B0000423EA1DD3772379022B00D901236A1DA9
:10D2C000D37763793D2B00D90C232A000121083242
:10D2D000D377A379EA1C1800CB400840D0778B4A5B
:10D2E0000B4013702B1DD97707222900E3793831C1
:10D2F0001A400A702A00DB083932137039001022F4
:10D300008348F7F789FB82223B88D200934200D9F9
:10D31000804B80227B4ED20033807B8893429241A7
:10D3200013403381BB887C4A9A18062A00D9794B6E
:10D330008222B380FB88D200934200D9754B8022B1
:10D3400073803B89D20093429241134073817B8961
:10D35000714A9A18062A00D96E4B04220EA96F480A
:10D36000F380F7F759FB3B226B4603219B18B27DF4
:10D370001B788A4369465B079B0F1A43B275684A5C
:10D380005B009A5A098F914204D366481B5A8B421C
:10D3900000D30A002A826B463A229B181B7801327E
:10D3A000AB746B469B181B785F49DB07DB0F25329C
:10D3B0005E48EB74F7F730FB09F062F808222100B1
:10D3C0005B48F7F729FB0122237801351A40EA77F9
:10D3D0005A08312B00D9002224234A4DFF33EA5446
:10D3E0006378182B00D903232A0047321370A378DF
:10D3F000182B00D900232A0048321370E378182B29
:10D4000000D904232A00493213702379182B00D93C
:10D4100000232A004A3213706379682B00D90E2347
:10D420002A0028321370A379282B00D900232A0060
:10D430003E321370E379052B00D903232A004032D2
:10D4400021003C4813700822F7F7E6FA01223A4817
:10D4500006AC115D0B004033DBB2802B00D8815449
:10D460000132082AF5D121003448F7F7D5FA63785C
:10D47000042B00D900232A0041321370A3780A2B11
:10D4800000D900232A0046321370E378012B00D91B
:10D4900000236B732379042B00D9002393225200BD
:10D4A000AB54233AFF3A21002548F7F7B5FA228812
:10D4B0002B1DDA87A378072B00D900232A004432DA
:10D4C0001370E3780F2B00D900232A004532137024
:10D4D000210008221B48F7F79FFA23785A1E934130
:10D4E0002A007E3213706279642A00D94FE10A2340
:10D4F000534329E0B9A000001C000020690A002065
:10D500006A0A00200C22002008A00000680A0020FF
:10D5100010A000000504000000FCFFFF20A0000098
:10D52000DCD30108E4D30108BA20002028A00000C1
:10D53000A8A00000B8A000001B000020C0A00000B0
:10D54000B4A00000E8A000002A0074321380642315
:10D55000A2799A4201D85A3B53432A00763213806B
:10D560006423E2799A4201D85A3B53432A00783225
:10D570001380210008228948F7F74EFA64232278A5
:10D580009A4201D85A3B53432A007A3213806423CB
:10D5900062789A4201D85A3B534332007C3213805E
:10D5A0007F49804A80480AF01FFF804A80498148AD
:10D5B0000AF01AFF082221007F48F7F72DFA7F238F
:10D5C00022781340591E182900D90123310029312E
:10D5D0000B703300D2092A331A7019236B441A785E
:10D5E0005B7821001B021343B3851B236B441A781D
:10D5F0005B7872481B021343F3851D236B441A7832
:10D600005B784E361B02134308223380F7F704FA87
:10D6100023780A2B00D90023694A13706279694B79
:10D62000511E8A411A70E379674A9907C90F117030
:10D630001A07920F032A00D1013A64490A70644A1A
:10D64000D906C90F1170634A9B0913702B1DDB7F2C
:10D65000002B01D1AB682B6060225F495F48F7F770
:10D66000DBF90023012019005D4A4042013310809C
:10D67000516008320A2BF9D180235B020E930223FA
:10D6800000250EAEB3806B00F05A564B984201D87D
:10D69000FEF752FF0135032DF5D100257F26072720
:10D6A0002800FEF749FF011E08D002884E4B9A421F
:10D6B00000D06FE007802800FEF778FF01354B4B64
:10D6C000ADB29D42ECD10025102249494948F7F7F7
:10D6D000A3F9494B0822210048481D70F7F79CF92F
:10D6E000E3791A096F2B00D92A0045490A701A00FC
:10D6F000FF3A511E8A4143491A400A700021FF2B0C
:10D7000002D05808013181433F4801700021FF2BAE
:10D7100001D01B07990F3D4B1970A1790B093F29C7
:10D7200000D900233A4803700C200023014201D1A4
:10D730000F330B400125374906A80B704379364C4F
:10D7400019090D4025708478032C00D90024334D2D
:10D750002C70334C4D07ED0F2570324CC9082170E9
:10D760000F210B40591E0E2900D90A232E490B7098
:10D77000037901202D49184008705908F12B00D970
:10D780003C212B4B19702B4B1A701BB0F0BD96230C
:10D790005B00D9E60378334003708FE7F0A0000008
:10D7A0005C22002021C5010810A1000027C5010846
:10D7B0006E22002020A1000030A1000050A1000036
:10D7C000002200203404002010070020A5210020A2
:10D7D000120700200C0A0020D42400200E8800002C
:10D7E0003C25002006040000FFFF000007040000A5
:10D7F000C424002038A10000C024002058A100004B
:10D8000066000020D125002003000020210A00200E
:10D810003C2100205A210020980A0020B507002052
:10D82000D0250020CF2500202A000020EB21002059
:10D83000600000203321002037B5404D0822290028
:10D840003F48F7F7E9F83F4C082229003E480DF021
:10D85000EEFC20000822290028300DF0E8FC200012
:10D860000822290030300DF0E2FC21000822374860
:10D87000F7F7D2F820002100082208300DF0D7FC7D
:10D8800020002100082210300DF0D1FC304C0C2279
:10D8900021003048F7F7C0F82F4B22889A4203D96D
:10D8A0002E4B2380643363802D4B022263812D4CE9
:10D8B0002D4BE07F2D49C0184000F7F7ADF82C4BF9
:10D8C000E07F0222C0182B494000F7F7A5F822009C
:10D8D0004B3211782200284B4C325B5C2748137086
:10D8E00069460822F7F798F86B460021595EFA233B
:10D8F000FA229B00CB189BB2D200934200D90021A0
:10D900002300803319806B469B793F2B00D93A2343
:10D910002200823213706A46D2790F2A00D9082277
:10D92000200083342370B123DB01C91884300270D6
:10D9300089B23B20F6F7B2FA37BDC046A0240020DA
:10D94000C000010088240020A8240020C800010095
:10D95000AA21002040010100871300006C0700008D
:10D96000FC0800000C220020A880000028230020D2
:10D97000B48000002A2300209AE6010888010100F3
:10D9800070B500240E000500047022002100300054
:10D99000FEF7A0FEA04217D08023DB00F0180A2279
:10D9A00029000001F7F738F82200AB5C203B5F2B21
:10D9B00002D801320A2AF8D10023AB54013A511C93
:10D9C00002D0A95C2029F8D070BD00004823F0B532
:10D9D00043438BB08A4C039388331B190093894BC4
:10D9E00007001B780591002B0CD14300E1188888B3
:10D9F000854A904201D185488880E15A914201D1FF
:10DA0000824AE25282237D00665BDB009E4231D86F
:10DA1000103B9E420CD23000FBB200220121FEF7E7
:10DA200093FE7B4B060098421FD163199E88665374
:10DA30003000FEF781FD8022038875490290D200F4
:10DA40008B4219D1964204D26D4B7F00D9198E8832
:10DA5000FE52704B704AF3189BB2DB0031009A58AB
:10DA60000098FEF791FF0BB0F0BD3B1D5B006053CB
:10DA7000E052DDE7654EDBE7029B1B785B075B0F3F
:10DA80000193072B01D1023B0193964200D3B2E0F0
:10DA9000029B597848227A43594B01989B181A00E7
:10DAA000A6331E808023B8321080023A1170DB004A
:10DAB0009E4200D3B8E0059B022B00D0C4E03301A6
:10DAC00004930822049808AC21008018F6F7A4FFFC
:10DAD000E0780F240440022C00D9002448210A00D9
:10DAE0007A43474B9A18A832147002092F2800D99C
:10DAF000002279435B18BC331A7008AB9A79172A55
:10DB000000D9042248237B433D490024CB180591CA
:10DB100019001800AF310A7040495200525AA4301F
:10DB200002801A000F21B43208AD1470AA78183898
:10DB30001140017012099433297800981A70FEF789
:10DB400027FE0398059B9030C0186978FEF720FEE9
:10DB50002A790123FF2A00D1F3E014005508D106E9
:10DB6000500992091A401C401D40490F1840059267
:10DB700048227A439446B322214B634494469C4402
:10DB8000624614701C00B5342570043C21701900E5
:10DB9000059AB033BB311A70087008AB5B7900226C
:10DBA000FF2B04D01B075A0F042A00D90022482358
:10DBB0007B43134C06A9E318BA331A700498082261
:10DBC000F6F72AFF06994B1C03D1019A124BD2009B
:10DBD000D158482213007B43E31888331960104B57
:10DBE0000799994201D90F4B07937A43079BA418D1
:10DBF000A034236028E0F3B2192101934AE7C0461C
:10DC00000C2200203404002004040000050400005D
:10DC1000FFFF000000FCFFFF84CF01086CD101086A
:10DC2000FFE0F50540420F00330080335B013A010D
:10DC30009B180493059B022B00D142E7434BF3183A
:10DC40009BB2062B00D83CE748257D43404C631926
:10DC5000019388331D682800FEF7B2F93D4AC3B22C
:10DC6000DB009858A8420DD8D2185068A84209D3B2
:10DC700080232800DB009E4204D3019DA43529881F
:10DC8000FEF7ACF948257D4365192B0088331860F1
:10DC90008023DB009E4207D32B00A035A4331988D4
:10DCA0002868FEF79BF928600098FEF799FE80230C
:10DCB000DB009E4205D203983100BE302018FFF7EA
:10DCC0005FFE4823190079436118B331039A08783D
:10DCD00090320099A218002801D01100009A7B43CD
:10DCE000E31818009C331A601B4B98301B780160B6
:10DCF000002B07D1194A0B689B18194A934201D887
:10DD0000184B0B6048237B43E3181900029ABD317E
:10DD10001278D206920F0A70134A1278002A02D0A3
:10DD2000009A9C331A60114B1B78002B05D04823B6
:10DD30007B43E4180723B13423700098FEF738FDC5
:10DD400091E6250019002000059311E700FCFFFF74
:10DD50000C22002084CF01083404002040F1E9FDAA
:10DD60003F4B4C00A0B49402620A0020640A0020D9
:10DD700007B56B460522FF21D81C0DF029F969462D
:10DD80000E4A0F48937C8B70138A0B80937DD27C54
:10DD90009B075B0F07211343FF220B408A4313436A
:10DDA0006A466946D37000230822F7F7FBFA00237E
:10DDB000602204490448F7F7F5FA07BD0C22002059
:10DDC00020A00000BA20002028A000000122034B60
:10DDD0001A70034B92181A807047C046CE25002057
:10DDE000362500201FB5124B1A78002A1ED00024B9
:10DDF0001C70104B1A78A24218D0102269460E48A7
:10DE00001C70F6F709FE69460C4B0B481A880A800D
:10DE10001A894A809A888A805A88CA805A890A81CF
:10DE2000DB8810224B812300F7F7BCFA1FBDC046E8
:10DE3000CD250020CE25002010A000000C220020BF
:10DE40000F22F0B500263C21BB4B97B01B7802ACEB
:10DE50001340BA4ABA4D12782F1D12011343237092
:10DE6000EB7DA02063702B7EE670A3702B7FEA7E93
:10DE70005B00920113436A7E000213436A7F9200A3
:10DE80000A4013432371AB7F26226371EB7FFF327D
:10DE9000A3712B004B331B782100E37192235B00AD
:10DEA000EB5CAA5C1B019B182372AB1CDB7F6372CB
:10DEB000A44BDB7FA372EB1DDB7FE3726B1DDB7F6B
:10DEC00023732B000833DB7F63739F4BFA7F1B7830
:10DED00092005B001343EA1CD27F1343A3732B0011
:10DEE000072238331B781340984A1278D200134324
:10DEF000E37310223300F7F755FA502221009448BB
:10DF0000F6F78AFD2423FF33EB5C6A1CD27F5B00AB
:10DF100013432A0023702B00473212784A331B78B0
:10DF200062702A0023712B004832128828336280E5
:10DF30001B780A2163712B003E331B78A3712B00E1
:10DF400040331B78E371FB8FFF27A3817D4BDB8F71
:10DF5000E3812823FF33EB5C637494235B00EB5C69
:10DF6000A3742B003F331B7823762B0041331B789F
:10DF700063762B0046331B78A3766B7BE376932383
:10DF80005B00EB5C23772B007E331A7812AB1A70A0
:10DF90002B0074331888F4F7CDFC4D236B441870B4
:10DFA0002B00763318880A21F4F7C4FC4E236B4407
:10DFB00018702B00783318880A21F4F7BBFC4F2324
:10DFC0006B4418702B007A3318880A21F4F7B2FCDE
:10DFD00014AB18702B007C3318880A21F4F7AAFCC4
:10DFE00051236B4418705022330021005848F7F732
:10DFF000D9F97F22554BE7711B78210013402A0085
:10E000002A3212785348D20113432370AB8D082271
:10E0100063701B0AA370EB8DE3701B0A23712B0046
:10E020004E331B8863711B0AA3713300F7F7BAF9EB
:10E0300009200722390068440CF0CAFF464BA6713C
:10E040001B782370454B1B786371454B1B78B3429B
:10E0500001D1FD23E3710C21424BE2791B788A4305
:10E060009B000B401343404AE3711278002A02D10F
:10E0700010329343E3713F22E379210013403B4A7E
:10E080003B48127892011343E37108220023F7F70B
:10E0900089F9082221003748F6F7BEFC0F21364BDC
:10E0A000364A1B7812785B0013432371344A354B90
:10E0B00012781B78D2009B001343334A1278134323
:10E0C000324A5BB212781B01A270314A12780A40C0
:10E0D000134363712F4A304B12781B7812010B40A7
:10E0E0001343A3712D4B1A782D4B1B78002B01D1B4
:10E0F00002331A430C212B4B1E481B7882359B00A0
:10E100000B402949097809010B431A4321000023D8
:10E11000E2710822F7F746F9694608222348F6F724
:10E120007BFC6A462B7869469371204800230822BD
:10E13000F7F738F917B0F0BD690A00206A0A002025
:10E140000C22002012220020680A00203522002024
:10E15000A8A0000030A1000000220020340400200C
:10E1600010070020A5210020120700200C0A002023
:10E1700050A1000058A1000060000020EB21002009
:10E18000CF250020D0250020980A0020B5070020C8
:10E190002A0000203C2100205A210020D125002007
:10E1A00003000020210A00206600002088010100F1
:10E1B00030B50D0085B010220021040068460CF037
:10E1C00007FF2800F4F786FB02000A2800D90A227C
:10E1D000290068460DF02BF880232001DB0180B276
:10E1E000C018102200236946F7F7DCF805B030BDEF
:10E1F0007FB505001E00344B0800EB189BB21400DD
:10E20000062B5DD8421E9041902200011202801818
:10E210005B01C0186A46236869460093A36980B20F
:10E22000019363791372637B5372237B22791B0101
:10E2300013436A469372230034331B78621CD27FE7
:10E240001B0113436A46D372230022002833333262
:10E250001B7812789B015201134322002B32127853
:10E2600013432200293212789200134322002D32E8
:10E270001278520013436A46137323000E2232337E
:10E280001B785B0013406A46537323000833DB7F1F
:10E2900093730023D3731022F7F784F8012321002E
:10E2A0001A0028000AF0DCFB8023DB009D4206D226
:10E2B000022E04D9210028003631FFF779FF7FBDF7
:10E2C0002801012EFBD9A5E700FCFFFF73B51E4D09
:10E2D000694628000822F6F79FFB1C4C07222600FF
:10E2E0001B4B29361B78280013403278194DD20079
:10E2F00013436A466946D37100230822F7F752F8A0
:10E30000280069460822F6F787FB7F223378280029
:10E31000134022002A3212786946D20113436A461A
:10E320001370A38D53701B0A9370E38D4E34D3701A
:10E330001B0A1371238853711B0A9371002308224F
:10E34000F7F730F873BDC04608A000000C2200208B
:10E350004422002030A1000030B5042587B0084CCD
:10E360000A00010001A8FDF773FC112300216F20B2
:10E37000A56201AAF6F722FCA56107B030BDC04630
:10E3800000040050F7B5160004000D001F00F4F75C
:10E39000A1FA731C0093231801350193019B9C4241
:10E3A00000D1F7BD21782139CBB25D2B05D871435F
:10E3B0003200280079180CF03AFF009B0134ED1868
:10E3C000ECE70000F0B585B01C000AAB1B780F002D
:10E3D000150006000293F4F77DFABD4207D9029BAF
:10E3E000ED1B43430135ED1A6D08EF19FFB2E20151
:10E3F0000134144BE401D219E419D218E41833188B
:10E4000001920393039B9E4201D105B0F0BD357884
:10E41000213DEBB25D2B0DD80E235D430A4F072241
:10E42000E919019807350CF002FF07222000E919CD
:10E430000CF0FDFE029A019B944663440193A418DC
:10E440000136DFE7251D002076E10108F8B51D0043
:10E4500006000F001400F4F73DFA0300A74207D2AC
:10E4600007205843E11B0131091A49087F18FFB200
:10E47000044AE901C91930008918034B0622FFF745
:10E4800081FFF8BD251D002042DF0108F7B5070018
:10E490000C001D001600FFF7D9FF3800F4F71AFA38
:10E4A00007234343601C1818C0B2002E04D0331C4D
:10E4B000864200D9031CD8B2021C7F2800D97F22D3
:10E4C000D3B20193E901144B002C07D0601E5F18F2
:10E4D0003E5CB4467F26624656403E5480220E0083
:10E4E0005242944660181B18803E019AA24207D8F7
:10E4F000094BED015D197F23A95C4B40AB54F7BD7F
:10E5000018786246C0435F1A1870B85D01345040F5
:10E51000B855E4B20133E8E7251D0020F7B5204ED9
:10E520001D00337804001F4F00910192012B22D16E
:10E530001D490CF074FE2B00002220000099FFF70B
:10E54000A5FF3A78194B5200D75A0A213800F4F740
:10E5500077FA38008EB20A21F4F7ECF93300144947
:10E5600082B2200007F0BEFB2B00002220000199A0
:10E57000FFF76CFFF7BD0F490CF051FE2B00002296
:10E5800000992000FFF782FF3A780B4B3178520058
:10E59000D25A4E23032900D1053B0849E1E7C04682
:10E5A0001F050020080000202DC5010876E701089E
:10E5B0009CC5010833C50108DAE7010837C5010821
:10E5C000F8B51D0006000F001400F4F783F90300EE
:10E5D000A74207D207205843E11B0131091A490815
:10E5E0007F18FFB2044AE901C91930008918034BAA
:10E5F0000622FFF7C7FEF8BD251D00200EDD01082D
:10E60000F0B50027234CD20185B05218141902939B
:10E610000190F4F75FF925003B00C2B28035039208
:10E62000039ABA4201DC05B0F0BD019AD65D2D2EE9
:10E630002CD0002B01D1202E22D03300303B0A2BCE
:10E6400013D81421303E4E43134B0A22F6183100E2
:10E65000A01C0CF0ECFD31000A22A81C0A310CF0C1
:10E66000E6FD01230D340D3508E02E2EF9D160238F
:10E6700003342B706B70AB7003355F3B0137CFE712
:10E68000029A002AEED0063C063DEBE73A26002B24
:10E69000D7D1D2E7251D002032DC010830B507258F
:10E6A00001241540D208D2018018425CAC4015000C
:10E6B000A543002B01D02243D5B2455430BD000004
:10E6C000F0B50C0087B005930CAB1B780192029358
:10E6D0000090009B1B78002B01D107B0F0BD0322F6
:10E6E0000026203BDBB25343134A9B180493019B43
:10E6F0000633DBB20393049B019D9F5D01231F4200
:10E700000AD0059BA1190D48C9B2002B00D10C48B5
:10E710002A00029BFFF7C2FF0135039BEDB27F0881
:10E720009D42EBD10136032EE5D1009B0434013329
:10E73000E4B20093CDE7C04612DB0108990A00203D
:10E74000251D002010B5084A0300527E002A09D07A
:10E75000064A1278002A05D0054C00220C21200020
:10E76000FFF72EFF10BDC0460C220020ED21002037
:10E770003FC50108E02210B50021024892000CF0CC
:10E7800027FC10BD251D002070B586B0FFF7F2FFF5
:10E79000424B434C1B784348022B11D0012B66D1CE
:10E7A000414902A80CF03BFD404B0D201A88404B1C
:10E7B000684419784B1E9941C9B2FDF787FA02A83F
:10E7C0000823002200930221073BFFF7FBFD394B92
:10E7D0001B78002B05D123783748002B13D0032B4F
:10E7E00011D0364B36491E683000F4F729F9300055
:10E7F0000D003349F4F79EF82B000200314902A8BE
:10E8000007F070FA02A80823002200930221053BBA
:10E81000FFF7D8FD23782C48012B1DD92B4B2C4812
:10E820001B78002B18D02B4B2B4A1B7812785B00DF
:10E83000012A2CD1294A0A21D55A2800F4F700F9D7
:10E8400028008CB20A21F4F775F8230082B224491B
:10E8500002A807F047FA02A8082300220221009329
:10E86000033BFFF7AFFDF6F7F7F906B070BD23786D
:10E87000012B08D81B4A1C481278D207A0D41B4A87
:10E880009B0098589CE71A48022B99D1F7E7194A40
:10E890001949D25A02A807F025FADCE74A210020DC
:10E8A000492100204FC5010883C50108B02500207B
:10E8B000AF2500204721002061C501083405002054
:10E8C000A086010089C5010870C501082C0500203B
:10E8D00079C501082E0500202D05002076E70108E6
:10E8E00096C5010848210020E1C6010838D7010873
:10E8F00055C50108DAE70108A4C5010810B5802252
:10E90000002102480CF064FB10BDC046990A0020AB
:10E9100070B5094E05003478072C0CD8002C04D1B2
:10E9200008220A2105480CF053FB132D03D0631C69
:10E930003370024B1D5570BDDF210020D003002035
:10E9400030B500232D25074C0748E25C29000A2A30
:10E9500001D03032D1B2C1540133082BF5D100239C
:10E96000037230BDD00300207F24002070B5041E48
:10E970000D4D08D101000520F5F7C8FD2B782100C9
:10E98000012B0DD170BD01210520F5F7BFFD2B78BE
:10E99000012BF7D0054B197B01394B425941C9B2C4
:10E9A0000620F5F7B3FDEDE7EA2100200C22002058
:10E9B0000122024B1A70024B1A7070477A24002011
:10E9C000F1210020F0B5764BABB01B780590002B01
:10E9D00000D0B2E0734C0327A38C002B00D1023788
:10E9E0000021714B5956002930DB704B1B78012BED
:10E9F0002CD06F4B6F48CA01D21803780133DBB2B9
:10EA00000370012B06D900236B4D03702E78013360
:10EA100073402B70684B1B78002B00D18FE07F2058
:10EA200000238446654E6546D05CA843F55C2843C8
:10EA3000D0540133072BF6D10426614D0131072351
:10EA40000020AE62C9B2F6F7B9F8AE61637E002B62
:10EA500003D05C4B1B78002B6FD1544B1B78052BDC
:10EA60006BD1594B1B78012B67D0584B1D78002D6B
:10EA700063D14F4BFA01D3180393059B002B09D0A8
:10EA8000802203990AA80CF0D2FB80222900039867
:10EA90000CF09EFAF5F7D4FE4D4A4E4B1268400832
:10EAA000128E9C56A03C241824B223005D3353DA06
:10EAB0000026230002968D3305DB200006219330CB
:10EAC000F3F7C2FFC6B27B1EDBB20493221C3534BF
:10EAD00001DD414B1A88414B12B21C78002C49D001
:10EAE0003F4906A807F0FEF800228821049B06A8EB
:10EAF000FFF7ACFC029B002B4FD13200394906A82E
:10EB000007F0F0F80022A621049B06A8FFF79EFC60
:10EB1000029B3E209A19D2B20D23F9B2FDF738F8C4
:10EB2000059B002B09D0802203990AA80CF0FCFB5E
:10EB3000002802D03800F6F794F82BB0F0BD7F2003
:10EB40008446294E6546D05CA843F55C2843D054E2
:10EB50000133072BF6D16FE725005D35282D00DD49
:10EB60002825EDB20A212800F3F7E4FEC3B20926F6
:10EB70000293A8E71D4B1E4906A807F0B3F801222F
:10EB8000084B9B8C00922832002B01D023001922C5
:10EB9000022106A8FFF794FDACE72A001549AEE76D
:10EBA000200A00200C22002076240020DA210020F8
:10EBB000251D002075240020742400200BDB010893
:10EBC00000040050ED210020EA210020C321002094
:10EBD000B02000201C0000201CC40108CF2500200C
:10EBE000AFC50108BBC5010804DB0108A0CE0108C0
:10EBF000B3C50108BFC50108F0B5924BABB01B7897
:10EC00000F93914B1A78092A01D000221A708F4B6A
:10EC10001B785BB2002B01D1FCF7A0FFFFF7AAFD28
:10EC20008B4B1B78002B46D08A4B1C78002C42D192
:10EC30008026FFF79FFDB60087486F22001900214C
:10EC40008034864D0CF0C4F9B442F5D1C0200A22BC
:10EC500004262024824B4000197801323143197078
:10EC6000195CD2B2214319540133762AF4D10B2412
:10EC70000126220033000A212800FFF70FFD2200A1
:10EC80000134330075212800E4B2FFF707FD252C7D
:10EC9000EFD108237622092172480093063BFFF743
:10ECA00091FB0623762209216F48FFF7CFFBF5F78A
:10ECB000D3FF2BB0F0BD6D4C0320A38C002B00D1F3
:10ECC0000230FFF73FFD6A4B1B78002B00D1B4E008
:10ECD000237B0593674B08940993674B0B930023A1
:10ECE00000210493614B03919A8C8A4205D00F99BD
:10ECF000002902D10499890003915B7B0C93039B4B
:10ED0000DB010E930E99554BCB180A93002A00D0C5
:10ED1000CCE0059B04998B4201D101F01DFB089BBF
:10ED200002330893099B483309930B9B01330B93E0
:10ED3000049B002B00D182E04C4DAB8C002B0DD1FD
:10ED40004E4B1B68002B09D04D4B1B78FF2B05D079
:10ED500006232E22022114A8FFF7E0FB3A4C237869
:10ED6000002B28D1FDF73EFA464A030012780490A2
:10ED7000002A01D100F0FAFE0A232370AB8C032491
:10ED8000002B00D10234404B1A78013AD2B2052A46
:10ED900001D900F0E1FE3D4B9200D5582F4BE00128
:10EDA00080220021C0180CF013F97F2202212800D4
:10EDB000E3B2FFF705FC244B1B78092B01D001F0CF
:10EDC000BFF9334B1A7A002A01D101F0B9F91E8834
:10EDD0009A78DD782F4B1C7A2F4B072A02D82F4BBD
:10EDE0009200D358002C01D101F066FA40212C4A40
:10EDF0001AA80CF039FA03237F2200211AA8FFF782
:10EE000045FB3300274A40211AA80CF02DFA0423B1
:10EE10007F22002C01D101F05CFA1AA80021FFF733
:10EE200035FB21491AA80CF0FAF905237F220021AD
:10EE30001AA8FFF72BFB01F083F9637B49E7012355
:10EE40004EE7C0464B210020DA210020A4210020FB
:10EE50004621002042210020AD1D0020251D00205C
:10EE6000AF1D0020FEC501080AC601080C220020C3
:10EE700030210020A422002038250020840A002010
:10EE800008000020B7210020AD07002084DA010827
:10EE9000540000204C210020F2C501089CDA010832
:10EEA00083C6010896C60108A3C601080F9B002B64
:10EEB00001D101F04BFA059B049A934200D02EE752
:10EEC0000C9B049AC349934201D101F0AEFA072288
:10EED0000A980CF0ACF9099B1B681F68BE4B1B78A5
:10EEE0000793012B00D03AE1059B049A934200D08E
:10EEF000BEE103992122079B002900D11A0000934B
:10EF00000A210023B548FFF7DBFBB54B049A1B7BB6
:10EF1000934200D0B8E0B34B1B785BB2002B00D11A
:10EF2000B2E0FDF75FF9041E00D0ADE0AE4B1B78F8
:10EF30000693012B00D8A7E0AC4B18211878069B4C
:10EF40001830C01AF3F77CFD1823069A0D919B1A0E
:10EF50001293129B00209C423DD30D9A069B94462F
:10EF60001600183B1B19DBB21193069BA04D63449E
:10EF70001093A04B139318213000F3F761FD139BFE
:10EF80004900CB5A002B04D01A1CAB4200D92A1CD2
:10EF900095B2109B0136B342EDD10D9B11989C4662
:10EFA00018216044F3F74CFD924E49008B5B181E0C
:10EFB00011D08F4A002095420DD0AA1C93420ADD41
:10EFC000581B0523584330211830F3F7B3FC0528AC
:10EFD00000D90520C0B21AABE0540134182CB8D1C6
:10EFE0001E2000210A9BDD1D12ABC0184E1C0029FB
:10EFF00000D141E1002342789C46182E00D03CE12C
:10F00000837806931300069C23436446234301D16F
:10F0100001F092F9069B01335B009B1863449B0847
:10F0200001D101F090F9DBB200290FD00024A446F1
:10F03000012901D001788C46069C52000234121935
:10F04000624492082024D2B2002B13D00624E31A83
:10F05000DBB21900002A09D0A11AC9B28B4205D827
:10F060001A1C8B4200D20A1C1900D3B20024994208
:10F0700000D805E17F222B780130934323432B7086
:10F080000135182E00D0F5E00024564B1C57002CFB
:10F0900004D0534B049A1B7B934216D03800FCF7E4
:10F0A000CFFF002811D0099B1B7E012B0DD1FDF74E
:10F0B00099F8002803D0504B1B68BB4205D00A9832
:10F0C00007224E4918300CF0B2F8089B1A888023AA
:10F0D000DB009A4200D3F0E0494B1B78002B07D0AD
:10F0E0003F4B04995B7B8B4202D1002C00D1CEE0D8
:10F0F0004449013214A806F0F5FD00220121039BCA
:10F100000133DBB214A8FFF7C1F90B9B1B78069300
:10F11000002B00D1E9E0062B00D962E1069A6B468C
:10F12000940008221B7B232100920022364820589D
:10F13000FFF748F955E10023336001F057F9049BCC
:10F1400003215A42130008220B4000920139002289
:10F1500014A8FFF737F901222C4B1A70DFE5FDF7F1
:10F1600041F81F4B002865D01A7B0499284B8A422E
:10F1700076D10B9A1278002A72D101211970254B91
:10F180001A70254B039A1A701B4B1F60234B1B6888
:10F1900034331B788B4216D1214B224A12789200CD
:10F1A000D15814A80CF03BF803990123212200291F
:10F1B00000D11A0000930A21002314A8FFF780FA57
:10F1C00002230793A1E61849022BEAD0174B184AED
:10F1D000E4E7C046DBC60108EA210020E1C50108DA
:10F1E0000C220020A421002094040020950400207B
:10F1F000FFFF00009604002070240020E2C60108F2
:10F20000DF2100200EC50108C8DA0108DA2100203C
:10F21000592100205821002076240020B020002011
:10F22000F8DA01086A0A002020C60108E4DA0108B9
:10F23000690A0020BB4A1268BA4210D19B8C002B8D
:10F240000DD00021B84B212259560123002900D1AD
:10F250001A00009308210023B448FFF731FAB44B99
:10F260001B785BB2012BABD10222B14B1A70A7E71E
:10F270000023A6E73100B9E60A00C3789C46BFE642
:10F2800001228A4001311443E4B2C9B2EFE60723F8
:10F290001A00A848A84C815C0A2902D03031E154F8
:10F2A000013B013AF7D22D21A34A002B02DAA34AEF
:10F2B000A3491FE7D154013BF7E7A24BD318062B14
:10F2C00000D922E7099B013219689F4B0868D2B226
:10F2D0009E49984200D99E4914A806F003FD039B5D
:10F2E000002201330221DBB20CE7089B1888994BFE
:10F2F0001B78002B35D0934BC318062B31D8964B77
:10F30000049A5B7B93422CD18F4DFFF719FBBD42D2
:10F31000924152420332030014AC801800908F498E
:10F32000200006F0DFFC6B461E7BAF4210D80F209A
:10F33000731C12AD069A40197121DBB2FFF786F8F3
:10F34000069B320020212000E371FFF759F9E6E423
:10F3500008232021009320003300069AFFF732F89B
:10F36000DDE47F4B1B78012B06D1059B049A934269
:10F3700002D1099B5B681F688023DB00984200D3A1
:10F3800062E1754B1B7F002B22D1FDF7D5F8037886
:10F390007F2B6ED84578192D71D86DD0002D6ED089
:10F3A000704B6C1EA400E418200009F02DFD00280D
:10F3B00058D06D492A0014A806F094FC752114A8B1
:10F3C0006B461A7B7F2302310093002309F0BAFBBE
:10F3D000664BDB7F012B77D054D9023B012B00D841
:10F3E00081E0079B012B00D161E1002414AB1C706C
:10F3F0005F4B1F78A74200D084E1574B049A1B7BD8
:10F40000934201D1002F01D1099F103F594B1B7826
:10F41000002B00D0B9E13B0034331C78002C00D025
:10F4200098E1079B012B00D07FE17B691AAA1000AD
:10F430001979514B70CB70C01B680360484B1B7827
:10F44000032900D97CE188008558012900D078E1A2
:10F450007A691279012B00D069E1012A00D072E1AA
:10F46000464D70E14649220014A806F03BFC71218C
:10F47000A5E775214348A3E771214348A0E771211F
:10F4800042489DE714AC21003800FCF709FC6B46AC
:10F490001D7B2D4B9F4210D80F206B1C12AE0022FB
:10F4A0007121DBB28019FEF7D1FF00232A00202151
:10F4B0002000E371FFF7A4F893E7082300220093EC
:10F4C00020212B00200033E6089B31491A8814A81C
:10F4D000013206F007FC08226B4624211B7B0092B8
:10F4E000002214A824E6089B14AC19882000FEF71B
:10F4F00047FA2378002B06D1089B20001A8824495C
:10F50000013206F0EFFB6B46184A1C7BD27F124B90
:10F51000022A3FD1002212AB9A74082321210093C2
:10F520002300DEE7702400207624002024C6010892
:10F5300059210020D00300207F24002083240020B4
:10F5400027C6010800FCFFFFFFE0F505CAC501085A
:10F55000C5C50108DF2100200C2200202CC60108AF
:10F56000EA210020D4240020C0C501080E2200207A
:10F57000030000204B21002050C30108D5C501081D
:10F5800031C60108CEC5010851CA0108D1C501081C
:10F590000BC501089A8C002A26D112AB9A74082355
:10F5A0002121009314A82300FEF70CFFD04B9D8C63
:10F5B000002D32D114AE31003800FCF771FBE31C92
:10F5C000DBB20D93CB4B9F4220D80F200434E3B223
:10F5D00012AC2A0071210019FEF738FF2B00202100
:10F5E00030000D9AF57165E7059B049A934206D1A8
:10F5F00023000022242114A8FEF7E2FFD6E723000F
:10F600000022242114A8FEF721FFCFE708232A00B7
:10F610000093202130000D9B8AE53800B649F3F7AE
:10F620000FFA38000D00B449F3F784F901340200F1
:10F630002B00B24914A806F055FB00222421E3B2A6
:10F6400014A8FEF703FFCCE614AC21003800FCF749
:10F6500027FB6B461D7BA74B9F421FD80F206B1CBF
:10F6600012AE00227121DBB28019FEF7EFFE0023FB
:10F670002A0020212000E371FEF7C2FF089B1888B2
:10F68000FCF75AFF182302781A4200D1A9E60A981B
:10F6900006229B4978300BF0CAFDA2E6082300221F
:10F6A000009320212B002000FEF78CFEE6E7954B0F
:10F6B0001B6829331C78002C21D10024924B1C5745
:10F6C000002C00DA91E6062C00D9062400263E27FD
:10F6D0008E4D0E9B5D198E4B1B78002B05D006239B
:10F6E000FF279B1B9F407F231F40280002223900D9
:10F6F00001360BF06DFC0335B442ECD275E6013CEB
:10F7000064B2DDE7834B1B781F1E00D175E6824B88
:10F710001B785BB21F1E00D16FE6FCF763FD27006C
:10F72000002800D069E67D4F67E63B697EE6012A46
:10F730000ED13B697A4D1B79012B09D1794D07E038
:10F74000794D012B04D1059B049A774C934205D047
:10F75000764C03E0754BA400E418734D079B012B16
:10F7600015D17A691379012B13D0991E012900D97B
:10F77000F8E06F49022B00D06E4952796E4B52006F
:10F78000D25A14A806F0AEFA17E06C4CE5E73A69D5
:10F79000E8E752796A4B5200D65A0A213000F3F753
:10F7A0004FF930008BB20A210793F3F7C3F865498C
:10F7B00082B2079B14A806F095FA0026544B1B78DA
:10F7C000002B00D1E8E0039B00220133DBB2B4211F
:10F7D00028000793FEF73AFE079B002282212000B3
:10F7E000FEF734FE424B9B8C002B25D1564B1B78E9
:10F7F000002B21D1002E05D132000221063314A89E
:10F80000FEF724FEBD8B64212800F3F793F84F4BDD
:10F8100084B29D4200D9B9E064212800F3F710F9C1
:10F8200022008BB214A84A4906F05CFA0623002293
:10F830002E2114A8FEF70AFE069B002B01D0052BF3
:10F840002CD13B0029331A78072314001C401A429C
:10F8500000D0CFE001252C4B1C782D4B3D491B7867
:10F86000002B00D1CAE0152228311AA80BF0DFFCCA
:10F8700003226243039B1AA901338818DBB20022DA
:10F88000AA21FEF7E3FD2620002D07D00A9B0322C4
:10F89000181801303049FF300BF0C9FC3A68BB68DA
:10F8A0009A4200D1D8E07B1CD87FAC239B031A93EB
:10F8B0002A4B1B932A4B1B685A1CD27F002A03D069
:10F8C0005A699A4200D1AFE00321F3F7B9F8C9B2FF
:10F8D0000F4B1A78002A00D1AEE049001AAA50183E
:10F8E0000022BC21039B0133DBB2FEF7AFFDB3E086
:10F8F0000C220020FFE0F505A086010036C60108B5
:10F9000049C30108B020002066000020271E002007
:10F91000CF2500208C040020A421002038040020E2
:10F92000D5C50108FAC50108E1C60108BCDA01081D
:10F93000A9C5010854C70108DAE70108D9C50108BB
:10F9400076E7010840C60108A22100200F27000029
:10F9500046C6010838C30108EAC601082D00440064
:10F96000E0210020BE8B64213000F3F769F83000FD
:10F970008BB264210793F2F7DDFF0A2682B2D049E9
:10F98000079B14A806F0AEF9764217E72200CD498E
:10F9900014A806F0A7F949E7002D0ED02B78002B0C
:10F9A0000BD0039B3122002B00D1203A01233421BC
:10F9B000009328000023FEF783FE2378002B0BD052
:10F9C000039B3122002B00D1203A01230321009315
:10F9D00020000023FEF774FE039B44363122F1B26F
:10F9E000002B00D1203A012314A800930023FEF736
:10F9F00067FE21E7013C0025E4B22EE723223D31DA
:10FA00001AA80BF014FC052363431AAAD018039B11
:10FA10003122002B00D1203A01231821009300232A
:10FA2000FEF74EFE13202FE73B002B331B78002BF5
:10FA300000D049E703214BE7032953D1039B31222F
:10FA4000002B00D1203A0123262012AC00932B2159
:10FA500000230019FEF734FE9B4B1C783B002B3330
:10FA60001B78002B09D09948002C43D0039B00221F
:10FA70000133C121DBB2FEF7E9FC2D373B780025CD
:10FA8000012B01D1924A1578ED181AA8914BAD00BF
:10FA9000002C3BD00200603352CB52C2039B0022A9
:10FAA0000133D0214059DBB2FEF7D0FC0C9B049A05
:10FAB000934201D0FFF733F9874B1B78002B36D0E8
:10FAC000864914A80BF0ABFB7F4B1B78002B35D07D
:10FAD000039B00220133E221DBB214A8FEF7B6FC3F
:10FAE000FFF71DF9039B490001331AA84018DBB248
:10FAF000A921FAE6039B3122002B00D1203A0123F1
:10FB0000302100930023FEF7DBFDB6E702006C33E3
:10FB100052CB52C2039B31224059002B00D1203AD4
:10FB200001235B2100930023FEF7CAFDBEE76C4B67
:10FB30006C49DA7D14A806F0D5F8C5E7039B31229D
:10FB4000002B00D1203A01236E21009314A800233A
:10FB5000FEF7B6FDFFF7E3F8634B644D1B78002B0F
:10FB600001D0FFF71BF9624DFFF718F9049A002A3C
:10FB700000D0DBE25F4A127852B2002A00D1D5E20F
:10FB80005D4A1278002A00D0D0E2022323705B4B3A
:10FB90001B8809938023099ADB009A4207D3584BAC
:10FBA0001B68002B75D1FBF7D9FFFFF704F9293546
:10FBB0002E78731E182B00D91926524B524A1978E9
:10FBC0000023994202D01078013343404F48047813
:10FBD000002C00D1B6E04E4C2478002C00D1B1E0CE
:10FBE0004C4C2478B44200D0ACE0002B00D0A9E00B
:10FBF000494B1B78002B00D0A4E01170474B1F88A5
:10FC0000002F01D1FFF7D7F80021454A344B157872
:10FC1000444A1268D08B8D420BD080229C8DD2003A
:10FC20001600944200D2ECE0DC8D944200D2ECE06D
:10FC30000D00002213003C4C0394039EDC08345D4D
:10FC400007261E4034410126344203D0921992B255
:10FC5000834206D0802401339BB2E400A342ECD15E
:10FC60000022324B002903D10392002A00D0D6E0B3
:10FC70001A88131C002A00D101239BB20393002D84
:10FC800000D029E100212B000D000493284B06939E
:10FC900056E1284A1D4D1068224A2E7812681C4CE5
:10FCA000918B002E00D0BDE001262E70002525701E
:10FCB000214C2360214B1860214B1960C5E0C046E0
:10FCC00046C601084FC60108CF250020F6CA010824
:10FCD000680A002038C301088C0A002053C60108B6
:10FCE0000C22002058C60108AE070020E4C5010818
:10FCF000DCC50108A4210020ED210020880A002095
:10FD0000840A0020AF0700207B2400207E240020EE
:10FD10006D2400206C2400207A2400207C24002004
:10FD200036220020B0200020E0230020782400208C
:10FD30006CC70108C8040020682400206424002047
:10FD400060240020002501272C00574B11701F70E4
:10FD5000564B80220021077055481E700BF038F971
:10FD60008022002153480BF033F9534B1D802000B3
:10FD7000FCF7E2FB0390002837D0072203781340FA
:10FD8000934232D04378192E20D1002B2DD0072357
:10FD900038002340984003004549E208885C03434B
:10FDA0008B54039B6A1C1B7892B27F2B08D90723C4
:10FDB000E8081D403B00AB403E490D5C2B430B5413
:10FDC0003D4915000B8801330B800EE0192BDED066
:10FDD0009E420AD1394A3A4B1278002AD7D09A8DDE
:10FDE000A24202D0DB8DA342D1D180230134A4B240
:10FDF000DB009C42BBD10022324B1A70324B1A807E
:10FE0000FCE60121844200D113E7DB8D0021B342DF
:10FE100000D30EE71B1A5A425341590009E7039ACF
:10FE20001A802CE72678002E00D03DE7274E366852
:10FE3000B34200D038E7264E3668B04200D033E7F0
:10FE4000244E3668B14200D02EE7204B1C68002CAF
:10FE500001D1FEF7B0FF1E4B1B680393A34201D2F2
:10FE6000FEF7A9FF1B4B1D68002D00D10135039B38
:10FE70002900181B1668F2F75DFD471C013000D100
:10FE800001272000B44203D80398B04200D93000C3
:10FE90002900001BF2F74EFD431C0393BB4200D91F
:10FEA00003970125EEE6C0466D2400206C24002057
:10FEB000E0230020602300207C2400203622002044
:10FEC0000C2200207A2400207824002068240020BE
:10FED00064240020602400200126B44B8E401B784F
:10FEE00003241A005809DB065B0F33432240DBB2C0
:10FEF000002804D00138C0B21900002811D1210017
:10FF000001200132D2B2022A00D900221C00D440C2
:10FF1000044200D0D3E00139C9B20029F1D10A006E
:10FF2000062089004001A24B01431143C9B2069348
:10FF3000002A05D09F4B06939F4B012A00D1A6E6CD
:10FF40009A4B3A00197000209C4905F0CBFE0399AA
:10FF5000C3B200919A4A1821C4B201971AA806F0B8
:10FF6000ABF8984B9B8C002B00D1AAE003231926F9
:10FF70000A930123E40000933200002302211AA80F
:10FF8000FEF79EFBE3B200240793A54223D00B3378
:10FF9000DBB20893079B089D1233DBB20B93B31DB2
:10FFA0000C9334000023220029008748FEF776FBDB
:10FFB00001340C9BE4B2A342F4D101350B9BEDB2AA
:10FFC000AB42EED10123320000930899002306983A
:10FFD000FEF776FB0B2400237C4AD3560B93079B3A
:10FFE0001C197D23E4B225000B34E4B21B1BDBB2E9
:10FFF00009355E1E3000EDB20693012F0BD0039839
:020000040801F1
:10000000B84200D93800002800D1013001387043CF
:10001000791EF2F78FFC0390B04200D903960C20B2
:1000200012260A9B684AD901531858555D196E70FB
:100030001D007D352E7000257E331870644B091924
:100040001B88079708938B180A93069AEBB29A427B
:1000500001D8FEF7B0FE079B0699D81BF2F76AFCA1
:100060000699441C0798F2F765FC00231A000399CF
:100070008D425A410B99D2B2013103D0039AAA4260
:100080005B41DAB22300844200D203008021099848
:10009000C90088422BD2002C00D1013408998B4230
:1000A00000D90B009C4205D8013C4A48A4B29BB23F
:1000B000A3420AD12D23002A12D10C3B10E00021CB
:1000C0002EE7052329260A9353E70726E108415C1A
:1000D0002640314101260134A4B23142E8D0212327
:1000E0000A9A5355079B0135DB190793ADE704992D
:1000F0000029DFD0201E00D101208342DAD38021E5
:1001000049028C42D6D28B4200D3334B3349344C14
:1001100009788C4600216145CCD02688B04201D8B0
:10012000B342DCD20131C9B20234F4E72D4A12786D
:10013000002A2FD02C4A1278012A2BD104232370B5
:100140002A4C2378002B01D006F014FE1D4B9B8C0B
:10015000002B01D0FEF7ABFD254B1B78002B01D007
:10016000FEF7A5FD2378002B01D0FEF7A0FD059B2F
:10017000204A002B00D0204A204914A805F0B2FDE7
:100180007F23062200936B21002314A808F0DAFCD9
:10019000FEF78DFD002B33D0144B1878002835D195
:1001A00005232370FEF70EFCFEF705FE77240020E2
:1001B0006CC70108EFC50108ECC5010837C8010884
:1001C0005EC601080C220020251D0020A42100206D
:1001D0007C24002060230020FFFF00001605002083
:1001E000CC04002012070020EA2100204B2100202F
:1001F000A2210020D6CE010804CD0108D4C60108F2
:100200008B4B1B78002B01D0052B99D1894B1B7888
:10021000002B2BD0884E3378002B27D0874B1B78B0
:10022000002B23D1864B1B78002B1FD13000F2F717
:1002300051FB844B1B78002B01D0FEF73AFD0733AE
:1002400023700C2800D20C200C3832187E4914A8D8
:1002500005F048FDAA8C0523002A01D003230022C3
:10026000022114A8FEF7F2F8FEF7A5FD774B1B78E4
:10027000002B00D164E7734B1E78002E01D0FEF7EF
:1002800018FD08232370724B1F883800FCF7EEF826
:10029000642105003800F2F7D3FB38008CB26421EA
:1002A000F2F748FB230082B26A49009514A805F0D2
:1002B00019FD03233200D3E74021674A1AA80AF048
:1002C000D3FF03237F2221001AA8FEF7BFF8FEF711
:1002D00098FD21001AA8FEF7B9F82B0040215F4ACB
:1002E0001AA80AF0C1FF05237F2221001AA8FEF7F1
:1002F000ADF85B4B5B68002B00D121E7594A1268CF
:10030000934200D81CE70A20FA219B1A584380B276
:10031000F530FF308900F2F797FB031E00D10FE79D
:100320004021514A1AA80AF09FFF06237F2221008C
:100330001AA8FEF78BF803E72024002901D0FEF766
:1003400075FEFEF797FE0123FEF76EFE059B0499EE
:100350008B4201D1FEF7B4FD444E3368002B45D0EB
:10036000059B434F5B00DB5B42495B18062B01D9C1
:10037000FEF7E1FE53425A416B4603241D7B0823DE
:10038000524214402C19E4B2002207213A4800934B
:100390002300FEF717F8306814A9FBF781FC23004F
:1003A0000022382114A8FEF751F8344B14A918681C
:1003B0000134FBF775FCE3B20022382114A8FEF7E4
:1003C00045F8BB8C002B11D02D4B1B78FF2B01D196
:1003D000FEF7A5FC0235EBB23022062114A8FEF789
:1003E0009DF8BB8C002B01D0FEF799FC254B1B78A8
:1003F000002B14D0244A254914A805F073FC1C4B8B
:100400009A8C002A01D0FEF79AFE0823022100935D
:1004100014A8033BFDF7D6FF01221D4B1A700C9B5D
:10042000049A934201D0FEF756FD1A49FEF74FFD9C
:10043000EA21002010070020C6210020ED21002025
:100440004B210020C321002066C60108F4210020B2
:10045000A62000206EC601088EC60108B8C6010895
:100460004C2100205C210020C4C60108840A002021
:100470000C22002000FCFFFF15C60108C804002064
:1004800008000020A2210020730A00201CC60108D9
:10049000DA210020EEC60108044BFF201A784E2A0C
:1004A00003D8034BD2009B18D87970470122002053
:1004B000ECD3010830B587B0FFF7EEFF4D2800D927
:1004C00089E0F2F72DFA4E005300620068006800E0
:1004D0008E009D00A600AC00F500B100B60033020E
:1004E000BB005001BB00FC00C200C600CE00E30010
:1004F000D800DD00E600F200F900FF00020107016C
:100500000A010D011001130118011C011F01220134
:1005100026018800880036012A012D013E01410193
:10052000440147017E003B014B017E005D016001FB
:1005300087018A018D0190019301960199019C0127
:100540009F01A201C001A501B601B901BC016B0167
:10055000A80163016F016F016F016F016F016701F6
:10056000C301BC4ABC4BD27D1A6034E0BB4BBC49D2
:100570001B680833DA7F0023C85C904203D0013344
:10058000182BF9D10023B44A38E0B44BB24A1B68A7
:1005900029331B7832E0B14BB2491B680C781A79C9
:1005A0005B79002C05D000230B70AF4B1A78AF4B52
:1005B0001B78043841424841511E4C4261418842F7
:1005C00002D00022A44BCFE7A349022A05D8013369
:1005D000002AF6D00B6007B030BD6933032AF9D08A
:1005E000EFE79E4B9C4A1B68197B022904D0032924
:1005F000E7D15B7B693301E05B7B01331360EAE7A2
:10060000964B1A680023117B0129BCD1537B01331F
:10061000B9E7924B904A1B680133DB7FEEE78F4AC4
:100620008D4B126892699FE78C4B8B4A1B682D3368
:10063000AFE78A4B884A1B683333AAE7854A864965
:10064000537B04335B009B5AC4E7834B884AD27FB9
:100650008AE700237F4A917F994200D193E7D37FB5
:10066000D5E7844B1A787C4B002A02D0824A127854
:100670007AE7824AEBE79221774A764B490003E01A
:100680002621754A734BFF315B5CB7E7724B7C4A9E
:10069000EDE77C4B7049DB7F5A1E93417A4A5B0041
:1006A000D27F501E82419B1894E76B4B774ACEE76E
:1006B000684A694B127E57E7674B754AD7E7664B26
:1006C000744AC4E7644B744AD1E7644B624A1B68BE
:1006D0002E335EE7604B714AB9E75F4B704AC6E75D
:1006E0005D4B704AC3E75C4B6F4AC0E75B4B5A4AAD
:1006F0001B6835334DE76D4A574B128834E7564B2C
:100700006B4AB4E7544B6B4AB1E7524A524B928D55
:100710002AE7504A504BD28D26E74F4B664AA6E750
:10072000664B0A211888F2F705F94B4C80B220601D
:1007300051E74A4B484A1B6832332AE7464B604A26
:1007400095E7454B5F4A92E7434B5F4A8FE7424B41
:100750005E4A8CE75E4A404BD28F05E73F4B3E4AEC
:100760001B68343315E73B4A537B04335B00985ACC
:10077000012300221900FBF7E7FF374B18602AE737
:10078000354B544A73E7344B534A70E7534A324B64
:10079000D288E9E69321304A2E4B6FE72D4A2E4B43
:1007A000D27EE1E601AC22004D4B23CB23C203CB2A
:1007B00003C2FFF771FE473880000359494A197890
:1007C00000231079884200D1DDE601330832162B70
:1007D000F7D100E7204B444A49E71F4B434A46E71D
:1007E0001D4B434A43E71C4B424A40E71A4B424ADF
:1007F0003DE7194B414A3AE7174B414A37E7164B59
:10080000404A34E7144B404A31E7134B3F4A2EE746
:10081000114B3F4A2BE7114B1B6834331A780E4BB0
:10082000012A01D13B4A22E7022A00D1C9E63A4A0D
:100830001DE7094B394A1AE7074B394A17E7054ABA
:10084000054B527F90E6044B364A10E7024B364A7E
:100850000DE7C0460C220020FC210020E0210020F2
:1008600063CF01082C0500202D0500202E05002057
:1008700013220020670A0020660A002014220020AC
:100880000C0A002012220020112200200D2200203C
:10089000342200200E2200204A2200200F220020B5
:1008A0005222002057220020120700205A22002046
:1008B00035220020362200208A22002080220020BB
:1008C000A5210020100700204C2200204D220020EE
:1008D000102200200022002034040020AA21002041
:1008E000B0C30108FCE80108600000206600002099
:1008F000332100203C2100205A2100202A00002022
:10090000980A0020B5070020D0250020CF25002020
:10091000030000206A0A0020690A0020680A0020FB
:100920008E220020EB210020210A0020024B034AE6
:100930001B6828332DE6C046E0210020FC21002062
:1009400010B50024084B1B78A3420BD1FFF7A4FD80
:100950000F2807D1054B1B78A34203D0044B1C681A
:10096000E443E40F200010BDBE210020CC25002070
:10097000C8250020F8B50500BE20414A8000138834
:100980005188404C5B189188D2885B189B189B104B
:1009900058433D4B2678D988F2F756F83B4A83B244
:1009A00013803B4A934228D907232370394B1F7881
:1009B000012F05D1FFF770FD2F2801D1364B1F7095
:1009C000FA21364B364F1B883A7849008B4238D88B
:1009D000002A04D00122334B1A702F4B1A700023C7
:1009E00020783B70B04242D000222F4C022833D9ED
:1009F00022700122284B1A7036E02C4A93420DD8FF
:100A000093212B4A4900525C012A01D80023CCE7EC
:100A1000962189008B4201D2022AF7D0012380B2AD
:100A20002370FBF723FDC0B206234B28BDD8052356
:100A30003228BAD804231928B7D80528B6D90323F1
:100A4000B3E7002A06D1174B01321A70124B1A7005
:100A5000F4F78EFA0123C3E7164B022808D00122CF
:100A60001A702378002BC4D00022134B1A80F8BDD3
:100A70001A70002DF5D0114B1978FDF76DFCF0E7D9
:100A800004220020F3210020AA210020A62000201B
:100A90007A030000C3210020EC2100204C23002019
:100AA000F4210020F12100204221002075020000E5
:100AB0000C22002046210020442100204321002058
:100AC000F0B5A9B0FFF7E8FC0390FDF753FE302224
:100AD00037230021100007F025FC02234021AB4AF8
:100AE000D1540233322BFBD1A94B1C78A94B1D7872
:100AF000AC4231DAA84BA9481B78E6003618002B27
:100B000000D089E0631E00D26B1E0022DB001100C2
:100B1000C0180123FDF79AFC08230022300000933F
:100B20001100063BFDF74EFC601C854200DC0020F6
:100B300000229A4BC000C01811000423FDF786FC68
:100B40002B009749621C18A805F0CCF80623002258
:100B5000190018A8FDF77AFC5021002304AA5218A6
:100B60001370303904AA52181370F4F701FA039B7A
:100B70004D2B00D9A6E01800F1F7D2FE57006C000B
:100B800084009200ED009200ED00010138014D0358
:100B9000D001A9069A06270227027702BB03470362
:100BA000D201DA012302F601F6014B03A906630321
:100BB0000C02C103A906BD035B00A906230227029C
:100BC000C103A90627022702DD03E603F103A906F4
:100BD000EE03A906F503F703F9031C04F303060269
:100BE0001D062006A906590675067E0681068106A1
:100BF00084069106AC06AF06AF06A906B2063B070F
:100C00003E075B074F0614072F0652065206520690
:100C1000520652064C06250208230093002330009A
:100C20001A001900FDF7CEFB8AE75E4B5E491A6891
:100C300045E005215B4A5D4B126818A89A5C0824C0
:100C4000D307DB170B405208594905F04BF8002633
:100C5000042312E3534A57491268574BD2B28A5CB5
:100C600064215200D55A2800F1F7EAFE28008CB220
:100C70006421F1F75FFE514982B2230018A805F004
:100C800031F81FE0474B4E491A68002A0DD0551E17
:100C90004C4C4D48AD0092004C492B591258EDE791
:100CA000404B1B68002B03D1494918A800F08AFE6D
:100CB000484A682B4ADC013B5B00D25A464918A8D7
:100CC00005F010F8502204AB9B181B78002B00D1C4
:100CD000B7E018A8F1F7FEFD00230600411E01252C
:100CE000180018AAB34201D000F0A6FE032D01D8C7
:100CF00000F0ADFE072D00D907250123032704933B
:100D000000246B08FF1AB44200D39AE0002D00D1F2
:100D100097E0049A18AB1819FBB2002A01D100F031
:100D20009BFE7F223221FDF791FB18ABE25C1F2A6C
:100D300001D900F099FEB44201D300F09AFE1A5D89
:100D40001F2A01D900F095FE0134F4E7693B5B00EE
:100D5000D25A2249B3E7134B1B68002BA4D0204A78
:100D6000013B5B009D5A0A212800F1F769FE28002B
:100D70008CB20A21F1F7DEFD1A4982B27DE71A4BE7
:100D8000084A1268920000F04FFDC046A31F0020E1
:100D900001220020F8210020CC250020ECD30108FE
:100DA0002BC70108FC210020D2C701089AE60108E0
:100DB00033C7010863CF01086CD101083CC70108A3
:100DC00047C7010810DA01082CDA01084CC70108EE
:100DD000D1C50108DAE70108A8C5010853C7010811
:100DE00076E701089CC5010804DA0108CC4B1B78A2
:100DF000002B04D0CB4B1B78002B00D088E0CA4BD3
:100E0000CA491D68EB17E8185840F1F703FF28009E
:100E10000C00C649F1F718FE23000200C44908245B
:100E200018A804F05FFF012318A87F223221009444
:100E3000FDF7C8FA0323BF4800947F223221FDF753
:100E4000C1FA039B033B012B01D900F019FEBA4BF9
:100E50001B78002B07D008237F2200933221B7484C
:100E6000043BFDF7AFFA039B042B01D000F012FE08
:100E70000124AD4B1B68002B01D000F00EFEB049E1
:100E8000002C00D0AF490CA80AF0C9F90CAC2378AB
:100E9000002B24D02000F1F71DFD00281FD00723D0
:100EA000584301304D2801D900F03BFE47331B1A4F
:100EB0005B083233DBB23321322B0BD07F22121A84
:100EC000111CD2B2332A00D23321CAB29A4200D9BD
:100ED000191CC9B2012300222000FDF7D7FA039B99
:100EE000322B02D00D3B022B0ED8974B1B78002BD8
:100EF0000AD09648012B00D1954808237F22009301
:100F00003221033BFDF75EFAF3F7A6FE29B0F0BDF0
:100F1000FDF716FD8F490200C31C80E78E4B2FE7BB
:100F2000814B8E491A68002A00D0C8E68C49C6E673
:100F30007D4B1C68002C00D1B6E63C2C12DC052051
:100F40003C216043F1F766FE20000D000C21F1F713
:100F50007BFD2B000200834918A804F0C3FE3C244B
:100F6000012675E68049A0E66F4C8049226818A8E2
:100F700004F0B8FE6A4B1B78002B00D1A2E6206873
:100F8000C0B2F2F713FD9DE6674B1968784B8900F4
:100F9000C9188AE6644B1C68002C00D184E60F2037
:100FA0003C216043F1F736FE0B000321E2176D4848
:100FB0000A4012190100921018A804F093FE282488
:100FC000CEE76C4BDCE66C4BDAE68023564FDB0059
:100FD0003868984204D1694808230093063B2CE7FF
:100FE000002280B21100FBF775FB08263A6818ACA6
:100FF0000100050092B22000FAF768FE00237F226C
:10100000322120000096FDF7DDF9002D21D04E4B56
:101010001B78002B1DD13868320080B2000114A962
:10102000F3F7FAFC149F41493800F1F709FD380045
:101030000D003E49F1F77EFC2B00020050492000D4
:1010400004F050FE05237F22322120000096FDF798
:10105000B9F9354B2000196889B2FCF791FC237867
:101060004848002BB8D02000B6E700222E4C1100D3
:101070002068082580B2FBF72DFB226801000600DE
:1010800092B218A8FAF722FE00237F22322100959F
:1010900018A8FDF797F9002E00D1D2E620682A00A3
:1010A00080B2000114A9F3F7B7FC1D4B149F1A7806
:1010B000354B002A01D1013A1A601E68002E65DA0C
:1010C000216818A889B2FCF75BFC502204AB9B187E
:1010D0001B782C48002B00D018A808237F220093EF
:1010E0003221063BFDF76EF9174B1B78002B00D021
:1010F000A7E638000D49F1F7A3FC38000C000B49B6
:10110000F1F718FC230002001D4918A804F0EAFDBD
:1011100008237F2200933221033B18A88FE6C046A4
:10112000CC250020DF210020FC210020A08601002A
:101130005AC701086FC70108BE21002087CD0108EA
:1011400018C7010819C70108C625002025C70108CE
:101150001FC7010863C70108FCD9010837C8010887
:10116000D1C5010895C70108DACD0108D2C7010829
:10117000BCDA0108ECD90108DCD901087EC50108F8
:101180008EC501086DC50108C825002008237F22EF
:1011900000933221C048063BFDF714F9092EA3DC69
:1011A0000024BE4DA64220D0BB4B1B5D672B0CD04C
:1011B0006A2B0AD0E00080B202001D2337323130A2
:1011C000190012B200B207F0ADF8013408350A2C4C
:1011D000E8D1B34BB3481B78002B00D0B2480423AE
:1011E00000224D21FDF732F97EE7F00080B20200C7
:1011F0001E2335323330190012B200B207F092F8D4
:1012000020222B7813432B70DFE7A84BA8491A68DC
:1012100089E6A84BB4E505263000A44B3C211C68A8
:1012200001346043F1F7F6FC20000D000C21F1F7CA
:101230000BFC2B000200A04918A804F053FDB324B6
:1012400006E59A4B9D491C68002C00D12DE5502CD9
:101250003ADCFA20FA2160438900F1F7DBFC0B004D
:101260000321E21796480A4012190100921018A8AB
:1012700004F038FD502401260523924D8B4ADB01F2
:10128000ED1810682A000C23363229001370122240
:1012900037310A7042310A702A00C0B27A32801B9C
:1012A000A11B13708001F1F7CFFB212438232D26D9
:1012B0003830C0B2DAB22100904200D33100E95494
:1012C0000133792BF6D1FDE405252800503C60431D
:1012D0003C21F1F79FFC20000E000C21F1F7B4FB3C
:1012E00033000200784918A804F0FCFC682450265A
:1012F000C2E7764B44E56D4B75491A6813E66B4BB4
:1013000074491D68192D00D1CFE4002D03D1039B32
:101310001B2B00D1C8E4704B6C1EA400E418200005
:1013200007F072FD002802D02A006C49C7E42300B0
:101330002A006B49A2E46B4B6B4A19780139C9B298
:10134000FD2907D8694999E4694B6A4A1978013936
:10135000C9B2F5E76849B2E4544B684967E4684BA1
:101360000EE5684B0CE5684B0AE5684B08E5684BF1
:101370001B78002B1BD0674B1C78002C17D06649BC
:10138000072214A809F053FF00216448435C1A00A7
:101390003732D2B2092B01D83033DAB214AB5B1832
:1013A00001319A70CBB29C42F0D814A97DE43F4B36
:1013B0005B493CE43D4B1C68E4B2052C00D981E458
:1013C0002000F1F7ADFA0600130046017101B801E3
:1013D000B801544B544A554918A804F083FC06231D
:1013E0007F2231215248FDF731F86BE40024514F40
:1013F00008AB06AE0093320038004F4907AB0694A5
:101400000794089409940A940B9409F063FF032845
:1014100023D04A4C3B002200102114A804F04CFEBB
:1014200022001021464B10A804F046FE45490CA8A6
:1014300009F0F5FE03237F22312114A8FDF706F8F9
:1014400004237F22312110A8FDF700F806237F2214
:1014500031213D48FCF7FAFFF3E40BAB00933B4925
:1014600037480AAB09AA09F035FF0328D1D13278F1
:101470007178B078364EA300F3581F78974205D1A3
:101480005F788F4202D19B78834263D001340C2C69
:10149000F1D1002460E0C046D3250020D91E0020F1
:1014A000C7250020F9C60108F5C60108FC21002067
:1014B000FDC60108CCD9010895C7010873C701080A
:1014C00078C70108251D00208DC70108BCD9010877
:1014D00002C7010851CA0108D424002068CE0108BF
:1014E000A1C70108642200205C220020ADC70108CA
:1014F000762200206E220020B2C70108B7C701087B
:10150000A8D901089CD9010884D901086CD901081F
:10151000CC250020DF2100206CC80108D00300206A
:101520009CC6010818C50108BFC70108C5C7010846
:10153000AAD301085DD90108CBC70108C8C70108B3
:1015400054D90108F9C701084CD90108D5C70108C9
:1015500044D70108002C9CDBE1233C21099A1B01A4
:1015600053430A9A00264A439B180B9A9B18E12280
:10157000D2019D18DC4B9D424CDC002D4EDB079BBD
:10158000089FF618002307960493049B05932100F7
:101590003800FAF741FB864244DC059B002B00D063
:1015A0000796049B002B00D008970023089F079EF6
:1015B0000493002E40DD002B00D00796049B002BE7
:1015C00000D008970899C94BA400E358C84A019174
:1015D0000096102114A804F06FFDE12128000901F4
:1015E000F1F732FA3C2106002800F1F713FB0191D4
:1015F000E12128000901F1F70DFB08003C21F1F77A
:1016000023FABC4C009033002200102110A804F0F3
:1016100053FD0BE7B84A0136AD18ACE7B74B013EB6
:10162000ED18AAE701230134361A05930C2CAED12C
:101630000024FF180493A8E7013C03D201230B24E4
:10164000013F049321003800FAF7E6FA0123361827
:10165000AFE7AB490CA809F0E2FDAA4B1E883000A9
:10166000FAF704FF642105003000F1F7E9F93000D2
:101670008CB26421F1F75EF9230082B2A249009591
:1016800014A804F02FFB03237F22312114A8FCF7B8
:10169000DDFE93229D4B52009C5C9D48A4000523D7
:1016A00031212058A73AD5E6EC219A489A4C4902B4
:1016B0006043F1F73FF9994A994B86B29B18994AD2
:1016C00099499B18994A0CA89B1A5C4309F0A7FDFD
:1016D0000A213000F1F72EF90A2180B2F1F7B0F9B2
:1016E00030008DB26421F1F725F9A40B2B0082B2F2
:1016F0008F4914A804F0F6FAA4B203237F22312103
:1017000014A8FCF7A3FE0A212000F1F713F90A211F
:1017100080B2F1F795F920008DB26421F1F70AF952
:101720002B0082B2834914A804F0DCFA05237F223F
:10173000312114A88EE68049052C00D17F490CA8E0
:1017400009F06DFD7E4E052C00D17E4E002107254F
:1017500001270A0038001432D3B22A409040C2B2A6
:101760009446DB08784ADB019B182122C8084243D3
:10177000B21804920A0000202A400592202913D0B2
:10178000049A059C125C22413A4003D064461A78C0
:1017900022431A70013001332128EFD10131C9B23F
:1017A0002129D6D1FFF74DFBC4B2E2087C3AD2B270
:1017B000B25C2C40E7E7654BFFF7E2FA644B1B781D
:1017C000002B07D1634B64491B78013B012B01D8E7
:1017D000FFF76BFA614BFFF7D3FA614B614A1D6863
:1017E000484BD0881B8829005843F1F7A3F886B2EC
:1017F00030006421F1F724F930008CB26421F1F754
:1018000099F8230082B25849009518A804F06AFAA2
:10181000FFF758FA3E4BFFF7B3FA544BFFF7B0FA15
:101820004F4A534B1268D200D158FFF73EFA4C4B47
:101830001C68002C01D1FFF737FA782C01DDFFF787
:1018400041FA20003C21F1F7E5F920000D003C2190
:10185000F1F7FAF82B000200464918A804F042FA02
:101860007824FFF77DFB3E4B434C1B6843489D00AB
:1018700001339A00FFF710FA414BFFF781FA414B11
:10188000FFF77EFA364C4049226818A804F02AFA7D
:101890003E4B22681A70F3F7B3FAFFF713FA304A97
:1018A0003B4B126818A89200D15809F0B8FCF2E737
:1018B0004822164B597B4A439B189C331B68186877
:1018C000FAF7BEFB3349002801D1FFF7EEF9304BA0
:1018D000FFF756FA304BFFF753FA304BFFF750FA49
:1018E0002F4BFFF74DFAC0467F51010044D7010846
:1018F000DEC70108EAC7010880AEFEFF8051010083
:1019000002C60108A620002075C601080C2200208E
:1019100038D90108C0C801001027000000010000EC
:101920004035002000030000FFC701080000002030
:1019300006C8010814C8010810C701080BC7010830
:1019400074D70108FDD701086D1D002030D90108AA
:10195000CC250020D225002022C8010804D9010886
:10196000FC210020AA2100202EC80108FCD8010873
:10197000FCE801083AC8010810DA01082CDA01086D
:10198000F4D80108E4D80108D2C701082A000020D1
:101990004CDA010844C80108D4D80108CCD80108A1
:1019A000C4D80108604B1B6834331B78012B0DD160
:1019B0005E4A5F4B126818A89200D15809F02FFCBC
:1019C0005C490CA809F02BFCFFF77CF9022B06D12F
:1019D000594C18A8210009F022FC2100F1E7534AD4
:1019E000564B126818A89200D15809F018FC5449B7
:1019F000E7E7544BFFF7C4F94C4B1A68002A0ED1A5
:101A0000514918A809F00BFC002426002500F2F724
:101A10001FFF0423002D00D02FE4FFF753F93F2AC6
:101A2000F2DC4A4918A804F05DF93F240126042598
:101A3000EDE7474BFFF7A4F914780A2C03D199423C
:101A400001D90135107001330132FFF74BF9002342
:101A500002270493FFF754F90822322100927732CB
:101A6000FCF7B0FCFFF761F90134A64201D0FFF7A3
:101A70005DF90223049A013D9B1AFF18FFF743F911
:101A8000039B062B01D1FFF7F3F9039B052B01D034
:101A9000FFF7FCF90024FFF7ECF95A1ED2B2002C34
:101AA00021D0312A34D8002001000500294E0B2D09
:101AB00014D8775DB94211D1013501313229F6D1FF
:101AC000FF200322121BD2B2FF2822D00130009047
:101AD00021490CA804F006F9FFF7D8F99142F0D09B
:101AE0000130C0B2E9E7672A19D82000210025009B
:101AF0001A4E142D07D8775DB94204D10135013152
:101B00006829F6D1DCE79142DBD00130C0B2F6E7BC
:101B1000022213490CA804F0E5F8FFF7B7F90322F5
:101B2000F7E73323FFF7CAF9E0210020FC2100206A
:101B3000F8DA010859CD010820C60108E4DA0108E5
:101B400057C80108BCD80108D1C5010868CE0108F2
:101B5000A8D8010886D801085AC8010892D80108F7
:101B600064C8010802000020054BD979914205D0D4
:101B70000130C0B208334F28F7D100207047C0466B
:101B8000ECD30108F0B587B0FCF7B8FE08220021BD
:101B900004A809F01DFA9C4B9C4D1E789C4B9D4C53
:101BA0001B78002B56D0012E48D19B4B1E887608FF
:101BB0003C213000F0F7BEFE3C23C2B25B425343EF
:101BC0009B199649DBB202A804F08CF80622944BCC
:101BD000944902A8FCF7D6FBA37F002B04D00C226B
:101BE0009148924909F023FB2B78002B0AD1904BA6
:101BF0008C481B788F493630002B00D18E490C223F
:101C000009F015FB637E002B00D0C5E08B4B1B78E1
:101C1000002B00D0C3E08A4B1B78002B00D0C1E022
:101C2000884B1B78002B00D19CE00834E37F09220D
:101C30008549002B00D19BE0844999E0FAF7D2FA5C
:101C4000002807D0E126824B36011B885B08F61A74
:101C5000B6B2ADE7052E04D10C2272487D4909F0D9
:101C6000E6FA7D4B1B785BB2002B21D1FAF79EF888
:101C700000281DD12B78002BAED1237F002B65D1FE
:101C8000A31DD87F631DDB7F002B59D0734B1B78BE
:101C9000002B5FD0724B12221900002801D00220C5
:101CA000053A604B1230C0B2C01809F0C0FA93E791
:101CB00080226C4BD2001B8893423BD2FAF776F815
:101CC000002837D1230029331F78192F1CD16649EA
:101CD00004A809F0A4FA0E2623002A331B78002B4F
:101CE00005D0624904A809F08DFA0436F6B2012342
:101CF00000220221009604A806F024FFFAF756F805
:101D0000002800D068E7B5E7594B7E1EB600F618EC
:101D1000300007F079F8002805D13200554904A8B1
:101D200003F0E0FFD7E73A00534904A803F0DAFFD5
:101D30000A26D1E706225149514809F078FADDE731
:101D400000280BD002200C224E49AAE702200C22C8
:101D50004D49A6E703200A224C49A2E702200C22A3
:101D60004B499EE74B4B1B78002B04D009224A4974
:101D70004A4809F05CFA4A4B4A481A784A4B1978A3
:101D8000F9F766FF494B1B78012B0ED0022B30D0A0
:101D9000F2F770FF07B0F0BD09224549E8E70822D5
:101DA0004449E5E70C224449E2E7444B1C88FA2306
:101DB0009B009C4200DB424CA4B264212000F0F75F
:101DC0003FFE20008DB26421F0F7B4FD2B0082B2FB
:101DD0003C4904A803F086FF04A8F0F77BFD072226
:101DE000424330490E4B891A04A80622FCF7CAFA6E
:101DF000CEE7324B1888FAF739FB3349020004A8C2
:101E000003F070FFE8E7C046EA210020241D00200F
:101E1000EB2100200C220020E821002073C80108DB
:101E200042DF0108990A0020C00A0020DDD601081F
:101E300033210020D1D60108C5D60108190B002096
:101E4000650A0020670A00209FD6010896D601087F
:101E5000E621002029D70108A4210020830A0020C0
:101E600001D70108880A002051CA010824CC0108C2
:101E7000D424002031C60108C0C5010885C8010866
:101E8000A20A0020F5D601081DD7010813D70108C2
:101E9000E9D60108F42100208DD60108DF0A0020D0
:101EA00043210020080B0020F3210020A521002061
:101EB000BCD60108B4D60108A8D60108A620002087
:101EC000E70300007DC8010850CE0108F0B5904D31
:101ED00004002B7885B0012B6BD1012855D18D4B97
:101EE0001968002900D0AAE0F2F7F7FB00228A4B1C
:101EF0001A70F4F7CFFC894B1B78002B01D004F04B
:101F000087FA0125864B1D7003F07AFEFAF7A0FDD3
:101F100029000620F2F7FAFA824B834F1A78AA4278
:101F200000D195E03A6832321178042900D9CDE029
:101F30001522CA402A4200D1C8E000221A703B682C
:101F400032331B78042B06D1784B0022FA211B7800
:101F50007748F3F789F8774B1B78002B00D1B7E06F
:101F6000032B03D101207449F3F7ECF8FA20C000E9
:101F7000F2F76CFFA0238022DB0552009A616F4BC1
:101F8000FF3A1A706E4B1A70AAE006F0F7F82C7040
:101F9000002C00D0B7E0F2F747FF604B1B78002B16
:101FA00003D0FA22674B52001A8001225C4B1A7050
:101FB000A7E02870052B00D09EE0052825D1624BB4
:101FC000C8221B78002B00D1BE3A002401255F4BAC
:101FD000DB7F53435E4A13805E4B1C705E4B1D706B
:101FE0005E4B1C70F2F76EFBF2F79CFB21002000A9
:101FF000F2F78CFA4A4B1D70594B1B78AB4200D15B
:102000007FE0200003F00AFE7BE0F2F7D5FB002220
:10201000514B1A70424B1A70524B1B78934201D1AC
:10202000FFF7B0FD002C02D16BE0052CC7D0012CCE
:1020300000D154E7022C53D10122484BA3E74A4B6D
:102040001B78002B00D04FE7012006F001F94BE789
:10205000464E00221A70464B464D1B88C82B00DAAC
:10206000C8232A007E3212780292344A0392029ADE
:10207000002A07D0A0228021D205490091610122C7
:1020800003990A70FA2080005843F2F7DFFE0298A5
:10209000F2F7C0FB29002B002A007C310988783335
:1020A00076321B8812887A35019129883000009198
:1020B0000121F3F76DF8A02380220020DB055200F8
:1020C0009A62039B1870F2F785FB38E72A4EC0E747
:1020D000F2F7BEFA294B1B78DB0701D5F2F748FF70
:1020E000FA22274B92001A800022264B1A70032CEA
:1020F00007D0144B1A8004E0002896D1042B00D19D
:102100004BE705B0F0BD052C00D093E757E7C0467C
:10211000EA210020E0210020DB210020DE21002038
:10212000F1210020AD250020AC2000208A220020D3
:10213000DD090000910A0020D6060000B82000202A
:10214000630A0020700A0020BA2100201322002018
:10215000B82100202A210020292100208C0A0020FB
:10216000C3210020200A00201D1D00205023002034
:10217000802200200C2200205C2200200C0A00207B
:102180004C0000202C210020F0B5AC4E87B0336805
:102190000590002B00D12BE1A94B1B68002B00D12F
:1021A00026E1A84B1B68002B00D121E133682D33B9
:1021B0001C78012C03D1A44B1C780134E4B2A02379
:1021C000802200255200DB059A62A04B29000520E1
:1021D0001D70F2F79BF933681A0034321278012A25
:1021E00000D00DE12D331878A84200D0032007F06D
:1021F000D9FA00210620F2F789F988213620F1F773
:102200004DFEFA2500210120F2F780F90A2401266B
:10221000AD000C20F1F708FC30420AD0002102206A
:10222000013CF1F73BFEE4B22800F2F70FFE002C70
:10223000EFD100213F20F1F731FE854B7D20197849
:102240003F231940834B844D1943F1F727FE7B4C04
:1022500023681B691F683800F2F7D2F9236834330A
:102260001878FAF7F5FC236800219A1CD27F7020B9
:1022700000925A1DD27F0192DA1CD27F02929A1DDF
:10228000D27F03921A1D0733DB7FD67F0493F1F7C9
:1022900005FEA021090231434D20F1F7FFFDDE21AB
:1022A000049BC90119434E20F1F7F8FD039B4F2011
:1022B0001902029B0C261943F1F7F0FD009B7820D0
:1022C0001902019B1943F1F7E9FD0020F2F7A4F987
:1022D000F2F7ACF93800F2F709FB01210020F2F720
:1022E00015F9F2F7B5FA23681A0034321278002A89
:1022F00010D11B6918795979012800D18EE0831E0D
:10230000012B00D981E0F9F7C7FBF2F715F9534E1D
:10231000F2F79EF9AB7F002B00D186E0494B1B689A
:1023200034331B78002B00D07FE04D4B1B78002B03
:1023300000D07AE02B00FE33198CD88BF2F73CF9F1
:1023400030231E43236800201A0034321278824260
:1023500004D135331B78012B00D918004135F2F731
:1023600087F92B78033B012B62D872203D49F1F7A6
:1023700095FDE0217020F1F791FDC1215820F1F782
:102380008DFDA8215D208901F1F788FD5A2036498D
:10239000F1F784FD5B203449F1F780FD5C2033497F
:1023A000F1F77CFD00210220F1F778FD592030493A
:1023B000F1F774FD59202F49F1F770FD80239B013F
:1023C0001E432368002134331878013843425841B2
:1023D000C0B2FAF7F5FB31003F20F1F75FFDF9F7E6
:1023E0000DFF059B002B09D00020FFF76FFD05E0D6
:1023F000FAF704FB3368002B00D0D7E607B0F0BD36
:10240000022C00D92C002000F1E61B48F2F7B0F8AE
:1024100007201A49F1F742FD194E79E7194B490097
:10242000C85AF2F7A5F8184E72E7F2F74BF989E7A8
:10243000F2F75AF980231B01C2E7C046B020002002
:10244000E0210020AC200020680A0020B8200020F5
:102450005822002040E900000C2200200C07000058
:10246000DE21002065300000555500006556000053
:10247000684000006830000026020000CE21000005
:102480000C04000076E70108CC04000010B50E4BE8
:102490000E495A7B09885200D1529B180C4A0D4CA8
:1024A00012880D499A802068482208F0C0FEFBF788
:1024B0008DFC2068FAF77CF90120FFF765FE002209
:1024C000064B1A7010BDC0460C2200208403002069
:1024D00082030020E021002088030020DC2100206E
:1024E000F0B5AB4B8BB000AF1C68FDF7D5FF0C23EC
:1024F000FA18043BDB18C0B2D9192500F9F740FAE5
:10250000002809D1A34B3A691968914201DA1A608F
:1025100002E0FA689142FADCFDF7BEFF4D286AD866
:10252000F0F7FEF94E0059006C0073008A0071004C
:10253000880098009D003101A100A5000203A900B8
:10254000E001BA005E01DA00DF00F1001401F800DA
:10255000060118012A015A0162016C017D01830103
:102560008701900196019B01A001A401CF00D50035
:1025700069006900B701AA01B001BD01CF01D30113
:10258000D7016900BB01DC01EB013C028002B9020A
:10259000BB02C202CB02CD02CF02D102D302D502CE
:1025A000D702FE02D902E902F502F9029C02DB021F
:1025B0008B02A302A302A302A302A30295020003BB
:1025C000744A754B1268DA750122744B1A70744B99
:1025D00009321A7079E021006E4B724A1B6808318B
:1025E000DBB2D35C704ACB77E38B9B18062B02D807
:1025F00001226E4B1A80BD460BB0F0BD654B2934ED
:102600001B682370F4E708342500624B1A68002A1F
:1026100004D12B79012BEED0AA80E9E7D3B2682A46
:1026200004DC0222013B2A716B71E1E70322693B62
:102630002A71F9E708342500564B1B68002B04D19A
:102640002A79012AD7D1AB80D2E7013B6B710123F4
:102650002B71CDE74F4B01341B68E377C8E74D4B37
:102660001B68A361C4E74B4B2D341B68C9E7494B7A
:1026700033341B68C5E7474B47491A6892B2E28377
:102680004B7B04335B005A520222484B1A80434B67
:102690001A70474B0122C0E0464B09221900202046
:1026A0005C7A2500854307D0FF2C05D0394B18688C
:1026B00080B2FBF77DFD9EE75872013B013AEFD2F5
:1026C000F4E7344A344B12689A853B4BE2E7314ACF
:1026D000314B1268DA85F8E72E4B1A68374BDA77F8
:1026E000F3E72C4B2C4A1B681900481E8141917757
:1026F000002B01D0013BD377FBF79EF80122304B32
:102700001A70304B65E7234B1A682F4BDA7700229B
:102710002E4B5EE7922126201E4B1F4A1B68490064
:102720005354FF30115C013399420DDA19000BE06C
:1027300026219220174B184A1B68FF315354400042
:10274000115C013B9942F1DC1154BEE7204B114A68
:1027500012683EE70F4A104811680122437B0A4085
:102760000133DBB25A43441DE2770022890700D5CA
:102770001A1C0630C277C1E7064B1B685A1E9341EC
:10278000144AD377A1E7034A034B12681A769CE7F1
:10279000E0210020FC2100200C220020630A002000
:1027A0000200002063CF010800FCFFFF8E0A00201A
:1027B000AF070020D32500206F0A0020132200203D
:1027C000720A0020F121002014220020670A002054
:1027D0000C0A00200D220020D54B1A68D54BF8E6D4
:1027E000D34B1A68D44B7AE71E21D14BD34A1B68CE
:1027F000DBB213704B43D24A137066E7CC4B1A68B6
:1028000023002E331A70210000230122E08B06F0F2
:1028100027F90122CB4B1A70CB4B1A70EBE6C44B55
:102820001B685A1E9341C94AABE7C14B1A68C84B93
:10283000CFE6BF4B1A68C74B1A70FAF7FDFFC64BBD
:102840000122C6E6C54BBA4A1268511E8A41C0E64B
:10285000B74B1A6823003533D4E7B54B1A68C04B21
:102860001A8032E7B24B1A68BE4BB2E6B04B1B6817
:102870005A1E9341BC4ABFE7AD4B1B685A1E934199
:10288000BA4AB9E70A22AA4B1B685343B84A1380D5
:102890001BE7A74B32341B68B3E6B64B57E7A44B94
:1028A000B54C1B685A1E934100222370B34B1A701B
:1028B000F3F7F0FF2378002B00D01FE7F1F70DFFAF
:1028C0001CE79B4B1A68AE4B83E6994B1A68AD4BDD
:1028D0007FE6974B1A68AC4BDA87F6E6944B3434B4
:1028E0001B688EE6924B1868002380B21A0019000C
:1028F00006F0B6F80222934BCAE6A02600248C4BC1
:1029000036021D682000F2F7A3FC80235B01E41867
:10291000B442F7D1002D02D02000F2F799FC0C242C
:102920000826A020A319D91910220002F2F774F882
:102930007F22A0200125A11900263B7EC9199343BF
:102940003B766F3A00230002FD76F2F72BFD8F4BAA
:102950008F4C18008F4A90497B602677FAF714F85D
:102960008E4B8F4A18008F493B60FAF70DF88E4B5B
:1029700031007A682360636087480223A660FBF712
:1029800037FC022329003A688648FBF731FC874B65
:102990001D70874B1D70FBF725FA2CE6644B8549AB
:1029A0001B680A2B08D10A780132D2B20A70022AB7
:1029B00000D820E6804A1FE700247F4ADBB20C7073
:1029C0001370092B00D080E67C4B6E469D446D460B
:1029D0008022290092002000F2F71EF883222B00AB
:1029E00092000C33A91840201A7802431A70103351
:1029F0008B42F8D180220023200029009200F2F7B8
:102A0000D1FC80239B00E4188023DB019C42DFD1B2
:102A100002210020FAF7DAFF02210120FAF7D6FF9F
:102A2000B54652E6424A664B1268511E8A411A70F8
:102A30000222444B1A70444B02E73D4B61491B682C
:102A40000C22CB8060480023F2F7ACFCD3E5384A77
:102A50004F4B116893225200995436E6344A4C4B3E
:102A60001268511E8A41DA762FE608220C239B1841
:102A7000DC192200554B23CB23C203CB03C22C4BC2
:102A80001D68FDF709FD524B4738ED0080005B19CA
:102A900002591B79B0E64F4B59E6254A4E4B126856
:102AA0001A7001224D4BDBE6214B1B685A1E9341E5
:102AB0004B4ADBB213704B4A9EE64B4B47E64B4BFF
:102AC00045E64B4B43E64B4BBDE64B4B3FE64B4B92
:102AD000B9E64B4BB7E64B4BB5E6343420784A4B5E
:102AE000012802D0002803D1484B114A12681A70FD
:102AF000FAF7AEF8E9E50E4A454B1268511E8A41D5
:102B00001A70F9F7A5FF0120FFF73EFBDDE5084B42
:102B10001A68404B5DE5064A1D4B12685A77D4E5AA
:102B20003D4B90E63D4B12E6014B28341B6868E5AF
:102B3000FC210020342200200E2200204A22002006
:102B4000F0210020630A0020AF0700200F220020A0
:102B50005222002057220020720A00201207002073
:102B60005A22002035220020362200208A2200200E
:102B700080220020A521002010070020DB2100205A
:102B80004C2200204D220020102200209422002000
:102B90000C220020F003DE0002040000DC220020F2
:102BA000F07795020504000002040504CE250020FC
:102BB000CD250020D22500200022002000FEFFFFAE
:102BC00034040020AA21002040010100B0C3010804
:102BD000FCE8010860000020660000208E0A00204A
:102BE000D1250020332100203C2100205A21002043
:102BF0002A000020980A0020B5070020D0250020D8
:102C0000CF250020030000206A0A0020690A002066
:102C1000680A00208E220020EB210020210A0020DB
:102C2000F0B57A4B7A4C18788FB00138032829D840
:102C3000EFF762FE0286B7D0F1F764FD0020F1F7EE
:102C4000EBFC74497120F1F729F9F1F7DBFD7248CB
:102C5000F2F7FCF8C32170200902F1F71FF9F1F730
:102C600059FD6E48F2F7F2F8F1F74CFD50216C482F
:102C7000F2F7E2F900217020F1F710F930206949EC
:102C8000F1F70CF9684D2B6832331B78042B07D110
:102C900023007E331C22FA211B786448F2F7E4F902
:102CA0002B6832331B78023B012B2BD823007E3359
:102CB0001F785F4E002F09D0A0238022DB05520031
:102CC0009A6101235B483370F2F7C0F83800F1F7DE
:102CD000A1FD2100230022007C310988783376325F
:102CE0001B881288019121007A310988524800918D
:102CF0000021F2F74DFAA0238022DB0552009A62F0
:102D00000023337001200334F1F764FDE37F002BCF
:102D100011D02B685B691B79023B012B00D96FE056
:102D200046495220F1F7BAF845495120F1F7B6F873
:102D30004448F2F78BF80020FFF726FA0FB0F0BDF9
:102D40002422414902A808F072FA0020F1F764FC3D
:102D5000002602AD698828780136F1F79FF804351E
:102D6000092EF7D10025394A6B005F20D15A013571
:102D7000F1F794F8072DF6D13548F2F767F83549A1
:102D80005920F1F78BF83448F2F760F868215920A0
:102D9000F1F784F800217020F1F780F80021582025
:102DA0006EE702ADA31D5521DF8F0722231D2800EA
:102DB000DE8F08F00DF90723EB71284B76BA0493E8
:102DC00005A8AF81EE81F9F783FA1A21280006F0F1
:102DD00089FC57E702ADA31D5521DF8F1B22231D60
:102DE0002800DE8F08F0F4F80723EB761B4B76BA49
:102DF00009930AA82F846E84F9F76AFA2E21E5E771
:102E000017495220F1F74AF816498EE74D22002063
:102E10000C2200201C3E000050C30000803801003E
:102E20001E050000FEC10000AC200020AB09000020
:102E3000B820002060EA00006E2200208F0200000F
:102E400040800000A0860100C4C30108A4E6010878
:102E5000204E00006808000020BF0200092A446FCD
:102E60008F4200004090000070B53A4B3A4EDB7F35
:102E7000002B18D0D222394B52001A800022384B36
:102E80001A70384A1378002B07D1737B3649337395
:102E90000968364B1960012313700022344B1A70F5
:102EA000344B01321A70F8F73FFE334B1C686369EC
:102EB0001868F9F7C5F8314D002812D023002833DF
:102EC0001B78012B0DD12A78022A0AD02C4A1370C4
:102ED0000320F9F769FF002302202B70F8F776FF33
:102EE00070BD284B1B78002BF2D1230033331B78A5
:102EF000002B03D0244B1B78042B1BD0234B1B78B7
:102F0000002B19D0062B19D834342478002CDFD1AB
:102F10000120FEF7DBFF1E4B2A781C80002A0FD011
:102F200000231C4A13701C4A13701C4A13701C4A5D
:102F30001370D5E70120CCE70220CAE70620C8E7D6
:102F40000A22317E01314A431A801B88154A9BB2FE
:102F50001380E5E7112200200C2200201C0A00202B
:102F60004E00002030210020E0210020B020002071
:102F7000830A0020F1210020AC200020910A0020CB
:102F8000630A00203D210020EA210020F3210020D7
:102F9000E8210020342100203E210020BE0700202F
:102FA000BD0700208003002091210022F8B5304D9C
:102FB000304B8900287032201A70F0F76FFFF1F75C
:102FC000F5FBF9F71BFD2C4C206803000833DF7F6D
:102FD0000369C18B1A68868BF9F7D6FC2368012038
:102FE0001A000832D7779E83FFF7CEF82A78234B52
:102FF000234D002A31D001221A7023681A69083340
:103000001068204A2860DB7F1370F1F76FFC286896
:10301000F1F756FC01221C4B1A701C4B14321A702B
:103020001B4BEA321A701B4B1A7000231A4A13709A
:103030001A4A13701A4A13701A4A13701A4A1370F4
:103040001A4A13701A4A13701A4A13701A4A1370E4
:103050001A4A13701A4A1370F8BD1A7001235B42A2
:103060002B60F1F738FC32201649F0F717FFD1E753
:10307000472100208C0A0020B02000204921002098
:1030800034050020AE250020F12100203805002065
:103090002E0500202D050020300500202C050020E5
:1030A000110A0020180A0020170A00201A0A00201E
:1030B000232100201E0A00204A2100204821002050
:1030C0002F0500204502000010B5F8F76FFE00281C
:1030D00019D00D4A0D4B12789121DA7702220C4B50
:1030E00032201A700B4B013A1A700B4B89001A7080
:1030F00000230A4A13700A4A13700A4A1370F0F741
:10310000CDFEF1F753FB10BD330400201222002046
:10311000630A0020AF070020F1210020BE2100201B
:103120002C0500202F050020F0B504000D0016002E
:1031300089B0102800D9D8E3EFF7F2FB1100110095
:1031400011001100110011001100110011001100F7
:103150000E01DA01DA01DD026F03AF03D3030029A8
:1031600016D00127B24D2F70FDF796F90F2841D1E7
:10317000B04B1A68002A3DDB092A09DCAE48AF4B88
:10318000AF49002E14D030348454FF220F701A70CF
:10319000AC4B1B78012B09D1FDF77EF9AA4B2F28E8
:1031A00002D02822462800D1F0221A8009B0F0BDB2
:1031B000A64DA7007F591D78AC46A54DA44502D069
:1031C0001C702E7006E02B780133DBB22B70FB5C99
:1031D000002BF6D09F4C2B782478FB5C002C05D07C
:1031E0001C00613C192C01D8203BDBB28354012325
:1031F0000B70CDE7002ECBD101272000FBF788FB19
:103200008F4B954C1F70954B1B78002B27D1237843
:10321000BB4216D0022B60D10A20914A2670137847
:1032200051784343CB18002B57D08E4800789842F2
:1032300005D38D4A013B13708C4B1F70A8E71170AA
:103240002770874B1B78002B47D0864A12789A420A
:1032500043D3854A013B1370844B012232E1FDF7D1
:103260001BF9082812D12378052B00D890E7FBF72B
:1032700067FBF9F73BF97E4B1B68998B6423584336
:10328000F8F7ACFE7B4B2670186081E72E2815D12D
:103290002378042B00D07BE7330071498A5D1B0142
:1032A0000136D318042EF9D1724A1360724AD387BB
:1032B0000122724B1A700023237069E702000D3A55
:1032C000182A03D86E4B13413B420BD0C0B204AA5C
:1032D00003A9F8F755FB00281ED000232370022312
:1032E0002B7055E72378032B00D851E70A235C495C
:1032F00026700A7848785A4312185A438878121868
:103300005343CA78013A9B1880229BB2D200934261
:10331000E5D2584A13603BE704990320632903DC94
:103320000238092900DD0130002213004C4F2678B5
:103330000197D7B2BE4206D8864201D10022227040
:103340009942CCDBE5E70A277B43019FBF5C013252
:10335000BC4663449BB2ECE7002900D118E7002A81
:1033600009D0FDF7EDFA002800D111E7454B1B7895
:10337000002B00D00CE701222D4B384D1A702C7811
:103380002F4B1A70002C1ED1FDF786F80300263B48
:10339000012B00D8FCE60E3801280AD90022394B4F
:1033A0001A7001232B702C4B1A70224B013A1A60B1
:1033B000EEE6304B22001868210080B2F9F78AF956
:1033C0000028EBD1E4E6FDF767F80F2800D095E27E
:1033D000184C2368002B59DA0022264D110028686A
:1033E00080B2F9F777F9002800D1D1E62968124DAB
:1033F00089B22800FAF7C4FA2800EFF76BFA092817
:1034000007D80A222021121A401907F0E1FD0023F3
:10341000AB72FF210023094A1B4811700C4A290096
:1034200013700C4A23601370112207F000FFAFE6FF
:10343000DD210020C8250020D325002065000020C4
:1034400061000020C3210020C4210020D4E801082D
:10345000C3250020C7250020DF210020CC25002027
:10346000D0030020F821002001220020B207002014
:10347000E0210020FC210020102200206F0A002003
:10348000F8FF6FFEC6250020B2250020092B00D9C9
:1034900034E2FF21AD4A1170002E15D00A232360BB
:1034A0000022AB4BAB491A70AB4BAC481A701132CF
:1034B00007F03AFF002800D020E22870FFF704FE52
:1034C0000022A74B1A7063E6013323600A2B00D059
:1034D0005EE6E5E701233370F0E79D4B1F700023A4
:1034E0002B70F8E701229A4B1A7000232B70E5E746
:1034F0000B283AD10A3C002D00D149E6002E04D118
:103500000122974B1E70974B1A70974DEB7E002B44
:1035100005D1964B1B78002B01D0644264B2FCF7B6
:10352000BBFF07000F2834D1904B1B78002B30D005
:103530008F4B1E68002E2CDB092E00DD28E61022A2
:103540008C4904A807F073FE8248E4B2835D02AAA6
:10355000E318DBB2D51D190000222039C9B25E295B
:1035600006D91F2B0DD87E230EE001246442C2E74A
:103570000132AF5C9F4202D1E318DBB2EBE7102AC5
:10358000EDD17E2B00D920238355FF226F4B1A707B
:10359000C7E0F8F70BFC021E00D0F9E5734B764E3E
:1035A0001978002922D17548754B02781B78121BB7
:1035B000013B541C02D0934216DB1300012203701E
:1035C000704B32701A70FCF767FF132800D1DFE5EB
:1035D0001538012800D8DBE50835EB7F002B00D03B
:1035E000D6E5F0F70DFAD3E50B00E7E7082F12D187
:1035F000654B664D1B682868998B654B4C432018BA
:10360000984203DC002802DA624800E01000F8F774
:10361000E5FC28600DE02E2F0ED1514B1B78002BBE
:1036200022D00F205C49013BDBB2CA5C1219024078
:10363000CA5401233370ABE539000E39172913D86A
:10364000564BCB40DB070FD5504D243F2868A1B225
:10365000012F28D908181300210080B2F9F774F857
:103660004F4B9842D5D1E4E7F8B204AA03A9F8F782
:1036700087F90028DDD1454D039928680B00049A8D
:10368000884203DB1300824200DD03004548E31853
:10369000834204D0994202DC9A4202DB1A002A607B
:1036A000C7E70A00FBE780223F4FD200904205D1D6
:1036B000012C1AD101235B422B603B800023286838
:1036C0001A00081880B22100F9F73EF8344B9842EE
:1036D00000D028600022BB5E2A68012C07D19A42E4
:1036E00007DA8023DB002B60A3E73880E6E79A4205
:1036F000F7DC38809DE7FDF723F9002856D0002D30
:1037000011D1002E00D043E5194A1368002B0ED0CA
:1037100000DC3DE5013B1360FF220C4B1A700E4BA1
:103720001E70154B99E50F4B002E00D195E5F1F772
:103730001FFC0023084A13700C4A1370084A1370C8
:103740000122104B1A700C4BBCE6C04665000020ED
:10375000B3070020D3250020C6250020B225002075
:10376000DF210020DD2100200C220020CC250020BC
:10377000C82500208CC8010861000020012200201B
:10378000F8210020B2070020E0210020FC210020C9
:10379000F5E0F505F6E0F505D00300200300C800CC
:1037A000FFFF0000FFFFFF7FC4250020002E00D098
:1037B000EEE4002D00D1EBE401235F4A5F4C13706F
:1037C0005F4A1178002921D15E4B1B78002B14D061
:1037D0005D4D2B78002BAAD0FCF75EFE082801D0A7
:1037E0002E28A4D1F1F7C4FB0A212B78574A013BBC
:1037F000DBB22B70D15401235EE5554B2670DB7F85
:10380000002B01D1F0F7FCF8524B26E51670524A16
:1038100023701370514A1370F6E7002900D1B7E402
:103820000122454B1A70FCF737FE0F280DD14C4B87
:103830001B68002B09DB092B00DDA9E42A22002EDE
:1038400000D103324749CA549FE6002E00D09FE4BE
:10385000F9F7D4F8444B1B6834331B78002B4AD15A
:10386000FCF71AFE03380128CED8364B1B78002B04
:10387000CAD0F8F79BFA0124314F384D002807D100
:103880002000FFF791FB2D4B2C703C701C70BBE7A8
:10389000314B3E701C702C70B6E7FCF7FDFD0F2815
:1038A0001AD12F4B1B68002B16DB002D00D16FE4C3
:1038B0000121214A1170092B00DD69E4002E02D09C
:1038C000284A2231D154012228490B7853400B70E9
:1038D000FF21274B197036E731002800F3F7D6F89F
:1038E00056E40800F3F720F952E4002A00D04FE430
:1038F000002900D14CE402220F4BE3E5FCF7CCFD9C
:103900000400322804D023000D3B022B00D9E9E546
:10391000184E3778002F00D1DCE5012F00D0CDE51F
:1039200002233370FDF7CCF8322C00D0D5E5FEF73A
:10393000D7FDF2F77FFBC046DD21002061000020AB
:10394000BE210020CC250020DF210020D003002054
:103950001422002031210020EC210020F121002040
:10396000C8250020D3250020B0200020C725002036
:1039700065000020C6250020F7B51400102800D9E6
:103980005EE1EEF7CDFF11001100110011001100F2
:10399000110011001100110011004100F300F300AB
:1039A00026014B015D015901002A2CD100292AD0A2
:1039B000A74B1B78012B36D1A64A1370FAF7A8FF44
:1039C0000222A54B1A70A54B1A78032A1BD90A2587
:1039D000A34A1C70137851786B435B186B43917842
:1039E0005B185D43D378013BED188023ADB2DB005B
:1039F0009D4218D2220021002800F8F76BFE994B57
:103A00001870994B1D80F7BD002AFCD10029FAD00F
:103A1000964B1A780193032A05D0954B1B78002BFF
:103A200004D1002A04D18B4B02223FE0012AFAD0B4
:103A30000125874E874A34781570AC423FD0022C5E
:103A400046D0002CDFD1002B18D18A4FFA213C68D8
:103A50002000F8F7C3FA050087492000F8F7BEFAFE
:103A6000291BAC4200D9611B021B844200D9221AD7
:103A7000824B91421CD9022238601A70804B1B681D
:103A8000D88B8023DB00984216D2012300223370AA
:103A9000754B11001880F8F71DFE724B1870022349
:103AA000019A13706C4A13700122764B1A70AAE7C0
:103AB00000223D601A70E1E702233370EFE7674BA5
:103AC0001B78002B9FD10222634B32701A709AE749
:103AD0006B4F002B30D1674B38681A68C18BF8F7F1
:103AE00053FF694B1B78002B06D0684A3B6812785D
:103AF0001A71674A12785A713B681A00083203CB70
:103B000003C25E4A1278DA77802338686149C58B30
:103B10004A7BDB0054009D4220D2534B04321B8869
:103B2000520053520222C3830B534B4B1A705A4B11
:103B30001A800023337066E721000020F9F746FF62
:103B400021002800F9F742FF504A3B681178504A9B
:103B50001971127819735A715A73D5E78022038E3E
:103B6000D2009B189BB20A199380DBE701230B2834
:103B70001ED1002900D146E7002C04D10121374A8B
:103B80001470344A1170434AD27E002A01D15B423C
:103B90005BB22F4A1278012A17D1334A1088C01815
:103BA000431C07D08023DB00984204DB002002E0A6
:103BB0005B42DEE7394880B2108000221100F8F73E
:103BC00089FD284B1870244B2EE7002C00D01AE7F3
:103BD00029E7002A00D016E7002900D113E70122C7
:103BE0001C4B1A701A4A1378012B09D0022B12D0E1
:103BF000002B00D007E7FFF767FA174B1C7002E7AE
:103C000016490B78002B06D0013BDBB20B700A2162
:103C1000134AD154D7E700231370D4E7002A00D009
:103C2000F1E6002900D1EEE601220A4B1A70104B92
:103C30001878FFF7B9F9E6E60800F2F775FFE2E653
:103C4000002C00D0DFE6002900D0ECE6DBE6C04621
:103C50004A210020DD21002061000020DF2100201A
:103C6000D0030020AF250020B025002049210020EE
:103C7000472100203405002071020000AE250020FD
:103C8000E0210020F12100202C0500202D0500203E
:103C90002E0500200C2200208E0A0020FF030000C9
:103CA0009A4200D2885470477047F0B591B004939F
:103CB00016AB10CB1A9F1B781B9D029003910092AC
:103CC0000593002C01D110239D4380232A00DB00A3
:103CD0001A4006921D4201D0002C1DD06123AA0675
:103CE00000D541230026DBB20A3B019407931899C3
:103CF0000198EEF7A5FE079BCAB2D318DBB20929DB
:103D000001D83032D3B208AAB354019B189A741C5C
:103D1000934201D3202C14D102232A001A40079287
:103D20001D4220D1013B2B40002F08D0002B06D094
:103D3000059A002A02D10C32154200D0013F3022F0
:103D400007E026000190D2E7202C05D008A9625494
:103D500001341999A142F7D8002B04D03023BC427A
:103D600001D2202C17D1EB0634D5069B002B17D19E
:103D7000002C15D0199BA34201D0BC4210D1631E68
:103D8000012C0CD0189A023C102A0CD0189A1C0056
:103D9000022A1BD12DE008AAA3540134DFE71C003E
:103DA000189B102B20D1AB0608D47823202C08D1E7
:103DB0002024009BAD0737D125002AE0202CF7D026
:103DC000582308AA13550134202CF1D0302308AA17
:103DD00013550134202CEBD0059B002B0BD02D2349
:103DE00008AA13550134E4E7189B022BECD1202CD0
:103DF000DED06223E5E76B0701D52B23F0E72B0725
:103E0000D7D52023ECE72020049B0399029EB047DE
:103E10000135009B1A1B5219AF42F4D80026A74265
:103E200000D33E1B009BF31825000193019B18193A
:103E3000421B002D0AD1079B002B05D0009BC41A02
:103E4000009B1819A74209D811B0F0BD08AB013D7D
:103E5000E85C0399049B029EB047E7E70200049BDD
:103E600020200399029DA8470134E9E7F7B59C4655
:103E70000025194CA688864220D8E388F31898427A
:103E80001CDA1B1A9BB20D1C994200D91D1C8027FD
:103E9000ADB2019525687F04BD4219D11560624617
:103EA00001981080089A002A11D02268BA420ED0D8
:103EB000002299425241089B1A7008E001350834EB
:103EC0000D2DD7D180235B04136063461980F7BDA5
:103ED000801B80B22D18E1E7DCEC01080300002014
:103EE0002F2B0FD8084A5B009A5A084B08499B7D34
:103EF0009B075B0F595A914204D806495B5A9A4274
:103F0000924150427047C046BA2000200C22002047
:103F1000DCD30108E4D30108F8B50E000400302515
:103F20002F27FF2C0ED02F2C0ED82000FFF7D6FF06
:103F3000002805D1A419013DE4B2002DF1D1FF24E0
:103F40002000F8BD3C00F0E70024EEE7084B0949EB
:103F50009B7D02009B075B0F0748595A185A8A42FB
:103F600002D3824201D8100070470800FCE7C04627
:103F70000C220020DCD30108E4D30108094A13789D
:103F8000002B08D18020084980018861032101337A
:103F90000B4013707047032BF8D180200249800139
:103FA0008862F3E73C05002000080050044A054BF6
:103FB00012684008128EA0389B5618187047C046E9
:103FC000B02000201C000020054A064B117810701C
:103FD00001221970044B1A70044B1A707047C046C6
:103FE000C2300020C1300020C03000208D000020F1
:103FF00070B50F4A0F4B52790F495200D55A040041
:104000008D4213D10D49EEF71BFD0800AF21890049
:10401000EEF790FC454303384342584107492D18B9
:104020002000EEF787FC054C44432C19200070BD9E
:104030009000002004EC010841030000C4090000C6
:10404000084B09481A890949131C824201D9084BB7
:104050001B8800204A8804339BB29A424041C0B278
:104060007047C04690000020FBFF0000B0300020E9
:104070001EC401080022024B1A605A601A81704760
:10408000B0300020024B034A5B795B00D05A704786
:104090009000002004EC01080A4B10B51B68002BAF
:1040A0000BD0094A1468E41AFFF7ECFF0100200066
:1040B000EEF740FC013080B210BD8020034B1B792D
:1040C0001841F8E7840A0020C8040020900000206E
:1040D00010B5FFF7E1FF0400FFF7D4FF604310BD08
:1040E00010B5064B1C68064B5B79032B03D8FFF712
:1040F000EFFF4008241A200010BDC046AC3000205D
:1041000090000020064B10B51B68002B02D0054B19
:10411000186810BDFFF7DCFF034B1B68C018F8E7F9
:10412000840A0020C8040020AC300020034B044A5D
:104130001A6000229A801A811A6170479430002018
:104140000000FFFF0122264B70B51A70FFF7EEFF4B
:10415000FFF798FF234DA882FFF79EFF224E040031
:10416000E882011C802823D98021802089B2400167
:10417000EEF76AFCC0B2031C402800D94023DAB233
:10418000102A00D2102300223370184B1E78184BCF
:104190001A800123174A1380802C0ED923007F3305
:1041A000DB09138000230126EB80FFF799FF0CE069
:1041B00083B2102BD9D21021D7E7002EF2D1012CD7
:1041C000F0D9631EEB80FFF79DFF0B4B0B4A1E706F
:1041D0000123A3429B415B42E860137070BDC0465F
:1041E00087000020943000208800002086000020F6
:1041F0008230002084000020830000208200002004
:104200001E4B70B51B78002B1FD11D4B1D4C5B88BE
:10421000A3421AD01C4D1D4A2E881189A64207D0F0
:10422000A14205D0032070430233C3189B089BB200
:104230002B80174D17482D78405D1B189BB2A1426B
:1042400004D113810122144B1A7070BD5D1AACB2F7
:1042500028B22D0401D5CB1A9CB2042CF5D9042325
:104260000C2C04D80233A3429B415B4201339BB226
:10427000002801DA5B429BB25B18E2E7C330002002
:1042800094300020FFFF00008000002090000020FC
:104290008E000020DCEB01088D00002010B50C4BD7
:1042A0000C4A58689188002807D080201C88C000DC
:1042B000844202D25888884208D20020598011696D
:1042C0001880596012891A81FFF79AFF10BDC04605
:1042D000B030002094300020044A054B1268A03012
:1042E000128E9B56C01A400080B27047B02000204A
:1042F0001C00002070B5084DE868FFF7EDFF2E891F
:1043000004002869FFF7E8FFA64203DD0400B0427D
:1043100000DD34002C8170BD90000020124A052180
:1043200070B5136900281DD0D5685B182C000A34BD
:10433000A34203DD1C000A2B00DD0A241461FFF7F1
:10434000D9FF0222094B1A70094B013A1D60094B33
:104350001C60094B1D60094B1C60094B1A70094B0E
:104360001A7070BD4942DFE7900000209C2E0020AB
:104370007C000020780000207400002070000020E5
:10438000C03000208D000020002210B5034B2D21ED
:104390001A6003480A3206F01BFE10BD982E00205A
:1043A0008C2E0020F0B5455C401815701D7000295A
:1043B00006D0441E247801261F2C05D97E2911D849
:1043C000447800261F2C0DD82C190134641017785E
:1043D000E4B2A74200D914701F78A74200D21C7023
:1043E000002EEBD1F0BD00000B4A10B513880B4C2A
:1043F0000133138024780A4AD388D168908A002C2C
:1044000005D001339BB20918D380D16010BD013BA8
:104410009BB2091AF8E7C046B030002083000020A4
:104420009430002070B5124B124D1A88EB88E98A3F
:10443000D3189BB2994207D9A88AEB805043EB6806
:104440001818E860002070BD0B4B1C880134A4B222
:10445000A24203D8002201201A80F4E7A142F5D934
:104460001C80EC80FFF73CFEAB8A6343E8E7C04664
:1044700084000020943000208230002002000020C0
:104480000B4B70B51D680B4B1C68291B81420EDD60
:104490002300944203DC2B00954200DD13001B1B1C
:1044A0000F24634348101818EEF7CEFA204070BD71
:1044B00070000020740000200A4B984203D10A4B80
:1044C00018680A387047094B1A68002A02D1064B4F
:1044D0001868F7E7064B128E40089B56A038C018A4
:1044E000F0E7C046FFFF000074000020B02000206D
:1044F0001C00002030B5CB01084D1B185B081400D0
:104500000F21EA5CC00704D58A4321400A43EA54DC
:1045100030BD0A4024012243D2B2F8E7362A0020F7
:10452000F7B501220407154B0191640F02400F28D3
:1045300004D90009124B0138C001C31801252E000F
:10454000A640002492010F4F9B1800200200195C26
:104550000E4203D0290081400A43D2B2013008281C
:10456000F5D13878002801D0D243D2B2019908336E
:104570000A550134082CE8D1F7BDC046990A00203D
:10458000251D0020980A0020044B1A78002A04D028
:1045900000221A70024B01321A7070471C1D002055
:1045A000EC21002009490A4A09781278030000200A
:1045B00091420AD1074A12889A4206D806490978D8
:1045C000521892B293429B41584270478127002073
:1045D000201D00208A0600200007002070B505007D
:1045E0000E00064B1C68002C00D170BD2369002B07
:1045F00002D03100280098472468F4E7B01C00205E
:10460000002A0AD0054B80008A18C01892B20B7895
:10461000013103708BB29A42F9D17047205C00409F
:1046200070470000F8B5184B0D00DC681E69FFF7F5
:10463000BDFC640076002300371B4000844203DA8F
:104640003300864200DD03001B1B6B4378101818F3
:104650003900EEF7F9F9C6B26E430400331E05D0F7
:10466000751CADB26D089D4204D3DBB2E0B2C01838
:104670004008F8BD29003000EEF75CF980B240191F
:104680002B004508EFE7C04690000020010070B500
:10469000030008255A2031241E311A7850402A0080
:1046A00046B24000C0B2002E00DA6040013AD2B2F9
:1046B000002AF5D101338B42EFD170BDF0B51F0058
:1046C000AF4B93B015000B9009910A93002800D0CE
:1046D000E5E10026FCE00135252806D03200741CF7
:1046E000099B0B990A9EB04764E10023012008242E
:1046F0002A78691C2B2A16D00BD8202A15D0232AF9
:1047000015D011003039092930D800220A24079227
:1047100015E02D2A04D0302AF3D103430D00E7E73A
:1047200002221343FAE70422FBE72343F6E71022B1
:10473000F7E70500079A6243303A8A18079229780A
:10474000681C0A00303A092AF3D900212A78089116
:104750002E2A25D18021C9000B4369786A1C0800E4
:10476000303809283BD815000A2413E000210791AE
:104770002A2AEAD104CF07928A4203DA023152424E
:104780000B4307920135E0E70500089A6243303A8F
:104790008A1808922978681C0A00303A092AF3D945
:1047A0002A78691C6C2A2AD024D8682A2FD06A2A31
:1047B00036D028780135782890D8632833D86228F5
:1047C00000D16FE1632800D1A5E0252886D05828C4
:1047D00084D120221343103A0C218B436DE12A2906
:1047E00006D104CF0235D143C9170A400892D7E752
:1047F0001500D5E77A2ADCD1802252000BE06A78D6
:104800006C2AF9D1C022920013430235D1E76A78AD
:10481000682A03D080220D001343CAE7C022F3E7C1
:1048200080229200F7E7010001226439C9B28A4070
:104830001100544C2140224212D1732800D1BBE018
:10484000702800D04AE721221343059308230493DC
:10485000089B019103931023029308CF00934BE12F
:104860006F2800D020E10822B6E77828B4D093431F
:104870000A22642800D120E1AEE758060DD5C8B25F
:1048800005930292079BC20F0192C21704938018EE
:10489000089B5040039300902EE108001C06EFD5C2
:1048A00008B2EDE7002913D13C1DD80521D50593A9
:1048B000079B02920493089B019103933B6800932A
:1048C0003200099B0B990A98FFF7EFF927000600C1
:1048D0002878002800D0FEE6099B32009E4200D3D3
:1048E0005A1E0020099B0B990A9CA047300013B068
:1048F000F0BD396858060AD5C9B20593079B0292E4
:104900000493089B0091039300230193D8E71806B2
:10491000F3D589B2F1E70222190011400C9113423C
:104920002CD0012301CF320008930B99099B741CF2
:10493000C0B20A9EB0470C9B002B3BD0089B2200C4
:104940000C932CE02020099B0B990A9CA047089A05
:104950000799531C08939B1B9942F3D80A00531ED6
:104960009A410023D1B29A4201D0079B013BF6182D
:1049700002230029D6D0079B0133D3E73200E7E7B3
:10498000A93C010821081200531C0D932020099B0B
:104990000B990A9EB0470C9B0D9A01330C93079B11
:1049A0000C998B42F0D8079A089900238A4200D3C9
:1049B000531AE41826008BE7390004C90D92089AAF
:1049C0000E91002A01D1012252420D990C008A1841
:1049D0002178002901D0A24214D10D9A1900A41AFD
:1049E0008022D20011400F91134203D0089A9442C2
:1049F00000D914000222190011401091134217D15E
:104A0000320009E00134E3E7531C0C932020099B9A
:104A10000B990A9FB8470C9AA31B0799D318994280
:104A2000F2D80023A14200D30B1B0134F618E4187E
:104A30000C960AE008930C9B0C9A013311930B9986
:104A4000099B0A9FB847119B0C930D9B0C9A9B1BCB
:104A5000985C002807D00F9B002BECD0089B089A8D
:104A6000013B002AE6D1109B002B15D00C9A06E0E2
:104A7000561C2020099B0B990A9FB84732000C9BBB
:104A80000799E31AD3189942F2D80023A14200D320
:104A90000B1B0C9AD3180C930E9F0C9E18E71A4B05
:104AA0000A9316E6022297E610226F2800D9DCE668
:104AB00093430A22692800D0DBE6590501D501217C
:104AC0008B43802189001940692802D0642800D0D6
:104AD000E8E6002900D0FBE602CFD80500D4CCE6FA
:104AE0000593079B02920493089B0393CB0F0193BA
:104AF000CB17C918594000913200099B0B990A98AD
:104B0000FFF7D3F80600E3E6A13C010870B50029E1
:104B100001D1002A27D114244443194B1B191C002E
:104B2000CC342478002C1ED01E00164CD036A57B29
:104B3000A07331601900D4310A600022D833EDB27D
:104B40001A60904212D1104A1178CBB201290BD0D1
:104B5000062B09D0002B05D1217C40330B43237455
:104B600003231370A57370BD0523FAE70423627A4B
:104B7000134301226372637E93436376F2E7C04678
:104B800000260020005C0040E52500207F220F4B1E
:104B90000240997B40B2C9B29A7300280FDB002A09
:104BA00007D107200A4A10706022187C02431A7449
:104BB00003E02022587E02435A7699737047002AF8
:104BC000EFD01022587D02435A75F6E7005C004092
:104BD000E52500200300F7B57F201F0007400342B2
:104BE00012D14021404B414A180011801A0019850A
:104BF000CA32190017700122CC302A312C330270CE
:104C00000F701A700020FEBD7820034268D15BB29D
:104C10009C46374C1423A07B4D1EC0B26E4275419A
:104C2000019060467B43304EA773AD01F318002816
:104C300029DB1F00C837B9700121CC33EDB23A80AF
:104C400019702576637E0B4213D090236376082A71
:104C500011D902210B000131DD00AA420ED82A0031
:104C600092B2DBB2A3767368D218019B7260A37311
:104C7000C8E78023EAE708220123F1E74129E9D1C7
:104C800000220123EDE72A2084469C4460460170FF
:104C900001211A852C331970B940A37A0B43DBB27A
:104CA000A37220232B432375637D9B070ED54823D6
:104CB0006375082A0CD902210B000131DD00AA42DC
:104CC00009D82A0092B2DBB2A375CCE74023EFE704
:104CD00008220123F6E74129EED100220123F2E761
:104CE000012040428FE7C04600260020C826002051
:104CF000005C004010B54279037912021A43032385
:104D0000C178520519408078520DFFF763FF434286
:104D10005841C0B210BD00006022F0B5A24C85B071
:104D200023781A40202A00D14AE1402A00D175E1B7
:104D3000002A23D103321340012B00D16EE0022B55
:104D400000D1D6E0002B19D160786588092815D8E4
:104D5000EDF7D2FD760C140C14050E142A2EEDB2CC
:104D6000002D01D1914B1D70914B1D70002373E1FB
:104D70002A0AEDB2032A04D1EE2D04D1002005B099
:104D8000F0BD032AFAD80021A369D6B2187800280A
:104D9000F4D05F78B74203D18D4200D154E10131A4
:104DA0001B18F3E71B7857E1824BA360012353E103
:104DB000FF270020A669EDB200973178002908D1BD
:104DC0005E22AE23FF325B00A55400281BD1E054C5
:104DD000CCE77378042B08D0052B0BD0022B06D11F
:104DE0007779BD4203D1012001E0F3780093337855
:104DF000F618E2E7BD42FAD1009B002BF7D1300054
:104E0000FFF778FFF3E701220720E254FFF7E6FB04
:104E1000802202206849FFF779FEA7E75E23FF336F
:104E2000E35C002BAAD06078638827790B28A5D88B
:104E3000EDF758FD06A4A4A4A4A40DA4A4A42D31A8
:104E40000023A2681370A2685370022304E11B0AB6
:104E5000212B0CD1594B1B68002B00D18EE75A1C1B
:104E6000D27FBA42F7D15B69A3600923F4E0222B19
:104E700000D083E7514B1B68002B00D17EE75A1C02
:104E8000D27FBA42F7D19A69DB69A260E4E00022DE
:104E9000A3681A708AE7DBB2FF2601930023A56995
:104EA000009602932B780393002B05D108200299DA
:104EB000FFF794FB039BCFE06B78042B04D0052B0A
:104EC0000DD02B78ED18EDE7EB78AE780093B74274
:104ED000F7D1019B009A9342F3D10295F1E7B742D3
:104EE000EFD1019B009A9342EBD12800FFF702FF1C
:104EF000E7E75E23FF33E35C002B00D13EE7A288A7
:104F00006378D0B2012B1DD0032B45D0002B00D0ED
:104F100034E77F331840254B997B9873C9B212064A
:104F20000BD4002802D0587E8006C00F002299734F
:104F3000A3681870A3685A7087E70028F6D0587DD8
:104F4000C006F2E76388002B23D17F331840174B4C
:104F5000997B9873C9B2120610D4002804D11A7C28
:104F6000043082431A7407E060205A7E82435A76E6
:104F70005A7E203002435A7699736EE00028EED0B4
:104F800030205A7D82435A754022587D02435A751B
:104F9000F2E700232361F1E66588002DF9D1FFF7E0
:104FA000F5FD256159E0C046F8000020005C004096
:104FB0000026002055020020D8300020B01C002020
:104FC00003221340012B17D1254B22791B68002B9C
:104FD00002D1012040420AE05D68002D0AD0591C30
:104FE000C97F914206D120001E4A1F49A847C043ED
:104FF000C00FC4E61B68EAE7022B00D0BEE6184BE0
:10500000A2881B68120A002BE3D09D68002D03D0F4
:10501000591CC97F9142E6D01B68F4E7104B1D680C
:10502000002D02D1012040420AE0EB68002B01D1A3
:105030002D68F5E720000B4A0B4998470028F7D167
:105040000123013018409AE6A360022A00D0A9E6A5
:105050009A78DB781B021343236101208FE6C04658
:10506000B01C0020080100200001002000231800CF
:1050700010B5094A094914888C4200D110800133C7
:105080000232802BF7D11E220021054805F0A0FF37
:105090000022044B1A7010BD822F0020FFFF000079
:1050A000642F0020622F002010B5194CE08AC1093E
:1050B00007D18022174B121A40005200C01805F089
:1050C00087FF154A1378002B0FD0013BDBB213701A
:1050D000002B02D10122114B1A70012210490B78CA
:1050E00053400B700F4B1A7010BD0F4B1B78002BE9
:1050F000F3D1A088FEF75AFF0C4A0530D3680A3373
:10510000834200DA03000A2B00DD0A231361E4E77F
:1051100094300020822F00209C2E00208D00002043
:10512000860000206E000020C33000209000002088
:10513000802210B5D2000021084805F049FF002266
:10514000074B1A70074A084B12681A60074A084B47
:1051500012681A602022074B1A7010BD362A0020F0
:10516000362E00207C0000207400002078000020F3
:10517000700000208800002013B508220021684636
:1051800005F026FF082269461548EFF745FC154C47
:105190000521637922791B0192001343E27A206989
:1051A00013436A46137006220F4B82301B785B0054
:1051B00013400E4A127813436A465370EDF744FCCD
:1051C0006B46987023890A4A934200D1FF236A46AE
:1051D0006946D370024800230822F0F7E3F813BDB4
:1051E00048A10000900000208E000020C330002065
:1051F000FFFF0000F7B5154B0D1E01930CD0144EA8
:105200003368002B08D0B3681C68019B0093736857
:10521000002D07D1B3681C60802202200199FFF79E
:1052200075FCF7BD27001C1BBB42FBD0AC4200D96C
:105230002C00306822000099C01905F0F8FF009B8F
:105240002D1B1B1900933C19E1E7C046D830002004
:10525000FC1C00204378212B15D0222B04D0203BAE
:105260005A1E934158427047C37882781B021343F9
:10527000180001220C491040134202D00A7000208D
:10528000F1E70870FBE780200B68002140421870AE
:1052900004305870D970197159719A30083198706A
:1052A000997107231360EAE7BB070020F7B50025D3
:1052B0000700FA242E0001910520EFF7C7FD3B6996
:1052C0000199320099430B005E425E41964206D13D
:1052D0000135962D04D15A1E9341D8B204E0012520
:1052E000013C002CE8D12000FEBD0000F7B52A22C9
:1052F0002D4BFF329E5C0023273AFF3A05001C002D
:105300002A4F3240012A1DD00122294B1B699B0ADA
:105310009A430192F30605D5A0200821C005FFF7A6
:10532000C5FF0400730706D5802121480901FFF756
:10533000BDFF0443E4B2B60631D4019B002B01D07B
:105340003B68013300211B4A3B608C4201D011684D
:10535000013111600222184E184C30789A429B415C
:105360008A4292414142484121785B424F42794111
:1053700052424042494218401140114FA870E97012
:105380002B706A70002806D000213970397833708C
:1053900029712270F7BD0029F8D00121F5E723001B
:1053A000019C0193C9E7C0460C220020B4280020CC
:1053B00000040050B0280020B9280020B8280020A0
:1053C000AE28002007B5002807D008237F220093CD
:1053D00000210348073BF8F7F5FFEFF73DFC07BD59
:1053E0005CCD01080C224243054B70B59B1818791F
:1053F0005D79DC88EEF718FB2841204070BDC0467F
:1054000024EC010810B5FEF7F3FD0400094B186009
:10541000EFF7F6F82000EFF769FA3020EEF704FB1B
:10542000040000213020EEF739FD21003020EEF796
:1054300035FD10BDBC30002010B5054A054B506845
:10544000D860518819801289DA80FFF7DBFF10BD20
:10545000B030002094300020404BF7B51A7804009B
:10546000824250D018703E4B3E4D3F4F3F4E01930D
:10547000002849D03E4B1868002805D03D4A0369F2
:1054800012681A60F7F794F90020FCF77DFE3A4B9A
:1054900000201978F7F794FB38492B680978384AC7
:1054A00003335B1A01201360F9F760FA3020EEF73E
:1054B000BBFA80218900014389B23020EEF7EEFC6F
:1054C00080244720EEF7B0FA6400204381B24720E1
:1054D000EEF7E4FCFA204000EFF7B8FCA023DB0570
:1054E0009C6100233B70274B019A5B8843203380EB
:1054F000D27A254B5200D15AEEF7D0FC80213F20C2
:10550000C900EEF7CBFCF7BDA0238022FA20DB0513
:1055100052009A624000EFF799FC3020EEF784FACF
:105520001A4901403020EEF7B9FC4720EEF77CFA2B
:10553000174901404720EEF7B1FC2000F9F716FAB1
:1055400001235B422A683380124B3C701A60019B36
:10555000114A5B7943205B00D15CD2E78C000020CC
:10556000900000205C210020903000208A00002064
:10557000B0200020BC3000208830002088000020AF
:1055800084300020B0300020E0EB0108FFFD000077
:10559000FFFE00008C300020E6EB010810B5FEF79E
:1055A000D1FD104CE068EFF7A1F93020EEF73CFA9E
:1055B0000D4A0E4B10401880FEF75CFD0020FFF7EF
:1055C0004BFF01220A4BFF211A7001237F325B42FD
:1055D0000848638005F0FCFC40220021064805F0E5
:1055E000F7FC10BD94300020FFFDFFFFA02E00202F
:1055F00087000020E22E0020A22E002070B580221D
:1056000080256124144B6D426442002152001348EE
:10561000DD601C6105F0DCFC8022FF21104805F0F4
:10562000D7FC002140220F4805F0D2FC00220E4B8F
:105630001A800E4B1A700E4B1D600E4B1C600E4BE9
:105640001D600E4B1C60FFF7A9FF01220C4B1A7066
:105650000C4B1A7070BDC04690000020822F0020B5
:10566000E22E0020A22E00209E2E00209C2E002044
:105670007C000020780000207400002070000020D2
:10568000C03000208D0000200300013870B5C4B286
:10569000112800D9AFE0EDF72FF90921AEBDAFAE6B
:1056A0000921AED43A3AE0AEAECEAE89804D6B79E8
:1056B000012C0ED800220E2B01D00133DAB26A7110
:1056C000FEF706FD40082860FFF768FFFFF7CEFCF5
:1056D00014E00E22002BF2D0013BEFE7FEF7D2FCE4
:1056E000734A8000136880B2012C0AD171498B4241
:1056F00001D8C01810607048EFF7A8FB6F4B01226B
:105700002FE06F498B42F6D91B1A1360F3E76D4AFD
:105710001278002A2DD06C4AD57E0B2B01D00123A4
:105720005D400020FFF798FEFEF700FDFEF7A2FCAB
:10573000FEF708FD654C664A002D02D1E38A012B75
:1057400011D8012313700023E380FEF7C9FC002267
:10575000604BE0601A70604B1A70584B01321A703F
:105760005E4B1A7047E0013B1570E380FEF7CAFC00
:10577000EDE75B4A1268002A3DD1534AD27E0B2BDB
:1057800001D001235A4057490B68002A07D0564AD6
:10579000934230D8464A12689B180B6094E7534AEC
:1057A000934228D9424A12689B1AF6E7504B0F21C0
:1057B0001878504D421C1A704F4B1C89EDF740F978
:1057C000C9B24900414B4C53D98AE0B2802906D96D
:1057D000E001EDF7AFF87F2800D97F20C0B20122A9
:1057E000464B40005242C252FEF744FC0020FFF7F5
:1057F00033FEFEF79BFC70BD394B1B68002BFAD1C2
:105800003F4A13703F4A1370FEF7BEFD0120FEF7BA
:10581000DBFBF0E7324B1B68002BECD1244C03225E
:105820002379002B01D0013BDAB22271FEF750FC44
:105830004008206048E70220FEF7C6FBFFF7FCFDAA
:10584000D9E70123304A11784B40137003D101226C
:10585000174B52421A81214B51E72C4B1C78002CDC
:1058600001D000227DE7FFF787FC294B1C70F8F779
:105870002DFD284B1968002906D0274B1A68002AED
:1058800002D009691C600A60244B00241868FFF7E5
:10589000B9FD234A6300D15A224B185D0134EEF75B
:1058A000FDFA072CF5D101221F4B1A701F4BD8E7C8
:1058B000900000203F0D0300A0860100C0300020B2
:1058C000102700008C0000200C22002094300020C3
:1058D000830000206E000020870000208D00002043
:1058E000840A0020AC3000207FA4BF0740771B0053
:1058F000622F0020642F0020B0300020822F002073
:105900003D2E00203C2E0020C3300020582E0020C9
:1059100044220020B0200020542E0020502E0020D1
:105920003E2E0020C8EB0108630A00204C2E002008
:1059300070B53224FF256320EEF776F82840C7289B
:1059400006D9013C0120E4B2EFF780FA002CF2D135
:10595000EEF776FFEEF774FF154B0400DD8A188032
:10596000D888802D06D92900C001ECF7E3FF7F28F5
:1059700000D97F200F4EC0B20F494300B44203D17B
:1059800001225242CA5207E0CA5A802D0AD9B242B5
:1059900002D0A24201D8CC5270BD0320424312195A
:1059A0009208EFE7A242F6D912195210EAE7C04670
:1059B00094300020FFFF0000822F00207FB50F30C1
:1059C0000D000A220021040005F002FB084B9D4255
:1059D0000CD001AE29003000F7F7D2FF0023F25CB3
:1059E000002A03D0E25401330A2BF8D17FBDC04610
:1059F000FFFF000070B5284E8AB03000ECF76AFF58
:105A00008022041E254D264815D1210005F0E0FA1C
:105A100080222100280005F0DBFA03232200022166
:105A20002048F8F713FD0423220002211E48F8F74E
:105A30000DFD0AB070BD002105F0CAFA80220021D8
:105A4000280005F0C5FA112C06D8032300220221F4
:105A50003000F8F7B5FDECE705AD11223100280064
:105A600005F0E5FB00220323113C022128006A74A3
:105A7000F8F7A6FD231CA4B2112C00D911239CB267
:105A800022000A49684605F0D2FB6B46002202213B
:105A90001A5568460423DCE7DA030020251F00209E
:105AA000A51E002063CD010870CD0108EB03002086
:105AB000F7B5484D022816D0032800D180E02B7896
:105AC000012808D0052B02D801332B7002E00122F7
:105AD000414B1A70F7BD052BF9D898403F4A117811
:105AE00001431170F0E729780029F3D03A4B3B4A83
:105AF00000931B780192002B11D14A1E052A0ED863
:105B0000019A1478364A100056788E4210D1967851
:105B1000A6420DD103225343C65C002E0DD10023B3
:105B2000019A2B7013702F4A1370009A1370D1E7EB
:105B3000013303322D2BE7D1F1E7392E09D8252E79
:105B4000EDD93200284B263AD2B2D340DB0709D434
:105B5000E5E733003D3BDBB21D2BE0D8234ADA40BA
:105B6000D207DCD51F4B224C1B78002B12D0237898
:105B70000F2B06D90F221F491F4805F031FB0F23B9
:105B80002370202021781C4B4A1C58540021D2B28B
:105B9000227099542378184F0F2B06D90F22380002
:105BA000144905F01DFB0F2323702278531CBE54AB
:105BB0000022DBB2FA542370104B01321A70AEE7A8
:105BC00000230121054A2B701370064A1170024A06
:105BD000ACE7C046AD280020AC280020AB28002050
:105BE000F4EA0108AA280020E5FF0F00F5FFFF3FB7
:105BF000A92800209928002098280020EC210020C6
:105C000010B5044B1B78FF2B03D0034A9B009B5815
:105C1000984710BDC321002044ED010870B5040071
:105C2000FF281CD00E4D2B78834214D0F0F7EAFEEB
:105C300000230C4A13700C4A13700C4A13700C4A60
:105C400013700C4A13700C4A13700C4A13700C4AF0
:105C50001370EEF7A7FF01220A4B2C701A7070BD6B
:105C6000C3210020DF210020CC250020BE21002000
:105C7000A4210020A3210020C6250020BF21002050
:105C8000A1210020EC21002000200122064B10B5AC
:105C90001870064B52421870054B1A80054B0232A1
:105CA0001A70FFF7BBFF10BDAE070020AD07002044
:105CB00024000020B721002010B5802205490648A5
:105CC000EEF7AAFEE022054905489200EEF7A4FE91
:105CD00010BDC046990A002008100100251D0020B3
:105CE000881001000EB403B5012103AB04CB494277
:105CF0000193FEF7E3FC02B008BC03B018470000B4
:105D0000F0B589B0F8F736FD0520F8F71BFD08233C
:105D10000093002302211A005F48F8F753FB5F4C01
:105D20005F4BA67D0A21B5076D0FE85AECF702FE1E
:105D300083B25C4F0393B60700D15B4F5B4B0A21E4
:105D4000585BECF7F7FD5A4E80B23B003100039AE6
:105D5000009004A8FFF7C6FF062304A80022012133
:105D6000F8F774FB534D54482B78002B12D1534B4A
:105D700053481B78002B0DD1524B1B78002B33D18D
:105D8000E27C002A23D0A27C4F49013204A8FFF70D
:105D9000A9FF04A80A237F2200930021073BF8F7FC
:105DA00011FB2B78002B06D1E37C002B46D0474B10
:105DB0001B78002B42D0464B1A78444B1B78002BA3
:105DC0001BD14449013204A8FFF78CFF2DE0A38AC0
:105DD00041495000085A0132834201D13F49D5E779
:105DE000302AF6D13E48D5E73E4B3F481B78002B82
:105DF000D0D0374B3D491A78C8E73D4B02AA1381F2
:105E00002D233C4993720A780A2A01D03032D3B24A
:105E100002AAD3724B782D220A2B01D03033DAB28A
:105E200002AB1A73002302AA53730A237F22009342
:105E30000021093B04A8F8F7C5FA22E01F4B1B78A4
:105E4000002B01D0A27CBCE7204D2B78002B1CD16D
:105E5000A68A0A213000ECF7F3FD30008CB20A214B
:105E6000ECF768FD2300244982B204A8FFF73AFF4B
:105E70002B7824215A42534104A80122DBB2F8F7BF
:105E8000BFFBEEF7E9FE09B0F0BDF8F759FD1B497D
:105E90000200C31CE9E7C04657C801080C220020D5
:105EA000DCD30108E1C60108C3CE0108E4D3010830
:105EB0008CCD0108BF2100207ACD0108A12100204E
:105EC00080CD0108A321002095CD0108DF2100200D
:105ED0001A210020B7CD0108BA200020A0CD01086A
:105EE00060CA01081E21002085CD0108ACCD010843
:105EF00043480000D0030020BFCD0108C6CD0108F3
:105F000070B50D0007490400ECF79AFD20000E0063
:105F10000449ECF70FFD3300020003492800FFF7A6
:105F2000E1FE70BDA08601008EC50108F0B587B006
:105F3000002801D1364B1868FEF75AF8354C050099
:105F40002100FFF7DDFF2B22012711000023200095
:105F5000F8F77CFA304E314B327D31499200D2183D
:105F60002000FFF7BFFE00233A00742120000097B5
:105F7000F8F7A6FBF27A2B4B9200D2582A49200060
:105F8000FFF7B0FE002307226C2120000097F8F7EE
:105F900097FB2800FEF72CF8244B05004922180037
:105FA0000021039305F014F8214B1B78002B24D01B
:105FB000204B214E1A68954216D000241D60347083
:105FC0000022A7B211003800F6F784FB002818D091
:105FD0000822200104A9EEF71FFD049B9D4210D169
:105FE00039003000F7F7CCFC3378002B05D00622BF
:105FF0003000124B0399F8F7C5F9EEF73BFE07B0F6
:10600000F0BD80230134DB009C42D9D1ECE7C046CF
:10601000BC3000206C2E002090000020BCDA01086B
:10602000D0CD0108D0EB0108D4CD0108C40A00206E
:106030008C000020682E0020592E002042DF01082D
:1060400000B58022002112488BB004F0C1FF114B33
:106050001A78114B022A09D0104B1A78104B002ADB
:1060600004D1104A1278002A00D10F4B0F48104A71
:10607000007812780F49009002A8FFF733FE06233C
:106080000022022102A8F8F7E1F90BB000BDC046DA
:106090002520002036060020E1C501082406002046
:1060A0004ACB01082F060020D9CD01086A00002044
:1060B00001000020DDCD01080CB407B504AB04CB12
:1060C0000193FEF7FBFA03B008BC02B018470000CA
:1060D000002270B5040010000B4E93B2994200D814
:1060E00070BD0825A35C1B02584003B2002B07DAE1
:1060F0005B00734098B2013D002DF6D10132ECE710
:10610000400080B2F7E7C04621100000F0B58027BC
:1061100004000E00150085B07F04002D01D105B0EC
:10612000F0BD002300930A3320006B4403AA29002A
:10613000FDF79CFE6B4603985A89B8420BD3FF21AA
:10614000300004F045FF6B465B891C19ED1AA4B2C0
:10615000F618EDB2E1E73100EEF75EFCF3E7F0B5DB
:1061600004000F00082589B0092302AA9B18009398
:106170000A2329009B18200005AAFDF777FE80233B
:10618000059E5B049E420ED202AB5B8939000393ED
:1061900002AB3000039A5B7AEFF704F93000039A00
:1061A00006A9EEF739FC02AB5B89ED1A1C19ADB2FA
:1061B000A4B2FF18002DD7D109B0F0BD30B58024AE
:1061C000094A4118884208D130BD013B1568254273
:1061D00005D1002BF9D10130F4E7044BF6E7002B91
:1061E000F9D003785360F6E700380140102700002B
:1061F000F0B585B0002815D15E4B5F4D5A688023FD
:106200005B009B1A5D4A5E4E9BB200925D4A802005
:106210009446FF2440002A889A4200D094E000204F
:1062200005B0F0BD584B594A1B68594D594E9BB2A9
:106230000092EBE7013222402A802A889A4200D15C
:1062400094E0B75CAB2F00D181E0013989B26145A0
:10625000F0D1991A9A4202D3591CFF31891A89B296
:106260000729DCD901322240B75CCD2F74D0013828
:1062700080B22A806045CED1FF202A880192023266
:106280000240541C0440375DB45C3F023C4327B2DB
:1062900002978027039408347F00BC425AD8029C9E
:1062A00007348C42BBDA029902328C1C0240A418DB
:1062B0000440315DDC294DD1611C0140715CBA297B
:1062C00048D193B2B118A24249D9FF1ABFB23A00DD
:1062D000009804F0ACFF22003100009BD81904F0B4
:1062E000A6FF0234019BE7B2E4B2F018A34239D909
:1062F000802252000021D21A04F06AFE3A000021E6
:10630000300004F065FE039B2C80991C0F240023B1
:1063100021481A00009D2240ED5C825C6A40009D8D
:10632000EA5401338B42F4D303992800FFF7D0FEDF
:10633000029A0299AB185A786B5C12021343181A2E
:1063400042425041C0B26BE78021490075E7002905
:1063500000D07EE72B8062E700288DD1FAE7009815
:10636000A21ABCE7019B0021FA1ACAE70029F1D062
:1063700055E7C0461C000240603300206031002019
:10638000B01B0020FFFF00007C02002060320020D4
:106390006233002080020020CCEC010870B50400BC
:1063A0000125EFF7B9F88020EFF732F960002843B4
:1063B000C0B2EFF72DF92800EEF748FD0020EFF707
:1063C000DBF804002800EEF741FD2800EFF7D4F8D1
:1063D0000500EFF7B9F82002284380B270BD70B510
:1063E00005000C00EFF798F88020EFF711F968002E
:1063F000C0B2EFF70DF960BA84B2C0B2EFF708F996
:10640000002802DB200AEFF703F9EFF79DF870BDD3
:1064100010B502200149FFF7E2FF10BD4102000064
:106420000F4B4A00D35A70B5C01A84B205200D0034
:10643000FFF7B4FFC0239843AD0181B22943052083
:10644000FFF7CDFF21000320FFF7C9FF0548EEF756
:10645000FDFC8021090203202143FFF7C0FF70BD2E
:10646000DCD301081027000010B5044B997D988AF1
:106470008907890FFFF7D4FF10BDC0460C2200200A
:1064800010B50C4C238AA382E37C002B0FD0012192
:10649000A07CFDF741FDFF2804D100230138E374FF
:1064A000FF3810BD044BA0744000C35AA3820020E3
:1064B000F7E7C0460C220020BA200020F8B50923D7
:1064C0000124CB40050023421DD0244B1B78002B18
:1064D00002D103394C424C410127214E3770EEF76F
:1064E00061FB03221F4B1A700E2D34D82800ECF7E5
:1064F00003FA080B321932323232272A3232323260
:106500002D00EEF70DFAF8BD032017498A7D930799
:106510009B0F0133034082431A438A750122134BB8
:106520001A70F0E70124104AD37C6340D374FFF75C
:10653000A7FF00280FD1FFF797FF0C4B1C70E2E775
:10654000EFF752FDDFE7EEF763FDDCE720003840B0
:10655000F0F7AAF9D7E702233370D4E7190B00202C
:10656000DD210020610000200C220020B107002066
:1065700070B5A0230C008021DB0549009962002141
:106580000F4B104D197029780A23002900D16E3362
:106590000D490E4E0B8000230D49B0820B700D4942
:1065A0000B700D490B700D490B709A4204D1001904
:1065B00080B2FDF7CBFCB0822C70FFF755FF70BDA9
:1065C000B8200020A32100201C2100200C22002044
:1065D0002D2100201B210020BF210020A12100200F
:1065E0000022114B10B51A70104B1B78934203D048
:1065F0000F4B0132FF325A82FFF742FFFFF734FFA1
:10660000F7F7B6FB00230B4A13800B4A13700B4AB3
:106610001370EEF7ADFCA0238022DB0552009A61D7
:10662000074BFF3A1A7010BDA32100201E21002045
:106630000C2200201C2100202D210020BF21002041
:10664000B82000200B0070B554001C191100E4B2F2
:10665000122823D8ECF764F9130013001300130079
:106660001300130013001300130013009300F50030
:10667000F50055019000B001B401B801B801002C3B
:1066800000D075E0B04B1B78002B00D070E0AF4B12
:106690001B78002B03D0AE4B02221A7070BDAD4B9D
:1066A0001B78002B1AD1AC4B1B78002BF3D1AB4BD2
:1066B000DE7CF8F72DF91023A94AAA4D13700D3B83
:1066C0002B70A94B1978002E2DD1012908D1A74A8A
:1066D00011780129E2D951701670DDE70226E8E74A
:1066E0000329DBD901241E701470F8F729F9F5F796
:1066F000FDFE9A4A9E49937D9B075B0F595A88423B
:1067000003D39C495B5A984205D90222904B1A70D8
:1067100003232B70C2E780B210829082FFF7A4FEA1
:10672000954B1C70BAE70229B8D1002119700123DA
:1067300013708E4B5C781A780A235343013CE4189B
:10674000E4B2012E0FD12000FDF7C8FB0028A2D033
:10675000824A8A4B94746400E35A9382FFF784FE62
:10676000854B1E709AE72F2C00D994E7844BD8E70D
:106770002100FFF7A3FE91E721000E20F9E7032C8B
:1067800005D101220A201100EFF7BCFB86E7002C9F
:1067900000D083E70322734B6D4D01341A702C70C7
:1067A000EEF700FA6C4B1B78002B2CD16E4B1B784C
:1067B000002B00D06FE7694AD37C002B0FD16548CE
:1067C0000578002D07D06E496C4B0978928AA1405C
:1067D000CA52694B1C7001236B4003705EE75B4D2E
:1067E0002B78002B0BD00121927C644B5200494244
:1067F000D152FFF745FEFFF737FE5F4B1C700123B8
:106800002A78534085E75F4B1B78002B03D15E4B02
:106810001B78002B04D1022300222B70524B3CE743
:106820004C490878002808D0554A4C4D1278534BF3
:10683000AD8A5200D552504B1C70012343400B705F
:106840002CE701250B2820D1EEF7ACF9464B1B783D
:10685000012C1CD1002B00D01DE73D4B1C703F4C80
:10686000E37E002B01D16D426DB23A4B1B78002BB9
:1068700017D003223B4B1A70414A13785B19591CFD
:106880000CD02F2B0BDD002309E06D42DCE7002B41
:1068900000D003E7032C00D000E7E0E72F231370BC
:1068A000FCE62D4B1B78002B0BD0364B1A78002AB8
:1068B00000D0F0E62900A08AFFF75AFE0322294BF8
:1068C000EBE6E37C002B14D0A67CE9B27018C0B2D2
:1068D000FDF722FBFF2809D0864207D0274BA07482
:1068E0004000C35AA3820122234B1A70FFF7BCFD5C
:1068F000E4E7208A401980B2FDF728FBA0822082BD
:10690000F1E7194A1378002B16D0002C00D0C5E609
:1069100001200F49087010490978002949D1002B3E
:1069200034D10C49094B0A78002A09D11A78002A77
:1069300006D1EDF7F5FFB1E6012C00D0AEE6E7E7B2
:1069400000220A701A70B9E7190B0020A12100205B
:10695000DD210020BF210020A32100200C220020E7
:10696000E421002061000020DF210020D00300206E
:10697000DCD30108E4D30108B1070020BA200020CD
:106980001A2100201E2100201B2100200A21102492
:106990001248013BDBB2C154114913700C70002B3B
:1069A00004D0012B8AD10378002B87D100231370E8
:1069B00084E7FFF715FE81E71800F0F767F86DE64A
:1069C0001800F0F7B1F869E6012C00D166E6022262
:1069D000044B1A70EEF7E6F860E6C046D0030020DC
:1069E000E4210020DD2100200023F7B501212D4AFC
:1069F0002D4D13702D4A11702D4A13702D4A13809E
:106A0000AB7DAE8A9B079B0F0193002E45D02A4F8A
:106A10003C78002C3CD1294A6300E0B2D15A0134C1
:106A2000FFF7DDFC222CF6D12548EEF70FFA1920EE
:106A30002449FFF7D4FC19202349FFF7D0FC234851
:106A4000EEF704FA01233B70214B052019784B42E5
:106A500059410F2349421940A1231B01C918FFF7CF
:106A6000BEFC30000199FFF7DBFC1A48EDF73EFF52
:106A7000A0238022DB0552009A61174BFF3A1A705F
:106A8000164B38351A7003232B70F7F71FFCF7BD30
:106A900002201349FFF7A3FCD6E702201149FFF7B4
:106AA0009EFCE2E7830A00200C220020DE21002069
:106AB000A3210020700A0020D630002088EC0108B5
:106AC00090D003003CA80000BCA8000060EA0000D1
:106AD000650A002080789D00B8200020F121002068
:106AE0000102000041020000054A1378082B01D979
:106AF000002313701278034B9200D0587047C046A1
:106B0000D530002064EC0108F0B589B0F7F732FE0B
:106B1000704D71482B78002B05D07048012B02D0A6
:106B200000236F482B7008237F220093022100234B
:106B3000F7F748FC6B4B04AC1E78002E43D16A4B30
:106B40006A491B681F683800EBF77AFF380002912A
:106B50006649EBF7EFFE66490200029B2000FFF753
:106B6000C1F80F2002AF032332006121C019F7F7EB
:106B70006DFCE6710023022210212000F7F740FD92
:106B8000FFF7B2FF5B4A5C4B16882A7802901B889D
:106B9000C188002A25D1594B1A78072A1CD8D2015E
:106BA00013002000564980330132FFF79BF8082379
:106BB0007F22009302212000033BF7F703FCEEF74E
:106BC0004BF809B0F0BDF7F7BBFE4E490200C31CFD
:106BD0002000FFF787F8CDE720004B4904F01FFBAA
:106BE000E5E79B191F1C9BB28B4200D90F1C47483D
:106BF000BFB27843EBF728FF83B2180064210393F8
:106C0000EBF798FE642185B20398EBF719FF404A31
:106C10008BB21278002A52D12A0020003D490096FA
:106C2000FFF760F83C4B1B78002B17D008233C255E
:106C3000422620007F2202210093033BF7F7C2FB8C
:106C4000364C374B7A22E554364B81213648E65490
:106C500004F0BEF9354BE654354BE554002FAED069
:106C6000244B344918880B7883420AD007257B1EB1
:106C7000DC101D400123AB402F4A0870155D2B43EB
:106C80001355002307201A0084462C492C4D8124DB
:106C9000974209D9284ED010305C664616403041E4
:106CA0000126304200D13C3402980C70C0881B1879
:106CB0009BB2772B09D80131A942E8D17FE72A009E
:106CC00020002049FFF70EF8ACE7783B01329BB279
:106CD00092B2EEE7A8200020EACD0108F8CD010825
:106CE00001CE0108DF210020B0200020A086010095
:106CF00002C501080E0700200C070020D530002037
:106D000019CE01080FCE010829CE01081027000076
:106D10001107002032CE0108D4300020251D0020AC
:106D20000102000002020000281F00207D02000076
:106D30007E020000C4300020C5300020291F002042
:106D4000A11F002047CE010870B500220725074982
:106D5000074C13002B405B004E881B5B01327340D5
:106D60004B8002318242F4D170BDC04664070020DE
:106D700054EC0108F0B5804B8DB01B78002B19D076
:106D80007E4B1C78002C15D17D4B1B78012B13D02A
:106D9000022B00D1E7E001227A4B03201A70EDF7B5
:106DA00060FF0420EDF75DFF0520EDF75AFF062098
:106DB000EDF757FF0DB0F0BD734A744C127823788D
:106DC000002A75D0FEF716FE714D802200212800A2
:106DD00004F0FEF86F4B1E7833007F33DBB2019373
:106DE0007F236D4A3340009200996C4AC95CD25CA3
:106DF0000136F6B20B1C914200D2131C7F21674A68
:106E000000983140525C415CDBB20F1C914200D2D1
:106E1000171C0024FFB23F2B07D8072041215843FD
:106E2000EBF788FD06231C1AE4B200203F2F07D899
:106E3000073041217843EBF77DFD0623181AC0B2D5
:106E4000012106230F001B1B9F402A783A432A701A
:106E5000844279D20F009F402A7801343A43E4B249
:106E60002A70013BA042F5D2019B01359E42B7D169
:106E70007F23009A1E40494B915D9B5D0A1C9942FD
:106E800000D21A1CD2B240233F2A0BD8072041213E
:106E90005043EBF74FFD0623181AC0B2181A053BF2
:106EA0008340DBB23E4A3F495354FFF7C9F872E7CB
:106EB000002B03D13C4C2378002B83D02000EBF730
:106EC00009FD802207000021384804F081F8802263
:106ED0000021374804F07CF80323002202213548C2
:106EE000F7F7B4FA112F06D8032300221C21200043
:106EF000F7F7ACFA68E70026BDB2222F02D92E00C0
:106F0000223EB6B21122A11902A804F090F9002283
:106F100002AB113D5A74AD1B03231C2102A8F7F7E5
:106F200095FA2B1CADB2112D00D911239DB207AFDC
:106F300011362A00A119380004F079F9002204233F
:106F4000022138007A55D3E784428DD906231B1AD3
:106F50000F009F402A7801303A43C0B22A70013BAB
:106F60008442F5D280E7FEF745FD802221000848E3
:106F700004F02EF899E7C0464B210020C3210020E1
:106F800036060020EC210020DA030020D62900205C
:106F9000A51F0020D529002055290020D528002034
:106FA000251D0020FF02000014060020A51E002061
:106FB000251F002057CE0108F0B589B00522002119
:106FC00004A804F005F8BC4EBC4C33782078002BA4
:106FD00054D0BB4F3B78034350D12A22B94BFF32E8
:106FE0009D5C2C22FF329B5C5A1F5F2A00D9142320
:106FF0003221B5485943EBF79DFCB44B80B2188061
:1070000003234343B24A9BB21380B24A1080B24A70
:10701000138007224243B14B1A8005232370B04BE3
:107020001A68B04B1A800023AF4A3B701370AF4A06
:107030001370AF4A1370AF4A1380AF4A1370AF4A50
:107040001370AF4A1360AF4A1360AF4A33701370C6
:10705000AE4BAF4A1978002902D01178A94202D06C
:10706000157001221A70AB4C2378012B45D1EDF736
:1070700049FB022323709A4B1A6854E0052803D079
:10708000A24B1B78002B02D100232370EBE72A23AD
:107090008C4FFF33FB5C01251A00914E2A4031686A
:1070A0002B4200D170E0924C1B072CD4EDF730FD41
:1070B000002828D02378002B00D0A9E225700022D8
:1070C0000124954B934D1A80944B1C702B7893425E
:1070D00000D096E2A0230132DB05FF329A6190488E
:1070E000EDF7B4FEFBF7C0FE02228E4B2C701A7037
:1070F0008D4B01201988EEF725F8864B1B78022B63
:1071000013D009B0F0BD0022237822705B00DBB2FF
:10711000022BA8D17F4C2378012BEED1EDF7F2FAA8
:10712000022332682370814B1A806D4B7F4A1B68A3
:1071300011885B1A9BB2132BE3D90025754B774C52
:1071400015801D702570EDF7DDFA29005120ECF750
:10715000A5FE2800FBF718F82800FAF7B7FE744BD5
:1071600028001D702570F5F71FFEF5F747FC714BE1
:107170001B78AB4202D00220EEF76AFF0122694B76
:107180001A70FFF7F7FDBCE795235B00FB5C032B50
:1071900000D0D5E006AF3800FEF7A8F8484D3468B7
:1071A0002878A4B2052800D95DE7EBF7A5FB031802
:1071B000304859717B78002B02D003232B707EE777
:1071C0003B78002B00D14EE701214A4B5A4A1C80E4
:1071D0005A4B29701B784B408B4013806FE7454B0F
:1071E000554F1A880093394B39881B88A21A5B18AF
:1071F00092B29BB29A4200D20AE20020FEF758FCFB
:1072000000233B80009B1C8002232B7082E77B784D
:10721000384A002B01D01480CFE73B78002B03D1F4
:10722000148004332B701EE713882A49E31A098857
:107230009BB2994200D916E714800123BEE77B7800
:10724000002B00D0E4E12B4F224A3B881288E31A3E
:107250009BB29A4202D80120FEF72AFC3C80D3E779
:107260007A78244B002A01D01C80A6E73A78002ABD
:1072700001D01C80E1E71B88174AE31A12889BB2F1
:107280009A4200D9EFE60220FEF712FC0523C9E777
:107290007A78184B002AE7D13E78002EE9D11B8876
:1072A000E41A0E4BA4B21B88A34200D9DBE60320EC
:1072B000FEF7FEFB2E70D6E669000020D0280020E5
:1072C000CF2800200C22002070170000C6280020C4
:1072D000C4280020C2280020C0280020BE2800208A
:1072E0005C210020CA280020CD280020CC280020C6
:1072F000BA280020BC280020B9280020B828002087
:10730000B4280020B0280020AE280020CE2800207D
:1073100068000020D4280020E8210020A0210020BF
:10732000204E0000360600200C000020D22800204D
:10733000BE0700208C0A0020C8280020B8200020AA
:107340008DB2042800D95AE1EBF7EAFA05003100C2
:107350007E00CB002B0104A8FDF7C8FF04AB1B780F
:1073600004AA5278002B12D1002A00D17BE6B44A3D
:10737000012113700022B34B21701A70B24BB34A33
:107380001D80B34B1B784B408B40138097E6002A3F
:10739000EDD095235B00FA5C2A3BFF3B022A03D128
:1073A00004AA12795340E2E7A54A1278FAE7A44BFF
:1073B0001B780093002B32D0A64B1B880293A24B64
:1073C00003931B88EB1A9BB201939E4B1B78002BF7
:1073D00011D104A8FDF78AFF95235B00FB5C002B0D
:1073E00022D1009B002B1CD004ABDB78002B02D0F9
:1073F0000122944B1A70954A029913885B180199DF
:10740000994200DA04E1002301201380039B1D80D0
:10741000009B5840FEF74CFB022323707AE68E4B0C
:10742000CBE704AB9B78E1E7012BE4D1009B002B79
:1074300007D1884B019A1B889342F2D804AB1B7882
:10744000D4E704AB5B78D1E77F4B00931B88EB1A42
:107450009EB27C4B1B78002B12D104A8FDF746FF8F
:1074600095235B00FB5C022B0AD0754B1B78002B2D
:1074700014D004ABDB78002B02D00122714B1A70C0
:10748000764B1B88B34200D9EDE56E4E3278002A68
:1074900007D06B4B197801234B400FE004AB9B786E
:1074A000E9E704A8FDF722FF04AB1B7804AA527891
:1074B000002B03D0002A00D0B7E01A000021317061
:1074C0008A420CD0009A04A81580012222705C4ADE
:1074D0001370FDF70BFFF2E559490978DCE7032348
:1074E000D3E5594E3388EB1A9BB200935C4B009A5C
:1074F0001B88934249D904A8FDF7F8FE04AB1A781B
:107500000120002A00D15878544B19884B085B1889
:10751000009999421CDA002800D1A4E504AB5B78FD
:107520004749002A06D0002B06D10A700123358076
:107530002370C4E5002BF8D195235B00FB5C01228E
:10754000022B03D104AB1B795A40EEE70B78FBE723
:10755000002800D187E53B490B78002B00D082E55D
:1075600001330B7095214900785C354902280AD116
:10757000002A08D004A84078002804D004AA127970
:1075800053400B706FE50A706DE50220FEF790FA2C
:107590002C4B1A78002A02D000221A70C6E7042366
:1075A00073E5294E04A833880193FDF79FFE04ABD1
:1075B0001B78002B04D104AA52780092002A11D023
:1075C00095225200BA5C022A09D1002B07D004AAE6
:1075D0005278002A03D004AB1A7901235340184A89
:1075E0001370A3E7019BEE1A1E4BB6B21B88B34281
:1075F00000D938E50320FEF75BFA009B45E52270D1
:1076000031E5022B00D073E52C70174B1A806FE523
:1076100001220021154B1A70154B1980154B197852
:10762000022900D11A703268EFE795235B00F95CFC
:107630002A3BFF3B022900D04EE704A909792BE73A
:10764000CD280020CC280020CA280020C8280020EF
:10765000B8200020C6280020C4280020C22800200E
:10766000C0280020BE280020D2280020A021002011
:10767000E8210020D4280020F7B5051E03D00378A8
:107680000024002B17D1F7BD0E4E0F4F33784F2B30
:1076900006D94F2238000D4903F0A2FD4F23337065
:1076A000019932780978531CB9540022DBB20134B5
:1076B0003370FA54E4B22B1901932B5D002BE3D104
:1076C000E1E7C04697280020D6290020D7290020CE
:1076D00010B5094C094A23780949D054CA5C824242
:1076E00005D2C8547F2201331340237010BD002AF5
:1076F000F8D0013ACA54F5E7D5290020D528002052
:1077000055290020F0B53D4B87B003931B780590B9
:107710000293002B70D03A4B3A4D1C780493002C06
:1077200043D021002888EBF78FF90026022C00D8DF
:107730001436642714217843EBF7FCF8031CC0B21D
:10774000B84200D93B1CDAB2B24200D2331CDBB2E1
:1077500019270193022C00D814272B4B019A2B4890
:107760001A700023049A2B801370294D029AAB548F
:107770002A789A422ED00122E95C002918D1254BA3
:107780009B5C2A2B01D03F2B0AD10024224E2800DB
:107790007168EBF795F8002817D11F4BE4001B5DCB
:1077A0001E4803700023437014E064230193D3E761
:1077B0002E2905D152003F2AE7DC0133DBB2DBE79B
:1077C0002D29E2D152000132F5E701340836362C7A
:1077D000DDD113480378002B04D0019B9F4201D8D0
:1077E000FFF74AFF0023039A2B701370059B002BB1
:1077F00002D00648FFF740FF07B0F0BD2706002083
:1078000010060020120600206A0000206DC7010843
:1078100014060020B4EA0108BCCF01089528002016
:1078200023C7010810B5002804D000221B4B1A7092
:107830001B4B1A70002401221A4B21001C701A4B9A
:107840001A481C701A4B1C801A4B1C801A4B1C7057
:107850001A4B1C701A4B1C701A4B1A707F3203F0B3
:10786000B7FB80222100184803F0B2FB7822174BA7
:1078700052421C70164B1C70164B1C70164B1C8011
:10788000164B1C70164B1C70164B1A80164BDC32B4
:107890001C80164B1C70164B1A7010BD97280020C8
:1078A000D62900202706002014060020D528002015
:1078B0002C060020280600202E060020240600208A
:1078C0002306002031060020552900202F06002025
:1078D000260600202506002020060020D5290020AD
:1078E0002A060020160000201206002010060020A4
:1078F0006A000020962010B50F4BC0001978EBF7F6
:10790000A3F81423132803DDDC33984200DC83B290
:107910000A4A0B49138003225A4392B20A8009494A
:1079200000200B8008490A8007214B43074A138037
:10793000FFF778FF10BDC046010000201A000020AC
:10794000100000200E000020120000201400002073
:107950002A4B10B51A78002A4ED000241C70284BF0
:107960008022210027481C7003F032FB8022210076
:10797000254803F02DFB80222100244803F028FB3A
:1079800021008022224803F023FB0120FFF74AFF59
:1079900020490B78A3420DD01F4A204B12780C705F
:1079A000DA771F4A1F4B1278DA7701221E4B1A70C2
:1079B000F5F724F81D4A1378002B0BD01C4B1D49FA
:1079C0001B7804200B70002111708B4200D002380C
:1079D000EEF73EFB18490B78002B05D0174A184BE1
:1079E00012781A7000230B70ECF777FE0022154B0B
:1079F0001A70154B01321A7010BDC0464B21002081
:107A000036060020A51E0020251F0020A51F0020EF
:107A10002520002030040020320400201122002004
:107A200031040020122200204E0000202F040020EC
:107A30002E0400208C0A00202D0400202C0400209D
:107A40004D220020190B0020EC21002070B5234AA4
:107A50001378DCB2002B10D1214B5D686D42EDB282
:107A6000204A13789D420DD1002C17D00F221E4BB7
:107A70001A7000221D4B1A7003E01378013BDBB231
:107A8000137070BD591C1170194A1A48D15CEDF77A
:107A900047F8002800D120000400E1E70225164B3A
:107AA000FF351E68F6B2154A13789E4207D1002CA6
:107AB000E7D00F220C4B1A700C4B0E3ADBE7013D5E
:107AC000002DF4D00E490F48C95C01331370EDF757
:107AD00027F8002800D120000400E4E790280020C7
:107AE0001C0002409228002067000020BC070020F4
:107AF000B01B0020912800207C0200209428002048
:107B00008002002093280020F0B5664A8FB01378D9
:107B10000290DDB2002B05D1634C2378002B06D1F7
:107B20000FB0F0BD1378013BDBB21370F8E75F4A8A
:107B30005F4E10683168401A5E49632808D91068A2
:107B4000013BDBB230602370002B01D10B70E7E703
:107B50000B785948002B00D092E001330B700123C1
:107B600002930024260013680021036010220AA853
:107B700003F02EFA514F01970D2104ABC9182000D4
:107B8000FCF7CEFC01234E4907A81A5C0133514093
:107B90004C4A5143092BF8D14B4B0A0C1B784A40F5
:107BA0000393019B92B21988914206D1039B1A1B41
:107BB00051424A41029B1A430BD007210123214025
:107BC0008B401900E2080AA8835C093619438154E6
:107BD000B6B2019B01340233E4B20193802CCBD1C5
:107BE0007F21039B384A01330B401370002E97D03E
:107BF000364B1B78132B00D092E704ABD81CFF2325
:107C00007E390370EBF79CFD314B05A803800223FE
:107C100005218370330A0671C3700126EBF790FDCE
:107C2000793C0AAAEB08D35C2A0022401341334274
:107C300019D00D2104ABC91828001D73FCF770FC86
:107C4000092107A8EBF77CFD01221D4B0C2004A99C
:107C50000918895C01324B401A494B43092AF5D176
:107C60001A0C53403B800135EDB20237802DD8D13C
:107C700004AB981C0A2301210370EBF761FD4FE769
:107C8000029B002B00D06AE7124BC8211B78002B07
:107C900000D16439136804681B1B8B4200D360E772
:107CA0003EE7C04690280020670000205C210020AD
:107CB0008C28002088280020842800208427002089
:107CC000C59D1C81930100018227002063000020D4
:107CD000AA5500004B210020038810B50133038012
:107CE000FEF702FF074B084A1B8812889B18C288C0
:107CF0009BB29A4205D80222044B00201A70FFF76B
:107D000003FF10BD0C0700200E070020A820002054
:107D100010B5012400210A4B0F221C70094B197069
:107D2000094B1980094B1970094B1870094803F069
:107D30004FF92000FFF7E8FE074B1C7010BDC0464E
:107D4000D4300020AC0700200C070020DF210020E9
:107D500011070020C5300020A8200020F8B5002A17
:107D600045D1002943D010283ED0414B01321A7032
:107D70000D2800D979E0EAF7BFFD070707070707D5
:107D8000070707074061614CF6F7C2FD394B1A78C7
:107D9000052A29D900241C70F6F7D2FDF4F7A6FBBA
:107DA00064254543344E33689D4221D373689D4218
:107DB0001ED22800F4F744F9002819D12F4F2800CB
:107DC0003E68B18BF4F70AF934863060B060300059
:107DD000F4F7EEFC2A4B3A6801201A60FAF7D4F95E
:107DE000ECF7C2FCEDF77CF90422264B1A70F8BDC3
:107DF00001340836072CD6D1F6E70120FFF788FFBB
:107E0000214B224A1A8000225A80214A0833DA87FD
:107E1000EAE7184B1C78002C09D12000FFF778FF07
:107E20001C4B1C701C4B1C80EDF76CF9DCE70A2224
:107E3000013CE4B21C70194B1A55D5E701230B28FD
:107E40000FD1174AD27E002A01D15B425BB2154C9A
:107E50002078013307D001300921EAF7F1FD2170C4
:107E6000C2E75B42EDE70830F6E702221A70BBE793
:107E7000DD210020DF21002084CF0108B020002078
:107E8000AC2000206100002064070020CDABFFFF84
:107E9000BADCFFFFC43000200E070020D003002012
:107EA0000C220020D530002010B5C27F0024A52A66
:107EB0001ED1427C017C12020A43817C09041143D9
:107EC000C27C12060A43013212D0427801781202B3
:107ED0000A43817809041143C27812060A43013229
:107EE00006D0847FFCF7D2FB241A63425C41E4B2E3
:107EF000200010BD030020330278FF2A04D1013096
:107F00009842F9D1012070470020FCE7224B10B5C0
:107F10001B78002B36D09621204B89001A8800232D
:107F20008A4205D91E4BD318FE2B00D9FE23DBB2A3
:107F30001C4A1178994200D913701B4B1A780123FF
:107F400014001C401A421DD1ECF77AFC174A184B5A
:107F500012684008128E9B56A03B181883B200B2DC
:107F600002005D320FDB5D331C1CDBB2282B00D915
:107F700028240934E4B20F4B1A78FF2A01D0A24218
:107F800000D21C7010BD03008D33F4DB062193304A
:107F9000EAF75AFDC4B2EEE79E210020A620002099
:107FA000A8FDFFFF1E1D002040060020B02000207D
:107FB0001C0000201F1D002001210A4B494219808E
:107FC0000023094A1370094A1170094A1370094ABB
:107FD0001370094A1370094A1360FF22084B1A7084
:107FE0007047C0468A060020000700208127002035
:107FF0008C060020880600200A0700204406002086
:10800000802700200023094A10B51380084A137006
:10801000084A1370084A1370FFF7CEFF0122074B7E
:1080200005201A70FDF7FAFD10BDC046221D002084
:10803000191D00201C1D00201A1D0020F121002008
:108040000023084A10B51370074A1370074A1360DB
:10805000074A1360F022074B52031A60FFF7ACFF88
:1080600010BDC0461B1D0020181D0020101D002043
:108070000C1D0020141D002070B592B06B4604004A
:108080001720DE1DA52302AD1122FF2168443370A5
:1080900002F09EFF2B0007CC07C3228828001A801D
:1080A000A2789A70284A1368591C11602B61FCF75A
:1080B000EDFAF423254CA87722685B039A4202D399
:1080C000F0235B032360206820220AA9ECF7A4FCBC
:1080D0000AA8FFF70FFF00281BD123681A0509D053
:1080E00080221B0B52011B039B18F4225203934264
:1080F00027D22360206820220AA9ECF78DFC0AA869
:10810000FFF7F8FE002804D12068000B0003EDF70C
:108110009FF80023202229002068EDF743F920680A
:108120000023012231001F30EDF73CF9F4222368CF
:1081300052032033934201D3F0235B03236012B038
:1081400070BDF0235B03D4E7101D0020141D002038
:1081500010B50B00FF242340434007480A0A43435D
:1081600022405A4042430B0C234053404343090EE4
:108170005940484310BDC04693010001F0B5284D59
:1081800087B02B78002B0AD0264B274C1B78002B6E
:1081900007D00023254A2B70FF332370137007B0DC
:1081A000F0BDFFF7B3FE224B1E68721C1A60214B14
:1081B0001F68214B1B880293204B1B780393237865
:1081C00004931A4B1B7805931D4B1B8801335B08E6
:1081D00000D101339BB201931A4B1B4C1B78002B2F
:1081E00002D02000FFF748FF012266600026019BB5
:1081F00027602381029BE6736381039B2373049BA7
:108200006373059BA3730F4B1A70104B1A70FFF723
:10821000D3FEFF22044B2E701A70044B1A70BEE777
:108220009E2100201D1D00201F1D00201E1D00205E
:108230000C1D00203C0600203806002040060020CF
:108240009C2100205005002040050020181D002022
:1082500001230200F0B51A4085B005000C0003921E
:10826000184236D04B691F688023E68BDB009E42A4
:1082700000D3194E194B1A4A01931B780292002B16
:108280000AD01378AB4207D1164B1B68BB4203D10F
:10829000154B1B88B3421AD0FFF770FF0123019AD8
:1082A00013700022029B1D700E4B1F600E4B1E8030
:1082B0000E4B1A80039AFF23002A01D02934237819
:1082C0000B4A1370FF220B4B1A70FFF71FFE05B00D
:1082D000F0BD0B69C7E7C046FFFF00009E210020EC
:1082E000400600203C060020380600209C2100208B
:1082F0001F1D00201E1D00200378426800780849D9
:1083000040B2002806DA7F20034046339B00CB189A
:108310005A6070474E339B00C9184A60F9E7C0465F
:10832000F8000020F7B505000F0014001E0082427F
:108330000FD1994201DC0E001F00BE4200DDF7BDE7
:10834000F2B201231648E9B20136F6F7A7F936B2C0
:10835000F3E7FA205E1A8000511B7043EAF774FBC2
:10836000104906006843EAF76FFBC3190193AC425A
:1083700002DB23002C001D0027007743AC42DEDC2B
:10838000FA2138008900EAF75FFB019BE1B2C218CD
:10839000D2B201230248F6F781F90134BF19EDE7A3
:1083A000251D002018FCFFFF064A11784F2907D829
:1083B00020204B1CDBB21370034A50540021D154CF
:1083C0007047C0462B040020DA0300200121054B32
:1083D00082B09A6B0A439A639B6B0B400193019B9B
:1083E00002B0704700100240F0B585B00C001500D7
:1083F00069461022ECF710FB6B461B78013BDBB2A1
:10840000FD2B20D86A4600210126114813785F1EF3
:10841000FFB2FD2F08D900231370102269462000F7
:1084200002F005FF05B0F0BD232B07D02A3BDBB2DD
:108430001A2B08D80700DF40374204D0013101323F
:108440001029E3D1E9E72900200002F0E8FEE9E77E
:10845000C1FF800770B51C48ECF7F8FC80213F2075
:108460000902EBF71BFD59201849EBF717FD6821AE
:108470005920EBF713FD0024154A63005F20D15A01
:108480000134EBF70BFD242CF6D11248ECF7DEFC9F
:1084900059201149EBF702FD0125A4340C20EBF71C
:1084A000C3FA284206D1013C0C48E4B2ECF7CEFCFA
:1084B000002CF3D100210220EBF7F0FC0248ECF78E
:1084C000C5FCECF70DFE70BD307500006880000043
:1084D00064070020204E0000682800008813000078
:1084E00004220221F0B55D4C5D4BA54404935D4B25
:1084F0005D4D1B7805AC5B4213402A782000524248
:108500000A401343594A1D261278134304AA537094
:10851000049B1493564B1B680593564B1B6806939C
:10852000554B1B8801335B082381544B1988544BEE
:1085300061811B782373534B1B786373524B1B78F9
:10854000A373FDF73BFA15AB07CC07C307CC07C3F2
:1085500022781A702B78002B5BD04C4B80271D683B
:108560004B4BFF00ED1800236D09ADB20193002DB8
:1085700054D0013DADB2F0231B020CACE818400111
:1085800020222100ECF748FA2000FFF7B3FC002876
:108590003FD12000FFF788FC002833D00823227B3E
:1085A0001A4208D13B4B61681B68013B5B1A802172
:1085B00089008B422DD214AB981923781936037099
:1085C0006378B6B24370A3788370E378C370237C7A
:1085D0000371637C4371A37C8371E37CC371237A51
:1085E0000372637A4372618902730B0A8172C372E8
:1085F000637B4373A37B8373FDF7E0F9019B013336
:10860000DBB20193013FBFB2002F02D0019B402B90
:10861000ADD114AB0021204A9B1905E01F4DAAE7FC
:1086200001361970B6B201339642F9D902ABDC1D9E
:108630000A2323701A4B0CA80C935D2305210371A8
:10864000EBF77EF814A81749EBF77AF80121200020
:10865000EBF776F8144B9D44F0BDC0464CF9FFFF94
:10866000020040001D1D0020181D00209E2100203A
:108670003C060020101D00209C2100203806002010
:10868000400600201F1D00201E1D0020141D00207C
:108690000000E2FF0C1D00205C060000FF0300004C
:1086A000AA5505065D060000B4060000802370B5DB
:1086B000021CDB00984201D3264B1A88264B274820
:1086C0001978037892B28B4203D00024244B0170B6
:1086D0001C60244B24481A80002303702348017037
:1086E000234924480B70244903700B70234B1B68EB
:1086F000002B02D10133037070BD0126184B1C689A
:108700005309350020009D4028402C4219D01C4CB4
:1087100058015B001B5B802401339BB2E400A34241
:10872000A44180B2121A234092B2164C2380164BF9
:108730001A800022154B1880154B1A8001230B70EC
:10874000DAE7013BDDD2134B134C1B681B195B09A5
:108750009BB2EAE720C40108201D002080270020EA
:10876000440600208A060020000700208127002000
:108770008C060020880600200A070020101D00201B
:1087800048060020080700200207002004070020F8
:1087900006070020141D00200000E2FF10B5024B68
:1087A0001880FFF783FF10BD221D002010B5124B6B
:1087B000124A1C88124B12781B789A4218D18021D9
:1087C000104A231CC9008C4201D30F4B1B8812880E
:1087D0009BB29A420CD10D4B1B78002B0BD10C4B4A
:1087E0001B78002B07D12000FBF7DCFE002802D10C
:1087F0002000FFF7D3FF10BD221D0020812700209D
:10880000201D00208A06002020C401080A0700203D
:108810008806002070B50D001400102805D1FBF764
:10882000B3FE2800EEF780F970BD002903D1002ABD
:1088300001D10A28F8D169490B78002B09D00A2800
:1088400003D1002D01D1664B1D70664B01221A70B9
:10885000EAE70A38052800D9BAE0EAF74DF85E1DC4
:1088600030AC9C03002DDFD05F4D002C08D0FBF70F
:108870008BFEECF797F9EAF76BFD01232B70D3E73A
:10888000FBF782FE0123594A11784B401370F4D054
:108890001022574B1A70F0E7FBF776FE534B1B780C
:1088A000002B05D0ECF77EF90020FFF777FFCCE72F
:1088B000504B18880028C8D0013880B2F5E7FBF784
:1088C00063FE4A4B1B78002B03D0ECF76BF94A4848
:1088D000EBE7FFF76BFF494B18780028B5D0484B02
:1088E0001B78002BA0D1474B1B78002B03D0464BA5
:1088F0001B78002B98D03F4A4449138809880133DC
:1089000040189BB280B2984201D913809DE73E4B3C
:108910001B78002B99D01080C7E7002D1BD1304D5C
:10892000002C16D12B78002B13D1FBF72DFE384AE3
:1089300013780133DBB2022B00D92300137000221D
:108940002C4B1A80FFF738FB0122274B1A70254B5E
:108950001A70002392E7002C00D165E7204A1378B3
:10896000002B00D060E7012010702A4A1478002CF8
:108970000FD01370284A087013701E4A1380FFF737
:108980005FFB0123254A1370174A1370154A1370B1
:108990004AE71070F5E7002D00D145E7002C00D024
:1089A00042E7FBF7F1FD1E4A1378012B01D8013392
:1089B000DCB2147049E7174B1C78002C02D0FBF78F
:1089C000E3FD31E7FBF7E0FD164B1C70064B3DE77E
:1089D000002C00D028E70222104B38E71D1D002094
:1089E0001A1D0020EC210020F1210020190B00208D
:1089F000E4210020221D0020FF03000000070020CA
:108A00000A070020880600208C0600208A06002025
:108A1000201D00201C1D00209E210020DD210020A3
:108A2000191D00206100002070B500230F240B49A0
:108A3000051D02781E09534023405B005B5A120952
:108A40005E40724022405200525A33090130534076
:108A5000A842EED1D84380B270BDC0468C2500201C
:108A6000F0B5294C0727A54401938023DB010400BE
:108A7000C01800920D00022203AE400002A9378008
:108A8000EBF7CAFF009B002B14D02B0035331A786C
:108A90001823D2001A402B8E2E353B4013433370DF
:108AA0002B787370019B002B04D002AB1A8833889B
:108AB0009A4225D0338802AA13808020832204ADF5
:108AC000290012010002EBF7A7FF02AA1288630037
:108AD000EA52802083220023290012010002ECF7D1
:108AE00061FC31002000F3F761FD8023DB009C4234
:108AF00006D2009B002B03D120000449F5F758FB58
:108B0000034B9D44F0BDC046BCF7FFFFE1C6010822
:108B100044080000A022094BD20399680A439A60D6
:108B2000022219681142FCD0052252421A6000222A
:108B30001B6D0380024B1A807047C0460024014021
:108B40004C230020F7B51F0008AB1D7801230C0053
:108B50001600D2000132D2B200933B00F5F7B0FD0F
:108B6000A21E0D4BD2B2002F02D10C4BF601F3180E
:108B70003E21985C013C41407F209954E4B2E2B22E
:108B8000954204D83E22595D4A405A55F7BD1A5DB8
:108B900042401A550134F2E7990A0020251D0020B1
:108BA000F0B58FB0F5F7E6FD804B1C78002C03D0B4
:108BB0000120FCF707FC14E07D4B1B78002B12D042
:108BC000082501237F2221007A480095F5F7FAFB5A
:108BD00003237F22210078480095F5F7F3FBECF79B
:108BE0003BF80FB0F0BDFFF7E1FD744B1B78002B95
:108BF00003D1734B1B78002BDAD0724B1B78002B00
:108C000034D0714B00241D888023DB009D42E6D2C6
:108C10002800E7B2FBF7C6FC0028E0D06B4B082029
:108C20001B88ED1A6A4B2D01EA585B1904921A89C8
:108C30005D6859895E7B03921A7B9B7B05930823B1
:108C40001340024217D0E100033109B20B007B222E
:108C50000438FFF767FB062CC1D05B4B01341D883D
:108C60008023A4B26519ADB2DB00CFE70120594BD8
:108C70001B7858409DE70120104004AA1376564BFC
:108C80000290994250D104980AA9FDF739F9534B43
:108C900053491A6807A8013A521B92B20132FDF7F4
:108CA00021F80E233A0000930221002307A8FFF7C2
:108CB00049FF029B002B3FD00AA83B000022112154
:108CC000F5F77EFC47480123FD000135EDB2009326
:108CD0002A0000235F21F5F7F3FC434B1B78012B9F
:108CE0003ED1029B002B2FD0404B072E00D90726E8
:108CF000B600F15808A802F092FA7F233A006B21DF
:108D000000933B480023FFF71DFF08A8E9F7E2FDA9
:108D100005210023091A49006B312A00C9B20093CA
:108D200008A8F5F7CDFC96E70AA8F4F729FE04ABEE
:108D30001B7E002BABD1A6E70AA83B001121029AAB
:108D4000F5F784FB2B48BEE7092E06D932002A49E5
:108D5000093A08A8FCF7C6FFCFE732002749F8E731
:108D6000022B15D196239B009C46059E64216644E8
:108D70003000E9F765FE30008BB264210293E9F719
:108D8000D9FD1F49029B82B208A8FCF7ABFFB4E7EC
:108D90003C210398E9F754FE03988EB23C21E9F791
:108DA000C9FD3300174982B2EEE7C0461D1D002001
:108DB0001C1D00205BCE01081FC70108201D0020DC
:108DC000181D002000070020221D00208A06002018
:108DD000900600200A070020FFFF00000C1D002065
:108DE00024CE0108E1C50108191D00202CDA010874
:108DF000E1C601084ACB010865CE01086DCE010825
:108E00007DC8010873C8010810B502780300013A53
:108E1000D2B20120FD2A0CD8180020211A1D037897
:108E20001C008C4301D0FF2B04D101309042F6D1BD
:108E3000012010BD0020FCE7044BC25C044B054838
:108E4000D218136803400B431360704781D20108A6
:108E5000000002400F80FFFF044BC25C044BD2189D
:108E600053681B0C1B040B435360704781D20108ED
:108E7000000002400121044B044AC35C9B181A689D
:108E80008A431A607047C04681D201080000024040
:108E9000044B054AC35C9B18012219680A431A60F7
:108EA0007047C04681D2010800000240F7B51300A8
:108EB0007F221040002901D1002B17D114224243F8
:108EC000354EB21814002C3424780092002C0DD0AA
:108ED000324CA57BEAB20192A073677D01253A006E
:108EE0002A4094462F4202D0019BA373F7BD009AFB
:108EF000009F116353636246BA6300283ED1284D38
:108F00002F78FAB2012F1FD0032A03D0002AEBD109
:108F1000002B03D148232374443B0EE040222274EB
:108F2000328D93420BD81F4E3678002E07D19AB25D
:108F3000FBF766FB0A23237401232B70D4E7002080
:108F4000FBF75EFB0223F6E7002B05D1154A1370F1
:108F50000A332374043BF0E7328D934209D8114D54
:108F60002D78002D05D19AB2FBF74AFB0A23237412
:108F7000BAE70020FBF744FB0223F8E7002B05D0FB
:108F8000B28F934205D92800FBF73AFB01236375A2
:108F9000AAE79AB2F7E7C04600260020005C00402E
:108FA000E5250020E4250020F7B50F001400012876
:108FB00027D00F262B4D030033403A5CEB5C534027
:108FC0003B5401308442F6D86A46274B6846042158
:108FD00013805480FDF7F2F821003800FDF7EEF819
:108FE00023003340EB5C0134DB4301A834400370C1
:108FF0002B5D0421DB4343701C4B4380FDF7DEF8FF
:109000002FE0902A2DD81A4802F011F919490022B0
:109010000800231D134D5B1817000F263740EE5D27
:10902000077901327E40067101309442F4D855220E
:1090300052420A7022324A70220ACA700F2022005D
:109040000240AA5C8C70D2431A70621C0240AA5C77
:109050007230D2435A70054A5A8022000832FFF714
:1090600025FFF7BDCCEC0108ABCDFFFFDCBAFFFF5D
:109070006833002064330020F0B50500494CA3B0EC
:10908000002800D1484C2388484A934238D007D85A
:10909000474A93420CD01422464B1A7023B0F0BDBD
:1090A000454A934254D0454A9342F4D1ECF7C2FF6B
:1090B0006368434A002D00D0424A13600422424BA9
:1090C0001A70424B08321A70414BDB7F3C2B01D89F
:1090D000EAF796FC3F4B404901A8009302F09FF845
:1090E0006A463E4B1B78137500235375282206935E
:1090F00007930893099369462800FFF755FFCAE7CD
:109100002F4B002D00D02F4B1B68A2689A42C2D172
:109110000C222E4B00211A702B4B083A1A706B460A
:109120007D32D81D01F054FF6A4669462C4B1380EE
:10913000A279131D4B80294BA0881B7888808A71E7
:10914000002B02D102A9FCF7E1FFA2790832D2E795
:109150001B4B002D00D01B4B1B68A2689A429AD172
:109160000C221A4B1A70184B083A1A706A461D4B9B
:109170000093A3889380194B1E78002E05D12700F9
:109180000C37A379DB089E4201D30622B3E7A388FC
:10919000F000C018390080B2FCF7E1FF0136083753
:1091A000EFE7C04660320020603100201B05000060
:1091B000140500001A0700201D050000DD05000051
:1091C0005C31002058310020C22100203D210020C8
:1091D0001422002015052400AFD30108C02400206C
:1091E0001C0500001E0502000B003F2210B51140B7
:1091F000134206D1002B04D00A008120FFF756FE4F
:1092000010BD0022014B1A70FAE7C046BA070020D1
:1092100070B500281ED1002910D0144B9D68DC6861
:109220006D18641A9D60DC600FD1114A9A60FBF7DB
:1092300073FD002803D18030FBF7A8FC70BD22002D
:1092400021008020FFF732FEF8E722002900FBF71B
:109250005DFCF3E77F230340044A4E339B00D218A2
:109260005368002BEAD09847E8E7C046F800002092
:10927000140100200E4B10B59968DA680918121A0B
:109280009960DA6003D08020FFF710FE10BD187DD2
:10929000002802D011001A75F5E7DA88002AF5D007
:1092A0001B787F2BF2D902000100FBF72FFCEDE7C2
:1092B000F8000020F0B5BB4F87B03B79DAB20192DD
:1092C000BA79D2B202927A79D2B20492BA7BD2B28D
:1092D00005925B0725D5C022B34D0021520028001E
:1092E00001F076FEAE2200244026B04B52006E60A4
:1092F00021003C7080209C5232002C70FBF76AFCED
:10930000320021002000FBF765FC21000120FBF763
:1093100065F901227B7813437B70A54BBA727C728E
:109320001C70019B9B0703D500210620FBF756F913
:10933000019BDE0703D500210520FBF74FF9BB7A1F
:10934000029A1A4013000192DB0711D50024BC7366
:10935000387C04230500964AC1B21D40184219D03A
:10936000397C9943397414700123019A9A4301920C
:109370000124019B002B00D0C0E001247D7A049BD6
:109380001D400195019B002B00D01BE1059BBB7389
:1093900007B0F0BDCB0602D580233B741570824B1D
:1093A0001878002804D01878C0B2387000201870DF
:1093B0001478E0B2062CD7D80124E9F7A7FA070001
:1093C0005D00D5FF6C009C009C009A002142CBD030
:1093D0007B7C082BC8D100227648774B01789954C2
:1093E0000132082AFAD1714C220003CB03C2802338
:1093F000E2885B009A4206D923787F2B03D880202D
:10940000FBF7C4FBB0E700206C49E260A160226179
:109410002075824205D023787F2B02D8FBF776FB9C
:10942000A2E7FBF779FC0028E9D0E38826691D0054
:109430000293B34200D93500A168E5608B070CD0D8
:1094400080235B009D4200D98EE75C4B2A00180008
:10945000039301F0ECFE039BA360029BB34205D98A
:10946000B60603D10123564A237513702A008020C3
:10947000A168FFF71BFD77E75A6B198D986B8A423D
:1094800006D90818521A98635A63FFF7F3FE6BE780
:1094900010180022F7E7214200D165E77A7CD0B2AC
:1094A000002A12D11900D0310A6812180A601A0075
:1094B000D8321168411811601A00C83212888242ED
:1094C00010D90020FFF7A4FE4EE71A00D032116831
:1094D0000200384D2C78013A92B20C700131002A0A
:1094E000F8D1DFE7D4331B689942EAD040233B74BC
:1094F0003AE70020C9E70023137035E70123A340B2
:109500000293029A019B134229D00422BC737B7DF3
:10951000134202D07B7D93437B7514216143224D1E
:1095200069184B6B0A8D086B93421BD9801808632E
:10953000896B9B1A5118142666431B488019816356
:109540004363002B1FD122007F331A401C420FD1EE
:109550000800FFF78FFE019B029A934301930134A9
:10956000E4B206E7C0180863896B59180023E2E7E4
:109570000E4B463292009B185B68002BEBD080208C
:1095800020439847E7E79A4200D91A00142363431F
:10959000ED182000296B92B2FBF732F801237B759E
:1095A000D9E7C046005C004000260020F8000020FB
:1095B000E5250020205C004020260020140100202A
:1095C000E42500200126A640019B334229D0012238
:1095D000BC737B7E134221D0BB8B9AB2002B23D16C
:1095E000142161431C4B5B181800D03001688918A6
:1095F0000160816851188160D42084469C44604693
:1096000065460068C833801A28601B8893421BD9BE
:109610007B7A2000B3437B72FFF7FAFD019BB343D3
:1096200001930134E4B2ADE60C4BA000C018142342
:1096300063430B495B58D11889B205781D7001331B
:109640009DB28D42F9D1CBE70028E1D001227B7E8B
:1096500093437B76E2E7C04600260020205C004072
:10966000D0260020022110B50A4A0B4B9C680C4200
:1096700005D1013A002AF9D110BDDB68FCE70121D0
:10968000044A187398680842F7D1013A002AF9D1C0
:10969000F2E7C046A086010000300140F8B504237F
:1096A000A027B0240E4EFF05B36240231D00BB620D
:1096B0002000FFF7D7FF1020FFF7D4FF0420FFF7AB
:1096C000D1FFBD616D190020013DFFF7CBFF002DDB
:1096D000F9D10134E4B2B82CE7D10423B361F8BD69
:1096E00000040050F0B599B01A294DD02E2949D167
:1096F000B823C8269B01019317237600009300230B
:109700000CAF451CC45CEA5C24022243DA530233EA
:109710009942F7D82422204903A801F088FD0020AF
:10972000EAF77AFF002503AC618820780135EAF773
:10973000B5FB0434092DF7D100246300F95A5F20EA
:10974000EAF7ACFB009B0134A342F6D101995D20FE
:10975000EAF7A4FB1148EBF779FB11495920EAF726
:109760009DFBFA2080007043EBF770FB68215920C5
:10977000EAF794FB00217020EAF790FB00215820C3
:10978000EAF78CFB19B0F0BDD0238C265B01019366
:1097900076000D23B2E7C046E8C30108204E000062
:1097A000680800005C2110B5032802D8034B400074
:1097B000C15A4320EAF772FB10BDC046ACEA01086B
:1097C000F0B5B54BAFB0DB7F0EAD5A1E9341B34C35
:1097D0000822B34928006375B24E01F028FD082223
:1097E0002900B148EBF718F92B781A090F2A00D194
:1097F000033A032162719A080A4022710B408B429E
:1098000000D10023E3726B781A00FF3A511E8A419F
:109810001A405B079B0F032B00D1023BA3490A7040
:10982000A34A1370AA781C2A03D805235343823B0A
:109830002361EB78FF2B00D19E4B23819E4B186850
:10984000052300280DD19D4B1B681B691D68FAF785
:1098500023FC0700FAF716FC7B089BB2584304234D
:10986000281A974A38361060964A337010600025DF
:10987000F4F72CFD944B585DEAF7D6F8934A6B0049
:109880000135D052072DF5D1914B1A68002A03D02B
:109890001269904B12681A6001258F4B28001D70C9
:1098A0008E4B1D708E4B1D70FBF7D6FD0020FBF715
:1098B000D3FD824B1B68343318782075F3F7C8F951
:1098C000E07AFFF76FFFFBF733FCFBF797FE854B62
:1098D0001D70844B1B780293002B03D1EBF748FBE0
:1098E0002FB0F0BDFEF7B2F87F4B1A78002A03D0F4
:1098F00000221A70EBF7C6FA7C4B7D491A78049166
:10990000002A1ED000221A70FAF7C6FB802818D948
:10991000714B1B78002B14D10121764A1170049AE7
:109920001370754C27786770EBF7C6FE0500132897
:1099300071D1EBF7EDF800286CD125700023A370EE
:1099400077E0049B1B78002BEBD0644C2378002B32
:1099500003D0FAF7F7FB00232370684B1C785E4BAB
:109960001D78002D01D100F0A2FC012C01D100F0E6
:1099700062FCFA200025049B80001D70EBF766FA5C
:109980000C20EAF751F80123184200D1EDE2022041
:109990002900EAF783FA0220EAF746F8400500D4E6
:1099A000E3E229003F20EAF779FA29000220EAF7EA
:1099B00075FAFA204000EBF749FA2800FBF74CFD56
:1099C000FAF7B4FBFAF756FB384B1B78AB4205D1DC
:1099D0000122324B52421A81494B1A8001223F4BDD
:1099E0001A70484B1A70F4F789FF304B464C1B78BD
:1099F000002B01D000F0EAFD2D4A444B1278920072
:109A0000D258434B19783C23002900D002334149F6
:109A100000F0F7FD10252570AF428FD1A378DA1E34
:109A2000D2B20F2B01D80133DAB23B48A270EBF768
:109A30000DFA324E3378002B13D1132D27D10A2F74
:109A40000AD1364B1B78002B06D0354B1B78002BE8
:109A500002D13800FBF718FE0022304B1A70304B51
:109A60001A70A178032902D0102900D06DE733784D
:109A70002478002B00D08DE00A2C00D027E1284A62
:109A800003294FD101202549087013705DE70A2D85
:109A9000E7D00A2FE5D0DFE7142200209000002055
:109AA000A9CE01080C22002048A10000C3300020EC
:109AB0008E000020FFFF0000840A0020E02100202B
:109AC000502E0020AC300020C8EB01083E2E0020B4
:109AD000B0200020542E00208C0000206E000020BA
:109AE000860000204C2E0020EF210020EE210020D7
:109AF00087000020C03000206B000020C230002012
:109B0000800000208D0000206C2E002080EB0108DA
:109B10008300002079CE0108204E0000322A002068
:109B2000312A00201478002C00D00EE701260127EE
:109B3000B24BB34D1C70B34B16701C70B24BEC7231
:109B40001E70B24B7F421C70B14B1C70B14B1C702D
:109B5000B14BAB80B14B1B6834331B782F81029320
:109B60002B75AF4B1F80FAF7B3FAF04028600298CC
:109B7000F3F76EF82000FFF715FEAA4B1C70AA4BF6
:109B80001F80AA4B1E70FBF739FDFBF76FFAFBF73E
:109B9000F3FADAE6012B00D099E00A2C7DD004D943
:109BA00023000D3B012B00D9CFE6A14D2B78002BD4
:109BB00008D10D2C01D001F02FF99E4B1878FAF73F
:109BC00003FAC2E60D2C0FD0092B00D9BDE60E2CEE
:109BD00005D1994A1178002900D0B6E613705A1CB5
:109BE0002A70964AD45408E0934A013B1178DBB2BC
:109BF0002B70994201D100231370FAF7C5FB8E4BED
:109C00001A782B780393002A00D11A0000232D25FF
:109C10002E278A4E8A4C03992800994205DDF15C73
:109C20003800092901D83031C8B2E05401330A2B79
:109C3000F1D1140000269C46824980480968824D73
:109C400005901018059B471E834215D1002E01D0A8
:109C50007C4B1960039B9A420BD200230A27794E52
:109C60007A483568039A0134A2420DD1002B00D006
:109C700035600122764B57E063463878029E684390
:109C80005D4309183800DDE7059B39001B5D434340
:109C9000ED18E8F74FFE029BE4E76A4B1C686D4B3A
:109CA000E2186D4B9A4200D94FE6624B1878FAF7EA
:109CB0008BF96A4B1C603378002B04D1FBF7D6F983
:109CC000FBF76CFC41E62000FBF79CFB3DE6032C18
:109CD00011D00E2C3DD0112C73D82000E8F70CFECB
:109CE00040717171717158717109717171712A2AA4
:109CF000716100230293434B1B78002B03D0029821
:109D0000FAF70CFB21E6404A0299137800290DD09E
:109D1000012B01D8013313700122394B52421A81B1
:109D200001224B4B1A704E4B1A700EE6002BF3D0EB
:109D3000013BF0E7324B1B89023B9CB2304B186968
:109D40001C81FAF7C9FAA04207D20120FAF7E6FA15
:109D5000E6E72B4B1B890233EFE7FAF7CBFADFE795
:109D60000020FBF779FB264D2B7D012B01D8013319
:109D7000DCB220002C75F2F76BFF224B1B78002B16
:109D800001D1013B2B81FBF739FCFBF76FF9DCE5D7
:109D90001B4A0021D37A022B01D00133D9B2D172F0
:109DA00067E70123164A517D4B4053752D4A05D074
:109DB0002623FF33D05CE9F7F9FDC6E592235B006B
:109DC000F8E7002B03D12000FBF75EFCBDE5022B7A
:109DD00000D0BAE5601F0D2800D9B6E5E8F796FD7A
:109DE0009E00B5FDB5FDB5FDB5FDAC0044004400D9
:109DF000B500B5FDB5FDB5FDB5FDA700322A0020C3
:109E000090000020C33000208E000020352A002062
:109E1000582E002088300020010C0000E021002096
:109E200080000020903000208A0000208600002062
:109E30003D2E0020C13000203C2E0020272A00208B
:109E40008C2E0020982E0020A086010010270000F4
:109E5000C0300020C088E4FF402DA407AC300020B3
:109E60008D0000200C220020CC4B1E78CC4BDD7ED8
:109E70000123002E3BD00B2C00D05D403000FBF7BF
:109E8000B1FA0C227243C74B04009B181A791E8941
:109E900002925A7907000392DA88029B0592132BEB
:109EA00008D1C14B002019780693F2F789FE0023F0
:109EB000069A13700298E9F7B7FD0100002D11D042
:109EC000059B9B1B9C4201DCA619B7B2039A059B1C
:109ED0000298934099433B009340194389B2E9F7B4
:109EE000DDFFC6E6B442F1D3A41BA7B2EEE70B2C0C
:109EF00000D05D40AD4AAE4B127D9B5CAD4A106810
:109F0000002D06D0AC4A904200D8C018FBF77AFA70
:109F1000AFE6AA4A9042F9D9C01AF7E70022A84B47
:109F20001A70A84B1A70FAF72FFA012047E601239E
:109F3000A54A11784B40A8E5984A01211378032BD4
:109F400001D05B18D9B2117093E6944B00221C78B3
:109F5000002C00D0E8E62000FAF736F8924B1C708F
:109F6000994B1C70FBF7E4F8AAE6FBF7E1FC974974
:109F700097480D88974A06882B005580002E04D0FC
:109F8000032373435B199B109BB20380924E93484B
:109F900033680768DB1B924F3F78BB4200D27CE0FE
:109FA00033680360002C73D1CE8A13890693731E25
:109FB0007F2B00D99BE002940794012E0FD0741ED2
:109FC000A0B27F210002E8F73FFD83B27F20079314
:109FD000069B21005843E8F737FDC3B20293814B3B
:109FE000814A9D4200D184E0804B0299197003237D
:109FF0001370069B5A007E4BD318089300230493DA
:10A0000003936B466A461B7B117C0593049B721E6F
:10A010001B0AD2B2B34200D2DAB2754B54001B5BBA
:10A020000132D2B21800B24201DA724A105B8022C9
:10A030005200541A5C4341436418240A6949A4B28B
:10A0400000228C420CD0029A05998A4257D1654A67
:10A05000954254D02800FAF72FFAFAF70FFA0200C7
:10A06000654F05983C782100FAF744FA079A039B5C
:10A07000944601330393049B63449BB20493039B74
:10A08000802BBED10134E4B20F2C00D9C4E03C7067
:10A0900001225A4B1A705A4B1A704B4B59481A7876
:10A0A00000239A420DD10488574E2100153989B2F8
:10A0B000B14206D8290013310123A14200DB131C51
:10A0C000DBB20580002A00D0B5E0504A002B00D159
:10A0D000A5E000201070FBF7BFF9FAF727F8F9F7B1
:10A0E000C9FF4B4B1B78002B00D077E470E480262F
:10A0F00065E71378002B00D17BE7013B78E73B4A0B
:10A10000059912788A422CD1374A1778002F28D027
:10A11000344A954225D1069A964203D9089A108866
:10A12000A84205D13B4A9818421E9041404218402F
:10A13000FAF7C2F9FAF7A2F90323DF1BFFB2020014
:10A140000990002F8CD02000FAF7B6F9FAF796F9AB
:10A150000200012F84D1099BC31801335B10DAB2CE
:10A160007EE72000FAF7A8F9FAF788F9029B03992D
:10A17000013B02008B4200DD72E7029B01338B4200
:10A1800000DA6DE7174B9D4200D169E70430021CED
:10A19000C0B20F2800D90F22D2B261E7582E00209A
:10A1A0000C22002024EC01088830002090000020C0
:10A1B0007BEB0108BC3000207FA4BF0740771B0069
:10A1C0003D2E00203C2E0020352A00209430002017
:10A1D0009E2E0020B03000205C2100208430002022
:10A1E00088000020FFFF0000332A0020342A0020CE
:10A1F000822F0020842F0020362E0020C030002027
:10A200008D0000208A000020E9FF0000903000202F
:10A21000C33000200100FFFF00233B7038E7CD4B27
:10A2200019890B1C032900D80423043B9BB29D42CF
:10A2300035D300231370C84B1B78002B01D0FFF7D8
:10A24000D2FBC64A138801339BB21380802252018D
:10A25000934201D9FFF7C7FBC14B1B78002B00D1FC
:10A260002BE2F4F787FABF4B1B78012B01D100F0EA
:10A27000A1FC022B01D100F0CBFC002B00D134E279
:10A28000B84B1A78002A01D100F06EFD0020FDF7CE
:10A290003BFC0022B24B1A70B34B1A8015E21378C4
:10A2A0000133DBB21370002B00D012E7C3E7002CA0
:10A2B00000D028E1AD4AAE49D78AAE4A0B68106893
:10A2C0001B1AAD480078834257D30B6813603B1CC0
:10A2D000802F00D980239BB2029300230493012F87
:10A2E00008D9029B7F21581E80B20002E8F7ACFB20
:10A2F00083B20493002603966A46039B127B02995D
:10A3000094461B0A994200D8B4E0DBB29B4859003E
:10A31000405A0133029ADBB20500934201DA984BAE
:10A320005D5A802362465B009B1A58436A43954BF3
:10A3300080181D78000A944B80B20022984204D005
:10A34000FAF7BAF8FAF79AF8020030002900FAF79B
:10A35000D1F8049A039B9446013663449BB2F6B24B
:10A360000393802EC8D10135EDB20F2D00D82C00FB
:10A370000122844B1C707A4B1A70FA208000EAF795
:10A3800065FD7A4CE588E8B2802F07D93900E801ED
:10A39000E8F7D0FA7F2800D97F20C0B2774B400081
:10A3A000C35A794A934253D0784B1B78002B09D07B
:10A3B0000F23774A1188A9424AD0013BDBB202320F
:10A3C000002BF7D1E068F9F713FE00231900714A5A
:10A3D000714E824259410500306882425B41994288
:10A3E00002D02800EAF782FA28003560EAF708F977
:10A3F00000213020E9F752FD684B30201988E9F739
:10A400004DFDFBF795FA2588A388AB4206D2E0689C
:10A41000A580F9F7EDFDE388206123816388AB42D5
:10A4200016D928006580F9F7C1FD4A4B19690A0061
:10A430000A3A824200DD02000120DA60464B1870C1
:10A44000574B1A60574B1960574B1A60574B19609E
:10A45000E38AE188802B03D9554A1288012A10D853
:10A46000544D2C78002C31D1012322008B426241C3
:10A47000130030E000239F4200D147E7029B013BDD
:10A4800043E78A189A4206DA4B4A1388013313804D
:10A49000F9F7C8FFCFE60022484B1A70F9F7FEFE25
:10A4A000F9F7CEFD002805D00120FAF7D5FFFAF71D
:10A4B000C3FFC0E6404A138801331380F9F7B2FFA7
:10A4C000002800D1B7E6FAF7EFFDB4E65A1ED00F28
:10A4D000CB1791424341DBB2002B02D1F9F784FF45
:10A4E000A9E60022354B1A70F9F7D8FEF9F7A8FD56
:10A4F0000028D9D1324B1A78002AE4D018700123F1
:10A5000063402B70EAE7022C00D094E6FBF710FAC8
:10A510000122134B2B491A70049B08881D70134BA2
:10A520001A88254B5A80002804D0032343439B18E4
:10A530009B109AB20A80F9F763FEF9F781FD0028B3
:10A5400004D1214B1B78002B00D174E60120FAF7CF
:10A5500083FF70E6900000208D0000203A2E00203E
:10A56000C0300020C2300020382E0020943000205F
:10A570005C2100208C30002088000020822F0020E9
:10A58000842F0020362E0020FFFF0000622F0020C5
:10A59000642F0020FF3EAB01BC300020A02E002025
:10A5A0007C00002078000020740000207000002053
:10A5B0008400002083000020B030002087000020AD
:10A5C000820000209E2E0020352A0020974B984ABA
:10A5D0001888431E9BB293425FD996490CA8FBF79B
:10A5E00081FB954B1B78002B04D1944B1889944B1D
:10A5F00098425AD18F490EA8FBF774FB91490EABD4
:10A600000CAA2000FBF76EFB012300211A0020009A
:10A610000093F4F755F88C4B8C4C18883E26421C5E
:10A620001A800323184040000019FEF773FABE2079
:10A630006288238880009B18A2889B18E2889B1858
:10A640009B105843824BD988E8F7FEF980B2F1F7A6
:10A650000DFF1C227F4B804D1A702B00133A75336F
:10A66000040022217D481E7000F0B2FC09206043E6
:10A6700064212D30E8F75EF97F231A00D11A884251
:10A6800000D3EE54013B752BF8D1EAF7F3FA002220
:10A69000734B1A70734B1A80DEE5F9F787FC724929
:10A6A00002000CA8FBF71EFB9BE7F9F77FFC6E4945
:10A6B00002000EA8FBF716FBA0E76C4A13880133D3
:10A6C0009BB21380132B00D9CBE5694D2C78200069
:10A6D0000134E4B2EAF7C5FA2C70062C01D8FFF772
:10A6E000F8F800232B70FFF7F4F8F9F7D5FC040015
:10A6F000012800D87DE35F4B611E1889C001E8F78F
:10A7000019F9C3B20393231C802C00D980230024A1
:10A710009EB2701E80B2DBB27F2100020293E8F786
:10A7200093F9250083B20493731E220A9A4262DAD7
:10A73000D2B2E3B2504F5100C85B511C8E4200DDD3
:10A740000A005200B95A471EBFB2BC46384F4A1ED3
:10A7500092B2BC4554D9FF230800BA425ED90EAA72
:10A76000AB54049B01351C19A4B2802DDCD106E04A
:10A770008022FF210EA800F02BFC002303933F4B07
:10A780001B78002B1ED1012502270EAC2678330042
:10A790006678FF2E11D032000121FF2B01D0390045
:10A7A0009A19A378FF2B03D09A18013192B2C9B23B
:10A7B00048088018E8F748F960700135EDB20134B7
:10A7C0007F2DE4D1039B2E4A7F33FF3380200292FA
:10A7D0009B180222402420255242404203995118DE
:10A7E0007F2956D8002A4DD1197829431970197834
:10A7F000214319704AE0029B5A1ED2B2002399E706
:10A80000BA420BD880225200D21A42434B43D2188C
:10A81000120A90B20A4AFF239042A0D01721F9F7FA
:10A8200001FF1F23181AC3B299E7C04694300020D5
:10A83000FDFF00006DC50108352A002090000020B2
:10A84000FFFF000071CE0108A82100200422002093
:10A85000AA2100200D0B0020990A00200F0B0020D8
:10A860008D0000203A2E0020D2C70108382E00208B
:10A87000372E0020B0300020822F0020C33000206F
:10A88000251D00200426911CB143B0D11978014345
:10A89000197001320133032AA0D10EAB00219C466E
:10A8A000FF26C94AC94C6346C85C1F2800D8F8E097
:10A8B0001670013101328029F5D100260EA8335CD3
:10A8C000F5B21F2B12D80F2408ABE4182200290080
:10A8D0000CABF9F767FD27780CAB1C78A74200D8C2
:10A8E000F9E00134E4B21F2C00D8FDE0B64B9B5DCB
:10A8F0001F2B0ED80F2408ABE4180CAF22003B002E
:10A900002900B148F9F74EFD24783B78A34200D3E3
:10A91000F6E00136802ED1D1AD4B5868FBF706FB2F
:10A92000AC4BAD4C1B78002B32D1AC4B1B68002BD1
:10A9300000D1F2E0AA4A1568ED1AF9F7A3FB01006D
:10A940002800E7F7F7FF82B2A6492000FBF7CAF913
:10A95000012600233200190020000096F3F7B0FE14
:10A96000F9F790FB64210500E8F76AF828008FB238
:10A970006421E7F7DFFF3B0082B29B492000FBF731
:10A98000B1F900230722190020000096F3F798FE82
:10A99000964E7379032B00D9C3E0954B95491D68FA
:10A9A00037682800E8F74CF828000E009149E7F7CF
:10A9B000C1FF642103903800E8F742F838000191A4
:10A9C0006421E7F7B7FF8C4D33002900039A00900C
:10A9D0002000FBF787F90123212200932421002383
:10A9E0002000F3F76DFE814B1D89844B9D4200D101
:10A9F00046E4834B1B78002B00D041E4F9F742FB7F
:10AA00006421E7F797FF01240A2680B2092800D9BC
:10AA1000CAE00434A400E3B2280017210493F9F734
:10AA200001FE1F23181A183BC5B21840063B83408D
:10AA30000024029A0393EB08DB01D3180293E1B2DE
:10AA40000B005A1E9341604A5B4294460EAF681C4D
:10AA5000DBB25A18D2B2BE5CFF2E01D086421BDD9B
:10AA60006646B25CFF2A01D0824215DD01335BB23B
:10AA7000022BEDD10C2D05D8049B0133A3420BDA38
:10AA8000712C09D8029B039A1B5D1A4204D1012341
:10AA90002A005C48F3F702FE0234802CCFD1FFF786
:10AAA000EFFB1378CFB27D08984203D800231070D3
:10AAB0006355FEE6605D0E2806D801231F4200D0D4
:10AAC000F7E6C0186055F4E60233DBB2202B00D164
:10AAD00033001370EDE63A00012329000298013794
:10AAE000F3F7DCFDFFB2F7E601226319134200D051
:10AAF000F7E61300290022000298F3F7CFFDF0E6F5
:10AB000001226319134205D1130029002200029883
:10AB1000F3F7C4FD0134E4B2F7E6F9F7BDFA020039
:10AB200012E7F9F7DDFA2100FBF7EAF901230093B8
:10AB30000023212219002000F3F7C2FD274B1B68D8
:10AB4000002B23D0264A64211568ED1A2800E7F768
:10AB500077FF28000E006421E7F7ECFE33000200C7
:10AB6000214901252000FBF7BDF8002321223021D7
:10AB700020000095F3F7A4FDF9F7C4FA2100FBF7D4
:10AB8000BFF9002321225D21009529E73668642161
:10AB90003000E7F755FF30000D006421E7F7CAFEEB
:10ABA0002B0002001849DCE731000134E4B2E7F77A
:10ABB000C1FE2BE708237F220093022100231348C4
:10ABC000F3F700FCFFF75CFBE22E0020A22E002032
:10ABD000B0300020C23000206C2E0020840A0020FB
:10ABE000C804002081CE01088ECE0108900000200C
:10ABF000AC300020A086010085CE0108FFFF0000D8
:10AC0000352A0020251D00208DCE01088C2E002025
:10AC1000844B1868FBF78AF9834C792210212000B5
:10AC200000F0D6F900233022E25405337D2BFBD10E
:10AC300000237022E2540A33822BFBD17B4B792113
:10AC40001D8807272800F9F7EDFC00237849794E85
:10AC5000834271DB2800F9F7A9F900220400764944
:10AC60004342885C834271DA01320A2AF9D1012613
:10AC7000724D73492800FBF735F80023192204218F
:10AC800028000096F3F71CFD22006E492800FBF710
:10AC900029F8002319221C2128000096F3F710FD43
:10ACA000694B1B78002B08D1684B79211889F9F77B
:10ACB000B9FC674BC018FF2303710124654F664B35
:10ACC0001B789C4244D00C2262435C4D634B644928
:10ACD0009A582800FBF706F81E23E2B253435E4E53
:10ACE000183BDBB20293337802991B1B5A1E934127
:10ACF0002800222200930023F3F7E2FC594AE300E4
:10AD0000D358E0B20393FAF76DFB039B56491A56EA
:10AD10002800FAF7E7FF337828001B1B5A1E9341DF
:10AD200002990093292200230134F3F7C9FC1E374E
:10AD3000042CC4D1FFF7A4FA0A005A43B24202D944
:10AD400022783A4322700133013481E7D2B28EE790
:10AD50001E22FF21380000F03BF938001E22FF219F
:10AD6000803000F035F9AEE70726404B1B780293A0
:10AD70000F23029910000F31891A194096429B4106
:10AD800001240C25C9015B42304005330491384948
:10AD90008440DB015B180021900028400390354877
:10ADA000E4B20590049D059F6D186D087D5DC8B2E5
:10ADB0002F09BC460127394202D00E372F40BC462E
:10ADC0002D4D1F78069503252840039D2843069D99
:10ADD0002D5C3800A043654501D238002043013185
:10ADE000187001338029DDD10132102AC0D1FFF75C
:10ADF0004DFA002800D1BBE4204B214A1888FF21DE
:10AE0000431E9BB2934205D8E839F9F70BFC1F218A
:10AE1000091AC9B28022ADE40E2C01D0FEF7DFFE84
:10AE2000FEF793FDBC300020281E00209E2E00203F
:10AE3000CDCCCCCC333333338CEB01086C2E0020DB
:10AE400097CE01089DCE0108352A002090000020F1
:10AE5000241E0020291F0020582E002024EC010869
:10AE6000C8C7010898EB0108A4CE0108362E0020BF
:10AE7000251D0020362A0020B8EB0108822F002073
:10AE8000FDFF0000F7B500254B680A6800935F1EC0
:10AE90001300EB4008D1012F05D84368C9689343DC
:10AEA0004A4313434360F7BD01241300AC402340E1
:10AEB00022422BD01A0003265A435643B446F64387
:10AEC000019666460468B443009E564334430460CA
:10AED000012F06D88C6887685443019E37403C4355
:10AEE00084600C69C7685443019E37403C43C4608A
:10AEF000009C022C0AD14C69FF2B09D80F26524323
:10AF000056436243036AB3431A4302620135BBE707
:10AF10000F261B0A5B435B435E435C43426AB243BA
:10AF200022434262F2E700000D488546E8F736FD0D
:10AF30000C480D490D4A002302E0D458C450043394
:10AF4000C4188C42F9D30A4A0A4C002301E013606A
:10AF50000432A242FBD300F017F8EEF717F8FEE731
:10AF60000040002000000020F800002068EE0108EA
:10AF70006002002040350020FEE70000014B186809
:10AF80007047C046A800002070B500260C4C0D4D3F
:10AF9000641BA410A64209D1002601F09BF90A4CBB
:10AFA0000A4D641BA410A64205D170BDB300EB5836
:10AFB00098470136EEE7B300EB5898470136F2E7C1
:10AFC00060EE010860EE010864EE010860EE010821
:10AFD00003008218934200D1704719700133F9E7DA
:10AFE000002070477047704770B50F4E0D003168F4
:10AFF0000400002902D1EAF769FF3060290020002F
:10B00000EAF764FF431C03D101256D42280070BD9F
:10B010000323C51C9D43A842F8D0291A2000EAF753
:10B0200055FF0130F2D1EFE738350020F7B50322A4
:10B03000CB1C9343083305001F000C2B34D20C2784
:10B04000B94233D8280000F071F8374E33681C003D
:10B05000002C2FD139002800FFF7C6FF0400431C45
:10B060005FD134680094009B002B4AD1002C52D051
:10B0700023682800E31800990193EAF727FF019B52
:10B08000834248D123682800FF1A3900FFF7ACFF3C
:10B09000013040D02368DB19236033685A68002AE6
:10B0A00033D1009B336019E0002BC9DA0C232B60ED
:10B0B0000020FEBD2168C91B20D40B290AD9E21942
:10B0C0002760A34204D1326063681160536005E0D9
:10B0D0005A60F9E76268A3420ED13260280000F09E
:10B0E0002DF8200007220B30231D9043C21A9842EE
:10B0F000DFD01B1AA350DCE75A60EFE72300646837
:10B10000A6E7009C63680093ADE71A005B68A34262
:10B11000FBD10023DAE70C2328002B6000F00EF8A7
:10B12000C6E70760DAE7C0463C35002010B50248A4
:10B13000FFF758FF10BDC0463435002010B5024857
:10B14000FFF751FF10BDC0463435002070B5050033
:10B150000C1E10D0043C2368002B00DAE4182800F1
:10B16000FFF7E4FF1D4A1368002B05D163601460EC
:10B170002800FFF7E3FF70BDA34208D9206821181B
:10B180008B42F3D119685B6809182160EEE71A0059
:10B190005B68002B01D0A342F9D911685018A04276
:10B1A0000BD120680918501811608342E0D118684B
:10B1B0005B68411811605360DAE7A04202D90C23A2
:10B1C0002B60D5E7206821188B4203D119685B6892
:10B1D0000918216063605460CAE7C0463C3500200E
:10B1E00010B5884202D98B18984208D300239A429E
:10B1F00007D0CC5CC4540133F9E78B5C8354013A2B
:10B20000FBD210BD020010B5137814000132002BE0
:10B21000FAD1CA5CE2540133002AFAD110BD03000E
:10B220000A7801311A700133002AF9D170470023DE
:10B2300010B59A4200D110BDCC5CC4540133F8E77C
:10B24000030030B51D00002A06D00C78013A013306
:10B250002C700131002CF5D100219A18934200D1B5
:10B2600030BD19700133F9E70CB430B5184B0C0040
:10B270001D689DB0002908DA8B2301202B60404215
:10B280001DB030BC08BC02B0184782236A469B0040
:10B290009382002302901B930690994200D04B1E8C
:10B2A0000493079301236A465B42D382280021ABB3
:10B2B000209A02A9019300F0A5F8431C01DA8B2320
:10B2C0002B60002CDCD00022029B1A70D8E7C0460D
:10B2D000A80000200EB470B581239DB06A460025F9
:10B2E00021AC9B0040CC93821B9502900690E7F71F
:10B2F000F1FA0B4B6A460B93012303900790094820
:10B300005B42D38202A92300320000680F95149596
:10B31000019400F0D1F91DB070BC08BC03B018470F
:10B32000E1AF0108A800002030B500240139A24295
:10B3300001D1002005E0035D01340D5DAB42F6D084
:10B34000581B30BDF0B58E6885B01F000C000B682F
:10B3500002900392BE4230D80C21625E9021C90057
:10B360000A4228D0032021695B1A01936369434391
:10B370000198DD0FED187B1C1B186D10AB4200D936
:10B380001D00520528D529000298FFF74FFE061E22
:10B390002CD0019A2169FFF74AFFA289184B1A4065
:10B3A00080231343A381019B2661F61826603E008B
:10B3B0006561ED1AA560BE4200D93E0032000399D6
:10B3C0002068FFF70DFF0020A3689B1BA360236884
:10B3D0009B19236005B0F0BD2A00029800F02EFEF4
:10B3E000061EE0D121690298FFF7B0FE0C23012070
:10B3F000029A40421360A28934331343A381E9E7E0
:10B400007FFBFFFFF0B5A1B003901D008B890F00FB
:10B4100016001B0611D50B69002B0ED14021FFF73A
:10B4200005FE38603861002805D10C23039A1360AB
:10B4300001204042CFE040237B61002308AC6361E0
:10B44000203363761033A376079535002B78002BD5
:10B4500001D0252B48D1AB1B0593B5420BD0320050
:10B4600039000398FFF76EFF013000D1AEE0636949
:10B47000059A9B1863612B78002B00D1A6E001226E
:10B4800000235242626004A9543252186E1C236099
:10B49000E360A3601370A365544B05221800317854
:10B4A000059300F049FD751C00281FD12268D306C2
:10B4B00004D5532304A95B1820211970130704D560
:10B4C000532304A95B182B21197033782A2B16D02B
:10B4D000350000210A20E3682A786E1C303A092AD8
:10B4E00050D9002911D117E00135AFE7059B22683B
:10B4F000C01A0123834013432E002360CCE7079B2F
:10B50000191D1B680791002B01DB0B9304E05B42C4
:10B51000E3600223134323602B782E2B0CD16B782E
:10B520002A2B34D1079B02351A1D1B680792002B6A
:10B5300001DA01235B4209932D4E03223000297862
:10B5400000F0FAFC002806D04023801B83402268CC
:10B550000135134323602978062226486E1C217684
:10B5600000F0EAFC002838D0234B002B22D1072220
:10B57000079B07339343083307936369049A9B1827
:10B58000636162E74343350001219B18A4E7002370
:10B590000A201900013563602A786E1C303A092AA6
:10B5A00003D9002BC8D00991C6E7414335000123D8
:10B5B0008918F1E707AA009221003A000F4B03987F
:10B5C00000E000BF0490049B0133D6D1BB890D98E5
:10B5D0005B0600D52CE721B0F0BD07AA0092210040
:10B5E0003A00064B039800F03BFAEBE7D8CE01088F
:10B5F000DECE0108E2CE01080000000045B30108DC
:10B6000070B514004B1C03D101256D42280070BD9C
:10B61000938920229343626BA381CEB26368CDB23B
:10B62000002A10D0A26B9A4207DD2368013B2360F9
:10B630001E70636801336360E8E7210000F0C0FC1E
:10B640000028F2D0E0E721692268002907D0914262
:10B6500005D2511E0878A84201D12160EAE723648F
:10B660002300443363630323A36323004633E2636D
:10B670001E7023600123DEE710B50C00496B002922
:10B680000ED023004433994201D0FFF75FFD002024
:10B69000236C60636360834202D0E36B236010BD60
:10B6A0002369012023600023A289636020331343B0
:10B6B000A3814042F3E70000F0B5AB4CA5440C0079
:10B6C00000210090BE204691479103A94891A749C7
:10B6D000400043AD2950A649043043AD29500293A0
:10B6E0001678002E00D13CE108230820A14D571CFC
:10B6F000A95D0B4001421DD006006368002B0FDDE1
:10B7000023681A78AA5C324201D13A00E8E7479AE6
:10B7100001330132479262682360013A6260ECE7CC
:10B72000C02243AB520021009B5800989847002844
:10B73000E6D0EAE7252E62D14593439353782A2B2E
:10B7400002D11A3B4393971C3D000A2229786F1CB3
:10B750000B00303B092B1FD9874B032218000193A4
:10B7600000F0EAFB002807D0019B3D00C01A01232E
:10B770008340439A134343932B786F1C782B06D84E
:10B78000572B10D8252B3AD034D8002B55D0032373
:10B7900049930733449369E0459B3D005343303B55
:10B7A0005B184593D2E7180058382028EFD8E7F700
:10B7B000ADF84B00EEFFEEFF7D00EEFFEEFFEEFF7B
:10B7C000EEFFEEFFEEFFEEFF88007B00240024007A
:10B7D0002400EEFF5500EEFFEEFFEEFFEEFF9000BF
:10B7E00059004700EEFFEEFF8E00EEFF7B00EEFFFC
:10B7F000EEFF4B00453B022BC9D8052335E06368BB
:10B80000002B0DDD23681A78B24200D0A9E0013385
:10B8100062682360479B013A01336260479374E793
:10B82000C02343AA5B002100D35800989847002802
:10B83000E8D04698002800D08BE0012040428CE000
:10B84000202243990A4343928022439992000A435B
:10B850004392102244926E2B02D905E000234493B8
:10B86000032302E008234493042349936368002BD5
:10B870003EDD439B5B0608D4C0260825760023687E
:10B880003C491A788A5C2A423CD1499B022B4CDC09
:10B890002200009802AB43A900F0EEF9012860D025
:10B8A000022800D031E7C4E70A22D3E7390003A811
:10B8B00000F04DFB4023439A0700134343930123B9
:10B8C000D3E74023439A134343930023CDE7022356
:10B8D000CBE7439AD30600D517E7029B4799181D7B
:10B8E00002901B68D50701D519800EE719600CE797
:10B8F000C02343AA5B002100D35800989847002832
:10B90000B7D096E7479A013247926268013A62607F
:10B91000002A02DD01332360B1E743AB21009B59CC
:10B92000009898470028AAD083E7042B06DC220061
:10B93000009802AB43A900F0FFF9AFE70F4B002BD3
:10B9400000D1E2E62200009802AB43A900E000BF6C
:10B95000A4E7A3895B0600D56FE7A5239B009D4460
:10B96000F0BD4698F9E7C0466CFDFFFF01B601083F
:10B9700079B601085DED0108DECE01080000000087
:10B98000F7B5160001938A680B690C00009093428A
:10B9900000DA13002200336043321278002A01D00B
:10B9A0000133336023689B0602D53368023333606A
:10B9B0002268062315001D401A4227D02300433376
:10B9C0001B785A1E93412268920630D422000199B6
:10B9D0000098089D4332A847013025D006222368ED
:10B9E00000251340042B05D13368E568ED1AEB43BD
:10B9F000DB171D40A3682269934201DD9B1AED18F5
:10BA00000026B54220D1002010E00135E3683268FD
:10BA10009B1AAB42D2DD2200012301990098089FB6
:10BA20001932B8470130F0D101204042FEBD30202C
:10BA3000E1184331087021005A1C45310978A218D9
:10BA4000433202331170C1E72200012301990098AB
:10BA5000089F1A32B8470130E6D00136D1E700001E
:10BA6000F0B58BB006920A0043320793059003921B
:10BA70000A7E0C00109B782A09D8622A0BD8002A6B
:10BA800000D1BAE07A490491582A00D18EE025000D
:10BA900042352A7022E0100063381528F7D8E6F7FF
:10BAA00035FF16001F00F6FFF6FFF6FFF6FF1F003A
:10BAB000F6FFF6FFF6FFF6FF9F0036007E00F6FF6A
:10BAC000F6FFB000F6FF3600F6FFF6FF8200250015
:10BAD0001A684235111D196013682B7001239EE00E
:10BAE00018680968021D0D060BD506681A60002E3D
:10BAF00003DA2D23039A764213705D4B0A270493D1
:10BB000018E006681A604906F1D536B2EFE7086812
:10BB1000196840C9050602D4400600D5B6B21960BE
:10BB2000534B0A2704936F2A00D1023F23000022BF
:10BB300043331A706368A360002B06DB042122687C
:10BB4000039D8A43226033430CD0039D30003900AB
:10BB5000E6F776FF049B013D5B5C2B70330006002B
:10BB60009F42F3D9082F09D12368DB0706D5626805
:10BB700023699A4202DC3023013D2B70039B5B1B3F
:10BB80002361079B210000930598069B09AAFFF7F4
:10BB9000F7FE013048D1012040420BB0F0BD202219
:10BBA00009680A4322607822324904912100453114
:10BBB0000A701968226840C9100602D4500600D5E0
:10BBC000B6B21960D30702D5202313432360002E99
:10BBD00001D01027AAE72022236893432360F8E7C7
:10BBE0001A680D68101D4969186013682E0601D582
:10BBF000196002E06D06FBD519800023039D2361C7
:10BC0000BFE71A68111D19601568002128006268D5
:10BC100000F092F9002801D0401B60606368236146
:10BC20000023039A1370ACE72A002369069905984C
:10BC3000079DA8470130AED023689B0715D4099B08
:10BC4000E0689842A9DA1800A7E7220001230699C4
:10BC50000598079E1932B04701309CD00135E36842
:10BC6000099A9B1AAB42F0DCE9E70025F7E7C046EA
:10BC7000E9CE0108FACE0108F7B515008A680C0074
:10BC80000190002A04D18A69002A17D10132A260EA
:10BC90002268D20603D41A68111D1960176800269D
:10BCA000A069002816D001280BD12B6862691B7887
:10BCB000D35C002B0ED1002E3BD029E00122524252
:10BCC000E5E7022824D12B681A4A1B78D35C0822A6
:10BCD00013421DD1102223680136134203D12B6871
:10BCE0001B783B7001372A686B6801322A60A268B2
:10BCF000013B013A6B60A260002A09D0002BCFDC27
:10BD0000C0235B002900E358019898470028C7D05A
:10BD100022681023110019401A4206D1E36801334A
:10BD2000E360A369002B00D03970002023699B19C0
:10BD30002361FEBD5DED0108F0B58BB00193784B3A
:10BD40001600049007AAA1CBA1C2764A8B690C0009
:10BD50000592032B01D1744B0593AE220020A368FA
:10BD60005200591E0390914205D95E3BFF3B03935D
:10BD70005E23FF33A36023001C330093D0230027EE
:10BD800022681B0113432360009B0293336807A8BA
:10BD90001978BB000222185800F0CEF8002829D0EC
:10BDA000012F5ED16368002B06D1083322686360DF
:10BDB000F933FF331343236023685C4A1340236045
:10BDC000A3685A1EA260002B14D033685A1C32603C
:10BDD0001B78029A13707368551C013B7360002B2B
:10BDE00007DCC0235B003100E35804989847002823
:10BDF0007ED102950137032FC8D16368002B01D192
:10BE00000A3363600027636849496069C91A00F012
:10BE10009EF8029DA36820680293002B3FD03168F2
:10BE200063690A789B5C002B39D0302A28D18023A3
:10BE30001B01184224D0039B0137002B05D01A00A8
:10BE4000029B013A01330392A3607368013B736064
:10BE5000002B1CDD336801333360A368013BA36012
:10BE6000D8E7022FACD1C02380212268DB00134029
:10BE700089008B42C1D110236360F03313439EE7E6
:10BE80002C4B034023600B782B700135DDE7C0237A
:10BE90005B003100E358049898470028DDD0236800
:10BEA000DB050ED5009B9D4207D9BE23013D5B00FB
:10BEB00032002978E35804989847009B01209D425E
:10BEC00029D0216810230A001A4019421CD12A7077
:10BED000636800990498059EB047019B22681B681F
:10BEE000910607D501991A1D0A601B68186008E0C1
:10BEF0000027D4E7191DD6070FD5019A11601B68DA
:10BF00001880E3680133E3600020009BED1A236989
:10BF1000ED195B1923610BB0F0BD019A1160E4E7E4
:10BF20000CC40108BDC20108B1C10108FFFAFFFF3E
:10BF30001BCF0108FFF6FFFFC9B28218904201D162
:10BF40000020704703788B42FBD00130F6E770B5D4
:10BF50000B7804005E2B19D04D1C00212200601CC0
:10BF6000FF30117001328242FBD1681E002B26D0B7
:10BF700001264E402800E6540178451C2D2909D0A1
:10BF80005D291BD000291AD00B00F3E74B788D1CDC
:10BF90000121E3E742785D2AF6D09342F4DC1900F0
:10BFA0000230013166548A42FBDC591C934202DBA9
:10BFB00000228B18E0E7D21A013AFAE7280070BD98
:10BFC0000B00F7B54D6B44330C009D421CD180260D
:10BFD000F6003100FFF72AF8002802D10120404284
:10BFE000FEBD23006063A66346331A78104BC2542B
:10BFF000230045331A780F4BC2542A780E4BC25493
:10C00000C01820600020EBE78E6B290073001A0037
:10C01000019300F013F8051EE0D0871901003200EB
:10C020003800FFF704F9019B27606563A363E9E724
:10C03000FF030000FE030000FD030000F7B506004B
:10C040000C001500002905D11100FEF7EFFF0400D8
:10C050002000FEBD002A03D1FFF778F82C00F7E797
:10C0600000F030F90700854202D84308AB42EFD315
:10C0700029003000FEF7DAFF0190002801D1019C71
:10C08000E6E72A00BD4200D93A0021000198FFF7F7
:10C09000CEF821003000FFF759F8F0E7F0B585B091
:10C0A00017001E0003900191242B23D80C00012BB4
:10C0B00020D03D4B08229C46230061461D78013468
:10C0C000485D010011401042F6D12D2D19D125787F
:10C0D0009C1C012300931022330093431DD1302D6B
:10C0E00015D1202123788B43582B10D16578023449
:10C0F000102612E0FEF742FF16230360002005B071
:10C10000F0BD00912B2DE6D125789C1CE3E7002E95
:10C11000EED10A36302D00D1023E244A009B9446CF
:10C120006344310018000293E6F78AFC002284463B
:10C1300010002B00303B092B11D81D00AE421DDD35
:10C14000531C09D001225242844505D301D1A94292
:10C1500011DB01227043281825780134E9E72B0010
:10C16000413B192B01D8373DE8E72B00613B192BE8
:10C1700004D8573DE2E701225242EDE7531C08D1B3
:10C180002223039A02981360002FB8D0631E0193F4
:10C1900007E0009B002B00D04042002FAFD0002AC8
:10C1A000F4D1019B3B60AAE75DED0108FFFFFF7F33
:10C1B00010B5FFF773FF10BDF0B51E003E4B170022
:10C1C0000C009C46082285B0039000912300614634
:10C1D0001D780134485D010011401042F6D12D2D2B
:10C1E00012D125789C1C0123029310223300934323
:10C1F00016D1302D0ED1202123788B43582B09D115
:10C200006578023410260BE002912B2DEDD12578B4
:10C210009C1CEAE7002EF5D10A36302D00D1023EF3
:10C22000012031004042E6F785FB019001203100FA
:10C230004042E6F705FC00230122180094462A003C
:10C24000303A092A12D81500AE421EDD5A1C0AD017
:10C250000123019A5B42824205D301D1A94211DB3D
:10C2600063467043281825780134E8E72A00413AEC
:10C27000192A01D8373DE7E72A00613A192A04D87C
:10C28000573DE1E701235B42EDE75A1C07D122222B
:10C29000039918000A60002F09D105B0F0BD029A79
:10C2A000002A00D04042002FF7D0002B01D0631E9F
:10C2B0000093009B3B60F0E75DED010810B5FFF7D0
:10C2C0007BFF10BD0B1F1B68181F002B01DA0B58DA
:10C2D000C0187047F8B5C046F8BC08BC9E46704709
:0CC2E000F8B5C046F8BC08BC9E4670478C
:10C2EC00AD033805B902B904B9023805B902C50560
:10C2FC000203B904020338050203C5055403B9044B
:10C30C00540338055403C505B902610602036106DE
:10C31C0054036106AD036106AD03B904AD03C50555
:10C32C0080020020000100007C020020003E22411F
:10C33C004141414141414141414141417F003C42E8
:10C34C0042422400E1C60108D5C5010826CC0108EB
:10C35C0033C501084C31004C32004C33004C3400D6
:10C36C004C35004D00004800004C4F5731004C4FED
:10C37C005732004C4F5733004C4F5734004C4F57EB
:10C38C0035004D494400004849474800DAC50108CA
:10C39C008ACD010823CC010860CB01081ACC010816
:10C3AC001ECC0108532200205422002055220020CC
:10C3BC00562200202F2300205800C337720065300E
:10C3CC007000C3005D00000D5900688059006800C2
:10C3DC005A0055555B0055555C0030AA5800C337C0
:10C3EC00720065307000E0005D00002E590068801E
:10C3FC00590068005A0055555B00AA555C0030AADC
:10C40C001DCF01081CC7010820CF0108EFFFF7FF63
:10C41C00CBFFFBFFFF0352454C4541534500414CBC
:10C42C004C204B45595300564F4C544147450057EF
:10C43C00454C434F4D45004D414255484159210013
:10C44C0025732045646974696F6E006F6B67625069
:10C45C00473A2C41372517E4CBB59F002E2D2E2EB5
:10C46C00002E2D2D2D2D002E2E2D2D2D002E2E2E71
:10C47C002D2D002E2E2E2E2E002D2E2E2E2E002D5E
:10C48C002D2D2E2E002E2D2E2D2E2D002D2D2E2E23
:10C49C002D2D002E2E2D2D2E2E002E2D2D2D2D2E14
:10C4AC00002D2E2D2E2D2D002D2E2D2D2E002D2E32
:10C4BC002D2D2E2D002E2D2E2E2E002D2D2D2E2EF3
:10C4CC002E002D2E2D2E2D2E002D2E2E2E2D002D10
:10C4DC002E2E2E2E2D002E2E2D2D2E2D002E2D2ED1
:10C4EC002E2D2E002E2E2E2D2E2E2D002E2D2D2EC1
:10C4FC002D2E005D5D002533752E253035750043DE
:10C50C00482D25303475004E554C4C0076372E3660
:10C51C002E3130430031323334350035343332313F
:10C52C000043544353530044435300442530336F6A
:10C53C00256300554E4C4F434B204B4559424F41C0
:10C54C00524400536176653F005363616E2046612F
:10C55C00696C656400467265713A2D2D2D2E2D2D5A
:10C56C002D2D2D00546F6E653A2D2D2D00546F6EB0
:10C57C00653A4E6F6E6500536176653A004672659A
:10C58C00713A25752E253035750043544353533A73
:10C59C0025752E2575487A004443533A442530338B
:10C5AC006F4E00253364002520346420257300531E
:10C5BC002564002B25303264004625752B0046255A
:10C5CC0075004558004F46460054544E00435700E2
:10C5DC004245414D205458004245414D205258008F
:10C5EC00503100503200556E6B6E6F776E005453A5
:10C5FC0051004C4F572042415454455259005072EF
:10C60C0065737320455849540053636E526E67002E
:10C61C003E257300555342003E3E00252E347300D8
:10C62C00252E2A732E252E337300253033752E2597
:10C63C003035750025752E25750025642E25303274
:10C64C00754B0025644B004D4F4E490053514C2502
:10C65C00640025302A752F25750044544D4620253D
:10C66C0073004368617267652025752E253032751D
:10C67C0056202575252500212121202573202121D7
:10C68C0021004D44433A20257300556E69743A20BD
:10C69C00307825303458005072657373206B65798F
:10C6AC0020746F206469736D697373004172673A0B
:10C6BC002030782530325800436C6F736520696EDA
:10C6CC00202575207365630056464F202573002284
:10C6DC002214140808003C26252525263C003E1C67
:10C6EC0008003E3E1C1C0808004142430061626386
:10C6FC0000313A25750025752A3130306D7300579D
:10C70C00494B490050524F46494C45003030302F70
:10C71C00303000535552453F0057414954210025B4
:10C72C003032752F2575002B25752E25756442002A
:10C73C0025642E253032756B487A005553455200CE
:10C74C0025730A25735700442530336F4900253370
:10C75C00642E2530357500252E33732E252E33731C
:10C76C002020004D487A0053544F50004341525200
:10C77C004945520A25303264733A253033646D735F
:10C78C000054494D454F55540A253032646D3A25B5
:10C79C003032647300253032752028252E337329EE
:10C7AC0000252E38730A252E38730025642A313063
:10C7BC006D73004E375349580025730A25730025B5
:10C7CC0033732025642025640025643A25643A25BA
:10C7DC006400257320253264202530346400253014
:10C7EC0032643A253032643A25303264004255497D
:10C7FC004C44004D454D4F525900464C4153482036
:10C80C0025752E25752525005352414D2020257563
:10C81C002E2575252500524541440A4D414E554162
:10C82C004C0025752E25303275560A257500256469
:10C83C00683A253032646D00496E736964650A4646
:10C84C00204C6F636B0A506C616E00464D002530B6
:10C85C002A752F253032750025302A752F2D2D0085
:10C86C0030785F5F5F5F00253032753A2530327566
:10C87C000025752E2530327500264949494932006C
:10C88C002425262122273A3B3F5E607C7B7D5F007E
:10C89C0053656172636820467265710053656172FD
:10C8AC00636820546F6E65005363616E20436F6D37
:10C8BC00706C657465004A616E00466562004D617E
:10C8CC007200417072004D6179004A756E004A75B4
:10C8DC006C0041756700536570004F6374004E6FB8
:10C8EC007600446563004B45595F4D454E55004BF2
:10C8FC0045595F5550004B45595F444F574E004BBF
:10C90C0045595F45584954004B45595F5354415262
:10C91C00004E4152524F574552004E4F524D414CD2
:10C92C0000464153540054494E5900434C41535313
:10C93C004943004B4559530A414354494F4E530008
:10C94C004B4559530A505454004B4559530A4143D3
:10C95C0054494F4E530A50545400534F554E4400B3
:10C96C0056495355414C004F4E4550555348004C79
:10C97C004546540A52494748540A55562D4B3100E6
:10C98C0055500A444F574E0A55562D4B35283829C9
:10C99C000044454641554C542B0A3133372D313721
:10C9AC00340A3430302D343730004643432048416C
:10C9BC004D0A3134342D3134380A3432302D34357B
:10C9CC00300043412048414D0A3134342D31343844
:10C9DC000A3433302D3435300043452048414D0A5C
:10C9EC003134342D3134360A3433302D3434300074
:10C9FC0047422048414D0A3134342D3134380A3401
:10CA0C0033302D343430003133372D3137340A3450
:10CA1C0030302D343330003133372D3137340A3444
:10CA2C0030302D34333800504D52203434360047DA
:10CA3C004D52530A4652530A4D55525300444953D2
:10CA4C0041424C450A414C4C00554E4C4F434B0A0D
:10CA5C00414C4C0056464F00313630306D41682009
:10CA6C004B3500323230306D4168204B3500333558
:10CA7C0030306D4168204B3500313430306D4168B9
:10CA8C00204B3100323530306D4168204B31005233
:10CA9C004F474552004D4443004D44432D313230F5
:10CAAC0030004D44432D313230304C004C4F474F09
:10CABC00004E4F4E450050455243454E5400555084
:10CACC0020434F444500444F574E20434F444500AC
:10CADC0055502B444F574E0A434F44450041504F3D
:10CAEC004C4C4F0A5155494E444152004348414E1B
:10CAFC004E454C0A4E554D424552004E414D450057
:10CB0C004E414D450A2B0A46524551004D41494E66
:10CB1C000A4F4E4C59004455414C2052580A52452C
:10CB2C0053504F4E440043524F53530A42414E44CC
:10CB3C00004D41494E2054580A4455414C205258FE
:10CB4C00004C4F474F2B004D4154524958005458FC
:10CB5C002F52580057494445003C2032306D00316B
:10CB6C0032356D003235306D003530306D004C4F44
:10CB7C00572031004C4F572032004C4F5720330078
:10CB8C004C4F572034004C4F572035004D49440032
:10CB9C0053454E540057414954494E470052454362
:10CBAC004549564544004D454D2046554C4C004595
:10CBBC0052524F520053454E44494E4700537461F4
:10CBCC007475730041636B6E6F776C656467650099
:10CBDC005265717565737400526573657276656420
:10CBEC0000436F6D6D616E6400456D657267656EB7
:10CBFC00637900456D657267656E63792B4F7000C4
:10CC0C00456D657267656E63792B41636B004E41B0
:10CC1C0052004E41522B004E2B00444352004255C1
:10CC2C00535900424154204C4F570054582044490A
:10CC3C005341424C450054494D454F555400414CCD
:10CC4C0041524D00564F4C54204849474800464CE1
:10CC5C00415400434C45414E00424F4F5354004DFC
:10CC6C0041580053484152500053544F434B004FCE
:10CC7C0050454E002030002E2C2D2829402F5C2BA7
:10CC8C003D2A233C3E5B5D7E310061626332006471
:10CC9C006566330067686934006A6B6C35006D6ECD
:10CCAC006F36007071727337007475763800777850
:10CCBC00797A3900464C4153480A4C49474854004C
:10CCCC00504F574552004D4F4E49544F5200564FFE
:10CCDC005800464D20524144494F003137353048B9
:10CCEC007A004C4F434B0A4B455950414400564631
:10CCFC004F20410A56464F20420056464F0A4D459A
:10CD0C004D005258204D4F4445004D41494E204F47
:10CD1C004E4C5900574944450A4E4152524F570008
:10CD2C0052585458204C4F47004D5554450052789A
:10CD3C004100504F5745520A484947480052454D0B
:10CD4C004F56450A4F4646534554004245414D0007
:10CD5C004E4F204C4F470054595045204D4553538E
:10CD6C0041474500505245535320505454005341B1
:10CD7C0056453F0044454C3F004D2D5343414E001A
:10CD8C00256425732D25644D004D522843482530CC
:10CD9C003275290056464F284348253032752900F4
:10CDAC00412D5343414E282575290043482D2530EC
:10CDBC003275002533642E256400252E33732E2501
:10CDCC002E317300253373002534736B004D4F4E99
:10CDDC0000257557504D202573204325750041497A
:10CDEC005220434F5059285244592900414952204E
:10CDFC00434F50590041495220434F505928434DFD
:10CE0C00502900252E33732E252E3373004D454D9E
:10CE1C002025303375202D20253033750053657453
:10CE2C0074696E6773005243563A253032752E255D
:10CE3C00303275252520453A256400534E443A2559
:10CE4C003032752E2530327525250052583A004364
:10CE5C004C454152204C4F470053392B25303275ED
:10CE6C0000532575004D2025732F257300413A255D
:10CE7C0073202563002575780025752E25303575B2
:10CE8C00207F25752E253032756B00533A20257581
:10CE9C000025642064426D002564644200FFFFFF9E
:10CEAC00FFFFFFFFFF005745414B004E4F524D0017
:10CEBC00535452470031322E3500362E3235004C49
:10CECC004E4173004C4E410050474100232D302BF6
:10CEDC002000686C4C00656667454647003031326F
:10CEEC0033343536373839414243444546003031C6
:10CEFC0032333435363738396162636465660041E4
:10CF0C002D46612D66383930313233343536375D44
:10CF1C00002B2D007858002E2C3F3100414243321B
:10CF2C0000444546330047484934004A4B4C3500D1
:10CF3C004D4E4F36005051525337545556380057BA
:10CF4C0058595A39040404040404050405050A0F4D
:10CF5C0014191E23282D320708090A0B0C0D000189
:10CF6C0002060E03040F10051112131415161741A7
:10CF7C004243442A2300000040771B0080CBA400CE
:10CF8C0080CBA400A00BD100A00BD100C080090164
:10CF9C00C0800901C00E1602C00E1602005A6202B1
:10CFAC00005A6202C029CD02C029CD0280A4BF075D
:10CFBC0041000000BEC4010842000000C9C40108C1
:10CFCC0043000000FAC40108440000008DC40108AD
:10CFDC0045000000ABC4010846000000EBC401088A
:10CFEC0047000000A9C401084800000086C40108DD
:10CFFC00490000008EC401084A00000074C40108F6
:10D00C004B000000BDC401084C00000068C40108BE
:10D01C004D0000006DC501084E000000AAC40108B7
:10D02C004F0000006CC5010850000000B5C4010899
:10D03C0051000000BCC4010852000000FBC40108F0
:10D04C0053000000CAC40108540000001ECF0108A0
:10D05C0055000000F4C4010856000000D6C40108B5
:10D06C0057000000B0C4010858000000F3C40108C8
:10D07C0059000000AFC401085A0000008CC401081C
:10D08C00300000006AC50108310000006DC40108C1
:10D09C003200000073C401083300000079C4010899
:10D0AC0034000000DCC40108350000007FC4010816
:10D0BC003600000085C4010837000000C8C4010810
:10D0CC00380000008BC4010839000000A7C4010817
:10D0DC002E00000091C401082C00000098C4010827
:10D0EC003F0000009FC4010827000000A6C40108EF
:10D0FC0021000000ADC401082F000000EAC40108A3
:10D10C0028000000B4C4010829000000BAC40108BA
:10D11C0026000000C1C401083A000000C7C4010881
:10D12C003B000000CEC401083D000000D5C401083E
:10D13C002B000000CFC401082D000000DBC4010847
:10D14C005F000000E2C4010822000000E9C40108ED
:10D15C0024000000F0C4010840000000F8C40108DD
:10D16C00FA00F4017102E803E204C409410301006E
:10D17C0005000A001900320064007D008403DC0500
:10D18C00D007B80B88131027D430204EA86150C399
:10D19C0045AD0008293101087939010845660108B7
:10D1AC005D7D01081588010807092A446F000000FD
:10D1BC0009C4000831C4000821C4000800000000A4
:10D1CC0029C4000849C400085BC4000863C40008F3
:10D1DC001F111F151F151D151717151D1F041F1BBC
:10D1EC00151B0E110E110A04E5BA00087D3F01084B
:10D1FC00212F0008D5610008F9690008792F000873
:10D20C00E5BA000821490008D92E0008513300085E
:10D21C008133000815390008552F0008E5BA0008BD
:10D22C00A12F0008DD2F000831300008DD35000883
:10D23C0011500008754800089D3500085130000851
:10D24C006D30000805800108895C0108A2C0A1A608
:10D25C00A424811F2F40AF121113130A0104070BD2
:10D26C000205080C0306090D0E000F00081018200B
:10D27C0030486896C8FF081C3044586C8000000089
:10D28C0000093D0000127A000024F4004086510190
:10D29C0000366E0100093D0000093D0000093D000B
:10D2AC000000000000000000000000000000000072
:10D2BC000000000000000000000000000000000062
:10D2CC000100000002000000030000000400000048
:10D2DC000600000007000000080000000900000024
:10D2EC000000000000000000000000000000000032
:10D2FC000100000002000000030000000400000018
:10D30C0012010002EF020140B736FFFF00010102DB
:10D31C00030109024B000201008032080B000202DB
:10D32C0002010009040000010202010205240010A0
:10D33C000105240100010424020205240600010752
:10D34C0005830308000A09040100020A0000000713
:10D35C000502024000000705810240000004030999
:10D36C00040A0350005500590041001C035000559D
:10D37C0000590041002000430044004300200044B9
:10D38C000045004D004F00160332003000320032D1
:10D39C00003100320033003400350036000041709B
:10D3AC006558004E375349582076372E362E31307B
:10D3BC004300000061340008E5BA0008E5BA000833
:10D3CC0059620008953C0008F5340008E5BA0008DD
:10D3DC006B03F802F8028002380438048403F80264
:10D3EC005374657000000001506F77657200000285
:10D3FC00527844435300000352784354435300047F
:10D40C005478444353000005547843544353000666
:10D41C0054784F446972000754784F66667300085D
:10D42C00572F4E000000000A42757379434C000BD5
:10D43C00436F6D706E6400204D6F646500000031A9
:10D44C0054584C6F636B000C43684C697374001B2D
:10D45C00436853617665000D436844656C65000E46
:10D46C0043684E616D65000F53634C697374002201
:10D47C005363507269000023507269436831002471
:10D48C00507269436832002553636E5265760019F9
:10D49C00463153687274004746314C6F6E670048D2
:10D4AC00463253687274004946324C6F6E67004ABC
:10D4BC004D204C6F6E67004B4B65794C636B001ABB
:10D4CC005478544F7574000942617453617600119D
:10D4DC0042617454787400304D6963000000001E82
:10D4EC004D6963426172001F436844697370001098
:10D4FC00504F6E4D7367002C424C54696D65001390
:10D50C00424C4D696E000015424C4D61780000167E
:10D51C00424C547852780014426565700000001833
:10D52C00526F67657200002D4D4443204944002E14
:10D53C00535445000000001C525020535445001D0C
:10D54C00312043616C6C00215550436F646500269B
:10D55C004457436F646500275054542049440028B5
:10D56C00442053540000002944205072656C002A5A
:10D57C0044204C697665002B564F58000000001271
:10D58C00537973496E66002F52784D6F646500179E
:10D59C0053716C00000000005365745077720036B4
:10D5AC005365745054540037536574544F540038B9
:10D5BC00536574454F540039536574437472003A83
:10D5CC00536574496E76003B5365744C636B003C39
:10D5DC005365744D6574003D536574475549003E61
:10D5EC005365745278410045536574546D72003F15
:10D5FC005365744F666600355365744E464D004155
:10D60C00536574566F6C00425365744B65790043D7
:10D61C0053657453636E0040536574536176004DCB
:10D62C0046204C6F636B003333353020456E00342D
:10D63C0042617443616C0046426174547970004CD1
:10D64C005365744E61760044526573657400003204
:10D65C0000000000000000FF55562D4B3520466998
:10D66C00726D776172652C2045475A554D45522B8A
:10D67C004E375349582076372E362E3130430D0A0B
:10D68C0000001C2744444444271C0C12216D796D66
:10D69C0021120C0C122161616121120C1C1C142230
:10D6AC00417F0022140814227F00767676767E7FE6
:10D6BC007C464545454545467C003E41414122005E
:10D6CC007F40404040003E4141413E007F090909F6
:10D6DC0006001F2040201F006314081463007F0203
:10D6EC001C027F003E4141413E006314081463005C
:10D6FC007F49494936007F4141413E003F40384017
:10D70C003F007F0919294600412214080008142201
:10D71C0041007F09192946003E4141413E007F09E5
:10D72C000909060026494949320000009CC8010835
:10D73C00A8C80108B4C80108C2C80108C6C80108B5
:10D74C00CAC80108CEC80108D2C80108D6C8010849
:10D75C00DAC80108DEC80108E2C80108E6C80108F9
:10D76C00EAC80108EEC801087F415D5D5D417F009C
:10D77C006F8B472CE134F82C5E8BF893E1B6658DFA
:10D78C004A007F415D5D5D417F5B1FBAEED99F55BD
:10D79C009874E21A0D963DA50D69C2A5F296F95939
:10D7AC005FDC4A146318D94755112C02D86467758D
:10D7BC005594537F450D963DA50D69C2A5F296DF94
:10D7CC0019F75FC215BC552A444411FD05757575D2
:10D7DC0005FD019A38370D963DA50D69C2A5F29647
:10D7EC00CBC081DF1175117F3E6437187FEB152399
:10D7FC00017F415D5D5D417F006A0F740ED2B07494
:10D80C00B16D1859157986CE1543007F415D5D5D6C
:10D81C00417FCD5D8365E7C655BD6B3FA91CA5E077
:10D82C0069E34A15062AFECECA3A70D9EAF55C15A8
:10D83C008A6722FF25AEB630F855DD07B6C21CA5A7
:10D84C00E069C46615842B72E8E92311CDE6C19119
:10D85C00E6887722FD0474747405FD01F7AE811C13
:10D86C00A5E06954FE37222BEAAAA78D5F3155B18A
:10D87C003FCECA24337F538EA300011A1C1E2022D4
:10D88C00242627292D31050913192224292B2C3064
:10D89C003236383C4748494A4B525300F2C80108CB
:10D8AC00FBC8010802C901080BC9010814C9010809
:10D8BC0025CD01081DC9010826C901082DC901087B
:10D8CC0032C9010837C901082EC401083FC9010833
:10D8DC004CC9010855C90108D1C5010866C9010820
:10D8EC006CC9010851CA010837C9010873C901087C
:10D8FC007BC901088CC901089DC90108B6C901087A
:10D90C00CEC90108E5C90108FCC9010813CA010800
:10D91C0023CA010833CA01083BCA010849CA0108D5
:10D92C0055CA010860CA010851CA010864CA010835
:10D93C006FCA01087ACA010885CA010890CA010891
:10D94C00306365643364320031313A32383A3335FE
:10D95C00004175672032332032303236000000002F
:10D96C00D1C501089BCA0108A1CA0108A5CA0108B2
:10D97C00AECA01080000000051CA010866C90108BE
:10D98C0068CD010833C40108B8CA0108BDCA010832
:10D99C00BDCA010833C40108C2CA0108D1C50108B7
:10D9AC00CACA0108D2CA0108DCCA0108E9CA0108BE
:10D9BC0013CB0108F8CA010807CB01080CCB0108EE
:10D9CC0018CB010822CB010832CB01083DCB010852
:10D9DC00D1C50108B8CA01084DCB010853CB0108C9
:10D9EC00D1C50108E1C501084ACB01085ACB010891
:10D9FC0060CB010825CD0108D1C5010824CC010854
:10DA0C001ECF010865CB01086BCB010870CB010858
:10DA1C0075CB01087ECB010884CB010896CB01089D
:10DA2C0047C701087ACB010880CB010886CB0108D7
:10DA3C008CCB010892CB010898CB010844CD01088E
:10DA4C00D1C50108DACD01081F0000001C00000040
:10DA5C001F0000001E0000001F0000001E00000040
:10DA6C001F0000001F0000001E0000001F0000002F
:10DA7C001E0000001F0000009CCB0108A1CB010878
:10DA8C00A9CB0108B2CB0108BBCB0108C1CB010863
:10DA9C00C9CB0108D0CB0108DCCB0108E4CB0108D1
:10DAAC00EDCB0108F5CB0108FFCB01080CCC01082C
:10DABC00464D0000414D000055534200E1C601089F
:10DACC002ACC01082FCC010837CC010842CC010824
:10DADC004ACC010850CC01085ACC01085FCC010893
:10DAEC0098CB010865CC01086BCC01086FCC010800
:10DAFC0075CC01087BCC0108000000000000003E42
:10DB0C003E1C1C0808000000000017000300031F47
:10DB1C000A1F0A1F051904130F171C000300000E1F
:10DB2C0011110E00050205040E0410080004040473
:10DB3C000010001804031E110F021F0019151211FA
:10DB4C00150A07041F1715091E151D1905031F15A6
:10DB5C001F17150F000A00100A00040A110A0A0AFE
:10DB6C00110A040115030E15161E051E1F150A0EAB
:10DB7C0011111F110E1F15151F05050E151D1F0464
:10DB8C001F111F1108100F1F041B1F10101F061F41
:10DB9C001F0E1F0E110E1F05020E191E1F0D161241
:10DBAC001509011F010F101F0718071F0C1F1B045D
:10DBBC001B031C031915131F111102040811111F4B
:10DBCC000201021010100102001A161C1F120C0C7C
:10DBDC0012120C121F0C1A16041E050C2A1E1F0200
:10DBEC001C001D0010201D1F0C12111F101E0E1EDC
:10DBFC001E021C0C120C3E120C0C123E1C020214C7
:10DC0C001E0A021F120E101E0E180E1E1C1E120CC7
:10DC1C001206281E1A1E16041B11001B00111B04D1
:10DC2C00020301121712FCFEFE06060606FEFEFC9F
:10DC3C003F7F7F606060607F7F3F0000181CFEFEAE
:10DC4C00FE000000000060607F7F7F6060001C1E93
:10DC5C001E06060686FEFE7C6070787C6E6763612D
:10DC6C0060600C0E0E86868686FEFE7C30707061BF
:10DC7C006161617F7F3E80C0E070381C0EFEFEFE4D
:10DC8C000F0F0F0C0C0C0C7F7F7FFEFEFEC6C6C662
:10DC9C00C6C6C686307070606060607F7F3FF8FCDF
:10DCAC00FEC6C6C6C6C6C6803F7F7F606060607F0A
:10DCBC007F3F0E0E0E060686E6FE7E1E000000005E
:10DCCC007C7F7F0300007CFEFE86868686FEFE7CC3
:10DCDC003F7F7F616161617F7F3FFCFEFE06060630
:10DCEC0006FEFEFC016363636363637F3F1F00807A
:10DCFC008080808080808000000101010101010191
:10DD0C00010000005E5E0000060600060600143EE0
:10DD1C00143E14002E6B7F6B3A006333180C666351
:10DD2C00304B4D552250000007070000001C3E638D
:10DD3C0041000041633E1C00002A1C1C2A001818DC
:10DD4C007E7E18180040602000000018181818007B
:10DD5C000000606000006030180C06033E7F6363B7
:10DD6C007F3E64667F7F606062737B7B6F666363FC
:10DD7C006B6B7F36383C367F7F306F6F6B6B7B33D2
:10DD8C003E7F6B6B7B320303737B0F07367F6B6BB2
:10DD9C007F36066F6B6B7F3E00006C6C00000040A2
:10DDAC006C2C000008142241000036363636360042
:10DDBC000041221408000607535B1F0E307B6B7B5F
:10DDCC007F3E7E7F1B1B7F7E7F7F6B6B7F363E7F14
:10DDDC00636363367F7F63637F3E7F7F6B6B6B63B5
:10DDEC007F7F1B1B1B033E7F636B7B3A7F7F0C0C7F
:10DDFC007F7F63637F7F63633073637F3F037F7FCA
:10DE0C001C3663417F7F606060607F7F06067F7F8A
:10DE1C007F7F0C187F7F3E7F63637F3E7F7F1B1B62
:10DE2C001F0E3E7F63737F7E7F7F1B3B7F66666F1B
:10DE3C006B6B7B3303037F7F03033F7F60607F3F0C
:10DE4C001F3F60603F1F3F7F30307F3F63771C1C5C
:10DE5C007763070F78780F0763737B6F6763007FB7
:10DE6C007F6363000102040810600063637F7F001E
:10DE7C000C0E03030E0C606060606060000307060C
:10DE8C000000207656567E3C7F7F6C6C7C38387C4C
:10DE9C006C6C6C00387C6C6C7F7F3C7E56565E0CD8
:10DEAC007E7F1B1B02000C5E56567E3C7F7F0C0C4B
:10DEBC007C7800007A7A00003060607D3D007F7FC6
:10DECC00183C7E66003F7F4000007C7C18187C7CF0
:10DEDC007C7C0C0C7C783C7E66667E3C7E7E36368A
:10DEEC003E1C1C3E367E7E607C7C0C0C18004C5E0E
:10DEFC00565676203F7F6C6C60003C7C60607C3CAE
:10DF0C000C3C70703C0C3C7C30307C3C446C3838A5
:10DF1C006C44066E68687E3E66767E6E6600083ED1
:10DF2C007741000000007F0000000041773E0800B0
:10DF3C000C060C180C0000005E0000000006000629
:10DF4C000000143E143E140026497F49320063132E
:10DF5C0008046261304B4D55225000000707000049
:10DF6C00001C224100000041221C0000002A1C1C45
:10DF7C002A0008083E080800004060200000000845
:10DF8C00080808000000606000004020100804022F
:10DF9C003E414141413E0040427F40406251514927
:10DFAC004946224149494936181412117F10274518
:10DFBC00454545393E494949493201017109050335
:10DFCC0036494949493646494949291E00006C6C75
:10DFDC00000000406C2C00000814224100001414B6
:10DFEC001414140000412214080002015109060007
:10DFFC00304A4A523C007E090909097E7F49494949
:10E00C0049363E41414141227F414141413E7F4998
:10E01C00494949417F09090909013E414949493AA0
:10E02C007F080808087F41417F4141002041413F62
:10E03C0001017F080C1221407F40404040407F028C
:10E04C000404027F7F020408107F3E414141413E9F
:10E05C007F09090909063E415161413E7F090919B1
:10E06C00294626494949493201017F0101003F40B7
:10E07C004040403F0738404038073F403030403F39
:10E08C0063140808146307087008070061514945B8
:10E09C004341007F41410000010204081060000070
:10E0AC0041417F00040201020400404040404040D6
:10E0BC000003070600002054545478007F44444465
:10E0CC003800384444442800384444447F003854D1
:10E0DC00545448007C0A0A0A0200585454543C0018
:10E0EC007F040404780000007A0000002040403DCA
:10E0FC000000007F1028440000003F4000007C041A
:10E10C007C0478007C0404047800384444443800CF
:10E11C007C1414140800081414147C407C040404AB
:10E12C0008000854545420003F44444440003C40F0
:10E13C0040403C000C3040300C003C4030403C0037
:10E14C004428102844000C5050503C004464544C5B
:10E15C00440008364100000000007F000000000071
:10E16C0041360800040204080400000000FCFC0016
:10E17C00000000000D0D0000000F1F00001F0F001D
:10E18C0000000000000020F8F820F8F820020F0F23
:10E19C00020F0F0270F8888E8E9810040C08383815
:10E1AC000F0730300080C060300C060301000C0CEF
:10E1BC0080D87CE4BCD840070F0808070F08001073
:10E1CC001F0F000000000000000000000000F0F82D
:10E1DC000C0400000003070C08000000040CF8F00D
:10E1EC00000000080C0703000080A0E0C0E0A000C5
:10E1FC00000203010302008080E0E0808000000048
:10E20C0003030000000000000000000000101E0EC0
:10E21C000000808080808080800000000000000072
:10E22C00000000000000000000000C0C00000000CA
:10E23C000080C060300C060301000000F8FC0404F0
:10E24C0004FCF8070F0808080F07001018FCFC0066
:10E25C00000008080F0F0808181C0484C47C380C34
:10E26C000E0B09080808181C444444FCB8060E0898
:10E27C0008080F0780C0603018FCFC010101010187
:10E28C000F0F7C7C444444C484040C0808080F071A
:10E29C00F0F84C4444C480070F0808080F07040426
:10E2AC000484E47C1C00000E0F010000B8FC444404
:10E2BC0044FCB8070F0808080F0778FC848484FC1A
:10E2CC00F8000808080C07030000003030000000BC
:10E2DC0000000606000000000030300000000008BE
:10E2EC000E0600000080C060301808000001030614
:10E2FC000C08404040404040400202020202020230
:10E30C000008183060C08000080C06030100383C7F
:10E31C000484C47C380000000D0D0000F0F808C81F
:10E32C00C8F8F0070F080B0B0B01F8FC848484FC75
:10E33C00F80F0F0000000F0FFCFC444444FCB80F16
:10E34C000F0808080F07F8FC0404041C18070F0832
:10E35C0008080E06FCFC04040CF8F00F0F08080C5F
:10E36C000703FCFC44444404040F0F080808080885
:10E37C00FCFC44444404040F0F0000000000F8FCB3
:10E38C000484849C98070F0808080F07FCFC404085
:10E39C0040FCFC0F0F0000000F0F000004FCFC04FD
:10E3AC00000000080F0F080000000004FCFC04062D
:10E3BC000E08080F0700FCFCE030180C040F0F01CE
:10E3CC0003060C08FCFC00000000000F0F080808F6
:10E3DC000808FCFC187018FCFC0F0F0000000F0F55
:10E3EC00FCFC60C080FCFC0F0F0000010F0FF8FC60
:10E3FC00040404FCF8070F0808080F07FCFC8484CD
:10E40C0084FC780F0F0000000000F8FC040404FCEE
:10E41C00F8070F080C0C1F17FCFC848484FC780F85
:10E42C000F0103060C08387C444444CC88060E08C3
:10E43C0008080F07000404FCFC04040000000F0F84
:10E44C000000FCFC000000FCFC070F0808080F078C
:10E45C007CFC800080FC7C00030F0C0F0300FCFC98
:10E46C00008000FCFC0F0F0603060F0F0C3CF0C0E5
:10E47C00F03C0C0C0F0300030F0C003C7CC0C07C68
:10E48C003C0000000F0F0000040484C4643C1C0E0C
:10E49C000F09080808080000FCFC04040000000F29
:10E4AC000F0808003870E0C0800000000000010375
:10E4BC00070E00000404FCFC00000008080F0F000D
:10E4CC00080C0603060C0800000000000000000009
:10E4DC000000000000202020202020200000030746
:10E4EC000400000000000000000000A0A0A0A0E0BC
:10E4FC00C0070F0808080F0FFCFC202020E0C00FFD
:10E50C000F0808080F07C0E02020206040070F0804
:10E51C0008080C04C0E0202020FCFC070F080808A9
:10E52C000F0FC0E0202020E0C0070F0909090901E6
:10E53C002020F8FC24240400000F0F000000C0E091
:10E54C00202020E0E0074F4848487F3FFCFC20207B
:10E55C0020E0C00F0F0000000F0F000020ECEC00BB
:10E56C00000000080F0F08000000000020ECEC0079
:10E57C00307040407F3FFCFC0080C060200F0F01DA
:10E58C0003060C08000004FCFC00000000080F0F40
:10E59C000800E0E020E020E0C00F0F000F000F0F9C
:10E5AC00E0E0202020E0C00F0F0000000F0FC0E0C3
:10E5BC00202020E0C0070F0808080F07E0E020200B
:10E5CC0020E0C07F7F0808080F07C0E0202020E073
:10E5DC00E0070F0808087F7FE0E060202020200F74
:10E5EC000F0000000000C0E02020202020080909B6
:10E5FC0009090F062020FCFC2020000000070F0852
:10E60C000808E0E0000000E0E0070F0808080F0F22
:10E61C00E0E0000000E0E000030F0C0F0300E0E07E
:10E62C00008000E0E0070F080F080F0760E0800093
:10E63C0080E0600C0E0301030E0CE0E0000000E033
:10E64C00E0074F4848487F3F202020A0E060200C86
:10E65C000E0B09080808000040F8BC040400000078
:10E66C00070F0808000000BCBC00000000000F0FE2
:10E67C000000000404BCF840000008080F0700006C
:10E68C00080C040C080C0400000000000000030837
:10E69C001018202830383F00A2F14674A46144655C
:10E6AC008A4E44E084EA000390990990A931000550
:10E6BC0090990990A931000390994688C038099027
:10E6CC0000320990A933099000364685F03A6685E8
:10E6DC00003D19130D090604140F0A0806043C0327
:10E6EC0064002E036100F8021900D90206007602BC
:10E6FC0000000000000000000000400364002D0337
:10E70C005F00E4023C00C3021500AA020500760279
:10E71C00000000000000450364003A035F00EE02B5
:10E72C003200BC0219006C02050058020000000007
:10E73C0000003C0364002D036100F6021900D602B0
:10E74C0006007602000000000000000000004703F5
:10E75C00640032035F00E9023700BF0219009C021B
:10E76C0005006F020000000000009E02B502CF02FF
:10E77C00E80202031D033903560375039303B40324
:10E78C00CE03E8030B04300455047C04A404CE042B
:10E79C00F904260555058505B605EA051F063E064E
:10E7AC00560677068F06B106CA06ED0607072B0735
:10E7BC0046076B078807AE07CB07F30711083B0822
:10E7CC008508D108F30820097209C709ED0913005F
:10E7DC001500160019001A001E002300270029003E
:10E7EC002B002C00350039003A003B003C004C005B
:10E7FC004D004E005200550059005A005C00630059
:10E80C0065006A006D006E00720075007A007C0075
:10E81C0085008A00930095009600A300A400A50033
:10E82C00A600A900AA00AD00B100B300B500B60067
:10E83C00B900BC00C600C900CD00D500D900DA0073
:10E84C00E300E600E900EE00F400F500F900090130
:10E85C000A010B01130119011A01250126012A01D4
:10E86C002C012D01320134013501360143014601E1
:10E87C004E01530156015A016601750186018A0148
:10E88C009401970199019A01AC01B201B401C30141
:10E89C00CA01D301D901DA01DC01E301EC0100006A
:10E8AC0000000000E8033C000100F4013C00020001
:10E8BC0090011E000100F4011E00010058021E0010
:10E8CC00010070033C00030080CC010883CC0108DC
:10E8DC0096CC01089BCC0108A0CC0108A5CC010862
:10E8EC00AACC0108AFCC0108B5CC0108BACC010800
:10E8FC00BDCA010800000000C0CC010801000000E6
:10E90C00CCCC010802000000D2CC010803000000AE
:10E91C0087CD010804000000DACC010805000000D6
:10E92C00DECC010807000000E7CC0108080000005D
:10E93C00EECC010809000000FACC01080A00000026
:10E94C0006CD01080B00000011CD01080C000000E1
:10E95C000ECD01080E00000016CD01080F000000BE
:10E96C0062C901081000000020CD01081100000050
:10E97C002CCD01081700000035CD01081300000054
:10E98C003ACD0108140000003ECD0108150000002E
:10E99C0049CD01081600000057CD010818000000F1
:10E9AC00DFE5EBF1F7FAFD00E8EDF2F7FAFCFE001B
:10E9BC00EDF0F50000A070A101000E886E8801003A
:10E9CC000090D690010000380040000000780080D4
:10E9DC000000008700880100003000380000007043
:10E9EC00007800000086008701000028003000003D
:10E9FC0000680070000000850086010000200028DF
:10EA0C000000006000680000008400850100001810
:10EA1C00002000000058006000000083008401000A
:10EA2C000010001800000050005800000082008305
:10EA3C000100000800100000004800500000008198
:10EA4C0000820100000000080000004000480000A7
:10EA5C000080008101000000C0E9010803000C00E7
:10EA6C00D2E9010803004400E4E901080300440072
:10EA7C00F6E901080300440008EA01080300440019
:10EA8C001AEA0108030044002CEA010803004400C0
:10EA9C003EEA01080300440050EA01080300440068
:10EAAC002830484058205C342A2A455449414E4D60
:10EABC0053555257444B474F4856462A4C2A504AB6
:10EACC00425843595A512A2A35342A332A2A2A328F
:10EADC002A2A2B2A2A2A2A31363D2F2A2A2A2A2A5E
:10EAEC00372A2A2A382A39304102024204014304C7
:10EAFC000544030145010046040447030348040090
:10EB0C004902004A040E4B03054C04024D02034E0D
:10EB1C0002014F030750040651040B520302530326
:10EB2C000054010155030456040857030658040900
:10EB3C0059040D5A040330051F31051E32051C33D0
:10EB4C000518340510350500360501370503380561
:10EB5C000739050F2F05093F060C2E062A2C063304
:10EB6C003D05112D06212B050A28050D26050264ED
:10EB7C00320A0000B2CE0108B7CE0108BCCE0108A3
:10EB8C0079736D67615B554F493F000000000000D1
:10EB9C0000000000BCE9010804000000B4E9010811
:10EBAC0008000000ACE90108080000000008020A97
:10EBBC000C040E06030B01090F070D0530373D43FE
:10EBCC0047487E00C8CE0108C1CE0108C6CE010858
:10EBDC0018100A002836087F58485800580058006A
:10EBEC005800580058245848486C486C087F283600
:10EBFC00283628362836283601000A0032006400F0
:10EC0C00FA00F40171024103E803E204DC05D007C9
:10EC1C00C409881310270000000000000000000049
:10EC2C0000000000CBCE0108130803000100000017
:10EC3C00D0CE01081305070001000000D4CE010856
:10EC4C001300070001000000166C14E62E910D4015
:10EC5C002135D5401303E980A4EA01089CEA010898
:10EC6C0094EA01088CEA010884EA01087CEA0108AC
:10EC7C0074EA01086CEA010864EA010808008010D3
:10EC8C0001020000C0401F0A2E00FF02115B0000B1
:10EC9C001E41000000CE0000000000109731000063
:10ECAC00FF1352980000000008000000E151BCA8BE
:10ECBC004526E400D81C503AE0EA0030000200007F
:10ECCC00166C14E62E910D402135D5401303E980C6
:10ECDC0000000000000000100010000000100010E8
:10ECEC000020000000200010003000000030001058
:10ECFC0000400000004000100050000000500010C8
:10ED0C000060000000600010007000000070001037
:10ED1C000080000000806E08009000000090D6007B
:10ED2C0000A0000000A070010000010000B0000273
:10ED3C000010010000C00010F9EB0008C10A010826
:10ED4C0089E70008015D0108096B0108A18B010826
:10ED5C00002020202020202020202828282828209F
:10ED6C002020202020202020202020202020202097
:10ED7C0020881010101010101010101010101010FF
:10ED8C0010040404040404040404041010101010EF
:10ED9C0010104141414141410101010101010101B9
:10EDAC00010101010101010101010101101010100B
:10EDBC00101042424242424202020202020202028B
:10EDCC0002020202020202020202020210101010DF
:10EDDC002000000000000000000000000000000007
:10EDEC000000000000000000000000000000000017
:10EDFC000000000000000000000000000000000007
:10EE0C0000000000000000000000000000000000F6
:10EE1C0000000000000000000000000000000000E6
:10EE2C0000000000000000000000000000000000D6
:10EE3C0000000000000000000000000000000000C6
:10EE4C0000000000000000000000000000000000B6
:04EE5C0000000000B2
:04EE6000012D000878
:04EE6400D52C0008A1
:10EE680001140A01FFFF01FFFF00C80020033C0056
:10EE7800B400B400A40188FF88FF3C00F1F0F6FC60
:10EE8800F9FAFF00FFFF1313E1AC0A1300000001B9
:10EE9800FFFFFFFF0100000000127A008100000060
:10EEA800E991010802000000F5510108E803010199
:10EEB80020030000FFFFFFFF00000000000000002B
:10EEC80001FF1313FFFF0103FF0164131300010087
:10EED800CEFFFFFF7EFFFFFFCEFFFFFF7EFFFFFF9E
:10EEE800FFFF0101010001012000FFFF01010100F6
:10EEF80080380100010C800C960000007EFFFFFFA7
:10EF0800CEFFFFFF00010000AC0000200000000061
:10EF1800FC33002064340020CC34002000000000C2
:10EF280000000000000000000000000000000000D9
:10EF380000000000000000000000000000000000C9
:10EF480000000000000000000000000000000000B9
:08EF58000000000000000000B1
:10EF600000000000000000000000000000000000A1
:10EF70000000000000000000000000000000000091
:10EF80000000000000000000000000000000000081
:10EF90000000000000000000000000000000000071
:10EFA0000000000000000000000000000000000061
:10EFB0000000000000000000000000000000000051
:10EFC0000000000000000000000000000000000041
:10EFD0000000000000000000000000000000000031
:10EFE0000000000000000000000000000000000021
:10EFF0000000000000000000000000000000000011
:10F000000000000000000000000000000000000000
:10F0100000000000000000000000000000000000F0
:10F0200000000000000000000000000000000000E0
:10F0300000000000000000000000000000000000D0
:10F0400000000000000000000000000000000000C0
:10F0500000000000000000000000000000000000B0
:10F0600000000000000000000000000000000000A0
:10F070000000000000000000000000000000000090
:10F080000000000000000000000000000000000080
:10F090000000000000000000000000000000000070
:10F0A0000000000000000000000000000000000060
:10F0B0000000000000000000000000000000000050
:040000050801AF2916
:00000001FF
