:020000040800F2
:10280000004000205D9101081139000813390008CB
:1028100000000000000000000000000000000000B8
:102820000000000000000000000000001539000852
:1028300000000000000000001739000841CA00082D
:10284000AD910108AD910108AD910108AD9101086C
:10285000AD910108AD910108AD910108AD9101085C
:10286000AD910108AD910108AD910108CD5000086E
:10287000AD910108AD910108AD910108AD9101083C
:10288000AD910108AD910108AD910108AD9101082C
:10289000AD910108AD910108AD910108AD9101081C
:1028A000AD910108AD910108AD910108AD9101080C
:1028B000AD910108AD91010800000000F17101081F
:1028C00002780B78002A03D0013001319A42F7D008
:1028D000D01A70470023C25C0133002AFBD1581E76
:1028E0007047000002B47146490849000956490082
:1028F0008E4402BC7047C04602B471464908490084
:10290000095C49008E4402BC7047C04603B471465E
:10291000490840004900095E49008E4403BC7047E5
:1029200003B47146490840004900095A49008E44E1
:1029300003BC7047002243088B4274D303098B42C7
:102940005FD3030A8B4244D3030B8B4228D3030C7F
:102950008B420DD3FF22090212BA030C8B4202D321
:102960001212090265D0030B8B4219D300E0090A49
:10297000C30B8B4201D3CB03C01A5241830B8B4252
:1029800001D38B03C01A5241430B8B4201D34B033B
:10299000C01A5241030B8B4201D30B03C01A5241A0
:1029A000C30A8B4201D3CB02C01A5241830A8B4225
:1029B00001D38B02C01A5241430A8B4201D34B020E
:1029C000C01A5241030A8B4201D30B02C01A524172
:1029D000CDD2C3098B4201D3CB01C01A5241830926
:1029E0008B4201D38B01C01A524143098B4201D360
:1029F0004B01C01A524103098B4201D30B01C01A8B
:102A00005241C3088B4201D3CB00C01A5241830804
:102A10008B4201D38B00C01A524143088B4201D331
:102A20004B00C01A5241411A00D201465241104691
:102A30007047FFE701B5002000F0F0F802BDC04686
:102A40000029F7D076E7704703460B437FD4002276
:102A500043088B4274D303098B425FD3030A8B4232
:102A600044D3030B8B4228D3030C8B420DD3FF229C
:102A7000090212BA030C8B4202D31212090265D06A
:102A8000030B8B4219D300E0090AC30B8B4201D31D
:102A9000CB03C01A5241830B8B4201D38B03C01A64
:102AA0005241430B8B4201D34B03C01A5241030BDB
:102AB0008B4201D30B03C01A5241C30A8B4201D38C
:102AC000CB02C01A5241830A8B4201D38B02C01A37
:102AD0005241430A8B4201D34B02C01A5241030AAE
:102AE0008B4201D30B02C01A5241CDD2C3098B4293
:102AF00001D3CB01C01A524183098B4201D38B0110
:102B0000C01A524143098B4201D34B01C01A5241B2
:102B100003098B4201D30B01C01A5241C3088B42F7
:102B200001D3CB00C01A524183088B4201D38B00E2
:102B3000C01A524143088B4201D34B00C01A524184
:102B4000411A00D201465241104670475DE0CA0F5B
:102B500000D04942031000D34042534000229C461B
:102B600003098B422DD3030A8B4212D3FC22890125
:102B700012BA030A8B420CD3890192118B4208D3FB
:102B8000890192118B4204D389013AD0921100E05D
:102B90008909C3098B4201D3CB01C01A5241830971
:102BA0008B4201D38B01C01A524143098B4201D39E
:102BB0004B01C01A524103098B4201D30B01C01AC9
:102BC0005241C3088B4201D3CB00C01A5241830843
:102BD0008B4201D38B00C01A5241D9D243088B4299
:102BE00001D34B00C01A5241411A00D2014663463C
:102BF00052415B10104601D34042002B00D54942A0
:102C0000704763465B1000D3404201B5002000F0DE
:102C100005F802BD0029F8D016E770477047C04696
:102C20001C2101231B04984201D3000C10391B0AFC
:102C3000984201D3000A08391B09984201D30009C0
:102C4000043902A2105C40187047C0460403020217
:102C50000101010100000000000000000448054BD4
:102C600010B5834203D0044B002B00D0984710BD11
:102C7000EC000020EC00002000000000064807499E
:102C8000091A8B10C90FC91810B5491003D0044B8D
:102C9000002B00D0984710BDEC000020EC00002075
:102CA0000000000010B5074C2378002B09D1FFF776
:102CB000D5FF054B002B02D0044800E000BF0123E4
:102CC000237010BD6002002000000000E89E010893
:102CD000054B10B5002B03D00449054800E000BFA8
:102CE000FFF7CCFF10BDC0460000000064020020CA
:102CF000E89E0108054B82B0DA6B0243DA63DB6BB6
:102D000018400190019B02B07047C046001002407D
:102D1000054B82B01A6C02431A641B6C1840019078
:102D2000019B02B07047C04600100240802130B5C0
:102D300080240822454B49009962A40045B2002D29
:102D400000DA81E09C62C046C046C046C046C0462C
:102D5000C046C046C046C046C046C046C046C04643
:102D6000C046C046C046C046C046C046C046C04633
:102D7000C046C046C046C046C046C046C046C04623
:102D8000C046C046C046C046C046C046C046C04613
:102D9000C046C046C0469961C046C046C046C0460F
:102DA000C046C046C046C046C046C046C046C046F3
:102DB000C046C046C046C046C046C046C046C046E3
:102DC000C046C046C046C046C046C046C046C046D3
:102DD000C046C046C046C046C046C046C046C046C3
:102DE000C046C046C046C0464000C0B29962C04618
:102DF000C046C046C046C046C046C046C046C046A3
:102E0000C046C046C046C046C046C046C046C04692
:102E1000C046C046C046C046C046C046C046C04682
:102E2000C046C046C046C046C046C046C046C04672
:102E3000C046C046C046C046C046C046C046013A2D
:102E4000002A00D07AE730BD9C617CE70004005086
:102E5000054B82B05A6B02435A635B6B184001907A
:102E6000019B02B07047C046001002400222064B90
:102E700099681142FCD00122187399681142FCD064
:102E8000D868C0B27047C0460038004010B5040092
:102E9000000CC0B2FFF7EAFF200AC0B2FFF7E6FF5E
:102EA000E0B2FFF7E3FF10BD0B4B5A7E002A02D0C1
:102EB0009B7E002B0ED10322084B01211A700022A9
:102EC000074B1A70074B1970074B1B788B4201D0C8
:102ED000064B1A707047C046441E00203107002080
:102EE000171E002030070020FB1D00205700002087
:102EF000084B1A68293213780133DBB2072B00D94B
:102F0000012313700122044B1A80044A044B1278E7
:102F10001A707047181E00202E070020FB1D00208D
:102F2000570000200122064B1A80064B1A683432E3
:102F300013780133DBB2032B00D1002313707047E9
:102F40002E070020181E0020012305498A7F5A40C1
:102F50008A77044A1370044A1370044A1370704746
:102F6000441E00200F07002012070020291E002009
:102F70000A4810B502780A4B002A0CD00633D97FD4
:102F80004C426141D97701235A400270054A1370BF
:102F9000054A137010BD0533F1E7C0460E07002047
:102FA000441E002012070020291E00200E490F4A4F
:102FB0000B7870B5501D0E4D0E4C002B0CD02D789B
:102FC000C57720780632D077012253400B700A4B28
:102FD0001A700A4B1A7070BDC67F2E70951DED7F5A
:102FE000C37725701800EDE70D070020441E002070
:102FF0000C0700200B07002012070020291E0020CC
:10300000012304490A785A400A70034A1370034A9C
:1030100013707047BB1D002012070020291E0020DE
:103020000123044A11784B4013700222024B1A709C
:103030007047C04604070020030700200123044A0C
:1030400011784B4013700222024B1A707047C04631
:103050000207002003070020044B05481A8850434C
:10306000044A801880B21880000A70472A000020A5
:103070000508000019360000F0B5130007270322E9
:103080003B405A431B4B85B0D31801930123039156
:103090009C46002102900020019B5B5C0093009BFA
:1030A0006246C340134213D0039B1C18A3B23F2BAC
:1030B0000ED86546029B5A18E3B23C40A540D2B2F6
:1030C000ECB2072B0CD80C4BD5189B5C1C432C7016
:1030D00001300528E3D101310329DCD105B0F0BD71
:1030E000DB08013BDB01054E9D18AD19F618B35CFA
:1030F000ECE7C0465CAC010839070020AF1900209E
:10310000054B1A78002A06D000221A70034B0132B0
:103110001A70034B1A707047C0060020241E00204E
:10312000291E002030B50E4B1B689A8B0D4B18687A
:103130000D4B19680D4B1C6C844207D15C6C8C42A2
:1031400004D11C0048342488944207D01C00002578
:103150004A3418645964483325801A8030BDC0460B
:10316000381D00202407002074040020780400206B
:103170000E4B10B51B68191E13D00D4A1268918BA7
:1031800000290ED083420ED80A4A126882420AD31E
:10319000C01AFFF7CFFB084B0021984201D801303D
:1031A00081B2080010BD0021FBE7C04624070020C3
:1031B000381D002074040020FEFF000010B5094CEB
:1031C0002278531CDBB2172B00D90023064952008A
:1031D0005052064A23701378172B01D8013313700D
:1031E00010BDC046410400204204002040040020DD
:1031F0000122054B52421A800023044A1360044AFC
:103200001370044A13707047040000203C0400202F
:10321000390400203804002070B51E4A03001268EB
:103220000232D47F221C082C00D208221A491B48E3
:103230000D88083A92B2854206D100200B80844264
:1032400001D0A342404170BD15482E1C854201D9D2
:103250001448068814481036B6B21C1C834201D9A3
:10326000124804880834A4B29E4202D80120934236
:10327000E9D2A64202D801209442E4D29D4202D96A
:1032800000200B80DFE707226A430432D318DB08F3
:10329000F6E7C046381D002004000020FFFF0000B4
:1032A000EFFF000008A00108F7FF00000AA00108D6
:1032B000002806D0044A13780133DBB2032B01D86F
:1032C000137070470023FBE735040020F8B5104C5D
:1032D0002368002B02D000232360F8BD0D4B0E4F56
:1032E0001B681B691D680D4B2560597B4A42514183
:1032F00048224A439B180833DE6F3E60FFF778FF91
:10330000B54201D926603D60FFF70CFFE5E7C046F6
:1033100024070020181E002074040020441E0020F2
:10332000074B1B78012B0AD0064B1B78012B06D0CC
:10333000012205494B7E53404B76044B1A7070476F
:10334000FB1D0020221E0020441E00200F0700202D
:103350000021012210B5124B1960124B587B4240DC
:1033600011485A7304788C4202D001700F480170E2
:10337000991DC87F002801D0501CC8770533D97F1C
:10338000002901D00132DA770123094A1370094A72
:103390001370094A13700022084B1A7010BDC04602
:1033A00024070020441E0020171E0020141E0020A9
:1033B0000F070020120700205200002057000020B5
:1033C000092802D83030C0B2704703000A3BFF2002
:1033D000052BF9D8014AD05CF6E7C0462AAA0108B5
:1033E00010B50E4A0E48137B59424B410021DBB207
:1033F00013738B4200D04831843152180260094A5D
:103400001378002B03D101331370074A1370002087
:103410000EF0DAFA0A22054B1A8010BD441E002075
:10342000381D002023070020291E0020BC06002094
:10343000194B10B51B78002B11D0FFF761FE174A0E
:10344000174B12781B7852B2002A1BD1154AD27F33
:10345000002A05D1032B02D003200EF07BF910BD0A
:10346000114A1278002AF5D16420104908801049C9
:103470000A7010490A7001210F4A117001210A4A8D
:103480001170E7E7084A11780029E3D114200B4AAC
:1034900010800B4AF1E7C046BE060020DC1D00206C
:1034A000221E0020491E0020B61D0020BC06002060
:1034B0005200002023070020291E00202A07002098
:1034C00053000020034B10B51B78002B01D1FFF7F0
:1034D000AFFF10BDB11D0020302210B500210448FF
:1034E00015F090FE0022034B1A70034B1A7010BDAA
:1034F00042040020410400204004002010B5084B85
:103500001B78012B01D9042B05D1062008F084FB80
:10351000062008F081FB0022024B1A7010BDC04645
:10352000841E002038000020A023402210B5DB05B7
:103530009A6214F055FA10BD10B5032804D007287C
:1035400009D0074B185C03E0064B1878A6231843F4
:10355000FFF7EAFF10BD044B18781530C0B2F7E74B
:10356000D4AC0108380700202C00002070B50C4BAB
:103570001B6834331C78012C0AD10321094D2878AB
:103580000130FFF747FB2970200009F087F970BD73
:10359000002CF9D1044D052128780130F1E7C0460F
:1035A000381D00200A0700200907002070B508F028
:1035B0003FFD114B041E00D1104B19680D002D3535
:1035C0002A78343153425341D8B228700B78012BFA
:1035D00007D153425A4103205242104014F00EFAD0
:1035E00070BD002CFAD000208242F7D1044B18782D
:1035F0000130C0B2F2E7C046381D0020181E00207E
:103600000807002070B5868B0068714308183100E8
:103610001C00150008F008FCA04206D8A84203D2FE
:103620003100A01B08F000FC70BD2800FCE7000082
:10363000F0B5212585B0FFF775FD164B1E68164BBA
:103640001B785BB20193154B1B680293144B1B68EC
:103650000393144B1F783000039B029A0199FFF7E4
:10366000D1FF013DEDB204003060002D07D0FFF71F
:103670007FFD002803D000230B4ABB4202D120006B
:1036800005B0F0BD0232911E09888142E3D00133BA
:10369000DBB2F2E7381D0020DC1D002024070020EB
:1036A00074040020C20400207804002010B50EF03D
:1036B0008BFE0122044B1A70044B1B78002B01D0A7
:1036C000034B1A7010BDC0469F0600202C07002037
:1036D0001207002010B50A4C2378002B05D00020DB
:1036E0000EF038F80023237010BDFFF7DFFF054B05
:1036F00019780029F3D00A224A43034B1A70F1E7E4
:103700009F060020861E00209E060020264B70B5D6
:103710001A688023D28BDB009A422ED200230A251E
:1037200018002249224E0A78DCB2944209D30028BC
:103730000DD1042A21D1002301220B701D4B1A70D8
:1037400007E06843F45C0133001980B2ECE7042A17
:10375000F1D000220138184D84B2110020006E7B98
:1037600008F0EEFD002809D1124B1B78012B02D87E
:103770000222124B1A700AF037F970BD00230221A1
:103780000E4A1370321D520054530D4A76001170C8
:103790000C4A745313700C4A1370687B09F024FFB1
:1037A0000AF022F9E7E7C046181E0020171E002085
:1037B000D00300201C1E0020441E0020151E0020E7
:1037C000030700200207002004070020F8B5264B5D
:1037D000264C1A78002A03D0A11DCA7700221A703D
:1037E0000022234B1A70FFF777FE224B1F68224BF3
:1037F0003E001B78002B01D0204B1E688022204BFE
:10380000D2001B8893421CD2207BB2B2031D5B0006
:10381000E25202214300E25209F0E6FEB74204D030
:103820000AF0E2F80122174B1A7000233834237093
:103830000AF052FB01200EF0C7F80122124B1A7059
:10384000F8BD124B1D6828002E6008F0FBFE280012
:1038500008F0E4FDB742E8D001232A00217BE88B81
:103860000AF0CCFAE1E7C04634040020441E0020F0
:10387000DC1D002030040020A0060020A806002047
:1038800028070020291E0020241E0020381D0020AB
:1038900010B5174B174CDB7F002B19D0164A137845
:1038A000002B03D000231370144A1370144A637B57
:1038B00011688022C98BD20091420AD25B00E218C3
:1038C0009288E25201220F4B1A700F4B92181A7015
:1038D00010BD04335B00E05A002301211A0008F0F8
:1038E00069FD0A4B9842F3D0637B5B00E052E9E745
:1038F000481E0020441E0020171E0020141E002019
:10390000181E00209406002003070020FFFF00007F
:103910007047FEE770477047014B024A9A60704754
:1039200000ED00E0002800080E4B1A7882420DD00E
:1039300018700D4B0D4A1B5C0D4913800D4A1288FF
:103940009B1A9AB21BB2002B01D10B707047181151
:10395000002B03DD53421B115B4218B2064B18804B
:103960000123F2E7CD170020F3AC0108C4170020B3
:10397000CA170020C8170020C6170020902210B5D3
:10398000054B5200985CFFF7CFFF0022034B1A80D3
:10399000034B1A7010BDC046441E0020F81D0020C5
:1039A000CB170020F8B5802380267E4F7E4C9B00ED
:1039B0007600BB610500A662C046C046C046C04650
:1039C000C046C046C046C046C046C046C046C046C7
:1039D000C046C046C046C046C046C046C046C046B7
:1039E000C046C046C046C046C046C046C046C046A7
:1039F000C046C046C046C046C046C046C046C04697
:103A0000C046C046C046C0468020BB622843FFF780
:103A10008DF92368654A13402360C046C046C046FE
:103A2000C046C046C046C046C046C046C046C04666
:103A3000C046C046C046C046C046C046C046C04656
:103A4000C046C046C046C046C046C046C046C04646
:103A5000C046C046C046C046C046C046C046C04636
:103A6000C046C046C046C046C046102300204000A5
:103A700080B2844601212069A661400A084061465F
:103A80000843C046C046C046C046C046C046C046C1
:103A9000C046C046C046C046C046C046C046C046F6
:103AA000C046C046C046C046C046C046C046C046E6
:103AB000C046C046C046C046C046C046C046C046D6
:103AC000C046C046C046C046C046C046C046C046C6
:103AD000C046A662C046C046C046C046C046C046B4
:103AE000C046C046C046C046C046C046C046C046A6
:103AF000C046C046C046C046C046C046C046C04696
:103B0000C046C046C046C046C046C046C046C04685
:103B1000C046C046C046C046C046C046C046C04675
:103B2000C046C046013B002B00D0A0E723681A40E6
:103B30008023DB021343236080239B00BB61C046CC
:103B4000C046C046C046C046C046C046C046C04645
:103B5000C046C046C046C046C046C046C046C04635
:103B6000C046C046C046C046C046C046C046C04625
:103B7000C046C046C046C046C046C046C046C04615
:103B8000C046C046C046C046C046C046C046A66104
:103B9000A361074B302D02D0472D01D1054B188072
:103BA000F8BDC0460014005000040050FFFFF3FFB2
:103BB000360000203400002070B5060069200D009A
:103BC000FFF7F0FE040003040BD46A20FFF7EAFEBF
:103BD0000C4B24030005000D1C40044302203460FC
:103BE00070BD6820FFF7DEFE030000201A04F7D442
:103BF0000548DB04DB0C58430449FEF725FF288009
:103C00000120EDE700F0FF00EB120000102700009C
:103C1000F7B5694B694A00931B780192002B26D1B6
:103C200013785BB2002B0AD0654B664A1B889B1841
:103C3000062B04D8644B1B78002B18D0F7BD634BC0
:103C40001D786B1E022B27D86149624B0A78002A27
:103C500003D0614A1278002A06D01A78002A1BD0B5
:103C60005E4A1278002A17D100220A701A700120C9
:103C70000DF0AAFE01225A4B1A70019B1B785BB211
:103C8000002BDBD0574B1A78502AD7D8002A00D007
:103C900089E0FFF79BFDD1E74B4B01241B78524F86
:103CA000002B0AD03B78DAB2002B05D1A5421AD0FE
:103CB0000ED9AB1EA34229D900243B784B4E002BD2
:103CC00069D1002C67D13378002B41D13470B5E72E
:103CD000474BDB7D002BEFD0464B19780029EBD00A
:103CE00002241A70E9E7444B1978394B002906D0B1
:103CF0001A70404B1A78002ADED00022F0E71A78BA
:103D0000002AF6D11D706432334BF1E73B4B197832
:103D1000304B002914D03A490978012910D11A7082
:103D2000344E3378002BC7D00C20FFF73BFE040540
:103D3000A40F013C63425C41002364003370BCE784
:103D40001A78002AECD101321A70244B6332E6E76C
:103D50002C4BDB7F002BB9D0023D012DB6D80C20B7
:103D6000FFF720FE0005800F0128AFD1254BDB7F38
:103D7000002B00D162E7A0238022DB0552009A626B
:103D8000214BEC3A1A800023009A137001223A70FA
:103D90001E4A137052E700233370012C00D166E7EE
:103DA000022CE3D04AE719235343194A1380002217
:103DB000184B1A7042E7C046B5060020DC1D0020F3
:103DC0002807002000FCFFFFBE060020BB060020E5
:103DD000B9060020B6060020B4060020B306002075
:103DE000241E00206C1E0020B2060020B006002019
:103DF000441E0020B1060020BA060020B8060020AC
:103E0000B7060020471E0020AE060020401D0020FF
:103E10002A07002053000020F8B50C00374B30284B
:103E200002D0472805D1364B1A88A24200D142E180
:103E30001C8080238026334F334D9B007600BB616E
:103E4000AE62C046C046C046C046C046C046C04638
:103E5000C046C046C046C046C046C046C046C04632
:103E6000C046C046C046C046C046C046C046C04622
:103E7000C046C046C046C046C046C046C046C04612
:103E8000C046C046C046C046C046C046C046C04602
:103E9000C046BB62FEF74AFFC046C046C046C046A9
:103EA000C046C046C046C046C046C046C046C046E2
:103EB000C046C046C046C046C046C046C046C046D2
:103EC000C046C046C046C046C046C046C046C046C2
:103ED000C046C046C046C046C046C046C046C046B2
:103EE000C046C046C046C0461023AE6222B2002A79
:103EF00000DAE1E080229200AA6207E036000020AA
:103F0000340000200014005000040050C046C04699
:103F1000C046C046C046C046C046C046C046C04671
:103F2000C046C046C046C046C046C046C046C04661
:103F3000C046C046C046C046C046C046C046C04651
:103F4000C046C046C046C046C046C046C046C04641
:103F5000C046C046C046C046C046C0466400AE61CA
:103F6000A4B2C046C046C046C046C046C046C046D1
:103F7000C046C046C046C046C046C046C046C04611
:103F8000C046C046C046C046C046C046C046C04601
:103F9000C046C046C046C046C046C046C046C046F1
:103FA000C046C046C046C046C046C046C046C046E1
:103FB000C046AE62C046C046C046C046C046C046C7
:103FC000C046C046C046C046C046C046C046C046C1
:103FD000C046C046C046C046C046C046C046C046B1
:103FE000C046C046C046C046C046C046C046C046A1
:103FF000C046C046C046C046C046C046C046C04691
:10400000C046C046013B002B00D06FE7C046C0460B
:10401000C046C046C046C046C046C046C046C04670
:10402000C046C046C046C046C046C046C046C04660
:10403000C046C046C046C046C046C046C046C04650
:10404000C046C046C046C046C046C046C046C04640
:10405000C046C046C046C046C046C04680239B00FE
:10406000BB61C046C046C046C046C046C046C0460A
:10407000C046C046C046C046C046C046C046C04610
:10408000C046C046C046C046C046C046C046C04600
:10409000C046C046C046C046C046C046C046C046F0
:1040A000C046C046C046C046C046C046C046C046E0
:1040B000C046AE61AB61F8BD80229200AA6125E7DF
:1040C00070B590B0040040226846184915F0C9F94F
:1040D000392C08D82F2C25D8232C25D00EAD2A2CEE
:1040E00009D010B070BD2300413B373C032BF8D8FA
:1040F000A4006C44250028880D4C0E4E60430E49E8
:104100008019FEF717FC81B27120FFF785FE6B88DE
:1041100009495C43A019FEF70DFC81B27220FFF73C
:104120007BFEDEE7303CE3E70FADE4E7009F0108EC
:104130004C930100881300001027000010B5094CB3
:104140002388002908D04022C240134399B233206B
:104150002180FFF761FE10BD412149420141194014
:10416000F5E7C046AC19002010B5040051200A49FB
:10417000FFF752FE07200949FFF74EFE21050820F0
:10418000090DFFF749FE802321021B02090D0820BB
:104190001943FFF741FE10BD33A00000D70A00000D
:1041A0000C4B10B5C1184B1E9941040049420A4BF3
:1041B000890A8902C9185120FFF72EFE0748084BCB
:1041C00060430849C018FEF7B5FB81B20720FFF72E
:1041D00023FE10BDBFF5FFFF4094000098260300AA
:1041E00050C30000A086010070B5040031200D000E
:1041F000FFF7D8FBA02361051B02490D19430600F8
:104200004620FFF709FEC0216D056D0D49012943C8
:104210007920FFF701FE7A200449FFF7FDFD042114
:104220003143312089B2FFF7F7FD70BD9A280000B5
:1042300010B5040081B23820FFF7EEFD3920210CC3
:10424000FFF7EAFD10BD000010B50349000201436D
:104250004720FFF7E1FD10BD4260000010B5372098
:104260000549FFF7D9FD00213020FFF7D5FD3020AB
:104270000249FFF7D1FD10BD1F9F0000F1BF0000F4
:1042800010B53120FFF78EFB0223984381B2312015
:10429000FFF7C2FD00212B20FFF7BEFD10BD00007F
:1042A00070B505003120FFF77DFB0400002D06D11D
:1042B00008239C43A1B23120FFF7AEFD70BDAB1EB9
:1042C0005A1E9341AD21DB03890119432920FFF7D1
:1042D000A3FD0120A84280410549404280030143DB
:1042E0002820FFF799FD0821214389B2E3E7C04662
:1042F000382B000010B53120FFF754FB04239843FE
:1043000081B23120FFF788FD10BD10B500212420B7
:10431000FFF782FD10BD0000DB2110B52120C90090
:10432000FFF77AFD24200249FFF776FD10BDC04655
:104330007FC1000010B550200149FFF76DFD10BD91
:1043400018BB000010B550200149FFF765FD10BDF6
:10435000183B000010B500213020FFF75DFDE8217B
:1043600037204901FFF758FD10BD000010B50021AE
:104370007020FFF751FD0020FFF766FFFFF7E2FF17
:1043800000213020FFF748FD30200249FFF744FDAF
:1043900010BDC046F1BF000010B5C3217020FFF76B
:1043A0003BFD72200A49FFF737FDC1215820FFF776
:1043B00033FD5C200749FFF72FFD8E215D20C901E9
:1043C000FFF72AFD5E200449FFF726FD10BDC04619
:1043D00065300000655600000432000010B5002171
:1043E0003020FFF719FD10BD054B10B51B78002BD1
:1043F00005D001210020FFF7A1FEFFF72FFF10BD20
:10440000B11D002010B50400FFF794FF0020FFF756
:104410001BFF00217020FFF7FFFCFFF776FF302025
:104420000349FFF7F9FC002C01D1FFF78BFF10BD0A
:10443000FEC1000010B530200149FFF7EDFC10BDB2
:10444000FAC3000010B50400FFF766FFFFF772FF24
:104450000020844200D00330FFF7F6FE70200349AD
:10446000FFF7DAFCFFF7E6FF10BDC046C3C300004C
:1044700010B56720FFF796FAC005C00D10BD00000B
:1044800010B5064B064A1B7811781B011943B0235F
:104490001B0248201943FFF7BFFC10BDC21E0020BD
:1044A000C41E002010B501240E4B05201A7854407C
:1044B0001C70614261410F2349421940A1231B0135
:1044C000C91811F090FB0022074B944202D11A0048
:1044D0007F3212787E331A70FFF7D2FF0122034B2E
:1044E0001A7010BD05070020441E0020291E002060
:1044F00010B5FFF79DFEC02151208900FFF78CFC0D
:10450000FFF7ACFE10BD10B500210420FFF716FE2A
:1045100000210320FFF712FE10BD00000B4B10B569
:10452000984208D801210420FFF708FE002103204B
:10453000FFF704FE03E0013002D1FFF7E4FF10BDF6
:1045400000210420FFF7FAFD0121F0E7FF3EAB0157
:1045500070B51D4B1B78013B012B27D900241B4B49
:104560001B4A1C7013781B4DA34220D01A4B1470A9
:104570001C701A4B80221C80A02301265200DB05F0
:104580009A62174B1C7011F047FB164B1B6818689A
:10459000FFF7C4FF144B1E70144B1C7009F09CFCF9
:1045A0005022134B2C701E70124B1A8070BD124A91
:1045B000137008F055F801200DF006FA11F018FEFE
:1045C00003232B70F2E7C046221E0020171E002096
:1045D000161E002057000020DB1D002010070020C1
:1045E000401D0020381D0020291E00207C1E0020B8
:1045F00012070020AE1D00202C07002070B50F4DC3
:1046000004002A68002A08D0002318000C49A1429F
:10461000584191425B41984202D02000FFF77EFF53
:1046200020002C60FFF704FE00213020FFF7F4FB90
:10463000044B30201988FFF7EFFB70BD3C040020CD
:10464000FF3EAB0136040020A023F7B51600082278
:104650000500DB059A6203200C00FEF707FC28002A
:10466000FEF714FCC0232E4DDB00AA681100194090
:1046700001911A420AD10F2E0AD8A619B44249D084
:10468000FF20FEF7F3FB20700134F7E7EA68ECE760
:1046900040222B68042093432B6013F085F90520FA
:1046A00013F082F9802284211E4B52015A601E4F62
:1046B0000420490113F014F905201C4913F010F9E6
:1046C000FC601B4C31000420BC6013F019F9194A3E
:1046D000194B3100D36094600224052013F010F9C7
:1046E000019B164E042033703B6823433B6013F05C
:1046F00069F9052013F066F901236A681343402223
:104700006B602B6813432B606B681C436C603378C1
:10471000002BFCD0A0230822DB059A61F7BDC04620
:104720000038004000000240440002401010000029
:104730000C38004058000240C0170020BC17002071
:1047400000B503000078002207280DD8FEF7D4F842
:10475000040E14191E232B2B0122552904D0AA293B
:1047600001D0002000BD04221A70FAE7AA394A429B
:10477000514149001970F4E700229142F4D103320B
:10478000F2E7484241411A70C8B2EBE700225529CE
:10479000EAD10532E8E7032901D10622E4E704293A
:1047A000E2D10722E0E712290BD8102909D0074AE5
:1047B000073811700021064A117041424841054AEC
:1047C0001070002201201A70CCE7C0462D00002096
:1047D000BB070020BA0700200022034B1A70034BCE
:1047E00001321A707047C046B9070020291E002008
:1047F000F7B5A02640275039F6050430C4B201931E
:10480000C8B2B762150013F0EBF810202309184363
:1048100013F0E6F80F2020402C0013F0E1F8019B84
:10482000B7615E19B44200D1F7BD6B461879002D0F
:1048300000D0207813F0D4F80134F3E7F8B504235E
:10484000124E0400B3624020FEF76EFE104A002CA8
:1048500007D0104B01251F00072C0AD8621ED20179
:10486000D218802321000020FFF7C2FF0423B36188
:10487000F8BD290001353A0080230020EDB2FFF792
:10488000B7FF8037082DF4D1F0E7C0460004005090
:1048900039070020AF19002010B50820FFF7CEFF20
:1048A00010BD10B50130C0B2FFF7C8FF012012F0F3
:1048B000E3FA10BD10B50020FFF7C0FF10BD0000E7
:1048C000F7B5041E294E2A4F2BD00024FEF7C4FB57
:1048D0007021FEF7B5F8A5192970FEF7BDFB03217D
:1048E000FEF7AEF83D19013101342970202CEDD1CD
:1048F00009F0C0FD002509F0F9FC0024EFB2BB006F
:10490000DBB20193725DE100611A5118D2191219DC
:1049100009B2D2B2002C16D10198FEF7ADFB0134DA
:10492000F0E735002B783A5D9B18DBB22B70702BCB
:1049300004D9FEF791FB0F2318402870013401358C
:10494000202CEFD1D4E7032C02D901231A4202D044
:104950000198FEF791FB0134082CD3D10135202DAD
:10496000CBD1FFF7A7FFFFF797FFF7BDE2060020C7
:10497000C206002070B5254B1C78002C3ED0244B7D
:10498000DB7F013B3B2B39D8224D2B78002B35D1D7
:10499000214B1B78002B31D1204B1B78012B2DD0C4
:1049A00007F046FB002829D11D4B1B78002B25D191
:1049B0001C4B1B78002B03D01B4B1B78002B1DD0EE
:1049C0001A4B1B78002B19D1194B1B78002B01D0E7
:1049D000032B13D1631E012B11D810F03BFCFFF702
:1049E00069FFFFF759FF012300202B70114B18704E
:1049F000114B1870114B187012F03EFA70BD032C59
:104A0000F1D10120FFF75CFFEDE7C046C1060020B1
:104A10004C1E0020C0060020F21D0020221E002097
:104A2000D81D0020DB1D0020A31D0020EF1D00204D
:104A3000FB1D0020BF060020241E0020291E002090
:104A40000422074B10B5E2209A62FEF76DFD0024A8
:104A500020000134E4B2FEF76FFD082CF8D110BD40
:104A600000040050042370B50024064DAB62200002
:104A70000134E4B2FEF760FD0B2CF8D10423AB61E6
:104A800070BDC046000400500B4B70B51B680B4C4A
:104A9000584300236568A268834200D370BDA168B3
:104AA0008A4203D99B185B1A0A00F5E78A42FBD2B7
:104AB0006E1AF318D318F7E7D017002010E000E0C3
:104AC000324870B50378002B20D0314B314A002199
:104AD000595E13885B181BB21380002917DD2E491D
:104AE0000024095F994219DD1478002C1CD12B4A4F
:104AF000013413680720A343136012F055FF200010
:104B0000FFF7C2FF8022264B52009A6270BD002937
:104B1000EAD021490024095F9942E5DB1E4B1B883E
:104B2000138000230370DFE76401FF212000FDF7FD
:104B300001FFFF2300225B019C421AD01100194E95
:104B4000194D0B0082424B415B42334001339400CC
:104B5000FF3301322B51202AF3D101240F4D2B6852
:104B60002342D3D1072012F02DFF2B681C432C6069
:104B7000CCE70121094A072013688B43136012F028
:104B800013FF8022064B52009A61BFE7CA1700202C
:104B9000C6170020C8170020C417002000140040CA
:104BA0000014005000FFFF00D4170020782170B5DA
:104BB0001B4A1C4B12781C4C4A431A801B4A1C4B44
:104BC00012781A701B4B1D781B4BDB7F002B06D114
:104BD000FEF7D4FE002D01D0FEF790FC70BD01223F
:104BE000164B1A702223FF33E05CFEF79DFE002D6A
:104BF00005D0134B1B78002B0CD1FEF77FFC08343B
:104C0000E17F00230F4A3D2902D00A234B430133A1
:104C10001380E3E7FFF754FF0B48FFF735FFE8E7A2
:104C200056000020F41D0020441E0020CD17002057
:104C3000CC170020380000204C1E0020CB1700208D
:104C4000CA170020F81D002010270000064910B5E3
:104C50000B78002B03D0054A054B1278DA77002336
:104C60000B70FFF7A3FF10BD070700200607002009
:104C70004C1E002080220A4B520243439B1810B561
:104C800071200C00590CFFF7C7F8FFF75BFBFA2007
:104C900080006043FFF7F8FEFFF74CFB10BDC046F5
:104CA0001DA61400F8B51C0005000E001700FFF744
:104CB00041FB201E05D0A02380220320DB055200EB
:104CC0009A61FFF7C1FA12493F02394389B2702055
:104CD000FFF7A2F8FFF7AEFB0E48FFF7D5FE310055
:104CE0002800FFF7C7FF002C07D0A0238022DB0598
:104CF000520000209A62FFF7A7FA00217020FFF708
:104D00008BF830200449FFF787F8FFF71BFBF8BD4D
:104D10000080FFFF50C30000FEC1000010B500215D
:104D20003F20FFF779F868215920FFF775F803480D
:104D3000FFF7AAFEFFF752FB10BDC046307500001A
:104D400010B5FFF7EBFF00210220FFF765F8002107
:104D50003F20FFF761F8FFF781FAC0213F2089016A
:104D6000FFF75AF859200449FFF756F8592003492C
:104D7000FFF752F810BDC0466840000068300000E0
:104D800070B50D000400FFF7D5FAC22170200902AA
:104D9000FFF742F880230B495B026943C918712071
:104DA000490CFFF739F80020844200D00330FFF7A8
:104DB0004BFAFFF73FFB0448FFF766FEFFF7C2FA26
:104DC00070BDC0461DA6140050C30000F0B5FA2601
:104DD0000500002485B003930AAB1F880BAB1B882A
:104DE000B6007343019102920093285D002801D11F
:104DF00005B0F0BDFFF764F9FFF7A4FA019B002BA3
:104E000002D00298002C06D02B5D03982A2B02D0EA
:104E1000232B00D038007043FFF736FEFFF78AFAE5
:104E20000098FFF731FE0134DFE7000070B5A025E0
:104E30000826094CED050520AE62FEF717F8FF20A5
:104E4000FEF714F8AE61C00705D50A20013CFFF754
:104E50001BFE002CEFD170BD40420F0070B5A024A6
:104E600008250600E405A5620620FDF7FFFFA56101
:104E7000FFF7DCFFA5622020FDF7F8FF3000FEF70A
:104E800005F8A561FFF7D2FF70BD000010B5040062
:104E9000FFF7E4FF054B1B68A34205D18022FF21E9
:104EA0000348520114F0AEF910BDC0463000002096
:104EB000BC070020F0B587B06B46049003921A7CC3
:104EC0008023A0255B0002919B1AED05039A0192B5
:104ED0009A4200D9019308231C00AB620620FDF71B
:104EE000C5FFAC610220AC62FDF7C0FF0498FDF77E
:104EF000CDFF029C019AA6180F2A5BD94022314CA3
:104F000004202368304E9343236012F04DFD0520AA
:104F100012F04AFD80222D4B52015A6000210420DC
:104F200012F0DEFC9021052012F0DAFC284F294B0C
:104F30000420F3600199B76012F0E2FC264B02995D
:104F40000520D9609F60019912F0DAFC234B0227FB
:104F500005930023059904200B7033683B433360AD
:104F600012F030FD052012F02DFD0123626813437D
:104F70004022636023681343236063681F436760B4
:104F8000059B1B78002BFBD00823AB61FFF74EFF7E
:104F9000019A049B944663440493029B63440293E6
:104FA000039B9B1A03938023039A5B00002A8DD1F5
:104FB00007B0F0BD20780134FDF758FFB442F9D1B5
:104FC000E2E7C046003800404400024000000240D2
:104FD0000C380040C017002058000240BC170020C9
:104FE000F0B587B0059380230705040B3F0D5B01E7
:104FF0000190029103922403DE1B039B002B03D13B
:10500000FFF714FF07B0F0BDFFF710FF039DB54297
:1050100000D935002B4E3368A34206D080222000F1
:1050200029495201FFF710FB3460274E2A00BE19B0
:105030003100029814F05CFA002826D00023F25CBC
:10504000FF2A31D101339D42F9D100232A003000DB
:105050000299049314F005FA049B002B2DD0200034
:10506000FFF7FCFEFFF7E2FE059B174E002B1DD05D
:10507000EF193A0031002000FFF71CFF8022520197
:10508000FF21D21BF01914F0BDF8019B00275B191A
:105090000193029B5B190293039B5B1B0393802389
:1050A0005B011E00E418A8E70123CFE7802231004E
:1050B00020005201FFF7FEFEE7E72A00029901985F
:1050C000F8E7C04630000020BC07002080201C49C3
:1050D00080010B6810B5034230D00224194B1A68C6
:1050E00022422BD01A68A2431A6048600A20FFF7B8
:1050F000CBFCC021144A154B49019868084202D0E4
:10510000013A002AF9D180210F4A9868084202D05A
:10511000013A002AF9D1C0210B4AC9009868084217
:1051200002D0013A002AF9D102215A688A435A6012
:105130005A6801398A435A60054B197010BDC04640
:1051400000000240440002401127000000380040E7
:10515000BC17002070B540262025094C0120A6610F
:10516000FFF792FCA5610120FFF78EFCA6620120EB
:10517000FFF78AFCA5620120FFF786FC70BDC046E0
:105180000014005070B540252026094C0120A5626E
:10519000FFF77AFCA6620120FFF776FCA6610120EA
:1051A000FFF772FCA5610120FFF76EFC70BDC046E1
:1051B00000140050F7B5234C234A23680190134094
:1051C0002360082300252027012600933000A762D2
:1051D000FFF75AFC3000A761FFF756FC3000FFF7DD
:1051E00053FC23696D00EDB25B0600D535433000FA
:1051F000A762FFF749FC009B013BDBB20093002B49
:10520000E4D12268104B01201A4080235B01134334
:105210002360A762FFF738FC019A4023002A0ED0D2
:10522000A36120260120FFF72FFCA6610120FFF7D4
:105230002BFCA6620120FFF727FC2800FEBDA3621D
:10524000EFE7C04600140050FFCFFFFFF8B5202362
:10525000264C0500A3620120FFF716FC08266BB25E
:10526000002B3EDB4023A36220270120FFF70CFC2C
:10527000013E0120A761FFF707FC6D000120A76236
:10528000F6B2FFF701FCEDB2002EE8D1402523680D
:10529000174E012033402360A561FFF7F5FBA7619E
:1052A0000120FFF7F1FBDF3723691A002A402B4268
:1052B0001AD0013F0120FFB2FFF7E6FB002FF3D128
:1052C00001256D422023A3620120FFF7DDFB80232F
:1052D00022685B0132401343236040232800A3610E
:1052E000F8BD4023A361BFE71500EBE700140050B1
:1052F000FFCFFFFFF7B52F490B78DAB20192132BDE
:1053000014D02D4C087823780525C0B2002B00D08E
:1053100028352A4A13780133DBB21370AB4204D329
:1053200013230B70002313702370FEBD7823002419
:10533000234DAB6100260823370000930A20FFF7B6
:10534000A3FB3A00F0272B693F021F40974212D17E
:10535000012E18D00126009B013B0093002BEDD1BC
:105360000134052C0DD078230122AB61713B1B1B4E
:105370009A40AA62DEE70026EDE7320010E0022242
:105380000EE0019812E080211A0009020A400B4247
:1053900006D05A04F1D59A04F1D50322DB04DFD4F8
:1053A000084BA1005B18985C1328D9D07823AB6117
:1053B000BBE7C0462D000020BA070020BB07002035
:1053C00000040050DFAC010810B532246320FEF762
:1053D000E9FAC0B2C72806D9013C0120E4B2FFF7C0
:1053E00053FB002CF2D1FFF743F8FFF741F810BD53
:1053F00070B5FFF7E9FF1A4A0400031C904201D977
:10540000184B1B88184A083312689BB20232D17FAE
:10541000164A1588164A954204D1002901D09942AE
:1054200012D970BD134E2A1CB54201D9124A1288F6
:10543000103292B29A42F4D80A1C082900D20822EB
:10544000083A92B29A42ECD8AF204000FFF71CFB1A
:10545000FFF7BAFF231C844200D2031C98B2E0E796
:10546000F7FF00000AA00108381D002004000020FA
:10547000FFFF0000EFFF000008A00108604BF0B53F
:105480001C68604B85B01B68002B00D1A8E05E4B08
:105490001B78002B00D19DE0A31CDB7F002B00D1EB
:1054A00098E03020FEF77EFA0626584A584B104006
:1054B0001880FEF7BDF82060200007F0C3F82369CC
:1054C0001D68544B1B68002B06D0534A127852B209
:1054D000002A4ADD9D424CD32800FFF78FF8FFF7E2
:1054E00087FF0500FDF76AFE2800FDF795FE0028FE
:1054F00061D0A18B4B1EF82B28D8FA20236880009E
:105500000293FDF7A1FA502800DD50200026370055
:1055100083B2039323691B680193FEF789F8206027
:10552000200007F08FF8236918683B4B1B785BB2AB
:10553000002B21DD019B834223D9029B20002360A5
:1055400007F080F823691868FFF758F80122334BF9
:105550001A70200007F076F8200006F05FFF0120A7
:105560000CF032FA09222E4B2EE0002AB4D09D42D4
:10557000B2D9FDF73DFEAFE7002B02D0019B83427D
:10558000DBD3FFF73BF8FFF71FFF854209D2050089
:105590000027236802930136039BB6B2B342B9D108
:1055A000CBE78542F7D9281A0728F4DD0137FFB287
:1055B000022FF0D9C1E7013EF6B2002E00D078E705
:1055C0000122164B1E70164B1A800122154B1A70C1
:1055D00005B0F0BD114A1370FEF72AF82060B8E755
:1055E0000E4A0D491370208E0F4AC0000978131817
:1055F0005B68825849B22000FEF704F8EEE7C04627
:10560000381D00202407002003000020FFFDFFFFBD
:10561000360400203C040020DC1D0020390400205A
:105620002A070020241E002030AA0108F0B5D24B22
:10563000D24C1A7895B0531E182B3DD823008021E8
:105640002A331B78C9000593A38D8B4231D01BB23E
:10565000E58D8D4236D02DB2C9490191098802915C
:10566000059900290ED0C7490E780391002E2CD041
:10567000012E00D13DE10323039A1370C24B019A1E
:105680001B8813800025BE4B01221E88BF4B5D572F
:105690002300701929331B78290080B206F08AFE96
:1056A000BB4B0700984200D035E1FDF7A1FD002774
:1056B0001BE001235B42CBE7012301215B421D007C
:1056C0000591C9E701256D42C6E7AF4902980880F8
:1056D000002B00DA0DE19FB23100380006F030FEF9
:1056E000002800D105E1039B1E70019B1F80237BD6
:1056F0001A1D5B00E752A74B52001B68A752039389
:10570000DF83A54B1B78002B00D169E1039B02339B
:10571000DB7F002B00D127E11022380108A9FEF71A
:1057200093FF089B0193013B033300D919E1152036
:1057300008ABC0181B22002113F064FD019B099ED9
:105740000C930E93954B9E4200D9954E109608AB44
:105750009B7A0F241A0008A922401B090A750B77AF
:105760000CA8097A06F04AFE08AB597A0EA806F092
:1057700045FE08ABDB7A1C400294022C01D90022C2
:10578000029202990CAA11761D092F2B00D900252F
:10579000D57508AB9B7B0493172B01D90423049385
:1057A000049B0CAA049993757E4B4900CB5A0121A6
:1057B0000793938208AB1B7BFF2B00D0BAE0517696
:1057C0000691029B012B00D1C4E0022B00D1C5E061
:1057D00008AB5B7BFF2B06D01B075B0F042B00D9AC
:1057E00000230CAA9377482264496F4C0B7B20005E
:1057F0005343C918843113F034FE0CAA110023005E
:10580000E78381C981C39C46180088C988C0634664
:1058100007990298A1830499A661D97721003431B0
:105820000D70611CC8772100507E2931087020005E
:10583000917E2B3001702000D67E2D300670200026
:10584000167F333006702000069E28300670907F49
:105850002200002901D01A00230022610122210028
:105860006361524B32311A70039B0870039E3433CC
:105870001C782D363278A54201D1002A16D01D7031
:1058800000233370A54202D0280007F007F800205B
:10589000012D03D13078002800D0032012F0AEF89B
:1058A000A54203D00122424B52421A803020FEF71B
:1058B00079F8404A404B104018800198FEF79EFE50
:1058C000FFF796FD0400FDF779FC2000FDF7A4FC2E
:1058D0003A4B002876D001221A70284B0221187BFF
:1058E00007F082FE01200CF06FF80122344B1A7091
:1058F0007FE0230029331A78002D00DABBE6AFB22F
:105900000021380006F01CFD002800D1B3E601227A
:105910001C4B1A70E9E6002D05DD864200D8E4E64E
:10592000FDF766FCE1E6002D00D1DEE6864200D3FD
:10593000DBE6F5E718000840907658080840D07676
:10594000D806400F507658099B0908400B40107745
:10595000069336E7019B9B190E9339E7019B9B1B2E
:10596000FAE70022114B1A700022144B1A70029BA6
:10597000BB423ED0B1E7C0466D1E0020441E002051
:1059800028070020350400202C040020DC1D002006
:10599000FFFF0000381D002003000020FFE0F50598
:1059A00040420F0018AC0108E40300203804002036
:1059B00004000020FFFDFFFF360400203904002012
:1059C000241E00201870019A039B1A6001220B4BC1
:1059D0001A800B4B1A700598FDF76AFC15B0F0BDE4
:1059E000029BBB4200D078E7064B1B78002B00D00F
:1059F00073E70922014B1A80EDE7C0462A07002011
:105A0000241E002039040020F0B585B0041E039147
:105A100007D0324A324BD17F19700023D377314AF5
:105A2000137006F01DFE06F003FB2F4B01932F4B66
:105A30000293002812D0A02380220025DB0552000B
:105A40009A622B4B1D702B4B1D70019B1D70029B8E
:105A50001D7006F0F9FA28000BF07CFE0022264BA0
:105A60001E68264BF78B1F80254B1A70254B039A17
:105A70001A70FDF731FDFDF7BBFB8023224DDB00E3
:105A80009F4221D2214B187806F014FC002804D143
:105A9000013006F027FC08F023FD002C03D0F38B27
:105AA0001B4A2B601360FFF7C1FD1A4B2A681A606E
:105AB0003222194B1A800023184A1370019A13706E
:105AC000029A137005B0F0BD002C03D03368104A61
:105AD0002B601360FFF7D2FCE7E7C0464A1E0020A8
:105AE00034040020A0060020B61D0020B71D0020B1
:105AF000401D00202C070020381D00202807002012
:105B000035040020DC1D0020A80600206D1E0020AA
:105B100030040020A40600202A07002053000020A3
:105B2000010010B50020FFF76FFF074B1B68023321
:105B3000DA7F1423002A00D0133B044A138000228A
:105B4000034B1A7010BDC046381D00202A070020E4
:105B5000530000200A4B10B51A68002A01D1094AE7
:105B60001A601868084A4118914206D913F020FBC0
:105B70000C2303600120404210BD1960FCE7C046C1
:105B800034070020103100200040002070B50600CE
:105B90000D001400FEF720FE2A4B1B78002B1DD1B0
:105BA00029490B78002B19D00122284B1A70122E8C
:105BB00013D1002C11D1002D0FD0254B1A70254B7D
:105BC000254A1C701378002B01D10B7005E02D21A4
:105BD000013BDBB21370214AD15470BD112E1DD090
:105BE000122E13D000230A2E1FD0AC42F5D1012073
:105BF0001B4A174912780870002A1DD0172B1BD892
:105C0000184ADA40024217D00223DEE7164B002C76
:105C100002D044331B78E8E74333FBE7124B002CF8
:105C200001D04633F6E74533F4E79C42DDD020222D
:105C30000D4BFF329B5CD8E70C4A9B009B58984762
:105C4000CBE7C046FB1D0020DA1D0020B91D002057
:105C5000151E0020570000202207002013070020F7
:105C6000161E00202CDCF200441E002074AC01083B
:105C70000E4910B50A780E4B002A0AD10833D87F96
:105C80000C4A10703D22DA7701230B70FEF78EFF6D
:105C900010BD2221084AFF31595C12780833914225
:105CA00002D10022DA77F1E73D22FBE70707002067
:105CB000441E002006070020CC170020BFF34F8FA2
:105CC000034B044ADA60BFF34F8FC046FDE7C0467E
:105CD00000ED00E00400FA05F7B50190FDF710FAB9
:105CE000E122424B424E52011A803378002B01D000
:105CF0000FF092FFA0238022DB0552009A613D4BFA
:105D0000FF3A1A703C4B1B789B0701D5FEF74EFFFC
:105D100000223A4B3A4C9A563A4F3B4D002A1DD13D
:105D2000631DDB7F002B44D1FEF7AAFB3B683433B5
:105D3000187806F0B3FD01980BF00CFD019B022BC7
:105D400002D03378002B4CD0304B1B78012B02D083
:105D500000200FF031FA01232B70F7BD2834FDF736
:105D600047FA2378502B20D9294A1178002909D1E4
:105D7000503B1900FA235B004B4326499BB20B8032
:105D80000123137000228020234BC0001A70234A85
:105D9000234B116819603968CB8B834200D30B68A1
:105DA000136001221F4B1A70BEE70022194B1A80A4
:105DB000E8E70634E17F4B424B413C205B42FF3039
:105DC0000340194869330380184B1A70002902D127
:105DD0000122174B1A700022164B1A7001232B70E8
:105DE000A2E70122144B1A70B5E7C0461E1E002020
:105DF000161E0020401D0020AC060020DC1D0020E7
:105E0000441E0020381D0020291E0020FB1D0020FC
:105E1000B71D00202A07002053000020A8060020FC
:105E2000A4060020A0060020BC060020520000208E
:105E3000B81D002023070020241E002010B5174B9A
:105E40001B78022B08D006F00BFC01200BF0BCFDE8
:105E50000220FFF741FF10BD0022114B1A70114BB9
:105E60001B785BB2934208D0FA210F4B490019808E
:105E70000E4B1A700E4B01321A7001200BF0A4FD6C
:105E80000C4B0D4C1B78002B04D010F0B1F9032300
:105E90002370E0E7094B1B78FAE7C046221E00207A
:105EA0002C070020DC1D00202A07002053000020C2
:105EB000B71D0020161E002057000020FB1D0020EB
:105EC0001E4B10B51B78D8B2002B09D11C4B1B7888
:105ED000002B04D00BF03EFC01221A4B1A7010BDAF
:105EE000194B1A78194B1B78134359424B411849E7
:105EF000DBB20978C8B2002905D0012A03D10021FC
:105F0000144B1970030014490978002912D0134961
:105F1000097801290ED1023A012A0BD80022104B30
:105F20001A70104B04201B78002B00D00238FFF7AA
:105F3000D3FED4E7002BF4D1D1E7C046BE06002043
:105F4000221E0020241E0020BB060020DC1D002095
:105F5000BA060020B9060020B8060020B7060020C7
:105F6000B60600202C07002010B51A491A4B0878F5
:105F70001A781A4B00280FD0032A0FD0184A12782B
:105F8000D0B2002A00D108701B88164A9B18062B35
:105F90001DD9FFF74BFB12E0032AF5D11B88114AEC
:105FA0009B18062B03D9104B1B78002BF1D10F4BFC
:105FB00004201B78002B00D00238FFF78DFE002351
:105FC0000B4A13700B4A13700B4A137010BDFFF786
:105FD00055FAF4E739040020221E0020280700208B
:105FE000BE06002000FCFFFFBB0600202C0700209F
:105FF000B71D0020B61D002053000020F8B5C04C8E
:106000000E00657B002902D00122BE4B1A70237F4F
:10601000002B04D0022802D0FEF7DEFBF8BDBA4BFD
:106020001B78012B03D1B74B02221A70F6E7122816
:1060300000D93DE2FCF774FC130016008D009300BC
:106040009900A500DC00DF00CA01D9013C02F30180
:10605000F3013C023C023C023C0218021802FEF72B
:1060600077FADBE7A94BAA491A68D38B5B18062B92
:1060700043D9FEF7B1FB231DDB7F002BD3D0A54B0B
:106080001B78002BCFD1A44B1B785BB2002B0BD01D
:10609000A24B1B78032BC1D1A14B1B78002BBDD089
:1060A000A04B1B88002BB9D08023627BDB00510002
:1060B000605A9842B2D248235343E3181A00802012
:1060C000B4321288C000121892B2A23362521A80FF
:1060D00006F0C6FA944B1C68200006F0B3FA2000C4
:1060E00006F09CF901200BF06FFC01238F4A13800E
:1060F0008F4A13708F4A137090E7138E062B07D1C7
:1061000011698D480E68864202D88C4B0B6085E77A
:1061100001339BB21386042B17D1894B1B78002BBC
:1061200001D105331386138E8022D2009B180122E1
:106130009BB26D0063536519AB807D4B1A70814B28
:1061400092181A70804B00226FE7062BEBD90023C0
:10615000E8E701227B4B1A70FDF7FAF85EE70122AF
:10616000784B1A70FDF794FB58E7FEF735FB0020DB
:106170000634764BE27FE0771A700CF0B5FA724B7A
:1061800052E7002E04D111F047FC6F4B1E7045E71B
:1061900005F032FD051E00D040E75C4B1C688023F3
:1061A000E08BDB00984202D3FDF790F836E705F06C
:1061B000F9FF037801007F2B0AD97F221340037077
:1061C000E08B05F0DFFF01225E4B1A70604B2CE77D
:1061D00022002E3213780133DBB2192B00D92B00A9
:1061E0001370012321001A00E08B11F007FBEAE78E
:1061F000FCF77EFE12E7574D2B78002B02D010F0F3
:106200005FFD0BE7621DD27F534B1A70A21D534BEB
:10621000D27F1A70524B1A78002A01D101321A70BB
:106220000023504AA38413704F4A137006F018FAE3
:106230004E4A4F4E1378002B04D14E4B31781970D3
:106240000123137001274C4B38001F700BF0BCFB6F
:106250004A490A78002A05D141342078484B0F700A
:10626000187022700124FEF750F802203470FFF7F6
:1062700033FD00231421434A1370434A1370434AE9
:106280001170C821424A89001180424A1470424A62
:106290001370424A1370424A1370424A1370424AC2
:1062A000137010F0DFFC414B414A1888032343432D
:1062B0001188994200D01380012010F06BFC01225C
:1062C0003C4B2A701A7000217F323B4812F09AFF33
:1062D00080220021394812F095FF802200213848A1
:1062E00012F090FF00218022364812F08BFF00222E
:1062F000354B1A7010F042F9022005F08DFC8DE646
:10630000441E0020151E0020FB1D0020181E00202A
:1063100000FCFFFFF61D0020DC1D0020221E0020D7
:10632000B61D00202A070020381D00202E0700205F
:1063300094060020241E0020FFE0F50500E1F5058D
:10634000E20300200307002057000020E1030020A3
:1063500093060020D31D0020E0030020DF0300206F
:10636000DE0300202307002052000020DD03002070
:106370002C070020DC030020B81D0020DB030020D8
:10638000DA0300204305002047050020010000201B
:106390000C00002000000020F1050020F005002086
:1063A000F2050020D9030020D80300201C000020A3
:1063B00010000020F40500202F1B0020AF1B002040
:1063C0002F1C0020AF1C0020B9070020002E02D196
:1063D000FFF74EFC22E60121394B1B682B331A785C
:1063E0004A401A70374B198018E6002E02D1FEF78A
:1063F0002DFC13E6260000224A361100308805F0F5
:106400009FFF002800D109E632882B1D5B006D003C
:10641000E252625301222C4B1A702C4B04E62C4B97
:106420001B785BB2002B0BD00B2806D10A3805F085
:1064300059FF08F055F8274B85E601204042F6E762
:10644000254AE37D11780A2900D113700B2807D162
:10645000082B01D80133E37501221C4B1A70EAE7BF
:10646000002BF9D0013BF6E7154B1C4D19680023B2
:106470000C000834E27FEE5C964203D00133182B07
:10648000F9D10023122803D1172BD4D0012202E026
:10649000FF22002BCFD0D218D2B2AB5C104AE377E8
:1064A000CB8B9B18062BD7D80122064B1A80D3E73B
:1064B000FEF792F9002E00D1B0E50122094BB4E5B8
:1064C000181E00202E07002094060020030700203D
:1064D000DC1D0020B90700200200002012AA0108DC
:1064E00000FCFFFF151E002010B5142200210248F9
:1064F00012F088FE10BDC046FE1D002070B5414B55
:1065000004001B78A0B0002B40D005F091FD051EC3
:106510000BD103200EF050FE3B4B1D703B4B1B7804
:106520005EB2002B03D00FF05FFC20B070BD384A84
:10653000384B394D002C25D001216846117080223E
:10654000FE311E7012F05EFE330080226946334831
:10655000FEF746FD6022FF21314812F053FEAB7D6D
:10656000304A9B075B0F9D5A2F4B07201D800FF071
:1065700019FB2E4B000918802200012128000FF082
:10658000FBFBD2E714701C70AD8AEDE705F034FB1D
:10659000041ECAD11C4B1870254B1870FFF7A4FFBE
:1065A00006F05EF8200000240EF006FE214B1C577A
:1065B000002C16D08022204BD2001B88934202D39D
:1065C000FDF704F9B1E7012005F08CFE07F088FF24
:1065D00007F082FC2000FFF7A3FA0122174B1A7084
:1065E000A3E7174B1B685A1E9341164A01331370D9
:1065F00007F072FC01210800FFF706FA124B1C702D
:10660000EBE7C046161E00202C070020DB1D0020F3
:10661000A61D0020A21D0020441E002028A000006E
:10662000421D002054AE01083C1D00203E1D0020EC
:10663000131E0020DC1D002028070020291E00203A
:10664000240700207C1E00202307002010B5012015
:10665000FFF754FF10BD00000F2210B500210448C1
:1066600012F0D0FD0022034B1A70034B1A7010BDBC
:106670001307002022070020DA1D0020114B70B5FF
:106680001B78002B03D1104B1B78002B07D0FFF792
:10669000E3FF00220D4B1A700D4B01321A700D4BA7
:1066A0000D4C1B780D4D002B03D123782A78134312
:1066B00007D0FEF791F8002301222B702370044BC2
:1066C0001A7070BDDA1D002022070020570000203C
:1066D000241E0020B90700201C1E0020171E0020C9
:1066E00010B51D4B1B78002B03D11C4B1B78012BC5
:1066F00007D1002921D100281FD00222184B1A707F
:106700001BE0002915D1002818D1164A1278002A5A
:1067100001D1002B01D0032B0FD10123124A117894
:106720004B40137002D01022104B1A70104B0122F4
:10673000E5E7002801D0FCF7F3FD10BD084A032B64
:1067400002D001231370F8E70A4B1B78002BF8D016
:1067500002231370084BEAE7171E0020FB1D0020E0
:10676000151E0020161E0020B90700201C1E002048
:10677000291E0020DB1D0020B91D00200022404BF7
:1067800070B51A70904203D03E4B1B78934212D0E2
:106790003D4B1B78012B0DD10024FCF79BFF3B4B9D
:1067A00020001C7006F026F9394B1B78012B01D014
:1067B000384B1C7070BD05F01FFA354D002807D00E
:1067C0000CF022F8344B1B78002B2ED0334B2AE0F0
:1067D000334B1B785BB2002B02D0FCF7F7FFF1E7DD
:1067E000304B1B78002B05D00FF0FEFA0322294B0B
:1067F0001A70E7E72B78032B14D0234A1278012A6A
:1068000003D1294A1278002AD4D0012B02D00022C9
:10681000204B1A702549264B09781A78002915D182
:10682000002A1AD1234B01221A700022224B1A701F
:106830002B78012B04D0174B1978032900D01A703C
:1068400001221E4B1A701E4B1A70B3E7002A04D1A6
:106850001C4A1278002AE5D01A701A780E2A01D93B
:106860000E221A7000261B78164A174C174913700F
:1068700020000E22CE5412F0FDFDA673D2E7C046D2
:10688000171E0020C51D0020221E0020AA1D00206A
:10689000FB1D002057000020D81D00209806002076
:1068A000DC1D0020DB1D00209E060020DA1D0020DC
:1068B0002207002030070020C4040020291E0020E9
:1068C000241E0020E3030020841F00201307002063
:1068D000F0B5B94F04003B780D00160085B0132BBE
:1068E00007D0A34203D1002D01D113233B7005B083
:1068F000F0BDB24A1278002A0FD0002901D1102829
:106900000AD1FCF7FDFBFEF751F9102C05D000224F
:10691000AB4B3C701A70EAE71C00AA4F3B78132B74
:10692000DFD1002D00D135E1A74B1B78002B00D122
:1069300030E1FCF7E5FBFEF739F9102CE7D1A34B6A
:1069400002931B78052B02D100200AF003FFFA22E4
:106950009F4B92001A809F4B01939F4B19780029FF
:1069600003D01E224A439D4B1A70002D00D06DE1CA
:106970009B4F3B78002B02D007F036F83D70994FC3
:106980003B78002B03D007F069F800233B70964F4B
:106990003B78002B03D006F0F9FF00233B70934FA8
:1069A0003B78002B13D0924B1A68019BD08B597BFC
:1069B000012307F023FA00233B7005F01DF900289E
:1069C00005D18C4B1A78002A01D101321A700022AD
:1069D000894B1B78934207D0884B1B78934203D195
:1069E000874B1A7853425A417A4F7B7E002B01D154
:1069F000002A04D0029B1B78013B591E8B41814920
:106A00000978002900D05AE1002B00D185E1102C33
:106A100000D056E17C4B1A780192002A05D00196ED
:106A2000002D02D11D7001230193784B03931B7835
:106A3000002B05D0102C01D00D2C01D1FDF7CCFE80
:106A4000019B002B11D1029B1B78012B00D009E286
:106A50006F4B02931B780193002B00D0C2E1102CE6
:106A600000D06FE12800FFF789FE554C2078002800
:106A700003D005F0D1F800232370664C664A2378D2
:106A80000192002B09D02822644B1A800BF002F9E6
:106A90000123019A137000232370614C2378002B8B
:106AA00009D0002E00D058E306F0D8FF00230122C1
:106AB00023705C4B1A705C4B1A78002A06D00022B7
:106AC0001A70964200D04CE306F060FF574B1A78DC
:106AD000002A06D000221A70964200D045E306F044
:106AE00083FF534B434F03931B88524C0293002B5D
:106AF00023D0002E01D1002D0AD009F05BF9404BC4
:106B00001B78002801D0012B02D0022B00D030E3EB
:106B1000374B30491A686B46497B1B7AD08B07F09C
:106B20006DF905F069F83B78002803D1002B01D1FD
:106B300001333B700023039A13803D783E4E002DB5
:106B400000D124E33D4B02931B78002B00D11AE3C4
:106B50002900002006F048FD2900012006F044FD30
:106B60002378FF2B01D100232370012333700023EE
:106B7000029A3B70137005F073FD01200AF024FFA8
:106B8000002333702E4B1B78002B00D103E3FFF75B
:106B900055F900E30D2C00D0D1E62A4B1F78002FC9
:106BA00000D0CCE6284BDB7F002B00D1C7E6FDF7F9
:106BB000FDFF034B1F709AE629000020F21D002004
:106BC000151E002028000020C0060020221E0020E4
:106BD00050000020441E0020821E0020281E00209D
:106BE0009D0600209C0600209B0600209A0600209F
:106BF000181E002003070020CE1D0020CA1D002003
:106C0000FB1D00209906002098060020B9070020EF
:106C1000310700209706002096060020FC1D00206A
:106C20000F070020291E0020950600209406002052
:106C30002E07002057000020120700209306002096
:106C40002C070020CB1700204C1E002009F0B2F8C2
:106C5000B64F102C03D1B64B1B78DB0727D53B78FA
:106C6000012B04D1132804D01538012801D9FDF7D0
:106C70009DFF0D2C1BD1002E19D0AE4B1B78002B85
:106C800007D0FFF731FC0022AB4B1A70AB4B01323F
:106C90001A70FFF7F3FC0122A94B1A70A94B1B785D
:106CA000002B01D0FFF7CAF80022A74B1A603B78EF
:106CB000012B00D08BE62822A44B1A8087E6002BFC
:106CC0002BD00D2C0DD1002D00D110E6002A00D1C3
:106CD00082E201209E4B1870984B187004F09CFFC4
:106CE00005E60F2C0DD1002D00D100E6002E18D1A5
:106CF000022004F091FF0422964B1A708F4B033A46
:106D000008E62300113B012B1AD90A2C00D05FE2C0
:106D1000002E15D1002DEBD0E9E5092C01D90F2C5F
:106D20000BD18D4B1B78002B0AD0002D00D1DEE556
:106D3000002E00D0DBE50220D0E7102C00D169E660
:106D4000864B68E6FE230293112C06D02000FCF748
:106D500037FB0290FF2800D187E6002D0CD1A0233D
:106D60008022DB0552009A627D4B28001D70FDF7E2
:106D700049FBFDF785FA78E6002E00D075E63B006A
:106D80007A331B78002B07D0A0238022DB0552002A
:106D90009A61734BFF3A1A70FDF772FA029B7A37C9
:106DA000FE2B04D138786F49FDF7EAFF5DE63C78A9
:106DB000FDF7B2FAFDF7BEFA002C01D003230193D0
:106DC0000198FDF741FA68497020FDF725F8FDF7B5
:106DD00031FB6648FDF758FE0298FDF771F9FDF7A3
:106DE000B1FA42E6B54200D13FE6019B032B02D047
:106DF000002D00D139E6A0238022DB0552009A62E3
:106E00000022574B1A700223019A9A43012A01D19A
:106E10000BF0DAFA00235022029955480B70554BBB
:106E20001A80FDF731FE01200AF0CEFD3F4B1B78A2
:106E3000012B02D00022504B1A70423738780028BC
:106E40000BD10AF087FC01234C4A102C03D0434A93
:106E5000002E00D009E6137007E60A224243484B91
:106E60001A70F0E7474B364A02931B780192002BC9
:106E70001BD12E4B1F78FF2F09D02300113B012B74
:106E800000D959E1039B1B78002B00D054E104F09A
:106E9000B3FE002800D057E1042F00D154E13200A6
:106EA00029002000FEF772FEDFE5002E00D0DCE5B1
:106EB000002D00D1D9E5102C33D00122019B1A708E
:106EC0000C2C06D80A2C25D866D00223019A137000
:106ED00027E00D2CF9D1FDF721FF2B4B1B78012B5F
:106EE0000DD12A4B2A4A1B88934208D0787B022175
:106EF000021D5200BB524200BB5206F075FB05F06A
:106F0000AFFB01200AF060FD00200EF055F90023D0
:106F1000029AA0E701211C4A13784B4013701D4BC5
:106F20001E700122054B1A709FE5C046FB1D002014
:106F3000AC060020FE1D0020131E0020241E002091
:106F4000151E00202C07002024070020FC1D002017
:106F5000CA1D0020251E0020F61D0020B91D00209E
:106F6000401D0020D6060000C3C3000050C300002F
:106F700088130000AE1D0020570000209806002056
:106F80009E060020EF1D0020920600202600002013
:106F9000FFFF000091060020924C93492000934A85
:106FA00005F024FB230001222D331A70230020005A
:106FB00029331A7005F032FA8D4B01201C608D4B7D
:106FC0001C608D4B1C600AF0FFFCFDF7E5F9FDF736
:106FD000A5FE8A4B1B78002B00D0A1E0884F4622EB
:106FE0000021380012F00EF9864C874B8749884AF9
:106FF00023804B7BA2800222A27146325A438B1817
:1070000018008430008801922081180086300088A2
:10701000608118009C3002884088A281E0811800BD
:1070200089300078B222207418009130007894469C
:1070300060741800883000789C44A0741800903068
:1070400000786246E0741800B830007820751800A7
:10705000A430007860751800AC300078A075180076
:10706000B7300078E0751800AD3000782076180051
:10707000B1300078127860761800AF300078A076D2
:107080001800B6300078E0761800AB3000786077F2
:107090001800B0300078A0771800B4300088E0778E
:1070A000601CC27718008022B930A23300781B8898
:1070B000F877D200574893422BD2190006F06EFAA7
:1070C000422138000EF0D2FA0627A31DD887524B72
:1070D00020200834E3870FF03BFA504C277007F06C
:1070E00015FBFDF7D9FB05F0E5FA10F041FB88210F
:1070F0003620FCF791FE00210120FDF71FF805F076
:10710000AFFA01200AF060FC01232370444B1F708A
:1071100007E7019ABA325118102212F0A2F9CFE70C
:1071200002223E4B1A703F4B033A1A8000223E4B1C
:107130001A70FDF705FEF4E63C4BBF003200290053
:107140002000FB58984790E4002E00D08DE4002DDD
:1071500000D18AE40223019A7DE60122344B1A70A1
:10716000A4E40122334B1A70B0E40122324B1A70AE
:10717000B7E40122314B1A702378FF2B00D0D9E4F9
:1071800000232370D6E4214B2900587BE6E43378B2
:10719000002B00D0EFE4019B1B78002B07D00023CD
:1071A000019A13702822264B1A8008F011FE254DF3
:1071B0002B78002B03D00BF0F7F900232B702078ED
:1071C0000DF0FAFFFF23012223701F4BFFF7A2FBF4
:1071D000002D01D1FFF78BFB002E01D0FFF787FBBD
:1071E00086E5C046000600200504000090FE9602D9
:1071F000381D0020181E0020341D0020920600209B
:107200004A06002048060020CDABFFFF441E0020A8
:10721000A5BEFFFF6A060020BADCFFFF9106002032
:10722000151E0020260000209006002048AC010812
:107230009C0600209B0600209D0600209A06002048
:10724000FC1D002030070020241E002000221020FA
:10725000110010B5FFF73CFB0022064B1A70064BDD
:107260001B78132B02D0054B01321A70FDF7E8FB97
:1072700010BDC046D81D002058000020B91D0020B8
:10728000F0B5534B9BB01B780193052B00D0C5E0A4
:10729000504B1B78002B00D1C0E04F4B1B78002BCC
:1072A00000D04BE24D4B1B78002B01D001F0E3F8EE
:1072B0004B4A4C4B147800932700781E87411B786B
:1072C000FFB2002B02D000210098017046490D78D2
:1072D000002D01D101F0E7F9002B03D1002C00D0E3
:1072E00013700027414B1B78032B01D001F0AEF93E
:1072F0003F4A13780133DBB2072B01D801F0AEF916
:1073000000201070FDF7DCFA2B00002F01D001F0F7
:10731000D2F9002B01D001F0D7F9364D2B78002B94
:1073200005D0354B1B78002B01D001F001FD334B0C
:107330001B78022B01D001F0CCF9314B1B881B07C5
:1073400005D180232F4A9B0151694B4053612E4A3E
:107350001388002B01D0013B13802C4A1388002B8B
:1073600001D0013B13801A4B1C78012C0ED1284B05
:10737000187800280AD00138C0B21870002805D14A
:107380000AF0E8F9164B1C70009B1C702B78002B40
:107390000DD0204A1388002B09D0013B9BB21380EB
:1073A000002B04D10EF024FF03200DF005FF04F0A4
:1073B00023FC002801D101F02EFA174E3378002B60
:1073C00001D101F0C3F9013B337001F024FAC0464A
:1073D000221E0020B11D0020D31D0020FC0500202E
:1073E000291E0020241E0020C0060020C106002007
:1073F000BF060020161E0020FA1D0020E804002011
:10740000C81D002000080050AE1D0020AC1D00204B
:107410009E06002010070020E404002004F0ECFB8E
:10742000002800D039E70C20FCF7BCFA01231842F1
:1074300000D132E700210220FCF7EEFC0220FCF72D
:10744000B1FA082307043F0E04001F4226D00B2088
:10745000FCF7A8FA0005000FFBF7B2FF0600FF28B3
:107460001CD0019B012B19D0C54B1B78002B15D0CC
:10747000C44D2800FBF72EFA0200132804D128007F
:10748000C14911F0C7FF12220023AE54AD180C22DF
:107490006B70BE4B1A70BE4B0B3A1A707B0702D54D
:1074A0000122BC4B1A7001231F4209D00122BA4BA2
:1074B0000C201A70FCF776FAB84B800BC0B218702B
:1074C000BB0702D50022B44B1A70E5B2630602D5A1
:1074D0000122B34B1A70240602D50022B04B1A7059
:1074E000EB062AD50122AF4B1A70AF4B09321A8036
:1074F000AE4B9A7F002A20D0019A052A08D1AC4AC7
:107500001178002904D11420AA4A1080AA4A1170C7
:107510000533DB7F002B10D0A84AA94B1178002936
:1075200002D11988132908D8142119800023137057
:10753000A44A13700122A44B1A70AB0604D5002292
:10754000984B1A70984B1A806B070AD501229F4BF3
:10755000110005201A70FCF7F1FDE1229C4B52014D
:107560001A8008231D4205D00021984B0520197070
:10757000FCF7E4FDFB063CD5964B1C78042C38D177
:10758000954B1B78012B34D1944B1B78002B30D1B9
:10759000934E5F203378013CDAB20133DBB23370B3
:1075A0000092FCF7FFF9009B8E4D5B00E852002C27
:1075B000EED13378232B1CD90122754B0B2034706C
:1075C0001A70FCF7EFF90600FDF7BAFBF60609D4CE
:1075D0002A88854B9A4205D12B000833DA8F834BDA
:1075E0009A4272D0FDF79AFBFDF7AAFB80480FF094
:1075F00001FD30231F4200D115E77E4B1B78002B85
:1076000000D110E77C4B1B78012B00D00BE77B4BA4
:1076100000931B78022B02D0052B00D003E7042532
:107620006F4CBF0602D523782035ED1A0026AE42F6
:107630006DD123780123564E33702378232B00D845
:10764000F1E6237800230B202370FCF7ABF904004C
:10765000FDF776FB250010231D401C4266D1614CCE
:10766000614B22889A4261D123000833DA8F5F4B45
:107670009A425BD120200EF06BFFA31D422160488F
:10768000DF8F0DF0F3FF874250D1E388A2881B04FF
:1076900013435C4A1B021B0A934247D10022280075
:1076A000110004F04DFE071E01D101F097FB80236D
:1076B0000135ADB2DB009D42F0D10423009A137076
:1076C000033B3370FDF72AFBADE622200EF040FFAE
:1076D00042214B480DF0CAFFAB1DDB8F834200D027
:1076E00084E76D880EF004FE8188A3B2994200D829
:1076F0007CE7062363430268D618D35AAB4204D80A
:107700007388AB4201D901F0E3FB0134EDE75F2060
:10771000FCF748F92378232B06D823785A1CD2B2D9
:107720002270304A5B009852013680E70523009AA8
:107730001370043B3370FDF739FA74E6324B009353
:107740001B78022B01D000F0D5FC304A11780029BB
:1077500000D149E12E4C2378002B02D0013B23704D
:10776000A6E52C4D28780138052800D922E1FBF741
:10777000D7F8530055000701200120012301C0461E
:10778000FA050020FE1D0020FF1D0020131E002012
:10779000241E0020B1060020B8060020B7060020F5
:1077A000BA060020AB1D0020AC1D0020441E0020A6
:1077B000B11D0020F01D0020B21D0020520000204D
:1077C000BC06002023070020291E0020BE06002042
:1077D0001E1E0020FB1D0020321D0020FB05002086
:1077E0009006002048060020CDAB0000BADC000067
:1077F000F8050020EF1D00209206002091060020D1
:107800004A060020A5BE0200F4050020F305002072
:10781000A1050020A005002002232B70C44B1B688B
:10782000002B00D190E0C34A12789B5C002B00D162
:107830008AE0C04BBE4A1B781268D35C2E2B00D066
:1078400094E0BD4B01201988FDF79AFABB4B1888CC
:107850000A210530FBF7F8F820700322B84B1A70A4
:107860000EF08CFE5BE1059B9B5C1F00613F192FB6
:1078700022D8203BDBB200200090039F0098BC463A
:10788000C0003F5C84449F4238D163465B68002B54
:107890003AD108000B000132019FD5B2AF42E2D8C5
:1078A000002804D00021A34A1170A14A1160002BC6
:1078B0003AD0A44B1D7037E0202BDCD1049B002B69
:1078C000E8D0002EE6D1019F531C9F42E2DD002844
:1078D00003D0984B1E70964B1E600123029A0A211A
:1078E00013700522964B01351A70974B1888801833
:1078F000FBF7AAF8934B20701D70D9E40098013073
:1079000000903628B9D1C4E718780028C1D00021EA
:10791000884A01351170864A13600122894B1D7017
:107920008A4B1A708A4B1970814B1868002806D050
:10793000FAF7D0FF7F4B1B78834200D279E706220B
:107940007F4B1A70834B2AE00020834B834D1B78BA
:10795000059501937D4B824D1B78039504937C4BD9
:107960001E780293774B1A78030095E72D2B00D0F1
:1079700073E7714B01201988FDF702FA794B66E72E
:10798000FCF7D8FC6B4A13780133DBB21370684AFA
:107990001268D35C002B09D002232B70724B18881D
:1079A0000A210530FBF750F8207081E404232B7086
:1079B000C8E702232B707BE4002626700124009B7D
:1079C00016701C702E70FCF7D1FC0220FEF784F9B3
:1079D000664B30001E70664B1E7005F00BF804F00D
:1079E0003FFE644B1C703BE7052206A811F00AFC21
:1079F000614C624F23783878002B4AD0604D2B7849
:107A0000034346D126225F4BFF329E5C2822FF3281
:107A10009B5C5A1E312A00D9142332215A485943FB
:107A2000FAF788FF594B80B2188003234343584A22
:107A30009BB21380574A1080574A13800722424353
:107A4000564B1A8005233B70554B1A68554B1A80CC
:107A50000023554A2B701370544A1370544A137004
:107A6000544A1380544A1370544A1370544A136092
:107A7000544A1360544A23701370544B544A197873
:107A8000002902D01178B1420BD0167001221A7071
:107A900007E0052803D04D4B1B78002B0DD10023A8
:107AA0003B704C4C2378012B00D01CE3FCF742FCCC
:107AB000022323703A4B1A68ABE02622314DFF3285
:107AC000A95C01240A00364E22403368214200D1CD
:107AD000CFE0374A1378090700D589E03E493F488F
:107AE00009690140814200D182E0002B00D0ECE224
:107AF0001470002201253A4B364C1A80394B1D7008
:107B00002378934200D0D7E2A0230132DB05FF3275
:107B100035489A61FCF7B8FF0AF046FD2570334BF3
:107B20001B78002B01D0FFF7C3FBFFF7BBFBC04660
:107B30009C050020980500200C0000201C0000205F
:107B4000A005002044050020140000204605002068
:107B500045050020120000204305002047050020B5
:107B600068AA0108100000200E0000209F060020D7
:107B70009E060020241E002017000020C4050020BF
:107B8000C3050020441E002060EA0000BA05002062
:107B9000B8050020B6050020B4050020B20500207D
:107BA000C8050020BE050020C1050020C00500203A
:107BB000AE050020B0050020AD050020AC0500207A
:107BC000A8050020A4050020A2050020C205002071
:107BD00016000020CE05002000080050000400041C
:107BE000201E0020D81D0020204E0000D31D0020A4
:107BF00000215B00DBB21170022B00D051E7C14CB9
:107C00002378012B00D06EE2FCF794FB022332684C
:107C10002370BD4B1A80BD4BBB4A1B6811885B1A91
:107C20009BB2C72B00D87AE70024B64BB84D14801E
:107C30001C702C70FCF77EFB21005120FCF7ECF847
:107C4000200009F0C1FE200009F084FDB14B2000A6
:107C50001C702C7004F0CEFE04F002FDAE4B1B78BD
:107C6000A34202D00220FEF737F80123009A1370D6
:107C7000F6E593214900695C032900D092E008AF42
:107C800038000EF045FEA54D34682878A4B20528CA
:107C900000D906E7FAF730FE031A32495A727B78A8
:107CA000002B02D003232B7023E73B78002B00D15D
:107CB000F7E69B4B14221C809A4B1B7859424B4190
:107CC0005B421A40984B1A800123ECE7944B964F85
:107CD0001A880193954B39881B88A21A5B1892B2B7
:107CE0009BB29A4200D2F0E100200EF069FD002321
:107CF0003B80019B1C8002232B7080E77B78884AA5
:107D0000002B01D01480CDE73B78002B03D11480E9
:107D100004332B70C5E613888549E31A09889BB2A2
:107D2000994200D9BDE61480CEE77B78002B00D0C5
:107D3000CBE17B4F7E4A3B881288E31A9BB29A4282
:107D400002D801200EF03CFD3C80D4E77A78744BD9
:107D5000002A01D01C80A5E73A78002A01D01C80B7
:107D6000B2E71B88734AE31A12889BB29A4200D981
:107D700097E602200EF024FD0523CAE77A78684BC7
:107D8000002AE7D13E78002EE9D11B88E41A6A4B1D
:107D9000A4B21B88A34200D983E603200EF010FD95
:107DA0002E707EE69CB2042800D983E1FAF7B8FD74
:107DB000050033007B00F400540106A80EF0A8FD76
:107DC00006AB1B7806AA5278002B14D1002A00D1EA
:107DD00067E65A4A13700022594B1A70594B1432F5
:107DE0001C80504B1B7859424B415B421A404E4B12
:107DF0001A80554B2BE1002AEBD093235B00EA5C01
:107E0000263BFF3B022A03D106AA12795340E0E742
:107E10004A4A1278FAE7494B1D78444B002D00D1AD
:107E20004A4B1F88474B02931B88E31A9BB201936E
:107E3000434B1B78002B11D106A80EF069FD93224D
:107E4000434B52009B5C002B1ED1002D19D006AB7A
:107E5000DB78002B02D00122394B1A70324A01998B
:107E60001388DB19994200DA2FE1002301201380E7
:107E7000029B68401C800EF0A3FC0222324B1A7059
:107E8000BDE606AB9B78E4E7012BE7D1002D07D1D7
:107E9000264B019A1B889342F3D806AB1B78D8E790
:107EA00006AB5B78D5E7274E3388E31A9BB2019384
:107EB000234B1B78002B12D106A80EF029FD93232B
:107EC0005B00EB5C022B0AD01C4B1B78002B15D0FF
:107ED00006ABDB78002B02D00122194B1A70144B31
:107EE000019A1B88934200D9DBE5154B19780029CC
:107EF00030D0124B1A780123534039E006AB9B78FF
:107F0000E8E7C046CE050020CC050020C8050020CB
:107F1000D81D00209F0600202C070020C30500204C
:107F2000B0050020401D0020BC050020BA0500203F
:107F3000B6050020B4050020B2050020C1050020D0
:107F4000C0050020BE050020C4050020B8050020A3
:107F5000441E002006A80EF0DBFC06AB1B7806AA28
:107F60005178002B04D0002901D000F00EFF190039
:107F70000020AE4A107081420BD001223A70AC4A08
:107F800006A8348013700EF0C3FCB2E5A84A12783C
:107F9000B2E70322A74B7AE5A74E3388E31A9FB2D4
:107FA000A64B1B88BB4247D906A80EF0B1FC06AB16
:107FB0001A780121002A00D15978A14B188843086A
:107FC0001B189F421BDA002900D16AE506AB5978DD
:107FD000974B002A04D0002904D11A70348008E796
:107FE0000029FAD193225200A95C263AFF3A0229CD
:107FF00003D106A909794A40EFE71978FBE7002980
:1080000000D14EE589490B78002B00D049E50133BA
:108010000B7093214900685C854902280AD1002A27
:1080200008D006A84078002804D006AA1279534048
:108030000B7036E50A7034E502200EF0C1FB7B4A76
:108040007C4B1178002905D0002134801170012269
:108050001A704EE504221AE5774F06A83E880EF006
:1080600057FC06AB1B78002B04D106AA527801926C
:10807000002A12D093225200AA5C022A09D1002BB6
:1080800007D006AA5278002A03D006AB1A7901233A
:108090005340674A3C801370ABE66A4BA61B1B88B3
:1080A000B6B2B34200D9FCE403200EF089FB614B69
:1080B000019AECE45F4BEAE4022B01D0FFF7F8F8F9
:1080C000614B25701A80FFF7F3F8012200215F4B06
:1080D0001A705F4B19805F4B1978022900D11A7012
:1080E0003268594B1A805B4B1B78022B01D0FFF78B
:1080F000DFF890E5584B1A78002A04D101320220AB
:108100001A70FDF7E9FDFCF7B3F9544A544B1268B5
:108110005449128E9B560A78002A16D0524B1A7870
:10812000501C1870312A02D900220A701A704F4A66
:108130001378002B00D1F2E4FF2B00D093E1002351
:1081400013704B4A13704B4A91E54408A03BE41866
:10815000494A4A4B1178009300201B5E4848A5B25B
:10816000019024B2002906D10078002803D19C4256
:1081700009DA009B1C80009B00201B5E603308DB3B
:1081800061235B4203E0180001336130F3DA0098A9
:108190000380009B00201B5E1800723016DB0A3340
:1081A0001BB238489C4214DB374B1C800378FF2BF2
:1081B00001D0013303700026344B1E70B14215D13B
:1081C0000378B34212D0012313700FE069235B429E
:1081D000E7E72E4E3378FF2B01D0013333700023B5
:1081E0000370994202D031789942EDD11778284E28
:1081F000284A33780292002F00D17BE0002B0DD16A
:10820000254A1378FF2B49D1012300223370224BDA
:108210001A700EF0B3F93378002B44D0029B188803
:10822000042800D97EE0012081E0C046C00500207E
:10823000C1050020C4050020BE050020B4050020B3
:10824000B6050020B2050020CC050020D81D002076
:10825000201E0020CE0500202C070020381D002005
:108260001E000020EF050020EE050020F205002092
:10827000F1050020F0050020ED0500201A00002087
:10828000EC050020E405002018000020E305002094
:10829000E20500201C000020E10500200133DBB2D4
:1082A0001370032BB0D87C4D2C88002C02D12000F9
:1082B0000EF0C6FB012301341C402C80029B0126DA
:1082C0001888042804D90A210530FAF7BDFB86B2C4
:1082D00007247443019BA4B21B78002F60D06F4D1C
:1082E000002B4AD02B886E4A934200D91FE70133F6
:1082F0002B801CE76B4A002B10D01378FF2B06D184
:108300000023694A33701370664A137081E70133A2
:10831000DBB21370072B00D880E7F1E7624B1770D0
:108320001F70C0E70A210530FAF78EFB80B20121E9
:10833000002F05D1401880B24918032800D9410800
:10834000554A13888B4215D300231380783406DBFB
:1083500078352B1CEDB2402D00D94023DBB24020F4
:10836000002F04D1181C142B00D91420C0B20EF019
:1083700067FBA3E701331380A0E74C4E4C4F3378E3
:10838000022B05D13B88A34202D34A480EF02CFBB6
:108390000123019A3370137000222A803A80C6E6C6
:1083A000424D002B36D03D4C2088002828D0012893
:1083B00023D041490A78092A0AD87600B042804180
:1083C000531CDBB240420B703C492D308854CF54D3
:1083D0003B4B009A1B8812883A499B1A1A1C1BB205
:1083E000282B00DD2822130400D500220B889B18BF
:1083F000354A0B8013780133137020200EF020FBD8
:108400000023019A238013700122294B1A80022332
:108410002B708CE62B78022B00D088E6244D204A66
:108420002B88934201D801332B80234F3B78002BBC
:1084300009D003235E432B88B6B2B34203D3002096
:108440000EF018FB2E802B88A34200D26FE63B78FB
:10845000002B04D001200EF00DFB2C8067E61548A0
:108460000EF0C2FAF9E70133DBB213704F2B01D8DB
:10847000FFF755FB63E6154B1A88012311001940DD
:108480001A4201D0FEF714FF114B1B78012B23D0A9
:10849000104B1970FEF70CFFDE050020EA050020E6
:1084A000FDFF0000E0050020E1050020E8050020B8
:1084B000E6050020FAA20108E5050020D20500200B
:1084C00018000020D0050020CF050020C81D002086
:1084D000221E002042050020A84B1B695B0509D520
:1084E000A74B9B7F002B05D1A64B1B78002B01D1FE
:1084F000FEF7DEFEA449A54F0B78002B0ED13A0003
:10850000C8202B33013BDBB210800232002BF9D1A3
:108510009F4A13709F4B188001230B709E4A9C4DFD
:1085200013782C786600062B00D88AE06420FBF7CD
:1085300039FAB853F35B002B01D1C833F3532B2125
:10854000601CFAF77DFA954B0E001B782970002B02
:1085500005D0934B1B78002B01D1FEF7A9FE914A61
:10856000914B11781B78194301D0FEF7A1FE8F4B78
:10857000052019708E4B1970FBF7E0FD0322804B2C
:1085800000929B8C002B01D105330093009B80222D
:10859000DD01884B0021ED18280010F033FE3888EB
:1085A000012203005100795A0C1C814200D9041C9D
:1085B000A0B20C1C994200D21C1C0132A3B22B2A7F
:1085C000F0D1744A1488A0423ED2611E241AE410ED
:1085D0000C1BA4B2148000220192A34202D91B1BDF
:1085E0009BB2019333002B330293019A4023312A2B
:1085F0001BD92B213000FAF70DFB644F4900CB5BF0
:108600000020A34201D91B1B98B207270199784388
:10861000FAF790F9C2B24023002A06D0BF331840BF
:10862000381A803B83407F2213402B706B70029B73
:1086300001360335B342D8D10098FCF732F9FEF782
:1086400037FE0133137075E70234C2E7022B06D1FF
:10865000594A13780133DBB20F2B03D8137000256E
:10866000FEF752FE0023554C1370267820007F221F
:10867000534910F0CFFE7F34524B26704D4C01937E
:108680002000611C7F22267810F0C4FE23007F3377
:108690001E70019B8034A342F2D1FCF70BF9FCF76A
:1086A000FBF8FEF731FE002B01D1FEF72EFE0CF099
:1086B00075FD002C08D00022434B1A70434B1B78E9
:1086C000934201D108F0AEFE00200EF0D5FBFEF77C
:1086D00024FE032B01D0FEF73AFE3D4B3D4A19889C
:1086E0001088091A692907DD00201B883A490133DF
:1086F00008701380FEF72BFE1988884201D0FEF720
:1087000026FE80203449354E0C788001002C03D1A0
:10871000B0621B880F3317E0776978407061112CC5
:1087200009D91B886933138000230B700B78013340
:108730000B70FEF70CFE0B2CEBD8A8200001E040DC
:10874000C007E6D51B882D331380EFE7244B1B7839
:10875000002B60D1234F3A780192012A48D0022A97
:1087600000D1BAE0204C2578002D00D1CAE0012DBF
:1087700000D10FE11D4A13704DE0C04600040050C7
:10878000441E0020BB1D002042050020EC040020F8
:10879000EA0400200A000020E9040020CE1D002089
:1087A000CA1D0020FB1D002031070020D51D002020
:1087B000D41D0020AF190020BF060020390700207B
:1087C0003A0700202F1D0020291E0020C00600208F
:1087D000C81D0020E6040020E50400200008005029
:1087E000D21D0020DB040020D11D0020F61D00203A
:1087F000FBF73EFEFBF73CFE0224BD4B3C701880AD
:10880000BC4B1D682800FBF713FD2800FBF786FE14
:10881000FBF724FD3470B84B1B68002B04D003F029
:1088200007FC002800D020E10022FF21B34B1A7082
:10883000B34B1970B34B1970B34B1A70B34B04930D
:108840001B78042B00D191E1B14B00201978B14B7A
:10885000C9B21B695B0501D448424841AE4B1A7846
:10886000AE4B002A00D12DE2AD4C02252278160035
:10887000AE43002800D005E2012E00D005E21878B2
:108880000130C0B21870022800D904E2002907D0D4
:10889000002A05D000221A70FEF7D8FC00232370AE
:1088A000FCF728FD0400132802D000229D4B1A700B
:1088B0009D4E9E4D33789C4200D125E2132B08D06B
:1088C000132C06D09A4B00211A789A4B1878FDF792
:1088D000FFFF002334702B802AE2FBF7C9FDFBF772
:1088E000C7FD844B02001868814B1B88934204D952
:1088F0009B1A032B01DD904B186800233B7003F09B
:1089000045F988E70D20FBF74DF80400030482D4F5
:108910000E20FBF747F8894A894B24041C40136852
:108920000443E31A1460DA179B185340854A632BFB
:1089300002DC15780135EDB29121322089001570E5
:10894000FBF76AFA022D0AD832207F49FBF764FA56
:10895000019B002B00D05EE71523FEF735FD7B4B16
:108960007B4AE318934203D9200003F00FF9EFE7A5
:10897000714B65081D605F4B28001C6001233B7034
:10898000FBF756FC2800FBF7C9FDFBF767FC022349
:10899000FEF71AFD06A908A8FBF70EF9051E00D17F
:1089A00039E7FBF71BFD022D34D1089803F0EAF9F3
:1089B000FF2804D1614B1868FBF79AFDCCE702222F
:1089C000644B22701870644B1A70644B013A1A7031
:1089D000634B1A70634B1A78002A42D000221A7037
:1089E0005E4B1B78934200D115E75B4B03201B784D
:1089F0009A1E012A02D9012B04D1042008F002FD9D
:108A0000594B187007F0E4F90122554B1A70009B7E
:108A10001A7000E7012DCDD106AB188803F0E0F9FC
:108A2000FF28C7D04B4D474A2B784B4F834215D177
:108A30003978012912D113780133DBB21370012B7D
:108A400005D902232370454B1970454B197001233A
:108A50003B7023782870012BBCD8ABE70023137040
:108A6000F5E702200CF0A8FBD5E606A908A8FBF75D
:108A7000A3F80400022817D1089803F083F9FF280F
:108A800000D1DBE61E4B1A78824200D1D6E61B4AA3
:108A900018701470FF221B4B1A7000221A4B1A70A8
:108AA0000123009A1370C9E6012800D0C6E606AB80
:108AB000188803F095F9FF2800D1BFE6114B124A40
:108AC0001978814211D113780133DBB21370012B75
:108AD00000D8B3E60A4B1A788A4200D1AEE6197084
:108AE000064A009B14701C70A8E618701470A5E666
:108AF000CC040020D004002024070020CB04002058
:108B00000800002007000020CA040020FB1D0020F0
:108B1000C51D002000040050BB1D0020C40400201F
:108B2000BA1D0020931F0020590000202E1E002097
:108B3000B31D002058000020D4040020E0040020D1
:108B40000000FF07DC04002045020000C0E85DFED5
:108B50003FEA7000DA040020D9040020D804002085
:108B6000291E0020F61D0020391E00208D4B1B7889
:108B7000012B48D18C4B1B780093002B00D1D7E000
:108B80008A4A1378013BDBB21370002B00D0CFE090
:108B90000DF0AEFB864F874B3A88874C002A03D1F5
:108BA0001A800268128822808288002102921B8823
:108BB00022880CE0019D013306350195029D9BB290
:108BC000AB4226D206225A430399525A00990626EE
:108BD0000D005E430196029EB3421CD3002901D0D2
:108BE00075490A80002D01D0724A138002226D4B14
:108BF00000201A700EF040F90CF0D0FA049B1B789C
:108C0000042B00D020E6674B1B78002B00D11BE61D
:108C10008EE0009DDFE70668B4460396019EB444EB
:108C2000664676889642C5D9002901D062490A80F5
:108C3000002D01D05F4A13802588604E4022280015
:108C40005F4975800CF030FD42215E480CF00EFD4E
:108C50000636F08722200DF07BFC03F02BFD0EF092
:108C600087FD88213620FBF7D7F800210120FBF78C
:108C700065FA1E223B88403501333B804B4B2580F3
:108C80001A70B9E7002E00D1F9E5002900D0F6E509
:108C900000221A7004E600201870824209D10121D6
:108CA000494B21701A70494B10301970FDF710FEB6
:108CB000F6E5032A00D1EFE5002900D0ECE501320A
:108CC0002270EDE5414C2278002A0DD00028DFD13A
:108CD0001A780132D2B2022A01D80029D9D0002252
:108CE0001A70FEF7B3FADBE50028D1D0197801310C
:108CF000C9B21970022900D8D2E5334910200A7090
:108D000001211A702170D1E72B8801339BB22B808F
:108D1000022B16D12E4E2F4D132C0BD12878132851
:108D200004D000213278FDF7D3FD2C70002333707E
:108D30001BB0F0BD0022012120002C70FDF7C8FD02
:108D4000F4E7272BF4D9132CF2D0282B09D1102CBF
:108D5000EED001211E4B0A0020001970FDF7B8FD6E
:108D6000E6E722000B3AD2B2012A08D80121184ABC
:108D700011705B0703D10A002000FDF7A9FD2A88C6
:108D8000154B9A42D4D12923A5E593235B00EA5CD5
:108D9000263BFF3B022A01D0FFF7F8F806AA12791A
:108DA000FFF7AAF8321D0020FB0500200600002076
:108DB000F6050020C8040020C60400204806002054
:108DC0004C0600204A060020931F0020D81D0020DA
:108DD000B31D002058000020FFFF00006289238996
:108DE00008AE1204290030001A4303F0FFFBE389A8
:108DF000A2891B0413430E93237C06A97371637C21
:108E000006A87373A37C3371E37C33730923627DFB
:108E10005B18DA77227D15AB1A70A27D12AB1A703F
:108E20003B23E27D5B181A703123227E5B181A7097
:108E30003523627E5B181A70A37E5A1E934133223B
:108E4000521813703A23E27E5B181A70637F0AAAE5
:108E5000D377274A5B009B5AB383A27F13AB1A7068
:108E6000E37F3386631CDA7F36235B181A70A31CFA
:108E7000DA7F3D235B181A703E2321001B18223134
:108E80001022180010F0EDFA4D2306AA9B181F704F
:108E9000300003F0D7FB300003F0C0FA154B32006E
:108EA0002800597B032304F0A9FF3E2306AA9B1840
:108EB0001900280004F082FF0F4B009A1D80032345
:108EC000137001220D4B1A70FBF770FEFEF7FAFBD0
:108ED0002C000B4E4034A4B2280008353100ADB24E
:108EE0000CF00BFC0836AC42F6D10648FEF77FFBCF
:108EF00018AC0108441E002026000020241E00207B
:108F00004C060020F6050020F0B501209BB0F9F7D3
:108F1000FFFE80204005F9F7EDFEC0200025072662
:108F2000F14BF24AF2491A60F24BF34A4B60136A72
:108F300000061B021B0A034313628D600E60302182
:108F4000EE4B27201960136A12AC1B021B0A136236
:108F5000F9F77EFF012323610233A360F023E5606C
:108F6000656165601B022100E548129310F0A4F8CA
:108F700080232100DB00E248A027129310F09CF828
:108F80004023FF05DE49BB613C3B8B61033B6360D3
:108F900021007733DA48129310F08EF8A4233800BA
:108FA0005B002100129310F087F8C12321009B0081
:108FB000D348129310F080F8802321009B01D14800
:108FC000129310F079F860232100CF48129310F02B
:108FD00073F8C02321009B00CB48129310F06CF86B
:108FE0002020F9F787FE0EF0EDFA2022C74F30005F
:108FF000FB6A1343FB62FB6A9343FB625732C44B29
:10900000FF329D62DA621968F63A0A431A608022DA
:10901000D96852000A43DA601A680235AA431A6016
:109020000EF0C2FCBB48BC4BC268BC491A409C2332
:109030009B031343C36030000EF052FCB84AB94B97
:109040002021D360B84B300093600EF059FC28000B
:10905000F9F7FEFE1B228020A94980000B68B34E61
:1090600013430B60F9F754FE3A68B14BE0211A4004
:1090700080239B0313433B60B368AE4A090313404C
:10908000B3607368AC4AC02013407360B368AB4AE6
:1090900080001340B3607368A94A13407360B368DB
:1090A0000B43B360B368AB43B360B3681340B360C2
:1090B000336BA44A134033637368A34A134073604D
:1090C00073681340C02273600923520001214000DD
:1090D0001140013B08435208002BF7D120228005A4
:1090E00002D0F9F79DFDC2B280239B00D340974A7E
:1090F0009B009B181F221968C0209143173A0A430E
:109100001A60C0221A2301219204C00415004000F5
:109110000D40013B28435208002BF7D1400120337A
:10912000002802D0F9F77CFDC3B28025ED04DD40B4
:10913000874BAD00EB1802931B68F822F8200393CD
:109140000121182312044004150040000D40013B8A
:1091500028435208002BF7D1C0012033002802D049
:10916000F9F75EFDC3B2C0225204DA4007239340F0
:10917000039AF8209A430392F8221823012112043B
:109180004004150040000D40013B28435208002BCD
:10919000F7D1C0012033002802D0F9F741FDC3B256
:1091A000C0225204DA4005239340039A1343029AE3
:1091B00013600422B3681343B3600422B3681A40F7
:1091C000039204221342F8D10125B36880202B4377
:1091D000B360A0260823F605B361C001F9F78AFD44
:1091E0000EF0F0F92800F9F733FE0223039A6360CA
:1091F0005B19A3600533E260256121001295300000
:1092000063610FF059FF09230535129521003000E5
:1092100063610FF051FF3F494E4B8A684E481A4038
:10922000A023DB0413433F228B60CB689343C2220D
:109230001D43CD60802192008358C9051B021B0A83
:109240000B43835080231B010360444B1A68520672
:1092500009D41968424A1140424A0A4304211A605B
:109260005A688A435A6040268020DA6933494001AF
:109270000A40DA611A68002532431A60F9F748FD9E
:109280000120F9F7E5FD0223A02063600133A3600C
:109290001D33E560656112931F3B21002361C0050A
:1092A0000FF00AFF8023A020129321002561C00542
:1092B0000FF002FF2C4B1A68324209D11968284A74
:1092C00011402A4A0A4304211A605A688A435A60A4
:1092D000DA691A49E2200A40DA6140221968002658
:1092E0000A431A6044E0C0463C000020006CDC02E7
:1092F00010E000E0FF52070000ED00E0D017002072
:1093000000040050000800500014005000100240FB
:109310000014004000000140FFFFC0FFB02A000021
:1093200080000240D417002018140050002401408F
:10933000FFFF9FFFFFFF7FFFFFFFFFFCFFF7FFFF28
:10934000FFFEFFFFFFFF0FFFFF17FFFF302401406D
:109350000C240140FFFFFFC000E100E000380040A6
:109360004000FFFF07030000003001402F03000012
:109370000423584A9362FAF7D7F85748FBF784FB5F
:1093800030000136F6B2FAF7D7F8082EF8D12B20C4
:10939000FAF7CAF8FA208000FBF776FB2E20FAF7DE
:1093A000C3F8FA208000FBF76FFB2F20FAF7BCF818
:1093B0002F20FAF7B9F82F20FAF7B6F82F20FAF78E
:1093C000B3F84648FBF760FB4020FAF7ADF8AF2052
:1093D000FAF7AAF804233F4A022593610EF000F938
:1093E0000CF01AFCFA223E4B01201A70F9F730FDFE
:1093F0000EF0E8F80120F9F78BFC8020C001F9F7A6
:1094000087FC0023E360C023DB00129303220123C7
:10941000A0206361A260236121006560C0050FF098
:109420004BFE28000EF0C0FA28002E490EF058FA24
:1094300080212D4B2D4A2800DA602D4A49009A6080
:109440000EF05EFA2B492C4B8A682C4D1A40E02313
:10945000DB00134380228B603B6BD20113433B63E1
:109460003B6B274A13403B63EB68264A1340EB6093
:10947000EB689B0400D58DE0EA68234B1A400C236F
:109480001343EB606B69214A13406B612B69204ADF
:1094900013402B616B691F4A134038226B61BB6814
:1094A0001340102B3AD00ED8082B00D1A3E207208E
:1094B0007B683A685B0B034017499B00D20A024065
:1094C0005858D0403CE0183BB343F0D18020000214
:1094D00036E0C04600040050C0D40100409C0000AB
:1094E000931F0020A02000001C0002405418002000
:1094F0000438014000000140FFC0FFFF0038014078
:10950000FFBFFFFFFFDFFFFFF3E9FFFFFFF7FFFFF5
:10951000FFCFFFFFFFFCFFFF08AD01080322FB6840
:109520001340934200D1E0E17B68F14A1B045B0FDA
:109530009B0098580C23FA681A4200D058E2400069
:10954000BA68EC491205120F920052581F210A40C6
:10955000D040BB68E84A5B045B0F9B009B580B4004
:10956000D84017D01923962158438902F9F7E2F918
:1095700064210700F9F764FA080132306421F9F731
:10958000D9F9642106003800F9F7D4F9000136183A
:10959000B6B2AE6040236A69022013436B610EF0DD
:1095A00011FA80230026EA689B011343EB60262111
:1095B0006E60D2480CF0C6F80120F9F7A9FB012033
:1095C000F9F746FC80200004F9F794FB0EA90A0085
:1095D000CB4BA1CBA1C20C2220000FF042FF2200F6
:1095E000C84BC949A1CAA1C3C84BC94A1E60C94BCF
:1095F000C94DCA488B61531CDE77C94B55609660D4
:10960000D66010611E001B68002BFBD13260136016
:10961000C44A1061012055609360D360C04D531C53
:10962000D8772B002D68002DFBD11A60AF23156071
:1096300002225B00BC48CA540DF0C4FDBB480DF0CB
:10964000C1FD0722BA4BC0219D731D701A72063AE4
:109650009A72C722B7485D729200835809061B02AE
:109660001B0A0B43835080231B060360B24E0E225D
:109670002D2130000FF0C6FD8023B04A9B00B5734A
:1096800093618022AE4952008A618B61802128005B
:109690000902FAF7C1FB29002800FAF7BDFB3720C1
:1096A000A849FAF7B9FB22213620FAF7B5FBC62103
:1096B00010208900FAF7B0FB1120A349FAF7ACFBA0
:1096C0001220A249FAF7A8FB1320A149FAF7A4FB3C
:1096D000842114208900FAF79FFB49209D49FAF75D
:1096E0009BFB7B209C49FAF797FB7D209B49FAF76F
:1096F00093FB48209A49FAF78FFB40209949FAF7E3
:109700008BFB1022200098490FF0ABFE615D2B030C
:109710001943092089B20135FAF77EFB102DF5D1E6
:10972000F8211C20C900FAF777FB1D208F49FAF7B2
:1097300073FB1E208E49FAF76FFB1F208D49FAF745
:109740006BFB3E208C49FAF767FB73208B49FAF7D5
:1097500063FB77208A49FAF75FFB19208949FAF7FA
:109760005BFBB42128200901FAF756FBAA21292026
:109770000902FAF751FBCC212A20C901FAF74CFB68
:109780002C208149FAF748FB2F208049FAF744FB47
:1097900053207F49FAF740FB7E207E49FAF73CFBD5
:1097A00046207D49FAF738FB4A207C49FAF734FB1A
:1097B00007207B49FAF730FB90217A4B7A4A332015
:1097C00009021A80FAF728FB00213F20FAF724FB50
:1097D00076480EF06DF803F083FA210008227448F1
:1097E000FAF732FF734B21002380802400230822E4
:1097F0006F48FBF7F5FB03F02DFE0221002003F07C
:10980000F3FE0221012003F0EFFE02F029FF012008
:1098100008F0DAF868480EF04BF868480EF048F89F
:1098200067480EF045F867480EF042F8002006F051
:1098300023FD434BE4001B69634D234200D1DCE070
:10984000002302930023614A19001370FF220127AD
:1098500094462E785E4C62461A40D200155DD8B20E
:10986000002D07D0002E00D00DE1A218D279322AA7
:1098700000D008E1002901D0544B1870304B1B690F
:109880005B0500D502E10A2404F0F4FDFBF7D8F8EB
:1098900004F02CFD01237F2200214E48009404F0A7
:1098A00097FB802503237F2200214B48009404F07E
:1098B0008FFB0024FAF7FEFFFAF7EEFFFBF776F9CD
:1098C000ED001F4B1B692B4200D014E100244348DC
:1098D000FBF7DAF8322CF4D11322414B1A70414BCA
:1098E0001A700022404B1A80D9E0404822E6C04658
:1098F00008AD010828AD010868AD0108D4B0010821
:10990000409F0108A0190020EC0000207C020020EC
:109910007C19002088AD01086D4A0108A13C0108AE
:109920005419002058190020480000204000002051
:10993000005C004000E100E0841F002000140050A3
:10994000000400501F9D00003A030000DB030000EC
:10995000DF030000B22A0000DC73000020E90000F1
:10996000A83300001635000054A0010855E500009A
:10997000584C00005AC60000C694000091460000F2
:10998000EF880000411000002218000090980000AD
:10999000282000003E3000000A6000003054000023
:1099A000CE610000AC1900200090FFFF821F002054
:1099B00058A10000296300003C1E00203E1E00202C
:1099C000401E0020421E00203A1E0020301E0020B3
:1099D00064AE010810A0010818A0010810270000BB
:1099E00059000020580000202E1E002000366E0175
:1099F00003235843A4E5D148A2E5FBF77BFC06000E
:109A0000CF48FBF741F8CF4B1B69234200D017E743
:109A1000FBF770FC0400CA48FBF736F8CA4B5A7FC4
:109A20000A32964213D0B44200D009E70221C74A55
:109A30001470C74A1470C74A1180122C0FD0112C11
:109A400000D0FDE60122C44B1A700323F9E601227F
:109A5000197F4A401A7704F001F80223F1E61A7FD1
:109A6000002A00D0ECE601245A762C7003F0F6FFB1
:109A7000322007F0C7FCB94BB94A18701278B94BBD
:109A800002941A60DEE639000133E4E6FBF732FCAB
:109A9000132800D0F7E6029B002B00D0F3E6B24B70
:109AA000A94C1B78002B30D1B04B1B78002B2CD14C
:109AB0000520083407F04EFEE37F3C2B22D8F9F74F
:109AC0005DFFAB4B01221A70AA4B9F4F1B78022BF4
:109AD00001D0052B01D1F9F7F9FB3B003833187899
:109AE0000138042800D9ABE1F8F71AFFA001A6015C
:109AF000FE0105020502FBF7FDFB132800D0E5E699
:109B00000134E4E6FBF752F8DBE72700403704F0C6
:109B1000B1FCFAF795FF04F0E9FBFAF7CBFEFAF790
:109B2000BBFE3B78042219009143012917D10DF0A7
:109B300057FDFBF73BF804228F4B834E1B78934372
:109B4000012B00D0ECE0029B0025012B00D031E17D
:109B50003836357002980BF02FFB884BB2E7042B98
:109B600009D10BF077FBFAF7A5FEFAF795FE012075
:109B70000DF082F9DDE71022814806A9FAF764FDAD
:109B800010220AA97F48FAF75FFD7F4B1E8830003C
:109B900002F0A2FA642105003000F8F751FF30000E
:109BA0008BB264210493F8F7C5FE7849049B82B216
:109BB00000950EA80BF064FB3B787549032B0CD085
:109BC000002B00D08AE004AA127A04AB1B7E002A84
:109BD0000BD17049002B00D00AA906A80FF039FC60
:109BE0000EA90AA80FF035FC01E0002BF8D00A25D9
:109BF00000237F221900009506A804F0E9F902234A
:109C00007F22002100950AA804F0E2F904237F22B4
:109C10000021614804F020FA00237F225F4D039960
:109C2000695C00290BD06946097B081C914200D968
:109C3000101CC2B2081C994200D2181CC3B203996E
:109C4000013103918029EAD19A4258D95723282516
:109C5000EDB2AE1EF6B21A1C7D2B00D97D22D3B216
:109C60009F1C0393FFB2002E06D02323721E1900FF
:109C7000002012B20DF0C8FC8022494B92009E19C0
:109C8000B6183178823AFF3A013D4A40EDB232705F
:109C90002A0080268132FF32D2187642AF4233D872
:109CA0008022DB1992009B181978823AFF3A5140C2
:109CB0001970974206D02323039819000330C0B2CD
:109CC0000DF0A2FC374A384912A80BF0D9FA062346
:109CD0007F22002112A804F0BFF944E7022B86D1AD
:109CE00004AB1B7A002B03D12A4906A80FF0B1FB65
:109CF00004AB1B7E002B00D079E72C4971E7151CC3
:109D0000022AA5D20225A3E7100080300178013590
:109D1000C94301701178EDB2714011700132BDE795
:109D2000234D2B78002B05D0FBF7E4FA1328F7D04E
:109D300000232B70012007F047FE04E700366E0178
:109D4000204E000000040050441E00205900002056
:109D5000580000202E1E0020AE190020391E0020C1
:109D6000381E0020341E00202C1E00202B1E002038
:109D70002A1E00207C1E0020841E0020291E002098
:109D8000C8A00000D8A00000301D002021A00108BC
:109D90002FA0010837A001082BAE0108AF1B00203F
:109DA000AF19002026AE010849A001083FA0010814
:109DB000931F0020029B032B36D1E31DDD77230088
:109DC0003E331D70230043331D70A31DDD87230028
:109DD00046331D702023FF33E554B94BB94A1E6842
:109DE000B9493000A577A58402F000FC33000127B3
:109DF0002D331F70043B30001F7002F00FFBB34B7C
:109E000038001E6007F0E0FDFAF7C6FAFAF786FFA1
:109E1000AF4B3D221D7023000833DA7704236576AB
:109E200038342570029395E6029593E63A003B009C
:109E30003932127829331A7001210800FBF7E4FD4A
:109E40003B003E331978002903D01E224A43A14B20
:109E50001A700CF0B3FF01200BF01CFD002802D09B
:109E600001200BF0EDFD9C4B02931B78012B00D0E1
:109E700091E09A4B03931B78002B03D1984B1B78EE
:109E8000002B52D0974B984D1E782C68012E0ED97E
:109E90003B000833DB7F002B30D1002C01D0FA2CA3
:109EA00005D18023914A9B0151694B405361013494
:109EB0002C60032E32D13B000833DB7F002B2BD0EC
:109EC0008B4B9C4231D900232B60FAF7D9F901233F
:109ED000884C1A0020881E2180B2FAF7E3FE2388FE
:109EE00064339BB2238020E0FAF732FB824B187870
:109EF0000BF062F9A4E70DF08FFDA1E7002C05D16E
:109F00002223FF33F85CF9F70FFDD0E77B4B9C422F
:109F1000CDD190235B00F5E7794BD2E7794B9C429A
:109F200003D900232B60012ECFD0774B1A78002A5B
:109F300003D16B4A1278002A2DD000221A70734B7D
:109F40001B88934204D13B000833DB7F3D2B04D1B7
:109F50002223FF33F85CF9F7E7FC0024C822039BB7
:109F600092001C70634B1A80694B1B78A34208D087
:109F7000684D2B78012B00D083E002332B70FAF769
:109F80005FFDF9F793FB062001F046FE042002F086
:109F900031FD0BF003F9604B03931B78002B00D0CD
:109FA000ADE1029B1B78012B03D05C4A9B009B58C0
:109FB00098475B4E3378002B04D05A4B1B78002B0C
:109FC00000D09CE101F018FE002809D10023564D75
:109FD000EB56002B64D17B1DDB7F002B00D0B7E05C
:109FE000524B1B78002B00D122E1514B1B78002BE8
:109FF00000D11DE102F01CF8002800D018E1BB7D63
:10A000004C4A9B075B0F9B5A0730BC8A04930BF0AA
:10A01000C9FD0F230509ADB21840022820D90A2036
:10A020000BF0C0FDC3041BD4C0B2092818D92B0003
:10A03000DD22193BFF3B9BB21201934210D3049ADD
:10A040003D4B3E49944200D8C2E01A88A21A012A28
:10A0500000D0C0E00A88100502D4132A00D9BAE063
:10A06000364B1D80344B1C80354B1B78002B00D0A9
:10A07000A2E22F4B00221978200049B20BF07CFE9F
:10A08000D0E0022B00D07AE7220021001020FCF75C
:10A090001FFC01222B4B2C701C702B4B1A706EE78F
:10A0A0002A4B1B78002B96D0264B1B78002B92D185
:10A0B000FBF75AFF01F0A0FD00288CD090E7C046C6
:10A0C000381D002090FE960205040000341D00207B
:10A0D000321D0020281E0020221E0020C61D002048
:10A0E000C51D0020C41D0020C01D00200008005018
:10A0F000102101005400002057000020983A000071
:10A1000098340100E0280100BC1D0020F81D00204B
:10A11000BB1D0020BA1D00202A1E002038AE0108F9
:10A12000161E0020FA1D0020DC1D0020B51D002099
:10A13000DB1D002054AE01083C1D00203E1D002008
:10A14000A61D0020D81D0020B91D002053000020AE
:10A15000184C2378002B00D142E70023EB56002B4C
:10A1600000D03DE7144B1B78002B00D038E7029B52
:10A170001B78052B00D133E7104B1B78002B00D048
:10A180002EE73378002B00D02AE7F9F729F90C4D98
:10A190002B78002B05D00B4B1878002801D10BF041
:10A1A0000BF80023084A2B701370084A23701370B1
:10A1B00016E7C04652000020D81D0020EF1D0020E9
:10A1C000B81D0020FB1D0020B71D0020B61D00207B
:10A1D000049A94420CD11A88121B012A08D1C34A4E
:10A1E0001288100500D43BE7C148824200D937E706
:10A1F0001C80C04B0D801B78002B00D0D0E1BE4AE4
:10A2000013800122BD4B1A70FB7C002B00D13C82D5
:10A21000FAF7CCFCA0238022DB0552009A61B84BF0
:10A22000FF3A1A7003200AF0C7FF0022B54B1A70DC
:10A23000BB7F002B09D0B44BB44A1B88002B00D045
:10A24000C2E11388002B00D1C2E1B14C2378002B6E
:10A250001FD0B04B1B78002B15D1AF4B1B78002BB8
:10A2600011D1FB1DDB7F002B0DD0AC4B1B78002BDD
:10A2700009D1AB4BAB4A1B781278134303D1337827
:10A28000002B00D1F3E1FA22A74B92001A800023A1
:10A290002370A64E3378002B31D0029B1B78052B00
:10A2A0002DD1A34D2B78002B00D1E4E1FAF79CF8D7
:10A2B000BB7F002B05D03B00FE33998B588BF9F701
:10A2C00093FF7B1DDB7F002B10D0964B1B785BB27E
:10A2D000002B0BD1914B1B78002B07D1954B1C7891
:10A2E000002C03D1F9F77CF8934B1C7001F0ACFE05
:10A2F0000A22924B1A8000232B7000233370904B5C
:10A300001A78002A00D1A4E500241C7003F078FB21
:10A31000FAF7D6FB8B4A2000138801339BB21380D7
:10A320000BF0B8FAA04202D020000BF089FB039B8F
:10A330001B78002B01D1FCF7A3FF834B1A78002A6E
:10A3400000D186E500221A70804A1378002B07D0CE
:10A35000013BDBB21370002B02D101227C4B1A703F
:10A36000029B1B7802937B4B1B78002B08D0029B2F
:10A37000012B00D1B7E101F05BFE002800D0BCE169
:10A38000754A1378002B21D0013BDBB21370002BF0
:10A390001CD1724B1A688023D28BDB009A4210D2F8
:10A3A0006F4B1B78013B022B0BD86E4B1B78002B9D
:10A3B00007D1F9F7ABF96C4B1878022801D101F0FD
:10A3C0002BFCFCF75BF90022684B1A70684A137883
:10A3D000002B13D067490978072901D000290DD136
:10A3E000013BDBB21370002B08D1634B1B78002BB1
:10A3F00004D0FCF779F80122554B1A705F4A138894
:10A40000002B00D07BE100235D4A05931378002BDD
:10A4100000D081E105F0CEFC5A4B04931B88002B41
:10A4200000D082E1584B1C88584B1D7878236B4331
:10A430009C4218D1564E3378002B14D0FAF712FBF9
:10A44000F8F75EFE00210620F9F778FE0A22FB1DD0
:10A45000DB7F5343394A13800023012233703C4B86
:10A460001A704C4B1A70029B494E012B00D1ACE183
:10A4700001F0DEFD002800D0A7E1294B1B78042B5A
:10A4800000D1A2E12B4B1B78002B00D09DE13E4B6D
:10A49000002C00D170E1013CA4B21C80002C00D043
:10A4A0006AE101220425049B32701C80234B1A8030
:10A4B000F8F726FE2000384CF9F736FA2820A56276
:10A4C000F9F732F84020F9F72FF8AE20F9F72CF819
:10A4D000A5610322314B0620197801311140197012
:10A4E0004B425941C9B2F9F729FE57E13E1D002000
:10A4F000EB0F0000A61D0020A41D0020A31D0020BE
:10A50000401D0020B51D0020AE1D0020AC1D002008
:10A51000B41D0020D81D0020B31D0020F61D002012
:10A52000FB1D0020DC1D002050000020B21D00207B
:10A53000B11D0020EF1D0020B01D0020F01D0020E7
:10A54000271E0020C81D0020261E0020251E0020DA
:10A55000241E0020231E00201C1E0020181E002088
:10A56000171E0020161E0020151E0020141E00209D
:10A57000131E0020121E0020FE1D0020FC1D0020C6
:10A58000FA1D0020F81D0020F41D002056000020B8
:10A59000F21D0020291E002000040050EE1D0020A6
:10A5A0008C490B782F2B0CD85A1CD2B20A708A49CE
:10A5B0005B005C52302A04D08723DB009C4200D22F
:10A5C00057E50BF011FC2DE60021844B118019702A
:10A5D0003378002B00D038E6029B1C78FD23A21EA6
:10A5E0001A4200D131E67E4B1B785BB2002B00D0C3
:10A5F0002BE67C4B794A187800281ED011787A4ACD
:10A60000002914D064211180012C00D01DE6774A66
:10A610001278002A00D018E61B78002B00D014E630
:10A62000F9F758F8724B1C70724B1C700DE61288CB
:10A6300091B2002AE8D11970E6E71278002A00D119
:10A6400003E601221A70052C01D107F083F8029B62
:10A650001B78012B00D1F8E5674B1B78002B00D04D
:10A66000F3E507F0A1FF0122624B1A70EDE505202A
:10A6700007F070F80BE6614B1B78002B00D03CE62E
:10A680007B1DDB7F5E4A5F4C0492002B0BD0544B4A
:10A690001B785BB2002B06D15B4B1B78002B02D1E1
:10A6A0002378002B17D0FB1DDA7F584B19780A232B
:10A6B000002900D0BE335343049A138001232B702A
:10A6C00000252570F9F716FEF9F744FE2900280049
:10A6D000F9F734FD11E6F8F783FE0A23049A138094
:10A6E000093B237009E64A4B01221B889BB21342A7
:10A6F00000D145E63E4B1A7042E6464BF4E7013B7B
:10A700009BB21380002B00D07DE6434B1B78013BAE
:10A710005A425341DBB277E6013B13703F4B1B7843
:10A72000002B00D176E6FFF794FB3D4A1278002A11
:10A7300000D077E6344A1278002A00D072E6364A12
:10A740001278012A06D1132800D16BE615380128AA
:10A7500000D867E6049A013B9BB21380002B00D01F
:10A7600060E63B000833DB7F3C2B00D95AE6F9F763
:10A7700005F9FAF7FFF855E61B885A1E132A09D87F
:10A78000002D07D000209B0702D12223FF33F85C65
:10A79000F9F7CAF83378002B00D09AE6039B1D78AE
:10A7A000002D47D01F4C20000DF082F8FA221E4BDE
:10A7B00052001B88934206D81C4BDA8823889A42A1
:10A7C00001D3FFF746FBFBF779FA78226A43184B6F
:10A7D0001A80DFE7A21D0020421D0020AB1D0020D3
:10A7E000DC1D0020AA1D0020A81D0020D81D00206F
:10A7F000291E0020241E0020C51D0020EF1D002062
:10A80000F01D0020B01D0020F61D0020F21D0020CC
:10A81000201E00201E1E0020FB1D0020161E0020F2
:10A82000F71D0020821F0020801F0020E21D002055
:10A83000F41D0020B94B1C880134A4B21C80029B7B
:10A84000012B13D0E30711D4B54B18780493461CA1
:10A85000F6B21E70B34B4000C0180DF029F8032E5D
:10A8600001D9049B1D70012005F006FDA4070AD143
:10A87000AD4B1B78002B03D1AC4B1B78002B02D0C7
:10A880000122AB4B1A70AB4B1B78002B65D1AA4B46
:10A890001B785BB2002B60D101F0AEF900285CD1CF
:10A8A000A64B1B78002B03D0A54B1B78002B54D054
:10A8B000A44B1A78042A50D0A34B1B78002B4CD100
:10A8C000A24BA3481B78002B12D0A2490B78002B77
:10A8D0000ED0A14C2478002C0AD1012A08D0013BCB
:10A8E000DBB20B70002B03D19149013343760B701F
:10A8F000059B002B31D00021984B1980012A08D1EB
:10A9000005F058FA132802D01538012801D8FAF7B3
:10A910004DF9934C2378002B03D18F4B1B78002BE0
:10A9200002D0022001F078F9FBF796FEF9F754FF08
:10A930000023834A237013708A4A137001228A4BC2
:10A940001A708A4B1B78002B04D001F071FB002891
:10A9500000D1032528000AF02FFC854B1B78002B23
:10A9600018D1844B1A78002A14D018780138C0B254
:10A97000187000280ED102F03DF87C4B1B78002B9C
:10A9800008D001F055FB002804D10BF031FC032066
:10A990000AF012FC784B1B88002B0FD13B000833C8
:10A9A000DB7F013B3B2B09D8654B1B78002B05D186
:10A9B000604B1B78002B01D1F9F7DCFF6F4B1B7844
:10A9C000002B1ED06E4D01212C886E4B0134A4B299
:10A9D00022000A40110000201A702C8003F0C2FAF5
:10A9E000029B012B0DD01D2C3ED80AD14E4B1B785B
:10A9F000002B06D1644B1B78002B02D1022001F002
:10AA00000BF901F0F9F800284CD0604B1B78002BB3
:10AA100048D15F490A78012A44D85E480378013357
:10AA2000DBB20370012A07D1202B05D95A4B1B78C2
:10AA300002330B703E4B1A7001224B4B1A70414B84
:10AA40001B78002B01D0FFF704FA544B1B78002B26
:10AA500001D0FFF7FEF901F0EBFA002827D0012022
:10AA600003F048FDFFF7F5F900232B802E4B1B78F0
:10AA7000002BC6D1444B1B78002B02D1022001F0E1
:10AA8000CBF8474B1B78002BBBD1039A0133052031
:10AA9000137006F05FFE434BDB7F3C2BB1D8F8F719
:10AAA0006DFFAEE7234B1B78002BC5D1C7E73E4BAC
:10AAB0001D78002D01D1FFF7CCF900223B4B9A56AF
:10AAC000022A01D0FFF7C5F90024394E3457082C6B
:10AAD00074DC0123210019401C4208D19D4202D0A0
:10AAE0000520F9F72BFB01343470FFF7B2F9012D83
:10AAF00008D1601E0628F6D8F7F7F4FE0BF50BF523
:10AB00005CF55E0019000520F9F718FB032DEAD16A
:10AB1000EFE7032001F080F8E5E7C046E01D0020E4
:10AB2000DE1D00203C1E00202C1E0020DD1D00200C
:10AB3000291E0020F61D0020DC1D0020DB1D00204A
:10AB4000F71D0020FB1D0020EF1D0020821E0020AD
:10AB5000441E0020281E0020DA1D0020FC1D0020BD
:10AB6000171E0020D91D0020241E0020161E0020C4
:10AB7000D81D0020D71D0020F81D0020CE1D00206C
:10AB8000CC1D0020CB1D0020CA1D0020D21D00209E
:10AB9000D11D0020D01D0020CF1D0020D31D00207E
:10ABA0002B1E00204C1E0020D61D0020D51D00208D
:10ABB000D41D00200420ADE70520ABE71870FFF797
:10ABC00048F9C046F0B58B4B04001B780E00150009
:10ABD00085B0002B00D1ABE10F2801D100F0C4FDFE
:10ABE0000022854B1A70954201D100F057FD0D28C7
:10ABF0003DD0112827D00A283ED1804D2B78934292
:10AC00001DD17F4E7F4F3278F95C914219D00133CC
:10AC10000A2BF9D101340A21E0B2F7F711FF7B5C6E
:10AC200033700CF01FF80022774B1A70774B1A70B4
:10AC30000BF0A4FC022000F0EFFF01232B7005B005
:10AC4000F0BDDCB2E6E7724C2378002BF7D1714AF5
:10AC50001370714A13706C4A13706C4A13700BF0C6
:10AC60008DFC022000F0D8FF01232370E7E70CF0F1
:10AC700027F80022694B6BE11228E0D8F7F746FE6F
:10AC800059001300130013001300130013001300E6
:10AC900013001300DFFF78008C00F7FFDFFFDFFFFA
:10ACA000DFFF9900B100002EC9D05D4A5D4B1278DC
:10ACB000661E0192544AF6B2995D1078554B534F77
:10ACC0001D78A0421DD1002D1BD03878013D0130E8
:10ACD000F7F7A0FF05227243534B39709B18019A76
:10ACE0005B5C002A05D11A00413A192A01D82033A9
:10ACF000DBB2494A535501224C4B1A700BF03EFC13
:10AD00009DE705211470002271433A706A1CD2B28B
:10AD10001A70454BCB5C0199002905D119004139C6
:10AD2000192901D82033DBB23B494B5500238B5402
:10AD3000E1E7002E00D182E7334E344C3578002D08
:10AD400011D1344B1B78002B0DD0334A013BD15C21
:10AD5000202904D11031D15401232370CBE70CF00A
:10AD60001FFC2570C7E70CF01BFC00233370F4E7D1
:10AD7000002E00D163E70022234B26491A70234B93
:10AD80001A702A4B1A700B789342B7D0013BDBB292
:10AD90000B702149CA54B1E7002E00D14FE70023C0
:10ADA000194A1370194A1370204A13700CF0F8FBFB
:10ADB000A4E701231A4A11784B4013700BF0DEFB15
:10ADC000022000F029FF3AE70C4A002E02D00023AF
:10ADD000137034E71378002BF9D101210F4B197050
:10ADE000F5E700230B4A13700B4A1370064A1370E1
:10ADF000064AE2E7D31D0020B9070020D90300204E
:10AE00000100002008AA0108F1050020F00500203B
:10AE1000D8030020430500204705002057000020EC
:10AE200000000020FFA90108D2A90108F2050020B6
:10AE3000BD4B1B78002B00D101E70022BB4B1A70E1
:10AE4000BB4B1A70BB4B1B78934200D156E7BA4CF0
:10AE50002368934201D101F003FC246863691868F8
:10AE600001F014F8002804D0230028331B78002BAD
:10AE700053D1B24B1B78002B4FD133342378002BA6
:10AE800003D0AF4B1B78042B4ED0AE4B1B78002B5E
:10AE90004CD00620834241D8F9F737FA012006F05A
:10AEA00059FCA94B00241A7E0A2301325343A74AB6
:10AEB00013801388A64A9BB21380A64B1C70A64B26
:10AEC0001C70A64B1C70A64B1C70F9F7D9F920001A
:10AED000F9F7E6F921005120F8F79EFF2000F9F775
:10AEE000B3F9974B1B78012B00D007E702219D4A4D
:10AEF00011709D4A13709D4A137005229C4B1C7063
:10AF00009C4B1C609C4B1C709C4B1A709C4B1C7087
:10AF10009C4B1C700BF032FBF0E6032001F06AFD45
:10AF2000022000F079FEE9E60120F7E70220F5E7CC
:10AF3000954B1F78002F0DD010280BD00D2809D06D
:10AF4000002D00D07BE6002E00D178E68F4B022248
:10AF50001A7074E68E4B02931B780193002B2AD053
:10AF6000002E00D1E6E3002D00D0C9E32000F8F761
:10AF700027FA0190FF2800D1A9E3864F3C78002CE6
:10AF80000CD1854E0E222D2130000EF03BF9B57309
:10AF9000631C019A3B70804B1A5501E00D2CF7D9C8
:10AFA00010227E4B1A7000227D4B1A707D4B0132AD
:10AFB0001A70764BCCE7122CC2D82000F7F7B0FC01
:10AFC00013001300130013001300130013001300E9
:10AFD0001300130063010A020A02800215036303CF
:10AFE000690313001300002D15D0002E00D126E6B2
:10AFF0006D4B1B78002B00D021E66C4A117800299C
:10B0000002D01370664A1370F9F7E6FB01212000A5
:10B01000FAF7F4FF13E6002E01D05C4B4EE2644BCE
:10B020001B78002B00D02AE1624B604F1B785BB28B
:10B03000002B28D0200003F027FA3B78012B00D802
:10B04000FDE50A205C4B3E701A785B785043C018CF
:10B05000C0B2002807D11922584B1A7003F040FAE9
:10B0600002F03AFFEBE5182800D9E8E5534B1870D9
:10B0700001F020F90028F1D10222444B01301A706E
:10B0800001F030F9EAE7304E737B02934C4B1D68B8
:10B090003B78002B15D1EB8B4A4A9B18062B10D816
:10B0A0004822290048480EF0DCF9029B474A5B0021
:10B0B000995BF3189B881180454A13800122454B08
:10B0C0001A70200003F0E0F91022344B1A70039339
:10B0D000F8F71CFB0022324B1A708022EB8BD20057
:10B0E000934202D20423039A72E6364A9B18062B37
:10B0F00000D92BE72B693C781A68374B93429B4168
:10B100005B4206330193002C00D198E503219C4259
:10B1100000D30D311020F7F797FC039B1870019BAB
:10B120009C425BD93B708AE543050020F105002075
:10B13000F005002047050020341D0020C51D00201B
:10B14000221E00202B1E0020441E0020201E002056
:10B1500080030020C61D0020BC1D00209F0600208B
:10B160009E060020F4050020F3050020A005002025
:10B17000440500209C05002098050020A105002022
:10B180004505002046050020161E0020151E002043
:10B19000DA1D002022070020130700201C1E0020BB
:10B1A00057000020B91D0020FB1D0020171E0020A5
:10B1B000B9070020DC1D0020D00300206D1E0020F8
:10B1C000181E002000FCFFFF8803002084030020DD
:10B1D00082030020141E0020FFE0F50503F06CF947
:10B1E00000F0BAFF00220A21019B1B1B93423ADCAC
:10B1F00064244443C64BC74F9C423CD9C64BE3181A
:10B20000BB4233D8C54BA3429B41C54C1C40C54BE8
:10B21000E418200000F0FAFD2B8E834210D080232A
:10B2200080B2DB002886C018029B80B25B00F0521F
:10B23000F618B08002F0D8FB0221029802F0D4F98F
:10B24000AE8B2000310000F0EFFDB34BC318BB42C2
:10B2500004D8B24B984210D8B248801B2860012213
:10B26000B14B1A80EBE448430132BFE7AF4B9C423D
:10B27000CFD91C00CDE7AE4CCBE7AE48EEE7F9F7EF
:10B28000ABFA3100C3E6002E4AD0002D00D1C4E64F
:10B29000A94B1B785BB2002B7AD000F0C9FE0028C6
:10B2A00004D1A64B1B88092B00D8C8E4A44BA54C9D
:10B2B0001B682568002B56D08022A34BD2001B8828
:10B2C000934250D3F7F72EFF2800F7F751FF0028DD
:10B2D00007D19E4B1B681868F7F74AFF002800D17A
:10B2E000ADE49B4B9B4A1D7811000023AB4232D149
:10B2F00015004B3529784E0090531F200131014035
:10B300002970202B02D001334A321370F7F770FFF7
:10B3100003F0E6F8904B1B682360FAF725FE8EE4F5
:10B32000002D00D08BE4019B002B00D087E401248A
:10B330008A4B1C70F8F7EAF9894B01991A78197051
:10B34000002A00D095E47C4B1B785BB2002B35D0F3
:10B35000F8F73CFA73E402318E1E36888642D7D065
:10B360000133DBB2C2E7ADB2280000F01BFF80233F
:10B3700002785B42134303700100280000F002FFD3
:10B3800003F0AEF80122774B1A70774B1A70C1E7C1
:10B39000764A1370764B1B78002B00D04FE4704A2E
:10B3A0001178002902D01370724A13700121724B78
:10B3B0000A000A201970FAF7E9FB40E46F4B1B7F83
:10B3C000002B02D0F9F708FA39E46D4B1C70694B79
:10B3D0001C7034E401210B2C0FD1684CE37E002B50
:10B3E00001D1494249B2614B1B78002B07D0481E5E
:10B3F000431E984101210B300AE64942EDE7614ABC
:10B400001370614A1370627B5200A75A544A107835
:10B41000002802D013705D4A1370002D07D1002E52
:10B4200001D1FFF70CFC0122594B1A7003E0002EEA
:10B4300001D1FFF704FC00223F4B9A56002A39D174
:10B44000544BFB18062B1CD8534B544A1C68208EB7
:10B45000C00013185B6882582000F8F7D3F8504BEF
:10B46000C218504B9A4200D970E52B4B294AC31899
:10B47000934200D86AE52060F8F7DAFEF8F7EEFEAE
:10B48000EDE67818130080B200F094FF464B984226
:10B4900001D1FFF7D4FB874201D1FFF7D0FB637BDB
:10B4A0001A1D5200A05201225B00E0523F4B1A705D
:10B4B0002C4B4CE50800FAF733FB3D4B012247E5E6
:10B4C000002D79D1002E00D0A7E5002F00D088E014
:10B4D000194B234A1B785BB2002B7BD11378002BCE
:10B4E00001D1FFF7ACFB0A21013BDBB21370314AFB
:10B4F000D154002B05D1254B1B78002B01D006F031
:10B500009FFB1022154B1A70F8F700F9FFF7B1FBFB
:10B510003F771B003F6F400140B23EFC5F856104F6
:10B52000406F4001C04DC1032E07002080A4BF071B
:10B5300040771B0000BD0105DC1D00202A0700200C
:10B5400024070020A806002028070020381D00201E
:10B55000C204002078040020A40600201C1E002045
:10B56000171E00200307002093060020B9070020C3
:10B57000FB1D002057000020291E0020441E002033
:10B58000960600200207002004070020141E002059
:10B59000151E002000FCFFFF181E002030AA010825
:10B5A000C088E4FF402DA407FFFF000094060020A0
:10B5B000B91D0020D0030020002E01D1FFF73FFB72
:10B5C000704B1B78002B01D1FFF753FB06F038FBC3
:10B5D000FFF74FFB6C4B17701F70F8F7F7F8FFF78A
:10B5E00048FBF8F7B5FFFFF72AFB684B1B78012BE8
:10B5F00001D1FFF724FB664B1B78002B00D09FE4A2
:10B60000002D02D1002E00D007E5624B1A7F002AE0
:10B6100000D0D7E6604A1078002D08D0002826D147
:10B62000002E01D1FFF70BFBFAF768FFF5E40028C5
:10B630001DD15A4B1B785BB2002B14D1584B1B68A1
:10B64000002B10D10E22574857490DF00AFF574BD7
:10B65000029A1D70012313701022554B1A70554B1E
:10B660001D70554B2AE7554B02221A70F9E700214D
:10B6700006331170D87F524AD9771070012007F035
:10B6800033F84C4BF0E729003000FBF729F8FFF7BF
:10B69000D6FA3000FBF772F8FFF7D1FA122801D979
:10B6A000FFF7CDFAF7F732F945FBFFFAFFFAFFFA99
:10B6B000FFFAFFFAFFFAFFFAFFFAFFFA90FB64FBCA
:10B6C00078FBE3FACBFACBFAC4FB85FB9DFB122C8B
:10B6D00000D93BE42000F7F719F99EFC9EFC9EFC84
:10B6E0009EFC9EFC9EFC9EFC9EFC9EFC9EFCA0FC88
:10B6F0007DFE7DFEF5FE88FFD6FFDCFF9EFC9EFCF6
:10B70000122C01D9FFF79BFA2000F7F7FFF86EFC27
:10B710006EFC6EFC6EFC6EFC6EFC6EFC6EFC6EFCD9
:10B720006EFCBEFD63FE63FE55FF6EFFBCFFC2FFF5
:10B730006EFC6EFC122C01D9FFF702FC2000F7F71B
:10B74000E5F852FC52FC52FC52FC52FC52FC52FCFA
:10B7500052FC52FC52FCEFFD49FE49FEBFFE54FF75
:10B76000A2FFA8FF52FC52FC002A01D0FFF767FAA3
:10B77000144B1D70144B1D70144B1D70144B1D7019
:10B78000FFF7BCFA141E0020A0060020221E002095
:10B79000171E0020441E0020B9070020DC1D0020D9
:10B7A0002407002013070020841F00202207002008
:10B7B0001C1E002057000020291E0020151E0020FE
:10B7C000E10300204305002047050020F10500208B
:10B7D000F0050020002300B50B604C2800D974E070
:10B7E000F7F78AF8272B333739373969733D5555C1
:10B7F000554141415D45312D5D272F5D55353B4B11
:10B80000553147555D4149554343737371554D5506
:10B810004569716969553155595B555D5D5F555590
:10B8200055555555556F7155635157575757577162
:10B830005D0009230020136000BD1723FAE73D23B4
:10B84000F8E701230B600A23F4E70723F2E76823F4
:10B85000F0E7D023EEE73223ECE72823EAE70523DD
:10B860000B60AE33E6E71A4BE4E71A4BE2E7052339
:10B87000E0E70823DEE701230B601923DAE703235F
:10B880000B606033D6E7144B0B60144BD2E70123F7
:10B89000D0E71423CEE77823CCE70623CAE70323B7
:10B8A000C8E701230B600E33C4E70D4B1B6834332C
:10B8B0001B78012B01D10223BCE7022B03D100230B
:10B8C000B8E73F23B6E70423B4E701204042B3E7DB
:10B8D000FF03000001040000DC050000AC0D0000C7
:10B8E000181E00200E4B4900CA5A80231B0130B598
:10B8F000D2180400802013000C210A4D40015B0087
:10B90000034200D06B4001390029F8D1D802064B20
:10B9100018401043032C01D1044B584030BDC046A1
:10B920000AC20108EA08000000F07F00FFFF7F0064
:10B930007047000003000020044AC100515A994298
:10B9400003D001300A28F8D10B387047702100204D
:10B950000122002010B5064B5968DC688C4201D2E8
:10B9600021001000013208330A2AF6D110BDC0466A
:10B9700070210020074A084BD27F002A03D00533EC
:10B98000DB7F002B04D0054B1B68054A1360704712
:10B99000044BF9E74A1E0020441E0020381D0020F9
:10B9A000341D0020181E00200023064A1370064A8A
:10B9B0001380064A1370064A1370064A1380064A1B
:10B9C00013707047B2200020B0200020AF2000206C
:10B9D000AE200020AC200020AA200020F0B51E00E0
:10B9E00085B0131CB24200D9331C00257F27DBB27F
:10B9F0000093174BCC011B7824180193154BE418C6
:10BA0000009AEBB29A4201D805B0F0BD019A331FFB
:10BA1000002A10D0104A039204229D4213DA80219A
:10BA20006B1C494219410422200039400DF0EAFB09
:10BA300001350534E4E7094A02A90392084A029253
:10BA400004229D4200DB03A920000DF00AFDEFE770
:10BA5000E4210020AF1900207F41417F3E22223E99
:10BA60003E3E3E3E10B50400012903D00A4B89003A
:10BA7000C85810BD830705D16421F7F7CBF81D2006
:10BA80000029F6D1C82120004900F7F7C3F8484241
:10BA900048411C30EDE7C046A4B4010870B504006D
:10BAA0000D00012906D8012A04D1002110320DF021
:10BAB000A9FB70BD112220000A490DF0D2FC022D15
:10BAC000F7D9023D0D34042D00DD042503235D4329
:10BAD000651B200002220449033C0DF0C2FCAC426D
:10BAE000F7D1E6E74C9F0108FCA0010870B50D00F6
:10BAF00007490400F6F7A4FF20000E000449F6F7FA
:10BB000019FF330002000349280009F0B9FB70BD9A
:10BB1000A0860100FFA0010870B5154B1B78002B13
:10BB20000FD000232D25134CE25C29000A2A01D0F6
:10BB30003032D1B2C1540133042BF5D1002303714B
:10BB400070BD002904D00C49013209F099FBF7E7D8
:10BB500080230A49DB009A4203D0094B9A4203D161
:10BB600008490DF076FCEBE707490132EDE7C046E6
:10BB7000171E0020D003002008A1010879A10108A8
:10BB8000FFFF000010A101080BA10108FF22104BCC
:10BB900010B518600F4B01241A700F4B1A70002358
:10BBA0000E4A13700E4A13700E4A137015220E4B74
:10BBB0001C700E4B1A70F8F79BFC0D4B1B78002B7A
:10BBC00002D1022009F0F8FA0A4B1C7010BDC046E1
:10BBD000E0040020DA040020D9040020DC04002066
:10BBE000D8040020D01D0020D11D0020E404002036
:10BBF000F61D0020291E0020054B01201B78002B7C
:10BC000004D1044B18780238434258417047C0466B
:10BC1000F61D0020FB1D0020F7B5041E00D189E0B1
:10BC2000431E012B04D8494BDB7F002B00D181E060
:10BC30000220474E3378023B8343DBB2002B79D09E
:10BC4000062C77D8434F3B78002B02D0424909F0AD
:10BC5000CAFFA0238022DB0552009A623378052BAD
:10BC600005D13E4B1B78002B01D0F8F7F7FA3C4882
:10BC7000F8F70AFF7120F7F795FEE31E0190022BFB
:10BC800004D8812170200902F8F7C6F8F8F752FBB2
:10BC90000320F8F7D9FA9C2170200902F8F7BCF8C4
:10BCA00000213020F8F7B8F82E493020F8F7B4F822
:10BCB000FA20C000F8F7E8FEA0238022DB0552003E
:10BCC0009A612948F8F7E0FE062300255C43274ADD
:10BCD00013199988A9422ED8A0248025E4056D0067
:10BCE0002348A562F8F7D0FEF8F740FB2048F8F7A4
:10BCF000CBFE71200199F8F78FF83F78002F02D022
:10BD00001C48F8F7C1FE1C4B1B78002B00D0A56126
:10BD1000002F03D00220194909F065FF3378052B65
:10BD200005D10E4B1B78002B01D0F8F713FB5022E6
:10BD3000134B1A80F7BDA05A5988F8F79BFF0135BD
:10BD40000748F8F7A1FEEDB2C1E7C046451E002046
:10BD5000221E0020161E002001420000B11D0020FE
:10BD6000204E00000203000060EA0000DAC2010871
:10BD70008813000010270000401D00200102000071
:10BD8000AE1D0020F7B504001727E02380221B0119
:10BD900023401201934215D10025104B0093E30577
:10BDA000DB0D0193009A6B00D35A019A934206D19E
:10BDB000EEB231000220FFF795FDA0420BD0013515
:10BDC000682DEFD1012323409B056408013F1C43EC
:10BDD000002FDAD1FF263000FEBDC0460AC201089E
:10BDE00070B502003224FF200023074E5900755A17
:10BDF000511B00D5A91AA14201DA0C00D8B20133B7
:10BE0000322BF3D170BDC046A6C101080623054AF6
:10BE1000D9005158814201D858B27047013BF7D23E
:10BE20000020FAE730AA0108164B70B505000C0097
:10BE3000994215D11449F6F703FE0800AF21890095
:10BE4000F6F778FD44430338434258410E4924181D
:10BE50002800F6F76FFD0C4D45436519280070BDAD
:10BE60000129FBD0FA239B00994200D34C08601CA7
:10BE700080B2401021004019F6F75CFD44432500D4
:10BE8000ECE7C04641030000C4090000484B010034
:10BE9000C218484B00B59A4200D985E0464B474A44
:10BEA000C318934200D87FE0454B18780A2800D980
:10BEB0007AE0F6F721FD061963232D2F38434779E1
:10BEC0006D00404B994200D86EE03F4B00209942F4
:10BED00005D93E4B994203D83D4B1878013800BD37
:10BEE0003C4888428041FAE73B4B3C4ACB18002053
:10BEF0009342F4D93A4B3B48C918F2E73A4A364BD9
:10BF00000020CB189342EAD9384B3948C918E8E7E2
:10BF1000324AF4E72B4B994246D9364B00209942DE
:10BF2000DDD9354BE7E7274B99423DD9314B00200E
:10BF30009942D4D9304B3148C918D2E7304B3148F7
:10BF4000C918CEE7304B314ACB1800209342C6D9EE
:10BF50002F4BCB189342C2D92E4B9942BFD02E4BB8
:10BF60009942BCD02D4B9942B9D02D4B9942B6D0B5
:10BF70002C4BC818431E98414042B0E7164B174A55
:10BF8000CB1800209342AAD9184B2748C918A8E714
:10BF90000022264B1868884202D85868884205D883
:10BFA00001320833072AF5D10120E5E7002096E7A2
:10BFB000C088E4FF402DA40740B23EFC3F6F400123
:10BFC000381E00209F0BD100BF0E1602FF596202DF
:10BFD000E203002000879303004624FF7F1A060037
:10BFE00080217FFDBFC62D003F0D030040DF6FFDA8
:10BFF0003F420F00BF80090100A69DFDBFFB390035
:10C00000CF7257FD3E49000068343EFD5C4400009D
:10C01000489336FDB0A8E70020C0E70090D7E700BE
:10C02000E8DAEB00601914FF7F841E0030AA0108D3
:10C0300002220020034B1B78023BDBB29A424041B4
:10C04000C0B27047221E00200023144A1370144A05
:10C050001370144A1370144A1370144A1370144A5C
:10C060001380144A1370144A1370144A1370144A3C
:10C070001370144A1370144A12681100343109788D
:10C08000994201D113691B79104A13700022104B99
:10C090001A70104B01321A707047C046B10600206A
:10C0A000B8060020BA060020BE060020B506002013
:10C0B000AE060020B9060020B6060020B406002017
:10C0C000B3060020B2060020381D0020BB06002069
:10C0D000AB1D0020291E00209122F8B51A4B5200FA
:10C0E0009A5C1C235343194A06009B180122191D10
:10C0F0000D88B54222D216484F88121892009B181C
:10C10000FA22588819889200C01B5043491BF6F741
:10C110009BFC040028000F496043F6F795FCFA21C8
:10C12000C719300089006043F6F704FC381801D5C0
:10C13000002002E0642800DD6420F8BD01320431F3
:10C14000072AD5D1F4E7C046441E00201AC10108D1
:10C15000FFFFFF3F18FCFFFF70B50400F6F7BAFBC6
:10C16000002301000A2518008B4200D370BDE25C59
:10C17000303AD2B2092AF9D8684301331018DBB239
:10C18000F2E70000064B10B5984208D88023DB0187
:10C19000C01840000023022280B2F8F721FF10BD32
:10C1A00006040000F8B5184B05000024984228D872
:10C1B000FFF7C0FB2700154EA0421BDA144AF90016
:10C1C000715A914205D001370A2FF8D1FFF7C0FB11
:10C1D00007008023FF00DB01BC1C3419E818022291
:10C1E00021004000F8F730FA0A4AF5531268F619B0
:10C1F000726006E0074AC4001268331902345A60BC
:10C2000034192000F8BDC04606040000702100204B
:10C21000FFFF0000C01D0020224B73B504000D007D
:10C2200098421DD800291BD08023DB01C0180222B0
:10C23000400001A9F8F708FA0222290001A80DF030
:10C2400057F900280DD12000FFF774FB002807DB09
:10C25000154B2A88C0001B185A80144A12685A606D
:10C2600073BD29002000FFF78DFF2000FFF762FB60
:10C270000D4E002807DBC0002B88301843800B4B85
:10C280001B684360ECE70020094BC200B25A9A4297
:10C2900004D001300A28F8D1FFF75AFBC00034520D
:10C2A000EAE7C0460604000070210020C01D0020FF
:10C2B000FFFF000070B50500192811D0802600246A
:10C2C000F6002000FFF76EFF4378AB4202D10378FF
:10C2D0007F2B05D90134A4B2B442F2D1002070BD45
:10C2E0000120FCE7F7B506001924134B134D019309
:10C2F0002F782878012E19D11921F6F7A1FB0131E9
:10C30000C8B22870FFF7D6FF00280ED12878B842AF
:10C3100003D0013CE4B2002CEBD1FFF7CBFF0028A7
:10C3200003D11922019B29331A70F7BD1921173047
:10C33000F6F770FCE3E7C046441E00206D1E0020A7
:10C3400070B506000C001500FFF72CFF8023DB0002
:10C350009E4229D20378002C02D05AB2002A23DB55
:10C36000DB435B0720D0002C1CD0182D04D9437868
:10C37000002B03D0200070BD002D15D04378192B61
:10C38000F8D0AB4210D1094A094B1278002AF1D0FB
:10C390009A8D0024B242EDD0DC8DA41B631E9C411B
:10C3A000E4B2E7E70124E5E70024E3E76E1E00209E
:10C3B000441E0020F7B58025ED000E0004002F007C
:10C3C000009201930B4B9C4212D0BC429B411C40FB
:10C3D0002000019A0099FFF7B3FF002806D1013D24
:10C3E000A419ADB2A4B2002DECD1024C2000FEBDC8
:10C3F000014CEDE7FFFF0000FF0300000279531E30
:10C40000022B03D900230371002105E06723012AD1
:10C4100000D1363B9942F7D841717047F0B50369B6
:10C4200004008BB01868FFF7F1FC022800DD71E012
:10C43000674B684AD57D002D00D06EE0A31CDD77E8
:10C4400081235B426384FE23FF22DB01A384E31D7F
:10C45000DA7763691868FFF7D9FC23000190293364
:10C460001B785D1EEDB2002B01D15B4B1D780123C3
:10C47000052D03D0AB1F5A4253415B00019A574927
:10C480005018032253430001C01804A9F8F7DCF840
:10C49000534B0293019B022B01D1524B02936B1F12
:10C4A0005A1E934103260333039304AF38780300E5
:10C4B0001833DBB2052D06D8039B5843029B595D08
:10C4C000F6F7C2FAC3B2013EF6B23B700137002E56
:10C4D000ECD104AB019A18785D789F78424BD2007A
:10C4E000D1589B185E6863691B6899420EDA9E42B8
:10C4F00000DC6BE08A1952089A4262DB2E1A581A45
:10C500007043511AF6F7A0FA2818C0B22A342070E6
:10C510000BB0F0BD80235B028BE7ED1823002F00EA
:10C520002133049303330593023B069303330793AC
:10C53000023B08930333099304AE603728000122BD
:10C5400002CE1035F8F780F8AF42F7D1E31CDB7F5D
:10C55000201D0193A71CC57FF87F611D4210CE7F6F
:10C56000E11D9446C97F019AA31DDB7F520049005B
:10C570004008864203D1012E01D9023EB6B2934251
:10C5800003D17D2B01D802339BB28D4203D1FD2D07
:10C5900001D80235ADB26046F877601DC677FF2935
:10C5A00000DDFF21E01DC177211DCD777F2A00DD51
:10C5B0007F22E11CCA777F2B00DD7F23A21DD3776A
:10C5C00047E77F1B981A7843B11A9BE738009DE72D
:10C5D00060000100441E00205C0000200D100000DF
:10C5E0000EC1010814C1010830AA010870B5150078
:10C5F000040044220E00043000210CF003FE280049
:10C60000FFF704FC0D4B0422A3832300083320868C
:10C61000E683DA7702226361094BFF3222852560C7
:10C62000A56024619E4204D12300013AFF3A3433CD
:10C630001A702000FFF7F2FE70BDC046E204000051
:10C6400001040000421CD27F0368012A03D18269E1
:10C650009B1883607047022AFBD182699B1AF8E716
:10C6600010B5114B5A7B012A01D900225A73991D2A
:10C670005A7BC97F1000002906D0591DC97F0029A7
:10C6800002D150425041C0B248214A434143074C75
:10C6900084329A1822608431054A18735B1813603B
:10C6A000FFF768F910BDC046441E0020181E002088
:10C6B000381D002070B54A4D2B682D331C78012C95
:10C6C00003D1484B1C780134E4B2A0238022002619
:10C6D000DB0552009A62444B310030001E70F7F7C0
:10C6E0002DFD022C00D9340020000BF087F92B68B7
:10C6F0005B691868F7F79CFD3C4B00201B681A002B
:10C7000034321278824206D135331B78012B01D0A6
:10C71000022B00D91800F7F7C3FD0020F7F794FDAE
:10C720007E20F7F73FF9382328219843014389B247
:10C730007E20F7F771FBF7F705FE00213620F7F7AB
:10C740006BFB37202A49F7F767FB52202949F7F797
:10C7500063FB00213020F7F75FFB27493020F7F714
:10C760005BFB2648F8F790F92B685B691868F7F7C8
:10C77000D5FE01210800F7F7E1FC2148F8F784F91C
:10C780002A682049130052692A3310681B78222234
:10C79000884200D81A3A80211B02134319433620DD
:10C7A000F7F73AFB1548F8F76FF92B685A691079D3
:10C7B00001280DD0831E012B05D85179FFF792F87F
:10C7C000F7F7D2FC70BD00215120F7F725FBF9E700
:10C7D00052790D4B5200D05AF7F7E2FCF2E7C0460F
:10C7E000341D002008070020401D0020381D0020B7
:10C7F0001F9D00008F020000FEC1000010270000F6
:10C8000088130000FF3EAB01A6C1010810B51D4B07
:10C81000400008431A78C0B20C00824230D0187031
:10C820007E20F7F7BFF8C3439BB2DB0BA34209D1CD
:10C83000C0210005000DDB031843890101437E2060
:10C84000F7F7EAFAC62110208900F7F7E5FA112078
:10C850000D49F7F7E1FA12200C49F7F7DDFA13203A
:10C860000B49F7F7D9FA842114208900F7F7D4FA95
:10C8700049200849F7F7D0FA7B200749F7F7CCFAA7
:10C8800010BDC0465A0000203A030000DB03000040
:10C89000DF030000B22A0000DC73000070B5040062
:10C8A0000520022C00D00438F7F7CEFC3120F7F732
:10C8B00079F8012C55D1204381B23120F7F7ACFA39
:10C8C00042204049F7F7A8FA2A203F49F7F7A4FA8F
:10C8D0003E4B1E78022E00D900263D4DF600715BBE
:10C8E0002B20AD19F7F798FA2F206988F7F794FAFB
:10C8F0005420A988F7F790FA5520E988F7F78CFAC1
:10C90000344B1B682D331878002800D003200BF01F
:10C9100075F84820F7F746F80F23184381B24820EE
:10C92000F7F77AFAA11E4B1E99412B4B4942194049
:10C930003D20F7F771FA7320F7F734F821004B1E0A
:10C9400099411023013C984363425C410901014332
:10C9500089B27320F7F760FA0021E0B2FFF756FFC3
:10C9600070BD0123984381B23120F7F755FA422078
:10C970001A49F7F751FAE8212A20C901F7F74CFACA
:10C9800000212B20F7F748FA2F201549F7F744FA32
:10C99000022C08D113495420F7F73EFA12495520CA
:10C9A000F7F73AFAB5E7114B1E78042E00D90026A6
:10C9B0000F4DB600715B5420AD19F7F72DFA698859
:10C9C000EDE7C0465C6F0000347400000A070020E9
:10C9D000E2C00108381D0020AB2A00005A6B00009D
:10C9E0009098000009900000A9310000090700207C
:10C9F000FAC001080D4B002807D1187058700122A9
:10CA00000B4B18700B4B1A707047062804D1032289
:10CA100018705A700520F2E70749084AC97F0029B3
:10CA200002D1127B9854F5E7527BFBE76C21002082
:10CA3000D71D0020241E00204A1E0020441E002076
:10CA40000121814A10B51368013313607F4B1970BF
:10CA500010687F4B4343CB417E48834236D87E4BA0
:10CA60007E4819700388002B06D0013B9BB20380DF
:10CA7000002B01D17A4B19707A490B88142B08D9F5
:10CA80000B88013B9BB20B80142B02D10121764B0A
:10CA9000197076490B88002B03D00B88013B9BB2A1
:10CAA0000B8073490B88002B08D00B88013B9BB28D
:10CAB0000B80002B02D101216E4B19706E490B784F
:10CAC000002B03D00B78013BDBB20B7013689B0784
:10CAD00002D10122694B1A70694A1378002B03D0E6
:10CAE0001378013BDBB21370664A1378002B03D036
:10CAF0001378013BDBB21370634B1B78002B4BD1D7
:10CB000062490A88002A08D00A88013A92B20A804B
:10CB1000002A02D15E4A0121117000205D4A1056A0
:10CB2000002847D15C4A1278002A15D15B4AD27F8F
:10CB3000002A11D05A1E012A0ED9042B0CD05849B4
:10CB40000A88002A08D00A88013A92B20A80002A8C
:10CB500002D1544A01211170534A54491278002AD3
:10CB60005DD000285BD0524A1288002A57D1514824
:10CB70000278002A53D1504A1278D4B2002A4ED1FA
:10CB8000042B4CD05A1E012A49D90A88013292B28C
:10CB9000182A1ED80A801FE0052BBED147490A88F3
:10CBA000002ABAD00A88013A92B20A80002AB4D187
:10CBB000434AB0E75A1E012ACED93D490A88002AC5
:10CBC000CAD00A88013A92B20A80002AC4D1394AEE
:10CBD000C0E701220C8002703A490A88002A08D076
:10CBE0000A88013A92B20A80002A02D10121364A0B
:10CBF0001170364A1278002A15D0022B11D8002B5A
:10CC000011D1334A1388002B0DD01388013B9BB2FE
:10CC10001380002B07D101222E4B1A7003E0002253
:10CC2000B8E7042BEDD12C4A1388002B03D01388CE
:10CC3000013B9BB21380294A1378002B03D0137851
:10CC4000013BDBB2137010BDC8050020271E002079
:10CC5000295C8FC251B81E05261E00206A210020C3
:10CC6000E121002080030020C61D00201E1E0020A0
:10CC7000201E0020BC1D0020C51D0020B006002085
:10CC8000B3060020B4060020221E00205000002021
:10CC9000B41D0020DC1D0020F61D0020491E0020D0
:10CCA000BC06002052000020030000206821002064
:10CCB0002A07002053000020BE060020F01D00209F
:10CCC000B21D0020AE060020B5060020DB1D0020AE
:10CCD000A41D0020B51D0020A81D0020931F0020CA
:10CCE000F0B510259BB006AC2A00002120000CF006
:10CCF00089FA2A0000210AA80CF084FA2A00384890
:10CD00000AA9F7F7A1FC374E0AA83100F5F7D8FDBC
:10CD100012AF002800D188E02A0031000EA80CF0E4
:10CD2000A9FB00232A002E480EA9F8F759F908227A
:10CD3000002104A80CF066FAA020082204A9000231
:10CD4000F7F782FC6B463F221B7DA02093436A4687
:10CD500004A91375000200230822F8F741F90822FC
:10CD6000002102A80CF04EFA08221F4802A9F7F78A
:10CD70006BFC6B466A465B7B1B48AB43537302A953
:10CD800000230822F8F72CF9202239001748F7F77A
:10CD90005BFC0022BB5C002B06D0203B5E2B17D82F
:10CDA0000132102AF6D100230022B918097C00298B
:10CDB00021D020395E291BD91022002116A80CF0A1
:10CDC00021FA0023202239000848F8F709F914E075
:10CDD0001022002138000CF015FA0123E4E7C046C8
:10CDE00060A1000015A1010858A10000C8A0000022
:10CDF0000132102AD9D1002BE3D107226946D3484A
:10CE0000F7F722FC00256B465B5701330DD1013546
:10CE1000072DF8D12A00CE4968460CF022FB0023EA
:10CE20002A006946C948F8F7DBF8A020082221004B
:10CE30000002F7F709FC0F2322781340042B00D9D6
:10CE40000023C4490B7013092F2A00D90023C24ABA
:10CE500013706378092B00D90123C04DEB75A378BB
:10CE60005A1FD2B2AE2A00D90B232B762379012187
:10CE70001A000A406A765A080A402A779A06120F60
:10CE8000042A00D900226A7701229B091340EB761D
:10CE90006379013B59424B41AB77A379092B00D908
:10CEA0001300EB77E379082B00D904232A004732DB
:10CEB000137021000822AA48F7F7C6FB0F23227837
:10CEC00013400A2B00DD0A232221DBB21209FF31B5
:10CED0006B549A429B411A4090235B00EA5463785A
:10CEE000032B00D90023AA1CD377A378022B00D9E7
:10CEF0000023AA1DD377E378052B00D90423EA1D6C
:10CF0000D3772379022B00D901236A1DD377637964
:10CF10003D2B00D90C232A0001210832D377A379B5
:10CF2000EA1C1800CB400840D0778E4A0B401370A3
:10CF30002B1DD97707222900E37938311A400A706E
:10CF40002A00DB0839321370390010228648F7F7BF
:10CF50007BFB82223B88D200934200D9834B802204
:10CF60007E4ED20033807B889342924113403381BE
:10CF7000BB887F4A9A18062A00D97C4B8222B3804C
:10CF8000FB88D200934200D9784B802273803B8982
:10CF9000D20093429241134073817B89744A9A185C
:10CFA000062A00D9714B04220EA97248F380F7F7C4
:10CFB0004BFB3B226B4603219B18B27D1B788A43B7
:10CFC00069465B079B0F1A43B2756B4A5B009A5A1E
:10CFD000098F914204D369481B5A8B4200D30A003F
:10CFE0002A826B463A229B181B780132AB746B463F
:10CFF0009B181B786249DB07DB0F25326148EB7415
:10D00000F7F722FB08F040FE082221005E48F7F700
:10D010001BFB0122237801351A40EA775A082F2B8F
:10D0200000D9002220234D4DFF33EA546378172B9B
:10D0300000D903232A0043321370A378172B00D999
:10D0400000232A0044321370E378172B00D90423FD
:10D050002A00453213702379172B00D900232A00A8
:10D06000463213706379682B00D90E232A002832C8
:10D070001370A379282B00D900232A003E321370A5
:10D08000E379052B00D903232A00403221003F48D1
:10D0900013700822F7F7D8FA01223D4806AC115D5B
:10D0A0000B004033DBB2802B00D881540132082AB8
:10D0B000F5D121003748F7F7C7FA6378022B00D97A
:10D0C00000232A0041321370A3780A2B00D90023D1
:10D0D0002A0042321370E378012B00D900236B73CE
:10D0E0002379042B00D9002391225200AB541B3A20
:10D0F000FF3A21002848F7F7A7FA23785A1E9341F0
:10D100002A007A3213706279642A00D94EE10A2328
:10D1100053432A00703213806423A2799A4201D8C3
:10D120005A3B53432A00723213806423E2799A42B5
:10D1300001D85A3B53432A0074321380210008223D
:10D140001648F7F781FA6423227829E0B9A0000095
:10D150001E000020090700200A070020441E0020AE
:10D1600008A000000807002010A00000050400002F
:10D1700000FCFFFF20A0000054AE01085CAE0108D7
:10D18000421D002028A00000A8A00000B8A00000B8
:10D190001D000020C0A00000E8A00000F0A00000DA
:10D1A0009A4201D85A3B53432A00763213806423B3
:10D1B00062789A4201D85A3B534332007832138046
:10D1C0007E497F4A7F480AF061FA7F4A7F4980485A
:10D1D0000AF05CFA082221007E48F7F735FA7F232F
:10D1E00022781340591E182900D901233100293112
:10D1F0000B703300D2092A331A7019236B441A7842
:10D200005B7821001B021343B3851B236B441A7800
:10D210005B7871481B021343F3851D236B441A7816
:10D220005B784A361B02134308223380F7F70CFA67
:10D2300023780A2B00D90023684A13706279684B5F
:10D24000511E8A411A70E379664A9907C90F117015
:10D250001A07920F032A00D1013A63490A70634A00
:10D26000D906C90F1170624A9B0913702B1DDB7F11
:10D27000002B01D1AB682B6060225E495E48F7F756
:10D28000E3F90023012019005C4A40420133108079
:10D29000516008320A2BF9D180235B020E930223DE
:10D2A00000250EAEB3806B00F05A554B984201D862
:10D2B000FEF778FF0135032DF5D100257F260727DE
:10D2C0002800FEF76FFF011E08D002884D4B9A42DE
:10D2D00000D06EE007802800FEF79EFF01354A4B24
:10D2E000ADB29D42ECD10025102248494848F7F7DD
:10D2F000ABF9484B0822210047481D70F7F7A4F905
:10D30000E3791A096F2B00D92A0044490A701A00E0
:10D31000FF3A511E8A4142491A400A700021FF2BF0
:10D3200002D05808013181433E4801700021FF2B93
:10D3300001D01B07990F3C4B1970A1790B093F29AC
:10D3400000D90023394803700C200023014201D189
:10D350000F330B40364901260B70637935481909A4
:10D360000D0035400570A078334DF04030402870F6
:10D3700032488D08354005703148C90801700F21C9
:10D380000B40591E0E2900D90A2301202D490B708C
:10D3900023792D49184008705908F12B00D93C21F8
:10D3A0002A4B19702A4B1A701BB0F0BD96235B00F4
:10D3B000AFE60378334003708DE7C046901E00202F
:10D3C0001CA1010810A1000022A10108A21E00203A
:10D3D00020A1000030A1000050A10000381E002054
:10D3E000E2030020FA050020DD1D0020FC050020DE
:10D3F000AC060020082100200E88000070210020CB
:10D4000006040000FFFF000007040000F8200020D1
:10D4100038A10000F420002058A100005C0000208A
:10D42000E521002003000020C1060020C41D0020CB
:10D43000D61D00203807002099060020E421002096
:10D44000E32100202C000020231E00205600002095
:10D45000BB1D002037B5404D082229003F48F7F793
:10D46000F3F83F4C082229003E480BF0FAFF200059
:10D470000822290028300BF0F4FF200008222900A0
:10D4800030300BF0EEFF210008223748F7F7DCF8C8
:10D4900020002100082208300BF0E3FF20002100CB
:10D4A000082210300BF0DDFF304C0C2221003048F8
:10D4B000F7F7CAF82F4B22889A4203D92E4B2380C4
:10D4C000643363802D4B022263812D4C2D4BE07F12
:10D4D0002D49C0184000F7F7B7F82C4BE07F022227
:10D4E000C0182B494000F7F7AFF8220047321178F7
:10D4F0002200284B48325B5C27481370694608229B
:10D50000F7F7A2F86B460021595EFA23FA229B0036
:10D51000CB189BB2D200934200D9002123007C3368
:10D5200019806B469B793F2B00D93A2322007E322B
:10D5300013706A46D2790F2A00D9082220007F345E
:10D540002370B123DB01C9188030027089B23B20FF
:10D55000F6F762FC37BDC046D4200020C0000100B1
:10D56000BC200020DC200020C8000100E21D0020BB
:10D5700040010100871300006C070000FC08000058
:10D58000441E0020A88000005C1F0020B480000022
:10D590005E1F0020CAC001088801010070B5002488
:10D5A0000E0005000470220021003000FEF7C8FEC6
:10D5B000A04217D08023DB00F0180A2229000001C6
:10D5C000F7F742F82200AB5C203B5F2B02D8013218
:10D5D0000A2AF8D10023AB54013A511C02D0A95CAD
:10D5E0002029F8D070BD00004823F0B543438BB02C
:10D5F0008A4C039384331B190093894B07001B78D3
:10D600000591002B0CD14300E1188888854A90428F
:10D6100001D185488880E15A914201D1824AE25283
:10D6200082237D00665BDB009E4231D8103B9E4228
:10D630000CD23000FBB200220121FEF7BBFE7B4B77
:10D64000060098421FD163199E8866533000FEF78A
:10D65000A9FD8022038875490290D2008B4219D11E
:10D66000964204D26D4B7F00D9198E88FE52704BC2
:10D67000704AF3189BB2DB0031009A580098FEF70D
:10D68000B5FF0BB0F0BD3B1D5B006053E052DDE722
:10D69000654EDBE7029B1B785B075B0F0193072B53
:10D6A00001D1023B0193964200D3B2E0029B59782C
:10D6B00048227A43594B01989B181A00A2331E80C6
:10D6C0008023B4321080023A1170DB009E4200D3F6
:10D6D000B8E0059B022B00D0C4E03301049308227C
:10D6E000049808AC21008018F6F7AEFFE0780F240C
:10D6F0000440022C00D9002448210A007A43474BF9
:10D700009A18A432147002092F2800D900227943F4
:10D710005B18B8331A7008AB9A79172A00D904221B
:10D7200048237B433D490024CB180591190018007C
:10D73000AB310A7040495200525AA03002801A00A0
:10D740000F21B03208AD1470AA781838114001705A
:10D7500012099033297800981A70FEF74FFE03984B
:10D76000059B8C30C0186978FEF748FE2A790123A2
:10D77000FF2A00D1F3E014005508D10650099209A0
:10D780001A401C401D40490F1840059248227A4318
:10D790009446AF22214B634494469C4462461470E5
:10D7A0001C00B1342570043C21701900059AAC337B
:10D7B000B7311A70087008AB5B790022FF2B04D0D8
:10D7C0001B075A0F042A00D9002248237B43134C1D
:10D7D00006A9E318B6331A7004980822F6F734FF46
:10D7E00006994B1C03D1019A124BD200D158482202
:10D7F00013007B43E3180833D967104B079999420C
:10D8000001D90F4B07937A43079BA4189C342360DC
:10D8100028E0F3B2192101934AE7C046441E0020D4
:10D82000E20300200404000005040000FFFF0000E4
:10D8300000FCFFFF30AA010818AC0108FFE0F50565
:10D8400040420F00330080335B013A019B18049380
:10D85000059B022B00D142E7434BF3189BB2062BEA
:10D8600000D83CE748257D43404C631901930833B9
:10D87000DD6F2800FEF7CAFA3D4AC3B2DB009858B4
:10D88000A8420DD8D2185068A84209D38023280096
:10D89000DB009E4204D3019DA0352988FEF7C4FA1F
:10D8A00048257D4365192B000833D8678023DB00AA
:10D8B0009E4207D32B009C35A03319882868FEF7B9
:10D8C000B3FA28600098FEF7BDFE8023DB009E427D
:10D8D00005D203983100BA302018FFF75FFE4823C5
:10D8E000190079436118AF31039A08788C32009996
:10D8F000A218002801D01100009A7B43E3181800F9
:10D9000098331A601B4B94301B780160002B07D1B1
:10D91000194A0B689B18194A934201D8184B0B609F
:10D9200048237B43E3181900029AB9311278D206D2
:10D93000920F0A70134A1278002A02D0009A983384
:10D940001A60114B1B78002B05D048237B43E41849
:10D950000723AD3423700098FEF760FD91E62500A3
:10D9600019002000059311E700FCFFFF441E002072
:10D9700030AA0108E203002040F1E9FD3F4B4C00D2
:10D98000A0B49402020700200407002007B56B46EC
:10D990000522FF21D81C0BF035FC69460E4A0F48C2
:10D9A000937C8B70138A0B80937DD27C9B075B0FDB
:10D9B00007211343FF220B408A4313436A466946FB
:10D9C000D37000230822F7F70BFB002360220449E1
:10D9D0000448F7F705FB07BD441E002020A0000007
:10D9E000421D002028A000000122034B1A70034BA7
:10D9F00092181A807047C046E22100206A21002058
:10DA00001FB5124B1A78002A1ED000241C70104B30
:10DA10001A78A24218D0102269460E481C70F6F7F8
:10DA200013FE69460C4B0B481A880A801A894A80F3
:10DA30009A888A805A88CA805A890A81DB8810228B
:10DA40004B812300F7F7CCFA1FBDC046E12100202F
:10DA5000E221002010A00000441E00200F22F0B59B
:10DA600000263C21B84B97B01B7802AC1340B74A54
:10DA7000B74D1278AF1D120113432370EB7DA02028
:10DA800063702B7EE670A3702B7FEA7E5B009201B1
:10DA900013436A7E000213436A7F92000A401343D5
:10DAA0002371AB7F22216371EB7FFF31A3712B00C8
:10DAB00047331B78EA1DE37190235B00EB5C695CE4
:10DAC0001B015B182372AB1CDB7F21006372FB7FA1
:10DAD000A372D37F2A1DE3726B1DDB7F23732B00A0
:10DAE0000833DB7F63739B4BD27F1B7892005B0014
:10DAF0001343EA1CD27F1343A3732B00072238334E
:10DB00001B781340944A1278D2001343E373102217
:10DB10003300F7F765FA502221009048F6F794FD9C
:10DB20002023FF33EB5C6A1CD27F5B00134323701E
:10DB30002B002A0046331B784332127823712B00C6
:10DB40006270FA8F283362801B780A2163712B0080
:10DB50003E331B78FF27A3712B0040331B78E37102
:10DB60002423FF33EB5C637492235B00EB5CA374B0
:10DB70002B003F331B7823762B0041331B786376D1
:10DB80002B0042331B78A3766B7BE37691235B00FB
:10DB9000EB5C23772B007A331A7812AB1A702B00C8
:10DBA00070331888F4F7C6FE4D236B4418702B00B1
:10DBB000723318880A21F4F7BDFE4E236B441870A7
:10DBC0002B00743318880A21F4F7B4FE4F236B44FA
:10DBD00018702B00763318880A21F4F7ABFE14ABCB
:10DBE00018702B00783318880A21F4F7A3FE51230C
:10DBF0006B4418705022330021005848F7F7F0F9B1
:10DC00007F22554BE7711B78210013402A002A32EE
:10DC100012785348D20113432370AB8D08226370EE
:10DC20001B0AA370EB8DE3701B0A23712B004A3390
:10DC30001B8863711B0AA3713300F7F7D1F9092020
:10DC40000722390068440BF0DDFA464BA6711B78B9
:10DC50002370454B1B786371444B1B78B34201D151
:10DC6000FD23E3710C21424BE2791B788A439B0030
:10DC70000B4013433F4AE3711278002A02D110325D
:10DC80009343E3713F22E379210013403A4A3B4832
:10DC9000127892011343E37108220023F7F7A0F9E9
:10DCA000082221003648F6F7CFFC0F21354B364AC3
:10DCB0001B7812785B0013432371344A344B12787B
:10DCC0001B78D2009B001343324A12781343324A26
:10DCD0005BB212781B01A270304A12780A401343DB
:10DCE00063712F4A2F4B12781B7812010B4013439C
:10DCF000A3712D4B1A782D4B1B78002B01D10233C9
:10DD00001A430C212A4B1E481B787E359B000B4082
:10DD10002849097809010B431A4321000023E271C5
:10DD20000822F7F75DF9694608222348F6F78CFCCC
:10DD30006A462B78694693711F4800230822F7F73B
:10DD40004FF917B0F0BDC046090700200A070020B0
:10DD5000441E0020080700206D1E0020A8A000001F
:10DD600030A10000381E0020E2030020FA05002048
:10DD7000DD1D0020FC050020AC06002050A10000A5
:10DD800058A1000056000020231E0020E32100209F
:10DD9000E421002038070020990600202C000020F4
:10DDA000C41D0020D61D0020E52100200300002016
:10DDB000C10600205C0000208801010030B50D0084
:10DDC00085B010220021040068460BF01BFA2800E1
:10DDD000F4F780FD02000A2800D90A2229006846CB
:10DDE0000BF03FFB80232001DB0180B2C018102222
:10DDF00000236946F7F7F4F805B030BD7FB505009C
:10DE00001E00344B0800EB189BB21400062B5DD8A3
:10DE1000421E904190220001120280185B01C0183E
:10DE20006A46236869460093A36980B201936379C7
:10DE30001372637B5372237B22791B0113436A465F
:10DE40009372230034331B78621CD27F1B0113436F
:10DE50006A46D37223002200283333321B781278AB
:10DE60009B015201134322002B32127813432200EC
:10DE7000293212789200134322002D321278520078
:10DE800013436A46137323000E2232331B785B0060
:10DE900013406A46537323000833DB7F93730023D8
:10DEA000D3731022F7F79CF8012321001A002800F1
:10DEB00009F0A4FC8023DB009D4206D2022E04D987
:10DEC000210028003631FFF779FF7FBD2801012EA0
:10DED000FBD9A5E700FCFFFF73B51E4D694628007E
:10DEE0000822F6F7B1FB1C4C072226001B4B2936F3
:10DEF0001B78280013403278194DD20013436A462C
:10DF00006946D37100230822F7F76AF828006946AA
:10DF10000822F6F799FB7F2233782800134022006D
:10DF20002A3212786946D20113436A461370A38DD0
:10DF300053701B0A9370E38D4A34D3701B0A13711C
:10DF4000238853711B0A937100230822F7F748F8BE
:10DF500073BDC04608A00000441E00207C1E0020A7
:10DF600030A1000030B5042587B0084C0A0001003C
:10DF700001A8FDF793FD112300216F20A56201AADE
:10DF8000F6F736FCA56107B030BDC046000400506E
:10DF9000F7B5160004000D001F00F4F79BFC731C7E
:10DFA0000093231801350193019B9C4200D1F7BDDA
:10DFB00021782139CBB25D2B05D87143320028007E
:10DFC00079180BF04EFA009B0134ED18ECE70000D5
:10DFD000F0B585B01C000AAB1B780F0015000600D9
:10DFE0000293F4F777FCBD4207D9029BED1B434334
:10DFF0000135ED1A6D08EF19FFB2E2010134144B3F
:10E00000E401D219E419D218E418331801920393E9
:10E01000039B9E4201D105B0F0BD3578213DEBB2A6
:10E020005D2B0DD80E235D430A4F0722E919019895
:10E0300007350BF016FA07222000E9190BF011FA48
:10E04000029A019B944663440193A4180136DFE7CA
:10E05000AF190020A6BB0108F8B51D0006000F008F
:10E060001400F4F737FC0300A74207D207205843F7
:10E07000E11B0131091A49087F18FFB2044AE9017E
:10E08000C91930008918034B0622FFF781FFF8BD3C
:10E09000AF19002072B90108F7B51F4E1D00337883
:10E0A00004001E4F00910192012B21D11C490BF05D
:10E0B000D0F92A002000009909F01EFB3A78194B8C
:10E0C0005200D65A0A213000F4F7BAFC30008FB261
:10E0D0000A21F4F72FFC3B00134982B2200007F01D
:10E0E000CFF82B00002220000199FFF7B5FFF7BD04
:10E0F0000E490BF0AEF92A000099200009F0FCFA55
:10E100003A780B4B31785200D25A4E23032900D172
:10E11000053B0849E2E7C046CB0400200800002088
:10E1200028A10108A6C1010897A101082EA1010894
:10E130000AC2010832A10108F8B51D0006000F004F
:10E140001400F4F7C7FB0300A74207D20720584387
:10E15000E11B0131091A49087F18FFB2044AE9019D
:10E16000C91930008918034B0622FFF711FFF8BDCB
:10E17000AF1900203EB70108F0B50027234CD201AB
:10E1800085B05218141902930190F4F7A3FB2500EF
:10E190003B00C2B280350392039ABA4201DC05B05B
:10E1A000F0BD019AD65D2D2E2CD0002B01D1202E52
:10E1B00022D03300303B0A2B13D81421303E4E437B
:10E1C000134B0A22F6183100A01C0BF04AF931005B
:10E1D0000A22A81C0A310BF044F901230D340D3535
:10E1E00008E02E2EF9D1602303342B706B70AB70D6
:10E1F00003355F3B0137CFE7029A002AEED0063C99
:10E20000063DEBE73A26002BD7D1D2E7AF19002025
:10E2100062B6010830B5072501241540D208D201A5
:10E220008018425CAC401500A543002B01D022436E
:10E23000D5B2455430BD0000F0B50C0087B0059351
:10E240000CAB1B78019202930090009B1B78002B73
:10E2500001D107B0F0BD03220026203BDBB25343BF
:10E26000134A9B180493019B0633DBB20393049B70
:10E27000019D9F5D01231F420AD0059BA1190D48F6
:10E28000C9B2002B00D10C482A00029BFFF7C2FF45
:10E290000135039BEDB27F089D42EBD10136032E81
:10E2A000E5D1009B04340133E4B20093CDE7C046CE
:10E2B00042B5010839070020AF19002010B5084AFF
:10E2C0000300527E002A09D0064A1278002A05D09F
:10E2D000054C00220C212000FFF72EFF10BDC04688
:10E2E000441E0020251E00203AA10108E02210B59E
:10E2F0000021024892000AF085FF10BDAF190020EE
:10E3000070B586B0FFF7F2FF424B434C1B78434891
:10E31000022B11D0012B66D1414902A80BF099F8CC
:10E32000404B0D201A88404B684419784B1E994188
:10E33000C9B2FDF7F1FB02A80823002200930221D5
:10E34000073BFFF745FE394B1B78002B05D123789F
:10E350003748002B13D0032B11D0364B36491E689B
:10E360003000F4F76DFB30000D003349F4F7E2FAAA
:10E370002B000200314902A806F082FF02A8082300
:10E38000002200930221053BFFF722FE23782C4850
:10E39000012B1DD92B4B2C481B78002B18D02B4B55
:10E3A0002B4A1B7812785B00012A2CD1294A0A21BA
:10E3B000D55A2800F4F744FB28008CB20A21F4F760
:10E3C000B9FA230082B2244902A806F059FF02A834
:10E3D0000823002202210093033BFFF7F9FDF6F723
:10E3E0005BFA06B070BD2378012B08D81B4A1C4885
:10E3F0001278D207A0D41B4A9B0098589CE71A4871
:10E40000022B99D1F7E7194A1949D25A02A806F006
:10E4100037FFDCE7D21D0020D11D00204AA10108F2
:10E420007EA10108C4210020C2210020CF1D0020B0
:10E430005CA10108E0040020A086010084A101087D
:10E440006BA10108D804002074A10108DA0400209F
:10E45000D9040020A6C1010891A10108D01D002007
:10E460006EA201089CB1010850A101080AC201086E
:10E470009FA1010810B58022002102480AF0C2FEC7
:10E4800010BDC0463907002070B5094E050034782C
:10E49000072C0CD8002C04D108220A2105480AF0C8
:10E4A000B1FE132D03D0631C3370024B1D5570BD9C
:10E4B000171E0020D003002030B500232D25064C68
:10E4C0000648E25C29000A2A01D03032D1B2C15498
:10E4D0000133082BF5D130BDD0030020B32000203C
:10E4E0000122024B1A70024B1A707047AE200020B6
:10E4F000291E0020F0B5704BABB01B780590002BA7
:10E5000000D0A6E06D4C0327A38C002B00D102376E
:10E5100000216B4B5956002924DB6A4B1B78012BD9
:10E5200020D0694BCA01D2180123684805786B4096
:10E53000037000D18FE07F2000238446644E65463F
:10E54000D05CA843F55C2843D0540133072BF6D1A7
:10E550000426604D013107230020AE62C9B2F6F7F0
:10E5600047F9AE61637E002B03D05B4B1B78002B19
:10E570006FD1544B1B78052B6BD1584B1B78012B5B
:10E5800067D0574B1D78002D63D14F4BFA01D3183C
:10E590000393059B002B09D0802203990AA80AF057
:10E5A00060FF8022290003980AF02CFEF5F760FF37
:10E5B0004C4A4D4B12684008128E9C56A03C2418C1
:10E5C00024B223005D3353DA0026230002968D33F4
:10E5D00005DB200006219330F4F736FAC6B27B1E25
:10E5E000DBB20493221C353401DD404B1A88404BCA
:10E5F00012B21C78002C49D03E4906A806F040FE15
:10E6000000228821049B06A8FFF726FD029B002B11
:10E610004FD13200384906A806F032FE0022A6216A
:10E62000049B06A8FFF718FD029B3E209A19D2B260
:10E630000D23F9B2FDF7D2F9059B002B09D08022FA
:10E6400003990AA80AF054FF002802D03800F6F710
:10E6500028F92BB0F0BD7F208446284E6546D05C5B
:10E66000A843F55C2843D0540133072BF6D16FE75C
:10E6700025005D35282D00DD2825EDB20A21280072
:10E68000F4F758F9C3B209260293A8E71C4B1D49B9
:10E6900006A806F0F5FD0122084B9B8C009228325B
:10E6A000002B01D023001922022106A8FFF7C4FD88
:10E6B000ACE72A001449AEE7C0060020441E002043
:10E6C000A9200020121E0020AF190020A820002041
:10E6D0003BB5010800040050251E0020221E00202A
:10E6E000FB1D0020381D00201E0000200CA001088A
:10E6F000E3210020AAA10108B6A1010834B5010850
:10E700007EA90108AEA10108BAA101080022F0B556
:10E71000584BA5B01B780E93574B1A70574B1B786C
:10E720005BB2934201D1FDF73FF9FFF7DFFD544B98
:10E730001B78002B17D0534B1B78002B13D1FFF7FE
:10E74000D5FD0823762209214F480093063BFFF7A9
:10E750003FFC0623762209214C48FFF77DFCF6F7A3
:10E760009BF825B0F0BD4A4C0320A38C002B00D1B0
:10E770000230FFF7A3FD474B1B78002B76D0237B9D
:10E780000593454B08940A93444B0B9300230027B1
:10E7900003933F4B9A8CBA4204D00E99B94201D1EF
:10E7A00003998F005B7BF9010C93FB0111933C4BA8
:10E7B000CB180993002A00D07EE0059B03998B4279
:10E7C00001D101F06DFA089B023308930A9B48338C
:10E7D0000A930B9B01330B93039B002B48D02C4CCB
:10E7E000A38C002B0DD12F4B1B68002B09D02E4B77
:10E7F0001B78FF2B05D006232E22022115A8FFF738
:10E800004BFC1D4D2B78002B28D1FDF711FC274A1E
:10E81000030012780490002A01D100F0A5FE09231C
:10E820002B70A38C0324002B00D10234204B1A78C8
:10E83000013AD2B2052A01D900F08CFE1D4B92009C
:10E84000D558174BE00180220021C0180AF0DAFCED
:10E850007F2202212800E3B2FFF76EFC054B1B78F4
:10E86000002B01D101F096F901F092F9637B87E763
:10E8700001238CE7D31D0020121E0020DC1D002088
:10E88000CE1D0020CA1D0020F1A10108FDA1010834
:10E89000441E0020B81D0020D81E00206C2100203E
:10E8A000AF1900202407002008000020EF1D0020E1
:10E8B00091060020D4B401080E9B002B01D101F079
:10E8C000E9F9059B039A934200D07CE70C9B039ADD
:10E8D000C249934201D101F04FFA072209980AF088
:10E8E000C0FD0A9B1B681B680493BD4B1B780793F4
:10E8F000012B00D039E1059B039A934200D0BCE183
:10E900002122079B002F00D11A0000930A21002327
:10E91000B448FFF791FCB44B039A1B7B934200D0A1
:10E92000BAE0B24B1B785BB2002B00D1B4E0FDF72C
:10E930007FFB041E00D0AFE0AD4B1B780693012B8C
:10E9400000D8A9E0AB4B18211878069B1830C01AE4
:10E95000F4F776F81823069A0D919B1A1293129BDE
:10E960000020A3423DD80D9A069B94461600183B02
:10E970001B19DBB20F93069B9F4D634410939F4B73
:10E98000139318213000F4F75BF8139B4900CB5A1E
:10E99000002B04D02A1C9D4200D91A1C95B2109B52
:10E9A0000136B342EDD10D9B0F989C46182160446F
:10E9B000F4F746F8914E49008B5B181E11D08E4A31
:10E9C000002095420DD0AA1C93420ADD581B052356
:10E9D000584330211830F3F7ADFF052800D9052042
:10E9E000C0B21BABE0540134182CB8D10020099BF5
:10E9F0000A34DE1D12ABE418431C0D93002800D12D
:10EA00003FE100239C46431C6278182B00D039E17B
:10EA1000A578691C4900891861448B080693130086
:10EA200061462B4319430B1E01D101F029F9069BC6
:10EA3000002B01D101F02BF96B461B7E00280CD076
:10EA40000021012800D021785200023552195218B5
:10EA500092082020D2B2002B13D00620C31ADBB2BA
:10EA60001900002A09D0811AC9B28B4205D81A1C94
:10EA70008B4200D20A1C1900D3B20020994200D860
:10EA800003E17F22337801349343034333700D9BBA
:10EA90000136182B00D0F2E00024544B1C57002CF8
:10EAA00004D0514B039A1B7B934217D00498FDF777
:10EAB000EDF9002812D00A9B1B7E012B0ED1FDF729
:10EAC000B7FA002804D04E4B049A1B68934205D035
:10EAD000099807224B4918300AF0C3FC089B1A8892
:10EAE0008023DB009A4200D3ECE0474B1B78002BDD
:10EAF00007D03D4B03995B7B8B4202D1002C00D1A8
:10EB0000CAE04249013215A806F0BAFB01217A1C7D
:10EB1000D2B215A808F0F0FD0B9B1B780693002BD2
:10EB200000D1E5E0062B00D95FE1069A232194008D
:10EB30000822009200223648FBB22058FFF748FA1C
:10EB400053E10023336001F0F8F8039B03215A429C
:10EB5000130008220B4000920139002215A8FFF78C
:10EB600037FA01222B4B1A702DE6FDF761FA1E4B86
:10EB7000002863D01A7B0399274B8A4275D10B9AE0
:10EB80001278002A71D101211970244B1A70244B7C
:10EB9000049A1F701A4B1A60224B1B6834331B787F
:10EBA0008B4215D1204B214A12789200D15815A8DA
:10EBB0000AF04FFC01232122002F00D11A000093FC
:10EBC0000A21002315A8FFF737FB02230793A2E6CB
:10EBD0001749022BEBD0174B174AE5E768A201084B
:10EBE000221E0020DCA10108441E0020DC1D0020A4
:10EBF0004004002041040020FFFF000042040020E8
:10EC0000A42000206FA20108171E00200BA10108FC
:10EC1000F8B40108121E0020D51D0020D41D0020CC
:10EC2000A9200020381D002028B501080A0700206F
:10EC300013A2010814B5010809070020BB4A049972
:10EC400012688A4210D19B8C002B0DD00021B84B4A
:10EC5000212259560123002900D11A0000930821CE
:10EC60000023B448FFF7E8FAB34B1B785BB2012BE3
:10EC7000ABD10222B04B1A70A7E70023A6E70D988C
:10EC8000BAE60200E3789C46C2E601228A400131DE
:10EC90001043C0B2C9B2F1E607231A00A748A84C36
:10ECA000815C0A2902D03031E154013B013AF7D2AC
:10ECB0002D21A34A002B02DAA24AA34923E7D1540B
:10ECC000013BF7E7A14BD318062B00D924E70A9B99
:10ECD000013219689E4B0868D2B29E49984200D909
:10ECE0009D4915A806F0CCFA7A1C0221D2B210E791
:10ECF000089B1888994B1B78002B36D0934BC31870
:10ED0000062B32D8964B039A5B7B93422DD1FFF7AB
:10ED1000D3FB8F4D049A0300954292415242033235
:10ED2000801815AC00908F49200006F0A9FA049BCA
:10ED3000FFB2AB4210D813207B1C12AD069A4019CB
:10ED40007121DBB2FFF788F9069B3A0020212000F1
:10ED5000E371FFF711FA36E5082320210093200024
:10ED60003B00069AFFF734F92DE57F4B1B78012B0A
:10ED700007D1059B039A934203D10A9B5B681B68EA
:10ED800004938023DB00984200D362E1744B1B7F25
:10ED9000002B21D1FDF706FA03787F2B6FD8457839
:10EDA000192D72D86ED0002D6FD0704B6C1EA40040
:10EDB000E418200008F0E0FD002859D06C492A0032
:10EDC00015A806F05DFA752115A87F23FAB2009305
:10EDD0000231002308F0A2FD664BDB7F012B79D0C6
:10EDE00056D9023B012B00D882E0079B012B00D1B2
:10EDF00062E1002415AB1C705F4B1E78A64200D068
:10EE000087E1574B039A1B7B934201D1002E01D11E
:10EE10000A9E103E594B1B78002B00D0BCE13300FA
:10EE200034331C78002C00D09BE1079B012B00D0D1
:10EE300082E1736919791BAB9C466046504B34CB19
:10EE400034C01B680360484B1B78032900D97EE15E
:10EE5000624688008558012900D079E172691279EB
:10EE6000012B00D06AE1012A00D073E1454D71E128
:10EE70004549220015A806F003FA7121A4E775217F
:10EE80004248A2E7712142489FE7712141489CE72F
:10EE900015AC21000498FCF729FE2D4B049AFDB215
:10EEA0009A4210D813206B1C12AE00227121DBB2E3
:10EEB0008019FFF7D1F800232A0020212000E371F8
:10EEC000FFF75AF991E708230022009320212B0035
:10EED000200033E6089B30491A8815A8013206F055
:10EEE000CFF90822242100920022FBB215A825E6C2
:10EEF000089B15AC19882000FEF750FB2378002BE7
:10EF000006D1089B20001A882349013206F0B8F97F
:10EF1000184A134BD27FFCB2022A3FD1002212AB17
:10EF20009A750823212100932300DFE7A420002005
:10EF3000A920002017A20108D51D0020D003002021
:10EF4000B3200020B72000201AA2010800FCFFFF18
:10EF5000FFE0F505C5A10108C0A10108171E0020AA
:10EF6000441E00201FA20108221E002008210020AC
:10EF7000BBA10108461E002003000020D31D002075
:10EF8000649F0108D0A1010824A20108C9A10108B9
:10EF9000B9A50108CCA1010808A101089A8C002A92
:10EFA00027D112AB9A7508232121009315A82300BD
:10EFB000FFF70EF8D24B9D8C002D33D115AE3100EA
:10EFC0000498FCF793FDE31CDBB20D93049ACD4B40
:10EFD0009A4220D813200434E3B212AC2A007121E3
:10EFE0000019FFF739F82B00202130000D9AF57138
:10EFF00066E7059B039A934206D123000022242151
:10F0000015A8FFF799F8D5E723000022242115A8B9
:10F01000FFF722F8CEE708232A00009320213000D2
:10F020000D9B8BE50498B849F3F70AFD04980D0091
:10F03000B549F3F77FFC013402002B00B34915A852
:10F0400006F01EF900222421E3B215A8FFF704F808
:10F05000CBE615AC21000498FCF748FDA94B049AB7
:10F06000FDB29A421FD813206B1C12AE00227121F0
:10F07000DBB28019FEF7F0FF00232A0020212000D8
:10F08000E371FFF779F8089B1888FDF78BF81823D0
:10F0900002781A4200D1A8E6099806229C497830E5
:10F0A0000AF0DFF9A1E608230022009320212B00BB
:10F0B0002000FEF78DFFE6E7964B1B6829331C788E
:10F0C000002C23D10024944B1C57002C00DA90E62E
:10F0D000062C00D90624119B904D00265D193E2375
:10F0E00004938F4B1B78002B06D00623FF229B1B1B
:10F0F0009A407F231A400492280002220499013684
:10F100000AF080F80335B442EBD272E6013C64B2F7
:10F11000DBE7844B1B781E1E00D172E6824B1B7806
:10F120005BB21E1E00D16CE6FCF782FF26000028B1
:10F1300000D066E67D4E64E633697BE6012A0ED197
:10F1400033697B4D1B79012B09D17A4D07E07A4D4C
:10F15000012B04D1059B039A774C934205D0774C41
:10F1600003E0764BA400E418734D079B012B15D1E7
:10F1700072691379012B13D0991E012900D9F9E086
:10F180006F49022B00D06F4952796F4B5200D25A0F
:10F1900015A806F075F818E06C4CE5E73269E8E769
:10F1A00052796B4B5200D35A0A2118000493F3F79B
:10F1B00047FC04988BB20A210793F3F7BBFB654920
:10F1C00082B2079B15A806F05BF800230493544B0A
:10F1D0001B78002B00D1E8E07B1CDBB20022B421BD
:10F1E00028000793FEF738FF079B002282212000AA
:10F1F000FEF732FF424B9B8C002B26D1564B1B78DF
:10F20000002B22D1049B002B05D10221049A063346
:10F2100015A8FEF721FFB58B64212800F3F78AFBC0
:10F220004E4B84B29D4200D9B9E064212800F3F727
:10F2300007FC22008BB215A8494906F021F80623E5
:10F2400000222E2115A8FEF707FF069B002B01D0F8
:10F25000052B2BD1330029331A78072314001C40C7
:10F260001A4200D0CDE001252B4B1C782C4B3D4998
:10F270001B78002B00D1C8E0152228311BA80AF00A
:10F28000F0F8032262431BA97B1C8818DBB2002222
:10F29000AA21FEF7E1FE2620002D07D0099B0322BC
:10F2A000181801303049FF300AF0DBF83268B368D3
:10F2B0009A4200D1D5E0731CD87FAC239B031B93EB
:10F2C0002A4B1C932A4B1B685A1CD27F002A03D05E
:10F2D0005A699A4200D1ADE00321F3F7B1FBC9B2FC
:10F2E0000F4B1A78002A00D1ACE049001BAA501835
:10F2F0000022BC217B1CDBB2FEF7AEFEB1E0C046B3
:10F30000441E0020FFE0F505A086010029A20108A7
:10F310005D9F0108381D00205C000020B11A00200C
:10F32000E321002038040020DC1D0020E40300203D
:10F33000D0A10108EDA101086EA20108ECB40108FA
:10F34000A4A10108E1A201080AC20108D4A1010890
:10F35000A6C1010833A20108DA1D00200F27000012
:10F3600039A201084C9F010877A201082D00440032
:10F37000181E0020B38B642118000493F3F760FB80
:10F3800004988BB264210793F3F7D4FA079B82B2F7
:10F39000CA4915A805F074FF0A235B4216E722004C
:10F3A000C74915A805F06CFF49E7002D0DD02B7853
:10F3B000002B0AD03122002F00D1203A0123342122
:10F3C000009328000023FEF737FF2378002B0AD094
:10F3D0003122002F00D1203A012303210093200085
:10F3E0000023FEF729FF049B31224433D9B2002FBA
:10F3F00000D1203A012315A800930023FEF71CFF3B
:10F4000023E7013C0025E4B230E723223D311BA86D
:10F410000AF027F8052363431BAAD0183122002FD6
:10F4200000D1203A0123182100930023FEF704FFA6
:10F43000132031E733002B331B78002B00D04BE730
:10F4400003214DE703294FD13122002F00D1203A6B
:10F4500001232A2012AC00932B2100230019FEF770
:10F46000EBFE984B1C7833002B331B78002B08D015
:10F470009548002C3FD07B1C0022C121DBB2FEF757
:10F48000EBFD2D3635780023012D01D18F4B1B78F4
:10F49000ED181BA88E4BAD00002C37D00200603356
:10F4A00052CB52C27B1C0022D0214059DBB2FEF766
:10F4B000D3FD0C9B039A934201D0FFF784F9854B4F
:10F4C0001B78002B32D0844915A809F0C2FF7D4B70
:10F4D0001B78002B31D001370022E221FBB215A8A6
:10F4E000FEF7BAFDFFF76FF949007B1C1BA8401817
:10F4F000DBB2A92100E73122002F00D1203A0123FD
:10F50000302100930023FEF797FEBAE702006C3328
:10F5100052CB52C231224059002F00D1203A012350
:10F520005B2100930023FEF787FEC2E76B4B6C491B
:10F53000DA7D15A805F0A4FEC9E73122002F00D11D
:10F54000203A01236E21009315A80023FEF774FED4
:10F55000FFF739F9634B644D1B78002B01D0FFF79F
:10F5600070F9624DFFF76DF9049A002A00D0DBE2D2
:10F570005F4A127852B2002A00D1D5E25D4A127871
:10F58000002A00D0D0E202232B705B4B1B8809932A
:10F590008023099ADB009A4207D3584B1B68002B43
:10F5A00075D1FCF701FAFFF759F929342678731E53
:10F5B000182B00D91926524B524A19780023994228
:10F5C00002D01078013343404F480478002C00D11A
:10F5D000B6E04E4C2478002C00D1B1E04C4C24789D
:10F5E000B44200D0ACE0002B00D0A9E0494B1B781E
:10F5F000002B00D0A4E01170474B1F88002F01D1D1
:10F60000FFF72CF90021454A344B1578444A12681B
:10F61000D08B8D420BD080229C8DD200160094425C
:10F6200000D2ECE0DC8D944200D2ECE00D00002230
:10F6300013003C4C0394039EDC08345D07261E40F7
:10F6400034410126344203D0921992B2984206D036
:10F65000802401339BB2E400A342ECD10022324B60
:10F66000002903D10392002A00D0D6E01A88131C87
:10F67000002A00D101239BB20393002D00D029E181
:10F6800000212B000D000493284B069356E1284AD5
:10F690001D4D1068224A2E7812681C4C918B002E4A
:10F6A00000D0BDE001262E7000252570214C23607E
:10F6B000214B1860214B1960C5E0C04639A20108F2
:10F6C00042A20108E32100204BA601080807002000
:10F6D0004C9F01082C07002046A20108441E002070
:10F6E0004BA2010892060020DFA10108D7A1010862
:10F6F000DC1D0020251E00202807002024070020F4
:10F7000093060020AF200020B2200020A12000207E
:10F71000A0200020AE200020B02000206E1E00207F
:10F72000381D002014200020AC200020F9A2010880
:10F73000740400209C2000209820002094200020A9
:10F74000002501272C00574B11701F70564B80224B
:10F750000021077055481E7009F054FD80220021D9
:10F76000534809F04FFD534B1D802000FCF71AFD54
:10F770000390002837D0072203781340934232D0F9
:10F780004378192E20D1002B2DD007233800234099
:10F79000984003004549E208885C03438B54039B6F
:10F7A0006A1C1B7892B27F2B08D90723E8081D40FA
:10F7B0003B00AB403E490D5C2B430B543D491500CB
:10F7C0000B8801330B800EE0192BDED09E420AD14C
:10F7D000394A3A4B1278002AD7D09A8DA24202D0E9
:10F7E000DB8DA342D1D180230134A4B2DB009C4243
:10F7F000BBD10022324B1A70324B1A80FCE6012139
:10F80000A04200D113E7DB8D0021B34200D30EE705
:10F81000C31A5A425341590009E7039A1A802CE748
:10F820002678002E00D03DE7274E3668B34200D040
:10F8300038E7264E3668B04200D033E7244E3668AB
:10F84000B14200D02EE7204B1C68002C01D1FFF7FD
:10F8500005F81E4B1B680393A34201D2FEF7FEFF7F
:10F860001B4B1D68002D00D10135039B2900181B7F
:10F870001668F3F75FF8471C013000D1012720001C
:10F88000B44203D80398B04200D930002900001BCD
:10F89000F3F750F8431C0393BB4200D903970125AB
:10F8A000EEE6C046A1200020A02000201420002069
:10F8B000941F0020B02000206E1E0020441E002057
:10F8C000AE200020AC2000209C20002098200020AA
:10F8D000942000200126C24B8E401B7803241A007E
:10F8E0005809DB065B0F33432240DBB2002804D00B
:10F8F0000138C0B21900002811D1210001200132C5
:10F90000D2B2022A00D900221C00D440044200D006
:10F91000D3E00139C9B20029F1D10A0006208900DB
:10F920004001B04B01431143C9B20693002A05D0F0
:10F93000AD4B0693AD4B012A00D1A6E6A84B3A0089
:10F9400019700020AA4905F09BFC0399C3B20091ED
:10F95000A84A1821C4B201971BA805F07BFEA64B4C
:10F960009B8C002B00D1AAE0032319260A930123C4
:10F97000E40000933200002302211BA8FEF75CFC88
:10F98000E3B200240793A54223D00B33DBB20893E4
:10F99000079B089D1233DBB20B93B31D0C9334000D
:10F9A0000023220029009548FEF734FC01340C9B0B
:10F9B000E4B2A342F4D101350B9BEDB2AB42EED1E0
:10F9C000012332000093089900230698FEF734FCC7
:10F9D0000B2400238A4AD3560B93079B1C197D23C3
:10F9E000E4B225000B34E4B21B1BDBB209355E1E0A
:10F9F0003000EDB20693012F0BD00398B84200D926
:10FA00003800002800D1013001387043791EF2F728
:10FA100091FF0396864200D903900C2012260A9B80
:10FA2000764AD901531858555D196E701D007D3501
:10FA30002E7000257E331870724B09191B880797AA
:10FA400008938B180A93069AEBB29A4201D8FEF7F4
:10FA500005FF079B0699D81BF2F76CFF0699441C1B
:10FA60000798F2F767FF00231A0003998D425A4165
:10FA70000B99D2B2013103D0039AAA425B41DAB2A8
:10FA80002300844200D2030080210998C9008842E3
:10FA90002BD2002C00D1013408998B4200D90B00E5
:10FAA0009C4205D8013C5848A4B29BB2A3420AD15B
:10FAB0002D23002A12D10C3B10E000212EE7052354
:10FAC00029260A9353E70726E108415C2640314185
:10FAD00001260134A4B23142E8D021230A9A5355B9
:10FAE000079B0135DB190793ADE704990029DFD0A7
:10FAF000201E00D101208342DAD3802149028C42AA
:10FB0000D6D28B4200D3414B4149424C09788C46B6
:10FB100000216145CCD02688B04201D8B342DCD266
:10FB20000131C9B20234F4E73B4A1278002A07D007
:10FB30003A4A1278012A03D104232B70FEF78EFE75
:10FB4000374A1078002B07D000280DD105232B70E1
:10FB5000FEF7D0FCFEF782FE304B1B78002B03D063
:10FB6000052B01D0FEF77AFE2E4B1B78002B01D11E
:10FB7000FEF774FE2C4E3378002B01D1FEF76EFE9B
:10FB80002A4B1B78002B01D0FEF768FE002857D0C7
:10FB900006F0F4FC184B9B8C002B01D0FEF7DFFD28
:10FBA000234B1B78002B01D0FEF7D9FD1C4B1B7893
:10FBB000002B01D0FEF7D3FD059B1E4A002B00D081
:10FBC0001D4A1E4915A805F05BFB7F230622009302
:10FBD0006B21002315A807F0A1FEFEF7C0FDC0466B
:10FBE000AA200020F9A20108EAA10108E7A1010862
:10FBF000C4A3010851A20108441E0020AF1900202F
:10FC0000DC1D0020B0200020941F0020FFFF00001A
:10FC1000C204002078040020FC050020221E0020E1
:10FC2000D31D0020FA050020FE1D0020251E002007
:10FC3000DA1D0020B4A9010808A8010861A2010882
:10FC40003000F2F747FE4E4B1B78002B01D0FEF739
:10FC500088FD07332B700C2800D20C200C3832188A
:10FC6000484915A805F00CFBA28C0523002A01D0F9
:10FC700003230022022115A8FEF7EEF9FEF7EEFDA0
:10FC8000002801D0FEF7DCFE2030FEF7FAFE01234B
:10FC9000FEF7D4FE059B03998B4201D1FEF716FEB9
:10FCA000394E3368002B48D0384B0493059B049998
:10FCB0005B005B5A36495B18062B01D9FEF741FF02
:10FCC00053425A410324082352421440FDB22C19D6
:10FCD000E4B2002207212F4800932300FEF778F9B1
:10FCE000306815A9FBF702FF23000022382115A870
:10FCF000FEF7B2F9284B15A918680134FBF7F6FE98
:10FD0000E3B20022382115A8FEF7A6F9049B9B8CCC
:10FD1000002B12D0214B1B78FF2B01D1FEF753FD96
:10FD20000235EBB23022062115A8FEF7B5F9049B87
:10FD30009B8C002B01D0FEF746FD194B1B78002B46
:10FD400014D0184A184915A805F09AFA0F4B9A8C46
:10FD5000002A01D0FEF7F9FE08230221009315A81E
:10FD6000033BFEF735F90122104B1A700C9B039AE6
:10FD7000934201D0FEF7B5FD0D49FEF7AEFDC0463A
:10FD8000FB1D002059A2010824070020441E00206A
:10FD900000FCFFFF08A201087404002008000020F6
:10FDA000DA1D0020130700200FA20108121E0020F8
:10FDB0007BA20108044BFF201A784D2A03D8034B7D
:10FDC000D2009B18D8797047391E002064AE010814
:10FDD00030B587B0FFF7EEFF4C2800D988E0F2F786
:10FDE0009FFD4D0052006100670067008D009C0080
:10FDF000A500AB00F400B000B500C101BA004B0192
:10FE0000BA00FB00C100C500CD00E200D700DC0055
:10FE1000E500F100F800FE000101060109010C01F6
:10FE20000F01120117011B011E012101250187008D
:10FE30008700350129012C013D01400143017D006E
:10FE40003A0146017D0058015B018201850188016C
:10FE50008B018E019101940197019A019D01BB01D3
:10FE6000A001B101B401B7016601A3015E016A01FD
:10FE70006A016A016A016A016201BE01BC4ABD4BA6
:10FE8000D27D1A6034E0BC4BBC491B680833DA7F72
:10FE90000023C85C904203D00133182BF9D1002312
:10FEA000B44A38E0B44BB34A1B6829331B7832E0BC
:10FEB000B14BB3491B680C781A795B79002C05D0DB
:10FEC00000230B70AF4B1A78AF4B1B7804384142BC
:10FED0004841511E4C426141884202D00022A54B4C
:10FEE000CFE7A449022A05D80133002AF6D00B60D7
:10FEF00007B030BD6933032AF9D0EFE79E4B9D4A26
:10FF00001B68197B022904D00329E7D15B7B693385
:10FF100001E05B7B01331360EAE7974B1A6800232B
:10FF2000117B0129BCD1537B0133B9E7924B914A34
:10FF30001B680133DB7FEEE78F4A8E4B12689269B4
:10FF40009FE78D4B8B4A1B682D33AFE78A4B894A5D
:10FF50001B683333AAE7864A8649537B04335B0028
:10FF60009B5AC4E7834B894AD27F8AE70023804AA1
:10FF7000917F994200D193E7D37FD5E7844B1A78DC
:10FF80007C4B002A02D0834A12787AE7824AEBE758
:10FF90009021784A764B490003E02221754A744B40
:10FFA000FF315B5CB7E7734B7C4AEDE77C4B7149F3
:10FFB000DB7F5A1E93417B4A5B00D27F501E8241F9
:10FFC0009B1894E76B4B784ACEE7694A694B127EDF
:10FFD00057E7684B754AD7E7664B754AC4E7654BE8
:10FFE000744AD1E7644B634A1B682E335EE7614B6A
:10FFF000714AB9E75F4B714AC6E75E4B704AC3E787
:020000040801F1
:100000005C4B704AC0E75C4B5A4A1B6835334DE77E
:100010006D4A584B128834E7564B6C4AB4E7554B3F
:100020006B4AB1E7524A534B928D2AE7504A514BE3
:10003000D28D26E74F4B674AA6E7674B0A211888FF
:10004000F2F778FC4B4C80B2206051E74A4B494AAA
:100050001B6832332AE7474B604A95E7454B604AB5
:1000600092E7444B5F4A8FE7424B5F4A8CE7424B33
:10007000404A1B68343319E73D4A537B04335B0025
:10008000985A012300221900FCF794F9394B1860A3
:100090002EE7384B554A77E7364B554A74E7554AB1
:1000A000344BD288EDE69121324A314B73E7304A26
:1000B000304BD27EE5E601AC22004F4B23CB23C26E
:1000C00003CB03C2FFF776FE4638800003594B4A44
:1000D000197800231079884200D1E1E60133083213
:1000E000152BF7D104E7234B454A4DE7214B454AF1
:1000F0004AE7204B444A47E71E4B444A44E71D4B1E
:10010000434A41E71B4B434A3EE71A4B424A3BE70F
:10011000184B424A38E7174B414A35E7154B414ADD
:1001200032E7144B404A2FE7134B1B6834331A78DD
:10013000104B012A01D13D4A26E7022A00D1CDE623
:100140003B4A21E70B4B3B4A1EE70A4B3A4A1BE767
:10015000074A084B527F94E6064B384A14E7054B92
:10016000374A11E7044B034A1B6828339EE6C04612
:10017000441E0020341E0020181E002012AA010870
:10018000D8040020D9040020DA0400204B1E0020EF
:1001900007070020060700204C1E0020AC060020A8
:1001A0004A1E0020491E0020451E00206C1E002013
:1001B000461E0020821E0020471E0020861E0020B2
:1001C0008B1E0020FC0500208E1E00206D1E0020CE
:1001D0006E1E0020BE1E0020B41E0020DD1D00206B
:1001E000FA050020841E0020851E0020381E0020F5
:1001F000E2030020E21D0020C49F01082CC3010877
:10020000560000205C000020BB1D0020C41D002003
:10021000D61D00202C000020380700209906002061
:10022000E4210020E3210020030000200A07002031
:100230000907002008070020C21E0020231E0020FE
:10024000C106002010B50024084B1B78A3420BD137
:10025000FFF7B0FD0F2807D1054B1B78A34203D051
:10026000044B1C68E443E40F200010BDF61D002081
:10027000E0210020DC210020F8B50500BE20414A25
:10028000800013885188404C5B189188D2885B1895
:100290009B189B1058433D4B2678D988F2F7D4FB26
:1002A0003B4A83B213803B4A934228D907232370E9
:1002B000394B1F78012F05D1FFF77CFD2E2801D186
:1002C000364B1F70FA21364B364F1B883A7849005F
:1002D0008B4238D8002A04D00122334B1A702F4B9E
:1002E0001A70002320783B70B04242D000222F4C7D
:1002F000022833D922700122284B1A7036E02C4A8A
:1003000093420DD891212B4A4900525C012A01D811
:100310000023CCE7962189008B4201D2022AF7D034
:10032000012380B22370FBF7D7FEC0B206234B280F
:10033000BDD805233228BAD804231928B7D80528F0
:10034000B6D90323B3E7002A06D1174B01321A703E
:10035000124B1A70F4F72AFC0123C3E7164B02284C
:1003600008D001221A702378002BC4D00022134B2E
:100370001A80F8BD1A70002DF5D0114B1978FDF7D1
:10038000F1FDF0E73C1E00202B1E0020E21D0020A6
:10039000301D00207A030000FB1D0020241E0020D9
:1003A000801F00202C1E0020291E0020CA1D0020B6
:1003B00075020000441E0020CE1D0020CC1D002030
:1003C000CB1D0020F0B5A9B0FFF7F4FC0390FDF7BA
:1003D0008DFF302237230021100007F015F902238A
:1003E0004021AA4AD1540233322BFBD1A84B1C78AE
:1003F000A84B1D78AC4231DAA74BA8481B78E60021
:100400003618002B00D088E0631E00D26B1E00223D
:10041000DB001100C0180123FDF71EFE0823002297
:10042000300000931100063BFDF7D2FD601C8542B1
:1004300000DC00200022994BC000C01811000423EA
:10044000FDF70AFE2B009649621C18A804F018FF5D
:1004500006230022190018A8FDF7FEFD50210023F5
:1004600004AA52181370303904AA52181370F4F702
:100470009DFB039B4C2B00D9A5E01800F2F750FA26
:1004800056006B0083009100EC009100EC0000012D
:1004900036014903CD01770668062402240274025E
:1004A000B7034303CF01D7012002F301F301470350
:1004B00077065F030902BD037706B9035A00770682
:1004C00020022402BD03770624022402D903E2039A
:1004D000ED037706EA037706F103F303F503EF0371
:1004E0000302EB05EE057706270643064C064F068A
:1004F0004F0652065F067A067D067D067706800661
:1005000009070C0729071D06E206FD05200620063F
:100510002006200620061A06220208230093002344
:1005200030001A001900FDF753FD8BE75D4B5E4963
:100530001A6845E005215B4A5C4B126818A89A5C72
:100540000824D307DB170B405208594904F098FEE2
:10055000002604230FE3534A56491268564BD2B281
:100560008A5C64215200D55A2800F2F769FA280003
:100570008CB26421F2F7DEF9504982B2230018A848
:1005800004F07EFE1FE0474B4D491A68002A0DD04B
:10059000551E4C4C4C48AD0092004C492B591258FA
:1005A000EDE7404B1B68002B03D1494918A800F028
:1005B00059FE484A682B4ADC013B5B00D25A464947
:1005C00018A804F05DFE502204AB9B181B78002B8A
:1005D00000D1B6E018A8F2F77DF900230600411E0D
:1005E0000125180018AAB34201D000F075FE032DB2
:1005F00001D800F07CFE072D00D907250123032731
:10060000049300246B08FF1AB44200D399E0002D34
:1006100000D196E0049A18AB1819FBB2002A01D158
:1006200000F06AFE7F223221FDF716FD18ABE25C76
:100630001F2A01D900F068FEB44201D300F069FE20
:100640001A5D1F2A01D900F064FE0134F4E7693B0A
:100650005B00D25A2149B3E7124B1B68002BA4D090
:100660001F4A013B5B009D5A0A212800F2F7E8F976
:1006700028008CB20A21F2F75DF91A4982B27DE7AF
:10068000194B084A1268920000F01EFD2D1C002034
:10069000391E0020301E0020E021002064AE010839
:1006A000B8A20108341E00205FA30108CAC00108D7
:1006B000C0A2010812AA010818AC0108C9A20108C9
:1006C000D4A2010860B401087CB40108D9A20108D1
:1006D000CCA101080AC20108A3A10108E0A20108F7
:1006E000A6C1010897A1010854B40108CB4B1B789F
:1006F000002B04D0CA4B1B78002B00D087E0C94BDD
:10070000C9491D68EB17E8185840F2F783FA28002A
:100710000C00C549F2F798F923000200C3490824E8
:1007200018A804F0ADFD012318A87F2232210094FF
:10073000FDF74EFC0323BE4800947F223221FDF7D3
:1007400047FC039B033B012B01D900F0E9FDB94BAA
:100750001B78002B07D008237F2200933221B64854
:10076000043BFDF735FC039B042B01D000F0E2FDB8
:100770000124AC4B1B68002B01D000F0DEFDAF491B
:10078000002C00D0AE490CA808F063FE0CAC237816
:10079000002B23D02000F2F79DF800281ED007235D
:1007A000584301304D2801D900F00BFE47331B1A86
:1007B0005B083233DBB23321322B0BD07F22121A8B
:1007C000111CD2B2332A00D23321CAB29A4200D9C4
:1007D000191CC9B20122200006F08EFF039B312BA9
:1007E00002D00D3B022B0ED8964B1B78002B0AD063
:1007F0009548012B00D1954808237F220093322190
:10080000033BFDF7E5FBF4F747F829B0F0BDFDF732
:1008100053FE8F490200C31C81E78E4B31E7814BA9
:100820008D491A68002A00D0CAE68C49C8E67D4B7B
:100830001C68002C00D1B8E63C2C12DC05203C21C1
:100840006043F2F7E7F920000D000C21F2F7FCF805
:100850002B000200824918A804F012FD3C24012656
:1008600077E68049A2E66F4C7F49226818A804F019
:1008700007FD6A4B1B78002B00D1A4E62068C0B2AC
:10088000F3F752F89FE6674B1968784B8900C9184F
:100890008CE6644B1C68002C00D186E60F203C21BE
:1008A0006043F2F7B7F90B000321E2176C480A40E6
:1008B00012190100921018A804F0E2FC2824CEE7D7
:1008C0006B4BDEE66B4BDCE68023564FDB00386873
:1008D000984204D1684808230093063B2DE7002284
:1008E00080B21100FBF72CFD08263A6818AC010015
:1008F000050092B22000FBF70FF900237F2232217E
:1009000020000096FDF764FB002D21D04D4B1B7895
:10091000002B1DD13868320080B2000114A9F3F712
:1009200093FE149F40493800F2F78AF838000D0012
:100930003D49F1F7FFFF2B0002005049200004F071
:100940009FFC05237F22322120000096FDF740FB0B
:10095000344B2000196889B2FCF720FE2378484800
:10096000002BB8D02000B6E700222E4C11002068E2
:10097000082580B2FBF7E4FC22680100060092B271
:1009800018A8FBF7C9F800237F223221009518A888
:10099000FDF71EFB002E00D1D3E620682A0080B2AE
:1009A000000114A9F3F750FE1C4B149F1A78354B25
:1009B000002A01D1013A1A601E68002E64DA21680B
:1009C00018A889B2FCF7EAFD502204AB9B181B78EB
:1009D0002B48002B00D018A808237F220093322137
:1009E000063BFDF7F5FA174B1B78002B00D0A8E665
:1009F00038000D49F2F724F838000C000A49F1F7E5
:100A000099FF230002001D4918A804F039FC0823AF
:100A10007F2200933221033B18A890E6E0210020BA
:100A2000171E0020341E0020A0860100E7A2010846
:100A3000FCA20108F61D00207BA80108A5A2010860
:100A4000A6A20108DA210020B2A20108ACA2010886
:100A5000F0A201084CB40108C4A30108CCA101080C
:100A600022A30108C5A801085FA30108ECB401088E
:100A70003CB401082CB4010879A1010889A101083E
:100A800068A10108DC21002008237F220093322185
:100A9000AE48063BFDF79CFA092EA4DC0024AC4DC1
:100AA000A64220D0A94B1B5D672B0CD06A2B0AD025
:100AB000E00080B202001D2337323130190012B23B
:100AC00000B206F0A1FD013408350A2CE8D1A14B93
:100AD000A1481B78002B00D0A048042300224D2100
:100AE000FDF7BAFA7FE7F00080B202001E2335322C
:100AF0003330190012B200B206F086FD20222B78A6
:100B000013432B70DFE7964B96491A688AE6964B9B
:100B1000B7E505263000924B3C211C680134604348
:100B2000F2F778F820000D000C21F1F78DFF2B0073
:100B300002008E4918A804F0A3FBB32409E5884BF2
:100B40008B491C68002C00D130E5502C3ADCFA208F
:100B5000FA2160438900F2F75DF80B000321E217E8
:100B600084480A4012190100921018A804F088FB6A
:100B7000502401260523804D794ADB01ED181068C9
:100B80002A000C23363229001370122237310A70E2
:100B900042310A702A00C0B27A32801BA11B137046
:100BA0008001F1F751FF212438232D263830C0B2BF
:100BB000DAB22100904200D33100E9540133792B9D
:100BC000F6D100E505252800503C60433C21F2F7B2
:100BD00021F820000E000C21F1F736FF330002004F
:100BE000664918A804F04CFB68245026C2E7644B01
:100BF00047E55B4B63491A6814E6594B62491D6827
:100C0000192D00D1D2E4002D03D1039B1B2B00D161
:100C1000CBE45E4B6C1EA400E418200006F0ACFE92
:100C2000002802D02A005A49CAE423002A00594960
:100C3000A5E4594B594A19780139C9B2FD2907D899
:100C400057499CE4574B584A19780139C9B2F5E71E
:100C50005649B5E4424B56496AE4564B11E5564BAA
:100C60000FE5564B0DE5564B0BE53D4B1C68E4B2CA
:100C7000052C00D9A7E42000F1F752FE060013006E
:100C80003B016601AD01AD014E4B4F4A4F4918A8DB
:100C900004F0F6FA06237F2231214D48FDF7DCF9F6
:100CA00091E400244B4F08AB06AE009332003800AD
:100CB000494907AB06940794089409940A940B9445
:100CC00008F0ECFB032823D0444C3B002200102109
:100CD00014A804F0BFFC22001021414B10A804F01E
:100CE000B9FC40490CA808F0B4FB03237F22312152
:100CF00014A8FDF7B1F904237F22312110A8FDF7D4
:100D0000ABF906237F2231213748FDF7A5F918E515
:100D10000BAB0093354932480AAB09AA08F0BEFB79
:100D20000328D1D132787178B078314EA300F358CE
:100D30001F78974205D15F788F4202D19B7883421A
:100D400058D001340C2CF1D1002455E0E7210020CB
:100D5000631B0020DB21002086A2010882A201087B
:100D6000341E00208AA201081CB4010822A3010835
:100D700000A3010805A30108AF1900201AA3010868
:100D80000CB401088FA20108B9A5010808210020B0
:100D9000AEA801082EA30108981E0020901E002076
:100DA0003AA30108AA1E0020A21E00203FA30108AA
:100DB00044A30108F8B30108ECB30108D4B3010857
:100DC000C8B3010815A101084CA3010852A30108EA
:100DD00026AE0108B9B3010858A3010855A30108BC
:100DE000B0B3010886A30108A8B3010862A30108F3
:100DF000A8B10108002CA7DBE1233C21099A1B01C3
:100E000053430A9A00264A439B180B9A9B18E122E7
:100E1000D2019D18DC4B9D424CDC002D4EDB079B24
:100E2000089FF618002307960493049B059321005E
:100E30003800FAF717FE864244DC059B002B00D0F1
:100E40000796049B002B00D008970023089F079E5D
:100E50000493002E40DD002B00D00796049B002B4E
:100E600000D008970899C94BA400E358C84A0191DB
:100E70000096102114A804F0EDFBE12128000901DF
:100E8000F1F7E2FD3C2106002800F1F7C3FE0191D5
:100E9000E12128000901F1F7BDFE08003C21F1F72E
:100EA000D3FDBC4C009033002200102110A804F0A8
:100EB000D1FB16E7B84A0136AD18ACE7B74B013E97
:100EC000ED18AAE701230134361A05930C2CAED194
:100ED0000024FF180493A8E7013C03D201230B244C
:100EE000013F049321003800FAF7BCFD01233618B6
:100EF000AFE7AB490CA808F0ACFAAA4B1E8830004B
:100F0000FBF7EAF8642105003000F1F799FD3000A5
:100F10008CB26421F1F70EFD230082B2A249009544
:100F200014A804F0ADF903237F22312114A8FDF7A2
:100F300093F891229D4B52009C5C9D48A400052390
:100F400031212058A33AE0E6EC219A489A4C490214
:100F50006043F1F7EFFC994A994B86B29B18994A86
:100F600099499B18994A0CA89B1A5C4308F071FA9E
:100F70000A213000F1F7DEFC0A2180B2F1F760FDB2
:100F800030008DB26421F1F7D5FCA40B2B0082B2A6
:100F90008F4914A804F074F9A4B203237F223121ED
:100FA00014A8FDF759F80A212000F1F7C3FC0A2123
:100FB00080B2F1F745FD20008DB26421F1F7BAFC53
:100FC0002B0082B2834914A804F05AF905237F222A
:100FD000312114A899E68049052C00D17F490CA83D
:100FE00008F037FA7E4E052C00D17E4E00210725F1
:100FF00001270A0038001432D3B22A409040C2B20E
:101000009446DB08784ADB019B182122C80842433A
:10101000B21804920A0000202A400592202913D019
:10102000049A059C125C22413A4003D064461A7827
:1010300022431A70013001332128EFD10131C9B2A6
:101040002129D6D1FFF77DFBC4B2E2087C3AD2B2A7
:10105000B25C2C40E7E7654BFFF713FB644B1B7852
:10106000002B07D1634B64491B78013B012B01D84E
:10107000FFF79CFA614BFFF704FB614B614A1D6867
:10108000484BD0881B8829005843F1F753FC86B29F
:1010900030006421F1F7D4FC30008CB26421F1F708
:1010A00049FC230082B25849009518A804F0E8F8DA
:1010B000FFF789FA3E4BFFF7E4FA544BFFF7E1FAEA
:1010C0004F4A534B1268D200D158FFF76FFA4C4B7E
:1010D0001C68002C01D1FFF768FA782C01DDFFF7BE
:1010E00072FA20003C21F1F795FD20000D003C2113
:1010F000F1F7AAFC2B000200464918A804F0C0F83A
:101100007824FFF7ACFB3E4B434C1B6843489D00E3
:1011100001339A00FFF741FA414BFFF7B2FA414B16
:10112000FFF7AFFA364C4049226818A804F0A8F837
:101130003E4B22681A70F3F783FCFFF744FA304AFB
:101140003B4B126818A89200D15808F082F9F2E7D8
:101150004822164B597B4A439B1898331B681868E2
:10116000FAF794FE3349002801D1FFF71FFA304BFC
:10117000FFF787FA304BFFF784FA304BFFF781FA1D
:101180002F4BFFF77EFAC0467F510100A8B101083E
:101190006BA3010877A3010880AEFEFF8051010018
:1011A000F5A10108301D002021A00108441E0020E7
:1011B00094B30108D8A2010010270000000200002B
:1011C00010310020000300008CA301080000002063
:1011D00093A30108A1A301089DA2010898A20108F8
:1011E000D8B1010861B20108F71900208CB30108D9
:1011F000E0210020E6210020AFA3010860B3010830
:10120000341E0020E21D0020BBA3010858B30108D2
:101210002CC30108C7A3010860B401087CB401080D
:1012200050B3010840B301085FA301082C0000205F
:101230009CB40108D1A3010838B3010830B30108F8
:1012400028B30108604B1B6834331B78012B0DD188
:101250005E4A5F4B126818A89200D15808F0F9F85E
:101260005C490CA808F0F5F8FFF7ADF9022B06D1A0
:10127000594C18A8210008F0ECF82100F1E7534A76
:10128000564B126818A89200D15808F0E2F8544959
:10129000E7E7544BFFF7F5F94C4B1A68002A0ED1DB
:1012A000514918A808F0D5F8002426002500F3F7C6
:1012B000E7F80423002D00D05DE4FFF784F93F2A0E
:1012C000F2DC4A4918A803F0DBFF3F24012604257D
:1012D000EDE7474BFFF7D5F914780A2C03D1994273
:1012E00001D90135107001330132FFF77CF9002379
:1012F00002270493FFF785F9082232210092773202
:10130000FCF766FEFFF792F90134A64201D0FFF721
:101310008EF90223049A013D9B1AFF18FFF774F916
:10132000039B062B01D1FFF723FA039B052B01D06A
:10133000FFF72CFA0024FFF71CFA5A1ED2B2002C39
:1013400021D0312A34D8002001000500294E0B2D70
:1013500014D8775DB94211D1013501313229F6D166
:10136000FF200322121BD2B2FF2822D001300090AE
:1013700021490CA803F084FFFFF708FA9142F0D04E
:101380000130C0B2E9E7672A19D820002100250002
:101390001A4E142D07D8775DB94204D101350131B9
:1013A0006829F6D1DCE79142DBD00130C0B2F6E724
:1013B000022213490CA803F063FFFFF7E7F90322A9
:1013C000F7E73323FFF7FAF9181E0020341E002038
:1013D00028B5010854A8010813A2010814B5010892
:1013E000E4A3010820B30108CCA10108AEA80108BC
:1013F0000CB30108EAB20108E7A30108F6B201083C
:10140000F1A3010802000020054BD979914205D0D3
:101410000130C0B208334E28F7D100207047C046D3
:1014200064AE0108F0B587B0FDF724F8082200216A
:1014300004A807F0E7FE984B984D1E78984B994CFE
:101440001B78002B56D0012E48D1974B1E8876086A
:101450003C213000F1F76EFA3C23C2B25B425343A9
:101460009B199249DBB202A803F00AFF0622904BB7
:10147000904902A8FCF78CFDA37F002B04D00C221E
:101480008D488E4907F0EDFF2B78002B0AD18C4B4D
:1014900088481B788B493630002B00D18A490C22B2
:1014A00007F0DFFF637E002B00D0ABE0874B1B789B
:1014B000002B00D0BCE0864B1B78002B00D0BAE09C
:1014C000844B1B78002B00D1A1E00834E37F092274
:1014D0008149002B00D197E0804995E0FAF7A8FDFB
:1014E000002807D0E1267E4B36011B885B08F61AE0
:1014F000B6B2ADE7052E04D10C226E48794907F04B
:10150000B0FF794B1B785BB2002B21D1FAF774FB4B
:1015100000281DD12B78002BAED1237F002B65D165
:10152000A31DD87F631DDB7F002B59D06F4B1B7829
:10153000002B5FD06E4B12221900002801D0022030
:10154000053A5C4B1230C0B2C01807F08AFF93E72F
:101550008022684BD2001B8893423BD2FAF74CFBA7
:10156000002837D1230029331F78192F1CD1624955
:1015700004A807F06EFF0E2623002A331B78002BE9
:1015800005D05E4904A807F057FF0436F6B20123E0
:1015900000220221009604A806F0C0F9FAF72CFBFD
:1015A000002800D068E7B5E7554B7E1EB600F61858
:1015B000300006F0E1F9002805D13200514904A8B5
:1015C00003F05EFED7E73A004F4904A803F058FE47
:1015D0000A26D1E706224D494D4807F042FFDDE7D4
:1015E00000280BD002200C224A49AAE702200C2234
:1015F0004949A6E703200A224849A2E702200C2213
:1016000047499EE709224749474807F02AFF474BC9
:1016100047481A78474B1978FAF740FA464B1B7837
:10162000012B0BD0022B2DD0F3F744F907B0F0BDFE
:1016300008224249E8E70C224149E5E7414B1C8872
:10164000FA239B009C4200DB3F4CA4B264212000A3
:10165000F1F7F6F920008DB26421F1F76BF92B0058
:1016600082B23A4904A803F00BFE04A8F1F732F95C
:10167000072242432E490E4B891A04A80622FCF782
:1016800087FCD1E72F4B1888FAF726FD3049020076
:1016900004A803F0F5FDE8E7221E0020AE190020A3
:1016A000231E0020441E0020201E0020F9A3010854
:1016B00072B90108390700206007002042B1010813
:1016C000BB1D002036B101082AB10108B90700206E
:1016D000050700200707002004B10108FBB001083E
:1016E0001E1E00208EB10108DC1D002023070020F3
:1016F00066B1010828070020B9A5010828A701083C
:101700000821002024A20108BBA101080BA40108A4
:10171000420700205AB1010882B1010878B10108DE
:101720004EB1010821B101087F070020CB1D002028
:10173000A80700202B1E0020DD1D002019B1010884
:101740000DB10108301D0020E703000003A40108CB
:1017500044A90108F0B5804A85B0137804001070E0
:10176000052B36D1052824D17C4BC8221B78002BB1
:1017700000D1BE3A00240125794BDB7F5343794ADF
:101780001380794B1C70794B1D70794B1C70F2F7EC
:10179000B1FDF2F7DFFD21002000F2F7CFFC754B21
:1017A0001D70754B1B78AB4227D0200003F004FD61
:1017B00023E0F2F719FE00226C4B1A706D4B1A7081
:1017C0006E4B1B78934201D1FFF72CFE002C18D1F1
:1017D00013E0002813D1012B0DD1F3F743F9684B27
:1017E0001B78002B03D0FA22664B52001A8001228C
:1017F000604B1A7001E0042BF1D005B0F0BD052854
:10180000B2D0012C00D0A1E0F2F77FFD00225E4BA8
:101810001A70F4F769FE5A4B1B78002B01D004F0C4
:10182000FBF90125534B1D7003F0B8FCFAF742FF9A
:1018300029000620F2F782FC544B554F1A78AA4231
:101840002FD03A6832321178042968D81522CA405C
:101850002A4264D000221A703B6832331B78042B72
:1018600006D14C4B0022FA211B784B48F3F71AFAA9
:101870004A4B1B78002B54D0032B03D1012048493D
:10188000F3F77EFAFA20C000F3F7FEF8A0238022D7
:10189000DB0552009A61434BFF3A1A70424B1A70B3
:1018A00047E0424E00221A70414B424D1B88C82B24
:1018B00000DAC8232A007A3212780292394A039257
:1018C000029A002A07D0A0228021D2054900916106
:1018D000012203990A70FA2080005843F3F7D4F8E4
:1018E0000298F2F7AFFD29002B002A007831098811
:1018F000743372321B881288763501912988300042
:1019000000910121F3F762FAA02380220020DB0579
:1019100052009A62039B1870F2F774FD9CE7264E02
:10192000C0E7F2F7ADFC254B1B78DB0701D5F3F7D9
:101930003DF9FA22224B92001A800022214B1A70A4
:10194000032C00D159E70F4B1A8056E7022CF0D137
:101950000122074BA3E7C046221E0020F21D0020F3
:101960004B1E0020F01D0020B21D0020B11D0020E4
:101970002C070020291E0020FB1D0020C00600208F
:10198000161E002010070020131E0020C02100207A
:10199000341D0020BE1E0020DD090000310700209C
:1019A000D6060000401D002003070020841F0020F1
:1019B000B41E0020441E0020901E0020AC06002013
:1019C00050000020B41D0020F0B58E4E89B0336861
:1019D0000790002B47D08C4B1B68002B43D08B4BC0
:1019E0001B68002B3FD033682D331C78012C03D1AA
:1019F000874B1C780134E4B2A023802200255200DA
:101A0000DB059A62834B290005201D70F2F796FBD7
:101A100033681A0034321278012A2BD12D3318780A
:101A2000A84200D0032005F0E9FF00210620F2F7CC
:101A300085FB88213620F2F7EFF9FA2600210120F4
:101A4000F2F77CFB0124B6000C20F1F7ABFF050098
:101A50002540204213D000210220F2F7DDF93000AA
:101A6000F3F712F8F0E7FAF7FBFD3368002BBAD171
:101A700009B0F0BD022C00D92C002000D3E72900CA
:101A80003F20F2F7C9F9644B7D2019783F231940B4
:101A9000624B634E1943F2F7BFF95A4C23681B6936
:101AA0001F683800F2F7C4FB236834331878FAF75C
:101AB000F5FE236829009A1CD27F702001925A1DDE
:101AC000D27F0292DA1CD27F03929A1DD27F0492B7
:101AD0001A1DD27F07330592DB7F0693F2F79CF93C
:101AE000A021059B090219434D20F2F795F9DE214B
:101AF000069BC90119434E20F2F78EF9049B4F2033
:101B00001902039B1943F2F787F9019B7820190208
:101B1000029B1943F2F780F92800F2F795FBF2F7E0
:101B20009DFB3800F2F7FAFC28000121F2F706FBD2
:101B3000F2F7A6FC23680C251A0034321278002A2A
:101B40000ED11B6918795979012851D0831E012BB8
:101B500045D8F9F7C7FEF2F707FB324DF2F790FBD5
:101B6000B37F002B4BD0294B1B6834331B78002BE1
:101B700045D12D4B1B78002B41D13300FE33998B7F
:101B8000588BF2F731FB30231D43236800201A00E5
:101B900034321278824204D135331B78012B00D9BC
:101BA0001800F2F77DFBF2F7B7FB2368002134330E
:101BB0001878013843425841C0B2FAF727FE802115
:101BC00009013F202943F2F727F9FAF73DFA079B6D
:101BD000002B00D14CE70020FFF7BCFD48E713487D
:101BE000F2F7DEFA07201249F2F716F9114DB5E7C0
:101BF000114B4900C85AF2F7D3FA104DAEE7F2F78D
:101C000079FBC2E7381D0020181E0020341D00207B
:101C100008070020401D00208C1E002040E9000025
:101C2000441E00200C070000161E002026020000A3
:101C3000CE2100000C040000A6C10108CC04000065
:101C400010B50E4B0E495A7B09885200D1529B1891
:101C50000C4A0D4C12880D499A802068482207F0E2
:101C600000FCFBF7C1FE2068FAF7D8FB0120FFF764
:101C7000ABFE0022064B1A7010BDC046441E002069
:101C80008403002082030020181E00208803002007
:101C9000141E0020F0B5AD4B8BB000AF1C68FEF7F2
:101CA00089F80C23FA18043BDB18C0B2D9192500B7
:101CB000F9F790FD002809D1A54B3A6919689142BE
:101CC00001DA1A6002E0FA689142FADCFEF772F873
:101CD0004C2869D8F0F724FE4D0058006B007200C4
:101CE00089007000870097009C003001A000A400CC
:101CF000FF02A800DD01B9006001D900DE00F0009C
:101D00001301F700050117012901350164016E0176
:101D10007F0185018901920198019D01A201A6011F
:101D2000CE00D40068006800B901AC01B201BF0167
:101D3000D101D5016800BD01D901E80139027D0258
:101D4000B602B802BF02C802CA02CC02CE02D0025A
:101D5000D202D402FB02D602E602F202F602990295
:101D6000D8028802A002A002A002A002A002920251
:101D7000FD02774A774B1268DA750122764B1A70AA
:101D8000764B09321A7079E02100714B744A1B6856
:101D90000831DBB2D35C734ACB77E38B9B18062BFD
:101DA00002D80122704B1A80BD460BB0F0BD684BC3
:101DB00029341B682370F4E708342500644B1A6843
:101DC000002A04D12B79012BEED0AA80E9E7D3B207
:101DD000682A04DC0222013B2A716B71E1E70322CD
:101DE000693B2A71F9E708342500594B1B68002B21
:101DF00004D12A79012AD7D1AB80D2E7013B6B719C
:101E000001232B71CDE7524B01341B68E377C8E700
:101E10004F4B1B68A361C4E74D4B2D341B68C9E7CA
:101E20004B4B33341B68C5E7494B4A491A6892B299
:101E3000E2834B7B04335B005A5202224A4B1A80E6
:101E4000454B1A70494B0122C3E0494B0922190046
:101E500020205C7A2500854307D0FF2C05D03C4B21
:101E6000186880B2FBF7AAFF9EE75872013B013A5F
:101E7000EFD2F4E7364A374B12689A853D4BE2E7DA
:101E8000334A344B1268DA85F8E7314B1A683A4B1B
:101E9000DA77F3E72E4B2F4A1B681900481E814161
:101EA0009177002B01D0013BD377FBF7D3FA0122C6
:101EB000324B1A70324B65E7254B1A68314BDA7793
:101EC0000022314B5EE790212220214B214A1B68E2
:101ED00049005354FF30115C013399420DDA190067
:101EE0000BE0222190201A4B1A4A1B68FF315354F1
:101EF0004000115C013B9942F1DC1154BEE7234BD9
:101F0000134A12683EE7124A124811680122437BC5
:101F10000A400133DBB25A43441DE27700228907AD
:101F200000D51A1C0630C277C1E7094B1B685A1E40
:101F30009341174AD377A1E7054A064B12681A76F0
:101F40009CE7034B1A68134B1CE7C046181E002081
:101F5000341E0020441E0020030700200200002041
:101F600012AA010800FCFFFF2E07002093060020A4
:101F7000E72100200F0700204B1E00201207002041
:101F8000291E00204C1E002007070020AC06002060
:101F9000451E00206C1E0020D14B1A68D14B77E7FC
:101FA0001E21CF4BD04A1B68DBB213704B43CF4A84
:101FB000137063E7CA4B1A6823002E331A7021008E
:101FC00000230122E08B05F019FC0122C84B1A7096
:101FD000C84B1A70E8E6C24B1B685A1E9341C64AAA
:101FE000A8E7BF4B1A68C54BCCE6BD4B1A68C44B7B
:101FF0001A70FBF72FFAC34B0122C3E6C24BB84A53
:102000001268511E8A41BDE6B54B1A68230035336C
:10201000D4E7B34B1A68BD4B1A802FE7B04B1A6850
:10202000BB4BAFE6AE4B1B685A1E9341B94ABFE7A4
:10203000AB4B1B685A1E9341B74AB9E70A22A84B1B
:102040001B685343B54A138018E7A54B32341B680D
:10205000B0E6B34B54E7A24BB24C1B685A1E9341F7
:1020600000222370B04B1A70F4F73EFA2378002B4D
:1020700000D01CE7F2F749F919E7994B1A68AB4B06
:1020800080E6974B1A68AA4B7CE6954B34341B6864
:1020900090E6934B1868002380B21A00190005F0EF
:1020A000ADFB0222924BCCE6A02600248C4B3602DC
:1020B0001D682000F2F7EAFE80235B01E418B442B9
:1020C000F7D1002D02D02000F2F7E0FE0C24082604
:1020D000A020A319D91910220002F2F7B5FA7F2225
:1020E000A0200125A11900263B7EC91993433B7608
:1020F0006F3A00230002FD76F2F772FF8D4B8E4C93
:1021000018008E4A8E497B602677FAF76FFA8D4B5E
:102110008D4A18008D493B60FAF768FA8C4B310004
:102120007A682360636086480223A660FBF766FE38
:10213000022329003A688548FBF760FE854B1D7035
:10214000854B1D70FBF75CFC2EE6654B83491B68D5
:102150000A2B08D10A780132D2B20A70022A00D8BA
:1021600022E67F4A24E700247D4ADBB20C7013701C
:10217000092B00D082E67B4B6E469D446D46802243
:10218000290092002000F2F75FFA83222B009200D0
:102190000C33A91840201A7802431A7010338B426E
:1021A000F8D180220023200029009200F2F718FFC6
:1021B00080239B00E4188023DB019C42DFD10221B5
:1021C0000020FBF711FA02210120FBF70DFAB546BA
:1021D00054E6434A644B1268511E8A411A70022227
:1021E000434B1A70434B07E73D4B60491B680C2279
:1021F000CB805F480023F2F7F3FED5E5384A4E4B1B
:10220000116891225200995438E6354A4A4B1268B7
:10221000511E8A41DA7631E608220C239B18DC191C
:102220002200544B23CB23C203CB03C22C4B1D688B
:10223000FDF7C0FD504B4638ED0080005B19025998
:102240001B79B5E64D4B5BE6254A4D4B12681A707B
:1022500001224C4BE0E6224B1B685A1E93414A4A2E
:10226000DBB21370494AA3E6494B49E6494B47E6BE
:10227000494B45E6494BC2E6494BC0E6494BBEE6F1
:10228000494BBCE6494BBAE634342078484B012828
:1022900002D0002803D1474B114A12681A70FAF78E
:1022A000FDFAEBE50E4A444B1268511E8A411A7042
:1022B000FAF700FA0120FFF787FBDFE5084B1A6801
:1022C0003E4B5FE5064A1C4B12685A77D6E53C4BFD
:1022D00095E63C4B14E6024B28341B686AE5C04681
:1022E000341E0020461E0020821E0020281E0020D2
:1022F0000307002093060020471E0020861E0020B2
:102300008B1E002012070020FC0500208E1E0020DE
:102310006D1E00206E1E0020BE1E0020B41E002078
:10232000DD1D0020FA050020131E0020841E002061
:10233000851E0020C81E0020441E0020F003DE0081
:1023400002040000101F0020F07795020504000031
:1023500002040504E2210020E1210020E621002002
:10236000381E002000FEFFFFE2030020E21D0020D7
:1023700040010100C49F01082CC301085600002041
:102380005C0000202E070020E5210020BB1D00205E
:10239000C41D0020D61D00202C000020380700207E
:1023A00099060020E4210020E32100200300002002
:1023B0000A0700200907002008070020C21E00208D
:1023C000231E0020C1060020F0B5614B614C1B7834
:1023D0008DB0012B00D082E0F1F7ACFF0020F1F7C7
:1023E00033FF5D497120F1F717FDF2F723F85B48E1
:1023F000F2F74AFBC32170200902F1F70DFDF1F756
:10240000A1FF5748F2F740FBF1F794FF50215548E0
:10241000F2F730FC00217020F1F7FEFC3020524929
:10242000F1F7FAFC514D2B6832331B78042B07D19E
:1024300023007A331C22FA211B784D48F2F732FC34
:102440002B6832331B78023B012B2BD823007A33C5
:102450001F78484E002F09D0A0238022DB055200B0
:102460009A61012344483370F2F70EFB3800F1F70C
:10247000E9FF210023002200783109887433723289
:102480001B88128801912100763109883B48009110
:102490000021F2F79BFCA0238022DB0552009A6208
:1024A0000023337001200334F1F7ACFFE37F002BEE
:1024B00010D02B685B691B79023B012B42D8304955
:1024C0005220F1F7A9FC2F495120F1F7A5FC2E4825
:1024D000F2F7DAFA0020FFF777FA0DB0F0BD022B21
:1024E000A0D12422294903A806F0BBFF0020F1F760
:1024F000ABFE002603AD698828780136F1F78CFC25
:102500000435092EF7D10025214A6B005F20D15AEE
:102510000135F1F781FC072DF6D11E48F2F7B4FA28
:102520001D495920F1F778FC1C48F2F7ADFA6821F3
:102530005920F1F771FC00217020F1F76DFC0021AA
:1025400058206DE716490720F1F766FC1549BBE7EF
:10255000851E0020441E00201C3E000050C30000C9
:10256000803801001E050000FEC10000341D00205F
:10257000AB090000401D002060EA0000A21E002000
:102580008F02000040800000400D0300D89F01082A
:10259000D4C00108204E00006808000020BF0200DF
:1025A0006F0400004090000070B53A4B3A4EDB7F5C
:1025B000002B18D0D222394B52001A800022384BFF
:1025C0001A70384A1378002B07D1737B364933735E
:1025D0000968364B1960012313700022344B1A70BE
:1025E000344B01321A70F9F7C5F9334B1C68636933
:1025F0001868F9F74BFC314D002812D0230028331E
:102600001B78012B0DD12A78022A0AD02C4A13708C
:102610000320FAF7EFF9002302202B70F9F7FCFAF8
:1026200070BD284B1B78002BF2D1230033331B786D
:10263000002B03D0244B1B78042B1BD0234B1B787F
:10264000002B19D0062B19D834342478002CDFD174
:102650000120FFF77FF81E4B2A781C80002A0FD03C
:1026600000231C4A13701C4A13701C4A13701C4A26
:102670001370D5E70120CCE70220CAE70620C8E79F
:102680000A22317E01314A431A801B88154A9BB2C7
:102690001380E5E7491E0020441E0020BC060020F0
:1026A00052000020B81D0020181E0020381D0020F8
:1026B00023070020291E0020341D002031070020A0
:1026C00003070020C51D0020221E00202B1E002015
:1026D000201E0020BC1D0020C61D00209F060020DB
:1026E0009E0600208003002091210022F8B5304D85
:1026F000304B8900287032201A70F1F78DFBF1F70A
:102700006DFEF9F7ADFF2C4C206803000833DF7F26
:102710000369C18B1A68868BF9F768FF236801206B
:102720001A000832D7779E83FFF74EF92A78234B99
:10273000234D002A31D001221A7023681A69083308
:102740001068204A2860DB7F1370F1F7E7FE2868E5
:10275000F1F7CEFE01221C4B1A701C4B14321A707A
:102760001B4BEA321A701B4B1A7000231A4A137063
:102770001A4A13701A4A13701A4A13701A4A1370BD
:102780001A4A13701A4A13701A4A13701A4A1370AD
:102790001A4A13701A4A1370F8BD1A7001235B426B
:1027A0002B60F1F7B0FE32201649F1F735FBD1E787
:1027B000CF1D00202C070020381D0020D11D002037
:1027C000E0040020C1210020291E0020E404002094
:1027D000DA040020D9040020DC040020D804002002
:1027E000B1060020B8060020B7060020BA06002077
:1027F000AB1D0020BE060020D21D0020D01D0020F1
:10280000DB0400204502000010B5F9F7F5F90028B7
:1028100019D00D4A0D4B12789121DA7702220C4B18
:1028200032201A700B4B013A1A700B4B89001A7048
:1028300000230A4A13700A4A13700A4A1370F1F708
:10284000EBFAF1F7CBFD10BDE10300204A1E00209A
:102850000307002093060020291E0020F61D0020FB
:10286000D8040020DB040020F0B504000D001600A1
:1028700089B0102800D9B1E3F0F752F81100110027
:1028800011001100110011001100110011001100C0
:10289000F600C001C001B40213038803AC03002991
:1028A00016D00127BF4D2F70FDF784FA0F2841D1B4
:1028B000BD4B1A68002A3DDB092A09DCBB48BC4B2A
:1028C000BC49002E14D030348454FF220F701A708B
:1028D000B94B1B78012B09D1FDF76CFAB74B2E28A9
:1028E00002D02822452800D1F0221A8009B0F0BD7C
:1028F000B34DA7007F591D78AC46B24DA44502D018
:102900001C702E7006E02B780133DBB22B70FB5C61
:10291000002BF6D0AC4C2B782478FB5C002C05D037
:102920001C00613C192C01D8203BDBB283540123ED
:102930000B70CDE7002ECBD101272000FBF7A4FDC3
:102940009C4BA24C1F70A24B1B78002B27D12378E5
:10295000BB4216D0022B62D10A209E4A2670137801
:1029600051784343CB18002B59D09B4800789842AC
:1029700005D39A4A013B1370994B1F70A8E7117059
:102980002770944B1B78002B49D0934A12789A42B7
:1029900045D3924A013B1370914B0122ECE0FDF7C5
:1029A00009FA082812D12378052B00D890E7FBF705
:1029B00083FDF9F7D1FB8B4B1B68998B642358433C
:1029C000F9F732FA884B2670186081E702000D3A59
:1029D000182A1DD8854BD3403B4219D02378032BAE
:1029E00000D875E70A237B4926700A7848785A434D
:1029F00012185A43887812185343CA78013A9B1820
:102A000080229BB2D20093420BD2774A13605FE7D9
:102A1000C0B204AA03A9F8F7DDFE002804D0002301
:102A2000237002232B7053E704990320632903DCEE
:102A30000238092900DD013000221300654F267895
:102A40000197D7B2BE4206D8864201D10022227039
:102A50009942E6DBD9E70A277B43019FBF5C01323D
:102A6000BC4663449BB2ECE7002900D130E7002A62
:102A700009D0FDF7E7FB002800D129E75C4B1B7864
:102A8000002B00D024E70122464B514D1A702C78C0
:102A9000484B1A70002C1ED1FDF78CF90300263B21
:102AA000012B00D814E70E3801280AD90022504B18
:102AB0001A7001232B70454B1A703B4B013A1A6078
:102AC00006E7494B22001868210080B2F9F738FC6C
:102AD0000028EBD1FCE6FDF76DF90F2800D086E267
:102AE000314C2368002B2BDA00223F4D110028685F
:102AF00080B2F9F725FC002800D1E9E629682B4DC2
:102B000089B22800FAF74AFD2800EFF7E3FE09280A
:102B100007D80A222021121A401906F073FB00235D
:102B2000AB72FF210023224A32481170254A290046
:102B30001370254A23601370112206F092FCC7E639
:102B4000092B00D953E2FF21194A1170002E15D02C
:102B50000A2323600022284B14491A70244B25486D
:102B60001A70113206F0C4FC002800D03FE2287031
:102B7000FFF74AFE0022154B1A70A9E601332360C5
:102B80000A2B00D0A4E6E5E701233370F0E71A4BE7
:102B90001F7000232B70F8E70122174B1A700023D7
:102BA0002B70E5E7151E0020DC210020E721002026
:102BB0005B00002057000020FB1D0020FC1D0020B2
:102BC00004C30108D7210020DB210020171E0020AC
:102BD000E0210020D0030020301E0020391E0020FC
:102BE00096060020181E0020341E002007009001C9
:102BF000DA210020C6210020970600200B283AD1B8
:102C00000A3C002D00D163E6002E04D10122B14B15
:102C10001E70B14B1A70B14DEB7E002B05D1B04B3D
:102C20001B78002B01D0644264B2FDF7C3F80700A3
:102C30000F2834D1AA4B1B78002B30D0A94B1E682B
:102C4000002E2CDB092E00DD42E61022A64904A846
:102C500006F007FCA548E4B2835D02AAE318DBB2E4
:102C6000D51D190000222039C9B25E2906D91F2BB3
:102C70000DD87E230EE001246442C2E70132AF5C2E
:102C80009F4202D1E318DBB2EBE7102AEDD17E2B95
:102C900000D920238355FF22954B1A70B8E0F8F72E
:102CA000ABFF021E00D013E68D4B924E197800291F
:102CB00022D19148914B02781B78121B013B541C86
:102CC00002D0934216DB1300012203708C4B32704A
:102CD0001A70FDF76FF8132800D1F9E515380128AF
:102CE00000D8F5E50835EB7F002B00D0F0E5F0F7D4
:102CF00045FEEDE50B00E7E7082F12D1814B824D31
:102D00001B682868998B814B4C432018984203DC40
:102D1000002802DA7E4800E01000F9F785F8286004
:102D200033E039000E39172913D87A4BCB40DB0733
:102D30000FD5754D243F2868A1B2012F2AD9081854
:102D40001300210080B2F9F735FB734B9842E6D1AE
:102D50001BE0F8B204AA03A9F8F73CFD002814D13F
:102D6000694D039928680B00049A884203DB13001D
:102D7000824200DD03006948E318834204D099428F
:102D800002DC9A4204DB1A002A60012333709FE5BB
:102D90000A00F9E78022624FD200904205D1012C4F
:102DA0001AD101235B422B603B80002328681A0064
:102DB000081880B22100F9F7FDFA574B984200D06D
:102DC00028600023FA5E2B68012C07D19A4207DDA8
:102DD0008023DB002B60D8E73880E6E79A42F7DBF8
:102DE0003880D2E7FDF72EFA002825D0002D11D12A
:102DF000002E00D06CE53B4A1368002B0ED000DC9F
:102E000066E5013B1360FF22394B1A70454B1E707B
:102E1000384BC2E5304B002E00D1BEE5F1F7C6FEBF
:102E20000023404A13702E4A13702A4A137001225D
:102E3000334B1A702F4B9FE6002E00D048E5002D33
:102E400000D145E50124244B2A4D1C70364B1A78DD
:102E5000002A1FD1224B1B78002B12D01D4E337835
:102E6000002BDBD0FCF7A6FF0828D7D1F1F79EFE98
:102E70000A2133782D4A013BDBB23370D1542C70D8
:102E800026E52B4B2E70DB7F002B01D1F0F776FD72
:102E9000284B82E51E70284B1C70284B1C702C7030
:102EA000F6E7002900D113E501220B4B1A70FCF75D
:102EB00081FF0F2844D10B4B1B68002B40DB092BF3
:102EC00000DD05E52A22002E00D103320749CA544D
:102ED000E1E6C046171E0020151E0020441E0020FB
:102EE000E0210020DC21002012A40108E7210020BD
:102EF0005B00002057000020391E0020301E0020FB
:102F000096060020181E0020341E0020F5E0F5056E
:102F1000F6E0F5050300C800FFFF0000FFFFFF7F9C
:102F2000D8210020DA210020F61D0020D003002047
:102F30004C1E0020B91D0020241E0020291E002048
:102F4000002E00D0C4E4F9F78BFB374B1B683433F9
:102F50001B78002B48D1FCF72DFF0338012897D8A8
:102F6000324B1B78002B93D0F8F746FE0124304FEC
:102F7000304D002807D12000FFF7B6FB2E4B2C70F8
:102F80003C701C7084E72D4B3E7087E7FCF712FF06
:102F90000F281AD12A4B1B68002B16DB002D00D1FD
:102FA00096E40121274A1170092B00DD90E4002EE0
:102FB00002D0254A2231D154012224490B785340B2
:102FC0000B70FF21224B197034E731002800F3F712
:102FD00087FB7DE40800F3F7D1FB79E4002A00D0F9
:102FE00076E4002900D173E40222164BC4E5FCF715
:102FF000E1FE0400312804D023000D3B022B00D950
:10300000CAE5144E3778002F00D1BDE5012F00D05E
:10301000AEE502233370FDF7D5F9312C00D0B6E5CB
:10302000FEF738FEF2F74AFE381D0020E0210020AE
:10303000F61D0020291E002057000020241E00201D
:10304000DC210020151E0020E7210020DB210020CC
:103050005B000020DA210020F7B51400102800D909
:103060005EE1EFF75DFC110011001100110011008D
:10307000110011001100110011004100F300F300D4
:1030800026014B015D015901002A2CD100292AD0CB
:10309000A74B1B78012B36D1A64A1370FBF7F4F926
:1030A0000222A54B1A70A54B1A78032A1BD90A25B0
:1030B000A34A1C70137851786B435B186B4391786B
:1030C0005B185D43D378013BED188023ADB2DB0084
:1030D0009D4218D2220021002800F9F731F9994BBE
:1030E0001870994B1D80F7BD002AFCD10029FAD039
:1030F000964B1A780193032A05D0954B1B78002B29
:1031000004D1002A04D18B4B02223FE0012AFAD0DD
:103110000125874E874A34781570AC423FD0022C87
:1031200046D0002CDFD1002B18D18A4FFA213C6801
:103130002000F8F779FE050087492000F8F774FEB3
:10314000291BAC4200D9611B021B844200D9221A00
:10315000824B91421CD9022238601A70804B1B6846
:10316000D88B8023DB00984216D2012300223370D3
:10317000754B11001880F9F7E3F8724B18700223B1
:10318000019A13706C4A13700122764B1A70AAE7E9
:1031900000223D601A70E1E702233370EFE7674BCE
:1031A0001B78002B9FD10222634B32701A709AE772
:1031B0006B4F002B30D1674B38681A68C18BF9F719
:1031C00015FA694B1B78002B06D0684A3B681278C9
:1031D0001A71674A12785A713B681A00083203CB99
:1031E00003C25E4A1278DA77802338686149C58B5A
:1031F0004A7BDB0054009D4220D2534B04321B8893
:10320000520053520222C3830B534B4B1A705A4B3A
:103210001A800023337066E721000020FAF7E4F9F2
:1032200021002800FAF7E0F9504A3B681178504A2B
:103230001971127819735A715A73D5E78022038E67
:10324000D2009B189BB20A199380DBE701230B285D
:103250001ED1002900D146E7002C04D10121374AB4
:103260001470344A1170434AD27E002A01D15B4265
:103270005BB22F4A1278012A17D1334A1088C0183E
:10328000431C07D08023DB00984204DB002002E0CF
:103290005B42DEE7394880B2108000221100F9F766
:1032A0004FF8284B1870244B2EE7002C00D01AE75B
:1032B00029E7002A00D016E7002900D113E70122F0
:1032C0001C4B1A701A4A1378012B09D0022B12D00A
:1032D000002B00D007E7FFF797FA174B1C7002E7A7
:1032E00016490B78002B06D0013BDBB20B700A218C
:1032F000134AD154D7E700231370D4E7002A00D033
:10330000F1E6002900D1EEE601220A4B1A70104BBB
:103310001878FFF7E9F9E6E60800F3F72FFAE2E696
:10332000002C00D0DFE6002900D0ECE6DBE6C0464A
:10333000D21D0020151E002057000020171E00205F
:10334000D0030020C2210020C4210020D11D002074
:10335000CF1D0020E004002071020000C1210020E8
:10336000181E0020291E0020D8040020D9040020A7
:10337000DA040020441E00202E070020FF03000076
:103380009A4200D2885470477047F0B591B00493C8
:1033900016AB10CB1A9F1B781B9D029003910092D5
:1033A0000593002C01D110239D4380232A00DB00CC
:1033B0001A4006921D4201D0002C1DD06123AA069E
:1033C00000D541230026DBB20A3B019407931899EC
:1033D0000198EFF735FB079BCAB2D318DBB2092976
:1033E00001D83032D3B208AAB354019B189A741C86
:1033F000934201D3202C14D102232A001A400792B1
:103400001D4220D1013B2B40002F08D0002B06D0BD
:10341000059A002A02D10C32154200D0013F302219
:1034200007E026000190D2E7202C05D008A96254BD
:1034300001341999A142F7D8002B04D03023BC42A3
:1034400001D2202C17D1EB0634D5069B002B17D1C7
:10345000002C15D0199BA34201D0BC4210D1631E91
:10346000012C0CD0189A023C102A0CD0189A1C007F
:10347000022A1BD12DE008AAA3540134DFE71C0067
:10348000189B102B20D1AB0608D47823202C08D110
:103490002024009BAD0737D125002AE0202CF7D04F
:1034A000582308AA13550134202CF1D0302308AA40
:1034B00013550134202CEBD0059B002B0BD02D2372
:1034C00008AA13550134E4E7189B022BECD1202CF9
:1034D000DED06223E5E76B0701D52B23F0E72B074E
:1034E000D7D52023ECE72020049B0399029EB04708
:1034F0000135009B1A1B5219AF42F4D80026A7428F
:1035000000D33E1B009BF31825000193019B181963
:10351000421B002D0AD1079B002B05D0009BC41A2B
:10352000009B1819A74209D811B0F0BD08AB013DA6
:10353000E85C0399049B029EB047E7E70200049B06
:1035400020200399029DA8470134E9E7F7B59C467E
:103550000025194CA688864220D8E388F3189842A3
:103560001CDA1B1A9BB20D1C994200D91D1C802726
:10357000ADB2019525687F04BD4219D11560624640
:1035800001981080089A002A11D02268BA420ED001
:10359000002299425241089B1A7008E00135083414
:1035A0000D2DD7D180235B04136063461980F7BDCE
:1035B000801B80B22D18E1E704C70108030000203A
:1035C0002F2B0FD8084A5B009A5A084B08499B7D5D
:1035D0009B075B0F595A914204D806495B5A9A429D
:1035E000924150427047C046421D0020441E0020B8
:1035F00054AE01085CAE0108F8B50E000400302599
:103600002F27FF2C0ED02F2C0ED82000FFF7D6FF2F
:10361000002805D1A419013DE4B2002DF1D1FF2409
:103620002000F8BD3C00F0E70024EEE7084B094914
:103630009B7D02009B075B0F0748595A185A8A4224
:1036400002D3824201D8100070470800FCE7C04650
:10365000441E002054AE01085CAE0108094A1378EC
:10366000002B08D1802008498001886103210133A3
:103670000B4013707047032BF8D180200249800162
:103680008862F3E7E804002000080050044A054B74
:1036900012684008128EA0389B5618187047C04612
:1036A000381D00201E000020054A064B11781070BE
:1036B00001221970044B1A70044B1A707047C046EF
:1036C0008E2C00208D2C00208C2C002081000020CE
:1036D00070B50F4A0F4B52790F495200D55A04006A
:1036E0008D4213D10D49EFF7ABF90800AF218900E6
:1036F000EFF720F9454303384342584107492D1855
:103700002000EFF717F9054C44432C19200070BD39
:10371000840000202CC6010841030000C4090000F9
:10372000084B09481A890949131C824201D9084BE0
:103730001B8800204A8804339BB29A424041C0B2A1
:103740007047C04684000020FBFF00007C2C002056
:103750000EA001080022024B1A605A601A817047BD
:103760007C2C0020024B034A5B795B00D05A7047E7
:10377000840000202CC601080A4B10B51B68002BE2
:103780000BD0094A1468E41AFFF7ECFF010020008F
:10379000EFF7D0F8013080B210BD8020034B1B79C9
:1037A0001841F8E72407002074040020840000205A
:1037B00010B5FFF7E1FF0400FFF7D4FF604310BD31
:1037C00010B5064B1C68064B5B79032B03D8FFF73B
:1037D000EFFF4008241A200010BDC046782C0020BE
:1037E00084000020064B10B51B68002B02D0054B4F
:1037F000186810BDFFF7DCFF034B1B68C018F8E723
:103800002407002074040020782C0020034B044A75
:103810001A6000229A801A811A617047602C002079
:103820000000FFFF0122264B70B51A70FFF7EEFF74
:10383000FFF798FF234DA882FFF79EFF224E04005A
:10384000E882011C802823D98021802089B2400190
:10385000EFF7FAF8C0B2031C402800D94023DAB2CF
:10386000102A00D2102300223370184B1E78184BF8
:103870001A800123174A1380802C0ED923007F332E
:10388000DB09138000230126EB80FFF799FF0CE092
:1038900083B2102BD9D21021D7E7002EF2D1012C00
:1038A000F0D9631EEB80FFF79DFF0B4B0B4A1E7098
:1038B0000123A3429B415B42E860137070BDC04688
:1038C0007B000020602C00207C0000207A0000207B
:1038D0004E2C002078000020770000207600002089
:1038E0001E4B70B51B78002B1FD11D4B1D4C5B88E8
:1038F000A3421AD01C4D1D4A2E881189A64207D01A
:10390000A14205D0032070430233C3189B089BB229
:103910002B80174D17482D78405D1B189BB2A14294
:1039200004D113810122144B1A7070BD5D1AACB220
:1039300028B22D0401D5CB1A9CB2042CF5D904234E
:103940000C2C04D80233A3429B415B4201339BB24F
:10395000002801DA5B429BB25B18E2E78F2C002063
:10396000602C0020FFFF0000740000208400002075
:103970008200002004C601088100002010B50C4B15
:103980000C4A58689188002807D080201C88C00005
:10399000844202D25888884208D200205980116996
:1039A0001880596012891A81FFF79AFF10BDC0462E
:1039B0007C2C0020602C0020044A054B1268A030AB
:1039C000128E9B56C01A400080B27047381D0020EE
:1039D0001E00002070B5084DE868FFF7EDFF2E8946
:1039E00004002869FFF7E8FFA64203DD0400B042A7
:1039F00000DD34002C8170BD84000020124A0521B6
:103A000070B5136900281DD0D5685B182C000A34E6
:103A1000A34203DD1C000A2B00DD0A241461FFF71A
:103A2000D9FF0222094B1A70094B013A1D60094B5C
:103A30001C60094B1D60094B1C60094B1A70094B37
:103A40001A7070BD4942DFE784000020682A002018
:103A5000700000206C00002068000020640000203E
:103A60008C2C002081000020002210B5034B2D215A
:103A70001A6003480A3205F0C5FB10BD642A002015
:103A8000582A0020F0B5455C401815701D700029BB
:103A900006D0441E247801261F2C05D97E2911D872
:103AA000447800261F2C0DD82C1901346410177887
:103AB000E4B2A74200D914701F78A74200D21C704C
:103AC000002EEBD1F0BD00000B4A10B513880B4C53
:103AD0000133138024780A4AD388D168908A002C55
:103AE00005D001339BB20918D380D16010BD013BD2
:103AF0009BB2091AF8E7C0467C2C00207700002012
:103B0000602C002070B5124B124D1A88EB88E98AA0
:103B1000D3189BB2994207D9A88AEB805043EB682F
:103B20001818E860002070BD0B4B1C880134A4B24B
:103B3000A24203D8002201201A80F4E7A142F5D95D
:103B40001C80EC80FFF73CFEAB8A6343E8E7C0468D
:103B500078000020602C00204E2C00200200002065
:103B60000B4B70B51D680B4B1C68291B81420EDD89
:103B70002300944203DC2B00954200DD13001B1B45
:103B80000F24634348101818EEF75EFF204070BD05
:103B90006400002068000020074B984203D1074BC7
:103BA00018680A387047064A064B12684008128E99
:103BB000A0389B561818F5E7FFFF000068000020AA
:103BC000381D00201E00002030B5CB01084D1B1809
:103BD0005B0814000F21EA5CC00704D58A4321402A
:103BE0000A43EA5430BD0A4024012243D2B2F8E726
:103BF00004260020F7B501220407154B0191640F3C
:103C000002400F2804D90009124B0138C001C31823
:103C100001252E00A640002492010F4F9B18002082
:103C20000200195C0E4203D0290081400A43D2B23F
:103C300001300828F5D13878002801D0D243D2B21B
:103C4000019908330A550134082CE8D1F7BDC04664
:103C500039070020AF1900203807002070B5050093
:103C60000E00064B1C68002C00D170BD2369002B90
:103C700002D03100280098472468F4E75419002046
:103C8000002A0AD0054B80008A18C01892B20B781F
:103C9000013103708BB29A42F9D17047205C004029
:103CA00070470000F8B5184B0D00DC681E69FFF77F
:103CB000EDFC640076002300371B4000844203DAE9
:103CC0003300864200DD03001B1B6B43781018187D
:103CD0003900EEF7B9FEC6B26E430400331E05D0BC
:103CE000751CADB26D089D4204D3DBB2E0B2C018C2
:103CF0004008F8BD29003000EEF71CFE80B24019E4
:103D00002B004508EFE7C04684000020F0B51F00F7
:103D1000AF4B93B015000B9009910A93002800D087
:103D2000E5E10026FCE00135252806D03200741CB0
:103D3000099B0B990A9EB04764E1002301200824E7
:103D40002A78691C2B2A16D00BD8202A15D0232AB2
:103D500015D011003039092930D800220A240792E1
:103D600015E02D2A04D0302AF3D103430D00E7E7F4
:103D700002221343FAE70422FBE72343F6E710226B
:103D8000F7E70500079A6243303A8A1807922978C4
:103D9000681C0A00303A092AF3D900212A780891D0
:103DA0002E2A25D18021C9000B4369786A1C08009E
:103DB000303809283BD815000A2413E00021079168
:103DC0002A2AEAD104CF07928A4203DA0231524208
:103DD0000B4307920135E0E70500089A6243303A49
:103DE0008A1808922978681C0A00303A092AF3D9FF
:103DF0002A78691C6C2A2AD024D8682A2FD06A2AEB
:103E000036D028780135782890D8632833D86228AE
:103E100000D16FE1632800D1A5E0252886D058287D
:103E200084D120221343103A0C218B436DE12A29BF
:103E300006D104CF0235D143C9170A400892D7E70B
:103E40001500D5E77A2ADCD1802252000BE06A788F
:103E50006C2AF9D1C022920013430235D1E76A7867
:103E6000682A03D080220D001343CAE7C022F3E77B
:103E700080229200F7E7010001226439C9B28A402A
:103E80001100544C2140224212D1732800D1BBE0D2
:103E9000702800D04AE72122134305930823049396
:103EA000089B019103931023029308CF00934BE1E9
:103EB0006F2800D020E10822B6E77828B4D09343D9
:103EC0000A22642800D120E1AEE758060DD5C8B219
:103ED00005930292079BC20F0192C21704938018A8
:103EE000089B5040039300902EE108001C06EFD57C
:103EF00008B2EDE7002913D13C1DD80521D5059363
:103F0000079B02920493089B019103933B680093E3
:103F10003200099B0B990A98FFF737FA2700060031
:103F20002878002800D0FEE6099B32009E4200D38C
:103F30005A1E0020099B0B990A9CA047300013B021
:103F4000F0BD396858060AD5C9B20593079B02929D
:103F50000493089B0091039300230193D8E718066C
:103F6000F3D589B2F1E70222190011400C911342F6
:103F70002CD0012301CF320008930B99099B741CAC
:103F8000C0B20A9EB0470C9B002B3BD0089B22007E
:103F90000C932CE02020099B0B990A9CA047089ABF
:103FA0000799531C08939B1B9942F3D80A00531E90
:103FB0009A410023D1B29A4201D0079B013BF618E7
:103FC00002230029D6D0079B0133D3E73200E7E76D
:103FD0008933010821081200531C0D932020099BEE
:103FE0000B990A9EB0470C9B0D9A01330C93079BCB
:103FF0000C998B42F0D8079A089900238A4200D383
:10400000531AE41826008BE7390004C90D92089A68
:104010000E91002A01D1012252420D990C008A18FA
:104020002178002901D0A24214D10D9A1900A41AB6
:104030008022D20011400F91134203D0089A94427B
:1040400000D914000222190011401091134217D117
:10405000320009E00134E3E7531C0C932020099B54
:104060000B990A9FB8470C9AA31B0799D31899423A
:10407000F2D80023A14200D30B1B0134F618E41838
:104080000C960AE008930C9B0C9A013311930B9940
:10409000099B0A9FB847119B0C930D9B0C9A9B1B85
:1040A000985C002807D00F9B002BECD0089B089A47
:1040B000013B002AE6D1109B002B15D00C9A06E09C
:1040C000561C2020099B0B990A9FB84732000C9B75
:1040D0000799E31AD3189942F2D80023A14200D3DA
:1040E0000B1B0C9AD3180C930E9F0C9E18E71A4BBF
:1040F0000A9316E6022297E610226F2800D9DCE622
:1041000093430A22692800D0DBE6590501D5012135
:104110008B43802189001940692802D0642800D08F
:10412000E8E6002900D0FBE602CFD80500D4CCE6B3
:104130000593079B02920493089B0393CB0F019373
:10414000CB17C918594000913200099B0B990A9866
:10415000FFF71BF90600E3E68133010870B500297B
:1041600001D1002A27D114244443194B1B191C00E8
:10417000CC342478002C1ED01E00164CD036A57BE3
:10418000A07331601900D4310A600022D833EDB237
:104190001A60904212D1104A1178CBB201290BD08B
:1041A000062B09D0002B05D1217C40330B4323740F
:1041B00003231370A57370BD0523FAE70423627A05
:1041C000134301226372637E93436376F2E7C04632
:1041D00000220020005C0040F9210020F7B5130008
:1041E0007F221040002901D1002B17D11422424315
:1041F000354EB21814002C3424780092002C0DD0C7
:10420000324CA57BEAB20192A073677D01253A008A
:104210002A4094462F4202D0019BA373F7BD009A17
:10422000009F116353636246BA6300283ED1284D54
:104230002F78FAB2012F1FD0032A03D0002AEBD126
:10424000002B03D148232374443B0EE04022227408
:10425000328D93420BD81F4E3678002E07D19AB27A
:10426000FFF70EFD0A23237401232B70D4E70020EF
:10427000FFF706FD0223F6E7002B05D1154A137060
:104280000A332374043BF0E7328D934209D8114D71
:104290002D78002D05D19AB2FFF7F2FC0A23237482
:1042A000BAE70020FFF7ECFC0223F8E7002B05D06B
:1042B000B28F934205D92800FFF7E2FC0123637512
:1042C000AAE79AB2F7E7C04600220020005C00404F
:1042D000F9210020F82100200B003F2210B51140E9
:1042E000134206D1002B04D00A008120FFF776FF8D
:1042F00010BD0022014B1A70FAE7C046A32C002023
:104300000E4B10B59968DA680918121A9960DA60CC
:1043100003D08020FFF762FF10BD187D002802D077
:1043200011001A75F5E7DA88002AF5D01B787F2B83
:10433000F2D902000100FFF711FFEDE7EC000020C9
:104340007F220F4B0240997B40B2C9B29A7300287A
:104350000FDB002A07D107200A4A10706022187C60
:1043600002431A7403E02022587E02435A7699735E
:104370007047002AEFD01022587D02435A75F6E7A5
:10438000005C0040F92100200300F7B57F201F00EA
:104390000740034212D14021404B414A180011808E
:1043A0001A001985CA32190017700122CC302A313F
:1043B0002C3302700F701A700020FEBD782003426B
:1043C00068D15BB29C46374C1423A07B4D1EC0B213
:1043D0006E427541019060467B43304EA773AD013C
:1043E000F318002829DB1F00C837B9700121CC332E
:1043F000EDB23A8019702576637E0B4213D090237C
:104400006376082A11D902210B000131DD00AA428E
:104410000ED82A0092B2DBB2A3767368D218019B41
:104420007260A373C8E78023EAE708220123F1E75B
:104430004129E9D100220123EDE72A2084469C444A
:104440006046017001211A852C331970B940A37A96
:104450000B43DBB2A37220232B432375637D9B07A1
:104460000ED548236375082A0CD902210B000131AF
:10447000DD00AA4209D82A0092B2DBB2A375CCE7CC
:104480004023EFE708220123F6E74129EED100227D
:104490000123F2E7012040428FE7C04600220020BE
:1044A000C8220020005C004010B542790379120256
:1044B0001A430323C178520519408078520DFFF743
:1044C00063FF43425841C0B210BD00006022F0B506
:1044D000A24C85B023781A40202A00D14AE1402A14
:1044E00000D175E1002A23D103321340012B00D102
:1044F0006EE0022B00D1D6E0002B19D160786588E0
:10450000092815D8EEF7F8F9760C140C14050E14DA
:104510002A2EEDB2002D01D1914B1D70914B1D70D3
:10452000002373E12A0AEDB2032A04D1EE2D04D14F
:10453000002005B0F0BD032AFAD80021A369D6B245
:1045400018780028F4D05F78B74203D18D4200D1AB
:1045500054E101311B18F3E71B7857E1824BA3604C
:10456000012353E1FF270020A669EDB200973178BF
:10457000002908D15E22AE23FF325B00A55400283B
:104580001BD1E054CCE77378042B08D0052B0BD05B
:10459000022B06D17779BD4203D1012001E0F378E7
:1045A00000933378F618E2E7BD42FAD1009B002B66
:1045B000F7D13000FFF778FFF3E701220720E2543C
:1045C000FFF74CFB802202206849FFF7C7FDA7E7F1
:1045D0005E23FF33E35C002BAAD0607863882779E1
:1045E0000B28A5D8EEF77EF906A4A4A4A4A40DA4D4
:1045F000A4A42D310023A2681370A2685370022373
:1046000004E11B0A212B0CD1594B1B68002B00D154
:104610008EE75A1CD27FBA42F7D15B69A3600923A7
:10462000F4E0222B00D083E7514B1B68002B00D114
:104630007EE75A1CD27FBA42F7D19A69DB69A26041
:10464000E4E00022A3681A708AE7DBB2FF26019338
:104650000023A569009602932B780393002B05D1C4
:1046600008200299FFF7FAFA039BCFE06B78042B3E
:1046700004D0052B0DD02B78ED18EDE7EB78AE7854
:104680000093B742F7D1019B009A9342F3D1029570
:10469000F1E7B742EFD1019B009A9342EBD128009A
:1046A000FFF702FFE7E75E23FF33E35C002B00D157
:1046B0003EE7A2886378D0B2012B1DD0032B45D0F2
:1046C000002B00D034E77F331840254B997B98733B
:1046D000C9B212060BD4002802D0587E8006C00F43
:1046E00000229973A3681870A3685A7087E700289E
:1046F000F6D0587DC006F2E76388002B23D17F33C4
:104700001840174B997B9873C9B2120610D4002831
:1047100004D11A7C043082431A7407E060205A7E68
:1047200082435A765A7E203002435A7699736EE05D
:104730000028EED030205A7D82435A754022587DA1
:1047400002435A75F2E700232361F1E66588002DE4
:10475000F9D1FFF7F5FD256159E0C046EC000020D6
:10476000005C00400022002049020020A42C002010
:104770005419002003221340012B17D1254B227915
:104780001B68002B02D1012040420AE05D68002D29
:104790000AD0591CC97F914206D120001E4A1F49E8
:1047A000A847C043C00FC4E61B68EAE7022B00D04D
:1047B000BEE6184BA2881B68120A002BE3D09D6846
:1047C000002D03D0591CC97F9142E6D01B68F4E745
:1047D000104B1D68002D02D1012040420AE0EB6819
:1047E000002B01D12D68F5E720000B4A0B499847B3
:1047F0000028F7D10123013018409AE6A360022A6D
:1048000000D0A9E69A78DB781B02134323610120CC
:104810008FE6C04654190020FC000020F400002060
:1048200070B500281ED1002910D0144B9D68DC689B
:104830006D18641A9D60DC600FD1114A9A60FFF711
:1048400045FE002803D18030FFF77AFD70BD2200BD
:1048500021008020FFF7C2FCF8E722002900FFF7C3
:104860007DFCF3E77F230340044A4E339B00D218BC
:104870005368002BEAD09847E8E7C046EC000020D8
:10488000080100200023180010B5094A09491488BE
:104890008C4200D1108001330232802BF7D11E22CE
:1048A0000021054804F0AEFC0022044B1A7010BD34
:1048B0004E2B0020FFFF0000302B00202E2B00206D
:1048C00010B5194CE08AC10907D18022174B121A82
:1048D00040005200C01804F095FC154A1378002BD4
:1048E0000FD0013BDBB21370002B02D10122114B20
:1048F0001A70012210490B7853400B700F4B1A703D
:1049000010BD0F4B1B78002BF3D1A088FEF7BEFE25
:104910000C4A0530D3680A33834200DA03000A2BBD
:1049200000DD0A231361E4E7602C00204E2B0020F9
:10493000682A0020810000207A0000206200002008
:104940008F2C002084000020802210B5D20000218E
:10495000084804F057FC0022074B1A70074A084B1E
:1049600012681A60074A084B12681A602022074B27
:104970001A7010BD04260020042A002070000020B8
:10498000680000206C000020640000207C000020F3
:1049900013B508220021684604F034FC0822694659
:1049A0001548EFF751FE154C0521637922791B015B
:1049B00092001343E27A206913436A461370062279
:1049C0000F4B82301B785B0013400E4A1278134362
:1049D0006A465370EEF738F86B46987023890A4A96
:1049E000934200D1FF236A466946D37002480023F0
:1049F0000822F0F7F5FA13BD48A10000840000205A
:104A0000820000208F2C0020FFFF0000F7B5154B1F
:104A10000D1E01930CD0144E3368002B08D0B368E0
:104A20001C68019B00937368002D07D1B3681C605C
:104A3000802202200199FFF791FBF7BD27001C1B84
:104A4000BB42FBD0AC4200D92C0030682200009958
:104A5000C01904F006FD009B2D1B1B1900933C1987
:104A6000E1E7C046A42C0020A01900204378212BA8
:104A700015D0222B04D0203B5A1E93415842704738
:104A8000C37882781B021343180001220C4910409E
:104A9000134202D00A700020F1E70870FBE7802083
:104AA0000B6800214042187004305870D970197199
:104AB00059719A3008319870997107231360EAE7A9
:104AC00083240020F7B500250700FA242E00019169
:104AD0000520EFF7D9FF3B690199320099430B009C
:104AE0005E425E41964206D10135962D04D15A1E92
:104AF0009341D8B204E00125013C002CE8D120000C
:104B0000FEBD00000C224243054B70B59B1818797E
:104B10005D79DC88EEF746FF2841204070BDC04635
:104B20004CC6010810B5FEF7D3FD0400094B186010
:104B3000EFF77EFB2000EFF7F1FC3020EEF732FFBD
:104B4000040000213020EFF767F921003020EFF753
:104B500063F910BD882C002010B5054A054B50683C
:104B6000D860518819801289DA80FFF7DBFF10BD09
:104B70007C2C0020602C0020414BF7B51A780400F3
:104B8000824251D018703F4B3F4D404F404E0193F1
:104B900000284AD03F4B1868002805D03E4A0369D8
:104BA00012681A60F7F73AFC0020FCF70DFF3B4B48
:104BB00000201978F7F72AFE39492B680978394A15
:104BC00003335B1A052001211360EFF7B7FA302099
:104BD000EEF7E8FE80218900014389B23020EFF72B
:104BE0001BF980244720EEF7DDFE6400204381B2EC
:104BF0004720EFF711F9FA204000EFF745FFA02317
:104C0000DB059C6100233B70274B019A5B884320A6
:104C10003380D27A254B5200D15AEFF7FDF880212C
:104C20003F20C900EFF7F8F8F7BDA0238022FA2053
:104C3000DB0552009A624000EFF726FF3020EEF7C6
:104C4000B1FE1B4901403020EFF7E6F84720EEF7B0
:104C5000A9FE184901404720EFF7DEF821000520A2
:104C6000EFF76CFA01235B422A683380124B3C70E9
:104C70001A60019B114A5B7943205B00D15CD1E74C
:104C80008000002084000020C80500205C2C00204B
:104C90007E000020381D0020882C0020542C00208D
:104CA0007C000020502C00207C2C002008C601082D
:104CB000FFFD0000FFFE0000582C00200EC601087A
:104CC00010B5FEF7AFFD104CE068EFF727FC302081
:104CD000EEF768FE0D4A0E4B10401880FEF73AFDC5
:104CE0000020FFF749FF01220A4BFF211A70012320
:104CF0007F325B420848638004F084FA402200213E
:104D0000064804F07FFA10BD602C0020FFFDFFFF75
:104D10006C2A00207B000020AE2A00206E2A002092
:104D200070B5802280256124144B6D4264420021BD
:104D300052001348DD601C6104F064FA8022FF21F8
:104D4000104804F05FFA002140220F4804F05AFA9C
:104D500000220E4B1A800E4B1A700E4B1D600E4B2C
:104D60001C600E4B1D600E4B1C60FFF7A9FF01225B
:104D70000C4B1A700C4B1A7070BDC046840000209A
:104D80004E2B0020AE2A00206E2A00206A2A002026
:104D9000682A0020700000206C00002068000020BD
:104DA000640000208C2C00208100002003000138CA
:104DB00070B5C4B2112800D9AFE0EDF79DFD09210F
:104DC000AEBDAFAE0921AED43A3AE0AEAECEAE89BA
:104DD000804D6B79012C0ED800220E2B01D00133AF
:104DE000DAB26A71FEF7E4FC40082860FFF768FF5A
:104DF000FFF748FD14E00E22002BF2D0013BEFE755
:104E0000FEF7B0FC734A8000136880B2012C0AD10F
:104E100071498B4201D8C01810607048EFF734FE1A
:104E20006F4B01222FE06F498B42F6D91B1A13609A
:104E3000F3E76D4A1278002A2DD06C4AD57E0B2BF1
:104E400001D001235D400020FFF796FEFEF7DEFC57
:104E5000FEF780FCFEF7E6FC654C664A002D02D1A9
:104E6000E38A012B11D8012313700023E380FEF79E
:104E7000A7FC0022604BE0601A70604B1A70584B20
:104E800001321A705E4B1A7047E0013B1570E380E7
:104E9000FEF7A8FCEDE75B4A1268002A3DD1534AB1
:104EA000D27E0B2B01D001235A4057490B68002AB0
:104EB00007D0564A934230D8464A12689B180B6076
:104EC00094E7534A934228D9424A12689B1AF6E75C
:104ED000504B0F211878504D421C1A704F4B1C89B3
:104EE000EDF7AEFDC9B24900414B4C53D98AE0B24F
:104EF000802906D9E001EDF71DFD7F2800D97F202C
:104F0000C0B20122464B40005242C252FEF722FC80
:104F10000020FFF731FEFEF779FC70BD394B1B68AE
:104F2000002BFAD13F4A13703F4A1370FEF79CFDE5
:104F30000120FEF7B9FBF0E7324B1B68002BECD1E8
:104F4000244C03222379002B01D0013BDAB22271D9
:104F5000FEF72EFC4008206048E70220FEF7A4FB85
:104F6000FFF7FAFDD9E70123304A11784B4013705F
:104F700003D10122174B52421A81214B51E72C4B8E
:104F80001C78002C01D000227DE7FFF701FD294BA2
:104F90001C70F8F7A1FF284B1968002906D0274B91
:104FA0001A68002A02D009691C600A60244B002498
:104FB0001868FFF7B7FD234A6300D15A224B185DEA
:104FC0000134EEF729FF072CF5D101221F4B1A708F
:104FD0001F4BD8E7840000203F0D0300A08601008E
:104FE0008C2C00201027000080000020441E002090
:104FF000602C002077000020620000207B00002051
:105000008100002024070020782C00207FA4BF0707
:1050100040771B002E2B0020302B00207C2C002002
:105020004E2B00200B2A00200A2A00208F2C002063
:10503000242A00207C1E0020381D0020202A002069
:105040001C2A00200C2A0020F0C5010803070020BC
:105050001A2A002070B53224FF256320EEF7A2FC47
:105060002840C72806D9013C0120E4B2EFF70CFD27
:10507000002CF2D1EFF7FCF9EFF7FAF9154B040029
:10508000DD8A1880D888802D06D92900C001EDF767
:1050900051FC7F2800D97F200F4EC0B20F4943003A
:1050A000B44203D101225242CA5207E0CA5A802DAB
:1050B0000AD9B24202D0A24201D8CC5270BD03201C
:1050C000424312199208EFE7A242F6D91219521080
:1050D000EAE7C046602C0020FFFF00004E2B0020B6
:1050E00070B5284E8AB03000EDF7F4FB8022041E24
:1050F000254D264815D1210004F084F88022210096
:10510000280004F07FF80323220002212048F8F74A
:10511000A3FF0423220002211E48F8F79DFF0AB0D6
:1051200070BD002104F06EF880220021280004F0F8
:1051300069F8112C06D80323002202213000F8F769
:10514000FBFFECE705AD11223100280004F089F9DE
:1051500000220323113C022128006A74F8F7ECFFB7
:10516000231CA4B2112C00D911239CB222000A499D
:10517000684604F076F96B46002202211A5568460B
:105180000423DCE747050020AF1B00202F1B002075
:1051900057A8010864A801085805002010B5044B61
:1051A0001B78FF2B03D0034A9B009B58984710BDE8
:1051B000FB1D00206CC7010870B50400FF281CD03F
:1051C0000E4D2B78834214D0F1F746FA00230C4A97
:1051D00013700C4A13700C4A13700C4A13700C4A6B
:1051E00013700C4A13700C4A13700C4A1370EFF7CB
:1051F000F3FA01220A4B2C701A7070BDFB1D0020BF
:10520000171E0020E0210020F61D0020DC1D0020DC
:10521000DB1D0020DA210020F71D0020D91D002011
:10522000241E002000200122064B10B51870064BEA
:1052300052421870054B1A80054B02321A70FFF764
:10524000BBFF10BD92060020910600202600002022
:10525000EF1D002010B5802205490648EFF7F4F94C
:10526000E022054905489200EFF7EEF910BDC0466F
:105270003907002008100100AF1900208810010034
:105280000EB403B5012103AB04CB49420193FEF7F1
:105290003DFD02B008BC03B018470000F0B589B06E
:1052A000F9F724F80520F9F709F8082300930023FB
:1052B00002211A005F48F8F78BFE5F4C5F4BA67D1A
:1052C0000A21B5076D0FE85AEDF734FB83B25C4F46
:1052D0000393B60700D15B4F5B4B0A21585BEDF798
:1052E00029FB5A4E80B23B003100039A009004A87B
:1052F000FFF7C6FF062304A800220121F8F7ACFE41
:10530000534D54482B78002B12D1534B53481B78E4
:10531000002B0DD1524B1B78002B33D1E27C002A9D
:1053200023D0A27C4F49013204A8FFF7A9FF04A8AB
:105330000A237F2200930021073BF8F749FE2B78D0
:10534000002B06D1E37C002B46D0474B1B78002B6B
:1053500042D0464B1A78444B1B78002B1BD1444952
:10536000013204A8FFF78CFF2DE0A38A41495000C9
:10537000085A0132834201D13F49D5E7302AF6D19C
:105380003E48D5E73E4B3F481B78002BD0D0374BEB
:105390003D491A78C8E73D4B02AA13812D233C49A9
:1053A00093720A780A2A01D03032D3B202AAD37299
:1053B0004B782D220A2B01D03033DAB202AB1A73AC
:1053C000002302AA53730A237F2200930021093B82
:1053D00004A8F8F7FDFD22E01F4B1B78002B01D03D
:1053E000A27CBCE7204D2B78002B1CD1A68A0A2179
:1053F0003000EDF725FB30008CB20A21EDF79AFA68
:105400002300244982B204A8FFF73AFF2B78242115
:105410005A42534104A80122DBB2F8F7ADFEEFF780
:105420003BFA09B0F0BDF9F747F81B490200C31C6D
:10543000E9E7C046E4A30108441E002054AE010879
:105440006EA20108A1A901085CAE010880A80108AC
:10545000F71D00206EA80108D91D002074A80108BE
:10546000DB1D002089A80108171E0020A21D0020B6
:10547000ABA80108421D002094A80108C8A5010896
:10548000A61D002079A80108A0A801084348000033
:10549000D0030020B3A80108BAA8010800B58022F3
:1054A000002112488BB003F0ADFE114B1A78114B5E
:1054B000022A09D0104B1A78104B002A04D1104A46
:1054C0001278002A00D10F4B0F48104A007812784A
:1054D0000F49009002A8FFF7D3FE06230022022105
:1054E00002A8F8F7B9FD0BB000BDC046AF1C002004
:1054F000F4050020DCA10108E20500209FA60108B8
:10550000ED050020C4A801085E0000200100002075
:10551000C8A8010870B508490400EDF791FA200009
:105520000D000549EDF706FA044C02002B0020009F
:105530000349FFF7A5FE70BDA0860100382A0020B0
:1055400089A10108F0B587B0002801D1354B186852
:10555000FEF7BEF80500FFF7DDFF2B220127324CD6
:10556000110000232000F8F777FD304E304B327DDC
:1055700030499200D2182000FFF782FE00233A0043
:10558000742120000097F8F757FEF27A2A4B920018
:10559000D2582A492000FFF773FE002307226C210E
:1055A00020000097F8F748FE2800FEF791F8244BFA
:1055B0000500492218000021039303F023FE214B2C
:1055C0001B78002B24D0204B204E1A68954216D011
:1055D00000241D6034700022A7B211003800F6F7D5
:1055E000AFFE002818D00822200104A9EFF72CF8FC
:1055F000049B9D4210D139003000F7F7CFFF33787C
:10560000002B05D006223000114B0399F8F7C0FC9F
:10561000EFF750F907B0F0BD80230134DB009C4266
:10562000D9D1ECE7882C0020382A00208400002003
:10563000ECB40108D5A80108F8C50108D9A80108EB
:105640006407002080000020342A0020252A002042
:1056500072B901080CB407B504AB04CB0193FEF793
:1056600055FB03B008BC02B018470000002270B51B
:10567000040010000B4E93B2994200D870BD08256B
:10568000A35C1B02584003B2002B07DA5B00734097
:1056900098B2013D002DF6D10132ECE7400080B216
:1056A000F7E7C04621100000F0B5802704000E0087
:1056B000150085B07F04002D01D105B0F0BD002399
:1056C00000930A3320006B4403AA2900FDF73EFF34
:1056D0006B4603985A89B8420BD3FF21300003F080
:1056E00091FD6B465B891C19ED1AA4B2F618EDB258
:1056F000E1E73100EEF7A8FFF3E7F0B504000D0095
:10570000082685B009270A236F4420006B44310026
:10571000009703AAFDF71AFF802303985B049842C1
:1057200005D26A4629003B785289EFF759FC6B464F
:105730005B89F61A1C19B6B2A4B2ED18002EE1D19D
:1057400005B0F0BD30B58024094A4118884208D11F
:1057500030BD013B1568254205D1002BF9D1013040
:10576000F4E7044BF6E7002BF9D003785360F6E733
:105770000038014010270000F7B50F001400012881
:1057800027D00F262B4D030033403A5CEB5C53408F
:105790003B5401308442F6D86A46274B68460421C0
:1057A00013805480FFF7CEFF21003800FFF7CAFFB7
:1057B00023003340EB5C0134DB4301A83440037029
:1057C0002B5D0421DB4343701C4B4380FFF7BAFF82
:1057D0002FE0902A2DD81A4803F043FE19490022E1
:1057E0000800231D134D5B1817000F263740EE5D90
:1057F000077901327E40067101309442F4D8552277
:1058000052420A7022324A70220ACA700F202200C5
:105810000240AA5C8C70D2431A70621C0240AA5CDF
:105820007230D2435A70054A5A8022000832FEF77D
:10583000D5FCF7BDF4C60108ABCDFFFFDCBAFFFF16
:10584000342F0020302F00200E4B70B51B78002B1A
:1058500015D00D4D2B78002B13D001230B4C0A00D3
:10586000010081202370FEF7B9FC094B2278002A41
:1058700007D0013B002BF9D123702B7001E0FFF71B
:1058800061FF70BD8924002083240020A32C002008
:10589000A0860100F0B585B0002815D15E4B5F4DA4
:1058A0005A6880235B009B1A5D4A5E4E9BB2009251
:1058B0005D4A80209446FF2440002A889A4200D006
:1058C00094E0002005B0F0BD584B594A1B68594D73
:1058D000594E9BB20092EBE7013222402A802A887F
:1058E0009A4200D194E0B75CAB2F00D181E001393E
:1058F00089B26145F0D1991A9A4202D3591CFF31FD
:10590000891A89B20729DCD901322240B75CCD2F30
:1059100074D0013880B22A806045CED1FF202A8819
:10592000019202320240541C0440375DB45C3F02D5
:105930003C4327B202978027039408347F00BC427F
:105940005AD8029C07348C42BBDA029902328C1C72
:105950000240A4180440315DDC294DD1611C014096
:10596000715CBA2948D193B2B118A24249D9FF1A41
:10597000BFB23A00009803F074FD22003100009B92
:10598000D81903F06EFD0234019BE7B2E4B2F018BF
:10599000A34239D9802252000021D21A03F032FCEE
:1059A0003A000021300003F02DFC039B2C80991C51
:1059B0000F24002321481A00009D2240ED5C825CE8
:1059C0006A40009DEA5401338B42F4D303992800C6
:1059D000FFF74CFE029A0299AB185A786B5C1202E0
:1059E0001343181A42425041C0B26BE7802149006C
:1059F00075E7002900D07EE72B8062E700288DD173
:105A0000FAE70098A21ABCE7019B0021FA1ACAE73C
:105A10000029F1D055E7C0461C0002402C2F002081
:105A20002C2D002054180020FFFF00007C020020D5
:105A30002C2E00202E2F002080020020F4C601080A
:105A4000F0B50500474CA3B0002800D1464C238890
:105A5000464A934235D004D8454A934209D023B0F0
:105A6000F0BD444A934254D0434A9342F7D1F0F7F1
:105A700025F96368414A002D00D0414A1360042291
:105A8000404B1A70404B08321A70404BDB7F3C2B66
:105A900001D8EDF773FF3E4B3E4901A8009303F098
:105AA000D8FC6A463C4B1B7813750023537528229B
:105AB000069307930893099369462800FFF75CFE55
:105AC000CDE72E4B002D00D02D4B1B68A2689A42CB
:105AD000C5D10C222C4B00211A702A4B083A1A709F
:105AE0006B467D32D81D03F08DFB6A4669462B4B11
:105AF0001380A279131D4B80274BA0881B788880C8
:105B00008A71002B02D102A9FFF7CEFDA2790832DB
:105B1000D2E71A4B002D00D0194B1B68A2689A429D
:105B20009DD10C22184B1A70164B083A1A706A460F
:105B30001B4B0093A3889380174B1E78002E05D132
:105B400027000C37A379DB089E4201D30622B3E776
:105B5000A388F000C018390080B2FFF7CEFD0136EF
:105B60000837EFE72C2E00202C2D00201B0500000D
:105B7000140500001D050000DD050000282D002093
:105B8000242D0020FA1D0020C51D00204C1E0020E1
:105B9000150524002BAE0108F42000201C05000090
:105BA0001E05020070B504000125EFF7D3FA80202E
:105BB000EFF74CFB60002843C0B2EFF747FB28002B
:105BC000EEF762FF0020EFF7F5FA04002800EEF789
:105BD0005BFF2800EFF7EEFA0500EFF7D3FA20029B
:105BE000284380B270BD70B505000C00EFF7B2FA23
:105BF0008020EFF72BFB6800C0B2EFF727FB60BAFD
:105C000084B2C0B2EFF722FB002802DB200AEFF7D4
:105C10001DFBEFF7B7FA70BD10B502200149FFF781
:105C2000E2FF10BD410200000F4B4A00D35A70B58D
:105C3000C01A84B205200D00FFF7B4FFC0239843BB
:105C4000AD0181B229430520FFF7CDFF21000320DC
:105C5000FFF7C9FF0548EEF717FF8021090203206F
:105C60002143FFF7C0FF70BD54AE010810270000AC
:105C700010B5044B997D988A8907890FFFF7D4FFE7
:105C800010BDC046441E002010B50C4C238AA382D0
:105C9000E37C002B0FD00121A07CFDF7ADFCFF2899
:105CA00004D100230138E374FF3810BD044BA07405
:105CB0004000C35AA3820020F7E7C046441E0020DC
:105CC000421D0020F8B509230124CB4005002342E2
:105CD0001DD0244B1B78002B02D103394C424C4180
:105CE0000127214E3770EEF777FD03221F4B1A7004
:105CF0000E2D34D82800ECF7FFFD080B3219323294
:105D00003232272A323232322D00EEF721FCF8BD32
:105D1000032017498A7D93079B0F01330340824379
:105D20001A438A750122134B1A70F0E70124104AB6
:105D3000D37C6340D374FFF7A7FF00280FD1FFF790
:105D400097FF0C4B1C70E2E7EFF792FFDFE7EEF7EF
:105D50007DFFDCE720003840F0F7D0FBD7E70223D7
:105D60003370D4E7B9070020151E0020570000202B
:105D7000441E00209506002070B5A0230C00802151
:105D8000DB054900996200210F4B104D19702978ED
:105D90000A23002900D16E330D490E4E0B800023DB
:105DA0000D49B0820B700D490B700D490B700D49F8
:105DB0000B709A4204D1001980B2FDF737FCB08213
:105DC0002C70FFF755FF70BD401D0020DB1D00202B
:105DD000A41D0020441E0020B51D0020A31D00208E
:105DE000F71D0020D91D00200022114B10B51A709C
:105DF000104B1B78934203D00F4B0132FF325A8273
:105E0000FFF742FFFFF734FFF7F7C0FD00230B4A0F
:105E100013800B4A13700B4A1370EEF7C7FEA023D2
:105E20008022DB0552009A61074BFF3A1A7010BDC1
:105E3000DB1D0020A61D0020441E0020A41D002004
:105E4000B51D0020F71D0020401D00200B0070B57F
:105E500054001C191100E4B2122823D8ECF760FD9D
:105E6000130013001300130013001300130013009A
:105E7000130013009300F500F50055019000B001E8
:105E8000B401B801B801002C00D075E0B04B1B780C
:105E9000002B00D070E0AF4B1B78002B03D0AE4B33
:105EA00002221A7070BDAD4B1B78002B1AD1AC4B7F
:105EB0001B78002BF3D1AB4BDE7CF8F7E5FA10230F
:105EC000A94AAA4D13700D3B2B70A94B1978002ECF
:105ED0002DD1012908D1A74A11780129E2D95170A1
:105EE0001670DDE70226E8E70329DBD901241E70DE
:105EF0001470F8F7E1FAF6F72FF99A4A9E49937D64
:105F00009B075B0F595A884203D39C495B5A9842BE
:105F100005D90222904B1A7003232B70C2E780B27E
:105F200010829082FFF7A4FE954B1C70BAE70229FD
:105F3000B8D100211970012313708E4B5C781A7848
:105F40000A235343013CE418E4B2012E0FD1200090
:105F5000FDF734FB0028A2D0824A8A4B9474640077
:105F6000E35A9382FFF784FE854B1E709AE72F2C2D
:105F700000D994E7844BD8E72100FFF7A3FE91E70F
:105F800021000E20F9E7032C05D101220A2011007F
:105F9000EFF7FCFD86E7002C00D083E70322734B6C
:105FA0006D4D01341A702C70EEF716FC6C4B1B789B
:105FB000002B2CD16E4B1B78002B00D06FE7694A69
:105FC000D37C002B0FD165480578002D07D06E4992
:105FD0006C4B0978928AA140CA52694B1C7001230C
:105FE0006B4003705EE75B4D2B78002B0BD00121DB
:105FF000927C644B52004942D152FFF745FEFFF7B5
:1060000037FE5F4B1C7001232A78534085E75F4BB6
:106010001B78002B03D15E4B1B78002B04D102238D
:1060200000222B70524B3CE74C490878002808D0DE
:10603000554A4C4D1278534BAD8A5200D552504BB5
:106040001C70012343400B702CE701250B2820D145
:10605000EEF7C2FB464B1B78012C1CD1002B00D065
:106060001DE73D4B1C703F4CE37E002B01D16D4280
:106070006DB23A4B1B78002B17D003223B4B1A70A2
:10608000414A13785B19591C0CD02F2B0BDD0023D0
:1060900009E06D42DCE7002B00D003E7032C00D0C1
:1060A00000E7E0E72F231370FCE62D4B1B78002B55
:1060B0000BD0364B1A78002A00D0F0E62900A08ACF
:1060C000FFF75AFE0322294BEBE6E37C002B14D0AA
:1060D000A67CE9B27018C0B2FDF78EFAFF2809D08D
:1060E000864207D0274BA0744000C35AA3820122E6
:1060F000234B1A70FFF7BCFDE4E7208A401980B2F9
:10610000FDF794FAA0822082F1E7194A1378002B58
:1061100016D0002C00D0C5E601200F4908701049A8
:106120000978002949D1002B34D10C49094B0A7850
:10613000002A09D11A78002A06D1EEF709FAB1E649
:10614000012C00D0AEE6E7E700220A701A70B9E72A
:10615000B9070020D91D0020151E0020F71D0020C2
:10616000DB1D0020441E00201C1E002057000020C4
:10617000171E0020D003002054AE01085CAE0108B9
:1061800095060020421D0020A21D0020A61D002013
:10619000A31D00200A2110241248013BDBB2C15488
:1061A000114913700C70002B04D0012B8AD1037895
:1061B000002B87D10023137084E7FFF715FE81E7DA
:1061C0001800F0F78DFA6DE61800F0F7D7FA69E6D7
:1061D000012C00D166E60222044B1A70EEF7FCFA9D
:1061E00060E6C046D00300201C1E0020151E0020C3
:1061F0000023F7B501212D4A2D4D13702D4A117042
:106200002D4A13702D4A1380AB7DAE8A9B079B0FDE
:106210000193002E45D02A4F3C78002C3CD1294ACE
:106220006300E0B2D15A0134FFF7DDFC222CF6D135
:106230002548EEF729FC19202449FFF7D4FC192042
:106240002349FFF7D0FC2348EEF71EFC01233B70E7
:10625000214B052019784B4259410F2349421940DF
:10626000A1231B01C918FFF7BEFC30000199FFF7FD
:10627000DBFC1A48EEF752F9A0238022DB0552001E
:106280009A61174BFF3A1A70164B38351A70032370
:106290002B70F7F721FEF7BD02201349FFF7A3FC8F
:1062A000D6E702201149FFF79EFCE2E72307002012
:1062B000441E0020161E0020DB1D002010070020B9
:1062C000A22C0020B0C6010890D003003CA800001A
:1062D000BCA8000060EA00000507002080789D004F
:1062E000401D0020291E0020010200004102000084
:1062F000054A1378082B01D9002313701278034B39
:106300009200D0587047C046A12C00208CC60108CE
:10631000F0B589B0F7F7EAFF704D71482B78002B84
:1063200005D07048012B02D000236F482B70082342
:106330007F22009302210023F7F74AFE6B4B04AC47
:106340001E78002E43D16A4B6A491B681F683800CB
:10635000ECF776FB380002916649ECF7EBFA6649F8
:106360000200029B2000FEF78BFF0F2002AF0323E9
:1063700032006121C019F7F76FFEE6710023022297
:1063800010212000F7F7F8FEFFF7B2FF5B4A5C4BE5
:1063900016882A7802901B88C188002A25D1594B7B
:1063A0001A78072A1CD8D2011300200056498033DE
:1063B0000132FEF765FF08237F22009302212000AF
:1063C000033BF7F705FEEEF767FA09B0F0BDF8F703
:1063D00073F84E490200C31C2000FEF751FFCDE7C1
:1063E00020004B4903F035F8E5E79B191F1C9BB2D1
:1063F0008B4200D90F1C4748BFB27843ECF724FB0F
:1064000083B2180064210393ECF794FA642185B2F7
:106410000398ECF715FB404A8BB21278002A52D150
:106420002A0020003D490096FEF72AFF3C4B1B78CE
:10643000002B17D008233C25422620007F22022172
:106440000093033BF7F7C4FD364C374B7A22E554F3
:10645000364B81213648E65402F0D4FE354BE654E3
:10646000354BE554002FAED0244B344918880B78B7
:1064700083420AD007257B1EDC101D400123AB4060
:106480002F4A0870155D2B431355002307201A006F
:1064900084462C492C4D8124974209D9284ED0108E
:1064A000305C6646164030410126304200D13C3413
:1064B00002980C70C0881B189BB2772B09D8013149
:1064C000A942E8D17FE72A0020002049FEF7D8FE44
:1064D000ACE7783B01329BB292B2EEE7321D00206E
:1064E000DEA80108ECA80108F5A80108171E002085
:1064F000381D0020A0860100FFA00108F80500203B
:10650000F6050020A12C00200DA9010803A901080F
:106510001DA9010810270000FB05002026A901087D
:10652000A02C0020AF190020010200000202000090
:10653000B21B00207D0200007E020000902C002093
:10654000912C0020B31B00202B1C00203BA901082C
:1065500070B5002207250749074C13002B405B004C
:106560004E881B5B013273404B8002318242F4D172
:1065700070BDC046480600207CC60108F0B5804BBF
:106580008DB01B78002B19D07E4B1C78002C15D1B8
:106590007D4B1B78012B13D0022B00D1E7E00122A9
:1065A0007A4B03201A70EEF77CF90420EEF779F9A4
:1065B0000520EEF776F90620EEF773F90DB0F0BD81
:1065C000734A744C12782378002A75D0FEF788FD40
:1065D000714D80220021280002F014FE6F4B1E78BE
:1065E00033007F33DBB201937F236D4A3340009247
:1065F00000996C4AC95CD25C0136F6B20B1C914220
:1066000000D2131C7F21674A00983140525C415CE4
:10661000DBB20F1C914200D2171C0024FFB23F2BAB
:1066200007D8072041215843ECF784F906231C1AA8
:10663000E4B200203F2F07D8073041217843ECF720
:1066400079F90623181AC0B2012106230F001B1B7B
:106650009F402A783A432A70844279D20F009F40A3
:106660002A7801343A43E4B22A70013BA042F5D2C1
:10667000019B01359E42B7D17F23009A1E40494BB2
:10668000915D9B5D0A1C994200D21A1CD2B2402334
:106690003F2A0BD8072041215043ECF74BF9062342
:1066A000181AC0B2181A053B8340DBB23E4A3F4974
:1066B0005354FEF7F3FE72E7002B03D13C4C2378D2
:1066C000002B83D02000ECF705F980220700002181
:1066D000384802F097FD80220021374802F092FDF1
:1066E0000323002202213548F7F7B6FC112F06D804
:1066F000032300221C212000F7F7AEFC68E70026E8
:10670000BDB2222F02D92E00223EB6B21122A1190B
:1067100002A802F0A6FE002202AB113D5A74AD1B86
:1067200003231C2102A8F7F797FC2B1CADB2112DF7
:1067300000D911239DB207AF11362A00A1193800E4
:1067400002F08FFE00220423022138007A55D3E79D
:1067500084428DD906231B1A0F009F402A780130EE
:106760003A43C0B22A70013B8442F5D280E7FEF77B
:10677000B7FC80222100084802F044FD99E7C0469A
:10678000D31D0020FB1D0020F4050020241E002046
:1067900047050020A42500202F1C0020A325002051
:1067A00023250020A3240020AF190020FF020000B1
:1067B000D20500202F1B0020AF1B00204BA9010891
:1067C000F7B5484D022816D0032800D180E02B7879
:1067D000012808D0052B02D801332B7002E00122DA
:1067E000414B1A70F7BD052BF9D898403F4A1178F4
:1067F00001431170F0E729780029F3D03A4B3B4A66
:1068000000931B780192002B11D14A1E052A0ED845
:10681000019A1478364A100056788E4210D1967834
:10682000A6420DD103225343C65C002E0DD1002396
:10683000019A2B7013702F4A1370009A1370D1E7CE
:10684000013303322D2BE7D1F1E7392E09D8252E5C
:10685000EDD93200284B263AD2B2D340DB0709D417
:10686000E5E733003D3BDBB21D2BE0D8234ADA409D
:10687000D207DCD51F4B224C1B78002B12D023787B
:106880000F2B06D90F221F491F4802F0C3FD0F230B
:106890002370202021781C4B4A1C58540021D2B26E
:1068A000227099542378184F0F2B06D90F223800E5
:1068B000144902F0AFFD0F2323702278531CBE54FD
:1068C0000022DBB2FA542370104B01321A70AEE78B
:1068D00000230121054A2B701370064A1170024AE9
:1068E000ACE7C046A2240020A1240020A024002060
:1068F0001CC501089F240020E5FF0F00F5FFFF3FA6
:106900009E2400208E2400208D240020241E0020A0
:10691000F7B526222D4BFF329E5C0023233AFF3A27
:1069200005001C002A4F3240012A1DD00122294BAC
:106930001B699B0A9A430192F30605D5A020082102
:10694000C005FEF7BFF80400730706D58021214873
:106950000901FEF7B7F80443E4B2B60631D4019B4F
:10696000002B01D03B68013300211B4A3B608C4265
:1069700001D01168013111600222184E184C307894
:106980009A429B418A4292414142484121785B426E
:106990004F42794152424042494218401140114F02
:1069A000A870E9702B706A70002806D00021397039
:1069B0003978337029712270F7BD0029F8D0012190
:1069C000F5E72300019C0193C9E7C046441E00205F
:1069D000A805002000040050A4050020AD050020FB
:1069E000AC050020A2050020F7B5051E03D00378F2
:1069F0000024002B17D1F7BD0E4E0F4F33784F2BCD
:106A000006D94F2238000D4902F004FD4F233370A0
:106A1000019932780978531CB9540022DBB2013451
:106A20003370FA54E4B22B1901932B5D002BE3D1A0
:106A3000E1E7C0468C240020A4250020A5250020E5
:106A400010B5094C094A23780949D054CA5C8242DE
:106A500005D2C8547F2201331340237010BD002A91
:106A6000F8D0013ACA54F5E7A3250020A32400205A
:106A700023250020F0B53D4B87B003931B7805908C
:106A80000293002B70D03A4B3A4D1C780493002CA3
:106A900043D021002888EBF7D7FF0026022C00D82E
:106AA0001436642714217843EBF744FF031CC0B26B
:106AB000B84200D93B1CDAB2B24200D2331CDBB27E
:106AC00019270193022C00D814272B4B019A2B482D
:106AD0001A700023049A2B801370294D029AAB542C
:106AE0002A789A422ED00122E95C002918D1254B40
:106AF0009B5C2A2B01D03F2B0AD10024224E280078
:106B00007168EBF7DDFE002817D11F4BE4001B5D19
:106B10001E4803700023437014E064230193D3E7FD
:106B20002E2905D152003F2AE7DC0133DBB2DBE737
:106B30002D29E2D152000132F5E701340836362C16
:106B4000DDD113480378002B04D0019B9F4201D86C
:106B5000FFF74AFF0023039A2B701370059B002B4D
:106B600002D00648FFF740FF07B0F0BDE505002062
:106B7000CF050020D00500205E000020FAA2010809
:106B8000D2050020DCC4010868AA01088A2400207C
:106B9000B0A2010810B5002804D000221B4B1A70C7
:106BA0001B4B1A70002401221A4B21001C701A4B37
:106BB0001A481C701A4B1C801A4B1C801A4B1C70F4
:106BC0001A4B1C701A4B1C701A4B1A707F3202F051
:106BD00019FB80222100184802F014FB7822174B81
:106BE00052421C70164B1C70164B1C70164B1C80AE
:106BF000164B1C70164B1C70164B1A80164BDC3251
:106C00001C80164B1C70164B1A7010BD8C24002073
:106C1000A4250020E5050020D2050020A3240020A3
:106C2000EA050020E6050020EC050020E205002032
:106C3000E1050020EF05002023250020ED050020C0
:106C4000E4050020E3050020DE050020A325002048
:106C5000E805002018000020D0050020CF05002006
:106C60005E000020962010B50F4BC0001978EBF79E
:106C7000EBFE1423132803DDDC33984200DC83B2DF
:106C80000A4A0B49138003225A4392B20A800949E7
:106C900000200B8008490A8007214B43074A1380D4
:106CA000FFF778FF10BDC046010000201C00002047
:106CB000100000200E000020120000201400002010
:106CC0002A4B10B51A78002A4ED000241C70284B8D
:106CD0008022210027481C7002F094FA80222100B3
:106CE000254802F08FFA80222100244802F08AFA17
:106CF00021008022224802F085FA0120FFF74AFF96
:106D000020490B78A3420DD01F4A204B12780C70FB
:106D1000DA771F4A1F4B1278DA7701221E4B1A705E
:106D2000F5F79EFC1D4A1378002B0BD01C4B1D4918
:106D30001B7804200B70002111708B4200D00238A8
:106D4000EEF7CAFF18490B78002B05D0174A184BED
:106D500012781A7000230B70EDF7D7FA0022154B4A
:106D60001A70154B01321A7010BDC046D31D002099
:106D7000F40500202F1B0020AF1B00202F1C00203B
:106D8000AF1C0020DE030020E0030020491E00208D
:106D9000DF0300204A1E002052000020DD030020F7
:106DA000DC0300202C070020DB030020DA03002096
:106DB000851E0020B9070020241E002070B5234A3C
:106DC0001378DCB2002B10D1214B5D686D42EDB21F
:106DD000204A13789D420DD1002C17D00F221E4B54
:106DE0001A7000221D4B1A7003E01378013BDBB2CE
:106DF000137070BD591C1170194A1A48D15CEDF717
:106E00009FFC002800D120000400E1E70225164B7A
:106E1000FF351E68F6B2154A13789E4207D1002C42
:106E2000E7D00F220C4B1A700C4B0E3ADBE7013DFA
:106E3000002DF4D00E490F48C95C01331370EDF7F3
:106E40007FFC002800D120000400E4E78424002017
:106E50001C000240862400205D00002089240020C0
:106E600054180020852400207C0200208824002063
:106E70008002002087240020F0B5554A8FB0137897
:106E80000390DDB2002B05D1524A1378002B06D1B6
:106E90000FB0F0BD1378013BDBB21370F8E7013B94
:106EA000DBB213704C4A002BF7D01378002B02D1C1
:106EB00001331370039300242600102200210AA836
:106EC00002F0A0F9454F01970D2104ABC91820002D
:106ED000FCF790FE0123424907A81A5C0133514098
:106EE000404A5143092BF8D13F4B0A0C1B784A40CA
:106EF0000293019B92B21988914206D1029B1A1B00
:106F000051424A41039B1A430BD0072101232140E0
:106F10008B401900E2080AA8835C093619438154A2
:106F2000B6B2019B01340233E4B20193802CCBD181
:106F30007F21029B2C4A01330B401370002EA7D0F7
:106F40002A4B1B78132BA3D104ABD81CFF237E390B
:106F50000370FEF779FC264B05A803800223052168
:106F60008370330A0671C3700126FEF76DFC793C0D
:106F70000AAAEB08D35C2A0022401341334219D0FD
:106F80000D2104ABC91828001D73FCF733FE09213D
:106F900007A8FEF759FC0122114B0C2004A909187F
:106FA000895C01324B400F494B43092AF5D11A0C39
:106FB00053403B800135EDB20237802DD8D104AB70
:106FC000981C0A2301210370FEF73EFC60E7C046CF
:106FD000842400205D0000208224002082230020E1
:106FE000C59D1C81930100018023002059000020D1
:106FF000AA550000038810B501330380FFF778F924
:10700000074B084A1B8812889B18C2889BB29A4279
:1070100005D80222044B00201A70FFF72DFF10BD87
:10702000F6050020F8050020321D002010B50124CF
:1070300000210A4B0F221C70094B1970094B198053
:10704000094B1970094B1870094802F0DBF8200051
:10705000FFF712FF074B1C7010BDC046A02C00208C
:1070600090060020F6050020171E0020FB050020DA
:10707000912C0020321D0020F8B5002A45D10029AE
:1070800043D010283ED0414B01321A700D2800D950
:1070900079E0EBF731FC0707070707070707070742
:1070A0004061614CF7F7F0F9394B1A78052A29D974
:1070B00000241C70F7F700FAF5F74EF864254543F5
:1070C000344E33689D4221D373689D421ED22800FE
:1070D000F4F7DCFE002819D12F4F28003E68B18B51
:1070E000F4F7A2FE34863060B0603000F5F796F910
:1070F0002A4B3A6801201A60FAF766FCEDF74CF962
:10710000EDF70CFE0422264B1A70F8BD0134083648
:10711000072CD6D1F6E70120FFF788FF214B224A42
:107120001A8000225A80214A0833DA87EAE7184B8E
:107130001C78002C09D12000FFF778FF1C4B1C7035
:107140001C4B1C80EDF7FCFDDCE70A22013CE4B29D
:107150001C70194B1A55D5E701230B280FD1174A7C
:10716000D27E002A01D15B425BB2154C20780133FC
:1071700007D001300921EBF763FC2170C2E75B42C5
:10718000EDE70830F6E702221A70BBE7151E002073
:10719000171E002030AA0108381D0020341D0020D1
:1071A0005700002048060020CDABFFFFBADCFFFFF0
:1071B000902C0020F8050020D0030020441E002061
:1071C000A12C0020037842680078084940B20028CA
:1071D00006DA7F20034046339B00CB185A60704785
:1071E0004E339B00C9184A60F9E7C046EC00002006
:1071F000F0B5BB4F87B03B79DAB20192BA79D2B21F
:1072000002927A79D2B20492BA7BD2B205925B072B
:1072100025D5C022B34D00215200280001F0F2FF15
:10722000AE2200244026B04B52006E6021003C701C
:1072300080209C5232002C70FDF7A6F8320021000D
:107240002000FDF7A1F821000120FCF707FD012235
:107250007B7813437B70A54BBA727C721C70019BC8
:107260009B0703D500210620FCF7F8FC019BDE07F5
:1072700003D500210520FCF7F1FCBB7A029A1A40E5
:1072800013000192DB0711D50024BC73387C042362
:107290000500964AC1B21D40184219D0397C994365
:1072A000397414700123019A9A4301920124019BBD
:1072B000002B00D0C0E001247D7A049B1D40019585
:1072C000019B002B00D01BE1059BBB7307B0F0BDF9
:1072D000CB0602D580233B741570824B18780028AA
:1072E00004D01878C0B23870002018701478E0B25A
:1072F000062CD7D80124EBF709FB07005D00D5FF6A
:107300006C009C009C009A002142CBD07B7C082B17
:10731000C8D100227648774B017899540132082A67
:10732000FAD1714C220003CB03C28023E2885B00B8
:107330009A4206D923787F2B03D88020FDF700F8E6
:10734000B0E700206C49E260A160226120758242B2
:1073500005D023787F2B02D8FCF700FFA2E7FDF7CA
:10736000B5F80028E9D0E38826691D000293B342EE
:1073700000D93500A168E5608B070CD080235B0045
:107380009D4200D98EE75C4B2A001800039302F05F
:1073900068F8039BA360029BB34205D9B60603D1EC
:1073A0000123564A237513702A008020A168FCF738
:1073B00015FF77E75A6B198D986B8A4206D9081822
:1073C000521A98635A63FCF79BFF6BE71018002270
:1073D000F7E7214200D165E77A7CD0B2002A12D1CA
:1073E0001900D0310A6812180A601A00D8321168E0
:1073F000411811601A00C8321288824210D9002048
:10740000FDF70EFA4EE71A00D03211680200384D2F
:107410002C78013A92B20C700131002AF8D1DFE7E2
:10742000D4331B689942EAD040233B743AE70020EA
:10743000C9E70023137035E70123A3400293029AA2
:10744000019B134229D00422BC737B7D134202D0DE
:107450007B7D93437B7514216143224D69184B6BEF
:107460000A8D086B93421BD980180863896B9B1A9D
:107470005118142666431B48801981634363002B0F
:107480001FD122007F331A401C420FD10800FCF7A5
:1074900037FF019B029A934301930134E4B206E75C
:1074A000C0180863896B59180023E2E70E4B463277
:1074B00092009B185B68002BEBD0802020439847FC
:1074C000E7E79A4200D91A0014236343ED1820001D
:1074D000296B92B2FCF7D4FB01237B75D9E7C04638
:1074E000005C004000220020EC000020F921002078
:1074F000205C00402022002008010020F82100200C
:107500000126A640019B334229D00122BC737B7E19
:10751000134221D0BB8B9AB2002B23D1142161439B
:107520001C4B5B181800D030016889180160816815
:1075300051188160D42084469C44604665460068AA
:10754000C833801A28601B8893421BD97B7A20009D
:10755000B3437B72FDF764F9019BB343019301349C
:10756000E4B2ADE60C4BA000C018142363430B49F2
:107570005B58D11889B205781D7001339DB28D42D8
:10758000F9D1CBE70028E1D001227B7E93437B76C3
:10759000E2E7C04600220020205C0040D02200200C
:1075A000064A11784F2907D820204B1CDBB21370F4
:1075B000034A50540021D1547047C046430500206F
:1075C000470500200121054B82B09A6B0A439A635C
:1075D0009B6B0B400193019B02B07047001002406F
:1075E000042370B50024074DAB620023E1B21A00FA
:1075F00018000134EDF7FCF8082CF6D10423AB6138
:1076000070BDC04600040050F7B505000F0014001F
:107610001E0082420FD1994201DC0E001F00BE42C3
:1076200000DDF7BDF2B201231648E9B20136F6F7E4
:10763000F1FD36B2F3E7FA205E1A8000511B704369
:10764000EBF702FA104906006843EBF7FDF9C3199E
:107650000193AC4202DB23002C001D00270077437E
:10766000AC42DEDCFA2138008900EBF7EDF9019B32
:10767000E1B2C218D2B201230248F6F7CBFD0134C1
:10768000BF19EDE7AF19002018FCFFFFF0B585B07A
:107690000C00150069461022ECF7D6FF6B461B78EC
:1076A000013BDBB2FD2B20D86A46002101261148A0
:1076B00013785F1EFFB2FD2F08D90023137010222C
:1076C0006946200001F0CDFE05B0F0BD232B07D0A8
:1076D0002A3BDBB21A2B08D80700DF40374204D020
:1076E000013101321029E3D1E9E72900200001F03E
:1076F000B0FEE9E7C1FF8007F7B5060013001500EB
:1077000000220C00F6F7A8FC3000EBF7E3F80723A3
:1077100043431649601CEA011818C3B2661E8F184D
:107720000193BB5D9C467F2360464340BB55A31835
:107730005B188021160049428C46803E0199A14287
:1077400007D80A4BED015D197F236A5C53406B54E7
:10775000F7BD19786046C9439F1A1970B95D0134A5
:107760004140B955E4B20133E8E7C046AF19002003
:1077700070B51C48EDF788F980213F200902ECF72D
:107780004BFB59201849ECF747FB68215920ECF7CF
:1077900043FB0024154A63005F20D15A0134ECF703
:1077A0003BFB242CF6D11248EDF76EF95920114914
:1077B000ECF732FB0125A4340C20ECF7F3F8284257
:1077C00006D1013C0C48E4B2EDF75EF9002CF3D190
:1077D00000210220ECF720FB0248EDF755F9EDF708
:1077E0009DFA70BD307500006880000048060020DA
:1077F000204E00006828000088130000F0B5294CD6
:107800000727A54401938023DB010400C0180092E0
:107810000D00022203AE400002A93780ECF714FFEE
:10782000009B002B14D02B0035331A781823D2007C
:107830001A402B8E2E353B40134333702B787370D8
:10784000019B002B04D002AB1A8833889A4225D0C2
:10785000338802AA13808020832204AD29001201FC
:107860000002ECF7F1FE02AA12886300EA528020BF
:1078700083220023290012010002EDF7B1FB310041
:107880002000F4F7C9FC8023DB009C4206D2009B59
:10789000002B03D120000449F6F790FA034B9D44D6
:1078A000F0BDC046BCF7FFFF6EA20108440800000F
:1078B000A022094BD20399680A439A6002221968F0
:1078C0001142FCD0052252421A6000221B6D038037
:1078D000024B1A807047C04600240140801F0020E0
:1078E000044BC25C044B0548D218136803400B4399
:1078F00013607047FDAC0108000002400F80FFFFDD
:10790000044BC25C044BD21853681B0C1B040B4382
:1079100053607047FDAC010800000240F7B51F003E
:1079200008AB1D7801230C001600D2000132D2B240
:1079300000933B00F6F780FCA21E0D4BD2B2002F45
:1079400002D10C4BF601F3183E21985C013C4140FA
:107950007F209954E4B2E2B2954204D83E22595DA8
:107960004A405A55F7BD1A5D42401A550134F2E7B4
:1079700039070020AF19002010B502780300013A42
:10798000D2B20120FD2A0CD8180020211A1D03783C
:107990001C008C4301D0FF2B04D101309042F6D162
:1079A000012010BD0020FCE70121044B044AC35C08
:1079B0009B181A688A431A607047C046FDAC0108DC
:1079C00000000240044B054AC35C9B180122196861
:1079D0000A431A607047C046FDAC0108000002402F
:1079E0000222054B99681142FCD001221873996854
:1079F0001142FCD0DB687047003001405C2110B5BB
:107A0000032802D8034B4000C15A4320ECF704FA84
:107A100010BDC046D4C40108F0B5D04BAFB0DB7F79
:107A20000EAD5A1E9341CE4C0822CE4928006375F4
:107A3000CD4E01F016FD08222900CC48ECF704FEDB
:107A40002B781A090F2A00D1033A032162719A0890
:107A50000A4022710B408B4200D10023E3726B7805
:107A6000012219005B0711409B0F032B00D113006B
:107A7000BF4A1170BF4A1370AA781C2A03D8052385
:107A80005343823B2361EB78FF2B00D1BA4B238118
:107A9000BA4B1868052300280DD1B94B1B681B6928
:107AA0001D68FBF769FE0700FBF75CFE7B089BB2D5
:107AB00058430423281AB34A38361060B24A337048
:107AC00010600025F6F708FAB04B585DEBF76AFF37
:107AD000AF4A6B000135D052072DF5D1AD4B1A6876
:107AE000002A03D01269AC4B12681A600125AB4B17
:107AF00028001D70AA4B1D70AA4B1D70FDF73CF8A5
:107B00000020FDF739F89E4B1B6834331878207538
:107B1000F4F7C4FEE07AFFF771FFFCF715FFFDF7FD
:107B2000FFF8A14B1D70A04B1B780393002B03D1D2
:107B3000EDF73CF82FB0F0BDFFF740F99B4B1A78FA
:107B4000002A03D000221A70ECF7BAFF984B99492B
:107B50001A780591002A1ED000221A70FBF70CFE3D
:107B6000802818D98D4B1B78002B14D10121924A03
:107B70001170059A1370914C27786770EDF7BAFB76
:107B80000500132871D18E4B1B695B056CD52070E5
:107B90000023A37077E0059B1B78002BEBD0804C73
:107BA0002378002B03D0FBF73DFE00232370854B89
:107BB0001C787A4B1D78002D01D100F097FC012C28
:107BC00001D100F01AFCFA200025059B80001D70F1
:107BD000ECF75AFF0C20EBF7E5FE0123184200D129
:107BE000EEE202202900ECF717F90220EBF7DAFEAB
:107BF000400500D4E4E229003F20ECF70DF929000C
:107C00000220ECF709F9FA204000ECF73DFF2800CC
:107C1000FCF7B2FFFBF7FAFDFBF79CFD544B1B781A
:107C2000AB4205D101224E4B52421A81664B1A805B
:107C300001225B4B1A70654B1A70F6F71BFC4C4B1C
:107C4000634C1B78002B01D000F0DAFD494A614BF0
:107C500012789200D258604B19783C23002900D04A
:107C600002335E4900F0E7FD10252570AF428FD149
:107C7000A378DA1ED2B20F2B01D80133DAB25848FA
:107C8000A270ECF701FF4F4E3378002B13D1132D68
:107C900027D10A2F0AD1534B1B78002B06D0524B09
:107CA0001B78002B02D13800FDF780F800224D4BE5
:107CB0001A704D4B1A70A178032902D0102900D0F8
:107CC0006DE733782478002B00D09BE00A2C00D09D
:107CD00035E1454A032909D1012042490870137052
:107CE0005DE70A2DE7D00A2FE5D0DFE71478002CF6
:107CF00000D054E7012601273A4B194D1C701C4B4C
:107D000016701C701B4BEC721E70384B7F421C703F
:107D1000374B1C70374B1C70374BAB80184B1B68B4
:107D200034331B782F8103932B75274B1F80FBF770
:107D30003FFDF04028600398F4F7B0FD2000FFF706
:107D40005DFE2E4B1C702E4B1F80164B1E70FCF7D9
:107D5000E7FFFCF797FDFCF71BFE20E74C1E002019
:107D60008400002087A90108441E002048A10000CB
:107D70008F2C002082000020FFFF0000240700203D
:107D8000181E00201C2A0020782C0020F0C50108B5
:107D90000C2A0020381D0020202A0020800000200E
:107DA000620000207A0000201A2A0020271E0020EE
:107DB000261E00207B0000208C2C00205F0000206D
:107DC000000400508E2C0020740000208100002050
:107DD000382A0020A8C501087700002057A901080B
:107DE000204E000000260020FF2500200326002052
:107DF000242A0020542C0020010C00005C2C0020C0
:107E00007E000020012B00D099E00A2C7DD004D9FF
:107E100023000D3B012B00D9C1E6B64D2B78002B7A
:107E200008D10D2C01D001F011F9B34B1878FBF7F4
:107E30003BFCB4E60D2C0FD0092B00D9AFE60E2C7D
:107E400005D1AE4A1178002900D0A8E613705A1C5B
:107E50002A70AB4AD45408E0A84A013B1178DBB23F
:107E60002B70994201D100231370FBF7FDFDA34B4A
:107E70001A782B780493002A00D11A0000232D25AC
:107E80002E279F4E9F4C04992800994205DDF15CF6
:107E90003800092901D83031C8B2E05401330A2B27
:107EA000F1D1140000269C46974995480968974DE2
:107EB00006901018069B471E834215D1002E01D054
:107EC000914B1960049B9A420BD200230A278E4ED5
:107ED0008F483568049A0134A2420DD1002B00D09E
:107EE000356001228B4B57E063463878039E684328
:107EF0005D4309183800DDE7069B39001B5D4343ED
:107F0000ED18EAF717FD039BE4E77F4B1C68824BF3
:107F1000E218824B9A4200D941E6774B1878FBF77A
:107F2000C3FB7F4B1C603378002B04D1FCF7AAFC09
:107F3000FCF7C6FE33E62000FCF7F4FD2FE6032C29
:107F400011D00E2C3DD0112C73D82000EAF7D4FCB0
:107F500040717171717158717109717171712A2A51
:107F60007161002303936F4B1B78002B03D00398A0
:107F7000FBF744FD13E66C4A0399137800290DD0F2
:107F8000012B01D8013313700122684B52421A8130
:107F90000122604B1A70664B1A7000E6002BF3D07A
:107FA000013BF0E7614B1B89023B9CB25F4B1869B8
:107FB0001C81FBF701FDA04207D20120FBF71EFD4B
:107FC000E6E75A4B1B890233EFE7FBF703FDDFE7D8
:107FD0000020FCF7D1FD554D2B7D012B01D801333D
:107FE000DCB220002C75F4F759FC4E4B1B78002BAB
:107FF00001D1013B2B81FCF793FEFCF743FCCEE55E
:108000004A4A0021D37A022B01D00133D9B2D1726E
:1080100067E70123454A517D4B405375454A05D0DA
:108020002223FF33D05CEBF77FFCB8E590235B00A5
:10803000F8E7002B03D12000FCF7B8FEAFE5022BD8
:1080400000D0ACE5601F0D2800D9A8E5EAF75EFC7A
:108050009100A7FDA7FDA7FDA7FD9F000E000E0044
:10806000A800A7FDA7FDA7FDA7FD9A00324B1E782B
:10807000304BDD7E0123002E64D00B2C00D05D4000
:108080003000FCF73FFD0C2272432C4B04009B1880
:108090001A791E8903925A7907000492DA88039BA1
:1080A0000692132B08D1264B002019780793F4F77A
:1080B000ADFB0023079A13700398EBF773FC0100E4
:1080C000002D11D0069B9B1B9C4201DCA619B7B268
:1080D000049A069B0398934099433B0093401943AD
:1080E00089B2EBF799FEFCE6B442F1D3A41BA7B228
:1080F000EEE7C0460B2A00208D2C00200A2A002023
:10810000F5250020582A0020642A0020A0860100BE
:10811000102700008C2C0020C088E4FF402DA4070D
:10812000782C00208F2C002082000020840000206A
:1081300081000020441E0020242A00204CC6010893
:10814000542C00200B2C00D05D40C94AC94B127D35
:108150009B5CC94A1068002D06D0C84A904200D8DE
:10816000C018FCF7DFFCBCE6C54A9042F9D9C01A3A
:10817000F7E70022C34B1A70C34B1A70FBF774FC6D
:10818000012054E60123C14A11784B40A7E5C04ABB
:1081900001211378032B01D05B18D9B21170A0E62E
:1081A000BB4B00221C78002C00D0F5E62000FBF72A
:1081B0007BFAB84B1C70B54B1C70FCF7C5FBB7E6DF
:1081C000FCF748FFB449B5480D88B54A06882B002E
:1081D0005580002E04D0032373435B199B109BB280
:1081E0000380B04EB04833680768DB1BAF4F3F7861
:1081F000BB4279D333680360002C70D1CF8A1689D3
:108200007B1E7F2B00D997E003940794012F0ED09B
:108210007C1EA0B27F210002EAF716FC83B27F2009
:10822000210070430793EAF70FFCC3B20393A04BFE
:10823000A04A9D4200D181E09F4B0399197003230E
:1082400013709E4B7600F318089300230593049354
:108250006B466A461B7C117D0693059B7A1E1B0AA2
:10826000D2B2BB4200D2DAB2944B54001B5B013253
:10827000D2B21800BA4201DA914A105B8022520051
:10828000541A5C4341436418240A8949A4B2002269
:108290008C420CD0039A06998A4255D1844A954261
:1082A00052D02800FBF778FCFBF758FC0200854E03
:1082B000069834782100FBF787FC079A049B9446C4
:1082C00001330493059B63449BB20593049B802B6D
:1082D000BED10134E4B20F2C00D97FE0347001220A
:1082E000794B1A70794B1A70684B79481A780023C9
:1082F0009A420DD10488774E2100153989B2B142D6
:1083000006D8290013310123A14200DB131CDBB284
:108310000580002A71D1704A002B62D000201070B5
:10832000FCF72AFCFBF772FAFBF714FA6B4B1B788D
:10833000002B00D07CE475E4802769E71378002BDC
:1083400000D17EE7013B7BE75B4A069912788A42BF
:1083500027D1584A1678002E23D0554A954220D16D
:10836000089A1088A84204D1581B421E90414042EE
:108370001840FBF711FCFBF7F1FB03239E1BF6B241
:1083800002000990002E92D02000FBF705FCFBF7BD
:10839000E5FB0200012E8AD1099BC3185B10DAB2FB
:1083A00085E72000FBF7F8FBFBF7D8FB039B04995C
:1083B000013B02008B4200DD79E7039B01338B42D6
:1083C00000DA74E73A4B9D4200D170E70430021C9A
:1083D000C0B20F2800D90F22D2B268E70023337051
:1083E0007DE7234B19890B1C032900D80423043B88
:1083F0009BB29D4234D300231370344B1B78002B67
:1084000000D01AE4364A138801339BB213808022CD
:108410005201934201D9FFF710FC2B4B1B78002B24
:1084200000D164E2F5F762FF2E4B1B78012B01D1DE
:1084300000F0DAFC022B01D100F004FD002B00D18A
:108440006DE2284B1A78002A01D100F0A7FD002028
:10845000FEF712FD00221C4B1A70234B1A804EE2CD
:1084600013780133DBB21370002B00D056E7C4E75A
:1084700084000020A3C50108882C00207FA4BF072A
:1084800040771B000B2A00200A2A00200326002028
:10849000242A0020542C0020602C00206A2A00206E
:1084A0007C2C0020C8050020502C00207C000020DF
:1084B000FFFF000001260020022600204E2B002096
:1084C000502B0020042A00208C2C0020810000204A
:1084D0007E000020E9FF00005C2C00208F2C002093
:1084E000082A00208E2C0020062A0020002C00D014
:1084F00028E1A84AA849D78AA84A0B6810681B1A1D
:10850000A7480078834257D30B6813603B1C802F29
:1085100000D980239BB2039300230593012F08D930
:10852000039B7F21581E80B20002EAF78DFA83B2C6
:108530000593002604966A46049B127C0399944690
:108540001B0A994200D8B4E0DBB296485900405A61
:108550000133039ADBB20500934201DA924B5D5A74
:10856000802362465B009B1A58436A438F4B8018F6
:108570001D78000A8E4B80B20022984204D0FBF78F
:108580000BFBFBF7EBFA020030002900FBF71CFBAA
:10859000059A049B9446013663449BB2F6B2049359
:1085A000802EC8D10135EDB20F2D00D82C0001224C
:1085B0007E4B1C707F4B1A70FA208000ECF764FA37
:1085C000744CE588E8B2802F07D93900E801EAF752
:1085D000B1F97F2800D97F20C0B2724B4000C35A46
:1085E000734A934253D0744B1B78002B09D00F234E
:1085F000724A1188A9424AD0013BDBB20232002BF9
:10860000F7D1E068FBF764F8002319006C4A6D4E5F
:10861000824259410500306882425B41994202D052
:108620002800EBF77BFF28003560EBF701FE002107
:108630003020EBF7F1FB644B30201988EBF7ECFBB3
:10864000FCF708FD2588A388AB4206D2E068A58028
:10865000FBF73EF8E388206123816388AB4216D99B
:1086600028006580FBF712F8584B19690A000A3A8E
:10867000824200DD02000120DA60554B1870554B34
:108680001A60554B1960554B1A60554B1960E38AB7
:10869000E188802B03D9534A1288012A10D8524D01
:1086A0002C78002C31D1012322008B42624113002F
:1086B00030E000239F4200D147E7039B013B43E7A3
:1086C0008A189A4206DA494A138801331380FBF765
:1086D00019FA92E60022464B1A70FBF74FF9FBF7A6
:1086E0001FF8002805D00120FCF746FAFCF734FA01
:1086F00083E63E4A138801331380FBF703FA002810
:1087000000D17AE6FCF7DCF877E65A1ED00FCB17DB
:1087100091424341DBB2002B02D1FBF7D5F96CE665
:108720000022334B1A70FBF729F9FAF7F9FF0028FA
:10873000D9D1304B1A78002AE4D018700123634055
:108740002B70EAE7022C00D057E6FCF783FC0122ED
:10875000184B29491A70059B08881D700D4B1A8803
:10876000224B5A80002804D0032343439B189B10BC
:108770009AB20A80FBF7B4F8FAF7D2FF002804D1C6
:108780001E4B1B78002B00D137E60120FCF7F4F9D3
:1087900033E6C046602C0020C8050020582C00207D
:1087A0007C0000204E2B0020502B0020042A0020AB
:1087B000FFFF00008C2C00202E2B0020302B0020EF
:1087C000FF3EAB01882C00206C2A00208400002092
:1087D00081000020700000206C0000206800002054
:1087E0006400002078000020770000207C2C00200E
:1087F0007B000020760000206A2A0020032600204B
:10880000974B984A1888431E9BB293425FD996496A
:108810000CA8FCF735FD954B1B78002B04D1944B2D
:108820001889944B98425AD18F490EA8FCF728FD1D
:1088300091490EAB0CAA2000FCF722FD0123002178
:108840001A0020000093F5F7F7FC8C4B8C4C18882D
:108850003E26421C1A800323184040000019FFF7EF
:1088600027F8BE206288238880009B18A2889B1866
:10887000E2889B189B105843824BD988EAF7E4F8AA
:1088800080B2F3F729FC1C227F4B804D1A702B001D
:10889000133A7533040022217D481E7000F0B2FCAB
:1088A0000920604364212D30EAF744F87F231A0041
:1088B000D11A884200D3EE54013B752BF8D1EBF767
:1088C000F9FF0022734B1A70734B1A80A5E5FAF773
:1088D000DDFE724902000CA8FCF7D2FC9BE7FAF718
:1088E000D5FE6E4902000EA8FCF7CAFCA0E76C4A50
:1088F000138801339BB21380132B00D992E5694D85
:108900002C7820000134E4B2EBF7CBFF2C70062C5E
:1089100001D8FFF708F900232B70FFF704F9FAF7E5
:108920002BFF0400012800D87DE35F4B611E1889EE
:10893000C001E9F7FFFFC3B20493231C802C00D9C8
:10894000802300249EB2701E80B2DBB27F21000221
:108950000393EAF779F8250083B20593731E220A80
:108960009A4262DAD2B2E3B2504F5100C85B511C56
:108970008E4200DD0A005200B95A471EBFB2BC4603
:10898000384F4A1E92B2BC4554D9FF230800BA4260
:108990005ED90EAAAB54059B01351C19A4B2802DDB
:1089A000DCD106E08022FF210EA800F02BFC002382
:1089B00004933F4B1B78002B1ED1012502270EACE0
:1089C000267833006678FF2E11D032000121FF2B6C
:1089D00001D039009A19A378FF2B03D09A180131DE
:1089E00092B2C9B248088018EAF72EF860700135D3
:1089F000EDB201347F2DE4D1049B2E4A7F33FF3347
:108A0000802003929B18022240242025524240429B
:108A1000049951187F2956D8002A4DD11978294335
:108A200019701978214319704AE0039B5A1ED2B27B
:108A3000002399E7BA420BD880225200D21A42434F
:108A40004B43D218120A90B20A4AFF239042A0D098
:108A50001721FBF727F91F23181AC3B299E7C0465D
:108A6000602C0020FDFF000068A101080326002003
:108A700084000020FFFF00004FA90108E01D002036
:108A80003C1E0020E21D0020AD0700203907002019
:108A9000AF07002081000020082A00205FA3010802
:108AA000062A0020052A00207C2C00204E2B0020C6
:108AB0008F2C0020AF1900200426911CB143B0D1A7
:108AC00019780143197001320133032AA0D10EAB8A
:108AD00000219C46FF26C94AC94C6346C85C1F2832
:108AE00000D8FAE01670013101328029F5D1002654
:108AF0000EA8335CF5B21F2B12D80F2408ABE41874
:108B0000220029000CABFAF7BDFF27780CAB1C78CC
:108B1000A74200D8FBE00134E4B21F2C00D8FFE0EC
:108B2000B64B9B5D1F2B0ED80F2408ABE4180CAF7F
:108B300022003B002900B148FAF7A4FF24783B78D3
:108B4000A34200D3F8E00136802ED1D1AD4B586856
:108B5000FCF7F8FCAC4BAD4C1B78002B32D1AC4B86
:108B60001B68002B00D1F4E0AA4A1568ED1AFAF749
:108B7000F9FD01002800E9F7DDFE82B2A6492000D8
:108B8000FCF77EFB0126002332001900200000962E
:108B9000F5F752FBFAF7E6FD64210500E9F750FF0F
:108BA00028008FB26421E9F7C5FE3B0082B29B49E1
:108BB0002000FCF765FB0023072219002000009627
:108BC000F5F73AFB964E7379032B00D9C5E0954B28
:108BD00095491D6837682800E9F732FF28000E0024
:108BE0009149E9F7A7FE642104903800E9F728FFCE
:108BF000380001916421E9F79DFE8C4D3300290076
:108C0000049A00902000FCF73BFB012321220093F3
:108C1000242100232000F5F70FFB814B1D89844B95
:108C20009D4201D1FFF70DFC824B1B78002B01D038
:108C3000FFF707FCFAF796FD6421E9F77BFE0124B4
:108C40000A2680B2092800D9C8E00434A400E3B29F
:108C5000280017210593FBF725F81F23181A183B46
:108C6000C5B21840063B83400024039A0493EB08E6
:108C7000DB01D3180393E1B20B005A1E93415F4A04
:108C80005B4294460EAF681CDBB25A18D2B2BE5C8F
:108C9000FF2E01D086421BDD6646B25CFF2A01D062
:108CA000824215DD01335BB2022BEDD10C2D05D8CC
:108CB000059B0133A3420BDA712C09D8039B049A5C
:108CC0001B5D1A4204D101232A005B48F5F7A2FA82
:108CD0000234802CCFD1FFF7B4FB1378CFB27D08DC
:108CE000984203D8002310706355FCE6605D0E289F
:108CF00006D801231F4200D0F5E6C0186055F2E601
:108D00000233DBB2202B00D133001370EBE63A00C4
:108D10000123290003980137F5F77CFAFFB2F5E645
:108D200001226319134200D0F5E613002900220046
:108D30000398F5F76FFAEEE601226319134205D1A5
:108D40001300290022000398F5F764FA0134E4B215
:108D5000F5E6FAF711FD020010E7FAF731FDFCF72E
:108D6000D9FB012300930023212219002000F5F7ED
:108D700063FA274B1B68002B22D0264A6421156812
:108D8000ED1A2800E9F75CFE28000E006421E9F7DF
:108D9000D1FD33000200214901252000FCF770FAC3
:108DA00000232122302120000095F5F745FAFAF73B
:108DB00019FDFCF7AFFB002321225D21009529E777
:108DC000366864213000E9F73BFE30000D00642175
:108DD000E9F7B0FD2B0002001849DDE7310001344E
:108DE000E4B2E9F7A7FD2DE708237F2200930221D3
:108DF00000231348F5F7ECF8FFF723FBAE2A002019
:108E00006E2A00207C2C00208E2C0020382A002086
:108E100024070020740400205FA901086CA9010840
:108E200084000020782C0020A086010063A901089E
:108E3000FFFF000003260020AF1900206BA90108E6
:108E4000582A0020844B1868FCF77CFB834C79225D
:108E50001021200000F0D6F900233022E25405331F
:108E60007D2BFBD100237022E2540A33822BFBD1ED
:108E70007B4B79211D8807272800FAF713FF002371
:108E80007849794E834271DB2800FAF7FFFB002214
:108E9000040076494342885C834271DA01320A2A2F
:108EA000F9D10126724D73492800FCF7E9F9002336
:108EB0001922042128000096F5F7BEF922006E4918
:108EC0002800FCF7DDF9002319221C212800009658
:108ED000F5F7B2F9694B1B78002B08D1684B792163
:108EE0001889FAF7DFFE674BC018FF2303710124CE
:108EF000654F664B1B78A34244D00C2262435C4D05
:108F0000634B64499A582800FCF7BAF91E23E2B271
:108F100053435E4E183BDBB20393337803991B1B1C
:108F20005A1E93412800222200930023F5F784F96A
:108F3000594AE300D358E0B20493FBF7E3FD049BE6
:108F400056491A562800FCF79BF9337828001B1B5A
:108F50005A1E934103990093292200230134F5F707
:108F60006BF91E37042CC4D1FFF76BFA0A005A4381
:108F7000B24202D922783A4322700133013481E7A8
:108F8000D2B28EE71E22FF21380000F03BF93800F4
:108F90001E22FF21803000F035F9AEE70726404B56
:108FA0001B7803930F23039910000F31891A19407E
:108FB00096429B4101240C25C9015B423040053398
:108FC000059138498440DB015B180021900028405E
:108FD00004903548E4B20690059D069F6D186D0813
:108FE0007D5DC8B22F09BC460127394202D00E3739
:108FF0002F40BC462D4D1F78079503252840049D22
:109000002843079D2D5C3800A043654501D23800F8
:1090100020430131187001338029DDD10132102A3B
:10902000C0D1FFF714FA002800D1BBE4204B214A3D
:109030001888FF21431E9BB2934205D8E839FAF7FE
:1090400031FE1F21091AC9B28022ADE40E2C01D0D5
:10905000FEF7FDFEFEF7A3FD882C0020B21A0020CB
:109060006A2A0020CDCCCCCC33333333B4C50108CD
:10907000382A002075A901087BA9010803260020D1
:1090800084000020AE1A0020B31B0020242A0020F8
:109090004CC6010855A30108C0C5010882A90108F2
:1090A000042A0020AF19002004260020E0C5010892
:1090B0004E2B0020FDFF0000F7B500254B680A6825
:1090C00000935F1E1300EB4008D1012F05D84368C1
:1090D000C96893434A4313434360F7BD0124130017
:1090E000AC40234022422BD01A0003265A43564359
:1090F000B446F643019666460468B443009E564360
:1091000034430460012F06D88C6887685443019E5D
:1091100037403C4384600C69C7685443019E374024
:109120003C43C460009C022C0AD14C69FF2B09D837
:109130000F26524356436243036AB3431A43026203
:109140000135BBE70F261B0A5B435B435E435C4371
:10915000426AB24322434262F2E700000D4885466C
:10916000EAF7DAFB0C480D490D4A002302E0D45817
:10917000C4500433C4188C42F9D30A4A0A4C002361
:1091800001E013600432A242FBD300F017F8EFF7BE
:10919000BBFEFEE70040002000000020EC000020A5
:1091A0008CC80108600200200C310020FEE700009E
:1091B000014B18687047C0469C00002070B500261F
:1091C0000C4C0D4D641BA410A64209D1002600F0E2
:1091D0008BFE0A4C0A4D641BA410A64205D170BD3B
:1091E000B300EB5898470136EEE7B300EB589847C9
:1091F0000136F2E784C8010884C8010888C801085C
:1092000084C8010803008218934200D17047197086
:109210000133F9E7002070477047704770B50F4E73
:109220000D0031680400002902D1ECF793FC306096
:1092300029002000ECF78EFC431C03D101256D4270
:10924000280070BD0323C51C9D43A842F8D0291AED
:109250002000ECF77FFC0130F2D1EFE70431002071
:10926000F7B50322CB1C9343083305001F000C2BDA
:1092700034D20C27B94233D8280000F071F8374EA9
:1092800033681C00002C2FD139002800FFF7C6FFDF
:109290000400431C5FD134680094009B002B4AD12A
:1092A000002C52D023682800E31800990193ECF7B2
:1092B00051FC019B834248D123682800FF1A3900E2
:1092C000FFF7ACFF013040D02368DB19236033681F
:1092D0005A68002A33D1009B336019E0002BC9DAA9
:1092E0000C232B600020FEBD2168C91B20D40B2954
:1092F0000AD9E2192760A34204D132606368116081
:10930000536005E05A60F9E76268A3420ED132600B
:10931000280000F02DF8200007220B30231D904379
:10932000C21A9842DFD01B1AA350DCE75A60EFE75D
:1093300023006468A6E7009C63680093ADE71A0009
:109340005B68A342FBD10023DAE70C2328002B60E3
:1093500000F00EF8C6E70760DAE7C04608310020E3
:1093600010B50248FFF758FF10BDC046003100207D
:1093700010B50248FFF751FF10BDC0460031002074
:1093800070B505000C1E10D0043C2368002B00DAD9
:10939000E4182800FFF7E4FF1D4A1368002B05D1ED
:1093A000636014602800FFF7E3FF70BDA34208D993
:1093B000206821188B42F3D119685B680918216075
:1093C000EEE71A005B68002B01D0A342F9D91168BF
:1093D0005018A0420BD12068091850181160834220
:1093E000E0D118685B68411811605360DAE7A04269
:1093F00002D90C232B60D5E7206821188B4203D1BA
:1094000019685B680918216063605460CAE7C04648
:109410000831002010B5884202D98B18984208D331
:1094200000239A4207D0CC5CC4540133F9E78B5C2B
:109430008354013AFBD210BD020010B5137814001A
:109440000132002BFAD1CA5CE2540133002AFAD16E
:1094500010BD03000A7801311A700133002AF9D1D6
:109460007047002310B59A4200D110BDCC5CC454A3
:109470000133F8E7030030B51D00002A06D00C7850
:10948000013A01332C700131002CF5D100219A18DA
:10949000934200D130BD19700133F9E70EB470B5B5
:1094A00081239DB06A46002521AC9B0040CC93826D
:1094B0001B9502900690E9F70DFA0B4B6A460B9349
:1094C00001230390079009485B42D38202A923003D
:1094D000320000680F951495019400F073F81DB0E8
:1094E00070BC08BC03B01847159201089C0000200E
:1094F00030B500240139A24201D1002005E0035D0E
:1095000001340D5DAB42F6D0581B30BD70B5140070
:109510004B1C03D101256D42280070BD9389202288
:109520009343626BA381CEB26368CDB2002A10D0A0
:10953000A26B9A4207DD2368013B23601E706368BB
:1095400001336360E8E7210000F044FB0028F2D01B
:10955000E0E721692268002907D0914205D2511E17
:109560000878A84201D12160EAE72364230044334C
:1095700063630323A36323004633E2631E70236007
:109580000123DEE710B50C00496B00290ED0230043
:109590004433994201D0FFF7F3FE0020236C60634F
:1095A0006360834202D0E36B236010BD2369012016
:1095B00023600023A289636020331343A3814042C8
:1095C000F3E70000F0B5AB4CA5440C00002100907F
:1095D000BE204691479103A94891A749400043AD59
:1095E0002950A649043043AD295002931678002E25
:1095F00000D13CE108230820A14D571CA95D0B4078
:1096000001421DD006006368002B0FDD23681A7825
:10961000AA5C324201D13A00E8E7479A01330132AD
:10962000479262682360013A6260ECE7C02243AB74
:10963000520021009B58009898470028E6D0EAE79E
:10964000252E62D14593439353782A2B02D11A3B9E
:109650004393971C3D000A2229786F1C0B00303B76
:10966000092B1FD9874B03221800019300F06EFAD3
:10967000002807D0019B3D00C01A01238340439A74
:10968000134343932B786F1C782B06D8572B10D895
:10969000252B3AD034D8002B55D0032349930733D8
:1096A000449369E0459B3D005343303B5B18459331
:1096B000D2E7180058382028EFD8E9F727F94B00EF
:1096C000EEFFEEFF7D00EEFFEEFFEEFFEEFFEEFFA2
:1096D000EEFFEEFF88007B00240024002400EEFF54
:1096E0005500EEFFEEFFEEFFEEFF90005900470041
:1096F000EEFFEEFF8E00EEFF7B00EEFFEEFF4B0075
:10970000453B022BC9D8052335E06368002B0DDDEE
:1097100023681A78B24200D0A9E00133626823605E
:10972000479B013A01336260479374E7C02343AA21
:109730005B002100D358009898470028E8D046984D
:10974000002800D08BE0012040428CE02022439989
:109750000A4343928022439992000A434392102283
:1097600044926E2B02D905E000234493032302E0C8
:1097700008234493042349936368002B3EDD439BF5
:109780005B0608D4C0260825760023683C491A7871
:109790008A5C2A423CD1499B022B4CDC2200009877
:1097A00002AB43A900F072F8012860D0022800D073
:1097B00031E7C4E70A22D3E7390003A800F0D1F962
:1097C0004023439A0700134343930123D3E74023E5
:1097D000439A134343930023CDE70223CBE7439AF5
:1097E000D30600D517E7029B4799181D02901B6806
:1097F000D50701D519800EE719600CE7C02343AAED
:109800005B002100D358009898470028B7D096E70E
:10981000479A013247926268013A6260002A02DD8B
:1098200001332360B1E743AB21009B59009898476F
:109830000028AAD083E7042B06DC2200009802ABA4
:1098400043A900F083F8AFE70F4B002B00D1E2E60D
:109850002200009802AB43A900E000BFA4E7A3895F
:109860005B0600D56FE7A5239B009D44F0BD46989D
:10987000F9E7C0466CFDFFFF0D95010885950108CD
:1098800081C70108B6A9010800000000F7B515005E
:109890008A680C000190002A04D18A69002A17D135
:1098A0000132A2602268D20603D41A68111D196021
:1098B00017680026A069002816D001280BD12B6854
:1098C00062691B78D35C002B0ED1002E3BD029E0BF
:1098D00001225242E5E7022824D12B681A4A1B785C
:1098E000D35C082213421DD1102223680136134293
:1098F00003D12B681B783B7001372A686B680132F3
:109900002A60A268013B013A6B60A260002A09D07C
:10991000002BCFDCC0235B002900E3580198984757
:109920000028C7D022681023110019401A4206D11E
:10993000E3680133E360A369002B00D03970002095
:1099400023699B192361FEBD81C70108F0B58BB067
:109950000193784B1600049007AAA1CBA1C2764AC6
:109960008B690C000592032B01D1744B0593AE2239
:109970000020A3685200591E0390914205D95E3B16
:10998000FF3B03935E23FF33A36023001C3300934C
:10999000D023002722681B0113432360009B0293FE
:1099A000336807A81978BB000222185800F0CEF8D7
:1099B000002829D0012F5ED16368002B06D108331F
:1099C00022686360F933FF331343236023685C4AE2
:1099D00013402360A3685A1EA260002B14D0336882
:1099E0005A1C32601B78029A13707368551C013B35
:1099F0007360002B07DCC0235B003100E358049840
:109A0000984700287ED102950137032FC8D163689B
:109A1000002B01D10A3363600027636849496069FC
:109A2000C91A00F09EF8029DA36820680293002BDB
:109A30003FD0316863690A789B5C002B39D0302AAB
:109A400028D180231B01184224D0039B0137002B0F
:109A500005D01A00029B013A01330392A360736898
:109A6000013B7360002B1CDD336801333360A36856
:109A7000013BA360D8E7022FACD1C023802122682C
:109A8000DB00134089008B42C1D110236360F033A7
:109A900013439EE72C4B034023600B782B7001355A
:109AA000DDE7C0235B003100E358049898470028A5
:109AB000DDD02368DB050ED5009B9D4207D9BE2370
:109AC000013D5B0032002978E35804989847009BD9
:109AD00001209D4229D0216810230A001A40194212
:109AE0001CD12A70636800990498059EB047019BB9
:109AF00022681B68910607D501991A1D0A601B6828
:109B0000186008E00027D4E7191DD6070FD5019A81
:109B100011601B681880E3680133E3600020009B3C
:109B2000ED1A2369ED195B1923610BB0F0BD019AA1
:109B30001160E4E7FC9F0108D19E0108C59D010862
:109B4000FFFAFFFFCAA90108FFF6FFFFC9B282189A
:109B5000904201D10020704703788B42FBD0013046
:109B6000F6E770B50B7804005E2B19D04D1C002170
:109B70002200601CFF30117001328242FBD1681E4E
:109B8000002B26D001264E402800E6540178451CC3
:109B90002D2909D05D291BD000291AD00B00F3E72D
:109BA0004B788D1C0121E3E742785D2AF6D0934281
:109BB000F4DC19000230013166548A42FBDC591C86
:109BC000934202DB00228B18E0E7D21A013AFAE74F
:109BD000280070BD0B00F7B54D6B44330C009D425F
:109BE0001CD18026F6003100FFF73AFB002802D195
:109BF00001204042FEBD23006063A66346331A780D
:109C0000104BC254230045331A780F4BC2542A78A4
:109C10000E4BC254C01820600020EBE78E6B290069
:109C200073001A00019300F013F8051EE0D08719A5
:109C3000010032003800FFF714FC019B27606563C8
:109C4000A363E9E7FF030000FE030000FD0300003B
:109C5000F7B506000C001500002905D11100FFF72B
:109C6000FFFA04002000FEBD002A03D1FFF788FBA5
:109C70002C00F7E700F030F90700854202D84308CE
:109C8000AB42EFD329003000FFF7EAFA0190002839
:109C900001D1019CE6E72A00BD4200D93A0021002B
:109CA0000198FFF7DEFB21003000FFF769FBF0E7CA
:109CB000F0B585B017001E0003900191242B23D826
:109CC0000C00012B20D03D4B08229C46230061460E
:109CD0001D780134485D010011401042F6D12D2D50
:109CE00019D125789C1C0123009310223300934343
:109CF0001DD1302D15D1202123788B43582B10D125
:109D000065780234102612E0FFF752FA162303603A
:109D1000002005B0F0BD00912B2DE6D125789C1CCC
:109D2000E3E7002EEED10A36302D00D1023E244A60
:109D3000009B94466344310018000293E8F780FECC
:109D40000022844610002B00303B092B11D81D0047
:109D5000AE421DDD531C09D001225242844505D379
:109D600001D1A94211DB0122704328182578013462
:109D7000E9E72B00413B192B01D8373DE8E72B00E1
:109D8000613B192B04D8573DE2E701225242EDE72F
:109D9000531C08D12223039A02981360002FB8D0D5
:109DA000631E019307E0009B002B00D04042002F70
:109DB000AFD0002AF4D1019B3B60AAE781C701081C
:109DC000FFFFFF7F10B5FFF773FF10BDF0B51E005A
:109DD0003E4B17000C009C46082285B00390009172
:109DE000230061461D780134485D01001140104296
:109DF000F6D12D2D12D125789C1C0123029310221F
:109E00003300934316D1302D0ED1202123788B437C
:109E1000582B09D16578023410260BE002912B2DC6
:109E2000EDD125789C1CEAE7002EF5D10A36302DBD
:109E300000D1023E012031004042E8F77BFD019055
:109E4000012031004042E8F7FBFD00230122180009
:109E500094462A00303A092A12D81500AE421EDD77
:109E60005A1C0AD00123019A5B42824205D301D1D8
:109E7000A94211DB63467043281825780134E8E7CE
:109E80002A00413A192A01D8373DE7E72A00613A0A
:109E9000192A04D8573DE1E701235B42EDE75A1C3C
:109EA00007D12222039918000A60002F09D105B0BA
:109EB000F0BD029A002A00D04042002FF7D0002BBC
:109EC00001D0631E0093009B3B60F0E781C701084F
:109ED00010B5FFF77BFF10BD0B1F1B68181F002B71
:109EE00001DA0B58C0187047F8B5C046F8BC08BC7A
:109EF0009E467047F8B5C046F8BC08BC9E46704701
:109F0000AD033805B902B904B9023805B902C5056F
:109F10000203B904020338050203C5055403B9045A
:109F2000540338055403C505B902610602036106EE
:109F300054036106AD036106AD03B904AD03C50565
:109F400080020020000100007C020020003E22412F
:109F50004141414141414141414141417F003C42F8
:109F6000424224006EA20108D0A101082AA70108DC
:109F70002EA101084C31004C32004C33004C34000F
:109F80004C35004D00004800004C4F5731004C4FFD
:109F90005732004C4F5733004C4F5734004C4F57FB
:109FA00035004D494400004849474800D5A1010803
:109FB0007EA8010827A70108B5A601081EA7010869
:109FC00022A70108871E0020881E0020891E00206D
:109FD0008A1E0020631F00205800C33772006530BE
:109FE0007000C3005D00000D5900688059006800D2
:109FF0005A0055555B0055555C0030AACCA90108A4
:10A00000A9A20108CFA90108EFFFF7FFCBFFFBFFD3
:10A0100052454C4541534500414C4C204B4559530A
:10A020000025752E253032755620257525250056BC
:10A030004F4C544147450057454C434F4D45004216
:10A0400049454E56454E5545002573204564697473
:10A05000696F6E006F6B676250473A2C4137251766
:10A06000E4CBB59F002E2D2E2E002E2D2D2D2D0054
:10A070002E2E2D2D2D002E2E2E2D2D002E2E2E2E61
:10A080002E002D2E2E2E2E002D2D2D2E2E002E2D7F
:10A090002E2D2E2D002D2D2E2E2D2D002E2E2D2D44
:10A0A0002E2E002E2D2D2D2D2E002D2E2D2E2D2D34
:10A0B000002D2E2D2D2E002D2E2D2D2E2D002E2D52
:10A0C0002E2E2E002D2D2D2E2E2E002D2E2D2E2D12
:10A0D0002E002D2E2E2E2D002D2E2E2E2E2D002E2E
:10A0E0002E2D2D2E2D002E2D2E2E2D2E002E2E2EF1
:10A0F0002D2E2E2D002E2D2D2E2D2E005D5D0025BA
:10A1000033752E253035750043482D2530347500C4
:10A110004E554C4C0076372E362E390031323334C2
:10A1200035003534333231004354435353004443F4
:10A130005300442530336F256300554E4C4F434B3D
:10A14000204B4559424F41524400536176653F00D0
:10A150005363616E204661696C6564004672657187
:10A160003A2D2D2D2E2D2D2D2D2D00546F6E653A4F
:10A170002D2D2D00546F6E653A4E6F6E6500536144
:10A1800076653A00467265713A25752E253035752B
:10A190000043544353533A25752E2575487A00449D
:10A1A00043533A442530336F4E0025336400252055
:10A1B000346420257300532564002B25303264005D
:10A1C0004625752B00462575004558004F4646002C
:10A1D00054544E004357004245414D2054580042CC
:10A1E00045414D20525800503100503200545351D7
:10A1F000004C4F572042415454455259005072650B
:10A20000737320455849540053636E526E67003E85
:10A21000257300555342003E3E00252E3473002521
:10A220002E2A732E252E337300253033752E2530BC
:10A2300035750025752E25750025642E253032755F
:10A240004B0025644B004D4F4E490053514C256443
:10A250000025302A752F25750044544D462025735E
:10A260000056464F20257300222214140808003C93
:10A2700026252525263C003E1C08003E3E1C1C08C9
:10A2800008004142430061626300313A25750025B0
:10A29000752A3130306D730057494B490050524F89
:10A2A00046494C45003030302F3030005355524530
:10A2B0003F00574149542100253032752F25750044
:10A2C0002B25752E257564420025642E25303275A8
:10A2D0006B487A00555345520025730A2573570081
:10A2E000442530336F49002533642E253035750001
:10A2F000252E33732E252E33732020004D487A00EF
:10A3000053544F5000434152524945520A2530326E
:10A3100064733A253033646D730054494D454F558D
:10A32000540A253032646D3A25303264730025308A
:10A3300032752028252E33732900252E38730A25DF
:10A340002E38730025642A31306D73004E3753491F
:10A35000580025730A2573002533732025642025B2
:10A36000640025643A25643A25640025732025326B
:10A3700064202530346400253032643A253032645C
:10A380003A25303264004255494C44004D454D4F0A
:10A39000525900464C4153482025752E25752525D8
:10A3A000005352414D202025752E2575252500523C
:10A3B0004541440A4D414E55414C0025752E2530EE
:10A3C0003275560A2575002564683A253032646D69
:10A3D00000496E736964650A46204C6F636B0A50CE
:10A3E0006C616E00464D0025302A752F2530327580
:10A3F0000025302A752F2D2D00253032753A253055
:10A4000032750025752E2530327500264949494997
:10A4100032002425262122273A3B3F5E607C7B7D4B
:10A420005F00536561726368204672657100536511
:10A430006172636820546F6E65005363616E2043E0
:10A440006F6D706C657465004A616E0046656200F0
:10A450004D617200417072004D6179004A756E0065
:10A460004A756C0041756700536570004F63740056
:10A470004E6F7600446563004B45595F4D454E5520
:10A48000004B45595F5550004B45595F444F574E5F
:10A49000004B45595F45584954004B45595F53544B
:10A4A0004152004E4152524F574552004E4F524D6D
:10A4B000414C00464153540054494E5900434C41CD
:10A4C00053534943004B4559532B50545400534F59
:10A4D000554E440056495355414C004F4E4550553A
:10A4E0005348004C4546540A52494748540A555669
:10A4F0002D4B310055500A444F574E0A55562D4B9F
:10A50000352838290044454641554C542B0A3133EF
:10A51000372D3137340A3430302D3437300046434C
:10A52000432048414D0A3134342D3134380A343215
:10A53000302D3435300043412048414D0A31343408
:10A540002D3134380A3433302D3435300043452032
:10A5500048414D0A3134342D3134360A3433302DEC
:10A560003434300047422048414D0A3134342D31D3
:10A5700034380A3433302D343430003133372D3110
:10A5800037340A3430302D343330003133372D3105
:10A5900037340A3430302D34333800504D522034A3
:10A5A000343600474D52530A4652530A4D555253C2
:10A5B0000044495341424C450A414C4C00554E4CD5
:10A5C0004F434B0A414C4C0056464F003136303019
:10A5D0006D4168204B3500323230306D4168204B80
:10A5E0003500333530306D4168204B350031343023
:10A5F000306D4168204B3100323530306D4168207C
:10A600004B3100524F474552004D4443004C4F4799
:10A610004F004E4F4E450050455243454E54005555
:10A620005020434F444500444F574E20434F44452C
:10A630000055502B444F574E0A434F44450041505C
:10A640004F4C4C4F0A5155494E44415200434841EA
:10A650004E4E454C0A4E554D424552004E414D45D9
:10A66000004E414D450A2B0A46524551004D414985
:10A670004E0A4F4E4C59004455414C2052580A52F4
:10A680004553504F4E440043524F53530A42414E9C
:10A6900044004D41494E2054580A4455414C2052E3
:10A6A00058004C4F474F2B004D41545249580054CD
:10A6B000582F52580057494445003C2032306D0015
:10A6C0003132356D003235306D003530306D004C33
:10A6D0004F572031004C4F572032004C4F572033FA
:10A6E000004C4F572034004C4F572035004D494403
:10A6F0000053454E540057414954494E4700524576
:10A70000434549564544004D454D2046554C4C0067
:10A710004552524F520053454E44494E47004E4118
:10A7200052004E41522B004E2B00444352004255E2
:10A73000535900424154204C4F570054582044492B
:10A740005341424C450054494D454F555400414CEE
:10A7500041524D00564F4C54204849474800464C02
:10A76000415400434C45414E00424F4F5354004D1D
:10A7700041580053484152500053544F434B004FEF
:10A7800050454E002030002E2C2D2829402F5C2BC8
:10A790003D2A233C3E5B5D7E310061626332006492
:10A7A0006566330067686934006A6B6C35006D6EEE
:10A7B0006F36007071727337007475763800777871
:10A7C000797A3900464C4153480A4C49474854006D
:10A7D000504F574552004D4F4E49544F5200564F1F
:10A7E0005800464D20524144494F003137353048DA
:10A7F0007A004C4F434B0A4B455950414400564652
:10A800004F20410A56464F20420056464F0A4D45BA
:10A810004D005258204D4F4445004D41494E204F68
:10A820004E4C5900574944450A4E4152524F570029
:10A830004D5554450052784100504F5745520A48F3
:10A840004947480052454D4F56450A4F46465345E5
:10A8500054004245414D0054595045204D455353F5
:10A8600041474500505245535320505454005341E2
:10A8700056453F0044454C3F004D2D5343414E004B
:10A88000256425732D25644D004D522843482530FD
:10A890003275290056464F28434825303275290025
:10A8A000412D5343414E282575290043482D25301D
:10A8B0003275002533642E256400252E33732E2532
:10A8C0002E3173004D4F4E00257557504D20257386
:10A8D0002043257500253373002534736B004149EF
:10A8E0005220434F5059285244592900414952207F
:10A8F000434F50590041495220434F505928434D2E
:10A90000502900252E33732E252E3373004D454DCF
:10A910002025303375202D20253033750053657484
:10A9200074696E6773005243563A253032752E258E
:10A93000303275252520453A256400534E443A258A
:10A940003032752E2530327525250052583A004D8B
:10A950002025732F257300413A2573202563002598
:10A9600075780025752E25303575207F25752E25A7
:10A970003032756B00533A202575002564206442FF
:10A980006D002564644200FFFFFFFFFFFFFFFF0033
:10A990005745414B004E4F524D00535452470031E2
:10A9A000322E3500362E3235004C4E4173004C4E5F
:10A9B000410050474100686C4C00412D46612D66B6
:10A9C000383930313233343536375D002B2D00784D
:10A9D00058002E2C3F31004142433200444546335B
:10A9E0000047484934004A4B4C35004D4E4F360025
:10A9F000505152533754555638005758595A390404
:10AA00000404040404050405050A0F14191E232870
:10AA10002D320708090A0B0C0D000102060E030473
:10AA20000F100511121314151617414243442A231F
:10AA300040771B0080CBA40080CBA400A00BD100EA
:10AA4000A00BD100C0800901C0800901C00E160210
:10AA5000C00E1602005A6202005A6202C029CD02DC
:10AA6000C029CD0280A4BF0741000000BBA001089F
:10AA700042000000C6A0010843000000F7A0010842
:10AA8000440000008AA0010845000000A8A00108B9
:10AA900046000000E8A0010847000000A6A0010849
:10AAA0004800000083A00108490000008BA00108B5
:10AAB0004A00000071A001084B000000BAA0010884
:10AAC0004C00000065A001084D00000068A10108CD
:10AAD0004E000000A7A001084F00000067A1010878
:10AAE00050000000B2A0010851000000B9A0010808
:10AAF00052000000F8A0010853000000C7A00108A0
:10AB000054000000CDA9010855000000F1A0010883
:10AB100056000000D3A0010857000000ADA00108B6
:10AB200058000000F0A0010859000000ACA0010886
:10AB30005A00000089A001083000000065A101084A
:10AB4000310000006AA001083200000070A0010876
:10AB50003300000076A0010834000000D9A00108ED
:10AB6000350000007CA001083600000082A001082A
:10AB700037000000C5A001083800000088A00108C7
:10AB800039000000A4A001082E0000008EA00108DA
:10AB90002C00000095A001083F0000009CA00108C7
:10ABA00027000000A3A0010821000000AAA00108BE
:10ABB0002F000000E7A0010828000000B1A0010854
:10ABC00029000000B7A0010826000000BEA001086F
:10ABD0003A000000C4A001083B000000CBA001081F
:10ABE0003D000000D2A001082B000000CCA001080D
:10ABF0002D000000D8A001085F000000DFA00108C0
:10AC000022000000E6A0010824000000EDA00108D9
:10AC100040000000F5A00108FA00F4017102E80309
:10AC2000E204C4094103010005000A0019003200D2
:10AC300064007D008403DC05D007B80B881310275F
:10AC4000D430204EA86150C3C5AB00086928010864
:10AC5000593001084D5E0108797001081F111F1558
:10AC60001F151D151717151D1F041F1B151B0E1172
:10AC70000E110A0431B900085D360108F12E0008F2
:10AC80003D5E00084D660008492F000831B90008F4
:10AC900051450008A92E000821330008513300084F
:10ACA00091380008252F000831B90008712F0008DD
:10ACB000AD2F000801300008AD3500084D4C0008EC
:10ACC000A54400086D350008213000083D3000081B
:10ACD00025520108A2C0A1A6A424811F2F40AF12B3
:10ACE0001113130A0104070B0205080C0306090DD2
:10ACF0000E000F000810182030486896C8FF081C86
:10AD00003044586C8000000000093D0000127A00B9
:10AD10000024F4004086510100366E0100093D0018
:10AD200000093D0000093D00000000000000000097
:10AD30000000000000000000000000000000000013
:10AD40000000000000000000010000000200000000
:10AD500003000000040000000600000007000000DF
:10AD600008000000090000000000000000000000D2
:10AD700000000000000000000100000002000000D0
:10AD8000030000000400000012010002EF02014075
:10AD9000B736FFFF00010102030109024B00020167
:10ADA000008032080B0002020201000904000001C9
:10ADB00002020102052400100105240100010424FF
:10ADC000020205240600010705830308000A09049E
:10ADD0000100020A0000000705020240000007050A
:10ADE0008102400000040309040A03500055005981
:10ADF0000041001C03500055005900410020004351
:10AE000000440043002000440045004D004F001660
:10AE1000033200300032003200310032003300349F
:10AE200000350036000041706558004E37534958D0
:10AE30002076372E362E39003134000831B900081B
:10AE400031B90008C15E0008113C0008C534000893
:10AE500031B900086B03F802F802800238043804A4
:10AE60008403F8025374657000000001506F776529
:10AE70007200000252784443530000035278435456
:10AE8000435300045478444353000005547843541A
:10AE90004353000654784F446972000754784F6654
:10AEA00066730008572F4E000000000A4275737940
:10AEB000434C000B436F6D706E6400204D6F6465F2
:10AEC0000000003054584C6F636B000C43684C69B1
:10AED0007374001B436853617665000D43684465D5
:10AEE0006C65000E43684E616D65000F53634C69DD
:10AEF00073740022536350726900002350726943D7
:10AF000068310024507269436832002553636E52E1
:10AF100065760019463153687274004646314C6FAD
:10AF20006E670047463253687274004846324C6F71
:10AF30006E6700494D204C6F6E67004A4B65794C37
:10AF4000636B001A5478544F75740009426174534E
:10AF500061760011426174547874002F4D6963006A
:10AF60000000001E4D6963426172001F436844691E
:10AF700073700010504F6E4D7367002C424C546933
:10AF80006D650013424C4D696E000015424C4D61D9
:10AF900078000016424C547852780014426565706F
:10AFA00000000018526F67657200002D5354450071
:10AFB0000000001C525020535445001D31204361B5
:10AFC0006C6C00215550436F646500264457436FF5
:10AFD00064650027505454204944002844205354A9
:10AFE0000000002944205072656C002A44204C69FE
:10AFF0007665002B564F58000000001253797349B4
:10B000006E66002E52784D6F6465001753716C00A8
:10B01000000000005365745077720035536574501A
:10B0200054540036536574544F5400375365744577
:10B030004F54003853657443747200395365744932
:10B040006E76003A5365744C636B003B5365744DE8
:10B050006574003C536574475549003D536574520F
:10B0600078410044536574546D72003E5365744FCB
:10B07000666600345365744E464D00405365745601
:10B080006F6C00415365744B65790042536574538E
:10B09000636E003F536574536176004C46204C6FDD
:10B0A000636B003233353020456E003342617443A8
:10B0B000616C0045426174547970004B5365744E65
:10B0C0006176004352657365740000310000000032
:10B0D000000000FF55562D4B35204669726D776193
:10B0E00072652C2045475A554D45522B4E375349D2
:10B0F000582076372E362E390D0A000C12216D7924
:10B100006D21120C0C122161616121120C1C1C14A6
:10B1100022417F0022140814227F00767676767E04
:10B120007F7C464545454545467C003E41414122A0
:10B13000007F40404040003E4141413E007F0909C0
:10B140000906001F2040201F006314081463007FBD
:10B15000021C027F003E4141413E0063140814631B
:10B16000007F49494936007F4141413E003F403818
:10B17000403F007F091929460041221408000814A5
:10B180002241007F09192946003E4141413E007F8E
:10B1900009090906002649494932000022A401088C
:10B1A0002EA401083AA4010848A401084CA40108EF
:10B1B00050A4010854A4010858A401085CA4010883
:10B1C00060A4010864A4010868A401086CA4010833
:10B1D00070A4010874A401087F415D5D5D417F009A
:10B1E0006F8B472CE134F82C5E8BF893E1B6658DBC
:10B1F0004A007F415D5D5D417F5B1FBAEED99F557F
:10B200009874E21A0D963DA50D69C2A5F296F959FA
:10B210005FDC4A146318D94755112C02D86467754E
:10B220005594537F450D963DA50D69C2A5F296DF55
:10B2300019F75FC215BC552A444411FD0575757593
:10B2400005FD019A38370D963DA50D69C2A5F29608
:10B25000CBC081DF1175117F3E6437187FEB15235A
:10B26000017F415D5D5D417F006A0F740ED2B07455
:10B27000B16D1859157986CE1543007F415D5D5D2E
:10B28000417FCD5D8365E7C655BD6B3FA91CA5E039
:10B2900069E34A15062AFECECA3A70D9EAF55C156A
:10B2A0008A6722FF25AEB630F855DD07B6C21CA569
:10B2B000E069C46615842B72E8E92311CDE6C191DB
:10B2C000E6887722FD0474747405FD01F7AE811CD5
:10B2D000A5E06954FE37222BEAAAA78D5F3155B14C
:10B2E0003FCECA24337F538EA300011A1C1E202296
:10B2F000242627292D31050913192224292B2C3026
:10B300003236383C4748494A4B52530078A401082A
:10B3100081A4010888A4010891A401089AA4010845
:10B3200029A80108A3A40108ACA40108B3A401083A
:10B33000B8A40108BDA401081CA00108C5A4010807
:10B34000CCA10108CEA40108D4A40108B9A5010824
:10B35000BDA40108DBA40108E3A40108F4A40108CA
:10B3600005A501081EA5010836A501084DA501087F
:10B3700064A501087BA501088BA501089BA5010810
:10B38000A3A50108B1A50108BDA50108C8A501082C
:10B39000B9A50108CCA50108D7A50108E2A50108B7
:10B3A000EDA50108F8A501083861626662643800FD
:10B3B00030373A32323A3130004A756C2032382018
:10B3C0003230323600000000CCA1010803A601088B
:10B3D00009A60108B9A50108CEA401085CA80108C6
:10B3E0002FA001080DA6010812A6010812A6010847
:10B3F0002FA0010817A60108CCA101081FA601086B
:10B4000027A6010831A601083EA6010868A6010882
:10B410004DA601085CA6010861A601086DA60108F9
:10B4200077A6010887A6010892A60108CCA1010809
:10B430000DA60108A2A60108A8A60108CCA1010832
:10B44000DCA101089FA60108AFA60108B5A6010866
:10B4500029A80108CCA1010828A70108CDA9010845
:10B46000BAA60108C0A60108C5A60108CAA6010817
:10B47000D3A60108D9A60108EBA60108D4A20108A9
:10B48000CFA60108D5A60108DBA60108E1A60108A0
:10B49000E7A60108EDA601083FA80108CCA1010814
:10B4A000C5A801081F0000001C0000001F000000CC
:10B4B0001E0000001F0000001E0000001F00000012
:10B4C0001F0000001E0000001F0000001E00000002
:10B4D0001F000000F1A60108F6A60108FEA601085B
:10B4E00007A7010810A7010816A70108464D00008C
:10B4F000414D0000555342006EA201082EA70108DD
:10B5000033A701083BA7010846A701084EA7010879
:10B5100054A701085EA7010863A70108EDA601086A
:10B5200069A701086FA7010873A7010879A7010897
:10B530007FA70108000000000000003E3E1C1C0820
:10B5400008000000000017000300031F0A1F0A1F65
:10B55000051904130F171C000300000E11110E0033
:10B56000050205040E04100800040404001000186D
:10B5700004031E110F021F0019151211150A0704EA
:10B580001F1715091E151D1905031F151F17150F68
:10B59000000A00100A00040A110A0A0A110A04012A
:10B5A00015030E15161E051E1F150A0E11111F116B
:10B5B0000E1F15151F05050E151D1F041F111F1148
:10B5C00008100F1F041B1F10101F061F1F0E1F0E39
:10B5D000110E1F05020E191E1F0D16121509011F4F
:10B5E000010F101F0718071F0C1F1B041B031C0350
:10B5F0001915131F111102040811111F0201021065
:10B6000010100102001A161C1F120C0C12120C1240
:10B610001F0C1A16041E050C2A1E1F021C001D00FA
:10B6200010201D1F0C12111F101E0E1E1E021C0CBE
:10B63000120C3E120C0C123E1C0202141E0A021FB7
:10B64000120E101E0E180E1E1C1E120C1206281EA4
:10B650001A1E16041B11001B00111B040203011209
:10B660001712FCFEFE06060606FEFEFC3F7F7F600C
:10B670006060607F7F3F0000181CFEFEFE0000003F
:10B68000000060607F7F7F6060001C1E1E06060653
:10B6900086FEFE7C6070787C6E67636160600C0E75
:10B6A0000E86868686FEFE7C307070616161617FE9
:10B6B0007F3E80C0E070381C0EFEFEFE0F0F0F0CA8
:10B6C0000C0C0C7F7F7FFEFEFEC6C6C6C6C6C686B5
:10B6D000307070606060607F7F3FF8FCFEC6C6C659
:10B6E000C6C6C6803F7F7F606060607F7F3F0E0E72
:10B6F0000E060686E6FE7E1E000000007C7F7F03AD
:10B7000000007CFEFE86868686FEFE7C3F7F7F6193
:10B710006161617F7F3FFCFEFE06060606FEFEFCC1
:10B72000016363636363637F3F1F00808080808069
:10B730008080800000010101010101010100000081
:10B740005E5E0000060600060600143E143E14006D
:10B750002E6B7F6B3A006333180C6663304B4D558C
:10B760002250000007070000001C3E63410000411A
:10B77000633E1C00002A1C1C2A0018187E7E181824
:10B7800000406020000000181818180000006060D9
:10B7900000006030180C06033E7F63637F3E6466E2
:10B7A0007F7F606062737B7B6F6663636B6B7F36EA
:10B7B000383C367F7F306F6F6B6B7B333E7F6B6BBC
:10B7C0007B320303737B0F07367F6B6B7F36066F0D
:10B7D0006B6B7F3E00006C6C000000406C2C000026
:10B7E0000814224100003636363636000041221455
:10B7F00008000607535B1F0E307B6B7B7F3E7E7F0E
:10B800001B1B7F7E7F7F6B6B7F363E7F6363633660
:10B810007F7F63637F3E7F7F6B6B6B637F7F1B1BD1
:10B820001B033E7F636B7B3A7F7F0C0C7F7F6363E0
:10B830007F7F63633073637F3F037F7F1C36634189
:10B840007F7F606060607F7F06067F7F7F7F0C1850
:10B850007F7F3E7F63637F3E7F7F1B1B1F0E3E7F8C
:10B8600063737F7E7F7F1B3B7F66666F6B6B7B3373
:10B8700003037F7F03033F7F60607F3F1F3F606064
:10B880003F1F3F7F30307F3F63771C1C7763070F7C
:10B8900078780F0763737B6F6763007F7F63630054
:10B8A0000102040810600063637F7F000C0E030335
:10B8B0000E0C606060606060000307060000207688
:10B8C00056567E3C7F7F6C6C7C38387C6C6C6C0090
:10B8D000387C6C6C7F7F3C7E56565E0C7E7F1B1BDB
:10B8E00002000C5E56567E3C7F7F0C0C7C7800007C
:10B8F0007A7A00003060607D3D007F7F183C7E6674
:10B90000003F7F4000007C7C18187C7C7C7C0C0C09
:10B910007C783C7E66667E3C7E7E36363E1C1C3ED7
:10B92000367E7E607C7C0C0C18004C5E5656762071
:10B930003F7F6C6C60003C7C60607C3C0C3C7070B9
:10B940003C0C3C7C30307C3C446C38386C44066E9B
:10B9500068687E3E66767E6E6600083E774100002F
:10B9600000007F0000000041773E08000C060C1824
:10B970000C0000005E000000000600060000143EFF
:10B98000143E140026497F493200631308046261A3
:10B99000304B4D552250000007070000001C22418B
:10B9A00000000041221C0000002A1C1C2A0008087C
:10B9B0003E08080000406020000000080808080059
:10B9C0000000606000004020100804023E41414138
:10B9D000413E0040427F4040625151494946224128
:10B9E00049494936181412117F10274545454539F4
:10B9F0003E4949494932010171090503364949491E
:10BA0000493646494949291E00006C6C0000004037
:10BA10006C2C0000081422410000141414141400AB
:10BA2000004122140800020151090600304A4A521E
:10BA30003C007E090909097E7F49494949363E4152
:10BA4000414141227F414141413E7F49494949416C
:10BA50007F09090909013E414949493A7F08080817
:10BA6000087F41417F4141002041413F01017F0862
:10BA70000C1221407F40404040407F020404027F7E
:10BA80007F020408107F3E414141413E7F09090980
:10BA900009063E415161413E7F090919294626495F
:10BAA0004949493201017F0101003F404040403F88
:10BAB0000738404038073F403030403F63140808A3
:10BAC0001463070870080700615149454341007F2E
:10BAD00041410000010204081060000041417F0064
:10BAE00004020102040040404040404000030706B9
:10BAF00000002054545478007F44444438003844B3
:10BB000044442800384444447F0038545454480086
:10BB10007C0A0A0A0200585454543C007F0404046E
:10BB2000780000007A0000002040403D0000007FC7
:10BB30001028440000003F4000007C047C04780092
:10BB40007C04040478003844444438007C14141401
:10BB50000800081414147C407C04040408000854F1
:10BB6000545420003F44444440003C4040403C008A
:10BB70000C3040300C003C4030403C004428102841
:10BB800044000C5050503C004464544C440008366F
:10BB90004100000000007F00000000004136080066
:10BBA000040204080400000000FCFC000000000087
:10BBB0000D0D0000000F1F00001F0F00000000000F
:10BBC000000020F8F820F8F820020F0F020F0F02F3
:10BBD00070F8888E8E9810040C0838380F073030B3
:10BBE0000080C060300C060301000C0C80D87CE49F
:10BBF000BCD840070F0808070F0800101F0F0000EF
:10BC000000000000000000000000F0F80C0400003C
:10BC10000003070C08000000040CF8F00000000806
:10BC20000C0703000080A0E0C0E0A00000020301B8
:10BC30000302008080E0E080800000000303000039
:10BC4000000000000000000000101E0E00008080B8
:10BC50008080808080000000000000000000000064
:10BC60000000000000000C0C000000000080C0601C
:10BC7000300C060301000000F8FC040404FCF80783
:10BC80000F0808080F07001018FCFC000000080847
:10BC90000F0F0808181C0484C47C380C0E0B09080C
:10BCA0000808181C444444FCB8060E0808080F078E
:10BCB00080C0603018FCFC01010101010F0F7C7C89
:10BCC000444444C484040C0808080F07F0F84C44AA
:10BCD00044C480070F0808080F0704040484E47CA8
:10BCE0001C00000E0F010000B8FC444444FCB807DF
:10BCF0000F0808080F0778FC848484FCF800080803
:10BD0000080C0703000000303000000000000606A9
:10BD10000000000000303000000000080E060000A7
:10BD20000080C06030180800000103060C08404085
:10BD30004040404040020202020202020008183065
:10BD400060C08000080C06030100383C0484C47CF9
:10BD5000380000000D0D0000F0F808C8C8F8F00722
:10BD60000F080B0B0B01F8FC848484FCF80F0F0008
:10BD700000000F0FFCFC444444FCB80F0F080808F7
:10BD80000F07F8FC0404041C18070F0808080E0627
:10BD9000FCFC04040CF8F00F0F08080C0703FCFC73
:10BDA00044444404040F0F0808080808FCFC4444F9
:10BDB0004404040F0F0000000000F8FC0484849C7D
:10BDC00098070F0808080F07FCFC404040FCFC0FD8
:10BDD0000F0000000F0F000004FCFC04000000082E
:10BDE0000F0F080000000004FCFC04060E08080FFA
:10BDF0000700FCFCE030180C040F0F0103060C08D0
:10BE0000FCFC00000000000F0F0808080808FCFCFC
:10BE1000187018FCFC0F0F0000000F0FFCFC60C036
:10BE200080FCFC0F0F0000010F0FF8FC040404FC61
:10BE3000F8070F0808080F07FCFC848484FC780FBF
:10BE40000F0000000000F8FC040404FCF8070F08D1
:10BE50000C0C1F17FCFC848484FC780F0F01030674
:10BE60000C08387C444444CC88060E0808080F07A8
:10BE7000000404FCFC04040000000F0F0000FCFCA4
:10BE8000000000FCFC070F0808080F077CFC80007E
:10BE900080FC7C00030F0C0F0300FCFC008000FC06
:10BEA000FC0F0F0603060F0F0C3CF0C0F03C0C0C0F
:10BEB0000F0300030F0C003C7CC0C07C3C00000062
:10BEC0000F0F0000040484C4643C1C0E0F09080812
:10BED00008080000FCFC04040000000F0F08080024
:10BEE0003870E0C08000000000000103070E000071
:10BEF0000404FCFC00000008080F0F00080C0603F7
:10BF0000060C080000000000000000000000000017
:10BF10000020202020202020000003070400000033
:10BF200000000000000000A0A0A0A0E0C0070F08D3
:10BF300008080F0FFCFC202020E0C00F0F080808A5
:10BF40000F07C0E02020206040070F0808080C04FD
:10BF5000C0E0202020FCFC070F0808080F0FC0E0FD
:10BF6000202020E0C0070F09090909012020F8FC62
:10BF700024240400000F0F000000C0E0202020E077
:10BF8000E0074F4848487F3FFCFC202020E0C00FDE
:10BF90000F0000000F0F000020ECEC000000000874
:10BFA0000F0F08000000000020ECEC003070404053
:10BFB0007F3FFCFC0080C060200F0F0103060C08CF
:10BFC000000004FCFC00000000080F0F0800E0E087
:10BFD00020E020E0C00F0F000F000F0FE0E0202056
:10BFE00020E0C00F0F0000000F0FC0E0202020E075
:10BFF000C0070F0808080F07E0E0202020E0C07FFE
:10C000007F0808080F07C0E0202020E0E0070F08A5
:10C0100008087F7FE0E060202020200F0F00000054
:10C020000000C0E0202020202008090909090F068F
:10C030002020FCFC2020000000070F080808E0E09A
:10C04000000000E0E0070F0808080F0FE0E0000024
:10C0500000E0E000030F0C0F0300E0E0008000E0D0
:10C06000E0070F080F080F0760E0800080E0600C19
:10C070000E0301030E0CE0E0000000E0E0074F4873
:10C0800048487F3F202020A0E060200C0E0B0908CC
:10C090000808000040F8BC0404000000070F08086E
:10C0A000000000BCBC00000000000F0F00000004F6
:10C0B00004BCF840000008080F070000080C040C3E
:10C0C000080C0400000000000000030810182028DD
:10C0D00030383F00A2F14674A46144658A4E44E0C2
:10C0E00084EA000390990990A9310005909909907C
:10C0F000A931000390994688C03809900032099010
:10C10000A933099000364685F03A6685003D19133B
:10C110000D090604140F0A0806043C0364002E03EC
:10C120006100F8021900D902060076020000000042
:10C13000000000000000400364002D035F00E402E3
:10C140003C00C3021500AA020500760200000000B0
:10C150000000450364003A035F00EE023200BC02B7
:10C1600019006C02050058020000000000003C03AA
:10C1700064002D036100F6021900D6020600760263
:10C1800000000000000000000000470364003203CC
:10C190005F00E9023700BF0219009C0205006F0230
:10C1A0000000000000009E02B502CF02E802020378
:10C1B0001D033903560375039303B403CE03E80349
:10C1C0000B04300455047C04A404CE04F9042605B1
:10C1D00055058505B605EA051F063E06560677068F
:10C1E0008F06B106CA06ED0607072B0746076B0741
:10C1F0008807AE07CB07F30711083B088508D1086D
:10C20000F30820097209C709ED091300150016008B
:10C2100019001A001E002300270029002B002C0003
:10C22000350039003A003B003C004C004D004E0008
:10C230005200550059005A005C00630065006A0016
:10C240006D006E00720075007A007C0085008A0027
:10C25000930095009600A300A400A500A600A900E5
:10C26000AA00AD00B100B300B500B600B900BC0033
:10C27000C600C900CD00D500D900DA00E300E60011
:10C28000E900EE00F400F500F90009010A010B01D4
:10C29000130119011A01250126012A012C012D0182
:10C2A0003201340135013601430146014E0153018B
:10C2B00056015A016601750186018A0194019701B0
:10C2C00099019A01AC01B201B401C301CA01D301C1
:10C2D000D901DA01DC01E301EC01000000000000FB
:10C2E000E8033C000100F4013C00020090011E0044
:10C2F0000100F4011E00010058021E00010070033D
:10C300003C00030084A7010887A701089AA7010839
:10C310009FA70108A4A70108A9A70108AEA70108C3
:10C32000B3A70108B9A70108BEA7010812A6010812
:10C3300000000000C4A7010801000000D0A7010808
:10C3400002000000D6A70108030000007BA8010836
:10C3500004000000DEA7010805000000E2A70108B4
:10C3600007000000EBA7010808000000F2A7010881
:10C3700009000000FEA701080A0000000AA8010841
:10C380000B00000015A801080C00000012A801080D
:10C390000E0000001AA801080F0000006AA801089A
:10C3A0001000000024A801081100000030A80108B6
:10C3B0001300000035A801081400000039A8010886
:10C3C0001500000044A801081600000052A801084A
:10C3D00017000000DFE5EBF1F7FAFD00E8EDF2F7FA
:10C3E000FAFCFE00EDF0F50000A070A101000E883F
:10C3F0006E8801000090D6900100003800400000D7
:10C4000000780080000000870088010000300038BC
:10C4100000000070007800000086008701000028FE
:10C4200000300000006800700000008500860100F8
:10C4300000200028000000600068000000840085E3
:10C440000100001800200000005800600000008378
:10C450000084010000100018000000500058000087
:10C460000082008301000008001000000048005016
:10C470000000008100820100000000080000004070
:10C48000004800000080008101000000E8C30108AE
:10C4900003000C00FAC30108030044000CC40108A7
:10C4A000030044001EC401080300440030C4010816
:10C4B0000300440042C401080300440054C40108BE
:10C4C0000300440066C401080300440078C4010866
:10C4D000030044002830484058205C342A2A455440
:10C4E00049414E4D53555257444B474F4856462AA3
:10C4F0004C2A504A425843595A512A2A35342A3331
:10C500002A2A2A322A2A2B2A2A2A2A31363D2F2A57
:10C510002A2A2A2A372A2A2A382A3930410202426C
:10C520000401430405440301450100460404470394
:10C53000034804004902004A040E4B03054C040260
:10C540004D02034E02014F030750040651040B52E3
:10C550000302530300540101550304560408570312
:10C560000658040959040D5A040330051F31051EED
:10C5700032051C3305183405103505003605013722
:10C58000050338050739050F2F05093F060C2E0650
:10C590002A2C06333D05112D06212B050A28050DF1
:10C5A00026050264320A000090A9010895A9010835
:10C5B0009AA9010879736D67615B554F493F000087
:10C5C0000000000000000000E4C3010804000000B7
:10C5D000DCC3010808000000D4C301080800000003
:10C5E0000008020A0C040E06030B01090F070D05D3
:10C5F00030373D4347487E00A6A901089FA901089E
:10C60000A4A9010818100A002836087F58485800C5
:10C61000580058005800580058245848486C486C36
:10C62000087F2836283628362836283601000A00A2
:10C6300032006400FA00F40171024103E803E204ED
:10C64000DC05D007C4098813102700000000000093
:10C650000000000000000000A9A901081308030061
:10C6600001000000AEA90108130507000100000049
:10C67000B2A901081300070001000000166C14E6BF
:10C680002E910D402135D5401303E980CCC401081B
:10C69000C4C40108BCC40108B4C40108ACC4010886
:10C6A000A4C401089CC4010894C401088CC40108F6
:10C6B0000800801001020000C0401F0A2E00FF0287
:10C6C000115B00001E41000000CE000000000010C1
:10C6D00097310000FF13529800000000080000008E
:10C6E000E151BCA84526E400D81C503AE0EA0030ED
:10C6F00000020000166C14E62E910D402135D54045
:10C700001303E9800000000000000010001000008A
:10C710000010001000200000002000100030000079
:10C7200000300010004000000040001000500000E9
:10C730000050001000600000006000100070000059
:10C74000007000100080000000806E080090000063
:10C750000090D60000A0000000A0700100000100C1
:10C7600000B000020010010000C000100DE700083A
:10C77000C503010801E300089D5201081163010887
:10C7800000202020202020202020282828282820A1
:10C790002020202020202020202020202020202099
:10C7A0002088101010101010101010101010101001
:10C7B00010040404040404040404041010101010F1
:10C7C00010104141414141410101010101010101BB
:10C7D000010101010101010101010101101010100D
:10C7E000101042424242424202020202020202028D
:10C7F00002020202020202020202020210101010E1
:10C800002000000000000000000000000000000008
:10C810000000000000000000000000000000000018
:10C820000000000000000000000000000000000008
:10C8300000000000000000000000000000000000F8
:10C8400000000000000000000000000000000000E8
:10C8500000000000000000000000000000000000D8
:10C8600000000000000000000000000000000000C8
:10C8700000000000000000000000000000000000B8
:04C8800000000000B4
:04C88400D12C0008AB
:04C88800A52C0008D3
:10C88C0001140A01FFFF01FFFF00C80020033C0058
:10C89C00B400B400A401FF0188FF88FF3C00F1F054
:10C8AC00F6FCF9FAFF00FFFF1313E1AC0A130000CA
:10C8BC0000000001FFFFFFFF0100000000127A00E2
:10C8CC0081000000D9420108020000000D4A010855
:10C8DC00E8030101200301FF1313FFFF010364139D
:10C8EC0013000100CEFFFFFF7EFFFFFFCEFFFFFF17
:10C8FC007EFFFFFFFFFF0101010001012000FFFF90
:10C90C000101010080380100010C800C9600000030
:10C91C007EFFFFFFCEFFFFFF00010000A000002004
:10C92C0000000000C82F002030300020983000207C
:10C93C0000000000000000000000000000000000EB
:10C94C0000000000000000000000000000000000DB
:10C95C0000000000000000000000000000000000CB
:0CC96C00000000000000000000000000BF
:10C9780000000000000000000000000000000000AF
:10C98800000000000000000000000000000000009F
:10C99800000000000000000000000000000000008F
:10C9A800000000000000000000000000000000007F
:10C9B800000000000000000000000000000000006F
:10C9C800000000000000000000000000000000005F
:10C9D800000000000000000000000000000000004F
:10C9E800000000000000000000000000000000003F
:10C9F800000000000000000000000000000000002F
:10CA0800000000000000000000000000000000001E
:10CA1800000000000000000000000000000000000E
:10CA280000000000000000000000000000000000FE
:10CA380000000000000000000000000000000000EE
:10CA480000000000000000000000000000000000DE
:10CA580000000000000000000000000000000000CE
:10CA680000000000000000000000000000000000BE
:10CA780000000000000000000000000000000000AE
:10CA8800000000000000000000000000000000009E
:10CA9800000000000000000000000000000000008E
:10CAA800000000000000000000000000000000007E
:10CAB800000000000000000000000000000000006E
:10CAC800000000000000000000000000000000005E
:040000050801915D00
:00000001FF
