:020000040800F2
:102800000040002021A4010865390008673900084C
:1028100000000000000000000000000000000000B8
:1028200000000000000000000000000069390008FE
:1028300000000000000000006B39000861C70008BC
:1028400071A4010871A4010871A4010871A4010810
:1028500071A4010871A4010871A4010871A4010800
:1028600071A4010871A4010871A4010815510008A0
:1028700071A4010871A4010871A4010871A40108E0
:1028800071A4010871A4010871A4010871A40108D0
:1028900071A4010871A4010871A4010871A40108C0
:1028A00071A4010871A4010871A4010871A40108B0
:1028B00071A4010871A40108000000006D880108DE
:1028C00002780B78002A03D0013001319A42F7D008
:1028D000D01A70470023C25C0133002AFBD1581E76
:1028E0007047000002B47146490849000956490082
:1028F0008E4402BC7047C04602B471464908490084
:10290000095C49008E4402BC7047C04603B471465E
:10291000490840004900095E49008E4403BC7047E5
:1029200003B47146490840004900095A49008E44E1
:1029300003BC7047002243088B4274D303098B42C7
:102940005FD3030A8B4244D3030B8B4228D3030C7F
:102950008B420DD3FF22090212BA030C8B4202D321
:102960001212090265D0030B8B4219D300E0090A49
:10297000C30B8B4201D3CB03C01A5241830B8B4252
:1029800001D38B03C01A5241430B8B4201D34B033B
:10299000C01A5241030B8B4201D30B03C01A5241A0
:1029A000C30A8B4201D3CB02C01A5241830A8B4225
:1029B00001D38B02C01A5241430A8B4201D34B020E
:1029C000C01A5241030A8B4201D30B02C01A524172
:1029D000CDD2C3098B4201D3CB01C01A5241830926
:1029E0008B4201D38B01C01A524143098B4201D360
:1029F0004B01C01A524103098B4201D30B01C01A8B
:102A00005241C3088B4201D3CB00C01A5241830804
:102A10008B4201D38B00C01A524143088B4201D331
:102A20004B00C01A5241411A00D201465241104691
:102A30007047FFE701B5002000F0F0F802BDC04686
:102A40000029F7D076E7704703460B437FD4002276
:102A500043088B4274D303098B425FD3030A8B4232
:102A600044D3030B8B4228D3030C8B420DD3FF229C
:102A7000090212BA030C8B4202D31212090265D06A
:102A8000030B8B4219D300E0090AC30B8B4201D31D
:102A9000CB03C01A5241830B8B4201D38B03C01A64
:102AA0005241430B8B4201D34B03C01A5241030BDB
:102AB0008B4201D30B03C01A5241C30A8B4201D38C
:102AC000CB02C01A5241830A8B4201D38B02C01A37
:102AD0005241430A8B4201D34B02C01A5241030AAE
:102AE0008B4201D30B02C01A5241CDD2C3098B4293
:102AF00001D3CB01C01A524183098B4201D38B0110
:102B0000C01A524143098B4201D34B01C01A5241B2
:102B100003098B4201D30B01C01A5241C3088B42F7
:102B200001D3CB00C01A524183088B4201D38B00E2
:102B3000C01A524143088B4201D34B00C01A524184
:102B4000411A00D201465241104670475DE0CA0F5B
:102B500000D04942031000D34042534000229C461B
:102B600003098B422DD3030A8B4212D3FC22890125
:102B700012BA030A8B420CD3890192118B4208D3FB
:102B8000890192118B4204D389013AD0921100E05D
:102B90008909C3098B4201D3CB01C01A5241830971
:102BA0008B4201D38B01C01A524143098B4201D39E
:102BB0004B01C01A524103098B4201D30B01C01AC9
:102BC0005241C3088B4201D3CB00C01A5241830843
:102BD0008B4201D38B00C01A5241D9D243088B4299
:102BE00001D34B00C01A5241411A00D2014663463C
:102BF00052415B10104601D34042002B00D54942A0
:102C0000704763465B1000D3404201B5002000F0DE
:102C100005F802BD0029F8D016E770477047C04696
:102C20001C2101231B04984201D3000C10391B0AFC
:102C3000984201D3000A08391B09984201D30009C0
:102C4000043902A2105C40187047C0460403020217
:102C50000101010100000000000000000448054BD4
:102C600010B5834203D0044B002B00D0984710BD11
:102C7000EC000020EC00002000000000064807499E
:102C8000091A8B10C90FC91810B5491003D0044B8D
:102C9000002B00D0984710BDEC000020EC00002075
:102CA0000000000010B5074C2378002B09D1FFF776
:102CB000D5FF054B002B02D0044800E000BF0123E4
:102CC000237010BD6002002000000000ACB10108BC
:102CD000054B10B5002B03D00449054800E000BFA8
:102CE000FFF7CCFF10BDC0460000000064020020CA
:102CF000ACB10108054B82B0DA6B0243DA63DB6BDF
:102D000018400190019B02B07047C046001002407D
:102D1000054B82B01A6C02431A641B6C1840019078
:102D2000019B02B07047C04600100240802130B5C0
:102D300080240822454B49009962A40045B2002D29
:102D400000DA81E09C62C046C046C046C046C0462C
:102D5000C046C046C046C046C046C046C046C04643
:102D6000C046C046C046C046C046C046C046C04633
:102D7000C046C046C046C046C046C046C046C04623
:102D8000C046C046C046C046C046C046C046C04613
:102D9000C046C046C0469961C046C046C046C0460F
:102DA000C046C046C046C046C046C046C046C046F3
:102DB000C046C046C046C046C046C046C046C046E3
:102DC000C046C046C046C046C046C046C046C046D3
:102DD000C046C046C046C046C046C046C046C046C3
:102DE000C046C046C046C0464000C0B29962C04618
:102DF000C046C046C046C046C046C046C046C046A3
:102E0000C046C046C046C046C046C046C046C04692
:102E1000C046C046C046C046C046C046C046C04682
:102E2000C046C046C046C046C046C046C046C04672
:102E3000C046C046C046C046C046C046C046013A2D
:102E4000002A00D07AE730BD9C617CE70004005086
:102E5000054B82B05A6B02435A635B6B184001907A
:102E6000019B02B07047C046001002400222064B90
:102E700099681142FCD00122187399681142FCD064
:102E8000D868C0B27047C0460038004010B5040092
:102E9000000CC0B2FFF7EAFF200AC0B2FFF7E6FF5E
:102EA000E0B2FFF7E3FF10BD0B4B5A7E002A02D0C1
:102EB0009B7E002B0ED10322084B01211A700022A9
:102EC000074B1A70074B1970074B1B788B4201D0C8
:102ED000064B1A707047C046801F00205108002022
:102EE000531F002050080020371F002053000020EF
:102EF000084B1A68293213780133DBB2072B00D94B
:102F0000012313700122044B1A80044A044B1278E7
:102F10001A707047541F00204E080020371F0020F1
:102F2000530000200122064B1A80064B1A683432E7
:102F300013780133DBB2032B00D1002313707047E9
:102F40004E080020541F0020012305498A7F5A4063
:102F50008A77044A1370044A1370044A1370704746
:102F6000801F00202F08002032080020651F00204D
:102F70000A4810B502780A4B002A0CD00633D97FD4
:102F80004C426141D97701235A400270054A1370BF
:102F9000054A137010BD0533F1E7C0462E08002026
:102FA000801F002032080020651F00200E490F4AB4
:102FB0000B7870B5501D0E4D0E4C002B0CD02D789B
:102FC000C57720780632D077012253400B700A4B28
:102FD0001A700A4B1A7070BDC67F2E70951DED7F5A
:102FE000C37725701800EDE72D080020801F002012
:102FF0002C0800202B08002032080020651F00202C
:10300000012304490A785A400A70034A1370034A9C
:1030100013707047F31E002032080020651F002047
:103020000123044A11784B4013700222024B1A709C
:103030007047C04624080020230800200123044ACA
:1030400011784B4013700222024B1A707047C04631
:103050002208002023080020044B05481A8850430A
:10306000044A801880B21880000A704728000020A7
:103070000508000019360000F0B5130007270322E9
:103080003B405A431B4B85B0D31801930123039156
:103090009C46002102900020019B5B5C0093009BFA
:1030A0006246C340134213D0039B1C18A3B23F2BAC
:1030B0000ED86546029B5A18E3B23C40A540D2B2F6
:1030C000ECB2072B0CD80C4BD5189B5C1C432C7016
:1030D00001300528E3D101310329DCD105B0F0BD71
:1030E000DB08013BDB01054E9D18AD19F618B35CFA
:1030F000ECE7C04674BF010859080020E51A00201B
:10310000054B1A78002A06D000221A70034B0132B0
:103110001A70034B1A707047E0070020601F0020F0
:10312000651F002030B50E4B1B689A8B0D4B18683D
:103130000D4B19680D4B1C6C844207D15C6C8C42A2
:1031400004D11C0048342488944207D01C00002578
:103150004A3418645964483325801A8030BDC0460B
:10316000701E002044080020C8040020CC04002069
:103170000E4B10B51B68191E13D00D4A1268918BA7
:1031800000290ED083420ED80A4A126882420AD31E
:10319000C01AFFF7CFFB084B0021984201D801303D
:1031A00081B2080010BD0021FBE7C04644080020A2
:1031B000701E0020C8040020FEFF000010B5094C5E
:1031C0002278531CDBB2172B00D90023064952008A
:1031D0005052064A23701378172B01D8013313700D
:1031E00010BDC046950400209604002094040020E1
:1031F0000122054B52421A800023044A1360044AFC
:103200001370044A137070470400002090040020DB
:103210008D0400208C04002070B51E4A0300126843
:103220000232D47F221C082C00D208221A491B48E3
:103230000D88083A92B2854206D100200B80844264
:1032400001D0A342404170BD15482E1C854201D9D2
:103250001448068814481036B6B21C1C834201D9A3
:10326000124804880834A4B29E4202D80120934236
:10327000E9D2A64202D801209442E4D29D4202D96A
:1032800000200B80DFE707226A430432D318DB08F3
:10329000F6E7C046701E002004000020FFFF00007B
:1032A000EFFF0000CCB20108F7FF0000CEB201082A
:1032B000002806D0044A13780133DBB2032B01D86F
:1032C000137070470023FBE789040020F8B5104C09
:1032D0002368002B02D000232360F8BD0D4B0E4F56
:1032E0001B681B691D680D4B2560597B4A42514183
:1032F00048224A439B180833DE6F3E60FFF778FF91
:10330000B54201D926603D60FFF70CFFE5E7C046F6
:1033100044080020541F0020C8040020801F002003
:10332000074B1B78012B0AD0064B1B78012B06D0CC
:10333000012205494B7E53404B76044B1A7070476F
:10334000371F00205E1F0020801F00202F08002054
:103350000021012210B5124B1960124B587B4240DC
:1033600011485A7304788C4202D001700F480170E2
:10337000991DC87F002801D0501CC8770533D97F1C
:10338000002901D00132DA770123094A1370094A72
:103390001370094A13700022084B1A7010BDC04602
:1033A00044080020801F0020531F0020501F0020D1
:1033B0002F080020320800204E000020530000207B
:1033C000092802D83030C0B2704703000A3BFF2002
:1033D000052BF9D8014AD05CF6E7C0463BBD010891
:1033E00010B50E4A0E48137B59424B410021DBB207
:1033F00013738B4200D04831843152180260094A5D
:103400001378002B03D101331370074A1370002087
:103410000EF028FA0A22054B1A8010BD801F0020EA
:10342000701E002043080020651F0020DC070020DC
:10343000194B10B51B78002B11D0FFF761FE174A0E
:10344000174B12781B7852B2002A1BD1154AD27F33
:10345000002A05D1032B02D003200EF0A5F810BDE1
:10346000114A1278002AF5D16420104908801049C9
:103470000A7010490A7001210F4A117001210A4A8D
:103480001170E7E7084A11780029E3D114200B4AAC
:1034900010800B4AF1E7C046DE070020181F00200D
:1034A0005E1F0020851F0020EE1E0020DC0700208C
:1034B0004E00002043080020651F00204A0800201D
:1034C0004F000020034B10B51B78002B01D1FFF7F4
:1034D000AFFF10BDE91E0020302210B500210448C6
:1034E00016F0F2FF0022034B1A70034B1A7010BD46
:1034F00096040020950400209404002010B5084B89
:103500001B78012B01D9042B05D1062008F014FAF1
:10351000062008F011FA0022024B1A7010BDC046B6
:10352000C01F002034000020A023402210B5DB057E
:103530009A6215F073FB10BD10B5032804D007285C
:1035400009D0074B185C03E0064B1878A6231843F4
:10355000FFF7EAFF10BD044B18781530C0B2F7E74B
:10356000F0BF0108580800202A00002070B50C4B5D
:103570001B6834331C78012C0AD10321094D2878AB
:103580000130FFF747FB2970200009F017F870BDE4
:10359000002CF9D1044D052128780130F1E7C0460F
:1035A000701E00202A0800202908002070B508F0AD
:1035B000CFFB114B041E00D1104B19680D002D35A7
:1035C0002A78343153425341D8B228700B78012BFA
:1035D00007D153425A4103205242104015F05EFB7E
:1035E00070BD002CFAD000208242F7D1044B18782D
:1035F0000130C0B2F2E7C046701E0020541F002008
:103600002808002070B5868B0068714308183100C7
:103610001C00150008F098FAA04206D8A84203D270
:103620003100A01B08F090FA70BD2800FCE70000F4
:10363000F0B5212585B0FFF775FD164B1E68164BBA
:103640001B785BB20193154B1B680293144B1B68EC
:103650000393144B1F783000039B029A0199FFF7E4
:10366000D1FF013DEDB204003060002D07D0FFF71F
:103670007FFD002803D000230B4ABB4202D120006B
:1036800005B0F0BD0232911E09888142E3D00133BA
:10369000DBB2F2E7701E0020181F00204408002053
:1036A000C804002016050020CC04002010B50EF040
:1036B000DDFD0122044B1A70044B1B78002B01D056
:1036C000034B1A7010BDC046C20700204C080020F2
:1036D0003208002070B50B4D00202B78002B0DD147
:1036E000094B1C78002C06D00A226243074B1A7043
:1036F00000232B7070BDFFF7D9FF20000DF054FFA1
:10370000F6E7C046C2070020C21F0020C107002004
:103710000F4B70B51B78002B17D00E4D2B78002B5C
:1037200015D0002913D001230B4C0A000100812081
:10373000237014F097FE094B2278002A07D0013B32
:10374000002BF9D123702B7001E011F0EFFF70BD59
:10375000C0070020BF070020BE070020A086010090
:10376000264B70B51A688023D28BDB009A422ED28A
:1037700000230A2518002249224E0A78DCB294421E
:1037800009D300280DD1042A21D1002301220B7076
:103790001D4B1A7007E06843F45C0133001980B2D6
:1037A000ECE7042AF1D000220138184D84B2110050
:1037B00020006E7B08F054FC002809D1124B1B78C6
:1037C000012B02D80222124B1A7009F09DFF70BD26
:1037D000002302210E4A1370321D520054530D4A29
:1037E000760011700C4A745313700C4A1370687B86
:1037F00009F08AFD09F088FFE7E7C046541F002062
:10380000531F0020D0030020581F0020801F0020DD
:10381000511F002023080020220800202408002037
:10382000F8B5264B264C1A78002A03D0A11DCA777A
:1038300000221A700022234B1A70FFF74DFE224B14
:103840001F68224B3E001B78002B01D0204B1E68C6
:103850008022204BD2001B8893421CD2207BB2B224
:10386000031D5B00E25202214300E25209F04CFDCD
:10387000B74204D009F048FF0122174B1A70002309
:10388000383423700AF0B8F901200DF0EBFF012263
:10389000124B1A70F8BD124B1D6828002E6008F0FC
:1038A00061FD280008F04AFCB742E8D001232A0055
:1038B000217BE88B0AF032F9E1E7C046880400205A
:1038C000801F0020181F002084040020C307002050
:1038D000C807002048080020651F0020601F002046
:1038E000701E002010B5174B174CDB7F002B19D032
:1038F000164A1378002B03D000231370144A137058
:10390000144A637B11688022C98BD20091420AD28B
:103910005B00E2189288E25201220F4B1A700F4BA3
:1039200092181A7010BD04335B00E05A0023012185
:103930001A0008F0CFFB0A4B9842F3D0637B5B0080
:10394000E052E9E7841F0020801F0020531F002061
:10395000501F0020541F0020B4070020230800201F
:10396000FFFF00007047FEE770477047014B024AB7
:103970009A60704700ED00E0002800080E4B1A78AE
:1039800082420DD018700D4B0D4A1B5C0D491380FF
:103990000D4A12889B1A9AB21BB2002B01D10B70F0
:1039A00070471811002B03DD53421B115B4218B204
:1039B000064B18800123F2E7E91800200FC0010828
:1039C000E0180020E6180020E4180020E21800208B
:1039D000902210B5054B5200985CFFF7CFFF0022F4
:1039E000034B1A80034B1A7010BDC046801F002085
:1039F000341F0020E7180020F8B5802380267E4F72
:103A00007E4C9B007600BB610500A662C046C046A6
:103A1000C046C046C046C046C046C046C046C04676
:103A2000C046C046C046C046C046C046C046C04666
:103A3000C046C046C046C046C046C046C046C04656
:103A4000C046C046C046C046C046C046C046C04646
:103A5000C046C046C046C046C046C0468020BB6285
:103A60002843FFF763F92368654A13402360C04683
:103A7000C046C046C046C046C046C046C046C04616
:103A8000C046C046C046C046C046C046C046C04606
:103A9000C046C046C046C046C046C046C046C046F6
:103AA000C046C046C046C046C046C046C046C046E6
:103AB000C046C046C046C046C046C046C0461023A9
:103AC0000020400080B2844601212069A661400A9E
:103AD000084061460843C046C046C046C046C0468E
:103AE000C046C046C046C046C046C046C046C046A6
:103AF000C046C046C046C046C046C046C046C04696
:103B0000C046C046C046C046C046C046C046C04685
:103B1000C046C046C046C046C046C046C046C04675
:103B2000C046C046C046A662C046C046C046C04663
:103B3000C046C046C046C046C046C046C046C04655
:103B4000C046C046C046C046C046C046C046C04645
:103B5000C046C046C046C046C046C046C046C04635
:103B6000C046C046C046C046C046C046C046C04625
:103B7000C046C046C046C046013B002B00D0A0E76F
:103B800023681A408023DB021343236080239B00B9
:103B9000BB61C046C046C046C046C046C046C046DF
:103BA000C046C046C046C046C046C046C046C046E5
:103BB000C046C046C046C046C046C046C046C046D5
:103BC000C046C046C046C046C046C046C046C046C5
:103BD000C046C046C046C046C046C046C046C046B5
:103BE000C046A661A361074B302D02D0472D01D1FD
:103BF000054B1880F8BDC04600140050000400506A
:103C0000FFFFF3FF320000203000002070B50600F7
:103C100069200D00FFF7F0FE040003040BD46A20B6
:103C2000FFF7EAFE0C4B24030005000D1C40044383
:103C30000220346070BD6820FFF7DEFE0300002024
:103C40001A04F7D40548DB04DB0C58430449FEF79B
:103C5000FBFE28800120EDE700F0FF00EB120000E2
:103C600010270000F7B5694B694A00931B78019251
:103C7000002B26D113785BB2002B0AD0654B664A25
:103C80001B889B18062B04D8644B1B78002B18D07C
:103C9000F7BD634B1D786B1E022B27D86149624B21
:103CA0000A78002A03D0614A1278002A06D01A78CE
:103CB000002A1BD05E4A1278002A17D100220A700F
:103CC0001A7001200DF0CEFD01225A4B1A70019B93
:103CD0001B785BB2002BDBD0574B1A78502AD7D811
:103CE000002A00D089E0FFF79BFDD1E74B4B012470
:103CF0001B78524F002B0AD03B78DAB2002B05D14B
:103D0000A5421AD00ED9AB1EA34229D900243B7874
:103D10004B4E002B69D1002C67D13378002B41D159
:103D20003470B5E7474BDB7D002BEFD0464B19785D
:103D30000029EBD002241A70E9E7444B1978394B7B
:103D4000002906D01A70404B1A78002ADED00022D3
:103D5000F0E71A78002AF6D11D706432334BF1E790
:103D60003B4B1978304B002914D03A490978012986
:103D700010D11A70344E3378002BC7D00C20FFF7C7
:103D80003BFE0405A40F013C63425C410023640038
:103D90003370BCE71A78002AECD101321A70244B38
:103DA0006332E6E72C4BDB7F002BB9D0023D012DBF
:103DB000B6D80C20FFF720FE0005800F0128AFD1F8
:103DC000254BDB7F002B00D162E7A0238022DB059F
:103DD00052009A62214BEC3A1A800023009A137029
:103DE00001223A701E4A137052E700233370012CEF
:103DF00000D166E7022CE3D04AE719235343194A5E
:103E000013800022184B1A7042E7C046D5070020E5
:103E1000181F00204808002000FCFFFFDE070020DC
:103E2000DB070020D9070020D6070020D407002098
:103E3000D3070020601F0020A81F0020D207002009
:103E4000D0070020801F0020D1070020DA070020C3
:103E5000D8070020D7070020831F0020CE070020AE
:103E6000781E00204A0800204F000020F8B50C0002
:103E7000374B302802D0472805D1364B1A88A2424A
:103E800000D142E11C8080238026334F334D9B00BC
:103E90007600BB61AE62C046C046C046C046C04662
:103EA000C046C046C046C046C046C046C046C046E2
:103EB000C046C046C046C046C046C046C046C046D2
:103EC000C046C046C046C046C046C046C046C046C2
:103ED000C046C046C046C046C046C046C046C046B2
:103EE000C046C046C046BB62FEF720FFC046C04683
:103EF000C046C046C046C046C046C046C046C04692
:103F0000C046C046C046C046C046C046C046C04681
:103F1000C046C046C046C046C046C046C046C04671
:103F2000C046C046C046C046C046C046C046C04661
:103F3000C046C046C046C046C046C0461023AE621A
:103F400022B2002A00DAE1E080229200AA6207E0B1
:103F50003200002030000020001400500004005007
:103F6000C046C046C046C046C046C046C046C04621
:103F7000C046C046C046C046C046C046C046C04611
:103F8000C046C046C046C046C046C046C046C04601
:103F9000C046C046C046C046C046C046C046C046F1
:103FA000C046C046C046C046C046C046C046C046E1
:103FB0006400AE61A4B2C046C046C046C046C0461A
:103FC000C046C046C046C046C046C046C046C046C1
:103FD000C046C046C046C046C046C046C046C046B1
:103FE000C046C046C046C046C046C046C046C046A1
:103FF000C046C046C046C046C046C046C046C04691
:10400000C046C046C046AE62C046C046C046C04676
:10401000C046C046C046C046C046C046C046C04670
:10402000C046C046C046C046C046C046C046C04660
:10403000C046C046C046C046C046C046C046C04650
:10404000C046C046C046C046C046C046C046C04640
:10405000C046C046C046C046013B002B00D06FE7BB
:10406000C046C046C046C046C046C046C046C04620
:10407000C046C046C046C046C046C046C046C04610
:10408000C046C046C046C046C046C046C046C04600
:10409000C046C046C046C046C046C046C046C046F0
:1040A000C046C046C046C046C046C046C046C046E0
:1040B00080239B00BB61C046C046C046C046C04688
:1040C000C046C046C046C046C046C046C046C046C0
:1040D000C046C046C046C046C046C046C046C046B0
:1040E000C046C046C046C046C046C046C046C046A0
:1040F000C046C046C046C046C046C046C046C04690
:10410000C046C046C046AE61AB61F8BD8022920099
:10411000AA6125E770B590B00400402268461849AE
:1041200016F001FB392C08D82F2C25D8232C25D0AC
:104130000EAD2A2C09D010B070BD2300413B373C96
:10414000032BF8D8A4006C44250028880D4C0E4E93
:1041500060430E498019FEF7EDFB81B27120FFF735
:1041600085FE6B8809495C43A019FEF7E3FB81B229
:104170007220FFF77BFEDEE7303CE3E70FADE4E7BC
:10418000C4B101084C9301008813000010270000FF
:1041900010B5094C2388002908D04022C24013439F
:1041A00099B233202180FFF761FE10BD41214942C1
:1041B00001411940F5E7C046C81A002010B50400B7
:1041C00051200A49FFF752FE07200949FFF74EFE2A
:1041D00021050820090DFFF749FE802321021B025B
:1041E000090D08201943FFF741FE10BD33A0000060
:1041F000D70A00000C4B10B5C1184B1E99410400A2
:1042000049420A4B890A8902C9185120FFF72EFE3C
:104210000748084B60430849C018FEF78BFB81B282
:104220000720FFF723FE10BDBFF5FFFF40940000FD
:104230009826030050C30000A086010070B504005A
:1042400031200D00FFF7D8FBA02361051B02490DAB
:10425000194306004620FFF709FEC0216D056D0DCC
:10426000490129437920FFF701FE7A200449FFF72D
:10427000FDFD04213143312089B2FFF7F7FD70BD08
:104280009A28000010B5040081B23820FFF7EEFD37
:104290003920210CFFF7EAFD10BD000010B50349DD
:1042A000000201434720FFF7E1FD10BD426000001E
:1042B00010B537200549FFF7D9FD00213020FFF761
:1042C000D5FD30200249FFF7D1FD10BD1F9F000032
:1042D000F1BF000010B53120FFF78EFB0223984399
:1042E00081B23120FFF7C2FD00212B20FFF7BEFD78
:1042F00010BD000070B505003120FFF77DFB040004
:10430000002D06D108239C43A1B23120FFF7AEFD5A
:1043100070BDAB1E5A1E9341AD21DB0389011943C9
:104320002920FFF7A3FD0120A84280410549404212
:10433000800301432820FFF799FD0821214389B21A
:10434000E3E7C046382B000010B53120FFF754FBDF
:104350000423984381B23120FFF788FD10BD10B5CA
:1043600000212420FFF782FD10BD0000DB2110B5E5
:104370002120C900FFF77AFD24200249FFF776FDCE
:1043800010BDC0467FC1000010B550200149FFF7A5
:104390006DFD10BD18BB000010B550200149FFF79E
:1043A00065FD10BD183B000010B500213020FFF75F
:1043B0005DFDE82137204901FFF758FD10BD0000E1
:1043C00010B500217020FFF751FD0020FFF766FFB8
:1043D000FFF7E2FF00213020FFF748FD30200249BF
:1043E000FFF744FD10BDC046F1BF000010B5C3216A
:1043F0007020FFF73BFD72200A49FFF737FDC1210E
:104400005820FFF733FD5C200749FFF72FFD8E2171
:104410005D20C901FFF72AFD5E200449FFF726FD54
:1044200010BDC04665300000655600000432000033
:1044300010B500213020FFF719FD10BD054B10B558
:104440001B78002B05D001210020FFF7A1FEFFF70C
:104450002FFF10BDE91E002010B50400FFF794FFE8
:104460000020FFF71BFF00217020FFF7FFFCFFF784
:1044700076FF30200349FFF7F9FC002C01D1FFF74C
:104480008BFF10BDFEC1000010B530200149FFF7C1
:10449000EDFC10BDFAC3000010B50400FFF766FF85
:1044A000FFF772FF0020844200D00330FFF7F6FED2
:1044B00070200349FFF7DAFCFFF7E6FF10BDC046A6
:1044C000C3C3000010B56720FFF796FAC005C00D02
:1044D00010BD000010B5064B064A1B7811781B0171
:1044E0001943B0231B0248201943FFF7BFFC10BD3E
:1044F000FE1F00200020002010B501240E4B0520D7
:104500001A7854401C70614261410F23494219409E
:10451000A1231B01C91811F01AFA0022074B94427B
:1045200002D11A007F3212787E331A70FFF7D2FF61
:104530000122034B1A7010BD25080020801F0020A7
:10454000651F002010B5FFF79DFEC0215120890096
:10455000FFF78CFCFFF7ACFE10BD10B50021042066
:10456000FFF716FE00210320FFF712FE10BD00002A
:104570000B4B10B5984208D801210420FFF708FE24
:1045800000210320FFF704FE03E0013002D1FFF712
:10459000E4FF10BD00210420FFF7FAFD0121F0E740
:1045A000FF3EAB0170B51D4B1B78013B012B27D99A
:1045B00000241B4B1B4A1C7013781B4DA34220D0B8
:1045C0001A4B14701C701A4B80221C80A0230126E9
:1045D0005200DB059A62174B1C7011F0D1F9164B93
:1045E0001B681868FFF7C4FF144B1E70144B1C7037
:1045F00009F002FB5022134B2C701E70124B1A80D4
:1046000070BD124A137007F0BBFE01200DF02AF9AD
:1046100011F0A2FC03232B70F2E7C0465E1F0020BE
:10462000531F0020521F002053000020171F00209E
:1046300030080020781E0020701E0020651F00201A
:10464000B81F002032080020E61E00204C08002081
:1046500070B50F4D04002A68002A08D00023180006
:104660000C49A142584191425B41984202D020003E
:10467000FFF77EFF20002C60FFF704FE00213020B2
:10468000FFF7F4FB044B30201988FFF7EFFB70BDF8
:1046900090040020FF3EAB018A040020A023F7B560
:1046A000160008220500DB059A6203200C00FEF7C5
:1046B000DDFB2800FEF7EAFBC0232E4DDB00AA68D5
:1046C0001100194001911A420AD10F2E0AD8A619D9
:1046D000B44249D0FF20FEF7C9FB20700134F7E750
:1046E000EA68ECE740222B68042093432B6013F028
:1046F0009DFE052013F09AFE802284211E4B52015C
:104700005A601E4F0420490113F072FE05201C4917
:1047100013F06EFEFC601B4C31000420BC6013F0F3
:1047200077FE194A194B3100D360946002240520AA
:1047300013F06EFE019B164E042033703B6823433A
:104740003B6013F081FE052013F07EFE01236A68B2
:10475000134340226B602B6813432B606B681C4330
:104760006C603378002BFCD0A0230822DB059A6113
:10477000F7BDC0460038004000000240440002403F
:10478000101000000C38004058000240DC180020D7
:10479000DA1800200120024B1B699B0A98437047DE
:1047A0000004005000B503000078002208280ED84D
:1047B000FEF7A2F8050F151D3522272F2F00012225
:1047C000552904D0AA2901D0002000BD05221A7065
:1047D000FAE7AA394A42514149001970F4E7032225
:1047E0000029F4D005394A4251418A00EFE7484296
:1047F00041411A70C8B2E8E700225529E7D10632D4
:10480000E5E7032901D10722E1E70429DFD10822E6
:10481000DDE7122903D8102901D0024801700120D8
:104820001A70D2E72B0000200022034B1A70034BB2
:1048300001321A707047C046D9080020651F002059
:10484000F7B5A026402750390430F605C5B20193CC
:10485000C8B2B762140014F0E1F910202B09184314
:1048600014F0DCF90F20284014F0D8F9019BB7614F
:10487000E5182078013414F0D1F9AC42F9D1F7BD34
:10488000F8B50423124E0400B3624020FEF74CFE3C
:10489000104A002C07D0104B01251F00072C0AD806
:1048A000621ED201D218802321000020FFF7C8FF2A
:1048B0000423B361F8BD290001353A0080230020AC
:1048C000EDB2FFF7BDFF8037082DF4D1F0E7C04609
:1048D0000004005059080020E51A002010B50820F7
:1048E000FFF7CEFF10BD10B50130C0B2FFF7C8FF13
:1048F000012012F0C1FB10BD10B50020FFF7C0FF72
:1049000010BD0000F7B5041E294E2A4F2BD00024FD
:10491000FEF7A2FB7021FEF793F8A5192970FEF7A8
:104920009BFB0321FEF78CF83D19013101342970FE
:10493000202CEDD109F02EFC002509F067FB0024A6
:10494000EFB2BB00DBB20193725DE100611A511856
:10495000D219121909B2D2B2002C16D10198FEF761
:104960008BFB0134F0E735002B783A5D9B18DBB206
:104970002B70702B04D9FEF76FFB0F2318402870A3
:1049800001340135202CEFD1D4E7032C02D90123C7
:104990001A4202D00198FEF76FFB0134082CD3D1E4
:1049A0000135202DCBD1FFF7A7FFFFF797FFF7BD0C
:1049B00002080020E207002070B5254B1C78002C6F
:1049C0003ED0244BDB7F013B3B2B39D8224D2B784B
:1049D000002B35D1214B1B78002B31D1204B1B787C
:1049E000012B2DD007F0B4F9002829D11D4B1B78DD
:1049F000002B25D11C4B1B78002B03D01B4B1B78A5
:104A0000002B1DD01A4B1B78002B19D1194B1B788A
:104A1000002B01D0032B13D1631E012B11D810F0F2
:104A20000DFCFFF769FFFFF759FF012300202B70F2
:104A3000114B1870114B1870114B187012F01CFBB1
:104A400070BD032CF1D10120FFF75CFFEDE7C046FC
:104A5000E1070020881F0020E00700202E1F002013
:104A60005E1F0020141F0020171F0020DB1E0020E7
:104A70002B1F0020371F0020DF070020601F0020B1
:104A8000651F0020042370B5074DE220AB62FEF7DE
:104A90004BFD002420000134E4B2FEF74DFD082C4C
:104AA000F8D10423AB6170BD00040050042370B53D
:104AB0000024064DAB6220000134E4B2FEF73CFD59
:104AC0000B2CF8D10423AB6170BDC046000400502C
:104AD0000B4B70B51B680B4C584300236568A268EC
:104AE000834200D370BDA1688A4203D99B185B1A28
:104AF0000A00F5E78A42FBD26E1AF318D318F7E7DB
:104B0000EC18002010E000E0324870B50378002B6C
:104B100020D0314B314A0021595E13885B181BB2FB
:104B20001380002917DD2E490024095F994219DD01
:104B30001478002C1CD12B4A013413680720A3439E
:104B4000136013F073FC2000FFF7C2FF8022264B96
:104B500052009A6270BD0029EAD021490024095F01
:104B60009942E5DB1E4B1B88138000230370DFE7AF
:104B70006401FF212000FDF7DDFEFF2300225B0121
:104B80009C421AD01100194E194D0B0082424B4124
:104B90005B42334001339400FF3301322B51202A12
:104BA000F3D101240F4D2B682342D3D1072013F0FA
:104BB0004BFC2B681C432C60CCE70121094A0720E1
:104BC00013688B43136013F031FC8022064B5200B4
:104BD0009A61BFE7E6180020E2180020E4180020E0
:104BE000E0180020001400400014005000FFFF00F7
:104BF000F0180020782170B51B4A1C4B12781C4C11
:104C00004A431A801B4A1C4B12781A701B4B1D78A2
:104C10001B4BDB7F002B06D1FEF7DAFE002D01D007
:104C2000FEF76CFC70BD0122164B1A702223FF3375
:104C3000E05CFEF7A3FE002D05D0134B1B78002B84
:104C40000CD1FEF75BFC0834E17F00230F4A3D29BD
:104C500002D00A234B4301331380E3E7FFF754FFED
:104C60000B48FFF735FFE8E752000020301F002017
:104C7000801F0020E9180020E818002034000020E0
:104C8000881F0020E7180020E6180020341F0020AD
:104C900010270000064910B50B78002B03D0054AF9
:104CA000054B1278DA7700230B70FFF7A3FF10BDD6
:104CB0002708002026080020881F002080220A4B99
:104CC000520243439B1810B571200C00590CFFF79A
:104CD000CDF8FFF761FBFA2080006043FFF7F8FE94
:104CE000FFF752FB10BDC0461DA61400F8B51C000E
:104CF00005000E001700FFF747FB201E05D0A0237C
:104D000080220320DB0552009A61FFF7C7FA12499F
:104D10003F02394389B27020FFF7A8F8FFF7B4FBD0
:104D20000E48FFF7D5FE31002800FFF7C7FF002C23
:104D300007D0A0238022DB05520000209A62FFF7F3
:104D4000ADFA00217020FFF791F830200449FFF7F9
:104D50008DF8FFF721FBF8BD0080FFFF50C3000076
:104D6000FEC1000010B500213F20FFF77FF8682149
:104D70005920FFF77BF80348FFF7AAFEFFF758FB1F
:104D800010BDC0463075000010B5FFF7EBFF0021E5
:104D90000220FFF76BF800213F20FFF767F8FFF7CD
:104DA00087FAC0213F208901FFF760F859200449A4
:104DB000FFF75CF859200349FFF758F810BDC046CB
:104DC000684000006830000070B50D000400FFF777
:104DD000DBFAC22170200902FFF748F880230B4953
:104DE0005B026943C9187120490CFFF73FF80020A6
:104DF000844200D00330FFF751FAFFF745FB044827
:104E0000FFF766FEFFF7C8FA70BDC0461DA6140086
:104E100050C30000F0B5FA260500002485B00393C6
:104E20000AAB1F880BAB1B88B6007343019102923B
:104E30000093285D002801D105B0F0BDFFF76AF9A5
:104E4000FFF7AAFA019B002B02D00298002C06D093
:104E50002B5D03982A2B02D0232B00D038007043FF
:104E6000FFF736FEFFF790FA0098FFF731FE0134A6
:104E7000DFE7000070B5A0250826094CED050520E8
:104E8000AE62FDF7F3FFFF20FDF7F0FFAE61C00754
:104E900005D50A20013CFFF71BFE002CEFD170BDA9
:104EA00040420F0070B5A02408250600E405A56265
:104EB0000620FDF7DBFFA561FFF7DCFFA5622020E0
:104EC000FDF7D4FF3000FDF7E1FFA561FFF7D2FF4A
:104ED00070BD000010B50400FFF7E4FF054B1B6830
:104EE000A34205D18022FF210348520115F0ECFABC
:104EF00010BDC0462C000020DA080020F0B587B0B5
:104F00006B46049003921A7C8023A0255B000291DB
:104F10009B1AED05039A01929A4200D90193082346
:104F20001C00AB620620FDF7A1FFAC610220AC6261
:104F3000FDF79CFF0498FDF7A9FF029C019AA618B3
:104F40000F2A5BD94022314C04202368304E934312
:104F5000236013F06BFA052013F068FA80222D4BC2
:104F600052015A600021042013F042FA90210520DA
:104F700013F03EFA284F294B0420F3600199B760E3
:104F800013F046FA264B02990520D9609F600199DB
:104F900013F03EFA234B02270593002305990420C2
:104FA0000B7033683B43336013F04EFA052013F067
:104FB0004BFA012362681343402263602368134362
:104FC000236063681F436760059B1B78002BFBD041
:104FD0000823AB61FFF74EFF019A049B944663449C
:104FE0000493029B63440293039B9B1A03938023C5
:104FF000039A5B00002A8DD107B0F0BD2078013400
:10500000FDF734FFB442F9D1E2E7C0460038004072
:1050100044000240000002400C380040DC18002030
:1050200058000240DA180020F0B587B005938023BD
:105030000705040B3F0D5B010190029103922403CD
:10504000DE1B039B002B03D1FFF714FF07B0F0BD5D
:10505000FFF710FF039DB54200D935002B4E336892
:10506000A34206D08022200029495201FFF716FBF7
:105070003460274E2A00BE193100029815F09AFBC1
:10508000002826D00023F25CFF2A31D101339D4253
:10509000F9D100232A0030000299049315F043FB54
:1050A000049B002B2DD02000FFF7FCFEFFF7E2FE53
:1050B000059B174E002B1DD0EF193A003100200040
:1050C000FFF71CFF80225201FF21D21BF01915F0BF
:1050D000FBF9019B00275B190193029B5B1902936B
:1050E000039B5B1B039380235B011E00E418A8E76E
:1050F0000123CFE78022310020005201FFF7FEFE9E
:10510000E7E72A0002990198F8E7C0462C00002042
:10511000DA08002080201C4980010B6810B503428A
:1051200030D00224194B1A6822422BD01A68A243AD
:105130001A6048600A20FFF7CBFCC021144A154BC7
:1051400049019868084202D0013A002AF9D1802129
:105150000F4A9868084202D0013A002AF9D1C021CA
:105160000B4AC9009868084202D0013A002AF9D1D6
:1051700002215A688A435A605A6801398A435A6040
:10518000054B197010BDC0460000024044000240AB
:105190001127000000380040DA18002070B54026C2
:1051A0002025094C0120A661FFF792FCA561012092
:1051B000FFF78EFCA6620120FFF78AFCA5620120A2
:1051C000FFF786FC70BDC0460014005070B5402546
:1051D0002026094C0120A562FFF77AFCA662012077
:1051E000FFF776FCA6610120FFF772FCA5610120A4
:1051F000FFF76EFC70BDC04600140050F7B5234C9D
:10520000234A2368019013402360082300252027A8
:10521000012600933000A762FFF75AFC3000A76117
:10522000FFF756FC3000FFF753FC23696D00EDB229
:105230005B0600D535433000A762FFF749FC009BB1
:10524000013BDBB20093002BE4D12268104B01201C
:105250001A4080235B0113432360A762FFF738FCE9
:10526000019A4023002A0ED0A36120260120FFF7D7
:105270002FFCA6610120FFF72BFCA6620120FFF79F
:1052800027FC2800FEBDA362EFE7C04600140050D3
:10529000FFCFFFFFF8B52023264C0500A3620120B5
:1052A000FFF716FC08266BB2002B3EDB4023A362FF
:1052B00020270120FFF70CFC013E0120A761FFF72A
:1052C00007FC6D000120A762F6B2FFF701FCEDB20A
:1052D000002EE8D140252368174E0120334023607B
:1052E000A561FFF7F5FBA7610120FFF7F1FBDF37B1
:1052F00023691A002A402B421AD0013F0120FFB235
:10530000FFF7E6FB002FF3D101256D422023A362B6
:105310000120FFF7DDFB802322685B01324013434D
:10532000236040232800A361F8BD4023A361BFE7A9
:105330001500EBE700140050FFCFFFFFF8B578230E
:10534000802680270025164C3602A361FF010A2023
:10535000FFF7BEFB23691A003240334212D03B42B2
:105360000FD09A0417D50322DB040BD50135052D88
:1053700013D078230722A361521B773B9340A3628B
:10538000E5E70122074BA9005B18985C1328EDD0D4
:105390007823A361F8BD0222F4E71320F8E7C046A2
:1053A00000040050FBBF010810B532246320FEF753
:1053B00023FBC0B2C72806D9013C0120E4B2FFF7A5
:1053C00087FB002CF2D1FFF77DF8FFF77BF810BDCB
:1053D00070B5FFF7E9FF1A4A0400031C904201D997
:1053E000184B1B88184A083312689BB20232D17FCF
:1053F000164A1588164A954204D1002901D09942CF
:1054000012D970BD134E2A1CB54201D9124A128816
:10541000103292B29A42F4D80A1C082900D208220B
:10542000083A92B29A42ECD8AF204000FFF750FB06
:10543000FFF7BAFF231C844200D2031C98B2E0E7B6
:10544000F7FF0000CEB20108701E0020040000200B
:10545000FFFF0000EFFF0000CCB20108604BF0B589
:105460001C68604B85B01B68002B00D1A8E05E4B28
:105470001B78002B00D19DE0A31CDB7F002B00D10B
:1054800098E03020FEF7B8FA0626584A584B1040EC
:105490001880FEF7CDF82060200006F063FF236936
:1054A0001D68544B1B68002B06D0534A127852B229
:1054B000002A4ADD9D424CD32800FFF7C9F8FFF7C8
:1054C00087FF0500FDF77AFE2800FDF7A5FE0028FE
:1054D00061D0A18B4B1EF82B28D8FA2023688000BE
:1054E0000293FDF7B1FA502800DD50200026370066
:1054F00083B2039323691B680193FEF799F8206038
:10550000200006F02FFF236918683B4B1B785BB225
:10551000002B21DD019B834223D9029B20002360C5
:1055200006F020FF23691868FFF792F80122334B39
:105530001A70200006F016FF200006F0FFFD012083
:105540000CF090F909222E4B2EE0002AB4D09D4297
:10555000B2D9FDF74DFEAFE7002B02D0019B83428D
:10556000DBD3FFF775F8FFF71FFF854209D205006F
:105570000027236802930136039BB6B2B342B9D128
:10558000CBE78542F7D9281A0728F4DD0137FFB2A7
:10559000022FF0D9C1E7013EF6B2002E00D078E725
:1055A0000122164B1E70164B1A800122154B1A70E1
:1055B00005B0F0BD114A1370FEF73AF82060B8E765
:1055C0000E4A0D491370208E0F4AC0000978131837
:1055D0005B68825849B22000FEF714F8EEE7C04637
:1055E000701E00204408002003000020FFFDFFFF84
:1055F0008A04002090040020181F00208D04002041
:105600004A080020601F002044BD0108F0B5D44BBB
:10561000D44C1A7895B0531E182B3DD82300802106
:105620002A331B78C9000593A38D8B4231D01BB25E
:10563000E58D8D4236D02DB2CB490191098802917A
:10564000059900290ED0C9490E780391002E2CD05F
:10565000012E00D140E10323039A1370C44B019A39
:105660001B8813800025C04B01221E88C14B5D574B
:105670002300701929331B78290080B206F02AFD17
:10568000BD4B0700984200D038E1FDF7B1FD00277F
:105690001BE001235B42CBE7012301215B421D009C
:1056A0000591C9E701256D42C6E7B1490298088016
:1056B000002B00DA10E19FB23100380006F0D0FC78
:1056C000002800D108E1039B1E70019B1F80237BF3
:1056D0001A1D5B00E752A94B52001D68A84BA75248
:1056E0001B78EF83002B00D174E1AB1CDB7F002B18
:1056F00000D12EE11022380108A9FEF7CFFF089B48
:105700000193013B033300D920E1152008AB1B2294
:10571000C018002114F0D8FE019B0C930E93099B36
:105720000293029A974B9A4201D9974B0293029B9C
:105730000F24109308AB9B7A08A91A001B0922407A
:105740000A750B770CA8097A06F0E8FC08AB597AC1
:105750000EA806F0E3FC08ABDB7A1C400394022C95
:1057600001D90022039203990CAA11761E092F2B4E
:1057700000D90026D67508AB9B7B0493172B01D963
:1057800004230493049B0CAA049993757F4B49004E
:10579000CB5A01210793938208AB1B7BFF2B00D0D0
:1057A000BBE051760691039B012B00D1C5E0022B93
:1057B00000D1C7E008AB5B7BFF2B06D01B075B0F5C
:1057C000042B00D900230CAA937748226549704C1A
:1057D0000B7B20005343C918843114F0A4FF0CAA9A
:1057E00011002300E78381C981C39C46180088C942
:1057F00088C0634602990398A1610799A18304991F
:10580000D977210034310E70611CC8772100507E99
:10581000293108702000917E2B3001702000D77E46
:105820002D3007702000177F333007702000069F4F
:1058300028300770907F2200002901D01A00230031
:10584000226101226361534B21001A702B002F004B
:105850003231087034331C782D373A78A64201D1A2
:10586000002A16D01E7000233B70A64202D03000E2
:1058700006F0A4FE0020012E03D13878002800D0C5
:10588000032013F00BFAA64203D00122424B5242EE
:105890001A803020FEF7B0F8404A414B1040188083
:1058A0000198FEF7D5FEFFF793FD0400FDF786FC97
:1058B0002000FDF7B1FC3B4B002877D001221A7085
:1058C000284B0221187B07F01FFD01200BF0CAFFB7
:1058D0000122354B1A7086E0230029331A78002DF7
:1058E00000DAB8E6AFB20021380006F0B9FB0028B4
:1058F00000D1B0E601221D4B1A70E6E6002D05DD51
:10590000864200D8E1E6FDF773FCDEE6002D00D10B
:10591000DBE6864200D3D8E6F5E71800084090762B
:1059200058080840D076D806400F507658099B0991
:1059300008400B401077069335E7019B029A9B18AD
:105940000E9337E7019B029A9B1AF9E70022114B4D
:105950001A700022134B1A70029BBB4243D0AFE770
:10596000A91F0020801F0020480800208904002073
:1059700080040020181F0020FFFF0000701E002080
:1059800003000020FFE0F50540420F002CBF010896
:10599000380400208C04002004000020FFFDFFFFDD
:1059A0008A0400208D040020601F00201870019BD5
:1059B0000F4A2B6012780F4B002A01D09B68AB6016
:1059C00001220D4B1A800D4B1A700598FDF770FCE3
:1059D00015B0F0BD029BBB4200D071E7084B1B78AD
:1059E000002B00D06CE70922034B1A80EDE7C0467C
:1059F00063040020380400204A080020601F0020B3
:105A00008D040020F0B585B0041E039107D0324A02
:105A1000324BD17F19700023D377314A137006F0CF
:105A2000AFFC06F095F92F4B01932F4B0293002802
:105A300012D0A02380220025DB0552009A622B4B56
:105A40001D702B4B1D70019B1D70029B1D7006F07D
:105A50008BF928000BF0A8FD0022264B1E68264B70
:105A6000F78B1F80254B1A70254B039A1A70FDF790
:105A700033FDFDF7BDFB8023224DDB009F4221D289
:105A8000214B187806F0A6FA002804D1013006F060
:105A9000B9FA08F0D9FB002C03D0F38B1B4A2B601A
:105AA0001360FFF7B3FD1A4B2A681A603222194BB4
:105AB0001A800023184A1370019A1370029A137007
:105AC00005B0F0BD002C03D03368104A2B60136082
:105AD000FFF7C4FCE7E7C046861F002088040020CB
:105AE000C3070020EE1E0020EF1E0020781E0020BD
:105AF0004C080020701E0020480800208904002067
:105B0000181F0020C8070020A91F002084040020BF
:105B1000C40700204A0800204F000020010010B5F3
:105B20000020FFF76FFF074B1B680233DA7F142357
:105B3000002A00D0133B044A13800022034B1A7042
:105B400010BDC046701E00204A0800204F000020F3
:105B50000A4B10B51A68002A01D1094A1A60186860
:105B6000084A4118914206D914F084FC0C230360C2
:105B70000120404210BD1960FCE7C04654080020D7
:105B8000803200200040002070B506000D00140097
:105B9000FEF74AFE2A4B1B78002B1DD129490B78B2
:105BA000002B19D00122284B1A70122E13D1002C71
:105BB00011D1002D0FD0254B1A70254B254A1C7092
:105BC0001378002B01D10B7005E02D21013BDBB2D6
:105BD0001370214AD15470BD112E1DD0122E13D036
:105BE00000230A2E1FD0AC42F5D101201B4A1749D1
:105BF00012780870002A1DD0182B1BD8184ADA40DA
:105C0000024217D00223DEE7164B002C02D04433A9
:105C10001B78E8E74333FBE7124B002C01D04633F7
:105C2000F6E74533F4E79C42DDD020220D4BFF32EE
:105C30009B5CD8E70C4A9B009B589847CBE7C04633
:105C4000371F0020161F0020F11E0020511F0020CA
:105C5000530000204208002033080020521F00207B
:105C60002CDCF201801F00208CBF01080E4910B50A
:105C70000A780E4B002A0AD10833D87F0C4A1070DC
:105C80003D22DA7701230B70FEF7B4FF10BD22210D
:105C9000084AFF31595C12780833914202D1002240
:105CA000DA77F1E73D22FBE727080020801F00207C
:105CB00026080020E8180020BFF34F8F034B044A4A
:105CC000DA60BFF34F8FC046FDE7C04600ED00E04D
:105CD0000400FA05F7B50600FDF712FA494B1C68F7
:105CE000002C0AD0484B1B78002B06D1B01E434233
:105CF00058412100800011F063FDE122434B444FE5
:105D000052011A803B78002B01D00FF039FEA023FE
:105D10008022DB0552009A613E4BFF3A1A703E4BDF
:105D20001B789B0701D5FEF765FF00223B4B3C4DDE
:105D30009A563C4B0193002A1CD16B1DDB7F002B34
:105D400042D13434FEF7C6FB207806F037FC300031
:105D50000BF02AFC022E02D03B78002B4DD0324BA8
:105D60001B78012B02D000200FF01AFA0123019AB0
:105D70001370F7BD2835FDF73BFA2B78502B1FD950
:105D80002A4A1178002909D1503B1900FA235B00F7
:105D90004B4327499BB20B80012313700022254BF4
:105DA0001A70254A254B116819608021E38BC900C0
:105DB0008B4200D3236813600122214B1A70C0E785
:105DC00000221B4B1A80E9E70635E97F4B424B4125
:105DD0003C205B42FF3003401A48693303801A4B72
:105DE0001A70002902D10122184B1A700022184B98
:105DF0001A700123019A1370A3E70122154B1A7040
:105E0000B4E7C046701E0020DD1A00205A1F002093
:105E1000521F0020781E0020CC070020181F0020F1
:105E2000801F0020651F0020371F0020EF1E00206C
:105E30004A0800204F000020C8070020C4070020A7
:105E4000C3070020DC0700204E000020F01E0020C9
:105E500043080020601F002010B5174B1B78022B51
:105E600008D006F08DFA01200BF0FCFC0220FFF7B1
:105E700031FF10BD0022114B1A70114B1B785BB221
:105E8000934208D0FA210F4B490019800E4B1A702B
:105E90000E4B01321A7001200BF0E4FC0C4B0D4C40
:105EA0001B78002B04D010F057F803232370E0E791
:105EB000094B1B78FAE7C0465E1F00204C08002003
:105EC000181F00204A0800204F000020EF1E00206D
:105ED000521F002053000020371F00201E4B10B51A
:105EE0001B78D8B2002B09D11C4B1B78002B04D097
:105EF0000BF05AFB01221A4B1A7010BD194B1A787D
:105F0000194B1B78134359424B411849DBB20978AE
:105F1000C8B2002905D0012A03D10021144B197001
:105F2000030014490978002912D01349097801297E
:105F30000ED1023A012A0BD80022104B1A70104BD6
:105F400004201B78002B00D00238FFF7C3FED4E7F3
:105F5000002BF4D1D1E7C046DE0700205E1F0020F1
:105F6000601F0020DB070020181F0020DA07002038
:105F7000D9070020D8070020D7070020D607002027
:105F80004C08002010B51A491A4B08781A781A4B99
:105F900000280FD0032A0FD0184A1278D0B2002A56
:105FA00000D108701B88164A9B18062B1DD9FFF7D5
:105FB0002DFB12E0032AF5D11B88114A9B18062BF2
:105FC00003D9104B1B78002BF1D10F4B04201B7809
:105FD000002B00D00238FFF77DFE00230B4A137020
:105FE0000B4A13700B4A137010BDFFF737FAF4E732
:105FF0008D0400205E1F002048080020DE070020DE
:1060000000FCFFFFDB0700204C080020EF1E0020F3
:10601000EE1E00204F000020F7B5814C0E00657B7E
:10602000002902D001227F4B1A70237F002B04D05D
:10603000022802D0FEF7F8FBF7BD7B4B1B78012B43
:1060400003D1784B02221A70F6E7122800D90EE22B
:10605000FCF766FC130016008D0093009900A50064
:10606000DC00DF009B01AA010D02C401C4010D0286
:106070000D020D020D02E901E901FEF793FADBE7DB
:106080006A4B6B491A68D38B5B18062B43D9FEF712
:10609000CBFB231DDB7F002BD3D0664B1B78002B63
:1060A000CFD1654B1B785BB2002B0BD0634B1B78B9
:1060B000032BC1D1624B1B78002BBDD0614B1B88D9
:1060C000002BB9D08023627BDB005100605A9842DC
:1060D000B2D248235343E3181A008020B432128806
:1060E000C000121892B2A23362521A8006F048F928
:1060F000554B1C68200006F035F9200006F01EF80C
:1061000001200BF0AFFB0123504A1380504A13705B
:10611000504A137090E7138E062B07D111694E4831
:106120000E68864202D84D4B0B6085E701339BB267
:106130001386042B17D14A4B1B78002B01D1053352
:106140001386138E8022D2009B1801229BB26D0011
:1061500063536519AB803E4B1A70424B92181A700C
:10616000414B00226FE7062BEBD90023E8E7012221
:106170003C4B1A70FDF7ECF85EE70122394B1A70C0
:10618000FDF7B0FB58E7FEF74FFB00200634374B16
:10619000E27FE0771A700CF0F9F9334B52E7002EEA
:1061A00004D112F089FD304B1E7045E705F0B4FBB9
:1061B000051E00D040E71D4B1C688023E08BDB00F0
:1061C000984202D3FDF782F836E705F07BFE0378AC
:1061D00001007F2B0AD97F2213400370E08B05F06A
:1061E00061FE01221F4B1A70214B2CE722002E3238
:1061F00013780133DBB2192B00D92B001370012364
:1062000021001A00E08B11F007FFEAE7FCF770FEAF
:1062100012E7184D2B78002B2ED010F051FE0BE713
:10622000801F0020511F0020371F0020541F002016
:1062300000FCFFFF321F0020181F00205E1F0020FF
:10624000EE1E00204A080020701E00204E0800208C
:10625000B4070020601F0020FFE0F50500E1F50510
:1062600034040020230800205300002033040020C1
:10627000B30700200B1F0020621DD27F804B1A70D5
:10628000A21D804BD27F1A707F4B1A78002A01D151
:1062900001321A7000237D4AA38413707C4A137064
:1062A00006F06EF87B4A7C4F1378002B04D17B4BB1
:1062B00039781970012313700126794B30001E7054
:1062C0000BF0D0FA774803780193002B07D1220016
:1062D00041321178744B06701970019B1370FEF7F0
:1062E0003EF8012302203B70FFF7F4FC00226F4BC5
:1062F0001A706F4B1A702823FF33E35C5A1F5F2A12
:1063000000D914236B4A1370C8226B4B92001A8079
:1063100001226A4B1A700023694A1370694A13708C
:10632000694A1370694A1370694A137010F09AFD34
:10633000684B694A1888032343431188994200D067
:106340001380012010F026FD0122644B2A701A7080
:1063500000217F32624814F0B7F8802200216148A2
:1063600014F0B2F8802200215F4814F0ADF800214B
:1063700080225E4814F0A8F800225D4B1A700FF0DE
:10638000B1FF022005F0D8FA56E6002E02D1FFF741
:106390006DFC51E60121574B1B682B331A784A409C
:1063A0001A70554B198047E6002E02D1FEF772FC99
:1063B00042E6260000224A361100308805F050FEE1
:1063C000002800D138E632882B1D5B006D00E252B8
:1063D00062530122494B1A70494B33E6494B1B78F3
:1063E0005BB2002B0BD00B2806D10A3805F00AFE51
:1063F00007F02AFF3E4BB4E601204042F6E7424A4E
:10640000E37D11780A2900D113700B2807D1082BDE
:1064100001D80133E3750122394B1A70EAE7002BEA
:10642000F9D0013BF6E7334B384D196800230C00D7
:106430000834E27FEE5C964203D00133182BF9D189
:106440000023122803D1172BD4D0012202E0FF220F
:10645000002BCFD0D218D2B2AB5C2D4AE377CB8BD6
:106460009B18062BD7D80122234B1A80D3E7FEF7BF
:10647000DBF9002E00D1DFE50122264BE3E5C04623
:1064800032040020310400203004002043080020A2
:106490004E0000202F0400204C0800202E04002075
:1064A000F01E00202D0400202C0400202B040020CE
:1064B000DA030020010000200C0000200000002072
:1064C000370600203606002038060020D9030020B9
:1064D000D80300201A000020100000203A060020F7
:1064E000651C0020E51C0020651D0020E51D002026
:1064F000D9080020541F00204E080020B4070020B7
:1065000023080020181F00200200002023BD0108DE
:1065100000FCFFFF511F002010B51422002102488B
:1065200013F0D2FF10BDC0463A1F002070B5414B9A
:1065300004001B78A0B0002B40D005F009FC051E1C
:106540000BD103200EF02CFE3B4B1D703B4B1B78F8
:106550005EB2002B03D00FF0FBFA20B070BD384ABA
:10656000384B394D002C25D001216846117080220E
:10657000FE311E7013F0A8FF3300802269463348B5
:10658000FEF752FD6022FF21314813F09DFFAB7DE5
:10659000304A9B075B0F9D5A2F4B07201D800FF041
:1065A000B5F92E4B000918802200012128000FF0B8
:1065B00097FAD2E714701C70AD8AEDE705F0ACF9DC
:1065C000041ECAD11C4B1870254B1870FFF7A4FF8E
:1065D00005F0D6FE200000240EF0E2FD214B1C57F2
:1065E000002C16D08022204BD2001B88934202D36D
:1065F000FDF716F9B1E7012005F004FD07F024FED0
:1066000007F0FAFA2000FFF789FA0122174B1A70F7
:10661000A3E7174B1B685A1E9341164A01331370A8
:1066200007F0EAFA01210800FFF7ECF9124B1C70A1
:10663000EBE7C046521F00204C080020171F002027
:10664000DE1E0020DA1E0020801F002028A000008F
:106650007A1E002074C10108741E0020761E0020DE
:106660004F1F0020181F002048080020651F002031
:1066700044080020B81F00204308002010B5012066
:10668000FFF754FF10BD00000F2210B50021044891
:1066900013F01AFF0022034B1A70034B1A7010BD3F
:1066A0003308002042080020161F0020114B70B54F
:1066B0001B78002B03D1104B1B78002B07D0FFF762
:1066C000E3FF00220D4B1A700D4B01321A700D4B77
:1066D0000D4C1B780D4D002B03D123782A781343E2
:1066E00007D0FEF7A1F8002301222B702370044B82
:1066F0001A7070BD161F00204208002053000020B1
:10670000601F0020D9080020581F0020531F0020C0
:1067100010B51D4B1B78002B03D11C4B1B78012B94
:1067200007D1002921D100281FD00222184B1A704E
:106730001BE0002915D1002818D1164A1278002A2A
:1067400001D1002B01D0032B0FD10123124A117864
:106750004B40137002D01022104B1A70104B0122C4
:10676000E5E7002801D0FCF7DBFD10BD084A032B4C
:1067700002D001231370F8E70A4B1B78002BF8D0E6
:1067800002231370084BEAE7531F0020371F002035
:10679000511F0020521F0020D9080020581F002040
:1067A000651F0020171F0020F11E00200022404B13
:1067B00070B51A70904203D03E4B1B78934212D0B2
:1067C0003D4B1B78012B0DD10024FCF783FF3B4B85
:1067D00020001C7005F09EFF394B1B78012B01D067
:1067E000384B1C7070BD05F097F8354D002807D068
:1067F0000BF05CFF344B1B78002B2ED0334B2AE080
:10680000334B1B785BB2002B02D0FDF709F8F1E7A0
:10681000304B1B78002B05D00FF09AF90322294B3F
:106820001A70E7E72B78032B14D0234A1278012A39
:1068300003D1294A1278002AD4D0012B02D0002299
:10684000204B1A702549264B09781A78002915D152
:10685000002A1AD1234B01221A700022224B1A70EF
:106860002B78012B04D0174B1978032900D01A700C
:1068700001221E4B1A701E4B1A70B3E7002A04D176
:106880001C4A1278002AE5D01A701A780E2A01D90B
:106890000E221A7000261B78164A174C17491370DF
:1068A00020000E22CE5413F047FFA673D2E7C04655
:1068B000531F0020FD1E00205E1F0020E21E00204E
:1068C000371F002053000020141F0020B8070020AD
:1068D000181F0020171F0020C1070020161F0020CE
:1068E000420800205008002018050020651F0020E5
:1068F000601F002035040020C02000203308002045
:10690000F0B5B84F04003B780D00160085B0132B8E
:1069100007D0A34203D1002D01D113233B7005B052
:10692000F0BDB14A1278002A0FD0002901D11028F9
:106930000AD1FCF7E5FBFEF75DF9102C05D000222B
:10694000AA4B3C701A70EAE71C00A94F3B78132B46
:10695000DFD1002D00D132E1A64B1B78002B00D1F6
:106960002DE1FCF7CDFBFEF745F9102CE7D1A24B4A
:1069700001931B78052B02D100200AF015FEFA22A4
:106980009E4B92001A809E4B00939E4B19780029D3
:1069900003D01E224A439C4B1A70002D00D06BE19D
:1069A0009A4F3B78002B02D006F0AEFE3D70984F18
:1069B0003B78002B03D006F0E1FE00233B70954F9F
:1069C0003B78002B03D006F071FE00233B70924F02
:1069D0003B78002B13D0914B1A68009BD08B597BCE
:1069E000012307F09BF800233B7004F095FF00287B
:1069F00005D18B4B1A78002A01D101321A7000227E
:106A0000884B1B78934207D0874B1B78934203D166
:106A1000864B1A7853425A41794B0093597E131E84
:106A200001D1002904D0019B1B78013B581E8341F2
:106A30007F480778B80700D557E1002B00D18DE1DA
:106A4000102C00D053E17B4B1F78002F04D037006F
:106A5000002D01D101271D70774B02931B78002B6D
:106A600005D0102C01D00D2C01D1FDF7DDFE002F3B
:106A700010D1019B1B78012B00D014E26F4B1F78C3
:106A80000193002F00D0D0E1102C00D07BE1280032
:106A9000FFF78CFE554C2078002803D004F04CFF03
:106AA00000232370664C674A23780092002B09D09C
:106AB0002822654B1A800BF03FF80123009A1370CF
:106AC00000232370614C2378002B09D0002E00D0C6
:106AD00064E306F053FE0023012223705C4B1A701E
:106AE0005C4B1A78002A06D000221A70964200D019
:106AF00058E306F0DBFD584B1A78002A06D0002236
:106B00001A70964200D051E306F0FEFD534B444FFD
:106B100002931B88524C0193002B23D0002E01D1ED
:106B2000002D0AD009F064F8404B1B78002801D0F2
:106B3000012B02D0022B00D03CE3384B30491A68BD
:106B40006B46497B1B79D08B06F0E8FF04F0E4FE2E
:106B50003B78002803D1002B01D101333B70002387
:106B6000029A13803D783F4E002D00D130E33E4B1A
:106B700001931B78002B00D126E32900002006F0AA
:106B8000C3FB2900012006F0BFFB2378FF2B01D1B6
:106B900000232370012333700023019A3B7013708C
:106BA00005F0EEFB01200AF05DFE002333702F4B51
:106BB0001B78002B00D10FE3FFF74EF90CE30D2CEF
:106BC00000D0D4E62A4B1F78002F00D0CFE6294B07
:106BD000DB7F002B00D1CAE6FEF70CF8034B1F70D9
:106BE0009DE6C046270000202E1F0020511F0020D8
:106BF00026000020E00700205E1F00204C0000203F
:106C0000801F0020BE1F0020641F0020BD07002041
:106C1000BC070020BB070020BA070020541F00203B
:106C200023080020061F0020021F0020371F00201D
:106C3000B9070020B8070020D9080020510800201B
:106C4000B7070020B6070020381F00202F080020BB
:106C5000651F0020B5070020B40700204E08002063
:106C60005300002032080020B30700204C08002009
:106C7000E7180020881F002008F0BAFFBC4F102C36
:106C800003D1BC4B1B78DB0727D53B78012B04D104
:106C9000132804D01538012801D9FDF7ABFF0D2CBE
:106CA0001BD1002E19D0B44B1B78002B07D0FFF757
:106CB00033FC0022B14B1A70B14B01321A70FFF74E
:106CC000F5FC0122AF4B1A70AF4B1B78002B01D0A3
:106CD000FFF7C2F80022AD4B1A603B78012B00D0C1
:106CE0008DE62822AA4B1A8089E6002B36D0012097
:106CF0000D2C0AD1002D08D0002A06D0A54B187003
:106D00009F4B187004F018FE09E6074201D00029D5
:106D100005D12300113B012B33D90A2C0FD00F2CA6
:106D200012D1002D00D1FAE5002E1BD1022004F073
:106D300003FE0422984B1A700122914B02E6002EAA
:106D40001FD1002DF2D0EAE5002D00D15EE2002E29
:106D500000D0E4E50A2C00D1E1E5E7E7092C01D9F0
:106D60000F2C0BD18D4B1B78002B0AD0002D00D19E
:106D7000D5E5002E00D0D2E50220C3E7102C00D1CB
:106D800061E6874B60E6FE230193112C06D02000BC
:106D9000FCF716FB0190FF2800D17BE6002D0CD1FB
:106DA000A0238022DB0552009A627E4B28001D70D2
:106DB000FDF752FBFDF78EFA6CE6002E00D069E677
:106DC000009B7A331B78002B07D0A0238022DB05A1
:106DD00052009A61734BFF3A1A70FDF77BFA019BE0
:106DE000FE2B06D1009B70497A331878FDF7ECFF33
:106DF00050E6009B7A331C78FDF7B8FAFDF7C4FA29
:106E0000002C00D003273800FDF748FA67497020AE
:106E1000FDF72CF8FDF738FB6548FDF759FE0198A2
:106E2000FDF778F9FDF7B8FA34E6B54200D131E65E
:106E3000032F02D0002D00D12CE6A0238022DB05F9
:106E400052009A620022574B1A7002239F43012F6F
:106E500001D10BF00BFA00275022019B55481F70FF
:106E6000554B1A80FDF734FE01200AF0FBFC404B25
:106E70001B78012B01D0514B1F70009B42331878B7
:106E800000280BD10AF090FB01234D4A102C03D0AF
:106E9000434A002E00D0FDE51370FBE50A22424371
:106EA000484B1A70F0E7484B364A03931B7801921F
:106EB000002B1BD12E4B1F78FF2F09D02300113B35
:106EC000012B00D959E1029B1B78002B00D054E123
:106ED00004F022FD002800D057E1042F00D154E136
:106EE000320029002000FEF74FFED3E5002E00D02F
:106EF000D0E5002D00D1CDE5102C34D00127019B29
:106F00001F700C2C06D80A2C27D867D00223019AB0
:106F1000137028E00D2CF9D1FDF724FF2B4B1B78C3
:106F2000012B0FD12A4B1A882A4B9A420AD0009B78
:106F30000099587B031D5B00CA524300CA520221CC
:106F400006F0E2F905F01CFA01200AF08BFC0020A3
:106F50000EF026F90023039A9EE71C4A13787B4023
:106F600013701D4B1E700122054B1A7092E5C0462E
:106F7000371F0020CC0700203A1F00204F1F0020A1
:106F8000601F0020511F00204C08002044080020F2
:106F9000381F0020021F0020611F0020321F002028
:106FA000F11E0020781E0020D6060000C3C300009A
:106FB00050C3000088130000E61E0020530000208C
:106FC000B8070020C10700202B1F0020B2070020B7
:106FD00024000020FFFF0000B10700208E4C8F4AE4
:106FE0008F49200005F092F923002D331F702300F4
:106FF000200029331F7005F0A1F88A4B38001C606F
:10700000894B1C60894B1C600AF02CFCFDF7EEF9E3
:10701000FDF7A8FE864B1B78002B00D0A1E0854F22
:1070200046220021380013F04FFA834C834B844AE8
:1070300084492380537BA1800221A17146315943A9
:107040005318180084300088009120811800863081
:107050000088608118009C3001884088A181E0810F
:10706000180089300078B22120741800913000781F
:107070008C4660741800883000789C44A074180016
:10708000903000786146E0741800B83000782075C0
:107090001800A430007860751800AC300078A07536
:1070A0001800B7300078E0751800AD300078207611
:1070B0001800B1300078097860761800AF30007899
:1070C000A0761800B6300078E0761800AB30007873
:1070D00060771800B0300078A0771800B4300088CE
:1070E000E077601CC17718008021B930A2330078A6
:1070F0001B88F877C90054488B422BD2190006F040
:10710000DDF8422138000EF0A5FA0627A31DD88726
:107110004E4B20200834E3870FF0CEF84C4C2770FC
:1071200007F0B6F9FDF7DAFB05F054F910F08AFC28
:1071300088213620FCF79AFE00210120FDF728F86F
:1071400005F01EF901200AF08DFB01232370414B4D
:107150001F7008E70099BA318918102213F0E3FA7A
:10716000CFE702223A4B1A703B4B033A1A800022B7
:107170003A4B1A70FDF708FEF5E6394BBF003200B6
:1071800029002000FB58984784E4002E00D081E4B9
:10719000002D00D17EE40223019A7DE60122314BCD
:1071A0001A7098E40122304B1A70A4E401222F4B8C
:1071B0001A70ABE401222E4B1A702378FF2B00D0FB
:1071C000CDE400232370CAE41D4B2900587BDAE488
:1071D0003378002B00D0E3E4009B1B78002B07D012
:1071E0000023009A13702822224B1A8008F00EFD0B
:1071F000214D2B78002B03D00BF028F900232B70A6
:1072000020780DF0CDFFFF23237095E50A2C01D0E7
:10721000FFF785FB8AE5C0462007002090FE960216
:1072200005040000701E0020541F00206C1E00206A
:10723000B20700206A07002068070020CDABFFFFDF
:10724000801F0020A5BEFFFF8A070020BADCFFFFD9
:10725000B1070020511F002024000020B0070020AB
:107260005CBF0108BC070020BB070020BD07002051
:10727000BA070020381F00205008002000221020EC
:10728000110010B5FFF73CFB0022064B1A70064BAD
:107290001B78132B02D0054B01321A70FDF7F2FB5D
:1072A00010BDC046141F002054000020F11E002015
:1072B000F0B5CA4B9BB01B780093052B33D1C84B5C
:1072C0001B78002B2FD0C74B02931B780193002B08
:1072D00000D10AE2C44C25782800E130FF300003D9
:1072E0000135FDF7F7FDEBB22370072B04D900231E
:1072F000029A137010F05CF9BC4B1B78052B02D17D
:107300000122BB4B1A70BB49BB4A0B78002B00D043
:10731000C8E200991378012900D0CAE21378002B43
:1073200000D0CDE201E304F0F7FA0028CBD10C2025
:10733000FCF762FB01231842C5D000210220FCF7B4
:1073400095FD0220FCF758FB082307043F0E0400BC
:107350001F4226D00B20FCF74FFB0005000FFCF767
:107360002FF80600FF281CD0009B012B19D0A34B3F
:107370001B78002B15D0A24D2800FBF7ABFA0200BA
:10738000132804D128009F4913F0A6F912220023E4
:10739000AE54AD180C226B709B4B1A70944B0B3A89
:1073A0001A707B0702D50122984B1A7001231F42E5
:1073B00009D00122964B0C201A70FCF71DFB954B4F
:1073C000800BC0B21870BB0702D50022904B1A7018
:1073D000E5B2630602D501228F4B1A70240602D54E
:1073E00000228D4B1A70EB062AD501228B4B1A70A6
:1073F0008B4B09321A808B4B9A7F002A20D0009A3F
:10740000052A08D1764A1178002904D11420864A29
:107410001080864A11700533DB7F002B10D0844A20
:10742000844B1178002902D11988132908D8142116
:10743000198000231370804A137001227F4B1A7049
:10744000AB0604D50022754B1A70754B1A806B077A
:1074500009D501227A4B10001A7006F0D3FEE12202
:10746000784B52011A8008231D4204D00020744B2F
:10747000187006F0C7FEFB063DD55C4B1C78042C4B
:1074800039D1714B1B78012B35D1704B1B78002BF8
:1074900031D16F4E5F203378013CDAB20133DBB279
:1074A00033700192FCF7A8FA019B6A4D5B00E85229
:1074B000002CEED13378232B1DD901224C4B0B200D
:1074C00034701A70FCF798FA0600FDF75DFCF606BA
:1074D0000AD42A88604B9A4206D12B000833DA8FEF
:1074E0005E4B9A4200D1C7E0FDF73CFCFDF74CFC37
:1074F0005B480FF0A9FE30231F4200D117E7594B1C
:107500001B78002B00D112E7574B1B78012B00D0C2
:107510000DE7564B01931B78022B02D0052B00D0B0
:1075200005E704254A4CBF0602D523782035ED1A1D
:107530000026AE4200D0C1E0237801232C4E3370E8
:107540002378232B00D8F2E6237800230B20237026
:10755000FCF752FA0400FDF717FC250010231D402C
:107560001C4200D0B9E03B4C3B4B22889A4200D0F1
:10757000B3E023000833DA8F384B9A4200D0ACE0F6
:1075800020200EF099FEA31D42213948DF8F0EF016
:1075900061F8874200D0A0E0E388A2881B0413436F
:1075A000344A1B021B0A934200D096E000222800B6
:1075B000110004F055FD071E01D101F02FFA8023C0
:1075C0000135ADB2DB009D42F0D10423019A137066
:1075D000033B3370FDF7C6FBA9E6C0465E1F0020E3
:1075E000E91E0020DD1A0020DB1A0020371F0020D2
:1075F000601F00201E0700200B1F00201407002022
:107600003A1F00203B1F00204F1F0020D107002001
:10761000D8070020D7070020DA070020E31E00204B
:10762000E41E0020801F00202C1F0020EA1E0020E6
:107630004E000020DC07002043080020651F0020CA
:10764000DE0700205A1F0020681E002015070020BA
:10765000B007002068070020CDAB0000BADC0000B6
:10766000120700202B1F0020B2070020B1070020C6
:107670006A070020A5BE020022200EF01DFE422156
:10768000B4480DF0E7FFAB1DDB8F834200D02FE73E
:107690006D880EF0E1FC8188A3B2994200D827E7FB
:1076A000062363430268D618D35AAB4204D87388C2
:1076B000AB4201D901F050FA0134EDE75F20FCF74D
:1076C0009BF92378232B06D823785A1CD2B2227038
:1076D000A14A5B00985201362BE70523019A1370EB
:1076E000043B3370FDF786FA21E69C4B1B78002B98
:1076F00000D108E608272DE0994C37E028000FF06C
:107700008BFE002822D00821964A2B7B12780B4250
:1077100068D0002A1AD1944B1B88DA060DD180223A
:10772000D200934209D25809904A41008C5201225A
:1077300082408F49086802430A608E490A88002AFD
:107740006BD0013A0A80884A01331380013FFFB2AF
:10775000002F1FD08022884ED2003388934219D246
:10776000864A1488002CC7D0013CA4B20133338070
:10777000F0231B0208ADE0181480400120222900EC
:10778000FCF78CFF28000FF06DFE0028B6D0802398
:10779000DB0033808022784BD20019886F4B9142F6
:1077A00002D2019A002A62D000221A70744B013270
:1077B0001A70744B1B78002B4BD0734B1878002831
:1077C00000D099E56F4B1A78002A00D194E56F4BF1
:1077D0001B88062A55D96E4A1188994200D18BE53B
:1077E000138089E5012A13D19A43002AAED0694B50
:1077F0006A681B68013B9B1A8022920093428AD3DD
:107800000022564B01901A705D4B01321A70C1E78D
:10781000022AECD1013A1A40E7E75A4908788C4627
:1078200006280ED85C4A0101891808AA70CA70C1DE
:107830000D001188013029809278AA70624610707C
:1078400081E70121504B1970444B1A704C4B197051
:10785000A0E7484B1B88002BAFD04C4A10888342CE
:10786000ABD20138C01A80B210F090FA44E51B7810
:10787000002B00D040E5424B1B78002B00D13BE5AC
:107880009BE70721891A89B2994207D2073BD21890
:1078900090B23F4B188010F001FA2DE5002B00D17B
:1078A0002AE5F6E7013BDBB20B70002B00D035E593
:1078B0002FE53A490978002900D02FE5002B21D087
:1078C000374E384B31781A78022900D0E3E1002A8C
:1078D00000D1D8E1344D2968002905D0334800682B
:1078E000091A002900DD34E1314C207801380528DF
:1078F00000D9C6E1FBF714F8A200A4008F01AB0188
:10790000AB01AE012B4B1B785BB2002B0DD104F009
:1079100003F8002809D1284B1B78002B05D1274CF0
:107920002388002B54D0013B2380254B1B78002B50
:1079300000D10EE1234B1A880123110019401A428D
:1079400000D006E1204B1B78012B00D1AEE31F4B8A
:107950001970FEE06A070020680700200E0700206B
:10796000FF030000E01A0020080700204C0600205A
:1079700048060020060700200A0700200C07002008
:107980008C06002004070020900600208E060020B0
:10799000E21A0020CC1A002094060020E007002004
:1079A0003A06002039060020100600200C060020B0
:1079B00008060020181F0020171F00201C070020A9
:1079C00016070020001F00205E1F0020AA050020CF
:1079D000CA4BCB4819780FF073FE029B19780FF051
:1079E0006FFEC84B19780FF06BFEC74B19680FF08C
:1079F00067FEC64B19780FF063FEC54B19680FF090
:107A00005FFEC44B19880FF05BFEC34B1988013130
:107A100049080FF055FEC14B19780FF051FEC04BCD
:107A200019780FF04DFEBF4E05003368834200D138
:107A30007BE710F04DF8C823356075E7022323700B
:107A4000B94B1B68002B21D10020B84BB84E1B78D6
:107A500005960293B74BB84E1B7803960493B74B29
:107A60001B780193B64B19780300029FCEB2BE4239
:107A70002ED3002804D00021B24A1170AA4A116006
:107A8000002B00D1AAE0AE4B1E70A7E0AD490978EB
:107A90005B5C002BD8D0AB4BA34A1B781268D35C3D
:107AA0002E2B00D0ABE0A84B01201988FDF78CF9F4
:107AB000A64B1C68A64B18880A21FAF73BFF80B238
:107AC000001928600322A34B1A700EF00BFCDCE0B7
:107AD000059B5B5C1F00613F192F13D8203BDBB275
:107AE00000200090039F0098BC46C0003F5C844487
:107AF0009F425DD163465B68002B5FD1100013008D
:107B00000131B2E7202BEBD1049B002BF7D0019B76
:107B1000002BF4D1029F4B1CBB42F0DA002804D0AA
:107B2000884B019A1A70804B1A600122834B0A21FC
:107B30001A7005232370854B01361C68864B188804
:107B4000864B1B88C01AFAF77FFF7D4B001928600F
:107B50001E70834A834B1478009225006A1E95415B
:107B600001931B78EDB2002B02D0002201990A701C
:107B70007D4A1278002A00D176E3002B04D1002C34
:107B800001D0009A13700025784B1B78032B00D08E
:107B900041E3774A13780133DBB2072B00D843E384
:107BA00000201070FCF7AEFE002D00D172E362E3FE
:107BB000009801300090362894D19FE7187800286B
:107BC0009CD000225F4901360A7057490B600121A1
:107BD0005B4B1E70574B1970584B1A70524B1868FC
:107BE000002806D0FAF776FE564B1B78834200D267
:107BF00051E706232370554B1C68584B1CE02D2B76
:107C000000D05FE7504B01201988FDF7DDF84F4B9E
:107C10001C68584B4FE7FCF7B7FB4A4A137801330F
:107C2000DBB21370404A1268D25C484B002A0BD07A
:107C3000022222701C68504B18880A21FAF77AFE3B
:107C400080B20019286084E704222270D4E702235E
:107C500023707EE70027277001241F702F60347087
:107C6000FCF7AEFB0220FEF735F8444B38001F70DE
:107C7000434B1F7004F04EFD04F082FB394B1C7027
:107C800023E70023E4E70EF04FFC3E4B1B78002B6C
:107C900000D05EE749E6002A2AD03B4B1A78002A3A
:107CA00004D1012202201A70FEF714F8FCF70AFC36
:107CB000364A374B12683749128E9B560A78002A8B
:107CC00072D0354B1A78501C1870312A02D9002214
:107CD0000A701A70314A1378002BD6D0FF2B00D0CF
:107CE000B4E1002313702E4A13702E4A1370ECE691
:107CF0000EF01AFC3378022BC7D0CEE7121F0020FB
:107D0000C59D1C81D81A0020CC1A002044060020F2
:107D1000400600203C060020101F0020DF1A002033
:107D2000DE1A00201807002004060020AB05002002
:107D3000AF050020AE0500207CBD0108AD05002088
:107D4000AC050020000600200C0000200C060020DE
:107D50001A00002008060020140000201200002055
:107D6000651F0020601F0020E0070020E1070020C1
:107D7000DF070020100000200E000020C2070020B6
:107D8000C10700200B1F00204C080020701E00209F
:107D90001C00002035060020340600203806002094
:107DA00037060020360600204408A03BE418AB4A02
:107DB000AB4B1178009300201B5EAA48A5B201903E
:107DC00024B2002906D10078002803D19C4209DAA8
:107DD000009B1C80009B00201B5E603308DB61233E
:107DE0005B4203E0180001336130F3DA009803804E
:107DF000009B00201B5E1800723016DB0A331BB29A
:107E000099489C4214DB994B1C800378FF2B01D0CE
:107E1000013303700026964B1E70B14215D10378D2
:107E2000B34212D0012313700FE069235B42E7E7EE
:107E30008F4E3378FF2B01D0013333700023037052
:107E4000994202D031789942EDD11778894E8A4A09
:107E500033780292002F41D0002B0DD1874A13783E
:107E6000FF2B0FD1012300223370844B1A700EF0C8
:107E700039FA3378002B0AD0029B1888042844D89A
:107E8000012047E00133DBB21370032BEAD87C4DAD
:107E90002C88002C02D120000EF0D2FE01230134E8
:107EA0001C402C80029B01201B88042B04D90A2132
:107EB000581DFAF7C9FD80B207244443019BA4B2C0
:107EC0001B78002F5FD06F4D002B49D02B886E4A56
:107ED000934200D9FEE601332B80FBE66B4A002B70
:107EE0000FD01378FF2B06D10023644A3370137030
:107EF000664A1370BBE70133DBB21370072BBBD9A3
:107F0000F2E75E4B17701F70C1E70A210530FAF7E0
:107F10009BFD80B20121002F05D1401880B2491885
:107F2000032800D94108564A13888B4215D30023F1
:107F30001380783406DB78352B1CEDB2402D00D948
:107F40004023DBB24020002F04D1181C142B00D991
:107F50001420C0B20EF074FEA4E701331380A1E731
:107F60004B4E4C4F3378022B05D13B88A34202D3B2
:107F700049480EF039FE0123019A33701370002234
:107F80002A803A80A6E6424D002B36D03D4C23880D
:107F9000002B28D0012B23D0404E317809290AD854
:107FA0004000834280414A1C3D4B4042D2B22D30BA
:107FB000585432709F542D4B009A1B8812883949AF
:107FC0009B1A1A1C1BB2282B00DD2822130400D593
:107FD00000220B889B18344A0B80137801331370EE
:107FE00020200EF02DFE0023019A23801370012221
:107FF000284B1A8002232B706CE62B78022B00D0C2
:1080000068E6244E204A3388934201D801333380F6
:10801000224F3B78002B09D0032545433388ADB26E
:10802000AB4203D300200EF025FE35803388A342F7
:1080300000D24FE63B78002B04D001200EF01AFE50
:10804000348047E614480EF0CFFDF9E70133DBB288
:1080500013704F2B00D818E643E6C04633060020C5
:1080600018000020320600202A06002016000020FA
:1080700029060020280600201A00002027060020DC
:108080002406002030060020FDFF00002606002008
:108090002E0600202C060020C7B501082B06002064
:1080A000180600201606002014060020FCF772FBBC
:1080B000002808D1C34B9B7F002B04D1C24B1B78F7
:1080C000002B00D145E5C149C14F0B78002B0ED1E3
:1080D0003A00C8202B33013BDBB210800232002B68
:1080E000F9D1BC4A1370BC4B188001230B70BB4AFA
:1080F000B84D13782C786600062B00D886E06420F3
:10810000FBF77AFCB853F35B002B01D1C833F35370
:108110002B21601CFAF794FCB14B0E001B782970E0
:10812000002B04D0AF4B1B78002B00D111E5AE4AD9
:10813000AE4B10781B78184300D00AE5AC4B187092
:10814000AC4B187006F05EF803229E4B00929B8C9D
:10815000002B01D105330093009B8022DD01A64B4B
:108160000021ED18280012F0AFF938880122030031
:108170005100795A041C884200D90C1CA0B20C1C76
:10818000994200D21C1C0132A3B22B2AF0D1924A90
:108190001488A0423DD2611E241AE4100C1BA4B224
:1081A0001480002201929C4202D21B1B9BB20193BD
:1081B00033002B330293019A4023312A1BD92B2100
:1081C0003000FAF727FD824F4900CB5B00209C422C
:1081D00001D21B1B98B2072701997843FAF7AAFB33
:1081E000C2B24023002A06D0BF331840381A803B61
:1081F00083407F2213402B706B70029B0136033546
:10820000B342D8D10098FCF76EFBA2E4013313709F
:1082100079E70234C3E7022B00D0C5E4774A13782C
:108220000133DBB20F2B01D81370BDE40023744C73
:108230001370267820007F227F34724912F04CFAA6
:1082400026706D4C704E2000611C7F22277812F042
:1082500043FA230080347F331F70A642F3D1FCF72A
:108260004BFBFCF73BFB9FE4002B00D19CE40CF0A4
:1082700089FF002C08D00023009A1370634B1B78F1
:10828000002B07D108F0ECFF604B1878002801D1D3
:108290000EF0F2FE5E4C2378002B04D05D480FF008
:1082A000A3F9002323705C4D2B78002B04D05B4B8B
:1082B0001B78002B00D084E3594B1B78022B49D14B
:1082C000584B1B881B0705D18023574A9B015169D6
:1082D0004B405361554A1388002B01D0013B13805A
:1082E000534A1388002B01D0013B1380514B1E7859
:1082F000012E11D1504B1C78002C0DD0013CE4B262
:108300001C70002C08D1FBF7D1F9200009F04CF9C2
:10831000009B1E70019B1E702B78002B0DD0474ACE
:108320001388002B09D0013B9BB21380002B04D192
:108330000DF012FE03200CF033FF03F0EDFA0028DD
:1083400000D1ADE03E4E3378002B00D17EE0013B02
:108350003370A5E0032BBDD1324B3A4A19881088FF
:10836000091A692906DD00201B8837490133087086
:108370001380AFE719888842ACD1802432492A4E55
:108380000878A401002803D1B4621B880F3316E0DB
:1083900077697C407461112808D91B886933138080
:1083A00000230B700B7801330B7093E70B28ECD88C
:1083B000A8242401C440E407E7D51B882D3313808B
:1083C000F0E7C046801F0020F31E0020AA05002011
:1083D00054050020520500200A000020510500200D
:1083E000061F0020021F0020371F00205108002018
:1083F0000D1F00200C1F0020E51A0020DF070020C1
:10840000590800205A080020651E0020E0070020BF
:108410005005002040050020521F0020361F00207C
:108420003C050020001F002000080050E61E002030
:10843000E41E00205E1F0020C1070020300800203D
:10844000380500203A05002039050020CB4B1B7869
:10845000002B25D1CA4A029212780392012A0BD02E
:10846000022A7DD0C74F3D78002D00D18EE0012D2E
:1084700000D1D2E0C44A10E1FCF724F8FCF722F85E
:108480000224C24B1880029B1C70C14B1D6828003F
:10849000FBF7F8FE2800FCF76BF8FBF709FF3470D8
:1084A000BC4B1B68002B04D003F052FC002800D00A
:1084B0001FE10022FF21B84B1A70B84B1970B84B5E
:1084C0001970B84B1A70B84B04931B78042B00D169
:1084D00094E1B64B1D78EDB2FCF75CF9002800D0B2
:1084E00018E2B34B1A78B34B002A00D135E2B24CF4
:1084F0000221227816008E43002800D00DE2012EC2
:1085000000D00DE219780131C9B21970022900D9E1
:108510000CE2002D07D0002A05D000221A70FEF7C9
:10852000ADFE00232370FCF709FF0400132802D0DE
:108530000022A24B1A70A24EA24D33789C4200D169
:108540002BE2132B08D0132C06D09F4B00211A7856
:108550009E4B1878FEF7D4F9002334702B8030E25C
:10856000FBF7B0FFFBF7AEFF894B02001868874BA3
:108570001B88934204D99B1A032B01DD944B186886
:108580000023029A137003F091F989E70D20FBF79D
:1085900033FA0400030483D40E20FBF72DFA8D4A2E
:1085A0008D4B24041C4013680443E31A1460DA174B
:1085B0009B185340894A632B02DC15780135EDB2D4
:1085C0009121322089001570FBF750FC022D09D84B
:1085D00032208349FBF74AFC039B002B00D05FE766
:1085E0001523B5E67F4B804AE318934203D9200058
:1085F00003F05CF9F0E7764B65081D60644B029A66
:108600001C60012328001370FBF73CFE2800FBF7D9
:10861000AFFFFBF74DFE02239AE606AB9D1D290036
:1086200008A8FBF7F3FA041E00D139E7FBF700FFB7
:10863000022C34D1089803F035FAFF2804D1654B99
:108640001868FBF77FFFCBE70222684B3A7018707F
:10865000674B1A70674B013A1A70009B1A704A4BAD
:108660001A78002A41D000221A70624B1B7893427C
:1086700000D115E75E4B03201B789A1E012A02D910
:10868000012B04D1042008F0DBFD5B4B187007F0D0
:10869000BDFA0123009A1370019A137000E7012CB0
:1086A000CDD1288803F02CFAFF28C8D04F4D4B4A73
:1086B0002B784F4C834215D12178012912D11378A0
:1086C0000133DBB21370012B05D902233B70494BF8
:1086D0001970009B1970012323703B782870012BBF
:1086E000BDD8ACE700231370F5E702200CF058FD6D
:1086F000D6E606AB9D1D290008A8FBF787FA040003
:10870000022817D1089803F0CDF9FF2800D1DAE646
:10871000224B1A78824200D1D5E61F4A1870147095
:10872000FF221F4B1A7000221E4B1A700123019A60
:108730001370C8E6012800D0C5E6288803F0E0F9E8
:10874000FF2800D1BFE6164B164A1978814211D195
:1087500013780133DBB21370012B00D8B3E60F4B53
:108760001A788A4200D1AEE619700B4A019B147048
:108770001C70A8E618701470A5E6C0460A1F0020F9
:108780002F050020091F0020321F00202005002097
:1087900024050020440800201F05002008000020B8
:1087A000070000201E050020371F0020FD1E0020AE
:1087B000F31E002018050020F21E0020CF2000200C
:1087C000550000206A1F0020EB1E002054000020EE
:1087D00028050020340500200000FF073005002098
:1087E00045020000C0E85DFE3FEA70002E05002053
:1087F0002D0500202C050020751F0020C44B1B7880
:10880000012B48D1C34B1B780093002B00D1D8E03B
:10881000C14A1378013BDBB21370002B00D0D0E0CB
:108820000DF01AFCBD4FBE4B3A88BE4C002A03D156
:108830001A800268128822808288002102921B8896
:1088400022880CE0019D013306350195029D9BB203
:10885000AB4226D206225A430399525A0099062661
:108860000D005E430196029EB3421CD3002901D045
:10887000AC490A80002D01D0A94A13800222A44BE2
:1088800000201A700EF0F8FB0CF07CFC049B1B78A7
:10889000042B00D01DE69E4B1B78002B00D118E660
:1088A0008FE0009DDFE70668B4460396019EB4445E
:1088B000664676889642C5D9002901D099490A8032
:1088C000002D01D0964A13802588974E402228001B
:1088D000964975800CF0DCFE422195480CF0BAFEFA
:1088E0000636F08722200DF0E7FC03F073FD0FF051
:1088F000A9F888213620FBF7B9FA00210120FBF7FF
:1089000047FC1E223B88403501333B80824B25804B
:108910001A70B9E768426841E3E5002E00D1F1E53D
:10892000002D00D0EEE500221A70FCE50021197040
:108930008A4209D17F4B01311A707F4B1970102088
:108940002170FDF7DDFFEEE5032A00D1E7E5002DFC
:1089500000D0E4E501322270E5E5774C2278002A68
:108960000DD00028DFD11A780132D2B2022A01D804
:10897000002DD9D000221A70FEF780FCD3E5002824
:10898000D1D019780131C9B21970022900D8CAE5CD
:1089900068491A700A700121D1E72B8801339BB214
:1089A0002B80022B16D1654E654D132C0BD12878E8
:1089B000132804D000213278FDF7A2FF2C70002389
:1089C00033701BB0F0BD0022012120002C70FDF798
:1089D00097FFF4E7272BF4D9132CF2D0282B09D1D9
:1089E000102CEED00121554B0A0020001970FDF724
:1089F00087FFE6E722000B3AD2B2012A08D801210C
:108A00004E4A11705B0703D10A002000FDF778FF82
:108A10002A884C4B9A42D4D929239FE5628923891D
:108A200008AE1204290030001A4303F06FFCE389FA
:108A3000A2891B0413430E93237C06A97371637CE4
:108A400006A87373A37C3371E37C33730923627DBF
:108A50005B18DA77227D15AB1A70A27D12AB1A7003
:108A60003B23E27D5B181A703123227E5B181A705B
:108A70003523627E5B181A70A37E5A1E93413322FF
:108A8000521813703A23E27E5B181A70637F0AAAA9
:108A9000D3772D4A5B009B5AB383A27F13AB1A7026
:108AA000E37F3386631CDA7F36235B181A70A31CBE
:108AB000DA7F3D235B181A703E2321001B182231F8
:108AC0001022180011F02FFE4D2306AA9B181F70CC
:108AD000300003F047FC300003F030FB1B4B32004A
:108AE0002800597B032305F019F83E2306AA9B189A
:108AF0001900280004F0F2FF154B019A1D80032392
:108B000013700122134B1A70FCF774F8FEF762FD24
:108B1000681E002015070020060000201007002016
:108B20001C0500201A050020680700206C070020A3
:108B30006A070020CF200020141F0020EB1E002019
:108B400054000020FDFF00002CBF0108801F002002
:108B500024000020601F00202C00074E4034A4B2E7
:108B6000280008353100ADB20CF0BBFD0836A54237
:108B7000F6D10248FEF7BDFC6C070020100700206C
:108B8000F0B501209BB0FAF7C3F880204005FAF752
:108B9000B1F8C02000250726EF4BF04AF0491A60D3
:108BA000F04BF14A4B60136A00061B021B0A034399
:108BB00013628D600E603021EC4B27201960136A20
:108BC00012AC1B021B0A1362FAF742F9012323615C
:108BD0000233A360F023E560656165601B0221003C
:108BE000E348129311F0CAFB80232100DB00E04828
:108BF000A027129311F0C2FB4023FF05DC49BB61A3
:108C00003C3B8B61033B636021007733D848129370
:108C100011F0B4FBA42338005B002100129311F083
:108C2000ADFBC12321009B00D148129311F0A6FB9C
:108C3000802321009B01CF48129311F09FFB6023FA
:108C40002100CD48129311F099FBC02321009B0015
:108C5000C948129311F092FBC0232100DB013800B8
:108C6000129311F08BFB2020FAF744F80EF066FE09
:108C70002022C24F3000FB6A1343FB62FB6A93431E
:108C8000FB625732BE4BFF329D62DA621968F63AD8
:108C90000A431A608022D96852000A43DA601A68CF
:108CA0000235AA431A600FF0C1FBB648B64BC26842
:108CB000B6491A409C239B031343C36030000FF056
:108CC00097FBB34AB34B2021D360B34B3000936082
:108CD0000FF09EFB2800FAF7BBF81B228020A44966
:108CE00080000B68AD4E13430B60FAF711F83A6839
:108CF000AB4BE0211A4080239B0313433B60B368D6
:108D0000A84A09031340B3607368A74AC020134000
:108D10007360B368A54A80001340B3607368A44AC7
:108D200013407360B3680B43B360B368AB43B36085
:108D3000B3681340B360336B9E4A13403363736868
:108D40009D4A1340736073681340C0227360092307
:108D50005200012140001140013B08435208002B02
:108D6000F7D12022800502D0F9F75AFFC2B2802342
:108D70009B00D340914A9B009B181F221968C0207A
:108D80009143173A0A431A60C0221A230121920420
:108D9000C004150040000D40013B28435208002B41
:108DA000F7D140012033002802D0F9F739FFC3B2D0
:108DB0008025ED04DD40824BAD00EB1802931B686B
:108DC000F822F8200393012118231204400415000F
:108DD00040000D40013B28435208002BF7D1C00151
:108DE0002033002802D0F9F71BFFC3B2C02252047F
:108DF000DA4007239340039AF8209A430392F8221B
:108E00001823012112044004150040000D40013BCD
:108E100028435208002BF7D1C0012033002802D08C
:108E2000F9F7FEFEC3B2C0225204DA400523934094
:108E3000039A1343029A13600422B3681343B36086
:108E40000422B3681A40029204221342F8D1012589
:108E5000B36880202B43B360A0260823F605B361D6
:108E6000C001F9F747FF0EF069FD2800F9F7F0FFA0
:108E70000223029A63605B19A3600533E2602561F7
:108E8000210012953000636111F078FA092305354D
:108E9000129521003000636111F070FA3949494B95
:108EA0008A6849481A40A023DB0413433F228B60A1
:108EB000CB689343C2221D43CD608021920083582A
:108EC000C9051B021B0A0B43835080231B0103604F
:108ED0003E4B1A68520609D419683D4A11403D4A72
:108EE0000A4304211A605A688A435A604026802047
:108EF000DA692E4940010A40DA611A6800253243D6
:108F00001A60F9F705FF0120F9F7A2FF0223A0205C
:108F100063600133A3601D33E560656112931F3BFD
:108F200021002361C00511F029FA8023A0201293AB
:108F300021002561C00511F021FA274B1A68324241
:108F40004ED11968224A1140244A0A4304211A606A
:108F50005A688A435A6043E038000020006CDC0203
:108F600010E000E0FF52070000ED00E0EC180020E8
:108F7000000400500008005000140050001002408F
:108F80000014004000000140FFFFC0FFB02A0000B5
:108F900080000240F0180020181400500024014006
:108FA000FFFF9FFFFFFF7FFFFFFFFFFCFFF7FFFFBC
:108FB000FFFEFFFFFFFF0FFFFF17FFFF3024014001
:108FC0000C240140FFFFFFC000E100E0003800403A
:108FD0004000FFFF07030000003001402F030000A6
:108FE000DA695D49E2200A40DA6140221968002608
:108FF0000A431A600423594A9362FAF795FA5848CB
:10900000FBF766FD30000136F6B2FAF795FA082E46
:10901000F8D12B20FAF788FAFA208000FBF758FDE8
:109020002E20FAF781FAFA208000FBF751FD2F205D
:10903000FAF77AFA2F20FAF777FA2F20FAF774FA6C
:109040002F20FAF771FA4748FBF742FD4020FAF764
:109050006BFAAF20FAF768FA0423404A02259361BD
:109060000FF0F8FD0CF08CFCFA223F4B01201A7037
:10907000F9F7EEFE0EF062FC0120F9F749FE8020C0
:10908000C001F9F745FE0023E360C023DB00129323
:1090900003220123A0206361A26023612100656097
:1090A000C00511F06BF928000FF0C0F928002F4916
:1090B0000FF09EF980212E4B2E4A2800DA602E4AAE
:1090C00049009A600FF0A4F92C492D4B8A682D4D68
:1090D0001A40E023DB00134380228B603B6BD201FC
:1090E00013433B633B6B284A13403B63EB68274ABF
:1090F0001340EB60EB689B0400D58DE0EA68244BDD
:109100001A400C231343EB606B69134A13406B61E5
:109110002B69204A13402B616B691F4A1340382288
:109120006B61BB681340102B3AD00ED8082B00D1CE
:1091300016E307207B683A685B0B034017499B00E6
:10914000D20A02405858D0403CE0183BB343F0D11B
:109150008020000236E0C046FFF7FFFF0004005009
:10916000C0D40100409C0000CF200020A0200000BF
:109170001C0002407019002004380140000001402A
:10918000FFC0FFFF00380140FFBFFFFFFFDFFFFF11
:10919000F3E9FFFFFFCFFFFFFFFCFFFF24C0010843
:1091A0000322FB681340934200D1D4E27B68EE4A6D
:1091B0001B045B0F9B0098580C23FA681A4200D0DE
:1091C000CBE24000BA68E9491205120F92005258EA
:1091D0001F210A40D040BB68E54A5B045B0F9B003F
:1091E0009B580B40D84017D0192396215843890229
:1091F000F9F7A0FB64210700F9F722FC08013230DF
:109200006421F9F797FB642106003800F9F792FB17
:1092100000013618B6B2AE6040236A6902201343DB
:109220006B610FF011F980230026EA689B0113435C
:10923000EB6027216E60CF480CF078FA0120F9F737
:1092400067FD0120F9F704FE80200004F9F752FDC4
:109250000EA90A00C84BA1CBA1C20C22200011F01C
:1092600062FA2200C54BC649A1CAA1C3C54BC64A72
:109270001E60C64BC64DC7488B61531CDE77C64B7C
:1092800055609660D66010611E001B68002BFBD1F4
:1092900032601360C14A1061012055609360D36051
:1092A000BD4D531CD8772B002D68002DFBD11A60C3
:1092B000AF23156002225B00B948CA540EF0D4FAFD
:1092C000B8480EF0D1FA0722B74BC0219D731D702C
:1092D0001A72063A9A72C722B4485D729200835895
:1092E00009061B021B0A0B43835080231B060360E5
:1092F000AF4E0E222D21300011F0E6F88023AD4A4A
:109300009B00B57393618022AB4952008A618B61E7
:10931000802128000902FAF7A9FD29002800FAF7A0
:10932000A5FD3720A549FAF7A1FD22213620FAF73D
:109330009DFDC62110208900FAF798FD1120A04953
:10934000FAF794FD12209F49FAF790FD13209E49E9
:10935000FAF78CFD842114208900FAF787FD492053
:109360009A49FAF783FD7B209949FAF77FFD7D2022
:109370009849FAF77BFD48209749FAF777FD402096
:109380009649FAF773FD10222000954911F0CBF9A8
:10939000615D2B031943092089B20135FAF766FD97
:1093A000102DF5D1F8211C20C900FAF75FFD1D2012
:1093B0008C49FAF75BFD1E208B49FAF757FD1F20F9
:1093C0008A49FAF753FD3E208949FAF74FFD732089
:1093D0008849FAF74BFD77208749FAF747FD1920AE
:1093E0008649FAF743FDB42128200901FAF73EFD2A
:1093F000AA2129200902FAF739FDCC212A20C90126
:10940000FAF734FD2C207E49FAF730FD2F207D49F4
:10941000FAF72CFD53207C49FAF728FD7E207B4982
:10942000FAF724FD46207A49FAF720FD4A207949C7
:10943000FAF71CFD07207849FAF718FD902100245F
:10944000764B774A332009021A80FAF70FFD002184
:109450003F20FAF70BFD73480EF038FE03F0D0FA08
:10946000FF22F025260027006F4B6D031C806F4BF9
:109470001C706F4B1C706F4B1A706F4B1A706F4BD8
:109480001C706F4B1C706F4B1C706F4B1C706F4BC4
:109490001C706F4B1C706F4B1D600EF045F80494F0
:1094A000059403952800202212A9FBF7F7F812A8CB
:1094B0000DF0B2FF00281BD0442204AB9B181B7890
:1094C0003C3A13420BD10121614A1170002F03D0A5
:1094D000139A0499914202D20700139A0492002E23
:1094E00002D0169A944202D2169C05930395060068
:1094F000F42320355B039D42D4D1574B002E00D17D
:1095000030E101341C60039B2033AB4201D2514A4D
:1095100013600024A74201D0049C01344F4B1C600F
:10952000002E02D0059B1B0712D412AD1022002181
:10953000280010F0C9FF0123F8225B425242139425
:1095400028006B81AA81AB730EF04EF80DF0ECFF92
:109550000822434812A9FBF7A1F8424B04AA40484D
:10956000138712A980E0C04624C0010844C0010846
:1095700084C00108F4C3010804B20108BC1A002029
:10958000EC0000207C020020981A0020A4C00108F2
:10959000D9470108A53B0108701A0020741A002061
:1095A000440000203C000020005C004000E100E09E
:1095B000C020002000140050000400501F9D000037
:1095C0003A030000DB030000DF030000B22A0000C2
:1095D000DC73000020E90000A8330000163500000D
:1095E0000BB3010855E50000584C00005AC60000B6
:1095F000C694000091460000EF8800004110000072
:109600002218000090980000282000003E30000042
:109610000A60000030540000CE610000C81A00202B
:109620000090FFFFBE200020E21A0020E01A002078
:10963000121F0020DF1A0020DE1A0020DD1A002091
:10964000DC1A0020DB1A0020DA1A0020D91A0020C8
:10965000D81A0020D41A0020D01A0020CC1A0020DA
:1096600058A100002963000000230822FBF7DCFC5E
:1096700003F080FD0221002003F046FE02210120BC
:1096800003F042FE02F07CFE012008F0EBF8D24825
:109690000EF01CFDD1480EF019FDD1480EF016FD5C
:1096A000D0480EF013FD002006F004FDFBF772F821
:1096B000CD4C002858D10027FF2200239446CB49E7
:1096C0002678CB4C0B706A466546107A029A2A407F
:1096D000D200155D002D07D0002E00D086E0A21824
:1096E000D279322A00D081E0002B00D00870FBF73D
:1096F00051F800287FD00A2404F04CFDFBF7C2F992
:1097000004F084FC01237F220021BA48009404F075
:10971000EFFA03237F220021B748009404F0E8FA0F
:109720000024FBF7E9F8FBF7D9F8FBF763FAFBF73E
:1097300031F8002800D192E00024B048FBF7C8F9C6
:10974000322CF4D11322AE4B1A70AE4B1A70002299
:10975000AD4B1A8057E0AD482EE50323584331E561
:10976000AA482FE51E60D4E6FBF7E8FD0600A848EE
:10977000FBF7AEF9FBF70EF800289CD0FBF7DEFDF7
:109780000500A348FBF7A4F9A24B5A7F0A32964280
:1097900011D0B5428FD10221994A1570994A15709E
:1097A000994A1180122D0ED0112D84D101229A4B8D
:1097B00003271A7080E70122197F02274A401A778F
:1097C00003F0DCFF78E71A7F002A00D073E7012757
:1097D0005A76277003F0D2FF322007F031FD8F4B0D
:1097E0008F4A187012788F4B1A6065E7029B01331D
:1097F0000293012367E7FBF7A1FD132800D07AE766
:10980000002F00D077E7884B824C1B78002B30D19B
:10981000864B1B78002B2CD10520083407F0C4FEA2
:10982000E37F3C2B22D8FAF7D3F8814B01221A7040
:10983000804B784F1B78022B01D0052B01D1F9F713
:1098400045FD3B00383318780138042800D95FE122
:10985000F9F766F854015A01B201B901B901FBF7F1
:109860006DFD132800D067E7013466E7FBF7C2F906
:10987000DBE72500403504F08DFCFBF703F904F02D
:10988000C5FBFBF739F8FBF729F82B780422190000
:109890009143012916D10FF0DDF9FBF7ABF9042252
:1098A000654B5C4E1B789343012B00D0DEE0002516
:1098B000012F00D0E8E03836357038000BF070FC2E
:1098C0005E4BB3E7042B09D10BF0B8FCFBF714F89F
:1098D000FBF704F801200DF0CFFBDEE7102258481B
:1098E00006A9FAF7DBFE10220AA95648FAF7D6FEB7
:1098F000554B1E88300002F07FFA64210290300040
:10990000F9F79EF830008BB264210393F9F712F84F
:10991000029B4E4982B200930EA8039B0BF0A4FC5D
:109920002B784B49032B0BD0002B45D104AA127A7C
:1099300004AB1B7E002A0BD14649002B00D00AA99C
:1099400006A810F0E8FE0EA90AA810F0E4FE01E057
:10995000002BF8D00A2500237F221900009506A8C5
:1099600004F0C6F902237F22002100950AA804F022
:10997000BFF9042300217F22374804F0FDF980213C
:10998000364B76354942180080300278013DD2438B
:1099900002701A78EDB24A401A700133002DF2D1EC
:1099A0002F4A304912A80BF05FFC06237F222900C2
:1099B00012A804F0E1F989E7022BCBD104AB1B7AA2
:1099C000002B03D1234906A810F0A5FE04AB1B7E93
:1099D000002BBFD12449B7E7781F00207A1F002051
:1099E0007C1F00207E1F0020761F00206C1F00209F
:1099F00084C10108D6B20108DEB2010810270000B8
:109A000055000020540000206A1F002000366E011F
:109A1000204E0000801F0020E41A0020751F002047
:109A2000741F0020701F0020681F0020671F002087
:109A3000661F0020B81F0020C01F0020651F0020E7
:109A4000C8A00000D8A00000661E002020B50108B4
:109A5000E7B20108EFB2010847C10108651C002008
:109A600042C1010800B30108F7B20108C84D2B78C4
:109A7000002B05D0FBF762FC1328F7D000232B70D6
:109A8000012007F0EFFE12E7032F35D1E31DDD774C
:109A900023003E331D70230043331D70A31DDD875B
:109AA000230046331D702023FF33E554B94BBA4AD7
:109AB0001E68BA493000A577A58402F027FC330060
:109AC000023F2D331F70043B1F70300002F036FB45
:109AD000B34B38001E6007F0C5FEFAF787FCFBF7B2
:109AE00041F9B04B3D221D702300657608333834B0
:109AF000DA7725700337E0E62F00DEE63A003B0018
:109B00003932127829331A7001210800FBF77AFFE5
:109B10003B003E331978002903D01E224A43A24B52
:109B20001A700DF04BFA01200BF01AFE002802D03B
:109B300001200EF07DFD9D4B02931B78012B00D080
:109B400091E09B4B03931B78002B03D1994B1B781F
:109B5000002B52D0984B994D1E782C68012E0ED9AF
:109B60003B000833DB7F002B30D1002C01D0FA2CD6
:109B700005D18023924A9B0151694B4053610134C6
:109B80002C60032E32D13B000833DB7F002B2BD01F
:109B90008C4B9C4231D900232B60FAF79BFB0123AD
:109BA000894C1A0020881E2180B2FBF79FF8238879
:109BB00064339BB2238020E0FAF7F4FC834B1878DF
:109BC0000BF0EEFAA4E70FF077F8A1E7002C05D12F
:109BD0002223FF33F85CF9F7D1FED0E77C4B9C429F
:109BE000CDD190235B00F5E77A4BD2E77A4B9C42CC
:109BF00003D900232B60012ECFD0784B1A78002A8E
:109C000003D16C4A1278002A2DD000221A70744BAE
:109C10001B88934204D13B000833DB7F3D2B04D1EA
:109C20002223FF33F85CF9F7A9FE0024C822039B26
:109C300092001C70644B1A806A4B1B78A34208D0B8
:109C4000694D2B78012B00D083E002332B70FAF79B
:109C500019FFF9F72BFD062001F06EFE042002F03B
:109C600059FD0BF08FFA614B03931B78002B00D04A
:109C7000AFE1029B1B78012B03D05D4A9B009B58F0
:109C800098475C4E3378002B04D05B4B1B78002B3D
:109C900000D09EE101F040FE002809D10023574D7D
:109CA000EB56002B64D17B1DDB7F002B00D0B9E08D
:109CB000534B1B78002B00D124E1524B1B78002B17
:109CC00000D11FE102F044F8002800D01AE1BB7D6A
:109CD0004D4A9B075B0F9B5A0730BC8A04930BF0DD
:109CE00015FE0F230509ADB21840022820D90A201D
:109CF0000BF00CFEC3041BD4C0B2092818D92B00EA
:109D0000DD22193BFF3B9BB21201934210D3049A10
:109D10003E4B3F49944200D8C4E01A88A21A012A57
:109D200000D0C2E00A88100502D4132A00D9BCE092
:109D3000374B1D80354B1C80364B1B78002B00D0D9
:109D4000A4E2304B00221978200049B20BF0C8FE83
:109D5000D2E0022B00D07AE7220021001020FCF78D
:109D6000CFFD01222C4B2C701C702C4B1A706EE70F
:109D70002B4B1B78002B96D0274B1B78002B92D1B6
:109D8000FCF700F901F0C8FD00288CD090E7C04630
:109D9000CF200020701E002090FE960205040000D7
:109DA0006C1E0020681E0020641F00205E1F002023
:109DB000FE1E0020FD1E0020FC1E0020F81E0020BC
:109DC0000008005010210100500000205300002026
:109DD000983A000098340100E0280100F41E0020A9
:109DE000341F0020F31E0020F21E0020661F0020FA
:109DF00058C10108521F0020361F0020181F0020E4
:109E0000ED1E0020171F002074C10108741E0020E1
:109E1000761E0020DE1E0020141F0020F11E0020F0
:109E20004F000020184C2378002B00D140E700237E
:109E3000EB56002B00D03BE7144B1B78002B00D0D7
:109E400036E7029B1B78052B00D131E7104B1B78BE
:109E5000002B00D02CE73378002B00D028E7F9F74F
:109E6000BFFA0C4D2B78002B05D00B4B187800282F
:109E700001D10BF095F90023084A2B701370084AA2
:109E80002370137014E7C0464E000020141F0020FA
:109E90002B1F0020F01E0020371F0020EF1E002087
:109EA000EE1E0020049A94420CD11A88121B012A3B
:109EB00008D1C34A1288100500D439E7C14882424C
:109EC00000D935E71C80C04B0D801B78002B00D0DB
:109ED000D0E1BE4A13800122BD4B1A70FB7C002BDF
:109EE00000D13C82FAF786FEA0238022DB055200D7
:109EF0009A61B84BFF3A1A7003200BF051F9002217
:109F0000B54B1A70BB7F002B09D0B44BB44A1B88E9
:109F1000002B00D0C2E11388002B00D1C2E1B14C6C
:109F20002378002B1FD0B04B1B78002B15D1AF4BE3
:109F30001B78002B11D1FB1DDB7F002B0DD0AC4B10
:109F40001B78002B09D1AB4BAB4A1B78127813431B
:109F500003D13378002B00D1F3E1FA22A74B920012
:109F60001A8000232370A64E3378002B31D0029B39
:109F70001B78052B2DD1A34D2B78002B00D1E4E1CC
:109F8000FAF75CFABB7F002B05D03B00FE33998BC0
:109F9000588BFAF753F97B1DDB7F002B10D0964BC3
:109FA0001B785BB2002B0BD1914B1B78002B07D198
:109FB000954B1C78002C03D1F9F712FA934B1C70C7
:109FC00001F0D2FE0A22924B1A8000232B7000234C
:109FD0003370904B1A78002A00D1A2E500241C703F
:109FE00003F09EFBFAF790FD8B4A200013880133A3
:109FF0009BB213800BF0B4FBA04202D020000EF005
:10A0000017FB039B1B78002B01D1FDF751F9834B04
:10A010001A78002A00D184E500221A70804A137849
:10A02000002B07D0013BDBB21370002B02D10122C1
:10A030007C4B1A70029B1B7802937B4B1B78002B86
:10A0400008D0029B012B00D1B7E101F081FE00286E
:10A0500000D0BCE1754A1378002B21D0013BDBB264
:10A060001370002B1CD1724B1A688023D28BDB003B
:10A070009A4210D26F4B1B78013B022B0BD86E4BD0
:10A080001B78002B07D1F9F76BFB6C4B1878022873
:10A0900001D101F051FCFCF709FB0022684B1A705A
:10A0A000684A1378002B13D067490978072901D033
:10A0B00000290DD1013BDBB21370002B08D1634B9B
:10A0C0001B78002B04D0FCF727FA0122554B1A709D
:10A0D0005F4A1388002B00D07BE100235D4A059383
:10A0E0001378002B00D081E105F082FD5A4B0493D8
:10A0F0001B88002B00D082E1584B1C88584B1D78E0
:10A1000078236B439C4218D1564E3378002B14D0E1
:10A11000FAF7CCFCF8F7F4FF00210620FAF738F83C
:10A120000A22FB1DDB7F5343394A1380002301229F
:10A1300033703C4B1A704C4B1A70029B494E012BEA
:10A1400000D1ACE101F004FE002800D0A7E1294BCA
:10A150001B78042B00D1A2E12B4B1B78002B00D0E5
:10A160009DE13E4B002C00D170E1013CA4B21C806B
:10A17000002C00D06AE101220425049B32701C806F
:10A18000234B1A80F8F7BCFF2000384CF9F7F6FB98
:10A190002820A562F9F7C8F94020F9F7C5F9AE20E3
:10A1A000F9F7C2F9A5610322314B06201978013174
:10A1B000114019704B425941C9B2F9F7E9FF57E113
:10A1C000761E0020EB0F0000DE1E0020DC1E0020AB
:10A1D000DB1E0020781E0020ED1E0020E61E002061
:10A1E000E41E0020EC1E0020141F0020EB1E0020A7
:10A1F000321F0020371F0020181F00204C000020B5
:10A20000EA1E0020E91E00202B1F0020E81E00206F
:10A210002C1F0020631F0020001F0020621F002051
:10A22000611F0020601F00205F1F0020581F0020BA
:10A23000541F0020531F0020521F0020511F0020D8
:10A24000501F00204F1F00204E1F00203A1F0020EB
:10A25000381F0020361F0020341F0020301F002030
:10A26000520000202E1F0020651F00200004005017
:10A270002A1F00208C490B782F2B0CD85A1CD2B2E5
:10A280000A708A495B005C52302A04D08723DB00C5
:10A290009C4200D255E50BF05BFC2DE60021844B7F
:10A2A000118019703378002B00D038E6029B1C789F
:10A2B000FD23A21E1A4200D131E67E4B1B785BB211
:10A2C000002B00D02BE67C4B794A187800281ED052
:10A2D00011787A4A002914D064211180012C00D011
:10A2E0001DE6774A1278002A00D018E61B78002B6A
:10A2F00000D014E6F9F7EEF9724B1C70724B1C702B
:10A300000DE6128891B2002AE8D11970E6E71278BA
:10A31000002A00D103E601221A70052C01D107F0B2
:10A3200043F9029B1B78012B00D1F8E5674B1B78A2
:10A33000002B00D0F3E508F089F80122624B1A7077
:10A34000EDE5052007F030F90BE6614B1B78002B9B
:10A3500000D03CE67B1DDB7F5E4A5F4C0492002B05
:10A360000BD0544B1B785BB2002B06D15B4B1B7898
:10A37000002B02D12378002B17D0FB1DDA7F584B1E
:10A3800019780A23002900D0BE335343049A13805E
:10A3900001232B7000252570F9F7D6FFFAF704F892
:10A3A00029002800F9F7F4FE11E6F9F719F80A2355
:10A3B000049A1380093B237009E64A4B01221B884B
:10A3C0009BB2134200D145E63E4B1A7042E6464B23
:10A3D000F4E7013B9BB21380002B00D07DE6434B9A
:10A3E0001B78013B5A425341DBB277E6013B1370C5
:10A3F0003F4B1B78002B00D176E6FFF792FB3D4ADE
:10A400001278002A00D077E6344A1278002A00D069
:10A4100072E6364A1278012A06D1132800D16BE67B
:10A420001538012800D867E6049A013B9BB21380D7
:10A43000002B00D060E63B000833DB7F3C2B00D9CB
:10A440005AE6F9F7C5FAFAF7B7FA55E61B885A1E25
:10A45000132A09D8002D07D000209B0702D1222300
:10A46000FF33F85CF9F78AFA3378002B00D09AE6CC
:10A47000039B1D78002D47D01F4C20000DF026FEB9
:10A48000FA221E4B52001B88934206D81C4BDA88D6
:10A4900023889A4201D3FFF744FBFBF70DFC782297
:10A4A0006A43184B1A80DFE7DA1E00207A1E00206C
:10A4B000E31E0020181F0020E21E0020E01E0020E6
:10A4C000141F0020651F0020601F0020FD1E0020BB
:10A4D0002B1F00202C1F0020E81E0020321F002010
:10A4E0002E1F00205C1F00205A1F0020371F002055
:10A4F000521F0020331F0020BE200020BC2000205F
:10A500001E1F0020301F0020B44B1C880134A4B251
:10A510001C80029B012B13D0E30711D4B04B187899
:10A520000493461CF6B21E70AE4B4000C0180DF0EE
:10A53000CDFD032E01D9049B1D70012005F0BAFD4D
:10A54000A4070BD1A84B1B78002B00D004E1A74B2C
:10A550001B78002B02D00122A54B1A70A54B1B784B
:10A56000002B65D1A44B1B785BB2002B60D101F0AE
:10A57000D3F900285CD1A14B1B78002B03D0A04B52
:10A580001B78002B54D09F4B1A78042A50D09E4B36
:10A590001B78002B4CD19D4B9D481B78002B12D073
:10A5A0009C490B78002B0ED09B4C2478002C0AD1B0
:10A5B000012A08D0013BDBB20B70002B03D18C4980
:10A5C000013343760B70059B002B31D00021934B58
:10A5D0001980012A08D105F00BFB132802D0153889
:10A5E000012801D8FAF706FB8D4C2378002B03D104
:10A5F000894B1B78002B02D0022001F09DF9FCF75B
:10A6000043F8FAF711F900237D4A23701370854A45
:10A6100013700122844B1A70844B1B78002B04D0DA
:10A6200001F096FB002800D1032528000AF0B8FDB0
:10A630007F4B1B78002B18D17E4B1A78002A14D040
:10A6400018780138C0B2187000280ED102F062F8F4
:10A65000764B1B78002B08D001F07AFB002804D140
:10A660000BF07AFC03200AF09BFD734B1B88002B38
:10A670000FD13B000833DB7F013B3B2B09D8604BFC
:10A680001B78002B05D15B4B1B78002B01D1FAF70F
:10A6900093F96A4B1B78002B1ED0694D01212C8841
:10A6A000684B0134A4B222000A40110000201A7045
:10A6B0002C8003F0E7FA029B012B0DD01D2C50D803
:10A6C0000AD1494B1B78002B06D15F4B1B78002B1E
:10A6D00002D1022001F030F901F01EF900285ED00D
:10A6E0005A4B1B78002B5AD159490A78012A56D85F
:10A6F000584803780133DBB20370012A07D1202BBD
:10A7000005D9554B1B7802330B70394B1A70012257
:10A71000454B1A703B4B1B78002B0AD14F4B1B78D3
:10A72000002B06D101F014FB00283DD0012003F0DE
:10A7300095FD4B4B1B78002B01D1FFF7F2F90CF084
:10A740009DFE484A484913888B4201D9FFF7E9F931
:10A7500001331380FFF7E5F90122254B1A70324BC4
:10A76000FBE600232B80204B1B78002BB4D1364B0B
:10A770001B78002B02D1022001F0DEF83B4B1B7846
:10A78000002BA9D1039A01330520137006F00CFFAA
:10A79000374BDB7F3C2B9FD8F9F71AF99CE7154B19
:10A7A0001B78002BB3D1B5E7324B1D78002DC0D0FC
:10A7B0000022314B9A56022ABBD100242F4E345727
:10A7C000082C76DC0123200018401C4258D19D4201
:10A7D00001D003F017FD01343470AAE71C1F0020DC
:10A7E0001A1F0020781F0020681F0020191F00205A
:10A7F000651F0020321F0020181F0020171F002097
:10A80000331F0020371F00202B1F0020BE1F0020F9
:10A81000801F0020641F0020161F0020381F00200A
:10A82000531F0020151F0020601F0020521F002012
:10A83000141F0020131F0020341F0020061F0020BB
:10A84000041F0020031F0020021F00200A1F0020F9
:10A85000091F0020081F0020071F00200B1F0020D9
:10A86000121F0020101F0020FDFF0000671F0020A6
:10A87000881F00200E1F00200D1F00200C1F00202D
:10A88000012D08D1601E0628A5D8F8F72BF80AA4D8
:10A890000AA40EA41000180003F0B4FC032D9AD1F2
:10A8A000F0E7032001F048F895E70420FAE70520D7
:10A8B000F8E718703DE7C046F0B58B4B04001B78F5
:10A8C0000E00150085B0002B00D1B8E10F2801D192
:10A8D00000F0DAFD0022854B1A70954201D100F09C
:10A8E0006DFD0D283DD0112827D00A283ED1804D7E
:10A8F0002B7893421DD17F4E7F4F3278F95C914285
:10A9000019D001330A2BF9D101340A21E0B2F8F74A
:10A9100097F87B5C33700CF0A5FA0022774B1A7025
:10A92000774B1A700BF0DEFC022001F005F80123D2
:10A930002B7005B0F0BDDCB2E6E7724C2378002B3B
:10A94000F7D1714A1370714A13706C4A13706C4AD4
:10A9500013700BF0C7FC022000F0EEFF0123237000
:10A96000E7E70CF0ADFA0022694B78E11228E0D855
:10A97000F7F7CCFF59001300130013001300130066
:10A980001300130013001300DFFF78008C00F7FFA3
:10A99000DFFFDFFFDFFF9900B100002EC9D05D4A65
:10A9A0005D4B1278661E0192544AF6B2995D10789A
:10A9B000554B534F1D78A0421DD1002D1BD0387828
:10A9C000013D0130F8F726F905227243534B3970E7
:10A9D0009B18019A5B5C002A05D11A00413A192A9A
:10A9E00001D82033DBB2494A535501224C4B1A702F
:10A9F0000BF078FC9DE705211470002271433A703A
:10AA00006A1CD2B21A70454BCB5C0199002905D162
:10AA100019004139192901D82033DBB23B494B5584
:10AA200000238B54E1E7002E00D182E7334E344CF3
:10AA30003578002D11D1344B1B78002B0DD0334AC3
:10AA4000013BD15C202904D11031D1540123237062
:10AA5000CBE70CF061FF2570C7E70CF05DFF00232A
:10AA60003370F4E7002E00D163E70022234B264920
:10AA70001A70234B1A702A4B1A700B789342B7D076
:10AA8000013BDBB20B702149CA54B1E7002E00D163
:10AA90004FE70023194A1370194A1370204A1370A4
:10AAA0000CF03AFFA4E701231A4A11784B401370C7
:10AAB0000BF018FC022000F03FFF3AE70C4A002E92
:10AAC00002D00023137034E71378002BF9D1012151
:10AAD0000F4B1970F5E700230B4A13700B4A1370E4
:10AAE000064A1370064AE2E70B1F0020D90800202F
:10AAF000D90300200100002019BD010837060020FD
:10AB000036060020D80300202B040020DA030020A2
:10AB1000530000200000002010BD0108E3BC010824
:10AB200038060020C44B1B78002B00D101E700221F
:10AB3000C24BC34E1A70C34B1A703378934200D184
:10AB400056E7C14C2368934201D101F019FC2468F7
:10AB50006369186801F02AF8002804D0230028331C
:10AB60001B78002B60D1B94B1B78002B5CD13334A0
:10AB70002378002B03D0B64B1B78042B5BD0B54B4E
:10AB80001B78002B59D0062083424ED8F9F7E7FBFB
:10AB9000012006F009FDB04B00241A7E0A23013281
:10ABA0005343AE4A13801388AD4A9BB21380AD4B1A
:10ABB0001C70AD4B1C70AD4B1C70AD4B1C70F9F78D
:10ABC00089FB2000F9F796FB21005120F9F74EF997
:10ABD0002000F9F763FB9E4B1D78012D00D007E79D
:10ABE0003000F7F777FE0200A24B310018700132F7
:10ABF000A1480FF098FD0222A04B1A70A04BA14A69
:10AC00001D70A14B1D70A14B1C70A14B1C60A14B72
:10AC10001C70A14B1B6805331360A04B1C70A04B2C
:10AC20001C700BF05FFBE3E6032001F073FD0220D4
:10AC300000F082FEDCE60120F7E70220F5E7994B01
:10AC40001F78002F0DD010280BD00D2809D0002D13
:10AC500000D06EE6002E00D16BE6934B02221A70F4
:10AC600067E6924B02931B780193002B2BD0002EAA
:10AC700001D100F0EFFB002D00D0D1E32000F8F768
:10AC80009FFB0190FF2800D1B1E3894F3C78002C55
:10AC90000CD1884E0E222D2130000FF015FCB5731B
:10ACA000631C019A3B70834B1A5501E00D2CF7D9B8
:10ACB0001022814B1A700022804B1A70804B013297
:10ACC0001A70794BCBE7122CC1D82000F7F728FE79
:10ACD00013001300130013001300130013001300DC
:10ACE0001300130069011202120288021D036B0394
:10ACF000710313001300002D15D0002E00D118E6AB
:10AD0000704B1B78002B00D013E66F4A1178002996
:10AD100002D01370694A1370F9F786FD01212000F3
:10AD2000FBF77AF905E6002E01D05F4B56E2674B40
:10AD30001B78002B00D030E1654B634F1B785BB272
:10AD4000002B28D0200003F02FFA3B78012B00D8ED
:10AD5000EFE50A205F4B3E701A785B785043C018CD
:10AD6000C0B2002807D119225B4B1A7003F06CFAAD
:10AD700002F042FFDDE5182800D9DAE5564B1870DD
:10AD800001F028F90028F1D10222474B01301A7056
:10AD900001F038F9EAE7304E737B02934F4B1D68A0
:10ADA0003B78002B15D1EB8B4D4A9B18062B10D806
:10ADB000482229004B480FF0B6FC029B4A4A5B0030
:10ADC000995BF3189B881180484A13800122484BF5
:10ADD0001A70200003F0E8F91022374B1A70039321
:10ADE000F8F7BEFC0022354B1A708022EB8BD200A4
:10ADF000934202D20423039A64E6394A9B18062B35
:10AE000000D92AE72B693C781A683A4B93429B4158
:10AE10005B4206330193002C00D18AE503219C425A
:10AE200000D30D311020F7F70FFE039B1870019B24
:10AE30009C4261D93B707CE52B0400203706002042
:10AE4000DA030020360600206C1E0020FD1E0020C4
:10AE50005E1F0020671F0020801F00205C1F002055
:10AE600080030020FE1E0020F41E0020C2070020E8
:10AE7000C1070020AB050020AF0500203A060020E6
:10AE8000390600201006002008060020AC0500202E
:10AE900004060020000600200C060020AD0500205E
:10AEA000AE050020521F0020511F0020161F002059
:10AEB0004208002033080020581F002053000020C3
:10AEC000F11E0020371F0020531F0020D90800204A
:10AED000181F0020D0030020A91F0020541F0020AD
:10AEE00000FCFFFF88030020840300208203002071
:10AEF000501F0020FFE0F50503F06EF900F0BCFFE5
:10AF000000220A21019B1B1B93423ADC6424444328
:10AF1000C74BC84F9C423CD9C74BE318BB4233D800
:10AF2000C64BA3429B41C64C1C40C64BE4182000B4
:10AF300000F0FCFD2B8E834210D0802380B2DB001A
:10AF40002886C018029B80B25B00F052F618B080D1
:10AF500002F0DAFB0221029802F0D6F9AE8B200053
:10AF6000310000F0F1FDB44BC318BB4204D8B34B21
:10AF7000984210D8B348801B28600122B24B1A8037
:10AF8000D7E448430132BFE7B04B9C42CFD91C0005
:10AF9000CDE7AF4CCBE7AF48EEE7F9F745FC310022
:10AFA000BDE6002E4AD0002D00D1BEE6AA4B1B788C
:10AFB0005BB2002B7AD000F0CBFE002804D1A74B67
:10AFC0001B88092B00D8B4E4A54BA64C1B68256848
:10AFD000002B56D08022A44BD2001B88934250D322
:10AFE000F8F7A0F82800F8F7C3F8002807D19F4B1E
:10AFF0001B681868F8F7BCF8002800D199E49C4B4E
:10B000009C4A1D7811000023AB4232D115004B350C
:10B0100029784E0090531F20013101402970202BC8
:10B0200002D001334A321370F8F7E2F803F00CF95A
:10B03000914B1B682360FAF7A5FF7AE4002D00D03E
:10B0400077E4019B002B00D073E401248B4B1C7030
:10B05000F8F786FB8A4B01991A781970002A00D0FC
:10B0600081E47D4B1B785BB2002B35D0F8F7D8FB21
:10B070005FE402318E1E36888642D7D00133DBB2C0
:10B08000C2E7ADB2280000F01DFF802302785B42CA
:10B09000134303700100280000F004FF03F0D4F80C
:10B0A0000122784B1A70784B1A70C1E7774A1370F7
:10B0B000774B1B78002B00D03BE4714A11780029B4
:10B0C00002D01370734A13700121734B0A000A20D7
:10B0D0001970FAF759FD2CE4704B1B7F002B03D03D
:10B0E000F9F7A2FBFFF725FC6D4B1C70694B1C7038
:10B0F000FFF71FFC01210B2C0FD1684CE37E002BC6
:10B1000001D1494249B2614B1B78002B07D0481E40
:10B11000431E984101210B3002E64942EDE7614AA6
:10B120001370614A1370627B5200A75A544A107818
:10B13000002802D013705D4A1370002D07D1002E35
:10B1400001D1FFF7F6FB0122594B1A7003E0002EE4
:10B1500001D1FFF7EEFB00223F4B9A56002A39D16E
:10B16000544BFB18062B1CD8534B544A1C68208E9A
:10B17000C00013185B6882582000F8F743FA504B60
:10B18000C218504B9A4200D967E52B4B294AC31885
:10B19000934200D861E52060F9F774F8F9F788F870
:10B1A000EBE67818130080B200F094FF464B98420B
:10B1B00001D1FFF7BEFB874201D1FFF7BAFB637BEA
:10B1C0001A1D5200A05201225B00E0523F4B1A7040
:10B1D0002C4B43E50800FAF7A1FC3D4B01223EE56C
:10B1E000002D79D1002E00D09FE5002F00D088E0FF
:10B1F000194B234A1B785BB2002B7BD11378002BB1
:10B2000001D1FFF796FB0A21013BDBB21370314AF3
:10B21000D154002B05D1254B1B78002B01D006F013
:10B2200061FC1022154B1A70F8F79AFAFFF79BFB96
:10B230003F771B003F6F400140B23EFC5F856104D9
:10B24000406F4001C04DC1034E08002080A4BF07DD
:10B2500040771B0000BD0105181F00204A08002090
:10B2600044080020C807002048080020701E002065
:10B2700016050020CC040020C4070020581F002021
:10B28000531F002023080020B3070020D908002006
:10B29000371F002053000020651F0020801F002062
:10B2A000B60700202208002024080020501F00209C
:10B2B000511F002000FCFFFF541F002044BD010867
:10B2C000C088E4FF402DA407FFFF0000B407002062
:10B2D000F11E0020D0030020002E01D1FFF729FB32
:10B2E000704B1B78002B01D1FFF73DFB06F0FAFBFA
:10B2F000FFF739FB6C4B17701F70F8F791FAFFF7E7
:10B3000032FBF9F74FF9FFF714FB684B1B78012B61
:10B3100001D1FFF70EFB664B1B78002B00D096E4A3
:10B32000002D02D1002E00D0FFE4624B1A7F002ACC
:10B3300000D0D5E6604A1078002D08D0002826D12C
:10B34000002E01D1FFF7F5FAFBF7F0F8EDE4002845
:10B350001DD15A4B1B785BB2002B14D1584B1B6884
:10B36000002B10D10E22574857490FF0DCF9574BEC
:10B37000029A1D70012313701022554B1A70554B01
:10B380001D70554B2AE7554B02221A70F9E7002130
:10B3900006331170D87F524AD9771070012007F018
:10B3A000F5F84C4BF0E729003000FBF7B1F9FFF757
:10B3B000C0FA3000FBF7FAF9FFF7BBFA122801D9FF
:10B3C000FFF7B7FAF7F7A2FA2FFBE9FAE9FAE9FA79
:10B3D000E9FAE9FAE9FAE9FAE9FAE9FA7AFB4EFB5D
:10B3E00062FBCDFAB5FAB5FAAEFB6FFB87FB122C08
:10B3F00000D932E42000F7F789FA96FC96FC96FC17
:10B4000096FC96FC96FC96FC96FC96FC96FC98FCAA
:10B410007DFE7DFEF5FE88FFD6FFDCFF96FC96FCE8
:10B42000122C01D9FFF785FA2000F7F76FFA66FCB6
:10B4300066FC66FC66FC66FC66FC66FC66FC66FCFC
:10B4400066FCBCFD63FE63FE55FF6EFFBCFFC2FFE2
:10B4500066FC66FC122C01D9FFF7F9FB2000F7F718
:10B4600055FA4AFC4AFC4AFC4AFC4AFC4AFC4AFCA3
:10B470004AFC4AFC4AFCEDFD49FE49FEBFFE54FF72
:10B48000A2FFA8FF4AFC4AFC002A01D0FFF751FAAC
:10B49000144B1D70144B1D70144B1D70144B1D70FC
:10B4A000FFF7A6FA501F0020C30700205E1F0020F0
:10B4B000531F0020801F0020D9080020181F0020E3
:10B4C0004408002033080020C0200020420800204B
:10B4D000581F002053000020651F0020511F00202E
:10B4E000330400202B040020DA030020370600205C
:10B4F00036060020002300B50B604C2800D974E00C
:10B50000F7F7FAF9272B333739373969733D555532
:10B51000554141415D45312D5D272F5D55353B4BF3
:10B52000553147555D4149554343737371554D55E9
:10B530004569716969553155595B555D5D5F555D6B
:10B5400055555555556F7155635157575757577145
:10B550005D0009230020136000BD1723FAE73D2397
:10B56000F8E701230B600A23F4E70723F2E76823D7
:10B57000F0E7D023EEE73223ECE72823EAE70523C0
:10B580000B60AE33E6E71A4BE4E71A4BE2E705231C
:10B59000E0E70823DEE701230B601923DAE7032342
:10B5A0000B606033D6E7144B0B60144BD2E70123DA
:10B5B000D0E71523CEE77823CCE70623CAE7032399
:10B5C000C8E701230B600E33C4E70D4B1B6834330F
:10B5D0001B78012B01D10223BCE7022B03D10023EE
:10B5E000B8E73F23B6E70423B4E701204042B3E7BE
:10B5F000FF03000001040000DC050000AC0D0000AA
:10B60000541F00200E4B4900CA5A80231B0130B53D
:10B61000D2180400802013000C210A4D40015B0069
:10B62000034200D06B4001390029F8D1D802064B03
:10B6300018401043032C01D1044B584030BDC04684
:10B640003AD50108EA08000000F07F00FFFF7F0004
:10B650007047000003000020044AC100515A99427B
:10B6600003D001300A28F8D10B387047AC220020F3
:10B670000122002010B5064B5968DC688C4201D2CB
:10B6800021001000013208330A2AF6D110BDC0464D
:10B69000AC220020074A084BD27F002A03D0053392
:10B6A000DB7F002B04D0054B1B68054A13607047F5
:10B6B000044BF9E7861F0020801F0020701E002029
:10B6C0006C1E0020541F00200023064A1370064AF7
:10B6D0001380064A1370064A1370064A1380064AFE
:10B6E00013707047EE210020EC210020EB21002098
:10B6F000EA210020E8210020E7210020F0B51E000B
:10B7000085B0131CB24200D9331C00257F27DBB261
:10B710000093174BCC011B7824180193154BE418A8
:10B72000009AEBB29A4201D805B0F0BD019A331FDE
:10B73000002A10D0104A039204229D4213DA80217D
:10B740006B1C494219410422200039400EF0BCFE16
:10B7500001350534E4E7094A02A90392084A029236
:10B7600004229D4200DB03A920000EF0DCFFEFE77E
:10B7700020230020E51A00207F41417F3E22223E07
:10B780003E3E3E3E10B50400012903D00A4B89001D
:10B79000C85810BD830705D16421F7F73BFA1D2077
:10B7A0000029F6D1C82120004900F7F733FA4842B2
:10B7B00048411C30EDE7C046D4C7010870B504000D
:10B7C0000D00012906D8012A04D1002110320EF003
:10B7D0007BFE70BD112220000A490EF0A4FF022D4D
:10B7E000F7D9023D0D34042D00DD042503235D430C
:10B7F000651B200002220449033C0EF094FFAC427A
:10B80000F7D1E6E710B20108B3B3010870B50D0037
:10B8100007490400F7F714F920000E000449F7F770
:10B8200089F8330002000349280009F01DFD70BDAE
:10B83000A0860100B6B3010870B5154B1B78002B2C
:10B840000FD000232D25134CE25C29000A2A01D0D9
:10B850003032D1B2C1540133042BF5D1002303712E
:10B8600070BD002904D00C49013209F0FDFCF7E756
:10B8700080230A49DB009A4203D0094B9A4203D144
:10B8800008490EF048FFEBE707490132EDE7C046F3
:10B89000531F0020D0030020BFB3010831B40108BA
:10B8A000FFFF0000C7B30108C2B30108FF22104B1D
:10B8B00010B518600F4B01241A700F4B1A7000233B
:10B8C0000E4A13700E4A13700E4A137015220E4B57
:10B8D0001C700E4B1A70F8F735FE0D4B1B78002BC1
:10B8E00002D1022009F05CFC0A4B1C7010BDC0465E
:10B8F000340500202E0500202D05002030050020F5
:10B900002C050020081F0020091F002038050020FA
:10B91000321F0020651F0020054B01201B78002BE3
:10B9200004D1044B18780238434258417047C0464E
:10B93000321F0020371F0020F7B5041E00D189E018
:10B94000431E012B04D8494BDB7F002B00D181E043
:10B950000220474E3378023B8343DBB2002B79D081
:10B96000062C77D8434F3B78002B02D0424909F090
:10B97000EEFFA0238022DB0552009A623378052B6C
:10B9800005D13E4B1B78002B01D0F8F791FC3C48C9
:10B99000F9F79EF87120F8F72FF8E31E0190022BBB
:10B9A00004D8812170200902F8F760FAF8F7ECFC5E
:10B9B0000320F8F773FC9C2170200902F8F756FA6F
:10B9C00000213020F8F752FA2E493020F8F74EFACD
:10B9D000FA20C000F9F77CF8A0238022DB05520092
:10B9E0009A612948F9F774F8062300255C43274A31
:10B9F00013199988A9422ED8A0248025E4056D004A
:10BA00002348A562F9F764F8F8F7DAFC2048F9F75B
:10BA10005FF871200199F8F729FA3F78002F02D0DA
:10BA20001C48F9F755F81C4B1B78002B00D0A5617A
:10BA3000002F03D00220194909F089FF3378052B24
:10BA400005D10E4B1B78002B01D0F8F7ADFC50222E
:10BA5000134B1A80F7BDA05A5988F9F72FF9013511
:10BA60000748F9F735F8EDB2C1E7C046811F00205D
:10BA70005E1F0020521F002001420000E91E00202E
:10BA8000204E00000203000060EA00000AD6010810
:10BA90008813000010270000781E0020010200001B
:10BAA000E61E0020F7B504001727E02380221B01C3
:10BAB00023401201934215D10025104B0093E3055A
:10BAC000DB0D0193009A6B00D35A019A934206D181
:10BAD000EEB231000220FFF795FDA0420BD00135F8
:10BAE000682DEFD1012323409B056408013F1C43CF
:10BAF000002FDAD1FF263000FEBDC0463AD501083E
:10BB000070B502003224FF200023074E5900755AF9
:10BB1000511B00D5A91AA14201DA0C00D8B2013399
:10BB2000322BF3D170BDC046D6D401080623054A96
:10BB3000D9005158814201D858B27047013BF7D221
:10BB40000020FAE744BD0108164B70B505000C0053
:10BB5000994215D11449F6F773FF0800AF21890007
:10BB6000F6F7E8FE44430338434258410E4924188F
:10BB70002800F6F7DFFE0C4D45436519280070BD1F
:10BB80000129FBD0FA239B00994200D34C08601C8A
:10BB900080B2401021004019F6F7CCFE4443250046
:10BBA000ECE7C04641030000C4090000484B010017
:10BBB000C218484B00B59A4200D985E0464B474A27
:10BBC000C318934200D87FE0454B18780A2800D963
:10BBD0007AE0F6F791FE061963232D2F3843477953
:10BBE0006D00404B994200D86EE03F4B00209942D7
:10BBF00005D93E4B994203D83D4B1878013800BD1A
:10BC00003C4888428041FAE73B4B3C4ACB18002035
:10BC10009342F4D93A4B3B48C918F2E73A4A364BBB
:10BC20000020CB189342EAD9384B3948C918E8E7C5
:10BC3000324AF4E72B4B994246D9364B00209942C1
:10BC4000DDD9354BE7E7274B99423DD9314B0020F1
:10BC50009942D4D9304B3148C918D2E7304B3148DA
:10BC6000C918CEE7304B314ACB1800209342C6D9D1
:10BC70002F4BCB189342C2D92E4B9942BFD02E4B9B
:10BC80009942BCD02D4B9942B9D02D4B9942B6D098
:10BC90002C4BC818431E98414042B0E7164B174A38
:10BCA000CB1800209342AAD9184B2748C918A8E7F7
:10BCB0000022264B1868884202D85868884205D866
:10BCC00001320833072AF5D10120E5E7002096E785
:10BCD000C088E4FF402DA40740B23EFC3F6F400106
:10BCE000741F00209F0BD100BF0E1602FF59620285
:10BCF0003404002000879303004624FF7F1A0600C7
:10BD000080217FFDBFC62D003F0D030040DF6FFD8A
:10BD10003F420F00BF80090100A69DFDBFFB390017
:10BD2000CF7257FD3E49000068343EFD5C44000080
:10BD3000489336FDB0A8E70020C0E70090D7E700A1
:10BD4000E8DAEB00601914FF7F841E0044BD01088F
:10BD500002220020034B1B78023BDBB29A42404197
:10BD6000C0B270475E1F00200023144A1370144AAB
:10BD70001370144A1370144A1370144A1370144A3F
:10BD80001380144A1370144A1370144A1370144A1F
:10BD90001370144A1370144A126811003431097870
:10BDA000994201D113691B79104A13700022104B7C
:10BDB0001A70104B01321A707047C046D10700202C
:10BDC000D8070020DA070020DE070020D507002072
:10BDD000CE070020D9070020D6070020D407002076
:10BDE000D3070020D2070020701E0020DB070020B0
:10BDF000E31E0020651F00209122F8B51A4B520067
:10BE00009A5C1C235343194A06009B180122191DF2
:10BE10000D88B54222D216484F88121892009B18FE
:10BE2000FA22588819889200C01B5043491BF6F724
:10BE30000BFE040028000F496043F6F705FEFA21C7
:10BE4000C719300089006043F6F774FD381801D532
:10BE5000002002E0642800DD6420F8BD01320431D6
:10BE6000072AD5D1F4E7C046801F00204AD4010834
:10BE7000FFFFFF3F18FCFFFF70B50400F6F72AFD37
:10BE8000002301000A2518008B4200D370BDE25C3C
:10BE9000303AD2B2092AF9D8684301331018DBB21C
:10BEA000F2E70000064B10B5984208D88023DB016A
:10BEB000C01840000023022280B2F9F7B5F810BD87
:10BEC00006040000F8B5184B05000024984228D855
:10BED000FFF7C0FB2700154EA0421BDA144AF900F9
:10BEE000715A914205D001370A2FF8D1FFF7C0FBF4
:10BEF00007008023FF00DB01BC1C3419E818022274
:10BF000021004000F8F7CAFB0A4AF5531268F619F7
:10BF1000726006E0074AC4001268331902345A609E
:10BF200034192000F8BDC04606040000AC220020F1
:10BF3000FFFF0000F81E0020224B73B504000D0027
:10BF400098421DD800291BD08023DB01C018022293
:10BF5000400001A9F8F7A2FB0222290001A80EF077
:10BF600029FC00280DD12000FFF774FB002807DB17
:10BF7000154B2A88C0001B185A80144A12685A6050
:10BF800073BD29002000FFF78DFF2000FFF762FB43
:10BF90000D4E002807DBC0002B88301843800B4B68
:10BFA0001B684360ECE70020094BC200B25A9A427A
:10BFB00004D001300A28F8D1FFF75AFBC0003452F0
:10BFC000EAE7C04606040000AC220020F81E00206C
:10BFD000FFFF000070B50500192811D0802600244D
:10BFE000F6002000FFF76EFF4378AB4202D10378E2
:10BFF0007F2B05D90134A4B2B442F2D1002070BD28
:10C000000120FCE7F7B506001924134B134D0193EB
:10C010002F782878012E19D11921F6F711FD013159
:10C02000C8B22870FFF7D6FF00280ED12878B84292
:10C0300003D0013CE4B2002CEBD1FFF7CBFF00288A
:10C0400003D11922019B29331A70F7BD192117302A
:10C05000F6F7E0FDE3E7C046801F0020A91F00209F
:10C0600070B506000C001500FFF72CFF8023DB00E5
:10C070009E4229D20378002C02D05AB2002A23DB38
:10C08000DB435B0720D0002C1CD0182D04D943784B
:10C09000002B03D0200070BD002D15D04378192B44
:10C0A000F8D0AB4210D1094A094B1278002AF1D0DE
:10C0B0009A8D0024B242EDD0DC8DA41B631E9C41FE
:10C0C000E4B2E7E70124E5E70024E3E7AA1F002044
:10C0D000801F0020F7B58025ED000E0004002F0022
:10C0E000009201930B4B9C4212D0BC429B411C40DE
:10C0F0002000019A0099FFF7B3FF002806D1013D07
:10C10000A419ADB2A4B2002DECD1024C2000FEBDAA
:10C11000014CEDE7FFFF0000FF0300000279531E12
:10C12000022B03D900230371002105E06723012AB4
:10C1300000D1363B9942F7D841717047F0B5036999
:10C1400004008BB01868FFF7F1FC022800DD71E0F5
:10C15000674B684AD57D002D00D06EE0A31CDD77CB
:10C1600081235B426384FE23FF22DB01A384E31D62
:10C17000DA7763691868FFF7D9FC23000190293347
:10C180001B785D1EEDB2002B01D15B4B1D780123A6
:10C19000052D03D0AB1F5A4253415B00019A57490A
:10C1A0005018032253430001C01804A9F8F776FA87
:10C1B000534B0293019B022B01D1524B02936B1FF5
:10C1C0005A1E934103260333039304AF38780300C8
:10C1D0001833DBB2052D06D8039B5843029B595DEB
:10C1E000F6F732FCC3B2013EF6B23B700137002EC7
:10C1F000ECD104AB019A18785D789F78424BD2005D
:10C20000D1589B185E6863691B6899420EDA9E429A
:10C2100000DC6BE08A1952089A4262DB2E1A581A27
:10C220007043511AF6F710FC2818C0B22A34207057
:10C230000BB0F0BD80235B028BE7ED1823002F00CD
:10C240002133049303330593023B0693033307938F
:10C25000023B08930333099304AE603728000122A0
:10C2600002CE1035F8F71AFAAF42F7D1E31CDB7FA4
:10C27000201D0193A71CC57FF87F611D4210CE7F52
:10C28000E11D9446C97F019AA31DDB7F520049003E
:10C290004008864203D1012E01D9023EB6B2934234
:10C2A00003D17D2B01D802339BB28D4203D1FD2DEA
:10C2B00001D80235ADB26046F877601DC677FF2918
:10C2C00000DDFF21E01DC177211DCD777F2A00DD34
:10C2D0007F22E11CCA777F2B00DD7F23A21DD3774D
:10C2E00047E77F1B981A7843B11A9BE738009DE710
:10C2F00060000100801F0020580000200D10000089
:10C300003ED4010844D4010844BD010870B51500AD
:10C31000040044220E00043000210EF0D5F828005D
:10C32000FFF704FC0D4B0422A3832300083320866F
:10C33000E683DA7702226361094BFF3222852560AA
:10C34000A56024619E4204D12300013AFF3A3433B0
:10C350001A702000FFF7F2FE70BDC046E204000034
:10C3600001040000421CD27F0368012A03D18269C4
:10C370009B1883607047022AFBD182699B1AF8E7F9
:10C3800010B5114B5A7B012A01D900225A73991D0D
:10C390005A7BC97F1000002906D0591DC97F00298A
:10C3A00002D150425041C0B248214A434143074C58
:10C3B00084329A1822608431054A18735B1813601E
:10C3C000FFF768F910BDC046801F0020541F0020F1
:10C3D000701E002070B54A4D2B682D331C78012C3F
:10C3E00003D1484B1C780134E4B2A02380220026FC
:10C3F000DB0552009A62444B310030001E70F7F7A3
:10C40000C7FE022C00D9340020000CF047FC2B683A
:10C410005B691868F7F736FF3C4B00201B681A0071
:10C4200034321278824206D135331B78012B01D089
:10C43000022B00D91800F7F75DFF0020F7F72EFF59
:10C440007E20F7F7D9FA382328219843014389B28F
:10C450007E20F7F70BFDF7F79FFF00213620F7F757
:10C4600005FD37202A49F7F701FD52202949F7F742
:10C47000FDFC00213020F7F7F9FC27493020F7F7C1
:10C48000F5FC2648F8F724FB2B685B691868F8F779
:10C490006FF801210800F7F77BFE2148F8F718FB39
:10C4A0002A682049130052692A3310681B78222217
:10C4B000884200D81A3A80211B02134319433620C0
:10C4C000F7F7D4FC1548F8F703FB2B685A69107985
:10C4D00001280DD0831E012B05D85179FFF792F862
:10C4E000F7F76CFE70BD00215120F7F7BFFCF9E7AC
:10C4F00052790D4B5200D05AF7F77CFEF2E7C04656
:10C500006C1E002028080020781E0020701E0020CD
:10C510001F9D00008F020000FEC1000010270000D8
:10C5200088130000FF3EAB01D6D4010810B51D4BA7
:10C53000400008431A78C0B20C00824230D0187014
:10C540007E20F7F759FAC3439BB2DB0BA34209D114
:10C55000C0210005000DDB031843890101437E2043
:10C56000F7F784FCC62110208900F7F77FFC112023
:10C570000D49F7F77BFC12200C49F7F777FC1320E5
:10C580000B49F7F773FC842114208900F7F76EFC40
:10C5900049200849F7F76AFC7B200749F7F766FC52
:10C5A00010BDC046560000203A030000DB03000027
:10C5B000DF030000B22A0000DC73000070B5040045
:10C5C0000520022C00D00438F7F768FE3120F7F779
:10C5D00013FA012C55D1204381B23120F7F746FCE4
:10C5E00042204049F7F742FC2A203F49F7F73EFC3A
:10C5F0003E4B1E78022E00D900263D4DF600715BA1
:10C600002B20AD19F7F732FC2F206988F7F72EFCA5
:10C610005420A988F7F72AFC5520E988F7F726FC6B
:10C62000344B1B682D331878002800D003200CF001
:10C6300035FB4820F7F7E0F90F23184381B2482073
:10C64000F7F714FCA11E4B1E99412B4B4942194090
:10C650003D20F7F70BFC7320F7F7CEF921004B1EB6
:10C6600099411023013C984363425C410901014315
:10C6700089B27320F7F7FAFB0021E0B2FFF756FF0B
:10C6800070BD0123984381B23120F7F7EFFB4220C0
:10C690001A49F7F7EBFBE8212A20C901F7F7E6FB77
:10C6A00000212B20F7F7E2FB2F201549F7F7DEFBDF
:10C6B000022C08D113495420F7F7D8FB1249552012
:10C6C000F7F7D4FBB5E7114B1E78042E00D90026EE
:10C6D0000F4DB600715B5420AD19F7F7C7FB6988A1
:10C6E000EDE7C0465C6F0000347400002A080020AB
:10C6F00012D40108701E0020AB2A00005A6B000003
:10C700009098000009900000A9310000290800203D
:10C710002AD401080D4B002807D118705870012247
:10C720000B4B18700B4B1A707047062804D103226C
:10C7300018705A700520F2E70749084AC97F002996
:10C7400002D1127B9854F5E7527BFBE7A822002028
:10C75000131F0020601F0020861F0020801F002064
:10C760000121814A10B51368013313607F4B1970A2
:10C7700010687F4B4343CB417E48834236D87E4B83
:10C780007E4819700388002B06D0013B9BB20380C2
:10C79000002B01D17A4B19707A490B88142B08D9D8
:10C7A0000B88013B9BB20B80142B02D10121764BED
:10C7B000197076490B88002B03D00B88013B9BB284
:10C7C0000B8073490B88002B08D00B88013B9BB270
:10C7D0000B80002B02D101216E4B19706E490B7832
:10C7E000002B03D00B78013BDBB20B7013689B0767
:10C7F00002D10122694B1A70694A1378002B03D0C9
:10C800001378013BDBB21370664A1378002B03D018
:10C810001378013BDBB21370634B1B78002B4BD1B9
:10C8200062490A88002A08D00A88013A92B20A802E
:10C83000002A02D15E4A0121117000205D4A105683
:10C84000002847D15C4A1278002A15D15B4AD27F72
:10C85000002A11D05A1E012A0ED9042B0CD0584997
:10C860000A88002A08D00A88013A92B20A80002A6F
:10C8700002D1544A01211170534A54491278002AB6
:10C880005DD000285BD0524A1288002A57D1514807
:10C890000278002A53D1504A1278D4B2002A4ED1DD
:10C8A000042B4CD05A1E012A49D90A88013292B26F
:10C8B000182A1ED80A801FE0052BBED147490A88D6
:10C8C000002ABAD00A88013A92B20A80002AB4D16A
:10C8D000434AB0E75A1E012ACED93D490A88002AA8
:10C8E000CAD00A88013A92B20A80002AC4D1394AD1
:10C8F000C0E701220C8002703A490A88002A08D059
:10C900000A88013A92B20A80002A02D10121364AED
:10C910001170364A1278002A15D0022B11D8002B3C
:10C9200011D1334A1388002B0DD01388013B9BB2E1
:10C930001380002B07D101222E4B1A7003E0002236
:10C94000B8E7042BEDD12C4A1388002B03D01388B1
:10C95000013B9BB21380294A1378002B03D0137834
:10C96000013BDBB2137010BD0C060020631F0020DA
:10C97000295C8FC251B81E05621F0020A62200202C
:10C980001D23002080030020FE1E00205A1F0020CF
:10C990005C1F0020F41E0020FD1E0020D007002098
:10C9A000D3070020D40700205E1F00204C00002089
:10C9B000EC1E0020181F0020321F0020851F0020C1
:10C9C000DC0700204E00002003000020A4220020ED
:10C9D0004A0800204F000020DE0700202C1F002006
:10C9E000EA1E0020CE070020D5070020171F0020D8
:10C9F000DC1E0020ED1E0020E01E0020CF200020C5
:10CA0000F0B510259BB006AC2A00002120000DF0E7
:10CA10005BFD2A0000210AA80DF056FD2A003848C7
:10CA20000AA9F7F73BFE374E0AA83100F5F748FF91
:10CA300012AF002800D188E02A0031000EA80DF0C6
:10CA40007BFE00232A002E480EA9F8F7EDFA0822F3
:10CA5000002104A80DF038FDA020082204A900023E
:10CA6000F7F71CFE6B463F221B7DA02093436A46CE
:10CA700004A91375000200230822F8F7D5FA08224A
:10CA8000002102A80DF020FD08221F4802A9F7F797
:10CA900005FE6B466A465B7B1B48AB43537302A99A
:10CAA00000230822F8F7C0FA202239001748F7F7C8
:10CAB000F5FD0022BB5C002B06D0203B5E2B17D877
:10CAC0000132102AF6D100230022B918097C00296E
:10CAD00021D020395E291BD91022002116A80DF083
:10CAE000F3FC0023202239000848F8F79DFA14E0EF
:10CAF0001022002138000DF0E7FC0123E4E7C046D6
:10CB000060A10000CCB3010858A10000C8A000003B
:10CB10000132102AD9D1002BE3D107226946D3482C
:10CB2000F7F7BCFD00256B465B5701330DD101358E
:10CB3000072DF8D12A00CE4968460DF0F4FD0023F8
:10CB40002A006946C948F8F76FFAA0200822210098
:10CB50000002F7F7A3FD0F2322781340042B00D91E
:10CB60000023C4490B7013092F2A00D90023C24A9D
:10CB700013706378092B00D90123C04DEB75A3789E
:10CB80005A1FD2B2AE2A00D90B232B76237901216A
:10CB90001A000A406A765A080A402A779A06120F43
:10CBA000042A00D900226A7701229B091340EB7600
:10CBB0006379013B59424B41AB77A379092B00D9EB
:10CBC0001300EB77E379082B00D904232A004732BE
:10CBD000137021000822AA48F7F760FD0F2322787E
:10CBE00013400A2B00DD0A232221DBB21209FF3198
:10CBF0006B549A429B411A4090235B00EA5463783D
:10CC0000032B00D90023AA1CD377A378022B00D9C9
:10CC10000023AA1DD377E378052B00D90423EA1D4E
:10CC2000D3772379022B00D901236A1DD377637947
:10CC30003D2B00D90C232A0001210832D377A37998
:10CC4000EA1C1800CB400840D0778E4A0B40137086
:10CC50002B1DD97707222900E37938311A400A7051
:10CC60002A00DB0839321370390010228648F7F7A2
:10CC700015FD82223B88D200934200D9834B80224B
:10CC80007E4ED20033807B889342924113403381A1
:10CC9000BB887F4A9A18062A00D97C4B8222B3802F
:10CCA000FB88D200934200D9784B802273803B8965
:10CCB000D20093429241134073817B89744A9A183F
:10CCC000062A00D9714B04220EA97248F380F7F7A7
:10CCD000E5FC3B226B4603219B18B27D1B788A43FF
:10CCE00069465B079B0F1A43B2756B4A5B009A5A01
:10CCF000098F914204D369481B5A8B4200D30A0022
:10CD00002A826B463A229B181B780132AB746B4621
:10CD10009B181B786249DB07DB0F25326148EB74F7
:10CD2000F7F7BCFC08F064FE082221005E48F7F724
:10CD3000B5FC0122237801351A40EA775A08312BD5
:10CD400000D9002220234D4DFF33EA546378182B7D
:10CD500000D903232A0043321370A378182B00D97B
:10CD600000232A0044321370E378182B00D90423DF
:10CD70002A00453213702379182B00D900232A008A
:10CD8000463213706379682B00D90E232A002832AB
:10CD90001370A379282B00D900232A003E32137088
:10CDA000E379052B00D903232A00403221003F48B4
:10CDB00013700822F7F772FC01223D4806AC115DA2
:10CDC0000B004033DBB2802B00D881540132082A9B
:10CDD000F5D121003748F7F761FC6378022B00D9C1
:10CDE00000232A0041321370A3780A2B00D90023B4
:10CDF0002A0042321370E378012B00D900236B73B1
:10CE00002379042B00D9002391225200AB541B3A02
:10CE1000FF3A21002848F7F741FC23785A1E934136
:10CE20002A007A3213706279642A00D94FE10A230A
:10CE300053432A00703213806423A2799A4201D8A6
:10CE40005A3B53432A00723213806423E2799A4298
:10CE500001D85A3B53432A00743213802100082220
:10CE60001648F7F71BFC6423227829E0B9A00000DC
:10CE70001C000020290800202A080020801F002014
:10CE800008A000002808002010A0000005040000F1
:10CE900000FCFFFF20A0000074C101087CC1010854
:10CEA0007A1E002028A00000A8A00000B8A0000062
:10CEB0001B000020C0A00000E8A00000F0A00000BF
:10CEC0009A4201D85A3B53432A0076321380642396
:10CED00062789A4201D85A3B534332007832138029
:10CEE0007E497F4A7F480AF037FD7F4A7F49804864
:10CEF0000AF032FD082221007E48F7F7CFFB7F239E
:10CF000022781340591E182900D9012331002931F4
:10CF10000B703300D2092A331A7019236B441A7824
:10CF20005B7821001B021343B3851B236B441A78E3
:10CF30005B7871481B021343F3851D236B441A78F9
:10CF40005B784A361B02134308223380F7F7A6FBAF
:10CF500023780A2B00D90023684A13706279684B42
:10CF6000511E8A411A70E379664A9907C90F1170F8
:10CF70001A07920F032A00D1013A63490A70634AE3
:10CF8000D906C90F1170624A9B0913702B1DDB7FF4
:10CF9000002B01D1AB682B6060225E495E48F7F739
:10CFA0007DFB0023012019005C4A404201331080C0
:10CFB000516008320A2BF9D180235B020E930223C1
:10CFC00000250EAEB3806B00F05A554B984201D845
:10CFD000FEF778FF0135032DF5D100257F260727C1
:10CFE0002800FEF76FFF011E08D002884D4B9A42C1
:10CFF00000D06FE007802800FEF79EFF01354A4B06
:10D00000ADB29D42ECD10025102248494848F7F7BF
:10D0100045FB484B0822210047481D70F7F73EFBAF
:10D02000E3791A096F2B00D92A0044490A701A00C3
:10D03000FF3A511E8A4142491A400A700021FF2BD3
:10D0400002D05808013181433E4801700021FF2B76
:10D0500001D01B07990F3C4B1970A1790B093F298F
:10D0600000D90023394803700C200023014201D16C
:10D070000F330B400125364936480B706379190987
:10D080000D400570A078032800D90020324C207094
:10D0900032484C07E40F04703148C90801700F2171
:10D0A0000B40591E0E2900D90A2301202D490B706F
:10D0B00006AB1B792C49184008705908F12B00D990
:10D0C0003C212A4B19702A4B1A701BB0F0BD9623D5
:10D0D0005B00AEE60378334003708FE7CC1F00207F
:10D0E000D4B3010810A10000DAB30108DE1F00204C
:10D0F00020A1000030A1000050A10000741F0020FA
:10D100003404002014070020191F002016070020F7
:10D11000CC070020442200200E880000AC22002012
:10D1200006040000FFFF0000070400003422002076
:10D1300038A100003022002058A100005800002033
:10D140002123002003000020E1070020FC1E002016
:10D150000E1F002058080020B907002020230020BF
:10D160001F2300202A0000205F1F00205200002003
:10D17000F31E002037B5404D082229003F48F7F73D
:10D180008DFA3F4C082229003E480DF0CCFA2000D1
:10D190000822290028300DF0C6FA200008222900B4
:10D1A00030300DF0C0FA210008223748F7F776FA40
:10D1B00020002100082208300DF0B5FA20002100DF
:10D1C000082210300DF0AFFA304C0C22210030480C
:10D1D000F7F764FA2F4B22889A4203D92E4B23800B
:10D1E000643363802D4B022263812D4C2D4BE07FF5
:10D1F0002D49C0184000F7F751FA2C4BE07F02226E
:10D20000C0182B494000F7F749FA2200473211783D
:10D210002200284B48325B5C27481370694608227D
:10D22000F7F73CFA6B460021595EFA23FA229B007D
:10D23000CB189BB2D200934200D9002123007C334B
:10D2400019806B469B793F2B00D93A2322007E320E
:10D2500013706A46D2790F2A00D9082220007F3441
:10D260002370B123DB01C9188030027089B23B20E2
:10D27000F6F7FCFD37BDC04610220020C0000100BB
:10D28000F821002018220020C80001001E1F0020E5
:10D2900040010100871300006C070000FC0800003B
:10D2A000801F0020A880000098200020B48000008B
:10D2B0009A200020FAD301088801010070B50024EB
:10D2C0000E0005000470220021003000FEF7C8FEA9
:10D2D000A04217D08023DB00F0180A2229000001A9
:10D2E000F7F7DCF92200AB5C203B5F2B02D8013260
:10D2F0000A2AF8D10023AB54013A511C02D0A95C90
:10D300002029F8D070BD00004823F0B543438BB00E
:10D310008A4C039384331B190093894B07001B78B5
:10D320000591002B0CD14300E1188888854A904272
:10D3300001D185488880E15A914201D1824AE25266
:10D3400082237D00665BDB009E4231D8103B9E420B
:10D350000CD23000FBB200220121FEF7BBFE7B4B5A
:10D36000060098421FD163199E8866533000FEF76D
:10D37000A9FD8022038875490290D2008B4219D101
:10D38000964204D26D4B7F00D9198E88FE52704BA5
:10D39000704AF3189BB2DB0031009A580098FEF7F0
:10D3A000B5FF0BB0F0BD3B1D5B006053E052DDE705
:10D3B000654EDBE7029B1B785B075B0F0193072B36
:10D3C00001D1023B0193964200D3B2E0029B59780F
:10D3D00048227A43594B01989B181A00A2331E80A9
:10D3E0008023B4321080023A1170DB009E4200D3D9
:10D3F000B8E0059B022B00D0C4E03301049308225F
:10D40000049808AC21008018F7F748F9E0780F2459
:10D410000440022C00D9002448210A007A43474BDB
:10D420009A18A432147002092F2800D900227943D7
:10D430005B18B8331A7008AB9A79172A00D90422FE
:10D4400048237B433D490024CB180591190018005F
:10D45000AB310A7040495200525AA03002801A0083
:10D460000F21B03208AD1470AA781838114001703D
:10D4700012099033297800981A70FEF74FFE03982E
:10D48000059B8C30C0186978FEF748FE2A79012385
:10D49000FF2A00D1F3E014005508D1065009920983
:10D4A0001A401C401D40490F1840059248227A43FB
:10D4B0009446AF22214B634494469C4462461470C8
:10D4C0001C00B1342570043C21701900059AAC335E
:10D4D000B7311A70087008AB5B790022FF2B04D0BB
:10D4E0001B075A0F042A00D9002248237B43134C00
:10D4F00006A9E318B6331A7004980822F7F7CEF895
:10D5000006994B1C03D1019A124BD200D1584822E4
:10D5100013007B43E3180833D967104B07999942EE
:10D5200001D90F4B07937A43079BA4189C342360BF
:10D5300028E0F3B2192101934AE7C046801F00207A
:10D54000340400200404000005040000FFFF000074
:10D5500000FCFFFF44BD01082CBF0108FFE0F505FA
:10D5600040420F00330080335B013A019B18049363
:10D57000059B022B00D142E7434BF3189BB2062BCD
:10D5800000D83CE748257D43404C6319019308339C
:10D59000DD6F2800FEF7CAFA3D4AC3B2DB00985897
:10D5A000A8420DD8D2185068A84209D38023280079
:10D5B000DB009E4204D3019DA0352988FEF7C4FA02
:10D5C00048257D4365192B000833D8678023DB008D
:10D5D0009E4207D32B009C35A03319882868FEF79C
:10D5E000B3FA28600098FEF7BDFE8023DB009E4260
:10D5F00005D203983100BA302018FFF75FFE4823A8
:10D60000190079436118AF31039A08788C32009978
:10D61000A218002801D01100009A7B43E3181800DB
:10D6200098331A601B4B94301B780160002B07D194
:10D63000194A0B689B18194A934201D8184B0B6082
:10D6400048237B43E3181900029AB9311278D206B5
:10D65000920F0A70134A1278002A02D0009A983367
:10D660001A60114B1B78002B05D048237B43E4182C
:10D670000723AD3423700098FEF760FD91E6250086
:10D6800019002000059311E700FCFFFF801F002018
:10D6900044BD01083404002040F1E9FD3F4B4C003B
:10D6A000A0B49402220800202408002007B56B468D
:10D6B0000522FF21D81C0CF007FF69460E4A0F48CF
:10D6C000937C8B70138A0B80937DD27C9B075B0FBE
:10D6D00007211343FF220B408A4313436A466946DE
:10D6E000D37000230822F7F79FFC0023602204492F
:10D6F0000448F7F799FC07BD801F002020A0000018
:10D700007A1E002028A000000122034B1A70034B50
:10D7100092181A807047C0461E230020A6220020BF
:10D720001FB5124B1A78002A1ED000241C70104B13
:10D730001A78A24218D0102269460E481C70F6F7DB
:10D74000ADFF69460C4B0B481A880A801A894A803B
:10D750009A888A805A88CA805A890A81DB8810226E
:10D760004B812300F7F760FC1FBDC0461D2300203E
:10D770001E23002010A00000801F00200F22F0B503
:10D7800000263C21B84B97B01B7802AC1340B74A37
:10D79000B74D1278AF1D120113432370EB7DA0200B
:10D7A00063702B7EE670A3702B7FEA7E5B00920194
:10D7B00013436A7E000213436A7F92000A401343B8
:10D7C0002371AB7F22216371EB7FFF31A3712B00AB
:10D7D00047331B78EA1DE37190235B00EB5C695CC7
:10D7E0001B015B182372AB1CDB7F21006372FB7F84
:10D7F000A372D37F2A1DE3726B1DDB7F23732B0083
:10D800000833DB7F63739B4BD27F1B7892005B00F6
:10D810001343EA1CD27F1343A3732B000722383330
:10D820001B781340944A1278D2001343E3731022FA
:10D830003300F7F7F9FB502221009048F6F72EFF4E
:10D840002023FF33EB5C6A1CD27F5B001343237001
:10D850002B002A0046331B784332127823712B00A9
:10D860006270FA8F283362801B780A2163712B0063
:10D870003E331B78FF27A3712B0040331B78E371E5
:10D880002423FF33EB5C637492235B00EB5CA37493
:10D890002B003F331B7823762B0041331B786376B4
:10D8A0002B0042331B78A3766B7BE37691235B00DE
:10D8B000EB5C23772B007A331A7812AB1A702B00AB
:10D8C00070331888F5F736F84D236B4418702B0029
:10D8D000723318880A21F5F72DF84E236B4418701F
:10D8E0002B00743318880A21F5F724F84F236B4472
:10D8F00018702B00763318880A21F5F71BF814AB43
:10D9000018702B00783318880A21F5F713F8512383
:10D910006B4418705022330021005848F7F784FBFD
:10D920007F22554BE7711B78210013402A002A32D1
:10D9300012785348D20113432370AB8D08226370D1
:10D940001B0AA370EB8DE3701B0A23712B004A3373
:10D950001B8863711B0AA3713300F7F765FB09206D
:10D960000722390068440CF0AFFD464BA6711B78C6
:10D970002370454B1B786371444B1B78B34201D134
:10D98000FD23E3710C21424BE2791B788A439B0013
:10D990000B4013433F4AE3711278002A02D1103240
:10D9A0009343E3713F22E379210013403A4A3B4815
:10D9B000127892011343E37108220023F7F734FB36
:10D9C000082221003648F6F769FE0F21354B364A0A
:10D9D0001B7812785B0013432371344A344B12785E
:10D9E0001B78D2009B001343324A12781343324A09
:10D9F0005BB212781B01A270304A12780A401343BE
:10DA000063712F4A2F4B12781B7812010B4013437E
:10DA1000A3712D4B1A782D4B1B78002B01D10233AB
:10DA20001A430C212A4B1E481B787E359B000B4065
:10DA30002849097809010B431A4321000023E271A8
:10DA40000822F7F7F1FA694608222348F6F726FE7E
:10DA50006A462B78694693711F4800230822F7F71E
:10DA6000E3FA17B0F0BDC046290800202A080020BC
:10DA7000801F002028080020A91F0020A8A0000067
:10DA800030A10000741F002034040020140700207F
:10DA9000191F002016070020CC07002050A100000D
:10DAA00058A10000520000205F1F00201F2300200B
:10DAB0002023002058080020B90700202A00002059
:10DAC000FC1E00200E1F0020212300200300002048
:10DAD000E1070020580000208801010030B50D004A
:10DAE00085B010220021040068460CF0EDFC2800EF
:10DAF000F4F7F0FE02000A2800D90A22290068463D
:10DB00000CF011FE80232001DB0180B2C01810222E
:10DB100000236946F7F788FA05B030BD7FB50500E8
:10DB20001E00344B0800EB189BB21400062B5DD886
:10DB3000421E904190220001120280185B01C01821
:10DB40006A46236869460093A36980B201936379AA
:10DB50001372637B5372237B22791B0113436A4642
:10DB60009372230034331B78621CD27F1B01134352
:10DB70006A46D37223002200283333321B7812788E
:10DB80009B015201134322002B32127813432200CF
:10DB9000293212789200134322002D32127852005B
:10DBA00013436A46137323000E2232331B785B0043
:10DBB00013406A46537323000833DB7F93730023BB
:10DBC000D3731022F7F730FA012321001A0028003E
:10DBD0000AF022FA8023DB009D4206D2022E04D9ED
:10DBE000210028003631FFF779FF7FBD2801012E83
:10DBF000FBD9A5E700FCFFFF73B51E4D6946280061
:10DC00000822F6F74BFD1C4C072226001B4B293639
:10DC10001B78280013403278194DD20013436A460E
:10DC20006946D37100230822F7F7FEF928006946F8
:10DC30000822F6F733FD7F223378280013402200B4
:10DC40002A3212786946D20113436A461370A38DB3
:10DC500053701B0A9370E38D4A34D3701B0A1371FF
:10DC6000238853711B0A937100230822F7F7DCF90C
:10DC700073BDC04608A00000801F0020B81F002010
:10DC800030A1000030B5042587B0084C0A0001001F
:10DC900001A8FDF793FD112300216F20A56201AAC1
:10DCA000F6F7CEFDA56107B030BDC04600040050B8
:10DCB000F7B5160004000D001F00F4F70BFE731CEF
:10DCC0000093231801350193019B9C4200D1F7BDBD
:10DCD00021782139CBB25D2B05D871433200280061
:10DCE00079180CF020FD009B0134ED18ECE70000E2
:10DCF000F0B585B01C000AAB1B780F0015000600BC
:10DD00000293F4F7E7FDBD4207D9029BED1B4343A5
:10DD10000135ED1A6D08EF19FFB2E2010134144B21
:10DD2000E401D219E419D218E418331801920393CC
:10DD3000039B9E4201D105B0F0BD3578213DEBB289
:10DD40005D2B0DD80E235D430A4F0722E919019878
:10DD500007350CF0E8FC07222000E9190CF0E3FC81
:10DD6000029A019B944663440193A4180136DFE7AD
:10DD7000E51A0020D6CE0108F8B51D0006000F00F8
:10DD80001400F4F7A7FD0300A74207D20720584369
:10DD9000E11B0131091A49087F18FFB2044AE90161
:10DDA000C91930008918034B0622FFF781FFF8BD1F
:10DDB000E51A0020A2CC0108F7B51F4E1D003378EC
:10DDC00004001E4F00910192012B21D11C490CF03F
:10DDD000A2FC2A002000009909F0F4FD3A78194BC2
:10DDE0005200D65A0A213000F4F72AFE30008FB2D2
:10DDF0000A21F4F79FFD3B00134982B2200007F08F
:10DE000033FA2B00002220000199FFF7B5FFF7BD80
:10DE10000E490CF080FC2A000099200009F0D2FD88
:10DE20003A780B4B31785200D25A4E23032900D155
:10DE3000053B0849E2E7C0461F0500200800002016
:10DE4000E0B30108D6D401084FB40108E6B30108D5
:10DE50003AD50108EAB30108F8B51D0006000F0025
:10DE60001400F4F737FD0300A74207D207205843F8
:10DE7000E11B0131091A49087F18FFB2044AE90180
:10DE8000C91930008918034B0622FFF711FFF8BDAE
:10DE9000E51A00206ECA0108F0B50027234CD20114
:10DEA00085B05218141902930190F4F713FD250060
:10DEB0003B00C2B280350392039ABA4201DC05B03E
:10DEC000F0BD019AD65D2D2E2CD0002B01D1202E35
:10DED00022D03300303B0A2B13D81421303E4E435E
:10DEE000134B0A22F6183100A01C0CF01CFC310068
:10DEF0000A22A81C0A310CF016FC01230D340D3542
:10DF000008E02E2EF9D1602303342B706B70AB70B8
:10DF100003355F3B0137CFE7029A002AEED0063C7B
:10DF2000063DEBE73A26002BD7D1D2E7E51A0020D1
:10DF300092C9010830B5072501241540D208D20145
:10DF40008018425CAC401500A543002B01D0224351
:10DF5000D5B2455430BD0000F0B50C0087B0059334
:10DF60000CAB1B78019202930090009B1B78002B56
:10DF700001D107B0F0BD03220026203BDBB25343A2
:10DF8000134A9B180493019B0633DBB20393049B53
:10DF9000019D9F5D01231F420AD0059BA1190D48D9
:10DFA000C9B2002B00D10C482A00029BFFF7C2FF28
:10DFB0000135039BEDB27F089D42EBD10136032E64
:10DFC000E5D1009B04340133E4B20093CDE7C046B1
:10DFD00072C8010859080020E51A002010B5084A47
:10DFE0000300527E002A09D0064A1278002A05D082
:10DFF000054C00220C212000FFF72EFF10BDC0466B
:10E00000801F0020611F0020F2B30108E02210B53C
:10E010000021024892000CF057FA10BDE51A0020CA
:10E0200070B586B0FFF7F2FF424B434C1B78434874
:10E03000022B11D0012B66D1414902A80CF06BFBD9
:10E04000404B0D201A88404B684419784B1E99416B
:10E05000C9B2FDF7F1FB02A80823002200930221B8
:10E06000073BFFF745FE394B1B78002B05D1237882
:10E070003748002B13D0032B11D0364B36491E687E
:10E080003000F4F7DDFC30000D003349F4F752FCAA
:10E090002B000200314902A807F0E6F802A8082385
:10E0A000002200930221053BFFF722FE23782C4833
:10E0B000012B1DD92B4B2C481B78002B18D02B4B38
:10E0C0002B4A1B7812785B00012A2CD1294A0A219D
:10E0D000D55A2800F4F7B4FC28008CB20A21F4F7D2
:10E0E00029FC230082B2244902A807F0BDF802A847
:10E0F0000823002202210093033BFFF7F9FDF6F706
:10E10000EDFB06B070BD2378012B08D81B4A1C48D4
:10E110001278D207A0D41B4A9B0098589CE71A4853
:10E12000022B99D1F7E7194A1949D25A02A807F0E8
:10E130009BF8DCE70A1F0020091F002002B4010839
:10E1400036B4010800230020FE220020071F002013
:10E1500014B4010834050020A08601003CB4010875
:10E1600023B401082C0500202CB401082E05002042
:10E170002D050020D6D4010849B40108081F00204D
:10E180003BB50108C4C4010808B401083AD5010828
:10E1900057B4010810B58022002102480CF094F910
:10E1A00010BDC0465908002070B5094E05003478EE
:10E1B000072C0CD8002C04D108220A2105480CF0A9
:10E1C00083F9132D03D0631C3370024B1D5570BDB2
:10E1D000531F0020D003002030B500232D25074C0D
:10E1E0000748E25C29000A2A01D03032D1B2C1547A
:10E1F0000133082BF5D10023037230BDD00300207A
:10E20000EF21002070B5041E0D4D08D1010005203E
:10E21000F5F7BEFF2B782100012B0DD170BD012138
:10E220000520F5F7B5FF2B78012BF7D0054B197BAF
:10E2300001394B425941C9B20620F5F7A9FFEDE774
:10E240005E1F0020801F00200122024B1A70024B2B
:10E250001A707047EA210020651F0020F0B5764B48
:10E26000ABB01B780590002B00D0B2E0734C0327B5
:10E27000A38C002B00D102370021714B5956002985
:10E2800030DB704B1B78012B2CD06F4B6F48CA01D1
:10E29000D21803780133DBB20370012B06D90023B7
:10E2A0006B4D03702E78013373402B70684B1B78D5
:10E2B000002B00D18FE07F2000238446654E654609
:10E2C000D05CA843F55C2843D0540133072BF6D12A
:10E2D0000426614D013107230020AE62C9B2F6F772
:10E2E000AFFAAE61637E002B03D05C4B1B78002B32
:10E2F0006FD1544B1B78052B6BD1594B1B78012BDD
:10E3000067D0584B1D78002D63D14F4BFA01D318BD
:10E310000393059B002B09D0802203990AA80CF0D7
:10E3200002FA8022290003980CF0CEF8F6F7CAF81A
:10E330004D4A4E4B12684008128E9C56A03C241841
:10E3400024B223005D3353DA0026230002968D3376
:10E3500005DB200006219330F4F776FBC6B27B1E66
:10E36000DBB20493221C353401DD414B1A88414B4A
:10E3700012B21C78002C49D03F4906A806F074FF61
:10E3800000228821049B06A8FFF7F6FC029B002BC5
:10E390004FD13200394906A806F066FF0022A621B7
:10E3A000049B06A8FFF7E8FC029B3E209A19D2B214
:10E3B0000D23F9B2FDF7A2F9059B002B09D08022AD
:10E3C00003990AA80CF0F6F9002802D03800F6F7F5
:10E3D0008AFA2BB0F0BD7F208446294E6546D05C7A
:10E3E000A843F55C2843D0540133072BF6D16FE7DF
:10E3F00025005D35282D00DD2825EDB20A212800F5
:10E40000F4F798FAC3B209260293A8E71D4B1E49F8
:10E4100006A806F029FF0122084B9B8C00922832A7
:10E42000002B01D023001922022106A8FFF794FD3A
:10E43000ACE72A001549AEE7E0070020801F002066
:10E44000E62100204E1F0020E51A0020E5210020D3
:10E45000E42100206BC8010800040050611F002067
:10E460005E1F0020371F0020701E00201C000020AF
:10E47000D0B201081F23002062B401086EB4010865
:10E4800064C801088FBC010866B4010872B40108B1
:10E490000022F0B5814BA5B01B780F93804B1A700A
:10E4A000804B1B785BB2934201D1FDF70DF9FFF76A
:10E4B000ADFD7D4B1B78002B46D07C4B1C78002C8F
:10E4C00042D18026FFF7A2FDB60079486F220019DD
:10E4D00000218034774D0BF0F7FFB442F5D1C02016
:10E4E0000A2204262024744B40001978013231435B
:10E4F0001970195CD2B2214319540133762AF4D130
:10E500000B240126220033000A212800FFF712FD08
:10E5100022000134330075212800E4B2FFF70AFD20
:10E52000252CEFD108237622092164480093063B6D
:10E53000FFF7DEFB0623762209216148FFF71CFC6A
:10E54000F6F7CCF925B0F0BD5E4C0320A38C002B70
:10E5500000D10230FFF742FD5B4B1B78002B00D14E
:10E5600097E0237B0593594B08940993584B0B93E1
:10E57000002300210493534B03919A8C8A4205D0C7
:10E580000F99002902D10499890003915B7B0C93B8
:10E59000039BDB010E930E99464BCB180A93002A7E
:10E5A00000D0A9E0059B04998B4201D101F095FAB6
:10E5B000089B02330893099B483309930B9B013353
:10E5C0000B93049B002B66D03E4DAB8C002B0DD1E2
:10E5D000404B1B68002B09D03F4B1B78FF2B05D00D
:10E5E00006232E22022115A8FFF7E6FB2C4C2378E8
:10E5F000002B28D1FDF7ACFB384A030012780490B9
:10E60000002A01D100F0D6FE09232370AB8C03242D
:10E61000002B00D10234324B1A78013AD2B2052ACB
:10E6200001D900F0BDFE2F4B9200D558214BE001DF
:10E6300080220021C0180BF047FF7F220221280012
:10E64000E3B2FFF709FC154C2378002B01D007F04B
:10E6500049FE1C4B9B8C002B00D071E7224B1B7892
:10E66000002B00D06CE72378002B00D068E7059BD7
:10E670001E4A002B00D01E4A1E4915A806F0F4FDC4
:10E680007F23062200936B21002315A809F036FD95
:10E6900056E7637B66E701236BE7C0460B1F00204C
:10E6A0004E1F0020181F0020061F0020021F002000
:10E6B0006D1B0020E51A00206F1B0020A9B4010883
:10E6C000B5B40108801F0020F01E00201420002097
:10E6D000A822002044080020080000202B1F002052
:10E6E000B107002004C80108161F0020C5BC01089E
:10E6F000F3BA01082EB501080F9B002B01D101F0E0
:10E70000E6F9059B049A934200D051E70C9B049ACA
:10E71000C249934201D101F049FA07220A980CF04C
:10E7200002F8099B1B681F68BD4B1B780793012BE0
:10E7300000D039E1059B049A934200D0BCE10399D3
:10E740002122079B002900D11A0000930A210023EF
:10E75000B448FFF701FCB44B049A1B7B934200D0F2
:10E76000B8E0B24B1B785BB2002B00D1B2E0FDF7F2
:10E77000EFFA041E00D0ADE0AD4B1B780693012BE1
:10E7800000D8A7E0AB4B18211878069B1830C01AA8
:10E79000F4F756F91823069A0D919B1A1293129BBF
:10E7A00000209C423DD30D9A069B94461600183BD0
:10E7B0001B19DBB21193069B9F4D634410939F4B33
:10E7C000139318213000F4F73BF9139B4900CB5AFF
:10E7D000002B04D01A1CAB4200D92A1C95B2109B06
:10E7E0000136B342EDD10D9B11989C46182160442F
:10E7F000F4F726F9914E49008B5B181E11D08E4A12
:10E80000002095420DD0AA1C93420ADD581B052317
:10E81000584330211830F4F78DF8052800D9052029
:10E82000C0B21BABE0540134182CB8D12220002117
:10E830000A9BDD1D12ABC0184E1C002900D13FE120
:10E84000002342789C46182E00D03AE18378069344
:10E850001300069C23436446234301D101F02DF9A4
:10E86000069B01335B009B1863449B0801D101F0B8
:10E870002BF9DBB200290FD00024A446012901D0D6
:10E8800001788C46069C52000234121962449208A8
:10E890002024D2B2002B13D00624E31ADBB21900D5
:10E8A000002A09D0A11AC9B28B4205D81A1C8B4282
:10E8B00000D20A1C1900D3B20024994200D803E107
:10E8C0007F222B780130934323432B700135182E80
:10E8D00000D0F3E00024554B1C57002C04D0524BC1
:10E8E000049A1B7B934216D03800FDF75FF900288D
:10E8F00011D0099B1B7E012B0DD1FDF729FA0028B1
:10E9000003D04F4B1B68BB4205D00A9807224D49E4
:10E9100018300BF008FF089B1A888023DB009A420E
:10E9200000D3EEE0484B1B78002B07D03E4B0499F8
:10E930005B7B8B4202D1002C00D1CCE043490132F9
:10E9400015A806F091FC0121039B5A1CD2B215A810
:10E9500009F038F80B9B1B780693002B00D1E7E0F9
:10E96000062B00D960E1069A6B46940008221B7BB7
:10E9700023210092002236482058FFF7B9F953E1CD
:10E980000023336001F0F3F8049B03215A42130083
:10E9900008220B4000920139002215A8FFF7A8F9C0
:10E9A00001222C4B1A7003E6FDF7D2F91E4B00280A
:10E9B00064D01A7B0499284B8A4275D10B9A12783D
:10E9C000002A71D101211970244B1A70244B039A2B
:10E9D0001A701B4B1F60234B1B6834331B788B4210
:10E9E00016D1214B214A12789200D15815A80BF06C
:10E9F00092FE039901232122002900D11A000093DD
:10EA00000A21002315A8FFF7A7FA02230793A2E61D
:10EA10001749022BEAD0174B174AE4E735B501082E
:10EA20005E1F002094B40108801F0020181F0020E2
:10EA30009404002095040020FFFF000096040020AD
:10EA4000E02100203CB50108531F0020C2B301089B
:10EA500028C801084E1F00200D1F00200C1F002099
:10EA6000E6210020701E002058C801082A08002056
:10EA7000CBB4010844C8010829080020BB4A126829
:10EA8000BA4210D19B8C002B0DD00021B84B212213
:10EA900059560123002900D11A00009308210023B0
:10EAA000B448FFF759FAB44B1B785BB2012BACD1D9
:10EAB0000222B14B1A70A8E70023A7E73100BBE69A
:10EAC0000A00C3789C46C1E601228A400131144302
:10EAD000E4B2C9B2F1E607231A00A848A84C815C49
:10EAE0000A2902D03031E154013B013AF7D22D21FD
:10EAF000A34A002B02DAA34AA34921E7D154013BE0
:10EB0000F7E7A24BD318062B00D923E7099B013264
:10EB100019689F4B0868D2B29E49984200D99E4915
:10EB200015A806F0A1FB039B02215A1CD2B20EE7E6
:10EB3000089B1888994B1B78002B35D0934BC31832
:10EB4000062B31D8964B049A5B7B93422CD1904D87
:10EB5000FFF742FBBD42924152420332030015AC23
:10EB6000801800908F49200006F07EFB6B461E7BCC
:10EB7000AF4210D81320731C12AD069A40197121B0
:10EB8000DBB2FFF7F9F8069B320020212000E37189
:10EB9000FFF782F90CE508232021009320003300C1
:10EBA000069AFFF7A5F803E57F4B1B78012B06D1EA
:10EBB000059B049A934202D1099B5B681F688023DE
:10EBC000DB00984200D363E1754B1B7F002B22D101
:10EBD000FDF778F903787F2B6ED84578192D71D819
:10EBE0006DD0002D6ED0714B6C1EA400E418200077
:10EBF00009F0E6FB002858D06D492A0015A806F058
:10EC000033FB752115A86B461A7B7F2302310093D5
:10EC1000002309F073FA674BDB7F012B77D054D9BF
:10EC2000023B012B00D881E0079B012B00D162E160
:10EC3000002415AB1C70604B1F78A74200D085E103
:10EC4000574B049A1B7B934201D1002F01D1099F9E
:10EC5000103F5A4B1B78002B00D0BAE13B003433F5
:10EC60001C78002C00D099E1079B012B00D080E19B
:10EC70007B691BAA10001979514B70CB70C01B68BF
:10EC80000360494B1B78032900D97DE18800855832
:10EC9000012900D079E17A691279012B00D06AE16B
:10ECA000012A00D073E1474D71E14749220015A8C0
:10ECB00006F0DAFA7121A5E775214448A3E771212E
:10ECC0004348A0E7712143489DE715AC2100380077
:10ECD000FCF79CFD6B461D7B2D4B9F4210D81320EB
:10ECE0006B1C12AE00227121DBB28019FFF744F8D1
:10ECF00000232A0020212000E371FFF7CDF893E7DD
:10ED000008230022009320212B00200035E6089BD9
:10ED100031491A8815A8013206F0A6FA08226B4676
:10ED200024211B7B0092002215A826E6089B15AC27
:10ED300019882000FEF7C2FA2378002B06D1089B21
:10ED400020001A882449013206F08EFA6B46194ACF
:10ED50001C7BD27F124B022A40D1002212AB9A7543
:10ED60000823212100932300DEE7C046E021002094
:10ED7000E6210020CFB401080D1F0020D0030020A1
:10ED8000EF210020F3210020D2B4010800FCFFFF96
:10ED9000FFE0F5057DB4010878B40108531F002099
:10EDA000801F0020D7B401085E1F002044220020ED
:10EDB00073B40108821F0020030000200B1F0020F5
:10EDC00028B2010888B40108DCB4010881B4010844
:10EDD000A4B8010884B40108BFB301089A8C002AC2
:10EDE00026D112AB9A7508232121009315A8230080
:10EDF000FEF77EFFD04B9D8C002D32D115AE310039
:10EE00003800FCF703FDE31CDBB20D93CB4B9F42B4
:10EE100020D813200434E3B212AC2A007121001967
:10EE2000FEF7AAFF2B00202130000D9AF57164E750
:10EE3000059B049A934206D123000022242115A8A1
:10EE4000FFF70AF8D6E723000022242115A8FEF7D1
:10EE500093FFCFE708232A000093202130000D9B69
:10EE60008BE53800B649F3F7EBFD38000D00B449E7
:10EE7000F3F760FD013402002B00B24915A806F03B
:10EE8000F3F900222421E3B215A8FEF775FFCBE6C3
:10EE900015AC21003800FCF7B9FC6B461D7BA74B75
:10EEA0009F421FD813206B1C12AE00227121DBB2CF
:10EEB0008019FEF761FF00232A0020212000E37162
:10EEC000FEF7EAFF089B1888FCF7FCFF182302787E
:10EED0001A4200D1A8E60A9806229B4978300BF026
:10EEE00022FCA1E608230022009320212B00200011
:10EEF000FEF7FEFEE6E7954B1B6829331C78002CD5
:10EF000021D10024924B1C57002C00DA90E6062CED
:10EF100000D9062400263E278E4D0E9B5D198E4B90
:10EF20001B78002B05D00623FF279B1B9F407F23C8
:10EF30001F4028000222390001360BF0C5FA0335C4
:10EF4000B442ECD274E6013C64B2DDE7834B1B783B
:10EF50001F1E00D174E6824B1B785BB21F1E00D1CE
:10EF60006EE6FCF7F5FE2700002800D068E67D4F2E
:10EF700066E63B697DE6012A0ED13B697A4D1B7935
:10EF8000012B09D1794D07E0794D012B04D1059B67
:10EF9000049A774C934205D0764C03E0754BA4005D
:10EFA000E418734D079B012B15D17A691379012B56
:10EFB00013D0991E012900D9F8E06F49022B00D027
:10EFC0006E4952796E4B5200D25A15A806F04CF990
:10EFD00017E06C4CE5E73A69E8E752796A4B520072
:10EFE000D65A0A213000F3F72BFD30008BB20A21EC
:10EFF0000793F3F79FFC654982B2079B15A806F0BB
:10F0000033F90026544B1B78002B00D1E8E0039B1A
:10F0100000220133DBB2B42128000793FEF7ACFED7
:10F02000079B002282212000FEF7A6FE424B9B8C0C
:10F03000002B25D1564B1B78002B21D1002E05D15A
:10F0400032000221063315A8FEF796FEBD8B64211F
:10F050002800F3F76FFC4F4B84B29D4200D9B9E012
:10F0600064212800F3F7ECFC22008BB215A84A4972
:10F0700006F0FAF8062300222E2115A8FEF77CFEE2
:10F08000069B002B01D0052B2CD13B0029331A788D
:10F09000072314001C401A4200D0CFE001252C4B5E
:10F0A0001C782D4B3D491B78002B00D1CAE015225E
:10F0B00028311BA80BF037FB03226243039B1BA9DB
:10F0C00001338818DBB20022AA21FEF755FE262064
:10F0D000002D07D00A9B0322181801303049FF3059
:10F0E0000BF021FB3A68BB689A4200D1D8E07B1C48
:10F0F000D87FAC239B031B932A4B1C932A4B1B6882
:10F100005A1CD27F002A03D05A699A4200D1AFE03C
:10F110000321F3F795FCC9B20F4B1A78002A00D1EE
:10F12000AEE049001BAA50180022BC21039B01330A
:10F13000DBB2FEF721FEB3E0801F0020FFE0F50503
:10F14000A0860100E1B4010821B20108701E002070
:10F1500058000020E71B00201F2300208C04002003
:10F16000181F00203804002088B40108A5B4010845
:10F170003BB501081CC801085CB40108AEB5010824
:10F180003AD501088CB40108D6D40108EBB40108C3
:10F19000161F00200F270000F1B4010810B201086B
:10F1A00044B501082D004400541F0020BE8B64218B
:10F1B0003000F3F745FC30008BB264210793F3F77E
:10F1C000B9FB0A2682B2D049079B15A806F04CF875
:10F1D000764217E72200CD4915A806F045F849E721
:10F1E000002D0ED02B78002B0BD0039B3122002B4F
:10F1F00000D1203A01233421009328000023FEF798
:10F20000ABFE2378002B0BD0039B3122002B00D1C7
:10F21000203A01230321009320000023FEF79CFEE7
:10F22000039B44363122F1B2002B00D1203A012356
:10F2300015A800930023FEF78FFE21E7013C00256F
:10F24000E4B22EE723223D311BA80BF06CFA052314
:10F2500063431BAAD018039B3122002B00D1203A14
:10F260000123182100930023FEF776FE13202FE7D9
:10F270003B002B331B78002B00D049E703214BE7E1
:10F28000032953D1039B3122002B00D1203A0123C3
:10F290002A2012AC00932B2100230019FEF75CFEFC
:10F2A0009B4B1C783B002B331B78002B09D09948D3
:10F2B000002C43D0039B00220133C121DBB2FEF7B7
:10F2C0005BFD2D373B780025012B01D1924A157843
:10F2D000ED181BA8914BAD00002C3BD00200603311
:10F2E00052CB52C2039B00220133D0214059DBB2E2
:10F2F000FEF742FD0C9B049A934201D0FFF758F9A8
:10F30000874B1B78002B36D0864915A80BF003FAE3
:10F310007F4B1B78002B35D0039B00220133E22169
:10F32000DBB215A8FEF728FDFFF742F9039B490061
:10F3300001331BA84018DBB2A921FAE6039B312256
:10F34000002B00D1203A0123302100930023FEF747
:10F3500003FEB6E702006C3352CB52C2039B31224C
:10F360004059002B00D1203A01235B210093002358
:10F37000FEF7F2FDBEE76C4B6C49DA7D15A805F08F
:10F3800073FFC5E7039B3122002B00D1203A0123F4
:10F390006E21009315A80023FEF7DEFDFFF708F9A4
:10F3A000634B644D1B78002B01D0FFF73FF9624D92
:10F3B000FFF73CF9049A002A00D0DBE25F4A12789A
:10F3C00052B2002A00D1D5E25D4A1278002A00D05C
:10F3D000D0E2022323705B4B1B8808938023089A9A
:10F3E000DB009A4207D3584B1B68002B75D1FCF702
:10F3F0006BF9FFF728F929352E78731E182B00D9E1
:10F400001926524B524A19780023994202D010789B
:10F41000013343404F480478002C00D1B6E04E4CF5
:10F420002478002C00D1B1E04C4C2478B44200D0B8
:10F43000ACE0002B00D0A9E0494B1B78002B00D09A
:10F44000A4E01170474B1F88002F01D1FFF7FBF894
:10F450000021454A344B1578444A1268D08B8D42BE
:10F460000BD080229C8DD2001600944200D2ECE09A
:10F47000DC8D944200D2ECE00D00002213003C4CE5
:10F480000394039EDC08345D07261E4034410126A8
:10F49000344203D0921992B2984206D080240133AC
:10F4A0009BB2E400A342ECD10022324B002903D1ED
:10F4B0000392002A00D0D6E01A88131C002A00D13B
:10F4C00001239BB20393002D00D029E100212B00E2
:10F4D0000D000493284B069356E1284A1D4D1068F1
:10F4E000224A2E7812681C4C918B002E00D0BDE071
:10F4F00001262E7000252570214C2360214B1860B9
:10F50000214B1960C5E0C046F1B40108FAB4010806
:10F510001F23002036B901082808002010B2010876
:10F520004C080020FEB40108801F002003B501082C
:10F53000B207002097B401088FB40108181F0020FB
:10F54000611F00204808002044080020B307002065
:10F55000EB210020EE210020DD210020DC21002015
:10F56000EA210020EC210020AA1F0020701E0020AC
:10F5700050210020E8210020C6B50108C804002061
:10F58000D8210020D4210020D021002000250127EF
:10F590002C00574B11701F70564B802200210770B2
:10F5A00055481E700AF090FF8022002153480AF04F
:10F5B0008BFF534B1D802000FCF784FC0390002838
:10F5C00037D0072203781340934232D04378192E64
:10F5D00020D1002B2DD00723380023409840030072
:10F5E0004549E208885C03438B54039B6A1C1B78E3
:10F5F00092B27F2B08D90723E8081D403B00AB409F
:10F600003E490D5C2B430B543D4915000B880133DB
:10F610000B800EE0192BDED0B3420AD1394A3A4BA7
:10F620001278002AD7D09A8DA24202D0DB8DA34255
:10F63000D1D180230134A4B2DB009C42BBD1002293
:10F64000324B1A70324B1A80FCE60121A04200D1E5
:10F6500013E7DB8D0021B34200D30EE7C31A5A42F1
:10F660005341590009E7039A1A802CE72678002EA7
:10F6700000D03DE7274E3668B34200D038E7264E2B
:10F680003668B04200D033E7244E3668B14200D02D
:10F690002EE7204B1C68002C01D1FEF7D4FF1E4B37
:10F6A0001B680393A34201D2FEF7CDFF1B4B1D68DD
:10F6B000002D00D10135039B2900181B1668F3F7B4
:10F6C00039F9471C013000D101272000B44203D88A
:10F6D0000398B04200D930002900001BF3F72AF943
:10F6E000431C0393BB4200D903970125EEE6C046B5
:10F6F000DD210020DC21002050210020D02000202E
:10F70000EC210020AA1F0020801F0020EA210020F9
:10F71000E8210020D8210020D4210020D021002081
:10F720000126BC4B8E401B7803241A005809DB06C7
:10F730005B0F33432240DBB2002804D00138C0B253
:10F740001900002811D1210001200132D2B2022A71
:10F7500000D900221C00D440044200D0D3E001397B
:10F76000C9B20029F1D10A00062089004001AA4B44
:10F7700001431143C9B20693002A05D0A74B069353
:10F78000A74B012A00D1A6E6A24B3A00197000202F
:10F79000A44905F069FD0399C3B20091A24A18215A
:10F7A000C4B201971BA805F049FFA04B9B8C002B0E
:10F7B00000D1AAE00323192609930123E400009352
:10F7C0003200002302211BA8FEF7C6FBE3B200248F
:10F7D0000793A54223D00B33DBB20A93079B0A9D04
:10F7E0001233DBB20B93B31D0C93340000232200C1
:10F7F00029008F48FEF79EFB01340C9BE4B2A34224
:10F80000F4D101350B9BEDB2AB42EED101233200B6
:10F8100000930A9900230698FEF79EFB0B24854B64
:10F820001B785BB20A93079BE4187D23E4B22500A2
:10F830000B34E4B21B1BDBB209355E1E3000EDB2A7
:10F840000693012F0BD00398B84200D93800002846
:10F8500000D1013001387043791EF3F76BF8039043
:10F86000B04200D903960C201226099B704AD90198
:10F87000531858555D196E701D007D352E7000258A
:10F880007E3318706C4B09191B88079709938B18E6
:10F890000B93069AEBB29A4201D8FEF7D4FE079B6F
:10F8A0000699D81BF3F746F80699441C0798F3F716
:10F8B00041F800231A0003998D425A410A99D2B2A5
:10F8C000013103D0039AAA425B41DAB22300844299
:10F8D00000D2030080210898C90088422BD2002C56
:10F8E00000D1013409998B4200D90B009C4205D804
:10F8F000013C5248A4B29BB2A3420AD12D23002A54
:10F9000012D10C3B10E000212EE705232926099394
:10F9100053E70726E108415C2640314101260134C6
:10F92000A4B23142E8D021230B9A5355079B0135ED
:10F93000DB190793ADE704990029DFD0201E00D121
:10F9400001208342DAD3802149028C42D6D28B42F5
:10F9500000D33B4B3B493C4C09788C460021614528
:10F96000CCD02688B04201D8B342DCD20131C9B232
:10F970000234F4E7354A1278002A07D0344A127864
:10F98000012A03D104232370FEF75DFE002B09D06A
:10F99000304B187800280DD105232370FEF75EFC4C
:10F9A000FEF751FE2A4B1B78002B03D0052B01D00C
:10F9B000FEF749FE284B1B78002B57D0274E337893
:10F9C000002B53D0264B1B78002B4FD1214B1B789B
:10F9D000002B4BD13000F2F77DFF224B1B78002B20
:10F9E00001D0FEF7AFFD073323700C2800D20C20A6
:10F9F0000C3832181C4915A805F036FCAA8C0523D2
:10FA0000002A01D003230022022115A8FEF7B4F931
:10FA1000FEF719FEE7210020C6B50108A2B40108CF
:10FA20009FB4010891B6010809B50108801F0020A4
:10FA3000E51A0020181F0020EC210020D020002013
:10FA4000FFFF000016050020CC0400201607002050
:10FA50005E1F00200B1F0020140700203A1F00200B
:10FA6000611F0020371F002011B50108514B1B7882
:10FA7000002B01D1FEF7E7FD4F4B1E78002E01D081
:10FA8000FEF760FD082323704C4B1F883800FCF7FD
:10FA9000B3F9642105003800F2F7D2FF38008CB2C8
:10FAA0006421F2F747FF230082B24549009515A86B
:10FAB00005F0DAFB03233200A6E72024002901D059
:10FAC000FEF7DAFEFEF7FCFE0123FEF7D3FE059BF0
:10FAD00004998B4201D1FEF719FE3A4E3368002B90
:10FAE00045D0059B384F5B00DB5B38495B18062B24
:10FAF00001D9FEF745FF53425A416B4603241D7B53
:10FB00000823524214402C19E4B200220721304845
:10FB100000932300FEF7ECF8306815A9FBF776FE9A
:10FB200023000022382115A8FEF726F9294B15A934
:10FB300018680134FBF76AFEE3B20022382115A8E9
:10FB4000FEF71AF9BB8C002B11D0234B1B78FF2B2F
:10FB500001D1FEF72DFD0235EBB23022062115A8AA
:10FB6000FEF72AF9BB8C002B01D0FEF721FD1B4BC1
:10FB70001B78002B14D01A4A1A4915A805F074FBFB
:10FB8000114B9A8C002A01D0FEF7FEFE08230221B9
:10FB9000009315A8033BFEF7ABF80122124B1A7035
:10FBA0000C9B049A934201D0FEF7BBFD0F49FEF770
:10FBB000B4FDC046681F0020371F0020661E0020CD
:10FBC00019B5010844080020801F002000FCFFFF39
:10FBD000C0B40108C804002008000020161F00203F
:10FBE00033080020C7B401084E1F002048B50108A3
:10FBF000044BFF201A784D2A03D8034BD2009B18E0
:10FC0000D8797047751F002084C1010830B587B0CE
:10FC1000FFF7EEFF4C2800D988E0F2F781FE4D0097
:10FC200052006100670067008D009C00A500AB00DA
:10FC3000F400B000B500C101BA004B01BA00FB00EE
:10FC4000C100C500CD00E200D700DC00E500F100F6
:10FC5000F800FE000101060109010C010F0112016B
:10FC600017011B011E0121012501870087003501B5
:10FC700029012C013D01400143017D003A0146016B
:10FC80007D0058015B018201850188018B018E0195
:10FC90009101940197019A019D01BB01A001B1015D
:10FCA000B401B7016601A3015E016A016A016A013C
:10FCB0006A016A016201BE01BC4ABD4BD27D1A6075
:10FCC00034E0BC4BBC491B680833DA7F0023C85CB6
:10FCD000904203D00133182BF9D10023B44A38E005
:10FCE000B44BB34A1B6829331B7832E0B14BB3499C
:10FCF0001B680C781A795B79002C05D000230B70F7
:10FD0000AF4B1A78AF4B1B78043841424841511E23
:10FD10004C426141884202D00022A54BCFE7A44962
:10FD2000022A05D80133002AF6D00B6007B030BD97
:10FD30006933032AF9D0EFE79E4B9D4A1B68197B74
:10FD4000022904D00329E7D15B7B693301E05B7BA7
:10FD500001331360EAE7974B1A680023117B0129EE
:10FD6000BCD1537B0133B9E7924B914A1B680133F5
:10FD7000DB7FEEE78F4A8E4B126892699FE78D4BCF
:10FD80008B4A1B682D33AFE78A4B894A1B68333394
:10FD9000AAE7864A8649537B04335B009B5AC4E733
:10FDA000834B894AD27F8AE70023804A917F994218
:10FDB00000D193E7D37FD5E7844B1A787C4B002A98
:10FDC00002D0834A12787AE7824AEBE79021784A98
:10FDD000764B490003E02221754A744BFF315B5C8E
:10FDE000B7E7734B7C4AEDE77C4B7149DB7F5A1ECA
:10FDF00093417B4A5B00D27F501E82419B1894E75F
:10FE00006B4B784ACEE7694A694B127E57E7684BDD
:10FE1000754AD7E7664B754AC4E7654B744AD1E724
:10FE2000644B634A1B682E335EE7614B714AB9E746
:10FE30005F4B714AC6E75E4B704AC3E75C4B704A42
:10FE4000C0E75C4B5A4A1B6835334DE76D4A584B47
:10FE5000128834E7564B6C4AB4E7554B6B4AB1E70E
:10FE6000524A534B928D2AE7504A514BD28D26E786
:10FE70004F4B674AA6E7674B0A211888F2F75AFDED
:10FE80004B4C80B2206051E74A4B494A1B683233E1
:10FE90002AE7474B604A95E7454B604A92E7444B57
:10FEA0005F4A8FE7424B5F4A8CE7424B404A1B68F0
:10FEB000343319E73D4A537B04335B00985A0123DE
:10FEC00000221900FCF706F9394B18602EE7384B71
:10FED000554A77E7364B554A74E7554A344BD28832
:10FEE000EDE69121324A314B73E7304A304BD27EF6
:10FEF000E5E601AC22004F4B23CB23C203CB03C268
:10FF0000FFF776FE4638800003594B4A19780023E4
:10FF10001079884200D1E1E601330832162BF7D17F
:10FF200004E7234B454A4DE7214B454A4AE7204B1E
:10FF3000444A47E71E4B444A44E71D4B434A41E7C6
:10FF40001B4B434A3EE71A4B424A3BE7184B424A97
:10FF500038E7174B414A35E7154B414A32E7144B16
:10FF6000404A2FE7134B1B6834331A78104B012A91
:10FF700001D13D4A26E7022A00D1CDE63B4A21E7DE
:10FF80000B4B3B4A1EE70A4B3A4A1BE7074A084B12
:10FF9000527F94E6064B384A14E7054B374A11E77F
:10FFA000044B034A1B6828339EE6C046801F00208E
:10FFB000701F0020541F002023BD01082C050020C5
:10FFC0002D0500202E050020871F00202708002077
:10FFD00026080020881F0020CC070020861F002054
:10FFE000851F0020811F0020A81F0020821F0020E5
:10FFF000BE1F0020831F0020C21F0020C71F00203B
:020000040801F1
:1000000016070020CA1F0020A91F0020AA1F0020D9
:10001000FA1F0020F01F0020191F002014070020E5
:10002000C01F0020C11F0020741F002034040020C6
:100030001E1F002088B201085CD601085200002073
:1000400058000020F31E0020FC1E00200E1F002080
:100050002A00002058080020B90700202023002093
:100060001F230020030000202A0800202908002068
:1000700028080020FE1F00205F1F0020E10700204D
:1000800010B50024084B1B78A3420BD1FFF7B0FD3D
:100090000F2807D1054B1B78A34203D0044B1C68E3
:1000A000E443E40F200010BD321F00201C23002079
:1000B00018230020F8B50500BE20414A80001388AF
:1000C0005188404C5B189188D2885B189B189B1014
:1000D00058433D4B2678D988F2F7B6FC3B4A83B2A9
:1000E00013803B4A934228D907232370394B1F784A
:1000F000012F05D1FFF77CFD2E2801D1364B1F7053
:10010000FA21364B364F1B883A7849008B4238D853
:10011000002A04D00122334B1A702F4B1A7000238F
:1001200020783B70B04242D000222F4C022833D9B5
:1001300022700122284B1A7036E02C4A93420DD8C7
:1001400091212B4A4900525C012A01D80023CCE7B7
:10015000962189008B4201D2022AF7D0012380B276
:100160002370FBF749FEC0B206234B28BDD80523F8
:100170003228BAD804231928B7D80528B6D90323BA
:10018000B3E7002A06D1174B01321A70124B1A70CE
:10019000F4F730FD0123C3E7164B022808D00122F3
:1001A0001A702378002BC4D00022134B1A80F8BD9C
:1001B0001A70002DF5D0114B1978FDF763FDF0E7AB
:1001C000781F0020671F00201E1F0020661E0020D1
:1001D0007A030000371F0020601F0020BC20002091
:1001E000681F0020651F0020021F0020750200000C
:1001F000801F0020061F0020041F0020031F002076
:10020000F0B5A9B0FFF7F4FC0390FDF7FFFE302234
:1002100037230021100007F03DFB02234021AA4AAA
:10022000D1540233322BFBD1A84B1C78A84B1D783C
:10023000AC4231DAA74BA8481B78E6003618002BF1
:1002400000D088E0631E00D26B1E0022DB0011008C
:10025000C0180123FDF790FD082300223000009311
:100260001100063BFDF744FD601C854200DC0020C8
:100270000022994BC000C01811000423FDF77CFD3B
:100280002B009649621C18A804F0EEFF06230022FA
:10029000190018A8FDF770FD5021002304AA521878
:1002A0001370303904AA52181370F4F7A3FC039B9F
:1002B0004C2B00D9A5E01800F2F732FB56006B007A
:1002C00083009100EC009100EC000001360149032D
:1002D000CD0177066806240224027402B7034303A3
:1002E000CF01D7012002F301F301470377065F0333
:1002F0000902BD037706B9035A00770620022402DB
:10030000BD03770624022402D903E203ED03770636
:10031000EA037706F103F303F503EF030302EB05AA
:10032000EE057706270643064C064F064F06520693
:100330005F067A067D067D067706800609070C07AC
:1003400029071D06E206FD052006200620062006D8
:1003500020061A06220208230093002330001A0008
:100360001900FDF7C5FC8BE75D4B5E491A6845E057
:1003700005215B4A5C4B126818A89A5C0824D307D5
:10038000DB170B405208594904F06EFF0026042386
:100390000FE3534A56491268564BD2B28A5C642125
:1003A0005200D55A2800F2F74BFB28008CB264218A
:1003B000F2F7C0FA504982B2230018A804F054FFA3
:1003C0001FE0474B4D491A68002A0DD0551E4C4C72
:1003D0004C48AD0092004C492B591258EDE7404B68
:1003E0001B68002B03D1494918A800F059FE484A60
:1003F000682B4ADC013B5B00D25A464918A804F03E
:1004000033FF502204AB9B181B78002B00D1B6E0C1
:1004100018A8F2F75FFA00230600411E0125180014
:1004200018AAB34201D000F075FE032D01D800F0E8
:100430007CFE072D00D90725012303270493002400
:100440006B08FF1AB44200D399E0002D00D196E06A
:10045000049A18AB1819FBB2002A01D100F06AFE09
:100460007F223221FDF788FC18ABE25C1F2A01D9FC
:1004700000F068FEB44201D300F069FE1A5D1F2A45
:1004800001D900F064FE0134F4E7693B5B00D25A05
:100490002149B3E7124B1B68002BA4D01F4A013B34
:1004A0005B009D5A0A212800F2F7CAFA28008CB294
:1004B0000A21F2F73FFA1A4982B27DE7194B084A3E
:1004C0001268920000F01EFD631D0020751F0020C1
:1004D0006C1F00201C23002084C1010885B5010881
:1004E000701F00202CB60108FAD301088DB5010851
:1004F00023BD01082CBF010896B50108A1B501086C
:1005000090C70108ACC70108A6B5010884B401086A
:100510003AD501085BB40108ADB50108D6D401088D
:100520004FB4010884C70108CB4B1B78002B04D0C3
:10053000CA4B1B78002B00D087E0C94BC9491D6806
:10054000EB17E8185840F2F765FB28000C00C54986
:10055000F2F77AFA23000200C349082418A804F02D
:1005600083FE012318A87F2232210094FDF7C0FBEF
:100570000323BE4800947F223221FDF7B9FB039B81
:10058000033B012B01D900F0E9FDB94B1B78002B8F
:1005900007D008237F2200933221B648043BFDF7A1
:1005A000A7FB039B042B01D000F0E2FD0124AC4B20
:1005B0001B68002B01D000F0DEFDAF49002C00D0FD
:1005C000AE490CA80AF0A7F80CAC2378002B23D076
:1005D0002000F2F77FF900281ED00723584301308E
:1005E0004D2801D900F00BFE47331B1A5B0832334C
:1005F000DBB23321322B0BD07F22121A111CD2B264
:10060000332A00D23321CAB29A4200D9191CC9B286
:100610000122200007F0D6F9039B312B02D00D3BBD
:10062000022B0ED8964B1B78002B0AD09548012B35
:1006300000D1954808237F2200933221033BFDF728
:1006400057FBF4F74BF929B0F0BDFDF7C5FD8F4915
:100650000200C31C81E78E4B31E7814B8D491A683C
:10066000002A00D0CAE68C49C8E67D4B1C68002CE5
:1006700000D1B8E63C2C12DC05203C216043F2F7A7
:10068000C9FA20000D000C21F2F7DEF92B00020060
:10069000824918A804F0E8FD3C24012677E6804949
:1006A000A2E66F4C7F49226818A804F0DDFD6A4B72
:1006B0001B78002B00D1A4E62068C0B2F3F75EF9E6
:1006C0009FE6674B1968784B8900C9188CE6644B24
:1006D0001C68002C00D186E60F203C216043F2F715
:1006E00099FA0B000321E2176C480A401219010025
:1006F000921018A804F0B8FD2824CEE76B4BDEE674
:100700006B4BDCE68023564FDB003868984204D1FF
:10071000684808230093063B2DE7002280B21100B1
:10072000FBF79EFC08263A6818AC0100050092B25F
:100730002000FBF781F800237F2232212000009661
:10074000FDF7D6FA002D21D04D4B1B78002B1DD183
:100750003868320080B2000114A9F3F79FFF149F9C
:1007600040493800F2F76CF938000D003D49F2F7C6
:10077000E1F82B0002005049200004F075FD05232C
:100780007F22322120000096FDF7B2FA344B200080
:10079000196889B2FCF792FD23784848002BB8D03D
:1007A0002000B6E700222E4C11002068082580B2F8
:1007B000FBF756FC22680100060092B218A8FBF76E
:1007C0003BF800237F223221009518A8FDF790FA0C
:1007D000002E00D1D3E620682A0080B2000114A9BF
:1007E000F3F75CFF1C4B149F1A78354B002A01D19C
:1007F000013A1A601E68002E64DA216818A889B2CE
:10080000FCF75CFD502204AB9B181B782B48002B97
:1008100000D018A808237F2200933221063BFDF761
:1008200067FA174B1B78002B00D0A8E638000D495B
:10083000F2F706F938000C000A49F2F77BF82300BA
:1008400002001D4918A804F00FFD08237F22009321
:100850003221033B18A890E61C230020531F0020E0
:10086000701F0020A0860100B4B50108C9B50108B9
:10087000321F002076BB010872B5010873B501086C
:10088000162300207FB5010879B50108BDB5010820
:100890007CC7010891B6010884B40108EFB50108CE
:1008A000C9BB01082CB601081CC801086CC70108A7
:1008B0005CC7010831B4010841B4010820B4010843
:1008C0001823002008237F2200933221AE48063BE4
:1008D000FDF70EFA092EA4DC0024AC4DA64220D070
:1008E000A94B1B5D672B0CD06A2B0AD0E00080B2AD
:1008F00002001D2337323130190012B200B206F067
:10090000C9FF013408350A2CE8D1A14BA1481B7856
:10091000002B00D0A048042300224D21FDF72CFA23
:100920007FE7F00080B202001E2335323330190019
:1009300012B200B206F0AEFF20222B7813432B70C8
:10094000DFE7964B96491A688AE6964BB7E5052687
:100950003000924B3C211C6801346043F2F75AF995
:1009600020000D000C21F2F76FF82B0002008E49D9
:1009700018A804F079FCB32409E5884B8B491C685E
:10098000002C00D130E5502C3ADCFA20FA216043EB
:100990008900F2F73FF90B000321E21784480A406F
:1009A00012190100921018A804F05EFC50240126D0
:1009B0000523804D794ADB01ED1810682A000C23CD
:1009C000363229001370122237310A7042310A7010
:1009D0002A00C0B27A32801BA11B13708001F2F78B
:1009E00033F8212438232D263830C0B2DAB2210062
:1009F000904200D33100E9540133792BF6D100E560
:100A000005252800503C60433C21F2F703F9200003
:100A10000E000C21F2F718F833000200664918A8FE
:100A200004F022FC68245026C2E7644B47E55B4B88
:100A300063491A6814E6594B62491D68192D00D1A3
:100A4000D2E4002D03D1039B1B2B00D1CBE45E4BE2
:100A50006C1EA400E418200007F0B2FC002802D0AD
:100A60002A005A49CAE423002A005949A5E4594BEF
:100A7000594A19780139C9B2FD2907D857499CE468
:100A8000574B584A19780139C9B2F5E75649B5E4C8
:100A9000424B56496AE4564B11E5564B0FE5564B0F
:100AA0000DE5564B0BE53D4B1C68E4B2052C00D917
:100AB000A7E42000F1F734FF060013003B016601B4
:100AC000AD01AD014E4B4F4A4F4918A804F0CCFB85
:100AD00006237F2231214D48FDF74EF991E4002491
:100AE0004B4F08AB06AE009332003800494907ABC4
:100AF00006940794089409940A940B9409F030FE24
:100B0000032823D0444C3B002200102114A804F0F9
:100B100095FD22001021414B10A804F08FFD4049A3
:100B20000CA809F0F8FD03237F22312114A8FDF75A
:100B300023F904237F22312110A8FDF71DF9062394
:100B40007F2231213748FDF717F918E50BAB0093E9
:100B5000354932480AAB09AA09F002FE0328D1D16F
:100B600032787178B078314EA300F3581F789742ED
:100B700005D15F788F4202D19B78834258D00134EF
:100B80000C2CF1D1002455E023230020991C0020D7
:100B90001723002053B501084FB50108701F00202E
:100BA00057B501084CC70108EFB50108CDB50108DC
:100BB000D2B50108E51A0020E7B501083CC70108D5
:100BC0005CB50108A4B801084422002057BC010804
:100BD000FBB50108D41F0020CC1F002007B6010878
:100BE000E61F0020DE1F00200CB6010811B6010828
:100BF00028C701081CC7010804C70108F8C6010876
:100C0000CCB3010819B601081FB6010842C101089A
:100C1000E9C6010825B6010822B60108E0C60108A8
:100C200053B60108D8C601082FB60108D0C4010880
:100C3000002CA7DBE1233C21099A1B0153430A9AAC
:100C400000264A439B180B9A9B18E122D2019D185B
:100C5000DC4B9D424CDC002D4EDB079B089FF618B9
:100C6000002307960493049B059321003800FAF7AC
:100C700089FDB04244DB059B002B00D00796049B06
:100C8000002B00D008970023089F079E0493002E96
:100C900040DD002B00D00796049B002B00D0089766
:100CA0000899C94BA400E358C84A01910096102145
:100CB00014A804F0C3FCE12128000901F1F7C4FEE7
:100CC0003C2106002800F1F7A5FF0191E121280051
:100CD0000901F1F79FFF08003C21F1F7B5FEBC4C7C
:100CE000009033002200102110A804F0A7FC16E7A2
:100CF000B84A0136AD18ACE7B74B013EED18AAE78C
:100D000001230134361A05930C2CAED10024FF18B0
:100D10000493A8E7013C03D201230B24013F049371
:100D200021003800FAF72EFD01233618AFE7AB4952
:100D30000CA809F0F0FCAA4B1E883000FBF75CF809
:100D4000642105003000F1F77BFE30008CB2642195
:100D5000F1F7F0FD230082B2A249009514A804F037
:100D600083FA03237F22312114A8FDF705F891228D
:100D70009D4B52009C5C9D48A400052331212058C6
:100D8000A33AE0E6EC219A489A4C49026043F1F715
:100D9000D1FD994A994B86B29B18994A99499B185B
:100DA000994A0CA89B1A5C4309F0B5FC0A21300053
:100DB000F1F7C0FD0A2180B2F1F742FE30008DB29A
:100DC0006421F1F7B7FDA40B2B0082B28F4914A860
:100DD00004F04AFAA4B203237F22312114A8FCF7BD
:100DE000CBFF0A212000F1F7A5FD0A2180B2F1F71F
:100DF00027FE20008DB26421F1F79CFD2B0082B20A
:100E0000834914A804F030FA05237F22312114A865
:100E100099E68049052C00D17F490CA809F07BFC9C
:100E20007E4E052C00D17E4E0021072501270A00A9
:100E300038001432D3B22A409040C2B29446DB0844
:100E4000784ADB019B182122C8084243B218049259
:100E50000A0000202A400592202913D0049A059CFC
:100E6000125C22413A4003D064461A7822431A7039
:100E7000013001332128EFD10131C9B22129D6D166
:100E8000FFF77DFBC4B2E2087C3AD2B2B25C2C40E0
:100E9000E7E7654BFFF713FB644B1B78002B07D18B
:100EA000634B64491B78013B012B01D8FFF79CFA87
:100EB000614BFFF704FB614B614A1D68484BD088CA
:100EC0001B8829005843F1F735FD86B230006421B4
:100ED000F1F7B6FD30008CB26421F1F72BFD230051
:100EE00082B25849009518A804F0BEF9FFF789FAB4
:100EF0003E4BFFF7E4FA544BFFF7E1FA4F4A534BEE
:100F00001268D200D158FFF76FFA4C4B1C68002CC6
:100F100001D1FFF768FA782C01DDFFF772FA2000A3
:100F20003C21F1F777FE20000D003C21F1F78CFD0C
:100F30002B000200464918A804F096F97824FFF720
:100F4000ACFB3E4B434C1B6843489D0001339A0069
:100F5000FFF741FA414BFFF7B2FA414BFFF7AFFA07
:100F6000364C4049226818A804F07EF93E4B2268AE
:100F70001A70F3F787FDFFF744FA304A3B4B1268CB
:100F800018A89200D15809F0C6FBF2E74822164B88
:100F9000597B4A439B1898331B681868FAF706FE7A
:100FA0003349002801D1FFF71FFA304BFFF787FACA
:100FB000304BFFF784FA304BFFF781FA2F4BFFF7E6
:100FC0007EFAC0467F510100D0C4010838B601083E
:100FD00044B6010880AEFEFF80510100ADB40108A7
:100FE000661E002020B50108801F0020C4C601082D
:100FF00014B601001027000000020000803200201B
:101000000003000059B601080000002060B6010886
:101010006EB601086AB5010865B5010800C501088A
:1010200089C501082D1B0020BCC601081C23002017
:10103000222300207CB6010890C60108701F002002
:101040001E1F002088B6010888C601085CD601086A
:1010500094B6010890C70108ACC7010880C6010812
:1010600070C601082CB601082A000020CCC7010870
:101070009EB6010860C6010858C6010850C601089E
:10108000604B1B6834331B78012B0DD15E4A5F4BDC
:10109000126818A89200D15809F03DFB5C490CA8D1
:1010A00009F039FBFFF7ADF9022B06D1594C18A80E
:1010B000210009F030FB2100F1E7534A564B12683A
:1010C00018A89200D15809F026FB5449E7E7544B81
:1010D000FFF7F5F94C4B1A68002A0ED1514918A8B0
:1010E00009F019FB002426002500F3F7F3F9042387
:1010F000002D00D05DE4FFF784F93F2AF2DC4A4975
:1011000018A804F0B1F83F2401260425EDE7474B69
:10111000FFF7D5F914780A2C03D1994201D901358A
:10112000107001330132FFF77CF90023022704938A
:10113000FFF785F90822322100927732FCF7D8FDBB
:10114000FFF792F90134A64201D0FFF78EF902238E
:10115000049A013D9B1AFF18FFF774F9039B062BB5
:1011600001D1FFF723FA039B052B01D0FFF72CFADF
:101170000024FFF71CFA5A1ED2B2002C21D0312ACB
:1011800034D8002001000500294E0B2D14D8775DBE
:10119000B94211D1013501313229F6D1FF200322A4
:1011A000121BD2B2FF2822D00130009021490CA896
:1011B00004F05AF8FFF708FA9142F0D00130C0B2BB
:1011C000E9E7672A19D82000210025001A4E142DBE
:1011D00007D8775DB94204D1013501316829F6D1CC
:1011E000DCE79142DBD00130C0B2F6E702221349BE
:1011F0000CA804F039F8FFF7E7F90322F7E73323E7
:10120000FFF7FAF9541F0020701F002058C801088A
:1012100048BB0108CBB4010844C80108B1B60108B5
:1012200048C6010884B4010857BC010834C6010847
:1012300012C60108B4B601081EC60108BEB60108F0
:1012400002000020054BD979914205D00130C0B28F
:1012500008334E28F7D100207047C04684C10108EA
:10126000F0B587B0FCF796FF0822002104A809F02A
:101270002BF99C4B9C4D1E789C4B9D4C1B78002B56
:1012800056D0012E48D19B4B1E8876083C21300059
:10129000F1F750FB3C23C2B25B4253439B19964982
:1012A000DBB202A803F0E0FF0622944B944902A8A7
:1012B000FCF7FEFCA37F002B04D00C22914892493E
:1012C00009F031FA2B78002B0AD1904B8C481B780F
:1012D0008F493630002B00D18E490C2209F023FAB9
:1012E000637E002B00D0C5E08B4B1B78002B00D019
:1012F000C3E08A4B1B78002B00D0C1E0884B1B78E1
:10130000002B00D19CE00834E37F09228549002BA3
:1013100000D19BE0844999E0FAF71AFD002807D034
:10132000E126824B36011B885B08F61AB6B2ADE7A0
:10133000052E04D10C2272487D4909F0F4F97D4B49
:101340001B785BB2002B21D1FAF7E6FA00281DD1F9
:101350002B78002BAED1237F002B65D1A31DD87F26
:10136000631DDB7F002B59D0734B1B78002B5FD0A4
:10137000724B12221900002801D00220053A604B5E
:101380001230C0B2C01809F0CEF993E780226C4B3E
:10139000D2001B8893423BD2FAF7BEFA002837D11D
:1013A000230029331F78192F1CD1664904A809F09E
:1013B000B2F90E2623002A331B78002B05D0624990
:1013C00004A809F09BF90436F6B201230022022199
:1013D000009604A806F092FEFAF79EFA002800D0C4
:1013E00068E7B5E7594B7E1EB600F618300006F0E8
:1013F000E7FF002805D13200554904A803F034FF67
:10140000D7E73A00534904A803F02EFF0A26D1E794
:1014100006225149514809F086F9DDE700280BD032
:1014200002200C224E49AAE702200C224D49A6E7D1
:1014300003200A224C49A2E702200C224B499EE7D6
:101440004B4B1B78002B04D009224A494A4809F02B
:101450006AF94A4B4A481A784A4B1978FAF7AEF9B2
:10146000494B1B78012B0ED0022B30D0F3F744FAF6
:1014700007B0F0BD09224549E8E708224449E5E7FD
:101480000C224449E2E7444B1C88FA239B009C420F
:1014900000DB424CA4B264212000F1F7D1FA200015
:1014A0008DB26421F1F746FA2B0082B23C4904A8C0
:1014B00003F0DAFE04A8F1F70DFA0722424330499F
:1014C0000E4B891A04A80622FCF7F2FBCEE7324B3A
:1014D0001888FAF791FC3349020004A803F0C4FE0F
:1014E000E8E7C0465E1F0020E41A00205F1F0020CE
:1014F000801F00205C1F0020C6B60108A2CC010896
:1015000059080020800800206CC40108F31E002048
:1015100060C4010854C40108D9080020250800202F
:10152000270800202EC4010825C401085A1F0020E6
:10153000B8C40108181F00204308002090C4010807
:1015400048080020A4B8010813BA0108442200206A
:10155000DCB4010873B40108D8B6010862080020A1
:1015600084C40108ACC40108A2C4010878C40108FD
:10157000681F00201CC401089F080020031F0020D2
:10158000C8080020671F0020191F00204BC4010855
:1015900043C4010837C40108661E0020E7030000A9
:1015A000D0B601083FBC0108F0B5904D04002B787F
:1015B00085B0012B6BD1012855D18D4B19680029BD
:1015C00000D0AAE0F2F7CBFE00228A4B1A70F4F7A3
:1015D000A3FF894B1B78002B01D004F0D1F9012522
:1015E000864B1D7003F0CEFDFAF7F4FE29000620AD
:1015F000F2F7CEFD824B834F1A78AA4200D195E0D4
:101600003A6832321178042900D9CDE01522CA4057
:101610002A4200D1C8E000221A703B6832331B789E
:10162000042B06D1784B0022FA211B787748F3F778
:101630005DFB774B1B78002B00D1B7E0032B03D168
:1016400001207449F3F7C0FBFA20C000F3F740FA19
:10165000A0238022DB0552009A616F4BFF3A1A707B
:101660006E4B1A70AAE006F041F82C70002C00D0E6
:10167000B7E0F3F71BFA604B1B78002B03D0FA227C
:10168000674B52001A8001225C4B1A70A7E0287049
:10169000052B00D09EE0052825D1624BC8221B787F
:1016A000002B00D1BE3A002401255F4BDB7F534362
:1016B0005E4A13805E4B1C705E4B1D705E4B1C704F
:1016C000F2F742FEF2F770FE21002000F2F760FD13
:1016D0004A4B1D70594B1B78AB4200D17FE0200074
:1016E00003F05EFD7BE0F2F7A9FE0022514B1A7079
:1016F000424B1A70524B1B78934201D1FFF7B0FD59
:10170000002C02D16BE0052CC7D0012C00D154E78E
:10171000022C53D10122484BA3E74A4B1B78002BE4
:1017200000D04FE7012006F04BF84BE7464E002271
:101730001A70464B464D1B88C82B00DAC8232A0076
:101740007A3212780292344A0392029A002A07D01F
:10175000A0228021D20549009161012203990A70DB
:10176000FA2080005843F3F7B3F90298F2F794FE99
:1017700029002B002A0078310988743372321B88C3
:101780001288763501912988300000910121F3F704
:1017900041FBA02380220020DB0552009A62039BBC
:1017A0001870F2F759FE38E72A4EC0E7F2F792FDBB
:1017B000294B1B78DB0701D5F3F71CFAFA22274BDC
:1017C00092001A800022264B1A70032C07D0144B6B
:1017D0001A8004E0002896D1042B00D14BE705B015
:1017E000F0BD052C00D093E757E7C0465E1F0020F0
:1017F000541F00204F1F0020521F0020651F002093
:10180000FC2200206C1E0020FA1F0020DD090000D1
:1018100051080020D6060000781E00202308002072
:10182000300800202E1F0020871F00202C1F0020C2
:10183000EA1E0020E91E00204C080020371F00206F
:10184000E0070020DD1A0020C0200020F01F00204B
:10185000801F0020CC1F0020CC0700204C0000205F
:10186000EC1E0020F0B5904E87B033680590002B39
:1018700000D1F8E08D4B1B68002B00D1F3E08C4BBE
:101880001B68002B00D1EEE033682D331C78012C4F
:1018900003D1884B1C780134E4B2A02380220025B8
:1018A0005200DB059A62844B290005201D70F2F777
:1018B0006FFC33681A0034321278012A00D0DAE063
:1018C0002D331878A84200D0032007F0E7F9002153
:1018D0000620F2F75DFC88213620F2F7C7FAFA25D8
:1018E00000210120F2F754FC0A240126AD000C204F
:1018F000F2F782F830420AD000210220013CF2F7D0
:10190000B5FAE4B22800F3F7E3F8002CEFD1002198
:101910003F20F2F7ABFA694B7D2019783F2319403D
:10192000674B684D1943F2F7A1FA5F4C23681B69B6
:101930001F683800F2F7A6FC236834331878FAF7EA
:101940003DFE236800219A1CD27F702000925A1D10
:10195000D27F0192DA1CD27F02929A1DD27F03922B
:101960001A1D0733DB7FD67F0493F2F77FFAA0219D
:10197000090231434D20F2F779FADE21049BC901B7
:1019800019434E20F2F772FA039B4F201902029B73
:101990000C261943F2F76AFA009B78201902019B82
:1019A0001943F2F763FA0020F2F778FCF2F780FCB3
:1019B0003800F2F7DDFD01210020F2F7E9FBF2F734
:1019C00089FD23681A0034321278002A0ED11B696F
:1019D0001879597901285CD0831E012B50D8F9F76A
:1019E00011FEF2F7EBFB384EF2F774FCAB7F002BE5
:1019F00056D02F4B1B6834331B78002B50D1334B00
:101A00001B78002B4CD1FE35A98B688BF2F716FCA6
:101A100030231E43236800201A0034321278824299
:101A200004D135331B78012B00D91800F2F762FC82
:101A3000F2F79CFC236800213433187801384342C4
:101A40005841C0B2FAF772FD802109013F203143AD
:101A5000F2F70CFAFAF788F9059B002B09D0002061
:101A6000FFF7A2FD05E0FAF78BFC3368002B00D0EE
:101A70000AE707B0F0BD022C00D92C00200024E7B3
:101A80001348F2F7B7FB07201249F2F7EFF9124EAD
:101A9000AAE7124B4900C85AF2F7ACFB104EA3E775
:101AA000F2F752FCB6E7C046701E0020541F00201B
:101AB0006C1E002028080020781E0020C81F00206F
:101AC00040E90000801F00200C070000521F00208A
:101AD00026020000CE2100000C040000D6D401082C
:101AE000CC04000010B50E4B0E495A7B09885200F9
:101AF000D1529B180C4A0D4C12880D499A802068CF
:101B0000482208F010FEFBF7FFFD2068FAF716FBED
:101B10000120FFF7A7FE0022064B1A7010BDC04639
:101B2000801F00208403002082030020541F002017
:101B300088030020501F0020F0B5AD4B8BB000AFE4
:101B40001C68FEF755F80C23FA18043BDB18C0B2EA
:101B5000D9192500F9F7CEFC002809D1A54B3A691F
:101B60001968914201DA1A6002E0FA689142FADCDF
:101B7000FEF73EF84C2869D8F0F7D2FE4D00580029
:101B80006B00720089007000870097009C00300194
:101B9000A000A400FF02A800DD01B9006001D90087
:101BA000DE00F0001301F7000501170129013501DE
:101BB00064016E017F0185018901920198019D01F7
:101BC000A201A601CE00D40068006800B901AC01F2
:101BD000B201BF01D101D5016800BD01D901E80101
:101BE00039027D02B602B802BF02C802CA02CC02A4
:101BF000CE02D002D202D402FB02D602E602F202E8
:101C0000F6029902D8028802A002A002A002A00255
:101C1000A0029202FD02774A774B1268DA75012220
:101C2000764B1A70764B09321A7079E02100714BAD
:101C3000744A1B680831DBB2D35C734ACB77E38B01
:101C40009B18062B02D80122704B1A80BD460BB0A0
:101C5000F0BD684B29341B682370F4E70834250075
:101C6000644B1A68002A04D12B79012BEED0AA808C
:101C7000E9E7D3B2682A04DC0222013B2A716B71C6
:101C8000E1E70322693B2A71F9E708342500594B43
:101C90001B68002B04D12A79012AD7D1AB80D2E767
:101CA000013B6B7101232B71CDE7524B01341B6853
:101CB000E377C8E74F4B1B68A361C4E74D4B2D3456
:101CC0001B68C9E74B4B33341B68C5E7494B4A498E
:101CD0001A6892B2E2834B7B04335B005A520222B1
:101CE0004A4B1A80454B1A70494B0122C3E0494BBD
:101CF0000922190020205C7A2500854307D0FF2C9B
:101D000005D03C4B186880B2FBF7E8FE9EE758729E
:101D1000013B013AEFD2F4E7364A374B12689A8515
:101D20003D4BE2E7334A344B1268DA85F8E7314B32
:101D30001A683A4BDA77F3E72E4B2F4A1B681900E3
:101D4000481E81419177002B01D0013BD377FBF7EF
:101D500011FA0122324B1A70324B65E7254B1A6893
:101D6000314BDA770022314B5EE790212220214B64
:101D7000214A1B6849005354FF30115C01339942DA
:101D80000DDA19000BE0222190201A4B1A4A1B6829
:101D9000FF3153544000115C013B9942F1DC115476
:101DA000BEE7234B134A12683EE7124A12481168F5
:101DB0000122437B0A400133DBB25A43441DE277E0
:101DC0000022890700D51A1C0630C277C1E7094BEB
:101DD0001B685A1E9341174AD377A1E7054A064B61
:101DE00012681A769CE7034B1A68134B1CE7C0462F
:101DF000541F0020701F0020801F00202308002097
:101E00000200002023BD010800FCFFFF4E08002057
:101E1000B3070020232300202F080020871F002065
:101E200032080020651F0020881F0020270800209E
:101E3000CC070020811F0020A81F0020D14B1A686A
:101E4000D14B77E71E21CF4BD04A1B68DBB2137012
:101E50004B43CF4A137063E7CA4B1A6823002E33F3
:101E60001A70210000230122E08B06F0D5F8012230
:101E7000C84B1A70C84B1A70E8E6C24B1B685A1E52
:101E80009341C64AA8E7BF4B1A68C54BCCE6BD4B89
:101E90001A68C44B1A70FBF76DF9C34B0122C3E6F5
:101EA000C24BB84A1268511E8A41BDE6B54B1A684A
:101EB00023003533D4E7B34B1A68BD4B1A802FE7A4
:101EC000B04B1A68BB4BAFE6AE4B1B685A1E934132
:101ED000B94ABFE7AB4B1B685A1E9341B74AB9E7F3
:101EE0000A22A84B1B685343B54A138018E7A54B39
:101EF00032341B68B0E6B34B54E7A24BB24C1B68BC
:101F00005A1E934100222370B04B1A70F4F704FB61
:101F10002378002B00D01CE7F2F721FA19E7994B40
:101F20001A68AB4B80E6974B1A68AA4B7CE6954B38
:101F300034341B6890E6934B1868002380B21A0073
:101F4000190006F069F80222924BCCE6A026002484
:101F50008C4B36021D682000F2F7BCFF80235B012A
:101F6000E418B442F7D1002D02D02000F2F7B2FFFE
:101F70000C240826A020A319D91910220002F2F778
:101F80008DFB7F22A0200125A11900263B7EC919C7
:101F900093433B766F3A00230002FD76F3F744F853
:101FA0008D4B8E4C18008E4A8E497B602677FAF74F
:101FB000ADF98D4B8D4A18008D493B60FAF7A6F9B3
:101FC0008C4B31007A682360636086480223A660E8
:101FD000FBF7A4FD022329003A688548FBF79EFD24
:101FE000854B1D70854B1D70FBF79AFB2EE6654BEC
:101FF00083491B680A2B08D10A780132D2B20A70D1
:10200000022A00D822E67F4A24E700247D4ADBB278
:102010000C701370092B00D082E67B4B6E469D44FA
:102020006D468022290092002000F2F737FB8322C0
:102030002B0092000C33A91840201A7802431A7022
:1020400010338B42F8D18022002320002900920017
:10205000F2F7EAFF80239B00E4188023DB019C4217
:10206000DFD102210020FBF74FF902210120FBF70D
:102070004BF9B54654E6434A644B1268511E8A41F7
:102080001A700222434B1A70434B07E73D4B6049DD
:102090001B680C22CB805F480023F2F7C5FFD5E513
:1020A000384A4E4B116891225200995438E6354A0D
:1020B0004A4B1268511E8A41DA7631E608220C2317
:1020C0009B18DC192200544B23CB23C203CB03C241
:1020D0002C4B1D68FDF78CFD504B4638ED00800001
:1020E0005B1902591B79B5E64D4B5BE6254A4D4B12
:1020F00012681A7001224C4BE0E6224B1B685A1EF4
:1021000093414A4ADBB21370494AA3E6494B49E678
:10211000494B47E6494B45E6494BC2E6494B41E648
:10212000494BBEE6494BBCE6494BBAE6343420780D
:10213000484B012802D0002803D1474B114A1268AE
:102140001A70FAF73BFAEBE50E4A444B1268511E3F
:102150008A411A70FAF73EF90120FFF783FBDFE5A9
:10216000084B1A683E4B5FE5064A1C4B12685A77CB
:10217000D6E53C4B95E63C4B14E6024B28341B68F5
:102180006AE5C046701F0020821F0020BE1F00208D
:10219000641F002023080020B3070020831F0020B5
:1021A000C21F0020C71F0020320800201607002091
:1021B000CA1F0020A91F0020AA1F0020FA1F00200C
:1021C000F01F0020191F0020140700204F1F0020BF
:1021D000C01F0020C11F002004200020801F0020FD
:1021E000F003DE00020400004C200020F07795028E
:1021F00005040000020405041E2300201D23002006
:1022000022230020741F002000FEFFFF3404002062
:102210001E1F00204001010088B201085CD60108A1
:1022200052000020580000204E08002021230020EA
:10223000F31E0020FC1E00200E1F00202A0000209C
:1022400058080020B9070020202300201F23002069
:10225000030000202A080020290800202808002068
:10226000FE1F00205F1F0020E1070020F0B5614B3A
:10227000614C1B788DB0012B00D082E0F2F784F81E
:102280000020F2F70BF85D497120F1F7EFFDF2F74E
:10229000FBF85B48F2F71CFCC32170200902F1F740
:1022A000E5FDF2F779F85748F2F712FCF2F76CF80F
:1022B00050215548F2F702FD00217020F1F7D6FDBC
:1022C00030205249F1F7D2FD514D2B6832331B7843
:1022D000042B07D123007A331C22FA211B784D48A6
:1022E000F2F704FD2B6832331B78023B012B2BD80D
:1022F00023007A331F78484E002F09D0A023802274
:10230000DB0552009A61012344483370F2F7E0FB89
:102310003800F2F7C1F82100230022007831098843
:10232000743372321B88128801912100763109883A
:102330003B4800910021F2F76DFDA0238022DB05D0
:1023400052009A620023337001200334F2F784F8BC
:10235000E37F002B10D02B685B691B79023B012BBC
:1023600042D830495220F1F781FD2F495120F1F731
:102370007DFD2E48F2F7ACFB0020FFF773FA0DB09D
:10238000F0BD022BA0D12422294903A808F0CBF9E3
:102390000020F1F783FF002603AD69882878013615
:1023A000F1F764FD0435092EF7D10025214A6B00B1
:1023B0005F20D15A0135F1F759FD072DF6D11E489E
:1023C000F2F786FB1D495920F1F750FD1C48F2F742
:1023D0007FFB68215920F1F749FD00217020F1F7BA
:1023E00045FD002158206DE716495220F1F73EFDCA
:1023F0001549BBE7C11F0020801F00201C3E0000C4
:1024000050C30000803801001E050000FEC100001E
:102410006C1E0020AB090000781E002060EA00005E
:10242000DE1F00208F02000040800000A086010017
:102430009CB2010804D40108204E00006808000086
:1024400020BF02008F4200004090000070B53A4B60
:102450003A4EDB7F002B18D0D222394B52001A8023
:102460000022384B1A70384A1378002B07D1737B3F
:10247000364933730968364B196001231370002203
:10248000344B1A70344B01321A70F9F703F9334B9D
:102490001C6863691868F9F789FB314D002812D070
:1024A000230028331B78012B0DD12A78022A0AD069
:1024B0002C4A13700320FAF72DF9002302202B7009
:1024C000F9F73AFA70BD284B1B78002BF2D12300A4
:1024D00033331B78002B03D0244B1B78042B1BD0E9
:1024E000234B1B78002B19D0062B19D834342478B1
:1024F000002CDFD10120FFF757F81E4B2A781C80F3
:10250000002A0FD000231C4A13701C4A13701C4A67
:1025100013701C4A1370D5E70120CCE70220CAE7EC
:102520000620C8E70A22317E01314A431A801B88FF
:10253000154A9BB21380E5E7851F0020801F00200D
:10254000DC0700204E000020F01E0020541F002059
:10255000701E002043080020651F00206C1E002014
:102560005108002023080020FD1E00205E1F0020CF
:10257000671F00205C1F0020F41E0020FE1E0020AC
:10258000C2070020C1070020800300209121002203
:10259000F8B5304D304B8900287032201A70F1F7B1
:1025A00065FCF1F745FFF9F7EBFE2C4C20680300C2
:1025B0000833DF7F0369C18B1A68868BF9F7A6FEA3
:1025C000236801201A000832D7779E83FFF74AF963
:1025D0002A78234B234D002A31D001221A70236818
:1025E0001A6908331068204A2860DB7F1370F1F7FE
:1025F000BFFF2868F1F7A6FF01221C4B1A701C4B85
:1026000014321A701B4BEA321A701B4B1A700023DB
:102610001A4A13701A4A13701A4A13701A4A13701E
:102620001A4A13701A4A13701A4A13701A4A13700E
:102630001A4A13701A4A13701A4A1370F8BD1A70A6
:1026400001235B422B60F1F788FF32201649F1F736
:102650000DFCD1E7071F00204C080020701E002051
:10266000091F002034050020FD220020651F0020E6
:10267000380500202E0500202D0500203005002003
:102680002C050020D1070020D8070020D707002004
:10269000DA070020E31E0020DE0700200A1F0020CA
:1026A000081F00202F0500204502000010B5F9F793
:1026B00033F9002819D00D4A0D4B12789121DA77A1
:1026C00002220C4B32201A700B4B013A1A700B4B42
:1026D00089001A7000230A4A13700A4A13700A4AC2
:1026E0001370F1F7C3FBF1F7A3FE10BD3304002014
:1026F000861F002023080020B3070020651F00204C
:10270000321F00202C0500202F050020F0B504000A
:102710000D00160089B0102800D9B1E3F0F700F9D8
:102720001100110011001100110011001100110021
:1027300011001100F600C001C001B40213038803A8
:10274000AC03002916D00127BF4D2F70FDF750FABA
:102750000F2841D1BD4B1A68002A3DDB092A09DC4C
:10276000BB48BC4BBC49002E14D030348454FF22EB
:102770000F701A70B94B1B78012B09D1FDF738FA8D
:10278000B74B2E2802D02822452800D1F0221A80EB
:1027900009B0F0BDB34DA7007F591D78AC46B24DCE
:1027A000A44502D01C702E7006E02B780133DBB2FA
:1027B0002B70FB5C002BF6D0AC4C2B782478FB5CA8
:1027C000002C05D01C00613C192C01D8203BDBB249
:1027D000835401230B70CDE7002ECBD101272000BD
:1027E000FBF7E2FC9C4BA24C1F70A24B1B78002B0A
:1027F00027D12378BB4216D0022B62D10A209E4AF1
:102800002670137851784343CB18002B59D09B483E
:102810000078984205D39A4A013B1370994B1F7078
:10282000A8E711702770944B1B78002B49D0934A6E
:1028300012789A4245D3924A013B1370914B012280
:10284000ECE0FDF7D5F9082812D12378052B00D844
:1028500090E7FBF7C1FCF9F70FFB8B4B1B68998BDB
:1028600064235843F9F770F9884B2670186081E7A4
:1028700002000D3A182A1DD8854BD3403B4219D08F
:102880002378032B00D875E70A237B4926700A7842
:1028900048785A4312185A43887812185343CA7812
:1028A000013A9B1880229BB2D20093420BD2774A06
:1028B00013605FE7C0B204AA03A9F8F71BFE002863
:1028C00004D00023237002232B7053E704990320C4
:1028D000632903DC0238092900DD013000221300DE
:1028E000654F26780197D7B2BE4206D8864201D1FD
:1028F000002222709942E6DBD9E70A277B43019F39
:10290000BF5C0132BC4663449BB2ECE7002900D1B6
:1029100030E7002A09D0FDF7B3FB002800D129E7F2
:102920005C4B1B78002B00D024E70122464B514D15
:102930001A702C78484B1A70002C1ED1FDF758F9EC
:102940000300263B012B00D814E70E3801280AD9D2
:102950000022504B1A7001232B70454B1A703B4BD1
:10296000013A1A6006E7494B22001868210080B23C
:10297000F9F776FB0028EBD1FCE6FDF739F90F28D3
:1029800000D086E2314C2368002B2BDA00223F4D29
:102990001100286880B2F9F763FB002800D1E9E64E
:1029A00029682B4D89B22800FAF788FC2800EFF738
:1029B00091FF092807D80A222021121A401907F08E
:1029C00083FD0023AB72FF210023224A324811709D
:1029D000254A29001370254A23601370112207F03D
:1029E000A2FEC7E6092B00D953E2FF21194A117054
:1029F000002E15D00A2323600022284B14491A7098
:102A0000244B25481A70113207F0D4FE002800D05C
:102A10003FE22870FFF74AFE0022154B1A70A9E624
:102A2000013323600A2B00D0A4E6E5E701233370CD
:102A3000F0E71A4B1F7000232B70F8E70122174BA9
:102A40001A7000232B70E5E7511F00201823002087
:102A5000232300205700002053000020371F0020B0
:102A6000381F002034D6010813230020172300202C
:102A7000531F00201C230020D00300206C1F0020C7
:102A8000751F0020B6070020541F0020701F002073
:102A9000070090011623002002230020B707002022
:102AA0000B283AD10A3C002D00D163E6002E04D158
:102AB0000122B14B1E70B14B1A70B14DEB7E002B51
:102AC00005D1B04B1B78002B01D0644264B2FDF7F6
:102AD0008FF807000F2834D1AA4B1B78002B30D079
:102AE000A94B1E68002E2CDB092E00DD42E61022C9
:102AF000A64904A807F017FEA548E4B2835D02AA20
:102B0000E318DBB2D51D190000222039C9B25E29B5
:102B100006D91F2B0DD87E230EE001246442C2E7A4
:102B20000132AF5C9F4202D1E318DBB2EBE7102A1F
:102B3000EDD17E2B00D920238355FF22954B1A70AF
:102B4000B8E0F8F7E9FE021E00D013E68D4B924E76
:102B50001978002922D19148914B02781B78121BD9
:102B6000013B541C02D0934216DB13000122037078
:102B70008C4B32701A70FDF73BF8132800D1F9E541
:102B80001538012800D8F5E50835EB7F002B00D07B
:102B9000F0E5F0F71DFFEDE50B00E7E7082F12D198
:102BA000814B824D1B682868998B814B4C432018C0
:102BB000984203DC002802DA7E4800E01000F8F7B3
:102BC000C3FF286033E039000E39172913D87A4B38
:102BD000CB40DB070FD5754D243F2868A1B2012FEC
:102BE0002AD908181300210080B2F9F773FA734B41
:102BF0009842E6D11BE0F8B204AA03A9F8F77AFCE0
:102C0000002814D1694D039928680B00049A884262
:102C100003DB1300824200DD03006948E3188342AE
:102C200004D0994202DC9A4204DB1A002A60012394
:102C300033709FE50A00F9E78022624FD20090428C
:102C400005D1012C1AD101235B422B603B8000236C
:102C500028681A00081880B22100F9F73BFA574B90
:102C6000984200D028600023FA5E2B68012C07D11F
:102C70009A4207DD8023DB002B60D8E73880E6E747
:102C80009A42F7DB3880D2E7FDF7FAF9002825D021
:102C9000002D11D1002E00D06CE53B4A1368002BAB
:102CA0000ED000DC66E5013B1360FF22394B1A7041
:102CB000454B1E70384BC2E5304B002E00D1BEE5AF
:102CC000F1F798FF0023404A13702E4A13702A4AE6
:102CD00013700122334B1A702F4B9FE6002E00D049
:102CE00048E5002D00D145E50124244B2A4D1C70F8
:102CF000364B1A78002A1FD1224B1B78002B12D09A
:102D00001D4E3378002BDBD0FCF772FF0828D7D19B
:102D1000F1F770FF0A2133782D4A013BDBB23370A3
:102D2000D1542C7026E52B4B2E70DB7F002B01D16C
:102D3000F0F74EFE284B82E51E70284B1C70284B86
:102D40001C702C70F6E7002900D113E501220B4B13
:102D50001A70FCF74DFF0F2844D10B4B1B68002B5A
:102D600040DB092B00DD05E52A22002E00D10332CD
:102D70000749CA54E1E6C046531F0020511F0020F6
:102D8000801F00201C23002018230020DFB601082C
:102D9000232300205700002053000020751F00202F
:102DA0006C1F0020B6070020541F0020701F002059
:102DB000F5E0F505F6E0F5050300C800FFFF0000AB
:102DC000FFFFFF7F1423002016230020321F002066
:102DD000D0030020881F0020F11E0020601F00206B
:102DE000651F0020002E00D0C4E4F9F7C9FA374B64
:102DF0001B6834331B78002B48D1FCF7F9FE0338ED
:102E0000012897D8324B1B78002B93D0F8F784FD1C
:102E10000124304F304D002807D12000FFF7B6FBCA
:102E20002E4B2C703C701C7084E72D4B3E7087E756
:102E3000FCF7DEFE0F281AD12A4B1B68002B16DB8D
:102E4000002D00D196E40121274A1170092B00DDE5
:102E500090E4002E02D0254A2231D1540122244987
:102E60000B7853400B70FF21224B197034E731006F
:102E70002800F3F74DFC7DE40800F3F797FC79E4B4
:102E8000002A00D076E4002900D173E40222164B18
:102E9000C4E5FCF7ADFE0400312804D023000D3B4F
:102EA000022B00D9CAE5144E3778002F00D1BDE5BA
:102EB000012F00D0AEE502233370FDF7A1F9312CCC
:102EC00000D0B6E5FEF738FEF2F7F6FE701E0020E1
:102ED0001C230020321F0020651F0020530000200B
:102EE000601F002018230020511F002023230020F2
:102EF000172300205700002016230020F7B51400E8
:102F0000102800D95EE1EFF70BFD11001100110050
:102F100011001100110011001100110011004100F9
:102F2000F300F30026014B015D015901002A2CD169
:102F300000292AD0A74B1B78012B36D1A64A137043
:102F4000FBF732F90222A54B1A70A54B1A78032A17
:102F50001BD90A25A34A1C70137851786B435B1860
:102F60006B4391785B185D43D378013BED18802368
:102F7000ADB2DB009D4218D2220021002800F9F7F3
:102F80006FF8994B1870994B1D80F7BD002AFCD142
:102F90000029FAD0964B1A780193032A05D0954B55
:102FA0001B78002B04D1002A04D18B4B02223FE076
:102FB000012AFAD00125874E874A34781570AC4231
:102FC0003FD0022C46D0002CDFD1002B18D18A4FE5
:102FD000FA213C682000F8F7B7FD0500874920007A
:102FE000F8F7B2FD291BAC4200D9611B021B8442D9
:102FF00000D9221A824B91421CD9022238601A70E1
:10300000804B1B68D88B8023DB00984216D20123AB
:1030100000223370754B11001880F9F721F8724BBC
:1030200018700223019A13706C4A13700122764BB8
:103030001A70AAE700223D601A70E1E7022333709C
:10304000EFE7674B1B78002B9FD10222634B327056
:103050001A709AE76B4F002B30D1674B38681A68AB
:10306000C18BF9F753F9694B1B78002B06D0684ADE
:103070003B6812781A71674A12785A713B681A00D5
:10308000083203CB03C25E4A1278DA7780233868AD
:103090006149C58B4A7BDB0054009D4220D2534BD3
:1030A00004321B88520053520222C3830B534B4BF2
:1030B0001A705A4B1A800023337066E721000020F3
:1030C000FAF722F921002800FAF71EF9504A3B6866
:1030D0001178504A1971127819735A715A73D5E7D9
:1030E0008022038ED2009B189BB20A199380DBE7E3
:1030F00001230B281ED1002900D146E7002C04D162
:103100000121374A1470344A1170434AD27E002A92
:1031100001D15B425BB22F4A1278012A17D1334AA0
:103120001088C018431C07D08023DB00984204DBC2
:10313000002002E05B42DEE7394880B210800022C6
:103140001100F8F78DFF284B1870244B2EE7002C48
:1031500000D01AE729E7002A00D016E7002900D19D
:1031600013E701221C4B1A701A4A1378012B09D05D
:10317000022B12D0002B00D007E7FFF797FA174B6E
:103180001C7002E716490B78002B06D0013BDBB21E
:103190000B700A21134AD154D7E700231370D4E7E8
:1031A000002A00D0F1E6002900D1EEE601220A4B08
:1031B0001A70104B1878FFF7E9F9E6E60800F3F704
:1031C000F5FAE2E6002C00D0DFE6002900D0ECE6BC
:1031D000DBE6C0460A1F0020511F002053000020DC
:1031E000531F0020D0030020FE22002000230020D7
:1031F000091F0020071F0020340500207102000075
:10320000FD220020541F0020651F00202C050020F7
:103210002D0500202E050020801F00204E080020D4
:10322000FF0300009A4200D2885470477047F0B5FF
:1032300091B0049316AB10CB1A9F1B781B9D029084
:10324000039100920593002C01D110239D4380230C
:103250002A00DB001A4006921D4201D0002C1DD02E
:103260006123AA0600D541230026DBB20A3B019464
:10327000079318990198EFF7E3FB079BCAB2D3189D
:10328000DBB2092901D83032D3B208AAB354019B6A
:10329000189A741C934201D3202C14D102232A00C3
:1032A0001A4007921D4220D1013B2B40002F08D02D
:1032B000002B06D0059A002A02D10C32154200D00C
:1032C000013F302207E026000190D2E7202C05D0F4
:1032D00008A9625401341999A142F7D8002B04D0EF
:1032E0003023BC4201D2202C17D1EB0634D5069BEB
:1032F000002B17D1002C15D0199BA34201D0BC4242
:1033000010D1631E012C0CD0189A023C102A0CD04C
:10331000189A1C00022A1BD12DE008AAA3540134DC
:10332000DFE71C00189B102B20D1AB0608D47823B4
:10333000202C08D12024009BAD0737D125002AE09E
:10334000202CF7D0582308AA13550134202CF1D093
:10335000302308AA13550134202CEBD0059B002BF9
:103360000BD02D2308AA13550134E4E7189B022B38
:10337000ECD1202CDED06223E5E76B0701D52B23AF
:10338000F0E72B07D7D52023ECE72020049B0399F7
:10339000029EB0470135009B1A1B5219AF42F4D868
:1033A0000026A74200D33E1B009BF3182500019383
:1033B000019B1819421B002D0AD1079B002B05D039
:1033C000009BC41A009B1819A74209D811B0F0BD80
:1033D00008AB013DE85C0399049B029EB047E7E718
:1033E0000200049B20200399029DA8470134E9E7CD
:1033F000F7B59C460025194CA688864220D8E3885C
:10340000F31898421CDA1B1A9BB20D1C994200D982
:103410001D1C8027ADB2019525687F04BD4219D1DE
:103420001560624601981080089A002A11D022681F
:10343000BA420ED0002299425241089B1A7008E00D
:10344000013508340D2DD7D180235B04136063460A
:103450001980F7BD801B80B22D18E1E73CDA010826
:10346000030000202F2B0FD8084A5B009A5A084B04
:1034700008499B7D9B075B0F595A914204D8064926
:103480005B5A9A42924150427047C0467A1E0020D1
:10349000801F002074C101087CC10108F8B50E002E
:1034A000040030252F27FF2C0ED02F2C0ED8200003
:1034B000FFF7D6FF002805D1A419013DE4B2002D85
:1034C000F1D1FF242000F8BD3C00F0E70024EEE736
:1034D000084B09499B7D02009B075B0F0748595A1F
:1034E000185A8A4202D3824201D81000704708005D
:1034F000FCE7C046801F002074C101087CC10108A0
:10350000094A1378002B08D180200849800188617E
:10351000032101330B4013707047032BF8D1802037
:10352000024980018862F3E73C0500200008005052
:10353000044A054B12684008128EA0389B56181892
:103540007047C046701E00201C000020054A064B34
:103550001178107001221970044B1A70044B1A7004
:103560007047C046022E0020012E0020002E0020B1
:103570008100002070B50F4A0F4B52790F4952005D
:10358000D55A04008D4213D10D49EFF759FA0800BE
:10359000AF218900EFF7CEF9454303384342584144
:1035A00007492D182000EFF7C5F9054C44432C19A5
:1035B000200070BD8400002064D901084103000090
:1035C000C4090000084B09481A890949131C8242A2
:1035D00001D9084B1B8800204A8804339BB29A42C9
:1035E0004041C0B27047C04684000020FBFF00008D
:1035F000F02D0020D2B201080022024B1A605A605E
:103600001A817047F02D0020024B034A5B795B0062
:10361000D05A70478400002064D901080A4B10B5C5
:103620001B68002B0BD0094A1468E41AFFF7ECFF63
:1036300001002000EFF77EF9013080B210BD80203C
:10364000034B1B791841F8E744080020C804002008
:103650008400002010B5FFF7E1FF0400FFF7D4FF5E
:10366000604310BD10B5064B1C68064B5B79032BFD
:1036700003D8FFF7EFFF4008241A200010BDC04612
:10368000EC2D002084000020064B10B51B68002B99
:1036900002D0054B186810BDFFF7DCFF034B1B6819
:1036A000C018F8E744080020C8040020EC2D0020D2
:1036B000034B044A1A6000229A801A811A617047EB
:1036C000D42D00200000FFFF0122264B70B51A7098
:1036D000FFF7EEFFFFF798FF234DA882FFF79EFF4D
:1036E000224E0400E882011C802823D980218020FA
:1036F00089B24001EFF7A8F9C0B2031C402800D9F5
:103700004023DAB2102A00D2102300223370184B63
:103710001E78184B1A800123174A1380802C0ED96B
:1037200023007F33DB09138000230126EB80FFF7A2
:1037300099FF0CE083B2102BD9D21021D7E7002ECD
:10374000F2D1012CF0D9631EEB80FFF79DFF0B4BEC
:103750000B4A1E700123A3429B415B42E860137039
:1037600070BDC0467B000020D42D00207C000020CE
:103770007A000020C22D0020780000207700002071
:10378000760000201E4B70B51B78002B1FD11D4BFF
:103790001D4C5B88A3421AD01C4D1D4A2E881189EE
:1037A000A64207D0A14205D0032070430233C318BC
:1037B0009B089BB22B80174D17482D78405D1B1836
:1037C0009BB2A14204D113810122144B1A7070BD27
:1037D0005D1AACB228B22D0401D5CB1A9CB2042CD0
:1037E000F5D904230C2C04D80233A3429B415B423D
:1037F00001339BB2002801DA5B429BB25B18E2E71F
:10380000032E0020D42D0020FFFF000074000020B4
:1038100084000020820000203CD9010881000020A3
:1038200010B50C4B0C4A58689188002807D08020AE
:103830001C88C000844202D25888884208D20020E6
:10384000598011691880596012891A81FFF79AFF0F
:1038500010BDC046F02D0020D42D0020044A054B99
:103860001268A030128E9B56C01A400080B270477A
:10387000701E00201C00002070B5084DE868FFF79E
:10388000EDFF2E8904002869FFF7E8FFA64203DD5B
:103890000400B04200DD34002C8170BD84000020A3
:1038A000124A052170B5136900281DD0D5685B1830
:1038B0002C000A34A34203DD1C000A2B00DD0A247D
:1038C0001461FFF7D9FF0222094B1A70094B013A24
:1038D0001D60094B1C60094B1D60094B1C60094BA6
:1038E0001A70094B1A7070BD4942DFE7840000204E
:1038F000DC2B0020700000206C00002068000020FD
:1039000064000020002E002081000020002210B55D
:10391000034B2D211A6003480A3206F0D5FD10BD75
:10392000D82B0020CC2B0020F0B5455C401815703A
:103930001D70002906D0441E247801261F2C05D9AD
:103940007E2911D8447800261F2C0DD82C1901345B
:1039500064101778E4B2A74200D914701F78A74208
:1039600000D21C70002EEBD1F0BD00000B4A10B548
:1039700013880B4C0133138024780A4AD388D1680A
:10398000908A002C05D001339BB20918D380D160F6
:1039900010BD013B9BB2091AF8E7C046F02D00208C
:1039A00077000020D42D002070B5124B124D1A88DC
:1039B000EB88E98AD3189BB2994207D9A88AEB8091
:1039C0005043EB681818E860002070BD0B4B1C8852
:1039D0000134A4B2A24203D8002201201A80F4E7E5
:1039E000A142F5D91C80EC80FFF73CFEAB8A634313
:1039F000E8E7C04678000020D42D0020C22D00202A
:103A0000020000200B4B70B51D680B4B1C68291B76
:103A100081420EDD2300944203DC2B00954200DD41
:103A200013001B1B0F24634348101818EFF70CF802
:103A3000204070BD64000020680000200A4B9842BE
:103A400003D10A4B18680A387047094B1A68002AD4
:103A500002D1064B1868F7E7064B128E40089B56BA
:103A6000A038C018F0E7C046FFFF00006800002043
:103A7000701E00201C00002030B5CB01084D1B1823
:103A80005B0814000F21EA5CC00704D58A4321407B
:103A90000A43EA5430BD0A4024012243D2B2F8E777
:103AA00076270020F7B501220407154B0191640F1A
:103AB00002400F2804D90009124B0138C001C31875
:103AC00001252E00A640002492010F4F9B180020D4
:103AD0000200195C0E4203D0290081400A43D2B291
:103AE00001300828F5D13878002801D0D243D2B26D
:103AF000019908330A550134082CE8D1F7BDC046B6
:103B000059080020E51A002058080020044B1A78B4
:103B1000002A04D000221A70024B01321A7070473A
:103B2000DC1A0020601F002009490A4A097812782F
:103B30000300002091420AD1074A12889A4206D80F
:103B400006490978521892B293429B4158427047F5
:103B5000C1240020E01A00208E0600200407002067
:103B600070B505000E00064B1C68002C00D170BD1E
:103B70002369002B02D03100280098472468F4E71D
:103B8000701A0020002A0AD0054B80008A18C0183D
:103B900092B20B78013103708BB29A42F9D170471F
:103BA000205C004070470000F8B5184B0D00DC6841
:103BB0001E69FFF7BDFC640076002300371B400040
:103BC000844203DA3300864200DD03001B1B6B4393
:103BD000781018183900EEF737FFC6B26E430400AC
:103BE000331E05D0751CADB26D089D4204D3DBB207
:103BF000E0B2C0184008F8BD29003000EEF79AFE88
:103C000080B240192B004508EFE7C0468400002031
:103C1000010070B5030008255A2031241E311A789E
:103C200050402A0046B24000C0B2002E00DA604088
:103C3000013AD2B2002AF5D101338B42EFD170BDE7
:103C4000F0B51F00AF4B93B015000B9009910A938C
:103C5000002800D0E5E10026FCE00135252806D04B
:103C60003200741C099B0B990A9EB04764E1002343
:103C7000012008242A78691C2B2A16D00BD8202A68
:103C800015D0232A15D011003039092930D8002247
:103C90000A24079215E02D2A04D0302AF3D10343D9
:103CA0000D00E7E702221343FAE70422FBE7234370
:103CB000F6E71022F7E70500079A6243303A8A18C0
:103CC00007922978681C0A00303A092AF3D90021A2
:103CD0002A7808912E2A25D18021C9000B436978C2
:103CE0006A1C0800303809283BD815000A2413E064
:103CF000002107912A2AEAD104CF07928A4203DAE7
:103D0000023152420B4307920135E0E70500089A61
:103D10006243303A8A1808922978681C0A00303ABF
:103D2000092AF3D92A78691C6C2A2AD024D8682A4F
:103D30002FD06A2A36D028780135782890D8632881
:103D400033D8622800D16FE1632800D1A5E025288F
:103D500086D0582884D120221343103A0C218B435B
:103D60006DE12A2906D104CF0235D143C9170A4093
:103D70000892D7E71500D5E77A2ADCD180225200D5
:103D80000BE06A786C2AF9D1C02292001343023505
:103D9000D1E76A78682A03D080220D001343CAE76E
:103DA000C022F3E780229200F7E701000122643984
:103DB000C9B28A401100544C2140224212D17328CA
:103DC00000D1BBE0702800D04AE7212213430593BD
:103DD00008230493089B019103931023029308CFB7
:103DE00000934BE16F2800D020E10822B6E7782845
:103DF000B4D093430A22642800D120E1AEE75806EC
:103E00000DD5C8B205930292079BC20F0192C2174B
:103E100004938018089B5040039300902EE1080003
:103E20001C06EFD508B2EDE7002913D13C1DD805DB
:103E300021D50593079B02920493089B019103935C
:103E40003B6800933200099B0B990A98FFF7EFF942
:103E5000270006002878002800D0FEE6099B3200E3
:103E60009E4200D35A1E0020099B0B990A9CA04732
:103E7000300013B0F0BD396858060AD5C9B20593B1
:103E8000079B02920493089B0091039300230193E4
:103E9000D8E71806F3D589B2F1E7022219001140DC
:103EA0000C9113422CD0012301CF320008930B99BF
:103EB000099B741CC0B20A9EB0470C9B002B3BD0E0
:103EC000089B22000C932CE02020099B0B990A9C54
:103ED000A047089A0799531C08939B1B9942F3D853
:103EE0000A00531E9A410023D1B29A4201D0079B87
:103EF000013BF61802230029D6D0079B0133D3E7F4
:103F00003200E7E72D32010821081200531C0D93FF
:103F10002020099B0B990A9EB0470C9B0D9A0133F8
:103F20000C93079B0C998B42F0D8079A08990023B1
:103F30008A4200D3531AE41826008BE7390004C9DB
:103F40000D92089A0E91002A01D1012252420D9938
:103F50000C008A182178002901D0A24214D10D9AB0
:103F60001900A41A8022D20011400F91134203D0ED
:103F7000089A944200D914000222190011401091AD
:103F8000134217D1320009E00134E3E7531C0C93CC
:103F90002020099B0B990A9FB8470C9AA31B0799ED
:103FA000D3189942F2D80023A14200D30B1B01344D
:103FB000F618E4180C960AE008930C9B0C9A01334F
:103FC00011930B99099B0A9FB847119B0C930D9B6A
:103FD0000C9A9B1B985C002807D00F9B002BECD001
:103FE000089B089A013B002AE6D1109B002B15D0B4
:103FF0000C9A06E0561C2020099B0B990A9FB84793
:1040000032000C9B0799E31AD3189942F2D8002387
:10401000A14200D30B1B0C9AD3180C930E9F0C9E3D
:1040200018E71A4B0A9316E6022297E610226F2829
:1040300000D9DCE693430A22692800D0DBE6590563
:1040400001D501218B43802189001940692802D0C4
:10405000642800D0E8E6002900D0FBE602CFD805AE
:1040600000D4CCE60593079B02920493089B03932C
:10407000CB0F0193CB17C918594000913200099B0F
:104080000B990A98FFF7D3F80600E3E625320108FA
:1040900070B5002901D1002A27D114244443194BBB
:1040A0001B191C00CC342478002C1ED01E00164C8A
:1040B000D036A57BA07331601900D4310A6000228C
:1040C000D833EDB21A60904212D1104A1178CBB2B7
:1040D00001290BD0062B09D0002B05D1217C4033C0
:1040E0000B43237403231370A57370BD0523FAE7F4
:1040F0000423627A134301226372637E93436376DF
:10410000F2E7C04640230020005C00403523002039
:104110007F220F4B0240997B40B2C9B29A730028AC
:104120000FDB002A07D107200A4A10706022187C92
:1041300002431A7403E02022587E02435A76997390
:104140007047002AEFD01022587D02435A75F6E7D7
:10415000005C0040352300200300F7B57F201F00DE
:104160000740034212D14021404B414A18001180C0
:104170001A001985CA32190017700122CC302A3171
:104180002C3302700F701A700020FEBD782003429D
:1041900068D15BB29C46374C1423A07B4D1EC0B245
:1041A0006E427541019060467B43304EA773AD016E
:1041B000F318002829DB1F00C837B9700121CC3360
:1041C000EDB23A8019702576637E0B4213D09023AE
:1041D0006376082A11D902210B000131DD00AA42C1
:1041E0000ED82A0092B2DBB2A3767368D218019B74
:1041F0007260A373C8E78023EAE708220123F1E78E
:104200004129E9D100220123EDE72A2084469C447C
:104210006046017001211A852C331970B940A37AC8
:104220000B43DBB2A37220232B432375637D9B07D3
:104230000ED548236375082A0CD902210B000131E1
:10424000DD00AA4209D82A0092B2DBB2A375CCE7FE
:104250004023EFE708220123F6E74129EED10022AF
:104260000123F2E7012040428FE7C04640230020AF
:1042700008240020005C004010B542790379120246
:104280001A430323C178520519408078520DFFF775
:1042900063FF43425841C0B210BD00006022F0B538
:1042A000A24C85B023781A40202A00D14AE1402A46
:1042B00000D175E1002A23D103321340012B00D134
:1042C0006EE0022B00D1D6E0002B19D16078658812
:1042D000092815D8EEF710FB760C140C14050E14F3
:1042E0002A2EEDB2002D01D1914B1D70914B1D7006
:1042F000002373E12A0AEDB2032A04D1EE2D04D182
:10430000002005B0F0BD032AFAD80021A369D6B277
:1043100018780028F4D05F78B74203D18D4200D1DD
:1043200054E101311B18F3E71B7857E1824BA3607E
:10433000012353E1FF270020A669EDB200973178F1
:10434000002908D15E22AE23FF325B00A55400286D
:104350001BD1E054CCE77378042B08D0052B0BD08D
:10436000022B06D17779BD4203D1012001E0F37819
:1043700000933378F618E2E7BD42FAD1009B002B98
:10438000F7D13000FFF778FFF3E701220720E2546E
:10439000FFF7E6FB802202206849FFF779FEA7E7D6
:1043A0005E23FF33E35C002BAAD060786388277913
:1043B0000B28A5D8EEF796FA06A4A4A4A4A40DA4ED
:1043C000A4A42D310023A2681370A26853700223A5
:1043D00004E11B0A212B0CD1594B1B68002B00D187
:1043E0008EE75A1CD27FBA42F7D15B69A3600923DA
:1043F000F4E0222B00D083E7514B1B68002B00D147
:104400007EE75A1CD27FBA42F7D19A69DB69A26073
:10441000E4E00022A3681A708AE7DBB2FF2601936A
:104420000023A569009602932B780393002B05D1F6
:1044300008200299FFF794FB039BCFE06B78042BD5
:1044400004D0052B0DD02B78ED18EDE7EB78AE7886
:104450000093B742F7D1019B009A9342F3D10295A2
:10446000F1E7B742EFD1019B009A9342EBD12800CC
:10447000FFF702FFE7E75E23FF33E35C002B00D189
:104480003EE7A2886378D0B2012B1DD0032B45D024
:10449000002B00D034E77F331840254B997B98736D
:1044A000C9B212060BD4002802D0587E8006C00F75
:1044B00000229973A3681870A3685A7087E70028D0
:1044C000F6D0587DC006F2E76388002B23D17F33F6
:1044D0001840174B997B9873C9B2120610D4002864
:1044E00004D11A7C043082431A7407E060205A7E9B
:1044F00082435A765A7E203002435A7699736EE090
:104500000028EED030205A7D82435A754022587DD3
:1045100002435A75F2E700232361F1E66588002D16
:10452000F9D1FFF7F5FD256159E0C046EC00002008
:10453000005C00404023002049020020182E00208B
:10454000701A002003221340012B17D1254B22792A
:104550001B68002B02D1012040420AE05D68002D5B
:104560000AD0591CC97F914206D120001E4A1F491A
:10457000A847C043C00FC4E61B68EAE7022B00D07F
:10458000BEE6184BA2881B68120A002BE3D09D6878
:10459000002D03D0591CC97F9142E6D01B68F4E777
:1045A000104B1D68002D02D1012040420AE0EB684B
:1045B000002B01D12D68F5E720000B4A0B499847E5
:1045C0000028F7D10123013018409AE6A360022A9F
:1045D00000D0A9E69A78DB781B02134323610120FF
:1045E0008FE6C046701A0020FC000020F400002076
:1045F0000023180010B5094A094914888C4200D1DB
:10460000108001330232802BF7D11E220021054891
:1046100005F05AFF0022044B1A7010BDC22C002076
:10462000FFFF0000A42C0020A22C002010B5194C84
:10463000E08AC10907D18022174B121A40005200AC
:10464000C01805F041FF154A1378002B0FD0013B2D
:10465000DBB21370002B02D10122114B1A70012220
:1046600010490B7853400B700F4B1A7010BD0F4B55
:104670001B78002BF3D1A088FEF75AFF0C4A0530B7
:10468000D3680A33834200DA03000A2B00DD0A23D1
:104690001361E4E7D42D0020C22C0020DC2B002085
:1046A000810000207A00002060000020032E0020FE
:1046B00084000020802210B5D2000021084805F0B7
:1046C00003FF0022074B1A70074A084B12681A6052
:1046D000074A084B12681A602022074B1A7010BD57
:1046E00076270020762B0020700000206800002034
:1046F0006C000020640000207C00002013B508221C
:104700000021684605F0E0FE082269461548EFF7EB
:10471000C5FF154C0521637922791B0192001343D3
:10472000E27A206913436A46137006220F4B8230E7
:104730001B785B0013400E4A127813436A4653708D
:10474000EEF782F96B46987023890A4A934200D1AA
:10475000FF236A466946D370024800230822F0F717
:1047600063FC13BD48A100008400002082000020EB
:10477000032E0020FFFF0000F7B5154B0D1E01931F
:104780000CD0144E3368002B08D0B3681C68019B12
:1047900000937368002D07D1B3681C60802202204B
:1047A0000199FFF775FCF7BD27001C1BBB42FBD02E
:1047B000AC4200D92C00306822000099C01905F0E5
:1047C000B2FF009B2D1B1B1900933C19E1E7C0466B
:1047D000182E0020BC1A00204378212B15D0222B44
:1047E00004D0203B5A1E934158427047C3788278C8
:1047F0001B021343180001220C491040134202D03F
:104800000A700020F1E70870FBE780200B680021A8
:104810004042187004305870D970197159719A302B
:1048200008319870997107231360EAE7BF070020E9
:10483000F7B500250700FA242E0001910520F0F7B6
:1048400047F93B690199320099430B005E425E4192
:10485000964206D10135962D04D15A1E9341D8B205
:1048600004E00125013C002CE8D12000FEBD000041
:10487000F7B526222D4BFF329E5C0023233AFF3AE8
:1048800005001C002A4F3240012A1DD00122294B6D
:104890001B699B0A9A430192F30605D5A0200821C3
:1048A000C005FFF7C5FF0400730706D58021214826
:1048B0000901FFF7BDFF0443E4B2B60631D4019B02
:1048C000002B01D03B68013300211B4A3B608C4226
:1048D00001D01168013111600222184E184C307855
:1048E0009A429B418A4292414142484121785B422F
:1048F0004F42794152424042494218401140114FC3
:10490000A870E9702B706A70002806D000213970F9
:104910003978337029712270F7BD0029F8D0012150
:10492000F5E72300019C0193C9E7C046801F0020E2
:10493000F425002000040050F0250020F925002077
:10494000F8250020EE25002007B5002807D0082311
:104950007F22009300210348073BF9F7C9F9EFF7DD
:10496000BDFF07BD4BBB01080C224243054B70B590
:104970009B1818795D79DC88EFF73EF828412040D4
:1049800070BDC04684D9010810B5FEF7F3FD0400E0
:10499000094B1860EFF776FC2000EFF7E9FD3020B7
:1049A000EFF72AF8040000213020EFF75FFA21002A
:1049B0003020EFF75BFA10BDFC2D002010B5054A42
:1049C000054B5068D860518819801289DA80FFF74A
:1049D000DBFF10BDF02D0020D42D0020404BF7B59B
:1049E0001A780400824250D018703E4B3E4D3F4F23
:1049F0003F4E0193002849D03E4B1868002805D04F
:104A00003D4A036912681A60F7F798FB0020FCF72B
:104A100029FF3A4B00201978F7F788FD38492B68B1
:104A20000978384A03335B1A01201360F9F7EAFB6F
:104A30003020EEF7E1FF80218900014389B2302068
:104A4000EFF714FA80244720EEF7D6FF64002043E6
:104A500081B24720EFF70AFAFA204000F0F738F861
:104A6000A023DB059C6100233B70274B019A5B88E8
:104A700043203380D27A254B5200D15AEFF7F6F912
:104A800080213F20C900EFF7F1F9F7BDA023802274
:104A9000FA20DB0552009A624000F0F719F8302046
:104AA000EEF7AAFF1A4901403020EFF7DFF947205F
:104AB000EEF7A2FF174901404720EFF7D7F9200092
:104AC000F9F7A0FB01235B422A683380124B3C704C
:104AD0001A60019B114A5B7943205B00D15CD2E7ED
:104AE00080000020840000200C060020D02D002033
:104AF0007E000020701E0020FC2D0020C82D00200C
:104B00007C000020C42D0020F02D002040D9010899
:104B1000FFFD0000FFFE0000CC2D002046D901085B
:104B200010B5FEF7D1FD104CE068EFF721FD302005
:104B3000EEF762FF0D4A0E4B10401880FEF75CFD49
:104B40000020FFF74BFF01220A4BFF211A700123BF
:104B50007F325B420848638005F0B6FC40220021AA
:104B6000064805F0B1FC10BDD42D0020FFFDFFFF6D
:104B7000E02B00207B000020222C0020E22B0020D4
:104B800070B5802280256124144B6D42644200215F
:104B900052001348DD601C6105F096FC8022FF2165
:104BA000104805F091FC002140220F4805F08CFCD4
:104BB00000220E4B1A800E4B1A700E4B1D600E4BCE
:104BC0001C600E4B1D600E4B1C60FFF7A9FF0122FD
:104BD0000C4B1A700C4B1A7070BDC046840000203C
:104BE000C22C0020222C0020E22B0020DE2B0020F3
:104BF000DC2B0020700000206C00002068000020EA
:104C000064000020002E00208100002003000138F5
:104C100070B5C4B2112800D9AFE0EDF76DFE0921DF
:104C2000AEBDAFAE0921AED43A3AE0AEAECEAE895B
:104C3000804D6B79012C0ED800220E2B01D0013350
:104C4000DAB26A71FEF706FD40082860FFF768FFD8
:104C5000FFF7CEFC14E00E22002BF2D0013BEFE771
:104C6000FEF7D2FC734A8000136880B2012C0AD18F
:104C700071498B4201D8C01810607048EFF728FFC7
:104C80006F4B01222FE06F498B42F6D91B1A13603C
:104C9000F3E76D4A1278002A2DD06C4AD57E0B2B93
:104CA00001D001235D400020FFF798FEFEF700FDD4
:104CB000FEF7A2FCFEF708FD654C664A002D02D106
:104CC000E38A012B11D8012313700023E380FEF740
:104CD000C9FC0022604BE0601A70604B1A70584BA0
:104CE00001321A705E4B1A7047E0013B1570E38089
:104CF000FEF7CAFCEDE75B4A1268002A3DD1534A31
:104D0000D27E0B2B01D001235A4057490B68002A51
:104D100007D0564A934230D8464A12689B180B6017
:104D200094E7534A934228D9424A12689B1AF6E7FD
:104D3000504B0F211878504D421C1A704F4B1C8954
:104D4000EDF77EFEC9B24900414B4C53D98AE0B21F
:104D5000802906D9E001EDF7EDFD7F2800D97F20FD
:104D6000C0B20122464B40005242C252FEF744FC00
:104D70000020FFF733FEFEF79BFC70BD394B1B682C
:104D8000002BFAD13F4A13703F4A1370FEF7BEFD65
:104D90000120FEF7DBFBF0E7324B1B68002BECD168
:104DA000244C03222379002B01D0013BDAB222717B
:104DB000FEF750FC4008206048E70220FEF7C6FBE3
:104DC000FFF7FCFDD9E70123304A11784B401370FF
:104DD00003D10122174B52421A81214B51E72C4B30
:104DE0001C78002C01D000227DE7FFF787FC294BBF
:104DF0001C70F8F701FF284B1968002906D0274BD3
:104E00001A68002A02D009691C600A60244B002439
:104E10001868FFF7B9FD234A6300D15A224B185D89
:104E20000134EFF723F8072CF5D101221F4B1A703C
:104E30001F4BD8E7840000203F0D0300A08601002F
:104E4000002E00201027000080000020801F00207E
:104E5000D42D002077000020600000207B0000207F
:104E60008100002044080020EC2D00207FA4BF0713
:104E700040771B00A22C0020A42C0020F02D002045
:104E8000C22C00207D2B00207C2B0020032E002034
:104E9000982B0020B81F0020701E0020942B0020AB
:104EA000902B00207E2B002028D901082308002009
:104EB0008C2B002070B53224FF256320EEF79CFD7B
:104EC0002840C72806D9013C0120E4B2EFF700FED4
:104ED000002CF2D1EFF7F6FAEFF7F4FA154B0400D5
:104EE000DD8A1880D888802D06D92900C001EDF709
:104EF00021FD7F2800D97F200F4EC0B20F4943000B
:104F0000B44203D101225242CA5207E0CA5A802D4C
:104F10000AD9B24202D0A24201D8CC5270BD0320BD
:104F2000424312199208EFE7A242F6D91219521021
:104F3000EAE7C046D42D0020FFFF0000C22C00206D
:104F40007FB50F300D000A220021040005F0BCFAE5
:104F5000084B9D420CD001AE29003000F8F7AEF9A5
:104F60000023F25C002A03D0E25401330A2BF8D16B
:104F70007FBDC046FFFF000070B5284E8AB03000EC
:104F8000EDF7A8FC8022041E254D264815D12100EE
:104F900005F09AFA80222100280005F095FA0323F3
:104FA000220002212048F8F7E7FE04232200022114
:104FB0001E48F8F7E1FE0AB070BD002105F084FA42
:104FC00080220021280005F07FFA112C06D8032347
:104FD000002202213000F8F73FFFECE705AD112277
:104FE0003100280005F09FFB00220323113C022121
:104FF00028006A74F8F730FF231CA4B2112C00D9E2
:1050000011239CB222000A49684605F08CFB6B46CE
:10501000002202211A5568460423DCE7DA03002047
:10502000E51C0020651C002052BB01085FBB010885
:10503000EB030020F7B5484D022816D0032800D115
:1050400080E02B78012808D0052B02D801332B7083
:1050500002E00122414B1A70F7BD052BF9D89840A8
:105060003F4A117801431170F0E729780029F3D005
:105070003A4B3B4A00931B780192002B11D14A1EF8
:10508000052A0ED8019A1478364A100056788E42B6
:1050900010D19678A6420DD103225343C65C002E50
:1050A0000DD10023019A2B7013702F4A1370009AB0
:1050B0001370D1E7013303322D2BE7D1F1E7392EFD
:1050C00009D8252EEDD93200284B263AD2B2D3404A
:1050D000DB0709D4E5E733003D3BDBB21D2BE0D80D
:1050E000234ADA40D207DCD51F4B224C1B78002B19
:1050F00012D023780F2B06D90F221F491F4805F025
:10510000EBFA0F232370202021781C4B4A1C5854A3
:105110000021D2B2227099542378184F0F2B06D950
:105120000F223800144905F0D7FA0F232370227894
:10513000531CBE540022DBB2FA542370104B0132D0
:105140001A70AEE700230121054A2B701370064A3E
:105150001170024AACE7C046ED250020EC25002086
:10516000EB25002054D80108EA250020E5FF0F00B8
:10517000F5FFFF3FE9250020D9250020D825002094
:10518000601F002010B5044B1B78FF2B03D0034A8F
:105190009B009B58984710BD371F0020A4DA0108D8
:1051A00070B50400FF281CD00E4D2B78834214D01C
:1051B000F1F76AFA00230C4A13700C4A13700C4A78
:1051C00013700C4A13700C4A13700C4A13700C4A7B
:1051D00013700C4A1370EFF727FB01220A4B2C7057
:1051E0001A7070BD371F0020531F00201C230020A1
:1051F000321F0020181F0020171F00201623002038
:10520000331F0020151F0020601F002000200122F6
:10521000064B10B51870064B52421870054B1A8099
:10522000054B02321A70FFF7BBFF10BDB20700201A
:10523000B1070020240000202B1F002010B5802281
:1052400005490648EFF72AFAE02205490548920089
:10525000EFF724FA10BDC0465908002008100100DD
:10526000E51A0020881001000EB403B5012103AB3C
:1052700004CB49420193FEF7E3FC02B008BC03B043
:1052800018470000F0B589B0F8F7C0FE0520F8F720
:10529000A5FE08230093002302211A005F48F8F7B7
:1052A00027FD5F4C5F4BA67D0A21B5076D0FE85ABD
:1052B000EDF740FB83B25C4F0393B60700D15B4F21
:1052C0005B4B0A21585BEDF735FB5A4E80B23B0031
:1052D0003100039A009004A8FFF7C6FF062304A834
:1052E00000220121F8F748FD534D54482B78002B3C
:1052F00012D1534B53481B78002B0DD1524B1B78C6
:10530000002B33D1E27C002A23D0A27C4F4901320A
:1053100004A8FFF7A9FF04A80A237F220093002115
:10532000073BF8F7E5FC2B78002B06D1E37C002B3C
:1053300046D0474B1B78002B42D0464B1A78444B43
:105340001B78002B1BD14449013204A8FFF78CFFC6
:105350002DE0A38A41495000085A0132834201D10D
:105360003F49D5E7302AF6D13E48D5E73E4B3F4886
:105370001B78002BD0D0374B3D491A78C8E73D4BFE
:1053800002AA13812D233C4993720A780A2A01D07C
:105390003032D3B202AAD3724B782D220A2B01D01D
:1053A0003033DAB202AB1A73002302AA53730A2312
:1053B0007F2200930021093B04A8F8F799FC22E022
:1053C0001F4B1B78002B01D0A27CBCE7204D2B7813
:1053D000002B1CD1A68A0A213000EDF731FB3000EA
:1053E0008CB20A21EDF7A6FA2300244982B204A860
:1053F000FFF73AFF2B7824215A42534104A8012297
:10540000DBB2F8F749FDEFF769FA09B0F0BDF8F73C
:10541000E3FE1B490200C31CE9E7C046B1B6010820
:10542000801F002074C101083BB50108B2BC01080F
:105430007CC101087BBB0108331F002069BB010848
:10544000151F00206FBB0108171F002084BB010837
:10545000531F0020DA1E0020A6BB01087A1E002080
:105460008FBB0108B3B80108DE1E002074BB010821
:105470009BBB010843480000D0030020AEBB0108DD
:10548000B5BB010870B50D0007490400EDF7D8FA67
:1054900020000E000449EDF74DFA330002000349E5
:1054A0002800FFF7E1FE70BDA086010041B40108AD
:1054B000F0B587B0002801D1364B1868FEF75AF8CE
:1054C000354C05002100FFF7DDFF2B2201271100DD
:1054D00000232000F8F750FC304E314B327D31492B
:1054E0009200D2182000FFF7BFFE00233A0074217B
:1054F00020000097F8F730FDF27A2B4B9200D2583B
:105500002A492000FFF7B0FE002307226C2120006B
:105510000097F8F721FD2800FEF72CF8244B050032
:10552000492218000021039304F0CEFF214B1B7881
:10553000002B24D0204B214E1A68954216D000240F
:105540001D6034700022A7B211003800F6F788FD04
:10555000002818D00822200104A9EFF79FF8049B27
:105560009D4210D139003000F7F7A8FE3378002BA8
:1055700005D006223000124B0399F8F799FBEFF79C
:10558000BBF907B0F0BD80230134DB009C42D9D1C8
:10559000ECE7C046FC2D0020AC2B0020840000204E
:1055A0001CC80108BFBB010830D90108C3BB0108F2
:1055B0008408002080000020A82B0020992B0020C8
:1055C000A2CC010800B58022002112488BB004F063
:1055D0007BFF114B1A78114B022A09D0104B1A7815
:1055E000104B002A04D1104A1278002A00D10F4B28
:1055F0000F48104A007812780F49009002A8FFF770
:1056000033FE06230022022102A8F8F7B5FB0BB0F7
:1056100000BDC046E51D00203A06002094B40108F4
:10562000280600208AB9010833060020C8BB0108FB
:105630005C00002001000020CCBB01080CB407B5C1
:1056400004AB04CB0193FEF7FBFA03B008BC02B035
:1056500018470000002270B5040010000B4E93B2F2
:10566000994200D870BD0825A35C1B02584003B2C4
:10567000002B07DA5B00734098B2013D002DF6D194
:105680000132ECE7400080B2F7E7C046211000008D
:10569000F0B5802704000E00150085B07F04002DB2
:1056A00001D105B0F0BD002300930A3320006B4404
:1056B00003AA2900FDF79CFE6B4603985A89B8425D
:1056C0000BD3FF21300004F0FFFE6B465B891C19F1
:1056D000ED1AA4B2F618EDB2E1E73100EEF7DEFF05
:1056E000F3E7F0B504000D00082685B009270A236A
:1056F0006F4420006B443100009703AAFDF778FE49
:10570000802303985B04984205D26A4629003B78BF
:105710005289EFF789FC6B465B89F61A1C19B6B201
:10572000A4B2ED18002EE1D105B0F0BD30B5802453
:10573000094A4118884208D130BD013B156825420D
:1057400005D1002BF9D10130F4E7044BF6E7002B2B
:10575000F9D003785360F6E70038014010270000C5
:10576000F0B585B0002815D15E4B5F4D5A68802397
:105770005B009B1A5D4A5E4E9BB200925D4A8020A0
:105780009446FF2440002A889A4200D094E00020EA
:1057900005B0F0BD584B594A1B68594D594E9BB244
:1057A0000092EBE7013222402A802A889A4200D1F7
:1057B00094E0B75CAB2F00D181E0013989B261453B
:1057C000F0D1991A9A4202D3591CFF31891A89B231
:1057D0000729DCD901322240B75CCD2F74D00138C3
:1057E00080B22A806045CED1FF202A880192023201
:1057F0000240541C0440375DB45C3F023C4327B276
:1058000002978027039408347F00BC425AD8029C38
:1058100007348C42BBDA029902328C1C0240A41875
:105820000440315DDC294DD1611C0140715CBA2915
:1058300048D193B2B118A24249D9FF1ABFB23A0077
:10584000009804F070FF22003100009BD81904F08A
:105850006AFF0234019BE7B2E4B2F018A34239D9DF
:10586000802252000021D21A04F02EFE3A000021BC
:10587000300004F029FE039B2C80991C0F24002388
:1058800021481A00009D2240ED5C825C6A40009D28
:10589000EA5401338B42F4D303992800FFF7DAFE70
:1058A000029A0299AB185A786B5C12021343181AC9
:1058B00042425041C0B26BE78021490075E70029A0
:1058C00000D07EE72B8062E700288DD1FAE70098B0
:1058D000A21ABCE7019B0021FA1ACAE70029F1D0FD
:1058E00055E7C0461C000240A0300020A02E00203A
:1058F00070190020FFFF00007C020020A02F002074
:10590000A2300020800200202CDA010870B50400CB
:105910000125EFF743FC8020EFF7BCFC6000284333
:10592000C0B2EFF7B7FC2800EFF7D2F80020EFF78E
:1059300065FC04002800EFF7CBF82800EFF75EFCC9
:105940000500EFF743FC2002284380B270BD70B51C
:1059500005000C00EFF722FC8020EFF79BFC6800AD
:10596000C0B2EFF797FC60BA84B2C0B2EFF792FC16
:10597000002802DB200AEFF78DFCEFF727FC70BD53
:1059800010B502200149FFF7E2FF10BD41020000FF
:105990000F4B4A00D35A70B5C01A84B205200D00CF
:1059A000FFF7B4FFC0239843AD0181B2294305201E
:1059B000FFF7CDFF21000320FFF7C9FF0548EFF7F0
:1059C00087F88021090203202143FFF7C0FF70BD43
:1059D00074C101081027000010B5044B997D988A06
:1059E0008907890FFFF7D4FF10BDC046801F002034
:1059F00010B50C4C238AA382E37C002B0FD001212D
:105A0000A07CFDF74BFDFF2804D100230138E3748F
:105A1000FF3810BD044BA0744000C35AA38200207D
:105A2000F7E7C046801F00207A1E0020F8B5092342
:105A30000124CB40050023421DD0244B1B78002BB2
:105A400002D103394C424C410127214E3770EEF709
:105A5000EBFE03221F4B1A700E2D34D82800ECF7F2
:105A60004BFF080B321932323232272A32323232AD
:105A70002D00EEF797FDF8BD032017498A7D9307A7
:105A80009B0F0133034082431A438A750122134B53
:105A90001A70F0E70124104AD37C6340D374FFF7F7
:105AA000A7FF00280FD1FFF797FF0C4B1C70E2E710
:105AB000F0F7DCF8DFE7EFF7EDF8DCE7200038403F
:105AC000F0F734FDD7E702233370D4E7D90800207C
:105AD000511F002053000020801F0020B507002028
:105AE00070B5A0230C008021DB05490099620021DC
:105AF0000F4B104D197029780A23002900D16E33FD
:105B00000D490E4E0B8000230D49B0820B700D49DC
:105B10000B700D490B700D490B709A4204D100199E
:105B200080B2FDF7D5FCB0822C70FFF755FF70BD39
:105B3000781E0020171F0020DC1E0020801F002080
:105B4000ED1E0020DB1E0020331F0020151F00204B
:105B50000022114B10B51A70104B1B78934203D0E2
:105B60000F4B0132FF325A82FFF742FFFFF734FF3B
:105B7000F7F79CFD00230B4A13800B4A13700B4A66
:105B80001370EFF737F8A0238022DB0552009A61EB
:105B9000074BFF3A1A7010BD171F0020DE1E0020B1
:105BA000801F0020DC1E0020ED1E0020331F00207F
:105BB000781E00200B0070B554001C191100E4B2CF
:105BC000122823D8ECF7ACFE1300130013001300C7
:105BD0001300130013001300130013009300F500CB
:105BE000F50055019000B001B401B801B801002CD6
:105BF00000D075E0B04B1B78002B00D070E0AF4BAD
:105C00001B78002B03D0AE4B02221A7070BDAD4B37
:105C10001B78002B1AD1AC4B1B78002BF3D1AB4B6C
:105C2000DE7CF8F7C1FA1023A94AAA4D13700D3B88
:105C30002B70A94B1978002E2DD1012908D1A74A24
:105C400011780129E2D951701670DDE70226E8E7E4
:105C50000329DBD901241E701470F8F7BDFAF6F79A
:105C60000BF99A4A9E49937D9B075B0F595A8842CC
:105C700003D39C495B5A984205D90222904B1A7073
:105C800003232B70C2E780B210829082FFF7A4FE3C
:105C9000954B1C70BAE70229B8D100211970012375
:105CA00013708E4B5C781A780A235343013CE41836
:105CB000E4B2012E0FD12000FDF7D2FB0028A2D0C4
:105CC000824A8A4B94746400E35A9382FFF784FEFD
:105CD000854B1E709AE72F2C00D994E7844BD8E7A8
:105CE0002100FFF7A3FE91E721000E20F9E7032C26
:105CF00005D101220A201100EFF746FF86E7002CAC
:105D000000D083E70322734B6D4D01341A702C7061
:105D1000EEF78AFD6C4B1B78002B2CD16E4B1B7859
:105D2000002B00D06FE7694AD37C002B0FD1654868
:105D30000578002D07D06E496C4B0978928AA140F6
:105D4000CA52694B1C7001236B4003705EE75B4DC8
:105D50002B78002B0BD00121927C644B52004942DE
:105D6000D152FFF745FEFFF737FE5F4B1C70012352
:105D70002A78534085E75F4B1B78002B03D15E4B9D
:105D80001B78002B04D1022300222B70524B3CE7DE
:105D90004C490878002808D0554A4C4D1278534B8E
:105DA000AD8A5200D552504B1C70012343400B70FA
:105DB0002CE701250B2820D1EEF736FD464B1B784A
:105DC000012C1CD1002B00D01DE73D4B1C703F4C1B
:105DD000E37E002B01D16D426DB23A4B1B78002B54
:105DE00017D003223B4B1A70414A13785B19591C98
:105DF0000CD02F2B0BDD002309E06D42DCE7002BDC
:105E000000D003E7032C00D000E7E0E72F23137056
:105E1000FCE62D4B1B78002B0BD0364B1A78002A52
:105E200000D0F0E62900A08AFFF75AFE0322294B92
:105E3000EBE6E37C002B14D0A67CE9B27018C0B26C
:105E4000FDF72CFBFF2809D0864207D0274BA07412
:105E50004000C35AA3820122234B1A70FFF7BCFDF6
:105E6000E4E7208A401980B2FDF732FBA08220824D
:105E7000F1E7194A1378002B16D0002C00D0C5E6A4
:105E800001200F49087010490978002949D1002BD9
:105E900034D10C49094B0A78002A09D11A78002A12
:105EA00006D1EEF77FFBB1E6012C00D0AEE6E7E7C6
:105EB00000220A701A70B9E7D9080020151F0020C7
:105EC000511F0020331F0020171F0020801F0020BB
:105ED000581F002053000020531F0020D003002033
:105EE00074C101087CC10108B50700207A1E00209A
:105EF000DA1E0020DE1E0020DB1E00200A211024F6
:105F00001248013BDBB2C154114913700C70002BD5
:105F100004D0012B8AD10378002B87D10023137082
:105F200084E7FFF715FE81E71800F0F7F1FB6DE657
:105F30001800F0F73BFC69E6012C00D166E602226E
:105F4000044B1A70EEF770FC60E6C046D0030020E8
:105F5000581F0020511F00200023F7B501212D4AB2
:105F60002D4D13702D4A11702D4A13702D4A138038
:105F7000AB7DAE8A9B079B0F0193002E45D02A4F25
:105F80003C78002C3CD1294A6300E0B2D15A01345C
:105F9000FFF7DDFC222CF6D12548EEF799FD1920FC
:105FA0002449FFF7D4FC19202349FFF7D0FC2348EC
:105FB000EEF78EFD01233B70214B052019784B42F3
:105FC00059410F2349421940A1231B01C918FFF76A
:105FD000BEFC30000199FFF7DBFC1A48EEF7C8FA67
:105FE000A0238022DB0552009A61174BFF3A1A70FA
:105FF000164B38351A7003232B70F7F7FDFDF7BDEC
:1060000002201349FFF7A3FCD6E702201149FFF74E
:106010009EFCE2E743080020801F0020521F002062
:10602000171F002030080020162E0020E8D9010894
:1060300090D003003CA80000BCA8000060EA00006B
:106040002508002080789D00781E0020651F002014
:106050000102000041020000054A1378082B01D913
:10606000002313701278034B9200D0587047C0463B
:10607000152E0020C4D90108F0B589B0F7F7C6FF86
:10608000704D71482B78002B05D07048012B02D041
:1060900000236F482B7008237F22009302210023E6
:1060A000F7F726FE6B4B04AC1E78002E43D16A4BEB
:1060B0006A491B681F683800ECF7C2FC380002917F
:1060C0006649ECF737FC66490200029B2000FFF7A7
:1060D000CBF80F2002AF032332006121C019F7F77C
:1060E0004BFEE6710023022210212000F7F7D4FEB8
:1060F000FFF7B2FF5B4A5C4B16882A7802901B8838
:10610000C188002A25D1594B1A78072A1CD8D201F8
:1061100013002000564980330132FFF7A5F8082309
:106120007F22009302212000033BF7F7E1FDEEF709
:10613000D5FB09B0F0BDF8F74FF84E490200C31C7B
:106140002000FFF791F8CDE720004B4904F0E3FA77
:10615000E5E79B191F1C9BB28B4200D90F1C4748D7
:10616000BFB27843ECF770FC83B21800642103934C
:10617000ECF7E0FB642185B20398ECF761FC404A40
:106180008BB21278002A52D12A0020003D49009695
:10619000FFF76AF83C4B1B78002B17D008233C25EF
:1061A000422620007F2202210093033BF7F7A0FD47
:1061B000364C374B7A22E554364B81213648E6542B
:1061C00004F082F9354BE654354BE554002FAED040
:1061D000244B344918880B7883420AD007257B1E4C
:1061E000DC101D400123AB402F4A0870155D2B4386
:1061F0001355002307201A0084462C492C4D812476
:10620000974209D9284ED010305C6646164030417E
:106210000126304200D13C3402980C70C0881B1813
:106220009BB2772B09D80131A942E8D17FE72A0038
:1062300020002049FFF718F8ACE7783B01329BB209
:1062400092B2EEE7681E0020D9BB0108E7BB010847
:10625000F0BB0108531F0020701E0020A086010023
:10626000B6B301081207002010070020152E0020E9
:1062700008BC0108FEBB010818BC0108102700007B
:106280001507002021BC0108142E0020E51A00206B
:106290000102000002020000E81C00207D02000054
:1062A0007E020000042E0020052E0020E91C0020A4
:1062B000611D002036BC010870B500220725074982
:1062C000074C13002B405B004E881B5B0132734070
:1062D0004B8002318242F4D170BDC0466807002075
:1062E000B4D90108F0B5804B8DB01B78002B19D0C4
:1062F0007E4B1C78002C15D17D4B1B78012B13D0C5
:10630000022B00D1E7E001227A4B03201A70EEF74E
:10631000EAFA0420EEF7E7FA0520EEF7E4FA0620A1
:10632000EEF7E1FA0DB0F0BD734A744C12782378A1
:10633000002A75D0FEF720FE714D80220021280032
:1063400004F0C2F86F4B1E7833007F33DBB2019349
:106350007F236D4A3340009200996C4AC95CD25C3D
:106360000136F6B20B1C914200D2131C7F21674A02
:1063700000983140525C415CDBB20F1C914200D26C
:10638000171C0024FFB23F2B07D807204121584398
:10639000ECF7D0FA06231C1AE4B200203F2F07D8EE
:1063A000073041217843ECF7C5FA0623181AC0B22A
:1063B000012106230F001B1B9F402A783A432A70B5
:1063C000844279D20F009F402A7801343A43E4B2E4
:1063D0002A70013BA042F5D2019B01359E42B7D104
:1063E0007F23009A1E40494B915D9B5D0A1C994298
:1063F00000D21A1CD2B240233F2A0BD807204121D9
:106400005043ECF797FA0623181AC0B2181A053B46
:106410008340DBB23E4A3F495354FFF7D3F872E75B
:10642000002B03D13C4C2378002B83D02000ECF7C9
:1064300051FA802207000021384804F045F88022F4
:106440000021374804F040F8032300220221354898
:10645000F7F792FC112F06D8032300221C212000FD
:10646000F7F78AFC68E70026BDB2222F02D92E007A
:10647000223EB6B21122A11902A804F054F900225A
:1064800002AB113D5A74AD1B03231C2102A8F7F780
:1064900073FC2B1CADB2112D00D911239DB207AF97
:1064A00011362A00A119380004F03DF90022042316
:1064B000022138007A55D3E784428DD906231B1A6E
:1064C0000F009F402A7801303A43C0B22A70013B46
:1064D0008442F5D280E7FEF74FFD80222100084874
:1064E00003F0F2FF99E7C0460B1F0020371F002082
:1064F0003A060020601F0020DA0300201627002043
:10650000651D002015270020952600201526002057
:10651000E51A0020FF02000018060020651C00207C
:10652000E51C002046BC0108F0B589B00522002119
:1065300004A803F0C9FFBC4EBC4C33782078002B74
:1065400054D0BB4F3B78034350D12622B94BFF3286
:106550009D5C2822FF329B5C5A1F5F2A00D91423BE
:106560003221B5485943ECF7E5F9B44B80B21880B5
:1065700003234343B24A9BB21380B24A1080B24A0B
:10658000138007224243B14B1A8005232370B04B7E
:106590001A68B04B1A800023AF4A3B701370AF4AA1
:1065A0001370AF4A1370AF4A1380AF4A1370AF4AEB
:1065B0001370AF4A1360AF4A1360AF4A3370137061
:1065C000AE4BAF4A1978002902D01178A94202D007
:1065D000157001221A70AB4C2378012B45D1EDF7D1
:1065E000D3FE022323709A4B1A6854E0052803D087
:1065F000A24B1B78002B02D100232370EBE726234C
:106600008C4FFF33FB5C01251A00914E2A40316804
:106610002B4200D170E0924C1B072CD4EEF7BAF855
:10662000002828D02378002B00D0A9E22570002272
:106630000124954B934D1A80944B1C702B789342F8
:1066400000D096E2A0230132DB05FF329A61904828
:10665000EEF73EFAFBF7FAFE02228E4B2C701A7010
:106660008D4B01201988EEF7AFFB864B1B78022B70
:1066700013D009B0F0BD0022237822705B00DBB29A
:10668000022BA8D17F4C2378012BEED1EDF77CFEB5
:10669000022332682370814B1A806D4B7F4A1B683E
:1066A00011885B1A9BB2132BE3D90025754B774CED
:1066B00015801D702570EDF767FE29005120EDF75C
:1066C000D5FB2800FBF7CEF82800FAF76DFF744BD6
:1066D00028001D702570F6F71DF8F5F751FE714B77
:1066E0001B78AB4202D00220EFF7F4FA0122694B8B
:1066F0001A70FFF7F7FDBCE793235B00FB5C032BED
:1067000000D0D5E006AF3800FEF7B2F8484D346847
:106710002878A4B2052800D95DE7ECF7EDF8031856
:10672000304859717B78002B02D003232B707EE711
:106730003B78002B00D14EE701214A4B5A4A1C807E
:106740005A4B29701B784B408B4013806FE7454BA9
:10675000554F1A880093394B39881B88A21A5B1849
:1067600092B29BB29A4200D20AE20020FEF762FC8B
:1067700000233B80009B1C8002232B7082E77B78E8
:10678000384A002B01D01480CFE73B78002B03D18F
:10679000148004332B701EE713882A49E31A0988F2
:1067A0009BB2994200D916E714800123BEE77B789B
:1067B000002B00D0E4E12B4F224A3B881288E31AD9
:1067C0009BB29A4202D80120FEF734FC3C80D3E70A
:1067D0007A78244B002A01D01C80A6E73A78002A58
:1067E00001D01C80E1E71B88174AE31A12889BB28C
:1067F0009A4200D9EFE60220FEF71CFC0523C9E708
:106800007A78184B002AE7D13E78002EE9D11B8810
:10681000E41A0E4BA4B21B88A34200D9DBE6032086
:10682000FEF708FC2E70D6E65B0000201026002044
:106830000F260020801F0020701700000626002071
:10684000042600200226002000260020FE2500202D
:106850000C0600200A2600200D2600200C26002011
:10686000FA250020FC250020F9250020F82500202D
:10687000F4250020F0250020EE2500200E26002023
:106880005A000020142600205C1F0020141F002046
:10689000204E00003A0600200C00002012260020A6
:1068A000C20700204C08002008260020781E002087
:1068B0008DB2042800D95AE1ECF732F80500310016
:1068C0007E00CB002B0104A8FDF7D2FF04AB1B78A0
:1068D00004AA5278002B12D1002A00D17BE6B44AD8
:1068E000012113700022B34B21701A70B24BB34ACE
:1068F0001D80B34B1B784B408B40138097E6002ADA
:10690000EDD093235B00FA5C263BFF3B022A03D1C8
:1069100004AA12795340E2E7A54A1278FAE7A44B99
:106920001B780093002B32D0A64B1B880293A24BFE
:1069300003931B88EB1A9BB201939E4B1B78002B91
:1069400011D104A8FDF794FF93235B00FB5C002B9F
:1069500022D1009B002B1CD004ABDB78002B02D093
:106960000122944B1A70954A029913885B18019979
:10697000994200DA04E1002301201380039B1D806B
:10698000009B5840FEF756FB022323707AE68E4B9D
:10699000CBE704AB9B78E1E7012BE4D1009B002B14
:1069A00007D1884B019A1B889342F2D804AB1B781D
:1069B000D4E704AB5B78D1E77F4B00931B88EB1ADD
:1069C0009EB27C4B1B78002B12D104A8FDF750FF20
:1069D00093235B00FB5C022B0AD0754B1B78002BCA
:1069E00014D004ABDB78002B02D00122714B1A705B
:1069F000764B1B88B34200D9EDE56E4E3278002A03
:106A000007D06B4B197801234B400FE004AB9B7808
:106A1000E9E704A8FDF72CFF04AB1B7804AA527821
:106A2000002B03D0002A00D0B7E01A0000213170FB
:106A30008A420CD0009A04A81580012222705C4A78
:106A40001370FDF715FFF2E559490978DCE70323D8
:106A5000D3E5594E3388EB1A9BB200935C4B009AF6
:106A60001B88934249D904A8FDF702FF04AB1A78AA
:106A70000120002A00D15878544B19884B085B1824
:106A8000009999421CDA002800D1A4E504AB5B7898
:106A90004749002A06D0002B06D10A700123358011
:106AA0002370C4E5002BF8D193235B00FB5C01222B
:106AB000022B03D104AB1B795A40EEE70B78FBE7BE
:106AC000002800D187E53B490B78002B00D082E5F8
:106AD00001330B7093214900785C354902280AD1B3
:106AE000002A08D004A84078002804D004AA12790B
:106AF00053400B706FE50A706DE50220FEF79AFABD
:106B00002C4B1A78002A02D000221A70C6E7042300
:106B100073E5294E04A833880193FDF7A9FE04AB61
:106B20001B78002B04D104AA52780092002A11D0BD
:106B300093225200BA5C022A09D1002B07D004AA82
:106B40005278002A03D004AB1A7901235340184A23
:106B50001370A3E7019BEE1A1E4BB6B21B88B3421B
:106B600000D938E50320FEF765FA009B45E5227061
:106B700031E5022B00D073E52C70174B1A806FE5BE
:106B800001220021154B1A70154B1980154B1978ED
:106B9000022900D11A703268EFE793235B00F95C99
:106BA000263BFF3B022900D04EE704A909792BE7D9
:106BB0000D2600200C2600200A2600200826002092
:106BC000781E002006260020042600200226002031
:106BD00000260020FE25002012260020141F002081
:106BE0005C1F002014260020F7B5051E03D0037893
:106BF0000024002B17D1F7BD0E4E0F4F33784F2BCB
:106C000006D94F2238000D4903F066FD4F2333703B
:106C1000019932780978531CB9540022DBB201344F
:106C20003370FA54E4B22B1901932B5D002BE3D19E
:106C3000E1E7C046D72500201627002017270020AF
:106C400010B5094C094A23780949D054CA5C8242DC
:106C500005D2C8547F2201331340237010BD002A8F
:106C6000F8D0013ACA54F5E7152700201526002070
:106C700095260020F0B53D4B87B003931B78059017
:106C80000293002B70D03A4B3A4D1C780493002CA1
:106C900043D021002888EBF7D7FE0026022C00D82D
:106CA0001436642714217843EBF744FE031CC0B26A
:106CB000B84200D93B1CDAB2B24200D2331CDBB27C
:106CC00019270193022C00D814272B4B019A2B482B
:106CD0001A700023049A2B801370294D029AAB542A
:106CE0002A789A422ED00122E95C002918D1254B3E
:106CF0009B5C2A2B01D03F2B0AD10024224E280076
:106D00007168EBF7DDFD002817D11F4BE4001B5D18
:106D10001E4803700023437014E064230193D3E7FB
:106D20002E2905D152003F2AE7DC0133DBB2DBE735
:106D30002D29E2D152000132F5E701340836362C14
:106D4000DDD113480378002B04D0019B9F4201D86A
:106D5000FFF74AFF0023039A2B701370059B002B4B
:106D600002D00648FFF740FF07B0F0BD2B06002019
:106D700014060020160600205C000020C7B501089C
:106D80001806002014D801087CBD0108D525002074
:106D90007DB5010810B5002804D000221B4B1A70E5
:106DA0001B4B1A70002401221A4B21001C701A4B35
:106DB0001A481C701A4B1C801A4B1C801A4B1C70F2
:106DC0001A4B1C701A4B1C701A4B1A707F3203F04E
:106DD0007BFB80222100184803F076FB7822174BBA
:106DE00052421C70164B1C70164B1C70164B1C80AC
:106DF000164B1C70164B1C70164B1A80164BDC324F
:106E00001C80164B1C70164B1A7010BDD725002025
:106E1000162700202B06002018060020152600202B
:106E2000300600202C060020320600202806002014
:106E30002706002035060020952600203306002076
:106E40002A060020290600202406002015270020FD
:106E50002E06002016000020160600201406002032
:106E60005C000020962010B50F4BC0001978EBF79E
:106E7000EBFD1423132803DDDC33984200DC83B2DE
:106E80000A4A0B49138003225A4392B20A800949E5
:106E900000200B8008490A8007214B43074A1380D2
:106EA000FFF778FF10BDC046010000201A00002047
:106EB000100000200E00002012000020140000200E
:106EC0002A4B10B51A78002A4ED000241C70284B8B
:106ED0008022210027481C7003F0F6FA802221004E
:106EE000254803F0F1FA80222100244803F0ECFA4F
:106EF00021008022224803F0E7FA0120FFF74AFF31
:106F000020490B78A3420DD01F4A204B12780C70F9
:106F1000DA771F4A1F4B1278DA7701221E4B1A705C
:106F2000F5F72EFA1D4A1378002B0BD01C4B1D4988
:106F30001B7804200B70002111708B4200D00238A6
:106F4000EEF7C8FE18490B78002B05D0174A184BEE
:106F500012781A7000230B70EDF701FA0022154B1E
:106F60001A70154B01321A7010BDC0460B1F00205D
:106F70003A060020651C0020E51C0020651D00204D
:106F8000E51D00203004002032040020851F002071
:106F900031040020861F00204E0000202F04002016
:106FA0002E0400204C0800202D0400202C0400207A
:106FB000C11F0020D9080020601F002070B5234A9F
:106FC0001378DCB2002B10D1214B5D686D42EDB21D
:106FD000204A13789D420DD1002C17D00F221E4B52
:106FE0001A7000221D4B1A7003E01378013BDBB2CC
:106FF000137070BD591C1170194A1A48D15CEDF715
:10700000D1FB002800D120000400E1E70225164B47
:10701000FF351E68F6B2154A13789E4207D1002C40
:10702000E7D00F220C4B1A700C4B0E3ADBE7013DF8
:10703000002DF4D00E490F48C95C01331370EDF7F1
:10704000B1FB002800D120000400E4E7D025002097
:107050001C000240D225002059000020C00700205B
:1070600070190020D12500207C020020D4250020AA
:1070700080020020D3250020F0B5664A8FB0137837
:107080000290DDB2002B05D1634C2378002B06D192
:107090000FB0F0BD1378013BDBB21370F8E75F4A25
:1070A0005F4E10683168401A5E49632808D910683D
:1070B000013BDBB230602370002B01D10B70E7E79E
:1070C0000B785948002B00D092E001330B7001235C
:1070D00002930024260013680021036010220AA8EE
:1070E00003F0F2F9514F01970D2104ABC9182000AC
:1070F000FCF7D8FC01234E4907A81A5C0133514024
:107100004C4A5143092BF8D14B4B0A0C1B784A408F
:107110000393019B92B21988914206D1039B1A1BDB
:1071200051424A41029B1A430BD0072101232140BF
:107130008B401900E2080AA8835C09361943815480
:10714000B6B2019B01340233E4B20193802CCBD15F
:107150007F21039B384A01330B401370002E97D0D8
:10716000364B1B78132B00D092E704ABD81CFF23BF
:107170007E390370ECF7CCFA314B05A8038002236B
:1071800005218370330A0671C3700126ECF7C0FA3B
:10719000793C0AAAEB08D35C2A002240134133420F
:1071A00019D00D2104ABC91828001D73FCF77AFC17
:1071B000092107A8ECF7ACFA01221D4B0C2004A909
:1071C0000918895C01324B401A494B43092AF5D111
:1071D0001A0C53403B800135EDB20237802DD8D1D7
:1071E00004AB981C0A2301210370ECF791FA4FE7D6
:1071F000029B002B00D06AE7124BC8211B78002BA2
:1072000000D16439136804681B1B8B4200D360E70C
:107210003EE7C046D0250020590000200C06002083
:10722000CC250020C8250020C4250020C42400202F
:10723000C59D1C8193010001C2240020550000203F
:10724000AA5500000B1F0020038810B501330380EE
:10725000FEF702FF074B084A1B8812889B18C2885A
:107260009BB29A4205D80222044B00201A70FFF705
:1072700003FF10BD1007002012070020681E002029
:1072800010B5012400210A4B0F221C70094B197004
:10729000094B1980094B1970094B1870094803F004
:1072A00013F92000FFF7E8FE074B1C7010BDC04625
:1072B000142E0020B007002010070020531F0020CC
:1072C00015070020052E0020681E0020F8B5002AB2
:1072D00045D1002943D010283ED0414B01321A70CD
:1072E0000D2800D979E0EBF707FB07070707070729
:1072F000070707074061614CF6F756FF394B1A78CC
:10730000052A29D900241C70F6F766FFF4F7B4FDAE
:1073100064254543344E33689D4221D373689D42B2
:107320001ED22800F4F742FC002819D12F4F280064
:107330003E68B18BF4F708FC34863060B0603000F2
:10734000F4F7FCFE2A4B3A6801201A60FAF78AFA31
:10735000EDF74CF8EDF706FD0422264B1A70F8BD48
:1073600001340836072CD6D1F6E70120FFF788FF55
:10737000214B224A1A8000225A80214A0833DA8798
:10738000EAE7184B1C78002C09D12000FFF778FFA2
:107390001C4B1C701C4B1C80EDF7F6FCDCE70A2232
:1073A000013CE4B21C70194B1A55D5E701230B2898
:1073B0000FD1174AD27E002A01D15B425BB2154C35
:1073C0002078013307D001300921EBF739FB217018
:1073D000C2E75B42EDE70830F6E702221A70BBE72E
:1073E000511F0020531F002044BD0108701E0020C3
:1073F0006C1E00205300002068070020CDABFFFF6B
:10740000BADCFFFF042E002012070020D00300206A
:10741000801F0020152E002010B5C27F0024A52A51
:107420001ED1427C017C12020A43817C0904114373
:10743000C27C12060A43013212D04278017812024D
:107440000A43817809041143C27812060A430132C3
:1074500006D0847FFCF7DCFB241A63425C41E4B273
:10746000200010BD030020330278FF2A04D1013030
:107470009842F9D1012070470020FCE7224B10B55B
:107480001B78002B36D09621204B89001A880023C8
:107490008A4205D91E4BD318FE2B00D9FE23DBB23E
:1074A0001C4A1178994200D913701B4B1A7801239A
:1074B00014001C401A421DD1EDF704F8174A184B6E
:1074C00012684008128E9B56A03B181883B200B277
:1074D00002005D320FDB5D331C1CDBB2282B00D9B0
:1074E00028240934E4B20F4B1A78FF2A01D0A242B3
:1074F00000D21C7010BD03008D33F4DB06219330E5
:10750000EBF7A2FAC4B2EEE7121F0020661E0020BD
:10751000A8FDFFFFDE1A002044060020701E002098
:107520001C000020DF1A002001210A4B494219806B
:107530000023094A1370094A1170094A1370094A55
:107540001370094A1370094A1360FF22084B1A701E
:107550007047C0468E06002004070020C12400208A
:10756000900600208C0600200E0700204806002010
:10757000C02400200023094A10B51380084A137064
:10758000084A1370084A1370FFF7CEFF0122074B19
:1075900005201A70FDF704FE10BDC046E21A002057
:1075A000D91A0020DC1A0020DA1A0020651F0020FA
:1075B0000023084A10B51370074A1370074A136076
:1075C000074A1360F022074B52031A60FFF7ACFF23
:1075D00010BDC046DB1A0020D81A0020D01A0020A7
:1075E000CC1A0020D41A002070B592B06B4604006B
:1075F0001720DE1DA52302AD1122FF216844337040
:1076000002F062FF2B0007CC07C3228828001A80F3
:10761000A2789A70284A1368591C11602B61FCF7F4
:10762000F7FAF423254CA87722685B039A4202D329
:10763000F0235B032360206820220AA9EDF72EF8CF
:107640000AA8FFF70FFF00281BD123681A0509D0ED
:1076500080221B0B52011B039B18F42252039342FE
:1076600027D22360206820220AA9EDF717F80AA87C
:10767000FFF7F8FE002804D12068000B0003EDF7A7
:1076800029FC0023202229002068EDF7CDFC20688A
:107690000023012231001F30EDF7C6FCF4222368DD
:1076A00052032033934201D3F0235B03236012B0D3
:1076B00070BDF0235B03D4E7D01A0020D41A002059
:1076C00010B50B00FF242340434007480A0A4343F8
:1076D00022405A4042430B0C234053404343090E7F
:1076E0005940484310BDC04693010001F0B5284DF4
:1076F00087B02B78002B0AD0264B274C1B78002B09
:1077000007D00023254A2B70FF332370137007B076
:10771000F0BDFFF7B3FE224B1E68721C1A60214BAE
:107720001F68214B1B880293204B1B7803932378FF
:1077300004931A4B1B7805931D4B1B8801335B0880
:1077400000D101339BB201931A4B1B4C1B78002BC9
:1077500002D02000FFF748FF012266600026019B4F
:1077600027602381029BE6736381039B2373049B41
:107770006373059BA3730F4B1A70104B1A70FFF7BE
:10778000D3FEFF22044B2E701A70044B1A70BEE712
:10779000121F0020DD1A0020DF1A0020DE1A002050
:1077A000CC1A0020400600203C06002044060020A1
:1077B000101F00205005002040050020D81A00208E
:1077C00001230200F0B51A4085B005000C000392B9
:1077D000184236D04B691F688023E68BDB009E423F
:1077E00000D3194E194B1A4A01931B780292002BB1
:1077F0000AD01378AB4207D1164B1B68BB4203D1AA
:10780000154B1B88B3421AD0FFF770FF0123019A72
:1078100013700022029B1D700E4B1F600E4B1E80CA
:107820000E4B1A80039AFF23002A01D029342378B3
:107830000B4A1370FF220B4B1A70FFF71FFE05B0A7
:10784000F0BD0B69C7E7C046FFFF0000121F002014
:1078500044060020400600203C060020101F0020A7
:10786000DF1A0020DE1A00200378426800780849F9
:1078700040B2002806DA7F20034046339B00CB1835
:107880005A6070474E339B00C9184A60F9E7C046FA
:10789000EC000020F7B505000F0014001E00824226
:1078A0000FD1994201DC0E001F00BE4200DDF7BD82
:1078B000F2B201231648E9B20136F6F73BFB36B2C5
:1078C000F3E7FA205E1A8000511B7043EBF7BCF817
:1078D000104906006843EBF7B7F8C3190193AC42AF
:1078E00002DB23002C001D0027007743AC42DEDCC6
:1078F000FA2138008900EBF7A7F8019BE1B2C21822
:10790000D2B201230248F6F715FB0134BF19EDE7A7
:10791000E51A002018FCFFFF064A11784F2907D806
:1079200020204B1CDBB21370034A50540021D15469
:107930007047C0462B040020DA0300200121054BCC
:1079400082B09A6B0A439A639B6B0B400193019B35
:1079500002B0704700100240F0B585B00C00150071
:1079600069461022ECF79AFE6B461B78013BDBB2AE
:10797000FD2B20D86A4600210126114813785F1E8E
:10798000FFB2FD2F08D90023137010226946200092
:1079900002F0C9FE05B0F0BD232B07D02A3BDBB2B5
:1079A0001A2B08D80700DF40374204D001310132DA
:1079B0001029E3D1E9E72900200002F0ACFEE9E755
:1079C000C1FF8007F7B506001300150000220C0068
:1079D000F6F7D2F93000EAF77DFF07214143601C3A
:1079E0000818021CC0B27F2800D97F221448D3B2E5
:1079F000E90147180193631EFE5CB4467F26624688
:107A000056408022FE5452420E00944663181B18C2
:107A1000803E019AA24207D8094BED015D197F23F0
:107A2000A95C4B40AB54F7BD18786246C0435F1A5F
:107A30001870B85D01345040B855E4B20133E8E73E
:107A4000E51A002070B51C48EDF742F880213F2070
:107A50000902ECF70BFA59201849ECF707FA6821EC
:107A60005920ECF703FA0024154A63005F20D15A2D
:107A70000134ECF7FBF9242CF6D11248EDF728F885
:107A800059201149ECF7F2F90125A4340C20EBF749
:107A9000B3FF284206D1013C0C48E4B2EDF718F8D8
:107AA000002CF3D100210220ECF7E0F90248EDF7B9
:107AB0000FF8EDF757F970BD3075000068800000D1
:107AC00068070020204E000068280000881300008E
:107AD00004220221F0B55D4C5D4BA54404935D4B3F
:107AE0005D4D1B7805AC5B4213402A782000524262
:107AF0000A401343594A1D261278134304AA5370AF
:107B0000049B1493564B1B680593564B1B680693B6
:107B1000554B1B8801335B082381544B1988544B08
:107B200061811B782373534B1B786373524B1B7813
:107B3000A373FDF705FA15AB07CC07C307CC07C342
:107B400022781A702B78002B5BD04C4B80271D6855
:107B50004B4BFF00ED1800236D09ADB20193002DD2
:107B600054D0013DADB2F0231B020CACE81840012B
:107B700020222100ECF792FD2000FFF773FC002883
:107B80003FD12000FFF748FC002833D00823227B98
:107B90001A4208D13B4B61681B68013B5B1A80218C
:107BA00089008B422DD214AB9819237819360370B3
:107BB0006378B6B24370A3788370E378C370237C94
:107BC0000371637C4371A37C8371E37CC371237A6B
:107BD0000372637A4372618902730B0A8172C37202
:107BE000637B4373A37B8373FDF7AAF9019B013386
:107BF000DBB20193013FBFB2002F02D0019B402BAB
:107C0000ADD114AB0021204A9B1905E01F4DAAE716
:107C100001361970B6B201339642F9D902ABDC1DB8
:107C20000A2323701A4B0CA80C935D2305210371C2
:107C3000EBF76EFD14A81749EBF76AFD0121200050
:107C4000EBF766FD144B9D44F0BDC0464CF9FFFFB9
:107C500002004000DD1A0020D81A0020121F002068
:107C600040060020D01A0020101F00203C060020F3
:107C700044060020DF1A0020DE1A0020D41A00205B
:107C80000000E2FFCC1A00205C060000FF030000A9
:107C9000AA5505065D060000B4060000802370B5F5
:107CA000021CDB00984201D3264B1A88264B27483A
:107CB0001978037892B28B4203D00024244B0170D0
:107CC0001C60244B24481A80002303702348017051
:107CD000234924480B70244903700B70234B1B6805
:107CE000002B02D10133037070BD0126184B1C68B4
:107CF0005309350020009D4028402C4219D01C4CCF
:107D000058015B001B5B802401339BB2E400A3425B
:107D1000A44180B2121A234092B2164C2380164B13
:107D20001A800022154B1880154B1A8001230B7006
:107D3000DAE7013BDDD2134B134C1B681B195B09BF
:107D40009BB2EAE7D4B20108E01A0020C024002068
:107D5000480600208E06002004070020C1240020D1
:107D6000900600208C0600200E070020D01A00206C
:107D70004C0600200C070020060700200807002002
:107D80000A070020D41A00200000E2FF10B5024BC1
:107D90001880FFF783FF10BDE21A002010B5124BC8
:107DA000124A1C88124B12781B789A4218D18021F3
:107DB000104A231CC9008C4201D30F4B1B88128828
:107DC0009BB29A420CD10D4B1B78002B0BD10C4B64
:107DD0001B78002B07D12000FBF7A6FE002802D15C
:107DE0002000FFF7D3FF10BDE21A0020C1240020BD
:107DF000E01A00208E060020D4B201080E070020F1
:107E00008C06002070B50D001400102805D1FBF77A
:107E10007DFE2800EEF7CAFC70BD002903D1002AC0
:107E200001D10A28F8D169490B78002B09D00A281A
:107E300003D1002D01D1664B1D70664B01221A70D3
:107E4000EAE70A38052800D9BAE0EAF755FD5E1DD1
:107E500030AC9C03002DDFD05F4D002C08D0FBF729
:107E600055FEECF7E1FCEBF75BFA01232B70D3E74F
:107E7000FBF74CFE0123594A11784B401370F4D0A4
:107E80001022574B1A70F0E7FBF740FE534B1B785C
:107E9000002B05D0ECF7C8FC0020FFF777FFCCE7FC
:107EA000504B18880028C8D0013880B2F5E7FBF79E
:107EB0002DFE4A4B1B78002B03D0ECF7B5FC4A484B
:107EC000EBE7FFF76BFF494B18780028B5D0484B1C
:107ED0001B78002BA0D1474B1B78002B03D0464BBF
:107EE0001B78002B98D03F4A4449138809880133F6
:107EF00040189BB280B2984201D913809DE73E4B57
:107F00001B78002B99D01080C7E7002D1BD1304D76
:107F1000002C16D12B78002B13D1FBF7F7FD384A34
:107F200013780133DBB2022B00D923001370002237
:107F30002C4B1A80FFF7F8FA0122274B1A70254BB9
:107F40001A70002392E7002C00D165E7204A1378CD
:107F5000002B00D060E7012010702A4A1478002C12
:107F60000FD01370284A087013701E4A1380FFF751
:107F70001FFB0123254A1370174A1370154A13700B
:107F80004AE71070F5E7002D00D145E7002C00D03E
:107F900042E7FBF7BBFD1E4A1378012B01D80133E2
:107FA000DCB2147049E7174B1C78002C02D0FBF7A9
:107FB000ADFD31E7FBF7AAFD164B1C70064B3DE704
:107FC000002C00D028E70222104B38E7DD1A0020F1
:107FD000DA1A0020601F0020651F0020D908002049
:107FE000581F0020E21A0020FF03000004070020B1
:107FF0000E0700208C060020900600208E06002030
:10800000E01A0020DC1A0020121F0020511F00205F
:10801000D91A002053000020F0B5294C0727A544A9
:1080200001938023DB010400C01800920D0002229E
:1080300003AE400002A93780ECF730FB009B002B19
:1080400014D02B0035331A781823D2001A402B8E07
:108050002E353B40134333702B787370019B002BFC
:1080600004D002AB1A8833889A4225D0338802AAFA
:1080700013808020832204AD290012010002ECF756
:108080000DFB02AA12886300EA528020832200239B
:10809000290012010002ECF7C7FF31002000F3F7BE
:1080A0004BFF8023DB009C4206D2009B002B03D1B8
:1080B00020000449F5F712FD034B9D44F0BDC04676
:1080C000BCF7FFFF3BB5010844080000A022094BA4
:1080D000D20399680A439A60022219681142FCD0BF
:1080E000052252421A6000221B6D0380024B1A8047
:1080F0007047C04600240140BC200020F7B51F0097
:1081000008AB1D7801230C001600D2000132D2B258
:1081100000933B00F5F720FFA21E0D4BD2B2002FBB
:1081200002D10C4BF601F3183E21985C013C414012
:108130007F209954E4B2E2B2954204D83E22595DC0
:108140004A405A55F7BD1A5D42401A550134F2E7CC
:1081500059080020E51A0020F0B58FB0F5F756FF5A
:10816000804B1C78002C03D00120FCF7EDFB14E0C1
:108170007D4B1B78002B12D0082501237F22210084
:108180007A480095F5F7B4FD03237F222100784853
:108190000095F5F7ADFDECF7A1FB0FB0F0BDFFF7D3
:1081A000FDFD744B1B78002B03D1734B1B78002B08
:1081B000DAD0724B1B78002B34D0714B00241D8811
:1081C0008023DB009D42E6D22800E7B2FBF7ACFC3F
:1081D0000028E0D06B4B08201B88ED1A6A4B2D015C
:1081E000EA585B1904921A895D6859895E7B03928B
:1081F0001A7B9B7B059308231340024217D0E100B2
:10820000033109B20B007B220438FFF743FB062C35
:10821000C1D05B4B01341D888023A4B26519ADB277
:10822000DB00CFE70120594B1B7858409DE7012028
:10823000104004AA1376564B0290994250D10498EC
:108240000AA9FDF71FF9534B53491A6807A8013AC9
:10825000521B92B20132FDF707F80E233A00009349
:108260000221002307A8FFF749FF029B002B3FD004
:108270000AA83B0000221121F5F7EEFD4748012333
:10828000FD000135EDB200932A0000235F21F5F7D0
:1082900063FE434B1B78012B3ED1029B002B2FD05A
:1082A000404B072E00D90726B600F15808A802F067
:1082B00032FA7F233A006B2100933B480023FFF7FB
:1082C0001DFF08A8EAF706FB05210023091A49004B
:1082D0006B312A00C9B2009308A8F5F73DFE96E776
:1082E0000AA8F4F7EBFF04AB1B7E002BABD1A6E78B
:1082F0000AA83B001121029AF5F73EFD2B48BEE784
:10830000092E06D932002A49093A08A8FCF7ACFF21
:10831000CFE732002749F8E7022B15D196239B00BF
:108320009C46059E642166443000EAF789FB3000D4
:108330008BB264210293EAF7FDFA1F49029B82B2D5
:1083400008A8FCF791FFB4E73C210398EAF778FB13
:1083500003988EB23C21EAF7EDFA3300174982B256
:10836000EEE7C046DD1A0020DC1A00204ABC0108F6
:1083700079B50108E01A0020D81A0020040700206F
:10838000E21A00208E060020940600200E0700202E
:10839000FFFF0000CC1A002013BC010894B40108B0
:1083A000D91A0020ACC701083BB501088AB90108F9
:1083B00054BC01085CBC0108D0B60108C6B601086F
:1083C00010B502780300013AD2B20120FD2A0CD880
:1083D000180020211A1D03781C008C4301D0FF2BAC
:1083E00004D101309042F6D1012010BD0020FCE7FD
:1083F000044BC25C044B0548D218136803400B437E
:108400001360704719C00108000002400F80FFFF91
:10841000044BC25C044BD21853681B0C1B040B4367
:108420005360704719C00108000002400121044B4D
:10843000044AC35C9B181A688A431A607047C04696
:1084400019C0010800000240044B054AC35C9B1898
:10845000012219680A431A607047C04619C0010812
:1084600000000240F7B513007F221040002901D11F
:10847000002B17D114224243354EB21814002C346D
:1084800024780092002C0DD0324CA57BEAB20192E8
:10849000A073677D01253A002A4094462F4202D0FE
:1084A000019BA373F7BD009A009F1163536362465B
:1084B000BA6300283ED1284D2F78FAB2012F1FD081
:1084C000032A03D0002AEBD1002B03D148232374C5
:1084D000443B0EE040222274328D93420BD81F4E53
:1084E0003678002E07D19AB2FBF74CFB0A2323748F
:1084F00001232B70D4E70020FBF744FB0223F6E7AF
:10850000002B05D1154A13700A332374043BF0E79E
:10851000328D934209D8114D2D78002D05D19AB294
:10852000FBF730FB0A232374BAE70020FBF72AFB92
:108530000223F8E7002B05D0B28F934205D928001B
:10854000FBF720FB01236375AAE79AB2F7E7C04661
:1085500040230020005C004035230020342300200D
:10856000F7B50F001400012827D00F262B4D03006C
:1085700033403A5CEB5C53403B5401308442F6D8C4
:108580006A46274B6846042113805480FDF7CEF8D5
:1085900021003800FDF7CAF823003340EB5C0134BA
:1085A000DB4301A8344003702B5D0421DB4343709F
:1085B0001C4B4380FDF7BAF82FE0902A2DD81A48BB
:1085C00002F0B1F8194900220800231D134D5B1871
:1085D00017000F263740EE5D077901327E400671A5
:1085E00001309442F4D8552252420A7022324A7025
:1085F000220ACA700F2022000240AA5C8C70D2436B
:108600001A70621C0240AA5C7230D2435A70054A4A
:108610005A8022000832FFF725FFF7BD2CDA010847
:10862000ABCDFFFFDCBAFFFFA8300020A430002054
:10863000F0B50500494CA3B0002800D1484C238870
:10864000484A934238D007D8474A93420CD0142264
:10865000464B1A7023B0F0BD454A934254D0454A68
:108660009342F4D1EDF728FB6368434A002D00D014
:10867000424A13600422424B1A70424B08321A706D
:10868000414BDB7F3C2B01D8EBF7A2F93F4B404934
:1086900001A8009302F03FF86A463E4B1B78137521
:1086A000002353752822069307930893099369467C
:1086B0002800FFF755FFCAE72F4B002D00D02F4BA6
:1086C0001B68A2689A42C2D10C222E4B00211A705C
:1086D0002B4B083A1A706B467D32D81D01F0F4FE20
:1086E0006A4669462C4B1380A279131D4B80294B97
:1086F000A0881B7888808A71002B02D102A9FCF720
:10870000C7FFA2790832D2E71B4B002D00D01B4BCC
:108710001B68A2689A429AD10C221A4B1A70184B05
:10872000083A1A706A461D4B0093A3889380194B30
:108730001E78002E05D127000C37A379DB089E4256
:1087400001D30622B3E7A388F000C018390080B235
:10875000FCF7C7FF01360837EFE7C046A02F00201F
:10876000A02E00201B050000140500001E0700209D
:108770001D050000DD0500009C2E0020982E002025
:10878000361F0020FD1E0020881F00201505240034
:1087900047C10108302200201C0500001E05020010
:1087A0000B003F2210B51140134206D1002B04D01C
:1087B0000A008120FFF756FE10BD0022014B1A70FF
:1087C000FAE7C046BE07002070B500281ED1002978
:1087D00010D0144B9D68DC686D18641A9D60DC60D5
:1087E0000FD1114A9A60FBF759FD002803D1803060
:1087F000FBF78EFC70BD220021008020FFF732FEC7
:10880000F8E722002900FBF743FCF3E77F2303404E
:10881000044A4E339B00D2185368002BEAD0984785
:10882000E8E7C046EC000020080100200E4B10B520
:108830009968DA680918121A9960DA6003D0802002
:10884000FFF710FE10BD187D002802D011001A7528
:10885000F5E7DA88002AF5D01B787F2BF2D90200E1
:108860000100FBF715FCEDE7EC000020F0B5BB4F75
:1088700087B03B79DAB20192BA79D2B202927A79B0
:10888000D2B20492BA7BD2B205925B0725D5C02240
:10889000B34D00215200280001F016FEAE22002444
:1088A0004026B04B52006E6021003C7080209C52EC
:1088B00032002C70FBF750FC320021002000FBF747
:1088C0004BFC21000120FBF74BF901227B7813437D
:1088D0007B70A54BBA727C721C70019B9B0703D501
:1088E00000210620FBF73CF9019BDE0703D50021A0
:1088F0000520FBF735F9BB7A029A1A401300019262
:10890000DB0711D50024BC73387C04230500964A8C
:10891000C1B21D40184219D0397C99433974147082
:108920000123019A9A4301920124019B002B00D05C
:10893000C0E001247D7A049B1D400195019B002B22
:1089400000D01BE1059BBB7307B0F0BDCB0602D581
:1089500080233B741570824B1878002804D0187857
:10896000C0B23870002018701478E0B2062CD7D846
:108970000124E9F7CBFF07005D00D5FF6C009C00E8
:108980009C009A002142CBD07B7C082BC8D10022CE
:108990007648774B017899540132082AFAD1714C04
:1089A000220003CB03C28023E2885B009A4206D9EF
:1089B00023787F2B03D88020FBF7AAFBB0E70020A9
:1089C0006C49E260A16022612075824205D0237863
:1089D0007F2B02D8FBF75CFBA2E7FBF75FFC0028CC
:1089E000E9D0E38826691D000293B34200D935001F
:1089F000A168E5608B070CD080235B009D4200D905
:108A00008EE75C4B2A001800039301F08CFE039B59
:108A1000A360029BB34205D9B60603D10123564A8F
:108A2000237513702A008020A168FFF71BFD77E7EC
:108A30005A6B198D986B8A4206D90818521A986396
:108A40005A63FFF7F3FE6BE710180022F7E72142A5
:108A500000D165E77A7CD0B2002A12D11900D0315A
:108A60000A6812180A601A00D83211684118116099
:108A70001A00C8321288824210D90020FFF7A4FEE3
:108A80004EE71A00D03211680200384D2C78013AB6
:108A900092B20C700131002AF8D1DFE7D4331B68A1
:108AA0009942EAD040233B743AE70020C9E700230B
:108AB000137035E70123A3400293029A019B1342EE
:108AC00029D00422BC737B7D134202D07B7D93436B
:108AD0007B7514216143224D69184B6B0A8D086B1D
:108AE00093421BD980180863896B9B1A511814266E
:108AF00066431B48801981634363002B1FD122000A
:108B00007F331A401C420FD10800FFF78FFE019BF4
:108B1000029A934301930134E4B206E7C018086354
:108B2000896B59180023E2E70E4B463292009B18DE
:108B30005B68002BEBD0802020439847E7E79A4200
:108B400000D91A0014236343ED182000296B92B258
:108B5000FBF718F801237B75D9E7C046005C00409D
:108B600040230020EC00002035230020205C004042
:108B70006023002008010020342300200126A640A5
:108B8000019B334229D00122BC737B7E134221D04A
:108B9000BB8B9AB2002B23D1142161431C4B5B1871
:108BA0001800D0300168891801608168511881600F
:108BB000D42084469C44604665460068C833801AC9
:108BC00028601B8893421BD97B7A2000B3437B72B9
:108BD000FFF7FAFD019BB34301930134E4B2ADE624
:108BE0000C4BA000C018142363430B495B58D118E9
:108BF00089B205781D7001339DB28D42F9D1CBE762
:108C00000028E1D001227B7E93437B76E2E7C046D9
:108C100040230020205C004010240020022110B5D9
:108C20000A4A0B4B9C680C4205D1013A002AF9D143
:108C300010BDDB68FCE70121044A187398680842FC
:108C4000F7D1013A002AF9D1F2E7C046A086010027
:108C500000300140F8B50423A027B0240E4EFF05D4
:108C6000B36240231D00BB622000FFF7D7FF102036
:108C7000FFF7D4FF0420FFF7D1FFBD616D1900207D
:108C8000013DFFF7CBFF002DF9D10134E4B2B82C40
:108C9000E7D10423B361F8BD000400505C2110B596
:108CA000032802D8034B4000C15A4320EBF7DEF8FB
:108CB00010BDC0460CD80108F0B5B54BAFB0DB7F96
:108CC0000EAD5A1E9341B34C0822B3492800637578
:108CD000B24E01F028FD08222900B148EBF7DEFC76
:108CE0002B781A090F2A00D1033A032162719A08DE
:108CF0000A4022710B408B4200D10023E3726B7853
:108D00001A00FF3A511E8A411A405B079B0F032B42
:108D100000D1023BA3490A70A34A1370AA781C2A07
:108D200003D805235343823B2361EB78FF2B00D10B
:108D30009E4B23819E4B1868052300280DD19D4B27
:108D40001B681B691D68FAF769FC0700FAF75CFCF1
:108D50007B089BB258430423281A974A3836106080
:108D6000964A337010600025F4F746FF944B585D27
:108D7000EAF742FE934A6B000135D052072DF5D138
:108D8000914B1A68002A03D01269904B12681A603E
:108D900001258F4B28001D708E4B1D708E4B1D7052
:108DA000FBF71CFE0020FBF719FE824B1B683433D7
:108DB00018782075F3F702FCE07AFFF76FFFFBF7F6
:108DC00079FCFBF7DDFE854B1D70844B1B7802930D
:108DD000002B03D1EBF70EFF2FB0F0BDFEF7EEF83E
:108DE0007F4B1A78002A03D000221A70EBF78CFE12
:108DF0007C4B7D491A780491002A1ED000221A70FB
:108E0000FAF70CFC802818D9714B1B78002B14D171
:108E10000121764A1170049A1370754C2778677097
:108E2000ECF78CFA0500132871D1EBF7B3FC00289E
:108E30006CD125700023A37077E0049B1B78002B76
:108E4000EBD0644C2378002B03D0FAF73DFC0023D1
:108E50002370684B1C785E4B1D78002D01D100F00B
:108E6000A2FC012C01D100F062FCFA200025049B39
:108E700080001D70EBF72CFE0C20EAF7BDFD0123EE
:108E8000184200D1EDE202202900EAF7EFFF0220AC
:108E9000EAF7B2FD400500D4E3E229003F20EAF7FB
:108EA000E5FF29000220EAF7E1FFFA204000EBF796
:108EB0000FFE2800FBF792FDFAF7FAFBFAF79CFB8E
:108EC000384B1B78AB4205D10122324B52421A81FA
:108ED000494B1A8001223F4B1A70484B1A70F5F724
:108EE00059F9304B464C1B78002B01D000F0EAFDBD
:108EF0002D4A444B12789200D258434B19783C23A8
:108F0000002900D00233414900F0F7FD10252570FB
:108F1000AF428FD1A378DA1ED2B20F2B01D8013322
:108F2000DAB23B48A270EBF7D3FD324E3378002B18
:108F300013D1132D27D10A2F0AD1364B1B78002BC2
:108F400006D0354B1B78002B02D13800FBF75EFEB4
:108F50000022304B1A70304B1A70A178032902D0CE
:108F6000102900D06DE733782478002B00D08DE0F5
:108F70000A2C00D027E1284A03294FD10120254996
:108F8000087013705DE70A2DE7D00A2FE5D0DFE700
:108F9000881F00208400002098BC0108801F00204A
:108FA00048A10000032E002082000020FFFF0000E7
:108FB00044080020541F0020902B0020EC2D00209E
:108FC00028D901087E2B0020701E0020942B002041
:108FD00080000020600000207A0000208C2B002000
:108FE000631F0020621F00207B000020002E002055
:108FF0005D000020022E002074000020810000206F
:10900000AC2B0020E0D801087700002068BC0108E4
:10901000204E000072270020712700201478002CB9
:1090200000D00EE701260127B24BB34D1C70B34BA5
:1090300016701C70B24BEC721E70B24B7F421C70EB
:10904000B14B1C70B14B1C70B14BAB80B14B1B686A
:1090500034331B782F8102932B75AF4B1F80FAF7A7
:10906000F9FAF04028600298F3F7A8FA2000FFF719
:1090700015FEAA4B1C70AA4B1F80AA4B1E70FBF753
:109080007FFDFBF7B5FAFBF739FBDAE6012B00D0E1
:1090900099E00A2C7DD004D923000D3B012B00D987
:1090A000CFE6A14D2B78002B08D10D2C01D001F07B
:1090B0002FF99E4B1878FAF749FAC2E60D2C0FD01B
:1090C000092B00D9BDE60E2C05D1994A117800294B
:1090D00000D0B6E613705A1C2A70964AD45408E0A1
:1090E000934A013B1178DBB22B70994201D10023E6
:1090F0001370FAF70BFC8E4B1A782B780393002A27
:1091000000D11A0000232D252E278A4E8A4C039960
:109110002800994205DDF15C3800092901D8303179
:10912000C8B2E05401330A2BF1D1140000269C464A
:10913000824980480968824D05901018059B471E9A
:10914000834215D1002E01D07C4B1960039B9A42BB
:109150000BD200230A27794E7A483568039A0134E6
:10916000A2420DD1002B00D035600122764B57E092
:1091700063463878029E68435D4309183800DDE78E
:10918000059B39001B5D4343ED18E9F7D3FB029BB8
:10919000E4E76A4B1C686D4BE2186D4B9A4200D9AC
:1091A0004FE6624B1878FAF7D1F96A4B1C603378B6
:1091B000002B04D1FBF71CFAFBF7B2FC41E62000C0
:1091C000FBF7E2FB3DE6032C11D00E2C3DD0112C19
:1091D00073D82000E9F790FB40717171717158717B
:1091E0007109717171712A2A716100230293434BD5
:1091F0001B78002B03D00298FAF752FB21E6404A75
:109200000299137800290DD0012B01D80133137076
:109210000122394B52421A8101224B4B1A704E4B9C
:109220001A700EE6002BF3D0013BF0E7324B1B899E
:10923000023B9CB2304B18691C81FAF70FFBA0422D
:1092400007D20120FAF72CFBE6E72B4B1B890233F0
:10925000EFE7FAF711FBDFE70020FBF7BFFB264D36
:109260002B7D012B01D80133DCB220002C75F3F7E4
:10927000A5F9224B1B78002B01D1013B2B81FBF779
:109280007FFCFBF7B5F9DCE51B4A0021D37A022B02
:1092900001D00133D9B2D17267E70123164A517D5B
:1092A0004B4053752D4A05D02223FF33D05CEAF79B
:1092B00065FBC6E590235B00F8E7002B03D1200097
:1092C000FBF7A4FCBDE5022B00D0BAE5601F0D281A
:1092D00000D9B6E5E9F71AFB9E00B5FDB5FDB5FD71
:1092E000B5FDAC0044004400B500B5FDB5FDB5FDCD
:1092F000B5FDA7007227002084000020032E002067
:109300008200002075270020982B0020C82D002007
:10931000010C0000541F002074000020D02D0020FC
:109320007E0000207A0000207D2B0020012E0020EE
:109330007C2B002067270020CC2B0020D82B00207E
:10934000A086010010270000002E0020C088E4FF46
:10935000402DA407EC2D002081000020801F00205C
:10936000CC4B1E78CC4BDD7E0123002E3BD00B2C4A
:1093700000D05D403000FBF7F7FA0C227243C74B78
:1093800004009B181A791E8902925A7907000392E9
:10939000DA88029B0592132B08D1C14B0020197863
:1093A0000693F3F7C3F80023069A13700298EAF7BE
:1093B00023FB0100002D11D0059B9B1B9C4201DC6F
:1093C000A619B7B2039A059B0298934099433B00B4
:1093D0009340194389B2EAF749FDC6E6B442F1D396
:1093E000A41BA7B2EEE70B2C00D05D40AD4AAE4BFC
:1093F000127D9B5CAD4A1068002D06D0AC4A9042AD
:1094000000D8C018FBF7C0FAAFE6AA4A9042F9D9D3
:10941000C01AF7E70022A84B1A70A84B1A70FAF787
:1094200075FA012047E60123A54A11784B40A8E5CB
:10943000984A01211378032B01D05B18D9B211701F
:1094400093E6944B00221C78002C00D0E8E6200024
:10945000FAF77CF8924B1C70994B1C70FBF72AF9B9
:10946000AAE6FBF727FD974997480D88974A068893
:109470002B005580002E04D0032373435B199B10EF
:109480009BB20380924E934833680768DB1B924F70
:109490003F78BB4200D27CE033680360002C73D17C
:1094A000CE8A13890693731E7F2B00D99BE002940A
:1094B0000794012E0FD0741EA0B27F210002E9F79D
:1094C000C3FA83B27F200793069B21005843E9F734
:1094D000BBFAC3B20293814B814A9D4200D184E022
:1094E000804B0299197003231370069B5A007E4B20
:1094F000D31808930023049303936B466A461B7B9F
:10950000117C0593049B721E1B0AD2B2B34200D297
:10951000DAB2754B54001B5B0132D2B21800B24272
:1095200001DA724A105B80225200541A5C434143B4
:109530006418240A6949A4B200228C420CD0029A11
:1095400005998A4257D1654A954254D02800FAF7C6
:1095500075FAFAF755FA0200654F05983C78210034
:10956000FAF78AFA079A039B944601330393049B04
:1095700063449BB20493039B802BBED10134E4B2BD
:109580000F2C00D9C4E03C7001225A4B1A705A4B80
:109590001A704B4B59481A7800239A420DD104880F
:1095A000574E2100153989B2B14206D8290013312E
:1095B0000123A14200DB131CDBB20580002A00D08E
:1095C000B5E0504A002B00D1A5E000201070FBF759
:1095D00005FAFAF76DF8FAF70FF84B4B1B78002BEA
:1095E00000D077E470E4802665E71378002B00D183
:1095F0007BE7013B78E73B4A059912788A422CD1F8
:10960000374A1778002F28D0344A954225D1069A38
:10961000964203D9089A1088A84205D13B4A981867
:10962000421E904140421840FAF708FAFAF7E8F96A
:109630000323DF1BFFB202000990002F8CD0200013
:10964000FAF7FCF9FAF7DCF90200012F84D1099B43
:10965000C31801335B10DAB27EE72000FAF7EEF9A7
:10966000FAF7CEF9029B0399013B02008B4200DD21
:1096700072E7029B01338B4200DA6DE7174B9D4284
:1096800000D169E70430021CC0B20F2800D90F22B4
:10969000D2B261E7982B0020801F002084D90108F6
:1096A000C82D002084000020DBD80108FC2D0020FC
:1096B0007FA4BF0740771B007D2B00207C2B002060
:1096C00075270020D42D0020DE2B0020F02D002057
:1096D0000C060020C42D00207C000020FFFF0000AD
:1096E0007327002074270020C22C0020C42C0020E7
:1096F000762B0020002E0020810000207E0000201C
:10970000E9FF0000D02D0020032E00200100FFFF04
:1097100000233B7038E7CD4B19890B1C032900D877
:109720000423043B9BB29D4235D300231370C84BE6
:109730001B78002B01D0FFF7D2FBC64A13880133F8
:109740009BB2138080225201934201D9FFF7C7FBDD
:10975000C14B1B78002B00D12BE2F4F757FCBF4B19
:109760001B78012B01D100F0A1FC022B01D100F0EC
:10977000CBFC002B00D134E2B84B1A78002A01D17F
:1097800000F06EFD0020FDF777FC0022B24B1A704E
:10979000B34B1A8015E213780133DBB21370002B40
:1097A00000D012E7C3E7002C00D028E1AD4AAE4953
:1097B000D78AAE4A0B6810681B1AAD4800788342FE
:1097C00057D30B6813603B1C802F00D980239BB2BA
:1097D000029300230493012F08D9029B7F21581E76
:1097E00080B20002E9F730F983B2049300260396B1
:1097F0006A46039B127B029994461B0A994200D841
:10980000B4E0DBB29B485900405A0133029ADBB204
:109810000500934201DA984B5D5A802362465B0053
:109820009B1A58436A43954B80181D78000A944B45
:1098300080B20022984204D0FAF700F9FAF7E0F873
:10984000020030002900FAF717F9049A039B9446A6
:10985000013663449BB2F6B20393802EC8D1013522
:10986000EDB20F2D00D82C000122844B1C707A4BD6
:109870001A70FA208000EBF72BF97A4CE588E8B2F1
:10988000802F07D93900E801E9F754F87F2800D97B
:109890007F20C0B2774B4000C35A794A934253D0DD
:1098A000784B1B78002B09D00F23774A1188A942E7
:1098B0004AD0013BDBB20232002BF7D1E068F9F766
:1098C00059FE00231900714A714E82425941050028
:1098D000306882425B41994202D02800EAF748FE94
:1098E00028003560EAF7CEFC00213020EAF7BEFA06
:1098F000684B30201988EAF7B9FAFBF7DBFA2588BC
:10990000A388AB4206D2E068A580F9F733FEE3886E
:10991000206123816388AB4216D928006580F9F75E
:1099200007FE4A4B19690A000A3A824200DD02002A
:109930000120DA60464B1870574B1A60574B19607C
:10994000574B1A60574B1960E38AE188802B03D983
:10995000554A1288012A10D8544D2C78002C31D148
:10996000012322008B426241130030E000239F421A
:1099700000D147E7029B013B43E78A189A4206DA87
:109980004B4A138801331380FAF70EF8CFE6002212
:10999000484B1A70F9F744FFF9F714FE002805D078
:1099A0000120FBF71BF8FBF709F8C0E6404A1388D3
:1099B00001331380F9F7F8FF002800D1B7E6FAF772
:1099C00035FEB4E65A1ED00FCB1791424341DBB2AD
:1099D000002B02D1F9F7CAFFA9E60022354B1A7015
:1099E000F9F71EFFF9F7EEFD0028D9D1324B1A78AE
:1099F000002AE4D01870012363402B70EAE7022CA0
:109A000000D094E6FBF756FA0122134B2B491A704B
:109A1000049B08881D70134B1A88254B5A80002818
:109A200004D0032343439B189B109AB20A80F9F792
:109A3000A9FEF9F7C7FD002804D1214B1B78002BA4
:109A400000D174E60120FAF7C9FF70E68400002017
:109A5000810000207A2B0020002E0020022E002002
:109A6000782B0020D42D00200C060020CC2D0020C7
:109A70007C000020C22C0020C42C0020762B00206B
:109A8000FFFF0000A22C0020A42C0020FF3EAB0111
:109A9000FC2D0020E02B0020700000206C00002036
:109AA000680000206400002078000020770000207B
:109AB000F02D00207B00002076000020DE2B00200F
:109AC00075270020974B984A1888431E9BB29342F3
:109AD0005FD996490CA8FBF7C7FB954B1B78002B69
:109AE00004D1944B1889944B98425AD18F490EA8AF
:109AF000FBF7BAFB91490EAB0CAA2000FBF7B4FBB5
:109B0000012300211A0020000093F4F725FA8C4B62
:109B10008C4C18883E26421C1A80032318404000B3
:109B20000019FEF7D3FABE206288238880009B18B4
:109B3000A2889B18E2889B189B105843824BD988B7
:109B4000E8F782FF80B2F2F757F91C227F4B804D75
:109B50001A702B00133A7533040022217D481E70C1
:109B600000F0B2FC0920604364212D30E8F7E2FEEA
:109B70007F231A00D11A884200D3EE54013B752B83
:109B8000F8D1EAF7B9FE0022734B1A70734B1A80B2
:109B9000DEE5F9F7CDFC724902000CA8FBF764FB87
:109BA0009BE7F9F7C5FC6E4902000EA8FBF75CFBCA
:109BB000A0E76C4A138801339BB21380132B00D9A2
:109BC000CBE5694D2C7820000134E4B2EAF78BFE36
:109BD0002C70062C01D8FFF7F8F800232B70FFF744
:109BE000F4F8F9F71BFD0400012800D87DE35F4B72
:109BF000611E1889C001E8F79DFEC3B20393231CC0
:109C0000802C00D9802300249EB2701E80B2DBB26B
:109C10007F2100020293E8F717FF250083B2049327
:109C2000731E220A9A4262DAD2B2E3B2504F510056
:109C3000C85B511C8E4200DD0A005200B95A471E13
:109C4000BFB2BC46384F4A1E92B2BC4554D9FF231E
:109C50000800BA425ED90EAAAB54049B01351C1908
:109C6000A4B2802DDCD106E08022FF210EA800F0F6
:109C70002BFC002303933F4B1B78002B1ED10125A7
:109C800002270EAC267833006678FF2E11D0320002
:109C90000121FF2B01D039009A19A378FF2B03D0A3
:109CA0009A18013192B2C9B248088018E8F7CCFE80
:109CB00060700135EDB201347F2DE4D1039B2E4A53
:109CC0007F33FF33802002929B18022240242025FC
:109CD00052424042039951187F2956D8002A4DD14B
:109CE0001978294319701978214319704AE0029BA9
:109CF0005A1ED2B2002399E7BA420BD880225200F2
:109D0000D21A42434B43D218120A90B20A4AFF2396
:109D10009042A0D01721F9F747FF1F23181AC3B2AA
:109D200099E7C046D42D0020FDFF000020B40108B3
:109D30007527002084000020FFFF000060BC0108A0
:109D40001C1F0020781F00201E1F0020CD080020AF
:109D500059080020CF080020810000207A2B002025
:109D60002CB60108782B0020772B0020F02D002046
:109D7000C22C0020032E0020E51A00200426911C8E
:109D8000B143B0D119780143197001320133032A6C
:109D9000A0D10EAB00219C46FF26C94AC94C6346A0
:109DA000C85C1F2800D8F8E0167001310132802904
:109DB000F5D100260EA8335CF5B21F2B12D80F2464
:109DC00008ABE418220029000CABF9F7ADFD2778A9
:109DD0000CAB1C78A74200D8F9E00134E4B21F2C88
:109DE00000D8FDE0B64B9B5D1F2B0ED80F2408ABAF
:109DF000E4180CAF22003B002900B148F9F794FDAC
:109E000024783B78A34200D3F6E00136802ED1D1EE
:109E1000AD4B5868FBF74CFBAC4BAD4C1B78002BA3
:109E200032D1AC4B1B68002B00D1F2E0AA4A156876
:109E3000ED1AF9F7E9FB01002800E8F77BFD82B293
:109E4000A6492000FBF710FA012600233200190072
:109E500020000096F4F780F8F9F7D6FB642105009E
:109E6000E8F7EEFD28008FB26421E8F763FD3B00C0
:109E700082B29B492000FBF7F7F900230722190063
:109E800020000096F4F768F8964E7379032B00D9FA
:109E9000C3E0954B95491D6837682800E8F7D0FD69
:109EA00028000E009149E8F745FD64210390380031
:109EB000E8F7C6FD380001916421E8F73BFD8C4DC1
:109EC00033002900039A00902000FBF7CDF901230D
:109ED00021220093242100232000F4F73DF8814B38
:109EE0001D89844B9D4200D146E4834B1B78002B97
:109EF00000D041E4F9F788FB6421E8F71BFD012459
:109F00000A2680B2092800D9CAE00434A400E3B2CA
:109F1000280017210493F9F747FE1F23181A183B4E
:109F2000C5B21840063B83400024029A0393EB0815
:109F3000DB01D3180293E1B20B005A1E9341604A31
:109F40005B4294460EAF681CDBB25A18D2B2BE5CBC
:109F5000FF2E01D086421BDD6646B25CFF2A01D08F
:109F6000824215DD01335BB2022BEDD10C2D05D8F9
:109F7000049B0133A3420BDA712C09D8029B039A8C
:109F80001B5D1A4204D101232A005C48F3F7D2FF7B
:109F90000234802CCFD1FFF7EFFB1378CFB27D08CE
:109FA000984203D8002310706355FEE6605D0E28CA
:109FB00006D801231F4200D0F7E6C0186055F4E62A
:109FC0000233DBB2202B00D133001370EDE63A00F0
:109FD0000123290002980137F3F7ACFFFFB2F7E63F
:109FE00001226319134200D0F7E613002900220072
:109FF0000298F3F79FFFF0E601226319134205D19F
:10A000001300290022000298F3F794FF0134E4B210
:10A01000F7E6F9F703FB020012E7F9F723FB21004B
:10A02000FBF730FA012300930023212219002000BE
:10A03000F3F792FF274B1B68002B23D0264A64219D
:10A040001568ED1A2800E8F7FBFC28000E006421D3
:10A05000E8F770FC33000200214901252000FBF7DE
:10A0600003F900232122302120000095F3F774FF2B
:10A07000F9F70AFB2100FBF705FA002321225D21F5
:10A08000009529E7366864213000E8F7D9FC3000F4
:10A090000D006421E8F74EFC2B0002001849DCE7B4
:10A0A00031000134E4B2E8F745FC2BE708237F22B6
:10A0B0000093022100231348F3F71AFEFFF75CFB1D
:10A0C000222C0020E22B0020F02D0020022E002068
:10A0D000AC2B002044080020C804002070BC0108FC
:10A0E0007DBC010884000020EC2D0020A08601002A
:10A0F00074BC0108FFFF000075270020E51A00204E
:10A100007CBC0108CC2B0020844B1868FBF7D0F9ED
:10A11000834C79221021200000F0D6F90023302250
:10A12000E25405337D2BFBD100237022E2540A3325
:10A13000822BFBD17B4B79211D8807272800F9F75B
:10A1400033FD00237849794E834271DB2800F9F70B
:10A15000EFF90022040076494342885C834271DAB9
:10A1600001320A2AF9D10126724D73492800FBF702
:10A170007BF800231922042128000096F3F7ECFE57
:10A1800022006E492800FBF76FF8002319221C21DA
:10A1900028000096F3F7E0FE694B1B78002B08D1EE
:10A1A000684B79211889F9F7FFFC674BC018FF232A
:10A1B00003710124654F664B1B789C4244D00C22EE
:10A1C00062435C4D634B64499A582800FBF74CF896
:10A1D0001E23E2B253435E4E183BDBB20293337848
:10A1E00002991B1B5A1E9341280022220093002330
:10A1F000F3F7B2FE594AE300D358E0B20393FAF7FB
:10A20000B3FB039B56491A562800FBF72DF8337809
:10A2100028001B1B5A1E93410299009329220023F8
:10A220000134F3F799FE1E37042CC4D1FFF7A4FACA
:10A230000A005A43B24202D922783A4322700133CB
:10A24000013481E7D2B28EE71E22FF21380000F0F0
:10A250003BF938001E22FF21803000F035F9AEE7CF
:10A260000726404B1B7802930F23029910000F31F1
:10A27000891A194096429B4101240C25C9015B4271
:10A2800030400533049138498440DB015B180021DC
:10A290009000284003903548E4B20590049D059F46
:10A2A0006D186D087D5DC8B22F09BC460127394283
:10A2B00002D00E372F40BC462D4D1F780695032542
:10A2C0002840039D2843069D2D5C3800A04365452A
:10A2D00001D2380020430131187001338029DDD1CB
:10A2E0000132102AC0D1FFF74DFA002800D1BBE49B
:10A2F000204B214A1888FF21431E9BB2934205D868
:10A30000E839F9F751FC1F21091AC9B28022ADE4DE
:10A310000E2C01D0FEF7DFFEFEF793FDFC2D002092
:10A32000E81B0020DE2B0020CDCCCCCC33333333E4
:10A33000ECD80108AC2B002086BC01088CBC0108BD
:10A340007527002084000020E41B0020E91C002069
:10A35000982B002084D9010822B60108F8D80108FA
:10A3600093BC0108762B0020E51A002076270020F8
:10A3700018D90108C22C0020FDFF0000F7B5002508
:10A380004B680A6800935F1E1300EB4008D1012F51
:10A3900005D84368C96893434A4313434360F7BDF4
:10A3A00001241300AC40234022422BD01A00032684
:10A3B0005A435643B446F643019666460468B4438E
:10A3C000009E564334430460012F06D88C6887688A
:10A3D0005443019E37403C4384600C69C768544332
:10A3E000019E37403C43C460009C022C0AD14C695A
:10A3F000FF2B09D80F26524356436243036AB343E7
:10A400001A4302620135BBE70F261B0A5B435B431D
:10A410005E435C43426AB24322434262F2E7000079
:10A420000D488546E9F7A2FA0C480D490D4A00236C
:10A4300002E0D458C4500433C4188C42F9D30A4AF9
:10A440000A4C002301E013600432A242FBD300F067
:10A4500017F8EEF795FBFEE7004000200000002013
:10A46000EC000020C8DB01086002002080320020E0
:10A47000FEE70000014B18687047C0469C000020B2
:10A4800070B500260C4C0D4D641BA410A64209D1DA
:10A49000002600F08BFE0A4C0A4D641BA410A64255
:10A4A00005D170BDB300EB5898470136EEE7B30015
:10A4B000EB5898470136F2E7C0DB0108C0DB010822
:10A4C000C4DB0108C0DB010803008218934200D1FD
:10A4D000704719700133F9E70020704770477047E3
:10A4E00070B50F4E0D0031680400002902D1EBF762
:10A4F0002FFB306029002000EBF72AFB431C03D11F
:10A5000001256D42280070BD0323C51C9D43A84250
:10A51000F8D0291A2000EBF71BFB0130F2D1EFE74E
:10A5200078320020F7B50322CB1C93430833050093
:10A530001F000C2B34D20C27B94233D8280000F06E
:10A5400071F8374E33681C00002C2FD139002800D9
:10A55000FFF7C6FF0400431C5FD134680094009BE2
:10A56000002B4AD1002C52D023682800E318009910
:10A570000193EBF7EDFA019B834248D12368280051
:10A58000FF1A3900FFF7ACFF013040D02368DB1918
:10A59000236033685A68002A33D1009B336019E086
:10A5A000002BC9DA0C232B600020FEBD2168C91BDB
:10A5B00020D40B290AD9E2192760A34204D13260C2
:10A5C00063681160536005E05A60F9E76268A3426E
:10A5D0000ED13260280000F02DF8200007220B3049
:10A5E000231D9043C21A9842DFD01B1AA350DCE708
:10A5F0005A60EFE723006468A6E7009C6368009355
:10A60000ADE71A005B68A342FBD10023DAE70C2315
:10A6100028002B6000F00EF8C6E70760DAE7C046B6
:10A620007C32002010B50248FFF758FF10BDC0462D
:10A630007432002010B50248FFF751FF10BDC0462C
:10A640007432002070B505000C1E10D0043C236845
:10A65000002B00DAE4182800FFF7E4FF1D4A136816
:10A66000002B05D1636014602800FFF7E3FF70BD85
:10A67000A34208D9206821188B42F3D119685B687E
:10A6800009182160EEE71A005B68002B01D0A34295
:10A69000F9D911685018A0420BD120680918501838
:10A6A00011608342E0D118685B6841181160536003
:10A6B000DAE7A04202D90C232B60D5E720682118E5
:10A6C0008B4203D119685B6809182160636054608C
:10A6D000CAE7C0467C32002010B5884202D98B18E8
:10A6E000984208D300239A4207D0CC5CC45401336B
:10A6F000F9E78B5C8354013AFBD210BD020010B520
:10A70000137814000132002BFAD1CA5CE2540133F1
:10A71000002AFAD110BD03000A7801311A70013302
:10A72000002AF9D17047002310B59A4200D110BD1C
:10A73000CC5CC4540133F8E7030030B51D00002A97
:10A7400006D00C78013A01332C700131002CF5D180
:10A7500000219A18934200D130BD19700133F9E7F6
:10A760000EB470B581239DB06A46002521AC9B00D4
:10A7700040CC93821B9502900690E8F7ABF80B4B08
:10A780006A460B9301230390079009485B42D382EA
:10A7900002A92300320000680F951495019400F07F
:10A7A00073F81DB070BC08BC03B01847D9A40108E9
:10A7B0009C00002030B500240139A24201D10020C4
:10A7C00005E0035D01340D5DAB42F6D0581B30BD92
:10A7D00070B514004B1C03D101256D42280070BDDB
:10A7E000938920229343626BA381CEB26368CDB27A
:10A7F000002A10D0A26B9A4207DD2368013B236038
:10A800001E70636801336360E8E7210000F044FBD9
:10A810000028F2D0E0E721692268002907D09142A0
:10A8200005D2511E0878A84201D12160EAE72364CD
:10A830002300443363630323A36323004633E263AB
:10A840001E7023600123DEE710B50C00496B002960
:10A850000ED023004433994201D0FFF7F3FE0020CD
:10A86000236C60636360834202D0E36B236010BD9E
:10A870002369012023600023A289636020331343EE
:10A88000A3814042F3E70000F0B5AB4CA5440C00B7
:10A8900000210090BE204691479103A94891A74905
:10A8A000400043AD2950A649043043AD29500293DE
:10A8B0001678002E00D13CE108230820A14D571C3A
:10A8C000A95D0B4001421DD006006368002B0FDD1F
:10A8D00023681A78AA5C324201D13A00E8E7479A25
:10A8E00001330132479262682360013A6260ECE70B
:10A8F000C02243AB520021009B5800989847002883
:10A90000E6D0EAE7252E62D14593439353782A2B6C
:10A9100002D11A3B4393971C3D000A2229786F1CF1
:10A920000B00303B092B1FD9874B032218000193E2
:10A9300000F06EFA002807D0019B3D00C01A0123E9
:10A940008340439A134343932B786F1C782B06D88C
:10A95000572B10D8252B3AD034D8002B55D00323B1
:10A9600049930733449369E0459B3D005343303B93
:10A970005B184593D2E7180058382028EFD8E7F73E
:10A98000C5FF4B00EEFFEEFF7D00EEFFEEFFEEFF9A
:10A99000EEFFEEFFEEFFEEFF88007B0024002400B8
:10A9A0002400EEFF5500EEFFEEFFEEFFEEFF9000FD
:10A9B00059004700EEFFEEFF8E00EEFF7B00EEFF3A
:10A9C000EEFF4B00453B022BC9D8052335E06368F9
:10A9D000002B0DDD23681A78B24200D0A9E00133C4
:10A9E00062682360479B013A01336260479374E7D2
:10A9F000C02343AA5B002100D35800989847002841
:10AA0000E8D04698002800D08BE0012040428CE03E
:10AA1000202243990A4343928022439992000A4399
:10AA20004392102244926E2B02D905E000234493F6
:10AA3000032302E008234493042349936368002B13
:10AA40003EDD439B5B0608D4C026082576002368BC
:10AA50003C491A788A5C2A423CD1499B022B4CDC47
:10AA60002200009802AB43A900F072F8012860D0E0
:10AA7000022800D031E7C4E70A22D3E7390003A84F
:10AA800000F0D1F94023439A070013434393012375
:10AA9000D3E74023439A134343930023CDE7022394
:10AAA000CBE7439AD30600D517E7029B4799181DB9
:10AAB00002901B68D50701D519800EE719600CE7D5
:10AAC000C02343AA5B002100D35800989847002870
:10AAD000B7D096E7479A013247926268013A6260BE
:10AAE000002A02DD01332360B1E743AB21009B590B
:10AAF000009898470028AAD083E7042B06DC2200A0
:10AB0000009802AB43A900F083F8AFE70F4B002B8E
:10AB100000D1E2E62200009802AB43A900E000BFAA
:10AB2000A4E7A3895B0600D56FE7A5239B009D449E
:10AB3000F0BD4698F9E7C0466CFDFFFFD1A70108BC
:10AB400049A80108BDDA0108C7BC010800000000DF
:10AB5000F7B515008A680C000190002A04D18A69B3
:10AB6000002A17D10132A2602268D20603D41A68E3
:10AB7000111D196017680026A069002816D0012849
:10AB80000BD12B6862691B78D35C002B0ED1002E91
:10AB90003BD029E001225242E5E7022824D12B686C
:10ABA0001A4A1B78D35C082213421DD11022236855
:10ABB0000136134203D12B681B783B7001372A689A
:10ABC0006B6801322A60A268013B013A6B60A260A7
:10ABD000002A09D0002BCFDCC0235B002900E358FA
:10ABE000019898470028C7D0226810231100194007
:10ABF0001A4206D1E3680133E360A369002B00D059
:10AC00003970002023699B192361FEBDBDDA01085C
:10AC1000F0B58BB00193784B1600049007AAA1CB36
:10AC2000A1C2764A8B690C000592032B01D1744BAB
:10AC30000593AE220020A3685200591E0390914252
:10AC400005D95E3BFF3B03935E23FF33A3602300E4
:10AC50001C330093D023002722681B011343236079
:10AC6000009B0293336807A81978BB00022218588A
:10AC700000F0CEF8002829D0012F5ED16368002BA8
:10AC800006D1083322686360F933FF33134323602E
:10AC900023685C4A13402360A3685A1EA260002BFD
:10ACA00014D033685A1C32601B78029A1370736890
:10ACB000551C013B7360002B07DCC0235B00310097
:10ACC000E3580498984700287ED102950137032F56
:10ACD000C8D16368002B01D10A3363600027636821
:10ACE00049496069C91A00F09EF8029DA36820686E
:10ACF0000293002B3FD0316863690A789B5C002B7C
:10AD000039D0302A28D180231B01184224D0039B3C
:10AD10000137002B05D01A00029B013A0133039240
:10AD2000A3607368013B7360002B1CDD3368013343
:10AD30003360A368013BA360D8E7022FACD1C023E6
:10AD400080212268DB00134089008B42C1D110238F
:10AD50006360F03313439EE72C4B034023600B7872
:10AD60002B700135DDE7C0235B003100E358049808
:10AD700098470028DDD02368DB050ED5009B9D4257
:10AD800007D9BE23013D5B0032002978E3580498BF
:10AD90009847009B01209D4229D0216810230A007A
:10ADA0001A4019421CD12A70636800990498059EC4
:10ADB000B047019B22681B68910607D501991A1DAF
:10ADC0000A601B68186008E00027D4E7191DD60741
:10ADD0000FD5019A11601B681880E3680133E360A6
:10ADE0000020009BED1A2369ED195B1923610BB05C
:10ADF000F0BD019A1160E4E7C0B2010895B1010805
:10AE000089B00108FFFAFFFFDBBC0108FFF6FFFF76
:10AE1000C9B28218904201D10020704703788B425A
:10AE2000FBD00130F6E770B50B7804005E2B19D02B
:10AE30004D1C00212200601CFF3011700132824243
:10AE4000FBD1681E002B26D001264E402800E65478
:10AE50000178451C2D2909D05D291BD000291AD065
:10AE60000B00F3E74B788D1C0121E3E742785D2A64
:10AE7000F6D09342F4DC19000230013166548A4264
:10AE8000FBDC591C934202DB00228B18E0E7D21A4C
:10AE9000013AFAE7280070BD0B00F7B54D6B44335B
:10AEA0000C009D421CD18026F6003100FFF73AFBD2
:10AEB000002802D101204042FEBD23006063A6634A
:10AEC00046331A78104BC254230045331A780F4B7F
:10AED000C2542A780E4BC254C01820600020EBE701
:10AEE0008E6B290073001A00019300F013F8051E01
:10AEF000E0D08719010032003800FFF714FC019BF5
:10AF000027606563A363E9E7FF030000FE03000019
:10AF1000FD030000F7B506000C001500002905D15F
:10AF20001100FFF7FFFA04002000FEBD002A03D144
:10AF3000FFF788FB2C00F7E700F030F907008542A7
:10AF400002D84308AB42EFD329003000FFF7EAFAFA
:10AF50000190002801D1019CE6E72A00BD4200D9FA
:10AF60003A0021000198FFF7DEFB21003000FFF7D7
:10AF700069FBF0E7F0B585B017001E000390019162
:10AF8000242B23D80C00012B20D03D4B08229C46BB
:10AF9000230061461D780134485D010011401042D4
:10AFA000F6D12D2D19D125789C1C01230093102258
:10AFB000330093431DD1302D15D1202123788B43AD
:10AFC000582B10D165780234102612E0FFF752FAA0
:10AFD00016230360002005B0F0BD00912B2DE6D1B3
:10AFE00025789C1CE3E7002EEED10A36302D00D1E7
:10AFF000023E244A009B94466344310018000293A9
:10B00000E7F71EFD0022844610002B00303B092B81
:10B0100011D81D00AE421DDD531C09D00122524241
:10B02000844505D301D1A94211DB012270432818C0
:10B0300025780134E9E72B00413B192B01D8373D36
:10B04000E8E72B00613B192B04D8573DE2E70122CA
:10B050005242EDE7531C08D12223039A0298136051
:10B06000002FB8D0631E019307E0009B002B00D097
:10B070004042002FAFD0002AF4D1019B3B60AAE7E9
:10B08000BDDA0108FFFFFF7F10B5FFF773FF10BDAA
:10B09000F0B51E003E4B17000C009C46082285B000
:10B0A00003900091230061461D780134485D010042
:10B0B00011401042F6D12D2D12D125789C1C012370
:10B0C000029310223300934316D1302D0ED120214C
:10B0D00023788B43582B09D16578023410260BE076
:10B0E00002912B2DEDD125789C1CEAE7002EF5D19D
:10B0F0000A36302D00D1023E012031004042E7F7F0
:10B1000019FC0190012031004042E7F799FC00232F
:10B110000122180094462A00303A092A12D8150054
:10B12000AE421EDD5A1C0AD00123019A5B428242C4
:10B1300005D301D1A94211DB634670432818257855
:10B140000134E8E72A00413A192A01D8373DE7E7F8
:10B150002A00613A192A04D8573DE1E701235B42EE
:10B16000EDE75A1C07D12222039918000A60002F2C
:10B1700009D105B0F0BD029A002A00D04042002F4C
:10B18000F7D0002B01D0631E0093009B3B60F0E7DB
:10B19000BDDA010810B5FFF77BFF10BD0B1F1B6860
:10B1A000181F002B01DA0B58C0187047F8B5C046BD
:10B1B000F8BC08BC9E467047F8B5C046F8BC08BC51
:04B1C0009E467047F0
:10B1C400AD033805B902B904B9023805B902C50599
:10B1D4000203B904020338050203C5055403B90484
:10B1E400540338055403C505B90261060203610618
:10B1F40054036106AD036106AD03B904AD03C5058F
:10B2040080020020000100007C020020003E224158
:10B214004141414141414141414141417F003C4221
:10B22400424224003BB5010888B4010815BA01085C
:10B23400E6B301084C31004C32004C33004C34006E
:10B244004C35004D00004800004C4F5731004C4F26
:10B254005732004C4F5733004C4F5734004C4F5724
:10B2640035004D4944000048494748008DB4010861
:10B2740079BB010812BA0108A0B9010809BA01088A
:10B284000DBA0108C31F0020C41F0020C51F0020E1
:10B29400C61F00209F2000205800C337720065306D
:10B2A4007000C3005D00000D5900688059006800FB
:10B2B4005A0055555B0055555C0030AADDBC0108A9
:10B2C40076B50108E0BC0108EFFFF7FFCBFFFBFFF9
:10B2D400FF0352454C4541534500414C4C204B45DE
:10B2E400595300564F4C544147450057454C434F22
:10B2F4004D45004D41425548415921002573204593
:10B30400646974696F6E006F6B676250473A2C41D1
:10B31400372517E4CBB59F002E2D2E2E002E2D2D74
:10B324002D2D002E2E2D2D2D002E2E2E2D2D002ECA
:10B334002E2E2E2E002D2E2E2E2E002D2D2D2E2E89
:10B34400002E2D2E2D2E2D002D2D2E2E2D2D002EAA
:10B354002E2D2D2E2E002E2D2D2D2D2E002D2E2D6D
:10B364002E2D2D002D2E2D2D2E002D2E2D2D2E2D5E
:10B37400002E2D2E2E2E002D2D2D2E2E2E002D2E78
:10B384002D2E2D2E002D2E2E2E2D002D2E2E2E2E3A
:10B394002D002E2E2D2D2E2D002E2D2E2E2D2E0059
:10B3A4002E2E2E2D2E2E2D002E2D2D2E2D2E005DEB
:10B3B4005D002533752E253035750043482D253025
:10B3C4003475004E554C4C0076372E362E394600D7
:10B3D400313233343500353433323100435443533E
:10B3E400530044435300442530336F256300554EC6
:10B3F4004C4F434B204B4559424F415244005361FB
:10B4040076653F005363616E204661696C65640034
:10B41400467265713A2D2D2D2E2D2D2D2D2D005476
:10B424006F6E653A2D2D2D00546F6E653A4E6F6E1A
:10B434006500536176653A00467265713A25752E4A
:10B44400253035750043544353533A25752E2575DD
:10B45400487A004443533A442530336F4E00253331
:10B4640064002520346420257300532564002B25B3
:10B47400303264004625752B00462575004558007A
:10B484004F46460054544E004357004245414D2018
:10B494005458004245414D2052580050310050321A
:10B4A40000545351004C4F57204241545445525973
:10B4B40000507265737320455849540053636E52AB
:10B4C4006E67003E257300555342003E3E00252E14
:10B4D400347300252E2A732E252E33730025303322
:10B4E400752E253035750025752E25750025642E9D
:10B4F400253032754B0025644B004D4F4E490053A7
:10B50400514C25640025302A752F25750044544D6F
:10B5140046202573004368617267652025752E25D2
:10B524003032755620257525250056464F20257343
:10B5340000222214140808003C26252525263C0058
:10B544003E1C08003E3E1C1C0808004142430061AA
:10B55400626300313A25750025752A3130306D73E8
:10B564000057494B490050524F46494C4500303032
:10B57400302F303000535552453F00574149542134
:10B5840000253032752F2575002B25752E25756401
:10B59400420025642E253032756B487A0055534598
:10B5A400520025730A25735700442530336F490030
:10B5B4002533642E2530357500252E33732E252E24
:10B5C40033732020004D487A0053544F50004341B8
:10B5D40052524945520A25303264733A2530336455
:10B5E4006D730054494D454F55540A253032646DEE
:10B5F4003A253032647300253032752028252E33E5
:10B60400732900252E38730A252E38730025642AE1
:10B6140031306D73004E375349580025730A257332
:10B62400002533732025642025640025643A2564AD
:10B634003A256400257320253264202530346400C3
:10B64400253032643A253032643A2530326400427F
:10B6540055494C44004D454D4F525900464C4153B9
:10B66400482025752E25752525005352414D20204F
:10B6740025752E2575252500524541440A4D414E18
:10B6840055414C0025752E25303275560A25750016
:10B694002564683A253032646D00496E73696465C7
:10B6A4000A46204C6F636B0A506C616E00464D0075
:10B6B40025302A752F253032750025302A752F2D17
:10B6C4002D00253032753A253032750025752E252A
:10B6D4003032750026494949493200242526212261
:10B6E400273A3B3F5E607C7B7D5F005365617263FC
:10B6F4006820467265710053656172636820546FF7
:10B704006E65005363616E20436F6D706C65746584
:10B71400004A616E00466562004D617200417072BC
:10B72400004D6179004A756E004A756C0041756779
:10B7340000536570004F6374004E6F760044656378
:10B74400004B45595F4D454E55004B45595F55508B
:10B75400004B45595F444F574E004B45595F455880
:10B764004954004B45595F53544152004E41525283
:10B774004F574552004E4F524D414C004641535491
:10B784000054494E5900434C4153534943004B45DF
:10B7940059530A414354494F4E53004B4559530A98
:10B7A400505454004B4559530A414354494F4E5346
:10B7B4000A50545400534F554E4400564953554172
:10B7C4004C004F4E4550555348004C4546540A5280
:10B7D400494748540A55562D4B310055500A444F99
:10B7E400574E0A55562D4B352838290044454641B5
:10B7F400554C542B0A3133372D3137340A34303019
:10B804002D343730004643432048414D0A31343407
:10B814002D3134380A3432302D3435300043412050
:10B8240048414D0A3134342D3134380A3433302D03
:10B834003435300043452048414D0A3134342D31EC
:10B8440034360A3433302D343430004742204841F2
:10B854004D0A3134342D3134380A3433302D3434F4
:10B8640030003133372D3137340A3430302D34330E
:10B8740030003133372D3137340A3430302D3433FE
:10B884003800504D522034343600474D52530A4646
:10B8940052530A4D5552530044495341424C450AB0
:10B8A400414C4C00554E4C4F434B0A414C4C0056B6
:10B8B400464F00313630306D4168204B350032320E
:10B8C40030306D4168204B3500333530306D416880
:10B8D400204B3500313430306D4168204B3100321B
:10B8E4003530306D4168204B3100524F474552008E
:10B8F4004D4443004C4F474F004E4F4E450050457A
:10B904005243454E5400555020434F444500444F44
:10B91400574E20434F44450055502B444F574E0A31
:10B92400434F44450041504F4C4C4F0A5155494EEA
:10B93400444152004348414E4E454C0A4E554D42F7
:10B944004552004E414D45004E414D450A2B0A4695
:10B95400524551004D41494E0A4F4E4C59004455F1
:10B96400414C2052580A524553504F4E44004352C2
:10B974004F53530A42414E44004D41494E205458BE
:10B984000A4455414C205258004C4F474F2B004D10
:10B9940041545249580054582F525800574944456D
:10B9A400003C2032306D003132356D003235306D5F
:10B9B400003530306D004C4F572031004C4F57202C
:10B9C40032004C4F572033004C4F572034004C4F1B
:10B9D400572035004D49440053454E5400574149C2
:10B9E40054494E47005245434549564544004D4548
:10B9F4004D2046554C4C004552524F520053454E33
:10BA040044494E47004E4152004E41522B004E2BAA
:10BA140000444352004255535900424154204C4F74
:10BA2400570054582044495341424C450054494D11
:10BA3400454F555400414C41524D00564F4C5420F3
:10BA44004849474800464C415400434C45414E0048
:10BA5400424F4F5354004D415800534841525000F7
:10BA640053544F434B004F50454E002030002E2C72
:10BA74002D2829402F5C2B3D2A233C3E5B5D7E31E3
:10BA8400006162633200646566330067686934008C
:10BA94006A6B6C35006D6E6F3600707172733700AF
:10BAA40074757638007778797A3900464C41534872
:10BAB4000A4C4947485400504F574552004D4F4E89
:10BAC40049544F5200564F5800464D205241444964
:10BAD4004F0031373530487A004C4F434B0A4B45C1
:10BAE400595041440056464F20410A56464F204281
:10BAF4000056464F0A4D454D005258204D4F44457F
:10BB0400004D41494E204F4E4C5900574944450A77
:10BB14004E4152524F570052585458204C4F4700F0
:10BB24004D5554450052784100504F5745520A48EC
:10BB34004947480052454D4F56450A4F46465345DE
:10BB440054004245414D004E4F204C4F470054593C
:10BB54005045204D4553534147450050524553539A
:10BB64002050545400534156453F0044454C3F0037
:10BB74004D2D5343414E00256425732D25644D00FE
:10BB84004D5228434825303275290056464F2843E4
:10BB940048253032752900412D5343414E282575DF
:10BBA400290043482D25303275002533642E256441
:10BBB40000252E33732E252E317300253373002573
:10BBC40034736B004D4F4E00257557504D2025732F
:10BBD400204325750041495220434F50592852446F
:10BBE40059290041495220434F505900414952209C
:10BBF400434F505928434D502900252E33732E2589
:10BC04002E3373004D454D2025303375202D2025CE
:10BC14003033750053657474696E6773005243560C
:10BC24003A253032752E25303275252520453A25A2
:10BC34006400534E443A253032752E253032752532
:10BC4400250052583A00434C454152204C4F47007E
:10BC540053392B2530327500532575004D2025733B
:10BC64002F257300413A257320256300257578003C
:10BC740025752E25303575207F25752E2530327596
:10BC84006B00533A2025750025642064426D00251D
:10BC940064644200FFFFFFFFFFFFFFFF00574541C1
:10BCA4004B004E4F524D00535452470031322E3503
:10BCB40000362E3235004C4E4173004C4E4100503C
:10BCC400474100686C4C00412D46612D663839307F
:10BCD400313233343536375D002B2D007858002E41
:10BCE4002C3F31004142433200444546330047482B
:10BCF4004934004A4B4C35004D4E4F36005051529A
:10BD0400533754555638005758595A3904040404C3
:10BD14000404050405050A0F14191E23282D3207EF
:10BD240008090A0B0C0D000102060E03040F10058E
:10BD340011121314151617414243442A230000001C
:10BD440040771B0080CBA40080CBA400A00BD100C3
:10BD5400A00BD100C0800901C0800901C00E1602E9
:10BD6400C00E1602005A6202005A6202C029CD02B5
:10BD7400C029CD0280A4BF074100000072B30108AE
:10BD8400420000007DB3010843000000AEB3010887
:10BD94004400000041B30108450000005FB30108FE
:10BDA400460000009FB30108470000005DB301088E
:10BDB400480000003AB301084900000042B30108FA
:10BDC4004A00000028B301084B00000071B30108C9
:10BDD4004C0000001CB301084D00000020B4010811
:10BDE4004E0000005EB301084F0000001FB40108BC
:10BDF4005000000069B301085100000070B301084D
:10BE040052000000AFB30108530000007EB30108E4
:10BE140054000000DEBC010855000000A8B301086E
:10BE2400560000008AB301085700000064B30108FB
:10BE340058000000A7B301085900000063B30108CB
:10BE44005A00000040B30108300000001DB401088E
:10BE54003100000021B301083200000027B30108BB
:10BE6400330000002DB301083400000090B3010832
:10BE74003500000033B301083600000039B301086F
:10BE8400370000007CB30108380000003FB301080C
:10BE9400390000005BB301082E00000045B301081F
:10BEA4002C0000004CB301083F00000053B301080C
:10BEB400270000005AB301082100000061B3010803
:10BEC4002F0000009EB301082800000068B3010899
:10BED400290000006EB301082600000075B30108B4
:10BEE4003A0000007BB301083B00000082B3010864
:10BEF4003D00000089B301082B00000083B3010852
:10BF04002D0000008FB301085F00000096B3010804
:10BF1400220000009DB3010824000000A4B301081E
:10BF240040000000ACB30108FA00F4017102E80318
:10BF3400E204C4094103010005000A0019003200AB
:10BF440064007D008403DC05D007B80B8813102738
:10BF5400D430204EA86150C3B9A800080D270108A9
:10BF6400FD2E0108B55B0108CD720108057E0108AC
:10BF74001F111F151F151D151717151D1F041F1B36
:10BF8400151B0E110E110A0451B6000801350108E3
:10BF9400F12E0008595E00087D660008492F00084C
:10BFA40051B60008A5450008A92E00082133000851
:10BFB40051330008E5380008252F000851B6000861
:10BFC400712F0008AD2F000801300008AD350008BE
:10BFD400954C0008F94400086D350008213000082C
:10BFE4003D300008757501080D520108A2C0A1A6D4
:10BFF400A424811F2F40AF121113130A0104070B4D
:10C004000205080C0306090D0E000F000810182085
:10C0140030486896C8FF081C3044586C8000000003
:10C0240000093D0000127A000024F400408651010A
:10C0340000366E0100093D0000093D0000093D0085
:10C0440000000000000000000000000000000000EC
:10C0540000000000000000000000000000000000DC
:10C0640001000000020000000300000004000000C2
:10C07400060000000700000008000000090000009E
:10C0840000000000000000000000000000000000AC
:10C094000100000002000000030000000400000092
:10C0A40012010002EF020140B736FFFF0001010256
:10C0B400030109024B000201008032080B00020256
:10C0C400020100090400000102020102052400101B
:10C0D40001052401000104240202052406000107CD
:10C0E40005830308000A09040100020A000000078E
:10C0F4000502024000000705810240000004030914
:10C10400040A0350005500590041001C0350005517
:10C114000059004100200043004400430020004433
:10C124000045004D004F001603320030003200324B
:10C134000031003200330034003500360000417015
:10C144006558004E375349582076372E362E3946D7
:10C15400000000003134000851B6000851B6000850
:10C16400DD5E0008653C0008C534000851B60008CF
:10C174006B03F802F8028002380438048403F802DE
:10C184005374657000000001506F776572000002FF
:10C1940052784443530000035278435443530004F9
:10C1A40054784443530000055478435443530006E1
:10C1B40054784F446972000754784F6666730008D8
:10C1C400572F4E000000000A42757379434C000B50
:10C1D400436F6D706E6400204D6F64650000003025
:10C1E40054584C6F636B000C43684C697374001BA8
:10C1F400436853617665000D436844656C65000EC1
:10C2040043684E616D65000F53634C69737400227B
:10C2140053635072690000235072694368310024EB
:10C22400507269436832002553636E526576001973
:10C23400463153687274004646314C6F6E6700474E
:10C24400463253687274004846324C6F6E67004938
:10C254004D204C6F6E67004A4B65794C636B001A36
:10C264005478544F75740009426174536176001117
:10C27400426174547874002F4D6963000000001EFD
:10C284004D6963426172001F436844697370001012
:10C29400504F6E4D7367002C424C54696D6500130A
:10C2A400424C4D696E000015424C4D6178000016F9
:10C2B400424C5478527800144265657000000018AE
:10C2C400526F67657200002D535445000000001C36
:10C2D400525020535445001D312043616C6C0021A1
:10C2E4005550436F646500264457436F64650027C7
:10C2F4005054542049440028442053540000002939
:10C3040044205072656C002A44204C697665002BE9
:10C31400564F580000000012537973496E66002E80
:10C3240052784D6F6465001753716C000000000073
:10C334005365745077720035536574505454003605
:10C34400536574544F540037536574454F54003843
:10C354005365744374720039536574496E76003AB8
:10C364005365744C636B003B5365744D6574003CBA
:10C37400536574475549003D5365745278410044F0
:10C38400536574546D72003E5365744F6666003491
:10C394005365744E464D0040536574566F6C0041AE
:10C3A4005365744B6579004253657453636E003F63
:10C3B400536574536176004C46204C6F636B0032B6
:10C3C40033353020456E003342617443616C00455F
:10C3D400426174547970004B5365744E6176004326
:10C3E400526573657400003100000000000000FF16
:10C3F40055562D4B35204669726D776172652C2038
:10C4040045475A554D45522B4E3753495820763798
:10C414002E362E39460D0A00001C27444444442776
:10C424001C0C12216D796D21120C0C1221616161B9
:10C4340021120C1C1C1422417F0022140814227F98
:10C4440000767676767E7F7C464545454545467C36
:10C45400003E41414122007F40404040003E414176
:10C46400413E007F09090906001F2040201F006388
:10C4740014081463007F021C027F003E4141413EC8
:10C48400006314081463007F49494936007F414121
:10C49400413E003F4038403F007F09192946004192
:10C4A4002214080008142241007F09192946003E7D
:10C4B4004141413E007F09090906002649494932A4
:10C4C400EFB60108FBB6010807B7010815B7010864
:10C4D40019B701081DB7010821B7010825B70108DC
:10C4E40029B701082DB7010831B7010835B701088C
:10C4F40039B701083DB7010841B701087F415D5DC7
:10C504005D417F006F8B472CE134F82C5E8BF893F0
:10C51400E1B6658D4A007F415D5D5D417F5B1FBA79
:10C52400EED99F559874E21A0D963DA50D69C2A5E2
:10C53400F296F9595FDC4A146318D94755112C0255
:10C54400D86467755594537F450D963DA50D69C212
:10C55400A5F296DF19F75FC215BC552A444411FDB4
:10C564000575757505FD019A38370D963DA50D695C
:10C57400C2A5F296CBC081DF1175117F3E643718D6
:10C584007FEB1523017F415D5D5D417F006A0F7480
:10C594000ED2B074B16D1859157986CE1543007F4B
:10C5A400415D5D5D417FCD5D8365E7C655BD6B3FF4
:10C5B400A91CA5E069E34A15062AFECECA3A70D939
:10C5C400EAF55C158A6722FF25AEB630F855DD071B
:10C5D400B6C21CA5E069C46615842B72E8E9231170
:10C5E400CDE6C191E6887722FD0474747405FD01DB
:10C5F400F7AE811CA5E06954FE37222BEAAAA78D69
:10C604005F3155B13FCECA24337F538EA300011A44
:10C614001C1E2022242627292D3105091319222422
:10C62400292B2C303236383C4748494A4B52530068
:10C6340045B701084EB7010855B701085EB70108B0
:10C6440067B7010814BB010870B7010879B701087E
:10C6540080B7010885B701088AB70108E2B201086A
:10C6640092B701089FB70108A8B7010884B401086C
:10C67400B9B70108BFB70108A4B801088AB701080F
:10C68400C6B70108CEB70108DFB70108F0B7010843
:10C6940009B8010821B8010838B801084FB80108E1
:10C6A40066B8010876B8010886B801088EB8010892
:10C6B4009CB80108A8B80108B3B80108A4B80108D7
:10C6C400B7B80108C2B80108CDB80108D8B8010844
:10C6D400E3B80108323134636264330030383A30ED
:10C6E400353A3232004175672031302032303236EB
:10C6F4000000000084B40108EEB80108F4B8010891
:10C70400A4B80108B9B7010857BB0108E7B201088A
:10C71400F8B80108FDB80108FDB80108E7B201083E
:10C7240002B9010884B401080AB9010812B9010860
:10C734001CB9010829B9010853B9010838B901081D
:10C7440047B901084CB9010858B9010862B9010890
:10C7540072B901087DB9010884B40108F8B8010868
:10C764008DB9010893B9010884B4010894B401088F
:10C774008AB901089AB90108A0B9010814BB0108D3
:10C7840084B4010813BA0108DEBC0108A5B9010884
:10C79400ABB90108B0B90108B5B90108BEB90108BF
:10C7A400C4B90108D6B90108A1B50108BAB901088C
:10C7B400C0B90108C6B90108CCB90108D2B9010849
:10C7C400D8B9010833BB010884B40108C9BB010806
:10C7D4001F0000001C0000001F0000001E000000DD
:10C7E4001F0000001E0000001F0000001F000000CA
:10C7F4001E0000001F0000001E0000001F000000BB
:10C80400DCB90108E1B90108E9B90108F2B9010884
:10C81400FBB9010801BA0108464D0000414D000072
:10C82400555342003BB5010819BA01081EBA010864
:10C8340026BA010831BA010839BA01083FBA010819
:10C8440049BA01084EBA0108D8B9010854BA010816
:10C854005ABA01085EBA010864BA01086ABA010842
:10C86400000000000000003E3E1C1C080800000000
:10C87400000017000300031F0A1F0A1F05190413F1
:10C884000F171C000300000E11110E000502050411
:10C894000E041008000404040010001804031E1100
:10C8A4000F021F0019151211150A07041F17150985
:10C8B4001E151D1905031F151F17150F000A00105B
:10C8C4000A00040A110A0A0A110A040115030E15C2
:10C8D400161E051E1F150A0E11111F110E1F151508
:10C8E4001F05050E151D1F041F111F1108100F1F12
:10C8F400041B1F10101F061F1F0E1F0E110E1F05F5
:10C90400020E191E1F0D16121509011F010F101F0B
:10C914000718071F0C1F1B041B031C031915131FE7
:10C92400111102040811111F02010210101001025A
:10C93400001A161C1F120C0C12120C121F0C1A16C1
:10C94400041E050C2A1E1F021C001D0010201D1FA2
:10C954000C12111F101E0E1E1E021C0C120C3E1275
:10C964000C0C123E1C0202141E0A021F120E101E90
:10C974000E180E1E1C1E120C1206281E1A1E160459
:10C984001B11001B00111B04020301121712FCFEF1
:10C99400FE06060606FEFEFC3F7F7F606060607F49
:10C9A4007F3F0000181CFEFEFE00000000006060D7
:10C9B4007F7F7F6060001C1E1E06060686FEFE7CCE
:10C9C4006070787C6E67636160600C0E0E8686868C
:10C9D40086FEFE7C307070616161617F7F3E80C045
:10C9E400E070381C0EFEFEFE0F0F0F0C0C0C0C7FBB
:10C9F4007F7FFEFEFEC6C6C6C6C6C68630707060A1
:10CA04006060607F7F3FF8FCFEC6C6C6C6C6C680AF
:10CA14003F7F7F606060607F7F3F0E0E0E0606865C
:10CA2400E6FE7E1E000000007C7F7F0300007CFE8B
:10CA3400FE86868686FEFE7C3F7F7F616161617F24
:10CA44007F3FFCFEFE06060606FEFEFC01636363F2
:10CA54006363637F3F1F00808080808080808000CC
:10CA64000001010101010101010000005E5E0000FE
:10CA7400060600060600143E143E14002E6B7F6B5F
:10CA84003A006333180C6663304B4D552250000056
:10CA940007070000001C3E6341000041633E1C0088
:10CAA400002A1C1C2A0018187E7E181800406020DA
:10CAB40000000018181818000000606000006030C2
:10CAC400180C06033E7F63637F3E64667F7F60606D
:10CAD40062737B7B6F6663636B6B7F36383C367F38
:10CAE4007F306F6F6B6B7B333E7F6B6B7B320303EB
:10CAF400737B0F07367F6B6B7F36066F6B6B7F3EE6
:10CB040000006C6C000000406C2C000008142241F2
:10CB14000000363636363600004122140800060777
:10CB2400535B1F0E307B6B7B7F3E7E7F1B1B7F7EA8
:10CB34007F7F6B6B7F363E7F636363367F7F636388
:10CB44007F3E7F7F6B6B6B637F7F1B1B1B033E7F73
:10CB5400636B7B3A7F7F0C0C7F7F63637F7F6363B0
:10CB64003073637F3F037F7F1C3663417F7F606048
:10CB740060607F7F06067F7F7F7F0C187F7F3E7F0C
:10CB840063637F3E7F7F1B1B1F0E3E7F63737F7E2D
:10CB94007F7F1B3B7F66666F6B6B7B3303037F7FFB
:10CBA40003033F7F60607F3F1F3F60603F1F3F7F05
:10CBB40030307F3F63771C1C7763070F78780F074B
:10CBC40063737B6F6763007F7F6363000102040804
:10CBD40010600063637F7F000C0E03030E0C606023
:10CBE40060606060000307060000207656567E3CB5
:10CBF4007F7F6C6C7C38387C6C6C6C00387C6C6C23
:10CC04007F7F3C7E56565E0C7E7F1B1B02000C5EB3
:10CC140056567E3C7F7F0C0C7C7800007A7A0000AC
:10CC24003060607D3D007F7F183C7E66003F7F4022
:10CC340000007C7C18187C7C7C7C0C0C7C783C7E12
:10CC440066667E3C7E7E36363E1C1C3E367E7E60AC
:10CC54007C7C0C0C18004C5E565676203F7F6C6C26
:10CC640060003C7C60607C3C0C3C70703C0C3C7C08
:10CC740030307C3C446C38386C44066E68687E3EC8
:10CC840066767E6E6600083E7741000000007F00F5
:10CC940000000041773E08000C060C180C00000050
:10CCA4005E000000000600060000143E143E14005E
:10CCB40026497F493200631308046261304B4D55A5
:10CCC4002250000007070000001C22410000004120
:10CCD400221C0000002A1C1C2A0008083E08080028
:10CCE40000406020000000080808080000006060A0
:10CCF40000004020100804023E414141413E0040F2
:10CD0400427F40406251514949462241494949368E
:10CD1400181412117F102745454545393E494949A4
:10CD240049320101710905033649494949364649E1
:10CD34004949291E00006C6C000000406C2C000066
:10CD44000814224100001414141414000041221485
:10CD54000800020151090600304A4A523C007E098B
:10CD64000909097E7F49494949363E4141414122E9
:10CD74007F414141413E7F49494949417F09090970
:10CD840009013E414949493A7F080808087F414161
:10CD94007F4141002041413F01017F080C122140A5
:10CDA4007F40404040407F020404027F7F02040829
:10CDB400107F3E414141413E7F09090909063E4138
:10CDC4005161413E7F090919294626494949493299
:10CDD40001017F0101003F404040403F073840408F
:10CDE40038073F403030403F631408081463070895
:10CDF40070080700615149454341007F41410000EB
:10CE0400010204081060000041417F000402010295
:10CE14000400404040404040000307060000205406
:10CE2400545478007F44444438003844444428002F
:10CE3400384444447F003854545448007C0A0A0A55
:10CE44000200585454543C007F0404047800000049
:10CE54007A0000002040403D0000007F102844007C
:10CE640000003F4000007C047C0478007C0404043F
:10CE740078003844444438007C141414080008141E
:10CE840014147C407C040404080008545454200006
:10CE94003F44444440003C4040403C000C3040305F
:10CEA4000C003C4030403C004428102844000C5006
:10CEB40050503C004464544C440008364100000087
:10CEC40000007F000000000041360800040204084E
:10CED4000400000000FCFC00000000000D0D000038
:10CEE400000F1F00001F0F0000000000000020F8CA
:10CEF400F820F8F820020F0F020F0F0270F8888E46
:10CF04008E9810040C0838380F0730300080C06049
:10CF1400300C060301000C0C80D87CE4BCD840071C
:10CF24000F0808070F0800101F0F00000000000082
:10CF3400000000000000F0F80C0400000003070CDF
:10CF440008000000040CF8F0000000080C070300BF
:10CF54000080A0E0C0E0A000000203010302008002
:10CF640080E0E08080000000030300000000000077
:10CF74000000000000101E0E000080808080808071
:10CF8400800000000000000000000000000000001D
:10CF940000000C0C000000000080C060300C060390
:10CFA40001000000F8FC040404FCF8070F0808085A
:10CFB4000F07001018FCFC00000008080F0F0808F9
:10CFC400181C0484C47C380C0E0B09080808181CAF
:10CFD400444444FCB8060E0808080F0780C06030BB
:10CFE40018FCFC01010101010F0F7C7C444444C482
:10CFF40084040C0808080F07F0F84C4444C4800764
:10D004000F0808080F0704040484E47C1C00000EC5
:10D014000F010000B8FC444444FCB8070F0808089A
:10D024000F0778FC848484FCF8000808080C0703C4
:10D034000000003030000000000006060000000080
:10D0440000303000000000080E0600000080C060C0
:10D0540030180800000103060C08404040404040DE
:10D0640040020202020202020008183060C080007E
:10D07400080C06030100383C0484C47C380000001A
:10D084000D0D0000F0F808C8C8F8F0070F080B0BE6
:10D094000B01F8FC848484FCF80F0F0000000F0FD0
:10D0A400FCFC444444FCB80F0F0808080F07F8FCC4
:10D0B4000404041C18070F0808080E06FCFC0404EA
:10D0C4000CF8F00F0F08080C0703FCFC444444045C
:10D0D400040F0F0808080808FCFC44444404040F27
:10D0E4000F0000000000F8FC0484849C98070F08DB
:10D0F40008080F07FCFC404040FCFC0F0F00000038
:10D104000F0F000004FCFC04000000080F0F0800CF
:10D1140000000004FCFC04060E08080F0700FCFCD9
:10D12400E030180C040F0F0103060C08FCFC00008F
:10D134000000000F0F0808080808FCFC187018FC11
:10D14400FC0F0F0000000F0FFCFC60C080FCFC0F04
:10D154000F0000010F0FF8FC040404FCF8070F088B
:10D1640008080F07FCFC848484FC780F0F0000007F
:10D174000000F8FC040404FCF8070F080C0C1F174B
:10D18400FCFC848484FC780F0F0103060C08387CB3
:10D19400444444CC88060E0808080F07000404FC25
:10D1A400FC04040000000F0F0000FCFC000000FC65
:10D1B400FC070F0808080F077CFC800080FC7C003B
:10D1C400030F0C0F0300FCFC008000FCFC0F0F0697
:10D1D40003060F0F0C3CF0C0F03C0C0C0F030003D3
:10D1E4000F0C003C7CC0C07C3C0000000F0F000012
:10D1F400040484C4643C1C0E0F09080808080000D9
:10D20400FCFC04040000000F0F0808003870E0C0A4
:10D214008000000000000103070E00000404FCFC71
:10D2240000000008080F0F00080C0603060C080095
:10D23400000000000000000000000000002020208A
:10D24400202020200000030704000000000000004C
:10D25400000000A0A0A0A0E0C0070F0808080F0F5E
:10D26400FCFC202020E0C00F0F0808080F07C0E0D6
:10D274002020206040070F0808080C04C0E020208C
:10D2840020FCFC070F0808080F0FC0E0202020E056
:10D29400C0070F09090909012020F8FC242404000F
:10D2A400000F0F000000C0E0202020E0E0074F48FE
:10D2B40048487F3FFCFC202020E0C00F0F00000006
:10D2C4000F0F000020ECEC00000000080F0F080016
:10D2D4000000000020ECEC00307040407F3FFCFC7C
:10D2E4000080C060200F0F0103060C08000004FC3E
:10D2F400FC00000000080F0F0800E0E020E020E040
:10D30400C00F0F000F000F0FE0E0202020E0C00F3F
:10D314000F0000000F0FC0E0202020E0C0070F081E
:10D3240008080F07E0E0202020E0C07F7F080808FD
:10D334000F07C0E0202020E0E0070F0808087F7FE7
:10D34400E0E060202020200F0F0000000000C0E07B
:10D35400202020202008090909090F062020FCFCB0
:10D364002020000000070F080808E0E0000000E0AB
:10D37400E0070F0808080F0FE0E0000000E0E000FD
:10D38400030F0C0F0300E0E0008000E0E0070F084B
:10D394000F080F0760E0800080E0600C0E030103BB
:10D3A4000E0CE0E0000000E0E0074F4848487F3FF3
:10D3B400202020A0E060200C0E0B090808080000C3
:10D3C40040F8BC0404000000070F0808000000BC7B
:10D3D400BC00000000000F0F0000000404BCF84073
:10D3E400000008080F070000080C040C080C0400D7
:10D3F40000000000000003081018202830383F0007
:10D40400A2F14674A46144658A4E44E084EA0003B0
:10D4140090990990A931000590990990A9310003C8
:10D4240090994688C038099000320990A933099030
:10D4340000364685F03A6685003D19130D09060449
:10D44400140F0A0806043C0364002E036100F8026A
:10D454001900D90206007602000000000000000056
:10D464000000400364002D035F00E4023C00C3029B
:10D474001500AA0205007602000000000000450322
:10D4840064003A035F00EE023200BC0219006C0231
:10D49400050058020000000000003C0364002D0356
:10D4A4006100F6021900D6020600760200000000B0
:10D4B4000000000000004703640032035F00E9023B
:10D4C4003700BF0219009C0205006F020000000033
:10D4D40000009E02B502CF02E80202031D033903D5
:10D4E400560375039303B403CE03E8030B0430041B
:10D4F40055047C04A404CE04F904260555058505C9
:10D50400B605EA051F063E06560677068F06B106DF
:10D51400CA06ED0607072B0746076B078807AE0701
:10D52400CB07F30711083B088508D108F308200945
:10D534007209C709ED0913001500160019001A0035
:10D544001E002300270029002B002C003500390081
:10D554003A003B003C004C004D004E005200550088
:10D5640059005A005C00630065006A006D006E009B
:10D57400720075007A007C0085008A009300950093
:10D584009600A300A400A500A600A900AA00AD006F
:10D59400B100B300B500B600B900BC00C600C900B4
:10D5A400CD00D500D900DA00E300E600E900EE0082
:10D5B400F400F500F90009010A010B011301190136
:10D5C4001A01250126012A012C012D013201340101
:10D5D40035013601430146014E01530156015A01FA
:10D5E4006601750186018A019401970199019A01E6
:10D5F400AC01B201B401C301CA01D301D901DA01FA
:10D60400DC01E301EC01000000000000E8033C0041
:10D614000100F4013C00020090011E000100F4012D
:10D624001E00010058021E00010070033C000300AC
:10D634006FBA010872BA010885BA01088ABA0108EA
:10D644008FBA010894BA010899BA01089EBA010870
:10D65400A4BA0108A9BA0108FDB801080000000035
:10D66400AFBA010801000000BBBA010802000000C3
:10D67400C1BA01080300000076BB010804000000E1
:10D68400C9BA010805000000CDBA0108070000006E
:10D69400D6BA010808000000DDBA0108090000003C
:10D6A400E9BA01080A000000F5BA01080B000000FD
:10D6B40000BB01080C000000FDBA01080E000000C8
:10D6C40005BB01080F000000B5B7010810000000F9
:10D6D4000FBB0108110000001BBB0108170000006C
:10D6E40024BB01081300000029BB0108140000003A
:10D6F4002DBB01081500000038BB0108160000000E
:10D7040046BB010818000000DFE5EBF1F7FAFD0065
:10D71400E8EDF2F7FAFCFE00EDF0F50000A070A1D0
:10D7240001000E886E8801000090D6900100003838
:10D73400004000000078008000000087008801009D
:10D744000030003800000070007800000086008778
:10D75400010000280030000000680070000000850F
:10D76400008601000020002800000060006800001E
:10D7740000840085010000180020000000580060AB
:10D784000000008300840100001000180000005015
:10D79400005800000082008301000008001000000F
:10D7A40000480050000000810082010000000008D1
:10D7B40000000040004800000080008101000000DB
:10D7C40020D7010803000C0032D7010803004400ED
:10D7D40044D701080300440056D70108030044005D
:10D7E40068D70108030044007AD701080300440005
:10D7F4008CD70108030044009ED7010803004400AD
:10D80400B0D70108030044002830484058205C3455
:10D814002A2A455449414E4D53555257444B474F7C
:10D824004856462A4C2A504A425843595A512A2AA1
:10D8340035342A332A2A2A322A2A2B2A2A2A2A3116
:10D84400363D2F2A2A2A2A2A372A2A2A382A3930E0
:10D854004102024204014304054403014501004618
:10D8640004044703034804004902004A040E4B031E
:10D87400054C04024D02034E02014F0307500406F7
:10D8840051040B520302530300540101550304567F
:10D89400040857030658040959040D5A04033005B3
:10D8A4001F31051E32051C330518340510350500DB
:10D8B40036050137050338050739050F2F05093FDC
:10D8C400060C2E062A2C06333D05112D06212B05A8
:10D8D4000A28050D26050264320A0000A1BC0108CD
:10D8E400A6BC0108ABBC010879736D67615B554F39
:10D8F400493F000000000000000000001CD70108A0
:10D904000400000014D70108080000000CD7010827
:10D91400080000000008020A0C040E06030B0109AB
:10D924000F070D0530373D4347487E00B7BC01085B
:10D93400B0BC0108B5BC010818100A002836087FDD
:10D94400584858005800580058005800582458485F
:10D95400486C486C087F28362836283628362836FE
:10D9640001000A0032006400FA00F401710241036C
:10D97400E803E204DC05D007C4098813102700007B
:10D98400000000000000000000000000BABC010814
:10D994001308030001000000BFBC010813050700C1
:10D9A40001000000C3BC01081300070001000000CF
:10D9B400166C14E62E910D402135D5401303E980F1
:10D9C40004D80108FCD70108F4D70108ECD70108F2
:10D9D400E4D70108DCD70108D4D70108CCD7010863
:10D9E400C4D701080800801001020000C0401F0ACB
:10D9F4002E00FF02115B00001E41000000CE00005B
:10DA04000000001097310000FF135298000000003E
:10DA140008000000E151BCA84526E400D81C503A97
:10DA2400E0EA003000020000166C14E62E910D406E
:10DA34002135D5401303E9800000000000000010E8
:10DA44000010000000100010002000000020001052
:10DA540000300000003000100040000000400010C2
:10DA64000050000000500010006000000060001032
:10DA740000700000007000100080000000806E083C
:10DA8400009000000090D60000A0000000A07001EB
:10DA94000000010000B000020010010000C00010EE
:10DAA40091E400080102010821E000088552010800
:10DAB40079600108598101080020202020202020BD
:10DAC400202028282828282020202020202020202A
:10DAD400202020202020202020881010101010103A
:10DAE4001010101010101010100404040404040486
:10DAF4000404041010101010101041414141414120
:10DB04000101010101010101010101010101010101
:10DB14000101010110101010101042424242424211
:10DB240002020202020202020202020202020202D1
:10DB34000202020210101010200000000000000079
:10DB440000000000000000000000000000000000D1
:10DB540000000000000000000000000000000000C1
:10DB640000000000000000000000000000000000B1
:10DB740000000000000000000000000000000000A1
:10DB84000000000000000000000000000000000091
:10DB94000000000000000000000000000000000081
:10DBA4000000000000000000000000000000000071
:0CDBB40000000000000000000000000065
:04DBC000D12C00085C
:04DBC400A52C000884
:10DBC80001140A01FFFF01FFFF00C80020033C0009
:10DBD800B400B400A40188FF88FF3C00F1F0F6FC13
:10DBE800F9FAFF00FFFF1313E1AC0A13000000016C
:10DBF800FFFFFFFF0100000000127A008100000013
:10DC0800A18701080200000079470108E803010123
:10DC1800200301FF1313FFFF0103FF016413130027
:10DC280001000000CEFFFFFF7EFFFFFFCEFFFFFFDA
:10DC38007EFFFFFFFFFF0101010001012000FFFF40
:10DC48000101010080380100010C800C96000000E1
:10DC58007EFFFFFFCEFFFFFF00010000A0000020B5
:10DC6800000000003C310020A43100200C320020CC
:10DC7800000000000000000000000000000000009C
:10DC8800000000000000000000000000000000008C
:10DC9800000000000000000000000000000000007C
:0CDCA80000000000000000000000000070
:10DCB4000000000000000000000000000000000060
:10DCC4000000000000000000000000000000000050
:10DCD4000000000000000000000000000000000040
:10DCE4000000000000000000000000000000000030
:10DCF4000000000000000000000000000000000020
:10DD0400000000000000000000000000000000000F
:10DD140000000000000000000000000000000000FF
:10DD240000000000000000000000000000000000EF
:10DD340000000000000000000000000000000000DF
:10DD440000000000000000000000000000000000CF
:10DD540000000000000000000000000000000000BF
:10DD640000000000000000000000000000000000AF
:10DD7400000000000000000000000000000000009F
:10DD8400000000000000000000000000000000008F
:10DD9400000000000000000000000000000000007F
:10DDA400000000000000000000000000000000006F
:10DDB400000000000000000000000000000000005F
:10DDC400000000000000000000000000000000004F
:10DDD400000000000000000000000000000000003F
:10DDE400000000000000000000000000000000002F
:10DDF400000000000000000000000000000000001F
:10DE0400000000000000000000000000000000000E
:040000050801A42129
:00000001FF
