:020000040800F2
:102800000040002065AC0108653900086739000800
:1028100000000000000000000000000000000000B8
:1028200000000000000000000000000069390008FE
:1028300000000000000000006B390008A1D800086B
:10284000B5AC0108B5AC0108B5AC0108B5AC0108E0
:10285000B5AC0108B5AC0108B5AC0108B5AC0108D0
:10286000B5AC0108B5AC0108B5AC01088D52000843
:10287000B5AC0108B5AC0108B5AC0108B5AC0108B0
:10288000B5AC0108B5AC0108B5AC0108B5AC0108A0
:10289000B5AC0108B5AC0108B5AC0108B5AC010890
:1028A000B5AC0108B5AC0108B5AC0108B5AC010880
:1028B000B5AC0108B5AC010800000000B1900108FA
:1028C00002780B78002A03D0013001319A42F7D008
:1028D000D01A70470023C25C0133002AFBD1581E76
:1028E0007047000002B47146490849000956490082
:1028F0008E4402BC7047C04602B471464908490084
:10290000095C49008E4402BC7047C04603B471465E
:10291000490840004900095E49008E4403BC7047E5
:1029200003B47146490840004900095A49008E44E1
:1029300003BC7047002243088B4274D303098B42C7
:102940005FD3030A8B4244D3030B8B4228D3030C7F
:102950008B420DD3FF22090212BA030C8B4202D321
:102960001212090265D0030B8B4219D300E0090A49
:10297000C30B8B4201D3CB03C01A5241830B8B4252
:1029800001D38B03C01A5241430B8B4201D34B033B
:10299000C01A5241030B8B4201D30B03C01A5241A0
:1029A000C30A8B4201D3CB02C01A5241830A8B4225
:1029B00001D38B02C01A5241430A8B4201D34B020E
:1029C000C01A5241030A8B4201D30B02C01A524172
:1029D000CDD2C3098B4201D3CB01C01A5241830926
:1029E0008B4201D38B01C01A524143098B4201D360
:1029F0004B01C01A524103098B4201D30B01C01A8B
:102A00005241C3088B4201D3CB00C01A5241830804
:102A10008B4201D38B00C01A524143088B4201D331
:102A20004B00C01A5241411A00D201465241104691
:102A30007047FFE701B5002000F0F0F802BDC04686
:102A40000029F7D076E7704703460B437FD4002276
:102A500043088B4274D303098B425FD3030A8B4232
:102A600044D3030B8B4228D3030C8B420DD3FF229C
:102A7000090212BA030C8B4202D31212090265D06A
:102A8000030B8B4219D300E0090AC30B8B4201D31D
:102A9000CB03C01A5241830B8B4201D38B03C01A64
:102AA0005241430B8B4201D34B03C01A5241030BDB
:102AB0008B4201D30B03C01A5241C30A8B4201D38C
:102AC000CB02C01A5241830A8B4201D38B02C01A37
:102AD0005241430A8B4201D34B02C01A5241030AAE
:102AE0008B4201D30B02C01A5241CDD2C3098B4293
:102AF00001D3CB01C01A524183098B4201D38B0110
:102B0000C01A524143098B4201D34B01C01A5241B2
:102B100003098B4201D30B01C01A5241C3088B42F7
:102B200001D3CB00C01A524183088B4201D38B00E2
:102B3000C01A524143088B4201D34B00C01A524184
:102B4000411A00D201465241104670475DE0CA0F5B
:102B500000D04942031000D34042534000229C461B
:102B600003098B422DD3030A8B4212D3FC22890125
:102B700012BA030A8B420CD3890192118B4208D3FB
:102B8000890192118B4204D389013AD0921100E05D
:102B90008909C3098B4201D3CB01C01A5241830971
:102BA0008B4201D38B01C01A524143098B4201D39E
:102BB0004B01C01A524103098B4201D30B01C01AC9
:102BC0005241C3088B4201D3CB00C01A5241830843
:102BD0008B4201D38B00C01A5241D9D243088B4299
:102BE00001D34B00C01A5241411A00D2014663463C
:102BF00052415B10104601D34042002B00D54942A0
:102C0000704763465B1000D3404201B5002000F0DE
:102C100005F802BD0029F8D016E770477047C04696
:102C20001C2101231B04984201D3000C10391B0AFC
:102C3000984201D3000A08391B09984201D30009C0
:102C4000043902A2105C40187047C0460403020217
:102C50000101010100000000000000000448054BD4
:102C600010B5834203D0044B002B00D0984710BD11
:102C7000F8000020F8000020000000000648074986
:102C8000091A8B10C90FC91810B5491003D0044B8D
:102C9000002B00D0984710BDF8000020F80000205D
:102CA0000000000010B5074C2378002B09D1FFF776
:102CB000D5FF054B002B02D0044800E000BF0123E4
:102CC000237010BD600200200000000010C0010849
:102CD000054B10B5002B03D00449054800E000BFA8
:102CE000FFF7CCFF10BDC0460000000064020020CA
:102CF00010C00108054B82B0DA6B0243DA63DB6B6C
:102D000018400190019B02B07047C046001002407D
:102D1000054B82B01A6C02431A641B6C1840019078
:102D2000019B02B07047C04600100240802130B5C0
:102D300080240822454B49009962A40045B2002D29
:102D400000DA81E09C62C046C046C046C046C0462C
:102D5000C046C046C046C046C046C046C046C04643
:102D6000C046C046C046C046C046C046C046C04633
:102D7000C046C046C046C046C046C046C046C04623
:102D8000C046C046C046C046C046C046C046C04613
:102D9000C046C046C0469961C046C046C046C0460F
:102DA000C046C046C046C046C046C046C046C046F3
:102DB000C046C046C046C046C046C046C046C046E3
:102DC000C046C046C046C046C046C046C046C046D3
:102DD000C046C046C046C046C046C046C046C046C3
:102DE000C046C046C046C0464000C0B29962C04618
:102DF000C046C046C046C046C046C046C046C046A3
:102E0000C046C046C046C046C046C046C046C04692
:102E1000C046C046C046C046C046C046C046C04682
:102E2000C046C046C046C046C046C046C046C04672
:102E3000C046C046C046C046C046C046C046013A2D
:102E4000002A00D07AE730BD9C617CE70004005086
:102E5000054B82B05A6B02435A635B6B184001907A
:102E6000019B02B07047C046001002400222064B90
:102E700099681142FCD00122187399681142FCD064
:102E8000D868C0B27047C0460038004010B5040092
:102E9000000CC0B2FFF7EAFF200AC0B2FFF7E6FF5E
:102EA000E0B2FFF7E3FF10BD0B4B5A7E002A02D0C1
:102EB0009B7E002B0ED10322084B01211A700022A9
:102EC000074B1A70074B1970074B1B788B4201D0C8
:102ED000064B1A707047C0468C1F00204D0800201A
:102EE0005F1F00204C080020431F00205F000020CF
:102EF000084B1A68293213780133DBB2072B00D94B
:102F0000012313700122044B1A80044A044B1278E7
:102F10001A707047601F00204A080020431F0020DD
:102F20005F0000200122064B1A80064B1A683432DB
:102F300013780133DBB2032B00D1002313707047E9
:102F40004A080020601F0020012305498A7F5A405B
:102F50008A77044A1370044A1370044A1370704746
:102F60008C1F00202B0800202E080020711F00203D
:102F70000A4810B502780A4B002A0CD00633D97FD4
:102F80004C426141D97701235A400270054A1370BF
:102F9000054A137010BD0533F1E7C0462A0800202A
:102FA0008C1F00202E080020711F00200E490F4AA0
:102FB0000B7870B5501D0E4D0E4C002B0CD02D789B
:102FC000C57720780632D077012253400B700A4B28
:102FD0001A700A4B1A7070BDC67F2E70951DED7F5A
:102FE000C37725701800EDE7290800208C1F00200A
:102FF00028080020270800202E080020711F00202C
:10300000012304490A785A400A70034A1370034A9C
:1030100013707047EF1E00202E080020711F002043
:103020000123044A11784B4013700222024B1A709C
:103030007047C046200800201F0800200123044AD2
:1030400011784B4013700222024B1A707047C04631
:103050001E0800201F080020044B05481A88504312
:10306000044A801880B21880000A7047340000209B
:103070000508000019360000F0B5130007270322E9
:103080003B405A431B4B85B0D31801930123039156
:103090009C46002102900020019B5B5C0093009BFA
:1030A0006246C340134213D0039B1C18A3B23F2BAC
:1030B0000ED86546029B5A18E3B23C40A540D2B2F6
:1030C000ECB2072B0CD80C4BD5189B5C1C432C7016
:1030D00001300528E3D101310329DCD105B0F0BD71
:1030E000DB08013BDB01054E9D18AD19F618B35CFA
:1030F000ECE7C04604CF010855080020E11A002083
:10310000054B1A78002A06D000221A70034B0132B0
:103110001A70034B1A707047DC0700206C1F0020E8
:10312000711F002030B50E4B1B689A8B0D4B186831
:103130000D4B19680D4B1C6C844207D15C6C8C42A2
:1031400004D11C0048342488944207D01C00002578
:103150004A3418645964483325801A8030BDC0460B
:103160006C1E002040080020C8040020CC04002071
:103170000E4B10B51B68191E13D00D4A1268918BA7
:1031800000290ED083420ED80A4A126882420AD31E
:10319000C01AFFF7CFFB084B0021984201D801303D
:1031A00081B2080010BD0021FBE7C04640080020A6
:1031B0006C1E0020C8040020FEFF000010B5094C62
:1031C0002278531CDBB2172B00D90023064952008A
:1031D0005052064A23701378172B01D8013313700D
:1031E00010BDC046950400209604002094040020E1
:1031F0000122054B52421A800023044A1360044AFC
:103200001370044A137070470400002090040020DB
:103210008D0400208C04002070B51E4A0300126843
:103220000232D47F221C082C00D208221A491B48E3
:103230000D88083A92B2854206D100200B80844264
:1032400001D0A342404170BD15482E1C854201D9D2
:103250001448068814481036B6B21C1C834201D9A3
:10326000124804880834A4B29E4202D80120934236
:10327000E9D2A64202D801209442E4D29D4202D96A
:1032800000200B80DFE707226A430432D318DB08F3
:10329000F6E7C0466C1E002004000020FFFF00007F
:1032A000EFFF000054C10108F7FF000056C10108FC
:1032B000002806D0044A13780133DBB2032B01D86F
:1032C000137070470023FBE789040020F8B5104C09
:1032D0002368002B02D000232360F8BD0D4B0E4F56
:1032E0001B681B691D680D4B2560597B4A42514183
:1032F00048224A439B1888331E683E60FFF778FFD8
:10330000B54201D926603D60FFF70CFFE5E7C046F6
:1033100040080020601F0020C80400208C1F0020EF
:10332000074B1B78012B0AD0064B1B78012B06D0CC
:10333000012205494B7E53404B76044B1A7070476F
:10334000431F00206A1F00208C1F00202B08002034
:103350000021012210B5124B1960124B587B4240DC
:1033600011485A7304788C4202D001700F480170E2
:10337000991DC87F002801D0501CC8770533D97F1C
:10338000002901D00132DA770123094A1370094A72
:103390001370094A13700022084B1A7010BDC04602
:1033A000400800208C1F00205F1F00205C1F0020B1
:1033B0002B0800202E0800205A0000205F0000206B
:1033C000092802D83030C0B2704703000A3BFF2002
:1033D000052BF9D8014AD05CF6E7C046ADCC010810
:1033E00010B50E4A0E48137B59424B410021DBB207
:1033F00013738B4200D04831883152180260094A59
:103400001378002B03D101331370074A1370002087
:1034100009F044FE0A22054B1A8010BD8C1F0020C3
:103420006C1E00203F080020711F0020D8070020DC
:10343000194B10B51B78002B11D0FFF761FE174A0E
:10344000174B12781B7852B2002A1BD1154AD27F33
:10345000002A05D1032B02D0032009F0CDFB10BDBB
:10346000114A1278002AF5D16420104908801049C9
:103470000A7010490A7001210F4A117001210A4A8D
:103480001170E7E7084A11780029E3D114200B4AAC
:1034900010800B4AF1E7C046DA070020241F002005
:1034A0006A1F0020911F0020EA1E0020D80700207C
:1034B0005A0000203F080020711F0020460800200D
:1034C0005B000020034B10B51B78002B01D1FFF7E8
:1034D000AFFF10BDE51E0020302210B500210448CA
:1034E00017F014FC0022034B1A70034B1A7010BD26
:1034F00096040020950400209404002010B5084B89
:103500001B78012B01D9042B05D1062008F0C6FA3F
:10351000062008F0C3FA0022024B1A7010BDC04604
:10352000CC1F002040000020A023402210B5DB0566
:103530009A6215F095FF10BD10B5032804D0072836
:1035400009D0074B185C03E0064B1878A6231843F4
:10355000FFF7EAFF10BD044B18781530C0B2F7E74B
:1035600080CF0108540800203600002070B50C4BB5
:103570001B6834331C78012C0AD10321094D2878AB
:103580000130FFF747FB2970200009F0DBFC70BD1C
:10359000002CF9D1044D052128780130F1E7C0460F
:1035A0006C1E0020260800202508002070B508F0B9
:1035B00081FC114B041E00D1104B19680D002D35F4
:1035C0002A78343153425341D8B228700B78012BFA
:1035D00007D153425A4103205242104015F080FF58
:1035E00070BD002CFAD000208242F7D1044B18782D
:1035F0000130C0B2F2E7C0466C1E0020601F002000
:103600002408002070B5868B0068714308183100CB
:103610001C00150008F04AFBA04206D8A84203D2BD
:103620003100A01B08F042FB70BD2800FCE7000041
:10363000F0B5212585B0FFF775FD164B1E68164BBA
:103640001B785BB20193154B1B680293144B1B68EC
:103650000393144B1F783000039B029A0199FFF7E4
:10366000D1FF013DEDB204003060002D07D0FFF71F
:103670007FFD002803D000230B4ABB4202D120006B
:1036800005B0F0BD0232911E09888142E3D00133BA
:10369000DBB2F2E76C1E0020241F0020400800204F
:1036A000C804002016050020CC04002010B509F045
:1036B00039FF0122044B1A70044B1B78002B01D0F8
:1036C000034B1A7010BDC046BE07002048080020FA
:1036D0002E08002070B50B4D00202B78002B0DD14B
:1036E000094B1C78002C06D00A226243074B1A7043
:1036F00000232B7070BDFFF7D9FF200009F07CFA82
:10370000F6E7C046BE070020D21F0020BD070020FC
:103710000F4B70B51B78002B17D00E4D2B78002B5C
:1037200015D0002913D001230B4C0A000100812081
:10373000237015F0B9FA094B2278002A07D0013B13
:10374000002BF9D123702B7001E011F05FFA70BDEE
:10375000BC070020BB070020BA070020A08601009C
:10376000264B70B51A688023D28BDB009A422ED28A
:1037700000230A2518002249224E0A78DCB294421E
:1037800009D300280DD1042A21D1002301220B7076
:103790001D4B1A7007E06843F45C0133001980B2D6
:1037A000ECE7042AF1D000220138184D84B2110050
:1037B00020006E7B08F056FD002809D1124B1B78C3
:1037C000012B02D80222124B1A700BF04BF870BD7D
:1037D000002302210E4A1370321D520054530D4A29
:1037E000760011700C4A745313700C4A1370687B86
:1037F0000AF038FE0BF036F8E7E7C046601F0020FD
:103800005F1F0020D0030020641F00208C1F0020B9
:103810005D1F00201F0800201E0800202008002037
:10382000F8B5264B264C1A78002A03D0A11DCA777A
:1038300000221A700022234B1A70FFF74DFE224B14
:103840001F68224B3E001B78002B01D0204B1E68C6
:103850008022204BD2001B8893421CD2207BB2B224
:10386000031D5B00E25202214300E2520AF0FAFD1E
:10387000B74204D00AF0F6FF0122174B1A7000235A
:10388000383423700BF040FE012009F007FC0122C0
:10389000124B1A70F8BD124B1D6828002E6009F0FB
:1038A000A9F8280008F092FFB742E8D001232A00C7
:1038B000217BE88B0BF01AFAE1E7C0468804002070
:1038C0008C1F0020241F002084040020BF0700203C
:1038D000C407002044080020711F00206C1F002036
:1038E0006C1E002010B5174B174CDB7F002B19D036
:1038F000164A1378002B03D000231370144A137058
:10390000144A637B11688022C98BD20091420AD28B
:103910005B00E2189288E25201220F4B1A700F4BA3
:1039200092181A7010BD04335B00E05A0023012185
:103930001A0008F0D1FC0A4B9842F3D0637B5B007D
:10394000E052E9E7901F00208C1F00205F1F00203D
:103950005C1F0020601F0020B00700201F0800200F
:10396000FFFF00007047FEE770477047014B024AB7
:103970009A60704700ED00E0002800080E4B1A78AE
:1039800082420DD018700D4B0D4A1B5C0D491380FF
:103990000D4A12889B1A9AB21BB2002B01D10B70F0
:1039A00070471811002B03DD53421B115B4218B204
:1039B000064B18800123F2E7E51800209FCF01088D
:1039C000DC180020E2180020E0180020DE1800209B
:1039D000922210B5054B5200985CFFF7CFFF0022F2
:1039E000034B1A80034B1A7010BDC0468C1F002079
:1039F000401F0020E3180020F8B5802380267E4F6A
:103A00007E4C9B007600BB610500A662C046C046A6
:103A1000C046C046C046C046C046C046C046C04676
:103A2000C046C046C046C046C046C046C046C04666
:103A3000C046C046C046C046C046C046C046C04656
:103A4000C046C046C046C046C046C046C046C04646
:103A5000C046C046C046C046C046C0468020BB6285
:103A60002843FFF763F92368654A13402360C04683
:103A7000C046C046C046C046C046C046C046C04616
:103A8000C046C046C046C046C046C046C046C04606
:103A9000C046C046C046C046C046C046C046C046F6
:103AA000C046C046C046C046C046C046C046C046E6
:103AB000C046C046C046C046C046C046C0461023A9
:103AC0000020400080B2844601212069A661400A9E
:103AD000084061460843C046C046C046C046C0468E
:103AE000C046C046C046C046C046C046C046C046A6
:103AF000C046C046C046C046C046C046C046C04696
:103B0000C046C046C046C046C046C046C046C04685
:103B1000C046C046C046C046C046C046C046C04675
:103B2000C046C046C046A662C046C046C046C04663
:103B3000C046C046C046C046C046C046C046C04655
:103B4000C046C046C046C046C046C046C046C04645
:103B5000C046C046C046C046C046C046C046C04635
:103B6000C046C046C046C046C046C046C046C04625
:103B7000C046C046C046C046013B002B00D0A0E76F
:103B800023681A408023DB021343236080239B00B9
:103B9000BB61C046C046C046C046C046C046C046DF
:103BA000C046C046C046C046C046C046C046C046E5
:103BB000C046C046C046C046C046C046C046C046D5
:103BC000C046C046C046C046C046C046C046C046C5
:103BD000C046C046C046C046C046C046C046C046B5
:103BE000C046A661A361074B302D02D0472D01D1FD
:103BF000054B1880F8BDC04600140050000400506A
:103C0000FFFFF3FF3E0000203C00002070B50600DF
:103C100069200D00FFF7F0FE040003040BD46A20B6
:103C2000FFF7EAFE0C4B24030005000D1C40044383
:103C30000220346070BD6820FFF7DEFE0300002024
:103C40001A04F7D40548DB04DB0C58430449FEF79B
:103C5000FBFE28800120EDE700F0FF00EB120000E2
:103C600010270000F7B5694B694A00931B78019251
:103C7000002B26D113785BB2002B0AD0654B664A25
:103C80001B889B18062B04D8644B1B78002B18D07C
:103C9000F7BD634B1D786B1E022B27D86149624B21
:103CA0000A78002A03D0614A1278002A06D01A78CE
:103CB000002A1BD05E4A1278002A17D100220A700F
:103CC0001A70012009F0EAF901225A4B1A70019B7F
:103CD0001B785BB2002BDBD0574B1A78502AD7D811
:103CE000002A00D089E0FFF79BFDD1E74B4B012470
:103CF0001B78524F002B0AD03B78DAB2002B05D14B
:103D0000A5421AD00ED9AB1EA34229D900243B7874
:103D10004B4E002B69D1002C67D13378002B41D159
:103D20003470B5E7474BDB7D002BEFD0464B19785D
:103D30000029EBD002241A70E9E7444B1978394B7B
:103D4000002906D01A70404B1A78002ADED00022D3
:103D5000F0E71A78002AF6D11D706432334BF1E790
:103D60003B4B1978304B002914D03A490978012986
:103D700010D11A70344E3378002BC7D00C20FFF7C7
:103D80003BFE0405A40F013C63425C410023640038
:103D90003370BCE71A78002AECD101321A70244B38
:103DA0006332E6E72C4BDB7F002BB9D0023D012DBF
:103DB000B6D80C20FFF720FE0005800F0128AFD1F8
:103DC000254BDB7F002B00D162E7A0238022DB059F
:103DD00052009A62214BEC3A1A800023009A137029
:103DE00001223A701E4A137052E700233370012CEF
:103DF00000D166E7022CE3D04AE719235343194A5E
:103E000013800022184B1A7042E7C046D1070020E9
:103E1000241F00204408002000FCFFFFDA070020D8
:103E2000D7070020D5070020D2070020D0070020A8
:103E3000CF0700206C1F0020B41F0020CE070020F9
:103E4000CC0700208C1F0020CD070020D6070020C3
:103E5000D4070020D30700208F1F0020CA070020AE
:103E6000741E0020460800205B000020F0B5CBB097
:103E70001A22002104A816F049FF00245F20FFF752
:103E8000BBFD6A461021630052180134D0520D2C3C
:103E9000F4D10BAD1A220021280016F037FF2A00BA
:103EA0000023102069460918C95A0233080A107005
:103EB000517002321A2BF4D10E220021684616F0FE
:103EC00025FF2EAC7022002112A816F01FFF7022D1
:103ED0000021200016F01AFF0023EA5C552A18D0B2
:103EE00000242600250027003B4A3C4B11680A228B
:103EF0004A435A6001221D809C70DE701F725A7204
:103F0000002F5ED1FA210020C90008F027F84BB03D
:103F1000F0BD0133072BE0D1EA79072AE0D12A7AF4
:103F2000092ADDD16A7A2A2ADAD1AA7A442AD7D193
:103F3000EA7A6F2AD4D100211A0001200EAD1600B2
:103F4000CB08EB5C8E43334148276E460340F6199D
:103F5000735401317029F2D100220F206939130006
:103F6000942603404B4376009B1915096B445B195B
:103F70006D46E03EAD19AD5C703B01321D70702A9C
:103F8000EDD10022012507200600A35C96432B40BB
:103F9000B3406E46D108765C013233436E467354AB
:103FA000702AF1D16B4668465D889F8813F022FA2B
:103FB0003F1A7B425F416DBA3478ADB27678FFB27A
:103FC00092E7072C9ED8064BA400E358002B99D00B
:103FD0003100280098479AE7081F00202800002099
:103FE000E4CE0108F8B50C00374B302802D0472842
:103FF00005D1364B1A88A24200D142E11C808023B1
:104000008026334F334D9B007600BB61AE62C046C5
:10401000C046C046C046C046C046C046C046C04670
:10402000C046C046C046C046C046C046C046C04660
:10403000C046C046C046C046C046C046C046C04650
:10404000C046C046C046C046C046C046C046C04640
:10405000C046C046C046C046C046C046C046BB6219
:10406000FEF764FEC046C046C046C046C046C046D5
:10407000C046C046C046C046C046C046C046C04610
:10408000C046C046C046C046C046C046C046C04600
:10409000C046C046C046C046C046C046C046C046F0
:1040A000C046C046C046C046C046C046C046C046E0
:1040B000C046C0461023AE6222B2002A00DAE1E018
:1040C00080229200AA6207E03E0000203C0000200F
:1040D0000014005000040050C046C046C046C04610
:1040E000C046C046C046C046C046C046C046C046A0
:1040F000C046C046C046C046C046C046C046C04690
:10410000C046C046C046C046C046C046C046C0467F
:10411000C046C046C046C046C046C046C046C0466F
:10412000C046C046C046C0466400AE61A4B2C046A8
:10413000C046C046C046C046C046C046C046C0464F
:10414000C046C046C046C046C046C046C046C0463F
:10415000C046C046C046C046C046C046C046C0462F
:10416000C046C046C046C046C046C046C046C0461F
:10417000C046C046C046C046C046C046C046AE6205
:10418000C046C046C046C046C046C046C046C046FF
:10419000C046C046C046C046C046C046C046C046EF
:1041A000C046C046C046C046C046C046C046C046DF
:1041B000C046C046C046C046C046C046C046C046CF
:1041C000C046C046C046C046C046C046C046C046BF
:1041D000013B002B00D06FE7C046C046C046C0463A
:1041E000C046C046C046C046C046C046C046C0469F
:1041F000C046C046C046C046C046C046C046C0468F
:10420000C046C046C046C046C046C046C046C0467E
:10421000C046C046C046C046C046C046C046C0466E
:10422000C046C046C046C04680239B00BB61C04616
:10423000C046C046C046C046C046C046C046C0464E
:10424000C046C046C046C046C046C046C046C0463E
:10425000C046C046C046C046C046C046C046C0462E
:10426000C046C046C046C046C046C046C046C0461E
:10427000C046C046C046C046C046C046C046AE6105
:10428000AB61F8BD80229200AA6125E770B590B0BD
:10429000040040226846184916F067FE392C08D8F9
:1042A0002F2C25D8232C25D00EAD2A2C09D010B0C8
:1042B00070BD2300413B373C032BF8D8A4006C446D
:1042C000250028880D4C0E4E60430E498019FEF7DC
:1042D00031FB81B27120FFF785FE6B8809495C4391
:1042E000A019FEF727FB81B27220FFF77BFEDEE705
:1042F000303CE3E70FADE4E728C001084C93010030
:10430000881300001027000010B5094C23880029ED
:1043100008D04022C240134399B233202180FFF7D6
:1043200061FE10BD4121494201411940F5E7C046F7
:10433000C41A002010B5040051200A49FFF752FEAC
:1043400007200949FFF74EFE21050820090DFFF758
:1043500049FE802321021B02090D08201943FFF7A3
:1043600041FE10BD33A00000D70A00000C4B10B571
:10437000C1184B1E9941040049420A4B890A89021F
:10438000C9185120FFF72EFE0748084B6043084923
:10439000C018FEF7CFFA81B20720FFF723FE10BD49
:1043A000BFF5FFFF409400009826030050C30000B3
:1043B000A086010070B5040031200D00FFF71CFB42
:1043C000A02361051B02490D194306004620FFF793
:1043D00009FEC0216D056D0D490129437920FFF7C4
:1043E00001FE7A200449FFF7FDFD0421314331200D
:1043F00089B2FFF7F7FD70BD9A28000010B50400E0
:1044000081B23820FFF7EEFD3920210CFFF7EAFDDD
:1044100010BD000010B50349000201434720FFF71B
:10442000E1FD10BD4260000010B537200549FFF7DF
:10443000D9FD00213020FFF7D5FD30200249FFF7DC
:10444000D1FD10BD1F9F0000F1BF000010B531204D
:10445000FFF7D2FA0223984381B23120FFF7C2FD61
:1044600000212B20FFF7BEFD10BD000070B5050038
:104470003120FFF7C1FA0400002D06D108239C4328
:10448000A1B23120FFF7AEFD70BDAB1E5A1E9341A5
:10449000AD21DB03890119432920FFF7A3FD01208A
:1044A000A842804105494042800301432820FFF78C
:1044B00099FD0821214389B2E3E7C046382B00006B
:1044C00010B53120FFF798FA0423984381B23120C8
:1044D000FFF788FD10BD10B500212420FFF782FDF5
:1044E00010BD0000DB2110B52120C900FFF77AFDC7
:1044F00024200249FFF776FD10BDC0467FC10000B1
:1045000010B550200149FFF76DFD10BD18BB00002C
:1045100010B550200149FFF765FD10BD183B0000A4
:1045200010B500213020FFF75DFDE821372049015B
:10453000FFF758FD10BD000010B500217020FFF7F7
:1045400051FD0020FFF766FFFFF7E2FF002130205A
:10455000FFF748FD30200249FFF744FD10BDC0467B
:10456000F1BF000010B5C3217020FFF73BFD7220A2
:104570000A49FFF737FDC1215820FFF733FD5C20C2
:104580000749FFF72FFD8E215D20C901FFF72AFDA6
:104590005E200449FFF726FD10BDC04665300000CF
:1045A000655600000432000010B500213020FFF7EE
:1045B00019FD10BD054B10B51B78002B05D001214E
:1045C0000020FFF7A1FEFFF72FFF10BDE51E002022
:1045D00010B50400FFF794FF0020FFF71BFF002138
:1045E0007020FFF7FFFCFFF776FF30200349FFF74D
:1045F000F9FC002C01D1FFF78BFF10BDFEC10000BC
:1046000010B530200149FFF7EDFC10BDFAC30000E2
:1046100010B50400FFF766FFFFF772FF0020844229
:1046200000D00330FFF7F6FE70200349FFF7DAFCF5
:10463000FFF7E6FF10BDC046C3C3000010B56720FA
:10464000FFF7DAF9C005C00D10BD000010B5064B2C
:10465000064A1B7811781B011943B0231B0248201E
:104660001943FFF7BFFC10BD0E20002010200020D2
:1046700010B501240E4B05201A7854401C7061427D
:1046800061410F2349421940A1231B01C91810F0B1
:10469000CEFB0022074B944202D11A0083321278DB
:1046A00082331A70FFF7D2FF0122034B1A7010BD3C
:1046B000210800208C1F0020711F002010B5FFF77B
:1046C0009DFEC02151208900FFF78CFCFFF7ACFE56
:1046D00010BD10B500210420FFF716FE00210320B5
:1046E000FFF712FE10BD00000B4B10B5984208D822
:1046F00001210420FFF708FE00210320FFF704FE3C
:1047000003E0013002D1FFF7E4FF10BD00210420D7
:10471000FFF7FAFD0121F0E7FF3EAB0170B51D4B3D
:104720001B78013B012B27D900241B4B1B4A1C7013
:1047300013781B4DA34220D01A4B14701C701A4BD7
:1047400080221C80A02301265200DB059A62174BB1
:104750001C7010F085FB164B1B681868FFF7C4FF30
:10476000144B1E70144B1C700AF0CEFE5022134BDB
:104770002C701E70124B1A8070BD124A137008F014
:1047800047F9012008F08AFC10F056FE03232B7035
:10479000F2E7C0466A1F00205F1F00205E1F002056
:1047A0005F000020231F00202C080020741E002022
:1047B0006C1E0020711F0020C41F00202E08002046
:1047C000E21E00204808002070B50F4D04002A6842
:1047D000002A08D0002318000C49A14258419142F8
:1047E0005B41984202D02000FFF77EFF20002C6042
:1047F000FFF704FE00213020FFF7F4FB044B3020CC
:104800001988FFF7EFFB70BD90040020FF3EAB015D
:104810008A040020A023F7B5160008220500DB0556
:104820009A6203200C00FEF721FB2800FEF72EFB06
:10483000C0232E4DDB00AA681100194001911A42D5
:104840000AD10F2E0AD8A619B44249D0FF20FEF78C
:104850000DFB20700134F7E7EA68ECE740222B6893
:10486000042093432B6014F003FA052014F000FA9F
:10487000802284211E4B52015A601E4F04204901A0
:1048800014F0D8F905201C4914F0D4F9FC601B4C35
:1048900031000420BC6014F0DDF9194A194B3100D5
:1048A000D36094600224052014F0D4F9019B164EC5
:1048B000042033703B6823433B6014F0E7F9052084
:1048C00014F0E4F901236A68134340226B602B68FB
:1048D00013432B606B681C436C603378002BFCD057
:1048E000A0230822DB059A61F7BDC04600380040CE
:1048F0000000024044000240101000000C3800404C
:1049000058000240D8180020D61800200120024B81
:104910001B699B0A984370470004005000B50300D0
:104920000078002208280ED8FDF7E6FF050F151DB8
:104930003522272F2F000122552904D0AA2901D082
:10494000002000BD05221A70FAE7AA394A425141F7
:1049500049001970F4E703220029F4D005394A42CE
:1049600051418A00EFE7484241411A70C8B2E8E776
:1049700000225529E7D10632E5E7032901D10722B4
:10498000E1E70429DFD10822DDE7122903D8102945
:1049900001D00248017001201A70D2E737000020D0
:1049A0000022034B1A70034B01321A707047C04645
:1049B000D5080020711F0020F7B5A02640275039E8
:1049C0000430F605C5B20193C8B2B762140014F002
:1049D00047FD10202B09184314F042FD0F202840FA
:1049E00014F03EFD019BB761E5182078013414F006
:1049F00037FDAC42F9D1F7BDF8B50423124E0400DF
:104A0000B3624020FEF790FD104A002C07D0104BF7
:104A100001251F00072C0AD8621ED201D21880235C
:104A200021000020FFF7C8FF0423B361F8BD29006F
:104A300001353A0080230020EDB2FFF7BDFF80373B
:104A4000082DF4D1F0E7C0460004005055080020BE
:104A5000E11A002010B50820FFF7CEFF10BD10B5F9
:104A60000130C0B2FFF7C8FF012011F075FD10BD85
:104A700010B50020FFF7C0FF10BD0000F7B5041E01
:104A8000294E2A4F2BD00024FEF7E6FA7021FDF7BD
:104A9000D7FFA5192970FEF7DFFA0321FDF7D0FF34
:104AA0003D19013101342970202CEDD10BF092F821
:104AB00000250BF085F80024EFB2BB00DBB20193B8
:104AC000725DE100611A5118D219121909B2D2B2FD
:104AD000002C16D10198FEF7CFFA0134F0E735002B
:104AE0002B783A5D9B18DBB22B70702B04D9FEF744
:104AF000B3FA0F231840287001340135202CEFD170
:104B0000D4E7032C02D901231A4202D00198FEF700
:104B1000B3FA0134082CD3D10135202DCBD1FFF7C6
:104B2000A7FFFFF797FFF7BDFE070020DE07002075
:104B300070B5254B1C78002C3ED0244BDB7F013B0D
:104B40003B2B39D8224D2B78002B35D1214B1B78AC
:104B5000002B31D1204B1B78012B2DD007F0AAF967
:104B6000002829D11D4B1B78002B25D11C4B1B780D
:104B7000002B03D01B4B1B78002B1DD01A4B1B782E
:104B8000002B19D1194B1B78002B01D0032B13D10B
:104B9000631E012B11D80FF007FDFFF769FFFFF728
:104BA00059FF012300202B70114B1870114B187006
:104BB000114B187011F0D0FC70BD032CF1D1012005
:104BC000FFF75CFFEDE7C046DD070020941F0020E3
:104BD000DC0700203A1F00206A1F0020201F002051
:104BE000231F0020D71E0020371F0020431F002056
:104BF000DB0700206C1F0020711F0020042370B50C
:104C0000074DE220AB62FEF78FFC00242000013448
:104C1000E4B2FEF791FC082CF8D10423AB6170BD1F
:104C200000040050042370B50024064DAB62200040
:104C30000134E4B2FEF780FC0B2CF8D10423AB6105
:104C400070BDC046000400500B4B70B51B680B4C88
:104C5000584300236568A268834200D370BDA168F1
:104C60008A4203D99B185B1A0A00F5E78A42FBD2F5
:104C70006E1AF318D318F7E7E818002010E000E0E8
:104C8000324870B50378002B20D0314B314A0021D7
:104C9000595E13885B181BB21380002917DD2E495B
:104CA0000024095F994219DD1478002C1CD12B4A8D
:104CB000013413680720A343136013F0D9FF2000C9
:104CC000FFF7C2FF8022264B52009A6270BD002976
:104CD000EAD021490024095F9942E5DB1E4B1B887D
:104CE000138000230370DFE76401FF212000FDF73C
:104CF00021FEFF2300225B019C421AD01100194EB5
:104D0000194D0B0082424B415B423340013394000A
:104D1000FF3301322B51202AF3D101240F4D2B6890
:104D20002342D3D1072013F0B1FF2B681C432C6022
:104D3000CCE70121094A072013688B43136013F065
:104D400097FF8022064B52009A61BFE7E2180020CD
:104D5000DE180020E0180020DC18002000140040BD
:104D60000014005000FFFF00EC180020782170B5FF
:104D70001B4A1C4B12781C4C4A431A801B4A1C4B82
:104D800012781A701B4B1D781B4BDB7F002B06D152
:104D9000FEF71EFE002D01D0FEF7B0FB70BD012214
:104DA000164B1A702623FF33E05CFEF7E7FD002D5B
:104DB00005D0134B1B78002B0CD1FEF79FFB08345A
:104DC000E17F00230F4A3D2902D00A234B430133E0
:104DD0001380E3E7FFF754FF0B48FFF735FFE8E7E1
:104DE0005E0000203C1F00208C1F0020E5180020E2
:104DF000E418002040000020941F0020E318002049
:104E0000E2180020401F002010270000064910B5BE
:104E10000B78002B03D0054A054B1278DA77002374
:104E20000B70FFF7A3FF10BD23080020220800200D
:104E3000941F002080220A4B520243439B1810B556
:104E400071200C00590CFFF7CDF8FFF761FBFA2039
:104E500080006043FFF7F8FEFFF752FB10BDC0462D
:104E60001DA61400F8B51C0005000E001700FFF782
:104E700047FB201E05D0A02380220320DB05520023
:104E80009A61FFF7C7FA12493F02394389B270208D
:104E9000FFF7A8F8FFF7B4FB0E48FFF7D5FE310087
:104EA0002800FFF7C7FF002C07D0A0238022DB05D6
:104EB000520000209A62FFF7ADFA00217020FFF740
:104EC00091F830200449FFF78DF8FFF721FBF8BD7A
:104ED0000080FFFF50C30000FEC1000010B500219C
:104EE0003F20FFF77FF868215920FFF77BF8034840
:104EF000FFF7AAFEFFF758FB10BDC0463075000053
:104F000010B5FFF7EBFF00210220FFF76BF800213F
:104F10003F20FFF767F8FFF787FAC0213F2089019C
:104F2000FFF760F859200449FFF75CF8592003495E
:104F3000FFF758F810BDC046684000006830000018
:104F400070B50D000400FFF7DBFAC22170200902E2
:104F5000FFF748F880230B495B026943C9187120A9
:104F6000490CFFF73FF80020844200D00330FFF7E0
:104F700051FAFFF745FB0448FFF766FEFFF7C8FA52
:104F800070BDC0461DA6140050C30000F0B5FA263F
:104F90000500002485B003930AAB1F880BAB1B8868
:104FA000B6007343019102920093285D002801D15D
:104FB00005B0F0BDFFF76AF9FFF7AAFA019B002BD5
:104FC00002D00298002C06D02B5D03982A2B02D029
:104FD000232B00D038007043FFF736FEFFF790FA1E
:104FE0000098FFF731FE0134DFE7000070B5A0251F
:104FF0000826094CED050520AE62FDF737FFFF20BE
:10500000FDF734FFAE61C00705D50A20013CFFF76C
:105010001BFE002CEFD170BD40420F0070B5A024E4
:1050200008250600E405A5620620FDF71FFFA5611F
:10503000FFF7DCFFA5622020FDF718FF3000FDF729
:1050400025FFA561FFF7D2FF70BD000010B5040079
:10505000FFF7E4FF054B1B68A34205D18022FF2127
:105060000348520115F052FE10BDC0463800002022
:10507000D6080020F0B587B06B46049003921A7CE6
:105080008023A0255B0002919B1AED05039A0192F3
:105090009A4200D9019308231C00AB620620FDF759
:1050A000E5FEAC610220AC62FDF7E0FE0498FDF77E
:1050B000EDFE029C019AA6180F2A5BD94022314CC2
:1050C00004202368304E9343236013F0D1FD052064
:1050D00013F0CEFD80222D4B52015A600021042096
:1050E00013F0A8FD9021052013F0A4FD284F294BB3
:1050F0000420F3600199B76013F0ACFD264B0299D0
:105100000520D9609F60019913F0A4FD234B02276D
:1051100005930023059904200B7033683B433360EB
:1051200013F0B4FD052013F0B1FD012362681343B1
:105130004022636023681343236063681F436760F2
:10514000059B1B78002BFBD00823AB61FFF74EFFBC
:10515000019A049B944663440493029B6344029324
:10516000039B9B1A03938023039A5B00002A8DD133
:1051700007B0F0BD20780134FDF778FEB442F9D1D4
:10518000E2E7C04600380040440002400000024010
:105190000C380040D818002058000240D6180020D3
:1051A000F0B587B0059380230705040B3F0D5B0125
:1051B0000190029103922403DE1B039B002B03D179
:1051C000FFF714FF07B0F0BDFFF710FF039DB542D6
:1051D00000D935002B4E3368A34206D08022200030
:1051E00029495201FFF716FB3460274E2A00BE19E9
:1051F0003100029815F036FF002826D00023F25C1B
:10520000FF2A31D101339D42F9D100232A00300019
:105210000299049315F0A9FE049B002B2DD02000C9
:10522000FFF7FCFEFFF7E2FE059B174E002B1DD09B
:10523000EF193A0031002000FFF71CFF80225201D5
:10524000FF21D21BF01915F061FD019B00275B19AE
:105250000193029B5B190293039B5B1B03938023C7
:105260005B011E00E418A8E70123CFE7802231008C
:1052700020005201FFF7FEFEE7E72A00029901989D
:10528000F8E7C04638000020D608002080201C49DE
:1052900080010B6810B5034230D00224194B1A6804
:1052A00022422BD01A68A2431A6048600A20FFF7F6
:1052B000CBFCC021144A154B49019868084202D022
:1052C000013A002AF9D180210F4A9868084202D099
:1052D000013A002AF9D1C0210B4AC9009868084256
:1052E00002D0013A002AF9D102215A688A435A6051
:1052F0005A6801398A435A60054B197010BDC0467F
:105300000000024044000240112700000038004025
:10531000D618002070B540262025094C0120A66132
:10532000FFF792FCA5610120FFF78EFCA662012029
:10533000FFF78AFCA5620120FFF786FC70BDC0461E
:105340000014005070B540252026094C0120A562AC
:10535000FFF77AFCA6620120FFF776FCA661012028
:10536000FFF772FCA5610120FFF76EFC70BDC0461F
:1053700000140050F7B5234C234A236801901340D2
:105380002360082300252027012600933000A76210
:10539000FFF75AFC3000A761FFF756FC3000FFF71B
:1053A00053FC23696D00EDB25B0600D53543300038
:1053B000A762FFF749FC009B013BDBB20093002B87
:1053C000E4D12268104B01201A4080235B01134373
:1053D0002360A762FFF738FC019A4023002A0ED011
:1053E000A36120260120FFF72FFCA6610120FFF713
:1053F0002BFCA6620120FFF727FC2800FEBDA3625C
:10540000EFE7C04600140050FFCFFFFFF8B52023A0
:10541000264C0500A3620120FFF716FC08266BB29C
:10542000002B3EDB4023A36220270120FFF70CFC6A
:10543000013E0120A761FFF707FC6D000120A76274
:10544000F6B2FFF701FCEDB2002EE8D1402523684B
:10545000174E012033402360A561FFF7F5FBA761DC
:105460000120FFF7F1FBDF3723691A002A402B42A6
:105470001AD0013F0120FFB2FFF7E6FB002FF3D166
:1054800001256D422023A3620120FFF7DDFB80236D
:1054900022685B0132401343236040232800A3614C
:1054A000F8BD4023A361BFE71500EBE700140050EF
:1054B000FFCFFFFFF8B57823802680270025164C04
:1054C0003602A361FF010A20FFF7BEFB23691A0021
:1054D0003240334212D03B420FD09A0417D50322F8
:1054E000DB040BD50135052D13D078230722A361EA
:1054F000521B773B9340A362E5E70122074BA900CB
:105500005B18985C1328EDD07823A361F8BD0222C4
:10551000F4E71320F8E7C046000400508BCF0108E1
:1055200010B532246320FEF767FAC0B2C72806D947
:10553000013C0120E4B2FFF787FB002CF2D1FFF71A
:105540007DF8FFF77BF810BD70B5FFF7E9FF1A4A49
:105550000400031C904201D9184B1B88184A0833D9
:1055600012689BB20232D17F164A1588164A9542BC
:1055700004D1002901D0994212D970BD134E2A1CC2
:10558000B54201D9124A1288103292B29A42F4D826
:105590000A1C082900D20822083A92B29A42ECD892
:1055A000AF204000FFF750FBFFF7BAFF231C8442F7
:1055B00000D2031C98B2E0E7F7FF000056C10108D3
:1055C0006C1E002004000020FFFF0000EFFF000021
:1055D00054C10108604BF0B51C68604B85B01B6876
:1055E000002B00D1A8E05E4B1B78002B00D19DE082
:1055F000A31CDB7F002B00D198E03020FEF7FCF9E4
:105600000626584A584B10401880FEF711F82060C3
:10561000200007F0EFF923691D68544B1B68002B2D
:1056200006D0534A127852B2002A4ADD9D424CD32A
:105630002800FFF7C9F8FFF787FF0500FDF7BEFD5B
:105640002800FDF7E9FD002861D0A18B4B1EF82B47
:1056500028D8FA20236880000293FDF7F5F9502836
:1056600000DD50200026370083B2039323691B68B6
:105670000193FDF7DDFF2060200007F0BBF92369EF
:1056800018683B4B1B785BB2002B21DD019B8342EA
:1056900023D9029B2000236007F0ACF92369186826
:1056A000FFF792F80122334B1A70200007F0A2F99D
:1056B000200007F08BF8012007F0F0FC09222E4BA8
:1056C0002EE0002AB4D09D42B2D9FDF791FDAFE79C
:1056D000002B02D0019B8342DBD3FFF775F8FFF765
:1056E0001FFF854209D20500002723680293013677
:1056F000039BB6B2B342B9D1CBE78542F7D9281A9A
:105700000728F4DD0137FFB2022FF0D9C1E7013ECF
:10571000F6B2002E00D078E70122164B1E70164B11
:105720001A800122154B1A7005B0F0BD114A137092
:10573000FDF77EFF2060B8E70E4A0D491370208EFA
:105740000F4AC000097813185B68825849B22000DC
:10575000FDF758FFEEE7C0466C1E00204008002011
:1057600003000020FFFDFFFF8A04002090040020BA
:10577000241F00208D040020460800206C1F0020FC
:10578000B4CC0108F0B5D44BD44C1A7895B0531E64
:10579000182B3DD8230080212A331B78C90005939C
:1057A000A38D8B4231D01BB2E58D8D4236D02DB208
:1057B000CB49019109880291059900290ED0C94968
:1057C0000E780391002E2CD0012E00D140E103234E
:1057D000039A1370C44B019A1B8813800025C04B99
:1057E00001221E88C14B5D572300701929331B7895
:1057F000290080B206F070FDBD4B0700984200D032
:1058000038E1FDF7F5FC00271BE001235B42CBE705
:10581000012301215B421D000591C9E701256D426D
:10582000C6E7B14902980880002B00DA10E19FB268
:105830003100380006F016FD002800D108E1039B76
:105840001E70019B1F80237B1A1D5B00E752A94B32
:1058500052001D68A84BA7521B78EF83002B00D184
:1058600074E1AB1CDB7F002B00D12EE1102238014C
:1058700008A9FEF7CFFF089B0193013B033300D932
:1058800020E1152008AB1B22C018002115F03EFABC
:10589000019B0C930E93099B0293029A974B9A4299
:1058A00001D9974B0293029B0F24109308AB9B7A6C
:1058B00008A91A001B0922400A750B770CA8097A5F
:1058C00006F074FF08AB597A0EA806F06FFF08AB1C
:1058D000DB7A1C400394022C01D900220392039925
:1058E0000CAA11761E092F2B00D90026D67508ABFD
:1058F0009B7B0493172B01D904230493049B0CAACC
:10590000049993757F4B4900CB5A012107939382E9
:1059100008AB1B7BFF2B00D0BBE051760691039BAD
:10592000012B00D1C5E0022B00D1C7E008AB5B7BA7
:10593000FF2B06D01B075B0F042B00D900230CAAFA
:10594000937748226549704C0B7B20005343C9185C
:10595000883115F00AFB0CAA11002300E78381C9E6
:1059600081C39C46180088C988C063460299039881
:10597000A1610799A1830499D977210034310E7070
:10598000611CC8772100507E293108702000917E6B
:105990002B3001702000D77E2D3007702000177F3C
:1059A000333007702000069F28300770907F220058
:1059B000002901D01A002300226101226361534BA8
:1059C00021001A702B002F003231087034331C78FC
:1059D0002D373A78A64201D1002A16D01E70002336
:1059E0003B70A64202D0300007F0ACFA0020012E36
:1059F00003D13878002800D0032013F071FDA642AF
:105A000003D00122424B52421A803020FDF7F4FFAE
:105A1000404A414B104018800198FEF7D5FEFFF731
:105A200093FD0400FDF7CAFB2000FDF7F5FB3B4B9F
:105A3000002877D001221A70284B0221187B08F029
:105A400011FD012007F02AFB0122354B1A7086E078
:105A5000230029331A78002D00DAB8E6AFB200210E
:105A6000380006F0FFFB002800D1B0E601221D4BF4
:105A70001A70E6E6002D05DD864200D8E1E6FDF766
:105A8000B7FBDEE6002D00D1DBE6864200D3D8E688
:105A9000F5E718000840907658080840D076D806F8
:105AA000400F507658099B0908400B401077069329
:105AB00035E7019B029A9B180E9337E7019B029AE8
:105AC0009B1AF9E70022114B1A700022134B1A702F
:105AD000029BBB4243D0AFE7B51F00208C1F0020C4
:105AE000440800208904002080040020241F002096
:105AF000FFFF00006C1E002003000020FFE0F50502
:105B000040420F009CCE0108380400208C04002085
:105B100004000020FFFDFFFF8A0400208D04002008
:105B20006C1F00201870019B0F4A2B6012780F4BDE
:105B3000002A01D09B68AB6001220D4B1A800D4BEF
:105B40001A700598FDF7B4FB15B0F0BD029BBB427F
:105B500000D071E7084B1B78002B00D06CE70922BE
:105B6000034B1A80EDE7C046630400203804002090
:105B7000460800206C1F00208D040020F0B585B081
:105B8000041E039107D0324A324BD17F1970002393
:105B9000D377314A137006F03BFF06F08BF92F4B99
:105BA00001932F4B0293002812D0A02380220025BE
:105BB000DB0552009A622B4B1D702B4B1D70019B15
:105BC0001D70029B1D7006F081F9280007F014F883
:105BD0000022264B1E68264BF78B1F80254B1A7020
:105BE000254B039A1A70FDF777FCFDF701FB802324
:105BF000224DDB009F4221D2214B187806F0ECFAAF
:105C0000002804D1013006F0FFFA0AF03DF8002C1C
:105C100003D0F38B1B4A2B601360FFF7B3FD1A4BC5
:105C20002A681A603222194B1A800023184A13700E
:105C3000019A1370029A137005B0F0BD002C03D0C6
:105C40003368104A2B601360FFF7C4FCE7E7C046D7
:105C5000921F002088040020BF070020EA1E0020B9
:105C6000EB1E0020741E0020480800206C1E00203F
:105C70004408002089040020241F0020C4070020BD
:105C8000B51F002084040020C00700204608002023
:105C90005B000020010010B50020FFF76FFF074BED
:105CA0001B680233DA7F1423002A00D0133B044A16
:105CB00013800022034B1A7010BDC0466C1E0020DA
:105CC000460800205B0000200A4B10B51A68002A25
:105CD00001D1094A1A601868084A4118914206D948
:105CE00014F0EAFF0C2303600120404210BD19604C
:105CF000FCE7C04650080020E032002000400020B1
:105D000070B506000D001400FEF74AFE2A4B1B7802
:105D1000002B1DD129490B78002B19D00122284BCB
:105D20001A70122E13D1002C11D1002D0FD0254B3B
:105D30001A70254B254A1C701378002B01D10B706B
:105D400005E02D21013BDBB21370214AD15470BD17
:105D5000112E1DD0122E13D000230A2E1FD0AC42BC
:105D6000F5D101201B4A174912780870002A1DD06E
:105D7000182B1BD8184ADA40024217D00223DEE75C
:105D8000164B002C02D048331B78E8E74733FBE77B
:105D9000124B002C01D04A33F6E74933F4E79C421A
:105DA000DDD024220D4BFF329B5CD8E70C4A9B00D0
:105DB0009B589847CBE7C046431F0020221F002076
:105DC000ED1E00205D1F00205F0000203E08002027
:105DD0002F0800205E1F00202CDCF2018C1F002009
:105DE0001CCF01080E4910B50A780E4B002A0AD1C3
:105DF0000833D87F0C4A10703D22DA7701230B70EC
:105E0000FEF7B4FF10BD2621084AFF31595C127815
:105E10000833914202D10022DA77F1E73D22FBE715
:105E2000230800208C1F002022080020E4180020F6
:105E3000BFF34F8F034B044ADA60BFF34F8FC04666
:105E4000FDE7C04600ED00E00400FA05F7B50600E6
:105E5000FDF756F9494B1C68002C0AD0484B1B78BB
:105E6000002B06D1B01E434258412100800010F0A3
:105E700017FFE122434B444F52011A803B78002B1D
:105E800001D00EF0EDFFA0238022DB0552009A61C5
:105E90003E4BFF3A1A703E4B1B789B0701D5FEF72D
:105EA00065FF00223B4B3C4D9A563C4B0193002A28
:105EB0001CD16B1DDB7F002B42D13434FEF7C6FBB7
:105EC000207807F03FF8300006F096FE022E02D050
:105ED0003B78002B4DD0324B1B78012B02D0002099
:105EE0000EF014FB0123019A1370F7BD2835FDF75E
:105EF0007FF92B78502B1FD92A4A1178002909D114
:105F0000503B1900FA235B004B4327499BB20B809F
:105F1000012313700022254B1A70254A254B116866
:105F200019608021E38BC9008B4200D32368136082
:105F30000122214B1A70C0E700221B4B1A80E9E7AF
:105F40000635E97F4B424B413C205B42FF3003402A
:105F50001A48693303801A4B1A70002902D10122B2
:105F6000184B1A700022184B1A700123019A1370F3
:105F7000A3E70122154B1A70B4E7C0466C1E00203F
:105F8000D91A0020661F00205E1F0020741E00200A
:105F9000C8070020241F00208C1F0020711F002034
:105FA000431F0020EB1E0020460800205B0000205D
:105FB000C4070020C0070020BF070020D80700202A
:105FC0005A000020EC1E00203F0800206C1F00201B
:105FD00010B5174B1B78022B08D006F019FD0120D5
:105FE00007F05CF80220FFF731FF10BD0022114BD3
:105FF0001A70114B1B785BB2934208D0FA210F4BF9
:10600000490019800E4B1A700E4B01321A70012094
:1060100007F044F80C4B0D4C1B78002B04D00FF00C
:106020000BFA03232370E0E7094B1B78FAE7C0461D
:106030006A1F002048080020241F00204608002076
:106040005B000020EB1E00205E1F00205F00002090
:10605000431F00201E4B10B51B78D8B2002B09D16E
:106060001C4B1B78002B04D006F0C6FD01221A4BF6
:106070001A7010BD194B1A78194B1B7813435942EB
:106080004B411849DBB20978C8B2002905D0012A72
:1060900003D10021144B1970030014490978002919
:1060A00012D01349097801290ED1023A012A0BD8DE
:1060B0000022104B1A70104B04201B78002B00D0CC
:1060C0000238FFF7C3FED4E7002BF4D1D1E7C04676
:1060D000DA0700206A1F00206C1F0020D70700206D
:1060E000241F0020D6070020D5070020D407002059
:1060F000D3070020D20700204808002010B51A4915
:106100001A4B08781A781A4B00280FD0032A0FD0A0
:10611000184A1278D0B2002A00D108701B88164A9B
:106120009B18062B1DD9FFF72DFB12E0032AF5D192
:106130001B88114A9B18062B03D9104B1B78002B88
:10614000F1D10F4B04201B78002B00D00238FFF751
:106150007DFE00230B4A13700B4A13700B4A137019
:1061600010BDFFF737FAF4E78D0400206A1F002006
:1061700044080020DA07002000FCFFFFD7070020BA
:1061800048080020EB1E0020EA1E00205B000020D3
:10619000F7B5814C0E00657B002902D001227F4BB0
:1061A0001A70237F002B04D0022802D0FEF7F8FBE0
:1061B000F7BD7B4B1B78012B03D1784B02221A7061
:1061C000F6E7122800D90EE2FCF7AAFB130016002E
:1061D0008D0093009900A500DC00DF009B01AA015F
:1061E0000D02C401C4010D020D020D020D02E901F0
:1061F000E901FEF793FADBE76A4B6B491A68D38B28
:106200005B18062B43D9FEF7CBFB231DDB7F002B4E
:10621000D3D0664B1B78002BCFD1654B1B785BB27C
:10622000002B0BD0634B1B78032BC1D1624B1B7827
:10623000002BBDD0614B1B88002BB9D08023627B23
:10624000DB005100605A9842B2D248235343E3180E
:106250001A008020B8321288C000121892B2A633F9
:1062600062521A8006F0D4FB554B1C68200006F0E1
:10627000C1FB200006F0AAFA012006F00FFF01235F
:10628000504A1380504A1370504A137090E7138E8F
:10629000062B07D111694E480E68864202D84D4B35
:1062A0000B6085E701339BB21386042B17D14A4B51
:1062B0001B78002B01D105331386138E8022D20068
:1062C0009B1801229BB26D0063536519AB803E4B56
:1062D0001A70424B92181A70414B00226FE7062B3E
:1062E000EBD90023E8E701223C4B1A70FDF730F8A8
:1062F0005EE70122394B1A70FDF7F4FA58E7FEF712
:106300004FFB00200634374BE27FE0771A700BF02A
:1063100063FA334B52E7002E04D113F0EFF8304B01
:106320001E7045E705F0AAFB051E00D040E71D4B97
:106330001C688023E08BDB00984202D3FCF7C6FF89
:1063400036E705F0C1FE037801007F2B0AD97F22D2
:1063500013400370E08B05F0A7FE01221F4B1A705B
:10636000214B2CE722002E3213780133DBB2192B9C
:1063700000D92B001370012321001A00E08B11F0CB
:1063800079F8EAE7FCF7B4FD12E7184D2B78002BFB
:106390002ED010F005F80BE78C1F00205D1F0020A9
:1063A000431F0020601F002000FCFFFF3E1F002055
:1063B000241F00206A1F0020EA1E0020460800203B
:1063C0006C1E00204A080020B00700206C1F00202F
:1063D000FFE0F50500E1F505340400201F0800206A
:1063E0005F00002033040020AF070020071F0020BB
:1063F000621DD27F804B1A70A21D804BD27F1A7013
:106400007F4B1A78002A01D101321A7000237D4A8D
:10641000A38413707C4A137006F0FAFA7B4A7C4F0F
:106420001378002B04D17B4B39781970012313703A
:106430000126794B30001E7006F030FE7748037855
:106440000193002B07D1220041321178744B067062
:106450001970019B1370FEF73EF8012302203B7078
:10646000FFF7F4FC00226F4B1A706F4B1A702C234D
:10647000FF33E35C5A1F5F2A00D914236B4A137061
:10648000C8226B4B92001A8001226A4B1A700023BB
:10649000694A1370694A1370694A1370694A137024
:1064A000694A13700FF04EFF684B694A188803233E
:1064B00043431188994200D0138001200FF0DAFE87
:1064C0000122644B2A701A7000217F32624814F056
:1064D0001DFC80220021614814F018FC802200215C
:1064E0005F4814F013FC002180225E4814F00EFC7B
:1064F00000225D4B1A700FF065F9022005F0CEFA0C
:1065000056E6002E02D1FFF76DFC51E60121574BF4
:106510001B682B331A784A401A70554B198047E68E
:10652000002E02D1FEF772FC42E6260000224E3613
:106530001100308805F096FE002800D138E6328838
:106540002B1D5B006D00E25262530122494B1A7011
:10655000494B33E6494B1B785BB2002B0BD00B2821
:1065600006D10A3805F050FE09F08EFB3E4BB4E62A
:1065700001204042F6E7424AE37D11780A2900D122
:1065800013700B2807D1082B01D80133E3750122C2
:10659000394B1A70EAE7002BF9D0013BF6E7334B91
:1065A000384D196800230C000834E27FEE5C9642F7
:1065B00003D00133182BF9D10023122803D1172B54
:1065C000D4D0012202E0FF22002BCFD0D218D2B2C9
:1065D000AB5C2D4AE377CB8B9B18062BD7D80122D7
:1065E000234B1A80D3E7FEF7DBF9002E00D1DFE55D
:1065F0000122264BE3E5C04632040020310400208E
:10660000300400203F0800205A0000202F04002002
:10661000480800202E040020EC1E00202D0400203D
:106620002C0400202B040020DA03002001000020AD
:106630000C0000200000002033060020320600205D
:1066400034060020D9030020D80300201A000020BF
:106650001000002036060020611C0020E11C0020F4
:10666000611D0020E11D0020D5080020601F0020D2
:106670004A080020B00700201F080020241F002027
:106680000200002095CC010800FCFFFF5D1F0020E8
:1066900010B514220021024814F038FB10BDC0468A
:1066A000461F002070B5414B04001B78A0B0002BA2
:1066B00040D005F0FFFB051E0BD103200DF026FF97
:1066C0003B4B1D703B4B1B785EB2002B03D00EF092
:1066D000AFFC20B070BD384A384B394D002C25D066
:1066E0000121684611708022FE311E7014F00EFBED
:1066F0003300802269463348FEF752FD6022FF21B5
:10670000314814F003FBAB7D304A9B075B0F9D5A69
:106710002F4B07201D800EF069FB2E4B00091880BF
:106720002200012128000EF04BFCD2E714701C70EF
:10673000AD8AEDE705F0A2F9041ECAD11C4B187012
:10674000254B1870FFF7A4FF06F062F92000002423
:106750000DF0DCFE214B1C57002C16D08022204B64
:10676000D2001B88934202D3FDF75AF8B1E701200B
:1067700005F04AFD09F088FA08F0C6FE2000FFF790
:1067800089FA0122174B1A70A3E7174B1B685A1E90
:106790009341164A0133137008F0B6FE0121080038
:1067A000FFF7ECF9124B1C70EBE7C0465E1F0020B0
:1067B00048080020231F0020DA1E0020D61E0020DB
:1067C0008C1F002028A00000761E002004D10108A4
:1067D000701E0020721E00205B1F0020241F00205E
:1067E00044080020711F002040080020C41F002022
:1067F0003F08002010B50120FFF754FF10BD000036
:106800000F2210B50021044814F080FA0022034B37
:106810001A70034B1A7010BD2F0800203E0800208C
:10682000221F0020114B70B51B78002B03D1104B99
:106830001B78002B07D0FFF7E3FF00220D4B1A70E7
:106840000D4B01321A700D4B0D4C1B780D4D002B6A
:1068500003D123782A78134307D0FEF7A1F8002349
:1068600001222B702370044B1A7070BD221F002070
:106870003E0800205F0000206C1F0020D50800208B
:10688000641F00205F1F002010B51D4B1B78002BDC
:1068900003D11C4B1B78012B07D1002921D10028E3
:1068A0001FD00222184B1A701BE0002915D10028B6
:1068B00018D1164A1278002A01D1002B01D0032BDF
:1068C0000FD10123124A11784B40137002D01022CD
:1068D000104B1A70104B0122E5E7002801D0FCF79D
:1068E0001FFD10BD084A032B02D001231370F8E7E7
:1068F0000A4B1B78002BF8D002231370084BEAE7F1
:106900005F1F0020431F00205D1F00205E1F00202E
:10691000D5080020641F0020711F0020231F0020C5
:10692000ED1E00200022404B70B51A70904203D03B
:106930003E4B1B78934212D03D4B1B78012B0DD15F
:106940000024FCF7C7FE3B4B20001C7006F024FD22
:10695000394B1B78012B01D0384B1C7070BD05F0F2
:106960008DF8354D002807D00AF0C6FF344B1B7850
:10697000002B2ED0334B2AE0334B1B785BB2002B1D
:1069800002D0FCF74DFFF1E7304B1B78002B05D010
:106990000EF04EFB0322294B1A70E7E72B78032BEE
:1069A00014D0234A1278012A03D1294A1278002AE6
:1069B000D4D0012B02D00022204B1A702549264B3F
:1069C00009781A78002915D1002A1AD1234B0122FF
:1069D0001A700022224B1A702B78012B04D0174B0F
:1069E0001978032900D01A7001221E4B1A701E4B11
:1069F0001A70B3E7002A04D11C4A1278002AE5D0A5
:106A00001A701A780E2A01D90E221A7000261B78E5
:106A1000164A174C1749137020000E22CE5414F05A
:106A2000ADFAA673D2E7C0465F1F0020F91E002012
:106A30006A1F0020DE1E0020431F00205F00002090
:106A4000201F0020B4070020241F0020231F002047
:106A5000BD070020221F00203E0800204C08002017
:106A600018050020711F00206C1F00203504002035
:106A7000D02000202F080020F0B5B94B87B002933A
:106A80001B7804000D001600002B10D100290ED039
:106A9000B44A137A002B0AD0B34B1978092906D1CE
:106AA000102804D012681A700122B04B1BE0B04FBE
:106AB0003B78132B06D0A34216D1002D14D11323FB
:106AC0003B7011E0AB4A1278002A10D0002D01D1A2
:106AD000102C0BD1FCF714FBFEF748F9102C06D054
:106AE0000022A54B3C701A7007B0F0BD1C00A34FEC
:106AF0003B78132BDFD1002D00D17DE1A04B1B781B
:106B0000002B00D178E1FCF7FBFAFEF72FF9102CEF
:106B1000E6D19C4B1B78052B02D1002006F06CF8C7
:106B2000FA22994B92001A80984B0193984B19784E
:106B3000002903D01E224A43964B1A70002D00D024
:106B40006CE1954F3B78002B02D007F08BFE3D7037
:106B5000924F3B78002B03D007F0E8FE00233B70F8
:106B60008F4F3B78002B03D007F04EFE00233B7085
:106B70008C4F3B78002B13D08B4B1A68019BD08B2A
:106B8000597B012308F0B2F800233B7004F076FF34
:106B9000002805D1854B1A78002A01D101321A70DC
:106BA0000022834B1B78934207D0824B1B78934281
:106BB00003D1029B1A7853425A41744B0193597E78
:106BC000131E01D1002904D06E4B1B78013B581EC7
:106BD000834179480778B80700D559E1002B00D1E7
:106BE0008CE1102C00D055E1744B1F78002F04D09D
:106BF0003700002D01D101271D70714B04931B78C4
:106C0000002B05D0102C01D00D2C01D1FDF7C8FEB2
:106C1000002F10D15B4B1B78012B00D013E2694B86
:106C20001F780393002F00D0CFE1102C00D07AE121
:106C30002800FFF777FE504C2078002803D004F09E
:106C40002DFF00232370604C604A23780192002BB3
:106C500009D028225E4B1A8008F0B6F80123019A69
:106C60001370002323705B4C2378002B09D0002E77
:106C700000D061E307F05AFE002301222370564B37
:106C80001A70564B1A78002A06D000221A709642C3
:106C900000D055E307F0B8FD514B1A78002A06D012
:106CA00000221A70964200D04EE307F0DBFD4D4BF8
:106CB0003E4F03931B884C4C0293002B23D0002E95
:106CC00001D1002D0AD00DF0F5FB254B1B780028D3
:106CD00001D0012B02D0022B00D039E3324B2B49DB
:106CE0001A686B46497B1B7AD08B07F0FFFF04F0D4
:106CF000C5FE3B78002803D1002B01D101333B7046
:106D00000023039A13803D78384E002D00D12DE3E7
:106D1000374B02931B78002B00D123E3290000207E
:106D200007F0A0FB2900012007F09CFB2378FF2B34
:106D300001D100232370012333700023029A3B709A
:106D4000137005F065FE012006F0A8F900233370EA
:106D5000284B1B78002B00D10CE3FFF739F909E32E
:106D6000431F00200C1F00205A1F00206C1F002012
:106D7000270000203A1F00205D1F00202600002071
:106D8000DC0700206A1F0020580000208C1F002014
:106D9000CA1F0020701F0020B9070020B80700207C
:106DA000B7070020B6070020601F00201F08002042
:106DB000021F0020FE1E0020B5070020B40700209F
:106DC000D50800204D080020B3070020B20700209E
:106DD000441F00202B080020711F0020B107002055
:106DE000B00700204A0800205F0000202E08002085
:106DF000AF070020480800200D2C00D089E6BF4BCB
:106E00001F78002F00D084E6BD4BDB7F002B00D124
:106E10007FE6FDF7ABFFBB4B1F7065E60DF04AFB4D
:106E2000102C03D1B84B1B78DB0728D5029B1B78AD
:106E3000012B04D1132804D01538012801D9FDF7FE
:106E400095FF0D2C1BD1002E19D0B04B1B78002BB9
:106E500007D0FFF71DFC0022AD4B1A70AD4B01327D
:106E60001A70FFF7DFFC0122A64B1A70AA4B1B78A1
:106E7000002B01D0FFF7ACF80022A84B1A60029B50
:106E80001B78012B00D08BE62822A54B1A8087E6C1
:106E9000002B33D001200D2C0AD1002D08D0002A60
:106EA00006D0A04B18709B4B187004F0F7FD1BE642
:106EB000074201D0002905D12300113B012B30D915
:106EC0000A2C0CD00F2C0FD1002D00D10CE6002E77
:106ED00018D1022004F0E2FD0422934BE3E5002EDA
:106EE0001FD1002DF5D0FFE5002D00D15DE2002E71
:106EF00000D0F9E50A2C00D1F6E5EAE7092C01D922
:106F00000F2C0BD1894B1B78002B0AD0002D00D100
:106F1000EAE5002E00D0E7E50220C6E7102C00D1FC
:106F200062E6834B61E6FE230293112C06D020001B
:106F3000FCF746FA0290FF2800D17CE6002D0CD128
:106F4000A0238022DB0552009A627A4B28001D7034
:106F5000FDF73EFBFDF77AFA6DE6002E00D06AE6FB
:106F6000019B7E331B78002B07D0A0238022DB05FA
:106F700052009A616F4BFF3A1A70FDF767FA029B55
:106F8000FE2B06D1019B6C497E331878FDF7D8FFA4
:106F900051E6019B7E331C78FDF7A4FAFDF7B0FAA9
:106FA000002C00D003273800FDF734FA6349702025
:106FB000FDF718F8FDF724FB6148FDF745FE029840
:106FC000FDF764F9FDF7A4FA35E6B54200D132E6E3
:106FD000032F02D0002D00D12DE6A0238022DB0557
:106FE00052009A620022534B1A7002239F43012FD2
:106FF00001D106F097FA00275022039B51481F70D9
:10700000514B1A80FDF720FE012006F047F8029B45
:107010001B78012B01D04D4B1F70019B4633187814
:1070200000280BD105F0E8FD0123494A102C03D0BC
:107030003F4A002E00D0FEE51370FCE50A224243D1
:10704000444B1A70F0E7444B2E4A05931B78039289
:10705000002B1BD1029B1F78FF2F09D02300113B6F
:10706000012B00D957E1049B1B78002B00D052E183
:1070700004F004FD002800D055E1042F00D152E1B6
:10708000320029002000FEF73BFED4E5002E00D0A0
:10709000D1E5002D00D1CEE5102C6BD00127039B4C
:1070A0001F700C2C06D80A2C5ED867D00223039AD6
:1070B00013705FE00D2CF9D1FDF710FF274B1B7803
:1070C000012B0FD1264B1A88264B9A420AD0019BDE
:1070D0000199587B031D5B00CA524300CA5202212A
:1070E00007F0C0F905F094FC012005F0D7FF00205F
:1070F0000DF00CFA0023059A9EE7C046E318002025
:10710000941F00205D1F0020C8070020461F00209C
:107110005B1F00206C1F0020480800204008002052
:10712000441F0020FE1E00206D1F00203E1F002077
:10713000ED1E0020741E0020D6060000C3C3000010
:1071400050C3000088130000E21E00205F000020F2
:10715000B4070020BD070020371F0020AE07002025
:1071600024000020FFFF0000924A13787B40137038
:10717000914B1E700122914B1A705CE5904C914A24
:107180009149200005F00AFC23002D331F702300D5
:10719000200029331F7005F019FB8C4B38001C6050
:1071A0008B4B1C608B4B1C6005F078FFFDF7DAF908
:1071B000FDF794FE7F4B1B78002B00D09FE0864F9D
:1071C00046220021380013F0A1FD844C844B854AEF
:1071D00085492380537BA1800221A1714631594307
:1071E00053181800883001910188408821816081FE
:1071F0001800A03001884088A181E08118008D30FE
:107200000078B62120741800953000788C466074A0
:1072100018008C3000789C44A074180094300078DA
:107220006146E0741800BC30007820751800A83062
:10723000007860751800B0300078A0751800BB3079
:107240000078E0751800B130007820761800B5306D
:107250000078097860761800B3300078A0761800BE
:10726000BA300078E0761800AF3000786077180008
:10727000B4300078A0771800B8300088E077601C40
:10728000C17718008021BD30A63300781B88F877BD
:10729000C90056488B422BD2190007F0BDF8422195
:1072A00038000DF047FC0627A31DD887504B20203F
:1072B0000834E3870EF070FA3F4C277008F008FEA0
:1072C000FDF7C8FB05F0CEFB0FF0AAFD88213620A4
:1072D000FCF788FE00210120FDF716F805F098FB69
:1072E000012005F0DBFE01232370424B1F7041E7B4
:1072F0000199BE318918102213F037FECFE7022220
:107300002D4B1A703C4B033A1A8000223B4B1A70EB
:10731000FDF7F6FD2EE73A4BBF00320029002000B2
:10732000FB58984787E4002E00D084E4002D00D15C
:1073300081E40223039A7FE60122324B1A709BE418
:107340000122314B1A70A7E40122304B1A70AEE4CF
:1073500001222F4B1A702378FF2B00D0D0E400239A
:107360002370CDE41F4B2900587BDDE43378002BDC
:1073700000D0E6E4019B1B78002B07D00023019A84
:1073800013702822234B1A8004F0CAFF224D2B7859
:10739000002B03D006F026F800232B7020780DF088
:1073A000B5F8FF232370FFF77FFB0A2C01D0FFF70E
:1073B0009BFB8EE5AE070020AD0700206C1F002070
:1073C0001C07002090FE9602050400006C1E0020A1
:1073D000601F0020681E0020660700206407002050
:1073E000CDABFFFF8C1F0020A5BEFFFF860700204E
:1073F000BADCFFFF5D1F002024000020AC07002046
:10740000CCCE0108B8070020B7070020B90700203C
:10741000B6070020441F00204C0800200022102046
:10742000110010B5FFF728FB0022064B1A70064B1F
:107430001B78132B02D0054B01321A70FDF7DEFBCF
:1074400010BDC046201F002060000020ED1E00205F
:10745000F0B51D4B9BB000931B78052B44D11B4B03
:107460001B78002B40D01A4B02931B780193002B02
:1074700000D1E6E1174C25782800E130FF30000309
:107480000135FDF7E3FDEBB22370072B04D9002390
:10749000029A13700FF0FCFA0F4B1B78052B02D1E8
:1074A00001220E4B1A700E490E4A0B78002B00D0A9
:1074B000F0E2009913780978012900D0F1E21378FD
:1074C000002B00D0F4E228E36A1F0020E51E002014
:1074D000D91A0020D71A0020431F00206C1F00205B
:1074E0001A070020071F002004F0C8FA0028BAD1AC
:1074F0000C20FCF781FA01231842B4D000210220AD
:10750000FCF770FD0220FCF777FA082307043F0E12
:1075100004001F4227D00B20FCF76EFA0005000F75
:10752000FBF74EFF0600FF281DD0009B1B78012BA8
:1075300019D0C74B1B78002B15D0C64D2800FBF780
:10754000C9F90200132804D12800C34913F0E6FC4E
:1075500012220023AE54AD180C226B70BF4B1A7070
:10756000BF4B0B3A1A707B0702D50122BD4B1A7034
:1075700001231F4209D00122BB4B0C201A70FCF7DB
:107580003BFABA4B800BC0B21870BB0702D5002281
:10759000B54B1A70E5B2630602D50122B44B1A70DE
:1075A000240602D50022B24B1A70EB062BD501221D
:1075B000B04B1A70B04B09321A80B04B9A7F002A38
:1075C00021D0009A1278052A08D1AD4A11780029F5
:1075D00004D11420AB4A1080AB4A11700533DB7F15
:1075E000002B10D0A94AAA4B1178002902D1198882
:1075F000132908D81421198000231370A54A137089
:107600000122A54B1A70AB0604D50022994B1A70C3
:10761000994B1A806B0709D50122A04B10001A70F4
:1076200008F010FBE1229E4B52011A8008231D42F4
:1076300004D00020994B187008F004FB20233A0076
:107640001A4001921F4215D0964B1B78032B11D183
:10765000954B1B78002B0DD1944B1B78042B09D034
:10766000FCF704FC59209249FCF7BCFC59209149D5
:10767000FCF7B8FCFB063CD58C4B1C78042C38D1AD
:107680008D4B1B78012B34D18C4B1B78002B30D1C8
:107690008B4E5F203378013CDAB20133DBB23370BA
:1076A0000292FCF7A9F9029B864D5B00E852002C80
:1076B000EED13378232B1CD90122694B0B20347077
:1076C0001A70FCF799F90600FDF71AFCF60609D4C2
:1076D0002A887D4B9A4205D12B000833DA8F7B4BE9
:1076E0009A4274D0FDF7FAFBFDF70AFC78480FF0D8
:1076F0001BF830231F4200D1FAE66B4B1B78002B9E
:1077000000D1F5E6734B1B78012B00D0F0E6724FE9
:107710003B78022B02D0052B00D0E9E6019B042523
:10772000674C002B02D023782035ED1A0026AE429C
:1077300071D1237801234A4E33702378232B00D84C
:10774000D6E6237800230B202370FCF755F90400BC
:10775000FDF7D6FB250010231D401C426AD1594C71
:10776000594B22889A4265D123000833DA8F574B50
:107770009A425FD120200EF00FF8A31DDB8F42212B
:10778000564801930DF0D6F9019B834252D1E3880C
:10779000A2881B041343524A1B021B0A934249D17D
:1077A00000222800110004F05DFD0190002801D1A5
:1077B00001F026FA80230135ADB2DB009D42EFD106
:1077C00004233B70033B3370FDF788FB90E62220D7
:1077D0000DF0E2FF422141480DF0ACF9AB1DDB8F0B
:1077E000834200D082E76D880DF0A6FE83880621D3
:1077F0009C46A3B29C4500D878E70B00634302681F
:10780000D618D35AAB4204D87388AB4201D901F0E1
:1078100095FA0134EDE75F20FCF7EEF82378232B8F
:1078200006D823785A1CD2B22270264A5B0098529E
:1078300001367CE705233B70043B3370FDF796FA75
:1078400056E6284B1B78002B00D12CE6082779E060
:1078500010070020461F0020471F00205B1F00204C
:107860006C1F0020CD070020D4070020D307002084
:10787000D6070020DF1E0020E01E00208C1F002005
:10788000E51E0020381F0020E61E00205A000020C0
:10789000D80700203F080020711F0020DA070020D1
:1078A000661F0020CD1F0020371F0020431F00202F
:1078B0006840000068300000641E002011070020AE
:1078C000AC07002064070020CDAB0000BADC00004C
:1078D0000E070020AE070020AD070020660700203D
:1078E000A5BE02000A070020B14C37E028000FF0C7
:1078F00003F8002822D00821AE4A2B7B12780B42D5
:1079000068D0002A1AD1AC4B1B88DA060DD1802230
:10791000D200934209D25809A84A41008C52012250
:107920008240A749086802430A60A6490A88002ADB
:107930006BD0013A0A80A04A01331380013FFFB2A5
:10794000002F1FD08022A04ED2003388934219D23C
:107950009E4A1488002CC7D0013CA4B20133338066
:10796000F0231B0208ADE0181480400120222900FA
:10797000FCF750FF28000EF0E5FF0028B6D080236A
:10798000DB0033808022904BD2001988904B9142CB
:1079900002D2019A002A62D000221A708D4B013265
:1079A0001A708D4B1B78002B4BD08C4B187800280D
:1079B00000D071E5884B1A78002A00D16CE5884B1D
:1079C0001B88062A55D9874A1188994200D163E558
:1079D000138061E5012A13D19A43002AAED0824B6D
:1079E0006A681B68013B9B1A8022920093428AD3EB
:1079F0000022774B01901A70764B01321A70C1E762
:107A0000022AECD1013A1A40E7E7734908788C461C
:107A100006280ED8754A0101891808AA70CA70C1D3
:107A20000D001188013029809278AA70624610708A
:107A300081E70121694B1970654B1A70654B19700C
:107A4000A0E7604B1B88002BAFD0654A10888342AB
:107A5000ABD20138C01A80B20FF086FB1CE51B7850
:107A6000002B00D018E55B4B1B78002B00D113E5F1
:107A70009BE70721891A89B2994207D2073BD2189E
:107A800090B2584B18800FF0F7FA05E5002B00D1A3
:107A900002E5F6E7013BDBB20B70002B00D00EE5F0
:107AA00007E553490978002900D008E5002B21D0CB
:107AB000504E514B31781A78022900D0F3E1002A58
:107AC00000D1E8E14D4D2968002905D04C480068F7
:107AD000091A002900DD44E14A4C207801380528C4
:107AE00000D9D6E1FAF71CFFB200B4009F01BB0138
:107AF000BB01BE01444B1B785BB2002B0DD103F0E0
:107B0000BDFF002809D1414B1B78002B05D1404C0B
:107B10002388002B16D0013B23803E4B1B78002B83
:107B200000D11EE13C4B1A880123110019401A4272
:107B300000D016E1394B1B78012B00D1A8E3384B5C
:107B400019700EE1374B384819780FF029F8029B6D
:107B500019780FF025F8354B19780FF021F8224BE2
:107B600019680FF01DF8324B19780FF019F8314BE6
:107B700019680FF015F8304B19880FF011F82F4BDA
:107B80001988013149080FF00BF82D4B19780FF0C7
:107B900007F82C4B19780FF003F82B4E05003368CB
:107BA0008342BAD00FF082F9C8233560B4E7C046EB
:107BB000FF030000DC1A0020040700204806002014
:107BC00044060020020700200607002008070020C6
:107BD0000A07002088060020000700208C060020ED
:107BE0008A060020DE1A0020C81A00209006002015
:107BF000DC07002036060020350600200C06002099
:107C0000081F002008060020241F0020231F00203A
:107C10001807002012070020FC1E00206A1F002009
:107C2000AA0500201E1F0020C59D1C81D41A00201B
:107C3000400600203C060020380600201C1F0020C3
:107C4000DB1A0020DA1A0020140700200223237018
:107C5000BD4B1B68002B21D10020BC4BBC4E1B78B8
:107C600005960293BB4BBC4E1B7803960493BB4B0B
:107C70001B780193BA4B19780300029FCEB2BE4223
:107C80002ED3002804D00021B64A1170AE4A1160EC
:107C9000002B00D1AAE0B24B1E70A7E0B1490978D1
:107CA0005B5C002BD8D0AF4BA74A1B781268D35C23
:107CB0002E2B00D0ABE0AC4B01201988FDF740F92A
:107CC000AA4B1C68AA4B18880A21FAF733FE80B227
:107CD000001928600322A74B1A700DF073FDDCE039
:107CE000059B5B5C1F00613F192F13D8203BDBB263
:107CF00000200090039F0098BC46C0003F5C844475
:107D00009F425DD163465B68002B5FD1100013007A
:107D10000131B2E7202BEBD1049B002BF7D0019B64
:107D2000002BF4D1029F4B1CBB42F0DA002804D098
:107D30008C4B019A1A70844B1A600122874B0A21DE
:107D40001A7005232370894B01361C688A4B1888EA
:107D50008A4B1B88C01AFAF777FE814B00192860FE
:107D60001E70874A874B1478009225006A1E954141
:107D700001931B78EDB2002B02D0002201990A700A
:107D8000814A1278002A00D160E3002B04D1002C34
:107D900001D0009A137000257C4B1B78032B00D078
:107DA0002BE37B4A13780133DBB2072B00D82DE39A
:107DB00000201070FCF762FE002D00D15CE34CE364
:107DC000009801300090362894D19FE71878002859
:107DD0009CD00022634901360A705B490B60012187
:107DE0005F4B1E705B4B19705C4B1A70564B1868DA
:107DF000002806D0FAF76EFD5A4B1B78834200D25A
:107E000051E706232370594B1C685C4B1CE02D2B5B
:107E100000D05FE7544B01201988FDF791F8534BD0
:107E20001C685C4B4FE7FCF76BFB4E4A1378013341
:107E3000DBB21370444A1268D25C4C4B002A0BD060
:107E4000022222701C68544B18880A21FAF772FD2E
:107E500080B20019286084E704222270D4E702234C
:107E600023707EE70027277001241F702F60347075
:107E7000FCF762FB0220FDF7E9FF484B38001F705A
:107E8000474B1F7005F088FA04F0C2FD3D4B1C7093
:107E900023E70023E4E70DF0B7FD424B1B78002BEE
:107EA00000D05EE739E6002A2AD03F4B1A78002A34
:107EB00004D1012202201A70FDF7C8FFFCF7BEFBB7
:107EC0003A4A3B4B12683B49128E9B560A78002A6D
:107ED0001CD0394B1A78501C1870312A02D9002254
:107EE0000A701A70354A1378002BD6D0FF2B00D0B9
:107EF000A4E100231370324A1370324A1370ECE687
:107F00000DF082FD3378022BC7D0CEE74408A03BAA
:107F1000E4182D4A2D4B1178009300201B5E2C484D
:107F2000A5B2019024B2002906D10078002803D11F
:107F30009C424FDA009B1C80009B00201B5E60333C
:107F40004EDB61235B4249E004060020AB050020C4
:107F5000AF050020AE050020ECCC0108AD050020E7
:107F6000AC050020000600200C000020081F0020A7
:107F70001A00002008060020140000201200002033
:107F8000711F00206C1F0020DC070020DD0700208F
:107F9000DB070020100000200E000020BE0700209C
:107FA000BD070020071F0020480800206C1E00208D
:107FB0001C0000203106002030060020340600207E
:107FC00033060020320600202F0600201800002073
:107FD0002E060020180001336130ADDA00980380CE
:107FE000009B00201B5E1800723016DB0A331BB2A8
:107FF00096489C4214DB964B1C800378FF2B01D0E3
:10800000013303700026934B1E70B14215D10378E3
:10801000B34212D0012313700FE069235B42E7E7FC
:108020008C4E3378FF2B01D0013333700023037063
:10803000994202D031789942EDD11778864E874A1D
:1080400033780292002F41D0002B0DD1844A13784F
:10805000FF2B0FD1012300223370814B1A700DF0DA
:10806000B1FB3378002B0AD0029B1888042844D82F
:10807000012047E00133DBB21370032BEAD8794DBE
:108080002C88002C02D120000EF04AF80123013484
:108090001C402C80029B01201B88042B04D90A2140
:1080A000581DFAF7D1FC80B207244443019BA4B2C7
:1080B0001B78002F5FD06C4D002B49D02B886B4A6A
:1080C000934200D90EE701332B800BE7684A002B5F
:1080D0000FD01378FF2B06D10023614A3370137041
:1080E000634A1370BBE70133DBB21370072BBBD9B4
:1080F000F2E75B4B17701F70C1E70A210530FAF7F2
:10810000A3FC80B20121002F05D1401880B249188C
:10811000032800D94108534A13888B4215D3002302
:108120001380783406DB78352B1CEDB2402D00D956
:108130004023DBB24020002F04D1181C142B00D99F
:108140001420C0B20DF0ECFFA4E701331380A1E7C7
:10815000484E494F3378022B05D13B88A34202D3C6
:1081600046480DF0B1FF0123019A337013700022CD
:108170002A803A80B6E63F4D002B36D03A4C238811
:10818000002B28D0012B23D03D4E317809290AD865
:108190004000834280414A1C3A4B4042D2B22D30CB
:1081A000585432709F542A4B009A1B8812883649C3
:1081B0009B1A1A1C1BB2282B00DD2822130400D5A1
:1081C00000220B889B18314A0B80137801331370FF
:1081D00020200DF0A5FF0023019A238013700122B7
:1081E000254B1A8002232B707CE62B78022B00D0C3
:1081F00078E6214E1D4A3388934201D801333380FB
:108200001F4F3B78002B09D0032545433388ADB27F
:10821000AB4203D300200DF09DFF35803388A3428D
:1082200000D25FE63B78002B04D001200DF092FFD6
:10823000348057E611480DF047FFF9E70133DBB210
:1082400013704F2B00D828E653E6C04626060020C0
:108250001600002025060020240600201A00002019
:1082600023060020200600202C060020FDFF000031
:10827000220600202A06002028060020B5C7010893
:1082800027060020140600201206002010060020F9
:10829000FCF73CFB002808D1C34B9B7F002B04D18B
:1082A000C24B1B78002B00D15BE5C149C14F0B7855
:1082B000002B0ED13A00C8202B33013BDBB21080DB
:1082C0000232002BF9D1BC4A1370BC4B1880012339
:1082D0000B70BB4AB84D13782C786600062B00D87B
:1082E00086E06420FBF788FBB853F35B002B01D1D9
:1082F000C833F3532B21601CFAF7A2FBB14B0E00DD
:108300001B782970002B04D0AF4B1B78002B00D1B9
:1083100027E5AE4AAE4B10781B78184300D020E515
:10832000AC4B1870AC4B187007F08CFC03229E4BC2
:1083300000929B8C002B01D105330093009B80227F
:10834000DD01A64B0021ED18280012F0DFFC388873
:10835000012203005100795A041C884200D90C1CE8
:10836000A0B20C1C994200D21C1C0132A3B22B2AD1
:10837000F0D1924A1488A0423DD2611E241AE41022
:108380000C1BA4B21480002201929C4202D21B1B3F
:108390009BB2019333002B330293019A4023312A7D
:1083A0001BD92B213000FAF735FC824F4900CB5BFB
:1083B00000209C4201D21B1B98B2072701997843E9
:1083C000FAF7B8FAC2B24023002A06D0BF331840E9
:1083D000381A803B83407F2213402B706B70029BC6
:1083E00001360335B342D8D10098FCF738FBB8E426
:1083F0000133137079E70234C3E7022B00D0DBE4CA
:10840000774A13780133DBB20F2B01D81370D3E412
:108410000023744C1370267820007F227F34724929
:1084200012F07CFD26706D4C704E2000611C7F2286
:10843000277812F073FD230080347F331F70A6422B
:10844000F3D1FCF715FBFCF705FBB5E4002B00D1DD
:10845000B2E40CF04DF8002C08D00023009A137001
:10846000634B1B78002B07D110F040FA604B187853
:10847000002801D10EF070F85E4C2378002B04D058
:108480005D480EF021FB002323705C4D2B78002B00
:1084900004D05B4B1B78002B00D084E3594B1B7836
:1084A000022B49D1584B1B881B0705D18023574A03
:1084B0009B0151694B405361554A1388002B01D0F1
:1084C000013B1380534A1388002B01D0013B1380DA
:1084D000514B1E78012E11D1504B1C78002C0DD021
:1084E000013CE4B21C70002C08D1FBF7DFF820003F
:1084F00004F082FB009B1E70019B1E702B78002BEA
:108500000DD0474A1388002B09D0013B9BB2138042
:10851000002B04D10CF090FF03200BF0F7FF03F0C9
:10852000ADFA002800D1ADE03E4E3378002B00D1EB
:108530007EE0013B3370A5E0032BBDD1324B3A4ABC
:1085400019881088091A692906DD00201B88374917
:10855000013308701380AFE719888842ACD18024BA
:1085600032492A4E0878A401002803D1B4621B883E
:108570000F3316E077697C407461112808D91B8895
:108580006933138000230B700B7801330B7093E772
:108590000B28ECD8A8242401C440E407E7D51B88A5
:1085A0002D331380F0E7C0468C1F0020EF1E002003
:1085B000AA05002054050020520500200A000020D2
:1085C00051050020021F0020FE1E0020431F002036
:1085D0004D080020191F0020181F0020E11A00205C
:1085E000DB0700205508002056080020611E0020EF
:1085F000DC07002050050020400500205E1F002001
:10860000421F00203C050020FC1E002000080050F6
:10861000E21E0020E01E00206A1F0020BD0700208F
:108620002C080020380500203A05002039050020DC
:10863000CB4B1B78002B25D1CA4A029212780392A9
:10864000012A0BD0022A7DD0C74F3D78002D00D1E2
:108650008EE0012D00D1D2E0C44A10E1FBF7EEFF1D
:10866000FBF7ECFF0224C24B1880029B1C70C14B2D
:108670001D682800FBF7C2FE2800FCF735F8FBF761
:10868000D3FE3470BC4B1B68002B04D003F012FCEB
:10869000002800D01FE10022FF21B84B1A70B84B10
:1086A0001970B84B1970B84B1A70B84B04931B78FB
:1086B000042B00D194E1B64B1D78EDB2FCF726F9FE
:1086C000002800D018E2B34B1A78B34B002A00D12F
:1086D00035E2B24C0221227816008E43002800D0E9
:1086E0000DE2012E00D00DE219780131C9B21970E6
:1086F000022900D90CE2002D07D0002A05D0002263
:108700001A70FEF78BFE00232370FCF7D3FE0400E3
:10871000132802D00022A24B1A70A24EA24D337829
:108720009C4200D12BE2132B08D0132C06D09F4B78
:1087300000211A789E4B1878FEF79EF900233470BA
:108740002B8030E2FBF77AFFFBF778FF894B0200C2
:108750001868874B1B88934204D99B1A032B01DDB1
:10876000944B18680023029A137003F051F989E7BB
:108770000D20FBF741F90400030483D40E20FBF71E
:108780003BF98D4A8D4B24041C4013680443E31AC3
:108790001460DA179B185340894A632B02DC157862
:1087A0000135EDB29121322089001570FBF71AFCDA
:1087B000022D09D832208349FBF714FC039B002BC0
:1087C00000D05FE71523B5E67F4B804AE31893425C
:1087D00003D9200003F01CF9F0E7764B65081D6013
:1087E000644B029A1C60012328001370FBF706FEFD
:1087F0002800FBF779FFFBF717FE02239AE606AB8A
:108800009D1D290008A8FBF701FA041E00D139E7D5
:10881000FBF7CAFE022C34D1089803F0F5F9FF28C3
:1088200004D1654B1868FBF749FFCBE70222684B80
:108830003A701870674B1A70674B013A1A70009BB8
:108840001A704A4B1A78002A41D000221A70624BE3
:108850001B78934200D115E75E4B03201B789A1ECC
:10886000012A02D9012B04D104200BF031FE5B4B0D
:10887000187003F055FD0123009A1370019A1370CC
:1088800000E7012CCDD1288803F0ECF9FF28C8D0EF
:108890004F4D4B4A2B784F4C834215D121780129FB
:1088A00012D113780133DBB21370012B05D90223E7
:1088B0003B70494B1970009B1970012323703B7862
:1088C0002870012BBDD8ACE700231370F5E7022018
:1088D0000BF01CFED6E606AB9D1D290008A8FBF791
:1088E00095F90400022817D1089803F08DF9FF28A4
:1088F00000D1DAE6224B1A78824200D1D5E61F4A2F
:1089000018701470FF221F4B1A7000221E4B1A7031
:108910000123019A1370C8E6012800D0C5E6288813
:1089200003F0A0F9FF2800D1BFE6164B164A1978CC
:10893000814211D113780133DBB21370012B00D8BF
:10894000B3E60F4B1A788A4200D1AEE619700B4A93
:10895000019B14701C70A8E618701470A5E6C04640
:10896000061F00202F050020051F00203E1F0020AD
:108970002005002024050020400800201F050020BD
:1089800008000020070000201E050020431F0020D3
:10899000F91E0020EF1E002018050020EE1E00200A
:1089A000DF20002061000020761F0020E71E00204D
:1089B0006000002028050020340500200000FF078B
:1089C0003005002045020000C0E85DFE3FEA70006F
:1089D0002E0500202D0500202C050020811F0020E1
:1089E000C44B1B78012B48D1C34B1B780093002B41
:1089F00000D1D8E0C14A1378013BDBB21370002BE1
:108A000000D0D0E00CF098FDBD4FBE4B3A88BE4C74
:108A1000002A03D11A8002681288228082880021ED
:108A200002921B8822880CE0019D013306350195D6
:108A3000029D9BB2AB4226D206225A430399525A58
:108A4000009906260D005E430196029EB3421CD398
:108A5000002901D0AC490A80002D01D0A94A138019
:108A60000222A44B00201A700DF076FD0BF040FDA1
:108A7000049B1B78042B00D01DE69E4B1B78002B1B
:108A800000D118E68FE0009DDFE70668B446039644
:108A9000019EB444664676889642C5D9002901D025
:108AA00099490A80002D01D0964A13802588974E57
:108AB00040222800964975800CF05AF842219548CA
:108AC0000CF038F80636F08722200CF065FE03F033
:108AD000C9FF0EF0A5F988213620FBF783FA0021A3
:108AE0000120FBF711FC1E223B88403501333B80FF
:108AF000824B25801A70B9E768426841E3E5002E91
:108B000000D1F1E5002D00D0EEE500221A70FCE561
:108B1000002119708A4209D17F4B01311A707F4BB5
:108B2000197010202170FDF7A7FFEEE5032A00D190
:108B3000E7E5002D00D0E4E501322270E5E5774C51
:108B40002278002A0DD00028DFD11A780132D2B263
:108B5000022A01D8002DD9D000221A70FEF75EFC3F
:108B6000D3E50028D1D019780131C9B21970022992
:108B700000D8CAE568491A700A700121D1E72B882C
:108B800001339BB22B80022B16D1654E654D132C01
:108B90000BD12878132804D000213278FDF76CFF20
:108BA0002C70002333701BB0F0BD00220121200087
:108BB0002C70FDF761FFF4E7272BF4D9132CF2D0CA
:108BC000282B09D1102CEED00121554B0A00200092
:108BD0001970FDF751FFE6E722000B3AD2B2012AE5
:108BE00008D801214E4A11705B0703D10A0020000A
:108BF000FDF742FF2A884C4B9A42D4D929239FE59E
:108C00006289238908AE1204290030001A4303F058
:108C1000C5FEE389A2891B0413430E93237C06A996
:108C20007371637C06A87373A37C3371E37C337325
:108C30000923627D5B18DA77227D15AB1A70A27D5D
:108C400012AB1A703B23E27D5B181A703123227E2F
:108C50005B181A703523627E5B181A70A37E5A1E49
:108C600093413322521813703A23E27E5B181A7034
:108C7000637F0AAAD3772D4A5B009B5AB383A27FF6
:108C800013AB1A70E37F3386631CDA7F36235B18DD
:108C90001A70A31CDA7F3D235B181A703E23210053
:108CA0001B1822311022180012F05FF94D2306AA7A
:108CB0009B18019A30001A7003F09CFE300003F0FC
:108CC00085FD1B4B32002800597B032306F00EF86C
:108CD0003E2306AA9B181900280005F0E7FF154B54
:108CE00001221D8003233B70134B1A70FCF73EF8E2
:108CF000FEF76AFD641E0020110700200600002018
:108D00000C0700201C0500201A0500206407002025
:108D10006807002066070020DF200020201F0020B9
:108D2000E71E002060000020FDFF00009CCE01082F
:108D30008C1F0020240000206C1F00202C00074EF8
:108D40004034A4B2280008353100ADB20BF039FF31
:108D50000836A542F6D10248FEF7C9FC6807002094
:108D60000C070020F0B501209BB0F9F7D1FF80205F
:108D70004005F9F7BFFFC02000250726EF4BF04A5A
:108D8000F0491A60F04BF14A4B60136A00061B026F
:108D90001B0A034313628D600E603021EC4B2720C9
:108DA0001960136A12AC1B021B0A1362FAF750F81F
:108DB000012323610233A360F023E56065616560F0
:108DC0001B022100E348129311F0FAFE80232100D8
:108DD000DB00E048A027129311F0F2FE4023FF05CC
:108DE000DC49BB613C3B8B61033B63602100773313
:108DF000D848129311F0E4FEA42338005B00210050
:108E0000129311F0DDFEC12321009B00D148129383
:108E100011F0D6FE802321009B01CF48129311F060
:108E2000CFFE60232100CD48129311F0C9FEC0236C
:108E300021009B00C948129311F0C2FEC0232100FB
:108E4000DB013800129311F0BBFE2020F9F752FF2E
:108E50000DF0A2FF2022C24F3000FB6A1343FB62D9
:108E6000FB6A9343FB625732BE4BFF329D62DA626C
:108E70001968F63A0A431A608022D96852000A43F8
:108E8000DA601A680235AA431A600FF0F1FEB6489C
:108E9000B64BC268B6491A409C239B031343C36078
:108EA00030000FF0C7FEB34AB34B2021D360B34B61
:108EB000300093600FF0CEFE2800F9F7C9FF1B22A7
:108EC0008020A44980000B68AD4E13430B60F9F776
:108ED0001FFF3A68AB4BE0211A4080239B031343EA
:108EE0003B60B368A84A09031340B3607368A74A9C
:108EF000C02013407360B368A54A80001340B3607C
:108F00007368A44A13407360B3680B43B360B368DB
:108F1000AB43B360B3681340B360336B9E4A1340F6
:108F2000336373689D4A1340736073681340C022B3
:108F3000736009235200012140001140013B0843A6
:108F40005208002BF7D12022800502D0F9F768FEE5
:108F5000C2B280239B00D340914A9B009B181F22E2
:108F60001968C0209143173A0A431A60C0221A2395
:108F700001219204C004150040000D40013B28432C
:108F80005208002BF7D140012033002802D0F9F716
:108F900047FEC3B28025ED04DD40824BAD00EB18E7
:108FA00002931B68F822F82003930121182312046E
:108FB0004004150040000D40013B28435208002B9F
:108FC000F7D1C0012033002802D0F9F729FEC3B23F
:108FD000C0225204DA4007239340039AF8209A43B0
:108FE0000392F822182301211204400415004000C6
:108FF0000D40013B28435208002BF7D1C00120331C
:10900000002802D0F9F70CFEC3B2C0225204DA40A5
:1090100005239340039A1343029A13600422B36812
:109020001343B3600422B3681A400292042213422D
:10903000F8D10125B36880202B43B360A026082314
:10904000F605B361C001F9F755FE0DF0A5FE280045
:10905000F9F7FEFE0223029A63605B19A3600533F1
:10906000E2602561210012953000636111F0A8FDD6
:1090700009230535129521003000636111F0A0FD30
:109080003949494B8A6849481A40A023DB041343F5
:109090003F228B60CB689343C2221D43CD60802169
:1090A00092008358C9051B021B0A0B43835080237F
:1090B0001B0103603E4B1A68520609D419683D4AE9
:1090C00011403D4A0A4304211A605A688A435A6093
:1090D00040268020DA692E4940010A40DA611A6888
:1090E000002532431A60F9F713FE0120F9F7B0FEAC
:1090F0000223A02063600133A3601D33E560656136
:1091000012931F3B21002361C00511F059FD8023FC
:10911000A020129321002561C00511F051FD274BBD
:109120001A6832424ED11968224A1140244A0A4331
:1091300004211A605A688A435A6043E044000020C0
:10914000006CDC0210E000E0FF52070000ED00E0E0
:10915000E8180020000400500008005000140050DF
:10916000001002400014004000000140FFFFC0FF5B
:10917000B02A000080000240EC18002018140050B3
:1091800000240140FFFF9FFFFFFF7FFFFFFFFFFC69
:10919000FFF7FFFFFFFEFFFFFFFF0FFFFF17FFFFC0
:1091A000302401400C240140FFFFFFC000E100E03B
:1091B000003800404000FFFF07030000003001407E
:1091C0002F030000DA695D49E2200A40DA6140229B
:1091D000196800260A431A600423594A9362FAF771
:1091E000A3F95848FBF730FD30000136F6B2FAF724
:1091F000A3F9082EF8D12B20FAF796F9FA2080006F
:10920000FBF722FD2E20FAF78FF9FA208000FBF7FA
:109210001BFD2F20FAF788F92F20FAF785F92F2068
:10922000FAF782F92F20FAF77FF94748FBF70CFD90
:109230004020FAF779F9AF20FAF776F90423404A8B
:109240000225936110F028F90BF00AFEFA223F4B39
:1092500001201A70F9F7FCFD0DF09EFD0120F9F7D1
:1092600057FD8020C001F9F753FD0023E360C023C0
:10927000DB00129303220123A0206361A26023611B
:1092800021006560C00511F09BFC28000FF0F0FC88
:1092900028002F490FF0CEFC80212E4B2E4A2800AB
:1092A000DA602E4A49009A600FF0D4FC2C492D4B0D
:1092B0008A682D4D1A40E023DB00134380228B6027
:1092C0003B6BD20113433B633B6B284A13403B6328
:1092D000EB68274A1340EB60EB689B0400D58DE0F8
:1092E000EA68244B1A400C231343EB606B69134A62
:1092F00013406B612B69204A13402B616B691F4A35
:10930000134038226B61BB681340102B3AD00ED843
:10931000082B00D116E307207B683A685B0B0340FB
:1093200017499B00D20A02405858D0403CE0183BF5
:10933000B343F0D18020000236E0C046FFF7FFFFC4
:1093400000040050C0D40100409C0000DF20002039
:10935000A02000001C0002406C19002004380140CD
:1093600000000140FFC0FFFF00380140FFBFFFFFCA
:10937000FFDFFFFFF3E9FFFFFFCFFFFFFFFCFFFF72
:10938000B4CF01080322FB681340934200D1D4E21A
:109390007B68EE4A1B045B0F9B0098580C23FA680D
:1093A0001A4200D0CBE24000BA68E9491205120F18
:1093B000920052581F210A40D040BB68E54A5B0426
:1093C0005B0F9B009B580B40D84017D01923962168
:1093D00058438902F9F7AEFA64210700F9F730FB28
:1093E000080132306421F9F7A5FA6421060038003B
:1093F000F9F7A0FA00013618B6B2AE6040236A69E8
:10940000022013436B610FF041FC80230026EA68C1
:109410009B011343EB6028216E60CF480BF0F6FBF5
:109420000120F9F775FC0120F9F712FD80200004F6
:10943000F9F760FC0EA90A00C84BA1CBA1C20C220F
:10944000200011F092FD2200C54BC649A1CAA1C35C
:10945000C54BC64A1E60C64BC64DC7488B61531CE0
:10946000DE77C64B55609660D66010611E001B68A3
:10947000002BFBD132601360C14A1061012055609E
:109480009360D360BD4D531CD8772B002D68002D01
:10949000FBD11A60AF23156002225B00B948CA54A1
:1094A0000DF052FCB8480DF04FFC0722B74BC0211D
:1094B0009D731D701A72063A9A72C722B4485D7283
:1094C0009200835809061B021B0A0B43835080231A
:1094D0001B060360AF4E0E222D21300011F016FC4A
:1094E0008023AD4A9B00B57393618022AB49520043
:1094F0008A618B61802128000902FAF773FD290037
:109500002800FAF76FFD3720A549FAF76BFD2221F5
:109510003620FAF767FDC62110208900FAF762FDB0
:109520001120A049FAF75EFD12209F49FAF75AFD73
:1095300013209E49FAF756FD842114208900FAF77A
:1095400051FD49209A49FAF74DFD7B209949FAF7D8
:1095500049FD7D209849FAF745FD48209749FAF7DB
:1095600041FD40209649FAF73DFD10222000954923
:1095700011F0FBFC615D2B031943092089B2013511
:10958000FAF730FD102DF5D1F8211C20C900FAF7AB
:1095900029FD1D208C49FAF725FD1E208B49FAF77D
:1095A00021FD1F208A49FAF71DFD3E208949FAF75F
:1095B00019FD73208849FAF715FD77208749FAF7D6
:1095C00011FD19208649FAF70DFDB4212820090163
:1095D000FAF708FDAA2129200902FAF703FDCC2198
:1095E0002A20C901FAF7FEFC2C207E49FAF7FAFC82
:1095F0002F207D49FAF7F6FC53207C49FAF7F2FC5C
:109600007E207B49FAF7EEFC46207A49FAF7EAFC1D
:109610004A207949FAF7E6FC07207849FAF7E2FC94
:1096200090210024764B774A332009021A80FAF7FA
:10963000D9FC00213F20FAF7D5FC73480DF074FFE8
:1096400004F07EFAFF22F025260027006F4B6D0301
:109650001C806F4B1C706F4B1C706F4B1A706F4BE4
:109660001A706F4B1C706F4B1C706F4B1C706F4BE4
:109670001C706F4B1C706F4B1C706F4B1D600DF09E
:10968000C3F90494059403952800202212A9FBF73E
:10969000C1F812A80DF030F900281BD0442204AB09
:1096A0009B181B783C3A13420BD10121614A11707F
:1096B000002F03D0139A0499914202D20700139A03
:1096C0000492002E02D0169A944202D2169C059360
:1096D00003950600F42320355B039D42D4D1574BFC
:1096E000002E00D130E101341C60039B2033AB42DB
:1096F00001D2514A13600024A74201D0049C0134D6
:109700004F4B1C60002E02D0059B1B0712D412ADDC
:1097100010220021280011F0F9FA0123F8225B42FF
:109720005242139428006B81AA81AB730DF0CCF9DF
:109730000DF06AF90822434812A9FBF76BF8424B77
:1097400004AA4048138712A980E0C046B4CF01089C
:10975000D4CF010814D001088CD3010868C00108D7
:10976000B81A0020F80000207C020020941A002083
:1097700034D00108A1390108512E01086C1A0020CB
:10978000701A00205000002048000020005C0040BB
:1097900000E100E0D0200020001400500004005040
:1097A0001F9D00003A030000DB030000DF03000000
:1097B000B22A0000DC73000020E90000A83300009A
:1097C0001635000093C1010855E50000584C000013
:1097D0005AC60000C694000091460000EF880000C1
:1097E000411000002218000090980000282000007E
:1097F0003E3000000A60000030540000CE610000DE
:10980000C41A00200090FFFFCE200020DE1A0020A6
:10981000DC1A00201E1F0020DB1A0020DA1A0020AC
:10982000D91A0020D81A0020D71A0020D61A0020F2
:10983000D51A0020D41A0020D01A0020CC1A0020FB
:10984000C81A002058A10000296300000023082244
:10985000FBF7A6FC04F03CFD0221002004F002FE10
:109860000221012004F0FEFD03F0D2F8012003F0F4
:1098700015FCD2480DF058FED1480DF055FED148E8
:109880000DF052FED0480DF04FFE002005F0C0FE56
:10989000FBF73CF8CD4C002858D10027FF220023CD
:1098A0009446CB492678CB4C0B706A466546107AB5
:1098B000029A2A40D200155D002D07D0002E00D05C
:1098C00086E0A218D279332A00D081E0002B00D0A4
:1098D0000870FBF71BF800287FD00A2406F07AF9FD
:1098E000FBF78CF906F06CF901237F220021BA48BE
:1098F000009405F08DFF03237F220021B7480094D8
:1099000005F086FF0024FBF7B3F8FBF7A3F8FBF79D
:109910002DFAFAF7FBFF002800D192E00024B048AE
:10992000FBF792F9322CF4D11322AE4B1A70AE4BE6
:109930001A700022AD4B1A8057E0AD482EE5032384
:10994000584331E5AA482FE51E60D4E6FBF7B2FD87
:109950000600A848FBF778F9FAF7D8FF00289CD052
:10996000FBF7A8FD0500A348FBF76EF9A24B5A7F51
:109970000A32964211D0B5428FD10221994A157010
:10998000994A1570994A1180122D0ED0112D84D14B
:1099900001229A4B03271A7080E70122197F0227C0
:1099A0004A401A7704F0C2FF78E71A7F002A00D0F5
:1099B00073E701275A76277004F0B8FF33200AF0C6
:1099C00087FD8F4B8F4A187012788F4B1A6065E7AE
:1099D000029B01330293012367E7FBF76BFD13281A
:1099E00000D07AE7002F00D077E7884B824C1B78B5
:1099F000002B30D1864B1B78002B2CD1052008344E
:109A000003F0FAF8E37F3C2B22D8F9F7E1FF814B12
:109A100001221A70804B784F1B78022B01D0052B46
:109A200001D1F9F753FC3B0038331878013804288A
:109A300000D95FE1F8F774FF54015A01B201B9018E
:109A4000B901FBF737FD132800D067E7013466E75B
:109A5000FBF78CF9DBE72500403506F0BBF8FBF798
:109A6000CDF806F0ADF8FBF703F8FAF7F3FF2B7823
:109A7000042219009143012916D10FF00DFDFBF7C7
:109A800075F90422654B5C4E1B789343012B00D083
:109A9000DEE00025012F00D0E8E0383635703800D0
:109AA0000AF034FD5E4BB3E7042B09D10AF07CFDCC
:109AB000FAF7DEFFFAF7CEFF01200CF04DFDDEE7EE
:109AC0001022584806A9FAF7A5FE10220AA95648FE
:109AD000FAF7A0FE554B1E88300002F08FFA642181
:109AE00002903000F8F7ACFF30008BB26421039392
:109AF000F8F720FF029B4E4982B200930EA8039B09
:109B00000AF068FD2B784B49032B0BD0002B45D175
:109B100004AA127A04AB1B7E002A0BD14649002B03
:109B200000D00AA906A811F018FA0EA90AA811F087
:109B300014FA01E0002BF8D00A2500237F22190037
:109B4000009506A805F064FE02237F2200210095FF
:109B50000AA805F05DFE042300217F22374805F0A6
:109B60009BFE8021364B76354942180080300278C2
:109B7000013DD24302701A78EDB24A401A700133A7
:109B8000002DF2D12F4A304912A80AF023FD0623F6
:109B90007F22290012A805F07FFE89E7022BCBD196
:109BA00004AB1B7A002B03D1234906A811F0D5F989
:109BB00004AB1B7E002BBFD12449B7E7841F0020D4
:109BC000861F0020881F00208A1F0020821F00207F
:109BD000781F002014D101085EC1010866C1010888
:109BE000102700006100002060000020761F002088
:109BF00000366E01204E00008C1F0020E01A00206D
:109C0000811F0020801F00207C1F0020741F002067
:109C1000731F0020721F0020C41F0020CC1F0020D3
:109C2000711F0020C8A00000D8A00000621E002004
:109C300051C301086FC1010877C10108D7D00108DD
:109C4000611C0020D2D0010888C101087FC1010831
:109C5000C84D2B78002B05D0FBF72CFC1328F7D030
:109C600000232B70012003F019FA12E7032F35D1DE
:109C7000E31DDD7723003E331D70230047331D7045
:109C8000230048331D8023004A331D702423FF33F3
:109C9000E554B94BB94A1E68B9493000A577A58487
:109CA00002F07CFE3300023F2D331F70043B1F7017
:109CB000300002F08BFDB34B38001E6003F0EEF96C
:109CC000FAF750FCFBF70AF9AF4BB04A1D703D2381
:109CD00065763834D37725700337E0E62F00DEE66B
:109CE0003A003B003932127829331A7001210800FA
:109CF000FBF744FF3B003E331978002903D01E22B6
:109D00004A43A34B1A700CF0C9FB01200AF098FFDC
:109D1000002802D001200FF0ADF89E4B02931B7873
:109D2000012B00D091E09C4B03931B78002B03D1B7
:109D30009A4B1B78002B52D0994B9A4D1E782C6869
:109D4000012E0ED93B000833DB7F002B30D1002CD5
:109D500001D0FA2C05D18023934A9B0151694B40D5
:109D6000536101342C60032E32D13B000833DB7F7A
:109D7000002B2BD08D4B9C4231D900232B60FAF75E
:109D800065FB01238A4C1A0020881E2180B2FBF754
:109D900069F8238864339BB2238020E0FAF7BEFC85
:109DA000844B18780AF0B2FBA4E70FF0A7FBA1E7F9
:109DB000002C05D12623FF33F85CF9F7DFFDD0E74F
:109DC0007D4B9C42CDD192235B00F5E77B4BD2E7E4
:109DD0007B4B9C4203D900232B60012ECFD0794BC3
:109DE0001A78002A03D16D4A1278002A2DD0002259
:109DF0001A70754B1B88934204D13B000833DB7FFC
:109E00003D2B04D12623FF33F85CF9F7B7FD00247E
:109E1000C822039B92001C70654B1A806B4B1B7809
:109E2000A34208D06A4D2B78012B00D083E0023387
:109E30002B70FAF7E3FEF9F739FC062001F02EFE4D
:109E4000042003F0A9FA0AF053FB624B03931B783A
:109E5000002B00D0B1E1029B1B78012B03D05E4A9E
:109E60009B009B5898475D4E3378002B04D05C4B89
:109E70001B78002B00D0A0E101F000FE002809D1E2
:109E80000023584DEB56002B64D17B1DDB7F002B4C
:109E900000D0BBE0544B1B78002B00D126E1534B84
:109EA0001B78002B00D121E102F004F8002800D03B
:109EB0001CE1BB7D4E4A9B075B0F9B5A0730BC8A57
:109EC00004930AF093FF0F230509ADB2184002284E
:109ED00020D90A200AF08AFFC3041BD4C0B2092883
:109EE00018D92B00DD22193BFF3B9BB21201934294
:109EF00010D3049A3F4B4049944200D8C6E01A88D8
:109F0000A21A012A00D0C4E00A88100502D4132A3C
:109F100000D9BEE0384B1D80364B1C80374B1B7878
:109F2000002B00D0A6E2314B00221978200049B264
:109F30000BF046F8D4E0022B00D07AE72200210093
:109F40001020FCF799FD01222D4B2C701C702D4B1D
:109F50001A706EE72C4B1B78002B96D0284B1B7881
:109F6000002B92D1FCF7CAF801F088FD00288CD0B4
:109F700090E7C046DF2000206C1E002090FE960275
:109F800005040000681E0020641E0020941F0020AD
:109F9000701F00206A1F0020FA1E0020F91E0020FA
:109FA000F81E0020F41E00200008005010210100BF
:109FB0005C0000205F000020983A00009834010007
:109FC000E0280100F01E0020401F0020EF1E0020AE
:109FD000EE1E0020721F0020E8D001085E1F002046
:109FE000421F0020241F0020E91E0020231F002004
:109FF00004D10108701E0020721E0020DA1E00200D
:10A00000201F0020ED1E00205B000020184C23784C
:10A01000002B00D13EE70023EB56002B00D039E7A0
:10A02000144B1B78002B00D034E7029B1B78052BC8
:10A0300000D12FE7104B1B78002B00D02AE7337894
:10A04000002B00D026E7F9F7CBF90C4D2B78002B2D
:10A0500005D00B4B1878002801D10AF057FA0023DD
:10A06000084A2B701370084A2370137012E7C04619
:10A070005A000020201F0020371F0020EC1E002067
:10A08000431F0020EB1E0020EA1E0020049A944289
:10A090000CD11A88121B012A08D1C34A1288100554
:10A0A00000D437E7C148824200D933E71C80C04B57
:10A0B0000D801B78002B00D0D0E1BE4A1380012216
:10A0C000BD4B1A70FB7C002B00D13C82FAF74EFE90
:10A0D000A0238022DB0552009A61B84BFF3A1A7028
:10A0E00003200AF013FA0022B54B1A70BB7F002B35
:10A0F00009D0B44BB44A1B88002B00D0C2E11388AE
:10A10000002B00D1C2E1B14C2378002B1FD0B04B03
:10A110001B78002B15D1AF4B1B78002B11D1FB1DE9
:10A12000DB7F002B0DD0AC4B1B78002B09D1AB4B48
:10A13000AB4A1B781278134303D13378002B00D13C
:10A14000F3E1FA22A74B92001A8000232370A64E57
:10A150003378002B31D0029B1B78052B2DD1A34DDA
:10A160002B78002B00D1E4E1FAF724FABB7F002B17
:10A1700005D03B00FE33198CD88BFAF71BF97B1DF9
:10A18000DB7F002B10D0964B1B785BB2002B0BD1E2
:10A19000914B1B78002B07D1954B1C78002C03D1D9
:10A1A000F9F71EF9934B1C7001F090FE0A22924BB6
:10A1B0001A8000232B7000233370904B1A78002AEA
:10A1C00000D1A0E500241C7004F082FBFAF758FDD2
:10A1D0008B4A2000138801339BB213800AF030FDB4
:10A1E000A04202D020000EF045FE039B1B78002BFE
:10A1F00001D1FDF72DF9834B1A78002A00D182E5B1
:10A2000000221A70804A1378002B07D0013BDBB282
:10A210001370002B02D101227C4B1A70029B1B7819
:10A2200002937B4B1B78002B08D0029B012B00D1A3
:10A23000B7E101F03FFE002800D0BCE1754A137879
:10A24000002B21D0013BDBB21370002B1CD1724BD1
:10A250001A688023D28BDB009A4210D26F4B1B7896
:10A26000013B022B0BD86E4B1B78002B07D1F9F763
:10A2700077FA6C4B1878022801D101F00FFCFCF73B
:10A28000D1FA0022684B1A70684A1378002B13D059
:10A2900067490978072901D000290DD1013BDBB2BC
:10A2A0001370002B08D1634B1B78002B04D0FCF7F4
:10A2B000EFF90122554B1A705F4A1388002B00D02A
:10A2C0007BE100235D4A05931378002B00D081E1E8
:10A2D0000AF0F0F85A4B04931B88002B00D082E15F
:10A2E000584B1C88584B1D7878236B439C4218D1DF
:10A2F000564E3378002B14D0FAF794FCF8F700FF91
:10A3000000210620FAF700F80A22FB1DDB7F5343E9
:10A31000394A13800023012233703C4B1A704C4B96
:10A320001A70029B494E012B00D1ACE101F0C2FD35
:10A33000002800D0A7E1294B1B78042B00D1A2E113
:10A340002B4B1B78002B00D09DE13E4B002C00D105
:10A3500070E1013CA4B21C80002C00D06AE1012213
:10A360000425049B32701C80234B1A80F8F7C8FE2A
:10A370002000384CF9F702FB2820A562F9F7D4F841
:10A380004020F9F7D1F8AE20F9F7CEF8A561032205
:10A39000314B062019780131114019704B42594157
:10A3A000C9B2F9F7B1FF57E1721E0020EB0F0000B0
:10A3B000DA1E0020D81E0020D71E0020741E0020A8
:10A3C000E91E0020E21E0020E01E0020E81E002002
:10A3D000201F0020E71E00203E1F0020431F0020FA
:10A3E000241F002058000020E61E0020E51E00204B
:10A3F000371F0020E41E0020381F00206F1F0020A0
:10A40000FC1E00206E1F00206D1F00206C1F00200E
:10A410006B1F0020641F0020601F00205F1F0020B2
:10A420005E1F00205D1F00205C1F00205B1F0020BE
:10A430005A1F0020461F0020441F0020421F0020FA
:10A44000401F00203C1F00205E0000203A1F00201B
:10A45000711F002000040050361F00208C490B782B
:10A460002F2B0CD85A1CD2B20A708A495B005C525E
:10A47000302A04D08723DB009C4200D253E50AF047
:10A48000D7FD2DE60021844B118019703378002B05
:10A4900000D038E6029B1C78FD23A21E1A4200D190
:10A4A00031E67E4B1B785BB2002B00D02BE67C4B59
:10A4B000794A187800281ED011787A4A002914D0D9
:10A4C00064211180012C00D01DE6774A1278002A01
:10A4D00000D018E61B78002B00D014E6F9F7FAF844
:10A4E000724B1C70724B1C700DE6128891B2002AE0
:10A4F000E8D11970E6E71278002A00D103E60122BC
:10A500001A70052C01D102F077FB029B1B78012BFE
:10A5100000D1F8E5674B1B78002B00D0F3E502F083
:10A5200061FF0122624B1A70EDE5052002F064FB29
:10A530000BE6614B1B78002B00D03CE67B1DDB7FDC
:10A540005E4A5F4C0492002B0BD0544B1B785BB2DD
:10A55000002B06D15B4B1B78002B02D12378002BFC
:10A5600017D0FB1DDA7F584B19780A23002900D039
:10A57000BE335343049A138001232B7000252570AA
:10A58000F9F79EFFF9F7CCFF29002800F9F7BCFE88
:10A5900011E6F8F725FF0A23049A1380093B23707C
:10A5A00009E64A4B01221B889BB2134200D145E6C3
:10A5B0003E4B1A7042E6464BF4E7013B9BB21380D8
:10A5C000002B00D07DE6434B1B78013B5A425341A0
:10A5D000DBB277E6013B13703F4B1B78002B00D1B9
:10A5E00076E6FFF790FB3D4A1278002A00D077E626
:10A5F000344A1278002A00D072E6364A1278012ACC
:10A6000006D1132800D16BE61538012800D867E67B
:10A61000049A013B9BB21380002B00D060E63B0004
:10A620000833DB7F3C2B00D95AE6F9F7D1F9FAF76A
:10A630007FFA55E61B885A1E132A09D8002D07D029
:10A6400000209B0702D12623FF33F85CF9F796F927
:10A650003378002B00D09AE6039B1D78002D47D05D
:10A660001F4C20000CF060FFFA221E4B52001B888A
:10A67000934206D81C4BDA8823889A4201D3FFF70D
:10A6800042FBFBF7D5FB78226A43184B1A80DFE7C1
:10A69000D61E0020761E0020DF1E0020241F002072
:10A6A000DE1E0020DC1E0020201F0020711F002065
:10A6B0006C1F0020F91E0020371F0020381F0020CB
:10A6C000E41E00203E1F00203A1F0020681F0020CB
:10A6D000661F0020431F00205E1F00203F1F002038
:10A6E000CE200020CC2000202A1F00203C1F00206C
:10A6F000B24B1C880134A4B21C80029B012B13D0E6
:10A70000E30711D4AE4B18780493461CF6B21E70C2
:10A71000AC4B4000C0180CF007FF032E01D9049B7E
:10A720001D70012004F074FFA4070BD1A64B1B7809
:10A73000002B00D019E1A54B1B78002B02D0012281
:10A74000A34B1A70A34B1B78002B65D1A24B1B782F
:10A750005BB2002B60D101F091F900285CD19F4BD6
:10A760001B78002B03D09E4B1B78002B54D09D4BA5
:10A770001A78042A50D09C4B1B78002B4CD19B4B51
:10A780009B481B78002B12D09A490B78002B0ED0D7
:10A79000994C2478002C0AD1012A08D0013BDBB265
:10A7A0000B70002B03D18A49013343760B70059B54
:10A7B000002B31D00021914B1980012A08D109F0DA
:10A7C00079FE132802D01538012801D8FAF7CEFAFD
:10A7D0008B4C2378002B03D1874B1B78002B02D0A6
:10A7E000022001F05BF9FCF70BF8FAF7D9F8002327
:10A7F0007B4A23701370834A13700122824B1A70B4
:10A80000824B1B78002B04D001F054FB002800D1B0
:10A810000325280009F07AFE7D4B1B78002B18D108
:10A820007C4B1A78002A14D018780138C0B21870FE
:10A8300000280ED102F0B0FD744B1B78002B08D01D
:10A8400001F038FB002804D10AF0F6FD032009F0DE
:10A850005DFE714B1B88002B0FD13B000833DB7F63
:10A86000013B3B2B09D85E4B1B78002B05D1594B84
:10A870001B78002B01D1FAF75BF9684B1B78002B92
:10A880001ED0674D01212C88664B0134A4B22200F2
:10A890000A40110000201A702C8004F0A3FE029BD5
:10A8A000012B0DD01D2C65D80AD1474B1B78002BEE
:10A8B00006D15D4B1B78002B02D1022001F0EEF88F
:10A8C00001F0DCF8002873D0584B1B78002B6FD1B7
:10A8D00057490A78012A6BD8564803780133DBB20E
:10A8E0000370012A07D1202B05D9534B1B78023363
:10A8F0000B70374B1A700122434B1A70394B1B787F
:10A90000002B0BD14D4B1B78002B1BD101F0D2FA41
:10A91000002800D1A4E0012005F0C0F9484A1378CE
:10A92000092B0FD1474B197A00290BD159680029FF
:10A9300008D045480068814204D81B681370012282
:10A94000314B1A70414B1B78002B01D1FFF7DBF91B
:10A950000CF004F83E4A3F4913888B4201D9FFF7B7
:10A96000D2F901331380FFF7CEF90122184B1A7088
:10A97000254BE6E600232B80134B1B78002B9FD141
:10A98000294B1B78002B02D1022001F087F8324BB3
:10A990001B78002B94D1039A01330520137002F029
:10A9A0002BF92E4BDB7F3C2B8AD8F9F711F887E780
:10A9B000084B1B78002B9ED1A0E7C046281F002023
:10A9C000261F0020841F0020741F0020251F002048
:10A9D000711F00203E1F0020241F0020231F002085
:10A9E0003F1F0020431F0020371F0020CA1F0020E8
:10A9F0008C1F0020701F0020221F0020441F0020F9
:10AA00005F1F0020211F00206C1F00205E1F002000
:10AA1000201F00201F1F0020401F0020021F0020B9
:10AA2000001F0020FF1E0020FE1E0020061F002029
:10AA3000051F0020041F0020031F0020071F002007
:10AA40005A1F00200C1F0020081F00201E1F00207E
:10AA50001C1F0020FDFF0000731F0020941F00201A
:10AA60001B4B1D78002D00D158E70022194B9A5638
:10AA7000022A00D052E70024174E3457082C24DC59
:10AA80000123200018401C4206D19D4201D005F050
:10AA9000D9F80134347041E7012D08D1601E062831
:10AAA000F7D8F7F71FFF0AF60AF60EF6100018009F
:10AAB00005F0C8F8032DECD1F0E7032000F0EEFF1D
:10AAC000E7E70420FAE70520F8E7187026E7C04614
:10AAD0001A1F0020191F0020181F0020F0B58B4BF3
:10AAE00004001B780E00150085B0002B00D1B8E1E2
:10AAF0000F2801D100F0DAFD0022854B1A70954233
:10AB000001D100F06DFD0D283DD0112827D00A2875
:10AB10003ED1804D2B7893421DD17F4E7F4F3278AE
:10AB2000F95C914219D001330A2BF9D101340A2181
:10AB3000E0B2F7F785FF7B5C33700BF003FC00227B
:10AB4000774B1A70774B1A700AF03CFE022000F027
:10AB5000A5FF01232B7005B0F0BDDCB2E6E7724C17
:10AB60002378002BF7D1714A1370714A13706C4A25
:10AB700013706C4A13700AF025FE022000F08EFF5D
:10AB800001232370E7E70BF00BFC0022694B78E10F
:10AB90001228E0D8F7F7BAFE59001300130013008B
:10ABA000130013001300130013001300DFFF7800DD
:10ABB0008C00F7FFDFFFDFFFDFFF9900B100002E01
:10ABC000C9D05D4A5D4B1278661E0192544AF6B2B6
:10ABD000995D1078554B534F1D78A0421DD1002D23
:10ABE0001BD03878013D0130F8F714F80522724384
:10ABF000534B39709B18019A5B5C002A05D11A00EF
:10AC0000413A192A01D82033DBB2494A535501226F
:10AC10004C4B1A700AF0D6FD9DE7052114700022F6
:10AC200071433A706A1CD2B21A70454BCB5C0199E1
:10AC3000002905D119004139192901D82033DBB287
:10AC40003B494B5500238B54E1E7002E00D182E7AE
:10AC5000334E344C3578002D11D1344B1B78002BFA
:10AC60000DD0334A013BD15C202904D11031D1549D
:10AC700001232370CBE70CF07DF82570C7E70CF0BB
:10AC800079F800233370F4E7002E00D163E7002247
:10AC9000234B26491A70234B1A702A4B1A700B78D3
:10ACA0009342B7D0013BDBB20B702149CA54B1E7E4
:10ACB000002E00D14FE70023194A1370194A137070
:10ACC000204A13700CF056F8A4E701231A4A1178B1
:10ACD0004B4013700AF076FD022000F0DFFE3AE7E9
:10ACE0000C4A002E02D00023137034E71378002B97
:10ACF000F9D101210F4B1970F5E700230B4A1370AE
:10AD00000B4A1370064A1370064AE2E7071F002039
:10AD1000D5080020D9030020010000208BCC0108B9
:10AD20003306002032060020D80300202B04002028
:10AD3000DA0300205F0000200000002082CC010820
:10AD400055CC010834060020C44B1B78002B00D1E1
:10AD500001E70022C24BC34E1A70C34B1A703378FE
:10AD6000934200D156E7C14C2368934201D101F0D0
:10AD70004FFE24686369186800F0CAFF002804D0F9
:10AD8000230028331B78002B60D1B94B1B78002B94
:10AD90005CD133342378002B03D0B64B1B78042BC3
:10ADA0005BD0B54B1B78002B59D0062083424ED880
:10ADB000F9F791FB012001F01FFFB04B00241A7E30
:10ADC0000A2301325343AE4A13801388AD4A9BB223
:10ADD0001380AD4B1C70AD4B1C70AD4B1C70AD4B5C
:10ADE0001C70F9F733FB2000F9F740FB21005120DC
:10ADF000F9F7F8F82000F9F70DFB9E4B1D78012DAF
:10AE000000D007E73000F7F765FD0200A24B3100E4
:10AE100018700132A14810F0A8F80222A04B1A7055
:10AE2000A04BA14A1D70A14B1D70A14B1C70A14BE2
:10AE30001C60A14B1C70A14B1B6805331360A04B19
:10AE40001C70A04B1C700AF0BDFCE3E6032002F06E
:10AE5000A3FA022000F022FEDCE60120F7E7022040
:10AE6000F5E7994B1F78002F0DD010280BD00D2837
:10AE700009D0002D00D06EE6002E00D16BE6934B7A
:10AE800002221A7067E6924B02931B780193002B03
:10AE90002BD0002E01D100F0EFFB002D00D0D1E32C
:10AEA0002000F8F78DFA0190FF2800D1B1E3894F17
:10AEB0003C78002C0CD1884E0E222D2130000FF052
:10AEC00025FFB573631C019A3B70834B1A5501E053
:10AED0000D2CF7D91022814B1A700022804B1A706A
:10AEE000804B01321A70794BCBE7122CC1D820006D
:10AEF000F7F716FD130013001300130013001300DF
:10AF000013001300130013006901120212028802D9
:10AF10001D036B03710313001300002D15D0002EC9
:10AF200000D118E6704B1B78002B00D013E66F4A57
:10AF30001178002902D01370694A1370F9F730FDB7
:10AF400001212000FBF724F905E6002E01D05F4B1C
:10AF500056E2674B1B78002B00D030E1654B634F06
:10AF60001B785BB2002B28D0200004F03DFE3B781C
:10AF7000012B00D8EFE50A205F4B3E701A785B7812
:10AF80005043C018C0B2002807D119225B4B1A7079
:10AF900004F07AFE04F0B8FADDE5182800D9DAE505
:10AFA000564B187001F018F90028F1D10222474BD6
:10AFB00001301A7001F028F9EAE7304E737B0293F2
:10AFC0004F4B1D683B78002B15D1EB8B4D4A9B18DE
:10AFD000062B10D8482229004B480FF0C6FF029BD1
:10AFE0004A4A5B00995BF3189B881180484A13809A
:10AFF0000122484B1A70200004F0F6FD1022374B56
:10B000001A700393F8F7ACFB0022354B1A708022BC
:10B01000EB8BD200934202D20423039A64E6394AAE
:10B020009B18062B00D92AE72B693C781A683A4B03
:10B0300093429B415B4206330193002C00D18AE589
:10B0400003219C4200D30D311020F7F7FDFC039B38
:10B050001870019B9C4261D93B707CE52B04002059
:10B0600033060020DA03002032060020681E00208C
:10B07000F91E00206A1F0020731F00208C1F002073
:10B08000681F002080030020FA1E0020F01E002010
:10B09000BE070020BD070020AB050020AF05002043
:10B0A00036060020350600200C0600200806002089
:10B0B000AC0500200406002000060020081F002028
:10B0C000AD050020AE0500205E1F00205D1F0020A2
:10B0D000221F00203E0800202F080020641F0020AF
:10B0E0005F000020ED1E0020431F00205F1F002096
:10B0F000D5080020241F0020D0030020B51F002009
:10B10000601F002000FCFFFF880300208403002054
:10B11000820300205C1F0020FFE0F50504F07CFDA9
:10B1200000F0ACFF00220A21019B1B1B93423ADC7A
:10B1300064244443C74BC84F9C423CD9C74BE318D7
:10B14000BB4233D8C64BA3429B41C64C1C40C64BA6
:10B15000E418200000F09CFD2B8E834210D0802349
:10B1600080B2DB002886C018029B80B25B00F052E0
:10B17000F618B08003F076FB0221029803F072F912
:10B18000AE8B2000310000F091FDB44BC318BB42E0
:10B1900004D8B34B984210D8B348801B28600122D2
:10B1A000B24B1A80D7E448430132BFE7B04B9C4210
:10B1B000CFD91C00CDE7AF4CCBE7AF48EEE7F9F7AE
:10B1C000EFFB3100BDE6002E4AD0002D00D1BEE6D7
:10B1D000AA4B1B785BB2002B7AD000F06BFE0028E4
:10B1E00004D1A74B1B88092B00D8B4E4A54BA64C6F
:10B1F0001B682568002B56D08022A44BD2001B88E8
:10B20000934250D3F7F78EFF2800F7F7B1FF0028DD
:10B2100007D19F4B1B681868F7F7AAFF002800D1D9
:10B2200099E49C4B9C4A1D7811000023AB4232D11B
:10B2300015004B3529784E0090531F2001310140F5
:10B240002970202B02D001334A321370F7F7D0FF58
:10B2500004F01AFD914B1B682360FAF74FFF7AE464
:10B26000002D00D077E4019B002B00D073E4012473
:10B270008B4B1C70F8F774FA8A4B01991A78197085
:10B28000002A00D081E47D4B1B785BB2002B35D0C7
:10B29000F8F7C6FA5FE402318E1E36888642D7D0B0
:10B2A0000133DBB2C2E7ADB2280000F00DFF80230E
:10B2B00002785B42134303700100280000F0F4FEA3
:10B2C00004F0E2FC0122784B1A70784B1A70C1E747
:10B2D000774A1370774B1B78002B00D03BE4714A00
:10B2E0001178002902D01370734A13700121734B37
:10B2F0000A000A201970FAF703FD2CE4704B1B7F3B
:10B30000002B03D0F9F74CFBFFF725FC6D4B1C70AD
:10B31000694B1C70FFF71FFC01210B2C0FD1684CEF
:10B32000E37E002B01D1494249B2614B1B78002BCF
:10B3300007D0481E431E984101210B3002E64942C6
:10B34000EDE7614A1370614A1370627B5200A75A9D
:10B35000544A1078002802D013705D4A1370002DF3
:10B3600007D1002E01D1FFF7F6FB0122594B1A70CD
:10B3700003E0002E01D1FFF7EEFB00223F4B9A566F
:10B38000002A39D1544BFB18062B1CD8534B544A76
:10B390001C68208EC00013185B6882582000F8F7E4
:10B3A00031F9504BC218504B9A4200D967E52B4BEC
:10B3B000294AC318934200D861E52060F9F71EF8C6
:10B3C000F9F732F8EBE67818130080B200F084FF4A
:10B3D000464B984201D1FFF7BEFB874201D1FFF7F0
:10B3E000BAFB637B1A1D5200A05201225B00E0529F
:10B3F0003F4B1A702C4B43E50800FAF74BFC3D4BD2
:10B4000001223EE5002D79D1002E00D09FE5002FCE
:10B4100000D088E0194B234A1B785BB2002B7BD10C
:10B420001378002B01D1FFF796FB0A21013BDBB219
:10B430001370314AD154002B05D1254B1B78002BBA
:10B4400001D003F01BFA1022154B1A70F8F788F997
:10B45000FFF79BFB3F771B003F6F400140B23EFC74
:10B460005F856104406F4001C04DC1034A08002060
:10B4700080A4BF0740771B0000BD0105241F0020EA
:10B480004608002040080020C4070020440800208F
:10B490006C1E002016050020CC040020C0070020F0
:10B4A000641F00205F1F00201F080020AF0700203E
:10B4B000D5080020431F00205F000020711F0020DE
:10B4C0008C1F0020B20700201E080020200800204A
:10B4D0005C1F00205D1F002000FCFFFF601F00209C
:10B4E000B4CC0108C088E4FF402DA407FFFF000092
:10B4F000B0070020ED1E0020D0030020002E01D157
:10B50000FFF729FB704B1B78002B01D1FFF73DFBA8
:10B5100003F0B4F9FFF739FB6C4B17701F70F8F7A5
:10B520007FF9FFF732FBF9F7F9F8FFF714FB684BE7
:10B530001B78012B01D1FFF70EFB664B1B78002B0C
:10B5400000D096E4002D02D1002E00D0FFE4624B23
:10B550001A7F002A00D0D5E6604A1078002D08D066
:10B56000002826D1002E01D1FFF7F5FAFBF79AF853
:10B57000EDE400281DD15A4B1B785BB2002B14D18F
:10B58000584B1B68002B10D10E22574857490FF01B
:10B59000ECFC574B029A1D70012313701022554B7F
:10B5A0001A70554B1D70554B2AE7554B02221A70E5
:10B5B000F9E7002106331170D87F524AD97710700D
:10B5C000012006F009F94C4BF0E729003000FBF7A9
:10B5D0005BF9FFF7C0FA3000FBF7A4F9FFF7BBFAFD
:10B5E000122801D9FFF7B7FAF7F790F92FFBE9FA1C
:10B5F000E9FAE9FAE9FAE9FAE9FAE9FAE9FAE9FA33
:10B600007AFB4EFB62FBCDFAB5FAB5FAAEFB6FFBE7
:10B6100087FB122C00D932E42000F7F777F996FC6B
:10B6200096FC96FC96FC96FC96FC96FC96FC96FC8A
:10B6300096FC98FC7DFE7DFEF5FE88FFD6FFDCFFC4
:10B6400096FC96FC122C01D9FFF785FA2000F7F73B
:10B650005DF966FC66FC66FC66FC66FC66FC66FCE6
:10B6600066FC66FC66FCBCFD63FE63FE55FF6EFF78
:10B67000BCFFC2FF66FC66FC122C01D9FFF7F9FB88
:10B680002000F7F743F94AFC4AFC4AFC4AFC4AFC12
:10B690004AFC4AFC4AFC4AFC4AFCEDFD49FE49FED4
:10B6A000BFFE54FFA2FFA8FF4AFC4AFC002A01D0BB
:10B6B000FFF751FA144B1D70144B1D70144B1D7085
:10B6C000144B1D70FFF7A6FA5C1F0020BF07002077
:10B6D0006A1F00205F1F00208C1F0020D50800205B
:10B6E000241F0020400800202F080020D020002028
:10B6F0003E080020641F00205F000020711F002012
:10B700005D1F0020330400202B040020DA030020FA
:10B710003306002032060020002300B50B604D28C0
:10B7200000D976E0F7F7E8F8272B33393B393B6B44
:10B73000753F5757574343435F47312D5F272F5F6F
:10B7400057353D4D573149575F434B574545757503
:10B7500073574F57477337736B6B5731575B5D5751
:10B760005F5F61575F575757575771735765535905
:10B7700059595959735F09230020136000BD1723DD
:10B78000FAE73D23F8E701230B600A23F4E70723D8
:10B79000F2E76823F0E7204BEEE7D023ECE7322313
:10B7A000EAE72823E8E705230B60AE33E4E71B4B09
:10B7B000E2E71B4BE0E70523DEE70823DCE7012394
:10B7C0000B601923D8E703230B606033D4E7154BD4
:10B7D0000B60154BD0E70123CEE71523CCE7782388
:10B7E000CAE70623C8E70323C6E701230B600E332D
:10B7F000C2E70E4B1B6834331B78012B01D10223A7
:10B80000BAE7022B03D10023B6E73F23B4E70423B2
:10B81000B2E701204042B1E7FFFF0000FF03000054
:10B8200001040000DC050000AC0D0000601F0020DA
:10B830000E4B4900CA5A80231B0130B5D2180400B0
:10B84000802013000C210A4D40015B00034200D010
:10B850006B4001390029F8D1D802064B184010433B
:10B86000032C01D1044B584030BDC0463EE10108D5
:10B87000EA08000000F07F00FFFF7F007047000033
:10B8800003000020044AC100515A994203D00130FC
:10B890000A28F8D10B387047F82200200122002036
:10B8A00010B5064B5968DC688C4201D221001000AB
:10B8B000013208330A2AF6D110BDC046F822002012
:10B8C000074A084BD27F002A03D00533DB7F002BC9
:10B8D00004D0054B1B68054A13607047044BF9E719
:10B8E000921F00208C1F00206C1E0020681E00206C
:10B8F000601F00200023064A1370064A1380064A80
:10B900001370064A1370064A1380064A1370704774
:10B910003A22002038220020372200203622002040
:10B920003422002033220020F0B51E0085B0131C05
:10B93000B24200D9331C00257F27DBB20093174B9E
:10B94000CC011B7824180193154BE418009AEBB234
:10B950009A4201D805B0F0BD019A331F002A10D0D9
:10B96000104A039204229D4213DA80216B1C494243
:10B9700019410422200039400FF0C8F9013505347F
:10B98000E4E7094A02A90392084A029204229D426E
:10B9900000DB03A920000FF0E8FAEFE76C2300209A
:10B9A000E11A00207F41417F3E22223E3E3E3E3E44
:10B9B00010B50024084B1B78A3420BD108F07AFD88
:10B9C0000F2807D1054B1B78A34203D0044B1C68FA
:10B9D000E443E40F200010BD3E1F00206823002038
:10B9E0006423002070B50D0007490400F7F728F81C
:10B9F00020000E000449F6F79DFF330002000349C2
:10BA0000280008F0E7FD70BDA08601003BC20108D8
:10BA1000FF22104B10B518600F4B01241A700F4B0A
:10BA20001A7000230E4A13700E4A13700E4A1370D8
:10BA300015220E4B1C700E4B1A70F8F73FFE0D4B83
:10BA40001B78002B02D1022008F060FD0A4B1C700D
:10BA500010BDC046340500202E0500202D05002015
:10BA6000300500202C050020041F0020051F0020A9
:10BA7000380500203E1F0020711F0020054B0120CB
:10BA80001B78002B04D1044B1878023843425841EC
:10BA90007047C0463E1F0020431F0020F7B5041E1C
:10BAA00000D189E0431E012B04D8494BDB7F002BDA
:10BAB00000D181E00220474E3378023B8343DBB262
:10BAC000002B79D0062C77D8434F3B78002B02D03F
:10BAD000424909F0ACF9A0238022DB0552009A62AA
:10BAE0003378052B05D13E4B1B78002B01D0F8F79E
:10BAF0009BFC3C48F9F7A8F87120F7F77DFFE31E9F
:10BB00000190022B04D8812170200902F8F76AFA0B
:10BB1000F8F7F6FC0320F8F77DFC9C217020090261
:10BB2000F8F760FA00213020F8F75CFA2E4930204F
:10BB3000F8F758FAFA20C000F9F786F8A023802217
:10BB4000DB0552009A612948F9F77EF806230025A3
:10BB50005C43274A13199988A9422ED8A02480252E
:10BB6000E4056D002348A562F9F76EF8F8F7E4FCE8
:10BB70002048F9F769F871200199F8F733FA3F780E
:10BB8000002F02D01C48F9F75FF81C4B1B78002BE4
:10BB900000D0A561002F03D00220194909F047F910
:10BBA0003378052B05D10E4B1B78002B01D0F8F70D
:10BBB000B7FC5022134B1A80F7BDA05A5988F9F7E9
:10BBC00039F901350748F9F73FF8EDB2C1E7C0464A
:10BBD0008D1F00206A1F00205E1F00200142000010
:10BBE000E51E0020204E00000203000060EA000075
:10BBF0000EE201088813000010270000741E0020C8
:10BC000001020000E21E0020F7B504001727E02320
:10BC100080221B0123401201934215D10025104BB5
:10BC20000093E305DB0D0193009A6B00D35A019A50
:10BC3000934206D1EEB231000220FFF7F9FDA04297
:10BC40000BD00135682DEFD1012323409B056408FB
:10BC5000013F1C43002FDAD1FF263000FEBDC04655
:10BC60003EE1010870B502003224FF200023074E98
:10BC70005900755A511B00D5A91AA14201DA0C00CE
:10BC8000D8B20133322BF3D170BDC046DAE00108DF
:10BC90000623054AD9005158814201D858B270474D
:10BCA000013BF7D20020FAE7B4CC0108164B70B57F
:10BCB00005000C00994215D11449F6F7C1FE0800A1
:10BCC000AF218900F6F736FE44430338434258411A
:10BCD0000E4924182800F6F72DFE0C4D4543651932
:10BCE000280070BD0129FBD0FA239B00994200D3A4
:10BCF0004C08601C80B2401021004019F6F71AFE73
:10BD000044432500ECE7C04641030000C40900009D
:10BD1000484B0100C218484B00B59A4200D985E053
:10BD2000464B474AC318934200D87FE0454B1878EA
:10BD30000A2800D97AE0F6F7DFFD061963232D2FD4
:10BD4000384347796D00404B994200D86EE03F4B35
:10BD50000020994205D93E4B994203D83D4B1878B3
:10BD6000013800BD3C4888428041FAE73B4B3C4AE1
:10BD7000CB1800209342F4D93A4B3B48C918F2E75C
:10BD80003A4A364B0020CB189342EAD9384B39480F
:10BD9000C918E8E7324AF4E72B4B994246D9364BAB
:10BDA00000209942DDD9354BE7E7274B99423DD931
:10BDB000314B00209942D4D9304B3148C918D2E7D1
:10BDC000304B3148C918CEE7304B314ACB180020F0
:10BDD0009342C6D92F4BCB189342C2D92E4B9942CE
:10BDE000BFD02E4B9942BCD02D4B9942B9D02D4B90
:10BDF0009942B6D02C4BC818431E98414042B0E738
:10BE0000164B174ACB1800209342AAD9184B274843
:10BE1000C918A8E70022264B1868884202D858683B
:10BE2000884205D801320833072AF5D10120E5E719
:10BE3000002096E7C088E4FF402DA40740B23EFCF6
:10BE40003F6F4001801F00209F0BD100BF0E1602E4
:10BE5000FF5962023404002000879303004624FF48
:10BE60007F1A060080217FFDBFC62D003F0D030015
:10BE700040DF6FFD3F420F00BF80090100A69DFD1E
:10BE8000BFFB3900CF7257FD3E49000068343EFDCC
:10BE90005C440000489336FDB0A8E70020C0E700EE
:10BEA00090D7E700E8DAEB00601914FF7F841E00EA
:10BEB000B4CC010802220020034B1B78023BDBB20A
:10BEC0009A424041C0B270476A1F00200023144AC2
:10BED0001370144A1370144A1370144A1370144ADE
:10BEE0001370144A1380144A1370144A1370144ABE
:10BEF0001370144A1370144A1370144A1268110014
:10BF000034310978994201D113691B79104A1370B1
:10BF10000022104B1A70104B01321A707047C04645
:10BF2000CD070020D4070020D6070020DA07002024
:10BF3000D1070020CA070020D5070020D207002023
:10BF4000D0070020CF070020CE0700206C1E002065
:10BF5000D7070020DF1E0020711F0020030070B5EE
:10BF6000094D0A4C2A78081E2260237205D0084B1E
:10BF70000A211E68F6F7DEFC8019092301222B70C6
:10BF8000044B60601A7070BD5A1F00200C1F002007
:10BF9000081F00206C1F002010B500200349FFF788
:10BFA000DDFF0120FFF77AFD10BDC046B80B000091
:10BFB00010B5FFF7F1FF10BD10B5FFF7EDFF10BD95
:10BFC00010B500200349FFF7C9FF0420FFF766FD05
:10BFD00010BDC046B80B000010B500210120FFF7CE
:10BFE000BDFF0620FFF75AFD10BD10B5FFF7F4FFA7
:10BFF00010BD10B5FFF7F0FF10BD00009322F8B59B
:10C000001A4B52009A5C1C235343194A06009B1892
:10C010000122191D0D88B54222D216484F881218E8
:10C0200092009B18FA22588819889200C01B50432E
:10C03000491BF6F709FD040028000F496043F6F795
:10C0400003FDFA21C719300089006043F6F772FC3E
:10C05000381801D5002002E0642800DD6420F8BD16
:10C0600001320431072AD5D1F4E7C0468C1F0020E5
:10C070004EE00108FFFFFF3F18FCFFFF70B5040012
:10C08000F6F728FC002301000A2518008B4200D394
:10C0900070BDE25C303AD2B2092AF9D86843013364
:10C0A0001018DBB2F2E70000064B10B5984208D832
:10C0B0008023DB01C01840000023022280B2F9F780
:10C0C0006FF810BD06040000F8B5184B05000024F9
:10C0D000984228D8FFF7D4FB2700154EA0421BDA60
:10C0E000144AF900715A914205D001370A2FF8D14C
:10C0F000FFF7D4FB07008023FF00DB01BC1C3419D1
:10C10000E818022221004000F8F784FB0A4AF553A0
:10C110001268F619726006E0074AC4001268331903
:10C1200002345A6034192000F8BDC04606040000ED
:10C13000F8220020FFFF0000F41E0020224B73B500
:10C1400004000D0098421DD800291BD08023DB017C
:10C15000C0180222400001A9F8F75CFB0222290066
:10C1600001A80EF07FFF00280DD12000FFF788FB0B
:10C17000002807DB154B2A88C0001B185A80144A78
:10C1800012685A6073BD29002000FFF78DFF200060
:10C19000FFF776FB0D4E002807DBC0002B88301818
:10C1A00043800B4B1B684360ECE70020094BC20047
:10C1B000B25A9A4204D001300A28F8D1FFF76EFB38
:10C1C000C0003452EAE7C04606040000F82200200E
:10C1D000F41E0020FFFF000070B50500192811D0E3
:10C1E00080260024F6002000FFF76EFF4378AB4264
:10C1F00002D103787F2B05D90134A4B2B442F2D125
:10C20000002070BD0120FCE7F7B506001924134B90
:10C21000134D01932F782878012E19D11921F6F7A3
:10C220000FFC0131C8B22870FFF7D6FF00280ED1ED
:10C230002878B84203D0013CE4B2002CEBD1FFF7E0
:10C24000CBFF002803D11922019B29331A70F7BDB7
:10C2500019211730F6F7DEFCE3E7C0468C1F0020FB
:10C26000B51F002070B506000C001500FFF72CFF6D
:10C270008023DB009E4229D20378002C02D05AB2E0
:10C28000002A23DBDB435B0720D0002C1CD0182DB9
:10C2900004D94378002B03D0200070BD002D15D0A9
:10C2A0004378192BF8D0AB4210D1094A094B1278C8
:10C2B000002AF1D09A8D0024B242EDD0DC8DA41B6F
:10C2C000631E9C41E4B2E7E70124E5E70024E3E7CD
:10C2D000B61F00208C1F0020F7B58025ED000E0052
:10C2E00004002F00009201930B4B9C4212D0BC42E1
:10C2F0009B411C402000019A0099FFF7B3FF0028E2
:10C3000006D1013DA419ADB2A4B2002DECD1024C6E
:10C310002000FEBD014CEDE7FFFF0000FF03000021
:10C3200030B587B008F0C6F84D2800D989E0F6F797
:10C33000F7FA4E0053006200680068008E009D000E
:10C34000A600AC00F500B100B6003302BB005001FE
:10C35000BB00FC00C200C600CE00E300D800DD0038
:10C36000E600F200F900FF00020107010A010D01D9
:10C370001001130118011C011F0122012601880070
:10C38000880036012A012D013E0141014401470187
:10C390007E003B014B017E005D01600187018A0147
:10C3A0008D0190019301960199019C019F01A201C9
:10C3B000C001A501B601B901BC016B01A80163016F
:10C3C0006F016F016F016F016F016701C301BC4A0B
:10C3D000BC4BD27D1A6034E0BB4BBC491B680833B0
:10C3E000DA7F0023C85C904203D00133182BF9D1C7
:10C3F0000023B44A38E0B44BB24A1B6829331B7897
:10C4000032E0B14BB2491B680C781A795B79002C89
:10C4100005D000230B70AF4B1A78AF4B1B78043854
:10C4200041424841511E4C426141884202D00022A3
:10C43000A44BCFE7A349022A05D80133002AF6D03E
:10C440000B6007B030BD6933032AF9D0EFE79E4B8C
:10C450009C4A1B68197B022904D00329E7D15B7B26
:10C46000693301E05B7B01331360EAE7964B1A689E
:10C470000023117B0129BCD1537B0133B9E7924BD7
:10C48000904A1B680133DB7FEEE78F4A8D4B1268C1
:10C4900092699FE78C4B8B4A1B682D33AFE78A4B21
:10C4A000884A1B683333AAE7854A8649537B04339D
:10C4B0005B009B5AC4E7834B884AD27F8AE70023FC
:10C4C0007F4A917F994200D193E7D37FD5E7844B90
:10C4D0001A787C4B002A02D0824A12787AE7824A84
:10C4E000EBE79221774A764B490003E02621754A13
:10C4F000734BFF315B5CB7E7724B7C4AEDE77C4BDB
:10C500007049DB7F5A1E93417A4A5B00D27F501EEE
:10C5100082419B1894E76B4B774ACEE7684A694B98
:10C52000127E57E7674B754AD7E7664B744AC4E7F4
:10C53000644B744AD1E7644B624A1B682E335EE752
:10C54000604B714AB9E75F4B704AC6E75D4B704A72
:10C55000C3E75C4B6F4AC0E75B4B5A4A1B683533F5
:10C560004DE76D4A574B128834E7564B6B4AB4E798
:10C57000544B6B4AB1E7524A524B928D2AE7504ACC
:10C58000504BD28D26E74F4B664AA6E7664B0A21F1
:10C590001888F6F7CFF94B4C80B2206051E74A4B30
:10C5A000484A1B6832332AE7464B604A95E7454BB9
:10C5B0005F4A92E7434B5F4A8FE7424B5E4A8CE704
:10C5C0005E4A404BD28F05E73F4B3E4A1B683433EF
:10C5D00015E73B4A537B04335B00985A0123002242
:10C5E0001900FFF779FE374B18602AE7354B544A9C
:10C5F00073E7344B534A70E7534A324BD288E9E62B
:10C600009321304A2E4B6FE72D4A2E4BD27EE1E626
:10C6100001AC22004D4B23CB23C203CB03C207F056
:10C6200049FF473880000359494A19780023107997
:10C63000884200D1DDE601330832162BF7D100E73E
:10C64000204B444A49E71F4B434A46E71D4B434AA8
:10C6500043E71C4B424A40E71A4B424A3DE7194B1D
:10C66000414A3AE7174B414A37E7164B404A34E70D
:10C67000144B404A31E7134B3F4A2EE7114B3F4AD8
:10C680002BE7114B1B6834331A780E4B012A01D16A
:10C690003B4A22E7022A00D1C9E63A4A1DE7094B84
:10C6A000394A1AE7074B394A17E7054A054B527FC3
:10C6B00090E6044B364A10E7024B364A0DE7C04677
:10C6C0008C1F00207C1F0020601F002095CC0108DB
:10C6D0002C0500202D0500202E050020931F002092
:10C6E0002308002022080020941F0020C8070020F3
:10C6F000921F0020911F00208D1F0020B41F0020DA
:10C700008E1F0020CA1F00208F1F0020D21F002074
:10C71000D71F002012070020DA1F0020B51F0020BD
:10C72000B61F00200A20002000200020251F002026
:10C7300010070020CC1F0020CD1F0020901F0020DC
:10C74000801F0020340400202A1F002074C001082C
:10C7500060E201085E00002064000020EF1E00205F
:10C76000F81E00201A1F0020360000205408002068
:10C77000B50700206C2300206B230020030000205D
:10C780002608002025080020240800200E20002074
:10C790006B1F0020DD070020024B034A1B68283373
:10C7A0002DE6C046601F00207C1F00200279531E2A
:10C7B000022B03D900230371002105E06723012A1E
:10C7C00000D1363B9942F7D841717047F0B5036903
:10C7D00004008BB01868FFF75BFA022800DD71E0F7
:10C7E000674B684AD57D002D00D06EE0A31CDD7735
:10C7F00081235B426384FE23FF22DB01A384E31DCC
:10C80000DA7763691868FFF743FA23000190293348
:10C810001B785D1EEDB2002B01D15B4B1D7801230F
:10C82000052D03D0AB1F5A4253415B00019A574973
:10C830005018032253430001C01804A9F7F7EAFF78
:10C84000534B0293019B022B01D1524B02936B1F5E
:10C850005A1E934103260333039304AF3878030031
:10C860001833DBB2052D06D8039B5843029B595D54
:10C87000F6F7EAF8C3B2013EF6B23B700137002E7C
:10C88000ECD104AB019A18785D789F78424BD200C6
:10C89000D1589B185E6863691B6899420EDA9E4204
:10C8A00000DC6BE08A1952089A4262DB2E1A581A91
:10C8B0007043511AF6F7C8F82818C0B22A3420700D
:10C8C0000BB0F0BD80235B028BE7ED1823002F0037
:10C8D0002133049303330593023B069303330793F9
:10C8E000023B08930333099304AE6037280001220A
:10C8F00002CE1035F7F78EFFAF42F7D1E31CDB7F96
:10C90000201D0193A71CC57FF87F611D4210CE7FBB
:10C91000E11D9446C97F019AA31DDB7F52004900A7
:10C920004008864203D1012E01D9023EB6B293429D
:10C9300003D17D2B01D802339BB28D4203D1FD2D53
:10C9400001D80235ADB26046F877601DC677FF2981
:10C9500000DDFF21E01DC177211DCD777F2A00DD9D
:10C960007F22E11CCA777F2B00DD7F23A21DD377B6
:10C9700047E77F1B981A7843B11A9BE738009DE779
:10C98000600001008C1F0020640000200D100000DA
:10C9900042E0010848E00108B4CC010870B5150078
:10C9A000040044220E00043000210EF0AFF92800EC
:10C9B000FFF76EF90D4B0422A38323000833208672
:10C9C000E683DA7702226361094BFF322285256014
:10C9D000A56024619E4204D12300013AFF3A34331A
:10C9E0001A702000FFF7F2FE70BDC046E20400009E
:10C9F00001040000421CD27F0368012A03D182692E
:10CA00009B1883607047022AFBD182699B1AF8E762
:10CA100010B5114B5A7B012A01D900225A73991D76
:10CA20005A7BC97F1000002906D0591DC97F0029F3
:10CA300002D150425041C0B248214A434143074CC1
:10CA400088329A1822608831054A18735B1813607F
:10CA5000FEF736FF10BDC0468C1F0020601F00206F
:10CA60006C1E002070B5564D2B682D331C78012CA0
:10CA700003D1544B1C780134E4B2A0238022002659
:10CA8000DB0552009A62504B310030001E70F7F700
:10CA90003BFC022C00D9340020000CF021FD2B6857
:10CAA0005B691868F7F7AAFC484B00201B681A005E
:10CAB00034321278824206D135331B78012B01D0F3
:10CAC000022B00D91800F7F7D1FC414B1B78032B40
:10CAD00013D1404B1C78002C0FD13F4B1B78042BFB
:10CAE0000BD068215920F7F77DFA21007020F7F765
:10CAF00079FA21005820F7F775FA0020F7F78AFC39
:10CB00007E20F6F779FF382328219843014389B224
:10CB10007E20F7F767FAF7F7FBFC00213620F7F7DE
:10CB200061FA37202D49F7F75DFA52202C49F7F7C3
:10CB300059FA00213020F7F755FA2A493020F7F743
:10CB400051FA2948F8F780F82B685B691868F7F7FD
:10CB5000CBFD01210800F7F7D7FB2448F8F774F85C
:10CB60002A682349130052692A3310681B7822224D
:10CB7000884200D81A3A80211B02134319433620F9
:10CB8000F7F730FA1848F8F75FF82B685A69107908
:10CB900001280DD0831E012B05D85179FEF748FEE0
:10CBA000F7F7C8FB70BD00215120F7F71BFAF9E732
:10CBB0005279104B5200D05AF7F7D8FBF2E7C04633
:10CBC000681E002024080020741E00206C1E002017
:10CBD000CD1F0020371F0020431F00201F9D000095
:10CBE0008F020000FEC10000102700008813000023
:10CBF000FF3EAB01DAE00108F0B5904D04002B7860
:10CC000085B0012B6BD1012855D18D4B19680029B6
:10CC100000D0AAE0F7F75FFC00228A4B1A70F9F700
:10CC200037FD894B1B78002B01D008F019F901253D
:10CC3000864B1D7007F05CFCFFF714FF29000620EF
:10CC4000F7F762FB824B834F1A78AA4200D195E036
:10CC50003A6832321178042900D9CDE01522CA4051
:10CC60002A4200D1C8E000221A703B6832331B7898
:10CC7000042B06D1784B0022FA211B787748F8F76D
:10CC8000F1F8774B1B78002B00D1B7E0032B03D1D1
:10CC900001207449F8F754F9FA20C000F7F7D4FFDF
:10CCA000A0238022DB0552009A616F4BFF3A1A7075
:10CCB0006E4B1A70AAE009F089FF2C70002C00D08E
:10CCC000B7E0F7F7AFFF604B1B78002B03D0FA22D9
:10CCD000674B52001A8001225C4B1A70A7E0287043
:10CCE000052B00D09EE0052825D1624BC8221B7879
:10CCF000002B00D1BE3A002401255F4BDB7F53435C
:10CD00005E4A13805E4B1C705E4B1D705E4B1C7048
:10CD1000F7F7D6FBF7F704FC21002000F7F7F4FA49
:10CD20004A4B1D70594B1B78AB4200D17FE020006D
:10CD300007F0ECFB7BE0F7F73DFC0022514B1A704B
:10CD4000424B1A70524B1B78934201D10BF0CEFD2F
:10CD5000002C02D16BE0052CC7D0012C00D154E788
:10CD6000022C53D10122484BA3E74A4B1B78002BDE
:10CD700000D04FE7012009F093FF4BE7464E002219
:10CD80001A70464B464D1B88C82B00DAC8232A0070
:10CD90007E3212780292344A0392029A002A07D015
:10CDA000A0228021D20549009161012203990A70D5
:10CDB000FA2080005843F7F747FF0298F7F728FC5E
:10CDC00029002B002A007C310988783376321B88B1
:10CDD00012887A3501912988300000910121F8F7F5
:10CDE000D5F8A02380220020DB0552009A62039B25
:10CDF0001870F7F7EDFB38E72A4EC0E7F7F726FB88
:10CE0000294B1B78DB0701D5F7F7B0FFFA22274B38
:10CE100092001A800022264B1A70032C07D0144B64
:10CE20001A8004E0002896D1042B00D14BE705B00E
:10CE3000F0BD052C00D093E757E7C0466A1F0020DD
:10CE4000601F00205B1F00205E1F0020711F00205C
:10CE500048230020681E00200A200020DD09000071
:10CE60004D080020D6060000741E00201F08002078
:10CE70002C0800203A1F0020931F0020381F00209C
:10CE8000E61E0020E51E002048080020431F002069
:10CE9000DC070020D91A0020D0200020002000202C
:10CEA0008C1F0020DC1F0020C80700205800002035
:10CEB000E81E002010B51D4B400008431A78C0B290
:10CEC0000C00824230D018707E20F6F795FDC343E7
:10CED0009BB2DB0BA34209D1C0210005000DDB038F
:10CEE0001843890101437E20F7F77CF8C621102002
:10CEF0008900F7F777F811200D49F7F773F812203A
:10CF00000C49F7F76FF813200B49F7F76BF88421FA
:10CF100014208900F7F766F849200849F7F762F806
:10CF20007B200749F7F75EF810BDC046620000207D
:10CF30003A030000DB030000DF030000B22A000018
:10CF4000DC73000070B504000520022C00D004380A
:10CF5000F7F760FA3120F6F74FFD012C55D1204349
:10CF600081B23120F7F73EF842204049F7F73AF80E
:10CF70002A203F49F7F736F83E4B1E78022E00D99B
:10CF800000263D4DF600715B2B20AD19F7F72AF80E
:10CF90002F206988F7F726F85420A988F7F722F898
:10CFA0005520E988F7F71EF8344B1B682D331878A5
:10CFB000002800D003200CF093FA4820F6F71CFD5F
:10CFC0000F23184381B24820F7F70CF8A11E4B1E1F
:10CFD00099412B4B494219403D20F7F703F8732044
:10CFE000F6F70AFD21004B1E99411023013C98439E
:10CFF00063425C410901014389B27320F6F7F2FFF5
:10D000000021E0B2FFF756FF70BD0123984381B2C3
:10D010003120F6F7E7FF42201A49F6F7E3FFE8214F
:10D020002A20C901F6F7DEFF00212B20F6F7DAFFF0
:10D030002F201549F6F7D6FF022C08D113495420AA
:10D04000F6F7D0FF12495520F6F7CCFFB5E7114BA4
:10D050001E78042E00D900260F4DB600715B5420B7
:10D06000AD19F6F7BFFF6988EDE7C0465C6F0000B9
:10D07000347400002608002016E001086C1E002011
:10D08000AB2A00005A6B0000909800000990000045
:10D09000A9310000250800202EE00108F0B5A94EB6
:10D0A00087B033680590002B00D12BE1A64B1B689D
:10D0B000002B00D126E1A54B1B68002B00D121E1FC
:10D0C00033682D331C78012C03D1A14B1C7801341B
:10D0D000E4B2A023802200255200DB059A629D4B1A
:10D0E000290005201D70F7F70FF933681A00343254
:10D0F0001278012A00D00DE12D331878A84200D013
:10D1000003200CF0EDF900210620F7F7FDF8882147
:10D110003620F6F767FFFA2500210120F7F7F4F82B
:10D120000A240126AD000C20F6F766FC30420AD036
:10D1300000210220013CF6F755FFE4B22800F7F782
:10D1400083FD002CEFD100213F20F6F74BFF824BEF
:10D150007D2019783F231940804B814D1943F6F704
:10D1600041FF784C23681B691F683800F7F746F9C0
:10D17000236834331878FFF7E5FE236800219A1CF2
:10D18000D27F702000925A1DD27F0192DA1CD27F8A
:10D1900002929A1DD27F03921A1D0733DB7FD67F3E
:10D1A0000493F6F71FFFA021090231434D20F6F743
:10D1B00019FFDE21049BC90119434E20F6F712FF27
:10D1C000039B4F201902029B0C261943F6F70AFF16
:10D1D000009B78201902019B1943F6F703FF0020FA
:10D1E000F7F718F9F7F720F93800F7F77DFA01217A
:10D1F0000020F7F789F8F7F729FA23681A00343284
:10D200001278002A10D11B6918795979012800D1A8
:10D210008EE0831E012B00D981E0FEF709FBF7F7B2
:10D2200089F8504EF7F712F9AB7F002B00D186E05A
:10D23000464B1B6834331B78002B00D07FE04A4BF1
:10D240001B78002B00D07AE02B00FE33198CD88B92
:10D25000F7F7B0F830231E43236800201A00343259
:10D260001278824204D135331B78012B00D9180083
:10D2700080274135F7F7FAF8F7F734F92B783F01B3
:10D280003743032B27D1C1215820F6F7ABFE72207C
:10D290003649F6F7A7FEC3217020F6F7A3FED0218A
:10D2A000E0275D204901F6F79DFE5A203049F6F748
:10D2B00099FE5B202F49F6F795FE5C202E49F6F784
:10D2C00091FE59202D49F6F78DFEBF0159202C49BA
:10D2D0003743F6F787FE2368002134331878013886
:10D2E00043425841C0B2FFF7E5FD39003F20F6F751
:10D2F00079FEFEF7EBFD059B002B09D00020FFF720
:10D300007BFC05E0FFF784FB3368002B00D0D7E6F9
:10D3100007B0F0BD022C00D92C002000F1E619481E
:10D32000F7F724F807201849F6F75CFE174E79E75F
:10D33000174B4900C85AF7F719F8164E72E7F7F776
:10D34000BFF889E76C1E0020601F0020681E0020C7
:10D3500024080020741E0020D81F002040E900008F
:10D360008C1F00200C0700005E1F002065300000AD
:10D3700055550000AA55000030AA00006840000082
:10D380006830000026020000CE2100000C040000DE
:10D39000DAE00108CC0400000D4B002807D118701A
:10D3A000587001220B4B18700B4B1A7070470628EF
:10D3B00004D1032218705A700520F2E70749084A81
:10D3C000C97F002902D1127B9854F5E7527BFBE715
:10D3D000F42200201F1F00206C1F0020921F00203D
:10D3E0008C1F002070B53A4B3A4EDB7F002B18D0D3
:10D3F000D222394B52001A800022384B1A70384A18
:10D400001378002B07D1737B364933730968364B89
:10D410001960012313700022344B1A70344B01320F
:10D420001A70FEF74DFA334B1C6863691868FEF7F3
:10D430006FFC314D002812D0230028331B78012BBC
:10D440000DD12A78022A0AD02C4A13700320FFF744
:10D45000A3FF002302202B70FEF720FB70BD284B9A
:10D460001B78002BF2D1230033331B78002B03D021
:10D47000244B1B78042B1BD0234B1B78002B19D07B
:10D48000062B19D834342478002CDFD10120FFF783
:10D49000B3FB1E4B2A781C80002A0FD000231C4AA5
:10D4A00013701C4A13701C4A13701C4A1370D5E782
:10D4B0000120CCE70220CAE70620C8E70A22317E15
:10D4C00001314A431A801B88154A9BB21380E5E755
:10D4D000911F00208C1F0020D80700205A00002038
:10D4E000EC1E0020601F00206C1E00203F08002062
:10D4F000711F0020681E00204D0800201F0800201A
:10D50000F91E00206A1F0020731F0020681F0020E2
:10D51000F01E0020FA1E0020BE070020BD070020DC
:10D5200080030020F0B5C34BB5B00393C24B1B780A
:10D53000012B00D084E0F6F7E3FF0020F6F76AFF46
:10D54000BE497120F6F74EFDF7F75AF8BC48F7F7D9
:10D550007BFBC32170200902F6F744FDF6F7D8FFE4
:10D56000B848F7F771FBF6F7CBFF5021B648F7F74D
:10D5700061FC00217020F6F735FD3020B349F6F745
:10D5800031FDB34DAB4C2B6832331B78042B07D1E4
:10D5900023007E331C22FA211B78AE48F7F762FC89
:10D5A0002B6832331B78023B012B2BD823007E33B0
:10D5B0001F78A94E002F09D0A0238022DB0552003E
:10D5C0009A610123A5483370F7F73EFB3800F7F75F
:10D5D0001FF80399039B039A7C31098878337632CC
:10D5E0001B881288019103999D487A31098800911E
:10D5F0000021F7F7CBFCA0238022DB0552009A62C2
:10D600000023337001200334F6F7E2FFE37F002BA1
:10D6100011D02B685B691B79023B012B00D903E118
:10D6200090495220F6F7DEFC8F495120F6F7DAFCDC
:10D630008E48F7F709FB0020FFF730FD35B0F0BD4D
:10D64000022B30D124228A4918A80DF08EFC00202C
:10D65000F6F7E0FE002518AC618820780135F6F772
:10D66000C1FC0434092DF7D10024824A63005F20F5
:10D67000D15A0134F6F7B6FC072CF6D17E48F7F7FD
:10D68000E3FA59207D49F6F7ADFC7D48F7F7DCFA5F
:10D6900068215920F6F7A6FC00217020F6F7A2FCBD
:10D6A000002158206BE7032B00D06AE7039B7549E4
:10D6B0000633DA8F039B0A9173490433DB8F0B9196
:10D6C00072490AAC5BBA0C91A2810021072208A81A
:10D6D000E3810DF01BFB7022002118A80DF016FB52
:10D6E0000DA809F087FE00232082A37405940694F8
:10D6F000049300273D00069B1B7B0793092008AE7F
:10D7000006AB06223100C0180DF008FC079A012173
:10D710002A41B3780A409B18327072799B18B2790B
:10D720009B180B40AB406D181F43FFB2082DE5D18D
:10D73000069BDF74049B5B180493069B5B1806939F
:10D74000049B072BD5D111AA0DAB61CB61C200267A
:10D750001B881380049D30002900F5F771F9300013
:10D760000F012900F5F7E6F82A003818F31011AF79
:10D77000FB5CB243134101224821134006AAC0B208
:10D78000521801361354702EE5D10E2200210DA837
:10D790000DF0BCFA072300229C466F3E002318A917
:10D7A0008818C15C002907D061463500C91A8D4030
:10D7B0002900257B294321730133082BF1D108323D
:10D7C0000134702AEAD10023059A117852780902AF
:10D7D0000A43FA52059A0233023205921A2BF3D108
:10D7E00024222B4918A80DF0C0FB0020F6F712FEEA
:10D7F000002518AC618820780135F6F7F3FB043476
:10D80000092DF7D1002463005F20F95A0134F6F79F
:10D81000E9FB0D2CF7D11848F7F716FA59201749EC
:10D82000F6F7E0FB1B4831E71B495220F6F7DAFB1D
:10D830001A49FAE68C1F0020CD1F00201C3E000074
:10D8400050C30000803801001E050000FEC100002A
:10D85000681E0020AB090000741E002060EA000072
:10D86000EE1F00208F02000040800000A086010013
:10D8700088C0010808E00108204E00006808000088
:10D8800020BF02005555555555555507092A446F77
:10D89000ACC00108C04504008F4200004090000069
:10D8A0000121814A10B51368013313607F4B197051
:10D8B00010687F4B4343CB417E48834236D87E4B32
:10D8C0007E4819700388002B06D0013B9BB2038071
:10D8D000002B01D17A4B19707A490B88142B08D987
:10D8E0000B88013B9BB20B80142B02D10121764B9C
:10D8F000197076490B88002B03D00B88013B9BB233
:10D900000B8073490B88002B08D00B88013B9BB21E
:10D910000B80002B02D101216E4B19706E490B78E0
:10D92000002B03D00B78013BDBB20B7013689B0715
:10D9300002D10122694B1A70694A1378002B03D077
:10D940001378013BDBB21370664A1378002B03D0C7
:10D950001378013BDBB21370634B1B78002B4BD168
:10D9600062490A88002A08D00A88013A92B20A80DD
:10D97000002A02D15E4A0121117000205D4A105632
:10D98000002847D15C4A1278002A15D15B4AD27F21
:10D99000002A11D05A1E012A0ED9042B0CD0584946
:10D9A0000A88002A08D00A88013A92B20A80002A1E
:10D9B00002D1544A01211170534A54491278002A65
:10D9C0005DD000285BD0524A1288002A57D15148B6
:10D9D0000278002A53D1504A1278D4B2002A4ED18C
:10D9E000042B4CD05A1E012A49D90A88013292B21E
:10D9F000182A1ED80A801FE0052BBED147490A8885
:10DA0000002ABAD00A88013A92B20A80002AB4D118
:10DA1000434AB0E75A1E012ACED93D490A88002A56
:10DA2000CAD00A88013A92B20A80002AC4D1394A7F
:10DA3000C0E701220C8002703A490A88002A08D007
:10DA40000A88013A92B20A80002A02D10121364A9C
:10DA50001170364A1278002A15D0022B11D8002BEB
:10DA600011D1334A1388002B0DD01388013B9BB290
:10DA70001380002B07D101222E4B1A7003E00022E5
:10DA8000B8E7042BEDD12C4A1388002B03D0138860
:10DA9000013B9BB21380294A1378002B03D01378E3
:10DAA000013BDBB2137010BD081F00206F1F002068
:10DAB000295C8FC251B81E056E1F0020F222002083
:10DAC0006923002080030020FA1E0020661F00202A
:10DAD000681F0020F01E0020F91E0020CC07002047
:10DAE000CF070020D00700206A1F00205800002028
:10DAF000E81E0020241F00203E1F0020911F002050
:10DB0000D80700205A00002003000020F022002047
:10DB1000460800205B000020DA070020381F0020A4
:10DB2000E61E0020CA070020D1070020231F002086
:10DB3000D81E0020E91E0020DC1E0020DF2000206F
:10DB4000F0B510259BB006AC2A00002120000DF096
:10DB5000DDF82A0000210AA80DF0D8F82A0038487C
:10DB60000AA9F6F757FE374E0AA83100F4F7A8FEC7
:10DB700012AF002800D188E02A0031000EA80DF075
:10DB8000FDF900232A002E480EA9F7F709FB082209
:10DB9000002104A80DF0BAF8A020082204A9000270
:10DBA000F6F738FE6B463F221B7DA02093436A4662
:10DBB00004A91375000200230822F7F7F1FA0822DE
:10DBC000002102A80DF0A2F808221F4802A9F6F7CA
:10DBD00021FE6B466A465B7B1B48AB43537302A92D
:10DBE00000230822F7F7DCFA202239001748F6F75D
:10DBF00011FE0022BB5C002B06D0203B5E2B17D809
:10DC00000132102AF6D100230022B918097C00291C
:10DC100021D020395E291BD91022002116A80DF031
:10DC200075F80023202239000848F7F7B9FA14E004
:10DC30001022002138000DF069F80123E4E7C04606
:10DC400060A1000044C2010858A10000C8A0000063
:10DC50000132102AD9D1002BE3D107226946D348DB
:10DC6000F6F7D8FD00256B465B5701330DD1013522
:10DC7000072DF8D12A00CE4968460DF076F9002329
:10DC80002A006946C948F7F78BFAA020082221002C
:10DC90000002F6F7BFFD0F2322781340042B00D9B2
:10DCA0000023C4490B7013092F2A00D90023C24A4C
:10DCB00013706378092B00D90123C04DEB75A3784D
:10DCC0005A1FD2B2AE2A00D90B232B762379012119
:10DCD0001A000A406A765A080A402A779A06120FF2
:10DCE000042A00D900226A7701229B091340EB76AF
:10DCF0006379013B59424B41AB77A379092B00D99A
:10DD00001300EB77E379082B00D904232A004B3268
:10DD1000137021000822AA48F6F77CFD0F23227811
:10DD200013400A2B00DD0A232621DBB21209FF3142
:10DD30006B549A429B411A4092235B00EA546378E9
:10DD4000032B00D90023AA1CD377A378022B00D978
:10DD50000023AA1DD377E378052B00D90423EA1DFD
:10DD6000D3772379022B00D901236A1DD3776379F6
:10DD70003D2B00D90C232A0001210832D377A37947
:10DD8000EA1C1800CB400840D0778E4A0B40137035
:10DD90002B1DD97707222900E37938311A400A7000
:10DDA0002A00DB0839321370390010228648F6F752
:10DDB00031FD82223B88D200934200D9834B8022DE
:10DDC0007E4ED20033807B88934292411340338150
:10DDD000BB887F4A9A18062A00D97C4B8222B380DE
:10DDE000FB88D200934200D9784B802273803B8914
:10DDF000D20093429241134073817B89744A9A18EE
:10DE0000062A00D9714B04220EA97248F380F6F756
:10DE100001FD3B226B4603219B18B27D1B788A4390
:10DE200069465B079B0F1A43B2756B4A5B009A5AAF
:10DE3000098F914204D369481B5A8B4200D30A00D0
:10DE40002A826B463A229B181B780132AB746B46D0
:10DE50009B181B786249DB07DB0F25326148EB74A6
:10DE6000F6F7D8FC07F034F8082221005E48F6F7F0
:10DE7000D1FC0122237801351A40EA775A08312B68
:10DE800000D9002224234D4DFF33EA546378182B28
:10DE900000D903232A0047321370A378182B00D926
:10DEA00000232A0048321370E378182B00D904238A
:10DEB0002A00493213702379182B00D900232A0035
:10DEC0004A3213706379682B00D90E232A00283256
:10DED0001370A379282B00D900232A003E32137037
:10DEE000E379052B00D903232A00403221003F4863
:10DEF00013700822F6F78EFC01223D4806AC115D36
:10DF00000B004033DBB2802B00D881540132082A49
:10DF1000F5D121003748F6F77DFC6378032B00D953
:10DF200000232A0041321370A3780A2B00D9002362
:10DF30002A0046321370E378012B00D900236B735B
:10DF40002379042B00D9002393225200AB541F3AAB
:10DF5000FF3A21002848F6F75DFC23785A1E9341CA
:10DF60002A007E3213706279642A00D95AE10A23AA
:10DF700053432A00743213806423A2799A4201D851
:10DF80005A3B53432A00763213806423E2799A4243
:10DF900001D85A3B53432A007832138021000822CB
:10DFA0001648F6F737FC6423227829E0B9A0000070
:10DFB0001C00002025080020260800208C1F0020BF
:10DFC00008A000002408002010A0000005040000A4
:10DFD00000FCFFFF20A0000004D101080CD10108C3
:10DFE000761E002028A00000A8A00000B8A0000015
:10DFF0001B000020C0A00000E8A00000F0A000006E
:10E000009A4201D85A3B53432A007A321380642340
:10E0100062789A4201D85A3B534332000EAF7C32A9
:10E020001380390004228348F6F7F4FB3A88331D45
:10E03000DA877A88B31DDA877F49804A804808F0FA
:10E04000B9FE804A8049814808F0B4FE08222100C8
:10E050007F48F6F7DFFB7F2322781340591E1829EB
:10E0600000D90123310029310B703300D2092A3342
:10E070001A7019236B441A785B7821001B02134332
:10E08000B3851B236B441A785B7872481B021343D9
:10E09000F3851D236B441A785B784E361B021343BD
:10E0A00008223380F6F7B6FB23780A2B00D9002329
:10E0B000694A13706279694B511E8A411A70E3797B
:10E0C000674A9907C90F11701A07920F032A00D1E6
:10E0D000013A64490A70644AD906C90F1170634A4B
:10E0E0009B0913702B1DDB7F002B01D1AB682B60CC
:10E0F00060225F495F48F6F78DFB0023012019007D
:10E100005D4A404201331080516008320A2BF9D138
:10E1100080235B020E9302230025BB806B00F85A1C
:10E12000564B984201D8FDF7CFFF0135032DF5D1AD
:10E1300000257F2607272800FDF7C6FF011E08D00F
:10E1400002884F4B9A4200D06FE007802800FDF70D
:10E15000F5FF01354B4BADB29D42ECD100251022AD
:10E1600049494A48F6F756FB494B082221004948DD
:10E170001D70F6F74FFBE3791A096F2B00D92A00BF
:10E1800045490A701A00FF3A511E8A4143491A4014
:10E190000A700021FF2B02D058080131814340480A
:10E1A00001700021FF2B01D01B07990F3D4B197007
:10E1B000A1790B093F2900D900233B4803700C20AB
:10E1C0000023014201D10F330B4001253749384864
:10E1D0000B70637919090D400570A078032800D9E8
:10E1E0000020344C207034484C07E40F047033484E
:10E1F000C90801700F210B40591E0E2900D90A23AE
:10E2000001202F490B7006AB1B792E49184008706E
:10E210005908F12B00D93C212B4B19702B4B1A704C
:10E220001BB0F0BD96235B00A3E603783340037078
:10E230008FE7C046F2A00000DC1F00204DC201089D
:10E2400010A1000053C20108EE1F002020A1000011
:10E2500030A1000050A10000801F002034040020E5
:10E2600010070020251F002012070020C8070020EB
:10E27000902200200E880000F822002006040000F2
:10E28000FFFF0000070400008022002038A10000EA
:10E290007C22002058A10000640000206D23002093
:10E2A00003000020DD070020F81E00201A1F0020B8
:10E2B00054080020B50700206C2300206B230020A9
:10E2C000360000206B1F00205E000020EF1E0020A3
:10E2D00037B5404D082229003F48F6F79BFA3F4CDE
:10E2E000082229003E480CF040FE200008222900A8
:10E2F00028300CF03AFE20000822290030300CF0C3
:10E3000034FE210008223748F6F784FA2000210065
:10E31000082208300CF029FE2000210008221030CD
:10E320000CF023FE304C0C2221003048F6F772FA34
:10E330002F4B22889A4203D92E4B2380643363806B
:10E340002D4B022263812D4C2D4BE07F2D49C018AF
:10E350004000F6F75FFA2C4BE07F0222C0182B49F1
:10E360004000F6F757FA22004B3211782200284B72
:10E370004C325B5C2748137069460822F6F74AFA6C
:10E380006B460021595EFA23FA229B00CB189BB200
:10E39000D200934200D900212300803319806B46BC
:10E3A0009B793F2B00D93A232200823213706A46B0
:10E3B000D2790F2A00D90822200083342370B12398
:10E3C000DB01C9188430027089B23B20F5F70AFEE0
:10E3D00037BDC0465C220020C0000100442200205E
:10E3E00064220020C80001002A1F00204001010013
:10E3F000871300006C070000FC0800008C1F002041
:10E40000A8800000A8200020B4800000AA200020DE
:10E41000FEDF01088801010070B500240E00050030
:10E420000470220021003000FDF71CFFA04217D02D
:10E430008023DB00F0180A2229000001F6F7EAF930
:10E440002200AB5C203B5F2B02D801320A2AF8D1B4
:10E450000023AB54013A511C02D0A95C2029F8D00A
:10E4600070BD00004823F0B543438BB08A4C039342
:10E4700088331B190093894B07001B780591002BEB
:10E480000CD14300E1188888854A904201D1854823
:10E490008880E15A914201D1824AE25282237D0072
:10E4A000665BDB009E4231D8103B9E420CD23000AE
:10E4B000FBB200220121FDF70FFF7B4B06009842C3
:10E4C0001FD163199E8866533000FDF7FDFD802241
:10E4D000038875490290D2008B4219D1964204D22A
:10E4E0006D4B7F00D9198E88FE52704B704AF3181D
:10E4F0009BB2DB0031009A580098FEF74FFA0BB040
:10E50000F0BD3B1D5B006053E052DDE7654EDBE78D
:10E51000029B1B785B075B0F0193072B01D1023B2A
:10E520000193964200D3B2E0029B597848227A4385
:10E53000594B01989B181A00A6331E808023B832CD
:10E540001080023A1170DB009E4200D3B8E0059BB8
:10E55000022B00D0C4E0330104930822049808ACD5
:10E5600021008018F6F756F9E0780F240440022CB9
:10E5700000D9002448210A007A43474B9A18A83250
:10E58000147002092F2800D9002279435B18BC338C
:10E590001A7008AB9A79172A00D9042248237B43C2
:10E5A0003D490024CB18059119001800AF310A70BD
:10E5B00040495200525AA43002801A000F21B4324E
:10E5C00008AD1470AA7818381140017012099433FC
:10E5D000297800981A70FEF7E9F80398059B9030A7
:10E5E000C0186978FEF7E2F82A790123FF2A00D1E2
:10E5F000F3E014005508D106500992091A401C4056
:10E600001D40490F1840059248227A439446B32290
:10E61000214B634494469C44624614701C00B534FC
:10E620002570043C21701900059AB033BB311A7073
:10E63000087008AB5B790022FF2B04D01B075A0F30
:10E64000042A00D9002248237B43134C06A9E3186F
:10E65000BA331A7004980822F6F7DCF806994B1CB6
:10E6600003D1019A124BD200D158482213007B43A8
:10E67000E31888331960104B0799994201D90F4B61
:10E6800007937A43079BA418A034236028E0F3B2D1
:10E69000192101934AE7C0468C1F00203404002052
:10E6A0000404000005040000FFFF000000FCFFFF61
:10E6B000B4CC01089CCE0108FFE0F50540420F00F4
:10E6C000330080335B013A019B180493059B022BB6
:10E6D00000D142E7434BF3189BB2062B00D83CE72E
:10E6E00048257D43404C6319019388331D682800F9
:10E6F000FDF7CEFA3D4AC3B2DB009858A8420DD8C8
:10E70000D2185068A84209D380232800DB009E421B
:10E7100004D3019DA4352988FDF7C8FA48257D4317
:10E7200065192B00883318608023DB009E4207D3D5
:10E730002B00A035A43319882868FDF7B7FA2860A4
:10E740000098FEF757F98023DB009E4205D203981C
:10E750003100BE302018FFF75FFE482319007943CF
:10E760006118B331039A087890320099A2180028F2
:10E7700001D01100009A7B43E31818009C331A6003
:10E780001B4B98301B780160002B07D1194A0B688E
:10E790009B18194A934201D8184B0B6048237B43BE
:10E7A000E3181900029ABD311278D206920F0A704E
:10E7B000134A1278002A02D0009A9C331A60114B37
:10E7C0001B78002B05D048237B43E4180723B13482
:10E7D00023700098FDF7FAFF91E62500190020004C
:10E7E000059311E700FCFFFF8C1F0020B4CC01084B
:10E7F0003404002040F1E9FD3F4B4C00A0B49402EA
:10E800001E0800202008002007B56B460522FF21C6
:10E81000D81C0CF07BFA69460E4A0F48937C8B702B
:10E82000138A0B80937DD27C9B075B0F07211343D8
:10E83000FF220B408A4313436A466946D370002384
:10E840000822F6F7ADFC0023602204490448F6F7DD
:10E85000A7FC07BD8C1F002020A00000761E002012
:10E8600028A000000122034B1A70034B92181A8053
:10E870007047C0466A230020F222002010B50E4BDC
:10E880000E495A7B09885200D1529B180C4A0D4CF4
:10E8900012880D499A80206848220CF066FBFFF729
:10E8A000E1FF2068FDF792FF0120FEF7F7FB002251
:10E8B000064B1A7010BDC0468C1F00208403002038
:10E8C00082030020601F0020880300205C1F0020BE
:10E8D0001FB5124B1A78002A1ED000241C70104B52
:10E8E0001A78A24218D0102269460E481C70F5F71B
:10E8F00091FF69460C4B0B481A880A801A894A8096
:10E900009A888A805A88CA805A890A81DB881022AC
:10E910004B812300F6F744FC1FBDC046692300204D
:10E920006A23002010A000008C1F00200F22F0B5E9
:10E9300000263C21BF4B97B01B7802AC1340BE4A67
:10E94000BE4D12782F1D120113432370EB7DA020C2
:10E9500063702B7EE670A3702B7FEA7E5B009201D2
:10E9600013436A7E000213436A7F92000A401343F6
:10E970002371AB7F26226371EB7FFF32A3712B00E3
:10E980004B331B782100E37192235B00EB5CAA5CA4
:10E990001B019B182372AB1CDB7F6372A84BDB7FD0
:10E9A000A372EB1DDB7FE3726B1DDB7F23732B00F8
:10E9B0000833DB7F6373A34BFA7F1B7892005B0005
:10E9C0001343EA1CD27F1343A3732B00072238336F
:10E9D0001B7813409C4A1278D2001343E373102231
:10E9E0003300F6F7DDFB502221009848F5F712FFBF
:10E9F0002423FF33EB5C6A1CD27F5B0013432A00A5
:10EA000023702B00473212784A331B7862702A0039
:10EA100023712B0048321288283362801B780A2128
:10EA200063712B003E331B78A3712B0040331B789E
:10EA3000E3712823FF33EB5C637494235B00EB5C8E
:10EA4000A3742B003F331B7823762B0041331B78B4
:10EA500063762B0046331B78A3766B7BE376932398
:10EA60005B00EB5C23772B007E331A7812AB1A70B5
:10EA70002B0074331888F3F75DFF4D236B44187037
:10EA80002B00763318880A21F3F754FF4E236B448A
:10EA900018702B00783318880A21F3F74BFF4F23A7
:10EAA0006B4418702B007A3318880A21F3F742FF61
:10EAB00014AB18702B007C3318880A21F3F73AFF47
:10EAC00051236B4418705223FA8F6B441A805C4BAD
:10EAD0000127DA8F15AB1A8056237F426B445022F0
:10EAE00021005A481F803300F6F75AFB7F22564B0D
:10EAF000E7711B78210013402A002A32127854480B
:10EB0000D20113432370AB8D082263701B0AA370DC
:10EB1000EB8DE3701B0A23712B004E331B8863714E
:10EB20001B0AA3713300F6F73BFB09200722FF21E4
:10EB300068440CF0EBF8474BA6711B782370464BEA
:10EB40001B786371454B1B78B34201D1FD23E37100
:10EB50000C21434BE2791B788A439B000B40134303
:10EB6000404AE3711278002A02D110329343E371D4
:10EB70003F22E379210013403B4A3C48127892013E
:10EB80001343E37108220023F6F70AFB0822210051
:10EB90003748F5F73FFE0F21364B374A1B7812787E
:10EBA0005B0013432371354A354B12781B78D20032
:10EBB0009B001343334A12781343334A5BB21278F3
:10EBC0001B01A270314A12780A4013436371304A24
:10EBD000304B12781B7812010B401343A3712E4B5C
:10EBE0001A782E4B1B78002B01D102331A430C21CB
:10EBF0002B4B1F481B7882359B000B402949097815
:10EC000009010B431A4321000023E2710822F6F7A1
:10EC1000C7FA694608222448F5F7FCFD6A462B78B6
:10EC200069469371204800230822F6F7B9FA17B015
:10EC3000F0BDC04625080020260800208C1F0020BB
:10EC4000921F002024080020B51F0020A8A000006B
:10EC500030A10000801F0020340400201007002095
:10EC6000251F002012070020C807002050A1000027
:10EC700058A100005E0000206B1F00206B230020C5
:10EC80006C23002054080020B50700203600002027
:10EC9000F81E00201A1F00206D2300200300002012
:10ECA000DD070020640000208801010030B50D0060
:10ECB00085B010220021040068460CF027F82800D7
:10ECC000F3F708FE02000A2800D90A222900684644
:10ECD0000CF04BF980232001DB0180B2C018102218
:10ECE00000236946F6F75CFA05B030BD7FB5050034
:10ECF0001E00344B0800EB189BB21400062B5DD8A5
:10ED0000421E904190220001120280185B01C0183F
:10ED10006A46236869460093A36980B201936379C8
:10ED20001372637B5372237B22791B0113436A4660
:10ED30009372230034331B78621CD27F1B01134370
:10ED40006A46D37223002200283333321B781278AC
:10ED50009B015201134322002B32127813432200ED
:10ED6000293212789200134322002D321278520079
:10ED700013436A46137323000E2232331B785B0061
:10ED800013406A46537323000833DB7F93730023D9
:10ED9000D3731022F6F704FA012321001A00280089
:10EDA00008F068FB8023DB009D4206D2022E04D9C6
:10EDB000210028003631FFF779FF7FBD2801012EA1
:10EDC000FBD9A5E700FCFFFFF0B5AB4B8BB000AF64
:10EDD0001C6805F06FFB0C23FA18043BDB18C0B26B
:10EDE000D9192500FCF798FC002809D1A34B3A69F2
:10EDF0001968914201DA1A6002E0FA689142FADC7D
:10EE000005F058FB4D286AD8F3F78AFD4E005900EB
:10EE10006C0073008A007100880098009D00310129
:10EE2000A100A5000203A900E001BA005E01DA001A
:10EE3000DF00F1001401F800060118012A015A014F
:10EE400062016C017D0183018701900196019B01A4
:10EE5000A001A401CF00D50069006900B701AA0193
:10EE6000B001BD01CF01D301D7016900BB01DC01B5
:10EE7000EB013C028002B902BB02C202CB02CD020E
:10EE8000CF02D102D302D502D702FE02D902E90293
:10EE9000F502F9029C02DB028B02A302A302A30289
:10EEA000A302A30295020003744A754B1268DA7537
:10EEB0000122744B1A70744B09321A7079E02100E8
:10EEC0006E4B724A1B680831DBB2D35C704ACB7759
:10EED000E38B9B18062B02D801226E4B1A80BD468D
:10EEE0000BB0F0BD654B29341B682370F4E7083480
:10EEF0002500624B1A68002A04D12B79012BEED031
:10EF0000AA80E9E7D3B2682A04DC0222013B2A7115
:10EF10006B71E1E70322693B2A71F9E708342500A8
:10EF2000564B1B68002B04D12A79012AD7D1AB801C
:10EF3000D2E7013B6B7101232B71CDE74F4B0134BD
:10EF40001B68E377C8E74D4B1B68A361C4E74B4BD5
:10EF50002D341B68C9E7494B33341B68C5E7474B61
:10EF600047491A6892B2E2834B7B04335B005A52E2
:10EF70000222484B1A80434B1A70474B0122C0E0D3
:10EF8000464B0922190020205C7A2500854307D0D2
:10EF9000FF2C05D0394B186880B2FFF787FE9EE73B
:10EFA0005872013B013AEFD2F4E7344A344B12680D
:10EFB0009A853B4BE2E7314A314B1268DA85F8E734
:10EFC0002E4B1A68374BDA77F3E72C4B2C4A1B6829
:10EFD0001900481E81419177002B01D0013BD37766
:10EFE000FFF776F90122304B1A70304B65E7234B5F
:10EFF0001A682F4BDA7700222E4B5EE792212620EB
:10F000001E4B1F4A1B6849005354FF30115C0133EB
:10F0100099420DDA19000BE026219220174B184A6D
:10F020001B68FF3153544000115C013B9942F1DCF5
:10F030001154BEE7204B114A12683EE70F4A1048B0
:10F0400011680122437B0A400133DBB25A43441D5D
:10F05000E2770022890700D51A1C0630C277C1E783
:10F06000064B1B685A1E9341144AD377A1E7034A03
:10F07000034B12681A769CE7601F00207C1F00205B
:10F080008C1F00201F0800200200002095CC0108E2
:10F0900000FCFFFF4A080020AF0700206F2300207C
:10F0A0002B080020931F00202E080020711F002035
:10F0B000941F002023080020C80700208D1F002077
:10F0C000D54B1A68D54BF8E6D34B1A68D44B7AE780
:10F0D0001E21D14BD34A1B68DBB213704B43D24A7B
:10F0E000137066E7CC4B1A6823002E331A70210088
:10F0F00000230122E08B08F0BDF90122CB4B1A70EE
:10F10000CB4B1A70EBE6C44B1B685A1E9341C94A9D
:10F11000ABE7C14B1A68C84BCFE6BF4B1A68C74B69
:10F120001A70FFF7D5F8C64B0122C6E6C54BBA4A9E
:10F130001268511E8A41C0E6B74B1A682300353366
:10F14000D4E7B54B1A68C04B1A8032E7B24B1A6845
:10F15000BE4BB2E6B04B1B685A1E9341BC4ABFE798
:10F16000AD4B1B685A1E9341BA4AB9E70A22AA4B13
:10F170001B685343B84A13801BE7A74B32341B6804
:10F18000B3E6B64B57E7A44BB54C1B685A1E9341E8
:10F1900000222370B34B1A70F7F77AFA2378002B0A
:10F1A00000D01FE7F5F797F91CE79B4B1A68AE4BA9
:10F1B00083E6994B1A68AD4B7FE6974B1A68AC4BC8
:10F1C000DA87F6E6944B34341B688EE6924B186867
:10F1D000002380B21A00190008F04CF90222934B68
:10F1E000CAE6A02600248C4B36021D682000F5F7E5
:10F1F0002DFF80235B01E418B442F7D1002D02D02B
:10F200002000F5F723FF0C240826A020A319D91904
:10F2100010220002F5F7FEFA7F22A0200125A11995
:10F2200000263B7EC91993433B766F3A00230002C8
:10F23000FD76F5F7B5FF8F4B8F4C18008F4A90493C
:10F240007B602677FDF7AAFB8E4B8F4A18008F490B
:10F250003B60FDF7A3FB8E4B31007A68236063604F
:10F2600087480223A660FFF741FD022329003A6880
:10F270008648FFF73BFD874B1D70874B1D70FFF7DE
:10F2800027FB2CE6644B85491B680A2B08D10A78BA
:10F290000132D2B20A70022A00D820E6804A1FE763
:10F2A00000247F4ADBB20C701370092B00D080E67B
:10F2B0007C4B6E469D446D468022290092002000C2
:10F2C000F5F7A8FA83222B0092000C33A9184020EE
:10F2D0001A7802431A7010338B42F8D1802200232F
:10F2E000200029009200F5F75BFF80239B00E418C3
:10F2F0008023DB019C42DFD102210020FFF7B2F81E
:10F3000002210120FFF7AEF8B54652E6424A664BAD
:10F310001268511E8A411A700222444B1A70444BE3
:10F3200002E73D4B61491B680C22CB8060480023FB
:10F33000F5F736FFD3E5384A4F4B11689322520058
:10F34000995436E6344A4C4B1268511E8A41DA769B
:10F350002FE608220C239B18DC192200554B23CBE7
:10F3600023C203CB03C22C4B1D6805F0A3F8524BFC
:10F370004738ED0080005B1902591B79B0E64F4B0E
:10F3800059E6254A4E4B12681A7001224D4BDBE6B6
:10F39000214B1B685A1E93414B4ADBB213704B4AF8
:10F3A0009EE64B4B47E64B4B45E64B4B43E64B4B00
:10F3B000BDE64B4B3FE64B4BB9E64B4BB7E64B4BF1
:10F3C000B5E6343420784A4B012802D0002803D116
:10F3D000484B114A12681A70FDF7B4FDE9E50E4A70
:10F3E000454B1268511E8A411A70FDF73BFB012004
:10F3F000FDF754FEDDE5084B1A68404B5DE5064A13
:10F400001D4B12685A77D4E53D4B90E63D4B12E612
:10F41000014B28341B6868E57C1F0020B41F0020C6
:10F420008E1F0020CA1F0020701F00201F08002010
:10F43000AF0700208F1F0020D21F0020D71F002001
:10F440002E08002012070020DA1F0020B51F002020
:10F45000B61F00200A20002000200020251F0020C9
:10F46000100700205B1F0020CC1F0020CD1F0020B4
:10F47000901F0020142000208C1F0020F003DE00CD
:10F48000020400005C200020F077950205040000D3
:10F49000020405046A230020692300206E23002053
:10F4A000801F002000FEFFFF340400202A1F0020E0
:10F4B0004001010074C0010860E201085E00002004
:10F4C000640000204A0800206D230020EF1E002069
:10F4D000F81E00201A1F00203600002054080020CB
:10F4E000B50700206C2300206B23002003000020C0
:10F4F0002608002025080020240800200E200020D7
:10F500006B1F0020DD07002073B51E4D69462800E3
:10F510000822F5F77FF91C4C072226001B4B2936E1
:10F520001B78280013403278194DD20013436A46E5
:10F530006946D37100230822F5F732FE2800694698
:10F540000822F5F767F97F2233782800134022005C
:10F550002A3212786946D20113436A461370A38D8A
:10F5600053701B0A9370E38D4E34D3701B0A1371D2
:10F57000238853711B0A937100230822F5F710FEAC
:10F5800073BDC04608A000008C1F0020C41F0020CF
:10F5900030A1000070B504000D00012906D8012A31
:10F5A00004D1002110320BF0B1FB70BD11222000FC
:10F5B0000A490BF0DAFC022DF7D9023D0D34042D77
:10F5C00000DD042503235D43651B2000022204495E
:10F5D000033C0BF0CAFCAC42F7D1E6E7D0C001080F
:10F5E00059C2010830B5042587B0084C0A00010053
:10F5F00001A8FFF7CFFF112300216F20A56201AA08
:10F60000F5F7DAF9A56107B030BDC0460004005037
:10F61000F8B50500BE20414A800013885188404C4F
:10F620005B189188D2885B189B189B1058433D4B00
:10F630002678D988F3F708FA3B4A83B213803B4A0D
:10F64000934228D907232370394B1F78012F05D106
:10F6500004F030FF2F2801D1364B1F70FA21364BB2
:10F66000364F1B883A7849008B4238D8002A04D09C
:10F670000122334B1A702F4B1A70002320783B70F5
:10F68000B04242D000222F4C022833D922700122EE
:10F69000284B1A7036E02C4A93420DD893212B4AFE
:10F6A0004900525C012A01D80023CCE79621890049
:10F6B0008B4201D2022AF7D0012380B22370FCF7DB
:10F6C0009DFCC0B206234B28BDD805233228BAD8EA
:10F6D00004231928B7D80528B6D90323B3E7002A8D
:10F6E00006D1174B01321A70124B1A70F5F73EFB18
:10F6F0000123C3E7164B022808D001221A70237891
:10F70000002BC4D00022134B1A80F8BD1A70002DB4
:10F71000F5D0114B1978FFF765FFF0E7841F002043
:10F72000731F00202A1F0020621E00207A030000A1
:10F73000431F00206C1F0020CC200020741F0020DD
:10F74000711F0020FE1E0020750200008C1F00208B
:10F75000021F0020001F0020FF1E002070B5154B67
:10F760001B78002B0FD000232D25134CE25C2900C1
:10F770000A2A01D03032D1B2C1540133042BF5D161
:10F780000023037170BD002904D00C49013204F03C
:10F7900021FFF7E780230A49DB009A4203D0094B97
:10F7A0009A4203D108490BF0D8FBEBE70749013235
:10F7B000EDE7C0465F1F0020D00300205CC20108B7
:10F7C000FCC50108FFFF000064C201085FC2010818
:10F7D000F7B5160004000D001F00F3F77BF8731C4B
:10F7E0000093231801350193019B9C4200D1F7BD82
:10F7F00021782139CBB25D2B05D871433200280026
:10F8000079180BF0B2FB009B0134ED18ECE7000017
:10F81000F0B585B01C000AAB1B780F001500060080
:10F820000293F3F757F8BD4207D9029BED1B434300
:10F830000135ED1A6D08EF19FFB2E2010134144BE6
:10F84000E401D219E419D218E41833180192039391
:10F85000039B9E4201D105B0F0BD3578213DEBB24E
:10F860005D2B0DD80E235D430A4F0722E91901983D
:10F8700007350BF07AFB07222000E9190BF075FB26
:10F88000029A019B944663440193A4180136DFE772
:10F89000E11A0020DADA0108F8B51D0006000F00B1
:10F8A0001400F3F717F80300A74207D207205843C4
:10F8B000E11B0131091A49087F18FFB2044AE90126
:10F8C000C91930008918034B0622FFF781FFF8BDE4
:10F8D000E11A0020A6D80108F7B507000C001D00AA
:10F8E0001600FFF7D9FF3800F2F7F4FF0723434370
:10F8F000601C1818C0B2002E04D0331C864200D9F8
:10F90000031CD8B2021C7F2800D97F22D3B20193F6
:10F91000E901144B002C07D0601E5F183E5CB44612
:10F920007F26624656403E5480220E005242944644
:10F9300060181B18803E019AA24207D8094BED01BE
:10F940005D197F23A95C4B40AB54F7BD1878624624
:10F95000C0435F1A1870B85D01345040B855E4B226
:10F960000133E8E7E11A0020F7B5204E1D00337897
:10F9700004001F4F00910192012B22D11D490BF071
:10F98000ECFA2B00002220000099FFF7A5FF3A783F
:10F99000194B5200D75A0A213800F3F751F83800B2
:10F9A0008EB20A21F2F7C6FF3300144982B220005A
:10F9B00004F010FE2B00002220000199FFF76CFFDD
:10F9C000F7BD0F490BF0C9FA2B0000220099200067
:10F9D000FFF782FF3A780B4B31785200D25A4E2310
:10F9E000032900D1053B0849E1E7C0461F05002077
:10F9F0000800002069C20108DAE001081AC60108FF
:10FA00006FC201083EE1010873C20108F8B51D008C
:10FA100006000F001400F2F75DFF0300A74207D2B3
:10FA200007205843E11B0131091A49087F18FFB22A
:10FA3000044AE901C91930008918034B0622FFF76F
:10FA4000C7FEF8BDE11A002072D60108F0B5002704
:10FA5000234CD20185B05218141902930190F2F789
:10FA600039FF25003B00C2B280350392039ABA42A7
:10FA700001DC05B0F0BD019AD65D2D2E2CD0002BF7
:10FA800001D1202E22D03300303B0A2B13D8142171
:10FA9000303E4E43134B0A22F6183100A01C0BF0E7
:10FAA00064FA31000A22A81C0A310BF05EFA012325
:10FAB0000D340D3508E02E2EF9D1602303342B7060
:10FAC0006B70AB7003355F3B0137CFE7029A002ABA
:10FAD000EED0063C063DEBE73A26002BD7D1D2E725
:10FAE000E11A002096D5010830B5072501241540FC
:10FAF000D208D2018018425CAC401500A543002B0F
:10FB000001D02243D5B2455430BD0000F0B50C0001
:10FB100087B005930CAB1B78019202930090009B79
:10FB20001B78002B01D107B0F0BD03220026203B3B
:10FB3000DBB25343134A9B180493019B0633DBB299
:10FB40000393049B019D9F5D01231F420AD0059BE7
:10FB5000A1190D48C9B2002B00D10C482A00029B04
:10FB6000FFF7C2FF0135039BEDB27F089D42EBD149
:10FB70000136032EE5D1009B04340133E4B2009337
:10FB8000CDE7C04676D4010855080020E11A0020D0
:10FB900010B5084A0300527E002A09D0064A12789E
:10FBA000002A05D0054C00220C212000FFF72EFF73
:10FBB00010BDC0468C1F00206D1F00207BC20108B5
:10FBC000E02210B50021024892000BF09FF810BD12
:10FBD000E11A002010B58022002102480BF096F8AF
:10FBE00010BDC0465508002070B5094E0500347898
:10FBF000072C0CD8002C04D108220A2105480BF050
:10FC000085F8132D03D0631C3370024B1D5570BD56
:10FC10005F1F0020D003002030B500232D25074CA6
:10FC20000748E25C29000A2A01D03032D1B2C1541F
:10FC30000133082BF5D10023037230BDD00300201F
:10FC40003B22002070B5041E0D4D08D10100052097
:10FC5000F4F75AFB2B782100012B0DD170BD012147
:10FC60000520F4F751FB2B78012BF7D0054B197BBE
:10FC700001394B425941C9B20620F4F745FBEDE783
:10FC80006A1F00208C1F00200122024B1A70024BB9
:10FC90001A70704736220020711F0020F0B5764B95
:10FCA000ABB01B780590002B00D0B2E0734C03275B
:10FCB000A38C002B00D102370021714B595600292B
:10FCC00030DB704B1B78012B2CD06F4B6F48CA0177
:10FCD000D21803780133DBB20370012B06D900235D
:10FCE0006B4D03702E78013373402B70684B1B787B
:10FCF000002B00D18FE07F2000238446654E6546AF
:10FD0000D05CA843F55C2843D0540133072BF6D1CF
:10FD10000426614D013107230020AE62C9B2F4F719
:10FD20004BFEAE61637E002B03D05C4B1B78002B37
:10FD30006FD1544B1B78052B6BD1594B1B78012B82
:10FD400067D0584B1D78002D63D14F4BFA01D31863
:10FD50000393059B002B09D0802203990AA80BF07E
:10FD600004F98022290003980AF0D0FFF4F766FC1A
:10FD70004D4A4E4B12684008128E9C56A03C2418E7
:10FD800024B223005D3353DA0026230002968D331C
:10FD900005DB200006219330F2F756FEC6B27B1E2B
:10FDA000DBB20493221C353401DD414B1A88414BF0
:10FDB00012B21C78002C49D03F4906A804F00AFC76
:10FDC00000228821049B06A8FFF766FD029B002BFA
:10FDD0004FD13200394906A804F0FCFB0022A621CD
:10FDE000049B06A8FFF758FD029B3E209A19D2B249
:10FDF0000D23F9B2FBF798FD059B002B09D080225B
:10FE000003990AA80BF02EF9002802D03800F4F765
:10FE100026FE2BB0F0BD7F208446294E6546D05C7F
:10FE2000A843F55C2843D0540133072BF6D16FE784
:10FE300025005D35282D00DD2825EDB20A2128009A
:10FE4000F2F778FDC3B209260293A8E71D4B1E49BD
:10FE500006A804F0BFFB0122084B9B8C00922832BD
:10FE6000002B01D023001922022106A8FFF74EFE25
:10FE7000ACE72A001549AEE7DC0700208C1F002004
:10FE8000322200205A1F0020E11A002031220020D7
:10FE9000302200206FD40108000400506D1F0020A4
:10FEA0006A1F0020431F00206C1E00201C00002041
:10FEB00058C101086B2300208BC2010897C20108BA
:10FEC00068D40108EEC801088FC201089BC201086E
:10FED000F0B5924BABB01B780F93914B1A78092A6F
:10FEE00001D000221A708F4B1B785BB2002B01D11E
:10FEF000FBF700FDFFF764FE8B4B1B78002B46D011
:10FF00008A4B1C78002C42D18026FFF759FEB600A0
:10FF100087486F22001900218034864D0AF0F6FED2
:10FF2000B442F5D1C0200A2204262024824B40008E
:10FF30001978013231431970195CD2B22143195436
:10FF40000133762AF4D10B240126220033000A2142
:10FF50002800FFF7C9FD2200013433007521280075
:10FF6000E4B2FFF7C1FD252CEFD108237622092149
:10FF700072480093063BFFF74BFC062376220921CB
:10FF80006F48FFF789FCF4F765FD2BB0F0BD6D4CB1
:10FF90000320A38C002B00D10230FFF7F9FD6A4B40
:10FFA0001B78002B00D1B4E0237B0593674B0894AA
:10FFB0000993674B0B93002300210493614B03913A
:10FFC0009A8C8A4205D00F99002902D104998900A0
:10FFD00003915B7B0C93039BDB010E930E99554BB6
:10FFE000CB180A93002A00D0CCE0059B04998B42E1
:10FFF00001D101F034FB089B02330893099B48337D
:020000040801F1
:1000000009930B9B01330B93049B002B00D182E0DF
:100010004C4DAB8C002B0DD14E4B1B68002B09D0E7
:100020004D4B1B78FF2B05D006232E22022114A84E
:10003000FFF79AFC3A4C2378002B28D1FBF73AFFC4
:10004000464A030012780490002A01D100F0FAFE1B
:100050000A232370AB8C0324002B00D10234404BC5
:100060001A78013AD2B2052A01D900F0E1FE3D4BDF
:100070009200D5582F4BE00180220021C0180AF0D1
:1000800045FE7F2202212800E3B2FFF7BFFC244B8C
:100090001B78092B01D001F0BFF9334B1A7A002AE3
:1000A00001D101F0C9F91E889A78DD782F4B1C7AAE
:1000B0002F4B072A02D82F4B9200D358002C01D186
:1000C00001F07DFA40212C4A1AA80AF06BFF0323A5
:1000D0007F2200211AA8FFF7FFFB3300274A4021A7
:1000E0001AA80AF05FFF04237F22002C01D101F03F
:1000F00073FA1AA80021FFF7EFFB21491AA80AF0AA
:100100002CFF05237F2200211AA8FFF7E5FB01F051
:1001100093F9637B49E701234EE7C046071F0020A0
:100120005A1F0020241F0020021F0020FE1E002056
:10013000691B0020E11A00206B1B0020DAC20108B5
:10014000E6C201088C1F0020EC1E002024200020A5
:10015000F42200204008002008000020371F002063
:10016000AD070020E8D30108280000200C1F002064
:10017000CEC2010800D401085FC3010872C30108A0
:100180007FC301080F9B002B01D101F062FA059B90
:10019000049A934200D02EE70C9B049AC3499342E1
:1001A00001D101F0C5FA07220A980AF0DEFE099B88
:1001B0001B681F68BE4B1B780793012B00D03AE1E8
:1001C000059B049A934200D0BEE103992122079B2C
:1001D000002900D11A0000930A210023B548FFF737
:1001E00095FCB54B049A1B7B934200D0B8E0B34B0F
:1001F0001B785BB2002B00D1B2E0FBF75BFE041E64
:1002000000D0ADE0AE4B1B780693012B00D8A7E0E1
:10021000AC4B18211878069B1830C01AF2F710FC66
:100220001823069A0D919B1A1293129B00209C4250
:100230003DD30D9A069B94461600183B1B19DBB262
:100240001193069BA04D63441093A04B1393182168
:100250003000F2F7F5FB139B4900CB5A002B04D07A
:100260001A1CAB4200D92A1C95B2109B0136B3422E
:10027000EDD10D9B11989C4618216044F2F7E0FBEC
:10028000924E49008B5B181E11D08F4A0020954278
:100290000DD0AA1C93420ADD581B05235843302178
:1002A0001830F2F747FB052800D90520C0B21AAB79
:1002B000E0540134182CB8D100200A9B0634DD1D0F
:1002C00012ABE418461C002800D141E100236178FC
:1002D0009C46182E00D03CE1A37806930B00069AAA
:1002E00013436246134301D101F0A9F9069B013380
:1002F0005B005B1863449B0801D101F0A7F9DBB2F6
:1003000000280FD000229446012801D0227894467C
:10031000069A490002325218624492082020D1B253
:10032000002B13D00620C31ADBB21A00002909D013
:10033000421AD2B2934205D8191C934200D2111C22
:100340001A00CBB200209A4200D805E17F222B7818
:100350000134934303432B700135182E00D0F5E090
:100360000024564B1C57002C04D0534B049A1B7B83
:10037000934216D03800FBF7CBFC002811D0099B24
:100380001B7E012B0DD1FBF795FD002803D0504BB0
:100390001B68BB4205D00A9807224E4918300AF064
:1003A000E4FD089B1A888023DB009A4200D3F0E02A
:1003B000494B1B78002B07D03F4B04995B7B8B424A
:1003C00002D1002C00D1CEE04449013214A804F03F
:1003D00001F900220121039B0133DBB214A8FFF7CE
:1003E0007BFA0B9B1B780693002B00D1E9E0062BD0
:1003F00000D962E1069A6B46940008221B7B2321F8
:100400000092002236482058FFF702FA55E10023F7
:10041000336001F06EF9049B03215A421300082255
:100420000B4000920139002214A8FFF7F1F90122D4
:100430002C4B1A70DFE5FBF73DFD1F4B002865D004
:100440001A7B0499284B8A4276D10B9A1278002A9B
:1004500072D101211970254B1A70254B039A1A701D
:100460001B4B1F60234B1B6834331B788B4216D108
:10047000214B224A12789200D15814A80AF06DFD3F
:10048000039901232122002900D11A0000930A2197
:10049000002314A8FFF73AFB02230793A1E61849AB
:1004A000022BEAD0174B184AE4E7C046B7C301084D
:1004B0006A1F0020BDC201088C1F0020241F0020DD
:1004C0009404002095040020FFFF00009604002003
:1004D0002C220020BEC301085F1F00205FC201085C
:1004E0002CD401085A1F0020191F0020181F0020BB
:1004F000322200206C1E00205CD401082608002057
:10050000FCC2010848D4010825080020BB4A126833
:10051000BA4210D19B8C002B0DD00021B84B212268
:1005200059560123002900D11A0000930821002305
:10053000B448FFF7EBFAB44B1B785BB2012BABD19D
:100540000222B14B1A70A7E70023A6E73000B9E6F4
:100550000100E3789C46BFE6012191400132084347
:10056000C0B2D2B2EFE607231A00A848A84C815CBB
:100570000A2902D03031E154013B013AF7D22D2152
:10058000A34A002B02DAA34AA3491FE7D154013B37
:10059000F7E7A24BD318062B00D922E7099B0132BB
:1005A00019689F4B0868D2B29E49984200D99E496B
:1005B00014A804F00FF8039B002201330221DBB2E0
:1005C0000CE7089B1888994B1B78002B35D0934B70
:1005D000C318062B31D8964B049A5B7B93422CD1DF
:1005E0008F4DFFF719FBBD42924152420332030087
:1005F00014AC801800908F49200003F0EBFF6B468D
:100600001E7BAF4210D80F20731C12AD069A401902
:100610007121DBB2FFF740F9069B32002021200058
:10062000E371FFF713FAE6E408232021009320008A
:100630003300069AFFF7ECF8DDE47F4B1B78012BC3
:1006400006D1059B049A934202D1099B5B681F68FF
:100650008023DB00984200D362E1754B1B7F002BA7
:1006600022D1FBF731FD03787F2B6ED84578192D09
:1006700071D86DD0002D6ED0704B6C1EA400E418A4
:10068000200007F0CBF8002858D06D492A0014A8A4
:1006900003F0A0FF752114A86B461A7B7F2302315B
:1006A0000093002306F058FF664BDB7F012B77D0C9
:1006B00054D9023B012B00D881E0079B012B00D1CC
:1006C00061E1002414AB1C705F4B1F78A74200D07F
:1006D00084E1574B049A1B7B934201D1002F01D137
:1006E000099F103F594B1B78002B00D0B9E13B000C
:1006F00034331C78002C00D098E1079B012B00D0EC
:100700007FE17B691AAA10001979514B70CB70C038
:100710001B680360484B1B78032900D97CE18800E3
:100720008558012900D078E17A691279012B00D02F
:1007300069E1012A00D072E1464D70E1464922008C
:1007400014A803F047FF7121A5E775214348A3E7EB
:1007500071214348A0E7712142489DE714AC210074
:100760003800FBF73FF96B461D7B2D4B9F4210D89D
:100770000F206B1C12AE00227121DBB28019FFF733
:100780008BF800232A0020212000E371FFF75EF997
:1007900093E708230022009320212B00200033E65A
:1007A000089B31491A8814A8013203F013FF08226C
:1007B0006B4624211B7B0092002214A824E6089B90
:1007C00014AC19882000FDF727FE2378002B06D1F2
:1007D000089B20001A882449013203F0FBFE6B4677
:1007E000184A1C7BD27F124B022A3FD1002212AB47
:1007F0009A740823212100932300DEE72C22002095
:100800003222002000C30108191F0020D00300205D
:100810003B2200203F22002003C3010800FCFFFF11
:10082000FFE0F505A6C20108A1C201085F1F002074
:100830008C1F002008C301086A1F0020902200209E
:100840009CC201088E1F002003000020071F00200B
:10085000E8C00108B1C201080DC30108AAC201081D
:10086000DBCA0108ADC201085CC201089A8C002AEB
:1008700026D112AB9A7408232121009314A82300D7
:10088000FEF7C6FFD04B9D8C002D32D114AE310047
:100890003800FBF7A7F8E31CDBB20D93CB4B9F426C
:1008A00020D80F200434E3B212AC2A0071210019C1
:1008B000FEF7F2FF2B00202130000D9AF57165E75D
:1008C000059B049A934206D123000022242114A8F8
:1008D000FFF79CF8D6E723000022242114A8FEF796
:1008E000DBFFCFE708232A000093202130000D9B77
:1008F0008AE53800B649F2F7A3F838000D00B4498C
:10090000F2F718F8013402002B00B24914A803F0E2
:1009100061FE00222421E3B214A8FEF7BDFFCCE65D
:1009200014AC21003800FBF75DF86B461D7BA74B2C
:100930009F421FD80F206B1C12AE00227121DBB228
:100940008019FEF7A9FF00232A0020212000E3716F
:10095000FFF77CF8089B1888FBF7B6FB1823027892
:100960001A4200D1A9E60A9806229B4978300AF07B
:10097000FCFAA2E608230022009320212B0020008D
:10098000FEF746FFE6E7954B1B6829331C78002CE1
:1009900021D10024924B1C57002C00DA91E6062C42
:1009A00000D9062400263E278E4D0E9B5D198E4BE6
:1009B0001B78002B05D00623FF279B1B9F407F231E
:1009C0001F4028000222390001360AF09FF9033542
:1009D000B442ECD275E6013C64B2DDE7834B1B7890
:1009E0001F1E00D175E6824B1B785BB21F1E00D123
:1009F0006FE6FBF75FFA2700002800D069E67D4F1D
:100A000067E63B697EE6012A0ED13B697A4D1B7988
:100A1000012B09D1794D07E0794D012B04D1059BBC
:100A2000049A774C934205D0764C03E0754BA400B2
:100A3000E418734D079B012B15D17A691379012BAB
:100A400013D0991E012900D9F8E06F49022B00D07C
:100A50006E4952796E4B5200D25A14A803F0BAFD77
:100A600017E06C4CE5E73A69E8E752796A4B5200C7
:100A7000D65A0A213000F1F7E3FF30008BB20A2189
:100A80000793F1F757FF654982B2079B14A803F05B
:100A9000A1FD0026544B1B78002B00D1E8E0039BFE
:100AA00000220133DBB2B42128000793FEF7F4FEE5
:100AB000079B002282212000FEF7EEFE424B9B8C1A
:100AC000002B25D1564B1B78002B21D1002E05D1B0
:100AD00032000221063314A8FEF7DEFEBD8B64212E
:100AE0002800F1F727FF4F4B84B29D4200D9B9E0AF
:100AF00064212800F1F7A4FF22008BB214A84A4910
:100B000003F068FD062300222E2114A8FEF7C4FE80
:100B1000069B002B01D0052B2CD13B0029331A78E2
:100B2000072314001C401A4200D0CFE001252C4BB3
:100B30001C782D4B3D491B78002B00D1CAE01522B3
:100B400004311AA80AF011FA03226243039B1AA97E
:100B500001338818DBB20022AA21FEF79DFE262071
:100B6000002D07D00A9B0322181801303049FF30AE
:100B70000AF0FBF93A68BB689A4200D1D8E07B1CC6
:100B8000D87FAC239B031A932A4B1B932A4B1B68D9
:100B90005A1CD27F002A03D05A699A4200D1AFE092
:100BA0000321F1F74DFFC9B20F4B1A78002A00D18B
:100BB000AEE049001AAA50180022BC21039B013361
:100BC000DBB2FEF769FEB3E08C1F0020FFE0F50505
:100BD000A086010012C30108E1C001086C1E0020BC
:100BE00064000020E31B00206B2300208C04002005
:100BF000241F002038040020B1C20108D6C2010819
:100C0000BDC3010820D4010827C601089CC70108FC
:100C10003EE10108B5C20108DAE001081CC3010881
:100C2000221F00200F27000022C30108F4C0010882
:100C3000C6C301082D004400601F0020BE8B642144
:100C40003000F1F7FDFE30008BB264210793F1F71D
:100C500071FE0A2682B2D049079B14A803F0BAFCA1
:100C6000764217E72200CD4914A803F0B3FC49E708
:100C7000002D0ED02B78002B0BD0039B3122002BA4
:100C800000D1203A01233421009328000023FEF7ED
:100C90003DFF2378002B0BD0039B3122002B00D18A
:100CA000203A01230321009320000023FEF72EFFAA
:100CB000039B44363122F1B2002B00D1203A0123AC
:100CC00014A800930023FEF721FF21E7013C002533
:100CD000E4B22EE7232219311AA80AF046F90523B7
:100CE00063431AAAD018039B3122002B00D1203A6B
:100CF0000123182100930023FEF708FF13202FE79C
:100D00003B002B331B78002B00D049E703214BE736
:100D1000032953D1039B3122002B00D1203A012318
:100D2000262012AC00932B2100230019FEF7EEFEC3
:100D30009B4B1C783B002B331B78002B09D0994828
:100D4000002C43D0039B00220133C121DBB2FEF70C
:100D5000A3FD2D373B780025012B01D1924A157850
:100D6000ED181AA8914BAD00002C3BD002003C338B
:100D700052CB52C2039B00220133D0214059DBB237
:100D8000FEF78AFD0C9B049A934201D0FFF733F9DA
:100D9000874B1B78002B36D0864914A80AF0DDF863
:100DA0007F4B1B78002B35D0039B00220133E221BF
:100DB000DBB214A8FEF770FDFFF71DF9039B490095
:100DC00001331AA84018DBB2A921FAE6039B3122AD
:100DD000002B00D1203A0123302100930023FEF79D
:100DE00095FEB6E70200483352CB52C2039B312234
:100DF0004059002B00D1203A01235B2100930023AE
:100E0000FEF784FEBEE76C4B6C49DA7D14A803F054
:100E1000E1FBC5E7039B3122002B00D1203A0123DF
:100E20006E21009314A80023FEF770FEFFF7E3F88D
:100E3000634B644D1B78002B01D0FFF71BF9624D0B
:100E4000FFF718F9049A002A00D0DBE25F4A127813
:100E500052B2002A00D1D5E25D4A1278002A00D0B1
:100E6000D0E2022323705B4B1B8808938023089AEF
:100E7000DB009A4207D3584B1B68002B75D1FAF759
:100E800039FDFFF704F929352E78731E182B00D988
:100E90001926524B524A19780023994202D01078F1
:100EA000013343404F480478002C00D1B6E04E4C4B
:100EB0002478002C00D1B1E04C4C2478B44200D00E
:100EC000ACE0002B00D0A9E0494B1B78002B00D0F0
:100ED000A4E01170474B1F88002F01D1FFF7D7F80E
:100EE0000021454A344B1578444A1268D08B8D4214
:100EF0000BD080229C8DD2001600944200D2ECE0F0
:100F0000DC8D944200D2ECE00D00002213003C4C3A
:100F10000394039EDC08345D07261E4034410126FD
:100F2000344203D0921992B2984206D08024013301
:100F30009BB2E400A342ECD10022324B002903D142
:100F40000392002A00D0D6E01A88131C002A00D190
:100F500001239BB20393002D00D029E100212B0037
:100F60000D000493284B069356E1284A1D4D106846
:100F7000224A2E7812681C4C918B002E00D0BDE0C6
:100F800001262E7000252570214C2360214B18600E
:100F9000214B1960C5E0C04622C301082BC30108DC
:100FA0006B2300206DCB010824080020F4C0010849
:100FB000480800202FC301088C1F002034C30108FB
:100FC000AE070020C0C20108B8C20108241F0020DB
:100FD0006D1F00204408002040080020AF070020BB
:100FE000372200203A220020ED210020EC210020B1
:100FF0003622002038220020B61F00206C1E002060
:101000006021002034220020B4C70108C804002059
:10101000E8210020E4210020E02100200025012714
:101020002C00574B11701F70564B80220021077007
:1010300055481E7009F06AFE80220021534809F0CD
:1010400065FE534B1D802000FBF73EF803900028FF
:1010500037D0072203781340934232D04378192EB9
:1010600020D1002B2DD007233800234098400300C7
:101070004549E208885C03438B54039B6A1C1B7838
:1010800092B27F2B08D90723E8081D403B00AB40F4
:101090003E490D5C2B430B543D4915000B88013331
:1010A0000B800EE0192BDED09E420AD1394A3A4B12
:1010B0001278002AD7D09A8DA24202D0DB8DA342AB
:1010C000D1D180230134A4B2DB009C42BBD10022E9
:1010D000324B1A70324B1A80FCE60121844200D157
:1010E00013E7DB8D0021B34200D30EE71B1A5A42EF
:1010F0005341590009E7039A1A802CE72678002EFD
:1011000000D03DE7274E3668B34200D038E7264E80
:101110003668B04200D033E7244E3668B14200D082
:101120002EE7204B1C68002C01D1FEF7B0FF1E4BB0
:101130001B680393A34201D2FEF7A9FF1B4B1D6856
:10114000002D00D10135039B2900181B1668F1F70B
:10115000F1FB471C013000D101272000B44203D825
:101160000398B04200D930002900001BF1F7E2FBE0
:10117000431C0393BB4200D903970125EEE6C0460A
:10118000ED210020EC21002060210020E020002043
:1011900038220020B61F00208C1F0020362200209D
:1011A00034220020E8210020E4210020E02100205A
:1011B0000126BC4B8E401B7803241A005809DB061D
:1011C0005B0F33432240DBB2002804D00138C0B2A9
:1011D0001900002811D1210001200132D2B2022AC7
:1011E00000D900221C00D440044200D0D3E00139D1
:1011F000C9B20029F1D10A00062089004001AA4B9A
:1012000001431143C9B20693002A05D0A74B0693A8
:10121000A74B012A00D1A6E6A24B3A001970002084
:10122000A44903F0D7F90399C3B20091A24A182147
:10123000C4B201971AA803F071FCA04B9B8C002B41
:1012400000D1AAE0032319260A930123E4000093A6
:101250003200002302211AA8FEF758FCE3B2002452
:101260000793A54223D00B33DBB20993079B099D5B
:101270001233DBB20B93B31D0C9334000023220016
:1012800029008F48FEF730FC01340C9BE4B2A342E6
:10129000F4D101350B9BEDB2AB42EED1012332000C
:1012A0000093099900230698FEF730FC0B240023D5
:1012B000844AD3560B93079B1C197D23E4B2250067
:1012C0000B34E4B21B1BDBB209355E1E3000EDB2FD
:1012D0000693012F0BD00398B84200D9380000289C
:1012E00000D1013001387043791EF1F723FB0390E0
:1012F000B04200D903960C2012260A9B704AD901ED
:10130000531858555D196E701D007D352E700025DF
:101310007E3318706C4B09191B88079709938B183B
:101320000A93069AEBB29A4201D8FEF7B0FE079BE9
:101330000699D81BF1F7FEFA0699441C0798F1F7B5
:10134000F9FA00231A0003998D425A410B99D2B23F
:10135000013103D0039AAA425B41DAB223008442EE
:1013600000D2030080210898C90088422BD2002CAB
:1013700000D1013409998B4200D90B009C4205D859
:10138000013C5248A4B29BB2A3420AD12D23002AA9
:1013900012D10C3B10E000212EE7052329260A93E9
:1013A00053E70726E108415C26403141012601341C
:1013B000A4B23142E8D021230A9A5355079B013544
:1013C000DB190793ADE704990029DFD0201E00D177
:1013D00001208342DAD3802149028C42D6D28B424B
:1013E00000D33B4B3B493C4C09788C46002161457E
:1013F000CCD02688B04201D8B342DCD20131C9B288
:101400000234F4E7354A1278002A3FD0344A127881
:10141000012A3BD104232370324B33481B78002B25
:101420000AD003237F220021FEF736FA2F4B1B78C8
:10143000092B01D1FEF731FE2D4C2378002B01D072
:1014400004F0C0F91D4B9B8C002B01D0FEF79BFDD7
:10145000284B1B78002B01D0FEF795FD2378002B3D
:1014600001D0FEF790FD059B234A002B00D0234AB4
:10147000234914A803F0AEF87F23062200936B21C2
:10148000002314A806F068F8FEF77DFD002B39D084
:10149000174B187800283CD105232370FEF7FEFB7C
:1014A000FEF7F5FD33220020B4C70108CBC20108C6
:1014B000C8C201087FC801083AC301088C1F002078
:1014C000E11A0020241F002038220020E020002004
:1014D000FFFF000016050020CC04002012070020AA
:1014E0006A1F002028220020F02100205A1F00201F
:1014F000071F0020221F002024C9010857C501082A
:10150000B0C301088C4B1B78002B02D0052B00D0F8
:1015100082E78A4B1B78002B2BD0894E3378002B27
:1015200027D0884B1B78002B23D1874B1B78002BAF
:101530001FD13000F1F7CEF9844B1B78002B01D07E
:10154000FEF723FD073323700C2800D20C200C3843
:1015500032187F4914A803F03DF8AA8C0523002A0D
:1015600001D003230022022114A8FEF795F9FEF70B
:101570008EFD784B1B78002B00D14DE7734B1E7806
:10158000002E01D0FEF701FD08232370724B1F8847
:101590003800FAF733FD642105003800F1F750FAFE
:1015A00038008CB26421F1F7C5F9230082B26B498F
:1015B000009514A803F00EF803233200D3E740216E
:1015C000674A1AA809F0EEFC03237F2221001AA81B
:1015D000FEF762F9FEF781FD21001AA8FEF75CF91B
:1015E0002B0040215F4A1AA809F0DCFC05237F226A
:1015F00021001AA8FEF750F95B4B5B68002B00D165
:101600001AE75A4A1268934200D815E70A20FA21CD
:101610009B1A584380B2F530FF308900F1F714FA75
:10162000031E00D108E74021514A1AA809F0BAFC6C
:1016300006237F2221001AA8FEF72EF9FCE60028D7
:1016400001D0FEF75FFE2030FEF780FE0123FEF79B
:1016500057FE059B04998B4201D1FEF79DFD454E37
:101660003368002B45D0059B434F5B00DB5B434950
:101670005B18062B01D9FEF7CAFE53425A416B464E
:1016800003241D7B0823524214402C19E4B200228B
:1016900007213B4800932300FEF7BAF8306814A9ED
:1016A000FAF7A0F923000022382114A8FEF7F4F875
:1016B000344B14A918680134FAF794F9E3B2002204
:1016C000382114A8FEF7E8F8BB8C002B11D02E4B64
:1016D0001B78FF2B01D1FEF78EFC0235EBB23022D6
:1016E000062114A8FEF740F9BB8C002B01D0FEF7B1
:1016F00082FC264B1B78002B14D0254A254914A8C0
:1017000002F068FF1C4B9A8C002A01D0FEF783FE82
:1017100008230221009314A8033BFEF779F8012265
:101720001D4B1A700C9B049A934201D0FEF73FFDAB
:101730001A49FEF738FDC0466A1F00201007002036
:10174000461F00206D1F0020071F0020431F0020A0
:1017500042C30108741F0020621E00204AC3010812
:101760006AC3010894C301080C1F0020081F002051
:10177000A0C30108400800208C1F002000FCFFFFD0
:10178000F1C20108C804002008000020221F002028
:101790002F080020F8C201085A1F0020CAC3010800
:1017A00010B50400012903D00A4B8900C85810BDA8
:1017B000830705D16421F1F72DFA1D200029F6D108
:1017C000C82120004900F1F725FA484248411C3061
:1017D000EDE7C046B8D3010891210022F8B5304D9D
:1017E000304B8900287032201A70F2F7FBFBF2F7B9
:1017F000DBFEFBF70DF92C4C206803000833DF7F7C
:101800000369C18B1A68868BFBF7C8F8236801202F
:101810001A000832D7779E83FBF740FC2A78234BC7
:10182000234D002A31D001221A7023681A69083327
:101830001068204A2860DB7F1370F2F755FF286894
:10184000F2F73CFF01221C4B1A701C4B14321A7029
:101850001B4BEA321A701B4B1A7000231A4A137082
:101860001A4A13701A4A13701A4A13701A4A1370DC
:101870001A4A13701A4A13701A4A13701A4A1370CC
:101880001A4A13701A4A1370F8BD1A7001235B428A
:101890002B60F2F71EFF32201649F2F7A3FBD1E7C7
:1018A000031F0020480800206C1E0020051F002098
:1018B0003405002049230020711F00203805002036
:1018C0002E0500202D050020300500202C050020CD
:1018D000CD070020D4070020D3070020D607002022
:1018E000DF1E0020DA070020061F0020041F002052
:1018F0002F0500204502000010B5FAF7BFF80028B8
:1019000019D00D4A0D4B12789121DA7702220C4B37
:1019100032201A700B4B013A1A700B4B89001A7067
:1019200000230A4A13700A4A13700A4A1370F2F726
:1019300059FBF2F739FE10BD33040020921F00203E
:101940001F080020AF070020711F00203E1F00204D
:101950002C0500202F050020F0B504000D00160016
:1019600089B0102800D9D8E3F0F7DAFF1100110090
:1019700011001100110011001100110011001100DF
:101980000E01DA01DA01DD026F03AF03D303002990
:1019900016D00127B24D2F7002F08CFD0F2841D1D7
:1019A000B04B1A68002A3DDB092A09DCAE48AF4B70
:1019B000AF49002E14D030348454FF220F701A70B7
:1019C000AC4B1B78012B09D102F074FDAA4B2F28D8
:1019D00002D02822462800D1F0221A8009B0F0BD9A
:1019E000A64DA7007F591D78AC46A54DA44502D051
:1019F0001C702E7006E02B780133DBB22B70FB5C81
:101A0000002BF6D09F4C2B782478FB5C002C05D063
:101A10001C00613C192C01D8203BDBB2835401230C
:101A20000B70CDE7002ECBD101272000FEF7DCF8AC
:101A30008F4B954C1F70954B1B78002B27D123782B
:101A4000BB4216D0022B60D10A20914A267013782F
:101A500051784343CB18002B57D08E4800789842DA
:101A600005D38D4A013B13708C4B1F70A8E7117092
:101A70002770874B1B78002B47D0864A12789A42F2
:101A800043D3854A013B1370844B012232E102F0BB
:101A900011FD082812D12378052B00D890E7FEF716
:101AA000BBF8FAF7EBFA7E4B1B68998B642358431B
:101AB000FAF7FCF87B4B2670186081E72E2815D1C9
:101AC0002378042B00D07BE7330071498A5D1B012A
:101AD0000136D318042EF9D1724A1360724AD387A3
:101AE0000122724B1A700023237069E702000D3A3D
:101AF000182A03D86E4B13413B420BD0C0B204AA44
:101B000003A9F9F709FE00281ED000232370022341
:101B10002B7055E72378032B00D851E70A235C4943
:101B200026700A7848785A4312185A43887812184F
:101B30005343CA78013A9B1880229BB2D200934249
:101B4000E5D2584A13603BE704990320632903DC7C
:101B50000238092900DD0130002213004C4F26789D
:101B60000197D7B2BE4206D8864201D10022227028
:101B70009942CCDBE5E70A277B43019FBF5C01323A
:101B8000BC4663449BB2ECE7002900D118E7002A69
:101B900009D0F9F70DFF002800D111E7454B1B785C
:101BA000002B00D00CE701222D4B384D1A702C78F9
:101BB0002F4B1A70002C1ED102F07CFC0300263B38
:101BC000012B00D8FCE60E3801280AD90022394B37
:101BD0001A7001232B702C4B1A70224B013A1A6099
:101BE000EEE6304B22001868210080B2FAF73AFB8B
:101BF0000028EBD1E4E602F05DFC0F2800D095E26E
:101C0000184C2368002B59DA0022264D1100286851
:101C100080B2FAF727FB002800D1D1E62968124DDF
:101C200089B22800FCF7F8FB2800F0F753FE0928DA
:101C300007D80A222021121A401909F067F8002358
:101C4000AB72FF210023094A1B4811700C4A29007E
:101C500013700C4A23601370112209F086F9AFE665
:101C60005D1F0020642300206F23002063000020FC
:101C70005F000020431F0020441F002038E20108BD
:101C80005F230020632300205F1F002068230020C3
:101C9000D0030020781F0020811F0020B207002001
:101CA000601F00207C1F0020901F00202B080020B8
:101CB000F8FF6FFE622300204E230020092B00D97D
:101CC00034E2FF21AD4A1170002E15D00A232360A3
:101CD0000022AB4BAB491A70AB4BAC481A701132B7
:101CE00009F0C0F9002800D020E22870FFF704FEB8
:101CF0000022A74B1A7063E6013323600A2B00D041
:101D00005EE6E5E701233370F0E79D4B1F7000238B
:101D10002B70F8E701229A4B1A7000232B70E5E72D
:101D20000B283AD10A3C002D00D149E6002E04D1FF
:101D30000122974B1E70974B1A70974DEB7E002B2C
:101D400005D1964B1B78002B01D0644264B202F09F
:101D5000B1FB07000F2834D1904B1B78002B30D0FB
:101D60008F4B1E68002E2CDB092E00DD28E610228A
:101D70008C4904A809F0F9F88248E4B2835D02AA0C
:101D8000E318DBB2D51D190000222039C9B25E2943
:101D900006D91F2B0DD87E230EE001246442C2E732
:101DA0000132AF5C9F4202D1E318DBB2EBE7102AAD
:101DB000EDD17E2B00D920238355FF226F4B1A7063
:101DC000C7E0F9F75BFE021E00D0F9E5734B764ED3
:101DD0001978002922D17548754B02781B78121B9F
:101DE000013B541C02D0934216DB13000122037006
:101DF000704B32701A7002F05DFB132800D1DFE5E2
:101E00001538012800D8DBE50835EB7F002B00D022
:101E1000D6E5F1F7DDFDD3E50B00E7E7082F12D19A
:101E2000654B664D1B682868998B654B4C432018A1
:101E3000984203DC002802DA624800E01000F9F75B
:101E400035FF28600DE02E2F0ED1514B1B78002B53
:101E500022D00F205C49013BDBB2CA5C1219024060
:101E6000CA5401233370ABE539000E39172913D852
:101E7000564BCB40DB070FD5504D243F2868A1B20D
:101E8000012F28D908181300210080B2FAF724FA8C
:101E90004F4B9842D5D1E4E7F8B204AA03A9F9F769
:101EA0003BFC0028DDD1454D039928680B00049ABE
:101EB000884203DB1300824200DD03004548E3183B
:101EC000834204D0994202DC9A4202DB1A002A6063
:101ED000C7E70A00FBE780223F4FD200904205D1BE
:101EE000012C1AD101235B422B603B800023286820
:101EF0001A00081880B22100FAF7EEF9344B984224
:101F000000D028600022BB5E2A68012C07D19A42CB
:101F100007DA8023DB002B60A3E73880E6E79A42EC
:101F2000F7DC38809DE7F9F743FD002856D0002DF7
:101F300011D1002E00D043E5194A1368002B0ED0B2
:101F400000DC3DE5013B1360FF220C4B1A700E4B89
:101F50001E70154B99E50F4B002E00D195E5F2F759
:101F600005FF0023084A13700C4A1370084A1370C7
:101F70000122104B1A700C4BBCE6C04663000020D7
:101F8000B30700206F230020622300204E2300208F
:101F90005F1F00205D1F00208C1F00206823002091
:101FA00064230020D1C301085F000020811F0020AE
:101FB000781F0020B2070020601F00207C1F002037
:101FC000F5E0F505F6E0F505D00300200300C800B4
:101FD000FFFF0000FFFFFF7F60230020002E00D0E6
:101FE000EEE4002D00D1EBE401235F4A5F4C137057
:101FF0005F4A1178002921D15E4B1B78002B14D049
:102000005D4D2B78002BAAD002F054FA082801D09D
:102010002E28A4D1F2F7AAFE0A212B78574A013BB9
:10202000DBB22B70D15401235EE5554B2670DB7F6C
:10203000002B01D1F1F7CCFC524B26E51670524A29
:1020400023701370514A1370F6E7002900D1B7E4EA
:102050000122454B1A7002F02DFA0F280DD14C4B7E
:102060001B68002B09DB092B00DDA9E42A22002EC6
:1020700000D103324749CA549FE6002E00D09FE4A6
:10208000FAF7C6FC444B1B6834331B78002B4AD14B
:1020900002F010FA03380128CED8364B1B78002BFB
:1020A000CAD0F9F7EBFC0124314F384D002807D195
:1020B0002000FFF791FB2D4B2C703C701C70BBE790
:1020C000314B3E701C702C70B6E702F0F3F90F280C
:1020D0001AD12F4B1B68002B16DB002D00D16FE4AB
:1020E0000121214A1170092B00DD69E4002E02D084
:1020F000284A2231D154012228490B7853400B70D1
:10210000FF21274B197036E731002800F4F7BCFB9C
:1021100056E40800F4F706FC52E4002A00D04FE42D
:10212000002900D14CE402220F4BE3E502F0C2F992
:102130000400322804D023000D3B022B00D9E9E52E
:10214000184E3778002F00D1DCE5012F00D0CDE507
:102150000223337005F07AFB322C00D0D5E5FCF772
:1021600033FEF3F765FEC0465D1F00205F000020D0
:102170003E1F0020682300205F1F0020D0030020A6
:10218000941F0020ED1E00206C1F0020711F0020F6
:10219000642300206F2300206C1E00206323002096
:1021A0006300002062230020F7B51400102800D936
:1021B0005EE1F0F7B5FB11001100110011001100F4
:1021C000110011001100110011004100F300F30093
:1021D00026014B015D015901002A2CD100292AD08A
:1021E000A74B1B78012B36D1A64A1370FDF7FCFCD8
:1021F0000222A54B1A70A54B1A78032A1BD90A256F
:10220000A34A1C70137851786B435B186B43917829
:102210005B185D43D378013BED188023ADB2DB0042
:102220009D4218D2220021002800FAF71BF8994B92
:102230001870994B1D80F7BD002AFCD10029FAD0F7
:10224000964B1A780193032A05D0954B1B78002BE7
:1022500004D1002A04D18B4B02223FE0012AFAD09C
:102260000125874E874A34781570AC423FD0022C46
:1022700046D0002CDFD1002B18D18A4FFA213C68C0
:102280002000F9F713FD050087492000F9F70EFD3E
:10229000291BAC4200D9611B021B844200D9221ABF
:1022A000824B91421CD9022238601A70804B1B6805
:1022B000D88B8023DB00984216D201230022337092
:1022C000754B11001880F9F7CDFF724B187002237F
:1022D000019A13706C4A13700122764B1A70AAE7A8
:1022E00000223D601A70E1E702233370EFE7674B8D
:1022F0001B78002B9FD10222634B32701A709AE731
:102300006B4F002B30D1674B38681A68C18BFAF7D6
:1023100045FB694B1B78002B06D0684A3B68127856
:102320001A71674A12785A713B681A00083203CB57
:1023300003C25E4A1278DA77802338686149C58B18
:102340004A7BDB0054009D4220D2534B04321B8851
:10235000520053520222C3830B534B4B1A705A4BF9
:102360001A800023337066E721000020FCF77AF81A
:1023700021002800FCF776F8504A3B681178504A53
:102380001971127819735A715A73D5E78022038E26
:10239000D2009B189BB20A199380DBE701230B281C
:1023A0001ED1002900D146E7002C04D10121374A73
:1023B0001470344A1170434AD27E002A01D15B4224
:1023C0005BB22F4A1278012A17D1334A1088C018FD
:1023D000431C07D08023DB00984204DB002002E08E
:1023E0005B42DEE7394880B2108000221100F9F725
:1023F00039FF284B1870244B2EE7002C00D01AE729
:1024000029E7002A00D016E7002900D113E70122AE
:102410001C4B1A701A4A1378012B09D0022B12D0C8
:10242000002B00D007E7FFF767FA174B1C7002E795
:1024300016490B78002B06D0013BDBB20B700A214A
:10244000134AD154D7E700231370D4E7002A00D0F1
:10245000F1E6002900D1EEE601220A4B1A70104B7A
:102460001878FFF7B9F9E6E60800F4F75BFAE2E658
:10247000002C00D0DFE6002900D0ECE6DBE6C04609
:10248000061F00205D1F00205F0000205F1F00204E
:10249000D00300204A2300204C230020051F0020E9
:1024A000031F002034050020710200004923002092
:1024B000601F0020711F00202C0500202D0500202A
:1024C0002E0500208C1F00204A080020FF0300007A
:1024D0009A4200D2885470477047F0B591B0049387
:1024E00016AB10CB1A9F1B781B9D02900391009294
:1024F0000593002C01D110239D4380232A00DB008B
:102500001A4006921D4201D0002C1DD06123AA065C
:1025100000D541230026DBB20A3B019407931899AA
:102520000198F0F78DFA079BCAB2D318DBB20929DC
:1025300001D83032D3B208AAB354019B189A741C44
:10254000934201D3202C14D102232A001A4007926F
:102550001D4220D1013B2B40002F08D0002B06D07C
:10256000059A002A02D10C32154200D0013F3022D8
:1025700007E026000190D2E7202C05D008A962547C
:1025800001341999A142F7D8002B04D03023BC4262
:1025900001D2202C17D1EB0634D5069B002B17D186
:1025A000002C15D0199BA34201D0BC4210D1631E50
:1025B000012C0CD0189A023C102A0CD0189A1C003E
:1025C000022A1BD12DE008AAA3540134DFE71C0026
:1025D000189B102B20D1AB0608D47823202C08D1CF
:1025E0002024009BAD0737D125002AE0202CF7D00E
:1025F000582308AA13550134202CF1D0302308AAFF
:1026000013550134202CEBD0059B002B0BD02D2330
:1026100008AA13550134E4E7189B022BECD1202CB7
:10262000DED06223E5E76B0701D52B23F0E72B070C
:10263000D7D52023ECE72020049B0399029EB047C6
:102640000135009B1A1B5219AF42F4D80026A7424D
:1026500000D33E1B009BF31825000193019B181922
:10266000421B002D0AD1079B002B05D0009BC41AEA
:10267000009B1819A74209D811B0F0BD08AB013D65
:10268000E85C0399049B029EB047E7E70200049BC5
:1026900020200399029DA8470134E9E7F7B59C463D
:1026A0000025194CA688864220D8E388F318984262
:1026B0001CDA1B1A9BB20D1C994200D91D1C8027E5
:1026C000ADB2019525687F04BD4219D115606246FF
:1026D00001981080089A002A11D02268BA420ED0C0
:1026E000002299425241089B1A7008E001350834D3
:1026F0000D2DD7D180235B04136063461980F7BD8D
:10270000801B80B22D18E1E740E60108030000209D
:102710002F2B0FD8084A5B009A5A084B08499B7D1B
:102720009B075B0F595A914204D806495B5A9A425B
:10273000924150427047C046761E00208C1F0020F8
:1027400004D101080CD10108F8B50E0004003025B1
:102750002F27FF2C0ED02F2C0ED82000FFF7D6FFEE
:10276000002805D1A419013DE4B2002DF1D1FF24C8
:102770002000F8BD3C00F0E70024EEE7084B0949D3
:102780009B7D02009B075B0F0748595A185A8A42E3
:1027900002D3824201D8100070470800FCE7C0460F
:1027A0008C1F002004D101080CD10108094A1378BC
:1027B000002B08D180200849800188610321013362
:1027C0000B4013707047032BF8D180200249800121
:1027D0008862F3E73C05002000080050044A054BDE
:1027E00012684008128EA0389B5618187047C046D1
:1027F0006C1E00201C000020054A064B117810704A
:1028000001221970044B1A70044B1A707047C046AD
:10281000622E0020612E0020602E00208D000020FE
:1028200070B50F4A0F4B52790F495200D55A040028
:102830008D4213D10D49F0F703F90800AF2189004B
:10284000F0F778F8454303384342584107492D18BB
:102850002000F0F76FF8054C44432C19200070BDA0
:102860009000002068E5010841030000C409000051
:10287000084B09481A890949131C824201D9084B9F
:102880001B8800204A8804339BB29A424041C0B260
:102890007047C04690000020FBFF0000502E002033
:1028A0005AC101080022024B1A605A601A8170470F
:1028B000502E0020024B034A5B795B00D05A7047D0
:1028C0009000002068E501080A4B10B51B68002B3A
:1028D0000BD0094A1468E41AFFF7ECFF010020004E
:1028E000F0F728F8013080B210BD8020034B1B792F
:1028F0001841F8E740080020C8040020900000209C
:1029000010B5FFF7E1FF0400FFF7D4FF604310BDEF
:1029100010B5064B1C68064B5B79032B03D8FFF7F9
:10292000EFFF4008241A200010BDC0464C2E0020A6
:1029300090000020064B10B51B68002B02D0054B01
:10294000186810BDFFF7DCFF034B1B68C018F8E7E1
:1029500040080020C80400204C2E0020034B044AED
:102960001A6000229A801A811A617047342E002062
:102970000000FFFF0122264B70B51A70FFF7EEFF33
:10298000FFF798FF234DA882FFF79EFF224E040019
:10299000E882011C802823D98021802089B240014F
:1029A000F0F752F8C0B2031C402800D94023DAB235
:1029B000102A00D2102300223370184B1E78184BB7
:1029C0001A800123174A1380802C0ED923007F33ED
:1029D000DB09138000230126EB80FFF799FF0CE051
:1029E00083B2102BD9D21021D7E7002EF2D1012CBF
:1029F000F0D9631EEB80FFF79DFF0B4B0B4A1E7057
:102A00000123A3429B415B42E860137070BDC04646
:102A100087000020342E002088000020860000203F
:102A2000222E00208400002083000020820000204D
:102A30001E4B70B51B78002B1FD11D4B1D4C5B88A6
:102A4000A3421AD01C4D1D4A2E881189A64207D0D8
:102A5000A14205D0032070430233C3189B089BB2E8
:102A60002B80174D17482D78405D1B189BB2A14253
:102A700004D113810122144B1A7070BD5D1AACB2DF
:102A800028B22D0401D5CB1A9CB2042CF5D904230D
:102A90000C2C04D80233A3429B415B4201339BB20E
:102AA000002801DA5B429BB25B18E2E7632E00204C
:102AB000342E0020FFFF0000800000209000002046
:102AC0008E00002040E501088D00002010B50C4B61
:102AD0000C4A58689188002807D080201C88C000C4
:102AE000844202D25888884208D200205980116955
:102AF0001880596012891A81FFF79AFF10BDC046ED
:102B0000502E0020342E0020044A054B1268A030BD
:102B1000128E9B56C01A400080B270476C1E002077
:102B20001C00002070B5084DE868FFF7EDFF2E8906
:102B300004002869FFF7E8FFA64203DD0400B04265
:102B400000DD34002C8170BD90000020124A052168
:102B500070B5136900281DD0D5685B182C000A34A5
:102B6000A34203DD1C000A2B00DD0A241461FFF7D9
:102B7000D9FF0222094B1A70094B013A1D60094B1B
:102B80001C60094B1D60094B1C60094B1A70094BF6
:102B90001A7070BD4942DFE7900000203C2C0020F5
:102BA0007C000020780000207400002070000020CD
:102BB000602E00208D000020002210B5034B2D2137
:102BC0001A6003480A3208F0A1F810BD382C002022
:102BD0002C2C0020F0B5455C401815701D700029A4
:102BE00006D0441E247801261F2C05D97E2911D831
:102BF000447800261F2C0DD82C1901346410177846
:102C0000E4B2A74200D914701F78A74200D21C700A
:102C1000002EEBD1F0BD00000B4A10B513880B4C11
:102C20000133138024780A4AD388D168908A002C13
:102C300005D001339BB20918D380D16010BD013B90
:102C40009BB2091AF8E7C046502E002083000020EE
:102C5000342E002070B5124B124D1A88EB88E98A89
:102C6000D3189BB2994207D9A88AEB805043EB68EE
:102C70001818E860002070BD0B4B1C880134A4B20A
:102C8000A24203D8002201201A80F4E7A142F5D91C
:102C90001C80EC80FFF73CFEAB8A6343E8E7C0464C
:102CA00084000020342E0020222E0020020000206C
:102CB0000B4B70B51D680B4B1C68291B81420EDD48
:102CC0002300944203DC2B00954200DD13001B1B04
:102CD0000F24634348101818EFF7B6FE204070BD6C
:102CE00070000020740000200A4B984203D10A4B68
:102CF00018680A387047094B1A68002A02D1064B37
:102D00001868F7E7064B128E40089B56A038C0188B
:102D1000F0E7C046FFFF0000740000206C1E00209A
:102D20001C00002030B5CB01084D1B185B081400B7
:102D30000F21EA5CC00704D58A4321400A43EA54C4
:102D400030BD0A4024012243D2B2F8E7D627002042
:102D5000F7B501220407154B0191640F02400F28BB
:102D600004D90009124B0138C001C31801252E00F7
:102D7000A640002492010F4F9B1800200200195C0E
:102D80000E4203D0290081400A43D2B20130082804
:102D9000F5D13878002801D0D243D2B20199083356
:102DA0000A550134082CE8D1F7BDC046550800206B
:102DB000E11A002054080020044B1A78002A04D09D
:102DC00000221A70024B01321A707047D81A002084
:102DD0006C1F002009490A4A097812780300002074
:102DE00091420AD1074A12889A4206D806490978C0
:102DF000521892B293429B415842704721250020BD
:102E0000DC1A00208A0600200007002070B50500AB
:102E10000E00064B1C68002C00D170BD2369002BEE
:102E200002D03100280098472468F4E76C1A00208B
:102E3000002A0AD0054B80008A18C01892B20B787D
:102E4000013103708BB29A42F9D17047205C004087
:102E500070470000F7B505000F0014001E00824205
:102E60000FD1994201DC0E001F00BE4200DDF7BD0C
:102E7000F2B201231648E9B20136FCF735FE36B24C
:102E8000F3E7FA205E1A8000511B7043EFF7DCFD78
:102E9000104906006843EFF7D7FDC3190193AC4210
:102EA00002DB23002C001D0027007743AC42DEDC50
:102EB000FA2138008900EFF7C7FD019BE1B2C21883
:102EC000D2B201230248FCF70FFE0134BF19EDE72F
:102ED000E11A002018FCFFFFF8B5184B0D00DC6864
:102EE0001E69FFF77BFC640076002300371B40005F
:102EF000844203DA3300864200DD03001B1B6B4370
:102F0000781018183900EFF79FFDC6B26E43040021
:102F1000331E05D0751CADB26D089D4204D3DBB2E3
:102F2000E0B2C0184008F8BD29003000EFF702FDFC
:102F300080B240192B004508EFE7C0469000002002
:102F4000010070B5030008255A2031241E311A787B
:102F500050402A0046B24000C0B2002E00DA604065
:102F6000013AD2B2002AF5D101338B42EFD170BDC4
:102F7000F0B51F00AF4B93B015000B9009910A9369
:102F8000002800D0E5E10026FCE00135252806D028
:102F90003200741C099B0B990A9EB04764E1002320
:102FA000012008242A78691C2B2A16D00BD8202A45
:102FB00015D0232A15D011003039092930D8002224
:102FC0000A24079215E02D2A04D0302AF3D10343B6
:102FD0000D00E7E702221343FAE70422FBE723434D
:102FE000F6E71022F7E70500079A6243303A8A189D
:102FF00007922978681C0A00303A092AF3D900217F
:103000002A7808912E2A25D18021C9000B4369789E
:103010006A1C0800303809283BD815000A2413E040
:10302000002107912A2AEAD104CF07928A4203DAC3
:10303000023152420B4307920135E0E70500089A3E
:103040006243303A8A1808922978681C0A00303A9C
:10305000092AF3D92A78691C6C2A2AD024D8682A2C
:103060002FD06A2A36D028780135782890D863285E
:1030700033D8622800D16FE1632800D1A5E025286C
:1030800086D0582884D120221343103A0C218B4338
:103090006DE12A2906D104CF0235D143C9170A4070
:1030A0000892D7E71500D5E77A2ADCD180225200B2
:1030B0000BE06A786C2AF9D1C022920013430235E2
:1030C000D1E76A78682A03D080220D001343CAE74B
:1030D000C022F3E780229200F7E701000122643961
:1030E000C9B28A401100544C2140224212D17328A7
:1030F00000D1BBE0702800D04AE72122134305939A
:1031000008230493089B019103931023029308CF93
:1031100000934BE16F2800D020E10822B6E7782821
:10312000B4D093430A22642800D120E1AEE75806C8
:103130000DD5C8B205930292079BC20F0192C21728
:1031400004938018089B5040039300902EE10800E0
:103150001C06EFD508B2EDE7002913D13C1DD805B8
:1031600021D50593079B02920493089B0191039339
:103170003B6800933200099B0B990A98FFF7ADF961
:10318000270006002878002800D0FEE6099B3200C0
:103190009E4200D35A1E0020099B0B990A9CA0470F
:1031A000300013B0F0BD396858060AD5C9B205938E
:1031B000079B02920493089B0091039300230193C1
:1031C000D8E71806F3D589B2F1E7022219001140B9
:1031D0000C9113422CD0012301CF320008930B999C
:1031E000099B741CC0B20A9EB0470C9B002B3BD0BD
:1031F000089B22000C932CE02020099B0B990A9C31
:10320000A047089A0799531C08939B1B9942F3D82F
:103210000A00531E9A410023D1B29A4201D0079B63
:10322000013BF61802230029D6D0079B0133D3E7D0
:103230003200E7E7D924010821081200531C0D933E
:103240002020099B0B990A9EB0470C9B0D9A0133D5
:103250000C93079B0C998B42F0D8079A089900238E
:103260008A4200D3531AE41826008BE7390004C9B8
:103270000D92089A0E91002A01D1012252420D9915
:103280000C008A182178002901D0A24214D10D9A8D
:103290001900A41A8022D20011400F91134203D0CA
:1032A000089A944200D9140002221900114010918A
:1032B000134217D1320009E00134E3E7531C0C93A9
:1032C0002020099B0B990A9FB8470C9AA31B0799CA
:1032D000D3189942F2D80023A14200D30B1B01342A
:1032E000F618E4180C960AE008930C9B0C9A01332C
:1032F00011930B99099B0A9FB847119B0C930D9B47
:103300000C9A9B1B985C002807D00F9B002BECD0DD
:10331000089B089A013B002AE6D1109B002B15D090
:103320000C9A06E0561C2020099B0B990A9FB8476F
:1033300032000C9B0799E31AD3189942F2D8002364
:10334000A14200D30B1B0C9AD3180C930E9F0C9E1A
:1033500018E71A4B0A9316E6022297E610226F2806
:1033600000D9DCE693430A22692800D0DBE6590540
:1033700001D501218B43802189001940692802D0A1
:10338000642800D0E8E6002900D0FBE602CFD8058B
:1033900000D4CCE60593079B02920493089B039309
:1033A000CB0F0193CB17C918594000913200099BEC
:1033B0000B990A98FFF791F80600E3E6D12401087B
:1033C00070B5002901D1002A27D114244443194B98
:1033D0001B191C00CC342478002C1ED01E00164C67
:1033E000D036A57BA07331601900D4310A60002269
:1033F000D833EDB21A60904212D1104A1178CBB294
:1034000001290BD0062B09D0002B05D1217C40339C
:103410000B43237403231370A57370BD0523FAE7D0
:103420000423627A134301226372637E93436376BB
:10343000F2E7C046A0230020005C0040812300206A
:103440007F220F4B0240997B40B2C9B29A73002889
:103450000FDB002A07D107200A4A10706022187C6F
:1034600002431A7403E02022587E02435A7699736D
:103470007047002AEFD01022587D02435A75F6E7B4
:10348000005C0040812300200300F7B57F201F006F
:103490000740034212D14021404B414A180011809D
:1034A0001A001985CA32190017700122CC302A314E
:1034B0002C3302700F701A700020FEBD782003427A
:1034C00068D15BB29C46374C1423A07B4D1EC0B222
:1034D0006E427541019060467B43304EA773AD014B
:1034E000F318002829DB1F00C837B9700121CC333D
:1034F000EDB23A8019702576637E0B4213D090238B
:103500006376082A11D902210B000131DD00AA429D
:103510000ED82A0092B2DBB2A3767368D218019B50
:103520007260A373C8E78023EAE708220123F1E76A
:103530004129E9D100220123EDE72A2084469C4459
:103540006046017001211A852C331970B940A37AA5
:103550000B43DBB2A37220232B432375637D9B07B0
:103560000ED548236375082A0CD902210B000131BE
:10357000DD00AA4209D82A0092B2DBB2A375CCE7DB
:103580004023EFE708220123F6E74129EED100228C
:103590000123F2E7012040428FE7C046A02300202C
:1035A00068240020005C004010B5427903791202C3
:1035B0001A430323C178520519408078520DFFF752
:1035C00063FF43425841C0B210BD00006022F0B515
:1035D000A24C85B023781A40202A00D14AE1402A23
:1035E00000D175E1002A23D103321340012B00D111
:1035F0006EE0022B00D1D6E0002B19D160786588EF
:10360000092815D8EFF778F9760C140C14050E1468
:103610002A2EEDB2002D01D1914B1D70914B1D70E2
:10362000002373E12A0AEDB2032A04D1EE2D04D15E
:10363000002005B0F0BD032AFAD80021A369D6B254
:1036400018780028F4D05F78B74203D18D4200D1BA
:1036500054E101311B18F3E71B7857E1824BA3605B
:10366000012353E1FF270020A669EDB200973178CE
:10367000002908D15E22AE23FF325B00A55400284A
:103680001BD1E054CCE77378042B08D0052B0BD06A
:10369000022B06D17779BD4203D1012001E0F378F6
:1036A00000933378F618E2E7BD42FAD1009B002B75
:1036B000F7D13000FFF778FFF3E701220720E2544B
:1036C000FFF7A4FB802202206849FFF779FEA7E7F5
:1036D0005E23FF33E35C002BAAD0607863882779F0
:1036E0000B28A5D8EFF7FEF806A4A4A4A4A40DA463
:1036F000A4A42D310023A2681370A2685370022382
:1037000004E11B0A212B0CD1594B1B68002B00D163
:103710008EE75A1CD27FBA42F7D15B69A3600923B6
:10372000F4E0222B00D083E7514B1B68002B00D123
:103730007EE75A1CD27FBA42F7D19A69DB69A26050
:10374000E4E00022A3681A708AE7DBB2FF26019347
:103750000023A569009602932B780393002B05D1D3
:1037600008200299FFF752FB039BCFE06B78042BF4
:1037700004D0052B0DD02B78ED18EDE7EB78AE7863
:103780000093B742F7D1019B009A9342F3D102957F
:10379000F1E7B742EFD1019B009A9342EBD12800A9
:1037A000FFF702FFE7E75E23FF33E35C002B00D166
:1037B0003EE7A2886378D0B2012B1DD0032B45D001
:1037C000002B00D034E77F331840254B997B98734A
:1037D000C9B212060BD4002802D0587E8006C00F52
:1037E00000229973A3681870A3685A7087E70028AD
:1037F000F6D0587DC006F2E76388002B23D17F33D3
:103800001840174B997B9873C9B2120610D4002840
:1038100004D11A7C043082431A7407E060205A7E77
:1038200082435A765A7E203002435A7699736EE06C
:103830000028EED030205A7D82435A754022587DB0
:1038400002435A75F2E700232361F1E66588002DF3
:10385000F9D1FFF7F5FD256159E0C046F8000020D9
:10386000005C0040A023002055020020782E00209C
:103870006C1A002003221340012B17D1254B22790B
:103880001B68002B02D1012040420AE05D68002D38
:103890000AD0591CC97F914206D120001E4A1F49F7
:1038A000A847C043C00FC4E61B68EAE7022B00D05C
:1038B000BEE6184BA2881B68120A002BE3D09D6855
:1038C000002D03D0591CC97F9142E6D01B68F4E754
:1038D000104B1D68002D02D1012040420AE0EB6828
:1038E000002B01D12D68F5E720000B4A0B499847C2
:1038F0000028F7D10123013018409AE6A360022A7C
:1039000000D0A9E69A78DB781B02134323610120DB
:103910008FE6C0466C1A002008010020000100203C
:1039200007B5002807D008237F2200930021034811
:10393000073BFBF76DFFF1F78DF807BDAFC5010839
:10394000F7B5154B0D1E01930CD0144E3368002BA8
:1039500008D0B3681C68019B00937368002D07D1E1
:10396000B3681C60802202200199FFF729FDF7BD92
:1039700027001C1BBB42FBD0AC4200D92C00306896
:1039800022000099C01907F0F0FA009B2D1B1B19AB
:1039900000933C19E1E7C046782E0020B81A0020B9
:1039A0004378212B15D0222B04D0203B5A1E934163
:1039B00058427047C37882781B02134318000122D3
:1039C0000C491040134202D00A700020F1E7087041
:1039D000FBE780200B6800214042187004305870CB
:1039E000D970197159719A300831987099710723FB
:1039F0001360EAE7BB0700200023180010B5094A4E
:103A0000094914888C4200D1108001330232802B86
:103A1000F7D11E220021054807F078F90022044B57
:103A20001A7010BD222D0020FFFF0000042D002081
:103A3000022D002010B5194CE08AC10907D180225F
:103A4000174B121A40005200C01807F05FF9154AD0
:103A50001378002B0FD0013BDBB21370002B02D187
:103A60000122114B1A70012210490B7853400B7040
:103A70000F4B1A7010BD0F4B1B78002BF3D1A08891
:103A8000FEF7ACFE0C4A0530D3680A33834200DAF5
:103A900003000A2B00DD0A231361E4E7342E002023
:103AA000222D00203C2C00208D00002086000020CC
:103AB0006C000020632E002090000020802210B5B2
:103AC000D2000021084807F021F90022074B1A70A4
:103AD000074A084B12681A60074A084B12681A60B6
:103AE0002022074B1A7010BDD6270020D62B0020AD
:103AF0007C0000207400002078000020700000206E
:103B0000880000207FB50F300D000A22002104003C
:103B100007F0FCF8084B9D420CD001AE29003000A4
:103B2000FAF77AFC0023F25C002A03D0E254013356
:103B30000A2BF8D17FBDC046FFFF000013B5082255
:103B40000021684607F0E2F8082269461548F0F7B8
:103B500061FE154C0521637922791B019200134304
:103B6000E27A206913436A46137006220F4B8230B3
:103B70001B785B0013400E4A127813436A46537059
:103B8000EEF762FF6B46987023890A4A934200D190
:103B9000FF236A466946D370024800230822F1F7E2
:103BA000FFFA13BD48A10000900000208E00002005
:103BB000632E0020FFFF0000F7B500250700FA2460
:103BC0002E0001910520F1F73FF83B690199320081
:103BD00099430B005E425E41964206D10135962D17
:103BE00004D15A1E9341D8B204E00125013C002CB7
:103BF000E8D12000FEBD0000F7B52A222D4BFF3290
:103C00009E5C0023273AFF3A05001C002A4F3240F1
:103C1000012A1DD00122294B1B699B0A9A4301925C
:103C2000F30605D5A0200821C005FFF7C5FF040055
:103C3000730706D5802121480901FFF7BDFF044322
:103C4000E4B2B60631D4019B002B01D03B680133AE
:103C500000211B4A3B608C4201D011680131116088
:103C60000222184E184C30789A429B418A42924167
:103C70004142484121785B424F42794152424042A1
:103C8000494218401140114FA870E9702B706A70BA
:103C9000002806D0002139703978337029712270DC
:103CA000F7BD0029F8D00121F5E72300019C01931D
:103CB000C9E7C0468C1F0020542600200004005095
:103CC0005026002059260020582600204E2600208D
:103CD0000C224243054B70B59B1818795D79DC883E
:103CE000EFF78AFE2841204070BDC04688E50108F4
:103CF00010B5FEF795FD0400094B1860F0F77EFB48
:103D00002000F0F7F1FC3020EFF776FE04000021F0
:103D10003020F0F767F921003020F0F763F910BD8B
:103D20005C2E002010B5054A054B5068D8605188BC
:103D300019801289DA80FFF7DBFF10BD502E0020BA
:103D4000342E0020404BF7B51A780400824250D040
:103D500018703E4B3E4D3F4F3F4E0193002849D0D7
:103D60003E4B1868002805D03D4A036912681A6066
:103D7000F8F72CFD0020F9F791F93A4B002019785B
:103D8000F9F798F838492B680978384A03335B1AF1
:103D900001201360FBF756FF3020EFF72DFE802146
:103DA0008900014389B23020F0F71CF980244720B4
:103DB000EFF722FE6400204381B24720F0F712F9AA
:103DC000FA204000F0F740FFA023DB059C610023B0
:103DD0003B70274B019A5B8843203380D27A254B76
:103DE0005200D15AF0F7FEF880213F20C900F0F7C9
:103DF000F9F8F7BDA0238022FA20DB0552009A6271
:103E00004000F0F721FF3020EFF7F6FD1A4901409E
:103E10003020F0F7E7F84720EFF7EEFD17490140B3
:103E20004720F0F7DFF82000FBF70CFF01235B428F
:103E30002A683380124B3C701A60019B114A5B79EF
:103E400043205B00D15CD2E78C0000209000002072
:103E5000081F0020302E00208A0000206C1E002049
:103E60005C2E0020282E002088000020242E002018
:103E7000502E002044E50108FFFD0000FFFE000079
:103E80002C2E00204AE5010810B5FEF773FD104CFA
:103E9000E068F0F729FC3020EFF7AEFD0D4A0E4B3D
:103EA00010401880FEF7FEFC0020FFF74BFF0122B8
:103EB0000A4BFF211A7001237F325B42084863805E
:103EC00006F024FF40220021064806F01FFF10BD27
:103ED000342E0020FFFDFFFF402C00208700002033
:103EE000822C0020422C002070B580228025612485
:103EF000144B6D426442002152001348DD601C6186
:103F000006F004FF8022FF21104806F0FFFE00218A
:103F100040220F4806F0FAFE00220E4B1A800E4B8C
:103F20001A700E4B1D600E4B1C600E4B1D600E4B2D
:103F30001C60FFF7A9FF01220C4B1A700C4B1A7082
:103F400070BDC04690000020222D0020822C002051
:103F5000422C00203E2C00203C2C00207C00002025
:103F6000780000207400002070000020602E0020E7
:103F70008D0000200300013870B5C4B2112800D9AB
:103F8000AFE0EEF7B9FC0921AEBDAFAE0921AED46A
:103F90003A3AE0AEAECEAE89804D6B79012C0ED8A8
:103FA00000220E2B01D00133DAB26A71FEF7A8FCB1
:103FB00040082860FFF768FFFFF71EFD14E00E229F
:103FC000002BF2D0013BEFE7FEF774FC734A800050
:103FD000136880B2012C0AD171498B4201D8C018F4
:103FE00010607048F0F730FE6F4B01222FE06F49F0
:103FF0008B42F6D91B1A1360F3E76D4A1278002A38
:104000002DD06C4AD57E0B2B01D001235D400020C2
:10401000FFF798FEFEF7A2FCFEF744FCFEF7AAFCB1
:10402000654C664A002D02D1E38A012B11D8012389
:1040300013700023E380FEF76BFC0022604BE0600E
:104040001A70604B1A70584B01321A705E4B1A701E
:1040500047E0013B1570E380FEF76CFCEDE75B4A3F
:104060001268002A3DD1534AD27E0B2B01D0012386
:104070005A4057490B68002A07D0564A934230D815
:10408000464A12689B180B6094E7534A934228D91A
:10409000424A12689B1AF6E7504B0F211878504D90
:1040A000421C1A704F4B1C89EEF7CAFCC9B249007A
:1040B000414B4C53D98AE0B2802906D9E001EEF792
:1040C00039FC7F2800D97F20C0B20122464B400036
:1040D0005242C252FEF7E6FB0020FFF733FEFEF726
:1040E0003DFC70BD394B1B68002BFAD13F4A137061
:1040F0003F4A1370FEF760FD0120FEF77DFBF0E7FD
:10410000324B1B68002BECD1244C03222379002B6B
:1041100001D0013BDAB22271FEF7F2FB40082060C9
:1041200048E70220FEF768FBFFF7FCFDD9E7012313
:10413000304A11784B40137003D10122174B524281
:104140001A81214B51E72C4B1C78002C01D0002206
:104150007DE7FFF7F3FC294B1C70FBF7D5F9284BE3
:104160001968002906D0274B1A68002A02D009696D
:104170001C600A60244B00241868FFF7B9FD234A2D
:104180006300D15A224B185D0134EFF72BFF072C47
:10419000F5D101221F4B1A701F4BD8E79000002069
:1041A0003F0D0300A0860100602E002010270000B4
:1041B0008C0000208C1F0020342E00208300002063
:1041C0006C000020870000208D00002040080020A7
:1041D0004C2E00207FA4BF0740771B00022D00203B
:1041E000042D0020502E0020222D0020DD2B002049
:1041F000DC2B0020632E0020F82B0020C41F0020A1
:104200006C1E0020F42B0020F02B0020DE2B002061
:104210002CE501081F080020EC2B002070B532248B
:10422000FF256320EFF7E8FB2840C72806D9013CAB
:104230000120E4B2F0F708FD002CF2D1F0F7FEF90E
:10424000F0F7FCF9154B0400DD8A1880D888802D22
:1042500006D92900C001EEF76DFB7F2800D97F2029
:104260000F4EC0B20F494300B44203D10122524263
:10427000CA5207E0CA5A802D0AD9B24202D0A242DD
:1042800001D8CC5270BD0320424312199208EFE7C7
:10429000A242F6D912195210EAE7C046342E002085
:1042A000FFFF0000222D002070B5284E8AB030009C
:1042B000EEF710FB8022041E254D264815D1210063
:1042C00006F024FD80222100280006F01FFD0323B4
:1042D000220002212048FBF7DFFA042322000221FA
:1042E0001E48FBF7D9FA0AB070BD002106F00EFD9A
:1042F00080220021280006F009FD112C06D8032396
:10430000002202213000FBF781FBECE705AD112212
:104310003100280006F029FE00220323113C02216F
:1043200028006A74FBF772FB231CA4B2112C00D97D
:1043300011239CB222000A49684606F016FE6B461D
:10434000002202211A5568460423DCE7DA03002024
:10435000E11C0020611C0020B6C50108C3C501088E
:10436000EB030020F7B5484D022816D0032800D1F2
:1043700080E02B78012808D0052B02D801332B7060
:1043800002E00122414B1A70F7BD052BF9D8984085
:104390003F4A117801431170F0E729780029F3D0E2
:1043A0003A4B3B4A00931B780192002B11D14A1ED5
:1043B000052A0ED8019A1478364A100056788E4293
:1043C00010D19678A6420DD103225343C65C002E2D
:1043D0000DD10023019A2B7013702F4A1370009A8D
:1043E0001370D1E7013303322D2BE7D1F1E7392EDA
:1043F00009D8252EEDD93200284B263AD2B2D34027
:10440000DB0709D4E5E733003D3BDBB21D2BE0D8E9
:10441000234ADA40D207DCD51F4B224C1B78002BF5
:1044200012D023780F2B06D90F221F491F4806F000
:1044300075FD0F232370202021781C4B4A1C5854F3
:104440000021D2B2227099542378184F0F2B06D92D
:104450000F223800144906F061FD0F2323702278E3
:10446000531CBE540022DBB2FA542370104B0132AD
:104470001A70AEE700230121054A2B701370064A1B
:104480001170024AACE7C0464D2600204C260020A1
:104490004B26002058E401084A260020E5FF0F00C3
:1044A000F5FFFF3F4926002039260020382600204E
:1044B0006C1F0020044BFF201A784E2A03D8034BB0
:1044C000D2009B18D8797047811F002014D10108B1
:1044D00002000020054BD979914205D00130C0B2CD
:1044E00008334F28F7D100207047C04614D1010887
:1044F00010B5044B1B78FF2B03D0034A9B009B583D
:10450000984710BD431F0020A8E6010870B50400BD
:10451000FF281CD00E4D2B78834214D0F2F770F98F
:1045200000230C4A13700C4A13700C4A13700C4A87
:1045300013700C4A13700C4A13700C4A13700C4A17
:104540001370F0F72DFA01220A4B2C701A7070BD0F
:10455000431F00205F1F0020682300203E1F002013
:10456000241F0020231F0020622300203F1F002063
:10457000211F00206C1F002000200122064B10B5D7
:104580001870064B52421870054B1A80054B0232C8
:104590001A70FFF7BBFF10BDAE070020AD0700206B
:1045A00024000020371F002010B58022054906484E
:1045B000F0F730F9E022054905489200F0F72AF9B2
:1045C00010BDC0465508002008100100E11A002067
:1045D000881001000EB403B5012103AB04CB49429E
:1045E0000193FEF7C5FC02B008BC03B018470000F9
:1045F00070B586B0FBF7E4FA424B434C1B78434856
:10460000022B11D0012B66D1414902A806F0A5FC6E
:10461000404B0D201A88404B684419784B1E994135
:10462000C9B2FBF79BF802A80823002200930221DD
:10463000073BFBF7EDF8394B1B78002B05D12378AE
:104640003748002B13D0032B11D0364B36491E6848
:104650003000EEF7F5F930000D003349EEF76AF956
:104660002B000200314902A8FFF7B4FF02A808237B
:10467000002200930221053BFBF7CAF823782C485F
:10468000012B1DD92B4B2C481B78002B18D02B4B02
:104690002B4A1B7812785B00012A2CD1294A0A2167
:1046A000D55A2800EEF7CCF928008CB20A21EEF793
:1046B00041F9230082B2244902A8FFF78BFF02A828
:1046C0000823002202210093033BFBF7A1F8F0F737
:1046D000C1F906B070BD2378012B08D81B4A1C48CD
:1046E0001278D207A0D41B4A9B0098589CE71A481E
:1046F000022B99D1F7E7194A1949D25A02A8FFF7B4
:1047000069FFDCE7061F0020051F0020CDC501085A
:1047100001C601084C2300204A230020031F00206B
:10472000DFC5010834050020A086010007C6010886
:10473000EEC501082C050020F7C501082E05002054
:104740002D050020DAE0010814C60108041F00202E
:10475000BDC3010868E70108D3C501083EE10108AF
:1047600022C60108F0B589B0FBF72AFA0520FBF74D
:104770000FFA08230093002302211A005F48FBF779
:1047800047F85F4C5F4BA67D0A21B5076D0FE85ACD
:10479000EEF7D0F883B25C4F0393B60700D15B4FBE
:1047A0005B4B0A21585BEEF7C5F85A4E80B23B00CE
:1047B0003100039A009004A8FFF70CFF062304A819
:1047C00000220121FBF768F8534D54482B78002B49
:1047D00012D1534B53481B78002B0DD1524B1B78F1
:1047E000002B33D1E27C002A23D0A27C4F49013236
:1047F00004A8FFF7EFFE04A80A237F2200930021FC
:10480000073BFBF705F82B78002B06D1E37C002B48
:1048100046D0474B1B78002B42D0464B1A78444B6E
:104820001B78002B1BD14449013204A8FFF7D2FEAC
:104830002DE0A38A41495000085A0132834201D138
:104840003F49D5E7302AF6D13E48D5E73E4B3F48B1
:104850001B78002BD0D0374B3D491A78C8E73D4B29
:1048600002AA13812D233C4993720A780A2A01D0A7
:104870003032D3B202AAD3724B782D220A2B01D048
:104880003033DAB202AB1A73002302AA53730A233D
:104890007F2200930021093B04A8FAF7B9FF22E028
:1048A0001F4B1B78002B01D0A27CBCE7204D2B783E
:1048B000002B1CD1A68A0A213000EEF7C1F8300087
:1048C0008CB20A21EEF736F82300244982B204A8FC
:1048D000FFF780FE2B7824215A42534104A801227D
:1048E000DBB2FBF7B3F8F0F7B5F809B0F0BDFBF7B2
:1048F00093F91B490200C31CE9E7C04643C60108FF
:104900008C1F002004D10108BDC3010811C9010892
:104910000CD1010846C601083F1F00202DC6010822
:10492000211F002033C60108231F00204FC60108A5
:104930005F1F0020D61E002071C60108761E0020D1
:104940005AC6010838C60108DA1E00203CC6010814
:1049500066C6010843480000D003002079C601085C
:1049600080C6010870B50D0007490400EEF768F82D
:1049700020000E000449EDF7DDFF3300020003497B
:104980002800FFF727FE70BDA08601000CC60108B5
:10499000F0B587B0002801D1364B1868FDF740FF0D
:1049A000354C05002100FFF7DDFF2B220127110008
:1049B00000232000FAF770FF304E314B327D314931
:1049C0009200D2182000FFF705FE00233A00742160
:1049D00020000097FBF79AF8F27A2B4B9200D258FE
:1049E0002A492000FFF7F6FD002307226C21200052
:1049F0000097FBF78BF82800FDF712FF244B05000A
:104A0000492218000021039306F080F9214B1B78FE
:104A1000002B24D0204B214E1A68954216D000243A
:104A20001D6034700022A7B211003800F7F71AFC9D
:104A3000002818D00822200104A9EFF7EBFE049B00
:104A40009D4210D139003000F9F7E6FC3378002B95
:104A500005D006223000124B0399FAF7B9FEF0F7A1
:104A600007F807B0F0BD80230134DB009C42D9D1A8
:104A7000ECE7C0465C2E00200C2C002090000020AB
:104A800020D401088AC6010834E501088EC6010851
:104A9000800800208C000020082C0020F92B00202A
:104AA000A6D8010800B58022002112488BB006F07C
:104AB0002DF9114B1A78114B022A09D0104B1A7894
:104AC000104B002A04D1104A1278002A00D10F4B53
:104AD0000F48104A007812780F49009002A8FFF79B
:104AE00079FD06230022022102A8FAF7D5FE0BB0B9
:104AF00000BDC046E11D002036060020BDC20108F1
:104B000024060020C1CB01082F06002093C601080F
:104B1000680000200100002097C601080CB407B50A
:104B200004AB04CB0193FEF723FA03B008BC02B038
:104B300018470000002270B5040010000B4E93B21D
:104B4000994200D870BD0825A35C1B02584003B2EF
:104B5000002B07DA5B00734098B2013D002DF6D1BF
:104B60000132ECE7400080B2F7E7C04621100000B8
:104B7000F0B5802704000E00150085B07F04002DDD
:104B800001D105B0F0BD002300930A3320006B442F
:104B900003AA2900FDF782FD6B4603985A89B842A3
:104BA0000BD3FF21300006F0B1F86B465B891C196E
:104BB000ED1AA4B2F618EDB2E1E73100EFF72AFEE4
:104BC000F3E7F0B504000D00082685B009270A2395
:104BD0006F4420006B443100009703AAFDF75EFD8F
:104BE000802303985B04984205D26A4629003B78EB
:104BF0005289F0F7D5FA6B465B89F61A1C19B6B2E2
:104C0000A4B2ED18002EE1D105B0F0BD30B580247E
:104C1000094A4118884208D130BD013B1568254238
:104C200005D1002BF9D10130F4E7044BF6E7002B56
:104C3000F9D003785360F6E70038014010270000F0
:104C4000F0B585B0002815D15E4B5F4D5A688023C2
:104C50005B009B1A5D4A5E4E9BB200925D4A8020CB
:104C60009446FF2440002A889A4200D094E0002015
:104C700005B0F0BD584B594A1B68594D594E9BB26F
:104C80000092EBE7013222402A802A889A4200D122
:104C900094E0B75CAB2F00D181E0013989B2614566
:104CA000F0D1991A9A4202D3591CFF31891A89B25C
:104CB0000729DCD901322240B75CCD2F74D00138EE
:104CC00080B22A806045CED1FF202A88019202322C
:104CD0000240541C0440375DB45C3F023C4327B2A1
:104CE00002978027039408347F00BC425AD8029C64
:104CF00007348C42BBDA029902328C1C0240A418A1
:104D00000440315DDC294DD1611C0140715CBA2940
:104D100048D193B2B118A24249D9FF1ABFB23A00A2
:104D2000009806F022F922003100009BD81906F005
:104D30001CF90234019BE7B2E4B2F018A34239D95E
:104D4000802252000021D21A05F0E0FF3A00002133
:104D5000300005F0DBFF039B2C80991C0F240023FF
:104D600021481A00009D2240ED5C825C6A40009D53
:104D7000EA5401338B42F4D303992800FFF7DAFE9B
:104D8000029A0299AB185A786B5C12021343181AF4
:104D900042425041C0B26BE78021490075E70029CB
:104DA00000D07EE72B8062E700288DD1FAE70098DB
:104DB000A21ABCE7019B0021FA1ACAE70029F1D028
:104DC00055E7C0461C00024000310020002F0020A3
:104DD0006C190020FFFF00007C0200200030002042
:104DE000023100208002002030E6010870B5040086
:104DF0000125F0F78FFA8020F0F708FB60002843C8
:104E0000C0B2F0F703FB2800EFF71EFF0020F0F719
:104E1000B1FA04002800EFF717FF2800F0F7AAFA0C
:104E20000500F0F78FFA2002284380B270BD70B5FC
:104E300005000C00F0F76EFA8020F0F7E7FA680042
:104E4000C0B2F0F7E3FA60BA84B2C0B2F0F7DEFAAB
:104E5000002802DB200AF0F7D9FAF0F773FA70BDE8
:104E600010B502200149FFF7E2FF10BD410200002A
:104E70000F4B4A00D35A70B5C01A84B205200D00FA
:104E8000FFF7B4FFC0239843AD0181B22943052049
:104E9000FFF7CDFF21000320FFF7C9FF0548EFF71B
:104EA000D3FE8021090203202143FFF7C0FF70BD1C
:104EB00004D101081027000010B5044B997D988A91
:104EC0008907890FFFF7D4FF10BDC0468C1F002053
:104ED00010B50C4C238AA382E37C002B0FD0012158
:104EE000A07CFDF731FCFF2804D100230138E374D6
:104EF000FF3810BD044BA0744000C35AA3820020A9
:104F0000F7E7C0468C1F0020761E0020F8B5092365
:104F10000124CB40050023421DD0244B1B78002BDD
:104F200002D103394C424C410127214E3770EFF733
:104F300037FD03221F4B1A700E2D34D82800EDF7D1
:104F4000DBFC080B321932323232272A323232324B
:104F50002D00EFF7E3FBF8BD032017498A7D930787
:104F60009B0F0133034082431A438A750122134B7E
:104F70001A70F0E70124104AD37C6340D374FFF722
:104F8000A7FF00280FD1FFF797FF0C4B1C70E2E73B
:104F9000F0F728FFDFE7EFF739FFDCE720003840C4
:104FA000F1F780FBD7E702233370D4E7D508002060
:104FB0005D1F00205F0000208C1F0020B107002033
:104FC00070B5A0230C008021DB0549009962002107
:104FD0000F4B104D197029780A23002900D16E3328
:104FE0000D490E4E0B8000230D49B0820B700D4908
:104FF0000B700D490B700D490B709A4204D10019CA
:1050000080B2FDF7BBFBB0822C70FFF755FF70BD7F
:10501000741E0020231F0020D81E00208C1F00209B
:10502000E91E0020D71E00203F1F0020211F002066
:105030000022114B10B51A70104B1B78934203D00D
:105040000F4B0132FF325A82FFF742FFFFF734FF66
:10505000F9F7DAFB00230B4A13800B4A13700B4A53
:105060001370EFF783FEA0238022DB0552009A61C4
:10507000074BFF3A1A7010BD231F0020DA1E0020D4
:105080008C1F0020D81E0020E91E00203F1F00209A
:10509000741E00200B0070B554001C191100E4B2FE
:1050A000122823D8EDF73CFC130013001300130063
:1050B0001300130013001300130013009300F500F6
:1050C000F50055019000B001B401B801B801002C01
:1050D00000D075E0B04B1B78002B00D070E0AF4BD8
:1050E0001B78002B03D0AE4B02221A7070BDAD4B63
:1050F0001B78002B1AD1AC4B1B78002BF3D1AB4B98
:10510000DE7CFAF771FD1023A94AAA4D13700D3BFE
:105110002B70A94B1978002E2DD1012908D1A74A4F
:1051200011780129E2D951701670DDE70226E8E70F
:105130000329DBD901241E701470FAF76DFDF6F710
:105140009DFF9A4A9E49937D9B075B0F595A88425F
:1051500003D39C495B5A984205D90222904B1A709E
:1051600003232B70C2E780B210829082FFF7A4FE67
:10517000954B1C70BAE70229B8D1002119700123A0
:1051800013708E4B5C781A780A235343013CE41861
:10519000E4B2012E0FD12000FDF7B8FA0028A2D00A
:1051A000824A8A4B94746400E35A9382FFF784FE28
:1051B000854B1E709AE72F2C00D994E7844BD8E7D3
:1051C0002100FFF7A3FE91E721000E20F9E7032C51
:1051D00005D101220A201100F0F792FD86E7002C8C
:1051E00000D083E70322734B6D4D01341A702C708D
:1051F000EFF7D6FB6C4B1B78002B2CD16E4B1B783A
:10520000002B00D06FE7694AD37C002B0FD1654893
:105210000578002D07D06E496C4B0978928AA14021
:10522000CA52694B1C7001236B4003705EE75B4DF3
:105230002B78002B0BD00121927C644B5200494209
:10524000D152FFF745FEFFF737FE5F4B1C7001237D
:105250002A78534085E75F4B1B78002B03D15E4BC8
:105260001B78002B04D1022300222B70524B3CE709
:105270004C490878002808D0554A4C4D1278534BB9
:10528000AD8A5200D552504B1C70012343400B7025
:105290002CE701250B2820D1EFF782FB464B1B782A
:1052A000012C1CD1002B00D01DE73D4B1C703F4C46
:1052B000E37E002B01D16D426DB23A4B1B78002B7F
:1052C00017D003223B4B1A70414A13785B19591CC3
:1052D0000CD02F2B0BDD002309E06D42DCE7002B07
:1052E00000D003E7032C00D000E7E0E72F23137082
:1052F000FCE62D4B1B78002B0BD0364B1A78002A7E
:1053000000D0F0E62900A08AFFF75AFE0322294BBD
:10531000EBE6E37C002B14D0A67CE9B27018C0B297
:10532000FDF712FAFF2809D0864207D0274BA07458
:105330004000C35AA3820122234B1A70FFF7BCFD21
:10534000E4E7208A401980B2FDF718FAA082208293
:10535000F1E7194A1378002B16D0002C00D0C5E6CF
:1053600001200F49087010490978002949D1002B04
:1053700034D10C49094B0A78002A09D11A78002A3D
:1053800006D1EFF7CBF9B1E6012C00D0AEE6E7E7A6
:1053900000220A701A70B9E7D5080020211F0020EA
:1053A0005D1F00203F1F0020231F00208C1F0020B6
:1053B000641F00205F0000205F1F0020D00300203A
:1053C00004D101080CD10108B1070020761E00208D
:1053D000D61E0020DA1E0020D71E00200A2110242D
:1053E0001248013BDBB2C154114913700C70002B01
:1053F00004D0012B8AD10378002B87D100231370AE
:1054000084E7FFF715FE81E71800F1F73DFA6DE636
:105410001800F1F787FA69E6012C00D166E602224E
:10542000044B1A70EFF7BCFA60E6C046D0030020C8
:10543000641F00205D1F00200023F7B501212D4AC5
:105440002D4D13702D4A11702D4A13702D4A138063
:10545000AB7DAE8A9B079B0F0193002E45D02A4F50
:105460003C78002C3CD1294A6300E0B2D15A013487
:10547000FFF7DDFC222CF6D12548EFF7E5FB1920DC
:105480002449FFF7D4FC19202349FFF7D0FC234817
:10549000EFF7DAFB01233B70214B052019784B42D3
:1054A00059410F2349421940A1231B01C918FFF795
:1054B000BEFC30000199FFF7DBFC1A48EFF714F946
:1054C000A0238022DB0552009A61174BFF3A1A7025
:1054D000164B38351A7003232B70FAF715F8F7BD01
:1054E00002201349FFF7A3FCD6E702201149FFF77A
:1054F0009EFCE2E73F0800208C1F00205E1F00207A
:10550000231F00202C080020762E0020ECE5010847
:1055100090D003003CA80000BCA8000060EA000096
:105520002108002080789D00741E0020711F00203B
:105530000102000041020000054A1378082B01D93E
:10554000002313701278034B9200D0587047C04666
:10555000752E0020C8E50108F0B589B0FAF730FBD8
:10556000704D71482B78002B05D07048012B02D06C
:1055700000236F482B7008237F2200930221002311
:10558000FAF746F96B4B04AC1E78002E43D16A4BF8
:105590006A491B681F683800EDF752FA380002911B
:1055A0006649EDF7C7F966490200029B2000FFF744
:1055B00011F80F2002AF032332006121C019FAF75E
:1055C0006BF9E6710023022210212000FAF73EFA5F
:1055D000FFF7B2FF5B4A5C4B16882A7802901B8863
:1055E000C188002A25D1594B1A78072A1CD8D20124
:1055F00013002000564980330132FEF7EBFF0823E9
:105600007F22009302212000033BFAF701F9EFF714
:1056100021FA09B0F0BDFAF7FFFA4E490200C31CA7
:105620002000FEF7D7FFCDE720004B4905F095FCA1
:10563000E5E79B191F1C9BB28B4200D90F1C474802
:10564000BFB27843EDF700FA83B2180064210393E8
:10565000EDF770F9642185B20398EDF7F1F9404A4E
:105660008BB21278002A52D12A0020003D490096C0
:10567000FEF7B0FF3C4B1B78002B17D008233C25CE
:10568000422620007F2202210093033BFAF7C0F854
:10569000364C374B7A22E554364B81213648E65456
:1056A00005F034FB354BE654354BE554002FAED0B6
:1056B000244B344918880B7883420AD007257B1E77
:1056C000DC101D400123AB402F4A0870155D2B43B1
:1056D0001355002307201A0084462C492C4D8124A1
:1056E000974209D9284ED010305C664616403041AA
:1056F0000126304200D13C3402980C70C0881B183F
:105700009BB2772B09D80131A942E8D17FE72A0063
:1057100020002049FEF75EFFACE7783B01329BB2E8
:1057200092B2EEE7641E0020A4C60108B2C60108CA
:10573000BBC601085F1F00206C1E0020A086010070
:105740003BC201080E0700200C070020752E002028
:10575000D3C60108C9C60108E3C601081027000026
:1057600011070020ECC60108742E0020E11A002069
:105770000102000002020000E41C00207D02000083
:105780007E020000642E0020652E0020E51C002013
:105790005D1D002001C7010870B5002207250749DB
:1057A000074C13002B405B004E881B5B013273409B
:1057B0004B8002318242F4D170BDC04664070020A4
:1057C000B8E50108F0B5804B8DB01B78002B19D0DF
:1057D0007E4B1C78002C15D17D4B1B78012B13D0F0
:1057E000022B00D1E7E001227A4B03201A70EFF779
:1057F00036F90420EFF733F90520EFF730F90620EA
:10580000EFF72DF90DB0F0BD734A744C1278237880
:10581000002A75D0FEF748FD714D80220021280036
:1058200005F074FA6F4B1E7833007F33DBB20193BF
:105830007F236D4A3340009200996C4AC95CD25C68
:105840000136F6B20B1C914200D2131C7F21674A2D
:1058500000983140525C415CDBB20F1C914200D297
:10586000171C0024FFB23F2B07D8072041215843C3
:10587000EDF760F806231C1AE4B200203F2F07D88A
:10588000073041217843EDF755F80623181AC0B2C6
:10589000012106230F001B1B9F402A783A432A70E0
:1058A000844279D20F009F402A7801343A43E4B20F
:1058B0002A70013BA042F5D2019B01359E42B7D12F
:1058C0007F23009A1E40494B915D9B5D0A1C9942C3
:1058D00000D21A1CD2B240233F2A0BD80720412104
:1058E0005043EDF727F80623181AC0B2181A053BE3
:1058F0008340DBB23E4A3F495354FFF7D3F872E787
:10590000002B03D13C4C2378002B83D02000ECF7F4
:10591000E1FF802207000021384805F0F7F98022D6
:105920000021374805F0F2F903230022022135480F
:10593000F9F7B2FF112F06D8032300221C21200003
:10594000F9F7AAFF68E70026BDB2222F02D92E0080
:10595000223EB6B21122A11902A805F006FB0022D0
:1059600002AB113D5A74AD1B03231C2102A8F9F7A9
:1059700093FF2B1CADB2112D00D911239DB207AF9F
:1059800011362A00A119380005F0EFFA002204238D
:10599000022138007A55D3E784428DD906231B1A99
:1059A0000F009F402A7801303A43C0B22A70013B71
:1059B0008442F5D280E7FEF777FC80222100084878
:1059C00005F0A4F999E7C046071F0020431F0020F7
:1059D000360600206C1F0020DA0300207627002006
:1059E000611D002075270020F52600207526002067
:1059F000E11A0020FF02000014060020611C0020B4
:105A0000E11C002011C70108F0B589B00522002172
:105A100004A805F07BF9BC4EBC4C33782078002BF1
:105A200054D0BB4F3B78034350D12A22B94BFF32AD
:105A30009D5C2C22FF329B5C5A1F5F2A00D91423E5
:105A40003221B5485943ECF775FFB44B80B218804A
:105A500003234343B24A9BB21380B24A1080B24A36
:105A6000138007224243B14B1A8005232370B04BA9
:105A70001A68B04B1A800023AF4A3B701370AF4ACC
:105A80001370AF4A1370AF4A1380AF4A1370AF4A16
:105A90001370AF4A1360AF4A1360AF4A337013708C
:105AA000AE4BAF4A1978002902D01178A94202D032
:105AB000157001221A70AB4C2378012B45D1EEF7FB
:105AC0001FFD022323709A4B1A6854E0052803D067
:105AD000A24B1B78002B02D100232370EBE72A2373
:105AE0008C4FFF33FB5C01251A00914E2A40316830
:105AF0002B4200D170E0924C1B072CD4EEF706FF2E
:105B0000002828D02378002B00D0A9E2257000229D
:105B10000124954B934D1A80944B1C702B78934223
:105B200000D096E2A0230132DB05FF329A61904853
:105B3000EFF78AF8F7F756FC02228E4B2C701A709A
:105B40008D4B01201988EFF7FBF9864B1B78022B50
:105B500013D009B0F0BD0022237822705B00DBB2C5
:105B6000022BA8D17F4C2378012BEED1EEF7C8FC95
:105B7000022332682370814B1A806D4B7F4A1B6869
:105B800011885B1A9BB2132BE3D90025754B774C18
:105B900015801D702570EEF7B3FC29005120EEF73B
:105BA00021FA2800F7F77AFA2800F7F725F8744B5E
:105BB00028001D702570F7F7EFFBF6F729FF714BF2
:105BC0001B78AB4202D00220F0F740F90122694B6A
:105BD0001A70FFF7F7FDBCE795235B00FB5C032B16
:105BE00000D0D5E006AF3800FEF706F8484D34681F
:105BF0002878A4B2052800D95DE7ECF77DFE0318EC
:105C0000304859717B78002B02D003232B707EE73C
:105C10003B78002B00D14EE701214A4B5A4A1C80A9
:105C20005A4B29701B784B408B4013806FE7454BD4
:105C3000554F1A880093394B39881B88A21A5B1874
:105C400092B29BB29A4200D20AE20020FEF78AFB8F
:105C500000233B80009B1C8002232B7082E77B7813
:105C6000384A002B01D01480CFE73B78002B03D1BA
:105C7000148004332B701EE713882A49E31A09881D
:105C80009BB2994200D916E714800123BEE77B78C6
:105C9000002B00D0E4E12B4F224A3B881288E31A04
:105CA0009BB29A4202D80120FEF75CFB3C80D3E70E
:105CB0007A78244B002A01D01C80A6E73A78002A83
:105CC00001D01C80E1E71B88174AE31A12889BB2B7
:105CD0009A4200D9EFE60220FEF744FB0523C9E70C
:105CE0007A78184B002AE7D13E78002EE9D11B883C
:105CF000E41A0E4BA4B21B88A34200D9DBE60320B2
:105D0000FEF730FB2E70D6E66700002070260020DC
:105D10006F2600208C1F00207017000066260020D0
:105D20006426002062260020602600205E260020D7
:105D3000081F00206A2600206D2600206C26002007
:105D40005A2600205C2600205926002058260020D4
:105D500054260020502600204E2600206E260020CB
:105D60006600002074260020681F0020201F0020ED
:105D7000204E0000360600200C0000207226002075
:105D8000BE0700204808002068260020741E00205E
:105D90008DB2042800D95AE1ECF7C2FD05003100AC
:105DA0007E00CB002B0104A8FDF726FF04AB1B7877
:105DB00004AA5278002B12D1002A00D17BE6B44A03
:105DC000012113700022B34B21701A70B24BB34AF9
:105DD0001D80B34B1B784B408B40138097E6002A05
:105DE000EDD095235B00FA5C2A3BFF3B022A03D1EE
:105DF00004AA12795340E2E7A54A1278FAE7A44BC5
:105E00001B780093002B32D0A64B1B880293A24B29
:105E100003931B88EB1A9BB201939E4B1B78002BBC
:105E200011D104A8FDF7E8FE95235B00FB5C002B75
:105E300022D1009B002B1CD004ABDB78002B02D0BE
:105E40000122944B1A70954A029913885B180199A4
:105E5000994200DA04E1002301201380039B1D8096
:105E6000009B5840FEF77EFA022323707AE68E4BA1
:105E7000CBE704AB9B78E1E7012BE4D1009B002B3F
:105E800007D1884B019A1B889342F2D804AB1B7848
:105E9000D4E704AB5B78D1E77F4B00931B88EB1A08
:105EA0009EB27C4B1B78002B12D104A8FDF7A4FEF8
:105EB00095235B00FB5C022B0AD0754B1B78002BF3
:105EC00014D004ABDB78002B02D00122714B1A7086
:105ED000764B1B88B34200D9EDE56E4E3278002A2E
:105EE00007D06B4B197801234B400FE004AB9B7834
:105EF000E9E704A8FDF780FE04AB1B7804AA5278FA
:105F0000002B03D0002A00D0B7E01A000021317026
:105F10008A420CD0009A04A81580012222705C4AA3
:105F20001370FDF769FEF2E559490978DCE70323B0
:105F3000D3E5594E3388EB1A9BB200935C4B009A21
:105F40001B88934249D904A8FDF756FE04AB1A7882
:105F50000120002A00D15878544B19884B085B184F
:105F6000009999421CDA002800D1A4E504AB5B78C3
:105F70004749002A06D0002B06D10A70012335803C
:105F80002370C4E5002BF8D195235B00FB5C012254
:105F9000022B03D104AB1B795A40EEE70B78FBE7E9
:105FA000002800D187E53B490B78002B00D082E523
:105FB00001330B7095214900785C354902280AD1DC
:105FC000002A08D004A84078002804D004AA127936
:105FD00053400B706FE50A706DE50220FEF7C2F9C1
:105FE0002C4B1A78002A02D000221A70C6E704232C
:105FF00073E5294E04A833880193FDF7FDFD04AB3A
:106000001B78002B04D104AA52780092002A11D0E8
:1060100095225200BA5C022A09D1002B07D004AAAB
:106020005278002A03D004AB1A7901235340184A4E
:106030001370A3E7019BEE1A1E4BB6B21B88B34246
:1060400000D938E50320FEF78DF9009B45E5227065
:1060500031E5022B00D073E52C70174B1A806FE5E9
:1060600001220021154B1A70154B1980154B197818
:10607000022900D11A703268EFE795235B00F95CC2
:106080002A3BFF3B022900D04EE704A909792BE700
:106090006D2600206C2600206A260020682600203D
:1060A000741E002066260020642600206226002040
:1060B000602600205E26002072260020201F00207F
:1060C000681F002074260020F7B5051E03D0037852
:1060D0000024002B17D1F7BD0E4E0F4F33784F2BF6
:1060E00006D94F2238000D4904F018FF4F233370B2
:1060F000019932780978531CB9540022DBB201347B
:106100003370FA54E4B22B1901932B5D002BE3D1C9
:10611000E1E7C046372600207627002077270020B9
:1061200010B5094C094A23780949D054CA5C824207
:1061300005D2C8547F2201331340237010BD002ABA
:10614000F8D0013ACA54F5E77527002075260020DB
:10615000F5260020F0B53D4B87B003931B780590E2
:106160000293002B70D03A4B3A4D1C780493002CCC
:1061700043D021002888ECF767FC0026022C00D8C9
:106180001436642714217843ECF7D4FB031CC0B207
:10619000B84200D93B1CDAB2B24200D2331CDBB2A7
:1061A00019270193022C00D814272B4B019A2B4856
:1061B0001A700023049A2B801370294D029AAB5455
:1061C0002A789A422ED00122E95C002918D1254B69
:1061D0009B5C2A2B01D03F2B0AD10024224E2800A1
:1061E0007168ECF76DFB002817D11F4BE4001B5DB5
:1061F0001E4803700023437014E064230193D3E727
:106200002E2905D152003F2AE7DC0133DBB2DBE760
:106210002D29E2D152000132F5E701340836362C3F
:10622000DDD113480378002B04D0019B9F4201D895
:10623000FFF74AFF0023039A2B701370059B002B76
:1062400002D00648FFF740FF07B0F0BD2706002048
:10625000100600201206002068000020B5C70108C3
:106260001406002018E40108ECCC010835260020B3
:1062700023C7010810B5002804D000221B4B1A7058
:106280001B4B1A70002401221A4B21001C701A4B60
:106290001A481C701A4B1C801A4B1C801A4B1C701D
:1062A0001A4B1C701A4B1C701A4B1A707F3204F078
:1062B0002DFD80222100184804F028FD7822174B7C
:1062C00052421C70164B1C70164B1C70164B1C80D7
:1062D000164B1C70164B1C70164B1A80164BDC327A
:1062E0001C80164B1C70164B1A7010BD37260020F0
:1062F000762700202706002014060020752600209F
:106300002C060020280600202E060020240600204F
:106310002306002031060020F52600202F0600204D
:1063200026060020250600202006002075270020D4
:106330002A06002016000020120600201006002069
:1063400068000020962010B50F4BC0001978ECF7BC
:106350007BFB1423132803DDDC33984200DC83B27B
:106360000A4A0B49138003225A4392B20A80094910
:1063700000200B8008490A8007214B43074A1380FD
:10638000FFF778FF10BDC046010000201A00002072
:10639000100000200E000020120000201400002039
:1063A0002A4B10B51A78002A4ED000241C70284BB6
:1063B0008022210027481C7004F0A8FC80222100C4
:1063C000254804F0A3FC80222100244804F09EFC10
:1063D00021008022224804F099FC0120FFF74AFFA7
:1063E00020490B78A3420DD01F4A204B12780C7025
:1063F000DA771F4A1F4B1278DA7701221E4B1A7088
:10640000F6F706FB1D4A1378002B0BD01C4B1D49D9
:106410001B7804200B70002111708B4200D00238D1
:10642000EFF714FD18490B78002B05D0174A184BCD
:1064300012781A7000230B70EEF74DF80022154BFE
:106440001A70154B01321A7010BDC046071F00208C
:1064500036060020611C0020E11C0020611D002088
:10646000E11D00203004002032040020911F002094
:1064700031040020921F00205A0000202F04002029
:106480002E040020480800202D0400202C040020A9
:10649000CD1F0020D50800206C1F002070B5234AB6
:1064A0001378DCB2002B10D1214B5D686D42EDB248
:1064B000204A13789D420DD1002C17D00F221E4B7D
:1064C0001A7000221D4B1A7003E01378013BDBB2F7
:1064D000137070BD591C1170194A1A48D15CEEF73F
:1064E0001DFA002800D120000400E1E70225164B28
:1064F000FF351E68F6B2154A13789E4207D1002C6C
:10650000E7D00F220C4B1A700C4B0E3ADBE7013D23
:10651000002DF4D00E490F48C95C01331370EEF71B
:10652000FDF9002800D120000400E4E73026002017
:106530001C0002403226002065000020BC0700201D
:106540006C190020312600207C0200203426002017
:106550008002002033260020F0B5664A8FB0137801
:106560000290DDB2002B05D1634C2378002B06D1BD
:106570000FB0F0BD1378013BDBB21370F8E75F4A50
:106580005F4E10683168401A5E49632808D9106868
:10659000013BDBB230602370002B01D10B70E7E7C9
:1065A0000B785948002B00D092E001330B70012387
:1065B00002930024260013680021036010220AA819
:1065C00004F0A4FB514F01970D2104ABC918200022
:1065D000FCF7BEFB01234E4907A81A5C013351406A
:1065E0004C4A5143092BF8D14B4B0A0C1B784A40BB
:1065F0000393019B92B21988914206D1039B1A1B07
:1066000051424A41029B1A430BD0072101232140EA
:106610008B401900E2080AA8835C093619438154AB
:10662000B6B2019B01340233E4B20193802CCBD18A
:106630007F21039B384A01330B401370002E97D003
:10664000364B1B78132B00D092E704ABD81CFF23EA
:106650007E390370EDF75CF8314B05A80380022307
:1066600005218370330A0671C3700126EDF750F8D7
:10667000793C0AAAEB08D35C2A002240134133423A
:1066800019D00D2104ABC91828001D73FCF760FB5D
:10669000092107A8EDF73CF801221D4B0C2004A9A5
:1066A0000918895C01324B401A494B43092AF5D13C
:1066B0001A0C53403B800135EDB20237802DD8D102
:1066C00004AB981C0A2301210370EDF721F84FE772
:1066D000029B002B00D06AE7124BC8211B78002BCD
:1066E00000D16439136804681B1B8B4200D360E738
:1066F0003EE7C0463026002065000020081F00202D
:106700002C260020282600202426002024250020D6
:10671000C59D1C81930100012225002061000020FD
:10672000AA550000071F0020038810B5013303801D
:10673000FEF702FF074B084A1B8812889B18C28885
:106740009BB29A4205D80222044B00201A70FFF730
:1067500003FF10BD0C0700200E070020641E002060
:1067600010B5012400210A4B0F221C70094B19702F
:10677000094B1980094B1970094B1870094804F02E
:10678000C5FA2000FFF7E8FE074B1C7010BDC0469D
:10679000742E0020AC0700200C0700205F1F002093
:1067A00011070020652E0020641E0020F8B5002A85
:1067B00045D1002943D010283ED0414B01321A70F8
:1067C0000D2800D979E0ECF797F8070707070707C6
:1067D000070707074061614CF9F706FA394B1A7849
:1067E000052A29D900241C70F9F716FAF5F746FC9A
:1067F00064254543344E33689D4221D373689D42DE
:106800001ED22800F5F784FA002819D12F4F28004E
:106810003E68B18BF5F74AFA34863060B0603000DC
:10682000F5F7D4FF2A4B3A6801201A60F6F736FCD8
:10683000EDF798FEEEF752FB0422264B1A70F8BDD6
:1068400001340836072CD6D1F6E70120FFF788FF80
:10685000214B224A1A8000225A80214A0833DA87C3
:10686000EAE7184B1C78002C09D12000FFF778FFCD
:106870001C4B1C701C4B1C80EEF742FBDCE70A2211
:10688000013CE4B21C70194B1A55D5E701230B28C3
:106890000FD1174AD27E002A01D15B425BB2154C60
:1068A0002078013307D001300921ECF7C9F82170B5
:1068B000C2E75B42EDE70830F6E702221A70BBE759
:1068C0005D1F00205F1F0020B4CC01086C1E00205B
:1068D000681E00205F00002064070020CDABFFFF92
:1068E000BADCFFFF642E00200E070020D00300203A
:1068F0008C1F0020752E002010B5C27F0024A52A11
:106900001ED1427C017C12020A43817C090411439E
:10691000C27C12060A43013212D042780178120278
:106920000A43817809041143C27812060A430132EE
:1069300006D0847FFCF704FB241A63425C41E4B276
:10694000200010BD030020330278FF2A04D101305B
:106950009842F9D1012070470020FCE7224B10B586
:106960001B78002B36D09621204B89001A880023F3
:106970008A4205D91E4BD318FE2B00D9FE23DBB269
:106980001C4A1178994200D913701B4B1A780123C5
:1069900014001C401A421DD1EDF750FE174A184B47
:1069A00012684008128E9B56A03B181883B200B2A2
:1069B00002005D320FDB5D331C1CDBB2282B00D9DB
:1069C00028240934E4B20F4B1A78FF2A01D0A242DE
:1069D00000D21C7010BD03008D33F4DB0621933010
:1069E000ECF732F8C4B2EEE71E1F0020621E002052
:1069F000A8FDFFFFDA1A0020400600206C1E0020D0
:106A00001C000020DB1A002001210A4B494219809A
:106A10000023094A1370094A1170094A1370094A80
:106A20001370094A1370094A1360FF22084B1A7049
:106A30007047C0468A06002000070020212500205C
:106A40008C060020880600200A070020440600204B
:106A5000202500200023094A10B51380084A13702E
:106A6000084A1370084A1370FFF7CEFF0122074B44
:106A700005201A70FDF74AFD10BDC046DE1A002041
:106A8000D51A0020D81A0020D61A0020711F002025
:106A90000023084A10B51370074A1370074A1360A1
:106AA000074A1360F022074B52031A60FFF7ACFF4E
:106AB00010BDC046D71A0020D41A0020CC1A0020DE
:106AC000C81A0020D01A002070B592B06B4604009E
:106AD0001720DE1DA52302AD1122FF21684433706B
:106AE00004F014F92B0007CC07C3228828001A8071
:106AF000A2789A70284A1368591C11602B61FCF720
:106B00001FFAF423254CA87722685B039A4202D32C
:106B1000F0235B032360206820220AA9EDF77AFEA8
:106B20000AA8FFF70FFF00281BD123681A0509D018
:106B300080221B0B52011B039B18F4225203934229
:106B400027D22360206820220AA9EDF763FE0AA855
:106B5000FFF7F8FE002804D12068000B0003EEF7D1
:106B600075FA0023202229002068EEF719FB20681F
:106B70000023012231001F30EEF712FBF4222368BC
:106B800052032033934201D3F0235B03236012B0FE
:106B900070BDF0235B03D4E7CC1A0020D01A00208C
:106BA00010B50B00FF242340434007480A0A434323
:106BB00022405A4042430B0C234053404343090EAA
:106BC0005940484310BDC04693010001F0B5284D1F
:106BD00087B02B78002B0AD0264B274C1B78002B34
:106BE00007D00023254A2B70FF332370137007B0A2
:106BF000F0BDFFF7B3FE224B1E68721C1A60214BDA
:106C00001F68214B1B880293204B1B78039323782A
:106C100004931A4B1B7805931D4B1B8801335B08AB
:106C200000D101339BB201931A4B1B4C1B78002BF4
:106C300002D02000FFF748FF012266600026019B7A
:106C400027602381029BE6736381039B2373049B6C
:106C50006373059BA3730F4B1A70104B1A70FFF7E9
:106C6000D3FEFF22044B2E701A70044B1A70BEE73D
:106C70001E1F0020D91A0020DB1A0020DA1A00207B
:106C8000C81A00203C0600203806002040060020DC
:106C90001C1F00205005002040050020D41A0020B1
:106CA00001230200F0B51A4085B005000C000392E4
:106CB000184236D04B691F688023E68BDB009E426A
:106CC00000D3194E194B1A4A01931B780292002BDC
:106CD0000AD01378AB4207D1164B1B68BB4203D1D5
:106CE000154B1B88B3421AD0FFF770FF0123019A9E
:106CF00013700022029B1D700E4B1F600E4B1E80F6
:106D00000E4B1A80039AFF23002A01D029342378DE
:106D10000B4A1370FF220B4B1A70FFF71FFE05B0D2
:106D2000F0BD0B69C7E7C046FFFF00001E1F002033
:106D3000400600203C060020380600201C1F0020D2
:106D4000DB1A0020DA1A002003784268007808492C
:106D500040B2002806DA7F20034046339B00CB1860
:106D60005A6070474E339B00C9184A60F9E7C04625
:106D7000F8000020064A11784F2907D820204B1C24
:106D8000DBB21370034A50540021D1547047C046FF
:106D90002B040020DA0300200121054B82B09A6BFE
:106DA0000A439A639B6B0B400193019B02B07047AF
:106DB00000100240F0B585B00C00150069461022A5
:106DC000EDF728FD6B461B78013BDBB2FD2B20D88D
:106DD0006A4600210126114813785F1EFFB2FD2F7D
:106DE00008D90023137010226946200004F0BDF872
:106DF00005B0F0BD232B07D02A3BDBB21A2B08D8F5
:106E00000700DF40374204D0013101321029E3D1BD
:106E1000E9E72900200004F0A0F8E9E7C1FF8007B6
:106E200070B51C48EDF710FF80213F200902EDF7F7
:106E3000D9F859201849EDF7D5F868215920EDF710
:106E4000D1F80024154A63005F20D15A0134EDF7D0
:106E5000C9F8242CF6D11248EDF7F6FE5920114955
:106E6000EDF7C0F80125A4340C20ECF7C5FD28424D
:106E700006D1013C0C48E4B2EDF7E6FE002CF3D15C
:106E800000210220EDF7AEF80248EDF7DDFEEEF747
:106E900025F870BD30750000688000006407002090
:106EA000204E000068280000881300000422022100
:106EB000F0B55D4C5D4BA54404935D4B5D4D1B7877
:106EC00005AC5B4213402A78200052420A4013432B
:106ED000594A1D261278134304AA5370049B149335
:106EE000564B1B680593564B1B680693554B1B88E6
:106EF00001335B082381544B1988544B61811B7803
:106F00002373534B1B786373524B1B78A373FCF7AB
:106F1000F9FD15AB07CC07C307CC07C322781A705D
:106F20002B78002B5BD04C4B80271D684B4BFF0010
:106F3000ED1800236D09ADB20193002D54D0013D31
:106F4000ADB2F0231B020CACE81840012022210056
:106F5000EDF760FC2000FFF7F5FC00283FD1200092
:106F6000FFF7CAFC002833D00823227B1A4208D13D
:106F70003B4B61681B68013B5B1A802189008B4297
:106F80002DD214AB98192378193603706378B6B2F2
:106F90004370A3788370E378C370237C0371637CB0
:106FA0004371A37C8371E37CC371237A0372637A98
:106FB0004372618902730B0A8172C372637B4373EC
:106FC000A37B8373FCF79EFD019B0133DBB201932E
:106FD000013FBFB2002F02D0019B402BADD114ABBB
:106FE0000021204A9B1905E01F4DAAE701361970C0
:106FF000B6B201339642F9D902ABDC1D0A232370E5
:107000001A4B0CA80C935D2305210371ECF780FB50
:1070100014A81749ECF77CFB01212000ECF778FB62
:10702000144B9D44F0BDC0464CF9FFFF02004000E8
:10703000D91A0020D41A00201E1F00203C06002070
:10704000CC1A00201C1F002038060020400600201B
:10705000DB1A0020DA1A0020D01A00200000E2FF1C
:10706000C81A00205C060000FF030000AA550506B0
:107070005D060000B4060000802370B5021CDB0032
:10708000984201D3264B1A88264B27481978037853
:1070900092B28B4203D00024244B01701C60244B1D
:1070A00024481A8000230370234801702349244890
:1070B0000B70244903700B70234B1B68002B02D10B
:1070C0000133037070BD0126184B1C68530935004D
:1070D00020009D4028402C4219D01C4C58015B00D8
:1070E0001B5B802401339BB2E400A342A44180B225
:1070F000121A234092B2164C2380164B1A8000229B
:10710000154B1880154B1A8001230B70DAE7013BF1
:10711000DDD2134B134C1B681B195B099BB2EAE7CA
:107120005CC10108DC1A0020202500204406002054
:107130008A06002000070020212500208C06002060
:10714000880600200A070020CC1A002048060020EC
:10715000080700200207002004070020060700207F
:10716000D01A00200000E2FF10B5024B1880FFF794
:1071700083FF10BDDE1A002010B5124B124A1C8886
:10718000124B12781B789A4218D18021104A231C86
:10719000C9008C4201D30F4B1B8812889BB29A42C4
:1071A0000CD10D4B1B78002B0BD10C4B1B78002BFB
:1071B00007D12000FBF70EFE002802D12000FFF7C8
:1071C000D3FF10BDDE1A002021250020DC1A00208C
:1071D0008A0600205CC101080A07002088060020FA
:1071E00070B50D001400102805D1FBF7E5FD28004F
:1071F000EFF798FB70BD002903D1002A01D10A28BE
:10720000F8D169490B78002B09D00A2803D1002D49
:1072100001D1664B1D70664B01221A70EAE70A38ED
:10722000052800D9BAE0EBF767FB5E1D30AC9C0384
:10723000002DDFD05F4D002C08D0FBF7BDFDEDF732
:10724000AFFBECF76DF801232B70D3E7FBF7B4FD30
:107250000123594A11784B401370F4D01022574B38
:107260001A70F0E7FBF7A8FD534B1B78002B05D0F5
:10727000EDF796FB0020FFF777FFCCE7504B18881F
:107280000028C8D0013880B2F5E7FBF795FD4A4BDE
:107290001B78002B03D0EDF783FB4A48EBE7FFF7A1
:1072A0006BFF494B18780028B5D0484B1B78002B52
:1072B000A0D1474B1B78002B03D0464B1B78002BEB
:1072C00098D03F4A444913880988013340189BB23B
:1072D00080B2984201D913809DE73E4B1B78002B6A
:1072E00099D01080C7E7002D1BD1304D002C16D14E
:1072F0002B78002B13D1FBF75FFD384A137801334D
:10730000DBB2022B00D92300137000222C4B1A8011
:10731000FFF77AFB0122274B1A70254B1A700023C6
:1073200092E7002C00D165E7204A1378002B00D0AB
:1073300060E7012010702A4A1478002C0FD01370D7
:10734000284A087013701E4A1380FFF7A1FB01231F
:10735000254A1370174A1370154A13704AE71070C4
:10736000F5E7002D00D145E7002C00D042E7FBF700
:1073700023FD1E4A1378012B01D80133DCB21470AF
:1073800049E7174B1C78002C02D0FBF715FD31E7BD
:10739000FBF712FD164B1C70064B3DE7002C00D08E
:1073A00028E70222104B38E7D91A0020D61A00200D
:1073B0006C1F0020711F0020D5080020641F0020D2
:1073C000DE1A0020FF030000000700200A0700204B
:1073D000880600208C0600208A060020DC1A002087
:1073E000D81A00201E1F00205D1F0020D51A002083
:1073F0005F000020F7B5031D0193802300220127C1
:107400009C4608213B00002564460678344200D0A3
:107410001D435B0001399BB264080029F6D10823A3
:1074200080245600B6B22C421ED1D10BC9033200C3
:10743000002901D00E494A40013B6410002BF0D1D5
:10744000019901308842DCD18024102001212402DE
:10745000144200D00B434900013889B26408002867
:10746000F6D1DB4398B2FEBD802109029143DEE7ED
:1074700021100000F0B5294C0727A5440193802373
:10748000DB010400C01800920D00022203AE400090
:1074900002A93780EDF7BEF9009B002B14D02B001A
:1074A00035331A781823D2001A402B8E2E353B40E4
:1074B000134333702B787370019B002B04D002AB05
:1074C0001A8833889A4225D0338802AA13808020F4
:1074D000832204AD290012010002EDF79BF902AAF4
:1074E00012886300EA5280208322002329001201BF
:1074F0000002EDF755FE31002000F4F71FFE802357
:10750000DB009C4206D2009B002B03D120000449E3
:10751000F7F7CCFB034B9D44F0BDC046BCF7FFFF23
:10752000BDC3010844080000A022094BD20399689A
:107530000A439A60022219681142FCD00522524285
:107540001A6000221B6D0380024B1A807047C046F0
:1075500000240140CC200020F7B51F0008AB1D78A7
:1075600001230C001600D2000132D2B200933B007E
:10757000F8F7CCFAA21E0D4BD2B2002F02D10C4B61
:10758000F601F3183E21985C013C41407F2099545C
:10759000E4B2E2B2954204D83E22595D4A405A55BF
:1075A000F7BD1A5D42401A550134F2E75508002034
:1075B000E11A0020F0B58FB0F8F702FB804B1C7881
:1075C000002C03D00120FCF7ABF914E07D4B1B78B5
:1075D000002B12D0082501237F2221007A48009534
:1075E000F8F716F903237F22210078480095F8F771
:1075F0000FF9EDF72FFA0FB0F0BDFFF7BDFD744B9B
:107600001B78002B03D1734B1B78002BDAD0724B05
:107610001B78002B34D0714B00241D888023DB00A5
:107620009D42E6D22800E7B2FBF7D4FB0028E0D069
:107630006B4B08201B88ED1A6A4B2D01EA585B1929
:1076400004921A895D6859895E7B03921A7B9B7B41
:10765000059308231340024217D0E100033109B219
:107660000B007B220438FBF7F5FB062CC1D05B4BEB
:1076700001341D888023A4B26519ADB2DB00CFE7C9
:107680000120594B1B7858409DE70120104004AA67
:107690001376564B0290994250D104980AA9FDF7EF
:1076A00061F9534B53491A6807A8013A521B92B229
:1076B0000132FCF78FFF0E233A00009302210023D2
:1076C00007A8FFF749FF029B002B3FD00AA83B0009
:1076D00000221121F8F79AF947480123FD000135EE
:1076E000EDB200932A0000235F21F8F70FFA434B15
:1076F0001B78012B3ED1029B002B2FD0404B072E35
:1077000000D90726B600F15808A803F026FC7F230D
:107710003A006B2100933B480023FFF71DFF08A8A8
:10772000EBF7D8F805210023091A49006B312A002C
:10773000C9B2009308A8F8F7E9F996E70AA8F6F79E
:107740006BFE04AB1B7E002BABD1A6E70AA83B0067
:107750001121029AF8F7A0F82B48BEE7092E06D9A6
:1077600032002A49093A08A8FCF734FFCFE7320073
:107770002749F8E7022B15D196239B009C46059ECE
:10778000642166443000EBF75BF930008BB2642172
:107790000293EBF7CFF81F49029B82B208A8FCF7CF
:1077A00019FFB4E73C210398EBF74AF903988EB22E
:1077B0003C21EBF7BFF83300174982B2EEE7C04631
:1077C000D91A0020D81A002015C701081FC70108C0
:1077D000DC1A0020D41A002000070020DE1A002046
:1077E0008A060020900600200A070020FFFF000004
:1077F000C81A0020DEC60108BDC20108D51A002043
:1078000058EA0108BDC30108C1CB010825C701081A
:107810002DC7010831C7010839C7010810B5027822
:107820000300013AD2B20120FD2A0CD81800202111
:107830001A1D03781C008C4301D0FF2B04D10130AA
:107840009042F6D1012010BD0020FCE7F0B5A9B0B0
:10785000FCF730FE0390F8F7B3F93022372300210C
:107860001000FBF7F7FA02234021AB4AD154023350
:10787000322BFBD1A94B1C78A94B1D78AC4231DAD5
:10788000A84BA9481B78E6003618002B00D089E0E9
:10789000631E00D26B1E0022DB001100C018012302
:1078A000F7F7FAFF08230022300000931100063B8F
:1078B000F7F7AEFF601C854200DC002000229A4BE7
:1078C000C000C01811000423F7F7E6FF2B0097490A
:1078D000621C18A8FCF77EFE06230022190018A8D7
:1078E000F7F7DAFF5021002304AA52181370303939
:1078F00004AA52181370EDF739FA039B4D2B00D9E7
:10790000A6E01800EBF70CF857006C00840092001A
:10791000ED009200ED00010138014A03D001A706F5
:107920009806270227027702B8034403D201DA013E
:107930002302F601F6014803A70660030C02BE030A
:10794000A706BA035B00A70623022702BE03A70609
:1079500027022702DA03E303EE03A706EB03A706D9
:10796000F203F403F6031904F00306021B061E06D5
:10797000A706570673067C067F067F0682068F06DB
:10798000AA06AD06AD06A706B00639073C0759079B
:107990004D0612072D06500650065006500650069A
:1079A0004A06250208230093002330001A0019001C
:1079B000F7F72EFF8AE75E4B5E491A6845E005211E
:1079C0005B4A5D4B126818A89A5C0824D307DB1742
:1079D0000B4052085949FCF7FDFD002604230FE334
:1079E000534A57491268574BD2B28A5C64215200FD
:1079F000D55A2800EBF724F828008CB26421EAF766
:107A000099FF514982B2230018A8FCF7E3FD1FE05B
:107A1000474B4E491A68002A0DD0551E4C4C4D4814
:107A2000AD0092004C492B591258EDE7404B1B68B2
:107A3000002B03D1494918A800F088FE484A682B5A
:107A40004ADC013B5B00D25A464918A8FCF7C2FD4C
:107A5000502204AB9B181B78002B00D1B7E018A86C
:107A6000EAF738FF00230600411E0125180018AA76
:107A7000B34201D000F0A4FE032D01D800F0ABFE0C
:107A8000072D00D9072501230327049300246B0841
:107A9000FF1AB44200D39AE0002D00D197E0049A77
:107AA00018AB1819FBB2002A01D100F099FE7F2211
:107AB0003221F7F7F1FE18ABE25C1F2A01D900F082
:107AC00097FEB44201D300F098FE1A5D1F2A01D937
:107AD00000F093FE0134F4E7693B5B00D25A22497F
:107AE000B3E7134B1B68002BA4D0204A013B5B007B
:107AF0009D5A0A212800EAF7A3FF28008CB20A2128
:107B0000EAF718FF1A4982B27DE71A4B084A126851
:107B1000920000F04DFDC0465F1D0020811F002037
:107B2000781F00206823002014D1010873C70108C2
:107B30007C1F00201AC80108FEDF01087BC701086E
:107B400095CC01089CCE010884C701088FC70108A5
:107B50003CEA010858EA010894C70108ADC20108CF
:107B60003EE1010826C601089BC70108DAE00108CA
:107B70001AC6010830EA0108CA4B1B78002B04D052
:107B8000C94B1B78002B00D088E0C84BC8491D6842
:107B9000EB17E8185840EBF73DF828000C00C449F3
:107BA000EAF752FF23000200C249082418A8FCF794
:107BB00011FD012318A87F2232210094F7F728FE37
:107BC0000323BD4800947F223221F7F721FE039B57
:107BD000033B012B01D900F017FEB84B1B78002B9B
:107BE00007D008237F2200933221B548043BF7F7E2
:107BF0000FFE039B042B01D000F010FE0124AB4BC1
:107C00001B68002B01D000F00CFEAE49002C00D008
:107C1000AD490CA803F0A1F90CAC2378002B24D0BB
:107C20002000EAF757FE00281FD0072358430130F1
:107C30004D2801D900F039FE47331B1A5B08323357
:107C4000DBB23321322B0BD07F22121A111CD2B29D
:107C5000332A00D23321CAB29A4200D9191CC9B2C0
:107C6000012300222000F7F737FE039B322B02D0BE
:107C70000D3B022B0ED8954B1B78002B0AD0944855
:107C8000012B00D1934808237F2200933221033B2C
:107C9000F7F7BEFDECF7DEFE29B0F0BDF7F7BCFF4D
:107CA0008D490200C31C80E78C4B2FE77F4B8C492A
:107CB0001A68002A00D0C8E68A49C6E67B4B1C68D1
:107CC000002C00D1B6E63C2C12DC05203C216043A0
:107CD000EAF7A0FF20000D000C21EAF7B5FE2B000B
:107CE0000200814918A8FCF775FC3C24012675E6C2
:107CF0007E49A0E66D4C7E49226818A8FCF76AFC14
:107D0000684B1B78002B00D1A2E62068C0B2EBF7CD
:107D100035FE9DE6654B1968764B8900C9188AE6E1
:107D2000624B1C68002C00D184E60F203C2160438C
:107D3000EAF770FF0B000321E2176B480A401219A3
:107D40000100921018A8FCF745FC2824CEE76A4BE6
:107D5000DCE66A4BDAE68023544FDB003868984251
:107D600004D1674808230093063B2CE7002280B229
:107D70001100F4F777FA08263A6818AC01000500FC
:107D800092B22000F7F7EAFC00237F223221200084
:107D90000096F7F73DFD002D21D04C4B1B78002BB2
:107DA0001DD13868320080B2000114A9ECF732FD11
:107DB000149F3F493800EAF743FE38000D003C4964
:107DC000EAF7B8FD2B0002004E492000FCF702FC48
:107DD00005237F22322120000096F7F719FD334B4F
:107DE0002000196889B2F6F717FB23784648002B64
:107DF000B8D02000B6E700222C4C110020680826DD
:107E000080B2F4F72FFA22680100050092B218A898
:107E1000F7F7A4FC00237F223221009618A8F7F779
:107E2000F7FC002D00D1D2E62068320080B20001BC
:107E300014A9ECF7EFFC1B4B149F1B78334D002B60
:107E400066D1013B2B60216818A889B2F6F7E4FAE5
:107E5000502204AB9B181B782B48002B00D018A88D
:107E600008237F2200933221063BF7F7D1FC174B02
:107E70001B78002B00D0AAE638000D49EAF7E0FD98
:107E800038000C000A49EAF755FD230002001D499D
:107E900018A8FCF79FFB08237F2200933221033BA5
:107EA00018A892E6682300205F1F00207C1F002096
:107EB000A0860100A2C70108B7C701083E1F002025
:107EC0003EC6010866C7010867C701086223002093
:107ED0006DC701081FC70108ABC7010828EA0108E0
:107EE0007FC80108ADC20108DDC7010894C60108BA
:107EF0001AC8010820D4010818EA010808EA010894
:107F0000FCC501080CC60108EBC50108642300206C
:107F10002B68002B97DB02237F223221BF4800967B
:107F2000F7F776FC2B68092BA1DC31250024BC4E29
:107F3000BC4B1B68A3421DD0B84B1B5D672B08D000
:107F40006A2B06D01D23AA1D190012B228B2FAF717
:107F500081FF0134083508360A2CE9D1B24BB34809
:107F60001B78002B00D0B248042300224D21F7F7E4
:107F700093FC7CE71E23A8B2021D0230190012B246
:107F800000B2FAF767FF2022337813433370E0E73B
:107F9000A84BA9491A688CE6A84BB7E5052630001E
:107FA000A44B3C211C6801346043EAF733FE2000F7
:107FB0000D000C21EAF748FD2B000200A04918A88B
:107FC000FCF708FBB32409E59A4B9E491C68002C7A
:107FD00000D130E5502C3ADCFA20FA2160438900C8
:107FE000EAF718FE0B000321E21797480A4012191E
:107FF0000100921018A8FCF7EDFA50240126052381
:10800000924D8C4ADB01ED1810682A000C233632A1
:1080100029001370122237310A7042310A702A0087
:10802000C0B27A32801BA11B13708001EAF70CFDED
:10803000212438232D263830C0B2DAB221009042F4
:1080400000D33100E9540133792BF6D100E5052541
:108050002800503C60433C21EAF7DCFD20000E0084
:108060000C21EAF7F1FC33000200794918A8FCF76B
:10807000B1FA68245026C2E7764B47E56D4B764946
:108080001A6816E66B4B75491D68192D00D1D2E4AC
:10809000002D03D1039B1B2B00D1CBE4704B6C1E36
:1080A000A400E4182000FFF7B9FB002802D02A0042
:1080B0006C49CAE423002A006B49A5E46B4B6C4A67
:1080C00019780139C9B2FD2907D86A499CE46A4B7D
:1080D0006A4A19780139C9B2F5E76949B5E4554BDF
:1080E00068496AE4684B11E5684B0FE5684B0DE59C
:1080F000684B0BE5684B1B78002B1BD0674B1C783B
:10810000002C17D06649072214A802F02EFF002188
:108110006448435C1A003732D2B2092B01D830339D
:10812000DAB214AB5B1801319A70CBB29C42F0D832
:1081300014A980E43F4B5C493FE43E4B1C68E4B229
:10814000052C00D984E42000EAF7EAFB06001300BE
:1081500047017201B901B901544B554A554918A854
:10816000FCF738FA06237F2231215348F7F794FBB6
:108170006EE40024514F08AB06AE00933200380085
:108180004F4907AB06940794089409940A940B94FA
:1081900002F03EFF032823D04A4C3B00220010216E
:1081A00014A8FCF7BBFC22001021474B10A8FCF7D9
:1081B000B5FC46490CA802F0D0FE03237F223121F2
:1081C00014A8F7F769FB04237F22312110A8F7F7E1
:1081D00063FB06237F2231213D48F7F75DFBF6E480
:1081E0000BAB00933B4938480AAB09AA02F010FFD9
:1081F0000328D1D132787178B078374EA300F35884
:108200001F78974205D15F788F4202D19B788342D5
:1082100064D001340C2CF1D1002461E06F230020E4
:10822000951C0020642300206323002047C7010819
:1082300043C701087C1F00204BC70108F8E901086B
:10824000DDC70108BBC70108C0C70108E11A00204B
:10825000D5C70108E8E9010850C70108DBCA0108D1
:108260009022002028C70108E9C70108E41F002068
:10827000DC1F0020F5C70108F61F0020EE1F0020BC
:10828000FAC70108FFC70108D4E90108C8E90108D5
:10829000B0E901089CE90108682300205F1F002065
:1082A000B1C80108D003002078C3010844C2010806
:1082B00007C801080DC80108D2D001088DE90108DE
:1082C00013C8010810C8010884E9010841C8010861
:1082D0007CE901081DC8010874E70108002C9BDB3C
:1082E000E1233C21099A1B0153430A9A00264A4381
:1082F0009B180B9A9B18E122D2019D18DC4B9D42E2
:108300004CDC002D4EDB079B089FF61800230796D8
:108310000493049B059321003800F9F741FA864243
:1083200044DC059B002B00D00796049B002B00D05B
:1083300008970023089F079E0493002E40DD002B22
:1083400000D00796049B002B00D008970899C94BD2
:10835000A400E358C84A01910096102114A8FCF724
:10836000DDFBE12128000901EAF76EFB3C21060054
:108370002800EAF74FFC0191E12128000901EAF702
:1083800049FC08003C21EAF75FFBBC4C009033003D
:108390002200102110A8FCF7C1FB0AE7B84A0136F9
:1083A000AD18ACE7B74B013EED18AAE70123013445
:1083B000361A05930C2CAED10024FF180493A8E7BD
:1083C000013C03D201230B24013F04932100380018
:1083D000F9F7E6F901233618AFE7AB490CA802F02C
:1083E000BCFDAA4B1E883000F3F708FE642105008F
:1083F0003000EAF725FB30008CB26421EAF79AFAE4
:10840000230082B2A249009514A8FCF7E3F80323E5
:108410007F22312114A8F7F73FFA93229D4B520097
:108420009C5C9D48A400052331212058A73AD4E63E
:10843000EC219A489A4C49026043EAF77BFA994A40
:10844000994B86B29B18994A99499B18994A0CA84E
:108450009B1A5C4302F081FD0A213000EAF76AFAB8
:108460000A2180B2EAF7ECFA30008DB26421EAF713
:1084700061FAA40B2B0082B28F4914A8FCF7AAF86A
:10848000A4B203237F22312114A8F7F705FA0A21A9
:108490002000EAF74FFA0A2180B2EAF7D1FA200069
:1084A0008DB26421EAF746FA2B0082B2834914A800
:1084B000FCF790F805237F22312114A88DE680492E
:1084C000052C00D17F490CA802F047FD7E4E052CFB
:1084D00000D17E4E0021072501270A003800143202
:1084E000D3B22A409040C2B29446DB08784ADB01FE
:1084F0009B182122C8084243B21804920A000020A7
:108500002A400592202913D0049A059C125C22412E
:108510003A4003D064461A7822431A70013001337E
:108520002128EFD10131C9B22129D6D1FFF74FFB64
:10853000C4B2E2087C3AD2B2B25C2C40E7E7654BA9
:10854000FFF7E4FA644B1B78002B07D1634B6449B7
:108550001B78013B012B01D8FFF76DFA614BFFF748
:10856000D5FA614B614A1D68484BD0881B882900A9
:108570005843EAF7DFF986B230006421EAF760FA7F
:1085800030008CB26421EAF7D5F9230082B2584951
:10859000009518A8FCF71EF8FFF75AFA3E4BFFF7B4
:1085A000B5FA544BFFF7B2FA4F4A534B1268D20058
:1085B000D158FFF740FA4C4B1C68002C01D1FFF753
:1085C00039FA782C01DDFFF743FA20003C21EAF765
:1085D00021FB20000D003C21EAF736FA2B000200B7
:1085E000464918A8FBF7F6FF7824FFF77FFB3E4BC0
:1085F000434C1B6843489D0001339A00FFF712FA71
:10860000414BFFF783FA414BFFF780FA364C404964
:10861000226818A8FBF7DEFF3E4B22681A70ECF7C1
:10862000EDFAFFF715FA304A3B4B126818A8920092
:10863000D15802F092FCF2E74822164B597B4A438C
:108640009B189C331B681868F3F762FB33490028BA
:1086500001D1FFF7F0F9304BFFF758FA304BFFF735
:1086600055FA304BFFF752FA2F4BFFF74FFAC0463F
:108670007F51010074E7010826C8010832C80108CB
:1086800080AEFEFF80510100DEC20108621E0020A4
:1086900051C301088C1F002068E90108E4C50100EE
:1086A0001027000000020000E0320020000300005C
:1086B00047C80108000000204EC801085CC8010836
:1086C0005EC7010859C70108A4E701082DE80108A1
:1086D000291B002060E90108682300206E23002088
:1086E0006AC8010834E901087C1F00202A1F002005
:1086F00076C801082CE9010860E2010882C8010877
:108700003CEA010858EA010824E9010814E90108D3
:108710001AC801083600002078EA01088CC8010850
:1087200004E90108FCE80108F4E80108604B1B6853
:1087300034331B78012B0DD15E4A5F4B126818A8A9
:108740009200D15802F009FC5C490CA802F005FC2B
:10875000FFF77EF9022B06D1594C18A8210002F030
:10876000FCFB2100F1E7534A564B126818A892000F
:10877000D15802F0F2FB5449E7E7544BFFF7C6F932
:108780004C4B1A68002A0ED1514918A802F0E5FB9B
:10879000002426002500EBF759FF0423002D00D00C
:1087A0002EE4FFF755F93F2AF2DC4A4918A8FBF7F7
:1087B00011FF3F2401260425EDE7474BFFF7A6F9FB
:1087C00014780A2C03D1994201D901351070013374
:1087D0000132FFF74DF9002302270493FFF756F902
:1087E0000822322100927732F7F712F8FFF763F987
:1087F0000134A64201D0FFF75FF90223049A013D3C
:108800009B1AFF18FFF745F9039B062B01D1FFF7D1
:10881000F5F9039B052B01D0FFF7FEF90024FFF7C4
:10882000EEF95A1ED2B2002C21D0312A34D80020C1
:1088300001000500294E0B2D14D8775DB94211D1E6
:10884000013501313229F6D1FF200322121BD2B2A9
:10885000FF2822D00130009021490CA8FBF7BAFE76
:10886000FFF7DAF99142F0D00130C0B2E9E7672AA8
:1088700019D82000210025001A4E142D07D8775D45
:10888000B94204D1013501316829F6D1DCE79142C2
:10889000DBD00130C0B2F6E7022213490CA8FBF787
:1088A00099FEFFF7B9F90322F7E73323FFF7CCF975
:1088B000601F00207C1F00205CD40108ACC50108AB
:1088C000FCC2010848D4010843C60108ECE80108CD
:1088D000ADC2010828C70108D8E80108B6E80108B8
:1088E0009FC80108C2E80108A9C80108F0B587B00F
:1088F000F7F770F90822002104A802F007FA9C4B50
:108900009C4D1E789C4B9D4C1B78002B56D0012E05
:1089100048D19B4B1E8876083C213000EAF70AF8C4
:108920003C23C2B25B4253439B199649DBB202A877
:10893000FBF750FE0622944B944902A8F6F748FF35
:10894000A37F002B04D00C229148924902F00DFB2A
:108950002B78002B0AD1904B8C481B788F493630EE
:10896000002B00D18E490C2202F0FFFA637E002B0F
:1089700000D0C5E08B4B1B78002B00D0C3E08A4BA6
:108980001B78002B00D0C1E0884B1B78002B00D156
:108990009CE00834E37F09228549002B00D19BE04D
:1089A000844999E0F3F786FA002807D0E126824B44
:1089B00036011B885B08F61AB6B2ADE7052E04D166
:1089C0000C2272487D4902F0D0FA7D4B1B785BB2D5
:1089D000002B21D1F3F752F800281DD12B78002B62
:1089E000AED1237F002B65D1A31DD87F631DDB7F14
:1089F000002B59D0734B1B78002B5FD0724B122287
:108A00001900002801D00220053A604B1230C0B294
:108A1000C01802F0AAFA93E780226C4BD2001B88A0
:108A200093423BD2F3F72AF8002837D123002933A9
:108A30001F78192F1CD1664904A802F08EFA0E2661
:108A400023002A331B78002B05D0624904A802F0CA
:108A500077FA0436F6B2012300220221009604A818
:108A6000FEF77AFDF3F70AF8002800D068E7B5E7CB
:108A7000594B7E1EB600F6183000FEF7CFFE0028D8
:108A800005D13200554904A8FBF7A4FDD7E73A0009
:108A9000534904A8FBF79EFD0A26D1E70622514957
:108AA000514802F062FADDE700280BD002200C22C8
:108AB0004E49AAE702200C224D49A6E703200A22CC
:108AC0004C49A2E702200C224B499EE74B4B1B78F6
:108AD000002B04D009224A494A4802F046FA4A4B80
:108AE0004A481A784A4B1978F6F754FD494B1B78D7
:108AF000012B0ED0022B30D0EBF7BAFF07B0F0BD40
:108B000009224549E8E708224449E5E70C2244499F
:108B1000E2E7444B1C88FA239B009C4200DB424C5A
:108B2000A4B264212000E9F78BFF20008DB26421FC
:108B3000E9F700FF2B0082B23C4904A8FBF74AFD8D
:108B400004A8E9F7C7FE0722424330490E4B891AB1
:108B500004A80622F6F73CFECEE7324B1888F3F75E
:108B60004DFA3349020004A8FBF734FDE8E7C0469C
:108B70006A1F0020E01A00206B1F00208C1F0020BD
:108B8000681F002039C70108A6D801085508002031
:108B90007C08002010E70108EF1E002004E7010810
:108BA000F8E60108D508002021080020230800204D
:108BB000D2E60108C9E60108661F00205CE701084B
:108BC000241F00203F08002034E70108440800204B
:108BD000DBCA01086EC40108902200200DC3010801
:108BE0009CC20108B8C801085E08002028E70108F7
:108BF00050E7010846E701081CE70108741F002040
:108C0000C0E601089B080020FF1E0020C4080020C9
:108C1000731F0020251F0020EFE60108E7E601088A
:108C2000DBE60108621E0020E703000031C70108EF
:108C30000AC70108044BC25C044B0548D2181368EC
:108C400003400B4313607047A9CF010800000240A6
:108C50000F80FFFF044BC25C044BD21853681B0CFF
:108C60001B040B4353607047A9CF0108000002406A
:108C70000121044B044AC35C9B181A688A431A609A
:108C80007047C046A9CF010800000240044B054AC6
:108C9000C35C9B18012219680A431A607047C046DA
:108CA000A9CF010800000240F7B513007F22104051
:108CB000002901D1002B17D114224243354EB2189E
:108CC00014002C3424780092002C0DD0324CA57B5B
:108CD000EAB20192A073677D01253A002A409446CA
:108CE0002F4202D0019BA373F7BD009A009F11632E
:108CF00053636246BA6300283ED1284D2F78FAB2FA
:108D0000012F1FD0032A03D0002AEBD1002B03D15F
:108D100048232374443B0EE040222274328D934258
:108D20000BD81F4E3678002E07D19AB2FAF780F88A
:108D30000A23237401232B70D4E70020FAF778F874
:108D40000223F6E7002B05D1154A13700A3323746A
:108D5000043BF0E7328D934209D8114D2D78002D58
:108D600005D19AB2FAF764F80A232374BAE700200F
:108D7000FAF75EF80223F8E7002B05D0B28F934292
:108D800005D92800FAF754F801236375AAE79AB2C7
:108D9000F7E7C046A0230020005C004081230020AC
:108DA00080230020F7B50F001400012827D00F26DC
:108DB0002B4D030033403A5CEB5C53403B54013095
:108DC0008442F6D86A46274B6846042113805480B3
:108DD000FBF71CFF21003800FBF718FF230033408E
:108DE000EB5C0134DB4301A8344003702B5D0421AC
:108DF000DB4343701C4B4380FBF708FF2FE0902AB6
:108E00002DD81A4802F0B1F8194900220800231D94
:108E1000134D5B1817000F263740EE5D07790132BE
:108E20007E40067101309442F4D8552252420A70B5
:108E300022324A70220ACA700F2022000240AA5C25
:108E40008C70D2431A70621C0240AA5C7230D2430A
:108E50005A70054A5A8022000832FFF725FFF7BDF5
:108E600030E60108ABCDFFFFDCBAFFFF0831002080
:108E700004310020F0B50500494CA3B0002800D112
:108E8000484C2388484A934238D007D8474A9342EF
:108E90000CD01422464B1A7023B0F0BD454A9342C1
:108EA00054D0454A9342F4D1ECF7C2FF6368434A79
:108EB000002D00D0424A13600422424B1A70424BEC
:108EC00008321A70414BDB7F3C2B01D8EAF780FD5A
:108ED0003F4B404901A8009302F03FF86A463E4BE1
:108EE0001B78137500235375282206930793089364
:108EF000099369462800FFF755FFCAE72F4B002D5D
:108F000000D02F4B1B68A2689A42C2D10C222E4B74
:108F100000211A702B4B083A1A706B467D32D81D0F
:108F200001F0F4FE6A4669462C4B1380A279131DAA
:108F30004B80294BA0881B7888808A71002B02D136
:108F400002A9FBF715FEA2790832D2E71B4B002DD0
:108F500000D01B4B1B68A2689A429AD10C221A4B74
:108F60001A70184B083A1A706A461D4B0093A38872
:108F70009380194B1E78002E05D127000C37A3795A
:108F8000DB089E4201D30622B3E7A388F000C01895
:108F9000390080B2FBF715FE01360837EFE7C0460F
:108FA00000300020002F00201B05000014050000E9
:108FB0001A0700201D050000DD050000FC2E002022
:108FC000F82E0020421F0020F91E0020941F0020D0
:108FD00015052400D7D001087C2200201C050000C4
:108FE0001E0502000B003F2210B51140134206D1AE
:108FF000002B04D00A008120FFF756FE10BD00228E
:10900000014B1A70FAE7C046BA07002070B5002875
:109010001ED1002910D0144B9D68DC686D18641AAD
:109020009D60DC600FD1114A9A60FAF7CFFA0028F0
:1090300003D18030FAF704FA70BD220021008020AD
:10904000FFF732FEF8E722002900FAF7B9F9F3E753
:109050007F230340044A4E339B00D2185368002BF1
:10906000EAD09847E8E7C046F80000201401002045
:109070000E4B10B59968DA680918121A9960DA600F
:1090800003D08020FFF710FE10BD187D002802D00D
:1090900011001A75F5E7DA88002AF5D01B787F2BC6
:1090A000F2D902000100FAF78BF9EDE7F800002091
:1090B000F0B5BB4F87B03B79DAB20192BA79D2B240
:1090C00002927A79D2B20492BA7BD2B205925B074D
:1090D00025D5C022B34D00215200280001F016FE14
:1090E000AE2200244026B04B52006E6021003C703E
:1090F00080209C5232002C70FAF7C6F93200210011
:109100002000FAF7C1F921000120F9F77FFE0122C2
:109110007B7813437B70A54BBA727C721C70019BE9
:109120009B0703D500210620F9F770FE019BDE079F
:1091300003D500210520F9F769FEBB7A029A1A408F
:1091400013000192DB0711D50024BC73387C042383
:109150000500964AC1B21D40184219D0397C994386
:10916000397414700123019A9A4301920124019BDE
:10917000002B00D0C0E001247D7A049B1D400195A6
:10918000019B002B00D01BE1059BBB7307B0F0BD1A
:10919000CB0602D580233B741570824B18780028CB
:1091A00004D01878C0B23870002018701478E0B27B
:1091B000062CD7D80124E9F7A9FB07005D00D5FFED
:1091C0006C009C009C009A002142CBD07B7C082B39
:1091D000C8D100227648774B017899540132082A89
:1091E000FAD1714C220003CB03C28023E2885B00DA
:1091F0009A4206D923787F2B03D88020FAF720F9EA
:10920000B0E700206C49E260A160226120758242D3
:1092100005D023787F2B02D8FAF7D2F8A2E7FAF725
:10922000D5F90028E9D0E38826691D000293B342EE
:1092300000D93500A168E5608B070CD080235B0066
:109240009D4200D98EE75C4B2A001800039301F081
:109250008CFE039BA360029BB34205D9B60603D1E3
:109260000123564A237513702A008020A168FFF756
:109270001BFD77E75A6B198D986B8A4206D908183F
:10928000521A98635A63FFF7F3FE6BE71018002237
:10929000F7E7214200D165E77A7CD0B2002A12D1EB
:1092A0001900D0310A6812180A601A00D832116801
:1092B000411811601A00C8321288824210D9002069
:1092C000FFF7A4FE4EE71A00D03211680200384DB5
:1092D0002C78013A92B20C700131002AF8D1DFE704
:1092E000D4331B689942EAD040233B743AE700200C
:1092F000C9E70023137035E70123A3400293029AC4
:10930000019B134229D00422BC737B7D134202D0FF
:109310007B7D93437B7514216143224D69184B6B10
:109320000A8D086B93421BD980180863896B9B1ABE
:109330005118142666431B48801981634363002B30
:109340001FD122007F331A401C420FD10800FFF7C3
:109350008FFE019B029A934301930134E4B206E726
:10936000C0180863896B59180023E2E70E4B463298
:1093700092009B185B68002BEBD08020204398471D
:10938000E7E79A4200D91A0014236343ED1820003E
:10939000296B92B2F9F74CFD01237B75D9E7C046E2
:1093A000005C0040A0230020F80000208123002062
:1093B000205C0040C02300201401002080230020F6
:1093C0000126A640019B334229D00122BC737B7E3B
:1093D000134221D0BB8B9AB2002B23D114216143BD
:1093E0001C4B5B181800D030016889180160816837
:1093F00051188160D42084469C44604665460068CC
:10940000C833801A28601B8893421BD97B7A2000BE
:10941000B3437B72FFF7FAFD019BB3430193013421
:10942000E4B2ADE60C4BA000C018142363430B4913
:109430005B58D11889B205781D7001339DB28D42F9
:10944000F9D1CBE70028E1D001227B7E93437B76E4
:10945000E2E7C046A0230020205C004070240020EA
:10946000022110B50A4A0B4B9C680C4205D1013A07
:10947000002AF9D110BDDB68FCE70121044A18730A
:1094800098680842F7D1013A002AF9D1F2E7C046BC
:10949000A086010000300140F8B50423A027B024C5
:1094A0000E4EFF05B36240231D00BB622000FFF794
:1094B000D7FF1020FFF7D4FF0420FFF7D1FFBD61D5
:1094C0006D190020013DFFF7CBFF002DF9D10134CC
:1094D000E4B2B82CE7D10423B361F8BD0004005016
:1094E0005C2110B5032802D8034B4000C15A432029
:1094F000EAF778FD10BDC04610E40108F0B5B54BA1
:10950000AFB0DB7F0EAD5A1E9341B34C0822B34976
:1095100028006375B24E01F028FD08222900B148E9
:10952000EBF778F92B781A090F2A00D1033A0321B7
:1095300062719A080A4022710B408B4200D10023CD
:10954000E3726B781A00FF3A511E8A411A405B079A
:109550009B0F032B00D1023BA3490A70A34A13704F
:10956000AA781C2A03D805235343823B2361EB7856
:10957000FF2B00D19E4B23819E4B186805230028AA
:109580000DD19D4B1B681B691D68F9F79DF90700FC
:10959000F9F790F97B089BB258430423281A974A9D
:1095A00038361060964A337010600025F5F7ACFF2E
:1095B000944B585DEAF720FA934A6B000135D0527C
:1095C000072DF5D1914B1A68002A03D01269904BF0
:1095D00012681A6001258F4B28001D708E4B1D707C
:1095E0008E4B1D70FAF7AEFB0020FAF7ABFB824BF7
:1095F0001B68343318782075F3F7A4FCE07AFFF782
:109600006FFFFAF75BFAFAF76FFC854B1D70844B1E
:109610001B780293002B03D1EBF7A8FB2FB0F0BD12
:10962000FCF73CFF7F4B1A78002A03D000221A7007
:10963000EBF726FB7C4B7D491A780491002A1ED05B
:1096400000221A70F9F740F9802818D9714B1B785D
:10965000002B14D10121764A1170049A1370754CB5
:1096600027786770EBF726FF0500132871D1EBF719
:109670004DF900286CD125700023A37077E0049B7E
:109680001B78002BEBD0644C2378002B03D0F9F728
:1096900071F900232370684B1C785E4B1D78002DF8
:1096A00001D100F0A2FC012C01D100F062FCFA20F3
:1096B0000025049B80001D70EBF7C6FA0C20EAF72A
:1096C0009BF90123184200D1EDE202202900EAF7BC
:1096D00089FC0220EAF790F9400500D4E3E2290072
:1096E0003F20EAF77FFC29000220EAF77BFCFA2002
:1096F0004000EBF7A9FA2800FAF724FBF9F72EF956
:10970000F9F7D0F8384B1B78AB4205D10122324B28
:1097100052421A81494B1A8001223F4B1A70484B22
:109720001A70F6F757FA304B464C1B78002B01D0D5
:1097300000F0EAFD2D4A444B12789200D258434B78
:1097400019783C23002900D00233414900F0F7FD8D
:1097500010252570AF428FD1A378DA1ED2B20F2B1D
:1097600001D80133DAB23B48A270EBF76DFA324E02
:109770003378002B13D1132D27D10A2F0AD1364B62
:109780001B78002B06D0354B1B78002B02D13800FC
:10979000FAF7F0FB0022304B1A70304B1A70A178A8
:1097A000032902D0102900D06DE733782478002BEC
:1097B00000D08DE00A2C00D027E1284A03294FD1A0
:1097C00001202549087013705DE70A2DE7D00A2FA4
:1097D000E5D0DFE7941F002090000020F7C80108C3
:1097E0008C1F002048A10000632E00208E00002066
:1097F000FFFF000040080020601F0020F02B002029
:109800004C2E00202CE50108DE2B00206C1E0020D1
:10981000F42B00208C0000206C000020860000202B
:10982000EC2B00206F1F00206E1F002087000020FF
:10983000602E002069000020622E002080000020A1
:109840008D0000200C2C0020E4E40108830000209F
:10985000C7C80108204E0000D2270020D1270020D1
:109860001478002C00D00EE701260127B24BB34D2F
:109870001C70B34B16701C70B24BEC721E70B24B66
:109880007F421C70B14B1C70B14B1C70B14BAB8054
:10989000B14B1B6834331B782F8102932B75AF4B70
:1098A0001F80F9F72DF8F04028600298F3F74AFB83
:1098B0002000FFF715FEAA4B1C70AA4B1F80AA4B75
:1098C0001E70FAF711FBFAF797F8FAF737F9DAE6AC
:1098D000012B00D099E00A2C7DD004D923000D3B48
:1098E000012B00D9CFE6A14D2B78002B08D10D2CF0
:1098F00001D001F02FF99E4B1878F8F77DFFC2E6F2
:109900000D2C0FD0092B00D9BDE60E2C05D1994A9C
:109910001178002900D0B6E613705A1C2A70964AB6
:10992000D45408E0934A013B1178DBB22B70994282
:1099300001D100231370F9F73FF98E4B1A782B7879
:109940000393002A00D11A0000232D252E278A4ECA
:109950008A4C03992800994205DDF15C38000929F9
:1099600001D83031C8B2E05401330A2BF1D11400D0
:1099700000269C46824980480968824D059010184F
:10998000059B471E834215D1002E01D07C4B1960E8
:10999000039B9A420BD200230A27794E7A483568F6
:1099A000039A0134A2420DD1002B00D03560012270
:1099B000764B57E063463878029E68435D4309184A
:1099C0003800DDE7059B39001B5D4343ED18E8F7E0
:1099D000B1FF029BE4E76A4B1C686D4BE2186D4BCC
:1099E0009A4200D94FE6624B1878F8F705FF6A4BA8
:1099F0001C603378002B04D1F9F7FEFFFAF744FA24
:109A000041E62000FAF774F93DE6032C11D00E2C44
:109A10003DD0112C73D82000E8F76EFF40717171B2
:109A2000717158717109717171712A2A7161002304
:109A30000293434B1B78002B03D00298F9F786F86A
:109A400021E6404A0299137800290DD0012B01D854
:109A5000013313700122394B52421A8101224B4BC0
:109A60001A704E4B1A700EE6002BF3D0013BF0E754
:109A7000324B1B89023B9CB2304B18691C81F9F7B1
:109A800043F8A04207D20120F9F760F8E6E72B4B34
:109A90001B890233EFE7F9F745F8DFE70020FAF713
:109AA00051F9264D2B7D012B01D80133DCB220006A
:109AB0002C75F3F747FA224B1B78002B01D1013BA1
:109AC0002B81FAF711FAF9F797FFDCE51B4A002121
:109AD000D37A022B01D00133D9B2D17267E70123C7
:109AE000164A517D4B4053752D4A05D02623FF332E
:109AF000D05CE9F743FFC6E592235B00F8E7002B53
:109B000003D12000FAF736FABDE5022B00D0BAE502
:109B1000601F0D2800D9B6E5E8F7F8FE9E00B5FDF8
:109B2000B5FDB5FDB5FDAC0044004400B500B5FD84
:109B3000B5FDB5FDB5FDA700D2270020900000209F
:109B4000632E00208E000020D5270020F82B002057
:109B5000282E0020010C0000601F00208000002043
:109B6000302E00208A00002086000020DD2B0020FF
:109B7000612E0020DC2B0020C72700202C2C002089
:109B8000382C0020A086010010270000602E002045
:109B9000C088E4FF402DA4074C2E00208D0000203B
:109BA0008C1F0020CC4B1E78CC4BDD7E0123002E79
:109BB0003BD00B2C00D05D403000FAF789F80C2226
:109BC0007243C74B04009B181A791E8902925A7976
:109BD00007000392DA88029B0592132B08D1C14B30
:109BE000002019780693F3F765F90023069A13709D
:109BF0000298E9F701FF0100002D11D0059B9B1B86
:109C00009C4201DCA619B7B2039A059B02989340C7
:109C100099433B009340194389B2EAF7E3F9C6E65A
:109C2000B442F1D3A41BA7B2EEE70B2C00D05D40E9
:109C3000AD4AAE4B127D9B5CAD4A1068002D06D03C
:109C4000AC4A904200D8C018FAF752F8AFE6AA4AD8
:109C50009042F9D9C01AF7E70022A84B1A70A84B16
:109C60001A70F8F7A9FF012047E60123A54A1178E9
:109C70004B40A8E5984A01211378032B01D05B18CB
:109C8000D9B2117093E6944B00221C78002C00D0BE
:109C9000E8E62000F8F7B0FD924B1C70994B1C7061
:109CA000F9F70CFFAAE6FAF7B9FA974997480D8831
:109CB000974A06882B005580002E04D00323734357
:109CC0005B199B109BB20380924E934833680768E0
:109CD000DB1B924F3F78BB4200D27CE033680360CD
:109CE000002C73D1CE8A13890693731E7F2B00D963
:109CF0009BE002940794012E0FD0741EA0B27F2126
:109D00000002E8F7A1FE83B27F200793069B2100A3
:109D10005843E8F799FEC3B20293814B814A9D42B2
:109D200000D184E0804B0299197003231370069BC5
:109D30005A007E4BD31808930023049303936B4679
:109D40006A461B7B117C0593049B721E1B0AD2B2D0
:109D5000B34200D2DAB2754B54001B5B0132D2B26F
:109D60001800B24201DA724A105B80225200541A83
:109D70005C4341436418240A6949A4B200228C421E
:109D80000CD0029A05998A4257D1654A954254D01F
:109D90002800F8F7A9FFF8F789FF0200654F05983A
:109DA0003C782100F8F7BEFF079A039B94460133E5
:109DB0000393049B63449BB20493039B802BBED10B
:109DC0000134E4B20F2C00D9C4E03C7001225A4B9C
:109DD0001A705A4B1A704B4B59481A7800239A4202
:109DE0000DD10488574E2100153989B2B14206D8E9
:109DF000290013310123A14200DB131CDBB20580D3
:109E0000002A00D0B5E0504A002B00D1A5E0002088
:109E10001070F9F797FFF8F7A1FDF8F743FD4B4BEA
:109E20001B78002B00D077E470E4802665E7137878
:109E3000002B00D17BE7013B78E73B4A059912787C
:109E40008A422CD1374A1778002F28D0344A9542BD
:109E500025D1069A964203D9089A1088A84205D1BE
:109E60003B4A9818421E904140421840F8F73CFF88
:109E7000F8F71CFF0323DF1BFFB202000990002F3D
:109E80008CD02000F8F730FFF8F710FF0200012F08
:109E900084D1099BC31801335B10DAB27EE720003E
:109EA000F8F722FFF8F702FF029B0399013B02003B
:109EB0008B4200DD72E7029B01338B4200DA6DE7D3
:109EC000174B9D4200D169E70430021CC0B20F2835
:109ED00000D90F22D2B261E7F82B00208C1F00209E
:109EE00088E50108282E002090000020DFE401080A
:109EF0005C2E00207FA4BF0740771B00DD2B0020D5
:109F0000DC2B0020D5270020342E00203E2C002002
:109F1000502E0020081F0020242E00208800002042
:109F2000FFFF0000D3270020D4270020222D00208F
:109F3000242D0020D62B0020602E00208D00002034
:109F40008A000020E9FF0000302E0020632E002050
:109F50000100FFFF00233B7038E7CD4B19890B1C34
:109F6000032900D80423043B9BB29D4235D3002330
:109F70001370C84B1B78002B01D0FFF7D2FBC64AE9
:109F8000138801339BB2138080225201934201D97E
:109F9000FFF7C7FBC14B1B78002B00D12BE2F5F775
:109FA0000FFEBF4B1B78012B01D100F0A1FC022B4F
:109FB00001D100F0CBFC002B00D134E2B84B1A7871
:109FC000002A01D100F06EFD0020FCF7C5FA002246
:109FD000B24B1A70B34B1A8015E213780133DBB21F
:109FE0001370002B00D012E7C3E7002C00D028E14B
:109FF000AD4AAE49D78AAE4A0B6810681B1AAD4805
:10A000000078834257D30B6813603B1C802F00D924
:10A0100080239BB2029300230493012F08D9029B53
:10A020007F21581E80B20002E8F70EFD83B2049330
:10A03000002603966A46039B127B029994461B0AEC
:10A04000994200D8B4E0DBB29B485900405A013332
:10A05000029ADBB20500934201DA984B5D5A8023E5
:10A0600062465B009B1A58436A43954B80181D78E3
:10A07000000A944B80B20022984204D0F8F734FED4
:10A08000F8F714FE020030002900F8F74BFE049A9E
:10A09000039B9446013663449BB2F6B20393802E31
:10A0A000C8D10135EDB20F2D00D82C000122844B10
:10A0B0001C707A4B1A70FA208000EAF7C5FD7A4CC2
:10A0C000E588E8B2802F07D93900E801E8F732FCCB
:10A0D0007F2800D97F20C0B2774B4000C35A794A0D
:10A0E000934253D0784B1B78002B09D00F23774A2B
:10A0F0001188A9424AD0013BDBB20232002BF7D1D2
:10A10000E068F8F78DFB00231900714A714E824216
:10A1100059410500306882425B41994202D02800D3
:10A12000EAF7E2FA28003560EAF768F90021302002
:10A13000E9F758FF684B30201988E9F753FFFAF721
:10A140006DF82588A388AB4206D2E068A580F8F7B1
:10A1500067FBE388206123816388AB4216D928001E
:10A160006580F8F73BFB4A4B19690A000A3A8242BC
:10A1700000DD02000120DA60464B1870574B1A6070
:10A18000574B1960574B1A60574B1960E38AE188A7
:10A19000802B03D9554A1288012A10D8544D2C78A7
:10A1A000002C31D1012322008B426241130030E0A8
:10A1B00000239F4200D147E7029B013B43E78A18F7
:10A1C0009A4206DA4B4A138801331380F8F742FDAE
:10A1D000CFE60022484B1A70F8F778FCF8F748FBF6
:10A1E000002805D00120F9F7ADFDF9F79BFDC0E689
:10A1F000404A138801331380F8F72CFD002800D162
:10A20000B7E6F9F717FCB4E65A1ED00FCB17914208
:10A210004341DBB2002B02D1F8F7FEFCA9E6002295
:10A22000354B1A70F8F752FCF8F722FB0028D9D109
:10A23000324B1A78002AE4D01870012363402B7047
:10A24000EAE7022C00D094E6F9F7E8FF0122134B6D
:10A250002B491A70049B08881D70134B1A88254BD4
:10A260005A80002804D0032343439B189B109AB2C2
:10A270000A80F8F7DDFBF8F7FBFA002804D1214B40
:10A280001B78002B00D174E60120F9F75BFD70E626
:10A29000900000208D000020DA2B0020602E00208E
:10A2A000622E0020D82B0020342E0020081F002012
:10A2B0002C2E002088000020222D0020242D00209C
:10A2C000D62B0020FFFF0000022D0020042D0020CF
:10A2D000FF3EAB015C2E0020402C00207C000020C3
:10A2E000780000207400002070000020840000200E
:10A2F00083000020502E00208700002082000020D4
:10A300003E2C0020D5270020974B984A1888431EE2
:10A310009BB293425FD996490CA8FAF75BF9954B2B
:10A320001B78002B04D1944B1889944B98425AD136
:10A330008F490EA8FAF74EF991490EAB0CAA2000EE
:10A34000FAF748F9012300211A0020000093F5F7DD
:10A35000DDFB8C4B8C4C18883E26421C1A80032354
:10A36000184040000019FDF7DFF8BE2062882388FE
:10A3700080009B18A2889B18E2889B189B1058436A
:10A38000824BD988E8F760FB80B2F1F737FE1C22D8
:10A390007F4B804D1A702B00133A75330400222135
:10A3A0007D481E7000F0B2FC0920604364212D300E
:10A3B000E8F7C0FA7F231A00D11A884200D3EE547E
:10A3C000013B752BF8D1EAF753FB0022734B1A704F
:10A3D000734B1A80DEE5F8F701FA724902000CA807
:10A3E000FAF7F8F89BE7F8F7F9F96E4902000EA8BA
:10A3F000FAF7F0F8A0E76C4A138801339BB2138098
:10A40000132B00D9CBE5694D2C7820000134E4B240
:10A41000EAF725FB2C70062C01D8FFF7F8F800238B
:10A420002B70FFF7F4F8F8F74FFA0400012800D872
:10A430007DE35F4B611E1889C001E8F77BFAC3B268
:10A440000393231C802C00D9802300249EB2701E0D
:10A4500080B2DBB27F2100020293E8F7F5FA250013
:10A4600083B20493731E220A9A4262DAD2B2E3B232
:10A47000504F5100C85B511C8E4200DD0A00520053
:10A48000B95A471EBFB2BC46384F4A1E92B2BC45AD
:10A4900054D9FF230800BA425ED90EAAAB54049BDC
:10A4A00001351C19A4B2802DDCD106E08022FF21E9
:10A4B0000EA800F02BFC002303933F4B1B78002BCE
:10A4C0001ED1012502270EAC267833006678FF2EB8
:10A4D00011D032000121FF2B01D039009A19A37845
:10A4E000FF2B03D09A18013192B2C9B248088018E4
:10A4F000E8F7AAFA60700135EDB201347F2DE4D19E
:10A50000039B2E4A7F33FF33802002929B18022246
:10A510004024202552424042039951187F2956D8A1
:10A52000002A4DD1197829431970197821431970DF
:10A530004AE0029B5A1ED2B2002399E7BA420BD8D6
:10A5400080225200D21A42434B43D218120A90B2D0
:10A550000A4AFF239042A0D01721F8F7BDFC1F2321
:10A56000181AC3B299E7C046342E0020FDFF000040
:10A57000EBC50108D527002090000020FFFF000058
:10A58000BFC80108281F0020841F00202A1F0020A8
:10A59000C908002055080020CB0800208D000020AD
:10A5A000DA2B00201AC80108D82B0020D72B002056
:10A5B000502E0020222D0020632E0020E11A0020C2
:10A5C0000426911CB143B0D11978014319700132AE
:10A5D0000133032AA0D10EAB00219C46FF26C94AB5
:10A5E000C94C6346C85C1F2800D8F8E016700131DA
:10A5F00001328029F5D100260EA8335CF5B21F2B5D
:10A6000012D80F2408ABE418220029000CABF8F78D
:10A61000E1FA27780CAB1C78A74200D8F9E00134A6
:10A62000E4B21F2C00D8FDE0B64B9B5D1F2B0ED86B
:10A630000F2408ABE4180CAF22003B002900B148FE
:10A64000F8F7C8FA24783B78A34200D3F6E0013645
:10A65000802ED1D1AD4B5868FAF79AF9AC4BAD4C7E
:10A660001B78002B32D1AC4B1B68002B00D1F2E0E1
:10A67000AA4A1568ED1AF8F71DF901002800E8F755
:10A6800059F982B2A6492000F9F7A4FF0126002358
:10A690003200190020000096F5F738FAF8F70AF9A9
:10A6A00064210500E8F7CCF928008FB26421E8F7AF
:10A6B00041F93B0082B29B492000F9F78BFF002350
:10A6C0000722190020000096F5F720FA964E7379BC
:10A6D000032B00D9C3E0954B95491D6837682800C6
:10A6E000E8F7AEF928000E009149E8F723F9642154
:10A6F00003903800E8F7A4F9380001916421E8F7E5
:10A7000019F98C4D33002900039A00902000F9F7C5
:10A7100061FF012321220093242100232000F5F76B
:10A72000F5F9814B1D89844B9D4200D146E4834B52
:10A730001B78002B00D041E4F8F7BCF86421E8F75F
:10A74000F9F801240A2680B2092800D9CAE00434A5
:10A75000A400E3B2280017210493F8F7BDFB1F23E0
:10A76000181A183BC5B21840063B83400024029AD1
:10A770000393EB08DB01D3180293E1B20B005A1EDE
:10A780009341604A5B4294460EAF681CDBB25A1894
:10A79000D2B2BE5CFF2E01D086421BDD6646B25CA3
:10A7A000FF2A01D0824215DD01335BB2022BEDD1CD
:10A7B0000C2D05D8049B0133A3420BDA712C09D868
:10A7C000029B039A1B5D1A4204D101232A005C48B4
:10A7D000F5F78AF90234802CCFD1FFF7EFFB13781D
:10A7E000CFB27D08984203D8002310706355FEE66F
:10A7F000605D0E2806D801231F4200D0F7E6C0187E
:10A800006055F4E60233DBB2202B00D13300137025
:10A81000EDE63A000123290002980137F5F764F9C3
:10A82000FFB2F7E601226319134200D0F7E61300E6
:10A83000290022000298F5F757F9F0E60122631982
:10A84000134205D11300290022000298F5F74CF9B4
:10A850000134E4B2F7E6F8F737F8020012E7F8F748
:10A8600057F82100FAF77EF80123009300232122F4
:10A8700019002000F5F74AF9274B1B68002B23D05D
:10A88000264A64211568ED1A2800E8F7D9F828004F
:10A890000E006421E8F74EF833000200214901253B
:10A8A0002000F9F797FE0023212230212000009597
:10A8B000F5F72CF9F8F73EF82100FAF753F80023E2
:10A8C00021225D21009529E7366864213000E8F7F0
:10A8D000B7F830000D006421E8F72CF82B000200D7
:10A8E0001849DCE731000134E4B2E8F723F82BE73C
:10A8F00008237F220093022100231348F4F788FFE6
:10A90000FFF75CFB822C0020422C0020502E002000
:10A91000622E00200C2C002040080020C8040020DB
:10A92000CFC80108DCC80108900000204C2E002090
:10A93000A0860100D3C80108FFFF0000D527002032
:10A94000E11A0020DBC801082C2C0020844B186879
:10A95000FAF71EF8834C79221021200000F0D6F976
:10A9600000233022E25405337D2BFBD100237022DB
:10A97000E2540A33822BFBD17B4B79211D880727B8
:10A980002800F8F7A9FA00237849794E834271DB51
:10A990002800F7F723FF0022040076494342885C31
:10A9A000834271DA01320A2AF9D10126724D7349C4
:10A9B0002800F9F70FFE0023192204212800009631
:10A9C000F5F7A4F822006E492800F9F703FE0023EA
:10A9D00019221C2128000096F5F798F8694B1B787E
:10A9E000002B08D1684B79211889F8F775FA674B65
:10A9F000C018FF2303710124654F664B1B789C42EE
:10AA000044D00C2262435C4D634B64499A58280041
:10AA1000F9F7E0FD1E23E2B253435E4E183BDBB272
:10AA20000293337802991B1B5A1E9341280022225D
:10AA300000930023F5F76AF8594AE300D358E0B2CF
:10AA40000393F9F745F9039B56491A562800F9F77D
:10AA5000C1FD337828001B1B5A1E934102990093B5
:10AA6000292200230134F5F751F81E37042CC4D1F4
:10AA7000FFF7A4FA0A005A43B24202D922783A43B5
:10AA800022700133013481E7D2B28EE71E22FF210A
:10AA9000380000F03BF938001E22FF21803000F022
:10AAA00035F9AEE70726404B1B7802930F23029936
:10AAB00010000F31891A194096429B4101240C2540
:10AAC000C9015B4230400533049138498440DB01C1
:10AAD0005B1800219000284003903548E4B20590AF
:10AAE000049D059F6D186D087D5DC8B22F09BC4699
:10AAF0000127394202D00E372F40BC462D4D1F781A
:10AB0000069503252840039D2843069D2D5C3800AB
:10AB1000A043654501D2380020430131187001334C
:10AB20008029DDD10132102AC0D1FFF74DFA00286B
:10AB300000D1BBE4204B214A1888FF21431E9BB261
:10AB4000934205D8E839F8F7C7F91F21091AC9B2A5
:10AB50008022ADE40E2C01D0FEF7DFFEFEF793FD60
:10AB60005C2E0020E41B00203E2C0020CDCCCCCC61
:10AB700033333333F0E401080C2C0020E5C801081E
:10AB8000EBC80108D527002090000020E01B002022
:10AB9000E51C0020F82B002088E5010810C80108FA
:10ABA000FCE40108F2C80108D62B0020E11A0020BD
:10ABB000D62700201CE50108222D0020FDFF000003
:10ABC000F7B500254B680A6800935F1E1300EB4041
:10ABD00008D1012F05D84368C96893434A431343FA
:10ABE0004360F7BD01241300AC40234022422BD028
:10ABF0001A0003265A435643B446F6430196664666
:10AC00000468B443009E564334430460012F06D8C1
:10AC10008C6887685443019E37403C4384600C69CC
:10AC2000C7685443019E37403C43C460009C022CDB
:10AC30000AD14C69FF2B09D80F2652435643624371
:10AC4000036AB3431A4302620135BBE70F261B0AAE
:10AC50005B435B435E435C43426AB24322434262CE
:10AC6000F2E700000D488546E8F780FE0C480D49E4
:10AC70000D4A002302E0D458C4500433C4188C4257
:10AC8000F9D30A4A0A4C002301E013600432A242BD
:10AC9000FBD300F017F8EEF765F8FEE70040002060
:10ACA00000000020F80000208CEB0108600200206A
:10ACB000E0320020FEE70000014B18687047C046F4
:10ACC000A800002070B500260C4C0D4D641BA4108C
:10ACD000A64209D1002601F09BF90A4C0A4D641BDB
:10ACE000A410A64205D170BDB300EB5898470136B9
:10ACF000EEE7B300EB5898470136F2E784EB010822
:10AD000084EB010888EB010884EB0108030082183A
:10AD1000934200D1704719700133F9E70020704762
:10AD20007047704770B50F4E0D0031680400002960
:10AD300002D1EAF7C9FF306029002000EAF7C4FF1A
:10AD4000431C03D101256D42280070BD0323C51C9F
:10AD50009D43A842F8D0291A2000EAF7B5FF013038
:10AD6000F2D1EFE7D8320020F7B50322CB1C934392
:10AD7000083305001F000C2B34D20C27B94233D8FE
:10AD8000280000F071F8374E33681C00002C2FD1DA
:10AD900039002800FFF7C6FF0400431C5FD1346868
:10ADA0000094009B002B4AD1002C52D0236828002D
:10ADB000E31800990193EAF787FF019B834248D18A
:10ADC00023682800FF1A3900FFF7ACFF013040D09C
:10ADD0002368DB19236033685A68002A33D1009B4B
:10ADE000336019E0002BC9DA0C232B600020FEBD74
:10ADF0002168C91B20D40B290AD9E2192760A34274
:10AE000004D1326063681160536005E05A60F9E76D
:10AE10006268A3420ED13260280000F02DF82000B5
:10AE200007220B30231D9043C21A9842DFD01B1A11
:10AE3000A350DCE75A60EFE723006468A6E7009CB4
:10AE400063680093ADE71A005B68A342FBD100235F
:10AE5000DAE70C2328002B6000F00EF8C6E7076045
:10AE6000DAE7C046DC32002010B50248FFF758FF91
:10AE700010BDC046D432002010B50248FFF751FF84
:10AE800010BDC046D432002070B505000C1E10D095
:10AE9000043C2368002B00DAE4182800FFF7E4FFE5
:10AEA0001D4A1368002B05D1636014602800FFF76A
:10AEB000E3FF70BDA34208D9206821188B42F3D16B
:10AEC00019685B6809182160EEE71A005B68002BBF
:10AED00001D0A342F9D911685018A0420BD12068C3
:10AEE0000918501811608342E0D118685B68411856
:10AEF00011605360DAE7A04202D90C232B60D5E73A
:10AF0000206821188B4203D119685B6809182160F9
:10AF100063605460CAE7C046DC32002010B5884246
:10AF200002D98B18984208D300239A4207D0CC5CF0
:10AF3000C4540133F9E78B5C8354013AFBD210BD52
:10AF4000020010B5137814000132002BFAD1CA5C4C
:10AF5000E2540133002AFAD110BD03000A7801310E
:10AF60001A700133002AF9D17047002310B59A42B4
:10AF700000D110BDCC5CC4540133F8E7030030B5F8
:10AF80001D00002A06D00C78013A01332C700131E3
:10AF9000002CF5D100219A18934200D130BD1970D0
:10AFA0000133F9E70CB430B5184B0C001D689DB0A7
:10AFB000002908DA8B2301202B6040421DB030BCF1
:10AFC00008BC02B0184782236A469B009382002384
:10AFD00002901B930690994200D04B1E0493079356
:10AFE00001236A465B42D382280021AB209A02A942
:10AFF000019300F0A5F8431C01DA8B232B60002C91
:10B00000DCD00022029B1A70D8E7C046A8000020BE
:10B010000EB470B581239DB06A46002521AC9B001B
:10B0200040CC93821B9502900690E7F753FC0B4BA4
:10B030006A460B9301230390079009485B42D38231
:10B0400002A92300320000680F951495019400F0C6
:10B05000D1F91DB070BC08BC03B018471DAD010884
:10B06000A800002030B500240139A24201D10020FF
:10B0700005E0035D01340D5DAB42F6D0581B30BDD9
:10B08000F0B58E6885B01F000C000B68029003922B
:10B09000BE4230D80C21625E9021C9000A4228D0FD
:10B0A000032021695B1A0193636943430198DD0F13
:10B0B000ED187B1C1B186D10AB4200D91D0052050A
:10B0C00028D529000298FFF74FFE061E2CD0019AC2
:10B0D0002169FFF74AFFA289184B1A4080231343C6
:10B0E000A381019B2661F61826603E006561ED1A7A
:10B0F000A560BE4200D93E00320003992068FFF7E8
:10B100000DFF0020A3689B1BA36023689B1923608D
:10B1100005B0F0BD2A00029800F02EFE061EE0D118
:10B1200021690298FFF7B0FE0C230120029A4042E9
:10B130001360A28934331343A381E9E77FFBFFFF48
:10B14000F0B5A1B003901D008B890F0016001B06FF
:10B1500011D50B69002B0ED14021FFF705FE386099
:10B160003861002805D10C23039A13600120404266
:10B17000CFE040237B61002308AC6361203363761A
:10B180001033A376079535002B78002B01D0252BA3
:10B1900048D1AB1B0593B5420BD032003900039860
:10B1A000FFF76EFF013000D1AEE06369059A9B188E
:10B1B00063612B78002B00D1A6E0012200235242CC
:10B1C000626004A9543252186E1C2360E360A360CD
:10B1D0001370A365544B052218003178059300F0D5
:10B1E00049FD751C00281FD12268D30604D55323BE
:10B1F00004A95B1820211970130704D5532304A94F
:10B200005B182B21197033782A2B16D035000021BA
:10B210000A20E3682A786E1C303A092A50D900299E
:10B2200011D117E00135AFE7059B2268C01A012351
:10B23000834013432E002360CCE7079B191D1B6836
:10B240000791002B01DB0B9304E05B42E3600223D8
:10B25000134323602B782E2B0CD16B782A2B34D1FF
:10B26000079B02351A1D1B680792002B01DA012388
:10B270005B4209932D4E03223000297800F0FAFC3E
:10B28000002806D04023801B8340226801351343E9
:10B2900023602978062226486E1C217600F0EAFCFD
:10B2A000002838D0234B002B22D10722079B0733DD
:10B2B0009343083307936369049A9B18636162E7B9
:10B2C0004343350001219B18A4E700230A201900FD
:10B2D000013563602A786E1C303A092A03D9002BA5
:10B2E000C8D00991C6E74143350001238918F1E729
:10B2F00007AA009221003A000F4B039800E000BF1C
:10B300000490049B0133D6D1BB890D985B0600D510
:10B310002CE721B0F0BD07AA009221003A00064BAD
:10B32000039800F03BFAEBE70ACC010810CC0108C7
:10B3300014CC01080000000081B0010870B51400B1
:10B340004B1C03D101256D42280070BD938920223A
:10B350009343626BA381CEB26368CDB2002A10D052
:10B36000A26B9A4207DD2368013B23601E7063686D
:10B3700001336360E8E7210000F0C0FC0028F2D050
:10B38000E0E721692268002907D0914205D2511EC9
:10B390000878A84201D12160EAE7236423004433FE
:10B3A00063630323A36323004633E2631E702360B9
:10B3B0000123DEE710B50C00496B00290ED02300F5
:10B3C0004433994201D0FFF75FFD0020236C606396
:10B3D0006360834202D0E36B236010BD23690120C8
:10B3E00023600023A289636020331343A38140427A
:10B3F000F3E70000F0B5AB4CA5440C000021009031
:10B40000BE204691479103A94891A749400043AD0A
:10B410002950A649043043AD295002931678002ED6
:10B4200000D13CE108230820A14D571CA95D0B4029
:10B4300001421DD006006368002B0FDD23681A78D7
:10B44000AA5C324201D13A00E8E7479A013301325F
:10B45000479262682360013A6260ECE7C02243AB26
:10B46000520021009B58009898470028E6D0EAE750
:10B47000252E62D14593439353782A2B02D11A3B50
:10B480004393971C3D000A2229786F1C0B00303B28
:10B49000092B1FD9874B03221800019300F0EAFB08
:10B4A000002807D0019B3D00C01A01238340439A26
:10B4B000134343932B786F1C782B06D8572B10D847
:10B4C000252B3AD034D8002B55D00323499307338A
:10B4D000449369E0459B3D005343303B5B184593E3
:10B4E000D2E7180058382028EFD8E7F70FFA4B00BA
:10B4F000EEFFEEFF7D00EEFFEEFFEEFFEEFFEEFF54
:10B50000EEFFEEFF88007B00240024002400EEFF05
:10B510005500EEFFEEFFEEFFEEFF900059004700F2
:10B52000EEFFEEFF8E00EEFF7B00EEFFEEFF4B0026
:10B53000453B022BC9D8052335E06368002B0DDDA0
:10B5400023681A78B24200D0A9E001336268236010
:10B55000479B013A01336260479374E7C02343AAD3
:10B560005B002100D358009898470028E8D04698FF
:10B57000002800D08BE0012040428CE0202243993B
:10B580000A4343928022439992000A434392102235
:10B5900044926E2B02D905E000234493032302E07A
:10B5A00008234493042349936368002B3EDD439BA7
:10B5B0005B0608D4C0260825760023683C491A7823
:10B5C0008A5C2A423CD1499B022B4CDC2200009829
:10B5D00002AB43A900F0EEF9012860D0022800D0A8
:10B5E00031E7C4E70A22D3E7390003A800F04DFB96
:10B5F0004023439A0700134343930123D3E7402397
:10B60000439A134343930023CDE70223CBE7439AA6
:10B61000D30600D517E7029B4799181D02901B68B7
:10B62000D50701D519800EE719600CE7C02343AA9E
:10B630005B002100D358009898470028B7D096E7C0
:10B64000479A013247926268013A6260002A02DD3D
:10B6500001332360B1E743AB21009B590098984721
:10B660000028AAD083E7042B06DC2200009802AB56
:10B6700043A900F0FFF9AFE70F4B002B00D1E2E642
:10B680002200009802AB43A900E000BFA4E7A38911
:10B690005B0600D56FE7A5239B009D44F0BD46984F
:10B6A000F9E7C0466CFDFFFF3DB30108B5B30108E3
:10B6B00081EA010810CC010800000000F7B516006F
:10B6C00001938A680B690C000090934200DA130022
:10B6D0002200336043321278002A01D001333360F4
:10B6E00023689B0602D53368023333602268062341
:10B6F00015001D401A4227D0230043331B785A1EE1
:10B7000093412268920630D4220001990098089D46
:10B710004332A847013025D0062223680025134074
:10B72000042B05D13368E568ED1AEB43DB171D40A8
:10B73000A3682269934201DD9B1AED180026B542E9
:10B7400020D1002010E00135E36832689B1AAB423B
:10B75000D2DD2200012301990098089F1932B847D1
:10B760000130F0D101204042FEBD3020E1184331CC
:10B77000087021005A1C45310978A218433202335F
:10B780001170C1E72200012301990098089F1A3225
:10B79000B8470130E6D00136D1E70000F0B58BB0F4
:10B7A00006920A0043320793059003920A7E0C002A
:10B7B000109B782A09D8622A0BD8002A00D1BAE057
:10B7C0007A490491582A00D18EE0250042352A702A
:10B7D00022E0100063381528F7D8E7F797F816002D
:10B7E0001F00F6FFF6FFF6FFF6FF1F00F6FFF6FF5D
:10B7F000F6FFF6FF9F0036007E00F6FFF6FFB00072
:10B80000F6FF3600F6FFF6FF820025001A68423583
:10B81000111D196013682B7001239EE018680968D8
:10B82000021D0D060BD506681A60002E03DA2D23C3
:10B83000039A764213705D4B0A27049318E006685A
:10B840001A604906F1D536B2EFE70868196840C9B1
:10B85000050602D4400600D5B6B21960534B0A273C
:10B8600004936F2A00D1023F2300002243331A7051
:10B870006368A360002B06DB04212268039D8A43D2
:10B88000226033430CD0039D30003900E7F7D8F82D
:10B89000049B013D5B5C2B70330006009F42F3D993
:10B8A000082F09D12368DB0706D5626823699A420D
:10B8B00002DC3023013D2B70039B5B1B2361079B44
:10B8C000210000930598069B09AAFFF7F7FE0130B7
:10B8D00048D1012040420BB0F0BD202209680A4344
:10B8E0002260782232490491210045310A7019689A
:10B8F000226840C9100602D4500600D5B6B21960BD
:10B90000D30702D5202313432360002E01D0102734
:10B91000AAE72022236893432360F8E71A680D689A
:10B92000101D4969186013682E0601D5196002E0E0
:10B930006D06FBD519800023039D2361BFE71A68BC
:10B94000111D1960156800212800626800F092F945
:10B95000002801D0401B6060636823610023039AC4
:10B960001370ACE72A00236906990598079DA8473C
:10B970000130AED023689B0715D4099BE06898423C
:10B98000A9DA1800A7E72200012306990598079E67
:10B990001932B04701309CD00135E368099A9B1AEF
:10B9A000AB42F0DCE9E70025F7E7C0461BCC010815
:10B9B0002CCC0108F7B515008A680C000190002A0C
:10B9C00004D18A69002A17D10132A2602268D20606
:10B9D00003D41A68111D196017680026A069002891
:10B9E00016D001280BD12B6862691B78D35C002B21
:10B9F0000ED1002E3BD029E001225242E5E7022879
:10BA000024D12B681A4A1B78D35C082213421DD11B
:10BA1000102223680136134203D12B681B783B7038
:10BA200001372A686B6801322A60A268013B013A3B
:10BA30006B60A260002A09D0002BCFDCC0235B0022
:10BA40002900E358019898470028C7D0226810239E
:10BA5000110019401A4206D1E3680133E360A3697B
:10BA6000002B00D03970002023699B192361FEBD93
:10BA700081EA0108F0B58BB00193784B1600049071
:10BA800007AAA1CBA1C2764A8B690C000592032BB1
:10BA900001D1744B0593AE220020A3685200591EB9
:10BAA0000390914205D95E3BFF3B03935E23FF3336
:10BAB000A36023001C330093D023002722681B01BE
:10BAC00013432360009B0293336807A81978BB00D7
:10BAD0000222185800F0CEF8002829D0012F5ED19C
:10BAE0006368002B06D1083322686360F933FF33A3
:10BAF0001343236023685C4A13402360A3685A1EE3
:10BB0000A260002B14D033685A1C32601B78029A52
:10BB100013707368551C013B7360002B07DCC02356
:10BB20005B003100E3580498984700287ED10295C5
:10BB30000137032FC8D16368002B01D10A3363603A
:10BB40000027636849496069C91A00F09EF8029DA0
:10BB5000A36820680293002B3FD0316863690A789C
:10BB60009B5C002B39D0302A28D180231B0118423E
:10BB700024D0039B0137002B05D01A00029B013A09
:10BB800001330392A3607368013B7360002B1CDDDB
:10BB9000336801333360A368013BA360D8E7022F09
:10BBA000ACD1C02380212268DB00134089008B4286
:10BBB000C1D110236360F03313439EE72C4B034045
:10BBC00023600B782B700135DDE7C0235B0031006B
:10BBD000E358049898470028DDD02368DB050ED58C
:10BBE000009B9D4207D9BE23013D5B0032002978AE
:10BBF000E35804989847009B01209D4229D0216872
:10BC000010230A001A4019421CD12A706368009957
:10BC10000498059EB047019B22681B68910607D5D2
:10BC200001991A1D0A601B68186008E00027D4E714
:10BC3000191DD6070FD5019A11601B681880E3689B
:10BC40000133E3600020009BED1A2369ED195B19B5
:10BC500023610BB0F0BD019A1160E4E748C101080F
:10BC6000F9BF0108EDBE0108FFFAFFFF4DCC010846
:10BC7000FFF6FFFFC9B28218904201D10020704741
:10BC800003788B42FBD00130F6E770B50B780400E7
:10BC90005E2B19D04D1C00212200601CFF3011705A
:10BCA00001328242FBD1681E002B26D001264E4075
:10BCB0002800E6540178451C2D2909D05D291BD0A8
:10BCC00000291AD00B00F3E74B788D1C0121E3E724
:10BCD00042785D2AF6D09342F4DC1900023001313B
:10BCE00066548A42FBDC591C934202DB00228B180B
:10BCF000E0E7D21A013AFAE7280070BD0B00F7B569
:10BD00004D6B44330C009D421CD18026F60031005F
:10BD1000FFF72AF8002802D101204042FEBD23008F
:10BD20006063A66346331A78104BC2542300453330
:10BD30001A780F4BC2542A780E4BC254C018206098
:10BD40000020EBE78E6B290073001A00019300F0CE
:10BD500013F8051EE0D08719010032003800FFF704
:10BD600004F9019B27606563A363E9E7FF03000013
:10BD7000FE030000FD030000F7B506000C001500EF
:10BD8000002905D11100FEF7EFFF04002000FEBDE1
:10BD9000002A03D1FFF778F82C00F7E700F030F91C
:10BDA0000700854202D84308AB42EFD32900300098
:10BDB000FEF7DAFF0190002801D1019CE6E72A0096
:10BDC000BD4200D93A0021000198FFF7CEF82100CA
:10BDD0003000FFF759F8F0E7F0B585B017001E0006
:10BDE00003900191242B23D80C00012B20D03D4B34
:10BDF00008229C46230061461D780134485D0100FD
:10BE000011401042F6D12D2D19D125789C1C01230B
:10BE100000931022330093431DD1302D15D12021E2
:10BE200023788B43582B10D165780234102612E00A
:10BE3000FEF742FF16230360002005B0F0BD00911D
:10BE40002B2DE6D125789C1CE3E7002EEED10A3697
:10BE5000302D00D1023E244A009B944663443100B9
:10BE600018000293E6F7ECFD0022844610002B0038
:10BE7000303B092B11D81D00AE421DDD531C09D0EB
:10BE800001225242844505D301D1A94211DB01228E
:10BE90007043281825780134E9E72B00413B192B22
:10BEA00001D8373DE8E72B00613B192B04D8573DFB
:10BEB000E2E701225242EDE7531C08D12223039A04
:10BEC00002981360002FB8D0631E019307E0009B17
:10BED000002B00D04042002FAFD0002AF4D1019BAC
:10BEE0003B60AAE781EA0108FFFFFF7F10B5FFF77B
:10BEF00073FF10BDF0B51E003E4B17000C009C46B2
:10BF0000082285B003900091230061461D7801341A
:10BF1000485D010011401042F6D12D2D12D1257837
:10BF20009C1C0123029310223300934316D1302D21
:10BF30000ED1202123788B43582B09D16578023408
:10BF400010260BE002912B2DEDD125789C1CEAE701
:10BF5000002EF5D10A36302D00D1023E01203100ED
:10BF60004042E6F7E7FC0190012031004042E6F74D
:10BF700067FD00230122180094462A00303A092A5E
:10BF800012D81500AE421EDD5A1C0AD00123019AB8
:10BF90005B42824205D301D1A94211DB6346704363
:10BFA000281825780134E8E72A00413A192A01D8EF
:10BFB000373DE7E72A00613A192A04D8573DE1E7FF
:10BFC00001235B42EDE75A1C07D122220399180096
:10BFD0000A60002F09D105B0F0BD029A002A00D0F6
:10BFE0004042002FF7D0002B01D0631E0093009B2E
:10BFF0003B60F0E781EA010810B5FFF77BFF10BD59
:10C000000B1F1B68181F002B01DA0B58C018704754
:10C01000F8B5C046F8BC08BC9E467047F8B5C046A7
:08C02000F8BC08BC9E46704705
:10C02800AD033805B902B904B9023805B902C50526
:10C038000203B904020338050203C5055403B90411
:10C04800540338055403C505B902610602036106A5
:10C0580054036106AD036106AD03B904AD03C5051C
:10C0680080020020000100007C020020D31F002075
:10C07800D41F0020D51F0020D61F0020AF2000208D
:10C088005800C337720065307000C3005D00000DB2
:10C0980059006880590068005A0055555B0055558D
:10C0A8005C0030AA5800C337720065307000E000A9
:10C0B8005D00001A59006880590068005A005555FB
:10C0C8005B00AA555C0030AA003E22414141414133
:10C0D80041414141414141417F003C4242422400AB
:10C0E800BDC30108B1C2010870C401086FC20108CC
:10C0F8004C31004C32004C33004C34004C35004D70
:10C1080000004800004C4F5731004C4F5732004C4C
:10C118004F5733004C4F5734004C4F5735004D495B
:10C128004400004849474800B6C2010841C6010812
:10C138006DC401085FC4010864C4010868C401082B
:10C148004FCC01086AC7010852CC0108EFFFF7FF7E
:10C15800CBFFFBFFFF0352454C4541534500414C83
:10C168004C204B45595300564F4C544147450057B6
:10C17800454C434F4D45004D4142554841592100DA
:10C1880025732045646974696F6E006F6B67625030
:10C19800473A2C41372517E4CBB59F002E2D2E2E7C
:10C1A800002E2D2D2D2D002E2E2D2D2D002E2E2E38
:10C1B8002D2D002E2E2E2E2E002D2E2E2E2E002D25
:10C1C8002D2D2E2E002E2D2E2D2E2D002D2D2E2EEA
:10C1D8002D2D002E2E2D2D2E2E002E2D2D2D2D2EDB
:10C1E800002D2E2D2E2D2D002D2E2D2D2E002D2EF9
:10C1F8002D2D2E2D002E2D2E2E2E002D2D2D2E2EBA
:10C208002E002D2E2D2E2D2E002D2E2E2E2D002DD6
:10C218002E2E2E2E2D002E2E2D2D2E2D002E2D2E97
:10C228002E2D2E002E2E2E2D2E2E2D002E2D2D2E87
:10C238002D2E002533752E253035750076372E3690
:10C248002E31304300313233343500353433323116
:10C25800005D5D0043482D25303475004E554C4C2B
:10C268000043544353530044435300442530336F31
:10C27800256300554E4C4F434B204B4559424F4187
:10C28800524400253364002520346420257300536C
:10C298002564002B25303264004625752B00462581
:10C2A80075004558004F46460054544E0043570009
:10C2B8004245414D205458004245414D20525800B6
:10C2C800503100503200556E6B6E6F776E005453CC
:10C2D80051004C4F57204241545445525900507216
:10C2E80065737320455849540053636E526E670056
:10C2F8003E257300555342003E3E00252E34730000
:10C30800252E2A732E252E337300253033752E25BE
:10C318003035750025752E25750025642E2530329B
:10C32800754B0025644B004D4F4E490053514C2529
:10C33800640025302A752F25750044544D46202564
:10C3480073004368617267652025752E2530327544
:10C3580056202575252500212121202573202121FE
:10C3680021004D44433A20257300556E69743A20E4
:10C37800307825303458005072657373206B6579B6
:10C3880020746F206469736D697373004172673A32
:10C398002030782530325800436C6F736520696E01
:10C3A800202575207365630056464F2025730022AB
:10C3B8002214140808003C26252525263C003E1C8E
:10C3C80008003E3E1C1C0808002425262122273A86
:10C3D8003B3F5E607C7B7D5F0053454E5400574178
:10C3E8004954494E47005245434549564544004D36
:10C3F800454D2046554C4C004552524F520053452E
:10C408004E44494E47005374617475730041636B21
:10C418006E6F776C656467650052657175657374D6
:10C4280000526573657276656400436F6D6D616E69
:10C438006400456D657267656E637900456D657268
:10C4480067656E63792B4F7000456D657267656E21
:10C4580063792B41636B0057494445004E415200B4
:10C468004E41522B004E2B00444352004255535923
:10C4780000424154204C4F570054582044495341DE
:10C48800424C450054494D454F555400414C41528A
:10C498004D00564F4C54204849474800464C41549B
:10C4A80000434C45414E004D494400424F4F5354C0
:10C4B800004D41580053484152500053544F434B8C
:10C4C800004F50454E002030002E2C2D2829402F9B
:10C4D8005C2B3D2A233C3E5B5D7E3100616263320A
:10C4E80000646566330067686934006A6B6C350000
:10C4F8006D6E6F3600707172733700747576380020
:10C508007778797A39004E4F4E4500464C4153486A
:10C518000A4C4947485400504F574552004D4F4E1A
:10C5280049544F5200564F5800464D2052414449F5
:10C538004F0031373530487A004C4F434B0A4B4552
:10C54800595041440056464F20410A56464F204212
:10C558000056464F0A4D454D005258204D4F444510
:10C56800004D41494E204F4E4C5900574944450A09
:10C578004E4152524F570052585458204C4F470082
:10C588004D5554450052784100504F5745520A487E
:10C598004947480052454D4F56450A4F4646534570
:10C5A80054004245414D004E4F204C4F47005459CE
:10C5B8005045204D4553534147450050524553532C
:10C5C8002050545400536176653F005363616E20D8
:10C5D8004661696C656400467265713A2D2D2D2E91
:10C5E8002D2D2D2D2D00546F6E653A2D2D2D0054B7
:10C5F8006F6E653A4E6F6E6500536176653A004618
:10C608007265713A25752E253035750043544353AC
:10C61800533A25752E2575487A004443533A4425E4
:10C6280030336F4E00534156453F0044454C3F0060
:10C6380056464F004D2D5343414E00464D0025644C
:10C6480025732D25644D004D5228434825303275F9
:10C65800290056464F284348253032752900412D78
:10C668005343414E282575290043482D25303275FE
:10C67800002533642E256400252E33732E252E3194
:10C688007300253373002534736B004D4F4E00251E
:10C698007557504D20257320432575004149522078
:10C6A800434F505928524459290041495220434F79
:10C6B80050590041495220434F505928434D502961
:10C6C80000252E33732E252E3373004D454D20251E
:10C6D800303375202D202530337500536574746907
:10C6E8006E6773005243563A253032752E25303224
:10C6F80075252520453A256400534E443A253032A5
:10C70800752E2530327525250052583A00434C4580
:10C718004152204C4F4700535552453F0053392B47
:10C7280025303275005325750025752E2530327554
:10C7380000253032753A2530327500414243006198
:10C74800626300313A25750025752A3130306D73E2
:10C758000057494B490050524F46494C450030302C
:10C76800302F303000574149542100253032752F81
:10C778002575002B25752E257564420025642E2508
:10C788003032756B487A00555345520025730A2597
:10C79800735700442530336F49002533642E253004
:10C7A800357500252E33732E252E33732020004D2A
:10C7B800487A0053544F5000434152524945520A57
:10C7C80025303264733A253033646D730054494D13
:10C7D800454F55540A253032646D3A25303264731A
:10C7E80000253032752028252E33732900252E3850
:10C7F800730A252E38730025642A31306D73004E74
:10C80800375349580025730A2573002533732025AB
:10C81800642025640025643A25643A25640025735C
:10C8280020253264202530346400253032643A25CE
:10C838003032643A25303264004255494C44004D48
:10C84800454D4F525900464C4153482025752E25D9
:10C85800752525005352414D202025752E25752517
:10C868002500524541440A4D414E55414C0025751D
:10C878002E25303275560A2575002564683A25300C
:10C8880032646D00496E736964650A46204C6F63B3
:10C898006B0A506C616E0025302A752F2530327571
:10C8A8000025302A752F2D2D0030785F5F5F5F00DF
:10C8B800264949494932004D2025732F25730041E7
:10C8C8003A2573202563002575780025752E2530B7
:10C8D8003575207F25752E253032756B00533A202B
:10C8E80025750025642064426D002564644200FFBC
:10C8F800FFFFFFFFFFFFFF005745414B004E4F5220
:10C908004D00535452470031322E3500362E323501
:10C91800004C4E4173004C4E410050474100536556
:10C92800617263682046726571005365617263685D
:10C9380020546F6E65005363616E20436F6D706C99
:10C94800657465004A616E00466562004D6172005B
:10C95800417072004D6179004A756E004A756C002D
:10C9680041756700536570004F6374004E6F760021
:10C97800446563004B45595F4D454E55004B45593D
:10C988005F5550004B45595F444F574E004B455932
:10C998005F45584954004B45595F53544152004E26
:10C9A8004152524F574552004E4F524D414C00464E
:10C9B8004153540054494E5900434C415353494341
:10C9C800004B4559530A414354494F4E53004B4578
:10C9D80059530A505454004B4559530A414354493A
:10C9E8004F4E530A50545400534F554E4400564925
:10C9F8005355414C004F4E4550555348004C454601
:10CA0800540A52494748540A55562D4B310055503F
:10CA18000A444F574E0A55562D4B3528382900449D
:10CA2800454641554C542B0A3133372D3137340A9A
:10CA38003430302D343730004643432048414D0AC6
:10CA48003134342D3134380A3432302D3435300015
:10CA580043412048414D0A3134342D3134380A34A9
:10CA680033302D3435300043452048414D0A3134A8
:10CA7800342D3134360A3433302D343430004742C3
:10CA88002048414D0A3134342D3134380A3433309A
:10CA98002D343430003133372D3137340A343030C7
:10CAA8002D343330003133372D3137340A343030B8
:10CAB8002D34333800504D522034343600474D520F
:10CAC800530A4652530A4D55525300444953414262
:10CAD8004C450A414C4C00554E4C4F434B0A414C77
:10CAE8004C00313630306D4168204B3500323230E1
:10CAF800306D4168204B3500333530306D4168204A
:10CB08004B3500313430306D4168204B31003235BF
:10CB180030306D4168204B3100524F474552004D2F
:10CB28004443004D44432D31323030004C4F474F81
:10CB38000050455243454E5400555020434F4445FC
:10CB480000444F574E20434F44450055502B444F07
:10CB5800574E0A434F44450041504F4C4C4F0A51E1
:10CB680055494E444152004348414E4E454C0A4EA9
:10CB7800554D424552004E414D45004E414D450AE6
:10CB88002B0A46524551004D41494E0A4F4E4C59C9
:10CB9800004455414C2052580A524553504F4E4478
:10CBA8000043524F53530A42414E44004D41494EAF
:10CBB8002054580A4455414C205258004C4F474F76
:10CBC8002B004D41545249580054582F5258003C9C
:10CBD8002032306D003132356D003235306D003520
:10CBE80030306D004C4F572031004C4F57203200E9
:10CBF8004C4F572033004C4F572034004C4F572090
:10CC08003500232D302B2000686C4C006566674585
:10CC180046470030313233343536373839414243AC
:10CC2800444546003031323334353637383961625D
:10CC38006364656600412D46612D663839303132AE
:10CC480033343536375D002B2D007858002E2C3FB5
:10CC58003100414243320044454633004748493495
:10CC6800004A4B4C35004D4E4F3600505152533709
:10CC780054555638005758595A39040404040404C2
:10CC8800050405050A0F14191E23282D3207080963
:10CC98000A0B0C0D000102060E03040F10051112F9
:10CCA8001314151617414243442A230040771B00EA
:10CCB80080CBA40080CBA400A00BD100A00BD10096
:10CCC800C0800901C0800901C00E1602C00E1602FC
:10CCD800005A6202005A6202C029CD02C029CD0260
:10CCE80080A4BF0741000000FAC10108420000000B
:10CCF80005C201084300000036C2010844000000D4
:10CD0800C9C1010845000000E7C10108460000004C
:10CD180027C2010847000000E5C1010848000000DB
:10CD2800C2C1010849000000CAC101084A00000048
:10CD3800B0C101084B000000F9C101084C00000017
:10CD4800A4C101084D000000EBC501084E00000019
:10CD5800E6C101084F000000EAC5010850000000C4
:10CD6800F1C1010851000000F8C10108520000009B
:10CD780037C201085300000006C201085400000031
:10CD880050CC01085500000030C2010856000000D0
:10CD980012C2010857000000ECC101085800000049
:10CDA8002FC2010859000000EBC101085A00000019
:10CDB800C8C1010830000000E8C5010831000000C2
:10CDC800A9C1010832000000AFC10108330000000A
:10CDD800B5C101083400000018C201083500000080
:10CDE800BBC1010836000000C1C1010837000000BE
:10CDF80004C2010838000000C7C10108390000005A
:10CE0800E3C101082E000000CDC101082C0000007C
:10CE1800D4C101083F000000DBC101082700000061
:10CE2800E2C1010821000000E9C101082F0000004B
:10CE380026C2010828000000F0C1010829000000EE
:10CE4800F6C1010826000000FDC101083A000000F3
:10CE580003C201083B0000000AC201083D000000AF
:10CE680011C201082B0000000BC201082D000000B0
:10CE780017C201085F0000001EC20108220000005E
:10CE880025C20108240000002CC20108400000004F
:10CE980034C20108FA00F4017102E803E204C4098B
:10CEA8004103010005000A001900320064007D00FA
:10CEB8008403DC05D007B80B88131027D430204E24
:10CEC800A86150C3DDAA000859190108A921010861
:10CED80095500108AD670108E171010899BF000884
:10CEE800C1BF0008B1BF000800000000B9BF0008BA
:10CEF800D9BF0008EBBF0008F3BF00081F111F15BA
:10CF08001F151D151717151D1F041F1B151B0E11A7
:10CF18000E110A047DB80008AD270108F12E00089B
:10CF2800D15F0008F5670008492F00087DB80008A0
:10CF38001D470008A92E00082133000851330008B6
:10CF4800E5380008252F00087DB80008712F000873
:10CF5800AD2F000801300008AD3500080D4E00085F
:10CF6800714600086D350008213000083D30000882
:10CF7800556A010879450108A2C0A1A6A424811F09
:10CF88002F40AF121113130A0104070B0205080CF6
:10CF98000306090D0E000F00081018203048689687
:10CFA800C8FF081C3044586C8000000000093D0090
:10CFB80000127A000024F4004086510100366E0108
:10CFC80000093D0000093D0000093D000000000087
:10CFD8000000000000000000000000000000000049
:10CFE8000000000000000000000000000100000038
:10CFF800020000000300000004000000060000001A
:10D008000700000008000000090000000000000000
:10D018000000000000000000000000000100000007
:10D0280002000000030000000400000012010002DA
:10D03800EF020140B736FFFF0001010203010902B8
:10D048004B000201008032080B00020202010009B5
:10D058000400000102020102052400100105240158
:10D0680000010424020205240600010705830308C1
:10D07800000A09040100020A000000070502024034
:10D08800000007058102400000040309040A035058
:10D09800005500590041001C03500055005900413B
:10D0A8000020004300440043002000440045004D98
:10D0B800004F0016033200300032003200310032D7
:10D0C8000033003400350036000041706558004ECA
:10D0D800375349582076372E362E3130430000001A
:10D0E800313400087DB800087DB800085560000894
:10D0F800653C0008C53400087DB800086B03F802D9
:10D10800F8028002380438048403F8025374657006
:10D1180000000001506F77657200000252784443A6
:10D128005300000352784354435300045478444353
:10D1380053000005547843544353000654784F4431
:10D148006972000754784F6666730008572F4E00BF
:10D158000000000A42757379434C000B436F6D70F1
:10D168006E6400204D6F64650000003154584C6FA8
:10D17800636B000C43684C697374001B436853610C
:10D188007665000D436844656C65000E43684E6122
:10D198006D65000F53634C697374002253635072BA
:10D1A8006900002350726943683100245072694352
:10D1B8006832002553636E5265760019463153680C
:10D1C8007274004746314C6F6E67004846325368A8
:10D1D8007274004946324C6F6E67004A4D204C6F9E
:10D1E8006E67004B4B65794C636B001A5478544F4B
:10D1F8007574000942617453617600114261745478
:10D20800787400304D6963000000001E4D69634268
:10D218006172001F4368446973700010504F6E4D6F
:10D228007367002C424C54696D650013424C4D697C
:10D238006E000015424C4D6178000016424C54783F
:10D24800527800144265657000000018526F6765D7
:10D258007200002D4D4443204944002E535445008C
:10D268000000001C525020535445001D31204361DA
:10D278006C6C00215550436F646500264457436F1A
:10D2880064650027505454204944002844205354CE
:10D298000000002944205072656C002A44204C6923
:10D2A8007665002B564F58000000001253797349D9
:10D2B8006E66002F52784D6F6465001753716C00CD
:10D2C800000000005365745077720036536574503F
:10D2D80054540037536574544F540038536574459B
:10D2E8004F540039536574437472003A5365744956
:10D2F8006E76003B5365744C636B003C5365744D0C
:10D308006574003D536574475549003E5365745232
:10D3180078410045536574546D72003F5365744FEE
:10D32800666600355365744E464D00415365745624
:10D338006F6C00425365744B6579004353657453B1
:10D34800636E0040536574536176004D46204C6F00
:10D35800636B003333353020456E003442617443CB
:10D36800616C0046426174547970004C5365744E88
:10D378006176004452657365740000320000000055
:10D38800000000FF55562D4B35204669726D7761B8
:10D3980072652C2045475A554D45522B4E375349F7
:10D3A800582076372E362E3130430D0A0000000003
:10D3B8001F0000001C0000001F0000001E000000ED
:10D3C8001F0000001E0000001F0000001F000000DA
:10D3D8001E0000001F0000001E0000001F000000CB
:10D3E800E1C30108E6C30108EEC30108F7C3010859
:10D3F80000C4010806C401080EC4010815C40108C8
:10D4080021C4010829C4010832C401083AC401082A
:10D4180044C4010851C40108464D0000414D0000B4
:10D4280055534200BDC3010874C4010879C40108FA
:10D4380081C401088CC4010894C401089AC4010875
:10D44800A4C40108A9C40108AFC40108B3C40108F1
:10D45800B9C40108BDC40108C3C40108C9C401088E
:10D46800000000000000003E3E1C1C0808000000F0
:10D47800000017000300031F0A1F0A1F05190413E1
:10D488000F171C000300000E11110E000502050401
:10D498000E041008000404040010001804031E11F0
:10D4A8000F021F0019151211150A07041F17150975
:10D4B8001E151D1905031F151F17150F000A00104B
:10D4C8000A00040A110A0A0A110A040115030E15B2
:10D4D800161E051E1F150A0E11111F110E1F1515F8
:10D4E8001F05050E151D1F041F111F1108100F1F02
:10D4F800041B1F10101F061F1F0E1F0E110E1F05E5
:10D50800020E191E1F0D16121509011F010F101FFB
:10D518000718071F0C1F1B041B031C031915131FD7
:10D52800111102040811111F02010210101001024A
:10D53800001A161C1F120C0C12120C121F0C1A16B1
:10D54800041E050C2A1E1F021C001D0010201D1F92
:10D558000C12111F101E0E1E1E021C0C120C3E1265
:10D568000C0C123E1C0202141E0A021F120E101E80
:10D578000E180E1E1C1E120C1206281E1A1E160449
:10D588001B11001B00111B04020301121712FCFEE1
:10D59800FE06060606FEFEFC3F7F7F606060607F39
:10D5A8007F3F0000181CFEFEFE00000000006060C7
:10D5B8007F7F7F6060001C1E1E06060686FEFE7CBE
:10D5C8006070787C6E67636160600C0E0E8686867C
:10D5D80086FEFE7C307070616161617F7F3E80C035
:10D5E800E070381C0EFEFEFE0F0F0F0C0C0C0C7FAB
:10D5F8007F7FFEFEFEC6C6C6C6C6C6863070706091
:10D608006060607F7F3FF8FCFEC6C6C6C6C6C6809F
:10D618003F7F7F606060607F7F3F0E0E0E0606864C
:10D62800E6FE7E1E000000007C7F7F0300007CFE7B
:10D63800FE86868686FEFE7C3F7F7F616161617F14
:10D648007F3FFCFEFE06060606FEFEFC01636363E2
:10D658006363637F3F1F00808080808080808000BC
:10D668000001010101010101010000005E5E0000EE
:10D67800060600060600143E143E14002E6B7F6B4F
:10D688003A006333180C6663304B4D552250000046
:10D6980007070000001C3E6341000041633E1C0078
:10D6A800002A1C1C2A0018187E7E181800406020CA
:10D6B80000000018181818000000606000006030B2
:10D6C800180C06033E7F63637F3E64667F7F60605D
:10D6D80062737B7B6F6663636B6B7F36383C367F28
:10D6E8007F306F6F6B6B7B333E7F6B6B7B320303DB
:10D6F800737B0F07367F6B6B7F36066F6B6B7F3ED6
:10D7080000006C6C000000406C2C000008142241E2
:10D718000000363636363600004122140800060767
:10D72800535B1F0E307B6B7B7F3E7E7F1B1B7F7E98
:10D738007F7F6B6B7F363E7F636363367F7F636378
:10D748007F3E7F7F6B6B6B637F7F1B1B1B033E7F63
:10D75800636B7B3A7F7F0C0C7F7F63637F7F6363A0
:10D768003073637F3F037F7F1C3663417F7F606038
:10D7780060607F7F06067F7F7F7F0C187F7F3E7FFC
:10D7880063637F3E7F7F1B1B1F0E3E7F63737F7E1D
:10D798007F7F1B3B7F66666F6B6B7B3303037F7FEB
:10D7A80003033F7F60607F3F1F3F60603F1F3F7FF5
:10D7B80030307F3F63771C1C7763070F78780F073B
:10D7C80063737B6F6763007F7F63630001020408F4
:10D7D80010600063637F7F000C0E03030E0C606013
:10D7E80060606060000307060000207656567E3CA5
:10D7F8007F7F6C6C7C38387C6C6C6C00387C6C6C13
:10D808007F7F3C7E56565E0C7E7F1B1B02000C5EA3
:10D8180056567E3C7F7F0C0C7C7800007A7A00009C
:10D828003060607D3D007F7F183C7E66003F7F4012
:10D8380000007C7C18187C7C7C7C0C0C7C783C7E02
:10D8480066667E3C7E7E36363E1C1C3E367E7E609C
:10D858007C7C0C0C18004C5E565676203F7F6C6C16
:10D8680060003C7C60607C3C0C3C70703C0C3C7CF8
:10D8780030307C3C446C38386C44066E68687E3EB8
:10D8880066767E6E6600083E7741000000007F00E5
:10D8980000000041773E08000C060C180C00000040
:10D8A8005E000000000600060000143E143E14004E
:10D8B80026497F493200631308046261304B4D5595
:10D8C8002250000007070000001C22410000004110
:10D8D800221C0000002A1C1C2A0008083E08080018
:10D8E8000040602000000008080808000000606090
:10D8F80000004020100804023E414141413E0040E2
:10D90800427F40406251514949462241494949367E
:10D91800181412117F102745454545393E49494994
:10D9280049320101710905033649494949364649D1
:10D938004949291E00006C6C000000406C2C000056
:10D948000814224100001414141414000041221475
:10D958000800020151090600304A4A523C007E097B
:10D968000909097E7F49494949363E4141414122D9
:10D978007F414141413E7F49494949417F09090960
:10D9880009013E414949493A7F080808087F414151
:10D998007F4141002041413F01017F080C12214095
:10D9A8007F40404040407F020404027F7F02040819
:10D9B800107F3E414141413E7F09090909063E4128
:10D9C8005161413E7F090919294626494949493289
:10D9D80001017F0101003F404040403F073840407F
:10D9E80038073F403030403F631408081463070885
:10D9F80070080700615149454341007F41410000DB
:10DA0800010204081060000041417F000402010285
:10DA180004004040404040400003070600002054F6
:10DA2800545478007F44444438003844444428001F
:10DA3800384444447F003854545448007C0A0A0A45
:10DA48000200585454543C007F0404047800000039
:10DA58007A0000002040403D0000007F102844006C
:10DA680000003F4000007C047C0478007C0404042F
:10DA780078003844444438007C141414080008140E
:10DA880014147C407C0404040800085454542000F6
:10DA98003F44444440003C4040403C000C3040304F
:10DAA8000C003C4030403C004428102844000C50F6
:10DAB80050503C004464544C440008364100000077
:10DAC80000007F000000000041360800040204083E
:10DAD8000400000000FCFC00000000000D0D000028
:10DAE800000F1F00001F0F0000000000000020F8BA
:10DAF800F820F8F820020F0F020F0F0270F8888E36
:10DB08008E9810040C0838380F0730300080C06039
:10DB1800300C060301000C0C80D87CE4BCD840070C
:10DB28000F0808070F0800101F0F00000000000072
:10DB3800000000000000F0F80C0400000003070CCF
:10DB480008000000040CF8F0000000080C070300AF
:10DB58000080A0E0C0E0A0000002030103020080F2
:10DB680080E0E08080000000030300000000000067
:10DB78000000000000101E0E000080808080808061
:10DB8800800000000000000000000000000000000D
:10DB980000000C0C000000000080C060300C060380
:10DBA80001000000F8FC040404FCF8070F0808084A
:10DBB8000F07001018FCFC00000008080F0F0808E9
:10DBC800181C0484C47C380C0E0B09080808181C9F
:10DBD800444444FCB8060E0808080F0780C06030AB
:10DBE80018FCFC01010101010F0F7C7C444444C472
:10DBF80084040C0808080F07F0F84C4444C4800754
:10DC08000F0808080F0704040484E47C1C00000EB5
:10DC18000F010000B8FC444444FCB8070F0808088A
:10DC28000F0778FC848484FCF8000808080C0703B4
:10DC38000000003030000000000006060000000070
:10DC480000303000000000080E0600000080C060B0
:10DC580030180800000103060C08404040404040CE
:10DC680040020202020202020008183060C080006E
:10DC7800080C06030100383C0484C47C380000000A
:10DC88000D0D0000F0F808C8C8F8F0070F080B0BD6
:10DC98000B01F8FC848484FCF80F0F0000000F0FC0
:10DCA800FCFC444444FCB80F0F0808080F07F8FCB4
:10DCB8000404041C18070F0808080E06FCFC0404DA
:10DCC8000CF8F00F0F08080C0703FCFC444444044C
:10DCD800040F0F0808080808FCFC44444404040F17
:10DCE8000F0000000000F8FC0484849C98070F08CB
:10DCF80008080F07FCFC404040FCFC0F0F00000028
:10DD08000F0F000004FCFC04000000080F0F0800BF
:10DD180000000004FCFC04060E08080F0700FCFCC9
:10DD2800E030180C040F0F0103060C08FCFC00007F
:10DD38000000000F0F0808080808FCFC187018FC01
:10DD4800FC0F0F0000000F0FFCFC60C080FCFC0FF4
:10DD58000F0000010F0FF8FC040404FCF8070F087B
:10DD680008080F07FCFC848484FC780F0F0000006F
:10DD78000000F8FC040404FCF8070F080C0C1F173B
:10DD8800FCFC848484FC780F0F0103060C08387CA3
:10DD9800444444CC88060E0808080F07000404FC15
:10DDA800FC04040000000F0F0000FCFC000000FC55
:10DDB800FC070F0808080F077CFC800080FC7C002B
:10DDC800030F0C0F0300FCFC008000FCFC0F0F0687
:10DDD80003060F0F0C3CF0C0F03C0C0C0F030003C3
:10DDE8000F0C003C7CC0C07C3C0000000F0F000002
:10DDF800040484C4643C1C0E0F09080808080000C9
:10DE0800FCFC04040000000F0F0808003870E0C094
:10DE18008000000000000103070E00000404FCFC61
:10DE280000000008080F0F00080C0603060C080085
:10DE3800000000000000000000000000002020207A
:10DE4800202020200000030704000000000000003C
:10DE5800000000A0A0A0A0E0C0070F0808080F0F4E
:10DE6800FCFC202020E0C00F0F0808080F07C0E0C6
:10DE78002020206040070F0808080C04C0E020207C
:10DE880020FCFC070F0808080F0FC0E0202020E046
:10DE9800C0070F09090909012020F8FC24240400FF
:10DEA800000F0F000000C0E0202020E0E0074F48EE
:10DEB80048487F3FFCFC202020E0C00F0F000000F6
:10DEC8000F0F000020ECEC00000000080F0F080006
:10DED8000000000020ECEC00307040407F3FFCFC6C
:10DEE8000080C060200F0F0103060C08000004FC2E
:10DEF800FC00000000080F0F0800E0E020E020E030
:10DF0800C00F0F000F000F0FE0E0202020E0C00F2F
:10DF18000F0000000F0FC0E0202020E0C0070F080E
:10DF280008080F07E0E0202020E0C07F7F080808ED
:10DF38000F07C0E0202020E0E0070F0808087F7FD7
:10DF4800E0E060202020200F0F0000000000C0E06B
:10DF5800202020202008090909090F062020FCFCA0
:10DF68002020000000070F080808E0E0000000E09B
:10DF7800E0070F0808080F0FE0E0000000E0E000ED
:10DF8800030F0C0F0300E0E0008000E0E0070F083B
:10DF98000F080F0760E0800080E0600C0E030103AB
:10DFA8000E0CE0E0000000E0E0074F4848487F3FE3
:10DFB800202020A0E060200C0E0B090808080000B3
:10DFC80040F8BC0404000000070F0808000000BC6B
:10DFD800BC00000000000F0F0000000404BCF84063
:10DFE800000008080F070000080C040C080C0400C7
:10DFF80000000000000003081018202830383F00F7
:10E00800A2F14674A46144658A4E44E084EA0003A0
:10E0180090990990A931000590990990A9310003B8
:10E0280090994688C038099000320990A933099020
:10E0380000364685F03A6685003D19130D09060439
:10E04800140F0A0806043C0364002E036100F8025A
:10E058001900D90206007602000000000000000046
:10E068000000400364002D035F00E4023C00C3028B
:10E078001500AA0205007602000000000000450312
:10E0880064003A035F00EE023200BC0219006C0221
:10E09800050058020000000000003C0364002D0346
:10E0A8006100F6021900D6020600760200000000A0
:10E0B8000000000000004703640032035F00E9022B
:10E0C8003700BF0219009C0205006F020000000023
:10E0D80000009E02B502CF02E80202031D033903C5
:10E0E800560375039303B403CE03E8030B0430040B
:10E0F80055047C04A404CE04F904260555058505B9
:10E10800B605EA051F063E06560677068F06B106CF
:10E11800CA06ED0607072B0746076B078807AE07F1
:10E12800CB07F30711083B088508D108F308200935
:10E138007209C709ED0913001500160019001A0025
:10E148001E002300270029002B002C003500390071
:10E158003A003B003C004C004D004E005200550078
:10E1680059005A005C00630065006A006D006E008B
:10E17800720075007A007C0085008A009300950083
:10E188009600A300A400A500A600A900AA00AD005F
:10E19800B100B300B500B600B900BC00C600C900A4
:10E1A800CD00D500D900DA00E300E600E900EE0072
:10E1B800F400F500F90009010A010B011301190126
:10E1C8001A01250126012A012C012D0132013401F1
:10E1D80035013601430146014E01530156015A01EA
:10E1E8006601750186018A019401970199019A01D6
:10E1F800AC01B201B401C301CA01D301D901DA01EA
:10E20800DC01E301EC01000000000000E8033C0031
:10E218000100F4013C00020090011E000100F4011D
:10E228001E00010058021E00010070033C0003009C
:10E23800CEC40108D1C40108E4C40108E9C4010836
:10E24800EEC40108F3C40108F8C40108FDC40108BC
:10E2580003C5010808C501080EC501080000000033
:10E2680013C50108010000001FC5010802000000D5
:10E2780025C50108030000003EC60108040000008F
:10E288002DC501080500000031C501080700000080
:10E298003AC501080800000041C50108090000004E
:10E2A8004DC501080A00000059C501080B0000000F
:10E2B80064C501080C00000061C501080E000000DB
:10E2C80069C501080F000000ECC901081000000032
:10E2D80073C50108110000007FC501081700000080
:10E2E80088C50108130000008DC50108140000004E
:10E2F80091C50108150000009CC501081600000022
:10E30800AAC5010818000000DFE5EBF1F7FAFD00E7
:10E31800E8EDF2F7FAFCFE00EDF0F50000A070A1C0
:10E3280001000E886E8801000090D6900100003828
:10E33800004000000078008000000087008801008D
:10E348000030003800000070007800000086008768
:10E3580001000028003000000068007000000085FF
:10E36800008601000020002800000060006800000E
:10E37800008400850100001800200000005800609B
:10E388000000008300840100001000180000005005
:10E3980000580000008200830100000800100000FF
:10E3A80000480050000000810082010000000008C1
:10E3B80000000040004800000080008101000000CB
:10E3C80024E3010803000C0036E3010803004400BD
:10E3D80048E30108030044005AE30108030044002D
:10E3E8006CE30108030044007EE3010803004400D5
:10E3F80090E3010803004400A2E30108030044007D
:10E40800B4E30108030044002830484058205C3435
:10E418002A2A455449414E4D53555257444B474F6C
:10E428004856462A4C2A504A425843595A512A2A91
:10E4380035342A332A2A2A322A2A2B2A2A2A2A3106
:10E44800363D2F2A2A2A2A2A372A2A2A382A3930D0
:10E458004102024204014304054403014501004608
:10E4680004044703034804004902004A040E4B030E
:10E47800054C04024D02034E02014F0307500406E7
:10E4880051040B520302530300540101550304566F
:10E49800040857030658040959040D5A04033005A3
:10E4A8001F31051E32051C330518340510350500CB
:10E4B80036050137050338050739050F2F05093FCC
:10E4C800060C2E062A2C06333D05112D06212B0598
:10E4D8000A28050D26050264320A000000C9010851
:10E4E80005C901080AC9010879736D67615B554F51
:10E4F800493F0000000000000000000020E3010880
:10E508000400000018E301080800000010E30108F7
:10E51800080000000008020A0C040E06030B01099B
:10E528000F070D0530373D4347487E0016C90108DF
:10E538000FC9010814C9010818100A002836087FF5
:10E54800584858005800580058005800582458484F
:10E55800486C486C087F28362836283628362836EE
:10E5680001000A0032006400FA00F401710241035C
:10E57800E803E204DC05D007C4098813102700006B
:10E5880000000000000000000000000019C9010898
:10E5980013080300010000001EC901081305070045
:10E5A8000100000022C90108130007000100000053
:10E5B800166C14E62E910D402135D5401303E980E1
:10E5C80008E4010800E40108F8E30108F0E30108A1
:10E5D800E8E30108E0E30108D8E30108D0E3010813
:10E5E800C8E301080800801001020000C0401F0AAB
:10E5F8002E00FF02115B00001E41000000CE00004B
:10E608000000001097310000FF135298000000002E
:10E6180008000000E151BCA84526E400D81C503A87
:10E62800E0EA003000020000166C14E62E910D405E
:10E638002135D5401303E9800000000000000010D8
:10E648000010000000100010002000000020001042
:10E6580000300000003000100040000000400010B2
:10E668000050000000500010006000000060001022
:10E6780000700000007000100080000000806E082C
:10E68800009000000090D60000A0000000A07001DB
:10E698000000010000B000020010010000C00010DE
:10E6A800D1FE00084D780108F145010865470108C9
:10E6B80059550108B5750108001C274444444427EE
:10E6C8001C0C12216D796D21120C0C1221616161F3
:10E6D80021120C1C1C1422417F0022140814227FD2
:10E6E80000767676767E7F7C464545454545467C70
:10E6F800003E41414122007F40404040003E4141B0
:10E70800413E007F09090906001F2040201F0063C1
:10E7180014081463007F021C027F003E4141413E01
:10E72800006314081463007F49494936007F41415A
:10E73800413E003F4038403F007F091929460041CB
:10E748002214080008142241007F09192946003EB6
:10E758004141413E007F09090906002649494932DD
:10E7680026C9010832C901083EC901084CC9010877
:10E7780050C9010854C9010858C901085CC90108F1
:10E7880060C9010864C9010868C901086CC90108A1
:10E7980070C9010874C9010878C901087F415D5D25
:10E7A8005D417F006F8B472CE134F82C5E8BF8932A
:10E7B800E1B6658D4A007F415D5D5D417F5B1FBAB3
:10E7C800EED99F559874E21A0D963DA50D69C2A51C
:10E7D800F296F9595FDC4A146318D94755112C028F
:10E7E800D86467755594537F450D963DA50D69C24C
:10E7F800A5F296DF19F75FC215BC552A444411FDEE
:10E808000575757505FD019A38370D963DA50D6995
:10E81800C2A5F296CBC081DF1175117F3E6437180F
:10E828007FEB1523017F415D5D5D417F006A0F74B9
:10E838000ED2B074B16D1859157986CE1543007F84
:10E84800415D5D5D417FCD5D8365E7C655BD6B3F2D
:10E85800A91CA5E069E34A15062AFECECA3A70D972
:10E86800EAF55C158A6722FF25AEB630F855DD0754
:10E87800B6C21CA5E069C46615842B72E8E92311A9
:10E88800CDE6C191E6887722FD0474747405FD0114
:10E89800F7AE811CA5E06954FE37222BEAAAA78DA2
:10E8A8005F3155B13FCECA24337F538EA300011A7E
:10E8B8001C1E2022242627292D310509131922245C
:10E8C800292B2C303236383C4748494A4B525300A2
:10E8D8007CC9010885C901088CC9010895C90108C6
:10E8E8009EC9010878C50108A7C90108B0C901086F
:10E8F800B7C90108BCC90108C1C901086AC1010832
:10E90800C9C90108D6C90108DFC90108ADC2010893
:10E91800F0C90108F6C90108DBCA0108C1C9010824
:10E92800FDC9010805CA010816CA010827CA010855
:10E9380040CA010858CA01086FCA010886CA0108F6
:10E948009DCA0108ADCA0108BDCA0108C5CA0108A7
:10E95800D3CA0108DFCA010838C60108DBCA0108A2
:10E96800EACA0108F5CA010800CB01080BCB010867
:10E9780016CB0108633732663666330031353A35CF
:10E98800313A34330041756720313920323032361C
:10E9980000000000ADC2010821CB010827CB010807
:10E9A8002BCB010800000000DBCA0108F0C90108F0
:10E9B800BBC501086FC1010834CB01080EC50108A9
:10E9C8000EC501086FC1010839CB0108ADC20108A5
:10E9D80041CB010849CB010853CB010860CB0108A2
:10E9E8008ACB01086FCB01087ECB010883CB0108D5
:10E9F8008FCB010899CB0108A9CB0108B4CB01083A
:10EA0800ADC2010834CB0108C4CB0108CACB010848
:10EA1800ADC20108BDC20108C1CB0108D1CB0108B4
:10EA28005FC4010878C50108ADC201086EC40108B9
:10EA380050CC0108D7CB0108DDCB0108E2CB010897
:10EA4800E7CB0108F0CB0108F6CB010808CC010898
:10EA58008FC70108ECCB0108F2CB0108F8CB0108FD
:10EA6800FECB010804CC0108AFC4010897C5010812
:10EA7800ADC2010894C601080020202020202020D3
:10EA88002020282828282820202020202020202056
:10EA98002020202020202020208810101010101066
:10EAA80010101010101010101004040404040404B2
:10EAB800040404101010101010104141414141414C
:10EAC800010101010101010101010101010101012E
:10EAD800010101011010101010104242424242423E
:10EAE80002020202020202020202020202020202FE
:10EAF80002020202101010102000000000000000A6
:10EB080000000000000000000000000000000000FD
:10EB180000000000000000000000000000000000ED
:10EB280000000000000000000000000000000000DD
:10EB380000000000000000000000000000000000CD
:10EB480000000000000000000000000000000000BD
:10EB580000000000000000000000000000000000AD
:10EB6800000000000000000000000000000000009D
:0CEB780000000000000000000000000091
:04EB8400D12C000888
:04EB8800A52C0008B0
:10EB8C0001140A01FFFF01FFFF00C80020033C0035
:10EB9C00B400B400A40188FF88FF3C00F1F0F6FC3F
:10EBAC00F9FAFF00FFFF1313FFFFFFFF0000000047
:10EBBC0000000000E1AC0A1300000001FFFFFFFFA2
:10EBCC000100000000127A0081000000E58F0108AE
:10EBDC000200000041390108E8030101200301FF94
:10EBEC001313FFFF0103FF01641313000100000066
:10EBFC00CEFFFFFF7EFFFFFFCEFFFFFF7EFFFFFF7D
:10EC0C00FFFF0101010001012000FFFF01010100D4
:10EC1C0080380100010C800C960000007EFFFFFF85
:10EC2C00CEFFFFFF00010000AC0000200000000040
:10EC3C009C310020043200206C32002000000000C7
:10EC4C0000000000000000000000000000000000B8
:10EC5C0000000000000000000000000000000000A8
:10EC6C000000000000000000000000000000000098
:08EC7C00000000000000000090
:10EC84000000000000000000000000000000000080
:10EC94000000000000000000000000000000000070
:10ECA4000000000000000000000000000000000060
:10ECB4000000000000000000000000000000000050
:10ECC4000000000000000000000000000000000040
:10ECD4000000000000000000000000000000000030
:10ECE4000000000000000000000000000000000020
:10ECF4000000000000000000000000000000000010
:10ED040000000000000000000000000000000000FF
:10ED140000000000000000000000000000000000EF
:10ED240000000000000000000000000000000000DF
:10ED340000000000000000000000000000000000CF
:10ED440000000000000000000000000000000000BF
:10ED540000000000000000000000000000000000AF
:10ED6400000000000000000000000000000000009F
:10ED7400000000000000000000000000000000008F
:10ED8400000000000000000000000000000000007F
:10ED9400000000000000000000000000000000006F
:10EDA400000000000000000000000000000000005F
:10EDB400000000000000000000000000000000004F
:10EDC400000000000000000000000000000000003F
:10EDD400000000000000000000000000000000002F
:040000050801AC65DD
:00000001FF
