:020000040800F2
:102800000040002051910108313900083339000897
:1028100000000000000000000000000000000000B8
:102820000000000000000000000000003539000832
:10283000000000000000000037390008F1C900085E
:10284000A1910108A1910108A1910108A19101089C
:10285000A1910108A1910108A1910108A19101088C
:10286000A1910108A1910108A1910108ED50000872
:10287000A1910108A1910108A1910108A19101086C
:10288000A1910108A1910108A1910108A19101085C
:10289000A1910108A1910108A1910108A19101084C
:1028A000A1910108A1910108A1910108A19101083C
:1028B000A1910108A1910108000000000172010826
:1028C00002780B78002A03D0013001319A42F7D008
:1028D000D01A70470023C25C0133002AFBD1581E76
:1028E0007047000002B47146490849000956490082
:1028F0008E4402BC7047C04602B471464908490084
:10290000095C49008E4402BC7047C04603B471465E
:10291000490840004900095E49008E4403BC7047E5
:1029200003B47146490840004900095A49008E44E1
:1029300003BC7047002243088B4274D303098B42C7
:102940005FD3030A8B4244D3030B8B4228D3030C7F
:102950008B420DD3FF22090212BA030C8B4202D321
:102960001212090265D0030B8B4219D300E0090A49
:10297000C30B8B4201D3CB03C01A5241830B8B4252
:1029800001D38B03C01A5241430B8B4201D34B033B
:10299000C01A5241030B8B4201D30B03C01A5241A0
:1029A000C30A8B4201D3CB02C01A5241830A8B4225
:1029B00001D38B02C01A5241430A8B4201D34B020E
:1029C000C01A5241030A8B4201D30B02C01A524172
:1029D000CDD2C3098B4201D3CB01C01A5241830926
:1029E0008B4201D38B01C01A524143098B4201D360
:1029F0004B01C01A524103098B4201D30B01C01A8B
:102A00005241C3088B4201D3CB00C01A5241830804
:102A10008B4201D38B00C01A524143088B4201D331
:102A20004B00C01A5241411A00D201465241104691
:102A30007047FFE701B5002000F0F0F802BDC04686
:102A40000029F7D076E7704703460B437FD4002276
:102A500043088B4274D303098B425FD3030A8B4232
:102A600044D3030B8B4228D3030C8B420DD3FF229C
:102A7000090212BA030C8B4202D31212090265D06A
:102A8000030B8B4219D300E0090AC30B8B4201D31D
:102A9000CB03C01A5241830B8B4201D38B03C01A64
:102AA0005241430B8B4201D34B03C01A5241030BDB
:102AB0008B4201D30B03C01A5241C30A8B4201D38C
:102AC000CB02C01A5241830A8B4201D38B02C01A37
:102AD0005241430A8B4201D34B02C01A5241030AAE
:102AE0008B4201D30B02C01A5241CDD2C3098B4293
:102AF00001D3CB01C01A524183098B4201D38B0110
:102B0000C01A524143098B4201D34B01C01A5241B2
:102B100003098B4201D30B01C01A5241C3088B42F7
:102B200001D3CB00C01A524183088B4201D38B00E2
:102B3000C01A524143088B4201D34B00C01A524184
:102B4000411A00D201465241104670475DE0CA0F5B
:102B500000D04942031000D34042534000229C461B
:102B600003098B422DD3030A8B4212D3FC22890125
:102B700012BA030A8B420CD3890192118B4208D3FB
:102B8000890192118B4204D389013AD0921100E05D
:102B90008909C3098B4201D3CB01C01A5241830971
:102BA0008B4201D38B01C01A524143098B4201D39E
:102BB0004B01C01A524103098B4201D30B01C01AC9
:102BC0005241C3088B4201D3CB00C01A5241830843
:102BD0008B4201D38B00C01A5241D9D243088B4299
:102BE00001D34B00C01A5241411A00D2014663463C
:102BF00052415B10104601D34042002B00D54942A0
:102C0000704763465B1000D3404201B5002000F0DE
:102C100005F802BD0029F8D016E770477047C04696
:102C20001C2101231B04984201D3000C10391B0AFC
:102C3000984201D3000A08391B09984201D30009C0
:102C4000043902A2105C40187047C0460403020217
:102C50000101010100000000000000000448054BD4
:102C600010B5834203D0044B002B00D0984710BD11
:102C7000EC000020EC00002000000000064807499E
:102C8000091A8B10C90FC91810B5491003D0044B8D
:102C9000002B00D0984710BDEC000020EC00002075
:102CA0000000000010B5074C2378002B09D1FFF776
:102CB000D5FF054B002B02D0044800E000BF0123E4
:102CC000237010BD6002002000000000DC9E01089F
:102CD000054B10B5002B03D00449054800E000BFA8
:102CE000FFF7CCFF10BDC0460000000064020020CA
:102CF000DC9E0108054B82B0DA6B0243DA63DB6BC2
:102D000018400190019B02B07047C046001002407D
:102D1000054B82B01A6C02431A641B6C1840019078
:102D2000019B02B07047C04600100240802130B5C0
:102D300080240822454B49009962A40045B2002D29
:102D400000DA81E09C62C046C046C046C046C0462C
:102D5000C046C046C046C046C046C046C046C04643
:102D6000C046C046C046C046C046C046C046C04633
:102D7000C046C046C046C046C046C046C046C04623
:102D8000C046C046C046C046C046C046C046C04613
:102D9000C046C046C0469961C046C046C046C0460F
:102DA000C046C046C046C046C046C046C046C046F3
:102DB000C046C046C046C046C046C046C046C046E3
:102DC000C046C046C046C046C046C046C046C046D3
:102DD000C046C046C046C046C046C046C046C046C3
:102DE000C046C046C046C0464000C0B29962C04618
:102DF000C046C046C046C046C046C046C046C046A3
:102E0000C046C046C046C046C046C046C046C04692
:102E1000C046C046C046C046C046C046C046C04682
:102E2000C046C046C046C046C046C046C046C04672
:102E3000C046C046C046C046C046C046C046013A2D
:102E4000002A00D07AE730BD9C617CE70004005086
:102E5000054B82B05A6B02435A635B6B184001907A
:102E6000019B02B07047C046001002400222064B90
:102E700099681142FCD00122187399681142FCD064
:102E8000D868C0B27047C0460038004010B5040092
:102E9000000CC0B2FFF7EAFF200AC0B2FFF7E6FF5E
:102EA000E0B2FFF7E3FF10BD0B4B5A7E002A02D0C1
:102EB0009B7E002B0ED10322084B01211A700022A9
:102EC000074B1A70074B1970074B1B788B4201D0C8
:102ED000064B1A707047C0464C1E00203507002074
:102EE0001B1E002034070020FF1D0020570000207B
:102EF000084B1A68293213780133DBB2072B00D94B
:102F0000012313700122044B1A80044A044B1278E7
:102F10001A7070471C1E002032070020FF1D002081
:102F2000570000200122064B1A80064B1A683432E3
:102F300013780133DBB2032B00D1002313707047E9
:102F4000320700201C1E0020012305498A7F5A40B9
:102F50008A77044A1370044A1370044A1370704746
:102F60004C1E002010070020140700202D1E0020FA
:102F70000B4810B502780B4B002A0FD00633D97FCF
:102F80004C426141D977012300215A400270064A20
:102F90001170064A1370064A137010BD0533EEE730
:102FA0000F0700204C1E00200E07002014070020F1
:102FB0002D1E00201049114A0B7870B5501D104D80
:102FC000104C002B0FD02D78C57720780632D077A3
:102FD000012253400B7000210B4B19700B4B1A70E0
:102FE0000B4B1A7070BDC67F2E70951DED7FC37799
:102FF00025701800EAE7C0460D0700204C1E00208F
:103000000C0700200B0700200E07002014070020EB
:103010002D1E0020012306490A785A400A7000211B
:10302000044A1170044A1370044A13707047C04672
:10303000BF1D00200E070020140700202D1E0020B9
:103040000123044A11784B4013700222024B1A707C
:103050007047C04604070020030700200123044AEC
:1030600011784B4013700222024B1A707047C04611
:103070000207002003070020044B05481A8850432C
:10308000044A801880B21880000A70472A00002085
:103090000508000019360000F0B5130007270322C9
:1030A0003B405A431B4B85B0D31801930123039136
:1030B0009C46002102900020019B5B5C0093009BDA
:1030C0006246C340134213D0039B1C18A3B23F2B8C
:1030D0000ED86546029B5A18E3B23C40A540D2B2D6
:1030E000ECB2072B0CD80C4BD5189B5C1C432C70F6
:1030F00001300528E3D101310329DCD105B0F0BD51
:10310000DB08013BDB01054E9D18AD19F618B35CD9
:10311000ECE7C04654AC01083D070020B31900207D
:10312000054B1A78002A06D000221A70034B013290
:103130001A70034B1A707047C0060020281E00202A
:103140002D1E002030B50E4B1B689A8B0D4B186856
:103150000D4B19680D4B1C6C844207D15C6C8C4282
:1031600004D11C0048342488944207D01C00002558
:103170004A3418645964483325801A8030BDC046EB
:103180003C1D002028070020780400207C0400203B
:103190000E4B10B51B68191E13D00D4A1268918B87
:1031A00000290ED083420ED80A4A126882420AD3FE
:1031B000C01AFFF7BFFB084B0021984201D801302D
:1031C00081B2080010BD0021FBE7C046280700209F
:1031D0003C1D002078040020FEFF000010B5094CC3
:1031E0002278531CDBB2172B00D90023064952006A
:1031F0005052064A23701378172B01D801331370ED
:1032000010BDC046450400204604002044040020B0
:103210000122054B52421A800023044A1360044ADB
:103220001370044A1370704704000020400400200B
:103230003D0400203C04002070B51E4A03001268C3
:103240000232D47F221C082C00D208221A491B48C3
:103250000D88083A92B2854206D100200B80844244
:1032600001D0A342404170BD15482E1C854201D9B2
:103270001448068814481036B6B21C1C834201D983
:10328000124804880834A4B29E4202D80120934216
:10329000E9D2A64202D801209442E4D29D4202D94A
:1032A00000200B80DFE707226A430432D318DB08D3
:1032B000F6E7C0463C1D002004000020FFFF000090
:1032C000EFFF0000FC9F0108F7FF0000FE9F0108D0
:1032D000002806D0044A13780133DBB2032B01D84F
:1032E000137070470023FBE739040020F8B5104C39
:1032F0002368002B02D000232360F8BD0D4B0E4F36
:103300001B681B691D680D4B2560597B4A42514162
:1033100048224A439B180833DE6F3E60FFF778FF70
:10332000B54201D926603D60FFF70CFFE5E7C046D6
:10333000280700201C1E0020780400204C1E0020BE
:10334000074B1B78012B0AD0064B1B78012B06D0AC
:10335000012205494B7E53404B76044B1A7070474F
:10336000FF1D0020261E00204C1E002010070020FC
:103370000021012210B5124B1960124B587B4240BC
:1033800011485A7304788C4202D001700F480170C2
:10339000991DC87F002801D0501CC8770533D97FFC
:1033A000002901D00132DA770123094A1370094A52
:1033B0001370094A13700022084B1A7010BDC046E2
:1033C000280700204C1E00201B1E0020181E002075
:1033D0001007002014070020520000205700002092
:1033E000092802D83030C0B2704703000A3BFF20E2
:1033F000052BF9D8014AD05CF6E7C0461FAA0108A0
:1034000010B50E4A0E48137B59424B410021DBB2E6
:1034100013738B4200D04831843152180260094A3C
:103420001378002B03D101331370074A1370002067
:103430000EF0AAFA0A22054B1A8010BD4C1E00207D
:103440003C1D0020250700202D1E0020BC0600206A
:10345000194B10B51B78002B11D0FFF761FE174AEE
:10346000174B12781B7852B2002A1BD1154AD27F13
:10347000002A05D1032B02D003200EF04BF910BD1A
:10348000114A1278002AF5D16420104908801049A9
:103490000A7010490A7001210F4A117001210A4A6D
:1034A0001170E7E7084A11780029E3D114200B4A8C
:1034B00010800B4AF1E7C046BE060020E01D002048
:1034C000261E0020511E0020BA1D0020BC06002030
:1034D00052000020250700202D1E00202E0700206E
:1034E00053000020034B10B51B78002B01D1FFF7D0
:1034F000AFFF10BDB51D0020302210B500210448DB
:1035000015F07AFE0022034B1A70034B1A7010BD9F
:1035100046040020450400204404002010B5084B58
:103520001B78012B01D9042B05D1062008F04CFB98
:10353000062008F049FB0022024B1A7010BDC0465D
:103540008C1E002038000020A023402210B5DB058F
:103550009A6214F03FFA10BD10B5032804D0072872
:1035600009D0074B185C03E0064B1878A6231843D4
:10357000FFF7EAFF10BD044B18781530C0B2F7E72B
:10358000CCAC01083C0700202C00002070B50C4B8F
:103590001B6834331C78012C0AD10321094D28788B
:1035A0000130FFF737FB2970200009F04FF970BD9B
:1035B000002CF9D1044D052128780130F1E7C046EF
:1035C0003C1D00200A0700200907002070B508F004
:1035D00007FD114B041E00D1104B19680D002D354D
:1035E0002A78343153425341D8B228700B78012BDA
:1035F00007D153425A4103205242104014F0F8F9C7
:1036000070BD002CFAD000208242F7D1044B18780C
:103610000130C0B2F2E7C0463C1D00201C1E002055
:103620000807002070B5868B0068714308183100C8
:103630001C00150008F0D0FBA04206D8A84203D217
:103640003100A01B08F0C8FB70BD2800FCE700009B
:10365000F0B5212585B0FFF775FD164B1E68164B9A
:103660001B785BB20193154B1B680293144B1B68CC
:103670000393144B1F783000039B029A0199FFF7C4
:10368000D1FF013DEDB204003060002D07D0FFF7FF
:103690007FFD002803D000230B4ABB4202D120004B
:1036A00005B0F0BD0232911E09888142E3D001339A
:1036B000DBB2F2E73C1D0020E01D002028070020BF
:1036C00078040020C60400207C04002010B50EF011
:1036D0006BFE0122044B1A70044B1B78002B01D0A7
:1036E000034B1A7010BDC0469F0600203007002013
:1036F0001407002010B50A4C2378002B05D00020B9
:103700000EF008F80023237010BDFFF7DFFF054B14
:1037100019780029F3D00A224A43034B1A70F1E7C3
:103720009F0600208E1E00209E060020264B70B5AE
:103730001A688023D28BDB009A422ED200230A25FE
:1037400018002249224E0A78DCB2944209D300289C
:103750000DD1042A21D1002301220B701D4B1A70B8
:1037600007E06843F45C0133001980B2ECE7042AF7
:10377000F1D000220138184D84B2110020006E7B78
:1037800008F0B6FD002809D1124B1B78012B02D896
:103790000222124B1A700AF0F7F870BD00230221C2
:1037A0000E4A1370321D520054530D4A76001170A8
:1037B0000C4A745313700C4A1370687B09F0E4FED2
:1037C0000AF0E2F8E7E7C0461C1E00201B1E00209E
:1037D000D0030020201E00204C1E0020191E0020B7
:1037E000030700200207002004070020F8B5264B3D
:1037F000264C1A78002A03D0A11DCA7700221A701D
:103800000022234B1A70FFF777FE224B1F68224BD2
:103810003E001B78002B01D0204B1E688022204BDD
:10382000D2001B8893421CD2207BB2B2031D5B00E6
:10383000E25202214300E25209F0A6FEB74204D050
:103840000AF0A2F80122174B1A70002338342370B3
:103850000AF03AFB01200EF097F80122124B1A7081
:10386000F8BD124B1D6828002E6008F0C3FE28002A
:1038700008F0ACFDB742E8D001232A00217BE88B99
:103880000AF0B4FAE1E7C046380400204C1E0020DC
:10389000E01D002034040020A0060020A80600201F
:1038A0002C0700202D1E0020281E00203C1D00207B
:1038B00010B5174B174CDB7F002B19D0164A137825
:1038C000002B03D000231370144A1370144A637B37
:1038D00011688022C98BD20091420AD25B00E218A3
:1038E0009288E25201220F4B1A700F4B92181A70F5
:1038F00010BD04335B00E05A002301211A0008F0D8
:1039000031FD0A4B9842F3D0637B5B00E052E9E75C
:10391000501E00204C1E00201B1E0020181E0020E0
:103920001C1E00209406002003070020FFFF00005B
:103930007047FEE770477047014B024A9A60704734
:1039400000ED00E0002800080E4B1A7882420DD0EE
:1039500018700D4B0D4A1B5C0D4913800D4A1288DF
:103960009B1A9AB21BB2002B01D10B707047181131
:10397000002B03DD53421B115B4218B2064B18802B
:103980000123F2E7D1170020EBAC0108C817002093
:10399000CE170020CC170020CA170020902210B5A7
:1039A000054B5200985CFFF7CFFF0022034B1A80B3
:1039B000034B1A7010BDC0464C1E0020FC1D002099
:1039C000CF170020F8B5802380267E4F7E4C9B00C9
:1039D0007600BB610500A662C046C046C046C04630
:1039E000C046C046C046C046C046C046C046C046A7
:1039F000C046C046C046C046C046C046C046C04697
:103A0000C046C046C046C046C046C046C046C04686
:103A1000C046C046C046C046C046C046C046C04676
:103A2000C046C046C046C0468020BB622843FFF760
:103A30007DF92368654A13402360C046C046C046EE
:103A4000C046C046C046C046C046C046C046C04646
:103A5000C046C046C046C046C046C046C046C04636
:103A6000C046C046C046C046C046C046C046C04626
:103A7000C046C046C046C046C046C046C046C04616
:103A8000C046C046C046C046C04610230020400085
:103A900080B2844601212069A661400A084061463F
:103AA0000843C046C046C046C046C046C046C046A1
:103AB000C046C046C046C046C046C046C046C046D6
:103AC000C046C046C046C046C046C046C046C046C6
:103AD000C046C046C046C046C046C046C046C046B6
:103AE000C046C046C046C046C046C046C046C046A6
:103AF000C046A662C046C046C046C046C046C04694
:103B0000C046C046C046C046C046C046C046C04685
:103B1000C046C046C046C046C046C046C046C04675
:103B2000C046C046C046C046C046C046C046C04665
:103B3000C046C046C046C046C046C046C046C04655
:103B4000C046C046013B002B00D0A0E723681A40C6
:103B50008023DB021343236080239B00BB61C046AC
:103B6000C046C046C046C046C046C046C046C04625
:103B7000C046C046C046C046C046C046C046C04615
:103B8000C046C046C046C046C046C046C046C04605
:103B9000C046C046C046C046C046C046C046C046F5
:103BA000C046C046C046C046C046C046C046A661E4
:103BB000A361074B302D02D0472D01D1054B188052
:103BC000F8BDC0460014005000040050FFFFF3FF92
:103BD000360000203400002070B5060069200D007A
:103BE000FFF7F0FE040003040BD46A20FFF7EAFE9F
:103BF0000C4B24030005000D1C40044302203460DC
:103C000070BD6820FFF7DEFE030000201A04F7D421
:103C10000548DB04DB0C58430449FEF715FF2880F8
:103C20000120EDE700F0FF00EB120000102700007C
:103C3000F7B5694B694A00931B780192002B26D196
:103C400013785BB2002B0AD0654B664A1B889B1821
:103C5000062B04D8644B1B78002B18D0F7BD634BA0
:103C60001D786B1E022B27D86149624B0A78002A07
:103C700003D0614A1278002A06D01A78002A1BD095
:103C80005E4A1278002A17D100220A701A700120A9
:103C90000DF07AFE01225A4B1A70019B1B785BB221
:103CA000002BDBD0574B1A78502AD7D8002A00D0E7
:103CB00089E0FFF79BFDD1E74B4B01241B78524F66
:103CC000002B0AD03B78DAB2002B05D1A5421AD0DE
:103CD0000ED9AB1EA34229D900243B784B4E002BB2
:103CE00069D1002C67D13378002B41D13470B5E70E
:103CF000474BDB7D002BEFD0464B19780029EBD0EA
:103D000002241A70E9E7444B1978394B002906D090
:103D10001A70404B1A78002ADED00022F0E71A7899
:103D2000002AF6D11D706432334BF1E73B4B197812
:103D3000304B002914D03A490978012910D11A7062
:103D4000344E3378002BC7D00C20FFF73BFE040520
:103D5000A40F013C63425C41002364003370BCE764
:103D60001A78002AECD101321A70244B6332E6E74C
:103D70002C4BDB7F002BB9D0023D012DB6D80C2097
:103D8000FFF720FE0005800F0128AFD1254BDB7F18
:103D9000002B00D162E7A0238022DB0552009A624B
:103DA000214BEC3A1A800023009A137001223A70DA
:103DB0001E4A137052E700233370012C00D166E7CE
:103DC000022CE3D04AE719235343194A13800022F7
:103DD000184B1A7042E7C046B5060020E01D0020CF
:103DE0002C07002000FCFFFFBE060020BB060020C1
:103DF000B9060020B6060020B4060020B306002055
:103E0000281E0020741E0020B2060020B0060020EC
:103E10004C1E0020B1060020BA060020B806002083
:103E2000B70600204F1E0020AE060020441D0020D3
:103E30002E07002053000020F8B50C00374B302827
:103E400002D0472805D1364B1A88A24200D142E160
:103E50001C8080238026334F334D9B007600BB614E
:103E6000AE62C046C046C046C046C046C046C04618
:103E7000C046C046C046C046C046C046C046C04612
:103E8000C046C046C046C046C046C046C046C04602
:103E9000C046C046C046C046C046C046C046C046F2
:103EA000C046C046C046C046C046C046C046C046E2
:103EB000C046BB62FEF73AFFC046C046C046C04699
:103EC000C046C046C046C046C046C046C046C046C2
:103ED000C046C046C046C046C046C046C046C046B2
:103EE000C046C046C046C046C046C046C046C046A2
:103EF000C046C046C046C046C046C046C046C04692
:103F0000C046C046C046C0461023AE6222B2002A58
:103F100000DAE1E080229200AA6207E03600002089
:103F2000340000200014005000040050C046C04679
:103F3000C046C046C046C046C046C046C046C04651
:103F4000C046C046C046C046C046C046C046C04641
:103F5000C046C046C046C046C046C046C046C04631
:103F6000C046C046C046C046C046C046C046C04621
:103F7000C046C046C046C046C046C0466400AE61AA
:103F8000A4B2C046C046C046C046C046C046C046B1
:103F9000C046C046C046C046C046C046C046C046F1
:103FA000C046C046C046C046C046C046C046C046E1
:103FB000C046C046C046C046C046C046C046C046D1
:103FC000C046C046C046C046C046C046C046C046C1
:103FD000C046AE62C046C046C046C046C046C046A7
:103FE000C046C046C046C046C046C046C046C046A1
:103FF000C046C046C046C046C046C046C046C04691
:10400000C046C046C046C046C046C046C046C04680
:10401000C046C046C046C046C046C046C046C04670
:10402000C046C046013B002B00D06FE7C046C046EB
:10403000C046C046C046C046C046C046C046C04650
:10404000C046C046C046C046C046C046C046C04640
:10405000C046C046C046C046C046C046C046C04630
:10406000C046C046C046C046C046C046C046C04620
:10407000C046C046C046C046C046C04680239B00DE
:10408000BB61C046C046C046C046C046C046C046EA
:10409000C046C046C046C046C046C046C046C046F0
:1040A000C046C046C046C046C046C046C046C046E0
:1040B000C046C046C046C046C046C046C046C046D0
:1040C000C046C046C046C046C046C046C046C046C0
:1040D000C046AE61AB61F8BD80229200AA6125E7BF
:1040E00070B590B0040040226846184915F0B3F945
:1040F000392C08D82F2C25D8232C25D00EAD2A2CCE
:1041000009D010B070BD2300413B373C032BF8D8D9
:10411000A4006C44250028880D4C0E4E60430E49C7
:104120008019FEF707FC81B27120FFF785FE6B88CE
:1041300009495C43A019FEF7FDFB81B27220FFF72D
:104140007BFEDEE7303CE3E70FADE4E7F49E0108D9
:104150004C930100881300001027000010B5094C93
:104160002388002908D04022C240134399B233204B
:104170002180FFF761FE10BD4121494201411940F4
:10418000F5E7C046B019002010B5040051200A49D7
:10419000FFF752FE07200949FFF74EFE21050820D0
:1041A000090DFFF749FE802321021B02090D08209B
:1041B0001943FFF741FE10BD33A00000D70A0000ED
:1041C0000C4B10B5C1184B1E9941040049420A4BD3
:1041D000890A8902C9185120FFF72EFE0748084BAB
:1041E00060430849C018FEF7A5FB81B20720FFF71E
:1041F00023FE10BDBFF5FFFF40940000982603008A
:1042000050C30000A086010070B5040031200D00ED
:10421000FFF7D8FBA02361051B02490D19430600D7
:104220004620FFF709FEC0216D056D0D49012943A8
:104230007920FFF701FE7A200449FFF7FDFD0421F4
:104240003143312089B2FFF7F7FD70BD9A28000095
:1042500010B5040081B23820FFF7EEFD3920210CA3
:10426000FFF7EAFD10BD000010B50349000201434D
:104270004720FFF7E1FD10BD4260000010B5372078
:104280000549FFF7D9FD00213020FFF7D5FD30208B
:104290000249FFF7D1FD10BD1F9F0000F1BF0000D4
:1042A00010B53120FFF78EFB0223984381B23120F5
:1042B000FFF7C2FD00212B20FFF7BEFD10BD00005F
:1042C00070B505003120FFF77DFB0400002D06D1FD
:1042D00008239C43A1B23120FFF7AEFD70BDAB1E99
:1042E0005A1E9341AD21DB03890119432920FFF7B1
:1042F000A3FD0120A84280410549404280030143BB
:104300002820FFF799FD0821214389B2E3E7C04641
:10431000382B000010B53120FFF754FB04239843DD
:1043200081B23120FFF788FD10BD10B50021242097
:10433000FFF782FD10BD0000DB2110B52120C90070
:10434000FFF77AFD24200249FFF776FD10BDC04635
:104350007FC1000010B550200149FFF76DFD10BD71
:1043600018BB000010B550200149FFF765FD10BDD6
:10437000183B000010B500213020FFF75DFDE8215B
:1043800037204901FFF758FD10BD000010B500218E
:104390007020FFF751FD0020FFF766FFFFF7E2FFF7
:1043A00000213020FFF748FD30200249FFF744FD8F
:1043B00010BDC046F1BF000010B5C3217020FFF74B
:1043C0003BFD72200A49FFF737FDC1215820FFF756
:1043D00033FD5C200749FFF72FFD8E215D20C901C9
:1043E000FFF72AFD5E200449FFF726FD10BDC046F9
:1043F00065300000655600000432000010B5002151
:104400003020FFF719FD10BD054B10B51B78002BB0
:1044100005D001210020FFF7A1FEFFF72FFF10BDFF
:10442000B51D002010B50400FFF794FF0020FFF732
:104430001BFF00217020FFF7FFFCFFF776FF302005
:104440000349FFF7F9FC002C01D1FFF78BFF10BDEA
:10445000FEC1000010B530200149FFF7EDFC10BD92
:10446000FAC3000010B50400FFF766FFFFF772FF04
:104470000020844200D00330FFF7F6FE702003498D
:10448000FFF7DAFCFFF7E6FF10BDC046C3C300002C
:1044900010B56720FFF796FAC005C00D10BD0000EB
:1044A00010B5064B064A1B7811781B011943B0233F
:1044B0001B0248201943FFF7BFFC10BDCA1E002095
:1044C000CC1E002010B501240E4B05201A78544054
:1044D0001C70614261410F2349421940A1231B0115
:1044E000C91811F09CFB0022074B944202D11A001C
:1044F0007F3212787E331A70FFF7D2FF0122034B0E
:104500001A7010BD050700204C1E00202D1E002033
:1045100010B5FFF79DFEC02151208900FFF78CFCEC
:10452000FFF7ACFE10BD10B500210420FFF716FE0A
:1045300000210320FFF712FE10BD00000B4B10B549
:10454000984208D801210420FFF708FE002103202B
:10455000FFF704FE03E0013002D1FFF7E4FF10BDD6
:1045600000210420FFF7FAFD0121F0E7FF3EAB0137
:1045700070B51D4B1B78013B012B27D900241B4B29
:104580001B4A1C7013781B4DA34220D01A4B147089
:104590001C701A4B80221C80A02301265200DB05D0
:1045A0009A62174B1C7011F053FB164B1B6818686E
:1045B000FFF7C4FF144B1E70144B1C7009F084FCF1
:1045C0005022134B2C701E70124B1A8070BD124A71
:1045D000137008F01DF801200DF0D6F911F024FE3B
:1045E00003232B70F2E7C046261E00201B1E00206E
:1045F0001A1E002057000020DF1D00201207002097
:10460000441D00203C1D00202D1E0020841E002083
:1046100014070020B21D00203007002070B50F4D98
:1046200004002A68002A08D0002318000C49A1427F
:10463000584191425B41984202D02000FFF77EFF33
:1046400020002C60FFF704FE00213020FFF7F4FB70
:10465000044B30201988FFF7EFFB70BD40040020A9
:10466000FF3EAB013A040020A023F7B51600082254
:104670000500DB059A6203200C00FEF7F7FB28001B
:10468000FEF704FCC0232E4DDB00AA681100194080
:1046900001911A420AD10F2E0AD8A619B44249D064
:1046A000FF20FEF7E3FB20700134F7E7EA68ECE750
:1046B00040222B68042093432B6013F06FF90520F0
:1046C00013F06CF9802284211E4B52015A601E4F58
:1046D0000420490113F0FEF805201C4913F0FAF8F4
:1046E000FC601B4C31000420BC6013F003F9194A34
:1046F000194B3100D36094600224052013F0FAF8BE
:10470000019B164E042033703B6823433B6013F03B
:1047100053F9052013F050F901236A68134340222E
:104720006B602B6813432B606B681C436C603378A1
:10473000002BFCD0A0230822DB059A61F7BDC04600
:104740000038004000000240440002401010000009
:104750000C38004058000240C4170020C017002049
:1047600000B503000078002207280DD8FEF7C4F832
:10477000040E14191E232B2B0122552904D0AA291B
:1047800001D0002000BD04221A70FAE7AA394A427B
:10479000514149001970F4E700229142F4D10332EB
:1047A000F2E7484241411A70C8B2EBE700225529AE
:1047B000EAD10532E8E7032901D10622E4E704291A
:1047C000E2D10722E0E712290BD8102909D0074AC5
:1047D000073811700021064A117041424841054ACC
:1047E0001070002201201A70CCE7C0462D00002076
:1047F000BF070020BE0700200022034B1A70034BA6
:1048000001321A707047C046BD0700202D1E0020DF
:10481000F7B5A02640275039F6050430C4B20193FD
:10482000C8B2B762150013F0D5F810202309184359
:1048300013F0D0F80F2020402C0013F0CBF8019B90
:10484000B7615E19B44200D1F7BD6B461879002DEF
:1048500000D0207813F0BEF80134F3E7F8B5042354
:10486000124E0400B3624020FEF76EFE104A002C88
:1048700007D0104B01251F00072C0AD8621ED20159
:10488000D218802321000020FFF7C2FF0423B36168
:10489000F8BD290001353A0080230020EDB2FFF772
:1048A000B7FF8037082DF4D1F0E7C0460004005070
:1048B0003D070020B319002010B50820FFF7CEFFF8
:1048C00010BD10B50130C0B2FFF7C8FF012012F0D3
:1048D000DBFA10BD10B50020FFF7C0FF10BD0000CF
:1048E000F7B5041E294E2A4F2BD00024FEF7C4FB37
:1048F0007021FEF7A5F8A5192970FEF7BDFB03216D
:10490000FEF79EF83D19013101342970202CEDD1BC
:1049100009F0A8FD002509F0E1FC0024EFB2BB007E
:10492000DBB20193725DE100611A5118D2191219BC
:1049300009B2D2B2002C16D10198FEF7ADFB0134BA
:10494000F0E735002B783A5D9B18DBB22B70702BAB
:1049500004D9FEF791FB0F2318402870013401356C
:10496000202CEFD1D4E7032C02D901231A4202D024
:104970000198FEF791FB0134082CD3D10135202D8D
:10498000CBD1FFF7A7FFFFF797FFF7BDE2060020A7
:10499000C206002070B5254B1C78002C3ED0244B5D
:1049A000DB7F013B3B2B39D8224D2B78002B35D1B7
:1049B000214B1B78002B31D1204B1B78012B2DD0A4
:1049C00007F00EFB002829D11D4B1B78002B25D1A9
:1049D0001C4B1B78002B03D01B4B1B78002B1DD0CE
:1049E0001A4B1B78002B19D1194B1B78002B01D0C7
:1049F000032B13D1631E012B11D810F01BFCFFF702
:104A000069FFFFF759FF012300202B70114B18702D
:104A1000114B1870114B187012F036FA70BD032C40
:104A2000F1D10120FFF75CFFEDE7C046C106002091
:104A3000541E0020C0060020F61D0020261E002067
:104A4000DC1D0020DF1D0020A71D0020F31D00201D
:104A5000FF1D0020BF060020281E00202D1E002064
:104A60000422074B10B5E2209A62FEF76DFD002488
:104A700020000134E4B2FEF76FFD082CF8D110BD20
:104A800000040050042370B50024064DAB622000E2
:104A90000134E4B2FEF760FD0B2CF8D10423AB61C6
:104AA00070BDC046000400500B4B70B51B680B4C2A
:104AB000584300236568A268834200D370BDA16893
:104AC0008A4203D99B185B1A0A00F5E78A42FBD297
:104AD0006E1AF318D318F7E7D417002010E000E09F
:104AE000324870B50378002B20D0314B314A002179
:104AF000595E13885B181BB21380002917DD2E49FD
:104B00000024095F994219DD1478002C1CD12B4A2E
:104B1000013413680720A343136012F03FFF200005
:104B2000FFF7C2FF8022264B52009A6270BD002917
:104B3000EAD021490024095F9942E5DB1E4B1B881E
:104B4000138000230370DFE76401FF212000FDF7DD
:104B5000F1FEFF2300225B019C421AD01100194E86
:104B6000194D0B0082424B415B42334001339400AC
:104B7000FF3301322B51202AF3D101240F4D2B6832
:104B80002342D3D1072012F017FF2B681C432C605F
:104B9000CCE70121094A072013688B43136012F008
:104BA000FDFE8022064B52009A61BFE7CE1700201F
:104BB000CA170020CC170020C8170020001400409E
:104BC0000014005000FFFF00D8170020782170B5B6
:104BD0001B4A1C4B12781C4C4A431A801B4A1C4B24
:104BE00012781A701B4B1D781B4BDB7F002B06D1F4
:104BF000FEF7D4FE002D01D0FEF790FC70BD01221F
:104C0000164B1A702223FF33E05CFEF79DFE002D49
:104C100005D0134B1B78002B0CD1FEF77FFC08341A
:104C2000E17F00230F4A3D2902D00A234B43013381
:104C30001380E3E7FFF754FF0B48FFF735FFE8E782
:104C400056000020F81D00204C1E0020D117002027
:104C5000D017002038000020541E0020CF1700205D
:104C6000CE170020FC1D002010270000064910B5BB
:104C70000B78002B03D0054A054B1278DA77002316
:104C80000B70FFF7A3FF10BD0707002006070020E9
:104C9000541E002080220A4B520243439B1810B539
:104CA00071200C00590CFFF7C7F8FFF75BFBFA20E7
:104CB00080006043FFF7F8FEFFF74CFB10BDC046D5
:104CC0001DA61400F8B51C0005000E001700FFF724
:104CD00041FB201E05D0A02380220320DB055200CB
:104CE0009A61FFF7C1FA12493F02394389B2702035
:104CF000FFF7A2F8FFF7AEFB0E48FFF7D5FE310035
:104D00002800FFF7C7FF002C07D0A0238022DB0577
:104D1000520000209A62FFF7A7FA00217020FFF7E7
:104D20008BF830200449FFF787F8FFF71BFBF8BD2D
:104D30000080FFFF50C30000FEC1000010B500213D
:104D40003F20FFF779F868215920FFF775F80348ED
:104D5000FFF7AAFEFFF752FB10BDC04630750000FA
:104D600010B5FFF7EBFF00210220FFF765F80021E7
:104D70003F20FFF761F8FFF781FAC0213F2089014A
:104D8000FFF75AF859200449FFF756F8592003490C
:104D9000FFF752F810BDC0466840000068300000C0
:104DA00070B50D000400FFF7D5FAC221702009028A
:104DB000FFF742F880230B495B026943C918712051
:104DC000490CFFF739F80020844200D00330FFF788
:104DD0004BFAFFF73FFB0448FFF766FEFFF7C2FA06
:104DE00070BDC0461DA6140050C30000F0B5FA26E1
:104DF0000500002485B003930AAB1F880BAB1B880A
:104E0000B6007343019102920093285D002801D1FE
:104E100005B0F0BDFFF764F9FFF7A4FA019B002B82
:104E200002D00298002C06D02B5D03982A2B02D0CA
:104E3000232B00D038007043FFF736FEFFF78AFAC5
:104E40000098FFF731FE0134DFE7000070B5A025C0
:104E50000826094CED050520AE62FEF707F8FF2095
:104E6000FEF704F8AE61C00705D50A20013CFFF744
:104E70001BFE002CEFD170BD40420F0070B5A02486
:104E800008250600E405A5620620FDF7EFFFA561F1
:104E9000FFF7DCFFA5622020FDF7E8FF3000FDF7FB
:104EA000F5FFA561FFF7D2FF70BD000010B504004B
:104EB000FFF7E4FF054B1B68A34205D18022FF21C9
:104EC0000348520114F098F910BDC046300000208C
:104ED000C0070020F0B587B06B46049003921A7C9F
:104EE0008023A0255B0002919B1AED05039A019295
:104EF0009A4200D9019308231C00AB620620FDF7FB
:104F0000B5FFAC610220AC62FDF7B0FF0498FDF77D
:104F1000BDFF029C019AA6180F2A5BD94022314C92
:104F200004202368304E9343236012F037FD0520A0
:104F300012F034FD80222D4B52015A6000210420D2
:104F400012F0C8FC9021052012F0C4FC284F294B18
:104F50000420F3600199B76012F0CCFC264B029953
:104F60000520D9609F60019912F0C4FC234B0227F1
:104F700005930023059904200B7033683B4333608D
:104F800012F01AFD052012F017FD01236268134389
:104F90004022636023681343236063681F43676094
:104FA000059B1B78002BFBD00823AB61FFF74EFF5E
:104FB000019A049B944663440493029B63440293C6
:104FC000039B9B1A03938023039A5B00002A8DD1D5
:104FD00007B0F0BD20780134FDF748FFB442F9D1A5
:104FE000E2E7C046003800404400024000000240B2
:104FF0000C380040C417002058000240C0170020A1
:10500000F0B587B0059380230705040B3F0D5B01C6
:105010000190029103922403DE1B039B002B03D11A
:10502000FFF714FF07B0F0BDFFF710FF039DB54277
:1050300000D935002B4E3368A34206D080222000D1
:1050400029495201FFF710FB3460274E2A00BE1990
:105050003100029814F046FA002826D00023F25CB2
:10506000FF2A31D101339D42F9D100232A003000BB
:105070000299049314F0EFF9049B002B2DD020002B
:10508000FFF7FCFEFFF7E2FE059B174E002B1DD03D
:10509000EF193A0031002000FFF71CFF8022520177
:1050A000FF21D21BF01914F0A7F8019B00275B1910
:1050B0000193029B5B190293039B5B1B0393802369
:1050C0005B011E00E418A8E70123CFE7802231002E
:1050D00020005201FFF7FEFEE7E72A00029901983F
:1050E000F8E7C04630000020C007002080201C499F
:1050F00080010B6810B5034230D00224194B1A68A6
:1051000022422BD01A68A2431A6048600A20FFF797
:10511000CBFCC021144A154B49019868084202D0C3
:10512000013A002AF9D180210F4A9868084202D03A
:10513000013A002AF9D1C0210B4AC90098680842F7
:1051400002D0013A002AF9D102215A688A435A60F2
:105150005A6801398A435A60054B197010BDC04620
:1051600000000240440002401127000000380040C7
:10517000C017002070B540262025094C0120A661EB
:10518000FFF792FCA5610120FFF78EFCA6620120CB
:10519000FFF78AFCA5620120FFF786FC70BDC046C0
:1051A0000014005070B540252026094C0120A5624E
:1051B000FFF77AFCA6620120FFF776FCA6610120CA
:1051C000FFF772FCA5610120FFF76EFC70BDC046C1
:1051D00000140050F7B5234C234A23680190134074
:1051E0002360082300252027012600933000A762B2
:1051F000FFF75AFC3000A761FFF756FC3000FFF7BD
:1052000053FC23696D00EDB25B0600D535433000D9
:10521000A762FFF749FC009B013BDBB20093002B28
:10522000E4D12268104B01201A4080235B01134314
:105230002360A762FFF738FC019A4023002A0ED0B2
:10524000A36120260120FFF72FFCA6610120FFF7B4
:105250002BFCA6620120FFF727FC2800FEBDA362FD
:10526000EFE7C04600140050FFCFFFFFF8B5202342
:10527000264C0500A3620120FFF716FC08266BB23E
:10528000002B3EDB4023A36220270120FFF70CFC0C
:10529000013E0120A761FFF707FC6D000120A76216
:1052A000F6B2FFF701FCEDB2002EE8D140252368ED
:1052B000174E012033402360A561FFF7F5FBA7617E
:1052C0000120FFF7F1FBDF3723691A002A402B4248
:1052D0001AD0013F0120FFB2FFF7E6FB002FF3D108
:1052E00001256D422023A3620120FFF7DDFB80230F
:1052F00022685B0132401343236040232800A361EE
:10530000F8BD4023A361BFE71500EBE70014005090
:10531000FFCFFFFFF7B52F490B78DAB20192132BBD
:1053200014D02D4C087823780525C0B2002B00D06E
:1053300028352A4A13780133DBB21370AB4204D309
:1053400013230B70002313702370FEBD78230024F9
:10535000234DAB6100260823370000930A20FFF796
:10536000A3FB3A00F0272B693F021F40974212D15E
:10537000012E18D00126009B013B0093002BEDD19C
:105380000134052C0DD078230122AB61713B1B1B2E
:105390009A40AA62DEE70026EDE7320010E0022222
:1053A0000EE0019812E080211A0009020A400B4227
:1053B00006D05A04F1D59A04F1D50322DB04DFD4D8
:1053C000084BA1005B18985C1328D9D07823AB61F7
:1053D000BBE7C0462D000020BE070020BF0700200D
:1053E00000040050D7AC010810B532246320FEF74A
:1053F000E9FAC0B2C72806D9013C0120E4B2FFF7A0
:1054000053FB002CF2D1FFF743F8FFF741F810BD32
:1054100070B5FFF7E9FF1A4A0400031C904201D956
:10542000184B1B88184A083312689BB20232D17F8E
:10543000164A1588164A954204D1002901D099428E
:1054400012D970BD134E2A1CB54201D9124A1288D6
:10545000103292B29A42F4D80A1C082900D20822CB
:10546000083A92B29A42ECD8AF204000FFF71CFBFA
:10547000FFF7BAFF231C844200D2031C98B2E0E776
:10548000F7FF0000FE9F01083C1D002004000020E3
:10549000FFFF0000EFFF0000FC9F0108604BF0B52C
:1054A0001C68604B85B01B68002B00D1A8E05E4BE8
:1054B0001B78002B00D19DE0A31CDB7F002B00D1CB
:1054C00098E03020FEF77EFA0626584A584B1040E6
:1054D0001880FEF7BDF82060200007F08BF82369E4
:1054E0001D68544B1B68002B06D0534A127852B2E9
:1054F000002A4ADD9D424CD32800FFF78FF8FFF7C2
:1055000087FF0500FDF76AFE2800FDF795FE0028DD
:1055100061D0A18B4B1EF82B28D8FA20236880007D
:105520000293FDF791FA502800DD50200026370045
:1055300083B2039323691B680193FEF789F8206007
:10554000200007F057F8236918683B4B1B785BB2C3
:10555000002B21DD019B834223D9029B2000236085
:1055600007F048F823691868FFF758F80122334B11
:105570001A70200007F03EF8200006F027FF0120F7
:105580000CF002FA09222E4B2EE0002AB4D09D42E4
:10559000B2D9FDF73DFEAFE7002B02D0019B83425D
:1055A000DBD3FFF73BF8FFF71FFF854209D2050069
:1055B0000027236802930136039BB6B2B342B9D1E8
:1055C000CBE78542F7D9281A0728F4DD0137FFB267
:1055D000022FF0D9C1E7013EF6B2002E00D078E7E5
:1055E0000122164B1E70164B1A800122154B1A70A1
:1055F00005B0F0BD114A1370FEF72AF82060B8E735
:105600000E4A0D491370208E0F4AC00009781318F6
:105610005B68825849B22000FEF704F8EEE7C04606
:105620003C1D00202807002003000020FFFDFFFF95
:105630003A04002040040020E01D00203D0400202A
:105640002E070020281E002028AA0108F0B5D24B02
:10565000D24C1A7895B0531E182B3DD823008021C8
:105660002A331B78C9000593A38D8B4231D01BB21E
:10567000E58D8D4236D02DB2C9490191098802913C
:10568000059900290ED0C7490E780391002E2CD021
:10569000012E00D13DE10323039A1370C24B019AFE
:1056A0001B8813800025BE4B01221E88BF4B5D570F
:1056B0002300701929331B78290080B206F052FEAE
:1056C000BB4B0700984200D035E1FDF7A1FD002754
:1056D0001BE001235B42CBE7012301215B421D005C
:1056E0000591C9E701256D42C6E7AF4902980880D8
:1056F000002B00DA0DE19FB23100380006F0F8FD12
:10570000002800D105E1039B1E70019B1F80237BB5
:105710001A1D5B00E752A74B52001B68A752039368
:10572000DF83A54B1B78002B00D169E1039B02337B
:10573000DB7F002B00D127E11022380108A9FEF7FA
:1057400093FF089B0193013B033300D919E1152016
:1057500008ABC0181B22002113F04EFD019B099ECF
:105760000C930E93954B9E4200D9954E109608AB24
:105770009B7A0F241A0008A922401B090A750B778F
:105780000CA8097A06F012FE08AB597A0EA806F0AA
:105790000DFE08ABDB7A1C400294022C01D90022DA
:1057A000029202990CAA11761D092F2B00D900250F
:1057B000D57508AB9B7B0493172B01D90423049365
:1057C000049B0CAA049993757E4B4900CB5A012186
:1057D0000793938208AB1B7BFF2B00D0BAE0517676
:1057E0000691029B012B00D1C4E0022B00D1C5E041
:1057F00008AB5B7BFF2B06D01B075B0F042B00D98C
:1058000000230CAA9377482264496F4C0B7B20003D
:105810005343C918843113F01EFE0CAA1100230053
:10582000E78381C981C39C46180088C988C0634644
:1058300007990298A1830499A661D9772100343190
:105840000D70611CC8772100507E2931087020003E
:10585000917E2B3001702000D67E2D300670200006
:10586000167F333006702000069E28300670907F29
:105870002200002901D01A00230022610122210008
:105880006361524B32311A70039B0870039E3433AC
:105890001C782D363278A54201D1002A16D01D7011
:1058A00000233370A54202D0280006F0CFFF00206D
:1058B000012D03D13078002800D0032012F098F891
:1058C000A54203D00122424B52421A803020FEF7FB
:1058D00079F8404A404B104018800198FEF79EFE30
:1058E000FFF796FD0400FDF779FC2000FDF7A4FC0E
:1058F0003A4B002876D001221A70284B0221187BDF
:1059000007F042FE01200CF03FF80122344B1A70E0
:105910007FE0230029331A78002D00DABBE6AFB20E
:105920000021380006F0E4FC002800D1B3E6012293
:105930001C4B1A70E9E6002D05DD864200D8E4E62E
:10594000FDF766FCE1E6002D00D1DEE6864200D3DD
:10595000DBE6F5E718000840907658080840D07656
:10596000D806400F507658099B0908400B40107725
:10597000069336E7019B9B190E9339E7019B9B1B0E
:10598000FAE70022114B1A700022144B1A70029B86
:10599000BB423ED0B1E7C046751E00204C1E002021
:1059A0002C0700203904002030040020E01D0020D6
:1059B000FFFF00003C1D002003000020FFE0F50574
:1059C00040420F0010AC0108E80300203C04002016
:1059D00004000020FFFDFFFF3A0400203D040020EA
:1059E000281E00201870019A039B1A6001220B4B9D
:1059F0001A800B4B1A700598FDF76AFC15B0F0BDC4
:105A0000029BBB4200D078E7064B1B78002B00D0EE
:105A100073E70922014B1A80EDE7C0462E070020EC
:105A2000281E00203D040020F0B585B0041E03911F
:105A300007D0324A324BD17F19700023D377314AD5
:105A4000137006F0E5FD06F0CBFA2F4B01932F4BB8
:105A50000293002812D0A02380220025DB055200EB
:105A60009A622B4B1D702B4B1D70019B1D70029B6E
:105A70001D7006F0C1FA28000BF04CFE0022264BE8
:105A80001E68264BF78B1F80254B1A70254B039AF7
:105A90001A70FDF731FDFDF7BBFB8023224DDB00C3
:105AA0009F4221D2214B187806F0DCFB002804D15C
:105AB000013006F0EFFB08F00BFD002C03D0F38B58
:105AC0001B4A2B601360FFF7C1FD1A4B2A681A604E
:105AD0003222194B1A800023184A1370019A13704E
:105AE000029A137005B0F0BD002C03D03368104A41
:105AF0002B601360FFF7D2FCE7E7C046521E002080
:105B000038040020A0060020BA1D0020BB1D002084
:105B1000441D0020300700203C1D00202C070020E1
:105B200039040020E01D0020A8060020751E00207A
:105B300034040020A40600202E070020530000207B
:105B4000010010B50020FFF76FFF074B1B68023301
:105B5000DA7F1423002A00D0133B044A138000226A
:105B6000034B1A7010BDC0463C1D00202E070020BC
:105B7000530000200A4B10B51A68002A01D1094AC7
:105B80001A601868084A4118914206D913F00AFBB6
:105B90000C2303600120404210BD1960FCE7C046A1
:105BA00038070020303100200040002070B506008A
:105BB0000D001400FEF720FE2A4B1B78002B1DD190
:105BC00029490B78002B19D00122284B1A70122E6C
:105BD00013D1002C11D1002D0FD0254B1A70254B5D
:105BE000254A1C701378002B01D10B7005E02D2184
:105BF000013BDBB21370214AD15470BD112E1DD070
:105C0000122E13D000230A2E1FD0AC42F5D1012052
:105C10001B4A174912780870002A1DD0172B1BD871
:105C2000184ADA40024217D00223DEE7164B002C56
:105C300002D044331B78E8E74333FBE7124B002CD8
:105C400001D04633F6E74533F4E79C42DDD020220D
:105C50000D4BFF329B5CD8E70C4A9B009B58984742
:105C6000CBE7C046FF1D0020DE1D0020BD1D00202B
:105C7000191E0020570000202407002015070020CF
:105C80001A1E00202CDCF2004C1E00206CAC010817
:105C90000E4910B50A780E4B002A0AD10833D87F76
:105CA0000C4A10703D22DA7701230B70FEF78EFF4D
:105CB00010BD2221084AFF31595C12780833914205
:105CC00002D10022DA77F1E73D22FBE70707002047
:105CD0004C1E002006070020D0170020BFF34F8F76
:105CE000034B044ADA60BFF34F8FC046FDE7C0465E
:105CF00000ED00E00400FA05F7B50190FDF710FA99
:105D0000E122424B424E52011A803378002B01D0DF
:105D10000FF09EFFA0238022DB0552009A613D4BCD
:105D2000FF3A1A703C4B1B789B0701D5FEF74EFFDC
:105D300000223A4B3A4C9A563A4F3B4D002A1DD11D
:105D4000631DDB7F002B44D1FEF7AAFB3B68343395
:105D5000187806F07BFD01980BF0DCFC019B022B10
:105D600002D03378002B4CD0304B1B78012B02D063
:105D700000200FF011FA01232B70F7BD2834FDF736
:105D800047FA2378502B20D9294A1178002909D1C4
:105D9000503B1900FA235B004B4326499BB20B8012
:105DA0000123137000228020234BC0001A70234A65
:105DB000234B116819603968CB8B834200D30B6881
:105DC000136001221F4B1A70BEE70022194B1A8084
:105DD000E8E70634E17F4B424B413C205B42FF3019
:105DE0000340194869330380184B1A70002902D107
:105DF0000122174B1A700022164B1A7001232B70C8
:105E0000A2E70122144B1A70B5E7C046221E0020FB
:105E10001A1E0020441D0020AC060020E01D0020BA
:105E20004C1E00203C1D00202D1E0020FF1D0020C8
:105E3000BB1D00202E07002053000020A8060020D4
:105E4000A4060020A0060020BC060020520000206E
:105E5000BC1D002025070020281E002010B5174B70
:105E60001B78022B08D006F0D3FB01200BF08CFD31
:105E70000220FFF741FF10BD0022114B1A70114B99
:105E80001B785BB2934208D0FA210F4B490019806E
:105E90000E4B1A700E4B01321A7001200BF074FD7C
:105EA0000C4B0D4C1B78002B04D010F0BDF90323D4
:105EB0002370E0E7094B1B78FAE7C046261E002056
:105EC00030070020E01D00202E0700205300002096
:105ED000BB1D00201A1E002057000020FF1D0020BF
:105EE0001E4B10B51B78D8B2002B09D11C4B1B7868
:105EF000002B04D00BF00EFC01221A4B1A7010BDBF
:105F0000194B1A78194B1B78134359424B411849C6
:105F1000DBB20978C8B2002905D0012A03D10021DB
:105F2000144B1970030014490978002912D0134941
:105F3000097801290ED1023A012A0BD80022104B10
:105F40001A70104B04201B78002B00D00238FFF78A
:105F5000D3FED4E7002BF4D1D1E7C046BE06002023
:105F6000261E0020281E0020BB060020E01D002069
:105F7000BA060020B9060020B8060020B7060020A7
:105F8000B60600203007002010B51A491A4B0878D1
:105F90001A781A4B00280FD0032A0FD0184A12780B
:105FA000D0B2002A00D108701B88164A9B18062B15
:105FB0001DD9FFF74BFB12E0032AF5D11B88114ACC
:105FC0009B18062B03D9104B1B78002BF1D10F4BDC
:105FD00004201B78002B00D00238FFF78DFE002331
:105FE0000B4A13700B4A13700B4A137010BDFFF766
:105FF00055FAF4E73D040020261E00202C0700205F
:10600000BE06002000FCFFFFBB060020300700207A
:10601000BB1D0020BA1D002053000020F8B5C04C65
:106020000E00657B002902D00122BE4B1A70237F2F
:10603000002B04D0022802D0FEF7DEFBF8BDBA4BDD
:106040001B78012B03D1B74B02221A70F6E71228F6
:1060500000D93DE2FCF764FC130016008D009300AC
:106060009900A500DC00DF00CA01D9013C02F30160
:10607000F3013C023C023C023C0218021802FEF70B
:1060800077FADBE7A94BAA491A68D38B5B18062B72
:1060900043D9FEF7B1FB231DDB7F002BD3D0A54BEB
:1060A0001B78002BCFD1A44B1B785BB2002B0BD0FD
:1060B000A24B1B78032BC1D1A14B1B78002BBDD069
:1060C000A04B1B88002BB9D08023627BDB005100E2
:1060D000605A9842B2D248235343E3181A008020F2
:1060E000B4321288C000121892B2A23362521A80DF
:1060F00006F08EFA944B1C68200006F07BFA200014
:1061000006F064F901200BF03FFC01238F4A138055
:106110008F4A13708F4A137090E7138E062B07D1A6
:1061200011698D480E68864202D88C4B0B6085E75A
:1061300001339BB21386042B17D1894B1B78002B9C
:1061400001D105331386138E8022D2009B180122C1
:106150009BB26D0063536519AB807D4B1A70814B08
:1061600092181A70804B00226FE7062BEBD90023A0
:10617000E8E701227B4B1A70FDF7FAF85EE701228F
:10618000784B1A70FDF794FB58E7FEF735FB0020BB
:106190000634764BE27FE0771A700CF095FA724B7A
:1061A00052E7002E04D111F031FC6F4B1E7045E711
:1061B00005F0FAFC051E00D040E75C4B1C6880230C
:1061C000E08BDB00984202D3FDF790F836E705F04C
:1061D000C1FF037801007F2B0AD97F22134003708F
:1061E000E08B05F0A7FF01225E4B1A70604B2CE795
:1061F00022002E3213780133DBB2192B00D92B0089
:106200001370012321001A00E08B11F0F1FAEAE784
:10621000FCF76EFE12E7574D2B78002B02D010F0E2
:1062200057FD0BE7621DD27F534B1A70A21D534BD3
:10623000D27F1A70524B1A78002A01D101321A709B
:106240000023504AA38413704F4A137006F0E0F9FC
:106250004E4A4F4E1378002B04D14E4B31781970B3
:106260000123137001274C4B38001F700BF08CFB7F
:106270004A490A78002A05D141342078484B0F70EA
:10628000187022700124FEF750F802203470FFF7D6
:1062900033FD00231421434A1370434A1370434AC9
:1062A0001170C821424A89001180424A1470424A42
:1062B0001370424A1370424A1370424A1370424AA2
:1062C000137010F0D7FC414B414A18880323434315
:1062D0001188994200D01380012010F05DFC01224A
:1062E0003C4B2A701A7000217F323B4812F084FF29
:1062F00080220021394812F07FFF80220021384897
:1063000012F07AFF00218022364812F075FF002239
:10631000354B1A7010F04EF9022005F055FC8DE651
:106320004C1E0020191E0020FF1D00201C1E0020F6
:1063300000FCFFFFFA1D0020E01D0020261E0020AB
:10634000BA1D00202E0700203C1D0020320700202F
:1063500094060020281E0020FFE0F50500E1F50569
:10636000E40300200307002057000020E30300207F
:1063700093060020D71D0020E2030020E103002047
:10638000E00300202507002052000020DF0300204A
:1063900030070020DE030020BC1D0020DD030020AC
:1063A000DC030020470500204B05002001000020F1
:1063B0000C00002000000020DB030020DA03002096
:1063C000F4050020D9030020D80300201C00002081
:1063D00010000020F6050020331B0020B31B002016
:1063E000331C0020B31C0020BD070020002E02D16A
:1063F000FFF74EFC22E60121394B1B682B331A783C
:106400004A401A70374B198018E6002E02D1FEF769
:106410002DFC13E6260000224A361100308805F0D4
:1064200067FF002800D109E632882B1D5B006D0054
:10643000E252625301222C4B1A702C4B04E62C4B77
:106440001B785BB2002B0BD00B2806D10A3805F065
:1064500021FF08F03DF8274B85E601204042F6E792
:10646000254AE37D11780A2900D113700B2807D142
:10647000082B01D80133E37501221C4B1A70EAE79F
:10648000002BF9D0013BF6E7154B1C4D1968002392
:106490000C000834E27FEE5C964203D00133182BE7
:1064A000F9D10023122803D1172BD4D0012202E006
:1064B000FF22002BCFD0D218D2B2AB5C104AE377C8
:1064C000CB8B9B18062BD7D80122064B1A80D3E71B
:1064D000FEF792F9002E00D1B0E50122094BB4E598
:1064E0001C1E002032070020940600200307002015
:1064F000E01D0020BD0700200200002007AA0108BF
:1065000000FCFFFF191E002010B5142200210248D4
:1065100012F072FE10BDC046021E002070B5414B45
:1065200004001B78A0B0002B40D005F059FD051EDB
:106530000BD103200EF030FE3B4B1D703B4B1B7804
:106540005EB2002B03D00FF06BFC20B070BD384A58
:10655000384B394D002C25D001216846117080221E
:10656000FE311E7012F048FE330080226946334827
:10657000FEF746FD6022FF21314812F03DFEAB7D63
:10658000304A9B075B0F9D5A2F4B07201D800FF051
:1065900025FB2E4B000918802200012128000FF056
:1065A00007FCD2E714701C70AD8AEDE705F0FCFA29
:1065B000041ECAD11C4B1870254B1870FFF7A4FF9E
:1065C00006F026F8200000240EF0E6FD214B1C57B3
:1065D000002C16D08022204BD2001B88934202D37D
:1065E000FDF704F9B1E7012005F054FE07F070FF54
:1065F00007F06AFC2000FFF7A3FA0122174B1A707C
:10660000A3E7174B1B685A1E9341164A01331370B8
:1066100007F05AFC01210800FFF706FA124B1C7024
:10662000EBE7C0461A1E002030070020DF1D0020C7
:10663000AA1D0020A61D00204C1E002028A000003E
:10664000461D00204CAE0108401D0020421D0020C8
:10665000171E0020E01D00202C0700202D1E00200A
:1066600028070020841E00202507002010B50120E7
:10667000FFF754FF10BD00000F2210B500210448A1
:1066800012F0BAFD0022034B1A70034B1A7010BDB2
:106690001507002024070020DE1D0020114B70B5D7
:1066A0001B78002B03D1104B1B78002B07D0FFF772
:1066B000E3FF00220D4B1A700D4B01321A700D4B87
:1066C0000D4C1B780D4D002B03D123782A781343F2
:1066D00007D0FEF791F8002301222B702370044BA2
:1066E0001A7070BDDE1D0020240700205700002016
:1066F000281E0020BD070020201E00201B1E002099
:1067000010B51D4B1B78002B03D11C4B1B78012BA4
:1067100007D1002921D100281FD00222184B1A705E
:106720001BE0002915D1002818D1164A1278002A3A
:1067300001D1002B01D0032B0FD10123124A117874
:106740004B40137002D01022104B1A70104B0122D4
:10675000E5E7002801D0FCF7F3FD10BD084A032B44
:1067600002D001231370F8E70A4B1B78002BF8D0F6
:1067700002231370084BEAE71B1E0020FF1D0020B8
:10678000191E00201A1E0020BD070020201E002018
:106790002D1E0020DF1D0020BD1D00200022404BCB
:1067A00070B51A70904203D03E4B1B78934212D0C2
:1067B0003D4B1B78012B0DD10024FCF79BFF3B4B7D
:1067C00020001C7006F0EEF8394B1B78012B01D02D
:1067D000384B1C7070BD05F0E7F9354D002807D027
:1067E0000CF002F8344B1B78002B2ED0334B2AE0F0
:1067F000334B1B785BB2002B02D0FCF7F7FFF1E7BD
:10680000304B1B78002B05D00FF00AFB0322294BDD
:106810001A70E7E72B78032B14D0234A1278012A49
:1068200003D1294A1278002AD4D0012B02D00022A9
:10683000204B1A702549264B09781A78002915D162
:10684000002A1AD1234B01221A700022224B1A70FF
:106850002B78012B04D0174B1978032900D01A701C
:1068600001221E4B1A701E4B1A70B3E7002A04D186
:106870001C4A1278002AE5D01A701A780E2A01D91B
:106880000E221A7000261B78164A174C17491370EF
:1068900020000E22CE5412F0E7FDA673D2E7C046C8
:1068A0001B1E0020C91D0020261E0020AE1D00203A
:1068B000FF1D002057000020DC1D0020980600204E
:1068C000E01D0020DF1D00209E060020DE1D0020B0
:1068D0002407002034070020C80400202D1E0020BB
:1068E000281E0020E50300208C1F00201507002033
:1068F000F0B5B94F04003B780D00160085B0132B9E
:1069000007D0A34203D1002D01D113233B7005B062
:10691000F0BDB24A1278002A0FD0002901D1102808
:106920000AD1FCF7FDFBFEF751F9102C05D000222F
:10693000AB4B3C701A70EAE71C00AA4F3B78132B54
:10694000DFD1002D00D135E1A74B1B78002B00D102
:1069500030E1FCF7E5FBFEF739F9102CE7D1A34B4A
:1069600002931B78052B02D100200AF0D3FEFA22F5
:106970009F4B92001A809F4B01939F4B19780029DF
:1069800003D01E224A439D4B1A70002D00D06DE1AA
:106990009B4F3B78002B02D006F0F6FF3D70994FDD
:1069A0003B78002B03D007F029F800233B70964F6B
:1069B0003B78002B03D006F0B9FF00233B70934FC8
:1069C0003B78002B13D0924B1A68019BD08B597BDC
:1069D000012307F00BFA00233B7005F0E5F80028CF
:1069E00005D18C4B1A78002A01D101321A7000228D
:1069F000894B1B78934207D0884B1B78934203D175
:106A0000874B1A7853425A417A4F7B7E002B01D133
:106A1000002A04D0029B1B78013B591E8B418149FF
:106A20000978002900D05AE1002B00D185E1102C13
:106A300000D056E17C4B1A780192002A05D00196CD
:106A4000002D02D11D7001230193784B03931B7815
:106A5000002B05D0102C01D00D2C01D1FDF7CCFE60
:106A6000019B002B11D1029B1B78012B00D009E266
:106A70006F4B02931B780193002B00D0C2E1102CC6
:106A800000D06FE12800FFF789FE554C20780028E0
:106A900003D005F099F800232370664C664A2378EA
:106AA0000192002B09D02822644B1A800BF0D2F8F7
:106AB0000123019A137000232370614C2378002B6B
:106AC00009D0002E00D058E306F098FF00230122E1
:106AD00023705C4B1A705C4B1A78002A06D0002297
:106AE0001A70964200D04CE306F020FF574B1A78FC
:106AF000002A06D000221A70964200D045E306F024
:106B000043FF534B434F03931B88524C0293002B7C
:106B100023D0002E01D1002D0AD009F02BF9404BD3
:106B20001B78002801D0012B02D0022B00D030E3CB
:106B3000374B30491A686B46497B1B7AD08B07F07C
:106B400055F905F031F83B78002803D1002B01D12D
:106B500001333B700023039A13803D783E4E002D95
:106B600000D124E33D4B02931B78002B00D11AE3A4
:106B70002900002006F008FD2900012006F004FD90
:106B80002378FF2B01D100232370012333700023CE
:106B9000029A3B70137005F03BFD01200AF0F4FEF1
:106BA000002333702E4B1B78002B00D103E3FFF73B
:106BB00055F900E30D2C00D0D1E62A4B1F78002FA9
:106BC00000D0CCE6284BDB7F002B00D1C7E6FDF7D9
:106BD000FDFF034B1F709AE629000020F61D0020E0
:106BE000191E002028000020C0060020261E0020BC
:106BF000500000204C1E00208A1E00202C1E002069
:106C00009D0600209C0600209B0600209A0600207E
:106C10001C1E002003070020D21D0020CE1D0020D6
:106C2000FF1D00209906002098060020BD070020C7
:106C3000350700209706002096060020001E002041
:106C4000100700202D1E002095060020940600202D
:106C50003207002057000020140700209306002070
:106C600030070020CF170020541E002009F082F8C2
:106C7000B64F102C03D1B64B1B78DB0727D53B78DA
:106C8000012B04D1132804D01538012801D9FDF7B0
:106C90009DFF0D2C1BD1002E19D0AE4B1B78002B65
:106CA00007D0FFF731FC0022AB4B1A70AB4B01321F
:106CB0001A70FFF7F3FC0122A94B1A70A94B1B783D
:106CC000002B01D0FFF7CAF80022A74B1A603B78CF
:106CD000012B00D08BE62822A44B1A8087E6002BDC
:106CE0002BD00D2C0DD1002D00D110E6002A00D1A3
:106CF00082E201209E4B1870984B187004F064FFDC
:106D000005E60F2C0DD1002D00D100E6002E18D184
:106D1000022004F059FF0422964B1A708F4B033A5D
:106D200008E62300113B012B1AD90A2C00D05FE2A0
:106D3000002E15D1002DEBD0E9E5092C01D90F2C3F
:106D40000BD18D4B1B78002B0AD0002D00D1DEE536
:106D5000002E00D0DBE50220D0E7102C00D169E640
:106D6000864B68E6FE230293112C06D02000FCF728
:106D700037FB0290FF2800D187E6002D0CD1A0231D
:106D80008022DB0552009A627D4B28001D70FDF7C2
:106D900049FBFDF785FA78E6002E00D075E63B004A
:106DA0007A331B78002B07D0A0238022DB0552000A
:106DB0009A61734BFF3A1A70FDF772FA029B7A37A9
:106DC000FE2B04D138786F49FDF7EAFF5DE63C7889
:106DD000FDF7B2FAFDF7BEFA002C01D003230193B0
:106DE0000198FDF741FA68497020FDF725F8FDF795
:106DF00031FB6648FDF758FE0298FDF771F9FDF783
:106E0000B1FA42E6B54200D13FE6019B032B02D026
:106E1000002D00D139E6A0238022DB0552009A62C2
:106E20000022574B1A700223019A9A43012A01D17A
:106E30000BF0BAFA00235022029955480B70554BBB
:106E40001A80FDF731FE01200AF09EFD3F4B1B78B2
:106E5000012B02D00022504B1A704237387800289C
:106E60000BD10AF057FC01234C4A102C03D0434AA3
:106E7000002E00D009E6137007E60A224243484B71
:106E80001A70F0E7474B364A02931B780192002BA9
:106E90001BD12E4B1F78FF2F09D02300113B012B54
:106EA00000D959E1039B1B78002B00D054E104F07A
:106EB0007BFE002800D057E1042F00D154E13200BE
:106EC00029002000FEF772FEDFE5002E00D0DCE591
:106ED000002D00D1D9E5102C33D00122019B1A706E
:106EE0000C2C06D80A2C25D866D00223019A1370E0
:106EF00027E00D2CF9D1FDF721FF2B4B1B78012B3F
:106F00000DD12A4B2A4A1B88934208D0787B022154
:106F1000021D5200BB524200BB5206F035FB05F089
:106F200077FB01200AF030FD00200EF035F9002338
:106F3000029AA0E701211C4A13784B4013701D4BA5
:106F40001E700122054B1A709FE5C046FF1D0020F0
:106F5000AC060020021E0020171E0020281E002064
:106F6000191E00203007002028070020001E0020E6
:106F7000CE1D0020291E0020FA1D0020BD1D00206E
:106F8000441D0020D6060000C3C3000050C300000B
:106F900088130000B21D0020570000209806002032
:106FA0009E060020F31D00209206002026000020EF
:106FB000FFFF000091060020924C93492000934A65
:106FC00005F0ECFA230001222D331A702300200073
:106FD00029331A7005F0FAF98D4B01201C608D4B96
:106FE0001C608D4B1C600AF0CFFCFDF7E5F9FDF746
:106FF000A5FE8A4B1B78002B00D0A1E0884F4622CB
:107000000021380012F0F8F8864C874B8749884AEF
:1070100023804B7BA2800222A27146325A438B18F6
:107020001800843000880192208118008630008882
:10703000608118009C3002884088A281E08118009D
:1070400089300078B222207418009130007894467C
:1070500060741800883000789C44A0741800903048
:1070600000786246E0741800B83000782075180087
:10707000A430007860751800AC300078A075180056
:10708000B7300078E0751800AD3000782076180031
:10709000B1300078127860761800AF300078A076B2
:1070A0001800B6300078E0761800AB3000786077D2
:1070B0001800B0300078A0771800B4300088E0776E
:1070C000601CC27718008022B930A23300781B8878
:1070D000F877D200574893422BD2190006F02EFAC7
:1070E000422138000EF0B2FA0627A31DD887524B72
:1070F00020200834E3870FF047FA504C277007F040
:10710000FDFAFDF7D9FB05F0ADFA10F02BFB882155
:107110003620FCF791FE00210120FDF71FF805F055
:1071200077FA01200AF030FC01232370444B1F70D2
:1071300007E7019ABA325118102212F08CF9CFE702
:1071400002223E4B1A703F4B033A1A8000223E4BFC
:107150001A70FDF705FEF4E63C4BBF003200290033
:107160002000FB58984790E4002E00D08DE4002DBD
:1071700000D18AE40223019A7DE60122344B1A7081
:10718000A4E40122334B1A70B0E40122324B1A708E
:10719000B7E40122314B1A702378FF2B00D0D9E4D9
:1071A00000232370D6E4214B2900587BE6E4337892
:1071B000002B00D0EFE4019B1B78002B07D00023AD
:1071C000019A13702822264B1A8008F0E1FD254D04
:1071D0002B78002B03D00BF0D7F900232B702078ED
:1071E0000DF0DAFFFF23012223701F4BFFF7A2FBF4
:1071F000002D01D1FFF78BFB002E01D0FFF787FB9D
:1072000086E5C046000600200504000090FE9602B8
:107210003C1D00201C1E0020381D0020920600206E
:107220004A06002048060020CDABFFFF4C1E002080
:10723000A5BEFFFF6A060020BADCFFFF9106002012
:10724000191E0020260000209006002040AC0108F6
:107250009C0600209B0600209D0600209A06002028
:10726000001E002034070020281E002000221020CD
:10727000110010B5FFF73CFB0022064B1A70064BBD
:107280001B78132B02D0054B01321A70FDF7E8FB77
:1072900010BDC046DC1D002058000020BD1D002090
:1072A000F0B5534B9BB01B780193052B00D0C5E084
:1072B000504B1B78002B00D1C0E04F4B1B78002BAC
:1072C00000D04BE24D4B1B78002B01D001F0D6F8DB
:1072D0004B4A4C4B147800932700781E87411B784B
:1072E000FFB2002B02D000210098017046490D78B2
:1072F000002D01D101F0F5F9002B03D1002C00D0B5
:1073000013700027414B1B78032B01D001F0BCF90F
:107310003F4A13780133DBB2072B01D801F0BCF9E7
:1073200000201070FDF7DCFA2B00002F01D001F0D7
:10733000E0F9002B01D001F0E5F9364D2B78002B58
:1073400005D0354B1B78002B01D001F0E8FC334B06
:107350001B78022B01D001F0DAF9314B1B881B0797
:1073600005D180232F4A9B0151694B4053612E4A1E
:107370001388002B01D0013B13802C4A1388002B6B
:1073800001D0013B13801A4B1C78012C0ED1284BE5
:10739000187800280AD00138C0B21870002805D12A
:1073A0000AF0B8F9164B1C70009B1C702B78002B50
:1073B0000DD0204A1388002B09D0013B9BB21380CB
:1073C000002B04D10EF030FF03200DF0E5FE04F099
:1073D000EBFB002801D101F000FA174E3378002BA7
:1073E00001D101F0D1F9013B337001F0F6F9C0464B
:1073F000261E0020B51D0020D71D0020FE05002000
:107400002D1E0020281E0020C0060020C1060020DE
:10741000BF0600201A1E0020FE1D0020EC040020E4
:10742000CC1D002000080050B21D0020B01D00201F
:107430009E06002012070020E804002004F0B4FBA0
:10744000002800D039E70C20FCF7BCFA01231842D1
:1074500000D132E700210220FCF7EEFC0220FCF70D
:10746000B1FA082307043F0E04001F4226D00B2068
:10747000FCF7A8FA0005000FFBF7B2FF0600FF2893
:107480001CD0019B012B19D0C54B1B78002B15D0AC
:10749000C44D2800FBF71EFA0200132804D128006F
:1074A000C14911F0B1FF12220023AE54AD180C22D5
:1074B0006B70BE4B1A70BE4B0B3A1A707B0702D52D
:1074C0000122BC4B1A7001231F4209D00122BA4B82
:1074D0000C201A70FCF776FAB84B800BC0B218700B
:1074E000BB0702D50022B44B1A70E5B2630602D581
:1074F0000122B34B1A70240602D50022B04B1A7039
:10750000EB062AD50122AF4B1A70AF4B09321A8015
:10751000AE4B9A7F002A20D0019A052A08D1AC4AA6
:107520001178002904D11420AA4A1080AA4A1170A7
:107530000533DB7F002B10D0A84AA94B1178002916
:1075400002D11988132908D8142119800023137037
:10755000A44A13700122A44B1A70AB0604D5002272
:10756000984B1A70984B1A806B070AD501229F4BD3
:10757000110005201A70FCF7F1FDE1229C4B52012D
:107580001A8008231D4205D00021984B0520197050
:10759000FCF7E4FDFB063CD5964B1C78042C38D157
:1075A000954B1B78012B34D1944B1B78002B30D199
:1075B000934E5F203378013CDAB20133DBB2337093
:1075C0000092FCF7FFF9009B8E4D5B00E852002C07
:1075D000EED13378232B1CD90122754B0B2034704C
:1075E0001A70FCF7EFF90600FDF7BAFBF60609D4AE
:1075F0002A88854B9A4205D12B000833DA8F834BBA
:107600009A4272D0FDF79AFBFDF7AAFB80480FF073
:10761000F9FC30231F4200D115E77E4B1B78002B6D
:1076200000D110E77C4B1B78012B00D00BE77B4B84
:1076300000931B78022B02D0052B00D003E7042512
:107640006F4CBF0602D523782035ED1A0026AE42D6
:107650006DD123780123564E33702378232B00D825
:10766000F1E6237800230B202370FCF7ABF904002C
:10767000FDF776FB250010231D401C4266D1614CAE
:10768000614B22889A4261D123000833DA8F5F4B25
:107690009A425BD120200EF077FFA31D4221604863
:1076A000DF8F0DF0D3FF874250D1E388A2881B04FF
:1076B00013435C4A1B021B0A934247D10022280055
:1076C000110004F015FE071E01D101F093FB802389
:1076D0000135ADB2DB009D42F0D10423009A137056
:1076E000033B3370FDF72AFBADE622200EF04CFF82
:1076F00042214B480DF0AAFFAB1DDB8F834200D027
:1077000084E76D880EF010FE8188A3B2994200D8FC
:107710007CE7062363430268D618D35AAB4204D8E9
:107720007388AB4201D901F0DFFB0134EDE75F2044
:10773000FCF748F92378232B06D823785A1CD2B2B9
:107740002270304A5B009852013680E70523009A88
:107750001370043B3370FDF739FA74E6324B009333
:107760001B78022B01D000F0DAFC304A1178002996
:1077700000D14EE12E4C2378002B02D0013B237028
:10778000A6E52C4D28780138052800D927E1FBF71C
:10779000C7F8530055000C01250125012801C046FA
:1077A000FC050020021E0020031E0020171E0020E2
:1077B000281E0020B1060020B8060020B7060020D1
:1077C000BA060020AF1D0020B01D00204C1E002076
:1077D000B51D0020F41D0020B61D00205200002021
:1077E000BC060020250700202D1E0020BE0600201C
:1077F000221E0020FF1D0020361D0020FD05002058
:107800009006002048060020CDAB0000BADC000046
:10781000FA050020F31D00209206002091060020AA
:107820004A060020A5BE0200F6050020F50500204E
:10783000A5050020A405002002232B70C64B1B6861
:10784000002B00D195E0C54A12789B5C002B00D13B
:107850008FE0C24BC04A1B781268D35C2E2B00D03D
:1078600099E0BF4B01201988FDF79AFABD4B1888A3
:107870000A210530FBF7E8F820700322BA4B1A7092
:107880000EF098FEB94B1B78002B00D020E519E5CF
:10789000059B9B5C1F00613F192F22D8203BDBB268
:1078A00000200090039F0098BC46C0003F5C8444C9
:1078B0009F4238D163465B68002B3AD108000B0029
:1078C0000132019FD5B2AF42E2D8002804D0002196
:1078D000A24A1170A04A1160002B3AD0A44B1D702F
:1078E00037E0202BDCD1049B002BE8D0002EE6D122
:1078F000019F531C9F42E2DD002803D0974B1E706E
:10790000954B1E600123029A0A2113700522964BA3
:1079100001351A70974B18888018FBF795F8944B2F
:1079200020701D70D4E40098013000903628B9D141
:10793000C4E718780028C1D00021884A01351170A9
:10794000854A136001228A4B1D708B4B1A708B4B3A
:107950001970814B1868002806D0FAF7BBFF7F4BDF
:107960001B78834200D274E706227F4B1A70844B47
:107970002AE00020834B844D1B78059501937E4BB4
:10798000824D1B78039504937C4B1E780293784BB1
:107990001A78030095E72D2B00D06EE7704B01207D
:1079A0001988FDF7FDF97A4B61E7FCF7D3FC6B4AC8
:1079B00013780133DBB21370674A1268D35C002B73
:1079C00009D002232B70734B18880A210530FBF76E
:1079D0003BF820707CE404232B70C8E702232B7053
:1079E00076E4002626700124009B16701C702E7011
:1079F000FCF7CCFC0220FEF77FF9674B30001E70CD
:107A0000664B1E7004F0CEFF04F002FE644B1C7047
:107A100036E7052206A811F0EFFB624D624F2B7886
:107A20003878002B50D0614B1B7803434CD1262271
:107A30005F4BFF329C5C2822FF329B5C5A1E312A2E
:107A400000D9142332215B485943FAF773FF5A4B8C
:107A500082B21A8003231E0056435849B6B24343EC
:107A60000E8057495B080A8056490B800721564B08
:107A70004A431E80554B1A8005233B70544B1A68AD
:107A8000544B1A800023544A1370544A1370544ABA
:107A90001370464A1370534A1380534A1370534A63
:107AA0001370534A2B701360524A1360524A13707A
:107AB000524B534A1978002902D01178A1420BD0B9
:107AC000147001221A7007E0052803D04B4B1B7875
:107AD000002B0DD100233B704A4C2378012B00D0A2
:107AE00016E3FCF737FC02232370394B1A68A6E033
:107AF00026222F4DFF32A95C01240A00344E224079
:107B00003368214200D1CAE0354A1378090700D50D
:107B100084E03D493D4809690140814200D17DE052
:107B2000002B00D0E6E2147000220125384B354CC2
:107B30001A80384B1D702378934200D0D1E2A023E5
:107B40000132DB05FF3234489A61FCF7ADFF0AF0E1
:107B50001BFD257096E6C046A00500209C05002070
:107B60000C0000201C000020A4050020D71D0020D0
:107B700048050020140000204A0500204905002087
:107B800012000020470500204B05002060AA0108D4
:107B9000100000200E0000209F0600209E060020FE
:107BA000281E002017000020CA050020C90500205B
:107BB0004C1E002060EA0000C0050020BE05002029
:107BC000BC050020B8050020BA050020B60500203D
:107BD000CC050020C4050020C7050020C6050020F4
:107BE000B2050020B4050020B1050020B00500203A
:107BF000AC050020A8050020A6050020C80500202F
:107C000016000020D20500200008005000040004E7
:107C1000241E0020DC1D0020204E000000215B00FF
:107C2000DBB21170022B00D056E7C14C2378012B38
:107C300000D06DE2FCF78EFB022332682370BD4B4F
:107C40001A80BD4BBB4A1B6811885B1A9BB2C72BBD
:107C500000D817E60024B64BB84D14801C702C7069
:107C6000FCF778FB21005120FCF7E6F8200009F032
:107C70008BFE200009F04EFDB14B20001C702C70D3
:107C800004F090FE04F0C4FCAE4B1B78A34202D07B
:107C90000220FEF731F80123009A1370F0E59321DA
:107CA0004900695C032900D092E008AF38000EF06B
:107CB0003BFEA54D34682878A4B2052800D90BE70F
:107CC000FAF71AFE031A32495A727B78002B02D057
:107CD00003232B7028E73B78002B00D1FCE69B4B5D
:107CE00014221C809A4B1B7859424B415B421A402C
:107CF000984B1A800123ECE7944B964F1A88019316
:107D0000954B39881B88A21A5B1892B29BB29A4293
:107D100000D2EFE100200EF05FFD00233B80019BCD
:107D20001C8002232B7080E77B78884A002B01D0CF
:107D30001480CDE73B78002B03D1148004332B70E3
:107D4000CAE613888549E31A09889BB2994200D98B
:107D5000C2E61480CEE77B78002B00D0CAE17B4FCF
:107D60007E4A3B881288E31A9BB29A4202D80120CD
:107D70000EF032FD3C80D4E77A78744B002A01D0B3
:107D80001C80A5E73A78002A01D01C80B2E71B8846
:107D9000734AE31A12889BB29A4200D99CE60220E9
:107DA0000EF01AFD0523CAE77A78684B002AE7D15E
:107DB0003E78002EE9D11B88E41A6A4BA4B21B88D6
:107DC000A34200D988E603200EF006FD2E7083E65C
:107DD0009CB2042800D982E1FAF7A2FD0500330025
:107DE0007B00F400530106A80EF09EFD06AB1B7845
:107DF00006AA5278002B14D1002A00D16CE65A4A08
:107E000013700022594B1A70594B14321C80504B7E
:107E10001B7859424B415B421A404E4B1A80554BDE
:107E20002AE1002AEBD093235B00EA5C263BFF3B70
:107E3000022A03D106AA12795340E0E74A4A12788F
:107E4000FAE7494B1D78444B002D00D14A4B1F885F
:107E5000474B02931B88E31A9BB20193434B1B7859
:107E6000002B11D106A80EF05FFD9322434B520068
:107E70009B5C002B1ED1002D19D006ABDB78002BAC
:107E800002D00122394B1A70324A01991388DB194A
:107E9000994200DA2EE1002301201380029B684002
:107EA0001C800EF099FC0222324B1A70BDE606AB24
:107EB0009B78E4E7012BE7D1002D07D1264B019AEF
:107EC0001B889342F3D806AB1B78D8E706AB5B78E8
:107ED000D5E7274E3388E31A9BB20193234B1B78D7
:107EE000002B12D106A80EF01FFD93235B00EB5C64
:107EF000022B0AD01C4B1B78002B15D006ABDB786D
:107F0000002B02D00122194B1A70144B019A1B88C6
:107F1000934200D9E0E5154B1978002930D0124B77
:107F20001A780123534039E006AB9B78E8E7C04656
:107F3000D2050020D0050020CC050020DC1D00204B
:107F40009F06002030070020C9050020B40500204E
:107F5000441D0020C2050020C0050020BC050020F3
:107F6000BA050020B6050020C7050020C605002080
:107F7000C4050020CA050020BE0500204C1E0020BC
:107F800006A80EF0D1FC06AB1B7806AA5178002B90
:107F900004D0002901D000F020FF19000020AC4AD5
:107FA000107081420BD001223A70AA4A06A8348090
:107FB00013700EF0B9FCB7E5A64A1278B2E70322B7
:107FC000A54B7FE5A54E3388E31A9FB2A44B1B88CF
:107FD000BB4246D906A80EF0A7FC06AB1A780123CF
:107FE000002A01D106AB5B789E490988B9421BD9AA
:107FF000002B00D170E506AB5978964B002A04D0CF
:10800000002904D11A70348009E70029FAD193229B
:108010005200A95C263AFF3A022903D106A9097940
:108020004A40EFE71978FBE7002B00D154E5884977
:108030000B78002B00D04FE501330B7093214900E2
:10804000685C844902280AD1002A08D006A8407832
:10805000002804D006AA127953400B703CE50A7040
:108060003AE502200EF0B8FB794A7B4B11780029E3
:1080700005D000213480117001221A7054E50422C9
:1080800020E5764F06A83E880EF04EFC06AB1B7826
:10809000002B04D106AA52780192002A12D0932212
:1080A0005200AA5C022A09D1002B07D006AA5278F6
:1080B000002A03D006AB1A7901235340654A3C805D
:1080C0001370ACE6684BA61B1B88B6B2B34200D94E
:1080D00002E503200EF080FB5F4B019AF2E45E4B59
:1080E000F0E4022B01D0FFF7F3F8604B25701A8003
:1080F000FFF7EEF8012200215D4B1A705D4B1980ED
:108100005D4B1978022900D11A703268574B1A80DA
:10811000594B1B78022B01D0FFF7DAF891E5574B4A
:108120001A78002A04D1013202201A70FDF7E4FD0A
:10813000FCF7AEF9524A534B12685349128E9A56C5
:108140000B78002B14D0514B1A78501C1870312A20
:1081500002D900220A701A704D490B785A1ED2B209
:10816000FD2A01D9FFF78EFB01330B70FFF78AFB65
:108170004308A03A9B184749474A087800920025CF
:10818000525F464D9CB201951BB2002806D12D7856
:10819000002D03D1934209DA009A1380009A00253A
:1081A000525F603208DB6122524203E01500013267
:1081B0006135F3DA009D2A80009A0025525F150090
:1081C000813516DB0A3212B2354E364D934213DB3F
:1081D000354A13803378FF2B01D0013333700023ED
:1081E0002B70984214D13378002B11D001230B70DF
:1081F0000EE078225242E7E72B78FF2B01D00133C3
:108200002B7000233370984202D02A789A42EED124
:10821000264E274A0F783378264D0292002F78D0C9
:10822000002B0DD1244A1378FF2B47D101230022C4
:108230003370214B1A700EF0BDF93378002B42D009
:10824000029B1888042800D97BE001207EE0C0460C
:10825000C6050020C7050020CA050020C40500206F
:10826000BA050020B8050020B6050020D005002082
:10827000DC1D0020241E0020D20500203007002035
:108280003C1D00201E000020F3050020F205002008
:10829000F4050020F10500201A000020F005002060
:1082A000E8050020E705002018000020E605002072
:1082B0001C000020E2050020E50500200133DBB2B0
:1082C0001370032BB2D82C88002C02D120000EF0A2
:1082D000C3FB012301341C402C80029B012618881B
:1082E000042804D90A210530FAF7AEFB86B2072428
:1082F0007443019BA4B21B78002F58D0C54D002BAE
:1083000042D02B88C44A934200D925E701332B8001
:1083100022E7C24A002B10D01378FF2B06D100238E
:10832000BF4A33701370BD4A137084E70133DBB268
:108330001370072B00D883E7F1E7B94B17701F7054
:10834000C1E70A210530FAF77FFB80B20122002F36
:1083500005D1801880B29218032800D942082B88D2
:1083600093420ED3002340202B809F4206D17834C5
:10837000201CE4B2142C00D91420C0B20EF06CFB07
:10838000ABE701332B80A8E7A64EA74F3378022B2B
:1083900005D13B88A34202D3A4480EF031FB012350
:1083A000019A3370137000222A803A80D4E69D4DE2
:1083B000002B38D0974C208800282AD0012825D0BF
:1083C0009B490A78092A0CD87600B0428041531C98
:1083D000DBB240420B7097492D308854CF540EF0D9
:1083E000E9F8954B009A1B88128894499B1A1A1C2D
:1083F0001BB2282B00DD2822130400D500220B8895
:108400009B188F4A0B8013780133137020200EF0D5
:1084100023FB0023019A238013700122824B1A80D0
:1084200002232B7098E62B78022B00D094E67E4D29
:10843000794A2B88934201D801332B807C4F3B78BB
:10844000002B09D003235E432B88B6B2B34203D37B
:1084500000200EF01BFB2E802B88A34200D27BE66F
:108460003B78002B06D001200EF010FB2C800EF084
:10847000A1F871E66D480EF0C3FAF7E7714B1A8860
:108480000123110019401A4201D0FEF721FF6E4B63
:108490001B78012B03D06D4B1970FEF719FF6C4B45
:1084A0001B695B0509D56B4B9B7F002B05D16A4B84
:1084B0001B78002B01D1FEF70BFF6449674F0B7847
:1084C000002B0ED13A00C8202B33013BDBB21080C9
:1084D0000232002BF9D1624A1370624B18800123DB
:1084E0000B70614A5E4D13782C786600062B00D81D
:1084F0008AE06420FBF766FAB853F35B002B01D1E6
:10850000C833F3532B21601CFAF79AFA574B0E002D
:108510001B782970002B05D0554B1B78002B01D1FF
:10852000FEF7D6FE534A544B11781B78194301D0FD
:10853000FEF7CEFE514B05201970514B1970FBF719
:108540000DFE0322434B00929B8C002B01D105337F
:108550000093009B8022DD014A4B0021ED1828008A
:1085600010F04AFE3888012203005100795A0C1C91
:10857000814200D9041CA0B20C1C994200D21C1CE0
:108580000132A3B22B2AF0D1364A1488A0423ED23F
:10859000611E241AE4100C1BA4B214800022019264
:1085A000A34202D91B1B9BB2019333002B330293CE
:1085B000019A4023312A1BD92B213000FAF72AFBDC
:1085C000264F4900CB5B0020A34201D91B1B98B268
:1085D000072701997843FAF7ADF9C2B24023002A80
:1085E00006D0BF331840381A803B83407F221340A7
:1085F0002B706B70029B01360335B342D8D10098C3
:10860000FCF75FF9FEF764FE0133137075E702347F
:10861000C2E7C046EE050020FDFF0000E405002093
:10862000E5050020EC050020EA050020EAA201088B
:10863000E9050020D605002018000020D405002000
:10864000D3050020CC1D0020261E0020460500205A
:10865000000400504C1E0020BF1D0020F00400202C
:10866000EE0400200A000020ED040020D21D0020AE
:10867000CE1D0020FF1D002035070020D91D002041
:10868000D81D0020B3190020022B06D1BD4A137853
:108690000133DBB20F2B03D813700025FEF744FE25
:1086A0000023B94C1370267820007F22B74910F0C0
:1086B000ABFE7F34B64B2670B64C01932000611C94
:1086C0007F22267810F0A0FE23007F331E70019BCE
:1086D0008034A342F2D1FCF7FDF8FCF7EDF8FEF789
:1086E00023FE002B01D1FEF720FE0CF047FD002CED
:1086F00008D00022A84B1A70A84B1B78934201D1D6
:1087000008F070FE00200EF0BFFBFEF716FE032BF4
:1087100001D0FEF72CFEA24BA24A19881088091A34
:10872000692907DD00201B889F49013308701380E9
:10873000FEF71DFE1988884201D0FEF718FE802042
:1087400099499A4E0C788001002C03D1B0621B88A5
:108750000F3317E0776978407061112C09D91B88B5
:108760006933138000230B700B7801330B70FEF715
:10877000FEFD0B2CEBD8A8200001E040C007E6D599
:108780001B882D331380EFE7894B1B78002B24D1F6
:10879000884F3A780192012A0CD0022A7FD0864C69
:1087A0002578002D00D18FE0012D00D1D4E0834A3F
:1087B000137012E0FBF76CFEFBF76AFE0224804B9D
:1087C0003C7018807F4B1D682800FBF741FD280096
:1087D000FBF7B4FEFBF752FD34707B4B1B68002B9C
:1087E00004D003F0FDFB002800D073E10022FF213C
:1087F000764B1A70764B1970764B1970764B1A704F
:10880000764B04931B78042B00D1A6E1744B002017
:108810001978744BC9B21B695B0501D448424841C1
:10882000714B1A78714B002A00D142E2704C02253C
:1088300022781600AE43002800D01AE2012E00D0A4
:108840001AE218780130C0B21870022800D919E273
:10885000002907D0002A05D000221A70FEF706FD75
:1088600000232370FCF756FD0400132802D00022D9
:10887000604B1A70604E614D33789C4200D13AE2F1
:10888000132B08D0132C06D05D4B00211A785D4BBA
:108890001878FEF72DF8002334702B803FE2FBF7A9
:1088A000F7FDFBF7F5FD474B02001868444B1B88AA
:1088B000934204D99B1A032B01DD534B1868002304
:1088C0003B7003F03BF988E70D20FBF77BF80400D1
:1088D000030482D40E20FBF775F84C4A4C4B240459
:1088E0001C4013680443E31A1460DA179B185340C2
:1088F000484A632B02DC15780135EDB29121322014
:1089000089001570FBF798FA022D0AD832204249E7
:10891000FBF792FA019B002B00D05EE71523FEF7D0
:1089200063FD3E4B3E4AE318934203D9200003F017
:1089300005F9EFE7344B65081D60224B28001C60E9
:1089400001233B70FBF784FC2800FBF7F7FDFBF7E6
:1089500095FC0223FEF748FD06A908A8FBF73CF9A1
:10896000051E00D139E7FBF749FD022D00D084E058
:10897000089803F0DFF9FF2854D1244B1868FBF75F
:10898000C7FDCBE7BF0600203D0700203E070020C3
:10899000331D0020B31900202D1E0020C00600202A
:1089A000CC1D0020EA040020E9040020000800504B
:1089B000D61D0020DF040020D51D0020FA1D002058
:1089C000D0040020D404002028070020CF04002079
:1089D0000800002007000020CE040020FF1D00201A
:1089E000C91D002000040050BF1D0020C804002045
:1089F000BE1D00209B1F002059000020321E0020B9
:108A0000B71D002058000020D8040020E4040020F6
:108A10000000FF07E004002045020000C0E85DFE02
:108A20003FEA70000222BF4B22701870BE4B1A70D2
:108A3000BE4B013A1A70BE4B1A70BE4B1A78002A10
:108A400044D000221A70B94B1B78934200D1C4E67F
:108A5000B54B03201B789A1E012A02D9012B04D1A1
:108A6000042008F0AFFCB44B187007F091F9012214
:108A7000AF4B1A70009B1A70AFE6012D00D07CE757
:108A800006AB188803F084F9FF2800D175E7A54DDF
:108A9000AA4A2B78A44F834215D13978012912D1E3
:108AA00013780133DBB21370012B05D90223237035
:108AB0009E4B19709E4B197001233B7023782870D0
:108AC000012BBAD859E700231370F5E702200CF008
:108AD00063FB82E606A908A8FBF77EF804000228DB
:108AE00017D1089803F026F9FF2800D188E6944BA7
:108AF0001A78824200D183E6924A18701470FF22DD
:108B0000914B1A700022914B1A700123009A137036
:108B100076E6012800D073E606AB188803F038F932
:108B2000FF2800D16CE6884B884A1978814211D120
:108B300013780133DBB21370012B00D860E6804B51
:108B40001A788A4200D15BE619707E4A009B147045
:108B50001C7055E61870147052E67D4B1B78012B83
:108B600048D17C4B1B780093002B00D1D7E07A4A88
:108B70001378013BDBB21370002B00D0CFE00DF077
:108B8000D3FB764F764B3A88764C002A03D11A8075
:108B90000268128822808288002102921B88228823
:108BA0000CE0019D013306350195029D9BB2AB425D
:108BB00026D206225A430399525A009906260D00DE
:108BC0005E430196029EB3421CD3002901D0654941
:108BD0000A80002D01D0624A138002225C4B0020E3
:108BE0001A700EF051F90CF0C9FA049B1B78042B93
:108BF00000D00BE6564B1B78002B00D106E68EE02A
:108C0000009DDFE70668B4460396019EB4446646BD
:108C100076889642C5D9002901D052490A80002D94
:108C200001D04F4A138025884F4E402228004F49DB
:108C300075800CF029FD42214D480CF007FD0636E9
:108C4000F08722200DF0A0FC03F00CFD0EF08AFD51
:108C500088213620FBF7F0F800210120FBF77EFA8F
:108C60001E223B88403501333B803B4B25801A70E8
:108C7000B9E7002E00D1E4E5002900D0E1E50022AB
:108C80001A70EFE500201870824209D10121394B9A
:108C900021701A70384B10301970FDF729FEE1E58C
:108CA000032A00D1DAE5002900D0D7E5013222708D
:108CB000D8E5314C2278002A0DD00028DFD11A786F
:108CC0000132D2B2022A01D80029D9D000221A706A
:108CD000FEF7CCFAC6E50028D1D019780131C9B227
:108CE0001970022900D8BDE5224910200A7001211F
:108CF0001A702170D1E72B8801339BB22B80022B95
:108D000047D11E4E1E4D132C3CD12878132804D079
:108D100000213278FDF7ECFD2C70002333701BB07E
:108D2000F0BDC046DE040020DD040020DC0400208D
:108D30002D1E0020FA1D00203D1E0020E004002012
:108D400008000020CF04002007000020CE040020EF
:108D5000361D0020FD05002006000020F80500203B
:108D6000CC040020CA040020480600204C06002045
:108D70004A0600209B1F0020DC1D0020B71D00209C
:108D8000580000200022012120002C70FDF7B0FDCA
:108D9000C3E7272BC3D9132CC1D0282B09D1102C02
:108DA000BDD00121584B0A0020001970FDF7A0FD2D
:108DB000B5E722000B3AD2B2012A08D80121524A63
:108DC00011705B0703D10A002000FDF791FD2A888E
:108DD0004E4B9A42A3D129235FE593235B00EA5CC3
:108DE000263BFF3B022A01D0FFF7E6F806AA1279DC
:108DF000FFF798F86289238908AE12042900300031
:108E00001A4303F0CBFBE389A2891B0413430E939F
:108E1000237C06A97371637C06A87373A37C3371EA
:108E2000E37C33730923627D5B18DA77227D15AB0F
:108E30001A70A27D12AB1A703B23E27D5B181A7088
:108E40003123227E5B181A703523627E5B181A70FC
:108E5000A37E5A1E93413322521813703A23E27EA6
:108E60005B181A70637F0AAAD377294A5B009B5A62
:108E7000B383A27F13AB1A70E37F3386631CDA7F60
:108E800036235B181A70A31CDA7F3D235B181A7017
:108E90003E2321001B1822311022180010F0DBFAAB
:108EA0004D2306AA9B181F70300003F0A3FB30006F
:108EB00003F08CFA174B32002800597B032304F08F
:108EC00095FF3E2306AA9B181900280004F06EFFA8
:108ED000114B009A1D800323137001220F4B1A704F
:108EE000FBF774FEFEF7FEFB2C000D4E4034A4B2DF
:108EF000280008353100ADB20CF0EFFB0836AC426B
:108F0000F6D10848FEF783FBB71D0020FFFF0000E5
:108F100010AC01084C1E002026000020281E002056
:108F20004C060020F8050020F0B501209BB0F9F7B1
:108F3000EFFE80204005F9F7DDFEC0200025072662
:108F4000F14BF24AF2491A60F24BF34A4B60136A52
:108F500000061B021B0A034313628D600E60302162
:108F6000EE4B27201960136A12AC1B021B0A136216
:108F7000F9F76EFF012323610233A360F023E5605C
:108F8000656165601B022100E548129310F08EF8C0
:108F900080232100DB00E248A027129310F086F81E
:108FA0004023FF05DE49BB613C3B8B61033B6360B3
:108FB00021007733DA48129310F078F8A4233800B0
:108FC0005B002100129310F071F8C12321009B0077
:108FD000D348129310F06AF8802321009B01D148F6
:108FE000129310F063F860232100CF48129310F021
:108FF0005DF8C02321009B00CB48129310F056F877
:109000002020F9F777FE0EF0D3FA2022C74F300068
:10901000FB6A1343FB62FB6A9343FB625732C44B08
:10902000FF329D62DA621968F63A0A431A608022BA
:10903000D96852000A43DA601A680235AA431A60F6
:109040000EF0ACFCBB48BC4BC268BC491A409C2328
:109050009B031343C36030000EF03CFCB84AB94B8D
:109060002021D360B84B300093600EF043FC280001
:10907000F9F7EEFE1B228020A94980000B68B34E51
:1090800013430B60F9F744FE3A68B14BE0211A40F4
:1090900080239B0313433B60B368AE4A090313402C
:1090A000B3607368AC4AC02013407360B368AB4AC6
:1090B00080001340B3607368A94A13407360B368BB
:1090C0000B43B360B368AB43B360B3681340B360A2
:1090D000336BA44A134033637368A34A134073602D
:1090E00073681340C02273600923520001214000BD
:1090F0001140013B08435208002BF7D12022800584
:1091000002D0F9F78DFDC2B280239B00D340974A6D
:109110009B009B181F221968C0209143173A0A43ED
:109120001A60C0221A2301219204C00415004000D5
:109130000D40013B28435208002BF7D1400120335A
:10914000002802D0F9F76CFDC3B28025ED04DD40A4
:10915000874BAD00EB1802931B68F822F8200393AD
:109160000121182312044004150040000D40013B6A
:1091700028435208002BF7D1C0012033002802D029
:10918000F9F74EFDC3B2C0225204DA4007239340E0
:10919000039AF8209A430392F8221823012112041B
:1091A0004004150040000D40013B28435208002BAD
:1091B000F7D1C0012033002802D0F9F731FDC3B246
:1091C000C0225204DA4005239340039A1343029AC3
:1091D00013600422B3681343B3600422B3681A40D7
:1091E000039204221342F8D10125B36880202B4357
:1091F000B360A0260823F605B361C001F9F77AFD34
:109200000EF0D6F92800F9F723FE0223039A6360D3
:109210005B19A3600533E2602561210012953000DF
:1092200063610FF043FF09230535129521003000DB
:1092300063610FF03BFF3F494E4B8A684E481A402E
:10924000A023DB0413433F228B60CB689343C222ED
:109250001D43CD60802192008358C9051B021B0A63
:109260000B43835080231B010360444B1A68520652
:1092700009D41968424A1140424A0A4304211A603B
:109280005A688A435A6040268020DA69334940018F
:109290000A40DA611A68002532431A60F9F738FD8E
:1092A0000120F9F7D5FD0223A02063600133A360FC
:1092B0001D33E560656112931F3B21002361C005EA
:1092C0000FF0F4FE8023A020129321002561C00539
:1092D0000FF0ECFE2C4B1A68324209D11968284A6B
:1092E00011402A4A0A4304211A605A688A435A6084
:1092F000DA691A49E2200A40DA6140221968002638
:109300000A431A6044E0C0463C000020006CDC02C6
:1093100010E000E0FF52070000ED00E0D41700204D
:1093200000040050000800500014005000100240DB
:109330000014004000000140FFFFC0FFB02A000001
:1093400080000240D817002018140050002401406B
:10935000FFFF9FFFFFFF7FFFFFFFFFFCFFF7FFFF08
:10936000FFFEFFFFFFFF0FFFFF17FFFF302401404D
:109370000C240140FFFFFFC000E100E00038004086
:109380004000FFFF07030000003001402F030000F2
:109390000423584A9362FAF7D7F85748FBF784FB3F
:1093A00030000136F6B2FAF7D7F8082EF8D12B20A4
:1093B000FAF7CAF8FA208000FBF776FB2E20FAF7BE
:1093C000C3F8FA208000FBF76FFB2F20FAF7BCF8F8
:1093D0002F20FAF7B9F82F20FAF7B6F82F20FAF76E
:1093E000B3F84648FBF760FB4020FAF7ADF8AF2032
:1093F000FAF7AAF804233F4A022593610EF0E6F833
:109400000CF026FCFA223E4B01201A70F9F720FDE1
:109410000EF0CEF80120F9F77BFC8020C001F9F7AF
:1094200077FC0023E360C023DB00129303220123B7
:10943000A0206361A260236121006560C0050FF078
:1094400035FE28000EF0AAFA28002E490EF042FA46
:1094500080212D4B2D4A2800DA602D4A49009A6060
:109460000EF048FA2B492C4B8A682C4D1A40E02309
:10947000DB00134380228B603B6BD20113433B63C1
:109480003B6B274A13403B63EB68264A1340EB6073
:10949000EB689B0400D58DE0EA68234B1A400C234F
:1094A0001343EB606B69214A13406B612B69204ABF
:1094B00013402B616B691F4A134038226B61BB68F4
:1094C0001340102B3AD00ED8082B00D1B2E207205F
:1094D0007B683A685B0B034017499B00D20A024045
:1094E0005858D0403CE0183BB343F0D180200002F4
:1094F00036E0C04600040050C0D40100409C00008B
:109500009B1F0020A02000001C00024058180020D3
:109510000438014000000140FFC0FFFF0038014057
:10952000FFBFFFFFFFDFFFFFF3E9FFFFFFF7FFFFD5
:10953000FFCFFFFFFFFCFFFF00AD01080322FB6828
:109540001340934200D170E27B68F44A1B045B0F26
:109550009B0098580C23FA681A4200D067E240003A
:10956000BA68EF491205120F920052581F210A40A3
:10957000D040BB68EB4A5B045B0F9B009B580B40E1
:10958000D84017D01923962158438902F9F7D2F908
:1095900064210700F9F754FA080132306421F9F721
:1095A000C9F9642106003800F9F7C4F9000136183A
:1095B000B6B2AE6040236A69022013436B610EF0BD
:1095C000FBF980230026EA689B011343EB60262108
:1095D0006E60D5480CF0A6F80120F9F799FB012040
:1095E000F9F736FC80200004F9F784FB0EA90A0085
:1095F000CE4BA1CBA1C20C2220000FF02CFF2200E9
:10960000CB4BCC49A1CAA1C3CB4BCC4A1E60CC4B9F
:10961000CC4DCD488B61531CDE77CC4B55609660AA
:10962000D66010611E001B68002BFBD132601360F6
:10963000C74A1061012055609360D360C34D531C2D
:10964000D8772B002D68002DFBD11A60AF23156051
:1096500002225B00BF48CA540DF0BCFDBE480DF0AD
:10966000B9FD0722BD4BC0219D731D701A72063AC9
:109670009A72C722BA485D729200835809061B028B
:109680001B0A0B43835080231B060360B54E0E223A
:109690002D2130000FF0B0FD8023B34A9B00B5733D
:1096A00093618022B14952008A618B618021280038
:1096B0000902FAF7C1FB29002800FAF7BDFB3720A1
:1096C000AB49FAF7B9FB22213620FAF7B5FBC621E0
:1096D00010208900FAF7B0FB1120A649FAF7ACFB7D
:1096E0001220A549FAF7A8FB1320A449FAF7A4FB16
:1096F000842114208900FAF79FFB4920A049FAF73A
:109700009BFB7B209F49FAF797FB7D209E49FAF748
:1097100093FB48209D49FAF78FFB40209C49FAF7BC
:109720008BFB102220009B490FF095FE615D2B03FF
:109730001943092089B20135FAF77EFB102DF5D1C6
:10974000F8211C20C900FAF777FB1D209249FAF78F
:1097500073FB1E209149FAF76FFB1F209049FAF71F
:109760006BFB3E208F49FAF767FB73208E49FAF7AF
:1097700063FB77208D49FAF75FFB19208C49FAF7D4
:109780005BFBB42128200901FAF756FBAA21292006
:109790000902FAF751FBCC212A20C901FAF74CFB48
:1097A0002C208449FAF748FB2F208349FAF744FB21
:1097B00053208249FAF740FB7E208149FAF73CFBAF
:1097C00046208049FAF738FB4A207F49FAF734FBF4
:1097D00007207E49FAF730FB90217D4B7D4A3320EC
:1097E00009021A80FAF728FB00213F20FAF724FB30
:1097F00079480EF057F803F04BFA784A784BD27F4D
:10980000784F1A70BA1D784BD27F21001A707748B2
:109810000822FAF729FF764B2100238080240023B9
:1098200008227248FBF7ECFB03F0E4FD0221002064
:1098300003F0AAFE0221012003F0A6FE02F0E8FEDA
:10984000012008F0A1F86B480EF02CF86A480EF0E1
:1098500029F86A480EF026F869480EF023F800202F
:1098600006F0EAFC414BE4001B69664D234200D13F
:10987000E2E0002302930023634A01261370FF22D3
:1098800094462D7861486A466446117B039A2240CB
:10989000D200145C002C07D0002D00D011E18218FA
:1098A000D279322A00D00CE1002B01D0564B19702E
:1098B0002E4B1B695B0500D508E10A2404F0D2FD9C
:1098C000FBF7CEF804F00AFD01237F220021504867
:1098D000009404F075FB802503237F2200214D486E
:1098E000009404F06DFB0024FAF7F4FFFAF7E4FFAC
:1098F000FBF76CF9ED001D4B1B692B4200D019E101
:1099000000244548FBF7D0F8322CF4D11322434B06
:109910001A70434B1A70002284E0C04600AD010863
:1099200020AD010860AD0108CCB00108349F0108EA
:10993000A4190020EC0000207C02002080190020E7
:1099400080AD01084D4A0108813C010858190020EA
:109950005C1900204800002040000020005C00400E
:1099600000E100E08C1F00200014005000040050B3
:109970001F9D00003A030000DB030000DF0300002E
:10998000B22A0000DC73000020E90000A8330000C8
:109990001635000048A0010855E50000584C0000AD
:1099A0005AC60000C694000091460000EF880000EF
:1099B00041100000221800009098000028200000AC
:1099C0003E3000000A60000030540000CE6100000C
:1099D000B01900200090FFFF8A1F0020511E0020B8
:1099E000491E00204C1E0020481E002058A10000E7
:1099F00029630000401E0020421E0020441E00205B
:109A0000461E00203E1E0020341E00205CAE0108D1
:109A100004A001080CA00108102700005900002034
:109A200058000020D34B1A8059E0D34892E5032315
:109A3000584395E5D04893E5FBF76CFC0600CF480A
:109A4000FBF732F8CE4B1B69234200D011E7FBF73E
:109A500061FC0400C948FBF727F87B7F0A339E426C
:109A600013D0B44200D004E70222C64B1C70C64B90
:109A70001C70C04B1A80122C0FD0112C00D0F8E6AD
:109A8000C24B013A1A700323F4E601233A7F534094
:109A90003B7703F0B3FF0223ECE63B7F002B00D0C3
:109AA000E7E601247B762C7003F0A8FF322007F054
:109AB00089FCB74BB74A18701278B74B02941A60FA
:109AC000D9E6039B013303933300DCE6FBF722FC6A
:109AD000132800D0F1E6029B002B00D0EDE6AF4B3F
:109AE0001B78002B30D1AE4B1B78002B2CD10520DE
:109AF000083707F00FFEFB7F3C2B22D8F9F74EFF0B
:109B0000A84B01221A70A84BA84F1B78022B01D03A
:109B1000052B01D1F9F7EAFB3B00383318780138FF
:109B2000042800D978E1F8F7FBFE6D017301CB0141
:109B3000D201D201FBF7EEFB132800D0E0E601349E
:109B4000DFE6FBF743F8DBE73C00403404F08AFC37
:109B5000FAF786FF04F0C2FBFAF7BCFEFAF7ACFE98
:109B60002378042219009143012917D10DF02EFD0D
:109B7000FBF72CF804228E4B8C4D1B789343012B62
:109B800000D0ACE0029B0024012B00D0B5E03835BA
:109B90002C7002980BF000FB864BB2E7042B09D126
:109BA0000BF048FBFAF796FEFAF786FE01200DF05F
:109BB0006BF9DDE71022804806A9FAF755FD10225F
:109BC0000AA97E48FAF750FD7D4B1E88300002F04E
:109BD0005BFA642105003000F8F732FF30008BB2E9
:109BE00064210393F8F7A6FE7649039B82B20095A1
:109BF0000EA80BF035FB23787349032B0BD0002BF9
:109C00005DD104AA127A04AB1B7E002A0BD16F49E6
:109C1000002B00D00AA906A80FF015FC0EA90AA86F
:109C20000FF011FC01E0002BF8D00A2400237F2262
:109C30001900009406A804F0C3F902237F22002132
:109C400000940AA804F0BCF9042380220021604893
:109C500004F0FAF923231222190000200DF0CAFCA7
:109C60007F235C4A5C494E34505C4340802053540F
:109C70005A4B40421D0080352978013CC943297068
:109C80001978E4B2414019700133002CF2D19B21C4
:109C90007F258900535C6D206B40535423232A0099
:109CA00019000DF0A7FC4E4A4E4912A80BF0D8FA45
:109CB00006232A00210012A804F0C6F972E7022B3D
:109CC000B3D104AB1B7A002B03D1404906A80FF097
:109CD000BAFB04AB1B7E002BA7D143499FE7434C43
:109CE0002378002B05D0FBF715FB1328F7D00023B2
:109CF0002370012007F048FE44E7029B032B37D175
:109D0000FB1DDC773B003E331C703B0043331C7073
:109D1000BB1DDC873B0046331C702023FF33FC5403
:109D2000334B344A1D6834492800BC77BC8402F0A8
:109D300035FC2B0001262D331E70043B28001E70BD
:109D400002F044FB2D4B30001D6007F01DFEFAF7BA
:109D500033FBFAF7F3FF2A4B3D221C703B0008331C
:109D6000DA773B0038331C7004237C76029310E7CB
:109D700002940EE7321E002000366E01204E0000D5
:109D8000000400505900002058000020B2190020A3
:109D90003D1E00203C1E0020381E0020301E0020EA
:109DA0002F1E00202E1E0020841E00204C1E00208E
:109DB0008C1E00202D1E0020C8A00000D8A000008E
:109DC000341D002015A0010823A001082BA00108C4
:109DD00023AE0108B319002013020000471B002026
:109DE0001EAE01083DA0010833A001089B1F002002
:109DF0003C1D002090FE960205040000381D002046
:109E0000361D00203A003B003932127829331A708F
:109E100001210800FBF708FE3B003E3319780029BA
:109E200003D01E224A43B34B1A700CF0CFFF01201F
:109E30000BF020FD002802D001200BF0FBFDAE4B03
:109E400002931B78012B00D091E0AC4B03931B785D
:109E5000002B03D1AA4B1B78002B52D0A94BAA4D43
:109E60001E782C68012E0ED93B000833DB7F002BB7
:109E700030D1002C01D0FA2C05D18023A34A9B01BC
:109E800051694B40536101342C60032E32D13B00A9
:109E90000833DB7F002B2BD09D4B9C4231D9002314
:109EA0002B60FAF7FDF901239A4C1A0020881E2135
:109EB00080B2FAF707FF238864339BB2238020E047
:109EC000FAF756FB944B18780BF066F9A4E70DF0FF
:109ED0009DFDA1E7002C05D12223FF33F85CF9F7A3
:109EE00033FDD0E78D4B9C42CDD190235B00F5E74D
:109EF0008B4BD2E78B4B9C4203D900232B60012E66
:109F0000CFD0894B1A78002A03D17D4A1278002AD3
:109F10002DD000221A70854B1B88934204D13B0040
:109F20000833DB7F3D2B04D12223FF33F85CF9F7A4
:109F30000BFD0024C822039B92001C70754B1A80F5
:109F40007B4B1B78A34208D07A4D2B78012B00D095
:109F500082E002332B70FAF783FDF9F7B7FB062096
:109F600001F032FE042002F01DFD0BF007F9724BE8
:109F700003931B78002B00D09DE1029B1B78012BE3
:109F800003D06E4A9B009B5898476D4E3378002B48
:109F900004D06C4B1B78002B00D08CE101F004FE48
:109FA000002808D10023684DEB56002B63D17B1DA0
:109FB000DB7F002B6ED1654B1B78002B00D113E1AA
:109FC000634B1B78002B00D10EE102F009F800284A
:109FD00000D009E1BB7D5F4A9B075B0F9B5A0730AE
:109FE000BC8A04930BF0FAFD0F230509ADB21840AB
:109FF000022820D90A200BF0F1FDC3041BD4C0B203
:10A00000092818D92B00DD22193BFF3B9BB2120116
:10A01000934210D3049A504B5049944200D8B3E075
:10A020001A88A21A012A00D0B1E00A88100502D4C9
:10A03000132A00D9ABE0494B1D80474B1C80484B8D
:10A040001B78002B00D093E2414B002219782000AE
:10A0500049B20BF0ADFEC1E0022B00D07BE722003D
:10A0600021001020FCF744FC01223E4B2C701C7098
:10A070003D4B1A706FE73D4B1B78002B97D0394B47
:10A080001B78002B93D1FBF77FFF01F08DFD00289B
:10A090008DD090E7364C2378002B8CD00023EB56E4
:10A0A000002B88D12F4B1B78002B00D083E7029B1D
:10A0B0001B78052B00D17EE72E4B1B78002B00D0A0
:10A0C00079E73378002B00D075E7F9F799F92A4D35
:10A0D0002B78002B05D0294B1878002801D10BF0E4
:10A0E0005BF80023264A2B701370264A23701370E6
:10A0F00061E7C0462C1E0020261E0020CA1D00203D
:10A10000C91D0020C81D0020C41D002000080050EB
:10A11000102101005400002057000020983A000050
:10A1200098340100E0280100C01D0020FC1D002023
:10A13000BF1D0020BE1D00202E1E002030AE0108D5
:10A140001A1E0020FE1D0020E01D0020B91D002069
:10A15000DF1D00204CAE0108401D0020421D0020E4
:10A16000AA1D0020DC1D0020BD1D00205300002082
:10A1700052000020F31D0020BC1D0020FF1D002008
:10A18000BB1D0020BA1D0020049A94420CD11A88ED
:10A19000121B012A08D1C34A1288100500D44AE7CD
:10A1A000C148824200D946E71C80C04B0D801B7815
:10A1B000002B00D0D0E1BE4A13800122BD4B1A70A3
:10A1C000FB7C002B00D13C82FAF700FDA02380220B
:10A1D000DB0552009A61B84BFF3A1A7003200AF06F
:10A1E000DBFF0022B54B1A70BB7F002B09D0B44BAC
:10A1F000B44A1B88002B00D0C2E11388002B00D189
:10A20000C2E1B14C2378002B1FD0B04B1B78002B40
:10A2100015D1AF4B1B78002B11D1FB1DDB7F002B21
:10A220000DD0AC4B1B78002B09D1AB4BAB4A1B7844
:10A230001278134303D13378002B00D1F3E1FA22D3
:10A24000A74B92001A8000232370A64E3378002B70
:10A2500031D0029B1B78052B2DD1A34D2B78002BE1
:10A2600000D1E4E1FAF7D0F8BB7F002B05D03B002A
:10A27000FE33998B588BF9F7C7FF7B1DDB7F002BD3
:10A2800010D0964B1B785BB2002B0BD1914B1B78F7
:10A29000002B07D1954B1C78002C03D1F9F7B0F8AF
:10A2A000934B1C7001F0A8FE0A22924B1A800023E7
:10A2B0002B7000233370904B1A78002A00D1B4E53C
:10A2C00000241C7003F06CFBFAF70AFC8B4A200098
:10A2D000138801339BB213800BF0CCFAA04202D05A
:10A2E00020000BF0A7FB039B1B78002B01D1FCF790
:10A2F000D7FF834B1A78002A00D196E500221A7006
:10A30000804A1378002B07D0013BDBB21370002B7F
:10A3100002D101227C4B1A70029B1B7802937B4B6B
:10A320001B78002B08D0029B012B00D1B7E101F074
:10A3300057FE002800D0BCE1754A1378002B21D0CD
:10A34000013BDBB21370002B1CD1724B1A688023C7
:10A35000D28BDB009A4210D26F4B1B78013B022B51
:10A360000BD86E4B1B78002B07D1F9F7DFF96C4B3C
:10A370001878022801D101F027FCFCF78FF90022A0
:10A38000684B1A70684A1378002B13D06749097814
:10A39000072901D000290DD1013BDBB21370002B3E
:10A3A00008D1634B1B78002B04D0FCF7ADF80122D9
:10A3B000554B1A705F4A1388002B00D07BE10023B5
:10A3C0005D4A05931378002B00D081E105F0D2FCA3
:10A3D0005A4B04931B88002B00D082E1584B1C88F9
:10A3E000584B1D7878236B439C4218D1564E3378D6
:10A3F000002B14D0FAF746FBF8F792FE0021062056
:10A40000F9F7ACFE0A22FB1DDB7F5343394A138068
:10A410000023012233703C4B1A704C4B1A70029B84
:10A42000494E012B00D1ACE101F0DAFD002800D04B
:10A43000A7E1294B1B78042B00D1A2E12B4B1B7801
:10A44000002B00D09DE13E4B002C00D170E1013C7F
:10A45000A4B21C80002C00D06AE101220425049BD8
:10A4600032701C80234B1A80F8F75AFE2000384CBB
:10A47000F9F76AFA2820A562F9F766F84020F9F79B
:10A4800063F8AE20F9F760F8A5610322314B06208E
:10A4900019780131114019704B425941C9B2F9F78D
:10A4A0005DFE57E1421D0020EB0F0000AA1D0020B9
:10A4B000A81D0020A71D0020441D0020B91D00205C
:10A4C000B21D0020B01D0020B81D0020DC1D0020A2
:10A4D000B71D0020FA1D0020FF1D0020E01D0020F8
:10A4E00050000020B61D0020B51D0020F31D0020E7
:10A4F000B41D0020F41D00202B1E0020CC1D0020C8
:10A500002A1E0020291E0020281E0020271E0020B1
:10A51000201E00201C1E00201B1E00201A1E0020D2
:10A52000191E0020181E0020171E0020161E0020D5
:10A53000021E0020001E0020FE1D0020FC1D002029
:10A54000F81D002056000020F61D00202D1E0020C2
:10A5500000040050F21D00208C490B782F2B0CD8E2
:10A560005A1CD2B20A708A495B005C52302A04D06D
:10A570008723DB009C4200D266E50BF051FC2DE600
:10A580000021844B118019703378002B00D038E6FD
:10A59000029B1C78FD23A21E1A4200D131E67E4B9D
:10A5A0001B785BB2002B00D02BE67C4B794A1878E5
:10A5B00000281ED011787A4A002914D06421118015
:10A5C000012C00D01DE6774A1278002A00D018E648
:10A5D0001B78002B00D014E6F9F78CF8724B1C7036
:10A5E000724B1C700DE6128891B2002AE8D11970E6
:10A5F000E6E71278002A00D103E601221A70052C42
:10A6000001D107F087F8029B1B78012B00D1F8E5F8
:10A61000674B1B78002B00D0F3E507F0B5FF012254
:10A62000624B1A70EDE5052007F074F80BE6614BFC
:10A630001B78002B00D03CE67B1DDB7F5E4A5F4C25
:10A640000492002B0BD0544B1B785BB2002B06D12D
:10A650005B4B1B78002B02D12378002B17D0FB1DFE
:10A66000DA7F584B19780A23002900D0BE335343B0
:10A67000049A138001232B7000252570F9F74AFEF8
:10A68000F9F778FE29002800F9F768FD11E6F8F7D8
:10A69000B7FE0A23049A1380093B237009E64A4B4C
:10A6A00001221B889BB2134200D145E63E4B1A7033
:10A6B00042E6464BF4E7013B9BB21380002B00D0EF
:10A6C0007DE6434B1B78013B5A425341DBB277E6B0
:10A6D000013B13703F4B1B78002B00D176E6FFF750
:10A6E000A4FB3D4A1278002A00D077E6344A12785B
:10A6F000002A00D072E6364A1278012A06D11328C1
:10A7000000D16BE61538012800D867E6049A013BB2
:10A710009BB21380002B00D060E63B000833DB7F48
:10A720003C2B00D95AE6F9F739F9FAF733F955E62F
:10A730001B885A1E132A09D8002D07D000209B071A
:10A7400002D12223FF33F85CF9F7FEF83378002BAF
:10A7500000D09AE6039B1D78002D47D01F4C2000A7
:10A760000DF0A0F8FA221E4B52001B88934206D827
:10A770001C4BDA8823889A4201D3FFF756FBFBF77C
:10A78000ADFA78226A43184B1A80DFE7A61D002035
:10A79000461D0020AF1D0020E01D0020AE1D002042
:10A7A000AC1D0020DC1D00202D1E0020281E0020D6
:10A7B000C91D0020F31D0020F41D0020B41D002041
:10A7C000FA1D0020F61D0020241E0020221E00205D
:10A7D000FF1D00201A1E0020FB1D00208A1F0020E4
:10A7E000881F0020E61D0020F81D0020B94B1C88A2
:10A7F0000134A4B21C80029B012B13D0E30711D4B7
:10A80000B54B18780493461CF6B21E70B34B40004B
:10A81000C0180DF047F8032E01D9049B1D700120CC
:10A8200005F00AFDA4070AD1AD4B1B78002B03D11C
:10A83000AC4B1B78002B02D00122AB4B1A70AB4BF8
:10A840001B78002B65D1AA4B1B785BB2002B60D123
:10A8500001F0AAF900285CD1A64B1B78002B03D08D
:10A86000A54B1B78002B54D0A44B1A78042A50D047
:10A87000A34B1B78002B4CD1A24BA3481B78002B79
:10A8800012D0A2490B78002B0ED0A14C2478002CBA
:10A890000AD1012A08D0013BDBB20B70002B03D197
:10A8A0009149013343760B70059B002B31D0002179
:10A8B000984B1980012A08D105F05CFA132802D0C0
:10A8C0001538012801D8FAF781F9934C2378002B29
:10A8D00003D18F4B1B78002B02D0022001F074F9BA
:10A8E000FBF7CAFEF9F788FF0023834A2370137031
:10A8F0008A4A137001228A4B1A708A4B1B78002BEC
:10A9000004D001F06DFB002800D1032528000AF0D7
:10A9100043FC854B1B78002B18D1844B1A78002AF6
:10A9200014D018780138C0B2187000280ED102F087
:10A9300039F87C4B1B78002B08D001F051FB002824
:10A9400004D10BF071FC03200AF026FC784B1B8825
:10A95000002B0FD13B000833DB7F013B3B2B09D899
:10A96000654B1B78002B05D1604B1B78002B01D168
:10A97000FAF710F86F4B1B78002B1ED06E4D01219B
:10A980002C886E4B0134A4B222000A401100002032
:10A990001A702C8003F0DEFA029B012B0DD01D2CC7
:10A9A0003ED80AD14E4B1B78002B06D1644B1B7846
:10A9B000002B02D1022001F007F901F0F5F8002880
:10A9C0004CD0604B1B78002B48D15F490A78012A94
:10A9D00044D85E4803780133DBB20370012A07D103
:10A9E000202B05D95A4B1B7802330B703E4B1A7043
:10A9F00001224B4B1A70414B1B78002B01D0FFF703
:10AA000014FA544B1B78002B01D0FFF70EFA01F01B
:10AA1000E7FA002827D0012003F064FDFFF705FACC
:10AA200000232B802E4B1B78002BC6D1444B1B7868
:10AA3000002B02D1022001F0C7F8474B1B78002BF6
:10AA4000BBD1039A01330520137006F063FE434B1C
:10AA5000DB7F3C2BB1D8F8F7A1FFAEE7234B1B7887
:10AA6000002BC5D1C7E73E4B1D78002D01D1FFF764
:10AA7000DCF900223B4B9A56022A01D0FFF7D5F9A8
:10AA80000024394E3457082C74DC0123210019406E
:10AA90001C4208D19D4202D00520F9F75FFB01342A
:10AAA0003470FFF7C2F9012D08D1601E0628F6D8D0
:10AAB000F7F718FF0BF50BF55CF55E0019000520A4
:10AAC000F9F74CFB032DEAD1EFE7032001F07CF806
:10AAD000E5E7C046E41D0020E21D0020401E0020E6
:10AAE000301E0020E11D00202D1E0020FA1D002038
:10AAF000E01D0020DF1D0020FB1D0020FF1D0020A9
:10AB0000F31D00208A1E00204C1E00202C1E002059
:10AB1000DE1D0020001E00201B1E0020DD1D002069
:10AB2000281E00201A1E0020DC1D0020DB1D002036
:10AB3000FC1D0020D21D0020D01D0020CF1D0020B4
:10AB4000CE1D0020D61D0020D51D0020D41D0020C4
:10AB5000D31D0020D71D00202F1E0020541E0020D2
:10AB6000DA1D0020D91D0020D81D00200420ADE7EB
:10AB70000520ABE71870FFF758F9C046F0B5924BC7
:10AB800007001B780D00140085B0002B00D1BDE13B
:10AB9000002930D00F2801D100F071FD00228B4B2D
:10ABA0001A7094423DD00D2836D0112827D00A289B
:10ABB00037D1874C237893421DD1864D864E2A7813
:10ABC000F15C914219D001330A2BF9D101370A21E6
:10ABD000F8B2F7F735FF735C2B700CF04BF80022DE
:10ABE0007E4B1A707E4B1A700BF0E4FC022000F0D2
:10ABF000EBFF0123237005B0F0BDDFB2E6E7794C2F
:10AC00002378002BF7D1784A1370784A1370734A6F
:10AC10001370734A1370E7E70CF05AF80022744B74
:10AC2000C7E0122FE7D83800F7F770FE7B0013005B
:10AC3000130013001300130013001300130013007C
:10AC4000C1009A00AB00F6FFE5FFE5FFEE00B6009D
:10AC5000C500684B7C1EE4B2195D0029CBD0664B61
:10AC6000664E1B7801935D4B9C461B78BB421FD1FF
:10AC70005D4B1D78002D1BD0594F013D38780130B8
:10AC8000F7F7C8FF05236343019AF3185B5C39703B
:10AC9000002A05D11A00413A192A01D82033DBB223
:10ACA000524A53550122564B1A700BF083FCA2E70F
:10ACB00005236343F6180023524C019AF05C002AE6
:10ACC0000CD10200413A192A08D82030C0B262469D
:10ACD0001770434A13700BF06FFDE3E73D28F6D081
:10ACE00012D80200203AD2B21B2A05D82500D5403E
:10ACF0002A0001252A42EAD10133DAB29142DCD896
:10AD0000022000F061FFCDE75F28E0D002005F285D
:10AD100003D83F3A1B2AEFD8D9E7613A192AEBD872
:10AD2000D5E72E4C2578002D12D12F480378002B23
:10AD30000ED02E49CA18013A1278202A08D1013BB8
:10AD4000DBB203703020CD540BF036FD2570A9E73F
:10AD500020200BF031FD0023214A23701370A1E75E
:10AD600000221E4B20491A701D4B1A70244B1A707A
:10AD70000B78934299D0013BDBB20B701B49CA544C
:10AD800093E70023154A20201370154A13701C4ABC
:10AD900013700BF011FD88E70123174A11784B401F
:10ADA00013700BF007FC022000F00EFF23E7104B9E
:10ADB00001221A701FE700230B4A13700B4A13700D
:10ADC000064A1370064AEBE7D71D0020BD07002096
:10ADD000D903002001000020FDA90108DB030020A9
:10ADE000DA030020D8030020470500204B0500208F
:10ADF00057000020F4A9010800000020C7A901089D
:10AE0000F4050020D7FBFF0F002C00D0F3E6BD4B6C
:10AE10001B78002B00D1EEE6BB4B1C70BB4B1C70AB
:10AE2000BB4B1B78002B00D13FE7BA4C2368002BAB
:10AE300001D101F0EDFB24686369186800F0FEFFA2
:10AE4000002804D0230028331B78002B53D1B24BA9
:10AE50001B78002B4FD133342378002B03D0AF4B1A
:10AE60001B78042B4ED0AE4B1B78002B4CD0062009
:10AE7000834241D8F9F759FA012006F04BFCA94B5F
:10AE800000241A7E0A2301325343A74A13801388F1
:10AE9000A64A9BB21380A64B1C70A64B1C70A64BF7
:10AEA0001C70A64B1C70F9F7FBF92000F9F708FAA3
:10AEB00021005120F8F7C0FF2000F9F7D5F9974B92
:10AEC0001B78012B00D0F0E602219D4A11709D4AAB
:10AED00013709D4A137005229C4B1C709C4B1C6088
:10AEE0009C4B1C709C4B1A709C4B1C709C4B1C7098
:10AEF0000BF060FBD9E6032001F054FD022000F0C6
:10AF000063FED2E60120F7E70220F5E7954B1E78B5
:10AF1000002E0BD0102809D00D2807D0002C00D00F
:10AF200069E6002D00D166E68F4BB1E28F4B0293AC
:10AF30001B780193002B2AD0002D00D1ADE3002C0B
:10AF400000D0DCE33800F8F74BFA0190FF2800D17D
:10AF5000BCE3874F3D78002D0CD1864E0E222D216B
:10AF600030000EF049F9B4736B1C019A3B70814BB1
:10AF70005A5501E00D2DF7D910227F4B1A7000228F
:10AF80007E4B1A707E4B01321A70774B11E7122FED
:10AF9000C4D83800F7F7C4FC1300130013001300E3
:10AFA00013001300130013001300130065010D02BA
:10AFB0000D028302190368036E0313001300002CB3
:10AFC00015D0002D00D116E66E4B1B78002B00D05B
:10AFD00011E66D4A1178002902D01370674A137088
:10AFE000F9F70AFC01213800FBF718F803E6002DF9
:10AFF00001D05D4BDCE6654B1B78002B00D02CE1CB
:10B00000634B614E1B785BB2002B28D0380003F0F5
:10B0100033FA3378012B00D8EDE50A205D4B35700B
:10B020001A785B785043C018C0B2002807D11922A3
:10B03000594B1A7003F04CFA02F046FFDBE5182872
:10B0400000D9D8E5544B187001F00CF90028F1D163
:10B050000222454B01301A7001F01CF9EAE7314D2C
:10B060006B7B02934D4B1C683378002B15D1E38B1F
:10B070004B4A9B18062B10D84822210049480EF055
:10B08000EAF9029B484A5B00595BEB189B881180E8
:10B09000464A13800122464B1A70380003F0ECF93F
:10B0A0001022354B1A700393F8F740FB0022334B04
:10B0B0001A708022E38BD200934203D20423039AB6
:10B0C000137098E5364A9B18062B00D92CE72369A4
:10B0D00037781A68374B93429B415B4206330193A2
:10B0E000002F00D187E503219F4200D30D311020AE
:10B0F000F7F7AAFC039B1870019B9F425CD9337041
:10B1000079E5C04647050020DB030020DA03002074
:10B110004B050020381D0020C91D0020261E0020E0
:10B120002F1E00204C1E0020241E00208003002023
:10B13000CA1D0020C01D00209F0600209E06002082
:10B14000F6050020F5050020A40500204805002094
:10B15000A00500209C050020A50500204905002031
:10B160004A0500201A1E0020191E0020DE1D0020A6
:10B170002407002015070020201E00205700002073
:10B18000BD1D0020FF1D00201B1E0020BD0700204C
:10B19000E01D0020D0030020751E00201C1E002092
:10B1A00000FCFFFF880300208403002082030020AE
:10B1B000181E0020FFE0F50503F076F900F0A4FF6B
:10B1C00000220A21019BDB1B93423ADC64264643A2
:10B1D000C74BC84F9E423CD9C74BF318BB4233D82C
:10B1E000C64BB3429B41C64E1E40C64BF6183000BC
:10B1F00000F0E4FD238E834210D0802380B2DB0078
:10B200002086C018029B80B25B00E852ED18A8802F
:10B2100002F0BAFB0221029802F0B6F9A58B3000C9
:10B22000290000F0D9FDB44BC318BB4204D8B34B7E
:10B23000984210D8B348401B20600122B24B1A80BC
:10B24000D9E448430132BFE7B04B9E42CFD91E003C
:10B25000CDE7AF4ECBE7AF48EEE7F9F7CDFA2900DF
:10B26000C1E6002D4AD0002C00D1C2E6AA4B1B78C3
:10B270005BB2002B7AD000F0B3FE002804D1A74BBC
:10B280001B88092B00D8B6E4A54BA64C1B68256883
:10B29000002B56D08022A44BD2001B88934250D35F
:10B2A000F7F750FF2800F7F773FF002807D19F4BEF
:10B2B0001B681868F7F76CFF002800D19BE49C4BD3
:10B2C0009C4A1D7811000023AB4232D115004B354A
:10B2D00029784E0090531F20013101402970202B06
:10B2E00002D001334A321370F7F792FF03F0F0F8FF
:10B2F000914B1B682360FAF747FE7CE4002C00D0DA
:10B3000079E4019B002B00D075E401248B4B1C7069
:10B31000F8F70CFA8A4B01991A781970002A00D0B4
:10B320007CE47D4B1B785BB2002B35D0F8F75EFADE
:10B3300061E402318E1E36888642D7D00133DBB2FB
:10B34000C2E7ADB2280000F005FF802302785B421F
:10B35000134303700100280000F0ECFE03F0B8F87E
:10B360000122784B1A70784B1A70C1E7774A137034
:10B37000774B1B78002B00D03DE4714A11780029EF
:10B3800002D01370734A13700121734B0A000A2014
:10B390001970FAF70BFC2EE4704B1B7F002B02D0C8
:10B3A000F9F72AFA27E46E4B1C706A4B1C70FFF702
:10B3B00022FC01210B2F0FD1684EF37E002B01D10F
:10B3C000494249B2614B1B78002B07D0481E431EEF
:10B3D000984101210B3007E64942EDE7614A1370BD
:10B3E000614A1370727B5200B75A554A1078002890
:10B3F00002D013705D4A1370002C07D1002D01D1CB
:10B40000FFF7F9FB01225A4B1A7003E0002D01D11E
:10B41000FFF7F1FB0022404B9A56002A3AD1554BD8
:10B42000FB18062B1CD8544B544A1C68208EC000B5
:10B4300013185B6882582000F8F7F4F8504BC218D4
:10B44000504B9A4200D96FE52B4B2A4AC3189342BE
:10B4500000D869E52060F8F7FBFEF8F70FFFECE68F
:10B460007818130080B200F07DFF474B984201D15D
:10B47000FFF7C1FB874201D1FFF7BDFB737B1A1DAC
:10B480005200B05201225B00F052404B1A702D4B1B
:10B4900002228EE40800FAF753FB3D4B88E4002CAF
:10B4A0007AD1002D00D0A4E5002E00D089E01A4BFF
:10B4B000234A1B785BB2002B7CD11378002B01D17F
:10B4C000FFF799FB0A21013BDBB21370314AD154DB
:10B4D000002B05D1254B1B78002B01D006F090FBEB
:10B4E0001022164B1A70F8F721F9FFF797FBC046A8
:10B4F0003F771B003F6F400140B23EFC5F85610417
:10B50000406F4001C04DC1033207002080A4BF0737
:10B5100040771B0000BD0105E01D00202E07002024
:10B5200028070020A80600202C0700203C1D002032
:10B53000C60400207C040020A4060020201E002059
:10B540001B1E00200307002093060020BD070020DB
:10B55000FF1D0020570000202D1E00204C1E002043
:10B56000960600200207002004070020181E002075
:10B57000191E002000FCFFFF1C1E002028AA010845
:10B58000C088E4FF402DA407FFFF000094060020C0
:10B59000BD1D0020D0030020002D01D1FFF72BFBA3
:10B5A000644B1B78002B01D1FFF738FB06F028FB1A
:10B5B000FFF734FB604B16701E70F8F717F9FFF7B2
:10B5C0002DFBF8F7D5FFFFF716FB5C4B1B78012B23
:10B5D00001D1FFF710FB5A4B1B78002B00D09DE4E4
:10B5E000002C02D1002D00D003E5564B1A7F002A13
:10B5F00000D0D5E6544A1078002C08D0002827D176
:10B60000002D01D1FFF7F7FAFAF788FFF1E40028DF
:10B610001ED14E4B1B785BB2002B15D14C4B1B68D7
:10B62000002B11D10E224B484B490DF014FF4B4B10
:10B63000029A1C70012313701022494B1A70494B57
:10B640001C70494BFFF7B4FB484B02221A70F8E715
:10B65000002106331170D87F454AD9771070012038
:10B6600007F032F83F4BF0E721002800FBF748F8DD
:10B67000FFF7C1FA2800FBF791F8FFF7BCFA002AA0
:10B6800001D0FFF7B8FA3B4B1C703B4B1C703B4B97
:10B690001C703B4B1C70FFF708FB122F00D93DE4D8
:10B6A0003800F7F733F98CFC8CFC8CFC8CFC8CFCA0
:10B6B0008CFC8CFC8CFC8CFC8CFC2BFE86FE86FEB1
:10B6C000FCFE92FFE1FFE7FF8CFC8CFC122F00D9FF
:10B6D0002AE43800F7F71AF98BFC8BFC8BFC8BFC07
:10B6E0008BFC8BFC8BFC8BFC8BFC8BFC8DFC6DFE3C
:10B6F0006DFEE5FE79FFC8FFCEFF8BFC8BFC122FA1
:10B7000001D9FFF778FA3800F7F700F95BFC5BFC2A
:10B710005BFC5BFC5BFC5BFC5BFC5BFC5BFC5BFC71
:10B72000ADFD53FE53FE46FF5FFFAEFFB4FF5BFC73
:10B730005BFCC046181E0020A0060020261E00202C
:10B740001B1E00204C1E0020BD070020E01D002015
:10B7500028070020150700208C1F00202407002048
:10B76000201E0020570000202D1E0020191E002042
:10B77000E3030020470500204B050020DB030020E9
:10B78000DA030020002300B50B604C2800D974E0D8
:10B79000F7F7B2F8272B333739373969733D5555E9
:10B7A000554141415D45312D5D272F5D55353B4B61
:10B7B000553147555D4149554343737371554D5557
:10B7C0004569716969553155595B555D5D5F5555E1
:10B7D00055555555556F71556351575757575771B3
:10B7E0005D0009230020136000BD1723FAE73D2305
:10B7F000F8E701230B600A23F4E70723F2E7682345
:10B80000F0E7D023EEE73223ECE72823EAE705232D
:10B810000B60AE33E6E71A4BE4E71A4BE2E7052389
:10B82000E0E70823DEE701230B601923DAE70323AF
:10B830000B606033D6E7144B0B60144BD2E7012347
:10B84000D0E71423CEE77823CCE70623CAE7032307
:10B85000C8E701230B600E33C4E70D4B1B6834337C
:10B860001B78012B01D10223BCE7022B03D100235B
:10B87000B8E73F23B6E70423B4E701204042B3E72B
:10B88000FF03000001040000DC050000AC0D000017
:10B890001C1E00200E4B4900CA5A80231B0130B5E4
:10B8A000D2180400802013000C210A4D40015B00D7
:10B8B000034200D06B4001390029F8D1D802064B71
:10B8C00018401043032C01D1044B584030BDC046F2
:10B8D00002C20108EA08000000F07F00FFFF7F00BD
:10B8E0007047000003000020044AC100515A9942E9
:10B8F00003D001300A28F8D10B3870477821002096
:10B900000122002010B5064B5968DC688C4201D238
:10B9100021001000013208330A2AF6D110BDC046BA
:10B9200078210020074A084BD27F002A03D0053334
:10B93000DB7F002B04D0054B1B68054A1360704762
:10B94000044BF9E7521E00204C1E00203C1D002035
:10B95000381D00201C1E00200023064A1370064AD2
:10B960001380064A1370064A1370064A1380064A6B
:10B9700013707047BA200020B8200020B7200020A4
:10B98000B6200020B4200020B2200020F0B51E0018
:10B9900085B0131CB24200D9331C00257F27DBB2CF
:10B9A0000093174BCC011B7824180193154BE41816
:10B9B000009AEBB29A4201D805B0F0BD019A331F4C
:10B9C000002A10D0104A039204229D4213DA8021EB
:10B9D0006B1C494219410422200039400DF00CFC37
:10B9E00001350534E4E7094A02A90392084A0292A4
:10B9F00004229D4200DB03A920000DF02CFDEFE79F
:10BA0000EC210020B31900207F41417F3E22223EDD
:10BA10003E3E3E3E10B50400012903D00A4B89008A
:10BA2000C85810BD830705D16421F7F7F3F81D202E
:10BA30000029F6D1C82120004900F7F7EBF8484269
:10BA400048411C30EDE7C0469CB4010870B50400C5
:10BA50000D00012906D8012A04D1002110320DF071
:10BA6000CBFB70BD112220000A490DF0F4FC022D21
:10BA7000F7D9023D0D34042D00DD042503235D4379
:10BA8000651B200002220449033C0DF0E4FCAC429B
:10BA9000F7D1E6E7409F0108F0A0010870B50D005E
:10BAA00007490400F6F7CCFF20000E000449F6F722
:10BAB00041FF330002000349280009F0D1FB70BDAB
:10BAC000A0860100F3A0010870B5154B1B78002B70
:10BAD0000FD000232D25134CE25C29000A2A01D047
:10BAE0003032D1B2C1540133042BF5D1002303719C
:10BAF00070BD002904D00C49013209F0B1FBF7E711
:10BB000080230A49DB009A4203D0094B9A4203D1B1
:10BB100008490DF098FCEBE707490132EDE7C04614
:10BB20001B1E0020D0030020FCA001086DA101080D
:10BB3000FFFF000004A10108FFA00108FF22104B35
:10BB400010B518600F4B01241A700F4B1A700023A8
:10BB50000E4A13700E4A13700E4A137015220E4BC4
:10BB60001C700E4B1A70F8F7D3FC0D4B1B78002B92
:10BB700002D1022009F010FB0A4B1C7010BDC04618
:10BB8000E4040020DE040020DD040020E0040020A6
:10BB9000DC040020D41D0020D51D0020E804002076
:10BBA000FA1D00202D1E0020054B01201B78002BC4
:10BBB00004D1044B18780238434258417047C046BC
:10BBC000FA1D0020FF1D0020F7B5041E00D189E0FA
:10BBD000431E012B04D8494BDB7F002B00D181E0B1
:10BBE0000220474E3378023B8343DBB2002B79D0EF
:10BBF000062C77D8434F3B78002B02D042490AF0FD
:10BC00000EF8A0238022DB0552009A623378052BC0
:10BC100005D13E4B1B78002B01D0F8F72FFB3C4899
:10BC2000F8F742FF7120F7F7CDFEE31E0190022BDB
:10BC300004D8812170200902F8F7FEF8F8F78AFB92
:10BC40000320F8F711FB9C2170200902F8F7F4F8A3
:10BC500000213020F8F7F0F82E493020F8F7ECF802
:10BC6000FA20C000F8F720FFA0238022DB05520055
:10BC70009A612948F8F718FF062300255C43274AF4
:10BC800013199988A9422ED8A0248025E4056D00B7
:10BC90002348A562F8F708FFF8F778FB2048F8F783
:10BCA00003FF71200199F8F7C7F83F78002F02D001
:10BCB0001C48F8F7F9FE1C4B1B78002B00D0A5613F
:10BCC000002F03D00220194909F0A9FF3378052B72
:10BCD00005D10E4B1B78002B01D0F8F74BFB5022FF
:10BCE000134B1A80F7BDA05A5988F8F7D3FF0135D6
:10BCF0000748F8F7D9FEEDB2C1E7C0464D1E002057
:10BD0000261E00201A1E002001420000B51D002042
:10BD1000204E00000203000060EA0000D2C20108C9
:10BD20008813000010270000441D002001020000BD
:10BD3000B21D0020F7B504001727E02380221B0165
:10BD400023401201934215D10025104B0093E305C7
:10BD5000DB0D0193009A6B00D35A019A934206D1EE
:10BD6000EEB231000220FFF795FDA0420BD0013565
:10BD7000682DEFD1012323409B056408013F1C433C
:10BD8000002FDAD1FF263000FEBDC04602C20108F6
:10BD900070B502003224FF200023074E5900755A67
:10BDA000511B00D5A91AA14201DA0C00D8B2013307
:10BDB000322BF3D170BDC0469EC101080623054A4F
:10BDC000D9005158814201D858B27047013BF7D28F
:10BDD0000020FAE728AA0108164B70B505000C00F0
:10BDE000994215D11449F6F72BFE0800AF218900BE
:10BDF000F6F7A0FD44430338434258410E49241846
:10BE00002800F6F797FD0C4D45436519280070BDD5
:10BE10000129FBD0FA239B00994200D34C08601CF7
:10BE200080B2401021004019F6F784FD44432500FC
:10BE3000ECE7C04641030000C4090000484B010084
:10BE4000C218484B00B59A4200D985E0464B474A94
:10BE5000C318934200D87FE0454B18780A2800D9D0
:10BE60007AE0F6F749FD061963232D2F3843477909
:10BE70006D00404B994200D86EE03F4B0020994244
:10BE800005D93E4B994203D83D4B1878013800BD87
:10BE90003C4888428041FAE73B4B3C4ACB180020A3
:10BEA0009342F4D93A4B3B48C918F2E73A4A364B29
:10BEB0000020CB189342EAD9384B3948C918E8E733
:10BEC000324AF4E72B4B994246D9364B002099422F
:10BED000DDD9354BE7E7274B99423DD9314B00205F
:10BEE0009942D4D9304B3148C918D2E7304B314848
:10BEF000C918CEE7304B314ACB1800209342C6D93F
:10BF00002F4BCB189342C2D92E4B9942BFD02E4B08
:10BF10009942BCD02D4B9942B9D02D4B9942B6D005
:10BF20002C4BC818431E98414042B0E7164B174AA5
:10BF3000CB1800209342AAD9184B2748C918A8E764
:10BF40000022264B1868884202D85868884205D8D3
:10BF500001320833072AF5D10120E5E7002096E7F2
:10BF6000C088E4FF402DA40740B23EFC3F6F400173
:10BF70003C1E00209F0BD100BF0E1602FF5962022B
:10BF8000E403002000879303004624FF7F1A060085
:10BF900080217FFDBFC62D003F0D030040DF6FFDF8
:10BFA0003F420F00BF80090100A69DFDBFFB390085
:10BFB000CF7257FD3E49000068343EFD5C440000EE
:10BFC000489336FDB0A8E70020C0E70090D7E7000F
:10BFD000E8DAEB00601914FF7F841E0028AA01082C
:10BFE00002220020034B1B78023BDBB29A42404105
:10BFF000C0B27047261E00200023144A1370144A52
:10C000001370144A1370144A1370144A1370144AAC
:10C010001380144A1370144A1370144A1370144A8C
:10C020001370144A1370144A1268110034310978DD
:10C03000994201D113691B79104A13700022104BE9
:10C040001A70104B01321A707047C046B1060020BA
:10C05000B8060020BA060020BE060020B506002063
:10C06000AE060020B9060020B6060020B406002067
:10C07000B3060020B20600203C1D0020BB060020B5
:10C08000AF1D00202D1E00209122F8B51A4B520042
:10C090009A5C1C235343194A06009B180122191D60
:10C0A0000D88B54222D216484F88121892009B186C
:10C0B000FA22588819889200C01B5043491BF6F792
:10C0C000C3FC040028000F496043F6F7BDFCFA21C9
:10C0D000C719300089006043F6F72CFC381801D5E9
:10C0E000002002E0642800DD6420F8BD0132043144
:10C0F000072AD5D1F4E7C0464C1E002012C1010822
:10C10000FFFFFF3F18FCFFFF70B50400F6F7E2FBEE
:10C11000002301000A2518008B4200D370BDE25CA9
:10C12000303AD2B2092AF9D8684301331018DBB289
:10C13000F2E70000064B10B5984208D88023DB01D7
:10C14000C01840000023022280B2F8F759FF10BD4A
:10C1500006040000F8B5184B05000024984228D8C2
:10C16000FFF7C0FB2700154EA0421BDA144AF90066
:10C17000715A914205D001370A2FF8D1FFF7C0FB61
:10C1800007008023FF00DB01BC1C3419E8180222E1
:10C1900021004000F8F768FA0A4AF5531268F619C8
:10C1A000726006E0074AC4001268331902345A600C
:10C1B00034192000F8BDC046060400007821002094
:10C1C000FFFF0000C41D0020224B73B504000D00CA
:10C1D00098421DD800291BD08023DB01C018022201
:10C1E000400001A9F8F740FA0222290001A80DF049
:10C1F00079F900280DD12000FFF774FB002807DB38
:10C20000154B2A88C0001B185A80144A12685A60BD
:10C2100073BD29002000FFF78DFF2000FFF762FBB0
:10C220000D4E002807DBC0002B88301843800B4BD5
:10C230001B684360ECE70020094BC200B25A9A42E7
:10C2400004D001300A28F8D1FFF75AFBC00034525D
:10C25000EAE7C0460604000078210020C41D002043
:10C26000FFFF000070B50500192811D080260024BA
:10C27000F6002000FFF76EFF4378AB4202D103784F
:10C280007F2B05D90134A4B2B442F2D1002070BD95
:10C290000120FCE7F7B506001924134B134D019359
:10C2A0002F782878012E19D11921F6F7C9FB013111
:10C2B000C8B22870FFF7D6FF00280ED12878B84200
:10C2C00003D0013CE4B2002CEBD1FFF7CBFF0028F8
:10C2D00003D11922019B29331A70F7BD1921173098
:10C2E000F6F798FCE3E7C0464C1E0020751E0020C0
:10C2F00070B506000C001500FFF72CFF8023DB0053
:10C300009E4229D20378002C02D05AB2002A23DBA5
:10C31000DB435B0720D0002C1CD0182D04D94378B8
:10C32000002B03D0200070BD002D15D04378192BB1
:10C33000F8D0AB4210D1094A094B1278002AF1D04B
:10C340009A8D0024B242EDD0DC8DA41B631E9C416B
:10C35000E4B2E7E70124E5E70024E3E7761E0020E6
:10C360004C1E0020F7B58025ED000E0004002F00C4
:10C37000009201930B4B9C4212D0BC429B411C404B
:10C380002000019A0099FFF7B3FF002806D1013D74
:10C39000A419ADB2A4B2002DECD1024C2000FEBD18
:10C3A000014CEDE7FFFF0000FF0300000279531E80
:10C3B000022B03D900230371002105E06723012A22
:10C3C00000D1363B9942F7D841717047F0B5036907
:10C3D00004008BB01868FFF7F1FC022800DD71E063
:10C3E000674B684AD57D002D00D06EE0A31CDD7739
:10C3F00081235B426384FE23FF22DB01A384E31DD0
:10C40000DA7763691868FFF7D9FC230001902933B4
:10C410001B785D1EEDB2002B01D15B4B1D78012313
:10C42000052D03D0AB1F5A4253415B00019A574977
:10C430005018032253430001C01804A9F8F714F957
:10C44000534B0293019B022B01D1524B02936B1F62
:10C450005A1E934103260333039304AF3878030035
:10C460001833DBB2052D06D8039B5843029B595D58
:10C47000F6F7EAFAC3B2013EF6B23B700137002E7E
:10C48000ECD104AB019A18785D789F78424BD200CA
:10C49000D1589B185E6863691B6899420EDA9E4208
:10C4A00000DC6BE08A1952089A4262DB2E1A581A95
:10C4B0007043511AF6F7C8FA2818C0B22A3420700F
:10C4C0000BB0F0BD80235B028BE7ED1823002F003B
:10C4D0002133049303330593023B069303330793FD
:10C4E000023B08930333099304AE6037280001220E
:10C4F00002CE1035F8F7B8F8AF42F7D1E31CDB7F76
:10C50000201D0193A71CC57FF87F611D4210CE7FBF
:10C51000E11D9446C97F019AA31DDB7F52004900AB
:10C520004008864203D1012E01D9023EB6B29342A1
:10C5300003D17D2B01D802339BB28D4203D1FD2D57
:10C5400001D80235ADB26046F877601DC677FF2985
:10C5500000DDFF21E01DC177211DCD777F2A00DDA1
:10C560007F22E11CCA777F2B00DD7F23A21DD377BA
:10C5700047E77F1B981A7843B11A9BE738009DE77D
:10C58000600001004C1E00205C0000200D10000027
:10C5900006C101080CC1010828AA010870B51500E0
:10C5A000040044220E00043000210CF025FE280077
:10C5B000FFF704FC0D4B0422A383230008332086DD
:10C5C000E683DA7702226361094BFF322285256018
:10C5D000A56024619E4204D12300013AFF3A34331E
:10C5E0001A702000FFF7F2FE70BDC046E2040000A2
:10C5F00001040000421CD27F0368012A03D1826932
:10C600009B1883607047022AFBD182699B1AF8E766
:10C6100010B5114B5A7B012A01D900225A73991D7A
:10C620005A7BC97F1000002906D0591DC97F0029F7
:10C6300002D150425041C0B248214A434143074CC5
:10C6400084329A1822608431054A18735B1813608B
:10C65000FFF768F910BDC0464C1E00201C1E0020CC
:10C660003C1D002070B54A4D2B682D331C78012CE1
:10C6700003D1484B1C780134E4B2A0238022002669
:10C68000DB0552009A62444B310030001E70F7F710
:10C6900065FD022C00D9340020000BF0A9F92B68AD
:10C6A0005B691868F7F7D4FD3C4B00201B681A0043
:10C6B00034321278824206D135331B78012B01D0F7
:10C6C000022B00D91800F7F7FBFD0020F7F7CCFD8F
:10C6D0007E20F7F777F9382328219843014389B260
:10C6E0007E20F7F7A9FBF7F73DFE00213620F7F78C
:10C6F000A3FB37202A49F7F79FFB52202949F7F778
:10C700009BFB00213020F7F797FB27493020F7F7F4
:10C7100093FB2648F8F7C8F92B685B691868F7F7A8
:10C720000DFF01210800F7F719FD2148F8F7BCF9C2
:10C730002A682049130052692A3310681B78222284
:10C74000884200D81A3A80211B021343194336202D
:10C75000F7F772FB1548F8F7A7F92B685A691079B3
:10C7600001280DD0831E012B05D85179FFF792F8CF
:10C77000F7F70AFD70BD00215120F7F75DFBF9E7DF
:10C7800052790D4B5200D05AF7F71AFDF2E7C04626
:10C79000381D002008070020441D00203C1D0020FB
:10C7A0001F9D00008F020000FEC100001027000046
:10C7B00088130000FF3EAB019EC1010810B51D4B60
:10C7C000400008431A78C0B20C00824230D0187082
:10C7D0007E20F7F7F7F8C3439BB2DB0BA34209D1E6
:10C7E000C0210005000DDB031843890101437E20B1
:10C7F000F7F722FBC62110208900F7F71DFB112057
:10C800000D49F7F719FB12200C49F7F715FB132018
:10C810000B49F7F711FB842114208900F7F70CFB73
:10C8200049200849F7F708FB7B200749F7F704FB85
:10C8300010BDC0465A0000203A030000DB03000090
:10C84000DF030000B22A0000DC73000070B50400B2
:10C850000520022C00D00438F7F706FD3120F7F749
:10C86000B1F8012C55D1204381B23120F7F7E4FA19
:10C8700042204049F7F7E0FA2A203F49F7F7DCFA6F
:10C880003E4B1E78022E00D900263D4DF600715B0E
:10C890002B20AD19F7F7D0FA2F206988F7F7CCFADB
:10C8A0005420A988F7F7C8FA5520E988F7F7C4FAA1
:10C8B000344B1B682D331878002800D003200BF070
:10C8C00097F84820F7F77EF80F23184381B24820E5
:10C8D000F7F7B2FAA11E4B1E99412B4B4942194062
:10C8E0003D20F7F7A9FA7320F7F76CF821004B1EEB
:10C8F00099411023013C984363425C410901014383
:10C9000089B27320F7F798FA0021E0B2FFF756FFDB
:10C9100070BD0123984381B23120F7F78DFA422090
:10C920001A49F7F789FAE8212A20C901F7F784FAAA
:10C9300000212B20F7F780FA2F201549F7F77CFA12
:10C94000022C08D113495420F7F776FA12495520E2
:10C95000F7F772FAB5E7114B1E78042E00D90026BE
:10C960000F4DB600715B5420AD19F7F765FA698871
:10C97000EDE7C0465C6F0000347400000A07002039
:10C98000DAC001083C1D0020AB2A00005A6B0000F1
:10C990009098000009900000A931000009070020CC
:10C9A000F2C001080D4B002807D118705870012201
:10C9B0000B4B18700B4B1A707047062804D10322DA
:10C9C00018705A700520F2E70749084AC97F002904
:10C9D00002D1127B9854F5E7527BFBE774210020CB
:10C9E000DB1D0020281E0020521E00204C1E0020AF
:10C9F0000121814A10B51368013313607F4B197010
:10CA000010687F4B4343CB417E48834236D87E4BF0
:10CA10007E4819700388002B06D0013B9BB203802F
:10CA2000002B01D17A4B19707A490B88142B08D945
:10CA30000B88013B9BB20B80142B02D10121764B5A
:10CA4000197076490B88002B03D00B88013B9BB2F1
:10CA50000B8073490B88002B08D00B88013B9BB2DD
:10CA60000B80002B02D101216E4B19706E490B789F
:10CA7000002B03D00B78013BDBB20B7013689B07D4
:10CA800002D10122694B1A70694A1378002B03D036
:10CA90001378013BDBB21370664A1378002B03D086
:10CAA0001378013BDBB21370634B1B78002B4BD127
:10CAB00062490A88002A08D00A88013A92B20A809C
:10CAC000002A02D15E4A0121117000205D4A1056F1
:10CAD000002847D15C4A1278002A15D15B4AD27FE0
:10CAE000002A11D05A1E012A0ED9042B0CD0584905
:10CAF0000A88002A08D00A88013A92B20A80002ADD
:10CB000002D1544A01211170534A54491278002A23
:10CB10005DD000285BD0524A1288002A57D1514874
:10CB20000278002A53D1504A1278D4B2002A4ED14A
:10CB3000042B4CD05A1E012A49D90A88013292B2DC
:10CB4000182A1ED80A801FE0052BBED147490A8843
:10CB5000002ABAD00A88013A92B20A80002AB4D1D7
:10CB6000434AB0E75A1E012ACED93D490A88002A15
:10CB7000CAD00A88013A92B20A80002AC4D1394A3E
:10CB8000C0E701220C8002703A490A88002A08D0C6
:10CB90000A88013A92B20A80002A02D10121364A5B
:10CBA0001170364A1278002A15D0022B11D8002BAA
:10CBB00011D1334A1388002B0DD01388013B9BB24F
:10CBC0001380002B07D101222E4B1A7003E00022A4
:10CBD000B8E7042BEDD12C4A1388002B03D013881F
:10CBE000013B9BB21380294A1378002B03D01378A2
:10CBF000013BDBB2137010BDCC0500202B1E0020C2
:10CC0000295C8FC251B81E052A1E00207221002007
:10CC1000E921002080030020CA1D0020221E0020E0
:10CC2000241E0020C01D0020C91D0020B0060020C9
:10CC3000B3060020B4060020261E0020500000206D
:10CC4000B81D0020E01D0020FA1D0020511E00200C
:10CC5000BC060020520000200300002070210020AC
:10CC60002E07002053000020BE060020F41D0020E7
:10CC7000B61D0020AE060020B5060020DF1D0020F6
:10CC8000A81D0020B91D0020AC1D00209B1F002006
:10CC9000F0B510259BB006AC2A00002120000CF056
:10CCA000ABFA2A0000210AA80CF0A6FA2A0038489C
:10CCB0000AA9F7F7D9FC374E0AA83100F5F700FEAC
:10CCC00012AF002800D188E02A0031000EA80CF035
:10CCD000CBFB00232A002E480EA9F8F791F9082271
:10CCE000002104A80CF088FAA020082204A9000260
:10CCF000F7F7BAFC6B463F221B7DA02093436A46A0
:10CD000004A91375000200230822F8F779F9082214
:10CD1000002102A80CF070FA08221F4802A9F7F7B8
:10CD2000A3FC6B466A465B7B1B48AB43537302A96B
:10CD300000230822F8F764F9202239001748F7F792
:10CD400093FC0022BB5C002B06D0203B5E2B17D847
:10CD50000132102AF6D100230022B918097C0029DB
:10CD600021D020395E291BD91022002116A80CF0F1
:10CD700043FA0023202239000848F8F741F914E06B
:10CD80001022002138000CF037FA0123E4E7C046F6
:10CD900060A1000009A1010858A10000C8A000007E
:10CDA0000132102AD9D1002BE3D107226946D3489A
:10CDB000F7F75AFC00256B465B5701330DD101355F
:10CDC000072DF8D12A00CE4968460CF044FB002319
:10CDD0002A006946C948F8F713F9A0200822210063
:10CDE0000002F7F741FC0F2322781340042B00D9EF
:10CDF0000023C4490B7013092F2A00D90023C24A0B
:10CE000013706378092B00D90123C04DEB75A3780B
:10CE10005A1FD2B2AE2A00D90B232B7623790121D7
:10CE20001A000A406A765A080A402A779A06120FB0
:10CE3000042A00D900226A7701229B091340EB766D
:10CE40006379013B59424B41AB77A379092B00D958
:10CE50001300EB77E379082B00D904232A0047322B
:10CE6000137021000822AA48F7F7FEFB0F2322784F
:10CE700013400A2B00DD0A232221DBB21209FF3105
:10CE80006B549A429B411A4090235B00EA546378AA
:10CE9000032B00D90023AA1CD377A378022B00D937
:10CEA0000023AA1DD377E378052B00D90423EA1DBC
:10CEB000D3772379022B00D901236A1DD3776379B5
:10CEC0003D2B00D90C232A0001210832D377A37906
:10CED000EA1C1800CB400840D0778E4A0B401370F4
:10CEE0002B1DD97707222900E37938311A400A70BF
:10CEF0002A00DB0839321370390010228648F7F710
:10CF0000B3FB82223B88D200934200D9834B80221C
:10CF10007E4ED20033807B8893429241134033810E
:10CF2000BB887F4A9A18062A00D97C4B8222B3809C
:10CF3000FB88D200934200D9784B802273803B89D2
:10CF4000D20093429241134073817B89744A9A18AC
:10CF5000062A00D9714B04220EA97248F380F7F714
:10CF600083FB3B226B4603219B18B27D1B788A43CF
:10CF700069465B079B0F1A43B2756B4A5B009A5A6E
:10CF8000098F914204D369481B5A8B4200D30A008F
:10CF90002A826B463A229B181B780132AB746B468F
:10CFA0009B181B786249DB07DB0F25326148EB7465
:10CFB000F7F75AFB08F084FE082221005E48F7F7D5
:10CFC00053FB0122237801351A40EA775A082F2BA8
:10CFD00000D9002220234D4DFF33EA546378172BEC
:10CFE00000D903232A0043321370A378172B00D9EA
:10CFF00000232A0044321370E378172B00D904234E
:10D000002A00453213702379172B00D900232A00F8
:10D01000463213706379682B00D90E232A00283218
:10D020001370A379282B00D900232A003E321370F5
:10D03000E379052B00D903232A00403221003F4821
:10D0400013700822F7F710FB01223D4806AC115D72
:10D050000B004033DBB2802B00D881540132082A08
:10D06000F5D121003748F7F7FFFA6378022B00D992
:10D0700000232A0041321370A3780A2B00D9002321
:10D080002A0042321370E378012B00D900236B731E
:10D090002379042B00D9002391225200AB541B3A70
:10D0A000FF3A21002848F7F7DFFA23785A1E934108
:10D0B0002A007A3213706279642A00D945E10A2382
:10D0C00053432A00703213806423A2799A4201D814
:10D0D0005A3B53432A00723213806423E2799A4206
:10D0E00001D85A3B53432A0074321380210008228E
:10D0F0001648F7F7B9FA6423227829E0B9A00000AE
:10D100001E000020090700200A0700204C1E0020F6
:10D1100008A000000807002010A00000050400007F
:10D1200000FCFFFF20A000004CAE010854AE010837
:10D13000461D002028A00000A8A00000B8A0000004
:10D140001D000020C0A00000E8A00000F0A000002A
:10D150009A4201D85A3B53432A0076321380642303
:10D1600062789A4201D85A3B534332007832138096
:10D1700079497A4A7A480AF07FFA7A4A7A497B48AA
:10D180000AF07AFA082221007948F7F76DFA7F232E
:10D1900022781340591E182900D901233100293162
:10D1A0000B703300D2092A331A7019236B441A7892
:10D1B0005B7821001B021343B3851B236B441A7851
:10D1C0005B786C481B021343F3851D236B441A786C
:10D1D0005B784A361B02134308223380F7F744FA80
:10D1E00023780A2B00D90023634A13706279634BBA
:10D1F000511E8A411A70E379614A9907C90F11706B
:10D200001A07920F032A00D1013A5E490A705E4A5A
:10D21000D906C90F11705D4A9B0913702B1DDB7F66
:10D22000002B01D1AB682B60602259495948F7F7B0
:10D230001BFA002301201900574A40420133108095
:10D24000516008320A2BF9D180235B020E9302232E
:10D2500000250EAEB3806B00F05A504B984201D8B7
:10D26000FEF778FF0135032DF5D100257F2607272E
:10D270002800FEF76FFF011E07D00288484B9A4234
:10D2800066D107802800FEF79FFF0135454BADB200
:10D290009D42EDD10025102243494448F7F7E4F9B7
:10D2A000434B0822210043481D70F7F7DDF9E3796D
:10D2B0001A096F2B00D92A003F4940480A70012201
:10D2C0001900114001705D083D48AA4302701B0718
:10D2D0003C4A9B0F1370A27913093F2A00D90023FF
:10D2E000394803700C200023024201D10F33134050
:10D2F000364A01271370637935481A0915003D40F5
:10D300000570344D5008384028709608324D3E4024
:10D310002E70324DD2082A700F2213405A1E0E2A48
:10D3200000D90A232E4A1370237901242D4A1C4068
:10D3300014705A08F12B00D93C222B4B1A702B4B3E
:10D3400019702B4B98761BB0F0BD96235B00B8E6A6
:10D3500003783340037095E7981E002010A1010860
:10D3600010A1000016A10108AA1E002020A10000A3
:10D3700030A1000050A100003C1E0020E40300206A
:10D38000FC050020E11D0020FE050020AC06002069
:10D39000102100200E8800007821002006040000E3
:10D3A000FFFF0000070400000021002038A100005A
:10D3B000FC20002058A100005C000020ED2100208E
:10D3C00003000020C1060020C81D0020DA1D002037
:10D3D0003C07002099060020EC210020EB210020D2
:10D3E0002C000020271E002056000020BF1D00201A
:10D3F0004C1E002037B5404D082229003F48F7F762
:10D4000033F93F4C082229003E480CF024F8200054
:10D410000822290028300CF01EF8200008222900DC
:10D4200030300CF018F8210008223748F7F71CF9C3
:10D4300020002100082208300CF00DF82000210007
:10D44000082210300CF007F8304C0C222100304834
:10D45000F7F70AF92F4B22889A4203D92E4B2380E3
:10D46000643363802D4B022263812D4C2D4BE07F72
:10D470002D49C0184000F7F7F7F82C4BE07F022247
:10D48000C0182B494000F7F7EFF822004732117817
:10D490002200284B48325B5C2748137069460822FB
:10D4A000F7F7E2F86B460021595EFA23FA229B0057
:10D4B000CB189BB2D200934200D9002123007C33C9
:10D4C00019806B469B793F2B00D93A2322007E328C
:10D4D00013706A46D2790F2A00D9082220007F34BF
:10D4E0002370B123DB01C9188030027089B23B2060
:10D4F000F6F7A2FC37BDC046DC200020C0000100CA
:10D50000C4200020E4200020C8000100E61D002007
:10D5100040010100871300006C070000FC080000B8
:10D520004C1E0020A8800000641F0020B480000072
:10D53000661F0020C2C001088801010070B50024E8
:10D540000E0005000470220021003000FEF7D0FE1E
:10D55000A04217D08023DB00F0180A222900000126
:10D56000F7F782F82200AB5C203B5F2B02D8013238
:10D570000A2AF8D10023AB54013A511C02D0A95C0D
:10D580002029F8D070BD00004823F0B543438BB08C
:10D590008A4C039384331B190093894B07001B7833
:10D5A0000591002B0CD14300E1188888854A9042F0
:10D5B00001D185488880E15A914201D1824AE252E4
:10D5C00082237D00665BDB009E4231D8103B9E4289
:10D5D0000CD23000FBB200220121FEF7C3FE7B4BD0
:10D5E000060098421FD163199E8866533000FEF7EB
:10D5F000B1FD8022038875490290D2008B4219D177
:10D60000964204D26D4B7F00D9198E88FE52704B22
:10D61000704AF3189BB2DB0031009A580098FEF76D
:10D62000BDFF0BB0F0BD3B1D5B006053E052DDE77A
:10D63000654EDBE7029B1B785B075B0F0193072BB3
:10D6400001D1023B0193964200D3B2E0029B59788C
:10D6500048227A43594B01989B181A00A2331E8026
:10D660008023B4321080023A1170DB009E4200D356
:10D67000B8E0059B022B00D0C4E0330104930822DC
:10D68000049808AC21008018F6F7EEFFE0780F242C
:10D690000440022C00D9002448210A007A43474B59
:10D6A0009A18A432147002092F2800D90022794355
:10D6B0005B18B8331A7008AB9A79172A00D904227C
:10D6C00048237B433D490024CB18059119001800DD
:10D6D000AB310A7040495200525AA03002801A0001
:10D6E0000F21B03208AD1470AA78183811400170BB
:10D6F00012099033297800981A70FEF757FE0398A4
:10D70000059B8C30C0186978FEF750FE2A790123FA
:10D71000FF2A00D1F3E014005508D1065009920900
:10D720001A401C401D40490F1840059248227A4378
:10D730009446AF22214B634494469C446246147045
:10D740001C00B1342570043C21701900059AAC33DB
:10D75000B7311A70087008AB5B790022FF2B04D038
:10D760001B075A0F042A00D9002248237B43134C7D
:10D7700006A9E318B6331A7004980822F6F774FF66
:10D7800006994B1C03D1019A124BD200D158482262
:10D7900013007B43E3180833D967104B079999426C
:10D7A00001D90F4B07937A43079BA4189C3423603D
:10D7B00028E0F3B2192101934AE7C0464C1E00202D
:10D7C000E40300200404000005040000FFFF000043
:10D7D00000FCFFFF28AA010810AC0108FFE0F505D6
:10D7E00040420F00330080335B013A019B180493E1
:10D7F000059B022B00D142E7434BF3189BB2062B4B
:10D8000000D83CE748257D43404C63190193083319
:10D81000DD6F2800FEF7D2FA3D4AC3B2DB0098580C
:10D82000A8420DD8D2185068A84209D380232800F6
:10D83000DB009E4204D3019DA0352988FEF7CCFA77
:10D8400048257D4365192B000833D8678023DB000A
:10D850009E4207D32B009C35A03319882868FEF719
:10D86000BBFA28600098FEF7C5FE8023DB009E42CD
:10D8700005D203983100BA302018FFF75FFE482325
:10D88000190079436118AF31039A08788C320099F6
:10D89000A218002801D01100009A7B43E318180059
:10D8A00098331A601B4B94301B780160002B07D112
:10D8B000194A0B689B18194A934201D8184B0B6000
:10D8C00048237B43E3181900029AB9311278D20633
:10D8D000920F0A70134A1278002A02D0009A9833E5
:10D8E0001A60114B1B78002B05D048237B43E418AA
:10D8F0000723AD3423700098FEF768FD91E62500FC
:10D9000019002000059311E700FCFFFF4C1E0020CA
:10D9100028AA0108E403002040F1E9FD3F4B4C0038
:10D92000A0B49402020700200407002007B56B464C
:10D930000522FF21D81C0BF05FFC69460E4A0F48F8
:10D94000937C8B70138A0B80937DD27C9B075B0F3B
:10D9500007211343FF220B408A4313436A4669465B
:10D96000D37000230822F7F74BFB00236022044901
:10D970000448F7F745FB07BD4C1E002020A000001F
:10D98000461D002028A000000122034B1A70034B03
:10D9900092181A807047C046EA21002072210020A8
:10D9A0001FB5124B1A78002A1ED000241C70104B91
:10D9B0001A78A24218D0102269460E481C70F6F759
:10D9C00053FE69460C4B0B481A880A801A894A8014
:10D9D0009A888A805A88CA805A890A81DB881022EC
:10D9E0004B812300F7F70CFB1FBDC046E921002047
:10D9F000EA21002010A000004C1E00201520F0B5E8
:10DA000097B00322FF2168440BF0F6FB0F22C54BB1
:10DA100002AC1B78C44D1340C44A12781201134360
:10DA20002370C34B1B78092B00D9EB7D63702B7ED1
:10DA30003C21A3700023E370EB7E2A7F9B01520000
:10DA400013436A7E13436A7F92000A401343237193
:10DA5000AB7F22216371EB7FFF31A3712B00473332
:10DA60001B78EA1DE37190235B00EB5C695C1B0192
:10DA70005B182372AB1CDB7F6372AB1DDB7FA37271
:10DA8000D37FE3726B1DDB7F2373AA4B1B78002BC4
:10DA900005D1A94B1B78A372A84B1B782373A84B05
:10DAA0001B78002B00D139E1A64B1B786373A64B82
:10DAB0002A1DD27F1B7892005B001343EA1CD27FA1
:10DAC0002E0013432A000727A020A37329363832DB
:10DAD00033781278DB003A40134321001022E373BD
:10DAE00000020023F7F78CFA502221009748F6F73E
:10DAF000BBFD2023FF33EB5C6A1CD27F5B0013432A
:10DB000023702B00290046331B7843310978237199
:10DB10002B00AA1DD28F6170628028331B780A21E6
:10DB200063712B003E331B78A3712B0040331B78AD
:10DB3000E3712423FF33EB5C637492235B00EB5CA3
:10DB4000A3742B003F331B7823762B0041331B78C3
:10DB500063762B0042331B78A3766B7BE3769123AD
:10DB60005B00EB5C23772B007A331A7812AB1A70C8
:10DB70002B0070331888F4F7DDFE4D236B441870CA
:10DB80002B00723318880A21F4F7D4FE4E236B441D
:10DB900018702B00743318880A21F4F7CBFE4F233A
:10DBA0006B4418702B00763318880A21F4F7C2FEF4
:10DBB00014AB18702B00783318880A21F4F7BAFEDA
:10DBC00051236B4418705022002321005F48F7F75F
:10DBD00017FAFF237F22E3713378210013402A00D4
:10DBE0002A3212785A48BA4013432370AB8D082268
:10DBF00063701B0AA370EB8DE3701B0A23712B006B
:10DC00004A331B8863711B0AA3710023F7F7F8F9E5
:10DC100009203A00FF2168440BF0EEFA4D4B1B78C7
:10DC200023704D4B1B7863710023A3714B4B1B7802
:10DC3000002B01D1FD33E3710C21494BE2791B78B4
:10DC40008A439B000B401343464AE3711278002A33
:10DC500002D110329343E3713F22E3792100134054
:10DC6000414A4248127892011343E371082200238B
:10DC7000F7F7C6F9082221003D48F6F7F5FC0F201A
:10DC80003C4B3D4A1B7812785B00134323713B4B9E
:10DC90001A783B4B51001B789B000B43394909789C
:10DCA0000B4339490978C9000B4338491B010978EE
:10DCB00001400B4363713649364B09781B780901E3
:10DCC00003400B43A371344B1978344B1B78002B62
:10DCD00001D1023319430C20314BAA761B7808225C
:10DCE0009B0003402F487E35007800010343194311
:10DCF000E171002321001E48F7F782F969460822E6
:10DD00002948F6F7B1FC6A462B7869469371264894
:10DD100000230822F7F774F917B0F0BD2B00083381
:10DD2000DB7FC3E6090700204C1E00200A07002005
:10DD3000020000200E070020481E0020491E00207F
:10DD4000070700200607002008070020A8A0000001
:10DD500030A100003C1E0020E4030020FC05002050
:10DD6000E11D0020FE050020AC06002050A10000AF
:10DD700058A1000056000020271E00209906002010
:10DD8000EC2100203C070020EB2100202C0000208B
:10DD9000C81D0020DA1D0020ED2100200300002016
:10DDA000C10600205C0000208801010030B50D0094
:10DDB00085B010220021040068460BF01DFA2800EF
:10DDC000F4F788FD02000A2800D90A2229006846D3
:10DDD0000BF041FB80232001DB0180B2C018102230
:10DDE00000236946F7F70CF905B030BD7FB5050093
:10DDF0001E00344B0800EB189BB21400062B5DD8B4
:10DE0000421E904190220001120280185B01C0184E
:10DE10006A46236869460093A36980B201936379D7
:10DE20001372637B5372237B22791B0113436A466F
:10DE30009372230034331B78621CD27F1B0113437F
:10DE40006A46D37223002200283333321B781278BB
:10DE50009B015201134322002B32127813432200FC
:10DE6000293212789200134322002D321278520088
:10DE700013436A46137323000E2232331B785B0070
:10DE800013406A46537323000833DB7F93730023E8
:10DE9000D3731022F7F7B4F8012321001A002800E9
:10DEA00009F0A6FC8023DB009D4206D2022E04D995
:10DEB000210028003631FFF779FF7FBD2801012EB0
:10DEC000FBD9A5E700FCFFFF73B51E4D694628008E
:10DED0000822F6F7C9FB1C4C072226001B4B2936EB
:10DEE0001B78280013403278194DD20013436A463C
:10DEF0006946D37100230822F7F782F828006946A3
:10DF00000822F6F7B1FB7F22337828001340220065
:10DF10002A3212786946D20113436A461370A38DE0
:10DF200053701B0A9370E38D4A34D3701B0A13712C
:10DF3000238853711B0A937100230822F7F760F8B6
:10DF400073BDC04608A000004C1E0020841E0020A7
:10DF500030A1000030B5042587B0084C0A0001004C
:10DF600001A8FDF773FD112300216F20A56201AA0E
:10DF7000F6F74EFCA56107B030BDC0460004005066
:10DF8000F7B5160004000D001F00F4F7A3FC731C86
:10DF90000093231801350193019B9C4200D1F7BDEA
:10DFA00021782139CBB25D2B05D87143320028008E
:10DFB00079180BF050FA009B0134ED18ECE70000E3
:10DFC000F0B585B01C000AAB1B780F0015000600E9
:10DFD0000293F4F77FFCBD4207D9029BED1B43433C
:10DFE0000135ED1A6D08EF19FFB2E2010134144B4F
:10DFF000E401D219E419D218E418331801920393FA
:10E00000039B9E4201D105B0F0BD3578213DEBB2B6
:10E010005D2B0DD80E235D430A4F0722E9190198A5
:10E0200007350BF018FA07222000E9190BF013FA54
:10E03000029A019B944663440193A4180136DFE7DA
:10E04000B31900209EBB0108F8B51D0006000F00A3
:10E050001400F4F73FFC0300A74207D207205843FF
:10E06000E11B0131091A49087F18FFB2044AE9018E
:10E07000C91930008918034B0622FFF781FFF8BD4C
:10E08000B31900206AB90108F7B51F4E1D00337897
:10E0900004001E4F00910192012B21D11C490BF06D
:10E0A000D2F92A002000009909F020FB3A78194B98
:10E0B0005200D65A0A213000F4F7C2FC30008FB269
:10E0C0000A21F4F737FC3B00134982B2200007F025
:10E0D000C7F82B00002220000199FFF7B5FFF7BD1C
:10E0E0000E490BF0B0F92A000099200009F0FEFA61
:10E0F0003A780B4B31785200D25A4E23032900D183
:10E10000053B0849E2E7C046CF0400200800002094
:10E110001CA101089EC101088BA1010822A10108D0
:10E1200002C2010826A10108F8B51D0006000F0073
:10E130001400F4F7CFFB0300A74207D2072058438F
:10E14000E11B0131091A49087F18FFB2044AE901AD
:10E15000C91930008918034B0622FFF711FFF8BDDB
:10E16000B319002036B70108F0B50027234CD201BF
:10E1700085B05218141902930190F4F7ABFB2500F7
:10E180003B00C2B280350392039ABA4201DC05B06B
:10E19000F0BD019AD65D2D2E2CD0002B01D1202E62
:10E1A00022D03300303B0A2B13D81421303E4E438B
:10E1B000134B0A22F6183100A01C0BF04CF9310069
:10E1C0000A22A81C0A310BF046F901230D340D3543
:10E1D00008E02E2EF9D1602303342B706B70AB70E6
:10E1E00003355F3B0137CFE7029A002AEED0063CA9
:10E1F000063DEBE73A26002BD7D1D2E7B319002032
:10E200005AB6010830B5072501241540D208D201BD
:10E210008018425CAC401500A543002B01D022437E
:10E22000D5B2455430BD0000F0B50C0087B0059361
:10E230000CAB1B78019202930090009B1B78002B83
:10E2400001D107B0F0BD03220026203BDBB25343CF
:10E25000134A9B180493019B0633DBB20393049B80
:10E26000019D9F5D01231F420AD0059BA1190D4806
:10E27000C9B2002B00D10C482A00029BFFF7C2FF55
:10E280000135039BEDB27F089D42EBD10136032E91
:10E29000E5D1009B04340133E4B20093CDE7C046DE
:10E2A0003AB501083D070020B319002010B5084A0F
:10E2B0000300527E002A09D0064A1278002A05D0AF
:10E2C000054C00220C212000FFF72EFF10BDC04698
:10E2D0004C1E0020291E00202EA10108E02210B5AE
:10E2E0000021024892000AF087FF10BDB3190020F8
:10E2F00070B586B0FFF7F2FF424B434C1B784348A2
:10E30000022B11D0012B66D1414902A80BF09BF8DA
:10E31000404B0D201A88404B684419784B1E994198
:10E32000C9B2FDF7D1FB02A8082300220093022105
:10E33000073BFFF745FE394B1B78002B05D12378AF
:10E340003748002B13D0032B11D0364B36491E68AB
:10E350003000F4F775FB30000D003349F4F7EAFAAA
:10E360002B000200314902A806F07AFF02A8082318
:10E37000002200930221053BFFF722FE23782C4860
:10E38000012B1DD92B4B2C481B78002B18D02B4B65
:10E390002B4A1B7812785B00012A2CD1294A0A21CA
:10E3A000D55A2800F4F74CFB28008CB20A21F4F768
:10E3B000C1FA230082B2244902A806F051FF02A844
:10E3C0000823002202210093033BFFF7F9FDF6F733
:10E3D00073FA06B070BD2378012B08D81B4A1C487D
:10E3E0001278D207A0D41B4A9B0098589CE71A4881
:10E3F000022B99D1F7E7194A1949D25A02A806F017
:10E400002FFFDCE7D61D0020D51D00203EA101080E
:10E4100072A10108CC210020CA210020D31D0020B8
:10E4200050A10108E4040020A086010078A10108A1
:10E430005FA10108DC04002068A10108DE040020BF
:10E44000DD0400209EC1010885A10108D41D002023
:10E450005EA2010894B1010844A1010802C20108AA
:10E4600093A1010810B58022002102480AF0C4FEE1
:10E4700010BDC0463D07002070B5094E0500347838
:10E48000072C0CD8002C04D108220A2105480AF0D8
:10E49000B3FE132D03D0631C3370024B1D5570BDAA
:10E4A0001B1E0020D003002030B500232D25064C74
:10E4B0000648E25C29000A2A01D03032D1B2C154A8
:10E4C0000133082BF5D130BDD0030020BB20002044
:10E4D0000122024B1A70024B1A707047B6200020BE
:10E4E0002D1E0020F0B5704BABB01B780590002BB3
:10E4F00000D0A6E06D4C0327A38C002B00D102377F
:10E5000000216B4B5956002924DB6A4B1B78012BE9
:10E5100020D0694BCA01D2180123684805786B40A6
:10E52000037000D18FE07F2000238446644E65464F
:10E53000D05CA843F55C2843D0540133072BF6D1B7
:10E540000426604D013107230020AE62C9B2F6F700
:10E550005FF9AE61637E002B03D05B4B1B78002B11
:10E560006FD1544B1B78052B6BD1584B1B78012B6B
:10E5700067D0574B1D78002D63D14F4BFA01D3184C
:10E580000393059B002B09D0802203990AA80AF067
:10E5900062FF8022290003980AF02EFEF5F778FF2B
:10E5A0004C4A4D4B12684008128E9C56A03C2418D1
:10E5B00024B223005D3353DA0026230002968D3304
:10E5C00005DB200006219330F4F73EFAC6B27B1E2D
:10E5D000DBB20493221C353401DD404B1A88404BDA
:10E5E00012B21C78002C49D03E4906A806F038FE2D
:10E5F00000228821049B06A8FFF726FD029B002B22
:10E600004FD13200384906A806F02AFE0022A62182
:10E61000049B06A8FFF718FD029B3E209A19D2B270
:10E620000D23F9B2FDF7B2F9059B002B09D080222A
:10E6300003990AA80AF056FF002802D03800F6F71E
:10E6400040F92BB0F0BD7F208446284E6546D05C53
:10E65000A843F55C2843D0540133072BF6D16FE76C
:10E6600025005D35282D00DD2825EDB20A21280082
:10E67000F4F760F9C3B209260293A8E71C4B1D49C1
:10E6800006A806F0EDFD0122084B9B8C0092283273
:10E69000002B01D023001922022106A8FFF7C4FD98
:10E6A000ACE72A001449AEE7C00600204C1E00204B
:10E6B000B1200020161E0020B3190020B020002039
:10E6C00033B5010800040050291E0020261E00203A
:10E6D000FF1D00203C1D00201E00002000A001089E
:10E6E000EB2100209EA10108AAA101082CB5010878
:10E6F00073A90108A2A10108AEA101080022F0B58A
:10E70000584BA5B01B780E93574B1A70574B1B787C
:10E710005BB2934201D1FDF71FF9FFF7DFFD544BC8
:10E720001B78002B17D0534B1B78002B13D1FFF70E
:10E73000D5FD0823762209214F480093063BFFF7B9
:10E740003FFC0623762209214C48FFF77DFCF6F7B3
:10E75000B3F825B0F0BD4A4C0320A38C002B00D1A8
:10E760000230FFF7A3FD474B1B78002B76D0237BAD
:10E770000593454B08940A93444B0B9300230027C1
:10E7800003933F4B9A8CBA4204D00E99B94201D1FF
:10E7900003998F005B7BF9010C93FB0111933C4BB8
:10E7A000CB180993002A00D07EE0059B03998B4289
:10E7B00001D101F046FA089B023308930A9B4833C3
:10E7C0000A930B9B01330B93039B002B48D02C4CDB
:10E7D000A38C002B0DD12F4B1B68002B09D02E4B87
:10E7E0001B78FF2B05D006232E22022115A8FFF748
:10E7F0004BFC1D4D2B78002B28D1FDF7F1FB274A50
:10E80000030012780490002A01D100F0A8FE092329
:10E810002B70A38C0324002B00D10234204B1A78D8
:10E82000013AD2B2052A01D900F08FFE1D4B9200A9
:10E83000D558174BE00180220021C0180AF0DCFCFB
:10E840007F2202212800E3B2FFF76EFC054B1B7804
:10E85000002B01D101F0A0F901F09CF9637B87E75F
:10E8600001238CE7D71D0020161E0020E01D00208C
:10E87000D21D0020CE1D0020E1A10108EDA101085C
:10E880004C1E0020BC1D0020E01E00207421002032
:10E89000B31900202807002008000020F31D0020E5
:10E8A00091060020CCB401080E9B002B01D101F091
:10E8B000C2F9059B039A934200D07CE70C9B039A14
:10E8C000C249934201D101F028FA072209980AF0BF
:10E8D000C2FD0A9B1B681B680493BD4B1B78079302
:10E8E000012B00D039E1059B039A934200D0BCE193
:10E8F0002122079B002F00D11A0000930A21002338
:10E90000B448FFF791FCB44B039A1B7B934200D0B1
:10E91000BAE0B24B1B785BB2002B00D1B4E0FDF73C
:10E920005FFB041E00D0AFE0AD4B1B780693012BBC
:10E9300000D8A9E0AB4B18211878069B1830C01AF4
:10E94000F4F77EF81823069A0D919B1A1293129BE6
:10E950000020A3423DD80D9A069B94461600183B12
:10E960001B19DBB20F93069B9F4D634410939F4B83
:10E97000139318213000F4F763F8139B4900CB5A26
:10E98000002B04D02A1C9D4200D91A1C95B2109B62
:10E990000136B342EDD10D9B0F989C46182160447F
:10E9A000F4F74EF8914E49008B5B181E11D08E4A39
:10E9B000002095420DD0AA1C93420ADD581B052366
:10E9C000584330211830F3F7B5FF052800D905204A
:10E9D000C0B21BABE0540134182CB8D10020099B05
:10E9E0000A34DE1D12ABE418431C0D93002800D13D
:10E9F0003FE100239C46431C6278182B00D039E18C
:10EA0000A578691C4900891861448B080693130096
:10EA100061462B4319430B1E01D101F002F9069BFD
:10EA2000002B01D101F004F96B461B7E00280CD0AD
:10EA30000021012800D021785200023552195218C5
:10EA400092082020D2B2002B13D00620C31ADBB2CA
:10EA50001900002A09D0811AC9B28B4205D81A1CA4
:10EA60008B4200D20A1C1900D3B20020994200D870
:10EA700003E17F22337801349343034333700D9BCA
:10EA80000136182B00D0F2E00024544B1C57002C08
:10EA900004D0514B039A1B7B934217D00498FDF787
:10EAA000CDF9002812D00A9B1B7E012B0ED1FDF759
:10EAB00097FA002804D04E4B049A1B68934205D065
:10EAC000099807224B4918300AF0C5FC089B1A88A0
:10EAD0008023DB009A4200D3ECE0474B1B78002BED
:10EAE00007D03D4B03995B7B8B4202D1002C00D1B8
:10EAF000CAE04249013215A806F0B2FB01217A1C96
:10EB0000D2B215A808F0F2FD0B9B1B780693002BE0
:10EB100000D1E5E0062B00D964E1069A2321940098
:10EB20000822009200223648FBB22058FFF748FA2C
:10EB300058E10023336001F0D1F8039B03215A42CE
:10EB4000130008220B4000920139002215A8FFF79C
:10EB500037FA01222B4B1A702DE6FDF741FA1E4BB6
:10EB6000002863D01A7B0399274B8A4275D10B9AF0
:10EB70001278002A71D101211970244B1A70244B8C
:10EB8000049A1F701A4B1A60224B1B6834331B788F
:10EB90008B4215D1204B214A12789200D15815A8EA
:10EBA0000AF051FC01232122002F00D11A0000930A
:10EBB0000A21002315A8FFF737FB02230793A2E6DB
:10EBC0001749022BEBD0174B174AE5E758A201086B
:10EBD000261E0020D0A101084C1E0020E01D0020B0
:10EBE0004404002045040020FFFF000046040020EC
:10EBF000AC2000205FA201081B1E0020FFA001081E
:10EC0000F0B40108161E0020D91D0020D81D0020D8
:10EC1000B12000203C1D002020B501080A0700207B
:10EC200003A201080CB5010809070020C04A049995
:10EC300012688A4210D19B8C002B0DD00021BD4B55
:10EC4000212259560123002900D11A0000930821DE
:10EC50000023B948FFF7E8FAB84B1B785BB2012BE9
:10EC6000ABD10222B54B1A70A7E70023A6E70D9897
:10EC7000BAE60200E3789C46C2E601228A400131EE
:10EC80001043C0B2C9B2F1E607231A00AC48AD4C3C
:10EC9000815C0A2902D03031E154013B013AF7D2BC
:10ECA0002D21A84A002B02DAA74AA84923E7D1540C
:10ECB000013BF7E7A64BD318062B00D924E70A9BA4
:10ECC00001321968A34B0868D2B2A349984200D90F
:10ECD000A24915A806F0C4FA7A1C0221D2B210E7A4
:10ECE000089B18889E4B1B78002B36D0984BC31876
:10ECF000062B32D89B4B039A5B7B93422DD1FFF7B7
:10ED0000D3FB944D049A0300954292415242033240
:10ED1000801815AC00909449200006F0A1FA049BDD
:10ED2000FFB2AB4210D813207B1C12AD069A4019DB
:10ED30007121DBB2FFF788F9069B3A002021200001
:10ED4000E371FFF711FA36E5082320210093200034
:10ED50003B00069AFFF734F92DE5844B1B78012B15
:10ED600007D1059B039A934203D10A9B5B681B68FA
:10ED700004938023DB00984200D396E1794B1B7FFC
:10ED8000002B25D1FDF7E6F903787F2B00D995E01C
:10ED90004578192D00D997E000D192E0002D00D1DF
:10EDA00092E0734B6C1EA400E418200008F0DEFD16
:10EDB00000287CD06F492A0015A806F051FA752169
:10EDC00015A87F23FAB200930231002308F0A0FDBA
:10EDD000694BDB7F012B00D19BE078D9023B012BF3
:10EDE00000D8E9E0079B012B00D191E1002515AB8C
:10EDF0001D70624B1C78AC4200D0B6E1594B039AAF
:10EE00001B7B934201D1002C01D10A9C103C5C4B2E
:10EE10001B78002B00D0C3E1230034331B78002B78
:10EE200000D0B7E1079B012B00D0B1E163691979EC
:10EE30001BAB9C466046534B64CB64C01B68524D71
:10EE4000036003290ED862468B009D58012909D121
:10EE500063691B79012B05D123694C4D1B79012B6B
:10EE600000D14B4D414B4B4A1B780492012B05D1ED
:10EE7000059B039A934201D1434B0493079B012BBB
:10EE800000D08FE162691379012B00D18CE1991ECA
:10EE9000012900D933E24049022B00D03F49527981
:10EEA0003F4B5200D25A15A806F0DAF990E13D49DD
:10EEB000220015A806F0D4F9712181E775213A489E
:10EEC0007FE7712139487CE77121394879E715AC32
:10EED00021000498FCF7E2FD1E4B049AFDB29A4211
:10EEE00010D813206B1C12AE00227121DBB28019E6
:10EEF000FFF7AAF800232A0020212000E371FFF782
:10EF000033F96FE708230022009320212B00200013
:10EF10000CE6089B27491A8815A8013206F0A0F9CB
:10EF20000822242100920022FBB215A8FEE5C0466B
:10EF3000AC200020B120002007A20108D91D00202C
:10EF4000D0030020BB200020BF2000200AA201081F
:10EF500000FCFFFFFFE0F505B9A10108B4A101081D
:10EF60001B1E00204C1E00200FA20108261E0020A0
:10EF700010210020AFA101084E1E00200300002038
:10EF8000D71D0020589F01085EA201081BA7010899
:10EF9000C4A10108E4B4010898A10108D1A20108A4
:10EFA00002C2010814A20108BDA10108A9A5010817
:10EFB000C0A10108FCA00108089B15AC198820001D
:10EFC000FEF7BCFA2378002B06D1089B20001A8894
:10EFD000D849013206F044F9D74AD84BD27FFCB267
:10EFE000022A07D1002212AB9A750823212100932F
:10EFF00023009AE79A8C002A27D112AB9A7508232E
:10F000002121009315A82300FEF7DAFFCB4B9D8C3E
:10F01000002D33D115AE31000498FCF73FFDE31C01
:10F02000DBB20D93049AC64B9A4220D813200434C5
:10F03000E3B212AC2A0071210019FFF705F82B008A
:10F04000202130000D9AF57159E7059B039A9342F0
:10F0500006D123000022242115A8FFF765F8D5E783
:10F0600023000022242115A8FEF7EEFFCEE7082397
:10F070002A000093202130000D9B57E50498B149E8
:10F08000F3F7DEFC04980D00AE49F3F753FC0134AE
:10F0900002002B00AC4915A806F0E2F8002224215A
:10F0A000E3B215A8FEF7D0FF9CE615AC210004984A
:10F0B000FCF7F4FCA24B049AFDB29A421FD813202D
:10F0C0006B1C12AE00227121DBB28019FEF7BCFF6F
:10F0D00000232A0020212000E371FFF745F8089B58
:10F0E0001888FDF737F8182302781A4200D179E61C
:10F0F00009980622954978300AF0ADF972E608239E
:10F100000022009320212B002000FEF759FFE6E7A4
:10F110008F4B1B6829331C78002C23D100248D4B86
:10F120001C57002C00DA61E6062C00D90624119B3E
:10F13000894D00265D193E230493884B1B78002BD4
:10F1400006D00623FF229B1B9A407F231A4004927D
:10F1500028000222049901360AF04EF80335B44221
:10F16000EBD243E6013C64B2DBE77D4B1B781C1E0F
:10F1700000D143E67B4B1B785BB21C1E00D13DE601
:10F18000FCF72EFF2C00002800D037E6764C35E641
:10F1900023694CE6754A9B009B18754D04936DE6F8
:10F1A000744BFAE722696EE65279734B5200D65AD5
:10F1B0000A213000F3F744FC30008BB20A21079398
:10F1C000F3F7B8FB6D4982B2079B15A806F048F823
:10F1D0000026624B1B78002B00D1E1E07B1CDBB2E8
:10F1E0000022B42128000793FEF72EFF079B002280
:10F1F00082210498FEF728FF504B9B8C002B24D1D2
:10F200005F4B1B78002B20D1002E05D1320002214C
:10F21000063315A8FEF718FFA68B64213000F3F71C
:10F2200089FB584B85B29E427DD864213000F3F7AC
:10F2300007FC2A008BB215A8534906F011F80623E3
:10F2400000222E2115A8FEF7FFFE069B002B01D001
:10F25000052B2BD1230029331A78072315001D40D5
:10F260001A4200D0C8E001263A4B1D783B4B474973
:10F270001B78002B00D1C3E0152228311BA80AF00F
:10F28000EAF803226A431BA97B1C8818DBB2002220
:10F29000AA21FEF7D9FE2620002E07D0099B0322C3
:10F2A000181801303A49FF300AF0D5F82268A368EF
:10F2B0009A4200D1D0E0631CD87FAC239B031B9300
:10F2C000344B1C93344B1B685A1CD27F002A03D04A
:10F2D0005A699A4200D1A8E00321F3F7B1FBC9B201
:10F2E0001E4B1A78002A00D1A7E049001BAA50182B
:10F2F0000022BC217B1CDBB2FEF7A6FEACE0A68B95
:10F3000064213000F3F79CFB30008BB2642107933B
:10F31000F3F710FB0A2682B21B49079B15A805F0DC
:10F320009FFF764255E72A001C4915A805F098FF73
:10F3300085E7C046FCA001084E1E00204C1E0020A0
:10F34000FFE0F505A086010019A20108519F010800
:10F350003C1D00205C000020B51A0020EB2100209D
:10F360003C040020E01D0020E8030020E4B4010874
:10F370005EA20108C8A101089EC1010823A20108DC
:10F38000DE1D00200F27000029A20108409F010870
:10F3900067A201082D0044001C1E002032A20108B3
:10F3A000002D0DD02B78002B0AD03122002F00D158
:10F3B000203A01233421009328000023FEF734FF74
:10F3C000049B1B78002B0AD03122002F00D1203A59
:10F3D00001230321009304980023FEF725FF443600
:10F3E0003122F1B2002F00D1203A012315A8009359
:10F3F0000023FEF719FF28E7013D0026EDB235E7AF
:10F4000023223D311BA80AF026F805236B431BAAD3
:10F41000D0183122002F00D1203A01231821009367
:10F420000023FEF701FF132036E723002B331B7860
:10F43000002B00D050E7032152E703294FD131229E
:10F44000002F00D1203A01232A2012AD00932B2156
:10F4500000234019FEF7E8FECA4B1D7823002B332A
:10F460001B78002B08D0C848002D3FD07B1C002201
:10F47000C121DBB2FEF7E8FD2D3424780023012CF6
:10F4800001D1C24B1B78E4181BA8C14BA400002D6E
:10F4900037D00200603362CB62C27B1C0022D021D5
:10F4A0000059DBB2FEF7D0FD0C9B039A934201D0CA
:10F4B000FFF781F9B74B1B78002B32D0B64915A85E
:10F4C00009F0C1FFAF4B1B78002B31D00137002270
:10F4D000E221FBB215A8FEF7B7FDFFF76CF9490072
:10F4E0007B1C1BA84018DBB2A92105E73122002FA5
:10F4F00000D1203A0123302100930023FEF794FE2F
:10F50000BAE702006C3362CB62C231220059002F8D
:10F5100000D1203A01235B2100930023FEF784FEF3
:10F52000C2E79E4B9E49DA7D15A805F099FEC9E712
:10F530003122002F00D1203A01236E21009315A81B
:10F540000023FEF771FEFFF736F9964B964D1B78B8
:10F55000002B01D0FFF76DF9944DFFF76AF9049A7B
:10F56000002A00D0BAE2924A127852B2002A00D1A0
:10F57000B4E2904A1278002A00D0AFE202232B7046
:10F580008D4B1B8809938023099ADB009A4207D38D
:10F590008A4B1B68002B6FD1FCF7DEF9FFF756F999
:10F5A00029342678731E182B00D91926844B854AD6
:10F5B00019780023994202D01078013343408248E1
:10F5C0000478002C6ED0814C2478002C6AD0804CBA
:10F5D0002478B44266D1002B64D17E4B1B78002B7B
:10F5E00060D111707C4B1F88002F01D1FFF72EF9DD
:10F5F00000217A4A694B1578794A1268D08B8D427E
:10F600000BD080229C8DD2001600944200D2A8E03C
:10F61000DC8D944200D2A8E00D0000221300714C52
:10F620000394039EDC08345D07261E403441012606
:10F63000344203D0921992B2984206D0802401330A
:10F640009BB2E400A342ECD10022674B002903D116
:10F650000392002A00D092E01A88131C002A00D1DD
:10F6600001239BB20393002D00D00CE12A0000235C
:10F6700004921D005D4A39E15D4A534D1068584AB5
:10F680002E781268514C918B002E00D0BAE00126E2
:10F690002E7000252570574C2360574B1860574B30
:10F6A0001960C2E0002501272C00484B11701F7023
:10F6B000474B8022002107704A481E7009F09CFDCC
:10F6C000802200214E4809F097FD434B1D80200009
:10F6D000FCF740FD0390002837D007220378134041
:10F6E000934232D04378192E20D1002B2DD00723FE
:10F6F00038002340984003003A49E208885C0343FD
:10F700008B54039B6A1C1B7892B27F2B08D907236A
:10F71000E8081D403B00AB4039490D5C2B430B54BE
:10F720002D4915000B8801330B800EE0192BDED01C
:10F730009E420AD1294A194B1278002AD7D09A8DB5
:10F74000A24202D0DB8DA342D1D180230134A4B2E6
:10F75000DB009C42BBD100221E4B1A70224B1A8048
:10F7600040E70121A04200D157E7DB8D0021B342E1
:10F7700000D352E7C31A5A42534159004DE7039A46
:10F780001A8070E7EB2100203BA601080807002043
:10F79000409F01083007002036A201084C1E0020BF
:10F7A0003BA2010892060020D3A10108CBA10108C9
:10F7B000E01D0020291E00202C0700202807002023
:10F7C00093060020B7200020BA200020A9200020A6
:10F7D000A8200020B6200020B8200020761E00209F
:10F7E0003C1D00201C200020B4200020E9A20108BC
:10F7F00078040020A4200020A02000209C200020CD
:10F800009C1F00202678002E00D040E7BF4E3668AF
:10F81000B34200D03BE7BE4E3668B04200D036E778
:10F82000BC4E3668B14200D031E7B84B1C68002CA2
:10F8300001D1FFF70BF8B64B1B680393A34201D22B
:10F84000FFF704F8B34B1D68002D00D10135039B71
:10F850002900181B1668F3F76DF8471C013000D11A
:10F8600001272000B44203D80398B04200D93000E9
:10F870002900001BF3F75EF8431C0393BB4200D939
:10F8800003970125F2E60124A34B8C401B78032645
:10F890001A005809DB065B0F23433240DBB2002815
:10F8A00003D00138C0B2002812D11100012032006B
:10F8B0000131C9B2022900D900211C00CC40044208
:10F8C00000D0D3E0013AD2B2002AF1D113000620D1
:10F8D0009B004001914903431343DBB20691002A88
:10F8E00005D08F490691012A01D18E4A06928A4A93
:10F8F0008D49137000203A0005F0B2FC0399C3B2A1
:10F9000000918A4A1821C4B201971BA805F092FE03
:10F91000874B9B8C002B00D1ABE0032319260A9365
:10F920000123E40000933200002302211BA8FEF70C
:10F930007BFCE3B200240793A54223D00B33DBB258
:10F940000893079B089D1233DBB20B93B31D0C93F6
:10F9500034000023220029007648FEF753FC0134CE
:10F960000C9BE4B2A342F4D101350B9BEDB2AB4248
:10F97000EED1012332000093089900230698FEF788
:10F9800053FC0B2400236C4AD3560B93079B1C1982
:10F990007D23E4B225000B34E4B21B1BDBB2093536
:10F9A0005E1E3000EDB20693012F0BD00398B842D3
:10F9B00000D93800002800D1013001387043791E89
:10F9C000F2F7B8FF0396864200D903900C20122666
:10F9D0000A9B584AD901531858555D196E701D007D
:10F9E0007D352E7000257E331870544B09191B8805
:10F9F000079708938B180A93069AEBB29A4201D89C
:10FA0000FEF724FF079B0699D81BF2F793FF069990
:10FA1000441C0798F2F78EFF00231A0003998D42C9
:10FA20005A410B99D2B2013103D0039AAA425B41E9
:10FA3000DAB22300844200D2030080210998C90071
:10FA400088422CD2002C00D1013408998B4200D975
:10FA50000B009C4205D8013C3948A4B29BB2A3429A
:10FA60000BD12D23002A13D10C3B11E000230A00F7
:10FA70002DE7052329260A9352E70726E108415C72
:10FA80002640314101260134A4B23142E7D021237E
:10FA90000A9A5355079B0135DB190793ACE7049984
:10FAA0000029DED0201E00D101208342D9D380213D
:10FAB00049028C42D5D28B4200D3224B2249234C9F
:10FAC00009788C4600216145CBD02688B04201D808
:10FAD000B342DCD20131C9B20234F4E71C4A1278D5
:10FAE000002A07D01B4A1278012A03D104232B7065
:10FAF000FEF7ACFE184A1078002B2FD0002835D125
:10FB000005232B70FEF7EEFCFEF7A0FEA4200020DC
:10FB1000A02000209C200020B2200020E9A20108A3
:10FB2000DEA10108DBA10108B4A3010841A201087C
:10FB30004C1E0020B3190020E01D0020B82000203A
:10FB40009C1F0020FFFF0000C60400207C04002052
:10FB5000FE050020261E0020D71D0020704B1B78BC
:10FB6000002B03D0052B01D0FEF770FE6D4B1B78E8
:10FB7000002B01D1FEF76AFE6B4E3378002B01D1CA
:10FB8000FEF764FE694B1B78002B01D0FEF75EFE8A
:10FB9000002826D006F00EFD654B9B8C002B01D073
:10FBA000FEF7D5FD634B1B78002B01D0FEF7CFFD90
:10FBB000614B1B78002B01D0FEF7C9FD059B5F4A06
:10FBC000002B00D05E4A5F4915A805F049FB7F2352
:10FBD000062200936B21002315A807F099FEFEF77B
:10FBE000B6FD3000F2F776FE574B1B78002B01D0A4
:10FBF000FEF7AFFD07332B700C2800D20C200C3819
:10FC00003218524915A805F02BFBA28C0523002AB7
:10FC100001D003230022022115A8FEF715FAFEF7F2
:10FC200015FE002801D0FEF703FF2030FEF721FF6C
:10FC30000123FEF7FBFE059B03998B4201D1FEF7E2
:10FC40003DFE434E3368002B48D0394B0493059B4F
:10FC500004995B005B5A3F495B18062B01D9FEF7FC
:10FC600068FF53425A410324082352421440FDB214
:10FC70002C19E4B200220721374800932300FEF735
:10FC80009FF9306815A9FBF709FF230000223821EE
:10FC900015A8FEF7D9F9314B15A918680134FBF7FF
:10FCA000FDFEE3B20022382115A8FEF7CDF9049B32
:10FCB0009B8C002B12D02A4B1B78FF2B01D1FEF717
:10FCC0007AFD0235EBB23022062115A8FEF7DCF9E9
:10FCD000049B9B8C002B01D0FEF76DFD154B1B7810
:10FCE000002B14D01F4A204915A805F0B9FA104B73
:10FCF0009A8C002A01D0FEF720FF082302210093EE
:10FD000015A8033BFEF75CF90122184B1A700C9BF7
:10FD1000039A934201D0FEF7DCFD1549FEF7D5FDAD
:10FD2000261E0020FC050020021E0020291E0020A7
:10FD30004C1E0020DE1D0020D71D0020A9A90108AF
:10FD4000FDA7010851A20108FF1D002049A20108DA
:10FD50002807002000FCFFFFF8A10108780400201C
:10FD60000800002015070020FFA10108161E002032
:10FD70006BA20108044BFF201A784D2A03D8034BCD
:10FD8000D2009B18D87970473D1E00205CAE010858
:10FD900030B587B0FFF7EEFF4C2800D988E0F2F7C6
:10FDA000BFFD4D0052006100670067008D009C00A0
:10FDB000A500AB00F400B000B500C101BA004B01D2
:10FDC000BA00FB00C100C500CD00E200D700DC0096
:10FDD000E500F100F800FE000101060109010C0137
:10FDE0000F01120117011B011E01210125018700CE
:10FDF0008700350129012C013D01400143017D00AF
:10FE00003A0146017D0058015B01820185018801AC
:10FE10008B018E019101940197019A019D01BB0113
:10FE2000A001B101B401B7016601A3015E016A013D
:10FE30006A016A016A016A016201BE01BC4ABD4BE6
:10FE4000D27D1A6034E0BC4BBC491B680833DA7FB2
:10FE50000023C85C904203D00133182BF9D1002352
:10FE6000B44A38E0B44BB34A1B6829331B7832E0FC
:10FE7000B14BB3491B680C781A795B79002C05D01B
:10FE800000230B70AF4B1A78AF4B1B7804384142FC
:10FE90004841511E4C426141884202D00022A54B8C
:10FEA000CFE7A449022A05D80133002AF6D00B6017
:10FEB00007B030BD6933032AF9D0EFE79E4B9D4A66
:10FEC0001B68197B022904D00329E7D15B7B6933C6
:10FED00001E05B7B01331360EAE7974B1A6800236C
:10FEE000117B0129BCD1537B0133B9E7924B914A75
:10FEF0001B680133DB7FEEE78F4A8E4B12689269F5
:10FF00009FE78D4B8B4A1B682D33AFE78A4B894A9D
:10FF10001B683333AAE7864A8649537B04335B0068
:10FF20009B5AC4E7834B894AD27F8AE70023804AE1
:10FF3000917F994200D193E7D37FD5E7844B1A781C
:10FF40007C4B002A02D0834A12787AE7824AEBE798
:10FF50009021784A764B490003E02221754A744B80
:10FF6000FF315B5CB7E7734B7C4AEDE77C4B714933
:10FF7000DB7F5A1E93417B4A5B00D27F501E824139
:10FF80009B1894E76B4B784ACEE7694A694B127E1F
:10FF900057E7684B754AD7E7664B754AC4E7654B28
:10FFA000744AD1E7644B634A1B682E335EE7614BAA
:10FFB000714AB9E75F4B714AC6E75E4B704AC3E7C7
:10FFC0005C4B704AC0E75C4B5A4A1B6835334DE7BF
:10FFD0006D4A584B128834E7564B6C4AB4E7554B80
:10FFE0006B4AB1E7524A534B928D2AE7504A514B24
:10FFF000D28D26E74F4B674AA6E7674B0A21188840
:020000040801F1
:10000000F2F798FC4B4C80B2206051E74A4B494ACA
:100010001B6832332AE7474B604A95E7454B604AF5
:1000200092E7444B5F4A8FE7424B5F4A8CE7424B73
:10003000404A1B68343319E73D4A537B04335B0065
:10004000985A012300221900FCF78CF9394B1860EB
:100050002EE7384B554A77E7364B554A74E7554AF1
:10006000344BD288EDE69121324A314B73E7304A66
:10007000304BD27EE5E601AC22004F4B23CB23C2AE
:1000800003CB03C2FFF776FE4638800003594B4A84
:10009000197800231079884200D1E1E60133083253
:1000A000152BF7D104E7234B454A4DE7214B454A31
:1000B0004AE7204B444A47E71E4B444A44E71D4B5E
:1000C000434A41E71B4B434A3EE71A4B424A3BE750
:1000D000184B424A38E7174B414A35E7154B414A1E
:1000E00032E7144B404A2FE7134B1B6834331A781E
:1000F000104B012A01D13D4A26E7022A00D1CDE664
:100100003B4A21E70B4B3B4A1EE70A4B3A4A1BE7A7
:10011000074A084B527F94E6064B384A14E7054BD2
:10012000374A11E7044B034A1B6828339EE6C04652
:100130004C1E0020381E00201C1E002007AA0108AB
:10014000DC040020DD040020DE040020531E00201B
:100150000707002006070020541E0020AC060020E0
:10016000521E0020511E00204D1E0020741E002033
:100170004E1E00208A1E00204F1E00208E1E0020D2
:10018000931E0020FE050020961E0020751E0020F4
:10019000761E0020C61E0020BC1E0020E11D00208F
:1001A000FC0500208C1E00208D1E00203C1E00201F
:1001B000E4030020E61D0020B89F010824C30108C5
:1001C000560000205C000020BF1D0020C81D00203C
:1001D000DA1D00202C0000203C070020990600209A
:1001E000EC210020EB210020030000200A07002062
:1001F0000907002008070020CA1E0020271E002033
:10020000C106002010B50024084B1B78A3420BD177
:10021000FFF7B0FD0F2807D1054B1B78A34203D091
:10022000044B1C68E443E40F200010BDFA1D0020BD
:10023000E8210020E4210020F8B50500BE20414A55
:10024000800013885188404C5B189188D2885B18D5
:100250009B189B1058433D4B2678D988F2F7F4FB46
:100260003B4A83B213803B4A934228D90723237029
:10027000394B1F78012F05D1FFF77CFD2E2801D1C6
:10028000364B1F70FA21364B364F1B883A7849009F
:100290008B4238D8002A04D00122334B1A702F4BDE
:1002A0001A70002320783B70B04242D000222F4CBD
:1002B000022833D922700122284B1A7036E02C4ACA
:1002C00093420DD891212B4A4900525C012A01D852
:1002D0000023CCE7962189008B4201D2022AF7D075
:1002E000012380B22370FBF7CFFEC0B206234B2858
:1002F000BDD805233228BAD804231928B7D8052831
:10030000B6D90323B3E7002A06D1174B01321A707E
:10031000124B1A70F4F75AFC0123C3E7164B02285C
:1003200008D001221A702378002BC4D00022134B6E
:100330001A80F8BD1A70002DF5D0114B1978FDF711
:1003400009FEF0E7401E00202F1E0020E61D0020C1
:10035000341D00207A030000FF1D0020281E00200D
:10036000881F0020301E00202D1E0020CE1D0020E2
:10037000750200004C1E0020D21D0020D01D002060
:10038000CF1D0020F0B5A9B0FFF7F4FC0390FDF7F6
:10039000A5FF302237230021100007F02BF902239C
:1003A0004021AA4AD1540233322BFBD1A84B1C78EE
:1003B000A84B1D78AC4231DAA74BA8481B78E60061
:1003C0003618002B00D088E0631E00D26B1E00227E
:1003D000DB001100C0180123FDF736FE08230022C0
:1003E000300000931100063BFDF7EAFD601C8542DA
:1003F00000DC00200022994BC000C018110004232B
:10040000FDF722FE2B009649621C18A804F028FF75
:1004100006230022190018A8FDF716FE502100231C
:1004200004AA52181370303904AA52181370F4F742
:10043000CDFB039B4C2B00D9A5E01800F2F770FA16
:1004400056006B0083009100EC009100EC0000016D
:1004500036014903CD01770668062402240274029E
:10046000B7034303CF01D7012002F301F301470390
:1004700077065F030902BD037706B9035A007706C2
:1004800020022402BD03770624022402D903E203DA
:10049000ED037706EA037706F103F303F503EF03B1
:1004A0000302EB05EE057706270643064C064F06CA
:1004B0004F0652065F067A067D067D0677068006A1
:1004C00009070C0729071D06E206FD052006200680
:1004D0002006200620061A06220208230093002385
:1004E00030001A001900FDF76BFD8BE75D4B5E498C
:1004F0001A6845E005215B4A5C4B126818A89A5CB3
:100500000824D307DB170B405208594904F0A8FE12
:10051000002604230FE3534A56491268564BD2B2C1
:100520008A5C64215200D55A2800F2F789FA280023
:100530008CB26421F2F7FEF9504982B2230018A868
:1005400004F08EFE1FE0474B4D491A68002A0DD07B
:10055000551E4C4C4C48AD0092004C492B5912583A
:10056000EDE7404B1B68002B03D1494918A800F068
:1005700059FE484A682B4ADC013B5B00D25A464987
:1005800018A804F06DFE502204AB9B181B78002BBA
:1005900000D1B6E018A8F2F79DF900230600411E2D
:1005A0000125180018AAB34201D000F075FE032DF2
:1005B00001D800F07CFE072D00D907250123032771
:1005C000049300246B08FF1AB44200D399E0002D75
:1005D00000D196E0049A18AB1819FBB2002A01D199
:1005E00000F06AFE7F223221FDF72EFD18ABE25C9F
:1005F0001F2A01D900F068FEB44201D300F069FE61
:100600001A5D1F2A01D900F064FE0134F4E7693B4A
:100610005B00D25A2149B3E7124B1B68002BA4D0D0
:100620001F4A013B5B009D5A0A212800F2F708FA95
:1006300028008CB20A21F2F77DF91A4982B27DE7CF
:10064000194B084A1268920000F01EFD311C002070
:100650003D1E0020341E0020E82100205CAE010871
:10066000A8A20108381E00204FA30108C2C001083B
:10067000B0A2010807AA010810AC0108B9A201083C
:10068000C4A2010858B4010874B40108C9A2010841
:10069000C0A1010802C2010897A10108D0A2010867
:1006A0009EC101088BA101084CB40108CB4B1B78FB
:1006B000002B04D0CA4B1B78002B00D087E0C94B1D
:1006C000C9491D68EB17E8185840F2F7A3FA28004B
:1006D0000C00C549F2F7B8F923000200C349082409
:1006E00018A804F0BDFD012318A87F223221009430
:1006F000FDF766FC0323BE4800947F223221FDF7FC
:100700005FFC039B033B012B01D900F0E9FDB94BD2
:100710001B78002B07D008237F2200933221B64894
:10072000043BFDF74DFC039B042B01D000F0E2FDE0
:100730000124AC4B1B68002B01D000F0DEFDAF495B
:10074000002C00D0AE490CA808F07DFE0CAC23783C
:10075000002B23D02000F2F7BDF800281ED007237D
:10076000584301304D2801D900F00BFE47331B1AC6
:100770005B083233DBB23321322B0BD07F22121ACB
:10078000111CD2B2332A00D23321CAB29A4200D904
:10079000191CC9B20122200006F0A8FF039B312BCF
:1007A00002D00D3B022B0ED8964B1B78002B0AD0A3
:1007B0009548012B00D1954808237F2200933221D0
:1007C000033BFDF7FDFBF4F777F829B0F0BDFDF72B
:1007D0006BFE8F490200C31C81E78E4B31E7814BD2
:1007E0008D491A68002A00D0CAE68C49C8E67D4BBC
:1007F0001C68002C00D1B8E63C2C12DC05203C2102
:100800006043F2F707FA20000D000C21F2F71CF903
:100810002B000200824918A804F022FD3C24012686
:1008200077E68049A2E66F4C7F49226818A804F059
:1008300017FD6A4B1B78002B00D1A4E62068C0B2DC
:10084000F3F782F89FE6674B1968784B8900C9185F
:100850008CE6644B1C68002C00D186E60F203C21FE
:100860006043F2F7D7F90B000321E2176C480A4006
:1008700012190100921018A804F0F2FC2824CEE707
:100880006B4BDEE66B4BDCE68023564FDB003868B3
:10089000984204D1684808230093063B2DE70022C4
:1008A00080B21100FBF724FD08263A6818AC01005D
:1008B000050092B22000FBF707F900237F223221C6
:1008C00020000096FDF77CFB002D21D04D4B1B78BE
:1008D000002B1DD13868320080B2000114A9F3F753
:1008E000C3FE149F40493800F2F7AAF838000D0003
:1008F0003D49F2F71FF82B0002005049200004F098
:10090000AFFC05237F22322120000096FDF758FB23
:10091000344B2000196889B2FCF710FE2378484850
:10092000002BB8D02000B6E700222E4C1100206822
:10093000082580B2FBF7DCFC22680100060092B2B9
:1009400018A8FBF7C1F800237F223221009518A8D0
:10095000FDF736FB002E00D1D3E620682A0080B2D6
:10096000000114A9F3F780FE1C4B149F1A78354B35
:10097000002A01D1013A1A601E68002E64DA21684B
:1009800018A889B2FCF7DAFD502204AB9B181B783B
:100990002B48002B00D018A808237F220093322177
:1009A000063BFDF70DFB174B1B78002B00D0A8E68C
:1009B00038000D49F2F744F838000C000A49F1F705
:1009C000B9FF230002001D4918A804F049FC0823C0
:1009D0007F2200933221033B18A890E6E8210020F3
:1009E0001B1E0020381E0020A0860100D7A201088F
:1009F000ECA20108FA1D002070A8010895A20108C8
:100A000096A20108E2210020A2A201089CA20108EE
:100A1000E0A2010844B40108B4A30108C0A1010880
:100A200012A30108BAA801084FA30108E4B4010801
:100A300034B4010824B401086DA101087DA10108A6
:100A40005CA10108E421002008237F2200933221C9
:100A5000AE48063BFDF7B4FA092EA4DC0024AC4DE9
:100A6000A64220D0A94B1B5D672B0CD06A2B0AD065
:100A7000E00080B202001D2337323130190012B27B
:100A800000B206F0B7FD013408350A2CE8D1A14BBD
:100A9000A1481B78002B00D0A048042300224D2140
:100AA000FDF7D2FA7FE7F00080B202001E23353254
:100AB0003330190012B200B206F09CFD20222B78D0
:100AC00013432B70DFE7964B96491A688AE6964BDC
:100AD000B7E505263000924B3C211C680134604389
:100AE000F2F798F820000D000C21F1F7ADFF2B0074
:100AF00002008E4918A804F0B3FBB32409E5884B23
:100B00008B491C68002C00D130E5502C3ADCFA20CF
:100B1000FA2160438900F2F77DF80B000321E21708
:100B200084480A4012190100921018A804F098FB9A
:100B3000502401260523804D794ADB01ED18106809
:100B40002A000C23363229001370122237310A7022
:100B500042310A702A00C0B27A32801BA11B137086
:100B60008001F1F771FF212438232D263830C0B2DF
:100B7000DAB22100904200D33100E9540133792BDD
:100B8000F6D100E505252800503C60433C21F2F7F2
:100B900041F820000E000C21F1F756FF330002004F
:100BA000664918A804F05CFB68245026C2E7644B31
:100BB00047E55B4B63491A6814E6594B62491D6867
:100BC000192D00D1D2E4002D03D1039B1B2B00D1A2
:100BD000CBE45E4B6C1EA400E418200006F0C6FEB9
:100BE000002802D02A005A49CAE423002A005949A1
:100BF000A5E4594B594A19780139C9B2FD2907D8DA
:100C000057499CE4574B584A19780139C9B2F5E75E
:100C10005649B5E4424B56496AE4564B11E5564BEA
:100C20000FE5564B0DE5564B0BE53D4B1C68E4B20A
:100C3000052C00D9A7E42000F1F772FE060013008E
:100C40003B016601AD01AD014E4B4F4A4F4918A81B
:100C500004F006FB06237F2231214D48FDF7F4F90D
:100C600091E400244B4F08AB06AE009332003800ED
:100C7000494907AB06940794089409940A940B9485
:100C800008F006FC032823D0444C3B00220010212E
:100C900014A804F0CFFC22001021414B10A804F04E
:100CA000C9FC40490CA808F0CEFB03237F22312168
:100CB00014A8FDF7C9F904237F22312110A8FDF7FC
:100CC000C3F906237F2231213748FDF7BDF918E526
:100CD0000BAB0093354932480AAB09AA08F0D8FBA0
:100CE0000328D1D132787178B078314EA300F3580F
:100CF0001F78974205D15F788F4202D19B7883425B
:100D000058D001340C2CF1D1002455E0EF21002003
:100D1000671B0020E321002076A2010872A20108CF
:100D2000381E00207AA2010814B4010812A3010899
:100D3000F0A20108F5A20108B31900200AA30108D6
:100D400004B401087FA20108A9A501081021002010
:100D5000A3A801081EA30108A01E0020981E0020C1
:100D60002AA30108B21E0020AA1E00202FA30108FA
:100D700034A30108F0B30108E4B30108CCB30108BF
:100D8000C0B3010809A101083CA3010842A301085E
:100D90001EAE0108B1B3010848A3010845A301082C
:100DA000A8B3010876A30108A0B3010852A3010863
:100DB000A0B10108002CA7DBE1233C21099A1B010B
:100DC00053430A9A00264A439B180B9A9B18E12228
:100DD000D2019D18DC4B9D424CDC002D4EDB079B65
:100DE000089FF618002307960493049B059321009F
:100DF0003800FAF70FFE864244DC059B002B00D03A
:100E00000796049B002B00D008970023089F079E9D
:100E10000493002E40DD002B00D00796049B002B8E
:100E200000D008970899C94BA400E358C84A01911B
:100E30000096102114A804F0FDFBE121280009010F
:100E4000F1F702FE3C2106002800F1F7E3FE0191D4
:100E5000E12128000901F1F7DDFE08003C21F1F74E
:100E6000F3FDBC4C009033002200102110A804F0C8
:100E7000E1FB16E7B84A0136AD18ACE7B74B013EC7
:100E8000ED18AAE701230134361A05930C2CAED1D4
:100E90000024FF180493A8E7013C03D201230B248C
:100EA000013F049321003800FAF7B4FD01233618FE
:100EB000AFE7AB490CA808F0C6FAAA4B1E88300071
:100EC000FBF7E2F8642105003000F1F7B9FD3000CE
:100ED0008CB26421F1F72EFD230082B2A249009565
:100EE00014A804F0BDF903237F22312114A8FDF7D3
:100EF000ABF891229D4B52009C5C9D48A4000523B9
:100F000031212058A33AE0E6EC219A489A4C490254
:100F10006043F1F70FFD994A994B86B29B18994AA5
:100F200099499B18994A0CA89B1A5C4308F08BFAC4
:100F30000A213000F1F7FEFC0A2180B2F1F780FDB2
:100F400030008DB26421F1F7F5FCA40B2B0082B2C6
:100F50008F4914A804F084F9A4B203237F2231211D
:100F600014A8FDF771F80A212000F1F7E3FC0A212B
:100F700080B2F1F765FD20008DB26421F1F7DAFC53
:100F80002B0082B2834914A804F06AF905237F225A
:100F9000312114A899E68049052C00D17F490CA87D
:100FA00008F051FA7E4E052C00D17E4E0021072517
:100FB00001270A0038001432D3B22A409040C2B24E
:100FC0009446DB08784ADB019B182122C80842437B
:100FD000B21804920A0000202A400592202913D05A
:100FE000049A059C125C22413A4003D064461A7868
:100FF00022431A70013001332128EFD10131C9B2E7
:101000002129D6D1FFF77DFBC4B2E2087C3AD2B2E7
:10101000B25C2C40E7E7654BFFF713FB644B1B7892
:10102000002B07D1634B64491B78013B012B01D88E
:10103000FFF79CFA614BFFF704FB614B614A1D68A7
:10104000484BD0881B8829005843F1F773FC86B2BF
:1010500030006421F1F7F4FC30008CB26421F1F728
:1010600069FC230082B25849009518A804F0F8F8EA
:10107000FFF789FA3E4BFFF7E4FA544BFFF7E1FA2A
:101080004F4A534B1268D200D158FFF76FFA4C4BBE
:101090001C68002C01D1FFF768FA782C01DDFFF7FE
:1010A00072FA20003C21F1F7B5FD20000D003C2133
:1010B000F1F7CAFC2B000200464918A804F0D0F84A
:1010C0007824FFF7ACFB3E4B434C1B6843489D0024
:1010D00001339A00FFF741FA414BFFF7B2FA414B57
:1010E000FFF7AFFA364C4049226818A804F0B8F868
:1010F0003E4B22681A70F3F7B3FCFFF744FA304A0C
:101100003B4B126818A89200D15808F09CF9F2E7FE
:101110004822164B597B4A439B1898331B68186822
:10112000FAF78CFE3349002801D1FFF71FFA304B44
:10113000FFF787FA304BFFF784FA304BFFF781FA5D
:101140002F4BFFF77EFAC0467F510100A0B1010886
:101150005BA3010867A3010880AEFEFF8051010078
:10116000E5A10108341D002015A001084C1E002037
:101170008CB30108D0A2010010270000000200007B
:1011800030310020000300007CA301080000002093
:1011900083A3010891A301088DA2010888A2010878
:1011A000D0B1010859B20108FB19002084B301082D
:1011B000E8210020EE2100209FA3010858B3010878
:1011C000381E0020E61D0020ABA3010850B3010823
:1011D00024C30108B7A3010858B4010874B4010876
:1011E00048B3010838B301084FA301082C000020C0
:1011F00094B40108C1A3010830B3010828B3010861
:1012000020B30108604B1B6834331B78012B0DD1D0
:101210005E4A5F4B126818A89200D15808F013F983
:101220005C490CA808F00FF9FFF7ADF9022B06D1C5
:10123000594C18A8210008F006F92100F1E7534A9B
:10124000564B126818A89200D15808F0FCF854497F
:10125000E7E7544BFFF7F5F94C4B1A68002A0ED11B
:10126000514918A808F0EFF8002426002500F3F7EC
:1012700017F90423002D00D05DE4FFF784F93F2A1D
:10128000F2DC4A4918A803F0EBFF3F2401260425AD
:10129000EDE7474BFFF7D5F914780A2C03D19942B3
:1012A00001D90135107001330132FFF77CF90023B9
:1012B00002270493FFF785F9082232210092773242
:1012C000FCF77EFEFFF792F90134A64201D0FFF74A
:1012D0008EF90223049A013D9B1AFF18FFF774F957
:1012E000039B062B01D1FFF723FA039B052B01D0AB
:1012F000FFF72CFA0024FFF71CFA5A1ED2B2002C7A
:1013000021D0312A34D8002001000500294E0B2DB0
:1013100014D8775DB94211D1013501313229F6D1A6
:10132000FF200322121BD2B2FF2822D001300090EE
:1013300021490CA803F094FFFFF708FA9142F0D07E
:101340000130C0B2E9E7672A19D820002100250042
:101350001A4E142D07D8775DB94204D101350131F9
:101360006829F6D1DCE79142DBD00130C0B2F6E764
:10137000022213490CA803F073FFFFF7E7F90322D9
:10138000F7E73323FFF7FAF91C1E0020381E002070
:1013900020B5010849A8010803A201080CB50108FD
:1013A000D4A3010818B30108C0A10108A3A801082B
:1013B00004B30108E2B20108D7A30108EEB20108A4
:1013C000E1A3010802000020054BD979914205D024
:1013D0000130C0B208334E28F7D100207047C04614
:1013E0005CAE0108F0B587B0FDF73CF8082200219B
:1013F00004A807F001FF984B984D1E78984B994C24
:101400001B78002B56D0012E48D1974B1E887608AA
:101410003C213000F1F78EFA3C23C2B25B425343C9
:101420009B199249DBB202A803F01AFF0622904BE7
:10143000904902A8FCF7A4FDA37F002B04D00C2246
:101440008D488E4908F007F82B78002B0AD18C4B79
:1014500088481B788B493630002B00D18A490C22F2
:1014600007F0F9FF637E002B00D0ABE0874B1B78C1
:10147000002B00D0BCE0864B1B78002B00D0BAE0DC
:10148000844B1B78002B00D1A1E00834E37F0922B4
:101490008149002B00D197E0804995E0FAF7A0FD43
:1014A000002807D0E1267E4B36011B885B08F61A20
:1014B000B6B2ADE7052E04D10C226E48794907F08B
:1014C000CAFF794B1B785BB2002B21D1FAF76CFB7A
:1014D00000281DD12B78002BAED1237F002B65D1A6
:1014E000A31DD87F631DDB7F002B59D06F4B1B786A
:1014F000002B5FD06E4B12221900002801D0022071
:10150000053A5C4B1230C0B2C01807F0A4FF93E755
:101510008022684BD2001B8893423BD2FAF744FBEF
:10152000002837D1230029331F78192F1CD1624995
:1015300004A807F088FF0E2623002A331B78002B0F
:1015400005D05E4904A807F071FF0436F6B2012306
:1015500000220221009604A806F0DAF9FAF724FB2B
:10156000002800D068E7B5E7554B7E1EB600F61898
:10157000300006F0FBF9002805D13200514904A8DB
:1015800003F06EFED7E73A004F4904A803F068FE67
:101590000A26D1E706224D494D4807F05CFFDDE7FA
:1015A00000280BD002200C224A49AAE702200C2274
:1015B0004949A6E703200A224849A2E702200C2253
:1015C00047499EE709224749474807F044FF474BF0
:1015D00047481A78474B1978FAF738FA464B1B7880
:1015E000012B0BD0022B2DD0F3F774F907B0F0BD0F
:1015F00008224249E8E70C224149E5E7414B1C88B3
:10160000FA239B009C4200DB3F4CA4B264212000E3
:10161000F1F716FA20008DB26421F1F78BF92B0057
:1016200082B23A4904A803F01BFE04A8F1F752F96C
:10163000072242432E490E4B891A04A80622FCF7C2
:101640009FFCD1E72F4B1888FAF71EFD30490200A6
:1016500004A803F005FEE8E7261E0020B2190020CA
:10166000271E00204C1E0020241E0020E9A3010894
:101670006AB901083D070020640700203AB101085B
:10168000BF1D00202EB1010822B10108BD070020B6
:101690000507002007070020FCB00108F3B001088F
:1016A000221E002086B10108E01D00202507002031
:1016B0005EB101082C070020A9A5010818A70108A0
:1016C0001021002014A20108AFA10108FBA301080A
:1016D0004607002052B101087AB1010870B1010833
:1016E00046B1010819B1010883070020CF1D002071
:1016F000AC0700202F1E0020E11D002011B10108C1
:1017000005B10108341D0020E7030000F3A3010820
:1017100039A90108F0B5804A85B01378040010702B
:10172000052B36D1052824D17C4BC8221B78002BF1
:1017300000D1BE3A00240125794BDB7F5343794A1F
:101740001380794B1C70794B1D70794B1C70F2F72C
:10175000E1FDF2F70FFE21002000F2F7FFFC754BD0
:101760001D70754B1B78AB4227D0200003F014FD91
:1017700023E0F2F749FE00226C4B1A706D4B1A7091
:101780006E4B1B78934201D1FFF72CFE002C18D131
:1017900013E0002813D1012B0DD1F3F773F9684B37
:1017A0001B78002B03D0FA22664B52001A800122CC
:1017B000604B1A7001E0042BF1D005B0F0BD052894
:1017C000B2D0012C00D0A1E0F2F7AFFD00225E4BB9
:1017D0001A70F4F799FE5A4B1B78002B01D004F0D5
:1017E00037FA0125534B1D7003F0C8FCFAF73AFF96
:1017F00029000620F2F7B2FC544B554F1A78AA4242
:101800002FD03A6832321178042968D81522CA409C
:101810002A4264D000221A703B6832331B78042BB2
:1018200006D14C4B0022FA211B784B48F3F74AFAB9
:101830004A4B1B78002B54D0032B03D1012048497D
:10184000F3F7AEFAFA20C000F3F72EF9A0238022B6
:10185000DB0552009A61434BFF3A1A70424B1A70F3
:1018600047E0424E00221A70414B424D1B88C82B64
:1018700000DAC8232A007A3212780292394A039297
:10188000029A002A07D0A0228021D2054900916146
:10189000012203990A70FA2080005843F3F704F9F3
:1018A0000298F2F7DFFD29002B002A007831098821
:1018B000743372321B881288763501912988300082
:1018C00000910121F3F792FAA02380220020DB058A
:1018D00052009A62039B1870F2F7A4FD9CE7264E13
:1018E000C0E7F2F7DDFC254B1B78DB0701D5F3F7EA
:1018F0006DF9FA22224B92001A800022214B1A70B5
:10190000032C00D159E70F4B1A8056E7022CF0D177
:101910000122074BA3E7C046261E0020F61D00202B
:10192000531E0020F41D0020B61D0020B51D002010
:10193000300700202D1E0020FF1D0020C0060020C3
:101940001A1E002012070020171E0020C8210020A8
:10195000381D0020C61E0020DD09000035070020CC
:10196000D6060000441D0020030700208C1F002025
:10197000BC1E00204C1E0020981E0020AC0600203B
:1019800050000020B81D0020F0B58E4E89B033689D
:101990000790002B47D08C4B1B68002B43D08B4B00
:1019A0001B68002B3FD033682D331C78012C03D1EA
:1019B000874B1C780134E4B2A0238022002552001A
:1019C000DB059A62834B290005201D70F2F7C6FBE8
:1019D00033681A0034321278012A2BD12D3318784B
:1019E000A84200D0032006F003F800210620F2F7F9
:1019F000B5FB88213620F2F71FFAFA2600210120D4
:101A0000F2F7ACFB0124B6000C20F1F7DBFF050078
:101A10002540204213D000210220F2F70DFA3000B9
:101A2000F3F742F8F0E7FAF7F3FD3368002BBAD189
:101A300009B0F0BD022C00D92C002000D3E729000A
:101A40003F20F2F7F9F9644B7D2019783F231940C4
:101A5000624B634E1943F2F7EFF95A4C23681B6946
:101A60001F683800F2F7F4FB236834331878FAF76C
:101A7000EDFE236829009A1CD27F702001925A1D26
:101A8000D27F0292DA1CD27F03929A1DD27F0492F7
:101A90001A1DD27F07330592DB7F0693F2F7CCF94C
:101AA000A021059B090219434D20F2F7C5F9DE215B
:101AB000069BC90119434E20F2F7BEF9049B4F2043
:101AC0001902039B1943F2F7B7F9019B7820190219
:101AD000029B1943F2F7B0F92800F2F7C5FBF2F7C1
:101AE000CDFB3800F2F72AFD28000121F2F736FB82
:101AF000F2F7D6FC23680C251A0034321278002A3B
:101B00000ED11B6918795979012851D0831E012BF8
:101B100045D8F9F7BFFEF2F737FB324DF2F7C0FBBD
:101B2000B37F002B4BD0294B1B6834331B78002B21
:101B300045D12D4B1B78002B41D13300FE33998BBF
:101B4000588BF2F761FB30231D43236800201A00F5
:101B500034321278824204D135331B78012B00D9FC
:101B60001800F2F7ADFBF2F7E7FB236800213433EE
:101B70001878013843425841C0B2FAF71FFE80215D
:101B800009013F202943F2F757F9FAF735FA079B85
:101B9000002B00D14CE70020FFF7BCFD48E71348BD
:101BA000F2F70EFB07201249F2F746F9114DB5E79F
:101BB000114B4900C85AF2F703FB104DAEE7F2F79C
:101BC000A9FBC2E73C1D00201C1E0020381D002080
:101BD00008070020441D0020941E002040E900005A
:101BE0004C1E00200C0700001A1E002026020000D8
:101BF000CE2100000C0400009EC10108CC040000AE
:101C000010B50E4B0E495A7B09885200D1529B18D1
:101C10000C4A0D4C12880D499A802068482207F022
:101C20001AFCFBF7B1FE2068FAF7D0FB0120FFF7A2
:101C3000ABFE0022064B1A7010BDC0464C1E0020A1
:101C400084030020820300201C1E00208803002043
:101C5000181E0020F0B5AB4B8BB000AF1C68FEF730
:101C600089F80C23FA18043BDB18C0B2D9192500F7
:101C7000F9F788FD002809D1A34B3A691968914208
:101C800001DA1A6002E0FA689142FADCFEF772F8B3
:101C90004C2869D8F0F744FE4D0058006B007200E4
:101CA00089007000870097009C006501A000A400D7
:101CB0000C03A800EA01B9006E01D900DE00F000B3
:101CC0001301F700050117015E016A0172017B0132
:101CD0008C01920196019F01A501AA01AF01B301F8
:101CE000CE00D40068006800C601B901BF01CC0174
:101CF000DE01E2016800CA01E601F50146028A023E
:101D0000C302C502CC02D502D702D902DB02DD0232
:101D1000DF02E1020803E302F302FF020303A6026B
:101D2000E5029502AD02AD02AD02AD02AD029F0229
:101D30000A03754A754B1268DA750122744B1A70E2
:101D4000744B09321A7079E021006F4B724A1B689C
:101D50000831DBB2D35C714ACB77E38B9B18062B3F
:101D600002D801226E4B1A80BD460BB0F0BD664B07
:101D700029341B682370F4E708342500624B1A6885
:101D8000002A04D12B79012BEED0AA80E9E7D3B247
:101D9000682A04DC0222013B2A716B71E1E703220D
:101DA000693B2A71F9E708342500574B1B68002B63
:101DB00004D12A79012AD7D1AB80D2E7013B6B71DC
:101DC00001232B71CDE7504B01341B68E377C8E743
:101DD0004D4B1B68A361C4E74B4B2D341B68C9E70F
:101DE000494B33341B68C5E7474B48491A6892B2E0
:101DF000E2834B7B04335B005A520222484B1A8029
:101E0000434B1A70474B0122D0E0474B092219007F
:101E100020205C7A2500854307D0FF2C05D03A4B63
:101E2000186880B2FBF7C2FF9EE75872013B013A87
:101E3000EFD2F4E7344A354B12689A853B4BE2E720
:101E4000314A324B1268DA85F8E72F4B1A68384B63
:101E5000DA77F3E72C4B2D4A1B681900481E8141A5
:101E60009177002B01D0013BD377FBF7C3FA012216
:101E7000304B1A70304B65E7234B1A682F4BDA77DB
:101E800000222F4B5EE7902122201F4B1F4A1B6828
:101E900049005354FF30115C013399420DDA1900A7
:101EA0000BE022219020184B184A1B68FF31535435
:101EB0004000115C013B9942F1DC1154BEE7214B1B
:101EC000114A12683EE7104B104A1C680123517BEF
:101ED00023400131C9B24B43501DDBB2C377002010
:101EE000A40700D5081C0632D077174A1370174B89
:101EF000174A1870012313700E4A13700E4A13709C
:101F00009CE7C0461C1E0020381E00204C1E0020EE
:101F1000030700200200002007AA010800FCFFFFC1
:101F20003207002093060020EF2100201007002038
:101F3000531E0020140700202D1E0020541E0020D8
:101F400007070020AC060020491E0020481E002084
:101F50000E070020D84B1B685A1E9341D74AD377EF
:101F60006CE7D54AD64B12681A7667E7D24B1A68E7
:101F7000D44BE7E6D04B1A68D34B69E71E21CE4B12
:101F8000D24A1B68DBB213704B43D14AB7E7CA4B46
:101F90001A6823002E331A70210000230122E08BDF
:101FA00005F026FC0122CB4B1A70CB4B1A70DBE6F6
:101FB000C14B1B685A1E9341C84AD0E7BE4B1A68F2
:101FC000C74BBFE6BC4B1A68C64B1A70FBF712FA38
:101FD000C54B0122B6E6C54BB74A1268511E8A416D
:101FE000B0E6B54B1A6823003533D4E7B24B1A6814
:101FF000BF4B1A8022E7B04B1A68BE4BA2E6AE4B2D
:102000001B685A1E9341BC4A79E7AB4B1B685A1EAA
:102010009341BA4A73E70A22A74B1B685343B84A55
:1020200013800BE7A44B32341B68A3E6B54B47E79C
:10203000A14BB54C1B685A1E934100222370B34B31
:102040001A70F4F761FA2378002B00D00FE7F2F74B
:102050006CF90CE7984B1A68AD4B73E6964B1A680F
:10206000AC4B6FE6944B34341B6883E6924B186894
:10207000002380B21A00190005F0BAFB0222954B2A
:10208000BFE6A02600248C4B36021D682000F2F724
:102090000DFF80235B01E418B442F7D1002D02D07C
:1020A0002000F2F703FF0C240826A020A319D91959
:1020B00010220002F2F7D8FA7F22A0200125A119F0
:1020C00000263B7EC91993433B766F3A00230002FA
:1020D000FD76F2F795FF904B794C18008F4A9049A6
:1020E0007B602677FAF75AFA8E4B8F4A18008F4991
:1020F0003B60FAF753FA8E4B31007A6823606360D5
:1021000087480223A660FBF771FE022329003A6884
:102110008648FBF76BFE874B1D70874B1D70FBF7E6
:102120003FFC21E6644B85491B680A2B08D10A78DD
:102130000132D2B20A70022A00D815E6804ADEE6E1
:1021400000247F4ADBB20C701370092B00D075E6B7
:102150007C4B6E469D446D468022290092002000F3
:10216000F2F782FA83222B0092000C33A918402048
:102170001A7802431A7010338B42F8D18022002360
:10218000200029009200F2F73BFF80239B00E41817
:102190008023DB019C42DFD102210020FBF7F4F910
:1021A00002210120FBF7F0F9B54647E6424A664BAB
:1021B0001268511E8A411A700222464B1A70464B11
:1021C00007E73D4B61491B680C22CB806048002328
:1021D000F2F716FFC8E5384A394B116891225200D0
:1021E00099542BE6344A364B1268511E8A41DA76EE
:1021F00024E608220C239B18DC192200554B23CB24
:1022000023C203CB03C22C4B1D68FDF7B3FD524B19
:102210004638ED0080005B1902591B796FE64F4B81
:102220004EE6254A4E4B12681A7001224D4BE0E6ED
:10223000214B1B685A1E93414B4ADBB213704B4A29
:102240005DE64B4B3CE64B4B3AE64B4B38E64B4B93
:10225000C2E64B4BC0E64B4BBEE64B4BBCE64B4B92
:10226000BAE6343420784A4B012802D0002803D142
:10227000484B114A12681A70FAF7E8FADEE50E4A7E
:10228000454B1268511E8A411A70FAF7EBF901208A
:10229000FFF77AFBD2E5084B1A68404B52E5064A35
:1022A000074B12685A77C9E53D4B95E63D4B07E66B
:1022B000014B28341B685DE5381E00204D1E0020B0
:1022C0004C1E0020741E00204E1E00208A1E00207E
:1022D0002C1E002003070020930600204F1E002024
:1022E0008E1E0020931E002014070020FE050020F3
:1022F000961E0020751E0020761E0020C61E00209F
:10230000BC1E0020E11D0020FC050020171E00203F
:102310008C1E00208D1E0020D01E0020F003DE0049
:1023200002040000181F0020F07795020504000049
:1023300002040504EA210020E9210020EE2100200A
:102340003C1E002000FEFFFFE4030020E61D0020ED
:1023500040010100B89F010824C301085600002075
:102360005C00002032070020ED210020BF1D00206E
:10237000C81D0020DA1D00202C0000203C07002092
:1023800099060020EC210020EB2100200300002012
:102390000A0700200907002008070020CA1E0020A5
:1023A000271E0020C1060020F0B5614B614C1B7850
:1023B0008DB0012B00D082E0F1F7CCFF0020F1F7C7
:1023C00053FF5D497120F1F737FDF2F743F85B48A1
:1023D000F2F76AFBC32170200902F1F72DFDF1F736
:1023E000C1FF5748F2F760FBF1F7B4FF50215548A1
:1023F000F2F750FC00217020F1F71EFD3020524909
:10240000F1F71AFD514D2B6832331B78042B07D19D
:1024100023007A331C22FA211B784D48F2F752FC34
:102420002B6832331B78023B012B2BD823007A33E5
:102430001F78484E002F09D0A0238022DB055200D0
:102440009A61012344483370F2F72EFB3800F2F70B
:1024500009F8210023002200783109887433723290
:102460001B88128801912100763109883B48009130
:102470000021F2F7BBFCA0238022DB0552009A6208
:102480000023337001200334F1F7CCFFE37F002BEE
:1024900010D02B685B691B79023B012B42D8304975
:1024A0005220F1F7C9FC2F495120F1F7C5FC2E4805
:1024B000F2F7FAFA0020FFF767FA0DB0F0BD022B31
:1024C000A0D12422294903A806F0C5FF0020F1F776
:1024D000CBFE002603AD698828780136F1F7ACFC05
:1024E0000435092EF7D10025214A6B005F20D15A0F
:1024F0000135F1F7A1FC072DF6D11E48F2F7D4FA09
:102500001D495920F1F798FC1C48F2F7CDFA6821D3
:102510005920F1F791FC00217020F1F78DFC00218A
:1025200058206DE716490720F1F786FC1549BBE7EF
:102530008D1E00204C1E00201C3E000050C30000D9
:10254000803801001E050000FEC10000381D00207B
:10255000AB090000441D002060EA0000AA1E002014
:102560008F02000040800000400D0300CC9F010856
:10257000CCC00108204E00006808000020BF020007
:102580006F0400004090000070B53A4B3A4EDB7F7C
:10259000002B18D0D222394B52001A800022384B1F
:1025A0001A70384A1378002B07D1737B364933737E
:1025B0000968364B1960012313700022344B1A70DE
:1025C000344B01321A70F9F7ADF9334B1C6863696B
:1025D0001868F9F733FC314D002812D02300283356
:1025E0001B78012B0DD12A78022A0AD02C4A1370AD
:1025F0000320FAF7D7F9002302202B70F9F7E4FA49
:1026000070BD284B1B78002BF2D1230033331B788D
:10261000002B03D0244B1B78042B1BD0234B1B789F
:10262000002B19D0062B19D834342478002CDFD194
:102630000120FFF76FF81E4B2A781C80002A0FD06C
:1026400000231C4A13701C4A13701C4A13701C4A46
:102650001370D5E70120CCE70220CAE70620C8E7BF
:102660000A22317E01314A431A801B88154A9BB2E7
:102670001380E5E7511E00204C1E0020BC06002000
:1026800052000020BC1D00201C1E00203C1D00200C
:10269000250700202D1E0020381D002035070020B2
:1026A00003070020C91D0020261E00202F1E002029
:1026B000241E0020C01D0020CA1D00209F060020EF
:1026C0009E0600208003002091210022F8B5304DA5
:1026D000304B8900287032201A70F1F7ADFBF1F70A
:1026E0008DFEF9F795FF2C4C206803000833DF7F3F
:1026F0000369C18B1A68868BF9F750FF23680120A4
:102700001A000832D7779E83FFF73EF92A78234BC9
:10271000234D002A31D001221A7023681A69083328
:102720001068204A2860DB7F1370F1F707FF2868E4
:10273000F1F7EEFE01221C4B1A701C4B14321A707A
:102740001B4BEA321A701B4B1A7000231A4A137083
:102750001A4A13701A4A13701A4A13701A4A1370DD
:102760001A4A13701A4A13701A4A13701A4A1370CD
:102770001A4A13701A4A1370F8BD1A7001235B428B
:102780002B60F1F7D0FE32201649F1F755FBD1E767
:10279000D31D0020300700203C1D0020D51D002047
:1027A000E4040020C92100202D1E0020E8040020A0
:1027B000DE040020DD040020E0040020DC04002012
:1027C000B1060020B8060020B7060020BA06002097
:1027D000AF1D0020BE060020D61D0020D41D002005
:1027E000DF0400204502000010B5F9F7DDF90028EC
:1027F00019D00D4A0D4B12789121DA7702220C4B39
:1028000032201A700B4B013A1A700B4B89001A7068
:1028100000230A4A13700A4A13700A4A1370F1F728
:102820000BFBF1F7EBFD10BDE3030020521E00206F
:1028300003070020930600202D1E0020FA1D002013
:10284000DC040020DF040020F0B504000D001600B9
:1028500089B0102800D9B1E3F0F762F81100110037
:1028600011001100110011001100110011001100E0
:10287000F600C001C001B40213038803AC030029B1
:1028800016D00127BF4D2F70FDF774FA0F2841D1E4
:10289000BD4B1A68002A3DDB092A09DCBB48BC4B4A
:1028A000BC49002E14D030348454FF220F701A70AB
:1028B000B94B1B78012B09D1FDF75CFAB74B2E28D9
:1028C00002D02822452800D1F0221A8009B0F0BD9C
:1028D000B34DA7007F591D78AC46B24DA44502D038
:1028E0001C702E7006E02B780133DBB22B70FB5C82
:1028F000002BF6D0AC4C2B782478FB5C002C05D058
:102900001C00613C192C01D8203BDBB2835401230D
:102910000B70CDE7002ECBD101272000FBF7ACFDDB
:102920009C4BA24C1F70A24B1B78002B27D1237805
:10293000BB4216D0022B62D10A209E4A2670137821
:1029400051784343CB18002B59D09B4800789842CC
:1029500005D39A4A013B1370994B1F70A8E7117079
:102960002770944B1B78002B49D0934A12789A42D7
:1029700045D3924A013B1370914B0122ECE0FDF7E5
:10298000F9F9082812D12378052B00D890E7FBF736
:102990008BFDF9F7B9FB8B4B1B68998B642358436C
:1029A000F9F71AFA884B2670186081E702000D3A91
:1029B000182A1DD8854BD3403B4219D02378032BCE
:1029C00000D875E70A237B4926700A7848785A436D
:1029D00012185A43887812185343CA78013A9B1840
:1029E00080229BB2D20093420BD2774A13605FE7FA
:1029F000C0B204AA03A9F8F7C5FE002804D000233A
:102A0000237002232B7053E704990320632903DC0E
:102A10000238092900DD013000221300654F2678B5
:102A20000197D7B2BE4206D8864201D10022227059
:102A30009942E6DBD9E70A277B43019FBF5C01325D
:102A4000BC4663449BB2ECE7002900D130E7002A82
:102A500009D0FDF7D7FB002800D129E75C4B1B7894
:102A6000002B00D024E70122464B514D1A702C78E0
:102A7000484B1A70002C1ED1FDF77CF90300263B51
:102A8000012B00D814E70E3801280AD90022504B38
:102A90001A7001232B70454B1A703B4B013A1A6098
:102AA00006E7494B22001868210080B2F9F720FCA4
:102AB0000028EBD1FCE6FDF75DF90F2800D086E297
:102AC000314C2368002B2BDA00223F4D110028687F
:102AD00080B2F9F70DFC002800D1E9E629682B4DFA
:102AE00089B22800FAF72AFD2800EFF7F3FE09283B
:102AF00007D80A222021121A401906F07DFB002374
:102B0000AB72FF210023224A32481170254A290066
:102B10001370254A23601370112206F09CFCC7E64F
:102B2000092B00D953E2FF21194A1170002E15D04C
:102B30000A2323600022284B14491A70244B25488D
:102B40001A70113206F0CEFC002800D03FE2287047
:102B5000FFF74AFE0022154B1A70A9E601332360E5
:102B60000A2B00D0A4E6E5E701233370F0E71A4B07
:102B70001F7000232B70F8E70122174B1A700023F7
:102B80002B70E5E7191E0020E4210020EF21002032
:102B90005B00002057000020FF1D0020001E0020C9
:102BA000FCC20108DF210020E32100201B1E0020C1
:102BB000E8210020D0030020341E00203D1E00200C
:102BC000960600201C1E0020381E002007009001E1
:102BD000E2210020CE210020970600200B283AD1C8
:102BE0000A3C002D00D163E6002E04D10122B14B36
:102BF0001E70B14B1A70B14DEB7E002B05D1B04B5E
:102C00001B78002B01D0644264B2FDF7B3F80700D3
:102C10000F2834D1AA4B1B78002B30D0A94B1E684B
:102C2000002E2CDB092E00DD42E61022A64904A866
:102C300006F011FCA548E4B2835D02AAE318DBB2FA
:102C4000D51D190000222039C9B25E2906D91F2BD3
:102C50000DD87E230EE001246442C2E70132AF5C4E
:102C60009F4202D1E318DBB2EBE7102AEDD17E2BB5
:102C700000D920238355FF22954B1A70B8E0F8F74E
:102C800093FF021E00D013E68D4B924E1978002957
:102C900022D19148914B02781B78121B013B541CA6
:102CA00002D0934216DB1300012203708C4B32706A
:102CB0001A70FDF75FF8132800D1F9E515380128DF
:102CC00000D8F5E50835EB7F002B00D0F0E5F0F7F4
:102CD00065FEEDE50B00E7E7082F12D1814B824D31
:102CE0001B682868998B814B4C432018984203DC61
:102CF000002802DA7E4800E01000F9F76DF828603D
:102D000033E039000E39172913D87A4BCB40DB0753
:102D10000FD5754D243F2868A1B2012F2AD9081874
:102D20001300210080B2F9F71DFB734B9842E6D1E6
:102D30001BE0F8B204AA03A9F8F724FD002814D177
:102D4000694D039928680B00049A884203DB13003D
:102D5000824200DD03006948E318834204D09942AF
:102D600002DC9A4204DB1A002A60012333709FE5DB
:102D70000A00F9E78022624FD200904205D1012C6F
:102D80001AD101235B422B603B80002328681A0084
:102D9000081880B22100F9F7E5FA574B984200D0A5
:102DA00028600023FA5E2B68012C07D19A4207DDC8
:102DB0008023DB002B60D8E73880E6E79A42F7DB18
:102DC0003880D2E7FDF71EFA002825D0002D11D15A
:102DD000002E00D06CE53B4A1368002B0ED000DCBF
:102DE00066E5013B1360FF22394B1A70454B1E709C
:102DF000384BC2E5304B002E00D1BEE5F1F7E6FEC0
:102E00000023404A13702E4A13702A4A137001227D
:102E1000334B1A702F4B9FE6002E00D048E5002D53
:102E200000D145E50124244B2A4D1C70364B1A78FD
:102E3000002A1FD1224B1B78002B12D01D4E337855
:102E4000002BDBD0FCF796FF0828D7D1F1F7BEFEA8
:102E50000A2133782D4A013BDBB23370D1542C70F8
:102E600026E52B4B2E70DB7F002B01D1F0F796FD72
:102E7000284B82E51E70284B1C70284B1C702C7050
:102E8000F6E7002900D113E501220B4B1A70FCF77D
:102E900071FF0F2844D10B4B1B68002B40DB092B23
:102EA00000DD05E52A22002E00D103320749CA546D
:102EB000E1E6C0461B1E0020191E00204C1E00200B
:102EC000E8210020E421002002A40108EF210020D5
:102ED0005B000020570000203D1E0020341E002013
:102EE000960600201C1E0020381E0020F5E0F50587
:102EF000F6E0F5050300C800FFFF0000FFFFFF7FBD
:102F0000E0210020E2210020FA1D0020D003002053
:102F1000541E0020BD1D0020281E00202D1E002054
:102F2000002E00D0C4E4F9F773FB374B1B68343331
:102F30001B78002B48D1FCF71DFF0338012897D8D8
:102F4000324B1B78002B93D0F8F72EFE0124304F24
:102F5000304D002807D12000FFF7B6FB2E4B2C7018
:102F60003C701C7084E72D4B3E7087E7FCF702FF36
:102F70000F281AD12A4B1B68002B16DB002D00D11D
:102F800096E40121274A1170092B00DD90E4002E00
:102F900002D0254A2231D154012224490B785340D2
:102FA0000B70FF21224B197034E731002800F3F732
:102FB000A7FB7DE40800F3F7F1FB79E4002A00D0D9
:102FC00076E4002900D173E40222164BC4E5FCF735
:102FD000D1FE0400312804D023000D3B022B00D980
:102FE000CAE5144E3778002F00D1BDE5012F00D07F
:102FF000AEE502233370FDF7C5F9312C00D0B6E5FC
:10300000FEF728FEF2F76AFE3C1D0020E8210020B2
:10301000FA1D00202D1E002057000020281E002031
:10302000E4210020191E0020EF210020E3210020D0
:103030005B000020E2210020F7B51400102800D921
:103040005EE1EFF76DFC110011001100110011009D
:10305000110011001100110011004100F300F300F4
:1030600026014B015D015901002A2CD100292AD0EB
:10307000A74B1B78012B36D1A64A1370FBF7FCF93E
:103080000222A54B1A70A54B1A78032A1BD90A25D0
:10309000A34A1C70137851786B435B186B4391788B
:1030A0005B185D43D378013BED188023ADB2DB00A4
:1030B0009D4218D2220021002800F9F719F9994BF6
:1030C0001870994B1D80F7BD002AFCD10029FAD059
:1030D000964B1A780193032A05D0954B1B78002B49
:1030E00004D1002A04D18B4B02223FE0012AFAD0FE
:1030F0000125874E874A34781570AC423FD0022CA8
:1031000046D0002CDFD1002B18D18A4FFA213C6821
:103110002000F8F761FE050087492000F8F75CFE03
:10312000291BAC4200D9611B021B844200D9221A20
:10313000824B91421CD9022238601A70804B1B6866
:10314000D88B8023DB00984216D2012300223370F3
:10315000754B11001880F9F7CBF8724B18700223E9
:10316000019A13706C4A13700122764B1A70AAE709
:1031700000223D601A70E1E702233370EFE7674BEE
:103180001B78002B9FD10222634B32701A709AE792
:103190006B4F002B30D1674B38681A68C18BF9F739
:1031A000FDF9694B1B78002B06D0684A3B68127802
:1031B0001A71674A12785A713B681A00083203CBB9
:1031C00003C25E4A1278DA77802338686149C58B7A
:1031D0004A7BDB0054009D4220D2534B04321B88B3
:1031E000520053520222C3830B534B4B1A705A4B5B
:1031F0001A800023337066E721000020FAF7C4F933
:1032000021002800FAF7C0F9504A3B681178504A6B
:103210001971127819735A715A73D5E78022038E87
:10322000D2009B189BB20A199380DBE701230B287D
:103230001ED1002900D146E7002C04D10121374AD4
:103240001470344A1170434AD27E002A01D15B4285
:103250005BB22F4A1278012A17D1334A1088C0185E
:10326000431C07D08023DB00984204DB002002E0EF
:103270005B42DEE7394880B2108000221100F9F786
:1032800037F8284B1870244B2EE7002C00D01AE793
:1032900029E7002A00D016E7002900D113E7012210
:1032A0001C4B1A701A4A1378012B09D0022B12D02A
:1032B000002B00D007E7FFF797FA174B1C7002E7C7
:1032C00016490B78002B06D0013BDBB20B700A21AC
:1032D000134AD154D7E700231370D4E7002A00D053
:1032E000F1E6002900D1EEE601220A4B1A70104BDC
:1032F0001878FFF7E9F9E6E60800F3F74FFAE2E697
:10330000002C00D0DFE6002900D0ECE6DBE6C0466A
:10331000D61D0020191E0020570000201B1E002073
:10332000D0030020CA210020CC210020D51D002080
:10333000D31D0020E404002071020000C9210020F8
:103340001C1E00202D1E0020DC040020DD040020B7
:10335000DE0400204C1E002032070020FF03000086
:103360009A4200D2885470477047F0B591B00493E8
:1033700016AB10CB1A9F1B781B9D029003910092F5
:103380000593002C01D110239D4380232A00DB00EC
:103390001A4006921D4201D0002C1DD06123AA06BE
:1033A00000D541230026DBB20A3B0194079318990C
:1033B0000198EFF745FB079BCAB2D318DBB2092986
:1033C00001D83032D3B208AAB354019B189A741CA6
:1033D000934201D3202C14D102232A001A400792D1
:1033E0001D4220D1013B2B40002F08D0002B06D0DE
:1033F000059A002A02D10C32154200D0013F30223A
:1034000007E026000190D2E7202C05D008A96254DD
:1034100001341999A142F7D8002B04D03023BC42C3
:1034200001D2202C17D1EB0634D5069B002B17D1E7
:10343000002C15D0199BA34201D0BC4210D1631EB1
:10344000012C0CD0189A023C102A0CD0189A1C009F
:10345000022A1BD12DE008AAA3540134DFE71C0087
:10346000189B102B20D1AB0608D47823202C08D130
:103470002024009BAD0737D125002AE0202CF7D06F
:10348000582308AA13550134202CF1D0302308AA60
:1034900013550134202CEBD0059B002B0BD02D2392
:1034A00008AA13550134E4E7189B022BECD1202C19
:1034B000DED06223E5E76B0701D52B23F0E72B076E
:1034C000D7D52023ECE72020049B0399029EB04728
:1034D0000135009B1A1B5219AF42F4D80026A742AF
:1034E00000D33E1B009BF31825000193019B181984
:1034F000421B002D0AD1079B002B05D0009BC41A4C
:10350000009B1819A74209D811B0F0BD08AB013DC6
:10351000E85C0399049B029EB047E7E70200049B26
:1035200020200399029DA8470134E9E7F7B59C469E
:103530000025194CA688864220D8E388F3189842C3
:103540001CDA1B1A9BB20D1C994200D91D1C802746
:10355000ADB2019525687F04BD4219D11560624660
:1035600001981080089A002A11D02268BA420ED021
:10357000002299425241089B1A7008E00135083434
:103580000D2DD7D180235B04136063461980F7BDEE
:10359000801B80B22D18E1E7FCC601080300002063
:1035A0002F2B0FD8084A5B009A5A084B08499B7D7D
:1035B0009B075B0F595A914204D806495B5A9A42BD
:1035C000924150427047C046461D00204C1E0020CC
:1035D0004CAE010854AE0108F8B50E0004003025C9
:1035E0002F27FF2C0ED02F2C0ED82000FFF7D6FF50
:1035F000002805D1A419013DE4B2002DF1D1FF242A
:103600002000F8BD3C00F0E70024EEE7084B094934
:103610009B7D02009B075B0F0748595A185A8A4244
:1036200002D3824201D8100070470800FCE7C04670
:103630004C1E00204CAE010854AE0108094A137814
:10364000002B08D1802008498001886103210133C3
:103650000B4013707047032BF8D180200249800182
:103660008862F3E7EC04002000080050044A054B90
:1036700012684008128EA0389B5618187047C04632
:103680003C1D00201E000020054A064B11781070DA
:1036900001221970044B1A70044B1A707047C0460F
:1036A000AE2C0020AD2C0020AC2C0020810000208E
:1036B00070B50F4A0F4B52790F495200D55A04008A
:1036C0008D4213D10D49EFF7BBF90800AF218900F6
:1036D000EFF730F9454303384342584107492D1865
:1036E0002000EFF727F9054C44432C19200070BD4A
:1036F0008400002024C6010841030000C409000022
:10370000084B09481A890949131C824201D9084B00
:103710001B8800204A8804339BB29A424041C0B2C1
:103720007047C04684000020FBFF00009C2C002056
:1037300002A001080022024B1A605A601A817047E9
:103740009C2C0020024B034A5B795B00D05A7047E7
:103750008400002024C601080A4B10B51B68002B0A
:103760000BD0094A1468E41AFFF7ECFF01002000AF
:10377000EFF7E0F8013080B210BD8020034B1B79D9
:103780001841F8E728070020780400208400002072
:1037900010B5FFF7E1FF0400FFF7D4FF604310BD51
:1037A00010B5064B1C68064B5B79032B03D8FFF75B
:1037B000EFFF4008241A200010BDC046982C0020BE
:1037C00084000020064B10B51B68002B02D0054B6F
:1037D000186810BDFFF7DCFF034B1B68C018F8E743
:1037E0002807002078040020982C0020034B044A6E
:1037F0001A6000229A801A811A617047802C00207A
:103800000000FFFF0122264B70B51A70FFF7EEFF94
:10381000FFF798FF234DA882FFF79EFF224E04007A
:10382000E882011C802823D98021802089B24001B0
:10383000EFF70AF9C0B2031C402800D94023DAB2DE
:10384000102A00D2102300223370184B1E78184B18
:103850001A800123174A1380802C0ED923007F334E
:10386000DB09138000230126EB80FFF799FF0CE0B2
:1038700083B2102BD9D21021D7E7002EF2D1012C20
:10388000F0D9631EEB80FFF79DFF0B4B0B4A1E70B8
:103890000123A3429B415B42E860137070BDC046A8
:1038A0007B000020802C00207C0000207A0000207B
:1038B0006E2C002078000020770000207600002089
:1038C0001E4B70B51B78002B1FD11D4B1D4C5B8808
:1038D000A3421AD01C4D1D4A2E881189A64207D03A
:1038E000A14205D0032070430233C3189B089BB24A
:1038F0002B80174D17482D78405D1B189BB2A142B5
:1039000004D113810122144B1A7070BD5D1AACB240
:1039100028B22D0401D5CB1A9CB2042CF5D904236E
:103920000C2C04D80233A3429B415B4201339BB26F
:10393000002801DA5B429BB25B18E2E7AF2C002063
:10394000802C0020FFFF0000740000208400002075
:1039500082000020FCC501088100002010B50C4B3E
:103960000C4A58689188002807D080201C88C00025
:10397000844202D25888884208D2002059801169B6
:103980001880596012891A81FFF79AFF10BDC0464E
:103990009C2C0020802C0020044A054B1268A0308B
:1039A000128E9B56C01A400080B270473C1D00200A
:1039B0001E00002070B5084DE868FFF7EDFF2E8966
:1039C00004002869FFF7E8FFA64203DD0400B042C7
:1039D00000DD34002C8170BD84000020124A0521D6
:1039E00070B5136900281DD0D5685B182C000A3407
:1039F000A34203DD1C000A2B00DD0A241461FFF73B
:103A0000D9FF0222094B1A70094B013A1D60094B7C
:103A10001C60094B1D60094B1C60094B1A70094B57
:103A20001A7070BD4942DFE784000020882A002018
:103A3000700000206C00002068000020640000205E
:103A4000AC2C002081000020002210B5034B2D215A
:103A50001A6003480A3205F0CFFB10BD842A00200B
:103A6000782A0020F0B5455C401815701D700029BB
:103A700006D0441E247801261F2C05D97E2911D892
:103A8000447800261F2C0DD82C19013464101778A7
:103A9000E4B2A74200D914701F78A74200D21C706C
:103AA000002EEBD1F0BD00000B4A10B513880B4C73
:103AB0000133138024780A4AD388D168908A002C75
:103AC00005D001339BB20918D380D16010BD013BF2
:103AD0009BB2091AF8E7C0469C2C00207700002012
:103AE000802C002070B5124B124D1A88EB88E98AA1
:103AF000D3189BB2994207D9A88AEB805043EB6850
:103B00001818E860002070BD0B4B1C880134A4B26B
:103B1000A24203D8002201201A80F4E7A142F5D97D
:103B20001C80EC80FFF73CFEAB8A6343E8E7C046AD
:103B300078000020802C00206E2C00200200002045
:103B40000B4B70B51D680B4B1C68291B81420EDDA9
:103B50002300944203DC2B00954200DD13001B1B65
:103B60000F24634348101818EEF76EFF204070BD15
:103B70006400002068000020074B984203D1074BE7
:103B800018680A387047064A064B12684008128EB9
:103B9000A0389B561818F5E7FFFF000068000020CA
:103BA0003C1D00201E00002030B5CB01084D1B1825
:103BB0005B0814000F21EA5CC00704D58A4321404A
:103BC0000A43EA5430BD0A4024012243D2B2F8E746
:103BD00023260020F7B501220407154B0191640F3D
:103BE00002400F2804D90009124B0138C001C31844
:103BF00001252E00A640002492010F4F9B180020A3
:103C00000200195C0E4203D0290081400A43D2B25F
:103C100001300828F5D13878002801D0D243D2B23B
:103C2000019908330A550134082CE8D1F7BDC04684
:103C30003D070020B31900203C07002070B50500A7
:103C40000E00064B1C68002C00D170BD2369002BB0
:103C500002D03100280098472468F4E75819002062
:103C6000002A0AD0054B80008A18C01892B20B783F
:103C7000013103708BB29A42F9D17047205C004049
:103C800070470000F8B5184B0D00DC681E69FFF79F
:103C9000EDFC640076002300371B4000844203DA09
:103CA0003300864200DD03001B1B6B43781018189D
:103CB0003900EEF7C9FEC6B26E430400331E05D0CC
:103CC000751CADB26D089D4204D3DBB2E0B2C018E2
:103CD0004008F8BD29003000EEF72CFE80B24019F4
:103CE0002B004508EFE7C04684000020F0B51F0018
:103CF000AF4B93B015000B9009910A93002800D0A8
:103D0000E5E10026FCE00135252806D03200741CD0
:103D1000099B0B990A9EB04764E100230120082407
:103D20002A78691C2B2A16D00BD8202A15D0232AD2
:103D300015D011003039092930D800220A24079201
:103D400015E02D2A04D0302AF3D103430D00E7E714
:103D500002221343FAE70422FBE72343F6E710228B
:103D6000F7E70500079A6243303A8A1807922978E4
:103D7000681C0A00303A092AF3D900212A780891F0
:103D80002E2A25D18021C9000B4369786A1C0800BE
:103D9000303809283BD815000A2413E00021079188
:103DA0002A2AEAD104CF07928A4203DA0231524228
:103DB0000B4307920135E0E70500089A6243303A69
:103DC0008A1808922978681C0A00303A092AF3D91F
:103DD0002A78691C6C2A2AD024D8682A2FD06A2A0B
:103DE00036D028780135782890D8632833D86228CF
:103DF00000D16FE1632800D1A5E0252886D058289E
:103E000084D120221343103A0C218B436DE12A29DF
:103E100006D104CF0235D143C9170A400892D7E72B
:103E20001500D5E77A2ADCD1802252000BE06A78AF
:103E30006C2AF9D1C022920013430235D1E76A7887
:103E4000682A03D080220D001343CAE7C022F3E79B
:103E500080229200F7E7010001226439C9B28A404A
:103E60001100544C2140224212D1732800D1BBE0F2
:103E7000702800D04AE721221343059308230493B6
:103E8000089B019103931023029308CF00934BE109
:103E90006F2800D020E10822B6E77828B4D09343F9
:103EA0000A22642800D120E1AEE758060DD5C8B239
:103EB00005930292079BC20F0192C21704938018C8
:103EC000089B5040039300902EE108001C06EFD59C
:103ED00008B2EDE7002913D13C1DD80521D5059383
:103EE000079B02920493089B019103933B68009304
:103EF0003200099B0B990A98FFF737FA2700060052
:103F00002878002800D0FEE6099B32009E4200D3AC
:103F10005A1E0020099B0B990A9CA047300013B041
:103F2000F0BD396858060AD5C9B20593079B0292BD
:103F30000493089B0091039300230193D8E718068C
:103F4000F3D589B2F1E70222190011400C91134216
:103F50002CD0012301CF320008930B99099B741CCC
:103F6000C0B20A9EB0470C9B002B3BD0089B22009E
:103F70000C932CE02020099B0B990A9CA047089ADF
:103F80000799531C08939B1B9942F3D80A00531EB0
:103F90009A410023D1B29A4201D0079B013BF61807
:103FA00002230029D6D0079B0133D3E73200E7E78D
:103FB0006933010821081200531C0D932020099B2E
:103FC0000B990A9EB0470C9B0D9A01330C93079BEB
:103FD0000C998B42F0D8079A089900238A4200D3A3
:103FE000531AE41826008BE7390004C90D92089A89
:103FF0000E91002A01D1012252420D990C008A181B
:104000002178002901D0A24214D10D9A1900A41AD6
:104010008022D20011400F91134203D0089A94429B
:1040200000D914000222190011401091134217D137
:10403000320009E00134E3E7531C0C932020099B74
:104040000B990A9FB8470C9AA31B0799D31899425A
:10405000F2D80023A14200D30B1B0134F618E41858
:104060000C960AE008930C9B0C9A013311930B9960
:10407000099B0A9FB847119B0C930D9B0C9A9B1BA5
:10408000985C002807D00F9B002BECD0089B089A67
:10409000013B002AE6D1109B002B15D00C9A06E0BC
:1040A000561C2020099B0B990A9FB84732000C9B95
:1040B0000799E31AD3189942F2D80023A14200D3FA
:1040C0000B1B0C9AD3180C930E9F0C9E18E71A4BDF
:1040D0000A9316E6022297E610226F2800D9DCE642
:1040E00093430A22692800D0DBE6590501D5012156
:1040F0008B43802189001940692802D0642800D0B0
:10410000E8E6002900D0FBE602CFD80500D4CCE6D3
:104110000593079B02920493089B0393CB0F019393
:10412000CB17C918594000913200099B0B990A9886
:10413000FFF71BF90600E3E66133010870B50029BB
:1041400001D1002A27D114244443194B1B191C0008
:10415000CC342478002C1ED01E00164CD036A57B03
:10416000A07331601900D4310A600022D833EDB257
:104170001A60904212D1104A1178CBB201290BD0AB
:10418000062B09D0002B05D1217C40330B4323742F
:1041900003231370A57370BD0523FAE70423627A25
:1041A000134301226372637E93436376F2E7C04652
:1041B00020220020005C004001220020F7B51300FF
:1041C0007F221040002901D1002B17D11422424335
:1041D000354EB21814002C3424780092002C0DD0E7
:1041E000324CA57BEAB20192A073677D01253A00AB
:1041F0002A4094462F4202D0019BA373F7BD009A38
:10420000009F116353636246BA6300283ED1284D74
:104210002F78FAB2012F1FD0032A03D0002AEBD146
:10422000002B03D148232374443B0EE04022227428
:10423000328D93420BD81F4E3678002E07D19AB29A
:10424000FFF70EFD0A23237401232B70D4E700200F
:10425000FFF706FD0223F6E7002B05D1154A137080
:104260000A332374043BF0E7328D934209D8114D91
:104270002D78002D05D19AB2FFF7F2FC0A232374A2
:10428000BAE70020FFF7ECFC0223F8E7002B05D08B
:10429000B28F934205D92800FFF7E2FC0123637532
:1042A000AAE79AB2F7E7C04620220020005C00404F
:1042B00001220020002200200B003F2210B51140F7
:1042C000134206D1002B04D00A008120FFF776FFAD
:1042D00010BD0022014B1A70FAE7C046C32C002023
:1042E0000E4B10B59968DA680918121A9960DA60ED
:1042F00003D08020FFF762FF10BD187D002802D098
:1043000011001A75F5E7DA88002AF5D01B787F2BA3
:10431000F2D902000100FFF711FFEDE7EC000020E9
:104320007F220F4B0240997B40B2C9B29A7300289A
:104330000FDB002A07D107200A4A10706022187C80
:1043400002431A7403E02022587E02435A7699737E
:104350007047002AEFD01022587D02435A75F6E7C5
:10436000005C0040012200200300F7B57F201F0001
:104370000740034212D14021404B414A18001180AE
:104380001A001985CA32190017700122CC302A315F
:104390002C3302700F701A700020FEBD782003428B
:1043A00068D15BB29C46374C1423A07B4D1EC0B233
:1043B0006E427541019060467B43304EA773AD015C
:1043C000F318002829DB1F00C837B9700121CC334E
:1043D000EDB23A8019702576637E0B4213D090239C
:1043E0006376082A11D902210B000131DD00AA42AF
:1043F0000ED82A0092B2DBB2A3767368D218019B62
:104400007260A373C8E78023EAE708220123F1E77B
:104410004129E9D100220123EDE72A2084469C446A
:104420006046017001211A852C331970B940A37AB6
:104430000B43DBB2A37220232B432375637D9B07C1
:104440000ED548236375082A0CD902210B000131CF
:10445000DD00AA4209D82A0092B2DBB2A375CCE7EC
:104460004023EFE708220123F6E74129EED100229D
:104470000123F2E7012040428FE7C04620220020BE
:10448000E8220020005C004010B542790379120256
:104490001A430323C178520519408078520DFFF763
:1044A00063FF43425841C0B210BD00006022F0B526
:1044B000A24C85B023781A40202A00D14AE1402A34
:1044C00000D175E1002A23D103321340012B00D122
:1044D0006EE0022B00D1D6E0002B19D16078658800
:1044E000092815D8EEF708FA760C140C14050E14EA
:1044F0002A2EEDB2002D01D1914B1D70914B1D70F4
:10450000002373E12A0AEDB2032A04D1EE2D04D16F
:10451000002005B0F0BD032AFAD80021A369D6B265
:1045200018780028F4D05F78B74203D18D4200D1CB
:1045300054E101311B18F3E71B7857E1824BA3606C
:10454000012353E1FF270020A669EDB200973178DF
:10455000002908D15E22AE23FF325B00A55400285B
:104560001BD1E054CCE77378042B08D0052B0BD07B
:10457000022B06D17779BD4203D1012001E0F37807
:1045800000933378F618E2E7BD42FAD1009B002B86
:10459000F7D13000FFF778FFF3E701220720E2545C
:1045A000FFF74CFB802202206849FFF7C7FDA7E711
:1045B0005E23FF33E35C002BAAD060786388277901
:1045C0000B28A5D8EEF78EF906A4A4A4A4A40DA4E4
:1045D000A4A42D310023A2681370A2685370022393
:1045E00004E11B0A212B0CD1594B1B68002B00D175
:1045F0008EE75A1CD27FBA42F7D15B69A3600923C8
:10460000F4E0222B00D083E7514B1B68002B00D134
:104610007EE75A1CD27FBA42F7D19A69DB69A26061
:10462000E4E00022A3681A708AE7DBB2FF26019358
:104630000023A569009602932B780393002B05D1E4
:1046400008200299FFF7FAFA039BCFE06B78042B5E
:1046500004D0052B0DD02B78ED18EDE7EB78AE7874
:104660000093B742F7D1019B009A9342F3D1029590
:10467000F1E7B742EFD1019B009A9342EBD12800BA
:10468000FFF702FFE7E75E23FF33E35C002B00D177
:104690003EE7A2886378D0B2012B1DD0032B45D012
:1046A000002B00D034E77F331840254B997B98735B
:1046B000C9B212060BD4002802D0587E8006C00F63
:1046C00000229973A3681870A3685A7087E70028BE
:1046D000F6D0587DC006F2E76388002B23D17F33E4
:1046E0001840174B997B9873C9B2120610D4002852
:1046F00004D11A7C043082431A7407E060205A7E89
:1047000082435A765A7E203002435A7699736EE07D
:104710000028EED030205A7D82435A754022587DC1
:1047200002435A75F2E700232361F1E66588002D04
:10473000F9D1FFF7F5FD256159E0C046EC000020F6
:10474000005C00402022002049020020C42C0020F0
:104750005819002003221340012B17D1254B227931
:104760001B68002B02D1012040420AE05D68002D49
:104770000AD0591CC97F914206D120001E4A1F4908
:10478000A847C043C00FC4E61B68EAE7022B00D06D
:10479000BEE6184BA2881B68120A002BE3D09D6866
:1047A000002D03D0591CC97F9142E6D01B68F4E765
:1047B000104B1D68002D02D1012040420AE0EB6839
:1047C000002B01D12D68F5E720000B4A0B499847D3
:1047D0000028F7D10123013018409AE6A360022A8D
:1047E00000D0A9E69A78DB781B02134323610120ED
:1047F0008FE6C04658190020FC000020F40000207D
:1048000070B500281ED1002910D0144B9D68DC68BB
:104810006D18641A9D60DC600FD1114A9A60FFF731
:1048200045FE002803D18030FFF77AFD70BD2200DD
:1048300021008020FFF7C2FCF8E722002900FFF7E3
:104840007DFCF3E77F230340044A4E339B00D218DC
:104850005368002BEAD09847E8E7C046EC000020F8
:10486000080100200023180010B5094A09491488DE
:104870008C4200D1108001330232802BF7D11E22EE
:104880000021054804F0B8FC0022044B1A7010BD4A
:104890006E2B0020FFFF0000502B00204E2B00202D
:1048A00010B5194CE08AC10907D18022174B121AA2
:1048B00040005200C01804F09FFC154A1378002BEA
:1048C0000FD0013BDBB21370002B02D10122114B40
:1048D0001A70012210490B7853400B700F4B1A705D
:1048E00010BD0F4B1B78002BF3D1A088FEF7BEFE46
:1048F0000C4A0530D3680A33834200DA03000A2BDE
:1049000000DD0A231361E4E7802C00206E2B0020D9
:10491000882A0020810000207A0000206200002008
:10492000AF2C002084000020802210B5D20000218E
:10493000084804F061FC0022074B1A70074A084B34
:1049400012681A60074A084B12681A602022074B47
:104950001A7010BD23260020232A0020700000209A
:10496000680000206C000020640000207C00002013
:1049700013B508220021684604F03EFC082269466F
:104980001548EFF771FE154C0521637922791B015B
:1049900092001343E27A206913436A461370062299
:1049A0000F4B82301B785B0013400E4A1278134382
:1049B0006A465370EEF748F86B46987023890A4AA6
:1049C000934200D1FF236A466946D3700248002310
:1049D0000822F0F715FB13BD48A100008400002059
:1049E00082000020AF2C0020FFFF0000F7B5154B20
:1049F0000D1E01930CD0144E3368002B08D0B36801
:104A00001C68019B00937368002D07D1B3681C607C
:104A1000802202200199FFF791FBF7BD27001C1BA4
:104A2000BB42FBD0AC4200D92C0030682200009978
:104A3000C01904F010FD009B2D1B1B1900933C199D
:104A4000E1E7C046C42C0020A41900204378212BA4
:104A500015D0222B04D0203B5A1E93415842704758
:104A6000C37882781B021343180001220C491040BE
:104A7000134202D00A700020F1E70870FBE78020A3
:104A80000B6800214042187004305870D9701971B9
:104A900059719A3008319870997107231360EAE7C9
:104AA000A3240020F7B500250700FA242E00019169
:104AB0000520EFF7F9FF3B690199320099430B009C
:104AC0005E425E41964206D10135962D04D15A1EB2
:104AD0009341D8B204E00125013C002CE8D120002C
:104AE000FEBD00000C224243054B70B59B1818799F
:104AF0005D79DC88EEF766FF2841204070BDC04636
:104B000044C6010810B5FEF7D3FD0400094B186038
:104B1000EFF79EFB2000EFF711FD3020EEF752FF7C
:104B2000040000213020EFF787F921003020EFF753
:104B300083F910BDA82C002010B5054A054B50681C
:104B4000D860518819801289DA80FFF7DBFF10BD29
:104B50009C2C0020802C0020414BF7B51A780400D3
:104B6000824251D018703F4B3F4D404F404E019311
:104B700000284AD03F4B1868002805D03E4A0369F8
:104B800012681A60F7F722FC0020FCF7FDFE3B4B91
:104B900000201978F7F712FE39492B680978394A4D
:104BA00003335B1A052001211360EFF7D7FA302099
:104BB000EEF708FF80218900014389B23020EFF72A
:104BC0003BF980244720EEF7FDFE6400204381B2CC
:104BD0004720EFF731F9FA204000EFF765FFA023F7
:104BE000DB059C6100233B70274B019A5B884320C7
:104BF0003380D27A254B5200D15AEFF71DF980212C
:104C00003F20C900EFF718F9F7BDA0238022FA2052
:104C1000DB0552009A624000EFF746FF3020EEF7C6
:104C2000D1FE1B4901403020EFF706F94720EEF78F
:104C3000C9FE184901404720EFF7FEF82100052082
:104C4000EFF78CFA01235B422A683380124B3C70E9
:104C50001A60019B114A5B7943205B00D15CD1E76C
:104C60008000002084000020CC0500207C2C002047
:104C70007E0000203C1D0020A82C0020742C002069
:104C80007C000020702C00209C2C002000C6010815
:104C9000FFFD0000FFFE0000782C002006C6010882
:104CA00010B5FEF7AFFD104CE068EFF747FC302081
:104CB000EEF788FE0D4A0E4B10401880FEF73AFDC5
:104CC0000020FFF749FF01220A4BFF211A70012340
:104CD0007F325B420848638004F08EFA4022002154
:104CE000064804F089FA10BD802C0020FFFDFFFF6C
:104CF0008C2A00207B000020CE2A00208E2A002053
:104D000070B5802280256124144B6D4264420021DD
:104D100052001348DD601C6104F06EFA8022FF210E
:104D2000104804F069FA002140220F4804F064FAA8
:104D300000220E4B1A800E4B1A700E4B1D600E4B4C
:104D40001C600E4B1D600E4B1C60FFF7A9FF01227B
:104D50000C4B1A700C4B1A7070BDC04684000020BA
:104D60006E2B0020CE2A00208E2A00208A2A0020C6
:104D7000882A0020700000206C00002068000020BD
:104D800064000020AC2C00208100002003000138CA
:104D900070B5C4B2112800D9AFE0EDF7ADFD09211F
:104DA000AEBDAFAE0921AED43A3AE0AEAECEAE89DA
:104DB000804D6B79012C0ED800220E2B01D00133CF
:104DC000DAB26A71FEF7E4FC40082860FFF768FF7A
:104DD000FFF748FD14E00E22002BF2D0013BEFE775
:104DE000FEF7B0FC734A8000136880B2012C0AD130
:104DF00071498B4201D8C01810607048EFF754FE1B
:104E00006F4B01222FE06F498B42F6D91B1A1360BA
:104E1000F3E76D4A1278002A2DD06C4AD57E0B2B11
:104E200001D001235D400020FFF796FEFEF7DEFC77
:104E3000FEF780FCFEF7E6FC654C664A002D02D1C9
:104E4000E38A012B11D8012313700023E380FEF7BE
:104E5000A7FC0022604BE0601A70604B1A70584B40
:104E600001321A705E4B1A7047E0013B1570E38007
:104E7000FEF7A8FCEDE75B4A1268002A3DD1534AD1
:104E8000D27E0B2B01D001235A4057490B68002AD0
:104E900007D0564A934230D8464A12689B180B6096
:104EA00094E7534A934228D9424A12689B1AF6E77C
:104EB000504B0F211878504D421C1A704F4B1C89D3
:104EC000EDF7BEFDC9B24900414B4C53D98AE0B25F
:104ED000802906D9E001EDF72DFD7F2800D97F203C
:104EE000C0B20122464B40005242C252FEF722FCA1
:104EF0000020FFF731FEFEF779FC70BD394B1B68CF
:104F0000002BFAD13F4A13703F4A1370FEF79CFD05
:104F10000120FEF7B9FBF0E7324B1B68002BECD108
:104F2000244C03222379002B01D0013BDAB22271F9
:104F3000FEF72EFC4008206048E70220FEF7A4FBA5
:104F4000FFF7FAFDD9E70123304A11784B4013707F
:104F500003D10122174B52421A81214B51E72C4BAE
:104F60001C78002C01D000227DE7FFF701FD294BC2
:104F70001C70F8F7A9FF284B1968002906D0274BA9
:104F80001A68002A02D009691C600A60244B0024B8
:104F90001868FFF7B7FD234A6300D15A224B185D0A
:104FA0000134EEF749FF072CF5D101221F4B1A708F
:104FB0001F4BD8E7840000203F0D0300A0860100AE
:104FC000AC2C002010270000800000204C1E002088
:104FD000802C002077000020620000207B00002051
:104FE0008100002028070020982C00207FA4BF0704
:104FF00040771B004E2B0020502B00209C2C0020C3
:105000006E2B00202B2A00202A2A0020AF2C002003
:10501000442A0020841E00203C1D0020402A00203D
:105020003C2A00202C2A0020E8C5010803070020A4
:105030003A2A002070B53224FF256320EEF7C2FC27
:105040002840C72806D9013C0120E4B2EFF72CFD27
:10505000002CF2D1EFF71CFAEFF71AFA154B040007
:10506000DD8A1880D888802D06D92900C001EDF787
:1050700061FC7F2800D97F200F4EC0B20F4943004A
:10508000B44203D101225242CA5207E0CA5A802DCB
:105090000AD9B24202D0A24201D8CC5270BD03203C
:1050A000424312199208EFE7A242F6D912195210A0
:1050B000EAE7C046802C0020FFFF00006E2B002096
:1050C00070B5284E8AB03000EDF704FC8022041E33
:1050D000254D264815D1210004F08EF880222100AC
:1050E000280004F089F80323220002212048F8F761
:1050F000ABFF0423220002211E48F8F7A5FF0AB0E7
:1051000070BD002104F078F880220021280004F00E
:1051100073F8112C06D80323002202213000F9F77E
:1051200003F8ECE705AD11223100280004F093F9F3
:1051300000220323113C022128006A74F8F7F4FFCF
:10514000231CA4B2112C00D911239CB222000A49BD
:10515000684604F080F96B46002202211A55684621
:105160000423DCE74B050020B31B0020331B002089
:105170004CA8010859A801085C05002010B5044B93
:105180001B78FF2B03D0034A9B009B58984710BD08
:10519000FF1D002064C7010870B50400FF281CD063
:1051A0000E4D2B78834214D0F1F766FA00230C4A97
:1051B00013700C4A13700C4A13700C4A13700C4A8B
:1051C00013700C4A13700C4A13700C4A1370EFF7EB
:1051D00013FB01220A4B2C701A7070BDFF1D0020BA
:1051E0001B1E0020E8210020FA1D0020E01D0020E9
:1051F000DF1D0020E2210020FB1D0020DD1D00201E
:10520000281E002000200122064B10B51870064B06
:1052100052421870054B1A80054B02321A70FFF784
:10522000BBFF10BD92060020910600202600002042
:10523000F31D002010B5802205490648EFF714FA47
:10524000E022054905489200EFF70EFA10BDC0466E
:105250003D07002008100100B3190020881001004C
:105260000EB403B5012103AB04CB49420193FEF711
:105270003DFD02B008BC03B018470000F0B589B08E
:10528000F9F72CF80520F9F711F80823009300230B
:1052900002211A005F48F8F793FE5F4C5F4BA67D32
:1052A0000A21B5076D0FE85AEDF744FB83B25C4F56
:1052B0000393B60700D15B4F5B4B0A21585BEDF7B8
:1052C00039FB5A4E80B23B003100039A009004A88B
:1052D000FFF7C6FF062304A800220121F8F7B4FE59
:1052E000534D54482B78002B12D1534B53481B7805
:1052F000002B0DD1524B1B78002B33D1E27C002ABE
:1053000023D0A27C4F49013204A8FFF7A9FF04A8CB
:105310000A237F2200930021073BF8F751FE2B78E8
:10532000002B06D1E37C002B46D0474B1B78002B8B
:1053300042D0464B1A78444B1B78002B1BD1444972
:10534000013204A8FFF78CFF2DE0A38A41495000E9
:10535000085A0132834201D13F49D5E7302AF6D1BC
:105360003E48D5E73E4B3F481B78002BD0D0374B0B
:105370003D491A78C8E73D4B02AA13812D233C49C9
:1053800093720A780A2A01D03032D3B202AAD372B9
:105390004B782D220A2B01D03033DAB202AB1A73CC
:1053A000002302AA53730A237F2200930021093BA2
:1053B00004A8F8F705FE22E01F4B1B78002B01D054
:1053C000A27CBCE7204D2B78002B1CD1A68A0A2199
:1053D0003000EDF735FB30008CB20A21EDF7AAFA68
:1053E0002300244982B204A8FFF73AFF2B78242136
:1053F0005A42534104A80122DBB2F8F7B5FEEFF799
:105400005BFA09B0F0BDF9F74FF81B490200C31C65
:10541000E9E7C046D4A301084C1E00204CAE0108A9
:105420005EA2010896A9010854AE010875A80108FA
:10543000FB1D002063A80108DD1D002069A80108EC
:10544000DF1D00207EA801081B1E0020A61D0020D5
:10545000A0A80108461D002089A80108B8A50108D8
:10546000AA1D00206EA8010895A801084348000065
:10547000D0030020A8A80108AFA8010800B5802229
:10548000002112488BB003F0B7FE114B1A78114B74
:10549000022A09D0104B1A78104B002A04D1104A66
:1054A0001278002A00D10F4B0F48104A007812786A
:1054B0000F49009002A8FFF7D3FE06230022022125
:1054C00002A8F8F7C1FD0BB000BDC046B31C002018
:1054D000F6050020D0A10108E60500208FA60108EE
:1054E000F1050020B9A801085E000020010000209D
:1054F000BDA8010870B508490400EDF7A1FA200025
:105500000D000549EDF716FA044C02002B002000AF
:105510000349FFF7A5FE70BDA0860100582A0020B0
:105520007DA10108F0B587B0002801D1354B18687E
:10553000FEF7BEF80500FFF7DDFF2B220127324CF6
:10554000110000232000F8F77FFD304E304B327DF4
:1055500030499200D2182000FFF782FE00233A0063
:10556000742120000097F8F75FFEF27A2A4B920030
:10557000D2582A492000FFF773FE002307226C212E
:1055800020000097F8F750FE2800FEF791F8244B12
:105590000500492218000021039303F02DFE214B42
:1055A0001B78002B24D0204B204E1A68954216D031
:1055B00000241D6034700022A7B211003800F6F7F5
:1055C00097FE002818D00822200104A9EFF74CF814
:1055D000049B9D4210D139003000F7F7AFFF3378BC
:1055E000002B05D006223000114B0399F8F7C8FCB8
:1055F000EFF770F907B0F0BD80230134DB009C4267
:10560000D9D1ECE7A82C0020582A002084000020E3
:10561000E4B40108CAA80108F0C50108CEA8010831
:105620006807002080000020542A0020452A00201E
:105630006AB901080CB407B504AB04CB0193FEF7BB
:1056400055FB03B008BC02B018470000002270B53B
:10565000040010000B4E93B2994200D870BD08258B
:10566000A35C1B02584003B2002B07DA5B007340B7
:1056700098B2013D002DF6D10132ECE7400080B236
:10568000F7E7C04621100000F0B5802704000E00A7
:10569000150085B07F04002D01D105B0F0BD0023B9
:1056A00000930A3320006B4403AA2900FDF73EFF54
:1056B0006B4603985A89B8420BD3FF21300003F0A0
:1056C0009BFD6B465B891C19ED1AA4B2F618EDB26E
:1056D000E1E73100EEF7C8FFF3E7F0B504000D0095
:1056E000082685B009270A236F4420006B44310047
:1056F000009703AAFDF71AFF802303985B049842E2
:1057000005D26A4629003B785289EFF779FC6B464F
:105710005B89F61A1C19B6B2A4B2ED18002EE1D1BD
:1057200005B0F0BD30B58024094A4118884208D13F
:1057300030BD013B1568254205D1002BF9D1013060
:10574000F4E7044BF6E7002BF9D003785360F6E753
:105750000038014010270000F7B50F0014000128A1
:1057600027D00F262B4D030033403A5CEB5C5340AF
:105770003B5401308442F6D86A46274B68460421E0
:1057800013805480FFF7CEFF21003800FFF7CAFFD7
:1057900023003340EB5C0134DB4301A83440037049
:1057A0002B5D0421DB4343701C4B4380FFF7BAFFA2
:1057B0002FE0902A2DD81A4803F04DFE19490022F7
:1057C0000800231D134D5B1817000F263740EE5DB0
:1057D000077901327E40067101309442F4D8552297
:1057E00052420A7022324A70220ACA700F202200E6
:1057F0000240AA5C8C70D2431A70621C0240AA5C00
:105800007230D2435A70054A5A8022000832FEF79D
:10581000D5FCF7BDECC60108ABCDFFFFDCBAFFFF3E
:10582000582F0020542F00200E4B70B51B78002BF2
:1058300015D00D4D2B78002B13D001230B4C0A00F3
:10584000010081202370FEF7B9FC094B2278002A61
:1058500007D0013B002BF9D123702B7001E0FFF73B
:1058600061FF70BDA8240020A3240020C32C0020C9
:10587000A0860100F0B585B0002815D1634B644DBA
:105880005A6880235B009B1A624A634E9BB2009267
:10589000624A80209446FF2440002A889A4200D021
:1058A0009AE0002005B0F0BD5D4B5E4A1B685E4D7E
:1058B0005E4E9BB20092EBE701312140298029889E
:1058C000994200D19EE0775CAB2F00D187E0013A8E
:1058D00092B26245F0D15A1A994202D35A1CFF3251
:1058E000521A92B2072ADCD901312140775CCD2FC0
:1058F0007AD0013880B229806045CED1FF20298836
:105900000191023101404C1C0440375D745C3F0240
:105910003C4327B20297802703947F000834BC469B
:10592000BC425FD8029C07349442BADA029A023130
:10593000941C014064180440325DDC2A52D1621C80
:105940000240B25CBA2A4DD18FB2A2B2A1424ED966
:105950006246D71BBFB23A19624543DC3A00711860
:10596000009803F078FD22003100009BD81903F065
:1059700072FD0234019BE7B2E4B2F018A3423DD9B4
:10598000802252000021D21A03F036FC3A00002196
:10599000300003F031FC039B2C80991C0F24002362
:1059A00023481A00009D2240ED5C825C6A40009D05
:1059B000EA5401338B42F4D303992800FFF746FEE3
:1059C000029A0299AB185A786B5C12021343181AA8
:1059D00042425041C0B265E7802252006FE7002A80
:1059E00000D078E72B805CE7002887D1FAE7D21B4C
:1059F00092B26245F6D800987118B8E7019B002171
:105A0000FA1AC6E7002AEDD04BE7C0461C00024058
:105A1000502F0020502D002058180020FFFF0000BC
:105A20007C020020502E0020522F002080020020F7
:105A3000ECC60108F0B50500544CA3B0002800D115
:105A4000534C2388534A934241D007D8524A934239
:105A50000CD01422514B1A7023B0F0BD504A93421F
:105A60005ED0504A9342F4D1F0F738F963684E4A59
:105A7000002D00D04D4A136004224D4B1A704D4B3F
:105A800008321A704C4BDB7F3C2B01D8EDF786FFB8
:105A90004A4B4B4900930023CA5C002A05D01800EA
:105AA0000133684402710F2BF6D16B441A000023B6
:105AB00069461371434A4B7512780A75282206937A
:105AC0000793089309932800FFF746FEC1E7364B7A
:105AD000002D00D0354B1B68A2689A42B9D10C2228
:105AE000344B00211A70324B083A1A706B467D32E3
:105AF000D81D03F081FB6A466946334B1380A279B7
:105B0000131D4B802F4BA0881B7888808A71002B37
:105B100002D102A9FFF7B8FDA27908326946D2E79F
:105B2000214B002D00D0214B1B68A2689A4200D067
:105B30008FE70C221F4B1A701D4B083A1A706A46E9
:105B4000224B0093A38893801E4B1E78002E05D114
:105B500027000C37A379DB089E4201D30622DDE73C
:105B6000A088F300C0181A4B80B2C318072B07D9BE
:105B7000184BC3183F2B03D9174BC3189F2B02D8C0
:105B80003900FFF7AAFD01360837E3E7502E002061
:105B9000502D00201B050000140500004C2D002096
:105BA0001D050000DD050000482D0020442D0020CB
:105BB000FE1D0020C91D0020541E002015052400D4
:105BC00023AE0108FC2000201C0500001E05020079
:105BD00068F1FFFF00F1FFFFB0F0FFFF70B50400B8
:105BE0000125EFF7C7FA8020EFF740FB600028435C
:105BF000C0B2EFF73BFB2800EEF756FF0020EFF7AF
:105C0000E9FA04002800EEF74FFF2800EFF7E2FA68
:105C10000500EFF7C7FA2002284380B270BD70B5C7
:105C200005000C00EFF7A6FA8020EFF71FFB6800D5
:105C3000C0B2EFF71BFB60BA84B2C0B2EFF716FB3D
:105C4000002802DB200AEFF711FBEFF7ABFA70BD7B
:105C500010B502200149FFF7E2FF10BD410200002C
:105C60000F4B4A00D35A70B5C01A84B205200D00FC
:105C7000FFF7B4FFC0239843AD0181B2294305204B
:105C8000FFF7CDFF21000320FFF7C9FF0548EEF71E
:105C90000BFF8021090203202143FFF7C0FF70BDE5
:105CA0004CAE01081027000010B5044B997D988A6E
:105CB0008907890FFFF7D4FF10BDC0464C1E002096
:105CC00010B50C4C238AA382E37C002B0FD001215A
:105CD000A07CFDF781FCFF2804D100230138E37488
:105CE000FF3810BD044BA0744000C35AA3820020AB
:105CF000F7E7C0464C1E0020461D0020F8B50923DA
:105D00000124CB40050023421DD0244B1B78002BDF
:105D100002D103394C424C410127214E3770EEF736
:105D20006BFD03221F4B1A700E2D34D82800ECF7A0
:105D3000E3FD080B321932323232272A3232323244
:105D40002D00EEF715FCF8BD032017498A7D930757
:105D50009B0F0133034082431A438A750122134B80
:105D60001A70F0E70124104AD37C6340D374FFF724
:105D7000A7FF00280FD1FFF797FF0C4B1C70E2E73D
:105D8000EFF786FFDFE7EEF771FFDCE72000384032
:105D9000F0F7C4FBD7E702233370D4E7BD07002038
:105DA000191E0020570000204C1E002095060020E0
:105DB00070B5A0230C008021DB0549009962002109
:105DC0000F4B104D197029780A23002900D16E332A
:105DD0000D490E4E0B8000230D49B0820B700D490A
:105DE0000B700D490B700D490B709A4204D10019CC
:105DF00080B2FDF70BFCB0822C70FFF755FF70BD31
:105E0000441D0020DF1D0020A81D00204C1E002086
:105E1000B91D0020A71D0020FB1D0020DD1D002056
:105E20000022114B10B51A70104B1B78934203D00F
:105E30000F4B0132FF325A82FFF742FFFFF734FF68
:105E4000F7F774FD00230B4A13800B4A13700B4ABB
:105E50001370EEF7BBFEA0238022DB0552009A618F
:105E6000074BFF3A1A7010BDDF1D0020AA1D00204D
:105E70004C1E0020A81D0020B91D0020FB1D002085
:105E8000441D00200B0070B554001C191100E4B231
:105E9000122823D8ECF744FD13001300130013005D
:105EA0001300130013001300130013009300F500F8
:105EB000F50055019000B001B401B801B801002C03
:105EC00000D075E0B04B1B78002B00D070E0AF4BDA
:105ED0001B78002B03D0AE4B02221A7070BDAD4B65
:105EE0001B78002B1AD1AC4B1B78002BF3D1AB4B9A
:105EF000DE7CF8F7C1FA1023A94AAA4D13700D3BB6
:105F00002B70A94B1978002E2DD1012908D1A74A51
:105F100011780129E2D951701670DDE70226E8E711
:105F20000329DBD901241E701470F8F7BDFAF6F7C7
:105F3000EBF89A4A9E49937D9B075B0F595A88421A
:105F400003D39C495B5A984205D90222904B1A70A0
:105F500003232B70C2E780B210829082FFF7A4FE69
:105F6000954B1C70BAE70229B8D1002119700123A2
:105F700013708E4B5C781A780A235343013CE41863
:105F8000E4B2012E0FD12000FDF708FB0028A2D0BB
:105F9000824A8A4B94746400E35A9382FFF784FE2A
:105FA000854B1E709AE72F2C00D994E7844BD8E7D5
:105FB0002100FFF7A3FE91E721000E20F9E7032C53
:105FC00005D101220A201100EFF7F0FD86E7002C31
:105FD00000D083E70322734B6D4D01341A702C708F
:105FE000EEF70AFC6C4B1B78002B2CD16E4B1B7808
:105FF000002B00D06FE7694AD37C002B0FD1654896
:106000000578002D07D06E496C4B0978928AA14023
:10601000CA52694B1C7001236B4003705EE75B4DF5
:106020002B78002B0BD00121927C644B520049420B
:10603000D152FFF745FEFFF737FE5F4B1C7001237F
:106040002A78534085E75F4B1B78002B03D15E4BCA
:106050001B78002B04D1022300222B70524B3CE70B
:106060004C490878002808D0554A4C4D1278534BBB
:10607000AD8A5200D552504B1C70012343400B7027
:106080002CE701250B2820D1EEF7B6FB464B1B78F9
:10609000012C1CD1002B00D01DE73D4B1C703F4C48
:1060A000E37E002B01D16D426DB23A4B1B78002B81
:1060B00017D003223B4B1A70414A13785B19591CC5
:1060C0000CD02F2B0BDD002309E06D42DCE7002B09
:1060D00000D003E7032C00D000E7E0E72F23137084
:1060E000FCE62D4B1B78002B0BD0364B1A78002A80
:1060F00000D0F0E62900A08AFFF75AFE0322294BC0
:10610000EBE6E37C002B14D0A67CE9B27018C0B299
:10611000FDF762FAFF2809D0864207D0274BA0740A
:106120004000C35AA3820122234B1A70FFF7BCFD23
:10613000E4E7208A401980B2FDF768FAA082208245
:10614000F1E7194A1378002B16D0002C00D0C5E6D1
:1061500001200F49087010490978002949D1002B06
:1061600034D10C49094B0A78002A09D11A78002A3F
:1061700006D1EEF7FDF9B1E6012C00D0AEE6E7E777
:1061800000220A701A70B9E7BD070020DD1D00204B
:10619000191E0020FB1D0020DF1D00204C1E0020CA
:1061A000201E0020570000201B1E0020D0030020CE
:1061B0004CAE010854AE010895060020461D002093
:1061C000A61D0020AA1D0020A71D00200A211024C2
:1061D0001248013BDBB2C154114913700C70002B03
:1061E00004D0012B8AD10378002B87D100231370B0
:1061F00084E7FFF715FE81E71800F0F781FA6DE6F6
:106200001800F0F7CBFA69E6012C00D166E602220D
:10621000044B1A70EEF7F0FA60E6C046D003002097
:10622000201E0020191E00200023F7B501212D4A51
:106230002D4D13702D4A11702D4A13702D4A138065
:10624000AB7DAE8A9B079B0F0193002E45D02A4F52
:106250003C78002C3CD1294A6300E0B2D15A013489
:10626000FFF7DDFC222CF6D12548EEF71DFC1920A6
:106270002449FFF7D4FC19202349FFF7D0FC234819
:10628000EEF712FC01233B70214B052019784B429D
:1062900059410F2349421940A1231B01C918FFF797
:1062A000BEFC30000199FFF7DBFC1A48EEF746F917
:1062B000A0238022DB0552009A61174BFF3A1A7027
:1062C000164B38351A7003232B70F7F7FDFDF7BD19
:1062D00002201349FFF7A3FCD6E702201149FFF77C
:1062E0009EFCE2E7250700204C1E00201A1E00201D
:1062F000DF1D002012070020C22C0020A8C60108C4
:1063000090D003003CA80000BCA8000060EA000098
:106310000507002080789D00441D00202D1E0020D0
:106320000102000041020000054A1378082B01D940
:10633000002313701278034B9200D0587047C04668
:10634000C12C002084C60108F0B589B0F7F7C6FF5C
:10635000704D71482B78002B05D07048012B02D06E
:1063600000236F482B7008237F2200930221002313
:10637000F7F726FE6B4B04AC1E78002E43D16A4B18
:106380006A491B681F683800ECF75AFB3800029115
:106390006649ECF7CFFA66490200029B2000FEF73F
:1063A0005FFF0F2002AF032332006121C019F7F70E
:1063B0004BFEE6710023022210212000F7F7D4FEE5
:1063C000FFF7B2FF5B4A5C4B16882A7802901B8865
:1063D000C188002A25D1594B1A78072A1CD8D20126
:1063E00013002000564980330132FEF739FF08239D
:1063F0007F22009302212000033BF7F7E1FDEEF737
:106400005BFA09B0F0BDF8F74FF84E490200C31C23
:106410002000FEF725FFCDE720004B4903F013F8DD
:10642000E5E79B191F1C9BB28B4200D90F1C474804
:10643000BFB27843ECF708FB83B2180064210393E2
:10644000ECF778FA642185B20398ECF7F9FA404A40
:106450008BB21278002A52D12A0020003D490096C2
:10646000FEF7FEFE3C4B1B78002B17D008233C2583
:10647000422620007F2202210093033BF7F7A0FD74
:10648000364C374B7A22E554364B81213648E65458
:1064900002F0B2FE354BE654354BE554002FAED03A
:1064A000244B344918880B7883420AD007257B1E79
:1064B000DC101D400123AB402F4A0870155D2B43B3
:1064C0001355002307201A0084462C492C4D8124A3
:1064D000974209D9284ED010305C664616403041AC
:1064E0000126304200D13C3402980C70C0881B1841
:1064F0009BB2772B09D80131A942E8D17FE72A0066
:1065000020002049FEF7ACFEACE7783B01329BB29D
:1065100092B2EEE7361D0020D3A80108E1A80108D9
:10652000EAA801081B1E00203C1D0020A0860100D7
:10653000F3A00108FA050020F8050020C12C002076
:1065400002A90108F8A8010812A9010810270000F3
:10655000FD0500201BA90108C02C0020B319002054
:106560000102000002020000B61B00207D020000B4
:106570007E020000B02C0020B12C0020B71B0020B0
:106580002F1C002030A9010870B5002207250749FB
:10659000074C13002B405B004E881B5B013273409D
:1065A0004B8002318242F4D170BDC04648060020C3
:1065B00074C60108F0B5724B8DB01B78002B09D062
:1065C000704B1B78012B07D0022B00D1D0E00122A9
:1065D0006D4B1A700DB0F0BD6C4C2378002B04D1BC
:1065E0006B4C2378002B00D1B0E02000ECF772F95F
:1065F000802205000021674802F0FEFD8022002174
:10660000654802F0F9FD0323002202216348F7F7F1
:106610001BFD112D79D8032300221C212000F7F740
:1066200013FD5F4D80220021280002F0E5FD5D4B47
:106630001E7833007F33DBB201937F235A4A334005
:1066400000920099594AC95CD25C0136F6B20B1C23
:10665000914200D2131C7F21544A00983140525C71
:10666000415CDBB20F1C914200D2171C0024FFB228
:106670003F2B07D8072041215843ECF75BF906234D
:106680001C1AE4B200203F2F07D80730412178437D
:10669000ECF750F90623181AC0B2012106230F00A7
:1066A0001B1B9F402A783A432A70844251D20F0024
:1066B0009F402A7801343A43E4B22A70013BA04259
:1066C000F5D2019B01359E42B7D17F23009A1E402F
:1066D000364B915D9B5D0A1C994200D21A1CD2B2C6
:1066E00040233F2A0BD8072041215043ECF722F9E1
:1066F0000623181AC0B2181A053B8340DBB22C4A95
:106700002C495354FEF7BAFE61E71122210002A87A
:1067100002F0A1FE002202AB5A74113D03231C219A
:1067200002A8F7F791FC2B1CADB2112D00D9112353
:1067300021009DB207AE2A001131300002F08BFE1D
:106740000022042302213000725568E7FEF7B8FCEE
:1067500067E78442B5D906231B1A0F009F402A78A9
:1067600001303A43C0B22A70013B8442F5D2A8E717
:10677000FEF7A6FC80220021094802F03DFDC1E79A
:10678000D71D0020F6050020281E0020C32500206C
:10679000D6050020331B0020B31B002040A90108B0
:1067A000331C0020C225002042250020C2240020E6
:1067B000B3190020FF02000005490A784F2A06D8C5
:1067C000531CDBB20B70034988540022CA54704733
:1067D000470500204B050020F7B5484D022816D08C
:1067E000032800D180E02B78012808D0052B02D89F
:1067F00001332B7002E00122414B1A70F7BD052BCB
:10680000F9D898403F4A117801431170F0E7297890
:106810000029F3D03A4B3B4A00931B780192002B9E
:1068200011D14A1E052A0ED8019A1478364A100052
:1068300056788E4210D19678A6420DD1032253434A
:10684000C65C002E0DD10023019A2B7013702F4AC5
:106850001370009A1370D1E7013303322D2BE7D167
:10686000F1E7392E09D8252EEDD93200284B263AEA
:10687000D2B2D340DB0709D4E5E733003D3BDBB2BE
:106880001D2BE0D8234ADA40D207DCD51F4B224C1F
:106890001B78002B12D023780F2B06D90F221F490B
:1068A0001F4802F0B1FD0F232370202021781C4BDC
:1068B0004A1C58540021D2B2227099542378184FA0
:1068C0000F2B06D90F223800144902F09DFD0F232B
:1068D00023702278531CBE540022DBB2FA5423707A
:1068E000104B01321A70AEE700230121054A2B70CC
:1068F0001370064A1170024AACE7C046C12400205A
:10690000C0240020BF24002014C50108BE2400209C
:10691000E5FF0F00F5FFFF3FBD240020AD24002060
:10692000AC240020281E0020F7B526222D4BFF3274
:106930009E5C0023233AFF3A05001C002A4F324098
:10694000012A1DD00122294B1B699B0A9A430192FF
:10695000F30605D5A0200821C005FEF7A3F8040022
:10696000730706D5802121480901FEF79BF80443EF
:10697000E4B2B60631D4019B002B01D03B68013351
:1069800000211B4A3B608C4201D01168013111602B
:106990000222184E184C30789A429B418A4292410A
:1069A0004142484121785B424F4279415242404244
:1069B000494218401140114FA870E9702B706A705D
:1069C000002806D00021397039783370297122707F
:1069D000F7BD0029F8D00121F5E72300019C0193C0
:1069E000C9E7C0464C1E0020AC0500200004005042
:1069F000A8050020B1050020B0050020A605002054
:106A0000F7B5051E03D003780024002B17D1F7BD7E
:106A10000E4E0F4F33784F2B06D94F2238000D49B9
:106A200002F0F2FC4F233370019932780978531C3D
:106A3000B9540022DBB201343370FA54E4B22B199A
:106A400001932B5D002BE3D1E1E7C046AB2400208E
:106A5000C3250020C425002010B5094C094A23781D
:106A60000949D054CA5C824205D2C8547F220133FE
:106A70001340237010BD002AF8D0013ACA54F5E73C
:106A8000C2250020C224002042250020F0B5384B4A
:106A900085B002931B7803900193002B65D0354E8F
:106AA00064233578344F002D16D029003888EBF751
:106AB000CBFF0024022D00D8143464251421684330
:106AC000EBF738FF031CC0B2A84200D92B1CDAB286
:106AD000A24200D2231CDBB2284A294D13700023A6
:106AE000019A2848AB542A783B8033709A422BD0C5
:106AF0000122E95C002915D1234B9B5C2A2B01D094
:106B00003F2B0AD1214E0024370028007168EBF793
:106B1000D7FE002813D1E4003B5D1D48037000231D
:106B2000437011E02E2905D152003F2AEADC0133DF
:106B3000DBB2DEE72D29E5D152000132F5E7013461
:106B40000836362CE1D113480378002B01D0FFF72B
:106B500057FF0023029A2B701370039B002B02D067
:106B60000848FFF74DFFFFF725FD05B0F0BDC04613
:106B7000E9050020D3050020D40500205E00002098
:106B8000D6050020EAA20108D4C4010860AA0108C1
:106B9000A9240020A0A2010810B5002807D00022D7
:106BA0001D4B1A701D4B1A701D4B783A1A80002429
:106BB00001221C4B21001C701B4B1C481C701C4BE1
:106BC0001C801C4B1C801C4B1C701C4B1C701C4BD9
:106BD0001C701C4B1A707F3202F00EFB80222100C9
:106BE000194802F009FB7822184B52421C70184BCE
:106BF0001C70184B1C70184B1C80184B1C70184BC9
:106C00001C70184B1A80184BDC321C80174B1C7000
:106C1000174B1A7010BDC046AB240020C3250020BE
:106C20001A000020E9050020D6050020C22400201B
:106C3000EE050020EA050020F0050020E605002012
:106C4000E5050020F305002042250020F105002085
:106C5000E8050020E7050020E2050020C22500200D
:106C6000EC05002018000020D4050020D3050020EA
:106C70005E000020962010B50F4BC0001978EBF78E
:106C8000E3FE1423132803DDDC33984200DC83B2D7
:106C90000A4A0B49138003225A4392B20A800949D7
:106CA00000200B8008490A8007214B43074A1380C4
:106CB000FFF772FF10BDC046010000201C0000203D
:106CC000100000200E000020120000201400002000
:106CD0002A4B10B51A78002A4ED000241C70284B7D
:106CE0008022210027481C7002F086FA80222100B1
:106CF000254802F081FA80222100244802F07CFA23
:106D000021008022224802F077FA0120FFF744FF99
:106D100020490B78A3420DD01F4A204B12780C70EB
:106D2000DA771F4A1F4B1278DA7701221E4B1A704E
:106D3000F5F76EFC1D4A1378002B0BD01C4B1D4938
:106D40001B7804200B70002111708B4200D0023898
:106D5000EEF7D2FF18490B78002B05D0174A184BD5
:106D600012781A7000230B70EDF7DFFA0022154B32
:106D70001A70154B01321A7010BDC046D71D002085
:106D8000F6050020331B0020B31B0020331C00201D
:106D9000B31C0020E0030020E2030020511E00206D
:106DA000E1030020521E002052000020DF030020DB
:106DB000DE03002030070020DD030020DC0300207C
:106DC0008D1E0020BD070020281E002070B5234A1C
:106DD0001378DCB2002B10D1214B5D686D42EDB20F
:106DE000204A13789D420DD1002C17D00F221E4B44
:106DF0001A7000221D4B1A7003E01378013BDBB2BE
:106E0000137070BD591C1170194A1A48D15CEDF706
:106E1000A7FC002800D120000400E1E70225164B62
:106E2000FF351E68F6B2154A13789E4207D1002C32
:106E3000E7D00F220C4B1A700C4B0E3ADBE7013DEA
:106E4000002DF4D00E490F48C95C01331370EDF7E3
:106E500087FC002800D120000400E4E74C2D00202E
:106E60001C000240A52400205D000020A824002072
:106E700058180020A42400207C020020A724002011
:106E800080020020A6240020F0B5554A8FB0137868
:106E90000390DDB2002B05D1524A1378002B06D1A6
:106EA0000FB0F0BD1378013BDBB21370F8E7013B84
:106EB000DBB213704C4A002BF7D01378002B02D1B1
:106EC00001331370039300242600102200210AA826
:106ED00002F092F9454F01970D2104ABC91820002B
:106EE000FCF778FE0123424907A81A5C01335140A0
:106EF000404A5143092BF8D13F4B0A0C1B784A40BA
:106F00000293019B92B21988914206D1029B1A1BEF
:106F100051424A41039B1A430BD0072101232140D0
:106F20008B401900E2080AA8835C09361943815492
:106F3000B6B2019B01340233E4B20193802CCBD171
:106F40007F21029B2C4A01330B401370002EA7D0E7
:106F50002A4B1B78132BA3D104ABD81CFF237E39FB
:106F60000370FEF761FC264B05A803800223052170
:106F70008370330A0671C3700126FEF755FC793C15
:106F80000AAAEB08D35C2A0022401341334219D0ED
:106F90000D2104ABC91828001D73FCF71BFE092145
:106FA00007A8FEF741FC0122114B0C2004A9091887
:106FB000895C01324B400F494B43092AF5D11A0C29
:106FC00053403B800135EDB20237802DD8D104AB60
:106FD000981C0A2301210370FEF726FC60E7C046D7
:106FE0004C2D00205D000020A2240020A2230020C0
:106FF000C59D1C8193010001A023002059000020A1
:10700000AA550000038810B501330380FFF78CF9FF
:10701000074B084A1B8812889B18C2889BB29A4269
:1070200005D80222044B00201A70FFF72DFF10BD77
:10703000F8050020FA050020361D002010B50124B7
:1070400000210A4B0F221C70094B1970094B198043
:10705000094B1970094B1870094802F0CDF820004F
:10706000FFF712FF074B1C7010BDC046C02C00205C
:1070700090060020F80500201B1E0020FD050020C2
:10708000B12C0020361D0020F8B5002A45D100297A
:1070900043D010283ED0414B01321A700D2800D940
:1070A00079E0EBF729FC070707070707070707073A
:1070B0004061614CF7F7E0F9394B1A78052A29D974
:1070C00000241C70F7F7F0F9F5F71EF86425454326
:1070D000344E33689D4221D373689D421ED22800EE
:1070E000F4F7ACFE002819D12F4F28003E68B18B71
:1070F000F4F772FE34863060B0603000F5F766F960
:107100002A4B3A6801201A60FAF73EFCEDF754F971
:10711000EDF714FE0422264B1A70F8BD0134083630
:10712000072CD6D1F6E70120FFF788FF214B224A32
:107130001A8000225A80214A0833DA87EAE7184B7E
:107140001C78002C09D12000FFF778FF1C4B1C7025
:107150001C4B1C80EDF704FEDCE70A22013CE4B284
:107160001C70194B1A55D5E701230B280FD1174A6C
:10717000D27E002A01D15B425BB2154C20780133EC
:1071800007D001300921EBF75BFC2170C2E75B42BD
:10719000EDE70830F6E702221A70BBE7191E00205F
:1071A0001B1E002028AA01083C1D0020381D0020BD
:1071B0005700002048060020CDABFFFFBADCFFFFE0
:1071C000B02C0020FA050020D00300204C1E002027
:1071D000C12C0020037842680078084940B200289A
:1071E00006DA7F20034046339B00CB185A60704775
:1071F0004E339B00C9184A60F9E7C046EC000020F6
:10720000F0B5BB4F87B03B79DAB20192BA79D2B20E
:1072100002927A79D2B20492BA7BD2B205925B071B
:1072200025D5C022B34D00215200280001F0E4FF13
:10723000AE2200244026B04B52006E6021003C700C
:1072400080209C5232002C70FDF78EF83200210015
:107250002000FDF789F821000120FCF7EFFC012256
:107260007B7813437B70A54BBA727C721C70019BB8
:107270009B0703D500210620FCF7E0FC019BDE07FD
:1072800003D500210520FCF7D9FCBB7A029A1A40ED
:1072900013000192DB0711D50024BC73387C042352
:1072A0000500964AC1B21D40184219D0397C994355
:1072B000397414700123019A9A4301920124019BAD
:1072C000002B00D0C0E001247D7A049B1D40019575
:1072D000019B002B00D01BE1059BBB7307B0F0BDE9
:1072E000CB0602D580233B741570824B187800289A
:1072F00004D01878C0B23870002018701478E0B24A
:10730000062CD7D80124EBF701FB07005D00D5FF61
:107310006C009C009C009A002142CBD07B7C082B07
:10732000C8D100227648774B017899540132082A57
:10733000FAD1714C220003CB03C28023E2885B00A8
:107340009A4206D923787F2B03D88020FCF7E8FFE8
:10735000B0E700206C49E260A160226120758242A2
:1073600005D023787F2B02D8FCF7E8FEA2E7FDF7D3
:107370009DF80028E9D0E38826691D000293B342F6
:1073800000D93500A168E5608B070CD080235B0035
:107390009D4200D98EE75C4B2A001800039302F04F
:1073A0005AF8039BA360029BB34205D9B60603D1EA
:1073B0000123564A237513702A008020A168FCF728
:1073C000FDFE77E75A6B198D986B8A4206D908182B
:1073D000521A98635A63FCF783FF6BE71018002278
:1073E000F7E7214200D165E77A7CD0B2002A12D1BA
:1073F0001900D0310A6812180A601A00D8321168D0
:10740000411811601A00C8321288824210D9002037
:10741000FDF7F6F94EE71A00D03211680200384D38
:107420002C78013A92B20C700131002AF8D1DFE7D2
:10743000D4331B689942EAD040233B743AE70020DA
:10744000C9E70023137035E70123A3400293029A92
:10745000019B134229D00422BC737B7D134202D0CE
:107460007B7D93437B7514216143224D69184B6BDF
:107470000A8D086B93421BD980180863896B9B1A8D
:107480005118142666431B48801981634363002BFF
:107490001FD122007F331A401C420FD10800FCF795
:1074A0001FFF019B029A934301930134E4B206E764
:1074B000C0180863896B59180023E2E70E4B463267
:1074C00092009B185B68002BEBD0802020439847EC
:1074D000E7E79A4200D91A0014236343ED1820000D
:1074E000296B92B2FCF7BCFB01237B75D9E7C04640
:1074F000005C004020220020EC000020012200203F
:10750000205C0040402200200801002000220020D2
:107510000126A640019B334229D00122BC737B7E09
:10752000134221D0BB8B9AB2002B23D1142161438B
:107530001C4B5B181800D030016889180160816805
:1075400051188160D42084469C446046654600689A
:10755000C833801A28601B8893421BD97B7A20008D
:10756000B3437B72FDF74CF9019BB34301930134A4
:10757000E4B2ADE60C4BA000C018142363430B49E2
:107580005B58D11889B205781D7001339DB28D42C8
:10759000F9D1CBE70028E1D001227B7E93437B76B3
:1075A000E2E7C04620220020205C0040F0220020BC
:1075B0000121054B82B09A6B0A439A639B6B0B4087
:1075C0000193019B02B0704700100240042370B584
:1075D0000024074DAB620023E1B21A001800013409
:1075E000EDF716F9082CF6D10423AB6170BDC04647
:1075F00000040050F7B505000F0014001E00824281
:107600000FD1994201DC0E001F00BE4200DDF7BD24
:10761000F2B201231648E9B20136F6F7F3FD36B2AD
:10762000F3E7FA205E1A8000511B7043EBF70CFA67
:10763000104906006843EBF707FAC3190193AC42FF
:1076400002DB23002C001D0027007743AC42DEDC68
:10765000FA2138008900EBF7F7F9019BE1B2C21873
:10766000D2B201230248F6F7CDFD0134BF19EDE790
:10767000B319002018FCFFFFF0B585B00C00150011
:1076800069461022ECF7F0FF6B461B78013BDBB23A
:10769000FD2B20D86A4600210126134813785F1E6F
:1076A000FFB2FD2F08D90023137010226946200075
:1076B00001F0D1FE05B0F0BD232B07D02A3BDBB291
:1076C0001A2B08D80700DF40374204D001310132BD
:1076D0001029E3D1E9E70F222900200001F0C4FEC0
:1076E0000023E373E6E7C046C1FF8007F7B5060055
:1076F0001300150000220C00F6F7A6FC3000EBF793
:10770000E9F8072343431649601CEA011818C3B27D
:10771000661E8F180193BB5D9C467F2360464340E5
:10772000BB55A3185B188021160049428C46803E49
:107730000199A14207D80A4BED015D197F236A5CCC
:1077400053406B54F7BD19786046C9439F1A1970AE
:10775000B95D01344140B955E4B20133E8E7C046B0
:10776000B319002070B51C48EDF79EF980213F2029
:107770000902ECF761FB59201849ECF75DFB682121
:107780005920ECF759FB0024154A63005F20D15AB9
:107790000134ECF751FB242CF6D11248EDF784F9B3
:1077A00059201149ECF748FB0125A4340C20ECF7D3
:1077B00009F9284206D1013C0C48E4B2EDF774F90E
:1077C000002CF3D100210220ECF736FB0248EDF744
:1077D0006BF9EDF7B3FA70BD3075000068800000FA
:1077E00048060020204E0000682800008813000092
:1077F000F0B5294C0727A54401938023DB01040041
:10780000C01800920D00022203AE400002A937808A
:10781000ECF72AFF009B002B14D02B0035331A788D
:107820001823D2001A402B8E2E353B401343337061
:107830002B787370019B002B04D002AB1A8833881D
:107840009A4225D0338802AA13808020832204AD77
:10785000290012010002ECF707FF02AA1288630058
:10786000EA52802083220023290012010002EDF752
:10787000C7FB31002000F4F7A7FC8023DB009C420B
:1078800006D2009B002B03D120000449F6F78EFAA4
:10789000034B9D44F0BDC046BCF7FFFF5EA201084C
:1078A00044080000A022094BD20399680A439A6059
:1078B000022219681142FCD0052252421A600022AD
:1078C0001B6D0380024B1A807047C04600240140A4
:1078D000881F0020044BC25C044B0548D218136873
:1078E00003400B4313607047F5AC010800000240F1
:1078F0000F80FFFF044BC25C044BD21853681B0C73
:107900001B040B4353607047F5AC010800000240B4
:10791000F7B51F0008AB1D7801230C001600D2003C
:107920000132D2B200933B00F6F77EFCA21E0D4B53
:10793000D2B2002F02D10C4BF601F3183E21985C15
:10794000013C41407F209954E4B2E2B2954204D810
:107950003E22595D4A405A55F7BD1A5D42401A55BC
:107960000134F2E73D070020B319002010B502787A
:107970000300013AD2B20120FD2A0CD818002021C0
:107980001A1D03781C008C4301D0FF2B04D1013059
:107990009042F6D1012010BD0020FCE70121044BEC
:1079A000044AC35C9B181A688A431A607047C04631
:1079B000F5AC010800000240044B054AC35C9B186B
:1079C000012219680A431A607047C046F5AC0108E5
:1079D000000002400222054B99681142FCD00122AE
:1079E000187399681142FCD0DB6870470030014081
:1079F0005C2110B5032802D8034B4000C15A432034
:107A0000ECF71AFA10BDC046CCC40108F0B5D04B53
:107A1000AFB0DB7F0EAD5A1E9341CE4C0822CE494B
:107A200028006375CD4E01F016FD08222900CC48D0
:107A3000ECF71AFE2B781A090F2A00D1033A03211A
:107A400062719A080A4022710B408B4200D10023D8
:107A5000E3726B78012219005B0711409B0F032B27
:107A600000D11300BF4A1170BF4A1370AA781C2AB4
:107A700003D805235343823B2361EB78FF2B00D1CE
:107A8000BA4B2381BA4B1868052300280DD1B94B96
:107A90001B681B691D68FBF75FFE0700FBF752FEC2
:107AA0007B089BB258430423281AB34A3836106027
:107AB000B24A337010600025F6F706FAB04B585DF5
:107AC000EBF780FFAF4A6B000135D052072DF5D19F
:107AD000AD4B1A68002A03D01269AC4B12681A60C9
:107AE0000125AB4B28001D70AA4B1D70AA4B1D70C1
:107AF000FDF732F80020FDF72FF89E4B1B6834335A
:107B000018782075F4F7A2FEE07AFFF771FFFCF712
:107B10000BFFFDF7F5F8A14B1D70A04B1B780393ED
:107B2000002B03D1EDF752F82FB0F0BDFFF74EF95F
:107B30009B4B1A78002A03D000221A70ECF7D0FF72
:107B4000984B99491A780591002A1ED000221A7084
:107B5000FBF702FE802818D98D4B1B78002B14D11F
:107B60000121924A1170059A1370914C2778677021
:107B7000EDF7D0FB0500132871D18E4B1B695B0517
:107B80006CD520700023A37077E0059B1B78002B39
:107B9000EBD0804C2378002B03D0FBF733FE00237F
:107BA0002370854B1C787A4B1D78002D01D100F095
:107BB00097FC012C01D100F01AFCFA200025059B4E
:107BC00080001D70ECF770FF0C20EBF7FBFE01232B
:107BD000184200D1EEE202202900ECF72DF9022034
:107BE000EBF7F0FE400500D4E4E229003F20ECF77B
:107BF00023F929000220ECF71FF9FA204000ECF7E6
:107C000053FF2800FCF7A8FFFBF7F0FDFBF792FD00
:107C1000544B1B78AB4205D101224E4B52421A8184
:107C2000664B1A8001225B4B1A70654B1A70F6F78F
:107C300019FC4C4B634C1B78002B01D000F0DAFD93
:107C4000494A614B12789200D258604B19783C2314
:107C5000002900D002335E4900F0E7FD10252570B1
:107C6000AF428FD1A378DA1ED2B20F2B01D80133E5
:107C7000DAB25848A270ECF717FF4F4E3378002B5A
:107C800013D1132D27D10A2F0AD1534B1B78002B68
:107C900006D0524B1B78002B02D13800FDF776F846
:107CA00000224D4B1A704D4B1A70A178032902D057
:107CB000102900D06DE733782478002B00D09BE0AA
:107CC0000A2C00D035E1454A032909D10120424957
:107CD000087013705DE70A2DE7D00A2FE5D0DFE7C3
:107CE0001478002C00D054E7012601273A4B194D97
:107CF0001C701C4B16701C701B4BEC721E70384BAA
:107D00007F421C70374B1C70374B1C70374BAB805D
:107D1000184B1B6834331B782F8103932B75274B2B
:107D20001F80FBF735FDF04028600398F4F78EFDC7
:107D30002000FFF75DFE2E4B1C702E4B1F80164B54
:107D40001E70FCF7DDFFFCF78DFDFCF711FE20E750
:107D5000541E0020840000207CA901084C1E002035
:107D600048A10000AF2C002082000020FFFF00008F
:107D7000280700201C1E00203C2A0020982C0020F0
:107D8000E8C501082C2A00203C1D0020402A0020C4
:107D900080000020620000207A0000203A2A0020A3
:107DA0002B1E00202A1E00207B000020AC2C00206F
:107DB0005F00002000040050AE2C00207400002062
:107DC00081000020582A0020A0C50108770000206B
:107DD0004CA90108204E00001F2600201E2600206E
:107DE00022260020442A0020742C0020010C0000D0
:107DF0007C2C00207E000020012B00D099E00A2C72
:107E00007DD004D923000D3B012B00D9C1E6B64D2E
:107E10002B78002B08D10D2C01D001F011F9B34BB8
:107E20001878FBF731FCB4E60D2C0FD0092B00D9E4
:107E3000AFE60E2C05D1AE4A1178002900D0A8E695
:107E400013705A1C2A70AB4AD45408E0A84A013B6C
:107E50001178DBB22B70994201D100231370FBF72C
:107E6000F3FDA34B1A782B780493002A00D11A0053
:107E700000232D252E279F4E9F4C049928009942C0
:107E800005DDF15C3800092901D83031C8B2E05471
:107E900001330A2BF1D1140000269C4697499548DE
:107EA0000968974D06901018069B471E834215D10E
:107EB000002E01D0914B1960049B9A420BD20023F3
:107EC0000A278E4E8F483568049A0134A2420DD19C
:107ED000002B00D0356001228B4B57E06346387889
:107EE000039E68435D4309183800DDE7069B3900AF
:107EF0001B5D4343ED18EAF71DFD039BE4E77F4B51
:107F00001C68824BE218824B9A4200D941E6774BBB
:107F10001878FBF7B9FB7F4B1C603378002B04D13A
:107F2000FCF7A0FCFCF7BCFE33E62000FCF7EAFD02
:107F30002FE6032C11D00E2C3DD0112C73D820002D
:107F4000EAF7DAFC407171717171587171097171E0
:107F500071712A2A7161002303936F4B1B78002BE8
:107F600003D00398FBF73AFD13E66C4A03991378A4
:107F700000290DD0012B01D8013313700122684B69
:107F800052421A810122604B1A70664B1A7000E649
:107F9000002BF3D0013BF0E7614B1B89023B9CB205
:107FA0005F4B18691C81FBF7F7FCA04207D2012048
:107FB000FBF714FDE6E75A4B1B890233EFE7FBF7AB
:107FC000F9FCDFE70020FCF7C7FD554D2B7D012BA9
:107FD00001D80133DCB220002C75F4F737FC4E4B8E
:107FE0001B78002B01D1013B2B81FCF789FEFCF7AC
:107FF00039FCCEE54A4A0021D37A022B01D0013365
:10800000D9B2D17267E70123454A517D4B40537580
:10801000454A05D02223FF33D05CEBF795FCB8E549
:1080200090235B00F8E7002B03D12000FCF7AEFEA5
:10803000AFE5022B00D0ACE5601F0D2800D9A8E504
:10804000EAF764FC9100A7FDA7FDA7FDA7FD9F002F
:108050000E000E00A800A7FDA7FDA7FDA7FD9A0032
:10806000324B1E78304BDD7E0123002E64D00B2C6A
:1080700000D05D403000FCF735FD0C2272432C4BE4
:1080800004009B181A791E8903925A7907000492FA
:10809000DA88039B0692132B08D1264B002019780F
:1080A0000793F4F78BFB0023079A13700398EBF701
:1080B00089FC0100002D11D0069B9B1B9C4201DC1A
:1080C000A619B7B2049A069B0398934099433B00C4
:1080D0009340194389B2EBF7AFFEFCE6B442F1D30B
:1080E000A41BA7B2EEE7C0462B2A0020AD2C00202F
:1080F0002A2A002014260020782A0020842A002022
:10810000A086010010270000AC2C0020C088E4FFEE
:10811000402DA407982C0020AF2C002082000020C6
:1081200084000020810000204C1E0020442A0020F2
:1081300044C60108742C00200B2C00D05D40C94AB5
:10814000C94B127D9B5CC94A1068002D06D0C84AF5
:10815000904200D8C018FCF7D5FCBCE6C54A904256
:10816000F9D9C01AF7E70022C34B1A70C34B1A7033
:10817000FBF76AFC012054E60123C14A11784B4009
:10818000A7E5C04A01211378032B01D05B18D9B2AF
:108190001170A0E6BB4B00221C78002C00D0F5E645
:1081A0002000FBF771FAB84B1C70B54B1C70FCF744
:1081B000BBFBB7E6FCF73EFFB449B5480D88B54AAE
:1081C00006882B005580002E04D0032373435B19CF
:1081D0009B109BB20380B04EB04833680768DB1B2E
:1081E000AF4F3F78BB4279D333680360002C70D126
:1081F000CF8A16897B1E7F2B00D997E003940794C2
:10820000012F0ED07C1EA0B27F210002EAF71CFCD9
:1082100083B27F20210070430793EAF715FCC3B2B5
:108220000393A04BA04A9D4200D181E09F4B03994C
:108230001970032313709E4B7600F31808930023E4
:10824000059304936B466A461B7C117D0693059B40
:108250007A1E1B0AD2B2BB4200D2DAB2944B54004F
:108260001B5B0132D2B21800BA4201DA914A105BAC
:1082700080225200541A5C4341436418240A8949FD
:10828000A4B200228C420CD0039A06998A4255D19E
:10829000844A954252D02800FBF76EFCFBF74EFC57
:1082A0000200854E069834782100FBF77DFC079A82
:1082B000049B944601330493059B63449BB205934E
:1082C000049B802BBED10134E4B20F2C00D97FE097
:1082D00034700122794B1A70794B1A70684B7948C7
:1082E0001A7800239A420DD10488774E210015395F
:1082F00089B2B14206D8290013310123A14200DB23
:10830000131CDBB20580002A71D1704A002B62D0A9
:1083100000201070FCF720FCFBF768FAFBF70AFA64
:108320006B4B1B78002B00D07CE475E4802769E759
:108330001378002B00D17EE7013B7BE75B4A06996F
:1083400012788A4227D1584A1678002E23D0554AEF
:10835000954220D1089A1088A84204D1581B421E89
:10836000904140421840FBF707FCFBF7E7FB032373
:108370009E1BF6B202000990002E92D02000FBF75F
:10838000FBFBFBF7DBFB0200012E8AD1099BC31824
:108390005B10DAB285E72000FBF7EEFBFBF7CEFBC4
:1083A000039B0499013B02008B4200DD79E7039BAC
:1083B00001338B4200DA74E73A4B9D4200D170E7FB
:1083C0000430021CC0B20F2800D90F22D2B268E7D5
:1083D000002333707DE7234B19890B1C032900D838
:1083E0000423043B9BB29D4234D300231370344BCF
:1083F0001B78002B00D01AE4364A138801339BB255
:10840000138080225201934201D9FFF710FC2B4BBD
:108410001B78002B00D164E2F5F760FF2E4B1B7830
:10842000012B01D100F0DAFC022B01D100F004FD98
:10843000002B00D16DE2284B1A78002A01D100F000
:10844000A7FD0020FEF720FD00221C4B1A70234BD5
:108450001A804EE213780133DBB21370002B00D088
:1084600056E7C4E7840000209BC50108A82C002023
:108470007FA4BF0740771B002B2A00202A2A002058
:1084800022260020442A0020742C0020802C00206A
:108490008A2A00209C2C0020CC050020702C002073
:1084A0007C000020FFFF0000202600202126002065
:1084B0006E2B0020702B0020232A0020AC2C0020E3
:1084C000810000207E000020E9FF00007C2C0020BD
:1084D000AF2C0020282A0020AE2C0020262A0020C5
:1084E000002C00D028E1A84AA849D78AA84A0B68DE
:1084F00010681B1AA7480078834257D30B68136093
:108500003B1C802F00D980239BB20393002305934B
:10851000012F08D9039B7F21581E80B20002EAF781
:1085200093FA83B20593002604966A46049B127C54
:10853000039994461B0A994200D8B4E0DBB29648EE
:108540005900405A0133039ADBB20500934201DA25
:10855000924B5D5A802362465B009B1A58436A43E4
:108560008F4B80181D78000A8E4B80B200229842F3
:1085700004D0FBF701FBFBF7E1FA02003000290011
:10858000FBF712FB059A049B9446013663449BB2A9
:10859000F6B20493802EC8D10135EDB20F2D00D86C
:1085A0002C0001227E4B1C707F4B1A70FA20800039
:1085B000ECF77AFA744CE588E8B2802F07D93900D5
:1085C000E801EAF7B7F97F2800D97F20C0B2724BE3
:1085D0004000C35A734A934253D0744B1B78002B0C
:1085E00009D00F23724A1188A9424AD0013BDBB25D
:1085F0000232002BF7D1E068FBF75AF8002319008C
:108600006C4A6D4E824259410500306882425B419E
:10861000994202D02800EBF791FF28003560EBF774
:1086200017FE00213020EBF707FC644B302019883F
:10863000EBF702FCFCF7FEFC2588A388AB4206D2D0
:10864000E068A580FBF734F8E38820612381638824
:10865000AB4216D928006580FBF708F8584B19691A
:108660000A000A3A824200DD02000120DA60554B1E
:108670001870554B1A60554B1960554B1A60554B85
:108680001960E38AE188802B03D9534A1288012AB2
:1086900010D8524D2C78002C31D1012322008B426E
:1086A0006241130030E000239F4200D147E7039B63
:1086B000013B43E78A189A4206DA494A1388013394
:1086C0001380FBF70FFA92E60022464B1A70FBF775
:1086D00045F9FBF715F8002805D00120FCF73CFA16
:1086E000FCF72AFA83E63E4A138801331380FBF72E
:1086F000F9F9002800D17AE6FCF7D2F877E65A1E9D
:10870000D00FCB1791424341DBB2002B02D1FBF7D4
:10871000CBF96CE60022334B1A70FBF71FF9FAF71E
:10872000EFFF0028D9D1304B1A78002AE4D0187016
:10873000012363402B70EAE7022C00D057E6FCF7D8
:1087400079FC0122184B29491A70059B08881D7075
:108750000D4B1A88224B5A80002804D00323434330
:108760009B189B109AB20A80FBF7AAF8FAF7C8FF89
:10877000002804D11E4B1B78002B00D137E60120C6
:10878000FCF7EAF933E6C046802C0020CC05002037
:10879000782C00207C0000206E2B0020702B002005
:1087A000232A0020FFFF0000AC2C00204E2B0020CD
:1087B000502B0020FF3EAB01A82C00208C2A00206B
:1087C0008400002081000020700000206C00002048
:1087D000680000206400002078000020770000205E
:1087E0009C2C00207B000020760000208A2A00209C
:1087F00022260020974B984A1888431E9BB293422A
:108800005FD996490CA8FCF72BFD954B1B78002BE4
:1088100004D1944B1889944B98425AD18F490EA891
:10882000FCF71EFD91490EAB0CAA2000FCF718FDC9
:10883000012300211A0020000093F5F7F5FC8C4B72
:108840008C4C18883E26421C1A8003231840400096
:108850000019FFF727F8BE206288238880009B1844
:10886000A2889B18E2889B189B105843824BD9889A
:10887000EAF7EAF880B2F3F707FC1C227F4B804D41
:108880001A702B00133A7533040022217D481E70A4
:1088900000F0B2FC0920604364212D30EAF74AF869
:1088A0007F231A00D11A884200D3EE54013B752B66
:1088B000F8D1ECF70FF80022734B1A70734B1A8043
:1088C000A5E5FAF7D3FE724902000CA8FCF7C8FC34
:1088D0009BE7FAF7CBFE6E4902000EA8FCF7C0FC3E
:1088E000A0E76C4A138801339BB21380132B00D985
:1088F00092E5694D2C7820000134E4B2EBF7E1FFFA
:108900002C70062C01D8FFF708F900232B70FFF715
:1089100004F9FAF721FF0400012800D87DE35F4B3A
:10892000611E1889C001EAF705F8C3B20493231C3D
:10893000802C00D9802300249EB2701E80B2DBB24E
:108940007F2100020393EAF77FF8250083B20593A5
:10895000731E220A9A4262DAD2B2E3B2504F510039
:10896000C85B511C8E4200DD0A005200B95A471EF6
:10897000BFB2BC46384F4A1E92B2BC4554D9FF2301
:108980000800BA425ED90EAAAB54059B01351C19EA
:10899000A4B2802DDCD106E08022FF210EA800F0D9
:1089A0002BFC002304933F4B1B78002B1ED1012589
:1089B00002270EAC267833006678FF2E11D03200E5
:1089C0000121FF2B01D039009A19A378FF2B03D086
:1089D0009A18013192B2C9B248088018EAF734F8FF
:1089E00060700135EDB201347F2DE4D1049B2E4A35
:1089F0007F33FF33802003929B18022240242025DE
:108A000052424042049951187F2956D8002A4DD12C
:108A10001978294319701978214319704AE0039B8A
:108A20005A1ED2B2002399E7BA420BD880225200D4
:108A3000D21A42434B43D218120A90B20A4AFF2379
:108A40009042A0D01721FBF71DF91F23181AC3B2BB
:108A500099E7C046802C0020FDFF00005CA10108C2
:108A60002226002084000020FFFF000044A9010806
:108A7000E41D0020401E0020E61D0020B10700205C
:108A80003D070020B307002081000020282A002095
:108A90004FA30108262A0020242A00209C2C002015
:108AA0006E2B0020AF2C0020B31900200426911C4F
:108AB000B143B0D119780143197001320133032A4F
:108AC000A0D10EAB00219C46FF26C94AC94C634683
:108AD000C85C1F2800D8FAE01670013101328029E5
:108AE000F5D100260EA8335CF5B21F2B12D80F2447
:108AF00008ABE418220029000CABFAF7B3FF277883
:108B00000CAB1C78A74200D8FBE00134E4B21F2C68
:108B100000D8FFE0B64B9B5D1F2B0ED80F2408AB8F
:108B2000E4180CAF22003B002900B148FAF79AFF85
:108B300024783B78A34200D3F8E00136802ED1D1CF
:108B4000AD4B5868FCF7EEFCAC4BAD4C1B78002BE2
:108B500032D1AC4B1B68002B00D1F4E0AA4A156857
:108B6000ED1AFAF7EFFD01002800E9F7E3FE82B203
:108B7000A6492000FCF774FB0126002332001900EF
:108B800020000096F5F750FBFAF7DCFD64210500A4
:108B9000E9F756FF28008FB26421E9F7CBFE3B00CE
:108BA00082B29B492000FCF75BFB002307221900DF
:108BB00020000096F5F738FB964E7379032B00D909
:108BC000C5E0954B95491D6837682800E9F738FFDF
:108BD00028000E009149E9F7ADFE642104903800A9
:108BE000E9F72EFF380001916421E9F7A3FE8C4DCF
:108BF00033002900049A00902000FCF731FB012388
:108C000021220093242100232000F5F70DFB814B46
:108C10001D89844B9D4201D1FFF70DFC824B1B78CF
:108C2000002B01D0FFF707FCFAF78CFD6421E9F770
:108C300081FE01240A2680B2092800D9C8E0043444
:108C4000A400E3B2280017210593FBF71BF81F23AC
:108C5000181A183BC5B21840063B83400024039AFB
:108C60000493EB08DB01D3180393E1B20B005A1E07
:108C700093415F4A5B4294460EAF681CDBB25A18C0
:108C8000D2B2BE5CFF2E01D086421BDD6646B25CCE
:108C9000FF2A01D0824215DD01335BB2022BEDD1F8
:108CA0000C2D05D8059B0133A3420BDA712C09D892
:108CB000039B049A1B5D1A4204D101232A005B48DE
:108CC000F5F7A0FA0234802CCFD1FFF7B4FB13786C
:108CD000CFB27D08984203D8002310706355FCE69C
:108CE000605D0E2806D801231F4200D0F5E6C018AB
:108CF0006055F2E60233DBB2202B00D13300137053
:108D0000EBE63A000123290003980137F5F77AFAD8
:108D1000FFB2F5E601226319134200D0F5E6130015
:108D2000290022000398F5F76DFAEEE60122631997
:108D3000134205D11300290022000398F5F762FAC7
:108D40000134E4B2F5E6FAF707FD020010E7FAF79E
:108D500027FDFCF7CFFB01230093002321221900FC
:108D60002000F5F761FA274B1B68002B22D0264A1A
:108D700064211568ED1A2800E9F762FE28000E004C
:108D80006421E9F7D7FD33000200214901252000C5
:108D9000FCF766FA00232122302120000095F5F728
:108DA00043FAFAF70FFDFCF7A5FB002321225D2112
:108DB000009529E7366864213000E9F741FE30006C
:108DC0000D006421E9F7B6FD2B0002001849DDE72C
:108DD00031000134E4B2E9F7ADFD2DE708237F222D
:108DE0000093022100231348F5F7EAF8FFF723FB6D
:108DF000CE2A00208E2A00209C2C0020AE2C0020A1
:108E0000582A0020280700207804002054A90108CF
:108E100061A9010884000020982C0020A086010090
:108E200058A90108FFFF000022260020B3190020E6
:108E300060A90108782A0020844B1868FCF772FBAF
:108E4000834C79221021200000F0D6F90023302233
:108E5000E25405337D2BFBD100237022E2540A3308
:108E6000822BFBD17B4B79211D8807272800FAF73D
:108E700009FF00237849794E834271DB2800FAF715
:108E8000F5FB0022040076494342885C834271DA94
:108E900001320A2AF9D10126724D73492800FCF7E4
:108EA000DFF900231922042128000096F5F7BCF908
:108EB00022006E492800FCF7D3F9002319221C2157
:108EC00028000096F5F7B0F9694B1B78002B08D104
:108ED000684B79211889FAF7D5FE674BC018FF2334
:108EE00003710124654F664B1B78A34244D00C22CA
:108EF00062435C4D634B64499A582800FCF7B0F913
:108F00001E23E2B253435E4E183BDBB20393337829
:108F100003991B1B5A1E9341280022220093002311
:108F2000F5F782F9594AE300D358E0B20493FBF70E
:108F3000D9FD049B56491A562800FCF791F933785D
:108F400028001B1B5A1E93410399009329220023DA
:108F50000134F5F769F91E37042CC4D1FFF76BFA19
:108F60000A005A43B24202D922783A4322700133AE
:108F7000013481E7D2B28EE71E22FF21380000F0D3
:108F80003BF938001E22FF21803000F035F9AEE7B2
:108F90000726404B1B7803930F23039910000F31D2
:108FA000891A194096429B4101240C25C9015B4254
:108FB00030400533059138498440DB015B180021BE
:108FC0009000284004903548E4B20690059D069F25
:108FD0006D186D087D5DC8B22F09BC460127394266
:108FE00002D00E372F40BC462D4D1F780795032524
:108FF0002840049D2843079D2D5C3800A04365450B
:1090000001D2380020430131187001338029DDD1AD
:109010000132102AC0D1FFF714FA002800D1BBE4B6
:10902000204B214A1888FF21431E9BB2934205D84A
:10903000E839FAF727FE1F21091AC9B28022ADE4E8
:109040000E2C01D0FEF7FDFEFEF7A3FDA82C00209C
:10905000B61A00208A2A0020CDCCCCCC333333334F
:10906000ACC50108582A00206AA9010870A90108A6
:109070002226002084000020B21A0020B71B002006
:10908000442A002044C6010845A30108B8C50108C8
:1090900077A90108232A0020B319002023260020E5
:1090A000D8C501086E2B0020FDFF0000F7B5002594
:1090B0004B680A6800935F1E1300EB4008D1012F34
:1090C00005D84368C96893434A4313434360F7BDD7
:1090D00001241300AC40234022422BD01A00032667
:1090E0005A435643B446F643019666460468B44371
:1090F000009E564334430460012F06D88C6887686D
:109100005443019E37403C4384600C69C768544314
:10911000019E37403C43C460009C022C0AD14C693C
:10912000FF2B09D80F26524356436243036AB343C9
:109130001A4302620135BBE70F261B0A5B435B4300
:109140005E435C43426AB24322434262F2E700005C
:109150000D488546EAF7F0FB0C480D490D4A0023FF
:1091600002E0D458C4500433C4188C42F9D30A4ADC
:109170000A4C002301E013600432A242FBD300F04A
:1091800017F8EFF7D1FEFEE70040002000000020B6
:10919000EC00002084C8010860020020303100206B
:1091A000FEE70000014B18687047C0469C00002095
:1091B00070B500260C4C0D4D641BA410A64209D1BD
:1091C000002600F08BFE0A4C0A4D641BA410A64238
:1091D00005D170BDB300EB5898470136EEE7B300F8
:1091E000EB5898470136F2E77CC801087CC80108B3
:1091F00080C801087CC8010803008218934200D18E
:10920000704719700133F9E70020704770477047C5
:1092100070B50F4E0D0031680400002902D1ECF743
:10922000A9FC306029002000ECF7A4FC431C03D10A
:1092300001256D42280070BD0323C51C9D43A84233
:10924000F8D0291A2000ECF795FC0130F2D1EFE7B5
:1092500028310020F7B50322CB1C934308330500C7
:109260001F000C2B34D20C27B94233D8280000F051
:1092700071F8374E33681C00002C2FD139002800BC
:10928000FFF7C6FF0400431C5FD134680094009BC5
:10929000002B4AD1002C52D023682800E3180099F3
:1092A0000193ECF767FC019B834248D123682800B7
:1092B000FF1A3900FFF7ACFF013040D02368DB19FB
:1092C000236033685A68002A33D1009B336019E069
:1092D000002BC9DA0C232B600020FEBD2168C91BBE
:1092E00020D40B290AD9E2192760A34204D13260A5
:1092F00063681160536005E05A60F9E76268A34251
:109300000ED13260280000F02DF8200007220B302B
:10931000231D9043C21A9842DFD01B1AA350DCE7EA
:109320005A60EFE723006468A6E7009C6368009337
:10933000ADE71A005B68A342FBD10023DAE70C23F8
:1093400028002B6000F00EF8C6E70760DAE7C04699
:109350002C31002010B50248FFF758FF10BDC04661
:109360002431002010B50248FFF751FF10BDC04660
:109370002431002070B505000C1E10D0043C236879
:10938000002B00DAE4182800FFF7E4FF1D4A1368F9
:10939000002B05D1636014602800FFF7E3FF70BD68
:1093A000A34208D9206821188B42F3D119685B6861
:1093B00009182160EEE71A005B68002B01D0A34278
:1093C000F9D911685018A0420BD12068091850181B
:1093D00011608342E0D118685B68411811605360E6
:1093E000DAE7A04202D90C232B60D5E720682118C8
:1093F0008B4203D119685B6809182160636054606F
:10940000CAE7C0462C31002010B5884202D98B181B
:10941000984208D300239A4207D0CC5CC45401334D
:10942000F9E78B5C8354013AFBD210BD020010B502
:10943000137814000132002BFAD1CA5CE2540133D4
:10944000002AFAD110BD03000A7801311A700133E5
:10945000002AF9D17047002310B59A4200D110BDFF
:10946000CC5CC4540133F8E7030030B51D00002A7A
:1094700006D00C78013A01332C700131002CF5D163
:1094800000219A18934200D130BD19700133F9E7D9
:109490000EB470B581239DB06A46002521AC9B00B7
:1094A00040CC93821B9502900690E9F713FA0B4B80
:1094B0006A460B9301230390079009485B42D382CD
:1094C00002A92300320000680F951495019400F062
:1094D00073F81DB070BC08BC03B0184709920108AE
:1094E0009C00002030B500240139A24201D10020A7
:1094F00005E0035D01340D5DAB42F6D0581B30BD75
:1095000070B514004B1C03D101256D42280070BDBD
:10951000938920229343626BA381CEB26368CDB25C
:10952000002A10D0A26B9A4207DD2368013B23601A
:109530001E70636801336360E8E7210000F044FBBC
:109540000028F2D0E0E721692268002907D0914283
:1095500005D2511E0878A84201D12160EAE72364B0
:109560002300443363630323A36323004633E2638E
:109570001E7023600123DEE710B50C00496B002943
:109580000ED023004433994201D0FFF7F3FE0020B0
:10959000236C60636360834202D0E36B236010BD81
:1095A0002369012023600023A289636020331343D1
:1095B000A3814042F3E70000F0B5AB4CA5440C009A
:1095C00000210090BE204691479103A94891A749E8
:1095D000400043AD2950A649043043AD29500293C1
:1095E0001678002E00D13CE108230820A14D571C1D
:1095F000A95D0B4001421DD006006368002B0FDD02
:1096000023681A78AA5C324201D13A00E8E7479A07
:1096100001330132479262682360013A6260ECE7ED
:10962000C02243AB520021009B5800989847002865
:10963000E6D0EAE7252E62D14593439353782A2B4F
:1096400002D11A3B4393971C3D000A2229786F1CD4
:109650000B00303B092B1FD9874B032218000193C5
:1096600000F06EFA002807D0019B3D00C01A0123CC
:109670008340439A134343932B786F1C782B06D86F
:10968000572B10D8252B3AD034D8002B55D0032394
:1096900049930733449369E0459B3D005343303B76
:1096A0005B184593D2E7180058382028EFD8E9F71F
:1096B0002DF94B00EEFFEEFF7D00EEFFEEFFEEFF1B
:1096C000EEFFEEFFEEFFEEFF88007B00240024009B
:1096D0002400EEFF5500EEFFEEFFEEFFEEFF9000E0
:1096E00059004700EEFFEEFF8E00EEFF7B00EEFF1D
:1096F000EEFF4B00453B022BC9D8052335E06368DC
:10970000002B0DDD23681A78B24200D0A9E00133A6
:1097100062682360479B013A01336260479374E7B4
:10972000C02343AA5B002100D35800989847002823
:10973000E8D04698002800D08BE0012040428CE021
:10974000202243990A4343928022439992000A437C
:109750004392102244926E2B02D905E000234493D9
:10976000032302E008234493042349936368002BF6
:109770003EDD439B5B0608D4C0260825760023689F
:109780003C491A788A5C2A423CD1499B022B4CDC2A
:109790002200009802AB43A900F072F8012860D0C3
:1097A000022800D031E7C4E70A22D3E7390003A832
:1097B00000F0D1F94023439A070013434393012358
:1097C000D3E74023439A134343930023CDE7022377
:1097D000CBE7439AD30600D517E7029B4799181D9C
:1097E00002901B68D50701D519800EE719600CE7B8
:1097F000C02343AA5B002100D35800989847002853
:10980000B7D096E7479A013247926268013A6260A0
:10981000002A02DD01332360B1E743AB21009B59ED
:10982000009898470028AAD083E7042B06DC220082
:10983000009802AB43A900F083F8AFE70F4B002B71
:1098400000D1E2E62200009802AB43A900E000BF8D
:10985000A4E7A3895B0600D56FE7A5239B009D4481
:10986000F0BD4698F9E7C0466CFDFFFF0195010881
:109870007995010879C70108ABA90108000000002B
:10988000F7B515008A680C000190002A04D18A6996
:10989000002A17D10132A2602268D20603D41A68C6
:1098A000111D196017680026A069002816D001282C
:1098B0000BD12B6862691B78D35C002B0ED1002E74
:1098C0003BD029E001225242E5E7022824D12B684F
:1098D0001A4A1B78D35C082213421DD11022236838
:1098E0000136134203D12B681B783B7001372A687D
:1098F0006B6801322A60A268013B013A6B60A2608A
:10990000002A09D0002BCFDCC0235B002900E358DC
:10991000019898470028C7D02268102311001940E9
:109920001A4206D1E3680133E360A369002B00D03B
:109930003970002023699B192361FEBD79C7010896
:10994000F0B58BB00193784B1600049007AAA1CB19
:10995000A1C2764A8B690C000592032B01D1744B8E
:109960000593AE220020A3685200591E0390914235
:1099700005D95E3BFF3B03935E23FF33A3602300C7
:109980001C330093D023002722681B01134323605C
:10999000009B0293336807A81978BB00022218586D
:1099A00000F0CEF8002829D0012F5ED16368002B8B
:1099B00006D1083322686360F933FF331343236011
:1099C00023685C4A13402360A3685A1EA260002BE0
:1099D00014D033685A1C32601B78029A1370736873
:1099E000551C013B7360002B07DCC0235B0031007A
:1099F000E3580498984700287ED102950137032F39
:109A0000C8D16368002B01D10A3363600027636803
:109A100049496069C91A00F09EF8029DA368206850
:109A20000293002B3FD0316863690A789B5C002B5E
:109A300039D0302A28D180231B01184224D0039B1F
:109A40000137002B05D01A00029B013A0133039223
:109A5000A3607368013B7360002B1CDD3368013326
:109A60003360A368013BA360D8E7022FACD1C023C9
:109A700080212268DB00134089008B42C1D1102372
:109A80006360F03313439EE72C4B034023600B7855
:109A90002B700135DDE7C0235B003100E3580498EB
:109AA00098470028DDD02368DB050ED5009B9D423A
:109AB00007D9BE23013D5B0032002978E3580498A2
:109AC0009847009B01209D4229D0216810230A005D
:109AD0001A4019421CD12A70636800990498059EA7
:109AE000B047019B22681B68910607D501991A1D92
:109AF0000A601B68186008E00027D4E7191DD60724
:109B00000FD5019A11601B681880E3680133E36088
:109B10000020009BED1A2369ED195B1923610BB03E
:109B2000F0BD019A1160E4E7F09F0108C59E0108AD
:109B3000B99D0108FFFAFFFFBFA90108FFF6FFFF6B
:109B4000C9B28218904201D10020704703788B423D
:109B5000FBD00130F6E770B50B7804005E2B19D00E
:109B60004D1C00212200601CFF3011700132824226
:109B7000FBD1681E002B26D001264E402800E6545B
:109B80000178451C2D2909D05D291BD000291AD048
:109B90000B00F3E74B788D1C0121E3E742785D2A47
:109BA000F6D09342F4DC19000230013166548A4247
:109BB000FBDC591C934202DB00228B18E0E7D21A2F
:109BC000013AFAE7280070BD0B00F7B54D6B44333E
:109BD0000C009D421CD18026F6003100FFF73AFBB5
:109BE000002802D101204042FEBD23006063A6632D
:109BF00046331A78104BC254230045331A780F4B62
:109C0000C2542A780E4BC254C01820600020EBE7E3
:109C10008E6B290073001A00019300F013F8051EE3
:109C2000E0D08719010032003800FFF714FC019BD7
:109C300027606563A363E9E7FF030000FE030000FC
:109C4000FD030000F7B506000C001500002905D142
:109C50001100FFF7FFFA04002000FEBD002A03D127
:109C6000FFF788FB2C00F7E700F030F9070085428A
:109C700002D84308AB42EFD329003000FFF7EAFADD
:109C80000190002801D1019CE6E72A00BD4200D9DD
:109C90003A0021000198FFF7DEFB21003000FFF7BA
:109CA00069FBF0E7F0B585B017001E000390019145
:109CB000242B23D80C00012B20D03D4B08229C469E
:109CC000230061461D780134485D010011401042B7
:109CD000F6D12D2D19D125789C1C0123009310223B
:109CE000330093431DD1302D15D1202123788B4390
:109CF000582B10D165780234102612E0FFF752FA83
:109D000016230360002005B0F0BD00912B2DE6D195
:109D100025789C1CE3E7002EEED10A36302D00D1C9
:109D2000023E244A009B944663443100180002938B
:109D3000E8F786FE0022844610002B00303B092BFA
:109D400011D81D00AE421DDD531C09D00122524224
:109D5000844505D301D1A94211DB012270432818A3
:109D600025780134E9E72B00413B192B01D8373D19
:109D7000E8E72B00613B192B04D8573DE2E70122AD
:109D80005242EDE7531C08D12223039A0298136034
:109D9000002FB8D0631E019307E0009B002B00D07A
:109DA0004042002FAFD0002AF4D1019B3B60AAE7CC
:109DB00079C70108FFFFFF7F10B5FFF773FF10BDE4
:109DC000F0B51E003E4B17000C009C46082285B0E3
:109DD00003900091230061461D780134485D010025
:109DE00011401042F6D12D2D12D125789C1C012353
:109DF000029310223300934316D1302D0ED120212F
:109E000023788B43582B09D16578023410260BE058
:109E100002912B2DEDD125789C1CEAE7002EF5D17F
:109E20000A36302D00D1023E012031004042E8F7D1
:109E300081FD0190012031004042E8F701FE00233E
:109E40000122180094462A00303A092A12D8150037
:109E5000AE421EDD5A1C0AD00123019A5B428242A7
:109E600005D301D1A94211DB634670432818257838
:109E70000134E8E72A00413A192A01D8373DE7E7DB
:109E80002A00613A192A04D8573DE1E701235B42D1
:109E9000EDE75A1C07D12222039918000A60002F0F
:109EA00009D105B0F0BD029A002A00D04042002F2F
:109EB000F7D0002B01D0631E0093009B3B60F0E7BE
:109EC00079C7010810B5FFF77BFF10BD0B1F1B689A
:109ED000181F002B01DA0B58C0187047F8B5C046A0
:109EE000F8BC08BC9E467047F8B5C046F8BC08BC34
:049EF0009E467047D3
:109EF400AD033805B902B904B9023805B902C5057C
:109F04000203B904020338050203C5055403B90466
:109F1400540338055403C505B902610602036106FA
:109F240054036106AD036106AD03B904AD03C50571
:109F340080020020000100007C020020003E22413B
:109F44004141414141414141414141417F003C4204
:109F5400424224005EA201081AA701081FA70108B3
:109F640022A101084C31004C32004C33004C340027
:109F74004C35004D00004800004C4F5731004C4F09
:109F84005732004C4F5733004C4F5734004C4F5707
:109F940035004D494400004849474800C9A101081B
:109FA40073A8010817A70108A5A601080EA70108B0
:109FB40012A701088F1E0020901E0020911E002071
:109FC400921E00206B1F00205800C33772006530BA
:109FD4007000C3005D00000D5900688059006800DE
:109FE4005A0055555B0055555C0030AAC1A90108BB
:109FF40099A20108C4A90108EFFFF7FFCBFFFBFFFB
:10A0040052454C4541534500414C4C204B45595316
:10A014000025752E253032755620257525250056C8
:10A024004F4C544147450057454C434F4D45004222
:10A0340049454E56454E554500257320456469747F
:10A04400696F6E006F6B676250473A2C4137251772
:10A05400E4CBB59F002E2D2E2E002E2D2D2D2D0060
:10A064002E2E2D2D2D002E2E2E2D2D002E2E2E2E6D
:10A074002E002D2E2E2E2E002D2D2D2E2E002E2D8B
:10A084002E2D2E2D002D2D2E2E2D2D002E2E2D2D50
:10A094002E2E002E2D2D2D2D2E002D2E2D2E2D2D40
:10A0A400002D2E2D2D2E002D2E2D2D2E2D002E2D5E
:10A0B4002E2E2E002D2D2D2E2E2E002D2E2D2E2D1E
:10A0C4002E002D2E2E2E2D002D2E2E2E2E2D002E3A
:10A0D4002E2D2D2E2D002E2D2E2E2D2E002E2E2EFD
:10A0E4002D2E2E2D002E2D2D2E2D2E005D5D0025C6
:10A0F40033752E253035750043482D2530347500D1
:10A104004E554C4C0076372E362E390031323334CE
:10A114003500353433323100435443535300444300
:10A124005300442530336F256300554E4C4F434B49
:10A13400204B4559424F41524400536176653F00DC
:10A144005363616E204661696C6564004672657193
:10A154003A2D2D2D2E2D2D2D2D2D00546F6E653A5B
:10A164002D2D2D00546F6E653A4E6F6E6500536150
:10A1740076653A00467265713A25752E2530357537
:10A184000043544353533A25752E2575487A0044A9
:10A1940043533A442530336F4E0025336400252061
:10A1A400346420257300532564002B253032640069
:10A1B4004625752B00462575004558004F46460038
:10A1C400545351004357004245414D2054580042D6
:10A1D40045414D205258005031005032004C4F57E9
:10A1E40020424154544552590050726573732045BE
:10A1F4005849540053636E526E67003E25730055F0
:10A204005342003E3E00252E347300252E2A732E21
:10A21400252E337300253033752E253035750025F2
:10A22400752E25750025642E253032754B00256466
:10A234004B004D4F4E490053514C25640025302AA4
:10A24400752F25750044544D462025730056464FFE
:10A2540020257300222214140808003C26252525F5
:10A26400263C003E1C08003E3E1C1C0808004142DF
:10A27400430061626300313A25750025752A313047
:10A28400306D730057494B490050524F46494C4575
:10A29400003030302F303000535552453F00574185
:10A2A40049542100253032752F2575002B25752E34
:10A2B400257564420025642E253032756B487A007A
:10A2C400555345520025730A2573570044253033EE
:10A2D4006F49002533642E2530357500252E3373E0
:10A2E4002E252E33732020004D487A0053544F50AE
:10A2F40000434152524945520A25303264733A258B
:10A304003033646D730054494D454F55540A25301C
:10A3140032646D3A2530326473002530327520285A
:10A32400252E33732900252E38730A252E38730001
:10A3340025642A31306D73004E3753495800257314
:10A344000A257300253373202564202564002564C1
:10A354003A25643A2564002573202532642025308B
:10A36400346400253032643A253032643A25303280
:10A3740064004255494C44004D454D4F52590046E6
:10A384004C4153482025752E2575252500535241EF
:10A394004D202025752E2575252500524541440A5A
:10A3A4004D414E55414C0025752E25303275560AC7
:10A3B4002575002564683A253032646D00496E7352
:10A3C4006964650A46204C6F636B0A506C616E00C9
:10A3D400464D0025302A752F253032750025302A48
:10A3E400752F2D2D00253032753A25303275002514
:10A3F400752E2530327500264949494932002425F5
:10A40400262122273A3B3F5E607C7B7D5F005365BB
:10A414006172636820467265710053656172636896
:10A4240020546F6E65005363616E20436F6D706CD2
:10A43400657465004A616E00466562004D61720094
:10A44400417072004D6179004A756E004A756C0066
:10A4540041756700536570004F6374004E6F76005A
:10A46400446563004B45595F4D454E55004B455976
:10A474005F5550004B45595F444F574E004B45596B
:10A484005F45584954004B45595F53544152004E5F
:10A494004152524F574552004E4F524D414C004687
:10A4A4004153540054494E5900434C41535349437A
:10A4B400004B4559532B50545400534F554E4400B0
:10A4C40056495355414C004F4E4550555348004C46
:10A4D4004546540A52494748540A55562D4B3100B3
:10A4E40055500A444F574E0A55562D4B3528382996
:10A4F4000044454641554C542B0A3133372D3137EE
:10A50400340A3430302D3437300046434320484138
:10A514004D0A3134342D3134380A3432302D343547
:10A52400300043412048414D0A3134342D31343810
:10A534000A3433302D3435300043452048414D0A28
:10A544003134342D3134360A3433302D3434300040
:10A5540047422048414D0A3134342D3134380A34CD
:10A5640033302D343430003133372D3137340A341D
:10A5740030302D343330003133372D3137340A3411
:10A5840030302D34333800504D52203434360047A7
:10A594004D52530A4652530A4D555253004449539F
:10A5A40041424C450A414C4C00554E4C4F434B0ADA
:10A5B400414C4C0056464F00313630306D416820D6
:10A5C4004B3500323230306D4168204B3500333525
:10A5D40030306D4168204B3500313430306D416886
:10A5E400204B3100323530306D4168204B31005200
:10A5F4004F474552004D4443004C4F474F004E4F88
:10A604004E450050455243454E5400555020434F4B
:10A61400444500444F574E20434F44450055502B6A
:10A62400444F574E0A434F44450041504F4C4C4F02
:10A634000A5155494E444152004348414E4E454CFF
:10A644000A4E554D424552004E414D45004E414D36
:10A65400450A2B0A46524551004D41494E0A4F4E78
:10A664004C59004455414C2052580A524553504FBE
:10A674004E440043524F53530A42414E44004D410D
:10A68400494E2054580A4455414C205258004C4FCE
:10A69400474F2B004D41545249580054582F52589B
:10A6A4000057494445003C2032306D003132356D4D
:10A6B400003235306D003530306D004C4F5720314D
:10A6C400004C4F572032004C4F572033004C4F570B
:10A6D4002034004C4F572035004D49440053454E1B
:10A6E400540057414954494E470052454345495641
:10A6F4004544004D454D2046554C4C004552524F63
:10A70400520053454E44494E47004E4152004E417B
:10A71400522B004E2B002020544E00444352004242
:10A7240055535900424154204C4F5700545820442B
:10A73400495341424C450054494D454F55540041FD
:10A744004C41524D00564F4C54204849474800460E
:10A754004C415400434C45414E00424F4F5354002A
:10A764004D41580053484152500053544F434B00FD
:10A774004F50454E002030002E2C2D2829402F5CB0
:10A784002B3D2A233C3E5B5D7E31006162633200D7
:10A79400646566330067686934006A6B6C35006D04
:10A7A4006E6F360070717273370074757638007787
:10A7B40078797A3900464C4153480A4C4947485401
:10A7C40000504F574552004D4F4E49544F5200567A
:10A7D4004F5800464D20524144494F0031373530DF
:10A7E400487A004C4F434B0A4B455950414400565C
:10A7F400464F20410A56464F20420056464F0A4DC6
:10A80400454D005258204D4F4445004D41494E207E
:10A814004F4E4C5900574944450A4E4152524F57E6
:10A82400004D5554450052784100504F5745520A47
:10A83400484947480052454D4F56450A4F464653EE
:10A844004554004245414D0054595045204D45530F
:10A8540053414745005052455353205054540053DC
:10A864004156453F0044454C3F004D2D5343414E16
:10A8740000256425732D25644D004D522843482539
:10A88400303275290056464F284348253032752901
:10A8940000412D5343414E282575290043482D2559
:10A8A400303275002533642E256400252E33732E33
:10A8B400252E3173004D4F4E00257557504D2025E0
:10A8C400732043257500253373002534736B0041D1
:10A8D400495220434F505928524459290041495262
:10A8E40020434F50590041495220434F5059284367
:10A8F4004D502900252E33732E252E3373004D45DC
:10A904004D2025303375202D2025303375005365B7
:10A914007474696E6773005243563A253032752E4B
:10A9240025303275252520453A256400534E443A96
:10A93400253032752E2530327525250052583A00BF
:10A944004D2025732F257300413A2573202563007C
:10A954002575780025752E25303575207F25752EB3
:10A96400253032756B00533A202575002564206428
:10A97400426D002564644200FFFFFFFFFFFFFFFFFD
:10A98400005745414B004E4F524D0053545247001F
:10A9940031322E3500362E3235004C4E4173004C88
:10A9A4004E410050474100686C4C00412D46612DDA
:10A9B40066383930313233343536375D002B2D006B
:10A9C4007858002E2C3F3100414243320044454622
:10A9D400330047484934004A4B4C35004D4E4F36FE
:10A9E40000505152533754555638005758595A3914
:10A9F400040404040404050405050A0F14191E23A1
:10AA0400282D320708090A0B0C0D000102060E035B
:10AA1400040F100511121314151617414243442A4A
:10AA24002300000040771B0080CBA40080CBA4004F
:10AA3400A00BD100A00BD100C0800901C080090186
:10AA4400C00E1602C00E1602005A6202005A6202BA
:10AA5400C029CD02C029CD0280A4BF074100000057
:10AA6400AFA0010842000000BAA0010843000000A2
:10AA7400EBA00108440000007EA00108450000008E
:10AA84009CA0010846000000DCA00108470000006B
:10AA94009AA001084800000077A0010849000000BE
:10AAA4007FA001084A00000065A001084B000000D7
:10AAB400AEA001084C00000059A001084D000000A0
:10AAC4005CA101084E0000009BA001084F0000009B
:10AAD4005BA1010850000000A6A00108510000007D
:10AAE400ADA0010852000000ECA0010853000000D2
:10AAF400BBA0010854000000C2A9010855000000D1
:10AB0400E5A0010856000000C7A001085700000096
:10AB1400A1A0010858000000E4A0010859000000A9
:10AB2400A0A001085A0000007DA001083000000028
:10AB340059A10108310000005EA0010832000000A4
:10AB440064A00108330000006AA00108340000007A
:10AB5400CDA001083500000070A0010836000000F7
:10AB640076A0010837000000B9A0010838000000F1
:10AB74007CA001083900000098A001082E00000004
:10AB840082A001082C00000089A001083F000000F9
:10AB940090A001082700000097A0010821000000F0
:10ABA4009EA001082F000000DBA00108280000007F
:10ABB400A5A0010829000000ABA0010826000000A0
:10ABC400B2A001083A000000B8A001083B00000050
:10ABD400BFA001083D000000C6A001082B00000032
:10ABE400C0A001082D000000CCA001085F000000F7
:10ABF400D3A0010822000000DAA00108240000000C
:10AC0400E1A0010840000000E9A00108FA00F401F5
:10AC14007102E803E204C4094103010005000A00CB
:10AC24001900320064007D008403DC05D007B80BF2
:10AC340088131027D430204EA86150C37DAB000880
:10AC44004928010839300108855E01088970010826
:10AC54001F111F151F151D151717151D1F041F1B69
:10AC6400151B0E110E110A04E1B800083D36010847
:10AC7400F12E00085D5E00086D660008492F00088B
:10AC8400E1B8000871450008A92E00084133000806
:10AC940071330008B1380008252F0008E1B8000816
:10ACA400712F0008B52F000815300008CD350008B5
:10ACB4006D4C0008C54400088D350008413000087B
:10ACC4005D30000805520108A2C0A1A6A424811F7A
:10ACD4002F40AF121113130A0104070B0205080CCD
:10ACE4000306090D0E000F0008101820304868965E
:10ACF400C8FF081C3044586C8000000000093D0067
:10AD040000127A000024F4004086510100366E01DE
:10AD140000093D0000093D0000093D00000000005D
:10AD2400000000000000000000000000000000001F
:10AD3400000000000000000000000000010000000E
:10AD440002000000030000000400000006000000F0
:10AD540007000000080000000900000000000000D7
:10AD640000000000000000000000000001000000DE
:10AD740002000000030000000400000012010002B1
:10AD8400EF020140B736FFFF00010102030109028F
:10AD94004B000201008032080B000202020100098C
:10ADA400040000010202010205240010010524012F
:10ADB4000001042402020524060001070583030898
:10ADC400000A09040100020A00000007050202400B
:10ADD400000007058102400000040309040A03502F
:10ADE400005500590041001C035000550059004112
:10ADF4000020004300440043002000440045004D6F
:10AE0400004F0016033200300032003200310032AD
:10AE14000033003400350036000041706558004EA0
:10AE2400375349582076372E362E390051340008CE
:10AE3400E1B80008E1B80008E15E0008313C000810
:10AE4400E5340008E1B800086B03F802F802800258
:10AE5400380438048403F802537465700000000158
:10AE6400506F776572000002527844435300000328
:10AE74005278435443530004547844435300000528
:10AE8400547843544353000654784F44697200077E
:10AE940054784F6666730008572F4E000000000A6E
:10AEA40042757379434C000B436F6D706E640020E0
:10AEB4004D6F64650000003054584C6F636B000C98
:10AEC40043684C697374001B436853617665000DD5
:10AED400436844656C65000E43684E616D65000F00
:10AEE40053634C69737400225363507269000023E6
:10AEF40050726943683100245072694368320025F6
:10AF040053636E5265760019463153687274004675
:10AF140046314C6F6E67004746325368727400487E
:10AF240046324C6F6E6700494D204C6F6E67004A85
:10AF34004B65794C636B001A5478544F757400094F
:10AF44004261745361760011426174547874002F25
:10AF54004D6963000000001E4D6963426172001F69
:10AF64004368446973700010504F6E4D7367002C32
:10AF7400424C54696D650013424C4D696E000015D6
:10AF8400424C4D6178000016424C547852780014BB
:10AF94004265657000000018526F67657200002DED
:10AFA400535445000000001C525020535445001DCA
:10AFB400312043616C6C00215550436F6465002659
:10AFC4004457436F64650027505454204944002873
:10AFD400442053540000002944205072656C002A18
:10AFE40044204C697665002B564F5800000000122F
:10AFF400537973496E66002E52784D6F646500175D
:10B0040053716C0000000000536574507772003572
:10B014005365745054540036536574544F54003778
:10B02400536574454F540038536574437472003942
:10B03400536574496E76003A5365744C636B003BF8
:10B044005365744D6574003C536574475549003D20
:10B054005365745278410044536574546D72003ED4
:10B064005365744F666600345365744E464D004014
:10B07400536574566F6C00415365744B6579004297
:10B0840053657453636E003F536574536176004C8B
:10B0940046204C6F636B003233353020456E0033ED
:10B0A40042617443616C0045426174547970004B91
:10B0B4005365744E617600435265736574000031C4
:10B0C40000000000000000FF55562D4B3520466956
:10B0D400726D776172652C2045475A554D45522B48
:10B0E4004E375349582076372E362E390D0A000C28
:10B0F40012216D796D21120C0C12216161612112F2
:10B104000C1C1C1422417F0022140814227F007698
:10B114007676767E7F7C464545454545467C003EB1
:10B1240041414122007F40404040003E4141413E78
:10B13400007F09090906001F2040201F006314082E
:10B144001463007F021C027F003E4141413E0063C4
:10B1540014081463007F49494936007F4141413E48
:10B16400003F4038403F007F09192946004122141E
:10B17400080008142241007F09192946003E414174
:10B18400413E007F09090906002649494932000069
:10B1940012A401081EA401082AA4010838A4010865
:10B1A4003CA4010840A4010844A4010848A40108DF
:10B1B4004CA4010850A4010854A4010858A401088F
:10B1C4005CA4010860A4010864A401087F415D5DDA
:10B1D4005D417F006F8B472CE134F82C5E8BF89334
:10B1E400E1B6658D4A007F415D5D5D417F5B1FBABD
:10B1F400EED99F559874E21A0D963DA50D69C2A526
:10B20400F296F9595FDC4A146318D94755112C0298
:10B21400D86467755594537F450D963DA50D69C255
:10B22400A5F296DF19F75FC215BC552A444411FDF7
:10B234000575757505FD019A38370D963DA50D699F
:10B24400C2A5F296CBC081DF1175117F3E64371819
:10B254007FEB1523017F415D5D5D417F006A0F74C3
:10B264000ED2B074B16D1859157986CE1543007F8E
:10B27400415D5D5D417FCD5D8365E7C655BD6B3F37
:10B28400A91CA5E069E34A15062AFECECA3A70D97C
:10B29400EAF55C158A6722FF25AEB630F855DD075E
:10B2A400B6C21CA5E069C46615842B72E8E92311B3
:10B2B400CDE6C191E6887722FD0474747405FD011E
:10B2C400F7AE811CA5E06954FE37222BEAAAA78DAC
:10B2D4005F3155B13FCECA24337F538EA300011A88
:10B2E4001C1E2022242627292D3105091319222466
:10B2F400292B2C303236383C4748494A4B525300AC
:10B3040068A4010871A4010878A4010881A40108B3
:10B314008AA401081EA8010893A401089CA401089A
:10B32400A3A40108A8A40108ADA4010810A0010861
:10B33400B5A40108C0A10108BEA40108C4A4010861
:10B34400A9A50108ADA40108CBA40108D3A4010850
:10B35400E4A40108F5A401080EA5010826A5010826
:10B364003DA5010854A501086BA501087BA50108AA
:10B374008BA5010893A50108A1A50108ADA50108A5
:10B38400B8A50108A9A50108BCA50108C7A501081D
:10B39400D2A50108DDA50108E8A501083333393435
:10B3A4003530330030393A31383A3438004A756C24
:10B3B400203231203230323600000000C0A10108B2
:10B3C400F3A50108F9A50108A9A50108BEA401086F
:10B3D40051A8010823A00108FDA5010802A601083F
:10B3E40002A6010823A0010807A60108C0A10108BC
:10B3F4000FA6010817A6010821A601082EA6010818
:10B4040058A601083DA601084CA6010851A601084A
:10B414005DA6010867A6010877A6010882A60108AF
:10B42400C0A10108FDA5010892A6010898A601087B
:10B43400C0A10108D0A101088FA601089FA6010898
:10B44400A5A601081EA80108C0A1010818A70108A3
:10B45400C2A90108AAA60108B0A60108B5A6010858
:10B46400BAA60108C3A60108C9A60108DBA60108FB
:10B47400C4A20108BFA60108C5A60108CBA60108FD
:10B48400D1A60108D7A60108DDA6010834A8010841
:10B49400C0A10108BAA801081F0000001C00000098
:10B4A4001F0000001E0000001F0000001E0000001E
:10B4B4001F0000001F0000001E0000001F0000000D
:10B4C4001E0000001F000000E1A60108E6A6010816
:10B4D400EEA60108F7A6010800A7010806A70108BF
:10B4E400464D0000414D0000555342005EA2010844
:10B4F40023A7010828A7010830A701083BA70108D2
:10B5040043A7010849A7010853A7010858A7010840
:10B51400DDA601085EA7010864A7010868A7010861
:10B524006EA7010874A70108000000000000003E97
:10B534003E1C1C0808000000000017000300031F45
:10B544000A1F0A1F051904130F171C000300000E1D
:10B5540011110E00050205040E0410080004040471
:10B564000010001804031E110F021F0019151211F8
:10B57400150A07041F1715091E151D1905031F15A4
:10B584001F17150F000A00100A00040A110A0A0AFC
:10B59400110A040115030E15161E051E1F150A0EA9
:10B5A40011111F110E1F15151F05050E151D1F0462
:10B5B4001F111F1108100F1F041B1F10101F061F3F
:10B5C4001F0E1F0E110E1F05020E191E1F0D16123F
:10B5D4001509011F010F101F0718071F0C1F1B045B
:10B5E4001B031C031915131F111102040811111F49
:10B5F4000201021010100102001A161C1F120C0C7A
:10B6040012120C121F0C1A16041E050C2A1E1F02FD
:10B614001C001D0010201D1F0C12111F101E0E1ED9
:10B624001E021C0C120C3E120C0C123E1C020214C4
:10B634001E0A021F120E101E0E180E1E1C1E120CC5
:10B644001206281E1A1E16041B11001B00111B04CF
:10B65400020301121712FCFEFE06060606FEFEFC9D
:10B664003F7F7F606060607F7F3F0000181CFEFEAC
:10B67400FE000000000060607F7F7F6060001C1E91
:10B684001E06060686FEFE7C6070787C6E6763612B
:10B6940060600C0E0E86868686FEFE7C30707061BD
:10B6A4006161617F7F3E80C0E070381C0EFEFEFE4B
:10B6B4000F0F0F0C0C0C0C7F7F7FFEFEFEC6C6C660
:10B6C400C6C6C686307070606060607F7F3FF8FCDD
:10B6D400FEC6C6C6C6C6C6803F7F7F606060607F08
:10B6E4007F3F0E0E0E060686E6FE7E1E000000005C
:10B6F4007C7F7F0300007CFEFE86868686FEFE7CC1
:10B704003F7F7F616161617F7F3FFCFEFE0606062D
:10B7140006FEFEFC016363636363637F3F1F008077
:10B72400808080808080800000010101010101018E
:10B73400010000005E5E0000060600060600143EDE
:10B74400143E14002E6B7F6B3A006333180C66634F
:10B75400304B4D552250000007070000001C3E638B
:10B7640041000041633E1C00002A1C1C2A001818DA
:10B774007E7E181800406020000000181818180079
:10B784000000606000006030180C06033E7F6363B5
:10B794007F3E64667F7F606062737B7B6F666363FA
:10B7A4006B6B7F36383C367F7F306F6F6B6B7B33D0
:10B7B4003E7F6B6B7B320303737B0F07367F6B6BB0
:10B7C4007F36066F6B6B7F3E00006C6C00000040A0
:10B7D4006C2C000008142241000036363636360040
:10B7E4000041221408000607535B1F0E307B6B7B5D
:10B7F4007F3E7E7F1B1B7F7E7F7F6B6B7F363E7F12
:10B80400636363367F7F63637F3E7F7F6B6B6B63B2
:10B814007F7F1B1B1B033E7F636B7B3A7F7F0C0C7C
:10B824007F7F63637F7F63633073637F3F037F7FC7
:10B834001C3663417F7F606060607F7F06067F7F88
:10B844007F7F0C187F7F3E7F63637F3E7F7F1B1B60
:10B854001F0E3E7F63737F7E7F7F1B3B7F66666F19
:10B864006B6B7B3303037F7F03033F7F60607F3F0A
:10B874001F3F60603F1F3F7F30307F3F63771C1C5A
:10B884007763070F78780F0763737B6F6763007FB5
:10B894007F6363000102040810600063637F7F001C
:10B8A4000C0E03030E0C606060606060000307060A
:10B8B4000000207656567E3C7F7F6C6C7C38387C4A
:10B8C4006C6C6C00387C6C6C7F7F3C7E56565E0CD6
:10B8D4007E7F1B1B02000C5E56567E3C7F7F0C0C49
:10B8E4007C7800007A7A00003060607D3D007F7FC4
:10B8F400183C7E66003F7F4000007C7C18187C7CEE
:10B904007C7C0C0C7C783C7E66667E3C7E7E363687
:10B914003E1C1C3E367E7E607C7C0C0C18004C5E0B
:10B92400565676203F7F6C6C60003C7C60607C3CAB
:10B934000C3C70703C0C3C7C30307C3C446C3838A3
:10B944006C44066E68687E3E66767E6E6600083ECF
:10B954007741000000007F0000000041773E0800AE
:10B964000C060C180C0000005E0000000006000627
:10B974000000143E143E140026497F49320063132C
:10B9840008046261304B4D55225000000707000047
:10B99400001C224100000041221C0000002A1C1C43
:10B9A4002A0008083E080800004060200000000843
:10B9B400080808000000606000004020100804022D
:10B9C4003E414141413E0040427F40406251514925
:10B9D4004946224149494936181412117F10274516
:10B9E400454545393E494949493201017109050333
:10B9F40036494949493646494949291E00006C6C73
:10BA0400000000406C2C00000814224100001414B3
:10BA14001414140000412214080002015109060004
:10BA2400304A4A523C007E090909097E7F49494946
:10BA340049363E41414141227F414141413E7F4996
:10BA4400494949417F09090909013E414949493A9E
:10BA54007F080808087F41417F4141002041413F60
:10BA640001017F080C1221407F40404040407F028A
:10BA74000404027F7F020408107F3E414141413E9D
:10BA84007F09090909063E415161413E7F090919AF
:10BA9400294626494949493201017F0101003F40B5
:10BAA4004040403F0738404038073F403030403F37
:10BAB40063140808146307087008070061514945B6
:10BAC4004341007F4141000001020408106000006E
:10BAD40041417F00040201020400404040404040D4
:10BAE4000003070600002054545478007F44444463
:10BAF4003800384444442800384444447F003854CF
:10BB0400545448007C0A0A0A0200585454543C0015
:10BB14007F040404780000007A0000002040403DC7
:10BB24000000007F1028440000003F4000007C0417
:10BB34007C0478007C0404047800384444443800CD
:10BB44007C1414140800081414147C407C040404A9
:10BB540008000854545420003F44444440003C40EE
:10BB640040403C000C3040300C003C4030403C0035
:10BB74004428102844000C5050503C004464544C59
:10BB8400440008364100000000007F00000000006F
:10BB940041360800040204080400000000FCFC0014
:10BBA400000000000D0D0000000F1F00001F0F001B
:10BBB40000000000000020F8F820F8F820020F0F21
:10BBC400020F0F0270F8888E8E9810040C08383813
:10BBD4000F0730300080C060300C060301000C0CED
:10BBE40080D87CE4BCD840070F0808070F08001071
:10BBF4001F0F000000000000000000000000F0F82B
:10BC04000C0400000003070C08000000040CF8F00A
:10BC1400000000080C0703000080A0E0C0E0A000C2
:10BC2400000203010302008080E0E0808000000045
:10BC340003030000000000000000000000101E0EBE
:10BC44000000808080808080800000000000000070
:10BC5400000000000000000000000C0C00000000C8
:10BC64000080C060300C060301000000F8FC0404EE
:10BC740004FCF8070F0808080F07001018FCFC0064
:10BC8400000008080F0F0808181C0484C47C380C32
:10BC94000E0B09080808181C444444FCB8060E0896
:10BCA40008080F0780C0603018FCFC010101010185
:10BCB4000F0F7C7C444444C484040C0808080F0718
:10BCC400F0F84C4444C480070F0808080F07040424
:10BCD4000484E47C1C00000E0F010000B8FC444402
:10BCE40044FCB8070F0808080F0778FC848484FC18
:10BCF400F8000808080C07030000003030000000BA
:10BD040000000606000000000030300000000008BB
:10BD14000E0600000080C060301808000001030611
:10BD24000C0840404040404040020202020202022D
:10BD34000008183060C08000080C06030100383C7D
:10BD44000484C47C380000000D0D0000F0F808C81D
:10BD5400C8F8F0070F080B0B0B01F8FC848484FC73
:10BD6400F80F0F0000000F0FFCFC444444FCB80F14
:10BD74000F0808080F07F8FC0404041C18070F0830
:10BD840008080E06FCFC04040CF8F00F0F08080C5D
:10BD94000703FCFC44444404040F0F080808080883
:10BDA400FCFC44444404040F0F0000000000F8FCB1
:10BDB4000484849C98070F0808080F07FCFC404083
:10BDC40040FCFC0F0F0000000F0F000004FCFC04FB
:10BDD400000000080F0F080000000004FCFC04062B
:10BDE4000E08080F0700FCFCE030180C040F0F01CC
:10BDF40003060C08FCFC00000000000F0F080808F4
:10BE04000808FCFC187018FCFC0F0F0000000F0F52
:10BE1400FCFC60C080FCFC0F0F0000010F0FF8FC5D
:10BE2400040404FCF8070F0808080F07FCFC8484CA
:10BE340084FC780F0F0000000000F8FC040404FCEC
:10BE4400F8070F080C0C1F17FCFC848484FC780F83
:10BE54000F0103060C08387C444444CC88060E08C1
:10BE640008080F07000404FCFC04040000000F0F82
:10BE74000000FCFC000000FCFC070F0808080F078A
:10BE84007CFC800080FC7C00030F0C0F0300FCFC96
:10BE9400008000FCFC0F0F0603060F0F0C3CF0C0E3
:10BEA400F03C0C0C0F0300030F0C003C7CC0C07C66
:10BEB4003C0000000F0F0000040484C4643C1C0E0A
:10BEC4000F09080808080000FCFC04040000000F27
:10BED4000F0808003870E0C0800000000000010373
:10BEE400070E00000404FCFC00000008080F0F000B
:10BEF400080C0603060C0800000000000000000007
:10BF04000000000000202020202020200000030743
:10BF14000400000000000000000000A0A0A0A0E0B9
:10BF2400C0070F0808080F0FFCFC202020E0C00FFA
:10BF34000F0808080F07C0E02020206040070F0802
:10BF440008080C04C0E0202020FCFC070F080808A7
:10BF54000F0FC0E0202020E0C0070F0909090901E4
:10BF64002020F8FC24240400000F0F000000C0E08F
:10BF7400202020E0E0074F4848487F3FFCFC202079
:10BF840020E0C00F0F0000000F0F000020ECEC00B9
:10BF9400000000080F0F08000000000020ECEC0077
:10BFA400307040407F3FFCFC0080C060200F0F01D8
:10BFB40003060C08000004FCFC00000000080F0F3E
:10BFC4000800E0E020E020E0C00F0F000F000F0F9A
:10BFD400E0E0202020E0C00F0F0000000F0FC0E0C1
:10BFE400202020E0C0070F0808080F07E0E0202009
:10BFF40020E0C07F7F0808080F07C0E0202020E071
:10C00400E0070F0808087F7FE0E060202020200F71
:10C014000F0000000000C0E02020202020080909B3
:10C0240009090F062020FCFC2020000000070F084F
:10C034000808E0E0000000E0E0070F0808080F0F20
:10C04400E0E0000000E0E000030F0C0F0300E0E07C
:10C05400008000E0E0070F080F080F0760E0800091
:10C0640080E0600C0E0301030E0CE0E0000000E031
:10C07400E0074F4848487F3F202020A0E060200C84
:10C084000E0B09080808000040F8BC040400000076
:10C09400070F0808000000BCBC00000000000F0FE0
:10C0A4000000000404BCF840000008080F0700006A
:10C0B400080C040C080C0400000000000000030835
:10C0C4001018202830383F00A2F14674A46144655A
:10C0D4008A4E44E084EA000390990990A93100054E
:10C0E40090990990A931000390994688C038099025
:10C0F40000320990A933099000364685F03A6685E6
:10C10400003D19130D090604140F0A0806043C0324
:10C1140064002E036100F8021900D90206007602B9
:10C1240000000000000000000000400364002D0334
:10C134005F00E4023C00C3021500AA020500760277
:10C14400000000000000450364003A035F00EE02B3
:10C154003200BC0219006C02050058020000000005
:10C1640000003C0364002D036100F6021900D602AE
:10C1740006007602000000000000000000004703F3
:10C18400640032035F00E9023700BF0219009C0219
:10C1940005006F020000000000009E02B502CF02FD
:10C1A400E80202031D033903560375039303B40322
:10C1B400CE03E8030B04300455047C04A404CE0429
:10C1C400F904260555058505B605EA051F063E064C
:10C1D400560677068F06B106CA06ED0607072B0733
:10C1E40046076B078807AE07CB07F30711083B0820
:10C1F4008508D108F30820097209C709ED0913005D
:10C204001500160019001A001E002300270029003B
:10C214002B002C00350039003A003B003C004C0058
:10C224004D004E005200550059005A005C00630056
:10C2340065006A006D006E00720075007A007C0073
:10C2440085008A00930095009600A300A400A50031
:10C25400A600A900AA00AD00B100B300B500B60065
:10C26400B900BC00C600C900CD00D500D900DA0071
:10C27400E300E600E900EE00F400F500F90009012E
:10C284000A010B01130119011A01250126012A01D2
:10C294002C012D01320134013501360143014601DF
:10C2A4004E01530156015A016601750186018A0146
:10C2B4009401970199019A01AC01B201B401C3013F
:10C2C400CA01D301D901DA01DC01E301EC01000068
:10C2D40000000000E8033C000100F4013C000200FF
:10C2E40090011E000100F4011E00010058021E000E
:10C2F400010070033C00030079A701087CA7010832
:10C304008FA7010894A7010899A701089EA701080F
:10C31400A3A70108A8A70108AEA70108B3A70108AD
:10C3240002A6010800000000B9A7010801000000EE
:10C33400C5A7010802000000CBA701080300000004
:10C3440070A8010804000000D3A70108050000003C
:10C35400D7A7010807000000E0A7010808000000B3
:10C36400E7A7010809000000F3A701080A0000007C
:10C37400FFA701080B0000000AA801080C00000038
:10C3840007A801080E0000000FA801080F00000014
:10C394005FA801081000000019A80108110000009E
:10C3A40025A80108130000002AA8010814000000B1
:10C3B4002EA801081500000039A801081600000085
:10C3C40047A8010817000000DFE5EBF1F7FAFD00CC
:10C3D400E8EDF2F7FAFCFE00EDF0F50000A070A124
:10C3E40001000E886E8801000090D690010000388C
:10C3F40000400000007800800000008700880100F1
:10C4040000300038000000700078000000860087CB
:10C414000100002800300000006800700000008562
:10C424000086010000200028000000600068000071
:10C4340000840085010000180020000000580060FE
:10C444000000008300840100001000180000005068
:10C454000058000000820083010000080010000062
:10C464000048005000000081008201000000000824
:10C47400000000400048000000800081010000002E
:10C48400E0C3010803000C00F2C3010803004400E8
:10C4940004C401080300440016C401080300440056
:10C4A40028C40108030044003AC4010803004400FE
:10C4B4004CC40108030044005EC4010803004400A6
:10C4C40070C40108030044002830484058205C34FC
:10C4D4002A2A455449414E4D53555257444B474FD0
:10C4E4004856462A4C2A504A425843595A512A2AF5
:10C4F40035342A332A2A2A322A2A2B2A2A2A2A316A
:10C50400363D2F2A2A2A2A2A372A2A2A382A393033
:10C51400410202420401430405440301450100466B
:10C5240004044703034804004902004A040E4B0371
:10C53400054C04024D02034E02014F03075004064A
:10C5440051040B52030253030054010155030456D2
:10C55400040857030658040959040D5A0403300506
:10C564001F31051E32051C3305183405103505002E
:10C5740036050137050338050739050F2F05093F2F
:10C58400060C2E062A2C06333D05112D06212B05FB
:10C594000A28050D26050264320A000085A901084F
:10C5A4008AA901088FA9010879736D67615B554FEA
:10C5B400493F00000000000000000000DCC3010847
:10C5C40004000000D4C3010808000000CCC3010823
:10C5D400080000000008020A0C040E06030B0109FF
:10C5E4000F070D0530373D4347487E009BA90108DE
:10C5F40094A9010899A9010818100A002836087F8F
:10C6040058485800580058005800580058245848B2
:10C61400486C486C087F2836283628362836283651
:10C6240001000A0032006400FA00F40171024103BF
:10C63400E803E204DC05D007C409881310270000CE
:10C644000000000000000000000000009EA9010896
:10C654001308030001000000A3A901081305070043
:10C6640001000000A7A90108130007000100000051
:10C67400166C14E62E910D402135D5401303E98044
:10C68400C4C40108BCC40108B4C40108ACC4010892
:10C69400A4C401089CC4010894C401088CC4010802
:10C6A40084C401080800801001020000C0401F0A71
:10C6B4002E00FF02115B00001E41000000CE0000AE
:10C6C4000000001097310000FF1352980000000092
:10C6D40008000000E151BCA84526E400D81C503AEB
:10C6E400E0EA003000020000166C14E62E910D40C2
:10C6F4002135D5401303E98000000000000000103C
:10C7040000100000001000100020000000200010A5
:10C714000030000000300010004000000040001015
:10C724000050000000500010006000000060001085
:10C7340000700000007000100080000000806E088F
:10C74400009000000090D60000A0000000A070013E
:10C754000000010000B000020010010000C0001041
:10C76400FDE6000885030108F1E200087D52010896
:10C774004963010800202020202020202020282890
:10C78400282828202020202020202020202020208D
:10C7940020202020208810101010101010101010CD
:10C7A40010101010100404040404040404040410FD
:10C7B400101010101010414141414141010101018B
:10C7C4000101010101010101010101010101010155
:10C7D4001010101010104242424242420202020261
:10C7E4000202020202020202020202020202020225
:10C7F40010101010200000000000000000000000D5
:10C804000000000000000000000000000000000024
:10C814000000000000000000000000000000000014
:10C824000000000000000000000000000000000004
:10C8340000000000000000000000000000000000F4
:10C8440000000000000000000000000000000000E4
:10C8540000000000000000000000000000000000D4
:10C8640000000000000000000000000000000000C4
:08C874000000000000000000BC
:04C87C00D12C0008B3
:04C88000A52C0008DB
:10C8840001140A01FFFF01FFFF00C80020033C0060
:10C89400B400B400A401FF0188FF88FF3C00F1F05C
:10C8A400F6FCF9FAFF00FFFF1313E1AC0A130000D2
:10C8B40000000001FFFFFFFF0100000000127A00EA
:10C8C40081000000B942010802000000ED4901089E
:10C8D400E8030101200301FF1313FFFF01036413A5
:10C8E40013000100CEFFFFFF7EFFFFFFCEFFFFFF1F
:10C8F4007EFFFFFFFFFF0101010001012000FFFF98
:10C904000101010080380100010C800C9600000038
:10C914007EFFFFFFCEFFFFFF00010000A00000200C
:10C9240000000000EC2F002054300020BC30002018
:10C9340000000000000000000000000000000000F3
:10C9440000000000000000000000000000000000E3
:10C9540000000000000000000000000000000000D3
:0CC96400000000000000000000000000C7
:10C9700000000000000000000000000000000000B7
:10C9800000000000000000000000000000000000A7
:10C990000000000000000000000000000000000097
:10C9A0000000000000000000000000000000000087
:10C9B0000000000000000000000000000000000077
:10C9C0000000000000000000000000000000000067
:10C9D0000000000000000000000000000000000057
:10C9E0000000000000000000000000000000000047
:10C9F0000000000000000000000000000000000037
:10CA00000000000000000000000000000000000026
:10CA10000000000000000000000000000000000016
:10CA20000000000000000000000000000000000006
:10CA300000000000000000000000000000000000F6
:10CA400000000000000000000000000000000000E6
:10CA500000000000000000000000000000000000D6
:10CA600000000000000000000000000000000000C6
:10CA700000000000000000000000000000000000B6
:10CA800000000000000000000000000000000000A6
:10CA90000000000000000000000000000000000096
:10CAA0000000000000000000000000000000000086
:10CAB0000000000000000000000000000000000076
:10CAC0000000000000000000000000000000000066
:04000005080191510C
:00000001FF
