:020000040800F2
:102800000040002009A60108653900086739000862
:1028100000000000000000000000000000000000B8
:1028200000000000000000000000000069390008FE
:1028300000000000000000006B39000861C70008BC
:1028400059A6010859A6010859A6010859A6010868
:1028500059A6010859A6010859A6010859A6010858
:1028600059A6010859A6010859A6010815510008E2
:1028700059A6010859A6010859A6010859A6010838
:1028800059A6010859A6010859A6010859A6010828
:1028900059A6010859A6010859A6010859A6010818
:1028A00059A6010859A6010859A6010859A6010808
:1028B00059A6010859A6010800000000558A010820
:1028C00002780B78002A03D0013001319A42F7D008
:1028D000D01A70470023C25C0133002AFBD1581E76
:1028E0007047000002B47146490849000956490082
:1028F0008E4402BC7047C04602B471464908490084
:10290000095C49008E4402BC7047C04603B471465E
:10291000490840004900095E49008E4403BC7047E5
:1029200003B47146490840004900095A49008E44E1
:1029300003BC7047002243088B4274D303098B42C7
:102940005FD3030A8B4244D3030B8B4228D3030C7F
:102950008B420DD3FF22090212BA030C8B4202D321
:102960001212090265D0030B8B4219D300E0090A49
:10297000C30B8B4201D3CB03C01A5241830B8B4252
:1029800001D38B03C01A5241430B8B4201D34B033B
:10299000C01A5241030B8B4201D30B03C01A5241A0
:1029A000C30A8B4201D3CB02C01A5241830A8B4225
:1029B00001D38B02C01A5241430A8B4201D34B020E
:1029C000C01A5241030A8B4201D30B02C01A524172
:1029D000CDD2C3098B4201D3CB01C01A5241830926
:1029E0008B4201D38B01C01A524143098B4201D360
:1029F0004B01C01A524103098B4201D30B01C01A8B
:102A00005241C3088B4201D3CB00C01A5241830804
:102A10008B4201D38B00C01A524143088B4201D331
:102A20004B00C01A5241411A00D201465241104691
:102A30007047FFE701B5002000F0F0F802BDC04686
:102A40000029F7D076E7704703460B437FD4002276
:102A500043088B4274D303098B425FD3030A8B4232
:102A600044D3030B8B4228D3030C8B420DD3FF229C
:102A7000090212BA030C8B4202D31212090265D06A
:102A8000030B8B4219D300E0090AC30B8B4201D31D
:102A9000CB03C01A5241830B8B4201D38B03C01A64
:102AA0005241430B8B4201D34B03C01A5241030BDB
:102AB0008B4201D30B03C01A5241C30A8B4201D38C
:102AC000CB02C01A5241830A8B4201D38B02C01A37
:102AD0005241430A8B4201D34B02C01A5241030AAE
:102AE0008B4201D30B02C01A5241CDD2C3098B4293
:102AF00001D3CB01C01A524183098B4201D38B0110
:102B0000C01A524143098B4201D34B01C01A5241B2
:102B100003098B4201D30B01C01A5241C3088B42F7
:102B200001D3CB00C01A524183088B4201D38B00E2
:102B3000C01A524143088B4201D34B00C01A524184
:102B4000411A00D201465241104670475DE0CA0F5B
:102B500000D04942031000D34042534000229C461B
:102B600003098B422DD3030A8B4212D3FC22890125
:102B700012BA030A8B420CD3890192118B4208D3FB
:102B8000890192118B4204D389013AD0921100E05D
:102B90008909C3098B4201D3CB01C01A5241830971
:102BA0008B4201D38B01C01A524143098B4201D39E
:102BB0004B01C01A524103098B4201D30B01C01AC9
:102BC0005241C3088B4201D3CB00C01A5241830843
:102BD0008B4201D38B00C01A5241D9D243088B4299
:102BE00001D34B00C01A5241411A00D2014663463C
:102BF00052415B10104601D34042002B00D54942A0
:102C0000704763465B1000D3404201B5002000F0DE
:102C100005F802BD0029F8D016E770477047C04696
:102C20001C2101231B04984201D3000C10391B0AFC
:102C3000984201D3000A08391B09984201D30009C0
:102C4000043902A2105C40187047C0460403020217
:102C50000101010100000000000000000448054BD4
:102C600010B5834203D0044B002B00D0984710BD11
:102C7000EC000020EC00002000000000064807499E
:102C8000091A8B10C90FC91810B5491003D0044B8D
:102C9000002B00D0984710BDEC000020EC00002075
:102CA0000000000010B5074C2378002B09D1FFF776
:102CB000D5FF054B002B02D0044800E000BF0123E4
:102CC000237010BD600200200000000094B30108D2
:102CD000054B10B5002B03D00449054800E000BFA8
:102CE000FFF7CCFF10BDC0460000000064020020CA
:102CF00094B30108054B82B0DA6B0243DA63DB6BF5
:102D000018400190019B02B07047C046001002407D
:102D1000054B82B01A6C02431A641B6C1840019078
:102D2000019B02B07047C04600100240802130B5C0
:102D300080240822454B49009962A40045B2002D29
:102D400000DA81E09C62C046C046C046C046C0462C
:102D5000C046C046C046C046C046C046C046C04643
:102D6000C046C046C046C046C046C046C046C04633
:102D7000C046C046C046C046C046C046C046C04623
:102D8000C046C046C046C046C046C046C046C04613
:102D9000C046C046C0469961C046C046C046C0460F
:102DA000C046C046C046C046C046C046C046C046F3
:102DB000C046C046C046C046C046C046C046C046E3
:102DC000C046C046C046C046C046C046C046C046D3
:102DD000C046C046C046C046C046C046C046C046C3
:102DE000C046C046C046C0464000C0B29962C04618
:102DF000C046C046C046C046C046C046C046C046A3
:102E0000C046C046C046C046C046C046C046C04692
:102E1000C046C046C046C046C046C046C046C04682
:102E2000C046C046C046C046C046C046C046C04672
:102E3000C046C046C046C046C046C046C046013A2D
:102E4000002A00D07AE730BD9C617CE70004005086
:102E5000054B82B05A6B02435A635B6B184001907A
:102E6000019B02B07047C046001002400222064B90
:102E700099681142FCD00122187399681142FCD064
:102E8000D868C0B27047C0460038004010B5040092
:102E9000000CC0B2FFF7EAFF200AC0B2FFF7E6FF5E
:102EA000E0B2FFF7E3FF10BD0B4B5A7E002A02D0C1
:102EB0009B7E002B0ED10322084B01211A700022A9
:102EC000074B1A70074B1970074B1B788B4201D0C8
:102ED000064B1A707047C046801F00205108002022
:102EE000531F002050080020371F002053000020EF
:102EF000084B1A68293213780133DBB2072B00D94B
:102F0000012313700122044B1A80044A044B1278E7
:102F10001A707047541F00204E080020371F0020F1
:102F2000530000200122064B1A80064B1A683432E7
:102F300013780133DBB2032B00D1002313707047E9
:102F40004E080020541F0020012305498A7F5A4063
:102F50008A77044A1370044A1370044A1370704746
:102F6000801F00202F08002032080020651F00204D
:102F70000A4810B502780A4B002A0CD00633D97FD4
:102F80004C426141D97701235A400270054A1370BF
:102F9000054A137010BD0533F1E7C0462E08002026
:102FA000801F002032080020651F00200E490F4AB4
:102FB0000B7870B5501D0E4D0E4C002B0CD02D789B
:102FC000C57720780632D077012253400B700A4B28
:102FD0001A700A4B1A7070BDC67F2E70951DED7F5A
:102FE000C37725701800EDE72D080020801F002012
:102FF0002C0800202B08002032080020651F00202C
:10300000012304490A785A400A70034A1370034A9C
:1030100013707047F31E002032080020651F002047
:103020000123044A11784B4013700222024B1A709C
:103030007047C04624080020230800200123044ACA
:1030400011784B4013700222024B1A707047C04631
:103050002208002023080020044B05481A8850430A
:10306000044A801880B21880000A704728000020A7
:103070000508000019360000F0B5130007270322E9
:103080003B405A431B4B85B0D31801930123039156
:103090009C46002102900020019B5B5C0093009BFA
:1030A0006246C340134213D0039B1C18A3B23F2BAC
:1030B0000ED86546029B5A18E3B23C40A540D2B2F6
:1030C000ECB2072B0CD80C4BD5189B5C1C432C7016
:1030D00001300528E3D101310329DCD105B0F0BD71
:1030E000DB08013BDB01054E9D18AD19F618B35CFA
:1030F000ECE7C04688C1010859080020E51A002005
:10310000054B1A78002A06D000221A70034B0132B0
:103110001A70034B1A707047E0070020601F0020F0
:10312000651F002030B50E4B1B689A8B0D4B18683D
:103130000D4B19680D4B1C6C844207D15C6C8C42A2
:1031400004D11C0048342488944207D01C00002578
:103150004A3418645964483325801A8030BDC0460B
:10316000701E002044080020C8040020CC04002069
:103170000E4B10B51B68191E13D00D4A1268918BA7
:1031800000290ED083420ED80A4A126882420AD31E
:10319000C01AFFF7CFFB084B0021984201D801303D
:1031A00081B2080010BD0021FBE7C04644080020A2
:1031B000701E0020C8040020FEFF000010B5094C5E
:1031C0002278531CDBB2172B00D90023064952008A
:1031D0005052064A23701378172B01D8013313700D
:1031E00010BDC046950400209604002094040020E1
:1031F0000122054B52421A800023044A1360044AFC
:103200001370044A137070470400002090040020DB
:103210008D0400208C04002070B51E4A0300126843
:103220000232D47F221C082C00D208221A491B48E3
:103230000D88083A92B2854206D100200B80844264
:1032400001D0A342404170BD15482E1C854201D9D2
:103250001448068814481036B6B21C1C834201D9A3
:10326000124804880834A4B29E4202D80120934236
:10327000E9D2A64202D801209442E4D29D4202D96A
:1032800000200B80DFE707226A430432D318DB08F3
:10329000F6E7C046701E002004000020FFFF00007B
:1032A000EFFF0000D8B40108F7FF0000DAB401080E
:1032B000002806D0044A13780133DBB2032B01D86F
:1032C000137070470023FBE789040020F8B5104C09
:1032D0002368002B02D000232360F8BD0D4B0E4F56
:1032E0001B681B691D680D4B2560597B4A42514183
:1032F00048224A439B1888331E683E60FFF778FFD8
:10330000B54201D926603D60FFF70CFFE5E7C046F6
:1033100044080020541F0020C8040020801F002003
:10332000074B1B78012B0AD0064B1B78012B06D0CC
:10333000012205494B7E53404B76044B1A7070476F
:10334000371F00205E1F0020801F00202F08002054
:103350000021012210B5124B1960124B587B4240DC
:1033600011485A7304788C4202D001700F480170E2
:10337000991DC87F002801D0501CC8770533D97F1C
:10338000002901D00132DA770123094A1370094A72
:103390001370094A13700022084B1A7010BDC04602
:1033A00044080020801F0020531F0020501F0020D1
:1033B0002F080020320800204E000020530000207B
:1033C000092802D83030C0B2704703000A3BFF2002
:1033D000052BF9D8014AD05CF6E7C04651BF010879
:1033E00010B50E4A0E48137B59424B410021DBB207
:1033F00013738B4200D04831883152180260094A59
:103400001378002B03D101331370074A1370002087
:103410000EF028FA0A22054B1A8010BD801F0020EA
:10342000701E002043080020651F0020DC070020DC
:10343000194B10B51B78002B11D0FFF761FE174A0E
:10344000174B12781B7852B2002A1BD1154AD27F33
:10345000002A05D1032B02D003200EF0A5F810BDE1
:10346000114A1278002AF5D16420104908801049C9
:103470000A7010490A7001210F4A117001210A4A8D
:103480001170E7E7084A11780029E3D114200B4AAC
:1034900010800B4AF1E7C046DE070020181F00200D
:1034A0005E1F0020851F0020EE1E0020DC0700208C
:1034B0004E00002043080020651F00204A0800201D
:1034C0004F000020034B10B51B78002B01D1FFF7F4
:1034D000AFFF10BDE91E0020302210B500210448C6
:1034E00017F0E6F80022034B1A70034B1A7010BD58
:1034F00096040020950400209404002010B5084B89
:103500001B78012B01D9042B05D1062008F014FAF1
:10351000062008F011FA0022024B1A7010BDC046B6
:10352000C01F002034000020A023402210B5DB057E
:103530009A6215F067FC10BD10B5032804D0072867
:1035400009D0074B185C03E0064B1878A6231843F4
:10355000FFF7EAFF10BD044B18781530C0B2F7E74B
:1035600004C20108580800202A00002070B50C4B46
:103570001B6834331C78012C0AD10321094D2878AB
:103580000130FFF747FB2970200009F017F870BDE4
:10359000002CF9D1044D052128780130F1E7C0460F
:1035A000701E00202A0800202908002070B508F0AD
:1035B000CFFB114B041E00D1104B19680D002D35A7
:1035C0002A78343153425341D8B228700B78012BFA
:1035D00007D153425A4103205242104015F052FC89
:1035E00070BD002CFAD000208242F7D1044B18782D
:1035F0000130C0B2F2E7C046701E0020541F002008
:103600002808002070B5868B0068714308183100C7
:103610001C00150008F098FAA04206D8A84203D270
:103620003100A01B08F090FA70BD2800FCE70000F4
:10363000F0B5212585B0FFF775FD164B1E68164BBA
:103640001B785BB20193154B1B680293144B1B68EC
:103650000393144B1F783000039B029A0199FFF7E4
:10366000D1FF013DEDB204003060002D07D0FFF71F
:103670007FFD002803D000230B4ABB4202D120006B
:1036800005B0F0BD0232911E09888142E3D00133BA
:10369000DBB2F2E7701E0020181F00204408002053
:1036A000C804002016050020CC04002010B50EF040
:1036B000DDFD0122044B1A70044B1B78002B01D056
:1036C000034B1A7010BDC046C20700204C080020F2
:1036D0003208002070B50B4D00202B78002B0DD147
:1036E000094B1C78002C06D00A226243074B1A7043
:1036F00000232B7070BDFFF7D9FF20000DF054FFA1
:10370000F6E7C046C2070020C61F0020C107002000
:103710000F4B70B51B78002B17D00E4D2B78002B5C
:1037200015D0002913D001230B4C0A000100812081
:10373000237014F08BFF094B2278002A07D0013B3D
:10374000002BF9D123702B7001E012F0E3F870BD6B
:10375000C0070020BF070020BE070020A086010090
:10376000264B70B51A688023D28BDB009A422ED28A
:1037700000230A2518002249224E0A78DCB294421E
:1037800009D300280DD1042A21D1002301220B7076
:103790001D4B1A7007E06843F45C0133001980B2D6
:1037A000ECE7042AF1D000220138184D84B2110050
:1037B00020006E7B08F054FC002809D1124B1B78C6
:1037C000012B02D80222124B1A7009F09DFF70BD26
:1037D000002302210E4A1370321D520054530D4A29
:1037E000760011700C4A745313700C4A1370687B86
:1037F00009F08AFD09F088FFE7E7C046541F002062
:10380000531F0020D0030020581F0020801F0020DD
:10381000511F002023080020220800202408002037
:10382000F8B5264B264C1A78002A03D0A11DCA777A
:1038300000221A700022234B1A70FFF74DFE224B14
:103840001F68224B3E001B78002B01D0204B1E68C6
:103850008022204BD2001B8893421CD2207BB2B224
:10386000031D5B00E25202214300E25209F04CFDCD
:10387000B74204D009F048FF0122174B1A70002309
:10388000383423700AF0B8F901200DF0EBFF012263
:10389000124B1A70F8BD124B1D6828002E6008F0FC
:1038A00061FD280008F04AFCB742E8D001232A0055
:1038B000217BE88B0AF032F9E1E7C046880400205A
:1038C000801F0020181F002084040020C307002050
:1038D000C807002048080020651F0020601F002046
:1038E000701E002010B5174B174CDB7F002B19D032
:1038F000164A1378002B03D000231370144A137058
:10390000144A637B11688022C98BD20091420AD28B
:103910005B00E2189288E25201220F4B1A700F4BA3
:1039200092181A7010BD04335B00E05A0023012185
:103930001A0008F0CFFB0A4B9842F3D0637B5B0080
:10394000E052E9E7841F0020801F0020531F002061
:10395000501F0020541F0020B4070020230800201F
:10396000FFFF00007047FEE770477047014B024AB7
:103970009A60704700ED00E0002800080E4B1A78AE
:1039800082420DD018700D4B0D4A1B5C0D491380FF
:103990000D4A12889B1A9AB21BB2002B01D10B70F0
:1039A00070471811002B03DD53421B115B4218B204
:1039B000064B18800123F2E7E918002023C2010812
:1039C000E0180020E6180020E4180020E21800208B
:1039D000922210B5054B5200985CFFF7CFFF0022F2
:1039E000034B1A80034B1A7010BDC046801F002085
:1039F000341F0020E7180020F8B5802380267E4F72
:103A00007E4C9B007600BB610500A662C046C046A6
:103A1000C046C046C046C046C046C046C046C04676
:103A2000C046C046C046C046C046C046C046C04666
:103A3000C046C046C046C046C046C046C046C04656
:103A4000C046C046C046C046C046C046C046C04646
:103A5000C046C046C046C046C046C0468020BB6285
:103A60002843FFF763F92368654A13402360C04683
:103A7000C046C046C046C046C046C046C046C04616
:103A8000C046C046C046C046C046C046C046C04606
:103A9000C046C046C046C046C046C046C046C046F6
:103AA000C046C046C046C046C046C046C046C046E6
:103AB000C046C046C046C046C046C046C0461023A9
:103AC0000020400080B2844601212069A661400A9E
:103AD000084061460843C046C046C046C046C0468E
:103AE000C046C046C046C046C046C046C046C046A6
:103AF000C046C046C046C046C046C046C046C04696
:103B0000C046C046C046C046C046C046C046C04685
:103B1000C046C046C046C046C046C046C046C04675
:103B2000C046C046C046A662C046C046C046C04663
:103B3000C046C046C046C046C046C046C046C04655
:103B4000C046C046C046C046C046C046C046C04645
:103B5000C046C046C046C046C046C046C046C04635
:103B6000C046C046C046C046C046C046C046C04625
:103B7000C046C046C046C046013B002B00D0A0E76F
:103B800023681A408023DB021343236080239B00B9
:103B9000BB61C046C046C046C046C046C046C046DF
:103BA000C046C046C046C046C046C046C046C046E5
:103BB000C046C046C046C046C046C046C046C046D5
:103BC000C046C046C046C046C046C046C046C046C5
:103BD000C046C046C046C046C046C046C046C046B5
:103BE000C046A661A361074B302D02D0472D01D1FD
:103BF000054B1880F8BDC04600140050000400506A
:103C0000FFFFF3FF320000203000002070B50600F7
:103C100069200D00FFF7F0FE040003040BD46A20B6
:103C2000FFF7EAFE0C4B24030005000D1C40044383
:103C30000220346070BD6820FFF7DEFE0300002024
:103C40001A04F7D40548DB04DB0C58430449FEF79B
:103C5000FBFE28800120EDE700F0FF00EB120000E2
:103C600010270000F7B5694B694A00931B78019251
:103C7000002B26D113785BB2002B0AD0654B664A25
:103C80001B889B18062B04D8644B1B78002B18D07C
:103C9000F7BD634B1D786B1E022B27D86149624B21
:103CA0000A78002A03D0614A1278002A06D01A78CE
:103CB000002A1BD05E4A1278002A17D100220A700F
:103CC0001A7001200DF0CEFD01225A4B1A70019B93
:103CD0001B785BB2002BDBD0574B1A78502AD7D811
:103CE000002A00D089E0FFF79BFDD1E74B4B012470
:103CF0001B78524F002B0AD03B78DAB2002B05D14B
:103D0000A5421AD00ED9AB1EA34229D900243B7874
:103D10004B4E002B69D1002C67D13378002B41D159
:103D20003470B5E7474BDB7D002BEFD0464B19785D
:103D30000029EBD002241A70E9E7444B1978394B7B
:103D4000002906D01A70404B1A78002ADED00022D3
:103D5000F0E71A78002AF6D11D706432334BF1E790
:103D60003B4B1978304B002914D03A490978012986
:103D700010D11A70344E3378002BC7D00C20FFF7C7
:103D80003BFE0405A40F013C63425C410023640038
:103D90003370BCE71A78002AECD101321A70244B38
:103DA0006332E6E72C4BDB7F002BB9D0023D012DBF
:103DB000B6D80C20FFF720FE0005800F0128AFD1F8
:103DC000254BDB7F002B00D162E7A0238022DB059F
:103DD00052009A62214BEC3A1A800023009A137029
:103DE00001223A701E4A137052E700233370012CEF
:103DF00000D166E7022CE3D04AE719235343194A5E
:103E000013800022184B1A7042E7C046D5070020E5
:103E1000181F00204808002000FCFFFFDE070020DC
:103E2000DB070020D9070020D6070020D407002098
:103E3000D3070020601F0020A81F0020D207002009
:103E4000D0070020801F0020D1070020DA070020C3
:103E5000D8070020D7070020831F0020CE070020AE
:103E6000781E00204A0800204F000020F8B50C0002
:103E7000374B302802D0472805D1364B1A88A2424A
:103E800000D142E11C8080238026334F334D9B00BC
:103E90007600BB61AE62C046C046C046C046C04662
:103EA000C046C046C046C046C046C046C046C046E2
:103EB000C046C046C046C046C046C046C046C046D2
:103EC000C046C046C046C046C046C046C046C046C2
:103ED000C046C046C046C046C046C046C046C046B2
:103EE000C046C046C046BB62FEF720FFC046C04683
:103EF000C046C046C046C046C046C046C046C04692
:103F0000C046C046C046C046C046C046C046C04681
:103F1000C046C046C046C046C046C046C046C04671
:103F2000C046C046C046C046C046C046C046C04661
:103F3000C046C046C046C046C046C0461023AE621A
:103F400022B2002A00DAE1E080229200AA6207E0B1
:103F50003200002030000020001400500004005007
:103F6000C046C046C046C046C046C046C046C04621
:103F7000C046C046C046C046C046C046C046C04611
:103F8000C046C046C046C046C046C046C046C04601
:103F9000C046C046C046C046C046C046C046C046F1
:103FA000C046C046C046C046C046C046C046C046E1
:103FB0006400AE61A4B2C046C046C046C046C0461A
:103FC000C046C046C046C046C046C046C046C046C1
:103FD000C046C046C046C046C046C046C046C046B1
:103FE000C046C046C046C046C046C046C046C046A1
:103FF000C046C046C046C046C046C046C046C04691
:10400000C046C046C046AE62C046C046C046C04676
:10401000C046C046C046C046C046C046C046C04670
:10402000C046C046C046C046C046C046C046C04660
:10403000C046C046C046C046C046C046C046C04650
:10404000C046C046C046C046C046C046C046C04640
:10405000C046C046C046C046013B002B00D06FE7BB
:10406000C046C046C046C046C046C046C046C04620
:10407000C046C046C046C046C046C046C046C04610
:10408000C046C046C046C046C046C046C046C04600
:10409000C046C046C046C046C046C046C046C046F0
:1040A000C046C046C046C046C046C046C046C046E0
:1040B00080239B00BB61C046C046C046C046C04688
:1040C000C046C046C046C046C046C046C046C046C0
:1040D000C046C046C046C046C046C046C046C046B0
:1040E000C046C046C046C046C046C046C046C046A0
:1040F000C046C046C046C046C046C046C046C04690
:10410000C046C046C046AE61AB61F8BD8022920099
:10411000AA6125E770B590B00400402268461849AE
:1041200016F0F5FB392C08D82F2C25D8232C25D0B8
:104130000EAD2A2C09D010B070BD2300413B373C96
:10414000032BF8D8A4006C44250028880D4C0E4E93
:1041500060430E498019FEF7EDFB81B27120FFF735
:1041600085FE6B8809495C43A019FEF7E3FB81B229
:104170007220FFF77BFEDEE7303CE3E70FADE4E7BC
:10418000ACB301084C930100881300001027000015
:1041900010B5094C2388002908D04022C24013439F
:1041A00099B233202180FFF761FE10BD41214942C1
:1041B00001411940F5E7C046C81A002010B50400B7
:1041C00051200A49FFF752FE07200949FFF74EFE2A
:1041D00021050820090DFFF749FE802321021B025B
:1041E000090D08201943FFF741FE10BD33A0000060
:1041F000D70A00000C4B10B5C1184B1E99410400A2
:1042000049420A4B890A8902C9185120FFF72EFE3C
:104210000748084B60430849C018FEF78BFB81B282
:104220000720FFF723FE10BDBFF5FFFF40940000FD
:104230009826030050C30000A086010070B504005A
:1042400031200D00FFF7D8FBA02361051B02490DAB
:10425000194306004620FFF709FEC0216D056D0DCC
:10426000490129437920FFF701FE7A200449FFF72D
:10427000FDFD04213143312089B2FFF7F7FD70BD08
:104280009A28000010B5040081B23820FFF7EEFD37
:104290003920210CFFF7EAFD10BD000010B50349DD
:1042A000000201434720FFF7E1FD10BD426000001E
:1042B00010B537200549FFF7D9FD00213020FFF761
:1042C000D5FD30200249FFF7D1FD10BD1F9F000032
:1042D000F1BF000010B53120FFF78EFB0223984399
:1042E00081B23120FFF7C2FD00212B20FFF7BEFD78
:1042F00010BD000070B505003120FFF77DFB040004
:10430000002D06D108239C43A1B23120FFF7AEFD5A
:1043100070BDAB1E5A1E9341AD21DB0389011943C9
:104320002920FFF7A3FD0120A84280410549404212
:10433000800301432820FFF799FD0821214389B21A
:10434000E3E7C046382B000010B53120FFF754FBDF
:104350000423984381B23120FFF788FD10BD10B5CA
:1043600000212420FFF782FD10BD0000DB2110B5E5
:104370002120C900FFF77AFD24200249FFF776FDCE
:1043800010BDC0467FC1000010B550200149FFF7A5
:104390006DFD10BD18BB000010B550200149FFF79E
:1043A00065FD10BD183B000010B500213020FFF75F
:1043B0005DFDE82137204901FFF758FD10BD0000E1
:1043C00010B500217020FFF751FD0020FFF766FFB8
:1043D000FFF7E2FF00213020FFF748FD30200249BF
:1043E000FFF744FD10BDC046F1BF000010B5C3216A
:1043F0007020FFF73BFD72200A49FFF737FDC1210E
:104400005820FFF733FD5C200749FFF72FFD8E2171
:104410005D20C901FFF72AFD5E200449FFF726FD54
:1044200010BDC04665300000655600000432000033
:1044300010B500213020FFF719FD10BD054B10B558
:104440001B78002B05D001210020FFF7A1FEFFF70C
:104450002FFF10BDE91E002010B50400FFF794FFE8
:104460000020FFF71BFF00217020FFF7FFFCFFF784
:1044700076FF30200349FFF7F9FC002C01D1FFF74C
:104480008BFF10BDFEC1000010B530200149FFF7C1
:10449000EDFC10BDFAC3000010B50400FFF766FF85
:1044A000FFF772FF0020844200D00330FFF7F6FED2
:1044B00070200349FFF7DAFCFFF7E6FF10BDC046A6
:1044C000C3C3000010B56720FFF796FAC005C00D02
:1044D00010BD000010B5064B064A1B7811781B0171
:1044E0001943B0231B0248201943FFF7BFFC10BD3E
:1044F000022000200420002010B501240E4B0520CE
:104500001A7854401C70614261410F23494219409E
:10451000A1231B01C91811F00EFB0022074B944286
:1045200002D11A008332127882331A70FFF7D2FF59
:104530000122034B1A7010BD25080020801F0020A7
:10454000651F002010B5FFF79DFEC0215120890096
:10455000FFF78CFCFFF7ACFE10BD10B50021042066
:10456000FFF716FE00210320FFF712FE10BD00002A
:104570000B4B10B5984208D801210420FFF708FE24
:1045800000210320FFF704FE03E0013002D1FFF712
:10459000E4FF10BD00210420FFF7FAFD0121F0E740
:1045A000FF3EAB0170B51D4B1B78013B012B27D99A
:1045B00000241B4B1B4A1C7013781B4DA34220D0B8
:1045C0001A4B14701C701A4B80221C80A0230126E9
:1045D0005200DB059A62174B1C7011F0C5FA164B9E
:1045E0001B681868FFF7C4FF144B1E70144B1C7037
:1045F00009F002FB5022134B2C701E70124B1A80D4
:1046000070BD124A137007F0BBFE01200DF02AF9AD
:1046100011F096FD03232B70F2E7C0465E1F0020C9
:10462000531F0020521F002053000020171F00209E
:1046300030080020781E0020701E0020651F00201A
:10464000B81F002032080020E61E00204C08002081
:1046500070B50F4D04002A68002A08D00023180006
:104660000C49A142584191425B41984202D020003E
:10467000FFF77EFF20002C60FFF704FE00213020B2
:10468000FFF7F4FB044B30201988FFF7EFFB70BDF8
:1046900090040020FF3EAB018A040020A023F7B560
:1046A000160008220500DB059A6203200C00FEF7C5
:1046B000DDFB2800FEF7EAFBC0232E4DDB00AA68D5
:1046C0001100194001911A420AD10F2E0AD8A619D9
:1046D000B44249D0FF20FEF7C9FB20700134F7E750
:1046E000EA68ECE740222B68042093432B6013F028
:1046F00091FF052013F08EFF802284211E4B520172
:104700005A601E4F0420490113F066FF05201C4922
:1047100013F062FFFC601B4C31000420BC6013F0FE
:104720006BFF194A194B3100D360946002240520B5
:1047300013F062FF019B164E042033703B68234345
:104740003B6013F075FF052013F072FF01236A68C8
:10475000134340226B602B6813432B606B681C4330
:104760006C603378002BFCD0A0230822DB059A6113
:10477000F7BDC0460038004000000240440002403F
:10478000101000000C38004058000240DC180020D7
:10479000DA1800200120024B1B699B0A98437047DE
:1047A0000004005000B503000078002208280ED84D
:1047B000FEF7A2F8050F151D3522272F2F00012225
:1047C000552904D0AA2901D0002000BD05221A7065
:1047D000FAE7AA394A42514149001970F4E7032225
:1047E0000029F4D005394A4251418A00EFE7484296
:1047F00041411A70C8B2E8E700225529E7D10632D4
:10480000E5E7032901D10722E1E70429DFD10822E6
:10481000DDE7122903D8102901D0024801700120D8
:104820001A70D2E72B0000200022034B1A70034BB2
:1048300001321A707047C046D9080020651F002059
:10484000F7B5A026402750390430F605C5B20193CC
:10485000C8B2B762140014F0D5FA10202B0918431F
:1048600014F0D0FA0F20284014F0CCFA019BB76165
:10487000E5182078013414F0C5FAAC42F9D1F7BD3F
:10488000F8B50423124E0400B3624020FEF74CFE3C
:10489000104A002C07D0104B01251F00072C0AD806
:1048A000621ED201D218802321000020FFF7C8FF2A
:1048B0000423B361F8BD290001353A0080230020AC
:1048C000EDB2FFF7BDFF8037082DF4D1F0E7C04609
:1048D0000004005059080020E51A002010B50820F7
:1048E000FFF7CEFF10BD10B50130C0B2FFF7C8FF13
:1048F000012012F0B5FC10BD10B50020FFF7C0FF7D
:1049000010BD0000F7B5041E294E2A4F2BD00024FD
:10491000FEF7A2FB7021FEF793F8A5192970FEF7A8
:104920009BFB0321FEF78CF83D19013101342970FE
:10493000202CEDD109F02EFC002509F067FB0024A6
:10494000EFB2BB00DBB20193725DE100611A511856
:10495000D219121909B2D2B2002C16D10198FEF761
:104960008BFB0134F0E735002B783A5D9B18DBB206
:104970002B70702B04D9FEF76FFB0F2318402870A3
:1049800001340135202CEFD1D4E7032C02D90123C7
:104990001A4202D00198FEF76FFB0134082CD3D1E4
:1049A0000135202DCBD1FFF7A7FFFFF797FFF7BD0C
:1049B00002080020E207002070B5254B1C78002C6F
:1049C0003ED0244BDB7F013B3B2B39D8224D2B784B
:1049D000002B35D1214B1B78002B31D1204B1B787C
:1049E000012B2DD007F0B4F9002829D11D4B1B78DD
:1049F000002B25D11C4B1B78002B03D01B4B1B78A5
:104A0000002B1DD01A4B1B78002B19D1194B1B788A
:104A1000002B01D0032B13D1631E012B11D810F0F2
:104A200001FDFFF769FFFFF759FF012300202B70FD
:104A3000114B1870114B1870114B187012F010FCBC
:104A400070BD032CF1D10120FFF75CFFEDE7C046FC
:104A5000E1070020881F0020E00700202E1F002013
:104A60005E1F0020141F0020171F0020DB1E0020E7
:104A70002B1F0020371F0020DF070020601F0020B1
:104A8000651F0020042370B5074DE220AB62FEF7DE
:104A90004BFD002420000134E4B2FEF74DFD082C4C
:104AA000F8D10423AB6170BD00040050042370B53D
:104AB0000024064DAB6220000134E4B2FEF73CFD59
:104AC0000B2CF8D10423AB6170BDC046000400502C
:104AD0000B4B70B51B680B4C584300236568A268EC
:104AE000834200D370BDA1688A4203D99B185B1A28
:104AF0000A00F5E78A42FBD26E1AF318D318F7E7DB
:104B0000EC18002010E000E0324870B50378002B6C
:104B100020D0314B314A0021595E13885B181BB2FB
:104B20001380002917DD2E490024095F994219DD01
:104B30001478002C1CD12B4A013413680720A3439E
:104B4000136013F067FD2000FFF7C2FF8022264BA1
:104B500052009A6270BD0029EAD021490024095F01
:104B60009942E5DB1E4B1B88138000230370DFE7AF
:104B70006401FF212000FDF7DDFEFF2300225B0121
:104B80009C421AD01100194E194D0B0082424B4124
:104B90005B42334001339400FF3301322B51202A12
:104BA000F3D101240F4D2B682342D3D1072013F0FA
:104BB0003FFD2B681C432C60CCE70121094A0720EC
:104BC00013688B43136013F025FD8022064B5200BF
:104BD0009A61BFE7E6180020E2180020E4180020E0
:104BE000E0180020001400400014005000FFFF00F7
:104BF000F0180020782170B51B4A1C4B12781C4C11
:104C00004A431A801B4A1C4B12781A701B4B1D78A2
:104C10001B4BDB7F002B06D1FEF7DAFE002D01D007
:104C2000FEF76CFC70BD0122164B1A702623FF3371
:104C3000E05CFEF7A3FE002D05D0134B1B78002B84
:104C40000CD1FEF75BFC0834E17F00230F4A3D29BD
:104C500002D00A234B4301331380E3E7FFF754FFED
:104C60000B48FFF735FFE8E752000020301F002017
:104C7000801F0020E9180020E818002034000020E0
:104C8000881F0020E7180020E6180020341F0020AD
:104C900010270000064910B50B78002B03D0054AF9
:104CA000054B1278DA7700230B70FFF7A3FF10BDD6
:104CB0002708002026080020881F002080220A4B99
:104CC000520243439B1810B571200C00590CFFF79A
:104CD000CDF8FFF761FBFA2080006043FFF7F8FE94
:104CE000FFF752FB10BDC0461DA61400F8B51C000E
:104CF00005000E001700FFF747FB201E05D0A0237C
:104D000080220320DB0552009A61FFF7C7FA12499F
:104D10003F02394389B27020FFF7A8F8FFF7B4FBD0
:104D20000E48FFF7D5FE31002800FFF7C7FF002C23
:104D300007D0A0238022DB05520000209A62FFF7F3
:104D4000ADFA00217020FFF791F830200449FFF7F9
:104D50008DF8FFF721FBF8BD0080FFFF50C3000076
:104D6000FEC1000010B500213F20FFF77FF8682149
:104D70005920FFF77BF80348FFF7AAFEFFF758FB1F
:104D800010BDC0463075000010B5FFF7EBFF0021E5
:104D90000220FFF76BF800213F20FFF767F8FFF7CD
:104DA00087FAC0213F208901FFF760F859200449A4
:104DB000FFF75CF859200349FFF758F810BDC046CB
:104DC000684000006830000070B50D000400FFF777
:104DD000DBFAC22170200902FFF748F880230B4953
:104DE0005B026943C9187120490CFFF73FF80020A6
:104DF000844200D00330FFF751FAFFF745FB044827
:104E0000FFF766FEFFF7C8FA70BDC0461DA6140086
:104E100050C30000F0B5FA260500002485B00393C6
:104E20000AAB1F880BAB1B88B6007343019102923B
:104E30000093285D002801D105B0F0BDFFF76AF9A5
:104E4000FFF7AAFA019B002B02D00298002C06D093
:104E50002B5D03982A2B02D0232B00D038007043FF
:104E6000FFF736FEFFF790FA0098FFF731FE0134A6
:104E7000DFE7000070B5A0250826094CED050520E8
:104E8000AE62FDF7F3FFFF20FDF7F0FFAE61C00754
:104E900005D50A20013CFFF71BFE002CEFD170BDA9
:104EA00040420F0070B5A02408250600E405A56265
:104EB0000620FDF7DBFFA561FFF7DCFFA5622020E0
:104EC000FDF7D4FF3000FDF7E1FFA561FFF7D2FF4A
:104ED00070BD000010B50400FFF7E4FF054B1B6830
:104EE000A34205D18022FF210348520115F0E0FBC7
:104EF00010BDC0462C000020DA080020F0B587B0B5
:104F00006B46049003921A7C8023A0255B000291DB
:104F10009B1AED05039A01929A4200D90193082346
:104F20001C00AB620620FDF7A1FFAC610220AC6261
:104F3000FDF79CFF0498FDF7A9FF029C019AA618B3
:104F40000F2A5BD94022314C04202368304E934312
:104F5000236013F05FFB052013F05CFB80222D4BD8
:104F600052015A600021042013F036FB90210520E5
:104F700013F032FB284F294B0420F3600199B760EE
:104F800013F03AFB264B02990520D9609F600199E6
:104F900013F032FB234B02270593002305990420CD
:104FA0000B7033683B43336013F042FB052013F072
:104FB0003FFB01236268134340226360236813436D
:104FC000236063681F436760059B1B78002BFBD041
:104FD0000823AB61FFF74EFF019A049B944663449C
:104FE0000493029B63440293039B9B1A03938023C5
:104FF000039A5B00002A8DD107B0F0BD2078013400
:10500000FDF734FFB442F9D1E2E7C0460038004072
:1050100044000240000002400C380040DC18002030
:1050200058000240DA180020F0B587B005938023BD
:105030000705040B3F0D5B010190029103922403CD
:10504000DE1B039B002B03D1FFF714FF07B0F0BD5D
:10505000FFF710FF039DB54200D935002B4E336892
:10506000A34206D08022200029495201FFF716FBF7
:105070003460274E2A00BE193100029815F08EFCCC
:10508000002826D00023F25CFF2A31D101339D4253
:10509000F9D100232A0030000299049315F037FC5F
:1050A000049B002B2DD02000FFF7FCFEFFF7E2FE53
:1050B000059B174E002B1DD0EF193A003100200040
:1050C000FFF71CFF80225201FF21D21BF01915F0BF
:1050D000EFFA019B00275B190193029B5B19029376
:1050E000039B5B1B039380235B011E00E418A8E76E
:1050F0000123CFE78022310020005201FFF7FEFE9E
:10510000E7E72A0002990198F8E7C0462C00002042
:10511000DA08002080201C4980010B6810B503428A
:1051200030D00224194B1A6822422BD01A68A243AD
:105130001A6048600A20FFF7CBFCC021144A154BC7
:1051400049019868084202D0013A002AF9D1802129
:105150000F4A9868084202D0013A002AF9D1C021CA
:105160000B4AC9009868084202D0013A002AF9D1D6
:1051700002215A688A435A605A6801398A435A6040
:10518000054B197010BDC0460000024044000240AB
:105190001127000000380040DA18002070B54026C2
:1051A0002025094C0120A661FFF792FCA561012092
:1051B000FFF78EFCA6620120FFF78AFCA5620120A2
:1051C000FFF786FC70BDC0460014005070B5402546
:1051D0002026094C0120A562FFF77AFCA662012077
:1051E000FFF776FCA6610120FFF772FCA5610120A4
:1051F000FFF76EFC70BDC04600140050F7B5234C9D
:10520000234A2368019013402360082300252027A8
:10521000012600933000A762FFF75AFC3000A76117
:10522000FFF756FC3000FFF753FC23696D00EDB229
:105230005B0600D535433000A762FFF749FC009BB1
:10524000013BDBB20093002BE4D12268104B01201C
:105250001A4080235B0113432360A762FFF738FCE9
:10526000019A4023002A0ED0A36120260120FFF7D7
:105270002FFCA6610120FFF72BFCA6620120FFF79F
:1052800027FC2800FEBDA362EFE7C04600140050D3
:10529000FFCFFFFFF8B52023264C0500A3620120B5
:1052A000FFF716FC08266BB2002B3EDB4023A362FF
:1052B00020270120FFF70CFC013E0120A761FFF72A
:1052C00007FC6D000120A762F6B2FFF701FCEDB20A
:1052D000002EE8D140252368174E0120334023607B
:1052E000A561FFF7F5FBA7610120FFF7F1FBDF37B1
:1052F00023691A002A402B421AD0013F0120FFB235
:10530000FFF7E6FB002FF3D101256D422023A362B6
:105310000120FFF7DDFB802322685B01324013434D
:10532000236040232800A361F8BD4023A361BFE7A9
:105330001500EBE700140050FFCFFFFFF8B578230E
:10534000802680270025164C3602A361FF010A2023
:10535000FFF7BEFB23691A003240334212D03B42B2
:105360000FD09A0417D50322DB040BD50135052D88
:1053700013D078230722A361521B773B9340A3628B
:10538000E5E70122074BA9005B18985C1328EDD0D4
:105390007823A361F8BD0222F4E71320F8E7C046A2
:1053A000000400500FC2010810B532246320FEF73C
:1053B00023FBC0B2C72806D9013C0120E4B2FFF7A5
:1053C00087FB002CF2D1FFF77DF8FFF77BF810BDCB
:1053D00070B5FFF7E9FF1A4A0400031C904201D997
:1053E000184B1B88184A083312689BB20232D17FCF
:1053F000164A1588164A954204D1002901D09942CF
:1054000012D970BD134E2A1CB54201D9124A128816
:10541000103292B29A42F4D80A1C082900D208220B
:10542000083A92B29A42ECD8AF204000FFF750FB06
:10543000FFF7BAFF231C844200D2031C98B2E0E7B6
:10544000F7FF0000DAB40108701E002004000020FD
:10545000FFFF0000EFFF0000D8B40108604BF0B57B
:105460001C68604B85B01B68002B00D1A8E05E4B28
:105470001B78002B00D19DE0A31CDB7F002B00D10B
:1054800098E03020FEF7B8FA0626584A584B1040EC
:105490001880FEF7CDF82060200006F063FF236936
:1054A0001D68544B1B68002B06D0534A127852B229
:1054B000002A4ADD9D424CD32800FFF7C9F8FFF7C8
:1054C00087FF0500FDF77AFE2800FDF7A5FE0028FE
:1054D00061D0A18B4B1EF82B28D8FA2023688000BE
:1054E0000293FDF7B1FA502800DD50200026370066
:1054F00083B2039323691B680193FEF799F8206038
:10550000200006F02FFF236918683B4B1B785BB225
:10551000002B21DD019B834223D9029B20002360C5
:1055200006F020FF23691868FFF792F80122334B39
:105530001A70200006F016FF200006F0FFFD012083
:105540000CF090F909222E4B2EE0002AB4D09D4297
:10555000B2D9FDF74DFEAFE7002B02D0019B83428D
:10556000DBD3FFF775F8FFF71FFF854209D205006F
:105570000027236802930136039BB6B2B342B9D128
:10558000CBE78542F7D9281A0728F4DD0137FFB2A7
:10559000022FF0D9C1E7013EF6B2002E00D078E725
:1055A0000122164B1E70164B1A800122154B1A70E1
:1055B00005B0F0BD114A1370FEF73AF82060B8E765
:1055C0000E4A0D491370208E0F4AC0000978131837
:1055D0005B68825849B22000FEF714F8EEE7C04637
:1055E000701E00204408002003000020FFFDFFFF84
:1055F0008A04002090040020181F00208D04002041
:105600004A080020601F002058BF0108F0B5D44BA5
:10561000D44C1A7895B0531E182B3DD82300802106
:105620002A331B78C9000593A38D8B4231D01BB25E
:10563000E58D8D4236D02DB2CB490191098802917A
:10564000059900290ED0C9490E780391002E2CD05F
:10565000012E00D140E10323039A1370C44B019A39
:105660001B8813800025C04B01221E88C14B5D574B
:105670002300701929331B78290080B206F02AFD17
:10568000BD4B0700984200D038E1FDF7B1FD00277F
:105690001BE001235B42CBE7012301215B421D009C
:1056A0000591C9E701256D42C6E7B1490298088016
:1056B000002B00DA10E19FB23100380006F0D0FC78
:1056C000002800D108E1039B1E70019B1F80237BF3
:1056D0001A1D5B00E752A94B52001D68A84BA75248
:1056E0001B78EF83002B00D174E1AB1CDB7F002B18
:1056F00000D12EE11022380108A9FEF7CFFF089B48
:105700000193013B033300D920E1152008AB1B2294
:10571000C018002114F0CCFF019B0C930E93099B41
:105720000293029A974B9A4201D9974B0293029B9C
:105730000F24109308AB9B7A08A91A001B0922407A
:105740000A750B770CA8097A06F0E8FC08AB597AC1
:105750000EA806F0E3FC08ABDB7A1C400394022C95
:1057600001D90022039203990CAA11761E092F2B4E
:1057700000D90026D67508AB9B7B0493172B01D963
:1057800004230493049B0CAA049993757F4B49004E
:10579000CB5A01210793938208AB1B7BFF2B00D0D0
:1057A000BBE051760691039B012B00D1C5E0022B93
:1057B00000D1C7E008AB5B7BFF2B06D01B075B0F5C
:1057C000042B00D900230CAA937748226549704C1A
:1057D0000B7B20005343C918883115F098F80CAAA8
:1057E00011002300E78381C981C39C46180088C942
:1057F00088C0634602990398A1610799A18304991F
:10580000D977210034310E70611CC8772100507E99
:10581000293108702000917E2B3001702000D77E46
:105820002D3007702000177F333007702000069F4F
:1058300028300770907F2200002901D01A00230031
:10584000226101226361534B21001A702B002F004B
:105850003231087034331C782D373A78A64201D1A2
:10586000002A16D01E7000233B70A64202D03000E2
:1058700006F0A4FE0020012E03D13878002800D0C5
:10588000032013F0FFFAA64203D00122424B5242FA
:105890001A803020FEF7B0F8404A414B1040188083
:1058A0000198FEF7D5FEFFF793FD0400FDF786FC97
:1058B0002000FDF7B1FC3B4B002877D001221A7085
:1058C000284B0221187B07F01FFD01200BF0CAFFB7
:1058D0000122354B1A7086E0230029331A78002DF7
:1058E00000DAB8E6AFB20021380006F0B9FB0028B4
:1058F00000D1B0E601221D4B1A70E6E6002D05DD51
:10590000864200D8E1E6FDF773FCDEE6002D00D10B
:10591000DBE6864200D3D8E6F5E71800084090762B
:1059200058080840D076D806400F507658099B0991
:1059300008400B401077069335E7019B029A9B18AD
:105940000E9337E7019B029A9B1AF9E70022114B4D
:105950001A700022134B1A70029BBB4243D0AFE770
:10596000A91F0020801F0020480800208904002073
:1059700080040020181F0020FFFF0000701E002080
:1059800003000020FFE0F50540420F0040C1010880
:10599000380400208C04002004000020FFFDFFFFDD
:1059A0008A0400208D040020601F00201870019BD5
:1059B0000F4A2B6012780F4B002A01D09B68AB6016
:1059C00001220D4B1A800D4B1A700598FDF770FCE3
:1059D00015B0F0BD029BBB4200D071E7084B1B78AD
:1059E000002B00D06CE70922034B1A80EDE7C0467C
:1059F00063040020380400204A080020601F0020B3
:105A00008D040020F0B585B0041E039107D0324A02
:105A1000324BD17F19700023D377314A137006F0CF
:105A2000AFFC06F095F92F4B01932F4B0293002802
:105A300012D0A02380220025DB0552009A622B4B56
:105A40001D702B4B1D70019B1D70029B1D7006F07D
:105A50008BF928000BF0A8FD0022264B1E68264B70
:105A6000F78B1F80254B1A70254B039A1A70FDF790
:105A700033FDFDF7BDFB8023224DDB009F4221D289
:105A8000214B187806F0A6FA002804D1013006F060
:105A9000B9FA08F0D9FB002C03D0F38B1B4A2B601A
:105AA0001360FFF7B3FD1A4B2A681A603222194BB4
:105AB0001A800023184A1370019A1370029A137007
:105AC00005B0F0BD002C03D03368104A2B60136082
:105AD000FFF7C4FCE7E7C046861F002088040020CB
:105AE000C3070020EE1E0020EF1E0020781E0020BD
:105AF0004C080020701E0020480800208904002067
:105B0000181F0020C8070020A91F002084040020BF
:105B1000C40700204A0800204F000020010010B5F3
:105B20000020FFF76FFF074B1B680233DA7F142357
:105B3000002A00D0133B044A13800022034B1A7042
:105B400010BDC046701E00204A0800204F000020F3
:105B50000A4B10B51A68002A01D1094A1A60186860
:105B6000084A4118914206D914F078FD0C230360CD
:105B70000120404210BD1960FCE7C04654080020D7
:105B8000803200200040002070B506000D00140097
:105B9000FEF74AFE2A4B1B78002B1DD129490B78B2
:105BA000002B19D00122284B1A70122E13D1002C71
:105BB00011D1002D0FD0254B1A70254B254A1C7092
:105BC0001378002B01D10B7005E02D21013BDBB2D6
:105BD0001370214AD15470BD112E1DD0122E13D036
:105BE00000230A2E1FD0AC42F5D101201B4A1749D1
:105BF00012780870002A1DD0182B1BD8184ADA40DA
:105C0000024217D00223DEE7164B002C02D04833A5
:105C10001B78E8E74733FBE7124B002C01D04A33EF
:105C2000F6E74933F4E79C42DDD024220D4BFF32E6
:105C30009B5CD8E70C4A9B009B589847CBE7C04633
:105C4000371F0020161F0020F11E0020511F0020CA
:105C5000530000204208002033080020521F00207B
:105C60002CDCF201801F0020A0C101080E4910B5F4
:105C70000A780E4B002A0AD10833D87F0C4A1070DC
:105C80003D22DA7701230B70FEF7B4FF10BD262109
:105C9000084AFF31595C12780833914202D1002240
:105CA000DA77F1E73D22FBE727080020801F00207C
:105CB00026080020E8180020BFF34F8F034B044A4A
:105CC000DA60BFF34F8FC046FDE7C04600ED00E04D
:105CD0000400FA05F7B50600FDF712FA494B1C68F7
:105CE000002C0AD0484B1B78002B06D1B01E434233
:105CF00058412100800011F057FEE122434B444FF0
:105D000052011A803B78002B01D00FF02DFFA02309
:105D10008022DB0552009A613E4BFF3A1A703E4BDF
:105D20001B789B0701D5FEF765FF00223B4B3C4DDE
:105D30009A563C4B0193002A1CD16B1DDB7F002B34
:105D400042D13434FEF7C6FB207806F037FC300031
:105D50000BF02AFC022E02D03B78002B4DD0324BA8
:105D60001B78012B02D000200FF00EFB0123019ABB
:105D70001370F7BD2835FDF73BFA2B78502B1FD950
:105D80002A4A1178002909D1503B1900FA235B00F7
:105D90004B4327499BB20B80012313700022254BF4
:105DA0001A70254A254B116819608021E38BC900C0
:105DB0008B4200D3236813600122214B1A70C0E785
:105DC00000221B4B1A80E9E70635E97F4B424B4125
:105DD0003C205B42FF3003401A48693303801A4B72
:105DE0001A70002902D10122184B1A700022184B98
:105DF0001A700123019A1370A3E70122154B1A7040
:105E0000B4E7C046701E0020DD1A00205A1F002093
:105E1000521F0020781E0020CC070020181F0020F1
:105E2000801F0020651F0020371F0020EF1E00206C
:105E30004A0800204F000020C8070020C4070020A7
:105E4000C3070020DC0700204E000020F01E0020C9
:105E500043080020601F002010B5174B1B78022B51
:105E600008D006F08DFA01200BF0FCFC0220FFF7B1
:105E700031FF10BD0022114B1A70114B1B785BB221
:105E8000934208D0FA210F4B490019800E4B1A702B
:105E90000E4B01321A7001200BF0E4FC0C4B0D4C40
:105EA0001B78002B04D010F04BF903232370E0E79C
:105EB000094B1B78FAE7C0465E1F00204C08002003
:105EC000181F00204A0800204F000020EF1E00206D
:105ED000521F002053000020371F00201E4B10B51A
:105EE0001B78D8B2002B09D11C4B1B78002B04D097
:105EF0000BF05AFB01221A4B1A7010BD194B1A787D
:105F0000194B1B78134359424B411849DBB20978AE
:105F1000C8B2002905D0012A03D10021144B197001
:105F2000030014490978002912D01349097801297E
:105F30000ED1023A012A0BD80022104B1A70104BD6
:105F400004201B78002B00D00238FFF7C3FED4E7F3
:105F5000002BF4D1D1E7C046DE0700205E1F0020F1
:105F6000601F0020DB070020181F0020DA07002038
:105F7000D9070020D8070020D7070020D607002027
:105F80004C08002010B51A491A4B08781A781A4B99
:105F900000280FD0032A0FD0184A1278D0B2002A56
:105FA00000D108701B88164A9B18062B1DD9FFF7D5
:105FB0002DFB12E0032AF5D11B88114A9B18062BF2
:105FC00003D9104B1B78002BF1D10F4B04201B7809
:105FD000002B00D00238FFF77DFE00230B4A137020
:105FE0000B4A13700B4A137010BDFFF737FAF4E732
:105FF0008D0400205E1F002048080020DE070020DE
:1060000000FCFFFFDB0700204C080020EF1E0020F3
:10601000EE1E00204F000020F7B5814C0E00657B7E
:10602000002902D001227F4B1A70237F002B04D05D
:10603000022802D0FEF7F8FBF7BD7B4B1B78012B43
:1060400003D1784B02221A70F6E7122800D90EE22B
:10605000FCF766FC130016008D0093009900A50064
:10606000DC00DF009B01AA010D02C401C4010D0286
:106070000D020D020D02E901E901FEF793FADBE7DB
:106080006A4B6B491A68D38B5B18062B43D9FEF712
:10609000CBFB231DDB7F002BD3D0664B1B78002B63
:1060A000CFD1654B1B785BB2002B0BD0634B1B78B9
:1060B000032BC1D1624B1B78002BBDD0614B1B88D9
:1060C000002BB9D08023627BDB005100605A9842DC
:1060D000B2D248235343E3181A008020B832128802
:1060E000C000121892B2A63362521A8006F048F924
:1060F000554B1C68200006F035F9200006F01EF80C
:1061000001200BF0AFFB0123504A1380504A13705B
:10611000504A137090E7138E062B07D111694E4831
:106120000E68864202D84D4B0B6085E701339BB267
:106130001386042B17D14A4B1B78002B01D1053352
:106140001386138E8022D2009B1801229BB26D0011
:1061500063536519AB803E4B1A70424B92181A700C
:10616000414B00226FE7062BEBD90023E8E7012221
:106170003C4B1A70FDF7ECF85EE70122394B1A70C0
:10618000FDF7B0FB58E7FEF74FFB00200634374B16
:10619000E27FE0771A700CF0EDFA334B52E7002EF5
:1061A00004D112F07DFE304B1E7045E705F0B4FBC4
:1061B000051E00D040E71D4B1C688023E08BDB00F0
:1061C000984202D3FDF782F836E705F07BFE0378AC
:1061D00001007F2B0AD97F2213400370E08B05F06A
:1061E00061FE01221F4B1A70214B2CE722002E3238
:1061F00013780133DBB2192B00D92B001370012364
:1062000021001A00E08B11F0FBFFEAE7FCF770FEBB
:1062100012E7184D2B78002B2ED010F045FF0BE71E
:10622000801F0020511F0020371F0020541F002016
:1062300000FCFFFF321F0020181F00205E1F0020FF
:10624000EE1E00204A080020701E00204E0800208C
:10625000B4070020601F0020FFE0F50500E1F50510
:1062600034040020230800205300002033040020C1
:10627000B30700200B1F0020621DD27F804B1A70D5
:10628000A21D804BD27F1A707F4B1A78002A01D151
:1062900001321A7000237D4AA38413707C4A137064
:1062A00006F06EF87B4A7C4F1378002B04D17B4BB1
:1062B00039781970012313700126794B30001E7054
:1062C0000BF0D0FA774803780193002B07D1220016
:1062D00041321178744B06701970019B1370FEF7F0
:1062E0003EF8012302203B70FFF7F4FC00226F4BC5
:1062F0001A706F4B1A702C23FF33E35C5A1F5F2A0E
:1063000000D914236B4A1370C8226B4B92001A8079
:1063100001226A4B1A700023694A1370694A13708C
:10632000694A1370694A1370694A137010F08EFE3F
:10633000684B694A1888032343431188994200D067
:106340001380012010F01AFE0122644B2A701A708B
:1063500000217F32624814F0ABF9802200216148AD
:1063600014F0A6F9802200215F4814F0A1F9002161
:1063700080225E4814F09CF900225D4B1A7010F0E8
:10638000A5F8022005F0D8FA56E6002E02D1FFF754
:106390006DFC51E60121574B1B682B331A784A409C
:1063A0001A70554B198047E6002E02D1FEF772FC99
:1063B00042E6260000224E361100308805F050FEDD
:1063C000002800D138E632882B1D5B006D00E252B8
:1063D00062530122494B1A70494B33E6494B1B78F3
:1063E0005BB2002B0BD00B2806D10A3805F00AFE51
:1063F00007F02AFF3E4BB4E601204042F6E7424A4E
:10640000E37D11780A2900D113700B2807D1082BDE
:1064100001D80133E3750122394B1A70EAE7002BEA
:10642000F9D0013BF6E7334B384D196800230C00D7
:106430000834E27FEE5C964203D00133182BF9D189
:106440000023122803D1172BD4D0012202E0FF220F
:10645000002BCFD0D218D2B2AB5C2D4AE377CB8BD6
:106460009B18062BD7D80122234B1A80D3E7FEF7BF
:10647000DBF9002E00D1DFE50122264BE3E5C04623
:1064800032040020310400203004002043080020A2
:106490004E0000202F0400204C0800202E04002075
:1064A000F01E00202D0400202C0400202B040020CE
:1064B000DA030020010000200C0000200000002072
:1064C000370600203606002038060020D9030020B9
:1064D000D80300201A000020100000203A060020F7
:1064E000651C0020E51C0020651D0020E51D002026
:1064F000D9080020541F00204E080020B4070020B7
:1065000023080020181F00200200002039BF0108C6
:1065100000FCFFFF511F002010B51422002102488B
:1065200014F0C6F810BDC0463A1F002070B5414BAC
:1065300004001B78A0B0002B40D005F009FC051E1C
:106540000BD103200EF020FF3B4B1D703B4B1B7803
:106550005EB2002B03D00FF0EFFB20B070BD384AC5
:10656000384B394D002C25D001216846117080220E
:10657000FE311E7014F09CF83300802269463348C7
:10658000FEF752FD6022FF21314814F091F8AB7DF7
:10659000304A9B075B0F9D5A2F4B07201D800FF041
:1065A000A9FA2E4B000918802200012128000FF0C3
:1065B0008BFBD2E714701C70AD8AEDE705F0ACF9E7
:1065C000041ECAD11C4B1870254B1870FFF7A4FF8E
:1065D00005F0D6FE200000240EF0D6FE214B1C57FD
:1065E000002C16D08022204BD2001B88934202D36D
:1065F000FDF716F9B1E7012005F004FD07F024FED0
:1066000007F0FAFA2000FFF789FA0122174B1A70F7
:10661000A3E7174B1B685A1E9341164A01331370A8
:1066200007F0EAFA01210800FFF7ECF9124B1C70A1
:10663000EBE7C046521F00204C080020171F002027
:10664000DE1E0020DA1E0020801F002028A000008F
:106650007A1E002088C30108741E0020761E0020C8
:106660004F1F0020181F002048080020651F002031
:1066700044080020B81F00204308002010B5012066
:10668000FFF754FF10BD00000F2210B50021044891
:1066900014F00EF80022034B1A70034B1A7010BD51
:1066A0003308002042080020161F0020114B70B54F
:1066B0001B78002B03D1104B1B78002B07D0FFF762
:1066C000E3FF00220D4B1A700D4B01321A700D4B77
:1066D0000D4C1B780D4D002B03D123782A781343E2
:1066E00007D0FEF7A1F8002301222B702370044B82
:1066F0001A7070BD161F00204208002053000020B1
:10670000601F0020D9080020581F0020531F0020C0
:1067100010B51D4B1B78002B03D11C4B1B78012B94
:1067200007D1002921D100281FD00222184B1A704E
:106730001BE0002915D1002818D1164A1278002A2A
:1067400001D1002B01D0032B0FD10123124A117864
:106750004B40137002D01022104B1A70104B0122C4
:10676000E5E7002801D0FCF7DBFD10BD084A032B4C
:1067700002D001231370F8E70A4B1B78002BF8D0E6
:1067800002231370084BEAE7531F0020371F002035
:10679000511F0020521F0020D9080020581F002040
:1067A000651F0020171F0020F11E00200022404B13
:1067B00070B51A70904203D03E4B1B78934212D0B2
:1067C0003D4B1B78012B0DD10024FCF783FF3B4B85
:1067D00020001C7005F09EFF394B1B78012B01D067
:1067E000384B1C7070BD05F097F8354D002807D068
:1067F0000CF050F8344B1B78002B2ED0334B2AE092
:10680000334B1B785BB2002B02D0FDF709F8F1E7A0
:10681000304B1B78002B05D00FF08EFA0322294B4A
:106820001A70E7E72B78032B14D0234A1278012A39
:1068300003D1294A1278002AD4D0012B02D0002299
:10684000204B1A702549264B09781A78002915D152
:10685000002A1AD1234B01221A700022224B1A70EF
:106860002B78012B04D0174B1978032900D01A700C
:1068700001221E4B1A701E4B1A70B3E7002A04D176
:106880001C4A1278002AE5D01A701A780E2A01D90B
:106890000E221A7000261B78164A174C17491370DF
:1068A00020000E22CE5414F03BF8A673D2E7C04667
:1068B000531F0020FD1E00205E1F0020E21E00204E
:1068C000371F002053000020141F0020B8070020AD
:1068D000181F0020171F0020C1070020161F0020CE
:1068E000420800205008002018050020651F0020E5
:1068F000601F002035040020C42000203308002041
:10690000F0B5B84F04003B780D00160085B0132B8E
:1069100007D0A34203D1002D01D113233B7005B052
:10692000F0BDB14A1278002A0FD0002901D11028F9
:106930000AD1FCF7E5FBFEF75DF9102C05D000222B
:10694000AA4B3C701A70EAE71C00A94F3B78132B46
:10695000DFD1002D00D132E1A64B1B78002B00D1F6
:106960002DE1FCF7CDFBFEF745F9102CE7D1A24B4A
:1069700001931B78052B02D100200AF015FEFA22A4
:106980009E4B92001A809E4B00939E4B19780029D3
:1069900003D01E224A439C4B1A70002D00D06BE19D
:1069A0009A4F3B78002B02D006F0AEFE3D70984F18
:1069B0003B78002B03D006F0E1FE00233B70954F9F
:1069C0003B78002B03D006F071FE00233B70924F02
:1069D0003B78002B13D0914B1A68009BD08B597BCE
:1069E000012307F09BF800233B7004F095FF00287B
:1069F00005D18B4B1A78002A01D101321A7000227E
:106A0000884B1B78934207D0874B1B78934203D166
:106A1000864B1A7853425A41794B0093597E131E84
:106A200001D1002904D0019B1B78013B581E8341F2
:106A30007F480778B80700D557E1002B00D18DE1DA
:106A4000102C00D053E17B4B1F78002F04D037006F
:106A5000002D01D101271D70774B02931B78002B6D
:106A600005D0102C01D00D2C01D1FDF7DDFE002F3B
:106A700010D1019B1B78012B00D014E26F4B1F78C3
:106A80000193002F00D0D0E1102C00D07BE1280032
:106A9000FFF78CFE554C2078002803D004F04CFF03
:106AA00000232370664C674A23780092002B09D09C
:106AB0002822654B1A800BF03FF80123009A1370CF
:106AC00000232370614C2378002B09D0002E00D0C6
:106AD00062E306F053FE0023012223705C4B1A7020
:106AE0005C4B1A78002A06D000221A70964200D019
:106AF00056E306F0DBFD584B1A78002A06D0002238
:106B00001A70964200D04FE306F0FEFD534B444FFF
:106B100002931B88524C0193002B23D0002E01D1ED
:106B2000002D0AD009F064F8404B1B78002801D0F2
:106B3000012B02D0022B00D03AE3384B30491A68BF
:106B40006B46497B1B79D08B06F0E8FF04F0E4FE2E
:106B50003B78002803D1002B01D101333B70002387
:106B6000029A13803D783F4E002D00D12EE33E4B1C
:106B700001931B78002B00D124E32900002006F0AC
:106B8000C3FB2900012006F0BFFB2378FF2B01D1B6
:106B900000232370012333700023019A3B7013708C
:106BA00005F0EEFB01200AF05DFE002333702F4B51
:106BB0001B78002B00D10DE3FFF74EF90AE30D2CF3
:106BC00000D0D4E62A4B1F78002F00D0CFE6294B07
:106BD000DB7F002B00D1CAE6FEF70CF8034B1F70D9
:106BE0009DE6C046270000202E1F0020511F0020D8
:106BF00026000020E00700205E1F00204C0000203F
:106C0000801F0020BE1F0020641F0020BD07002041
:106C1000BC070020BB070020BA070020541F00203B
:106C200023080020061F0020021F0020371F00201D
:106C3000B9070020B8070020D9080020510800201B
:106C4000B7070020B6070020381F00202F080020BB
:106C5000651F0020B5070020B40700204E08002063
:106C60005300002032080020B30700204C08002009
:106C7000E7180020881F002008F0BAFFBC4F102C36
:106C800003D1BC4B1B78DB0727D53B78012B04D104
:106C9000132804D01538012801D9FDF7ABFF0D2CBE
:106CA0001BD1002E19D0B44B1B78002B07D0FFF757
:106CB00033FC0022B14B1A70B14B01321A70FFF74E
:106CC000F5FC0122AF4B1A70AF4B1B78002B01D0A3
:106CD000FFF7C2F80022AD4B1A603B78012B00D0C1
:106CE0008DE62822AA4B1A8089E6002B36D0012097
:106CF0000D2C0AD1002D08D0002A06D0A54B187003
:106D00009F4B187004F018FE09E6074201D00029D5
:106D100005D12300113B012B33D90A2C0FD00F2CA6
:106D200012D1002D00D1FAE5002E1BD1022004F073
:106D300003FE0422984B1A700122914B02E6002EAA
:106D40001FD1002DF2D0EAE5002D00D15CE2002E2B
:106D500000D0E4E50A2C00D1E1E5E7E7092C01D9F0
:106D60000F2C0BD18D4B1B78002B0AD0002D00D19E
:106D7000D5E5002E00D0D2E50220C3E7102C00D1CB
:106D800061E6874B60E6FE230193112C06D02000BC
:106D9000FCF716FB0190FF2800D17BE6002D0CD1FB
:106DA000A0238022DB0552009A627E4B28001D70D2
:106DB000FDF752FBFDF78EFA6CE6002E00D069E677
:106DC000009B7E331B78002B07D0A0238022DB059D
:106DD00052009A61734BFF3A1A70FDF77BFA019BE0
:106DE000FE2B06D1009B70497E331878FDF7ECFF2F
:106DF00050E6009B7E331C78FDF7B8FAFDF7C4FA25
:106E0000002C00D003273800FDF748FA67497020AE
:106E1000FDF72CF8FDF738FB6548FDF759FE0198A2
:106E2000FDF778F9FDF7B8FA34E6B54200D131E65E
:106E3000032F02D0002D00D12CE6A0238022DB05F9
:106E400052009A620022574B1A7002239F43012F6F
:106E500001D10BF00BFA00275022019B55481F70FF
:106E6000554B1A80FDF734FE01200AF0FBFC404B25
:106E70001B78012B01D0514B1F70009B46331878B3
:106E800000280BD10AF090FB01234D4A102C03D0AF
:106E9000434A002E00D0FDE51370FBE50A22424371
:106EA000484B1A70F0E7484B364A03931B7801921F
:106EB000002B1BD12E4B1F78FF2F09D02300113B35
:106EC000012B00D957E1029B1B78002B00D052E127
:106ED00004F022FD002800D055E1042F00D152E13A
:106EE000320029002000FEF74FFED3E5002E00D02F
:106EF000D0E5002D00D1CDE5102C34D00127019B29
:106F00001F700C2C06D80A2C27D867D00223019AB0
:106F1000137028E00D2CF9D1FDF724FF2B4B1B78C3
:106F2000012B0FD12A4B1A882A4B9A420AD0009B78
:106F30000099587B031D5B00CA524300CA520221CC
:106F400006F0E2F905F01CFA01200AF08BFC0020A3
:106F50000EF01AFA0023039A9EE71C4A13787B402E
:106F600013701D4B1E700122054B1A7092E5C0462E
:106F7000371F0020CC0700203A1F00204F1F0020A1
:106F8000601F0020511F00204C08002044080020F2
:106F9000381F0020021F0020611F0020321F002028
:106FA000F11E0020781E0020D6060000C3C300009A
:106FB00050C3000088130000E61E0020530000208C
:106FC000B8070020C10700202B1F0020B2070020B7
:106FD00024000020FFFF0000B10700208D4C8E4AE6
:106FE0008E49200005F092F923002D331F702300F5
:106FF000200029331F7005F0A1F8894B38001C6070
:10700000884B1C60884B1C600AF02CFCFDF7EEF9E5
:10701000FDF7A8FE854B1B78002B00D09FE0844F26
:1070200046220021380013F043FB824C824B834AF6
:1070300083492380537BA1800221A17146315943AA
:1070400053181800883000910188408821816081A0
:107050001800A03001884088A181E08118008D309F
:107060000078B62120741800953000788C46607442
:1070700018008C3000789C44A0741800943000787C
:107080006146E0741800BC30007820751800A83004
:10709000007860751800B0300078A0751800BB301B
:1070A0000078E0751800B130007820761800B5300F
:1070B0000078097860761800B3300078A076180060
:1070C000BA300078E0761800AF30007860771800AA
:1070D000B4300078A0771800B8300088E077601CE2
:1070E000C17718008021BD30A63300781B88F8775F
:1070F000C90054488B422BD2190006F0DFF8422118
:1071000038000EF09BFB0627A31DD8874E4B20208E
:107110000834E3870FF0C4F94C4C277007F0B8F936
:10712000FDF7DCFB05F056F910F080FD88213620D4
:10713000FCF79CFE00210120FDF72AF805F020F95C
:1071400001200AF08FFB01232370414B1F700AE7D7
:107150000099BE318918102213F0D9FBCFE7022223
:107160003A4B1A703B4B033A1A8000223A4B1A7082
:10717000FDF70AFEF7E6394BBF0032002900200078
:10718000FB58984786E4002E00D083E4002D00D100
:1071900080E40223019A7FE60122314B1A709AE4BF
:1071A0000122304B1A70A6E401222F4B1A70ADE475
:1071B00001222E4B1A702378FF2B00D0CFE400233E
:1071C0002370CCE41D4B2900587BDCE43378002B82
:1071D00000D0E5E4009B1B78002B07D00023009A29
:1071E00013702822224B1A8008F010FD214D2B78B5
:1071F000002B03D00BF01EFA00232B7020780EF02A
:10720000C3F8FF23237097E50A2C01D0FFF787FB13
:107210008CE5C0462007002090FE96020504000081
:10722000701E0020541F00206C1E0020B20700209A
:107230006A07002068070020CDABFFFF801F0020F9
:10724000A5BEFFFF8A070020BADCFFFFB1070020C0
:10725000511F002024000020B007002070C1010849
:10726000BC070020BB070020BD070020BA07002094
:10727000381F00205008002000221020110010B5F7
:10728000FFF73EFB0022064B1A70064B1B78132BB0
:1072900002D0054B01321A70FDF7F4FB10BDC04659
:1072A000141F002054000020F11E0020F0B5CA4B2E
:1072B0009BB01B780093052B33D1C84B1B78002B58
:1072C0002FD0C74B02931B780193002B00D10AE209
:1072D000C44C25782800E130FF3000030135FDF76C
:1072E000F9FDEBB22370072B04D90023029A137027
:1072F00010F052FABC4B1B78052B02D10122BB4B7C
:107300001A70BB49BB4A0B78002B00D0C8E2009929
:107310001378012900D0CAE21378002B00D0CDE207
:1073200001E304F0F9FA0028CBD10C20FCF764FB50
:1073300001231842C5D000210220FCF797FD02204E
:10734000FCF75AFB082307043F0E04001F4226D017
:107350000B20FCF751FB0005000FFCF731F806008D
:10736000FF281CD0009B012B19D0A34B1B78002BAE
:1073700015D0A24D2800FBF7ADFA0200132804D166
:1073800028009F4913F09CFA12220023AE54AD1836
:107390000C226B709B4B1A70944B0B3A1A707B0744
:1073A00002D50122984B1A7001231F4209D00122F5
:1073B000964B0C201A70FCF71FFB954B800BC0B24C
:1073C0001870BB0702D50022904B1A70E5B2630615
:1073D00002D501228F4B1A70240602D500228D4B54
:1073E0001A70EB062AD501228B4B1A708B4B09328F
:1073F0001A808B4B9A7F002A20D0009A052A08D148
:10740000764A1178002904D11420864A1080864AD1
:1074100011700533DB7F002B10D0844A844B117828
:10742000002902D11988132908D8142119800023B2
:107430001370804A137001227F4B1A70AB0604D57B
:107440000022754B1A70754B1A806B0709D5012203
:107450007A4B10001A7006F0D5FEE122784B5201EB
:107460001A8008231D4204D00020744B187006F0C7
:10747000C9FEFB063DD55C4B1C78042C39D1714B01
:107480001B78012B35D1704B1B78002B31D16F4EFF
:107490005F203378013CDAB20133DBB23370019202
:1074A000FCF7AAFA019B6A4D5B00E852002CEED172
:1074B0003378232B1DD901224C4B0B2034701A70CA
:1074C000FCF79AFA0600FDF75FFCF6060AD42A8854
:1074D000604B9A4206D12B000833DA8F5E4B9A42FA
:1074E00000D1C7E0FDF73EFCFDF74EFC5B480FF016
:1074F0009FFF30231F4200D117E7594B1B78002B09
:1075000000D112E7574B1B78012B00D00DE7564BEB
:1075100001931B78022B02D0052B00D005E7042530
:107520004A4CBF0602D523782035ED1A0026AE421C
:1075300000D0C1E0237801232C4E33702378232B15
:1075400000D8F2E6237800230B202370FCF754FACE
:107550000400FDF719FC250010231D401C4200D03B
:10756000B9E03B4C3B4B22889A4200D0B3E0230069
:107570000833DA8F384B9A4200D0ACE020200EF06E
:107580008FFFA31D42213948DF8F0EF057F9874244
:1075900000D0A0E0E388A2881B041343344A1B02F6
:1075A0001B0A934200D096E000222800110004F04C
:1075B00057FD071E01D101F02FFA80230135ADB22E
:1075C000DB009D42F0D10423019A1370033B33701A
:1075D000FDF7C8FBA9E6C0465E1F0020E91E00209B
:1075E000DD1A0020DB1A0020371F0020601F00205A
:1075F0001E0700200B1F0020140700203A1F002048
:107600003B1F00204F1F0020D1070020D80700207B
:10761000D7070020DA070020E31E0020E41E002028
:10762000801F00202C1F0020EA1E00204E0000209A
:10763000DC07002043080020651F0020DE07002033
:107640005A1F0020681E002015070020B0070020E8
:1076500068070020CDAB0000BADC00001207002054
:107660002B1F0020B2070020B10700206A0700206E
:10767000A5BE020022200EF013FF4221B4480EF0F6
:10768000DDF8AB1DDB8F834200D02FE76D880EF055
:10769000D7FD8188A3B2994200D827E70623634328
:1076A0000268D618D35AAB4204D87388AB4201D9CA
:1076B00001F050FA0134EDE75F20FCF79DF92378E3
:1076C000232B06D823785A1CD2B22270A14A5B0021
:1076D000985201362BE70523019A1370043B33704F
:1076E000FDF788FA21E69C4B1B78002B00D108E6B9
:1076F00008272DE0994C37E028000FF081FF002883
:1077000022D00821964A2B7B12780B4268D0002A9F
:107710001AD1944B1B88DA060DD18022D2009342F5
:1077200009D25809904A41008C52012282408F4967
:10773000086802430A608E490A88002A6BD0013A21
:107740000A80884A01331380013FFFB2002F1FD007
:107750008022884ED2003388934219D2864A1488F8
:10776000002CC7D0013CA4B201333380F0231B02AC
:1077700008ADE0181480400120222900FCF78EFF9C
:1077800028000FF063FF0028B6D08023DB00338091
:107790008022784BD20019886F4B914202D2019A15
:1077A000002A62D000221A70744B01321A70744B96
:1077B0001B78002B4BD0734B1878002800D099E52C
:1077C0006F4B1A78002A00D194E56F4B1B88062A6C
:1077D00055D96E4A1188994200D18BE5138089E50D
:1077E000012A13D19A43002AAED0694B6A681B68FC
:1077F000013B9B1A8022920093428AD30022564B6F
:1078000001901A705D4B01321A70C1E7022AECD167
:10781000013A1A40E7E75A4908788C4606280ED8FC
:107820005C4A0101891808AA70CA70C10D0011884C
:10783000013029809278AA706246107081E7012198
:10784000504B1970444B1A704C4B1970A0E7484BC1
:107850001B88002BAFD04C4A10888342ABD2013832
:10786000C01A80B210F086FB44E51B78002B00D0D4
:1078700040E5424B1B78002B00D13BE59BE70721FD
:10788000891A89B2994207D2073BD21890B23F4B6E
:10789000188010F0F7FA2DE5002B00D12AE5F6E765
:1078A000013BDBB20B70002B00D035E52FE53A49E8
:1078B0000978002900D02FE5002B21D0374E384B16
:1078C00031781A78022900D0E3E1002A00D1D8E10A
:1078D000344D2968002905D033480068091A002969
:1078E00000DD34E1314C20780138052800D9C6E1AB
:1078F000FBF716F8A200A4008F01AB01AB01AE01AB
:107900002B4B1B785BB2002B0DD104F005F800283F
:1079100009D1284B1B78002B05D1274C2388002B3D
:1079200054D0013B2380254B1B78002B00D10EE166
:10793000234B1A880123110019401A4200D006E196
:10794000204B1B78012B00D1AEE31F4B1970FEE0DA
:107950006A070020680700200E070020FF030000D0
:10796000E01A0020080700204C06002048060020EE
:10797000060700200A0700200C0700208C060020C4
:1079800004070020900600208E060020E21A002046
:10799000CC1A002094060020E00700203A060020C0
:1079A00039060020100600200C06002008060020E2
:1079B000181F0020171F00201C070020160700209A
:1079C000001F00205E1F0020AA050020CA4BCB48E4
:1079D00019780FF069FF029B19780FF065FFC84B0B
:1079E00019780FF061FFC74B19680FF05DFFC64BA8
:1079F00019780FF059FFC54B19680FF055FFC44BAC
:107A000019880FF051FFC34B1988013149080FF055
:107A10004BFFC14B19780FF047FFC04B19780FF09F
:107A200043FFBF4E05003368834200D17BE710F06F
:107A300043F9C823356075E702232370B94B1B68EF
:107A4000002B21D10020B84BB84E1B78059602932D
:107A5000B74BB84E1B7803960493B74B1B78019332
:107A6000B64B19780300029FCEB2BE422ED3002837
:107A700004D00021B24A1170AA4A1160002B00D133
:107A8000AAE0AE4B1E70A7E0AD4909785B5C002B05
:107A9000D8D0AB4BA34A1B781268D35C2E2B00D0F6
:107AA000ABE0A84B01201988FDF78EF9A64B1C68A6
:107AB000A64B18880A21FAF73DFF80B2001928600A
:107AC0000322A34B1A700EF001FDDCE0059B5B5C0A
:107AD0001F00613F192F13D8203BDBB2002000901C
:107AE000039F0098BC46C0003F5C84449F425DD128
:107AF00063465B68002B5FD1100013000131B2E7D1
:107B0000202BEBD1049B002BF7D0019B002BF4D151
:107B1000029F4B1CBB42F0DA002804D0884B019A2C
:107B20001A70804B1A600122834B0A211A700523B8
:107B30002370854B01361C68864B1888864B1B8842
:107B4000C01AFAF781FF7D4B001928601E70834A26
:107B5000834B1478009225006A1E954101931B788F
:107B6000EDB2002B02D0002201990A707D4A1278F2
:107B7000002A00D176E3002B04D1002C01D0009A1A
:107B800013700025784B1B78032B00D041E3774A14
:107B900013780133DBB2072B00D843E300201070C9
:107BA000FCF7B0FE002D00D172E362E300980130D3
:107BB0000090362894D19FE7187800289CD00022A6
:107BC0005F4901360A7057490B6001215B4B1E70FB
:107BD000574B1970584B1A70524B1868002806D032
:107BE000FAF778FE564B1B78834200D251E7062302
:107BF0002370554B1C68584B1CE02D2B00D05FE7C1
:107C0000504B01201988FDF7DFF84F4B1C68584B8B
:107C10004FE7FCF7B9FB4A4A13780133DBB2137024
:107C2000404A1268D25C484B002A0BD002222270D4
:107C30001C68504B18880A21FAF77CFE80B20019A4
:107C4000286084E704222270D4E7022323707EE7B1
:107C50000027277001241F702F603470FCF7B0FBE1
:107C60000220FEF737F8444B38001F70434B1F705B
:107C700004F050FD04F084FB394B1C7023E7002313
:107C8000E4E70EF045FD3E4B1B78002B00D05EE78D
:107C900049E6002A2AD03B4B1A78002A04D1012257
:107CA00002201A70FEF716F8FCF70CFC364A374B28
:107CB00012683749128E9B560A78002A72D0354BCB
:107CC0001A78501C1870312A02D900220A701A70D2
:107CD000314A1378002BD6D0FF2B00D0B4E100231B
:107CE00013702E4A13702E4A1370ECE60EF010FD3E
:107CF0003378022BC7D0CEE7121F0020C59D1C8110
:107D0000D81A0020CC1A002044060020400600208B
:107D10003C060020101F0020DF1A0020DE1A002081
:107D20001807002004060020AB050020AF05002046
:107D3000AE05002090BF0108AD050020AC05002075
:107D4000000600200C0000200C0600201A00002075
:107D5000080600201400002012000020651F0020EB
:107D6000601F0020E0070020E1070020DF0700205F
:107D7000100000200E000020C2070020C1070020D4
:107D80000B1F00204C080020701E00201C0000204B
:107D90003506002034060020380600203706002073
:107DA000360600204408A03BE418AB4AAB4B1178E0
:107DB000009300201B5EAA48A5B2019024B20029BE
:107DC00006D10078002803D19C4209DA009B1C8070
:107DD000009B00201B5E603308DB61235B4203E0F5
:107DE000180001336130F3DA00980380009B002013
:107DF0001B5E1800723016DB0A331BB299489C4296
:107E000014DB994B1C800378FF2B01D001330370E6
:107E10000026964B1E70B14215D10378B34212D0A2
:107E2000012313700FE069235B42E7E78F4E33783D
:107E3000FF2B01D00133337000230370994202D02D
:107E400031789942EDD11778894E8A4A3378029277
:107E5000002F41D0002B0DD1874A1378FF2B0FD173
:107E6000012300223370844B1A700EF02FFB3378FD
:107E7000002B0AD0029B1888042844D8012047E030
:107E80000133DBB21370032BEAD87C4D2C88002C15
:107E900002D120000EF0C8FF012301341C402C80C9
:107EA000029B01201B88042B04D90A21581DFAF7D4
:107EB000CBFD80B207244443019BA4B21B78002F62
:107EC0005FD06F4D002B49D02B886E4A934200D96A
:107ED000FEE601332B80FBE66B4A002B0FD01378B4
:107EE000FF2B06D10023644A33701370664A137067
:107EF000BBE70133DBB21370072BBBD9F2E75E4B54
:107F000017701F70C1E70A210530FAF79DFD80B296
:107F10000121002F05D1401880B24918032800D94B
:107F20004108564A13888B4215D3002313807834B6
:107F300006DB78352B1CEDB2402D00D94023DBB297
:107F40004020002F04D1181C142B00D91420C0B2DB
:107F50000EF06AFFA4E701331380A1E74B4E4C4FAC
:107F60003378022B05D13B88A34202D349480EF057
:107F70002FFF0123019A3370137000222A803A8068
:107F8000A6E6424D002B36D03D4C2388002B28D04E
:107F9000012B23D0404E317809290AD84000834272
:107FA00080414A1C3D4B4042D2B22D305854327071
:107FB0009F542D4B009A1B88128839499B1A1A1C12
:107FC0001BB2282B00DD2822130400D500220B88C9
:107FD0009B18344A0B8013780133137020200EF065
:107FE00023FF0023019A238013700122284B1A805B
:107FF00002232B706CE62B78022B00D068E6244E0F
:10800000204A3388934201D801333380224F3B7892
:10801000002B09D0032545433388ADB2AB4203D3CF
:1080200000200EF01BFF35803388A34200D24FE6BC
:108030003B78002B04D001200EF010FF348047E67F
:1080400014480EF0C5FEF9E70133DBB213704F2B75
:1080500000D818E643E6C04633060020180000208A
:10806000320600202A0600201600002029060020E3
:10807000280600201A0000202706002024060020E1
:1080800030060020FDFF0000260600202E060020FE
:108090002C060020D4B701082B060020180600206B
:1080A0001606002014060020FCF774FB002808D1F7
:1080B000C34B9B7F002B04D1C24B1B78002B00D1FC
:1080C00045E5C149C14F0B78002B0ED13A00C820BD
:1080D0002B33013BDBB210800232002BF9D1BC4ABA
:1080E0001370BC4B188001230B70BB4AB84D13783A
:1080F0002C786600062B00D886E06420FBF77CFC19
:10810000B853F35B002B01D1C833F3532B21601C10
:10811000FAF796FCB14B0E001B782970002B04D0A7
:10812000AF4B1B78002B00D111E5AE4AAE4B107857
:108130001B78184300D00AE5AC4B1870AC4B187094
:1081400006F060F803229E4B00929B8C002B01D11D
:1081500005330093009B8022DD01A64B0021ED1822
:10816000280012F0A5FA3888012203005100795A3C
:10817000041C884200D90C1CA0B20C1C994200D2ED
:108180001C1C0132A3B22B2AF0D1924A1488A042BF
:108190003DD2611E241AE4100C1BA4B214800022EC
:1081A00001929C4202D21B1B9BB2019333002B33E2
:1081B0000293019A4023312A1BD92B213000FAF770
:1081C00029FD824F4900CB5B00209C4201D21B1B42
:1081D00098B2072701997843FAF7ACFBC2B2402363
:1081E000002A06D0BF331840381A803B83407F22D4
:1081F00013402B706B70029B01360335B342D8D10C
:108200000098FCF770FBA2E40133137079E70234A5
:10821000C3E7022B00D0C5E4774A13780133DBB201
:108220000F2B01D81370BDE40023744C1370267813
:1082300020007F227F34724912F042FB26706D4C81
:10824000704E2000611C7F22277812F039FB23003A
:1082500080347F331F70A642F3D1FCF74DFBFCF74F
:108260003DFB9FE4002B00D19CE40DF07FF8002C37
:1082700008D00023009A1370634B1B78002B07D1A2
:1082800008F0EEFF604B1878002801D10EF0E8FFEF
:108290005E4C2378002B04D05D480FF099FA002340
:1082A00023705C4D2B78002B04D05B4B1B78002B8C
:1082B00000D084E3594B1B78022B49D1584B1B88C3
:1082C0001B0705D18023574A9B0151694B405361DD
:1082D000554A1388002B01D0013B1380534A138861
:1082E000002B01D0013B1380514B1E78012E11D180
:1082F000504B1C78002C0DD0013CE4B21C70002CBB
:1083000008D1FBF7D3F9200009F04EF9009B1E704D
:10831000019B1E702B78002B0DD0474A1388002B31
:1083200009D0013B9BB21380002B04D10DF008FF54
:1083300003200DF029F803F0EFFA002800D1ADE09A
:108340003E4E3378002B00D17EE0013B3370A5E038
:10835000032BBDD1324B3A4A19881088091A692972
:1083600006DD00201B883749013308701380AFE712
:1083700019888842ACD1802432492A4E0878A40159
:10838000002803D1B4621B880F3316E077697C4064
:108390007461112808D91B886933138000230B707E
:1083A0000B7801330B7093E70B28ECD8A824240139
:1083B000C440E407E7D51B882D331380F0E7C0469F
:1083C000801F0020F31E0020AA0500205405002075
:1083D000520500200A00002051050020061F002041
:1083E000021F0020371F0020510800200D1F002011
:1083F0000C1F0020E51A0020DF070020590800208C
:108400005A080020651E0020E007002050050020CB
:1084100040050020521F0020361F00203C05002090
:10842000001F002000080050E61E0020E41E00206F
:108430005E1F0020C1070020300800203805002002
:108440003A05002039050020CB4B1B78002B25D1A5
:10845000CA4A029212780392012A0BD0022A7DD0D6
:10846000C74F3D78002D00D18EE0012D00D1D2E024
:10847000C44A10E1FCF726F8FCF724F80224C24BAA
:108480001880029B1C70C14B1D682800FBF7FAFE88
:108490002800FCF76DF8FBF70BFF3470BC4B1B6832
:1084A000002B04D003F054FC002800D01FE1002270
:1084B000FF21B84B1A70B84B1970B84B1970B84BF4
:1084C0001A70B84B04931B78042B00D194E1B64B7F
:1084D0001D78EDB2FCF75EF9002800D018E2B34B2E
:1084E0001A78B34B002A00D135E2B24C022122782F
:1084F00016008E43002800D00DE2012E00D00DE2C0
:1085000019780131C9B21970022900D90CE2002D85
:1085100007D0002A05D000221A70FEF7ADFE002316
:108520002370FCF70BFF0400132802D00022A24B9B
:108530001A70A24EA24D33789C4200D12BE2132B2D
:1085400008D0132C06D09F4B00211A789E4B187828
:10855000FEF7D6F9002334702B8030E2FBF7B2FF30
:10856000FBF7B0FF894B02001868874B1B889342CA
:1085700004D99B1A032B01DD944B18680023029A3F
:10858000137003F093F989E70D20FBF735FA040027
:10859000030483D40E20FBF72FFA8D4A8D4B24045D
:1085A0001C4013680443E31A1460DA179B18534005
:1085B000894A632B02DC15780135EDB29121322016
:1085C00089001570FBF752FC022D09D8322083492F
:1085D000FBF74CFC039B002B00D05FE71523B5E6AF
:1085E0007F4B804AE318934203D9200003F05EF9E1
:1085F000F0E7764B65081D60644B029A1C6001230E
:1086000028001370FBF73EFE2800FBF7B1FFFBF7D5
:108610004FFE02239AE606AB9D1D290008A8FBF732
:10862000F5FA041E00D139E7FBF702FF022C34D122
:10863000089803F037FAFF2804D1654B1868FBF758
:1086400081FFCBE70222684B3A701870674B1A70B3
:10865000674B013A1A70009B1A704A4B1A78002A2D
:1086600041D000221A70624B1B78934200D115E76B
:108670005E4B03201B789A1E012A02D9012B04D1DC
:10868000042008F0DDFD5B4B187007F0BFFA0123F2
:10869000009A1370019A137000E7012CCDD128883D
:1086A00003F02EFAFF28C8D04F4D4B4A2B784F4C81
:1086B000834215D12178012912D113780133DBB21D
:1086C0001370012B05D902233B70494B1970009B95
:1086D0001970012323703B782870012BBDD8ACE7BB
:1086E00000231370F5E702200CF04EFED6E606AB31
:1086F0009D1D290008A8FBF789FA0400022817D15C
:10870000089803F0CFF9FF2800D1DAE6224B1A7857
:10871000824200D1D5E61F4A18701470FF221F4B09
:108720001A7000221E4B1A700123019A1370C8E6BA
:10873000012800D0C5E6288803F0E2F9FF2800D11F
:10874000BFE6164B164A1978814211D113780133CE
:10875000DBB21370012B00D8B3E60F4B1A788A42B4
:1087600000D1AEE619700B4A019B14701C70A8E68C
:1087700018701470A5E6C0460A1F00202F050020BF
:10878000091F0020321F00202005002024050020A2
:10879000440800201F0500200800002007000020DA
:1087A0001E050020371F0020FD1E0020F31E0020A4
:1087B00018050020F21E0020D320002055000020C4
:1087C0006A1F0020EB1E0020540000202805002016
:1087D000340500200000FF0730050020450200009E
:1087E000C0E85DFE3FEA70002E0500202D05002048
:1087F0002C050020751F0020C44B1B78012B48D18D
:10880000C34B1B780093002B00D1D8E0C14A1378EA
:10881000013BDBB21370002B00D0D0E00DF010FD57
:10882000BD4FBE4B3A88BE4C002A03D11A80026865
:10883000128822808288002102921B8822880CE004
:10884000019D013306350195029D9BB2AB4226D2B4
:1088500006225A430399525A009906260D005E4398
:108860000196029EB3421CD3002901D0AC490A8074
:10887000002D01D0A94A13800222A44B00201A70B7
:108880000EF0EEFC0CF072FD049B1B78042B00D064
:108890001DE69E4B1B78002B00D118E68FE0009D53
:1088A000DFE70668B4460396019EB44466467688C0
:1088B0009642C5D9002901D099490A80002D01D0DE
:1088C000964A13802588974E402228009649758045
:1088D0000CF0D2FF422195480CF0B0FF0636F0872D
:1088E00022200DF0DDFD03F075FD0FF09FF98821CA
:1088F0003620FBF7BBFA00210120FBF749FC1E22C2
:108900003B88403501333B80824B25801A70B9E7A4
:1089100068426841E3E5002E00D1F1E5002D00D06A
:10892000EEE500221A70FCE5002119708A4209D197
:108930007F4B01311A707F4B197010202170FDF7A9
:10894000DFFFEEE5032A00D1E7E5002D00D0E4E5E6
:1089500001322270E5E5774C2278002A0DD00028FC
:10896000DFD11A780132D2B2022A01D8002DD9D033
:1089700000221A70FEF780FCD3E50028D1D01978C8
:108980000131C9B21970022900D8CAE568491A70C4
:108990000A700121D1E72B8801339BB22B80022B77
:1089A00016D1654E654D132C0BD12878132804D0B1
:1089B00000213278FDF7A4FF2C70002333701BB028
:1089C000F0BD0022012120002C70FDF799FFF4E793
:1089D000272BF4D9132CF2D0282B09D1102CEED050
:1089E0000121554B0A0020001970FDF789FFE6E7C9
:1089F00022000B3AD2B2012A08D801214E4A117046
:108A00005B0703D10A002000FDF77AFF2A884C4B50
:108A10009A42D4D929239FE56289238908AE12049A
:108A2000290030001A4303F071FCE389A2891B047A
:108A300013430E93237C06A97371637C06A873739A
:108A4000A37C3371E37C33730923627D5B18DA778F
:108A5000227D15AB1A70A27D12AB1A703B23E27D0A
:108A60005B181A703123227E5B181A703523627EE0
:108A70005B181A70A37E5A1E93413322521813704A
:108A80003A23E27E5B181A70637F0AAAD3772D4AD5
:108A90005B009B5AB383A27F13AB1A70E37F3386CC
:108AA000631CDA7F36235B181A70A31CDA7F3D2320
:108AB0005B181A703E2321001B1822311022180067
:108AC00011F025FF4D2306AA9B181F70300003F0FC
:108AD00049FC300003F032FB1B4B32002800597B6D
:108AE000032305F01BF83E2306AA9B181900280053
:108AF00004F0F4FF154B019A1D800323137001222B
:108B0000134B1A70FCF776F8FEF762FD681E002022
:108B10001507002006000020100700201C0500207B
:108B20001A050020680700206C0700206A07002053
:108B3000D3200020141F0020EB1E00205400002032
:108B4000FDFF000040C10108801F0020240000201C
:108B5000601F00202C00074E4034A4B228000835C6
:108B60003100ADB20CF0B1FE0836A542F6D1024894
:108B7000FEF7BDFC6C07002010070020F0B50120B7
:108B80009BB0FAF7C5F880204005FAF7B3F8C0208B
:108B900000250726EF4BF04AF0491A60F04BF14AE6
:108BA0004B60136A00061B021B0A034313628D60AD
:108BB0000E603021EC4B27201960136A12AC1B02A7
:108BC0001B0A1362FAF744F9012323610233A360FD
:108BD000F023E560656165601B022100E3481293A4
:108BE00011F0C0FC80232100DB00E048A027129395
:108BF00011F0B8FC4023FF05DC49BB613C3B8B61B5
:108C0000033B636021007733D848129311F0AAFC2C
:108C1000A42338005B002100129311F0A3FCC123B0
:108C200021009B00D148129311F09CFC802321006D
:108C30009B01CF48129311F095FC60232100CD4891
:108C4000129311F08FFCC02321009B00C94812939E
:108C500011F088FCC0232100DB013800129311F0D1
:108C600081FC2020FAF746F80EF05CFF2022C24F6C
:108C70003000FB6A1343FB62FB6A9343FB6257328B
:108C8000BE4BFF329D62DA621968F63A0A431A60F7
:108C90008022D96852000A43DA601A680235AA4372
:108CA0001A600FF0B7FCB648B64BC268B6491A4016
:108CB0009C239B031343C36030000FF08DFCB34A29
:108CC000B34B2021D360B34B300093600FF094FC82
:108CD0002800FAF7BDF81B228020A44980000B6809
:108CE000AD4E13430B60FAF713F83A68AB4BE02133
:108CF0001A4080239B0313433B60B368A84A0903CF
:108D00001340B3607368A74AC02013407360B36810
:108D1000A54A80001340B3607368A44A134073608F
:108D2000B3680B43B360B368AB43B360B36813403D
:108D3000B360336B9E4A1340336373689D4A13409C
:108D4000736073681340C0227360092352000121CD
:108D500040001140013B08435208002BF7D120226C
:108D6000800502D0F9F75CFFC2B280239B00D3409C
:108D7000914A9B009B181F221968C0209143173A03
:108D80000A431A60C0221A2301219204C00415006C
:108D900040000D40013B28435208002BF7D1400111
:108DA0002033002802D0F9F73BFFC3B28025ED0441
:108DB000DD40824BAD00EB1802931B68F822F820CF
:108DC00003930121182312044004150040000D40B4
:108DD000013B28435208002BF7D1C0012033002863
:108DE00002D0F9F71DFFC3B2C0225204DA400723B4
:108DF0009340039AF8209A430392F8221823012102
:108E000012044004150040000D40013B2843520865
:108E1000002BF7D1C0012033002802D0F9F700FF62
:108E2000C3B2C0225204DA4005239340039A13438D
:108E3000029A13600422B3681343B3600422B36838
:108E40001A40029204221342F8D10125B36880200F
:108E50002B43B360A0260823F605B361C001F9F7E0
:108E600049FF0EF05FFE2800F9F7F2FF0223029A95
:108E700063605B19A3600533E260256121001295F0
:108E80003000636111F06EFB092305351295210056
:108E90003000636111F066FB3949494B8A684948E3
:108EA0001A40A023DB0413433F228B60CB6893431B
:108EB000C2221D43CD60802192008358C9051B0248
:108EC0001B0A0B43835080231B0103603E4B1A682F
:108ED000520609D419683D4A11403D4A0A4304210B
:108EE0001A605A688A435A6040268020DA692E49FF
:108EF00040010A40DA611A68002532431A60F9F726
:108F000007FF0120F9F7A4FF0223A02063600133CB
:108F1000A3601D33E560656112931F3B210023614F
:108F2000C00511F01FFB8023A020129321002561B2
:108F3000C00511F017FB274B1A6832424ED1196851
:108F4000224A1140244A0A4304211A605A688A437B
:108F50005A6043E038000020006CDC0210E000E0C2
:108F6000FF52070000ED00E0EC1800200004005064
:108F7000000800500014005000100240001400408F
:108F800000000140FFFFC0FFB02A00008000024047
:108F9000F01800201814005000240140FFFF9FFF2C
:108FA000FFFF7FFFFFFFFFFCFFF7FFFFFFFEFFFF5D
:108FB000FFFF0FFFFF17FFFF302401400C2401408B
:108FC000FFFFFFC000E100E0003800404000FFFF6D
:108FD00007030000003001402F030000DA695D49FB
:108FE000E2200A40DA614022196800260A431A602A
:108FF0000423594A9362FAF797FA5848FBF768FD39
:1090000030000136F6B2FAF797FA082EF8D12B2085
:10901000FAF78AFAFA208000FBF75AFD2E20FAF7B9
:1090200083FAFA208000FBF753FD2F20FAF77CFA31
:109030002F20FAF779FA2F20FAF776FA2F20FAF78D
:1090400073FA4748FBF744FD4020FAF76DFAAF206A
:10905000FAF76AFA0423404A022593610FF0EEFE04
:109060000CF082FDFA223F4B01201A70F9F7F0FE56
:109070000EF058FD0120F9F74BFE8020C001F9F7F2
:1090800047FE0023E360C023DB0012930322012389
:10909000A0206361A260236121006560C00511F01A
:1090A00061FA28000FF0B6FA28002F490FF094FA61
:1090B00080212E4B2E4A2800DA602E4A49009A6001
:1090C0000FF09AFA2C492D4B8A682D4D1A40E02357
:1090D000DB00134380228B603B6BD20113433B6365
:1090E0003B6B284A13403B63EB68274A1340EB6015
:1090F000EB689B0400D58DE0EA68244B1A400C23F2
:109100001343EB606B69134A13406B612B69204A70
:1091100013402B616B691F4A134038226B61BB6897
:109120001340102B3AD00ED8082B00D116E307209D
:109130007B683A685B0B034017499B00D20A0240E8
:109140005858D0403CE0183BB343F0D18020000297
:1091500036E0C046FFF7FFFF00040050C0D4010016
:10916000409C0000D3200020A02000001C000240F2
:10917000701900200438014000000140FFC0FFFFCB
:1091800000380140FFBFFFFFFFDFFFFFF3E9FFFFF4
:10919000FFCFFFFFFFFCFFFF38C201080322FB687F
:1091A0001340934200D1D4E27B68EE4A1B045B0F6C
:1091B0009B0098580C23FA681A4200D0CBE240007A
:1091C000BA68E9491205120F920052581F210A404D
:1091D000D040BB68E54A5B045B0F9B009B580B408B
:1091E000D84017D01923962158438902F9F7A2FBDA
:1091F00064210700F9F724FC080132306421F9F7F3
:1092000099FB642106003800F9F794FB0001361839
:10921000B6B2AE6040236A69022013436B610FF05F
:1092200007FA80230026EA689B011343EB6028219C
:109230006E60CF480CF06EFB0120F9F769FD01204C
:10924000F9F706FE80200004F9F754FD0EA90A0084
:10925000C84BA1CBA1C20C22200011F058FB220068
:10926000C54BC649A1CAA1C3C54BC64A1E60C64B61
:10927000C64DC7488B61531CDE77C64B5560966060
:10928000D66010611E001B68002BFBD1326013609A
:10929000C14A1061012055609360D360BD4D531CDD
:1092A000D8772B002D68002DFBD11A60AF231560F5
:1092B00002225B00B948CA540EF0CAFBB8480EF04F
:1092C000C7FB0722B74BC0219D731D701A72063A67
:1092D0009A72C722B4485D729200835809061B0235
:1092E0001B0A0B43835080231B060360AF4E0E22E4
:1092F0002D21300011F0DCF98023AD4A9B00B573BD
:1093000093618022AB4952008A618B6180212800E1
:109310000902FAF7ABFD29002800FAF7A7FD37206C
:10932000A549FAF7A3FD22213620FAF79FFDC621B1
:1093300010208900FAF79AFD1120A049FAF796FD4E
:1093400012209F49FAF792FD13209E49FAF78EFDED
:10935000842114208900FAF789FD49209A49FAF7F7
:1093600085FD7B209949FAF781FD7D209849FAF720
:109370007DFD48209749FAF779FD40209649FAF794
:1093800075FD10222000954911F0C1FA615D2B0393
:109390001943092089B20135FAF768FD102DF5D17E
:1093A000F8211C20C900FAF761FD1D208C49FAF74D
:1093B0005DFD1E208B49FAF759FD1F208A49FAF7F7
:1093C00055FD3E208949FAF751FD73208849FAF787
:1093D0004DFD77208749FAF749FD19208649FAF7AC
:1093E00045FDB42128200901FAF740FDAA212920D2
:1093F0000902FAF73BFDCC212A20C901FAF736FD14
:109400002C207E49FAF732FD2F207D49FAF72EFDF8
:1094100053207C49FAF72AFD7E207B49FAF726FD86
:1094200046207A49FAF722FD4A207949FAF71EFDCB
:1094300007207849FAF71AFD90210024764B774AE5
:10944000332009021A80FAF711FD00213F20FAF7B4
:109450000DFD73480EF02EFF03F0D2FAFF22F02527
:10946000260027006F4B6D031C806F4B1C706F4BE9
:109470001C706F4B1A706F4B1A706F4B1C706F4BD8
:109480001C706F4B1C706F4B1C706F4B1C706F4BC4
:109490001C706F4B1D600EF03BF90494059403950E
:1094A0002800202212A9FBF7F9F812A80EF0A8F85C
:1094B00000281BD0442204AB9B181B783C3A134273
:1094C0000BD10121614A1170002F03D0139A049926
:1094D000914202D20700139A0492002E02D0169AEB
:1094E000944202D2169C059303950600F42320357E
:1094F0005B039D42D4D1574B002E00D130E10134A3
:109500001C60039B2033AB4201D2514A13600024FC
:10951000A74201D0049C01344F4B1C60002E02D0A6
:10952000059B1B0712D412AD10220021280011F058
:10953000BFF80123F8225B425242139428006B814A
:10954000AA81AB730EF044F90EF0E2F8082243480A
:1095500012A9FBF7A3F8424B04AA4048138712A9AB
:1095600080E0C04638C2010858C2010898C201080C
:1095700008C60108ECB30108BC1A0020EC0000206A
:109580007C020020981A0020B8C20108C1490108D5
:109590008D3D0108701A0020741A0020440000203C
:1095A0003C000020005C004000E100E0C4200020FE
:1095B00000140050000400501F9D00003A030000FA
:1095C000DB030000DF030000B22A0000DC730000B0
:1095D00020E90000A83300001635000017B5010887
:1095E00055E50000584C00005AC60000C694000023
:1095F00091460000EF880000411000002218000092
:1096000090980000282000003E3000000A60000012
:1096100030540000CE610000C81A00200090FFFF07
:10962000C2200020E21A0020E01A0020121F0020B1
:10963000DF1A0020DE1A0020DD1A0020DC1A0020CC
:10964000DB1A0020DA1A0020D91A0020D81A0020CC
:10965000D41A0020D01A0020CC1A002058A10000F3
:109660002963000000230822FBF7DEFC03F082FDE3
:109670000221002003F048FE0221012003F044FEF5
:1096800002F07EFE012008F0EDF8D2480EF012FE46
:10969000D1480EF00FFED1480EF00CFED0480EF06F
:1096A00009FE002006F006FDFBF774F8CD4C0028FB
:1096B00058D10027FF2200239446CB492678CB4C73
:1096C0000B706A466546107A029A2A40D200155DF0
:1096D000002D07D0002E00D086E0A218D279322AC1
:1096E00000D081E0002B00D00870FBF753F8002871
:1096F0007FD00A2404F04EFDFBF7C4F904F086FC89
:1097000001237F220021BA48009404F0F1FA0323D8
:109710007F220021B748009404F0EAFA0024FBF706
:10972000EBF8FBF7DBF8FBF765FAFBF733F80028FB
:1097300000D192E00024B048FBF7CAF9322CF4D1F2
:109740001322AE4B1A70AE4B1A700022AD4B1A802A
:1097500057E0AD482EE50323584331E5AA482FE5ED
:109760001E60D4E6FBF7EAFD0600A848FBF7B0F957
:10977000FBF710F800289CD0FBF7E0FD0500A3489C
:10978000FBF7A6F9A24B5A7F0A32964211D0B54296
:109790008FD10221994A1570994A1570994A118002
:1097A000122D0ED0112D84D101229A4B03271A704D
:1097B00080E70122197F02274A401A7703F0DEFF73
:1097C00078E71A7F002A00D073E701275A762770BE
:1097D00003F0D4FF322007F033FD8F4B8F4A18700F
:1097E00012788F4B1A6065E7029B013302930123C5
:1097F00067E7FBF7A3FD132800D07AE7002F00D01E
:1098000077E7884B824C1B78002B30D1864B1B7836
:10981000002B2CD10520083407F0C6FEE37F3C2B3B
:1098200022D8FAF7D5F8814B01221A70804B784F75
:109830001B78022B01D0052B01D1F9F747FD3B0026
:10984000383318780138042800D95FE1F9F768F84F
:1098500054015A01B201B901B901FBF76FFD132898
:1098600000D067E7013466E7FBF7C4F9DBE72500C2
:10987000403504F08FFCFBF705F904F0C7FBFBF75C
:109880003BF8FBF72BF82B780422190091430129B0
:1098900016D10FF0D3FAFBF7ADF90422654B5C4EFD
:1098A0001B789343012B00D0DEE00025012F00D070
:1098B000E8E03836357038000BF066FD5E4BB3E7F4
:1098C000042B09D10BF0AEFDFBF716F8FBF706F8F9
:1098D00001200DF0C5FCDEE71022584806A9FAF772
:1098E000DDFE10220AA95648FAF7D8FE554B1E880D
:1098F000300002F081FA642102903000F9F7A0F8FC
:1099000030008BB264210393F9F714F8029B4E499F
:1099100082B200930EA8039B0BF09AFD2B784B4963
:10992000032B0BD0002B45D104AA127A04AB1B7E6B
:10993000002A0BD14649002B00D00AA906A810F036
:10994000DEFF0EA90AA810F0DAFF01E0002BF8D024
:109950000A2500237F221900009506A804F0C8F903
:1099600002237F22002100950AA804F0C1F90423F4
:1099700000217F22374804F0FFF98021364B7635ED
:109980004942180080300278013DD24302701A78B3
:10999000EDB24A401A700133002DF2D12F4A3049FE
:1099A00012A80BF055FD06237F22290012A804F00F
:1099B000E3F989E7022BCBD104AB1B7A002B03D14F
:1099C000234906A810F09BFF04AB1B7E002BBFD1E0
:1099D0002449B7E7781F00207A1F00207C1F002051
:1099E0007E1F0020761F00206C1F002098C30108F6
:1099F000E2B40108EAB40108102700005500002075
:109A0000540000206A1F002000366E01204E000026
:109A1000801F0020E41A0020751F0020741F002002
:109A2000701F0020681F0020671F0020661F002095
:109A3000B81F0020C01F0020651F0020C8A0000024
:109A4000D8A00000661E00202DB70108F3B401085D
:109A5000FBB401085BC30108651C002056C3010864
:109A60000CB5010803B50108C84D2B78002B05D0B3
:109A7000FBF764FC1328F7D000232B70012007F0BC
:109A8000F1FE12E7032F35D1E31DDD7723003E33CE
:109A90001D70230047331D70230048331D802300B1
:109AA0004A331D702423FF33E554B94BB94A1E686D
:109AB000B9493000A577A58402F028FC3300023FA5
:109AC0002D331F70043B1F70300002F037FBB34B87
:109AD00038001E6007F0C6FEFAF788FCFBF742F973
:109AE000AF4BB04A1D703D2365763834D37725706F
:109AF0000337E0E62F00DEE63A003B003932127809
:109B000029331A7001210800FBF77CFF3B003E332C
:109B10001978002903D01E224A43A34B1A700DF076
:109B200041FB01200BF010FF002802D001200EF0B5
:109B300073FE9E4B02931B78012B00D091E09C4B4F
:109B400003931B78002B03D19A4B1B78002B52D028
:109B5000994B9A4D1E782C68012E0ED93B00083384
:109B6000DB7F002B30D1002C01D0FA2C05D18023D3
:109B7000934A9B0151694B40536101342C60032E81
:109B800032D13B000833DB7F002B2BD08D4B9C4226
:109B900031D900232B60FAF79DFB01238A4C1A0070
:109BA00020881E2180B2FBF7A1F8238864339BB282
:109BB000238020E0FAF7F6FC844B18780BF0E4FBE6
:109BC000A4E70FF06DF9A1E7002C05D12623FF33A0
:109BD000F85CF9F7D3FED0E77D4B9C42CDD19223C0
:109BE0005B00F5E77B4BD2E77B4B9C4203D900231C
:109BF0002B60012ECFD0794B1A78002A03D16D4A01
:109C00001278002A2DD000221A70754B1B889342BF
:109C100004D13B000833DB7F3D2B04D12623FF33E7
:109C2000F85CF9F7ABFE0024C822039B92001C707D
:109C3000654B1A806B4B1B78A34208D06A4D2B787A
:109C4000012B00D083E002332B70FAF71BFFF9F7EA
:109C50002DFD062001F070FE042002F05BFD0BF0EC
:109C600085FB624B03931B78002B00D0B1E1029B74
:109C70001B78012B03D05E4A9B009B5898475D4E92
:109C80003378002B04D05C4B1B78002B00D0A0E174
:109C900001F042FE002809D10023584DEB56002B5D
:109CA00064D17B1DDB7F002B00D0BBE0544B1B78C5
:109CB000002B00D126E1534B1B78002B00D121E172
:109CC00002F046F8002800D01CE1BB7D4E4A9B07FD
:109CD0005B0F9B5A0730BC8A04930BF00BFF0F23DA
:109CE0000509ADB21840022820D90A200BF002FF66
:109CF000C3041BD4C0B2092818D92B00DD22193B9C
:109D0000FF3B9BB21201934210D3049A3F4B404950
:109D1000944200D8C6E01A88A21A012A00D0C4E0F2
:109D20000A88100502D4132A00D9BEE0384B1D80E2
:109D3000364B1C80374B1B78002B00D0A6E2314BF2
:109D400000221978200049B20BF0BEFFD4E0022BAC
:109D500000D07AE7220021001020FCF7D1FD01227B
:109D60002D4B2C701C702D4B1A706EE72C4B1B78F2
:109D7000002B96D0284B1B78002B92D1FCF702F9D0
:109D800001F0CAFD00288CD090E7C046D320002007
:109D9000701E002090FE9602050400006C1E00203C
:109DA000681E0020881F0020641F00205E1F002006
:109DB000FE1E0020FD1E0020FC1E0020F81E0020BC
:109DC0000008005010210100500000205300002026
:109DD000983A000098340100E0280100F41E0020A9
:109DE000341F0020F31E0020F21E0020661F0020FA
:109DF0006CC30108521F0020361F0020181F0020CE
:109E0000ED1E0020171F002088C30108741E0020CB
:109E1000761E0020DE1E0020141F0020F11E0020F0
:109E20004F000020184C2378002B00D13EE7002380
:109E3000EB56002B00D039E7144B1B78002B00D0D9
:109E400034E7029B1B78052B00D12FE7104B1B78C2
:109E5000002B00D02AE73378002B00D026E7F9F753
:109E6000BFFA0C4D2B78002B05D00B4B187800282F
:109E700001D10BF089FA0023084A2B701370084AAD
:109E80002370137012E7C0464E000020141F0020FC
:109E90002B1F0020F01E0020371F0020EF1E002087
:109EA000EE1E0020049A94420CD11A88121B012A3B
:109EB00008D1C34A1288100500D437E7C14882424E
:109EC00000D933E71C80C04B0D801B78002B00D0DD
:109ED000D0E1BE4A13800122BD4B1A70FB7C002BDF
:109EE00000D13C82FAF786FEA0238022DB055200D7
:109EF0009A61B84BFF3A1A7003200BF045FA002222
:109F0000B54B1A70BB7F002B09D0B44BB44A1B88E9
:109F1000002B00D0C2E11388002B00D1C2E1B14C6C
:109F20002378002B1FD0B04B1B78002B15D1AF4BE3
:109F30001B78002B11D1FB1DDB7F002B0DD0AC4B10
:109F40001B78002B09D1AB4BAB4A1B78127813431B
:109F500003D13378002B00D1F3E1FA22A74B920012
:109F60001A8000232370A64E3378002B31D0029B39
:109F70001B78052B2DD1A34D2B78002B00D1E4E1CC
:109F8000FAF75CFABB7F002B05D03B00FE33198C3F
:109F9000D88BFAF753F97B1DDB7F002B10D0964B43
:109FA0001B785BB2002B0BD1914B1B78002B07D198
:109FB000954B1C78002C03D1F9F712FA934B1C70C7
:109FC00001F0D2FE0A22924B1A8000232B7000234C
:109FD0003370904B1A78002A00D1A0E500241C7041
:109FE00003F09EFBFAF790FD8B4A200013880133A3
:109FF0009BB213800BF0A8FCA04202D020000EF010
:10A000000BFC039B1B78002B01D1FDF74FF9834B11
:10A010001A78002A00D182E500221A70804A13784B
:10A02000002B07D0013BDBB21370002B02D10122C1
:10A030007C4B1A70029B1B7802937B4B1B78002B86
:10A0400008D0029B012B00D1B7E101F081FE00286E
:10A0500000D0BCE1754A1378002B21D0013BDBB264
:10A060001370002B1CD1724B1A688023D28BDB003B
:10A070009A4210D26F4B1B78013B022B0BD86E4BD0
:10A080001B78002B07D1F9F76BFB6C4B1878022873
:10A0900001D101F051FCFCF709FB0022684B1A705A
:10A0A000684A1378002B13D067490978072901D033
:10A0B00000290DD1013BDBB21370002B08D1634B9B
:10A0C0001B78002B04D0FCF727FA0122554B1A709D
:10A0D0005F4A1388002B00D07BE100235D4A059383
:10A0E0001378002B00D081E105F082FD5A4B0493D8
:10A0F0001B88002B00D082E1584B1C88584B1D78E0
:10A1000078236B439C4218D1564E3378002B14D0E1
:10A11000FAF7CCFCF8F7F4FF00210620FAF738F83C
:10A120000A22FB1DDB7F5343394A1380002301229F
:10A1300033703C4B1A704C4B1A70029B494E012BEA
:10A1400000D1ACE101F004FE002800D0A7E1294BCA
:10A150001B78042B00D1A2E12B4B1B78002B00D0E5
:10A160009DE13E4B002C00D170E1013CA4B21C806B
:10A17000002C00D06AE101220425049B32701C806F
:10A18000234B1A80F8F7BCFF2000384CF9F7F6FB98
:10A190002820A562F9F7C8F94020F9F7C5F9AE20E3
:10A1A000F9F7C2F9A5610322314B06201978013174
:10A1B000114019704B425941C9B2F9F7E9FF57E113
:10A1C000761E0020EB0F0000DE1E0020DC1E0020AB
:10A1D000DB1E0020781E0020ED1E0020E61E002061
:10A1E000E41E0020EC1E0020141F0020EB1E0020A7
:10A1F000321F0020371F0020181F00204C000020B5
:10A20000EA1E0020E91E00202B1F0020E81E00206F
:10A210002C1F0020631F0020001F0020621F002051
:10A22000611F0020601F00205F1F0020581F0020BA
:10A23000541F0020531F0020521F0020511F0020D8
:10A24000501F00204F1F00204E1F00203A1F0020EB
:10A25000381F0020361F0020341F0020301F002030
:10A26000520000202E1F0020651F00200004005017
:10A270002A1F00208C490B782F2B0CD85A1CD2B2E5
:10A280000A708A495B005C52302A04D08723DB00C5
:10A290009C4200D253E50BF04FFD2DE60021844B8C
:10A2A000118019703378002B00D038E6029B1C789F
:10A2B000FD23A21E1A4200D131E67E4B1B785BB211
:10A2C000002B00D02BE67C4B794A187800281ED052
:10A2D00011787A4A002914D064211180012C00D011
:10A2E0001DE6774A1278002A00D018E61B78002B6A
:10A2F00000D014E6F9F7EEF9724B1C70724B1C702B
:10A300000DE6128891B2002AE8D11970E6E71278BA
:10A31000002A00D103E601221A70052C01D107F0B2
:10A3200043F9029B1B78012B00D1F8E5674B1B78A2
:10A33000002B00D0F3E508F07DF90122624B1A7082
:10A34000EDE5052007F030F90BE6614B1B78002B9B
:10A3500000D03CE67B1DDB7F5E4A5F4C0492002B05
:10A360000BD0544B1B785BB2002B06D15B4B1B7898
:10A37000002B02D12378002B17D0FB1DDA7F584B1E
:10A3800019780A23002900D0BE335343049A13805E
:10A3900001232B7000252570F9F7D6FFFAF704F892
:10A3A00029002800F9F7F4FE11E6F9F719F80A2355
:10A3B000049A1380093B237009E64A4B01221B884B
:10A3C0009BB2134200D145E63E4B1A7042E6464B23
:10A3D000F4E7013B9BB21380002B00D07DE6434B9A
:10A3E0001B78013B5A425341DBB277E6013B1370C5
:10A3F0003F4B1B78002B00D176E6FFF790FB3D4AE0
:10A400001278002A00D077E6344A1278002A00D069
:10A4100072E6364A1278012A06D1132800D16BE67B
:10A420001538012800D867E6049A013B9BB21380D7
:10A43000002B00D060E63B000833DB7F3C2B00D9CB
:10A440005AE6F9F7C5FAFAF7B7FA55E61B885A1E25
:10A45000132A09D8002D07D000209B0702D12623FC
:10A46000FF33F85CF9F78AFA3378002B00D09AE6CC
:10A47000039B1D78002D47D01F4C20000DF01AFFC4
:10A48000FA221E4B52001B88934206D81C4BDA88D6
:10A4900023889A4201D3FFF742FBFBF70DFC782299
:10A4A0006A43184B1A80DFE7DA1E00207A1E00206C
:10A4B000E31E0020181F0020E21E0020E01E0020E6
:10A4C000141F0020651F0020601F0020FD1E0020BB
:10A4D0002B1F00202C1F0020E81E0020321F002010
:10A4E0002E1F00205C1F00205A1F0020371F002055
:10A4F000521F0020331F0020C2200020C020002057
:10A500001E1F0020301F0020B44B1C880134A4B251
:10A510001C80029B012B13D0E30711D4B04B187899
:10A520000493461CF6B21E70AE4B4000C0180DF0EE
:10A53000C1FE032E01D9049B1D70012005F0BAFD58
:10A54000A4070BD1A84B1B78002B00D004E1A74B2C
:10A550001B78002B02D00122A54B1A70A54B1B784B
:10A56000002B65D1A44B1B785BB2002B60D101F0AE
:10A57000D3F900285CD1A14B1B78002B03D0A04B52
:10A580001B78002B54D09F4B1A78042A50D09E4B36
:10A590001B78002B4CD19D4B9D481B78002B12D073
:10A5A0009C490B78002B0ED09B4C2478002C0AD1B0
:10A5B000012A08D0013BDBB20B70002B03D18C4980
:10A5C000013343760B70059B002B31D00021934B58
:10A5D0001980012A08D105F00BFB132802D0153889
:10A5E000012801D8FAF706FB8D4C2378002B03D104
:10A5F000894B1B78002B02D0022001F09DF9FCF75B
:10A6000043F8FAF711F900237D4A23701370854A45
:10A6100013700122844B1A70844B1B78002B04D0DA
:10A6200001F096FB002800D1032528000AF0ACFEBB
:10A630007F4B1B78002B18D17E4B1A78002A14D040
:10A6400018780138C0B2187000280ED102F062F8F4
:10A65000764B1B78002B08D001F07AFB002804D140
:10A660000BF06EFD03200AF08FFE734B1B88002B4E
:10A670000FD13B000833DB7F013B3B2B09D8604BFC
:10A680001B78002B05D15B4B1B78002B01D1FAF70F
:10A6900093F96A4B1B78002B1ED0694D01212C8841
:10A6A000684B0134A4B222000A40110000201A7045
:10A6B0002C8003F0E7FA029B012B0DD01D2C50D803
:10A6C0000AD1494B1B78002B06D15F4B1B78002B1E
:10A6D00002D1022001F030F901F01EF900285ED00D
:10A6E0005A4B1B78002B5AD159490A78012A56D85F
:10A6F000584803780133DBB20370012A07D1202BBD
:10A7000005D9554B1B7802330B70394B1A70012257
:10A71000454B1A703B4B1B78002B0AD14F4B1B78D3
:10A72000002B06D101F014FB00283DD0012003F0DE
:10A7300095FD4B4B1B78002B01D1FFF7F0F90CF086
:10A7400091FF484A484913888B4201D9FFF7E7F93E
:10A7500001331380FFF7E3F90122254B1A70324BC6
:10A76000FBE600232B80204B1B78002BB4D1364B0B
:10A770001B78002B02D1022001F0DEF83B4B1B7846
:10A78000002BA9D1039A01330520137006F00CFFAA
:10A79000374BDB7F3C2B9FD8F9F71AF99CE7154B19
:10A7A0001B78002BB3D1B5E7324B1D78002DC0D0FC
:10A7B0000022314B9A56022ABBD100242F4E345727
:10A7C000082C76DC0123200018401C4258D19D4201
:10A7D00001D003F017FD01343470AAE71C1F0020DC
:10A7E0001A1F0020781F0020681F0020191F00205A
:10A7F000651F0020321F0020181F0020171F002097
:10A80000331F0020371F00202B1F0020BE1F0020F9
:10A81000801F0020641F0020161F0020381F00200A
:10A82000531F0020151F0020601F0020521F002012
:10A83000141F0020131F0020341F0020061F0020BB
:10A84000041F0020031F0020021F00200A1F0020F9
:10A85000091F0020081F0020071F00200B1F0020D9
:10A86000121F0020101F0020FDFF0000671F0020A6
:10A87000881F00200E1F00200D1F00200C1F00202D
:10A88000012D08D1601E0628A5D8F8F72BF80AA4D8
:10A890000AA40EA41000180003F0B4FC032D9AD1F2
:10A8A000F0E7032001F048F895E70420FAE70520D7
:10A8B000F8E718703DE7C046F0B58B4B04001B78F5
:10A8C0000E00150085B0002B00D1B8E10F2801D192
:10A8D00000F0DAFD0022854B1A70954201D100F09C
:10A8E0006DFD0D283DD0112827D00A283ED1804D7E
:10A8F0002B7893421DD17F4E7F4F3278F95C914285
:10A9000019D001330A2BF9D101340A21E0B2F8F74A
:10A9100097F87B5C33700CF099FB0022774B1A7030
:10A92000774B1A700BF0D2FD022001F005F80123DD
:10A930002B7005B0F0BDDCB2E6E7724C2378002B3B
:10A94000F7D1714A1370714A13706C4A13706C4AD4
:10A9500013700BF0BBFD022000F0EEFF012323700B
:10A96000E7E70CF0A1FB0022694B78E11228E0D860
:10A97000F7F7CCFF59001300130013001300130066
:10A980001300130013001300DFFF78008C00F7FFA3
:10A99000DFFFDFFFDFFF9900B100002EC9D05D4A65
:10A9A0005D4B1278661E0192544AF6B2995D10789A
:10A9B000554B534F1D78A0421DD1002D1BD0387828
:10A9C000013D0130F8F726F905227243534B3970E7
:10A9D0009B18019A5B5C002A05D11A00413A192A9A
:10A9E00001D82033DBB2494A535501224C4B1A702F
:10A9F0000BF06CFD9DE705211470002271433A7045
:10AA00006A1CD2B21A70454BCB5C0199002905D162
:10AA100019004139192901D82033DBB23B494B5584
:10AA200000238B54E1E7002E00D182E7334E344CF3
:10AA30003578002D11D1344B1B78002B0DD0334AC3
:10AA4000013BD15C202904D11031D1540123237062
:10AA5000CBE70DF055F82570C7E70DF051F800234E
:10AA60003370F4E7002E00D163E70022234B264920
:10AA70001A70234B1A702A4B1A700B789342B7D076
:10AA8000013BDBB20B702149CA54B1E7002E00D163
:10AA90004FE70023194A1370194A1370204A1370A4
:10AAA0000DF02EF8A4E701231A4A11784B401370D9
:10AAB0000BF00CFD022000F03FFF3AE70C4A002E9D
:10AAC00002D00023137034E71378002BF9D1012151
:10AAD0000F4B1970F5E700230B4A13700B4A1370E4
:10AAE000064A1370064AE2E70B1F0020D90800202F
:10AAF000D9030020010000202FBF010837060020E5
:10AB000036060020D80300202B040020DA030020A2
:10AB1000530000200000002026BF0108F9BE0108F4
:10AB200038060020C44B1B78002B00D101E700221F
:10AB3000C24BC34E1A70C34B1A703378934200D184
:10AB400056E7C14C2368934201D101F019FC2468F7
:10AB50006369186801F02AF8002804D0230028331C
:10AB60001B78002B60D1B94B1B78002B5CD13334A0
:10AB70002378002B03D0B64B1B78042B5BD0B54B4E
:10AB80001B78002B59D0062083424ED8F9F7E7FBFB
:10AB9000012006F009FDB04B00241A7E0A23013281
:10ABA0005343AE4A13801388AD4A9BB21380AD4B1A
:10ABB0001C70AD4B1C70AD4B1C70AD4B1C70F9F78D
:10ABC00089FB2000F9F796FB21005120F9F74EF997
:10ABD0002000F9F763FB9E4B1D78012D00D007E79D
:10ABE0003000F7F777FE0200A24B310018700132F7
:10ABF000A1480FF08CFE0222A04B1A70A04BA14A74
:10AC00001D70A14B1D70A14B1C70A14B1C60A14B72
:10AC10001C70A14B1B6805331360A04B1C70A04B2C
:10AC20001C700BF053FCE3E6032001F073FD0220DF
:10AC300000F082FEDCE60120F7E70220F5E7994B01
:10AC40001F78002F0DD010280BD00D2809D0002D13
:10AC500000D06EE6002E00D16BE6934B02221A70F4
:10AC600067E6924B02931B780193002B2BD0002EAA
:10AC700001D100F0EFFB002D00D0D1E32000F8F768
:10AC80009FFB0190FF2800D1B1E3894F3C78002C55
:10AC90000CD1884E0E222D2130000FF009FDB57326
:10ACA000631C019A3B70834B1A5501E00D2CF7D9B8
:10ACB0001022814B1A700022804B1A70804B013297
:10ACC0001A70794BCBE7122CC1D82000F7F728FE79
:10ACD00013001300130013001300130013001300DC
:10ACE0001300130069011202120288021D036B0394
:10ACF000710313001300002D15D0002E00D118E6AB
:10AD0000704B1B78002B00D013E66F4A1178002996
:10AD100002D01370694A1370F9F786FD01212000F3
:10AD2000FBF77AF905E6002E01D05F4B56E2674B40
:10AD30001B78002B00D030E1654B634F1B785BB272
:10AD4000002B28D0200003F02FFA3B78012B00D8ED
:10AD5000EFE50A205F4B3E701A785B785043C018CD
:10AD6000C0B2002807D119225B4B1A7003F06CFAAD
:10AD700002F042FFDDE5182800D9DAE5564B1870DD
:10AD800001F028F90028F1D10222474B01301A7056
:10AD900001F038F9EAE7304E737B02934F4B1D68A0
:10ADA0003B78002B15D1EB8B4D4A9B18062B10D806
:10ADB000482229004B480FF0AAFD029B4A4A5B003B
:10ADC000995BF3189B881180484A13800122484BF5
:10ADD0001A70200003F0E8F91022374B1A70039321
:10ADE000F8F7BEFC0022354B1A708022EB8BD200A4
:10ADF000934202D20423039A64E6394A9B18062B35
:10AE000000D92AE72B693C781A683A4B93429B4158
:10AE10005B4206330193002C00D18AE503219C425A
:10AE200000D30D311020F7F70FFE039B1870019B24
:10AE30009C4261D93B707CE52B0400203706002042
:10AE4000DA030020360600206C1E0020FD1E0020C4
:10AE50005E1F0020671F0020801F00205C1F002055
:10AE600080030020FE1E0020F41E0020C2070020E8
:10AE7000C1070020AB050020AF0500203A060020E6
:10AE8000390600201006002008060020AC0500202E
:10AE900004060020000600200C060020AD0500205E
:10AEA000AE050020521F0020511F0020161F002059
:10AEB0004208002033080020581F002053000020C3
:10AEC000F11E0020371F0020531F0020D90800204A
:10AED000181F0020D0030020A91F0020541F0020AD
:10AEE00000FCFFFF88030020840300208203002071
:10AEF000501F0020FFE0F50503F06EF900F0BCFFE5
:10AF000000220A21019B1B1B93423ADC6424444328
:10AF1000C74BC84F9C423CD9C74BE318BB4233D800
:10AF2000C64BA3429B41C64C1C40C64BE4182000B4
:10AF300000F0FCFD2B8E834210D0802380B2DB001A
:10AF40002886C018029B80B25B00F052F618B080D1
:10AF500002F0DAFB0221029802F0D6F9AE8B200053
:10AF6000310000F0F1FDB44BC318BB4204D8B34B21
:10AF7000984210D8B348801B28600122B24B1A8037
:10AF8000D7E448430132BFE7B04B9C42CFD91C0005
:10AF9000CDE7AF4CCBE7AF48EEE7F9F745FC310022
:10AFA000BDE6002E4AD0002D00D1BEE6AA4B1B788C
:10AFB0005BB2002B7AD000F0CBFE002804D1A74B67
:10AFC0001B88092B00D8B4E4A54BA64C1B68256848
:10AFD000002B56D08022A44BD2001B88934250D322
:10AFE000F8F7A0F82800F8F7C3F8002807D19F4B1E
:10AFF0001B681868F8F7BCF8002800D199E49C4B4E
:10B000009C4A1D7811000023AB4232D115004B350C
:10B0100029784E0090531F20013101402970202BC8
:10B0200002D001334A321370F8F7E2F803F00CF95A
:10B03000914B1B682360FAF7A5FF7AE4002D00D03E
:10B0400077E4019B002B00D073E401248B4B1C7030
:10B05000F8F786FB8A4B01991A781970002A00D0FC
:10B0600081E47D4B1B785BB2002B35D0F8F7D8FB21
:10B070005FE402318E1E36888642D7D00133DBB2C0
:10B08000C2E7ADB2280000F01DFF802302785B42CA
:10B09000134303700100280000F004FF03F0D4F80C
:10B0A0000122784B1A70784B1A70C1E7774A1370F7
:10B0B000774B1B78002B00D03BE4714A11780029B4
:10B0C00002D01370734A13700121734B0A000A20D7
:10B0D0001970FAF759FD2CE4704B1B7F002B03D03D
:10B0E000F9F7A2FBFFF725FC6D4B1C70694B1C7038
:10B0F000FFF71FFC01210B2C0FD1684CE37E002BC6
:10B1000001D1494249B2614B1B78002B07D0481E40
:10B11000431E984101210B3002E64942EDE7614AA6
:10B120001370614A1370627B5200A75A544A107818
:10B13000002802D013705D4A1370002D07D1002E35
:10B1400001D1FFF7F6FB0122594B1A7003E0002EE4
:10B1500001D1FFF7EEFB00223F4B9A56002A39D16E
:10B16000544BFB18062B1CD8534B544A1C68208E9A
:10B17000C00013185B6882582000F8F743FA504B60
:10B18000C218504B9A4200D967E52B4B294AC31885
:10B19000934200D861E52060F9F774F8F9F788F870
:10B1A000EBE67818130080B200F094FF464B98420B
:10B1B00001D1FFF7BEFB874201D1FFF7BAFB637BEA
:10B1C0001A1D5200A05201225B00E0523F4B1A7040
:10B1D0002C4B43E50800FAF7A1FC3D4B01223EE56C
:10B1E000002D79D1002E00D09FE5002F00D088E0FF
:10B1F000194B234A1B785BB2002B7BD11378002BB1
:10B2000001D1FFF796FB0A21013BDBB21370314AF3
:10B21000D154002B05D1254B1B78002B01D006F013
:10B2200061FC1022154B1A70F8F79AFAFFF79BFB96
:10B230003F771B003F6F400140B23EFC5F856104D9
:10B24000406F4001C04DC1034E08002080A4BF07DD
:10B2500040771B0000BD0105181F00204A08002090
:10B2600044080020C807002048080020701E002065
:10B2700016050020CC040020C4070020581F002021
:10B28000531F002023080020B3070020D908002006
:10B29000371F002053000020651F0020801F002062
:10B2A000B60700202208002024080020501F00209C
:10B2B000511F002000FCFFFF541F002058BF010851
:10B2C000C088E4FF402DA407FFFF0000B407002062
:10B2D000F11E0020D0030020002E01D1FFF729FB32
:10B2E000704B1B78002B01D1FFF73DFB06F0FAFBFA
:10B2F000FFF739FB6C4B17701F70F8F791FAFFF7E7
:10B3000032FBF9F74FF9FFF714FB684B1B78012B61
:10B3100001D1FFF70EFB664B1B78002B00D096E4A3
:10B32000002D02D1002E00D0FFE4624B1A7F002ACC
:10B3300000D0D5E6604A1078002D08D0002826D12C
:10B34000002E01D1FFF7F5FAFBF7F0F8EDE4002845
:10B350001DD15A4B1B785BB2002B14D1584B1B6884
:10B36000002B10D10E22574857490FF0D0FA574BF7
:10B37000029A1D70012313701022554B1A70554B01
:10B380001D70554B2AE7554B02221A70F9E7002130
:10B3900006331170D87F524AD9771070012007F018
:10B3A000E9F94C4BF0E729003000FBF7B1F9FFF762
:10B3B000C0FA3000FBF7FAF9FFF7BBFA122801D9FF
:10B3C000FFF7B7FAF7F7A2FA2FFBE9FAE9FAE9FA79
:10B3D000E9FAE9FAE9FAE9FAE9FAE9FA7AFB4EFB5D
:10B3E00062FBCDFAB5FAB5FAAEFB6FFB87FB122C08
:10B3F00000D932E42000F7F789FA96FC96FC96FC17
:10B4000096FC96FC96FC96FC96FC96FC96FC98FCAA
:10B410007DFE7DFEF5FE88FFD6FFDCFF96FC96FCE8
:10B42000122C01D9FFF785FA2000F7F76FFA66FCB6
:10B4300066FC66FC66FC66FC66FC66FC66FC66FCFC
:10B4400066FCBCFD63FE63FE55FF6EFFBCFFC2FFE2
:10B4500066FC66FC122C01D9FFF7F9FB2000F7F718
:10B4600055FA4AFC4AFC4AFC4AFC4AFC4AFC4AFCA3
:10B470004AFC4AFC4AFCEDFD49FE49FEBFFE54FF72
:10B48000A2FFA8FF4AFC4AFC002A01D0FFF751FAAC
:10B49000144B1D70144B1D70144B1D70144B1D70FC
:10B4A000FFF7A6FA501F0020C30700205E1F0020F0
:10B4B000531F0020801F0020D9080020181F0020E3
:10B4C0004408002033080020C42000204208002047
:10B4D000581F002053000020651F0020511F00202E
:10B4E000330400202B040020DA030020370600205C
:10B4F00036060020002300B50B604C2800D974E00C
:10B50000F7F7FAF9272B333739373969733D555532
:10B51000554141415D45312D5D272F5D55353B4BF3
:10B52000553147555D4149554343737371554D55E9
:10B530004571716969553155595B555D5D5F555D63
:10B5400055555555556F7155635157575757577145
:10B550005D0009230020136000BD1723FAE73D2397
:10B56000F8E701230B600A23F4E70723F2E76823D7
:10B57000F0E7D023EEE73223ECE72823EAE70523C0
:10B580000B60AE33E6E71A4BE4E71A4BE2E705231C
:10B59000E0E70823DEE701230B601923DAE7032342
:10B5A0000B606033D6E7144B0B60144BD2E70123DA
:10B5B000D0E71523CEE77823CCE70623CAE7032399
:10B5C000C8E701230B600E33C4E70D4B1B6834330F
:10B5D0001B78012B01D10223BCE7022B03D10023EE
:10B5E000B8E73F23B6E70423B4E701204042B3E7BE
:10B5F000FF03000001040000DC050000AC0D0000AA
:10B60000541F00200E4B4900CA5A80231B0130B53D
:10B61000D2180400802013000C210A4D40015B0069
:10B62000034200D06B4001390029F8D1D802064B03
:10B6300018401043032C01D1044B584030BDC04684
:10B640005AD70108EA08000000F07F00FFFF7F00E2
:10B650007047000003000020044AC100515A99427B
:10B6600003D001300A28F8D10B387047B0220020EF
:10B670000122002010B5064B5968DC688C4201D2CB
:10B6800021001000013208330A2AF6D110BDC0464D
:10B69000B0220020074A084BD27F002A03D005338E
:10B6A000DB7F002B04D0054B1B68054A13607047F5
:10B6B000044BF9E7861F0020801F0020701E002029
:10B6C0006C1E0020541F00200023064A1370064AF7
:10B6D0001380064A1370064A1370064A1380064AFE
:10B6E00013707047F2210020F0210020EF2100208C
:10B6F000EE210020EC210020EB210020F0B51E00FF
:10B7000085B0131CB24200D9331C00257F27DBB261
:10B710000093174BCC011B7824180193154BE418A8
:10B72000009AEBB29A4201D805B0F0BD019A331FDE
:10B73000002A10D0104A039204229D4213DA80217D
:10B740006B1C494219410422200039400EF0B0FF21
:10B7500001350534E4E7094A02A90392084A029236
:10B7600004229D4200DB03A920000FF0D0F8EFE790
:10B7700024230020E51A00207F41417F3E22223E03
:10B780003E3E3E3E10B50400012903D00A4B89001D
:10B79000C85810BD830705D16421F7F73BFA1D2077
:10B7A0000029F6D1C82120004900F7F733FA4842B2
:10B7B00048411C30EDE7C046F4C9010870B50400EB
:10B7C0000D00012906D8012A04D1002110320EF003
:10B7D0006FFF70BD112220000A490FF098F8022D6A
:10B7E000F7D9023D0D34042D00DD042503235D430C
:10B7F000651B200002220449033C0FF088F8AC428C
:10B80000F7D1E6E7F8B30108BFB5010870B50D0040
:10B8100007490400F7F714F920000E000449F7F770
:10B8200089F8330002000349280009F011FE70BDB9
:10B83000A0860100C2B5010870B5154B1B78002B1E
:10B840000FD000232D25134CE25C29000A2A01D0D9
:10B850003032D1B2C1540133042BF5D1002303712E
:10B8600070BD002904D00C49013209F0F1FDF7E761
:10B8700080230A49DB009A4203D0094B9A4203D144
:10B8800008490FF03CF8EBE707490132EDE7C04605
:10B89000531F0020D0030020CBB501083EB601089D
:10B8A000FFFF0000D3B50108CEB50108FF22104B01
:10B8B00010B518600F4B01241A700F4B1A7000233B
:10B8C0000E4A13700E4A13700E4A137015220E4B57
:10B8D0001C700E4B1A70F8F735FE0D4B1B78002BC1
:10B8E00002D1022009F050FD0A4B1C7010BDC04669
:10B8F000340500202E0500202D05002030050020F5
:10B900002C050020081F0020091F002038050020FA
:10B91000321F0020651F0020054B01201B78002BE3
:10B9200004D1044B18780238434258417047C0464E
:10B93000321F0020371F0020F7B5041E00D189E018
:10B94000431E012B04D8494BDB7F002B00D181E043
:10B950000220474E3378023B8343DBB2002B79D081
:10B96000062C77D8434F3B78002B02D042490AF08F
:10B97000E2F8A0238022DB0552009A623378052B7F
:10B9800005D13E4B1B78002B01D0F8F791FC3C48C9
:10B99000F9F79EF87120F8F72FF8E31E0190022BBB
:10B9A00004D8812170200902F8F760FAF8F7ECFC5E
:10B9B0000320F8F773FC9C2170200902F8F756FA6F
:10B9C00000213020F8F752FA2E493020F8F74EFACD
:10B9D000FA20C000F9F77CF8A0238022DB05520092
:10B9E0009A612948F9F774F8062300255C43274A31
:10B9F00013199988A9422ED8A0248025E4056D004A
:10BA00002348A562F9F764F8F8F7DAFC2048F9F75B
:10BA10005FF871200199F8F729FA3F78002F02D0DA
:10BA20001C48F9F755F81C4B1B78002B00D0A5617A
:10BA3000002F03D0022019490AF07DF83378052B36
:10BA400005D10E4B1B78002B01D0F8F7ADFC50222E
:10BA5000134B1A80F7BDA05A5988F9F72FF9013511
:10BA60000748F9F735F8EDB2C1E7C046811F00205D
:10BA70005E1F0020521F002001420000E91E00202E
:10BA8000204E00000203000060EA00002AD80108EE
:10BA90008813000010270000781E0020010200001B
:10BAA000E61E0020F7B504001727E02380221B01C3
:10BAB00023401201934215D10025104B0093E3055A
:10BAC000DB0D0193009A6B00D35A019A934206D181
:10BAD000EEB231000220FFF795FDA0420BD00135F8
:10BAE000682DEFD1012323409B056408013F1C43CF
:10BAF000002FDAD1FF263000FEBDC0465AD701081C
:10BB000070B502003224FF200023074E5900755AF9
:10BB1000511B00D5A91AA14201DA0C00D8B2013399
:10BB2000322BF3D170BDC046F6D601080623054A74
:10BB3000D9005158814201D858B27047013BF7D221
:10BB40000020FAE758BF0108164B70B505000C003D
:10BB5000994215D11449F6F773FF0800AF21890007
:10BB6000F6F7E8FE44430338434258410E4924188F
:10BB70002800F6F7DFFE0C4D45436519280070BD1F
:10BB80000129FBD0FA239B00994200D34C08601C8A
:10BB900080B2401021004019F6F7CCFE4443250046
:10BBA000ECE7C04641030000C4090000484B010017
:10BBB000C218484B00B59A4200D985E0464B474A27
:10BBC000C318934200D87FE0454B18780A2800D963
:10BBD0007AE0F6F791FE061963232D2F3843477953
:10BBE0006D00404B994200D86EE03F4B00209942D7
:10BBF00005D93E4B994203D83D4B1878013800BD1A
:10BC00003C4888428041FAE73B4B3C4ACB18002035
:10BC10009342F4D93A4B3B48C918F2E73A4A364BBB
:10BC20000020CB189342EAD9384B3948C918E8E7C5
:10BC3000324AF4E72B4B994246D9364B00209942C1
:10BC4000DDD9354BE7E7274B99423DD9314B0020F1
:10BC50009942D4D9304B3148C918D2E7304B3148DA
:10BC6000C918CEE7304B314ACB1800209342C6D9D1
:10BC70002F4BCB189342C2D92E4B9942BFD02E4B9B
:10BC80009942BCD02D4B9942B9D02D4B9942B6D098
:10BC90002C4BC818431E98414042B0E7164B174A38
:10BCA000CB1800209342AAD9184B2748C918A8E7F7
:10BCB0000022264B1868884202D85868884205D866
:10BCC00001320833072AF5D10120E5E7002096E785
:10BCD000C088E4FF402DA40740B23EFC3F6F400106
:10BCE000741F00209F0BD100BF0E1602FF59620285
:10BCF0003404002000879303004624FF7F1A0600C7
:10BD000080217FFDBFC62D003F0D030040DF6FFD8A
:10BD10003F420F00BF80090100A69DFDBFFB390017
:10BD2000CF7257FD3E49000068343EFD5C44000080
:10BD3000489336FDB0A8E70020C0E70090D7E700A1
:10BD4000E8DAEB00601914FF7F841E0058BF010879
:10BD500002220020034B1B78023BDBB29A42404197
:10BD6000C0B270475E1F00200023144A1370144AAB
:10BD70001370144A1370144A1370144A1370144A3F
:10BD80001380144A1370144A1370144A1370144A1F
:10BD90001370144A1370144A126811003431097870
:10BDA000994201D113691B79104A13700022104B7C
:10BDB0001A70104B01321A707047C046D10700202C
:10BDC000D8070020DA070020DE070020D507002072
:10BDD000CE070020D9070020D6070020D407002076
:10BDE000D3070020D2070020701E0020DB070020B0
:10BDF000E31E0020651F00209322F8B51A4B520065
:10BE00009A5C1C235343194A06009B180122191DF2
:10BE10000D88B54222D216484F88121892009B18FE
:10BE2000FA22588819889200C01B5043491BF6F724
:10BE30000BFE040028000F496043F6F705FEFA21C7
:10BE4000C719300089006043F6F774FD381801D532
:10BE5000002002E0642800DD6420F8BD01320431D6
:10BE6000072AD5D1F4E7C046801F00206AD6010812
:10BE7000FFFFFF3F18FCFFFF70B50400F6F72AFD37
:10BE8000002301000A2518008B4200D370BDE25C3C
:10BE9000303AD2B2092AF9D8684301331018DBB21C
:10BEA000F2E70000064B10B5984208D88023DB016A
:10BEB000C01840000023022280B2F9F7B5F810BD87
:10BEC00006040000F8B5184B05000024984228D855
:10BED000FFF7C0FB2700154EA0421BDA144AF900F9
:10BEE000715A914205D001370A2FF8D1FFF7C0FBF4
:10BEF00007008023FF00DB01BC1C3419E818022274
:10BF000021004000F8F7CAFB0A4AF5531268F619F7
:10BF1000726006E0074AC4001268331902345A609E
:10BF200034192000F8BDC04606040000B0220020ED
:10BF3000FFFF0000F81E0020224B73B504000D0027
:10BF400098421DD800291BD08023DB01C018022293
:10BF5000400001A9F8F7A2FB0222290001A80EF077
:10BF60001DFD00280DD12000FFF774FB002807DB22
:10BF7000154B2A88C0001B185A80144A12685A6050
:10BF800073BD29002000FFF78DFF2000FFF762FB43
:10BF90000D4E002807DBC0002B88301843800B4B68
:10BFA0001B684360ECE70020094BC200B25A9A427A
:10BFB00004D001300A28F8D1FFF75AFBC0003452F0
:10BFC000EAE7C04606040000B0220020F81E002068
:10BFD000FFFF000070B50500192811D0802600244D
:10BFE000F6002000FFF76EFF4378AB4202D10378E2
:10BFF0007F2B05D90134A4B2B442F2D1002070BD28
:10C000000120FCE7F7B506001924134B134D0193EB
:10C010002F782878012E19D11921F6F711FD013159
:10C02000C8B22870FFF7D6FF00280ED12878B84292
:10C0300003D0013CE4B2002CEBD1FFF7CBFF00288A
:10C0400003D11922019B29331A70F7BD192117302A
:10C05000F6F7E0FDE3E7C046801F0020A91F00209F
:10C0600070B506000C001500FFF72CFF8023DB00E5
:10C070009E4229D20378002C02D05AB2002A23DB38
:10C08000DB435B0720D0002C1CD0182D04D943784B
:10C09000002B03D0200070BD002D15D04378192B44
:10C0A000F8D0AB4210D1094A094B1278002AF1D0DE
:10C0B0009A8D0024B242EDD0DC8DA41B631E9C41FE
:10C0C000E4B2E7E70124E5E70024E3E7AA1F002044
:10C0D000801F0020F7B58025ED000E0004002F0022
:10C0E000009201930B4B9C4212D0BC429B411C40DE
:10C0F0002000019A0099FFF7B3FF002806D1013D07
:10C10000A419ADB2A4B2002DECD1024C2000FEBDAA
:10C11000014CEDE7FFFF0000FF0300000279531E12
:10C12000022B03D900230371002105E06723012AB4
:10C1300000D1363B9942F7D841717047F0B5036999
:10C1400004008BB01868FFF7F1FC022800DD71E0F5
:10C15000674B684AD57D002D00D06EE0A31CDD77CB
:10C1600081235B426384FE23FF22DB01A384E31D62
:10C17000DA7763691868FFF7D9FC23000190293347
:10C180001B785D1EEDB2002B01D15B4B1D780123A6
:10C19000052D03D0AB1F5A4253415B00019A57490A
:10C1A0005018032253430001C01804A9F8F776FA87
:10C1B000534B0293019B022B01D1524B02936B1FF5
:10C1C0005A1E934103260333039304AF38780300C8
:10C1D0001833DBB2052D06D8039B5843029B595DEB
:10C1E000F6F732FCC3B2013EF6B23B700137002EC7
:10C1F000ECD104AB019A18785D789F78424BD2005D
:10C20000D1589B185E6863691B6899420EDA9E429A
:10C2100000DC6BE08A1952089A4262DB2E1A581A27
:10C220007043511AF6F710FC2818C0B22A34207057
:10C230000BB0F0BD80235B028BE7ED1823002F00CD
:10C240002133049303330593023B0693033307938F
:10C25000023B08930333099304AE603728000122A0
:10C2600002CE1035F8F71AFAAF42F7D1E31CDB7FA4
:10C27000201D0193A71CC57FF87F611D4210CE7F52
:10C28000E11D9446C97F019AA31DDB7F520049003E
:10C290004008864203D1012E01D9023EB6B2934234
:10C2A00003D17D2B01D802339BB28D4203D1FD2DEA
:10C2B00001D80235ADB26046F877601DC677FF2918
:10C2C00000DDFF21E01DC177211DCD777F2A00DD34
:10C2D0007F22E11CCA777F2B00DD7F23A21DD3774D
:10C2E00047E77F1B981A7843B11A9BE738009DE710
:10C2F00060000100801F0020580000200D10000089
:10C300005ED6010864D6010858BF010870B5150053
:10C31000040044220E00043000210EF0C9F9280068
:10C32000FFF704FC0D4B0422A3832300083320866F
:10C33000E683DA7702226361094BFF3222852560AA
:10C34000A56024619E4204D12300013AFF3A3433B0
:10C350001A702000FFF7F2FE70BDC046E204000034
:10C3600001040000421CD27F0368012A03D18269C4
:10C370009B1883607047022AFBD182699B1AF8E7F9
:10C3800010B5114B5A7B012A01D900225A73991D0D
:10C390005A7BC97F1000002906D0591DC97F00298A
:10C3A00002D150425041C0B248214A434143074C58
:10C3B00088329A1822608831054A18735B18136016
:10C3C000FFF768F910BDC046801F0020541F0020F1
:10C3D000701E002070B54A4D2B682D331C78012C3F
:10C3E00003D1484B1C780134E4B2A02380220026FC
:10C3F000DB0552009A62444B310030001E70F7F7A3
:10C40000C7FE022C00D9340020000CF03BFD2B6845
:10C410005B691868F7F736FF3C4B00201B681A0071
:10C4200034321278824206D135331B78012B01D089
:10C43000022B00D91800F7F75DFF0020F7F72EFF59
:10C440007E20F7F7D9FA382328219843014389B28F
:10C450007E20F7F70BFDF7F79FFF00213620F7F757
:10C4600005FD37202A49F7F701FD52202949F7F742
:10C47000FDFC00213020F7F7F9FC27493020F7F7C1
:10C48000F5FC2648F8F724FB2B685B691868F8F779
:10C490006FF801210800F7F77BFE2148F8F718FB39
:10C4A0002A682049130052692A3310681B78222217
:10C4B000884200D81A3A80211B02134319433620C0
:10C4C000F7F7D4FC1548F8F703FB2B685A69107985
:10C4D00001280DD0831E012B05D85179FFF792F862
:10C4E000F7F76CFE70BD00215120F7F7BFFCF9E7AC
:10C4F00052790D4B5200D05AF7F77CFEF2E7C04656
:10C500006C1E002028080020781E0020701E0020CD
:10C510001F9D00008F020000FEC1000010270000D8
:10C5200088130000FF3EAB01F6D6010810B51D4B85
:10C53000400008431A78C0B20C00824230D0187014
:10C540007E20F7F759FAC3439BB2DB0BA34209D114
:10C55000C0210005000DDB031843890101437E2043
:10C56000F7F784FCC62110208900F7F77FFC112023
:10C570000D49F7F77BFC12200C49F7F777FC1320E5
:10C580000B49F7F773FC842114208900F7F76EFC40
:10C5900049200849F7F76AFC7B200749F7F766FC52
:10C5A00010BDC046560000203A030000DB03000027
:10C5B000DF030000B22A0000DC73000070B5040045
:10C5C0000520022C00D00438F7F768FE3120F7F779
:10C5D00013FA012C55D1204381B23120F7F746FCE4
:10C5E00042204049F7F742FC2A203F49F7F73EFC3A
:10C5F0003E4B1E78022E00D900263D4DF600715BA1
:10C600002B20AD19F7F732FC2F206988F7F72EFCA5
:10C610005420A988F7F72AFC5520E988F7F726FC6B
:10C62000344B1B682D331878002800D003200CF001
:10C6300029FC4820F7F7E0F90F23184381B248207E
:10C64000F7F714FCA11E4B1E99412B4B4942194090
:10C650003D20F7F70BFC7320F7F7CEF921004B1EB6
:10C6600099411023013C984363425C410901014315
:10C6700089B27320F7F7FAFB0021E0B2FFF756FF0B
:10C6800070BD0123984381B23120F7F7EFFB4220C0
:10C690001A49F7F7EBFBE8212A20C901F7F7E6FB77
:10C6A00000212B20F7F7E2FB2F201549F7F7DEFBDF
:10C6B000022C08D113495420F7F7D8FB1249552012
:10C6C000F7F7D4FBB5E7114B1E78042E00D90026EE
:10C6D0000F4DB600715B5420AD19F7F7C7FB6988A1
:10C6E000EDE7C0465C6F0000347400002A080020AB
:10C6F00032D60108701E0020AB2A00005A6B0000E1
:10C700009098000009900000A9310000290800203D
:10C710004AD601080D4B002807D118705870012225
:10C720000B4B18700B4B1A707047062804D103226C
:10C7300018705A700520F2E70749084AC97F002996
:10C7400002D1127B9854F5E7527BFBE7AC22002024
:10C75000131F0020601F0020861F0020801F002064
:10C760000121814A10B51368013313607F4B1970A2
:10C7700010687F4B4343CB417E48834236D87E4B83
:10C780007E4819700388002B06D0013B9BB20380C2
:10C79000002B01D17A4B19707A490B88142B08D9D8
:10C7A0000B88013B9BB20B80142B02D10121764BED
:10C7B000197076490B88002B03D00B88013B9BB284
:10C7C0000B8073490B88002B08D00B88013B9BB270
:10C7D0000B80002B02D101216E4B19706E490B7832
:10C7E000002B03D00B78013BDBB20B7013689B0767
:10C7F00002D10122694B1A70694A1378002B03D0C9
:10C800001378013BDBB21370664A1378002B03D018
:10C810001378013BDBB21370634B1B78002B4BD1B9
:10C8200062490A88002A08D00A88013A92B20A802E
:10C83000002A02D15E4A0121117000205D4A105683
:10C84000002847D15C4A1278002A15D15B4AD27F72
:10C85000002A11D05A1E012A0ED9042B0CD0584997
:10C860000A88002A08D00A88013A92B20A80002A6F
:10C8700002D1544A01211170534A54491278002AB6
:10C880005DD000285BD0524A1288002A57D1514807
:10C890000278002A53D1504A1278D4B2002A4ED1DD
:10C8A000042B4CD05A1E012A49D90A88013292B26F
:10C8B000182A1ED80A801FE0052BBED147490A88D6
:10C8C000002ABAD00A88013A92B20A80002AB4D16A
:10C8D000434AB0E75A1E012ACED93D490A88002AA8
:10C8E000CAD00A88013A92B20A80002AC4D1394AD1
:10C8F000C0E701220C8002703A490A88002A08D059
:10C900000A88013A92B20A80002A02D10121364AED
:10C910001170364A1278002A15D0022B11D8002B3C
:10C9200011D1334A1388002B0DD01388013B9BB2E1
:10C930001380002B07D101222E4B1A7003E0002236
:10C94000B8E7042BEDD12C4A1388002B03D01388B1
:10C95000013B9BB21380294A1378002B03D0137834
:10C96000013BDBB2137010BD0C060020631F0020DA
:10C97000295C8FC251B81E05621F0020AA22002028
:10C980002123002080030020FE1E00205A1F0020CB
:10C990005C1F0020F41E0020FD1E0020D007002098
:10C9A000D3070020D40700205E1F00204C00002089
:10C9B000EC1E0020181F0020321F0020851F0020C1
:10C9C000DC0700204E00002003000020A8220020E9
:10C9D0004A0800204F000020DE0700202C1F002006
:10C9E000EA1E0020CE070020D5070020171F0020D8
:10C9F000DC1E0020ED1E0020E01E0020D3200020C1
:10CA0000F0B510259BB006AC2A00002120000DF0E7
:10CA10004FFE2A0000210AA80DF04AFE2A003848DD
:10CA20000AA9F7F73BFE374E0AA83100F5F748FF91
:10CA300012AF002800D188E02A0031000EA80DF0C6
:10CA40006FFF00232A002E480EA9F8F7EDFA0822FE
:10CA5000002104A80DF02CFEA020082204A9000249
:10CA6000F7F71CFE6B463F221B7DA02093436A46CE
:10CA700004A91375000200230822F8F7D5FA08224A
:10CA8000002102A80DF014FE08221F4802A9F7F7A2
:10CA900005FE6B466A465B7B1B48AB43537302A99A
:10CAA00000230822F8F7C0FA202239001748F7F7C8
:10CAB000F5FD0022BB5C002B06D0203B5E2B17D877
:10CAC0000132102AF6D100230022B918097C00296E
:10CAD00021D020395E291BD91022002116A80DF083
:10CAE000E7FD0023202239000848F8F79DFA14E0FA
:10CAF0001022002138000DF0DBFD0123E4E7C046E1
:10CB000060A10000D8B5010858A10000C8A000002D
:10CB10000132102AD9D1002BE3D107226946D3482C
:10CB2000F7F7BCFD00256B465B5701330DD101358E
:10CB3000072DF8D12A00CE4968460DF0E8FE002303
:10CB40002A006946C948F8F76FFAA0200822210098
:10CB50000002F7F7A3FD0F2322781340042B00D91E
:10CB60000023C4490B7013092F2A00D90023C24A9D
:10CB700013706378092B00D90123C04DEB75A3789E
:10CB80005A1FD2B2AE2A00D90B232B76237901216A
:10CB90001A000A406A765A080A402A779A06120F43
:10CBA000042A00D900226A7701229B091340EB7600
:10CBB0006379013B59424B41AB77A379092B00D9EB
:10CBC0001300EB77E379082B00D904232A004B32BA
:10CBD000137021000822AA48F7F760FD0F2322787E
:10CBE00013400A2B00DD0A232621DBB21209FF3194
:10CBF0006B549A429B411A4092235B00EA5463783B
:10CC0000032B00D90023AA1CD377A378022B00D9C9
:10CC10000023AA1DD377E378052B00D90423EA1D4E
:10CC2000D3772379022B00D901236A1DD377637947
:10CC30003D2B00D90C232A0001210832D377A37998
:10CC4000EA1C1800CB400840D0778E4A0B40137086
:10CC50002B1DD97707222900E37938311A400A7051
:10CC60002A00DB0839321370390010228648F7F7A2
:10CC700015FD82223B88D200934200D9834B80224B
:10CC80007E4ED20033807B889342924113403381A1
:10CC9000BB887F4A9A18062A00D97C4B8222B3802F
:10CCA000FB88D200934200D9784B802273803B8965
:10CCB000D20093429241134073817B89744A9A183F
:10CCC000062A00D9714B04220EA97248F380F7F7A7
:10CCD000E5FC3B226B4603219B18B27D1B788A43FF
:10CCE00069465B079B0F1A43B2756B4A5B009A5A01
:10CCF000098F914204D369481B5A8B4200D30A0022
:10CD00002A826B463A229B181B780132AB746B4621
:10CD10009B181B786249DB07DB0F25326148EB74F7
:10CD2000F7F7BCFC08F058FF082221005E48F7F72F
:10CD3000B5FC0122237801351A40EA775A08312BD5
:10CD400000D9002224234D4DFF33EA546378182B79
:10CD500000D903232A0047321370A378182B00D977
:10CD600000232A0048321370E378182B00D90423DB
:10CD70002A00493213702379182B00D900232A0086
:10CD80004A3213706379682B00D90E232A002832A7
:10CD90001370A379282B00D900232A003E32137088
:10CDA000E379052B00D903232A00403221003F48B4
:10CDB00013700822F7F772FC01223D4806AC115DA2
:10CDC0000B004033DBB2802B00D881540132082A9B
:10CDD000F5D121003748F7F761FC6378032B00D9C0
:10CDE00000232A0041321370A3780A2B00D90023B4
:10CDF0002A0046321370E378012B00D900236B73AD
:10CE00002379042B00D9002393225200AB541F3AFC
:10CE1000FF3A21002848F7F741FC23785A1E934136
:10CE20002A007E3213706279642A00D94FE10A2306
:10CE300053432A00743213806423A2799A4201D8A2
:10CE40005A3B53432A00763213806423E2799A4294
:10CE500001D85A3B53432A0078321380210008221C
:10CE60001648F7F71BFC6423227829E0B9A00000DC
:10CE70001C000020290800202A080020801F002014
:10CE800008A000002808002010A0000005040000F1
:10CE900000FCFFFF20A0000088C3010890C3010828
:10CEA0007A1E002028A00000A8A00000B8A0000062
:10CEB0001B000020C0A00000E8A00000F0A00000BF
:10CEC0009A4201D85A3B53432A007A321380642392
:10CED00062789A4201D85A3B534332007C32138025
:10CEE0007E497F4A7F480AF02BFE7F4A7F4980486F
:10CEF0000AF026FE082221007E48F7F7CFFB7F23A9
:10CF000022781340591E182900D9012331002931F4
:10CF10000B703300D2092A331A7019236B441A7824
:10CF20005B7821001B021343B3851B236B441A78E3
:10CF30005B7871481B021343F3851D236B441A78F9
:10CF40005B784E361B02134308223380F7F7A6FBAB
:10CF500023780A2B00D90023684A13706279684B42
:10CF6000511E8A411A70E379664A9907C90F1170F8
:10CF70001A07920F032A00D1013A63490A70634AE3
:10CF8000D906C90F1170624A9B0913702B1DDB7FF4
:10CF9000002B01D1AB682B6060225E495E48F7F739
:10CFA0007DFB0023012019005C4A404201331080C0
:10CFB000516008320A2BF9D180235B020E930223C1
:10CFC00000250EAEB3806B00F05A554B984201D845
:10CFD000FEF778FF0135032DF5D100257F260727C1
:10CFE0002800FEF76FFF011E08D002884D4B9A42C1
:10CFF00000D06FE007802800FEF79EFF01354A4B06
:10D00000ADB29D42ECD10025102248494848F7F7BF
:10D0100045FB484B0822210047481D70F7F73EFBAF
:10D02000E3791A096F2B00D92A0044490A701A00C3
:10D03000FF3A511E8A4142491A400A700021FF2BD3
:10D0400002D05808013181433E4801700021FF2B76
:10D0500001D01B07990F3C4B1970A1790B093F298F
:10D0600000D90023394803700C200023014201D16C
:10D070000F330B400125364936480B706379190987
:10D080000D400570A078032800D90020324C207094
:10D0900032484C07E40F04703148C90801700F2171
:10D0A0000B40591E0E2900D90A2301202D490B706F
:10D0B00006AB1B792C49184008705908F12B00D990
:10D0C0003C212A4B19702A4B1A701BB0F0BD9623D5
:10D0D0005B00AEE60378334003708FE7D01F00207B
:10D0E000E1B5010810A10000E7B50108E21F00202A
:10D0F00020A1000030A1000050A10000741F0020FA
:10D100003404002014070020191F002016070020F7
:10D11000CC070020482200200E880000B02200200A
:10D1200006040000FFFF0000070400003822002072
:10D1300038A100003422002058A10000580000202F
:10D140002523002003000020E1070020FC1E002012
:10D150000E1F002058080020B907002024230020BB
:10D16000232300202A0000205F1F002052000020FF
:10D17000F31E002037B5404D082229003F48F7F73D
:10D180008DFA3F4C082229003E480DF0C0FB2000DC
:10D190000822290028300DF0BAFB200008222900BF
:10D1A00030300DF0B4FB210008223748F7F776FA4B
:10D1B00020002100082208300DF0A9FB20002100EA
:10D1C000082210300DF0A3FB304C0C222100304817
:10D1D000F7F764FA2F4B22889A4203D92E4B23800B
:10D1E000643363802D4B022263812D4C2D4BE07FF5
:10D1F0002D49C0184000F7F751FA2C4BE07F02226E
:10D20000C0182B494000F7F749FA22004B32117839
:10D210002200284B4C325B5C274813706946082279
:10D22000F7F73CFA6B460021595EFA23FA229B007D
:10D23000CB189BB2D200934200D900212300803347
:10D2400019806B469B793F2B00D93A23220082320A
:10D2500013706A46D2790F2A00D90822200083343D
:10D260002370B123DB01C9188430027089B23B20DE
:10D27000F6F7FCFD37BDC04614220020C0000100B7
:10D28000FC2100201C220020C80001001E1F0020DD
:10D2900040010100871300006C070000FC0800003B
:10D2A000801F0020A88000009C200020B480000087
:10D2B0009E2000201AD601088801010070B50024C4
:10D2C0000E0005000470220021003000FEF7C8FEA9
:10D2D000A04217D08023DB00F0180A2229000001A9
:10D2E000F7F7DCF92200AB5C203B5F2B02D8013260
:10D2F0000A2AF8D10023AB54013A511C02D0A95C90
:10D300002029F8D070BD00004823F0B543438BB00E
:10D310008A4C039388331B190093894B07001B78B1
:10D320000591002B0CD14300E1188888854A904272
:10D3300001D185488880E15A914201D1824AE25266
:10D3400082237D00665BDB009E4231D8103B9E420B
:10D350000CD23000FBB200220121FEF7BBFE7B4B5A
:10D36000060098421FD163199E8866533000FEF76D
:10D37000A9FD8022038875490290D2008B4219D101
:10D38000964204D26D4B7F00D9198E88FE52704BA5
:10D39000704AF3189BB2DB0031009A580098FEF7F0
:10D3A000B5FF0BB0F0BD3B1D5B006053E052DDE705
:10D3B000654EDBE7029B1B785B075B0F0193072B36
:10D3C00001D1023B0193964200D3B2E0029B59780F
:10D3D00048227A43594B01989B181A00A6331E80A5
:10D3E0008023B8321080023A1170DB009E4200D3D5
:10D3F000B8E0059B022B00D0C4E03301049308225F
:10D40000049808AC21008018F7F748F9E0780F2459
:10D410000440022C00D9002448210A007A43474BDB
:10D420009A18A832147002092F2800D900227943D3
:10D430005B18BC331A7008AB9A79172A00D90422FA
:10D4400048237B433D490024CB180591190018005F
:10D45000AF310A7040495200525AA43002801A007B
:10D460000F21B43208AD1470AA7818381140017039
:10D4700012099433297800981A70FEF74FFE03982A
:10D48000059B9030C0186978FEF748FE2A79012381
:10D49000FF2A00D1F3E014005508D1065009920983
:10D4A0001A401C401D40490F1840059248227A43FB
:10D4B0009446B322214B634494469C4462461470C4
:10D4C0001C00B5342570043C21701900059AB03356
:10D4D000BB311A70087008AB5B790022FF2B04D0B7
:10D4E0001B075A0F042A00D9002248237B43134C00
:10D4F00006A9E318BA331A7004980822F7F7CEF891
:10D5000006994B1C03D1019A124BD200D1584822E4
:10D5100013007B43E31888331960104B0799994235
:10D5200001D90F4B07937A43079BA418A0342360BB
:10D5300028E0F3B2192101934AE7C046801F00207A
:10D54000340400200404000005040000FFFF000074
:10D5500000FCFFFF58BF010840C10108FFE0F505CE
:10D5600040420F00330080335B013A019B18049363
:10D57000059B022B00D142E7434BF3189BB2062BCD
:10D5800000D83CE748257D43404C6319019388331C
:10D590001D682800FEF7CAFA3D4AC3B2DB0098585E
:10D5A000A8420DD8D2185068A84209D38023280079
:10D5B000DB009E4204D3019DA4352988FEF7C4FAFE
:10D5C00048257D4365192B00883318608023DB00D4
:10D5D0009E4207D32B00A035A43319882868FEF794
:10D5E000B3FA28600098FEF7BDFE8023DB009E4260
:10D5F00005D203983100BE302018FFF75FFE4823A4
:10D60000190079436118B331039A08789032009970
:10D61000A218002801D01100009A7B43E3181800DB
:10D620009C331A601B4B98301B780160002B07D18C
:10D63000194A0B689B18194A934201D8184B0B6082
:10D6400048237B43E3181900029ABD311278D206B1
:10D65000920F0A70134A1278002A02D0009A9C3363
:10D660001A60114B1B78002B05D048237B43E4182C
:10D670000723B13423700098FEF760FD91E6250082
:10D6800019002000059311E700FCFFFF801F002018
:10D6900058BF01083404002040F1E9FD3F4B4C0025
:10D6A000A0B49402220800202408002007B56B468D
:10D6B0000522FF21D81C0CF0FBFF69460E4A0F48DB
:10D6C000937C8B70138A0B80937DD27C9B075B0FBE
:10D6D00007211343FF220B408A4313436A466946DE
:10D6E000D37000230822F7F79FFC0023602204492F
:10D6F0000448F7F799FC07BD801F002020A0000018
:10D700007A1E002028A000000122034B1A70034B50
:10D7100092181A807047C04622230020AA220020B7
:10D720001FB5124B1A78002A1ED000241C70104B13
:10D730001A78A24218D0102269460E481C70F6F7DB
:10D74000ADFF69460C4B0B481A880A801A894A803B
:10D750009A888A805A88CA805A890A81DB8810226E
:10D760004B812300F7F760FC1FBDC046212300203A
:10D770002223002010A00000801F00200F22F0B5FF
:10D7800000263C21B94B97B01B78B94D1340B94ADC
:10D7900002AC12782F00120113432370EB7DA020FE
:10D7A00063702B7EE670A3702B7FEA7E5B00920194
:10D7B00013436A7E293713436A7F000292000A40AE
:10D7C00013432371AB7F26226371EB7FFF32A3717A
:10D7D0002B004B331B782100E37192235B00EB5C41
:10D7E000AA5C1B019B182372AB1CDB7F2A1D637292
:10D7F000AB1DDB7FA372EB1DDB7FE3726B1DDB7F59
:10D8000023732B000833DB7F63739B4BD27F1B7822
:10D8100092005B001343EA1CD27F1343A3732B00D7
:10D82000072238331B7813403A78D2001343E3734E
:10D8300010223300F7F7F8FB502221008F48F6F74B
:10D840002DFF2423FF33EB5C6A1CD27F5B00134364
:10D850002A0023702B00473212784A331B786270FB
:10D860002A0023712B0048321288283362801B78EB
:10D870000A2163712B003E331B78A3712B004033C8
:10D880001B78E3712823FF33EB5C637494235B0004
:10D89000EB5CA3742B003F331B7823762B004133C2
:10D8A0001B7863762B0046331B78A3766B7BE3767D
:10D8B00093235B00EB5C23772B007E331A7812AB4B
:10D8C0001A702B0074331888F5F734F84D236B4425
:10D8D00018702B00763318880A21F5F72BF84E23A1
:10D8E0006B4418702B00783318880A21F5F722F85A
:10D8F0004F236B4418702B007A3318880A21F5F7F0
:10D9000019F814AB18702B007C3318880A21F5F72E
:10D9100011F851236B4418705022330021005748EE
:10D92000F7F782FBFF237F22E3713B78210013404E
:10D930002A002A3212785248D20113432370AB8D49
:10D94000082263701B0AA370EB8DE3701B0A23711E
:10D950002B004E331B8863711B0AA3713300F7F74A
:10D9600063FB09200722FF2168440CF0A1FE454B10
:10D97000A6711B782370444B1B786371434B1B7853
:10D98000B34201D1FD23E3710C21414BE2791B78B5
:10D990008A439B000B4013433E4AE3711278002AEE
:10D9A00002D110329343E3713F22E3792100134007
:10D9B000394A3A48127892011343E371082200234E
:10D9C000F7F732FB082221003548F6F767FE0F21F2
:10D9D000344B354A1B7812785B0013432371334A6A
:10D9E000334B12781B78D2009B001343314A1278D4
:10D9F0001343314A5BB212781B01A2702F4A12788E
:10DA00000A40134363712E4A2E4B12781B78120181
:10DA10000B401343A3712C4B1A782C4B1B78002B13
:10DA200001D102331A430C21294B1D481B78823542
:10DA30009B000B402749097809010B431A43210039
:10DA40000023E2710822F7F7EFFA6946082222481C
:10DA5000F6F724FE6A462B78694693711E48002328
:10DA60000822F7F7E1FA17B0F0BDC04629080020F8
:10DA7000801F00202A08002028080020A8A00000FD
:10DA800030A10000741F002034040020140700207F
:10DA9000191F002016070020CC07002050A100000D
:10DAA00058A10000520000205F1F00202323002007
:10DAB0002423002058080020B90700202A00002055
:10DAC000FC1E00200E1F0020252300200300002044
:10DAD000E1070020580000208801010030B50D004A
:10DAE00085B010220021040068460CF0E1FD2800FA
:10DAF000F4F7F0FE02000A2800D90A22290068463D
:10DB00000CF005FF80232001DB0180B2C018102239
:10DB100000236946F7F788FA05B030BD7FB50500E8
:10DB20001E00344B0800EB189BB21400062B5DD886
:10DB3000421E904190220001120280185B01C01821
:10DB40006A46236869460093A36980B201936379AA
:10DB50001372637B5372237B22791B0113436A4642
:10DB60009372230034331B78621CD27F1B01134352
:10DB70006A46D37223002200283333321B7812788E
:10DB80009B015201134322002B32127813432200CF
:10DB9000293212789200134322002D32127852005B
:10DBA00013436A46137323000E2232331B785B0043
:10DBB00013406A46537323000833DB7F93730023BB
:10DBC000D3731022F7F730FA012321001A0028003E
:10DBD0000AF016FB8023DB009D4206D2022E04D9F8
:10DBE000210028003631FFF779FF7FBD2801012E83
:10DBF000FBD9A5E700FCFFFF73B51E4D6946280061
:10DC00000822F6F74BFD1C4C072226001B4B293639
:10DC10001B78280013403278194DD20013436A460E
:10DC20006946D37100230822F7F7FEF928006946F8
:10DC30000822F6F733FD7F223378280013402200B4
:10DC40002A3212786946D20113436A461370A38DB3
:10DC500053701B0A9370E38D4E34D3701B0A1371FB
:10DC6000238853711B0A937100230822F7F7DCF90C
:10DC700073BDC04608A00000801F0020B81F002010
:10DC800030A1000030B5042587B0084C0A0001001F
:10DC900001A8FDF793FD112300216F20A56201AAC1
:10DCA000F6F7CEFDA56107B030BDC04600040050B8
:10DCB000F7B5160004000D001F00F4F70BFE731CEF
:10DCC0000093231801350193019B9C4200D1F7BDBD
:10DCD00021782139CBB25D2B05D871433200280061
:10DCE00079180CF014FE009B0134ED18ECE70000ED
:10DCF000F0B585B01C000AAB1B780F0015000600BC
:10DD00000293F4F7E7FDBD4207D9029BED1B4343A5
:10DD10000135ED1A6D08EF19FFB2E2010134144B21
:10DD2000E401D219E419D218E418331801920393CC
:10DD3000039B9E4201D105B0F0BD3578213DEBB289
:10DD40005D2B0DD80E235D430A4F0722E919019878
:10DD500007350CF0DCFD07222000E9190CF0D7FD97
:10DD6000029A019B944663440193A4180136DFE7AD
:10DD7000E51A0020F6D00108F8B51D0006000F00D6
:10DD80001400F4F7A7FD0300A74207D20720584369
:10DD9000E11B0131091A49087F18FFB2044AE90161
:10DDA000C91930008918034B0622FFF781FFF8BD1F
:10DDB000E51A0020C2CE0108F7B51F4E1D003378CA
:10DDC00004001E4F00910192012B21D11C490CF03F
:10DDD00096FD2A002000009909F0E8FE3A78194BD8
:10DDE0005200D65A0A213000F4F72AFE30008FB2D2
:10DDF0000A21F4F79FFD3B00134982B2200007F08F
:10DE000027FB2B00002220000199FFF7B5FFF7BD8B
:10DE10000E490CF074FD2A000099200009F0C6FE9E
:10DE20003A780B4B31785200D25A4E23032900D155
:10DE3000053B0849E2E7C0461F0500200800002016
:10DE4000EDB50108F6D601085CB60108F3B5010886
:10DE50005AD70108F7B50108F8B51D0006000F00F4
:10DE60001400F4F737FD0300A74207D207205843F8
:10DE7000E11B0131091A49087F18FFB2044AE90180
:10DE8000C91930008918034B0622FFF711FFF8BDAE
:10DE9000E51A00208ECC0108F0B50027234CD201F2
:10DEA00085B05218141902930190F4F713FD250060
:10DEB0003B00C2B280350392039ABA4201DC05B03E
:10DEC000F0BD019AD65D2D2E2CD0002B01D1202E35
:10DED00022D03300303B0A2B13D81421303E4E435E
:10DEE000134B0A22F6183100A01C0CF010FD310073
:10DEF0000A22A81C0A310CF00AFD01230D340D354D
:10DF000008E02E2EF9D1602303342B706B70AB70B8
:10DF100003355F3B0137CFE7029A002AEED0063C7B
:10DF2000063DEBE73A26002BD7D1D2E7E51A0020D1
:10DF3000B2CB010830B5072501241540D208D20123
:10DF40008018425CAC401500A543002B01D0224351
:10DF5000D5B2455430BD0000F0B50C0087B0059334
:10DF60000CAB1B78019202930090009B1B78002B56
:10DF700001D107B0F0BD03220026203BDBB25343A2
:10DF8000134A9B180493019B0633DBB20393049B53
:10DF9000019D9F5D01231F420AD0059BA1190D48D9
:10DFA000C9B2002B00D10C482A00029BFFF7C2FF28
:10DFB0000135039BEDB27F089D42EBD10136032E64
:10DFC000E5D1009B04340133E4B20093CDE7C046B1
:10DFD00092CA010859080020E51A002010B5084A25
:10DFE0000300527E002A09D0064A1278002A05D082
:10DFF000054C00220C212000FFF72EFF10BDC0466B
:10E00000801F0020611F0020FFB50108E02210B52D
:10E010000021024892000CF04BFB10BDE51A0020D5
:10E0200070B586B0FFF7F2FF424B434C1B78434874
:10E03000022B11D0012B66D1414902A80CF05FFCE4
:10E04000404B0D201A88404B684419784B1E99416B
:10E05000C9B2FDF7F1FB02A80823002200930221B8
:10E06000073BFFF745FE394B1B78002B05D1237882
:10E070003748002B13D0032B11D0364B36491E687E
:10E080003000F4F7DDFC30000D003349F4F752FCAA
:10E090002B000200314902A807F0DAF902A8082390
:10E0A000002200930221053BFFF722FE23782C4833
:10E0B000012B1DD92B4B2C481B78002B18D02B4B38
:10E0C0002B4A1B7812785B00012A2CD1294A0A219D
:10E0D000D55A2800F4F7B4FC28008CB20A21F4F7D2
:10E0E00029FC230082B2244902A807F0B1F902A852
:10E0F0000823002202210093033BFFF7F9FDF6F706
:10E10000EDFB06B070BD2378012B08D81B4A1C48D4
:10E110001278D207A0D41B4A9B0098589CE71A4853
:10E12000022B99D1F7E7194A1949D25A02A807F0E8
:10E130008FF9DCE70A1F0020091F00200FB6010835
:10E1400043B601080423002002230020071F0020FB
:10E1500021B6010834050020A086010049B6010857
:10E1600030B601082C05002039B601082E05002024
:10E170002D050020F6D6010856B60108081F00201C
:10E1800048B70108DCC6010815B601085AD70108CE
:10E1900064B6010810B58022002102480CF088FA0C
:10E1A00010BDC0465908002070B5094E05003478EE
:10E1B000072C0CD8002C04D108220A2105480CF0A9
:10E1C00077FA132D03D0631C3370024B1D5570BDBD
:10E1D000531F0020D003002030B500232D25074C0D
:10E1E0000748E25C29000A2A01D03032D1B2C1547A
:10E1F0000133082BF5D10023037230BDD00300207A
:10E20000F321002070B5041E0D4D08D1010005203A
:10E21000F5F7BEFF2B782100012B0DD170BD012138
:10E220000520F5F7B5FF2B78012BF7D0054B197BAF
:10E2300001394B425941C9B20620F5F7A9FFEDE774
:10E240005E1F0020801F00200122024B1A70024B2B
:10E250001A707047EE210020651F0020F0B5764B44
:10E26000ABB01B780590002B00D0B2E0734C0327B5
:10E27000A38C002B00D102370021714B5956002985
:10E2800030DB704B1B78012B2CD06F4B6F48CA01D1
:10E29000D21803780133DBB20370012B06D90023B7
:10E2A0006B4D03702E78013373402B70684B1B78D5
:10E2B000002B00D18FE07F2000238446654E654609
:10E2C000D05CA843F55C2843D0540133072BF6D12A
:10E2D0000426614D013107230020AE62C9B2F6F772
:10E2E000AFFAAE61637E002B03D05C4B1B78002B32
:10E2F0006FD1544B1B78052B6BD1594B1B78012BDD
:10E3000067D0584B1D78002D63D14F4BFA01D318BD
:10E310000393059B002B09D0802203990AA80CF0D7
:10E32000F6FA8022290003980CF0C2F9F6F7CAF831
:10E330004D4A4E4B12684008128E9C56A03C241841
:10E3400024B223005D3353DA0026230002968D3376
:10E3500005DB200006219330F4F776FBC6B27B1E66
:10E36000DBB20493221C353401DD414B1A88414B4A
:10E3700012B21C78002C49D03F4906A807F068F873
:10E3800000228821049B06A8FFF7F6FC029B002BC5
:10E390004FD13200394906A807F05AF80022A621C9
:10E3A000049B06A8FFF7E8FC029B3E209A19D2B214
:10E3B0000D23F9B2FDF7A2F9059B002B09D08022AD
:10E3C00003990AA80CF0EAFA002802D03800F6F700
:10E3D0008AFA2BB0F0BD7F208446294E6546D05C7A
:10E3E000A843F55C2843D0540133072BF6D16FE7DF
:10E3F00025005D35282D00DD2825EDB20A212800F5
:10E40000F4F798FAC3B209260293A8E71D4B1E49F8
:10E4100006A807F01DF80122084B9B8C00922832B9
:10E42000002B01D023001922022106A8FFF794FD3A
:10E43000ACE72A001549AEE7E0070020801F002066
:10E44000EA2100204E1F0020E51A0020E9210020CB
:10E45000E82100208BCA010800040050611F002041
:10E460005E1F0020371F0020701E00201C000020AF
:10E47000DCB40108232300206FB601087BB6010835
:10E4800084CA0108A5BE010873B601087FB6010859
:10E490000022F0B5814BA5B01B780F93804B1A700A
:10E4A000804B1B785BB2934201D1FDF70DF9FFF76A
:10E4B000ADFD7D4B1B78002B46D07C4B1C78002C8F
:10E4C00042D18026FFF7A2FDB60079486F220019DD
:10E4D00000218034774D0CF0EBF8B442F5D1C02028
:10E4E0000A2204262024744B40001978013231435B
:10E4F0001970195CD2B2214319540133762AF4D130
:10E500000B240126220033000A212800FFF712FD08
:10E5100022000134330075212800E4B2FFF70AFD20
:10E52000252CEFD108237622092164480093063B6D
:10E53000FFF7DEFB0623762209216148FFF71CFC6A
:10E54000F6F7CCF925B0F0BD5E4C0320A38C002B70
:10E5500000D10230FFF742FD5B4B1B78002B00D14E
:10E5600097E0237B0593594B08940993584B0B93E1
:10E57000002300210493534B03919A8C8A4205D0C7
:10E580000F99002902D10499890003915B7B0C93B8
:10E59000039BDB010E930E99464BCB180A93002A7E
:10E5A00000D0A9E0059B04998B4201D101F095FAB6
:10E5B000089B02330893099B483309930B9B013353
:10E5C0000B93049B002B66D03E4DAB8C002B0DD1E2
:10E5D000404B1B68002B09D03F4B1B78FF2B05D00D
:10E5E00006232E22022115A8FFF7E6FB2C4C2378E8
:10E5F000002B28D1FDF7ACFB384A030012780490B9
:10E60000002A01D100F0D6FE09232370AB8C03242D
:10E61000002B00D10234324B1A78013AD2B2052ACB
:10E6200001D900F0BDFE2F4B9200D558214BE001DF
:10E6300080220021C0180CF03BF87F220221280024
:10E64000E3B2FFF709FC154C2378002B01D007F04B
:10E650003DFF1C4B9B8C002B00D071E7224B1B789D
:10E66000002B00D06CE72378002B00D068E7059BD7
:10E670001E4A002B00D01E4A1E4915A806F0E8FECF
:10E680007F23062200936B21002315A809F02AFEA0
:10E6900056E7637B66E701236BE7C0460B1F00204C
:10E6A0004E1F0020181F0020061F0020021F002000
:10E6B0006D1B0020E51A00206F1B0020B6B6010874
:10E6C000C2B60108801F0020F01E00201820002084
:10E6D000AC22002044080020080000202B1F00204E
:10E6E000B107002024CA0108161F0020DFB5010869
:10E6F00009BD01083BB701080F9B002B01D101F0B8
:10E70000E6F9059B049A934200D051E70C9B049ACA
:10E71000C249934201D101F049FA07220A980CF04C
:10E72000F6F8099B1B681F68BD4B1B780793012BEC
:10E7300000D039E1059B049A934200D0BCE10399D3
:10E740002122079B002900D11A0000930A210023EF
:10E75000B448FFF701FCB44B049A1B7B934200D0F2
:10E76000B8E0B24B1B785BB2002B00D1B2E0FDF7F2
:10E77000EFFA041E00D0ADE0AD4B1B780693012BE1
:10E7800000D8A7E0AB4B18211878069B1830C01AA8
:10E79000F4F756F91823069A0D919B1A1293129BBF
:10E7A00000209C423DD30D9A069B94461600183BD0
:10E7B0001B19DBB21193069B9F4D634410939F4B33
:10E7C000139318213000F4F73BF9139B4900CB5AFF
:10E7D000002B04D01A1CAB4200D92A1C95B2109B06
:10E7E0000136B342EDD10D9B11989C46182160442F
:10E7F000F4F726F9914E49008B5B181E11D08E4A12
:10E80000002095420DD0AA1C93420ADD581B052317
:10E81000584330211830F4F78DF8052800D9052029
:10E82000C0B21BABE0540134182CB8D12220002117
:10E830000A9BDD1D12ABC0184E1C002900D13FE120
:10E84000002342789C46182E00D03AE18378069344
:10E850001300069C23436446234301D101F02DF9A4
:10E86000069B01335B009B1863449B0801D101F0B8
:10E870002BF9DBB200290FD00024A446012901D0D6
:10E8800001788C46069C52000234121962449208A8
:10E890002024D2B2002B13D00624E31ADBB21900D5
:10E8A000002A09D0A11AC9B28B4205D81A1C8B4282
:10E8B00000D20A1C1900D3B20024994200D803E107
:10E8C0007F222B780130934323432B700135182E80
:10E8D00000D0F3E00024554B1C57002C04D0524BC1
:10E8E000049A1B7B934216D03800FDF75FF900288D
:10E8F00011D0099B1B7E012B0DD1FDF729FA0028B1
:10E9000003D04F4B1B68BB4205D00A9807224D49E4
:10E9100018300BF0FCFF089B1A888023DB009A421A
:10E9200000D3EEE0484B1B78002B07D03E4B0499F8
:10E930005B7B8B4202D1002C00D1CCE043490132F9
:10E9400015A806F085FD0121039B5A1CD2B215A81B
:10E9500009F02CF90B9B1B780693002B00D1E7E004
:10E96000062B00D960E1069A6B46940008221B7BB7
:10E9700023210092002236482058FFF7B9F953E1CD
:10E980000023336001F0F3F8049B03215A42130083
:10E9900008220B4000920139002215A8FFF7A8F9C0
:10E9A00001222C4B1A7003E6FDF7D2F91E4B00280A
:10E9B00064D01A7B0499284B8A4275D10B9A12783D
:10E9C000002A71D101211970244B1A70244B039A2B
:10E9D0001A701B4B1F60234B1B6834331B788B4210
:10E9E00016D1214B214A12789200D15815A80BF06C
:10E9F00086FF039901232122002900D11A000093E8
:10EA00000A21002315A8FFF7A7FA02230793A2E61D
:10EA10001749022BEAD0174B174AE4E742B701081F
:10EA20005E1F0020A1B60108801F0020181F0020D3
:10EA30009404002095040020FFFF000096040020AD
:10EA4000E421002049B70108531F0020CEB501087A
:10EA500048CA01084E1F00200D1F00200C1F002077
:10EA6000EA210020701E002078CA01082A08002030
:10EA7000D8B6010864CA010829080020BB4A1268F8
:10EA8000BA4210D19B8C002B0DD00021B84B212213
:10EA900059560123002900D11A00009308210023B0
:10EAA000B448FFF759FAB44B1B785BB2012BACD1D9
:10EAB0000222B14B1A70A8E70023A7E73100BBE69A
:10EAC0000A00C3789C46C1E601228A400131144302
:10EAD000E4B2C9B2F1E607231A00A848A84C815C49
:10EAE0000A2902D03031E154013B013AF7D22D21FD
:10EAF000A34A002B02DAA34AA34921E7D154013BE0
:10EB0000F7E7A24BD318062B00D923E7099B013264
:10EB100019689F4B0868D2B29E49984200D99E4915
:10EB200015A806F095FC039B02215A1CD2B20EE7F1
:10EB3000089B1888994B1B78002B35D0934BC31832
:10EB4000062B31D8964B049A5B7B93422CD1904D87
:10EB5000FFF742FBBD42924152420332030015AC23
:10EB6000801800908F49200006F072FC6B461E7BD7
:10EB7000AF4210D81320731C12AD069A40197121B0
:10EB8000DBB2FFF7F9F8069B320020212000E37189
:10EB9000FFF782F90CE508232021009320003300C1
:10EBA000069AFFF7A5F803E57F4B1B78012B06D1EA
:10EBB000059B049A934202D1099B5B681F688023DE
:10EBC000DB00984200D363E1754B1B7F002B22D101
:10EBD000FDF778F903787F2B6ED84578192D71D819
:10EBE0006DD0002D6ED0714B6C1EA400E418200077
:10EBF00009F0DAFC002858D06D492A0015A806F063
:10EC000027FC752115A86B461A7B7F2302310093E0
:10EC1000002309F067FB674BDB7F012B77D054D9CA
:10EC2000023B012B00D881E0079B012B00D162E160
:10EC3000002415AB1C70604B1F78A74200D085E103
:10EC4000574B049A1B7B934201D1002F01D1099F9E
:10EC5000103F5A4B1B78002B00D0BAE13B003433F5
:10EC60001C78002C00D099E1079B012B00D080E19B
:10EC70007B691BAA10001979514B70CB70C01B68BF
:10EC80000360494B1B78032900D97DE18800855832
:10EC9000012900D079E17A691279012B00D06AE16B
:10ECA000012A00D073E1474D71E14749220015A8C0
:10ECB00006F0CEFB7121A5E775214448A3E7712139
:10ECC0004348A0E7712143489DE715AC2100380077
:10ECD000FCF79CFD6B461D7B2D4B9F4210D81320EB
:10ECE0006B1C12AE00227121DBB28019FFF744F8D1
:10ECF00000232A0020212000E371FFF7CDF893E7DD
:10ED000008230022009320212B00200035E6089BD9
:10ED100031491A8815A8013206F09AFB08226B4681
:10ED200024211B7B0092002215A826E6089B15AC27
:10ED300019882000FEF7C2FA2378002B06D1089B21
:10ED400020001A882449013206F082FB6B46194ADA
:10ED50001C7BD27F124B022A40D1002212AB9A7543
:10ED60000823212100932300DEE7C046E421002090
:10ED7000EA210020DCB601080D1F0020D00300208E
:10ED8000F3210020F7210020DFB6010800FCFFFF7F
:10ED9000FFE0F5058AB6010885B60108531F00207B
:10EDA000801F0020E4B601085E1F002048220020DA
:10EDB00080B60108821F0020030000200B1F0020E6
:10EDC00010B4010895B60108E9B601088EB601082D
:10EDD000B1BA010891B60108CBB501089A8C002A96
:10EDE00026D112AB9A7508232121009315A8230080
:10EDF000FEF77EFFD04B9D8C002D32D115AE310039
:10EE00003800FCF703FDE31CDBB20D93CB4B9F42B4
:10EE100020D813200434E3B212AC2A007121001967
:10EE2000FEF7AAFF2B00202130000D9AF57164E750
:10EE3000059B049A934206D123000022242115A8A1
:10EE4000FFF70AF8D6E723000022242115A8FEF7D1
:10EE500093FFCFE708232A000093202130000D9B69
:10EE60008BE53800B649F3F7EBFD38000D00B449E7
:10EE7000F3F760FD013402002B00B24915A806F03B
:10EE8000E7FA00222421E3B215A8FEF775FFCBE6CE
:10EE900015AC21003800FCF7B9FC6B461D7BA74B75
:10EEA0009F421FD813206B1C12AE00227121DBB2CF
:10EEB0008019FEF761FF00232A0020212000E37162
:10EEC000FEF7EAFF089B1888FCF7FCFF182302787E
:10EED0001A4200D1A8E60A9806229B4978300BF026
:10EEE00016FDA1E608230022009320212B0020001C
:10EEF000FEF7FEFEE6E7954B1B6829331C78002CD5
:10EF000021D10024924B1C57002C00DA90E6062CED
:10EF100000D9062400263E278E4D0E9B5D198E4B90
:10EF20001B78002B05D00623FF279B1B9F407F23C8
:10EF30001F4028000222390001360BF0B9FB0335CF
:10EF4000B442ECD274E6013C64B2DDE7834B1B783B
:10EF50001F1E00D174E6824B1B785BB21F1E00D1CE
:10EF60006EE6FCF7F5FE2700002800D068E67D4F2E
:10EF700066E63B697DE6012A0ED13B697A4D1B7935
:10EF8000012B09D1794D07E0794D012B04D1059B67
:10EF9000049A774C934205D0764C03E0754BA4005D
:10EFA000E418734D079B012B15D17A691379012B56
:10EFB00013D0991E012900D9F8E06F49022B00D027
:10EFC0006E4952796E4B5200D25A15A806F040FA9B
:10EFD00017E06C4CE5E73A69E8E752796A4B520072
:10EFE000D65A0A213000F3F72BFD30008BB20A21EC
:10EFF0000793F3F79FFC654982B2079B15A806F0BB
:10F0000027FA0026544B1B78002B00D1E8E0039B25
:10F0100000220133DBB2B42128000793FEF7ACFED7
:10F02000079B002282212000FEF7A6FE424B9B8C0C
:10F03000002B25D1564B1B78002B21D1002E05D15A
:10F0400032000221063315A8FEF796FEBD8B64211F
:10F050002800F3F76FFC4F4B84B29D4200D9B9E012
:10F0600064212800F3F7ECFC22008BB215A84A4972
:10F0700006F0EEF9062300222E2115A8FEF77CFEED
:10F08000069B002B01D0052B2CD13B0029331A788D
:10F09000072314001C401A4200D0CFE001252C4B5E
:10F0A0001C782D4B3D491B78002B00D1CAE015225E
:10F0B00028311BA80BF02BFC03226243039B1BA9E6
:10F0C00001338818DBB20022AA21FEF755FE262064
:10F0D000002D07D00A9B0322181801303049FF3059
:10F0E0000BF015FC3A68BB689A4200D1D8E07B1C53
:10F0F000D87FAC239B031B932A4B1C932A4B1B6882
:10F100005A1CD27F002A03D05A699A4200D1AFE03C
:10F110000321F3F795FCC9B20F4B1A78002A00D1EE
:10F12000AEE049001BAA50180022BC21039B01330A
:10F13000DBB2FEF721FEB3E0801F0020FFE0F50503
:10F14000A0860100EEB6010809B40108701E002077
:10F1500058000020E71B0020232300208C040020FF
:10F16000181F00203804002095B60108B2B6010827
:10F1700048B701083CCA010869B60108BBB70108D5
:10F180005AD7010899B60108F6D60108F8B6010861
:10F19000161F00200F270000FEB60108F8B3010873
:10F1A00051B701082D004400541F0020BE8B64217C
:10F1B0003000F3F745FC30008BB264210793F3F77E
:10F1C000B9FB0A2682B2D049079B15A806F040F980
:10F1D000764217E72200CD4915A806F039F949E72C
:10F1E000002D0ED02B78002B0BD0039B3122002B4F
:10F1F00000D1203A01233421009328000023FEF798
:10F20000ABFE2378002B0BD0039B3122002B00D1C7
:10F21000203A01230321009320000023FEF79CFEE7
:10F22000039B44363122F1B2002B00D1203A012356
:10F2300015A800930023FEF78FFE21E7013C00256F
:10F24000E4B22EE723223D311BA80BF060FB05231F
:10F2500063431BAAD018039B3122002B00D1203A14
:10F260000123182100930023FEF776FE13202FE7D9
:10F270003B002B331B78002B00D049E703214BE7E1
:10F28000032953D1039B3122002B00D1203A0123C3
:10F290002A2012AC00932B2100230019FEF75CFEFC
:10F2A0009B4B1C783B002B331B78002B09D09948D3
:10F2B000002C43D0039B00220133C121DBB2FEF7B7
:10F2C0005BFD2D373B780025012B01D1924A157843
:10F2D000ED181BA8914BAD00002C3BD00200603311
:10F2E00052CB52C2039B00220133D0214059DBB2E2
:10F2F000FEF742FD0C9B049A934201D0FFF758F9A8
:10F30000874B1B78002B36D0864915A80BF0F7FAEF
:10F310007F4B1B78002B35D0039B00220133E22169
:10F32000DBB215A8FEF728FDFFF742F9039B490061
:10F3300001331BA84018DBB2A921FAE6039B312256
:10F34000002B00D1203A0123302100930023FEF747
:10F3500003FEB6E702006C3352CB52C2039B31224C
:10F360004059002B00D1203A01235B210093002358
:10F37000FEF7F2FDBEE76C4B6C49DA7D15A806F08E
:10F3800067F8C5E7039B3122002B00D1203A012307
:10F390006E21009315A80023FEF7DEFDFFF708F9A4
:10F3A000634B644D1B78002B01D0FFF73FF9624D92
:10F3B000FFF73CF9049A002A00D0DBE25F4A12789A
:10F3C00052B2002A00D1D5E25D4A1278002A00D05C
:10F3D000D0E2022323705B4B1B8808938023089A9A
:10F3E000DB009A4207D3584B1B68002B75D1FCF702
:10F3F0006BF9FFF728F929352E78731E182B00D9E1
:10F400001926524B524A19780023994202D010789B
:10F41000013343404F480478002C00D1B6E04E4CF5
:10F420002478002C00D1B1E04C4C2478B44200D0B8
:10F43000ACE0002B00D0A9E0494B1B78002B00D09A
:10F44000A4E01170474B1F88002F01D1FFF7FBF894
:10F450000021454A344B1578444A1268D08B8D42BE
:10F460000BD080229C8DD2001600944200D2ECE09A
:10F47000DC8D944200D2ECE00D00002213003C4CE5
:10F480000394039EDC08345D07261E4034410126A8
:10F49000344203D0921992B2984206D080240133AC
:10F4A0009BB2E400A342ECD10022324B002903D1ED
:10F4B0000392002A00D0D6E01A88131C002A00D13B
:10F4C00001239BB20393002D00D029E100212B00E2
:10F4D0000D000493284B069356E1284A1D4D1068F1
:10F4E000224A2E7812681C4C918B002E00D0BDE071
:10F4F00001262E7000252570214C2360214B1860B9
:10F50000214B1960C5E0C046FEB6010807B70108E7
:10F51000232300204CBB010828080020F8B3010871
:10F520004C0800200BB70108801F002010B701080D
:10F53000B2070020A4B601089CB60108181F0020DD
:10F54000611F00204808002044080020B307002065
:10F55000EF210020F2210020E1210020E021002005
:10F56000EE210020F0210020AA1F0020701E0020A4
:10F5700054210020EC210020D3B70108C80400204A
:10F58000DC210020D8210020D421002000250127E3
:10F590002C00574B11701F70564B802200210770B2
:10F5A00055481E700BF084F88022002153480BF060
:10F5B0007FF8534B1D802000FCF784FC039000284B
:10F5C00037D0072203781340934232D04378192E64
:10F5D00020D1002B2DD00723380023409840030072
:10F5E0004549E208885C03438B54039B6A1C1B78E3
:10F5F00092B27F2B08D90723E8081D403B00AB409F
:10F600003E490D5C2B430B543D4915000B880133DB
:10F610000B800EE0192BDED0B3420AD1394A3A4BA7
:10F620001278002AD7D09A8DA24202D0DB8DA34255
:10F63000D1D180230134A4B2DB009C42BBD1002293
:10F64000324B1A70324B1A80FCE60121A04200D1E5
:10F6500013E7DB8D0021B34200D30EE7C31A5A42F1
:10F660005341590009E7039A1A802CE72678002EA7
:10F6700000D03DE7274E3668B34200D038E7264E2B
:10F680003668B04200D033E7244E3668B14200D02D
:10F690002EE7204B1C68002C01D1FEF7D4FF1E4B37
:10F6A0001B680393A34201D2FEF7CDFF1B4B1D68DD
:10F6B000002D00D10135039B2900181B1668F3F7B4
:10F6C00039F9471C013000D101272000B44203D88A
:10F6D0000398B04200D930002900001BF3F72AF943
:10F6E000431C0393BB4200D903970125EEE6C046B5
:10F6F000E1210020E021002054210020D42000201E
:10F70000F0210020AA1F0020801F0020EE210020F1
:10F71000EC210020DC210020D8210020D421002071
:10F720000126BC4B8E401B7803241A005809DB06C7
:10F730005B0F33432240DBB2002804D00138C0B253
:10F740001900002811D1210001200132D2B2022A71
:10F7500000D900221C00D440044200D0D3E001397B
:10F76000C9B20029F1D10A00062089004001AA4B44
:10F7700001431143C9B20693002A05D0A74B069353
:10F78000A74B012A00D1A6E6A24B3A00197000202F
:10F79000A44905F05DFE0399C3B20091A24A182165
:10F7A000C4B201971BA806F03DF8A04B9B8C002B20
:10F7B00000D1AAE00323192609930123E400009352
:10F7C0003200002302211BA8FEF7C6FBE3B200248F
:10F7D0000793A54223D00B33DBB20A93079B0A9D04
:10F7E0001233DBB20B93B31D0C93340000232200C1
:10F7F00029008F48FEF79EFB01340C9BE4B2A34224
:10F80000F4D101350B9BEDB2AB42EED101233200B6
:10F8100000930A9900230698FEF79EFB0B24854B64
:10F820001B785BB20A93079BE4187D23E4B22500A2
:10F830000B34E4B21B1BDBB209355E1E3000EDB2A7
:10F840000693012F0BD00398B84200D93800002846
:10F8500000D1013001387043791EF3F76BF8039043
:10F86000B04200D903960C201226099B704AD90198
:10F87000531858555D196E701D007D352E7000258A
:10F880007E3318706C4B09191B88079709938B18E6
:10F890000B93069AEBB29A4201D8FEF7D4FE079B6F
:10F8A0000699D81BF3F746F80699441C0798F3F716
:10F8B00041F800231A0003998D425A410A99D2B2A5
:10F8C000013103D0039AAA425B41DAB22300844299
:10F8D00000D2030080210898C90088422BD2002C56
:10F8E00000D1013409998B4200D90B009C4205D804
:10F8F000013C5248A4B29BB2A3420AD12D23002A54
:10F9000012D10C3B10E000212EE705232926099394
:10F9100053E70726E108415C2640314101260134C6
:10F92000A4B23142E8D021230B9A5355079B0135ED
:10F93000DB190793ADE704990029DFD0201E00D121
:10F9400001208342DAD3802149028C42D6D28B42F5
:10F9500000D33B4B3B493C4C09788C460021614528
:10F96000CCD02688B04201D8B342DCD20131C9B232
:10F970000234F4E7354A1278002A07D0344A127864
:10F98000012A03D104232370FEF75DFE002B09D06A
:10F99000304B187800280DD105232370FEF75EFC4C
:10F9A000FEF751FE2A4B1B78002B03D0052B01D00C
:10F9B000FEF749FE284B1B78002B57D0274E337893
:10F9C000002B53D0264B1B78002B4FD1214B1B789B
:10F9D000002B4BD13000F2F77DFF224B1B78002B20
:10F9E00001D0FEF7AFFD073323700C2800D20C20A6
:10F9F0000C3832181C4915A805F02AFDAA8C0523DD
:10FA0000002A01D003230022022115A8FEF7B4F931
:10FA1000FEF719FEEB210020D3B70108AFB60108AD
:10FA2000ACB601089EB8010816B70108801F002077
:10FA3000E51A0020181F0020F0210020D42000200B
:10FA4000FFFF000016050020CC0400201607002050
:10FA50005E1F00200B1F0020140700203A1F00200B
:10FA6000611F0020371F00201EB70108514B1B7873
:10FA7000002B01D1FEF7E7FD4F4B1E78002E01D081
:10FA8000FEF760FD082323704C4B1F883800FCF7FD
:10FA9000B3F9642105003800F2F7D2FF38008CB2C8
:10FAA0006421F2F747FF230082B24549009515A86B
:10FAB00005F0CEFC03233200A6E72024002901D064
:10FAC000FEF7DAFEFEF7FCFE0123FEF7D3FE059BF0
:10FAD00004998B4201D1FEF719FE3A4E3368002B90
:10FAE00045D0059B384F5B00DB5B38495B18062B24
:10FAF00001D9FEF745FF53425A416B4603241D7B53
:10FB00000823524214402C19E4B200220721304845
:10FB100000932300FEF7ECF8306815A9FBF776FE9A
:10FB200023000022382115A8FEF726F9294B15A934
:10FB300018680134FBF76AFEE3B20022382115A8E9
:10FB4000FEF71AF9BB8C002B11D0234B1B78FF2B2F
:10FB500001D1FEF72DFD0235EBB23022062115A8AA
:10FB6000FEF72AF9BB8C002B01D0FEF721FD1B4BC1
:10FB70001B78002B14D01A4A1A4915A805F068FC06
:10FB8000114B9A8C002A01D0FEF7FEFE08230221B9
:10FB9000009315A8033BFEF7ABF80122124B1A7035
:10FBA0000C9B049A934201D0FEF7BBFD0F49FEF770
:10FBB000B4FDC046681F0020371F0020661E0020CD
:10FBC00026B7010844080020801F002000FCFFFF2A
:10FBD000CDB60108C804002008000020161F002030
:10FBE00033080020D4B601084E1F002055B7010885
:10FBF000044BFF201A784D2A03D8034BD2009B18E0
:10FC0000D8797047751F002098C3010830B587B0B8
:10FC1000FFF7EEFF4C2800D988E0F2F781FE4D0097
:10FC200052006100670067008D009C00A500AB00DA
:10FC3000F400B000B500C101BA004B01BA00FB00EE
:10FC4000C100C500CD00E200D700DC00E500F100F6
:10FC5000F800FE000101060109010C010F0112016B
:10FC600017011B011E0121012501870087003501B5
:10FC700029012C013D01400143017D003A0146016B
:10FC80007D0058015B018201850188018B018E0195
:10FC90009101940197019A019D01BB01A001B1015D
:10FCA000B401B7016601A3015E016A016A016A013C
:10FCB0006A016A016201BE01BC4ABD4BD27D1A6075
:10FCC00034E0BC4BBC491B680833DA7F0023C85CB6
:10FCD000904203D00133182BF9D10023B44A38E005
:10FCE000B44BB34A1B6829331B7832E0B14BB3499C
:10FCF0001B680C781A795B79002C05D000230B70F7
:10FD0000AF4B1A78AF4B1B78043841424841511E23
:10FD10004C426141884202D00022A54BCFE7A44962
:10FD2000022A05D80133002AF6D00B6007B030BD97
:10FD30006933032AF9D0EFE79E4B9D4A1B68197B74
:10FD4000022904D00329E7D15B7B693301E05B7BA7
:10FD500001331360EAE7974B1A680023117B0129EE
:10FD6000BCD1537B0133B9E7924B914A1B680133F5
:10FD7000DB7FEEE78F4A8E4B126892699FE78D4BCF
:10FD80008B4A1B682D33AFE78A4B894A1B68333394
:10FD9000AAE7864A8649537B04335B009B5AC4E733
:10FDA000834B894AD27F8AE70023804A917F994218
:10FDB00000D193E7D37FD5E7844B1A787C4B002A98
:10FDC00002D0834A12787AE7824AEBE79221784A96
:10FDD000764B490003E02621754A744BFF315B5C8A
:10FDE000B7E7734B7C4AEDE77C4B7149DB7F5A1ECA
:10FDF00093417B4A5B00D27F501E82419B1894E75F
:10FE00006B4B784ACEE7694A694B127E57E7684BDD
:10FE1000754AD7E7664B754AC4E7654B744AD1E724
:10FE2000644B634A1B682E335EE7614B714AB9E746
:10FE30005F4B714AC6E75E4B704AC3E75C4B704A42
:10FE4000C0E75C4B5A4A1B6835334DE76D4A584B47
:10FE5000128834E7564B6C4AB4E7554B6B4AB1E70E
:10FE6000524A534B928D2AE7504A514BD28D26E786
:10FE70004F4B674AA6E7674B0A211888F2F75AFDED
:10FE80004B4C80B2206051E74A4B494A1B683233E1
:10FE90002AE7474B604A95E7454B604A92E7444B57
:10FEA0005F4A8FE7424B5F4A8CE7424B404A1B68F0
:10FEB000343319E73D4A537B04335B00985A0123DE
:10FEC00000221900FCF706F9394B18602EE7384B71
:10FED000554A77E7364B554A74E7554A344BD28832
:10FEE000EDE69321324A314B73E7304A304BD27EF4
:10FEF000E5E601AC22004F4B23CB23C203CB03C268
:10FF0000FFF776FE4638800003594B4A19780023E4
:10FF10001079884200D1E1E601330832162BF7D17F
:10FF200004E7234B454A4DE7214B454A4AE7204B1E
:10FF3000444A47E71E4B444A44E71D4B434A41E7C6
:10FF40001B4B434A3EE71A4B424A3BE7184B424A97
:10FF500038E7174B414A35E7154B414A32E7144B16
:10FF6000404A2FE7134B1B6834331A78104B012A91
:10FF700001D13D4A26E7022A00D1CDE63B4A21E7DE
:10FF80000B4B3B4A1EE70A4B3A4A1BE7074A084B12
:10FF9000527F94E6064B384A14E7054B374A11E77F
:10FFA000044B034A1B6828339EE6C046801F00208E
:10FFB000701F0020541F002039BF01082C050020AD
:10FFC0002D0500202E050020871F00202708002077
:10FFD00026080020881F0020CC070020861F002054
:10FFE000851F0020811F0020A81F0020821F0020E5
:10FFF000BE1F0020831F0020C61F0020CB1F002033
:020000040801F1
:1000000016070020CE1F0020A91F0020AA1F0020D5
:10001000FE1F0020F41F0020191F002014070020DD
:10002000C01F0020C11F0020741F002034040020C6
:100030001E1F002070B401087CD801085200002067
:1000400058000020F31E0020FC1E00200E1F002080
:100050002A00002058080020B9070020242300208F
:1000600023230020030000202A0800202908002064
:1000700028080020022000205F1F0020E107002048
:1000800010B50024084B1B78A3420BD1FFF7B0FD3D
:100090000F2807D1054B1B78A34203D0044B1C68E3
:1000A000E443E40F200010BD321F00202023002075
:1000B0001C230020F8B50500BE20414A80001388AB
:1000C0005188404C5B189188D2885B189B189B1014
:1000D00058433D4B2678D988F2F7B6FC3B4A83B2A9
:1000E00013803B4A934228D907232370394B1F784A
:1000F000012F05D1FFF77CFD2E2801D1364B1F7053
:10010000FA21364B364F1B883A7849008B4238D853
:10011000002A04D00122334B1A702F4B1A7000238F
:1001200020783B70B04242D000222F4C022833D9B5
:1001300022700122284B1A7036E02C4A93420DD8C7
:1001400093212B4A4900525C012A01D80023CCE7B5
:10015000962189008B4201D2022AF7D0012380B276
:100160002370FBF749FEC0B206234B28BDD80523F8
:100170003228BAD804231928B7D80528B6D90323BA
:10018000B3E7002A06D1174B01321A70124B1A70CE
:10019000F4F730FD0123C3E7164B022808D00122F3
:1001A0001A702378002BC4D00022134B1A80F8BD9C
:1001B0001A70002DF5D0114B1978FDF763FDF0E7AB
:1001C000781F0020671F00201E1F0020661E0020D1
:1001D0007A030000371F0020601F0020C02000208D
:1001E000681F0020651F0020021F0020750200000C
:1001F000801F0020061F0020041F0020031F002076
:10020000F0B5A9B0FFF7F4FC0390FDF7FFFE302234
:1002100037230021100007F031FC02234021AA4AB5
:10022000D1540233322BFBD1A84B1C78A84B1D783C
:10023000AC4231DAA74BA8481B78E6003618002BF1
:1002400000D088E0631E00D26B1E0022DB0011008C
:10025000C0180123FDF790FD082300223000009311
:100260001100063BFDF744FD601C854200DC0020C8
:100270000022994BC000C01811000423FDF77CFD3B
:100280002B009649621C18A805F0E2F8062300220C
:10029000190018A8FDF770FD5021002304AA521878
:1002A0001370303904AA52181370F4F7A3FC039B9F
:1002B0004C2B00D9A5E01800F2F732FB56006B007A
:1002C00083009100EC009100EC000001360149032D
:1002D000CD0177066806240224027402B7034303A3
:1002E000CF01D7012002F301F301470377065F0333
:1002F0000902BD037706B9035A00770620022402DB
:10030000BD03770624022402D903E203ED03770636
:10031000EA037706F103F303F503EF030302EB05AA
:10032000EE057706270643064C064F064F06520693
:100330005F067A067D067D067706800609070C07AC
:1003400029071D06E206FD052006200620062006D8
:1003500020061A06220208230093002330001A0008
:100360001900FDF7C5FC8BE75D4B5E491A6845E057
:1003700005215B4A5C4B126818A89A5C0824D307D5
:10038000DB170B405208594905F062F80026042398
:100390000FE3534A56491268564BD2B28A5C642125
:1003A0005200D55A2800F2F74BFB28008CB264218A
:1003B000F2F7C0FA504982B2230018A805F048F8B5
:1003C0001FE0474B4D491A68002A0DD0551E4C4C72
:1003D0004C48AD0092004C492B591258EDE7404B68
:1003E0001B68002B03D1494918A800F059FE484A60
:1003F000682B4ADC013B5B00D25A464918A805F03D
:1004000027F8502204AB9B181B78002B00D1B6E0D4
:1004100018A8F2F75FFA00230600411E0125180014
:1004200018AAB34201D000F075FE032D01D800F0E8
:100430007CFE072D00D90725012303270493002400
:100440006B08FF1AB44200D399E0002D00D196E06A
:10045000049A18AB1819FBB2002A01D100F06AFE09
:100460007F223221FDF788FC18ABE25C1F2A01D9FC
:1004700000F068FEB44201D300F069FE1A5D1F2A45
:1004800001D900F064FE0134F4E7693B5B00D25A05
:100490002149B3E7124B1B68002BA4D01F4A013B34
:1004A0005B009D5A0A212800F2F7CAFA28008CB294
:1004B0000A21F2F73FFA1A4982B27DE7194B084A3E
:1004C0001268920000F01EFD631D0020751F0020C1
:1004D0006C1F00202023002098C3010892B7010858
:1004E000701F002039B801081AD601089AB7010810
:1004F00039BF010840C10108A3B70108AEB7010820
:10050000B0C90108CCC90108B3B7010891B6010808
:100510005AD7010868B60108BAB70108F6D601082B
:100520005CB60108A4C90108CB4B1B78002B04D092
:10053000CA4B1B78002B00D087E0C94BC9491D6806
:10054000EB17E8185840F2F765FB28000C00C54986
:10055000F2F77AFA23000200C349082418A804F02D
:1005600077FF012318A87F2232210094FDF7C0FBFA
:100570000323BE4800947F223221FDF7B9FB039B81
:10058000033B012B01D900F0E9FDB94B1B78002B8F
:1005900007D008237F2200933221B648043BFDF7A1
:1005A000A7FB039B042B01D000F0E2FD0124AC4B20
:1005B0001B68002B01D000F0DEFDAF49002C00D0FD
:1005C000AE490CA80AF09BF90CAC2378002B23D081
:1005D0002000F2F77FF900281ED00723584301308E
:1005E0004D2801D900F00BFE47331B1A5B0832334C
:1005F000DBB23321322B0BD07F22121A111CD2B264
:10060000332A00D23321CAB29A4200D9191CC9B286
:100610000122200007F0CAFA039B312B02D00D3BC8
:10062000022B0ED8964B1B78002B0AD09548012B35
:1006300000D1954808237F2200933221033BFDF728
:1006400057FBF4F74BF929B0F0BDFDF7C5FD8F4915
:100650000200C31C81E78E4B31E7814B8D491A683C
:10066000002A00D0CAE68C49C8E67D4B1C68002CE5
:1006700000D1B8E63C2C12DC05203C216043F2F7A7
:10068000C9FA20000D000C21F2F7DEF92B00020060
:10069000824918A804F0DCFE3C24012677E6804954
:1006A000A2E66F4C7F49226818A804F0D1FE6A4B7D
:1006B0001B78002B00D1A4E62068C0B2F3F75EF9E6
:1006C0009FE6674B1968784B8900C9188CE6644B24
:1006D0001C68002C00D186E60F203C216043F2F715
:1006E00099FA0B000321E2176C480A401219010025
:1006F000921018A804F0ACFE2824CEE76B4BDEE67F
:100700006B4BDCE68023564FDB003868984204D1FF
:10071000684808230093063B2DE7002280B21100B1
:10072000FBF79EFC08263A6818AC0100050092B25F
:100730002000FBF781F800237F2232212000009661
:10074000FDF7D6FA002D21D04D4B1B78002B1DD183
:100750003868320080B2000114A9F3F79FFF149F9C
:1007600040493800F2F76CF938000D003D49F2F7C6
:10077000E1F82B0002005049200004F069FE052337
:100780007F22322120000096FDF7B2FA344B200080
:10079000196889B2FCF792FD23784848002BB8D03D
:1007A0002000B6E700222E4C11002068082580B2F8
:1007B000FBF756FC22680100060092B218A8FBF76E
:1007C0003BF800237F223221009518A8FDF790FA0C
:1007D000002E00D1D3E620682A0080B2000114A9BF
:1007E000F3F75CFF1C4B149F1A78354B002A01D19C
:1007F000013A1A601E68002E64DA216818A889B2CE
:10080000FCF75CFD502204AB9B181B782B48002B97
:1008100000D018A808237F2200933221063BFDF761
:1008200067FA174B1B78002B00D0A8E638000D495B
:10083000F2F706F938000C000A49F2F77BF82300BA
:1008400002001D4918A804F003FE08237F2200932C
:100850003221033B18A890E620230020531F0020DC
:10086000701F0020A0860100C1B70108D6B701089B
:10087000321F00208CBD01087FB7010880B7010836
:100880001A2300208CB7010886B70108CAB70108EF
:100890009CC901089EB8010891B60108FCB701087F
:1008A000DFBD010839B801083CCA01088CC901083C
:1008B0007CC901083EB601084EB601082DB60108F4
:1008C0001C23002008237F2200933221AE48063BE0
:1008D000FDF70EFA092EA4DC0024AC4DA64220D070
:1008E000A94B1B5D672B0CD06A2B0AD0E00080B2AD
:1008F00002001D2337323130190012B200B207F066
:10090000BDF8013408350A2CE8D1A14BA1481B7869
:10091000002B00D0A048042300224D21FDF72CFA23
:100920007FE7F00080B202001E2335323330190019
:1009300012B200B207F0A2F820222B7813432B70DA
:10094000DFE7964B96491A688AE6964BB7E5052687
:100950003000924B3C211C6801346043F2F75AF995
:1009600020000D000C21F2F76FF82B0002008E49D9
:1009700018A804F06DFDB32409E5884B8B491C6869
:10098000002C00D130E5502C3ADCFA20FA216043EB
:100990008900F2F73FF90B000321E21784480A406F
:1009A00012190100921018A804F052FD50240126DB
:1009B0000523804D794ADB01ED1810682A000C23CD
:1009C000363229001370122237310A7042310A7010
:1009D0002A00C0B27A32801BA11B13708001F2F78B
:1009E00033F8212438232D263830C0B2DAB2210062
:1009F000904200D33100E9540133792BF6D100E560
:100A000005252800503C60433C21F2F703F9200003
:100A10000E000C21F2F718F833000200664918A8FE
:100A200004F016FD68245026C2E7644B47E55B4B93
:100A300063491A6814E6594B62491D68192D00D1A3
:100A4000D2E4002D03D1039B1B2B00D1CBE45E4BE2
:100A50006C1EA400E418200007F0A6FD002802D0B8
:100A60002A005A49CAE423002A005949A5E4594BEF
:100A7000594A19780139C9B2FD2907D857499CE468
:100A8000574B584A19780139C9B2F5E75649B5E4C8
:100A9000424B56496AE4564B11E5564B0FE5564B0F
:100AA0000DE5564B0BE53D4B1C68E4B2052C00D917
:100AB000A7E42000F1F734FF060013003B016601B4
:100AC000AD01AD014E4B4F4A4F4918A804F0C0FC90
:100AD00006237F2231214D48FDF74EF991E4002491
:100AE0004B4F08AB06AE009332003800494907ABC4
:100AF00006940794089409940A940B9409F024FF2F
:100B0000032823D0444C3B002200102114A804F0F9
:100B100089FE22001021414B10A804F083FE4049B9
:100B20000CA809F0ECFE03237F22312114A8FDF765
:100B300023F904237F22312110A8FDF71DF9062394
:100B40007F2231213748FDF717F918E50BAB0093E9
:100B5000354932480AAB09AA09F0F6FE0328D1D17B
:100B600032787178B078314EA300F3581F789742ED
:100B700005D15F788F4202D19B78834258D00134EF
:100B80000C2CF1D1002455E027230020991C0020D3
:100B90001B23002060B701085CB70108701F00200C
:100BA00064B701086CC90108FCB70108DAB701088D
:100BB000DFB70108E51A0020F4B701085CC9010895
:100BC00069B70108B1BA0108482200206DBE0108CA
:100BD00008B80108D81F0020D01F002014B8010851
:100BE000EA1F0020E21F002019B801081EB8010802
:100BF00048C901083CC9010824C9010810C90108F5
:100C0000D8B5010826B801082CB8010856C3010858
:100C100001C9010832B801082FB80108F8C8010855
:100C200060B80108F0C801083CB80108E8C601082E
:100C3000002CA7DBE1233C21099A1B0153430A9AAC
:100C400000264A439B180B9A9B18E122D2019D185B
:100C5000DC4B9D424CDC002D4EDB079B089FF618B9
:100C6000002307960493049B059321003800FAF7AC
:100C700089FDB04244DB059B002B00D00796049B06
:100C8000002B00D008970023089F079E0493002E96
:100C900040DD002B00D00796049B002B00D0089766
:100CA0000899C94BA400E358C84A01910096102145
:100CB00014A804F0B7FDE12128000901F1F7C4FEF2
:100CC0003C2106002800F1F7A5FF0191E121280051
:100CD0000901F1F79FFF08003C21F1F7B5FEBC4C7C
:100CE000009033002200102110A804F09BFD16E7AD
:100CF000B84A0136AD18ACE7B74B013EED18AAE78C
:100D000001230134361A05930C2CAED10024FF18B0
:100D10000493A8E7013C03D201230B24013F049371
:100D200021003800FAF72EFD01233618AFE7AB4952
:100D30000CA809F0E4FDAA4B1E883000FBF75CF814
:100D4000642105003000F1F77BFE30008CB2642195
:100D5000F1F7F0FD230082B2A249009514A804F037
:100D600077FB03237F22312114A8FDF705F8932296
:100D70009D4B52009C5C9D48A400052331212058C6
:100D8000A73AE0E6EC219A489A4C49026043F1F711
:100D9000D1FD994A994B86B29B18994A99499B185B
:100DA000994A0CA89B1A5C4309F0A9FD0A2130005E
:100DB000F1F7C0FD0A2180B2F1F742FE30008DB29A
:100DC0006421F1F7B7FDA40B2B0082B28F4914A860
:100DD00004F03EFBA4B203237F22312114A8FCF7C8
:100DE000CBFF0A212000F1F7A5FD0A2180B2F1F71F
:100DF00027FE20008DB26421F1F79CFD2B0082B20A
:100E0000834914A804F024FB05237F22312114A870
:100E100099E68049052C00D17F490CA809F06FFDA7
:100E20007E4E052C00D17E4E0021072501270A00A9
:100E300038001432D3B22A409040C2B29446DB0844
:100E4000784ADB019B182122C8084243B218049259
:100E50000A0000202A400592202913D0049A059CFC
:100E6000125C22413A4003D064461A7822431A7039
:100E7000013001332128EFD10131C9B22129D6D166
:100E8000FFF77DFBC4B2E2087C3AD2B2B25C2C40E0
:100E9000E7E7654BFFF713FB644B1B78002B07D18B
:100EA000634B64491B78013B012B01D8FFF79CFA87
:100EB000614BFFF704FB614B614A1D68484BD088CA
:100EC0001B8829005843F1F735FD86B230006421B4
:100ED000F1F7B6FD30008CB26421F1F72BFD230051
:100EE00082B25849009518A804F0B2FAFFF789FABF
:100EF0003E4BFFF7E4FA544BFFF7E1FA4F4A534BEE
:100F00001268D200D158FFF76FFA4C4B1C68002CC6
:100F100001D1FFF768FA782C01DDFFF772FA2000A3
:100F20003C21F1F777FE20000D003C21F1F78CFD0C
:100F30002B000200464918A804F08AFA7824FFF72B
:100F4000ACFB3E4B434C1B6843489D0001339A0069
:100F5000FFF741FA414BFFF7B2FA414BFFF7AFFA07
:100F6000364C4049226818A804F072FA3E4B2268B9
:100F70001A70F3F787FDFFF744FA304A3B4B1268CB
:100F800018A89200D15809F0BAFCF2E74822164B93
:100F9000597B4A439B189C331B681868FAF706FE76
:100FA0003349002801D1FFF71FFA304BFFF787FACA
:100FB000304BFFF784FA304BFFF781FA2F4BFFF7E6
:100FC0007EFAC0467F510100E8C6010845B8010815
:100FD00051B8010880AEFEFF80510100BAB6010889
:100FE000661E00202DB70108801F0020DCC8010804
:100FF00034B80100102700000002000080320020F9
:101000000003000066B80108000000206DB8010868
:101010007BB8010877B7010872B7010818C7010843
:10102000A1C701082D1B0020D4C8010820230020DF
:101030002623002089B80108A8C80108701F0020D5
:101040001E1F002095B80108A0C801087CD801081F
:10105000A1B80108B0C90108CCC9010898C80108A5
:1010600088C8010839B801082A000020ECC9010825
:10107000ABB8010878C8010870C8010868C8010841
:10108000604B1B6834331B78012B0DD15E4A5F4BDC
:10109000126818A89200D15809F031FC5C490CA8DC
:1010A00009F02DFCFFF7ADF9022B06D1594C18A819
:1010B000210009F024FC2100F1E7534A564B126845
:1010C00018A89200D15809F01AFC5449E7E7544B8C
:1010D000FFF7F5F94C4B1A68002A0ED1514918A8B0
:1010E00009F00DFC002426002500F3F7F3F9042392
:1010F000002D00D05DE4FFF784F93F2AF2DC4A4975
:1011000018A804F0A5F93F2401260425EDE7474B74
:10111000FFF7D5F914780A2C03D1994201D901358A
:10112000107001330132FFF77CF90023022704938A
:10113000FFF785F90822322100927732FCF7D8FDBB
:10114000FFF792F90134A64201D0FFF78EF902238E
:10115000049A013D9B1AFF18FFF774F9039B062BB5
:1011600001D1FFF723FA039B052B01D0FFF72CFADF
:101170000024FFF71CFA5A1ED2B2002C21D0312ACB
:1011800034D8002001000500294E0B2D14D8775DBE
:10119000B94211D1013501313229F6D1FF200322A4
:1011A000121BD2B2FF2822D00130009021490CA896
:1011B00004F04EF9FFF708FA9142F0D00130C0B2C6
:1011C000E9E7672A19D82000210025001A4E142DBE
:1011D00007D8775DB94204D1013501316829F6D1CC
:1011E000DCE79142DBD00130C0B2F6E702221349BE
:1011F0000CA804F02DF9FFF7E7F90322F7E73323F2
:10120000FFF7FAF9541F0020701F002078CA010868
:101210005EBD0108D8B6010864CA0108BEB801085D
:1012200060C8010891B601086DBE01084CC80108EC
:101230002AC80108C1B8010836C80108CBB801089E
:1012400002000020054BD979914205D00130C0B28F
:1012500008334E28F7D100207047C04698C30108D4
:10126000F0B587B0FCF796FF0822002104A809F02A
:101270001FFA9C4B9C4D1E789C4B9D4C1B78002B61
:1012800056D0012E48D19B4B1E8876083C21300059
:10129000F1F750FB3C23C2B25B4253439B19964982
:1012A000DBB202A804F0D4F80622944B944902A8B9
:1012B000FCF7FEFCA37F002B04D00C22914892493E
:1012C00009F025FB2B78002B0AD1904B8C481B781A
:1012D0008F493630002B00D18E490C2209F017FBC4
:1012E000637E002B00D0C5E08B4B1B78002B00D019
:1012F000C3E08A4B1B78002B00D0C1E0884B1B78E1
:10130000002B00D19CE00834E37F09228549002BA3
:1013100000D19BE0844999E0FAF71AFD002807D034
:10132000E126824B36011B885B08F61AB6B2ADE7A0
:10133000052E04D10C2272487D4909F0E8FA7D4B54
:101340001B785BB2002B21D1FAF7E6FA00281DD1F9
:101350002B78002BAED1237F002B65D1A31DD87F26
:10136000631DDB7F002B59D0734B1B78002B5FD0A4
:10137000724B12221900002801D00220053A604B5E
:101380001230C0B2C01809F0C2FA93E780226C4B49
:10139000D2001B8893423BD2FAF7BEFA002837D11D
:1013A000230029331F78192F1CD1664904A809F09E
:1013B000A6FA0E2623002A331B78002B05D062499B
:1013C00004A809F08FFA0436F6B2012300220221A4
:1013D000009604A806F086FFFAF79EFA002800D0CF
:1013E00068E7B5E7594B7E1EB600F618300007F0E7
:1013F000DBF8002805D13200554904A804F028F88C
:10140000D7E73A00534904A804F022F80A26D1E7A6
:1014100006225149514809F07AFADDE700280BD03D
:1014200002200C224E49AAE702200C224D49A6E7D1
:1014300003200A224C49A2E702200C224B499EE7D6
:101440004B4B1B78002B04D009224A494A4809F02B
:101450005EFA4A4B4A481A784A4B1978FAF7AEF9BD
:10146000494B1B78012B0ED0022B30D0F3F744FAF6
:1014700007B0F0BD09224549E8E708224449E5E7FD
:101480000C224449E2E7444B1C88FA239B009C420F
:1014900000DB424CA4B264212000F1F7D1FA200015
:1014A0008DB26421F1F746FA2B0082B23C4904A8C0
:1014B00003F0CEFF04A8F1F70DFA072242433049AA
:1014C0000E4B891A04A80622FCF7F2FBCEE7324B3A
:1014D0001888FAF791FC3349020004A803F0B8FF1A
:1014E000E8E7C0465E1F0020E41A00205F1F0020CE
:1014F000801F00205C1F0020D3B80108C2CE010865
:10150000590800208008002081C60108F31E002031
:1015100075C6010869C60108D90800202508002001
:101520002708002043C601083AC601085A1F0020B8
:10153000CDC60108181F002043080020A5C60108D9
:1015400048080020B1BA010829BC0108482200203F
:10155000E9B6010880B60108E5B801086208002074
:1015600099C60108C1C60108B7C601088DC60108A1
:10157000681F002031C601089F080020031F0020BB
:10158000C8080020671F0020191F002060C601083E
:1015900058C601084CC60108661E0020E70300007B
:1015A000DDB8010855BE0108F0B5904D04002B7858
:1015B00085B0012B6BD1012855D18D4B19680029BD
:1015C00000D0AAE0F2F7CBFE00228A4B1A70F4F7A3
:1015D000A3FF894B1B78002B01D004F0C5FA01252D
:1015E000864B1D7003F0C2FEFAF7F4FE29000620B8
:1015F000F2F7CEFD824B834F1A78AA4200D195E0D4
:101600003A6832321178042900D9CDE01522CA4057
:101610002A4200D1C8E000221A703B6832331B789E
:10162000042B06D1784B0022FA211B787748F3F778
:101630005DFB774B1B78002B00D1B7E0032B03D168
:1016400001207449F3F7C0FBFA20C000F3F740FA19
:10165000A0238022DB0552009A616F4BFF3A1A707B
:101660006E4B1A70AAE006F035F92C70002C00D0F1
:10167000B7E0F3F71BFA604B1B78002B03D0FA227C
:10168000674B52001A8001225C4B1A70A7E0287049
:10169000052B00D09EE0052825D1624BC8221B787F
:1016A000002B00D1BE3A002401255F4BDB7F534362
:1016B0005E4A13805E4B1C705E4B1D705E4B1C704F
:1016C000F2F742FEF2F770FE21002000F2F760FD13
:1016D0004A4B1D70594B1B78AB4200D17FE0200074
:1016E00003F052FE7BE0F2F7A9FE0022514B1A7084
:1016F000424B1A70524B1B78934201D1FFF7B0FD59
:10170000002C02D16BE0052CC7D0012C00D154E78E
:10171000022C53D10122484BA3E74A4B1B78002BE4
:1017200000D04FE7012006F03FF94BE7464E00227C
:101730001A70464B464D1B88C82B00DAC8232A0076
:101740007E3212780292344A0392029A002A07D01B
:10175000A0228021D20549009161012203990A70DB
:10176000FA2080005843F3F7B3F90298F2F794FE99
:1017700029002B002A007C310988783376321B88B7
:1017800012887A3501912988300000910121F3F700
:1017900041FBA02380220020DB0552009A62039BBC
:1017A0001870F2F759FE38E72A4EC0E7F2F792FDBB
:1017B000294B1B78DB0701D5F3F71CFAFA22274BDC
:1017C00092001A800022264B1A70032C07D0144B6B
:1017D0001A8004E0002896D1042B00D14BE705B015
:1017E000F0BD052C00D093E757E7C0465E1F0020F0
:1017F000541F00204F1F0020521F0020651F002093
:10180000002300206C1E0020FE1F0020DD090000C8
:1018100051080020D6060000781E00202308002072
:10182000300800202E1F0020871F00202C1F0020C2
:10183000EA1E0020E91E00204C080020371F00206F
:10184000E0070020DD1A0020C4200020F41F002043
:10185000801F0020D01F0020CC0700204C0000205B
:10186000EC1E0020F0B5904E87B033680590002B39
:1018700000D1F8E08D4B1B68002B00D1F3E08C4BBE
:101880001B68002B00D1EEE033682D331C78012C4F
:1018900003D1884B1C780134E4B2A02380220025B8
:1018A0005200DB059A62844B290005201D70F2F777
:1018B0006FFC33681A0034321278012A00D0DAE063
:1018C0002D331878A84200D0032007F0DBFA00215E
:1018D0000620F2F75DFC88213620F2F7C7FAFA25D8
:1018E00000210120F2F754FC0A240126AD000C204F
:1018F000F2F782F830420AD000210220013CF2F7D0
:10190000B5FAE4B22800F3F7E3F8002CEFD1002198
:101910003F20F2F7ABFA694B7D2019783F2319403D
:10192000674B684D1943F2F7A1FA5F4C23681B69B6
:101930001F683800F2F7A6FC236834331878FAF7EA
:101940003DFE236800219A1CD27F702000925A1D10
:10195000D27F0192DA1CD27F02929A1DD27F03922B
:101960001A1D0733DB7FD67F0493F2F77FFAA0219D
:10197000090231434D20F2F779FADE21049BC901B7
:1019800019434E20F2F772FA039B4F201902029B73
:101990000C261943F2F76AFA009B78201902019B82
:1019A0001943F2F763FA0020F2F778FCF2F780FCB3
:1019B0003800F2F7DDFD01210020F2F7E9FBF2F734
:1019C00089FD23681A0034321278002A0ED11B696F
:1019D0001879597901285CD0831E012B50D8F9F76A
:1019E00011FEF2F7EBFB384EF2F774FCAB7F002BE5
:1019F00056D02F4B1B6834331B78002B50D1334B00
:101A00001B78002B4CD1FE35298CE88BF2F716FCA5
:101A100030231E43236800201A0034321278824299
:101A200004D135331B78012B00D91800F2F762FC82
:101A3000F2F79CFC236800213433187801384342C4
:101A40005841C0B2FAF772FD802109013F203143AD
:101A5000F2F70CFAFAF788F9059B002B09D0002061
:101A6000FFF7A2FD05E0FAF78BFC3368002B00D0EE
:101A70000AE707B0F0BD022C00D92C00200024E7B3
:101A80001348F2F7B7FB07201249F2F7EFF9124EAD
:101A9000AAE7124B4900C85AF2F7ACFB104EA3E775
:101AA000F2F752FCB6E7C046701E0020541F00201B
:101AB0006C1E002028080020781E0020CC1F00206B
:101AC00040E90000801F00200C070000521F00208A
:101AD00026020000CE2100000C040000F6D601080A
:101AE000CC04000010B50E4B0E495A7B09885200F9
:101AF000D1529B180C4A0D4C12880D499A802068CF
:101B0000482208F004FFFBF7FFFD2068FAF716FBF8
:101B10000120FFF7A7FE0022064B1A7010BDC04639
:101B2000801F00208403002082030020541F002017
:101B300088030020501F0020F0B5AD4B8BB000AFE4
:101B40001C68FEF755F80C23FA18043BDB18C0B2EA
:101B5000D9192500F9F7CEFC002809D1A54B3A691F
:101B60001968914201DA1A6002E0FA689142FADCDF
:101B7000FEF73EF84C2869D8F0F7D2FE4D00580029
:101B80006B00720089007000870097009C00300194
:101B9000A000A400FF02A800DD01B9006001D90087
:101BA000DE00F0001301F7000501170129013501DE
:101BB00064016E017F0185018901920198019D01F7
:101BC000A201A601CE00D40068006800B901AC01F2
:101BD000B201BF01D101D5016800BD01D901E80101
:101BE00039027D02B602B802BF02C802CA02CC02A4
:101BF000CE02D002D202D402FB02D602E602F202E8
:101C0000F6029902D8028802A002A002A002A00255
:101C1000A0029202FD02774A774B1268DA75012220
:101C2000764B1A70764B09321A7079E02100714BAD
:101C3000744A1B680831DBB2D35C734ACB77E38B01
:101C40009B18062B02D80122704B1A80BD460BB0A0
:101C5000F0BD684B29341B682370F4E70834250075
:101C6000644B1A68002A04D12B79012BEED0AA808C
:101C7000E9E7D3B2682A04DC0222013B2A716B71C6
:101C8000E1E70322693B2A71F9E708342500594B43
:101C90001B68002B04D12A79012AD7D1AB80D2E767
:101CA000013B6B7101232B71CDE7524B01341B6853
:101CB000E377C8E74F4B1B68A361C4E74D4B2D3456
:101CC0001B68C9E74B4B33341B68C5E7494B4A498E
:101CD0001A6892B2E2834B7B04335B005A520222B1
:101CE0004A4B1A80454B1A70494B0122C3E0494BBD
:101CF0000922190020205C7A2500854307D0FF2C9B
:101D000005D03C4B186880B2FBF7E8FE9EE758729E
:101D1000013B013AEFD2F4E7364A374B12689A8515
:101D20003D4BE2E7334A344B1268DA85F8E7314B32
:101D30001A683A4BDA77F3E72E4B2F4A1B681900E3
:101D4000481E81419177002B01D0013BD377FBF7EF
:101D500011FA0122324B1A70324B65E7254B1A6893
:101D6000314BDA770022314B5EE792212620214B5E
:101D7000214A1B6849005354FF30115C01339942DA
:101D80000DDA19000BE0262192201A4B1A4A1B6823
:101D9000FF3153544000115C013B9942F1DC115476
:101DA000BEE7234B134A12683EE7124A12481168F5
:101DB0000122437B0A400133DBB25A43441DE277E0
:101DC0000022890700D51A1C0630C277C1E7094BEB
:101DD0001B685A1E9341174AD377A1E7054A064B61
:101DE00012681A769CE7034B1A68134B1CE7C0462F
:101DF000541F0020701F0020801F00202308002097
:101E00000200002039BF010800FCFFFF4E0800203F
:101E1000B3070020272300202F080020871F002061
:101E200032080020651F0020881F0020270800209E
:101E3000CC070020811F0020A81F0020D14B1A686A
:101E4000D14B77E71E21CF4BD04A1B68DBB2137012
:101E50004B43CF4A137063E7CA4B1A6823002E33F3
:101E60001A70210000230122E08B06F0C9F901223B
:101E7000C84B1A70C84B1A70E8E6C24B1B685A1E52
:101E80009341C64AA8E7BF4B1A68C54BCCE6BD4B89
:101E90001A68C44B1A70FBF76DF9C34B0122C3E6F5
:101EA000C24BB84A1268511E8A41BDE6B54B1A684A
:101EB00023003533D4E7B34B1A68BD4B1A802FE7A4
:101EC000B04B1A68BB4BAFE6AE4B1B685A1E934132
:101ED000B94ABFE7AB4B1B685A1E9341B74AB9E7F3
:101EE0000A22A84B1B685343B54A138018E7A54B39
:101EF00032341B68B0E6B34B54E7A24BB24C1B68BC
:101F00005A1E934100222370B04B1A70F4F704FB61
:101F10002378002B00D01CE7F2F721FA19E7994B40
:101F20001A68AB4B80E6974B1A68AA4B7CE6954B38
:101F300034341B6890E6934B1868002380B21A0073
:101F4000190006F05DF90222924BCCE6A02600248F
:101F50008C4B36021D682000F2F7BCFF80235B012A
:101F6000E418B442F7D1002D02D02000F2F7B2FFFE
:101F70000C240826A020A319D91910220002F2F778
:101F80008DFB7F22A0200125A11900263B7EC919C7
:101F900093433B766F3A00230002FD76F3F744F853
:101FA0008D4B8E4C18008E4A8E497B602677FAF74F
:101FB000ADF98D4B8D4A18008D493B60FAF7A6F9B3
:101FC0008C4B31007A682360636086480223A660E8
:101FD000FBF7A4FD022329003A688548FBF79EFD24
:101FE000854B1D70854B1D70FBF79AFB2EE6654BEC
:101FF00083491B680A2B08D10A780132D2B20A70D1
:10200000022A00D822E67F4A24E700247D4ADBB278
:102010000C701370092B00D082E67B4B6E469D44FA
:102020006D468022290092002000F2F737FB8322C0
:102030002B0092000C33A91840201A7802431A7022
:1020400010338B42F8D18022002320002900920017
:10205000F2F7EAFF80239B00E4188023DB019C4217
:10206000DFD102210020FBF74FF902210120FBF70D
:102070004BF9B54654E6434A644B1268511E8A41F7
:102080001A700222434B1A70434B07E73D4B6049DD
:102090001B680C22CB805F480023F2F7C5FFD5E513
:1020A000384A4E4B116893225200995438E6354A0B
:1020B0004A4B1268511E8A41DA7631E608220C2317
:1020C0009B18DC192200544B23CB23C203CB03C241
:1020D0002C4B1D68FDF78CFD504B4638ED00800001
:1020E0005B1902591B79B5E64D4B5BE6254A4D4B12
:1020F00012681A7001224C4BE0E6224B1B685A1EF4
:1021000093414A4ADBB21370494AA3E6494B49E678
:10211000494B47E6494B45E6494BC2E6494B41E648
:10212000494BBEE6494BBCE6494BBAE6343420780D
:10213000484B012802D0002803D1474B114A1268AE
:102140001A70FAF73BFAEBE50E4A444B1268511E3F
:102150008A411A70FAF73EF90120FFF783FBDFE5A9
:10216000084B1A683E4B5FE5064A1C4B12685A77CB
:10217000D6E53C4B95E63C4B14E6024B28341B68F5
:102180006AE5C046701F0020821F0020BE1F00208D
:10219000641F002023080020B3070020831F0020B5
:1021A000C61F0020CB1F0020320800201607002089
:1021B000CE1F0020A91F0020AA1F0020FE1F002004
:1021C000F41F0020191F0020140700204F1F0020BB
:1021D000C01F0020C11F002008200020801F0020F9
:1021E000F003DE000204000050200020F07795028A
:1021F00005040000020405042223002021230020FE
:1022000026230020741F002000FEFFFF340400205E
:102210001E1F00204001010070B401087CD8010895
:1022200052000020580000204E08002025230020E6
:10223000F31E0020FC1E00200E1F00202A0000209C
:1022400058080020B9070020242300202323002061
:10225000030000202A080020290800202808002068
:10226000022000205F1F0020E1070020F0B5D04AC7
:10227000D04B1278B1B0012A00D084E0F2F784F894
:102280000020F2F70BF8CC497120F1F7EFFDF2F7DF
:10229000FBF8CA48F2F71CFCC32170200902F1F7D1
:1022A000E5FDF2F779F8C648F2F712FCF2F76CF8A0
:1022B0005021C448F2F702FD00217020F1F7D6FD4D
:1022C0003020C149F1F7D2FDC04DBA4C2B683233F2
:1022D0001B78042B07D123007E331C22FA211B78A4
:1022E000BB48F2F703FD2B6832331B78023B012B0E
:1022F0002BD823007E331F78B64E002F09D0A023A1
:102300008022DB0552009A610123B3483370F2F753
:10231000DFFB3800F2F7C0F82100230022007C31F7
:102320000988783376321B881288019121007A312E
:102330000988AA4800910021F2F76CFDA0238022B1
:10234000DB0552009A620023337001200334F2F758
:1023500083F8E37F002B11D02B685B691B79023B6C
:10236000012B00D95CE19E495220F1F77FFD9D4988
:102370005120F1F77BFD9C48F2F7AAFB0020FFF704
:1023800071FA31B0F0BD022A30D19849223214A836
:1023900008F0BDFA0020F1F781FF002514AC618838
:1023A00020780135F1F762FD0434092DF7D10024BE
:1023B0008F4A63005F20D15A0134F1F757FD072C93
:1023C000F6D18C48F2F784FB59208B49F1F74EFD8A
:1023D0008A48F2F77DFB68215920F1F747FD00217B
:1023E0007020F1F743FD002158206BE7032A00D04D
:1023F0006AE783499A1D069182490433DB8F07916E
:102400008149D28F5BBA089104A98A82CB820722C4
:1024100000210DA808F04CF90022012310009C4671
:10242000802706AB1B181E7B0821634600253C0055
:10243000344200D01D435B0001399BB2640800297F
:10244000F6D1082380245600B6B22C4200D0E3E037
:10245000D10BC9033200002901D06C494A40013B2D
:102460006410002BEFD101300428DAD1802010272E
:1024700001210002104200D00B434900013F89B204
:102480004008002FF6D1DB4304AA138306AB1E00DD
:10249000977603930297337B059300231C000493E4
:1024A00025200DAD04AB06222900C01808F008FA5B
:1024B000059A01212241AB780A409B182A706A795B
:1024C0009B18AA799B180B40A340049A64181A43DE
:1024D000D3B20493082CE3D1F374029B76185B18F3
:1024E0000293072BD7D10023012019001A0084463C
:1024F00014AC06A81018007B04900020049D6646CA
:1025000005413540655410316F2901DD0133190053
:1025100001300828F2D101320E2AEAD1002109A89F
:1025200008F0C6F8012100228C4606AB0299A018DB
:102530000578002D04D066468E401D7B35431D7303
:1025400001300139F4D208320133702AEED1002370
:102550000DAD039A1178527809020A435A53039A2F
:102560000233023203921A2BF3D12422284920008D
:1025700008F0CDF90020F1F791FE0026618820785F
:102580000136F1F773FC0434092EF7D17B005F208C
:10259000E95A0137F1F76AFC0D2FF7D11548F2F728
:1025A00097FA59201449F1F761FC1A4811E7C0461F
:1025B000C11F0020801F00201C3E000050C30000EF
:1025C000803801001E050000FEC100006C1E0020C6
:1025D000AB090000781E002060EA0000E21F002026
:1025E0008F02000040800000A086010084B4010832
:1025F00024D60108204E00006808000020BF020019
:102600005555555555555507092A446F2110000059
:10261000A8B40108C045040080210902914319E7CC
:1026200002495220F1F722FC0149A1E68F42000045
:102630004090000070B53A4B3A4EDB7F002B18D02B
:10264000D222394B52001A800022384B1A70384A75
:102650001378002B07D1737B364933730968364BE7
:102660001960012313700022344B1A70344B01326D
:102670001A70F9F70FF8334B1C6863691868F9F79B
:1026800095FA314D002812D0230028331B78012BF6
:102690000DD12A78022A0AD02C4A13700320FAF7A7
:1026A00039F8002302202B70F9F746F970BD284B4A
:1026B0001B78002BF2D1230033331B78002B03D07F
:1026C000244B1B78042B1BD0234B1B78002B19D0D9
:1026D000062B19D834342478002CDFD10120FEF7E2
:1026E00063FF1E4B2A781C80002A0FD000231C4A4F
:1026F00013701C4A13701C4A13701C4A1370D5E7E0
:102700000120CCE70220CAE70620C8E70A22317E72
:1027100001314A431A801B88154A9BB21380E5E7B2
:10272000851F0020801F0020DC0700204E000020B5
:10273000F01E0020541F0020701E002043080020BF
:10274000651F00206C1E0020510800202308002077
:10275000FD1E00205E1F0020671F00205C1F002060
:10276000F41E0020FE1E0020C2070020C10700202A
:102770008003002091210022F8B5304D304B8900B4
:10278000287032201A70F1F771FBF1F751FEF9F75A
:10279000F7FD2C4C206803000833DF7F0369C18BF1
:1027A0001A68868BF9F7B2FD236801201A000832F7
:1027B000D7779E83FFF756F82A78234B234D002ABC
:1027C00031D001221A7023681A6908331068204A30
:1027D0002860DB7F1370F1F7CBFE2868F1F7B2FEBB
:1027E00001221C4B1A701C4B14321A701B4BEA321C
:1027F0001A701B4B1A7000231A4A13701A4A13706E
:102800001A4A13701A4A13701A4A13701A4A13702C
:102810001A4A13701A4A13701A4A13701A4A13701C
:102820001A4A1370F8BD1A7001235B422B60F1F74E
:1028300094FE32201649F1F719FBD1E7071F00205B
:102840004C080020701E0020091F002034050020C5
:1028500001230020651F0020380500202E050020E0
:102860002D050020300500202C050020D107002078
:10287000D8070020D7070020DA070020E31E002039
:10288000DE0700200A1F0020081F00202F0500205F
:102890004502000010B5F9F73FF8002819D00D4A9D
:1028A0000D4B12789121DA7702220C4B32201A70EC
:1028B0000B4B013A1A700B4B89001A7000230A4A1D
:1028C00013700A4A13700A4A1370F1F7CFFAF1F73E
:1028D000AFFD10BD33040020861F00202308002018
:1028E000B3070020651F0020321F00202C050020A8
:1028F0002F050020F0B504000D00160089B0102847
:1029000000D9B1E3F0F70CF811001100110011002B
:10291000110011001100110011001100F600C0019A
:10292000C001B40213038803AC03002916D00127A9
:10293000BF4D2F70FDF75CF90F2841D1BD4B1A68D0
:10294000002A3DDB092A09DCBB48BC4BBC49002EF0
:1029500014D030348454FF220F701A70B94B1B7896
:10296000012B09D1FDF744F9B74B2E2802D02822BC
:10297000452800D1F0221A8009B0F0BDB34DA70060
:102980007F591D78AC46B24DA44502D01C702E7004
:1029900006E02B780133DBB22B70FB5C002BF6D00A
:1029A000AC4C2B782478FB5C002C05D01C00613CDF
:1029B000192C01D8203BDBB2835401230B70CDE7E7
:1029C000002ECBD101272000FBF7EEFB9C4BA24C45
:1029D0001F70A24B1B78002B27D12378BB4216D047
:1029E000022B62D10A209E4A267013785178434305
:1029F000CB18002B59D09B480078984205D39A4AAF
:102A0000013B1370994B1F70A8E711702770944B0E
:102A10001B78002B49D0934A12789A4245D3924AA8
:102A2000013B1370914B0122ECE0FDF7E1F808281F
:102A300012D12378052B00D890E7FBF7CDFBF9F7EF
:102A40001BFA8B4B1B68998B64235843F9F77CF86E
:102A5000884B2670186081E702000D3A182A1DD8AD
:102A6000854BD3403B4219D02378032B00D875E720
:102A70000A237B4926700A7848785A4312185A4329
:102A8000887812185343CA78013A9B1880229BB267
:102A9000D20093420BD2774A13605FE7C0B204AA18
:102AA00003A9F8F727FD002804D000232370022390
:102AB0002B7053E704990320632903DC02380929AA
:102AC00000DD013000221300654F26780197D7B250
:102AD000BE4206D8864201D1002222709942E6DB2E
:102AE000D9E70A277B43019FBF5C0132BC466344A0
:102AF0009BB2ECE7002900D130E7002A09D0FDF7AE
:102B0000BFFA002800D129E75C4B1B78002B00D0CE
:102B100024E70122464B514D1A702C78484B1A700D
:102B2000002C1ED1FDF764F80300263B012B00D8D2
:102B300014E70E3801280AD90022504B1A700123DD
:102B40002B70454B1A703B4B013A1A6006E7494B14
:102B500022001868210080B2F9F782FA0028EBD130
:102B6000FCE6FDF745F80F2800D086E2314C2368DB
:102B7000002B2BDA00223F4D1100286880B2F9F7B4
:102B80006FFA002800D1E9E629682B4D89B22800A8
:102B9000FAF794FB2800EFF79DFE092807D80A22D0
:102BA0002021121A401907F083FD0023AB72FF2188
:102BB0000023224A32481170254A29001370254A01
:102BC00023601370112207F0A2FEC7E6092B00D97B
:102BD00053E2FF21194A1170002E15D00A232360F9
:102BE0000022284B14491A70244B25481A701132C0
:102BF00007F0D4FE002800D03FE22870FFF74AFE1D
:102C00000022154B1A70A9E6013323600A2B00D06D
:102C1000A4E6E5E701233370F0E71A4B1F700023A9
:102C20002B70F8E70122174B1A7000232B70E5E791
:102C3000511F00201C2300202723002057000020C4
:102C400053000020371F0020381F002054D80108EF
:102C5000172300201B230020531F002020230020C7
:102C6000D00300206C1F0020751F0020B607002035
:102C7000541F0020701F0020070090011A2300201D
:102C800006230020B70700200B283AD10A3C002D6C
:102C900000D163E6002E04D10122B14B1E70B14B6E
:102CA0001A70B14DEB7E002B05D1B04B1B78002B79
:102CB00001D0644264B2FCF79BFF07000F2834D1B7
:102CC000AA4B1B78002B30D0A94B1E68002E2CDBA2
:102CD000092E00DD42E61022A64904A807F017FEDF
:102CE000A548E4B2835D02AAE318DBB2D51D190042
:102CF00000222039C9B25E2906D91F2B0DD87E23A8
:102D00000EE001246442C2E70132AF5C9F4202D16F
:102D1000E318DBB2EBE7102AEDD17E2B00D920239C
:102D20008355FF22954B1A70B8E0F8F7F5FD021EA7
:102D300000D013E68D4B924E1978002922D191488C
:102D4000914B02781B78121B013B541C02D093421A
:102D500016DB1300012203708C4B32701A70FCF7E3
:102D600047FF132800D1F9E51538012800D8F5E50B
:102D70000835EB7F002B00D0F0E5F0F729FEEDE5FC
:102D80000B00E7E7082F12D1814B824D1B682868A2
:102D9000998B814B4C432018984203DC002802DABF
:102DA0007E4800E01000F8F7CFFE286033E03900DD
:102DB0000E39172913D87A4BCB40DB070FD5754D49
:102DC000243F2868A1B2012F2AD908181300210036
:102DD00080B2F9F77FF9734B9842E6D11BE0F8B265
:102DE00004AA03A9F8F786FB002814D1694D0399BA
:102DF00028680B00049A884203DB1300824200DD3E
:102E000003006948E318834204D0994202DC9A42E5
:102E100004DB1A002A60012333709FE50A00F9E7FA
:102E20008022624FD200904205D1012C1AD1012399
:102E30005B422B603B80002328681A00081880B290
:102E40002100F9F747F9574B984200D0286000233A
:102E5000FA5E2B68012C07D19A4207DD8023DB0044
:102E60002B60D8E73880E6E79A42F7DB3880D2E774
:102E7000FDF706F9002825D0002D11D1002E00D035
:102E80006CE53B4A1368002B0ED000DC66E5013B85
:102E90001360FF22394B1A70454B1E70384BC2E548
:102EA000304B002E00D1BEE5F1F7A4FE0023404ACE
:102EB00013702E4A13702A4A13700122334B1A7072
:102EC0002F4B9FE6002E00D048E5002D00D145E5B0
:102ED0000124244B2A4D1C70364B1A78002A1FD12E
:102EE000224B1B78002B12D01D4E3378002BDBD0E9
:102EF000FCF77EFE0828D7D1F1F77CFE0A21337853
:102F00002D4A013BDBB23370D1542C7026E52B4B9C
:102F10002E70DB7F002B01D1F0F75AFD284B82E5A4
:102F20001E70284B1C70284B1C702C70F6E7002973
:102F300000D113E501220B4B1A70FCF759FE0F2844
:102F400044D10B4B1B68002B40DB092B00DD05E552
:102F50002A22002E00D103320749CA54E1E6C046B6
:102F6000531F0020511F0020801F0020202300201D
:102F70001C230020ECB80108272300205700002064
:102F800053000020751F00206C1F0020B607002092
:102F9000541F0020701F0020F5E0F505F6E0F50550
:102FA0000300C800FFFF0000FFFFFF7F1823002081
:102FB0001A230020321F0020D0030020881F002089
:102FC000F11E0020601F0020651F0020002E00D091
:102FD000C4E4F9F7D5F9374B1B6834331B78002B61
:102FE00048D1FCF705FE0338012897D8324B1B78EF
:102FF000002B93D0F8F790FC0124304F304D00287F
:1030000007D12000FFF7B6FB2E4B2C703C701C70D4
:1030100084E72D4B3E7087E7FCF7EAFD0F281AD1B5
:103020002A4B1B68002B16DB002D00D196E40121F2
:10303000274A1170092B00DD90E4002E02D0254AAA
:103040002231D154012224490B7853400B70FF21C7
:10305000224B197034E731002800F3F759FB7DE467
:103060000800F3F7A3FB79E4002A00D076E40029F6
:1030700000D173E40222164BC4E5FCF7B9FD04004D
:10308000312804D023000D3B022B00D9CAE5144E91
:103090003778002F00D1BDE5012F00D0AEE5022327
:1030A0003370FDF7ADF8312C00D0B6E5FEF744FDE6
:1030B000F2F702FE701E002020230020321F0020A5
:1030C000651F002053000020601F00201C230020EB
:1030D000511F0020272300201B2300205700002021
:1030E0001A230020F7B51400102800D95EE1EFF78D
:1030F00017FC110011001100110011001100110046
:103100001100110011004100F300F30026014B01F2
:103110005D015901002A2CD100292AD0A74B1B7828
:10312000012B36D1A64A1370FBF73EF80222A54BBD
:103130001A70A54B1A78032A1BD90A25A34A1C70BA
:10314000137851786B435B186B4391785B185D4340
:10315000D378013BED188023ADB2DB009D4218D23D
:10316000220021002800F8F77BFF994B1870994B3B
:103170001D80F7BD002AFCD10029FAD0964B1A78A1
:103180000193032A05D0954B1B78002B04D1002A0C
:1031900004D18B4B02223FE0012AFAD00125874E51
:1031A000874A34781570AC423FD0022C46D0002CB0
:1031B000DFD1002B18D18A4FFA213C682000F8F7A4
:1031C000C3FC050087492000F8F7BEFC291BAC4270
:1031D00000D9611B021B844200D9221A824B914202
:1031E0001CD9022238601A70804B1B68D88B802350
:1031F000DB00984216D2012300223370754B110078
:103200001880F8F72DFF724B18700223019A137083
:103210006C4A13700122764B1A70AAE700223D60B7
:103220001A70E1E702233370EFE7674B1B78002B3E
:103230009FD10222634B32701A709AE76B4F002BBA
:1032400030D1674B38681A68C18BF9F75FF8694B62
:103250001B78002B06D0684A3B6812781A71674ABF
:1032600012785A713B681A00083203CB03C25E4AD7
:103270001278DA77802338686149C58B4A7BDB0096
:1032800054009D4220D2534B04321B8852005352AB
:103290000222C3830B534B4B1A705A4B1A800023E4
:1032A000337066E721000020FAF72EF8210028008D
:1032B000FAF72AF8504A3B681178504A1971127887
:1032C00019735A715A73D5E78022038ED2009B1866
:1032D0009BB20A199380DBE701230B281ED100293A
:1032E00000D146E7002C04D10121374A1470344A3A
:1032F0001170434AD27E002A01D15B425BB22F4A51
:103300001278012A17D1334A1088C018431C07D0FD
:103310008023DB00984204DB002002E05B42DEE712
:10332000394880B2108000221100F8F799FE284B2E
:103330001870244B2EE7002C00D01AE729E7002A4A
:1033400000D016E7002900D113E701221C4B1A70A8
:103350001A4A1378012B09D0022B12D0002B00D06F
:1033600007E7FFF797FA174B1C7002E716490B782F
:10337000002B06D0013BDBB20B700A21134AD1545B
:10338000D7E700231370D4E7002A00D0F1E6002924
:1033900000D1EEE601220A4B1A70104B1878FFF7A5
:1033A000E9F9E6E60800F3F701FAE2E6002C00D0BE
:1033B000DFE6002900D0ECE6DBE6C0460A1F00206D
:1033C000511F002053000020531F0020D003002075
:1033D0000223002004230020091F0020071F0020D3
:1033E000340500207102000001230020541F00203A
:1033F000651F00202C0500202D0500202E05002033
:10340000801F00204E080020FF0300009A4200D2D7
:10341000885470477047F0B591B0049316AB10CB49
:103420001A9F1B781B9D0290039100920593002C1C
:1034300001D110239D4380232A00DB001A4006920D
:103440001D4201D0002C1DD06123AA0600D54123C6
:103450000026DBB20A3B0194079318990198EFF715
:10346000EFFA079BCAB2D318DBB2092901D8303270
:10347000D3B208AAB354019B189A741C934201D387
:10348000202C14D102232A001A4007921D4220D179
:10349000013B2B40002F08D0002B06D0059A002AB4
:1034A00002D10C32154200D0013F302207E0260045
:1034B0000190D2E7202C05D008A962540134199953
:1034C000A142F7D8002B04D03023BC4201D2202CDB
:1034D00017D1EB0634D5069B002B17D1002C15D045
:1034E000199BA34201D0BC4210D1631E012C0CD009
:1034F000189A023C102A0CD0189A1C00022A1BD1E0
:103500002DE008AAA3540134DFE71C00189B102B00
:1035100020D1AB0608D47823202C08D12024009B8E
:10352000AD0737D125002AE0202CF7D0582308AA70
:1035300013550134202CF1D0302308AA135501343F
:10354000202CEBD0059B002B0BD02D2308AA135564
:103550000134E4E7189B022BECD1202CDED062234F
:10356000E5E76B0701D52B23F0E72B07D7D5202301
:10357000ECE72020049B0399029EB0470135009B95
:103580001A1B5219AF42F4D80026A74200D33E1BA3
:10359000009BF31825000193019B1819421B002D75
:1035A0000AD1079B002B05D0009BC41A009B181959
:1035B000A74209D811B0F0BD08AB013DE85C039902
:1035C000049B029EB047E7E70200049B202003997A
:1035D000029DA8470134E9E7F7B59C460025194C40
:1035E000A688864220D8E388F31898421CDA1B1A72
:1035F0009BB20D1C994200D91D1C8027ADB20195CC
:1036000025687F04BD4219D115606246019810807B
:10361000089A002A11D02268BA420ED0002299429C
:103620005241089B1A7008E0013508340D2DD7D19E
:1036300080235B04136063461980F7BD801B80B252
:103640002D18E1E75CDC0108030000202F2B0FD8C8
:10365000084A5B009A5A084B08499B7D9B075B0F01
:10366000595A914204D806495B5A9A4292415042B3
:103670007047C0467A1E0020801F002088C30108C2
:1036800090C30108F8B50E00040030252F27FF2C49
:103690000ED02F2C0ED82000FFF7D6FF002805D122
:1036A000A419013DE4B2002DF1D1FF242000F8BDA2
:1036B0003C00F0E70024EEE7084B09499B7D02003F
:1036C0009B075B0F0748595A185A8A4202D3824215
:1036D00001D8100070470800FCE7C046801F00209A
:1036E00088C3010890C30108094A1378002B08D148
:1036F0008020084980018861032101330B40137049
:103700007047032BF8D18020024980018862F3E7DB
:103710003C05002000080050044A054B1268400890
:10372000128EA0389B5618187047C046701E002095
:103730001C000020054A064B1178107001221970F8
:10374000044B1A70044B1A707047C046022E0020BA
:10375000012E0020002E00208100002070B50F4AAD
:103760000F4B52790F495200D55A04008D4213D1A4
:103770000D49EFF765F90800AF218900EFF7DAF896
:10378000454303384342584107492D182000EFF7BD
:10379000D1F8054C44432C19200070BD8400002052
:1037A00084DB010841030000C4090000084B0948FC
:1037B0001A890949131C824201D9084B1B88002031
:1037C0004A8804339BB29A424041C0B27047C04617
:1037D00084000020FBFF0000F02D0020DEB4010873
:1037E0000022024B1A605A601A817047F02D0020A7
:1037F000024B034A5B795B00D05A7047840000207B
:1038000084DB01080A4B10B51B68002B0BD0094A5A
:103810001468E41AFFF7ECFF01002000EFF78AF8C4
:10382000013080B210BD8020034B1B791841F8E7AE
:1038300044080020C80400208400002010B5FFF7D1
:10384000E1FF0400FFF7D4FF604310BD10B5064B45
:103850001C68064B5B79032B03D8FFF7EFFF40088A
:10386000241A200010BDC046EC2D0020840000204A
:10387000064B10B51B68002B02D0054B186810BD15
:10388000FFF7DCFF034B1B68C018F8E74408002073
:10389000C8040020EC2D0020034B044A1A600022CB
:1038A0009A801A811A617047D42D00200000FFFF12
:1038B0000122264B70B51A70FFF7EEFFFFF798FF55
:1038C000234DA882FFF79EFF224E0400E882011CD0
:1038D000802823D98021802089B24001EFF7B4F8F5
:1038E000C0B2031C402800D94023DAB2102A00D20B
:1038F000102300223370184B1E78184B1A800123B6
:10390000174A1380802C0ED923007F33DB091380E4
:1039100000230126EB80FFF799FF0CE083B2102B08
:10392000D9D21021D7E7002EF2D1012CF0D9631E95
:10393000EB80FFF79DFF0B4B0B4A1E700123A34248
:103940009B415B42E860137070BDC0467B00002065
:10395000D42D00207C0000207A000020C22D002001
:103960007800002077000020760000201E4B70B504
:103970001B78002B1FD11D4B1D4C5B88A3421AD016
:103980001C4D1D4A2E881189A64207D0A14205D0A0
:10399000032070430233C3189B089BB22B80174D42
:1039A00017482D78405D1B189BB2A14204D11381AA
:1039B0000122144B1A7070BD5D1AACB228B22D04EE
:1039C00001D5CB1A9CB2042CF5D904230C2C04D8B5
:1039D0000233A3429B415B4201339BB2002801DAD0
:1039E0005B429BB25B18E2E7032E0020D42D00203F
:1039F000FFFF0000740000208400002082000020EF
:103A00005CDB01088100002010B50C4B0C4A5868A3
:103A10009188002807D080201C88C000844202D2F0
:103A20005888884208D2002059801169188059604E
:103A300012891A81FFF79AFF10BDC046F02D0020B1
:103A4000D42D0020044A054B1268A030128E9B56DC
:103A5000C01A400080B27047701E00201C00002079
:103A600070B5084DE868FFF7EDFF2E89040028695E
:103A7000FFF7E8FFA64203DD0400B04200DD34009A
:103A80002C8170BD84000020124A052170B5136995
:103A900000281DD0D5685B182C000A34A34203DD32
:103AA0001C000A2B00DD0A241461FFF7D9FF022253
:103AB000094B1A70094B013A1D60094B1C60094BF8
:103AC0001D60094B1C60094B1A70094B1A7070BDC0
:103AD0004942DFE784000020DC2B0020700000203A
:103AE0006C0000206800002064000020002E0020F0
:103AF00081000020002210B5034B2D211A600348DD
:103B00000A3206F0D5FD10BDD82B0020CC2B0020AA
:103B1000F0B5455C401815701D70002906D0441E94
:103B2000247801261F2C05D97E2911D84478002637
:103B30001F2C0DD82C19013464101778E4B2A74259
:103B400000D914701F78A74200D21C70002EEBD150
:103B5000F0BD00000B4A10B513880B4C01331380E5
:103B600024780A4AD388D168908A002C05D0013382
:103B70009BB20918D380D16010BD013B9BB2091ADA
:103B8000F8E7C046F02D002077000020D42D00205B
:103B900070B5124B124D1A88EB88E98AD3189BB284
:103BA000994207D9A88AEB805043EB681818E8605F
:103BB000002070BD0B4B1C880134A4B2A24203D874
:103BC000002201201A80F4E7A142F5D91C80EC8084
:103BD000FFF73CFEAB8A6343E8E7C046780000206D
:103BE000D42D0020C22D0020020000200B4B70B508
:103BF0001D680B4B1C68291B81420EDD230094427B
:103C000003DC2B00954200DD13001B1B0F246343D4
:103C100048101818EEF718FF204070BD640000200F
:103C2000680000200A4B984203D10A4B18680A38F2
:103C30007047094B1A68002A02D1064B1868F7E74B
:103C4000064B128E40089B56A038C018F0E7C046BD
:103C5000FFFF000068000020701E00201C000020F4
:103C600030B5CB01084D1B185B0814000F21EA5C2E
:103C7000C00704D58A4321400A43EA5430BD0A40B4
:103C800024012243D2B2F8E776270020F7B50122BB
:103C90000407154B0191640F02400F2804D9000955
:103CA000124B0138C001C31801252E00A640002484
:103CB00092010F4F9B1800200200195C0E4203D0A6
:103CC000290081400A43D2B201300828F5D1387862
:103CD000002801D0D243D2B2019908330A550134E9
:103CE000082CE8D1F7BDC04659080020E51A00208D
:103CF00058080020044B1A78002A04D000221A70B9
:103D0000024B01321A707047DC1A0020601F00203D
:103D100009490A4A097812780300002091420AD121
:103D2000074A12889A4206D806490978521892B270
:103D300093429B4158427047C1240020E01A002062
:103D40008E0600200407002070B505000E00064B0B
:103D50001C68002C00D170BD2369002B02D03100FB
:103D6000280098472468F4E7701A0020002A0AD037
:103D7000054B80008A18C01892B20B78013103708D
:103D80008BB29A42F9D17047205C00407047000026
:103D9000F8B5184B0D00DC681E69FFF7BDFC640028
:103DA00076002300371B4000844203DA330086424A
:103DB00000DD03001B1B6B43781018183900EEF769
:103DC00043FEC6B26E430400331E05D0751CADB26F
:103DD0006D089D4204D3DBB2E0B2C0184008F8BDC4
:103DE00029003000EEF7A6FD80B240192B004508EF
:103DF000EFE7C04684000020010070B503000825ED
:103E00005A2031241E311A7850402A0046B2400010
:103E1000C0B2002E00DA6040013AD2B2002AF5D1D9
:103E200001338B42EFD170BDF0B51F00AF4B93B0A3
:103E300015000B9009910A93002800D0E5E10026B7
:103E4000FCE00135252806D03200741C099B0B9933
:103E50000A9EB04764E10023012008242A78691CE7
:103E60002B2A16D00BD8202A15D0232A15D01100C2
:103E70003039092930D800220A24079215E02D2A6A
:103E800004D0302AF3D103430D00E7E702221343A5
:103E9000FAE70422FBE72343F6E71022F7E70500E1
:103EA000079A6243303A8A1807922978681C0A00F8
:103EB000303A092AF3D900212A7808912E2A25D1EF
:103EC0008021C9000B4369786A1C08003038092832
:103ED0003BD815000A2413E0002107912A2AEAD1D1
:103EE00004CF07928A4203DA023152420B4307920F
:103EF0000135E0E70500089A6243303A8A180892D3
:103F00002978681C0A00303A092AF3D92A78691CF2
:103F10006C2A2AD024D8682A2FD06A2A36D028784A
:103F20000135782890D8632833D8622800D16FE112
:103F3000632800D1A5E0252886D0582884D12022E6
:103F40001343103A0C218B436DE12A2906D104CF8B
:103F50000235D143C9170A400892D7E71500D5E7C3
:103F60007A2ADCD1802252000BE06A786C2AF9D1DF
:103F7000C022920013430235D1E76A78682A03D041
:103F800080220D001343CAE7C022F3E7802292008B
:103F9000F7E7010001226439C9B28A401100544C8C
:103FA0002140224212D1732800D1BBE0702800D0FA
:103FB0004AE721221343059308230493089B0191A8
:103FC00003931023029308CF00934BE16F2800D096
:103FD00020E10822B6E77828B4D093430A22642867
:103FE00000D120E1AEE758060DD5C8B20593029284
:103FF000079BC20F0192C21704938018089B504080
:10400000039300902EE108001C06EFD508B2EDE7FF
:10401000002913D13C1DD80521D50593079B029299
:104020000493089B019103933B6800933200099B22
:104030000B990A98FFF7EFF9270006002878002867
:1040400000D0FEE6099B32009E4200D35A1E00209B
:10405000099B0B990A9CA047300013B0F0BD39684A
:1040600058060AD5C9B20593079B02920493089B90
:104070000091039300230193D8E71806F3D589B282
:10408000F1E70222190011400C9113422CD00123B8
:1040900001CF320008930B99099B741CC0B20A9E91
:1040A000B0470C9B002B3BD0089B22000C932CE0CC
:1040B0002020099B0B990A9CA047089A0799531C3A
:1040C00008939B1B9942F3D80A00531E9A41002380
:1040D000D1B29A4201D0079B013BF6180223002976
:1040E000D6D0079B0133D3E73200E7E71534010848
:1040F00021081200531C0D932020099B0B990A9E46
:10410000B0470C9B0D9A01330C93079B0C998B4283
:10411000F0D8079A089900238A4200D3531AE4186A
:1041200026008BE7390004C90D92089A0E91002AE7
:1041300001D1012252420D990C008A1821780029E0
:1041400001D0A24214D10D9A1900A41A8022D200E3
:1041500011400F91134203D0089A944200D91400E1
:104160000222190011401091134217D1320009E0C8
:104170000134E3E7531C0C932020099B0B990A9F01
:10418000B8470C9AA31B0799D3189942F2D8002379
:10419000A14200D30B1B0134F618E4180C960AE078
:1041A00008930C9B0C9A013311930B99099B0A9F5E
:1041B000B847119B0C930D9B0C9A9B1B985C002895
:1041C00007D00F9B002BECD0089B089A013B002ADC
:1041D000E6D1109B002B15D00C9A06E0561C20202F
:1041E000099B0B990A9FB84732000C9B0799E31A69
:1041F000D3189942F2D80023A14200D30B1B0C9A8A
:10420000D3180C930E9F0C9E18E71A4B0A9316E6D0
:10421000022297E610226F2800D9DCE693430A2297
:10422000692800D0DBE6590501D501218B438021A7
:1042300089001940692802D0642800D0E8E60029E6
:1042400000D0FBE602CFD80500D4CCE60593079B4F
:1042500002920493089B0393CB0F0193CB17C918C9
:10426000594000913200099B0B990A98FFF7D3F847
:104270000600E3E60D34010870B5002901D1002ADB
:1042800027D114244443194B1B191C00CC34247827
:10429000002C1ED01E00164CD036A57BA0733160BA
:1042A0001900D4310A600022D833EDB21A6090426E
:1042B00012D1104A1178CBB201290BD0062B09D0AC
:1042C000002B05D1217C40330B432374032313704F
:1042D000A57370BD0523FAE70423627A1343012214
:1042E0006372637E93436376F2E7C0464023002007
:1042F000005C0040392300207F220F4B0240997B55
:1043000040B2C9B29A7300280FDB002A07D10720F8
:104310000A4A10706022187C02431A7403E02022BB
:10432000587E02435A7699737047002AEFD01022C4
:10433000587D02435A75F6E7005C0040392300209F
:104340000300F7B57F201F000740034212D1402130
:10435000404B414A180011801A001985CA321900D1
:1043600017700122CC302A312C3302700F701A7072
:104370000020FEBD7820034268D15BB29C46374CDA
:104380001423A07B4D1EC0B26E4275410190604661
:104390007B43304EA773AD01F318002829DB1F00C3
:1043A000C837B9700121CC33EDB23A801970257647
:1043B000637E0B4213D090236376082A11D9022121
:1043C0000B000131DD00AA420ED82A0092B2DBB206
:1043D000A3767368D218019B7260A373C8E7802329
:1043E000EAE708220123F1E74129E9D1002201236C
:1043F000EDE72A2084469C446046017001211A851D
:104400002C331970B940A37A0B43DBB2A37220237B
:104410002B432375637D9B070ED548236375082ABC
:104420000CD902210B000131DD00AA4209D82A0073
:1044300092B2DBB2A375CCE74023EFE70822012359
:10444000F6E74129EED100220123F2E701204042A4
:104450008FE7C0464023002008240020005C004075
:1044600010B54279037912021A430323C178520529
:1044700019408078520DFFF763FF43425841C0B2A4
:1044800010BD00006022F0B5A24C85B023781A4020
:10449000202A00D14AE1402A00D175E1002A23D127
:1044A00003321340012B00D16EE0022B00D1D6E085
:1044B000002B19D160786588092815D8EEF71CFA09
:1044C000760C140C14050E142A2EEDB2002D01D119
:1044D000914B1D70914B1D70002373E12A0AEDB2C0
:1044E000032A04D1EE2D04D1002005B0F0BD032A2B
:1044F000FAD80021A369D6B218780028F4D05F78E2
:10450000B74203D18D4200D154E101311B18F3E7CA
:104510001B7857E1824BA360012353E1FF27002062
:10452000A669EDB200973178002908D15E22AE234A
:10453000FF325B00A55400281BD1E054CCE7737810
:10454000042B08D0052B0BD0022B06D17779BD4266
:1045500003D1012001E0F37800933378F618E2E705
:10456000BD42FAD1009B002BF7D13000FFF778FF56
:10457000F3E701220720E254FFF7E6FB8022022046
:104580006849FFF779FEA7E75E23FF33E35C002B62
:10459000AAD06078638827790B28A5D8EEF7A2F90E
:1045A00006A4A4A4A4A40DA4A4A42D310023A2684D
:1045B0001370A2685370022304E11B0A212B0CD153
:1045C000594B1B68002B00D18EE75A1CD27FBA4290
:1045D000F7D15B69A3600923F4E0222B00D083E7C5
:1045E000514B1B68002B00D17EE75A1CD27FBA4288
:1045F000F7D19A69DB69A260E4E00022A3681A702F
:104600008AE7DBB2FF2601930023A5690096029397
:104610002B780393002B05D108200299FFF794FB18
:10462000039BCFE06B78042B04D0052B0DD02B78A7
:10463000ED18EDE7EB78AE780093B742F7D1019B28
:10464000009A9342F3D10295F1E7B742EFD1019B73
:10465000009A9342EBD12800FFF702FFE7E75E23C1
:10466000FF33E35C002B00D13EE7A2886378D0B231
:10467000012B1DD0032B45D0002B00D034E77F3316
:104680001840254B997B9873C9B212060BD40028A9
:1046900002D0587E8006C00F00229973A36818705C
:1046A000A3685A7087E70028F6D0587DC006F2E765
:1046B0006388002B23D17F331840174B997B987365
:1046C000C9B2120610D4002804D11A7C04308243E7
:1046D0001A7407E060205A7E82435A765A7E203050
:1046E00002435A7699736EE00028EED030205A7D4E
:1046F00082435A754022587D02435A75F2E70023DF
:104700002361F1E66588002DF9D1FFF7F5FD2561FC
:1047100059E0C046EC000020005C0040402300202F
:1047200049020020182E0020701A00200322134096
:10473000012B17D1254B22791B68002B02D10120B8
:1047400040420AE05D68002D0AD0591CC97F9142A1
:1047500006D120001E4A1F49A847C043C00FC4E627
:104760001B68EAE7022B00D0BEE6184BA2881B6844
:10477000120A002BE3D09D68002D03D0591CC97F7D
:104780009142E6D01B68F4E7104B1D68002D02D162
:10479000012040420AE0EB68002B01D12D68F5E7CB
:1047A00020000B4A0B4998470028F7D1012301301C
:1047B00018409AE6A360022A00D0A9E69A78DB782E
:1047C0001B021343236101208FE6C046701A0020AC
:1047D000FC000020F40000200023180010B5094A56
:1047E000094914888C4200D1108001330232802B99
:1047F000F7D11E220021054805F05AFF0022044B84
:104800001A7010BDC22C0020FFFF0000A42C002055
:10481000A22C002010B5194CE08AC10907D18022D2
:10482000174B121A40005200C01805F041FF154AFC
:104830001378002B0FD0013BDBB21370002B02D199
:104840000122114B1A70012210490B7853400B7052
:104850000F4B1A7010BD0F4B1B78002BF3D1A088A3
:10486000FEF75AFF0C4A0530D3680A33834200DA58
:1048700003000A2B00DD0A231361E4E7D42D002096
:10488000C22C0020DC2B0020810000207A000020B8
:1048900060000020032E002084000020802210B53C
:1048A000D2000021084805F003FF0022074B1A70D0
:1048B000074A084B12681A60074A084B12681A60C8
:1048C0002022074B1A7010BD76270020762B00207F
:1048D00070000020680000206C00002064000020B0
:1048E0007C00002013B508220021684605F0E0FE98
:1048F000082269461548EFF7D1FE154C052163796A
:1049000022791B0192001343E27A206913436A461D
:10491000137006220F4B82301B785B0013400E4A47
:10492000127813436A465370EEF78EF86B46987010
:1049300023890A4A934200D1FF236A466946D3700D
:10494000024800230822F0F76FFB13BD48A10000C6
:104950008400002082000020032E0020FFFF0000C2
:10496000F7B5154B0D1E01930CD0144E3368002B78
:1049700008D0B3681C68019B00937368002D07D1B1
:10498000B3681C60802202200199FFF775FCF7BD17
:1049900027001C1BBB42FBD0AC4200D92C00306866
:1049A00022000099C01905F0B2FF009B2D1B1B19B6
:1049B00000933C19E1E7C046182E0020BC1A0020E5
:1049C0004378212B15D0222B04D0203B5A1E934133
:1049D00058427047C37882781B02134318000122A3
:1049E0000C491040134202D00A700020F1E7087011
:1049F000FBE780200B68002140421870043058709B
:104A0000D970197159719A300831987099710723CA
:104A10001360EAE7BF070020F7B500250700FA2476
:104A20002E0001910520F0F753F83B6901993200FF
:104A300099430B005E425E41964206D10135962DA8
:104A400004D15A1E9341D8B204E00125013C002C48
:104A5000E8D12000FEBD0000F7B52A222D4BFF3221
:104A60009E5C0023273AFF3A05001C002A4F324083
:104A7000012A1DD00122294B1B699B0A9A430192EE
:104A8000F30605D5A0200821C005FFF7C5FF0400E7
:104A9000730706D5802121480901FFF7BDFF0443B4
:104AA000E4B2B60631D4019B002B01D03B68013340
:104AB00000211B4A3B608C4201D01168013111601A
:104AC0000222184E184C30789A429B418A429241F9
:104AD0004142484121785B424F4279415242404233
:104AE000494218401140114FA870E9702B706A704C
:104AF000002806D00021397039783370297122706E
:104B0000F7BD0029F8D00121F5E72300019C0193AE
:104B1000C9E7C046801F0020F42500200004005093
:104B2000F0250020F9250020F8250020EE250020A2
:104B300007B5002807D008237F22009300210348EF
:104B4000073BF9F7D5F8EFF7C9FE07BD61BD0108CE
:104B50000C224243054B70B59B1818795D79DC88AF
:104B6000EEF74AFF2841204070BDC046A4DB010893
:104B700010B5FEF7F3FD0400094B1860EFF782FB58
:104B80002000EFF7F5FC3020EEF736FF040000219F
:104B90003020EFF76BF921003020EFF767F910BDF7
:104BA000FC2D002010B5054A054B5068D86051888F
:104BB00019801289DA80FFF7DBFF10BDF02D00208D
:104BC000D42D0020404BF7B51A780400824250D013
:104BD00018703E4B3E4D3F4F3F4E0193002849D049
:104BE0003E4B1868002805D03D4A036912681A60D8
:104BF000F7F7A4FA0020FCF735FE3A4B00201978AD
:104C0000F7F794FC38492B680978384A03335B1A64
:104C100001201360F9F7F6FA3020EEF7EDFE80215F
:104C20008900014389B23020EFF720F98024472022
:104C3000EEF7E2FE6400204381B24720EFF716F959
:104C4000FA204000EFF744FFA023DB059C6100231E
:104C50003B70274B019A5B8843203380D27A254BE7
:104C60005200D15AEFF702F980213F20C900EFF737
:104C7000FDF8F7BDA0238022FA20DB0552009A62DE
:104C80004000EFF725FF3020EEF7B6FE1A4901404D
:104C90003020EFF7EBF84720EEF7AEFE1749014062
:104CA0004720EFF7E3F82000F9F7ACFA01235B4265
:104CB0002A683380124B3C701A60019B114A5B7961
:104CC00043205B00D15CD2E78000002084000020FC
:104CD0000C060020D02D00207E000020701E002039
:104CE000FC2D0020C82D00207C000020C42D0020B9
:104CF000F02D002060DB0108FFFD0000FFFE00003A
:104D0000CC2D002066DB010810B5FEF7D1FD104C5C
:104D1000E068EFF72DFC3020EEF76EFE0D4A0E4BEB
:104D200010401880FEF75CFD0020FFF74BFF0122CA
:104D30000A4BFF211A7001237F325B4208486380CF
:104D400005F0B6FC40220021064805F0B1FC10BD7C
:104D5000D42D0020FFFDFFFFE02B00207B00002072
:104D6000222C0020E22B002070B5802280256124B7
:104D7000144B6D426442002152001348DD601C61F7
:104D800005F096FC8022FF21104805F091FC0021DF
:104D900040220F4805F08CFC00220E4B1A800E4B6F
:104DA0001A700E4B1D600E4B1C600E4B1D600E4B9F
:104DB0001C60FFF7A9FF01220C4B1A700C4B1A70F4
:104DC00070BDC04684000020C22C0020222C002090
:104DD000E22B0020DE2B0020DC2B002070000020C6
:104DE0006C0000206800002064000020002E0020DD
:104DF000810000200300013870B5C4B2112800D929
:104E0000AFE0EDF779FD0921AEBDAFAE0921AED41B
:104E10003A3AE0AEAECEAE89804D6B79012C0ED819
:104E200000220E2B01D00133DAB26A71FEF706FDC3
:104E300040082860FFF768FFFFF7CEFC14E00E2261
:104E4000002BF2D0013BEFE7FEF7D2FC734A800063
:104E5000136880B2012C0AD171498B4201D8C01865
:104E600010607048EFF734FE6F4B01222FE06F495E
:104E70008B42F6D91B1A1360F3E76D4A1278002AA9
:104E80002DD06C4AD57E0B2B01D001235D40002034
:104E9000FFF798FEFEF700FDFEF7A2FCFEF708FD07
:104EA000654C664A002D02D1E38A012B11D80123FB
:104EB00013700023E380FEF7C9FC0022604BE06022
:104EC0001A70604B1A70584B01321A705E4B1A7090
:104ED00047E0013B1570E380FEF7CAFCEDE75B4A53
:104EE0001268002A3DD1534AD27E0B2B01D00123F8
:104EF0005A4057490B68002A07D0564A934230D887
:104F0000464A12689B180B6094E7534A934228D98B
:104F1000424A12689B1AF6E7504B0F211878504D01
:104F2000421C1A704F4B1C89EDF78AFDC9B249002B
:104F3000414B4C53D98AE0B2802906D9E001EDF704
:104F4000F9FC7F2800D97F20C0B20122464B4000E7
:104F50005242C252FEF744FC0020FFF733FEFEF738
:104F60009BFC70BD394B1B68002BFAD13F4A137074
:104F70003F4A1370FEF7BEFD0120FEF7DBFBF0E7B2
:104F8000324B1B68002BECD1244C03222379002BDD
:104F900001D0013BDAB22271FEF750FC40082060DC
:104FA00048E70220FEF7C6FBFFF7FCFDD9E7012327
:104FB000304A11784B40137003D10122174B5242F3
:104FC0001A81214B51E72C4B1C78002C01D0002278
:104FD0007DE7FFF787FC294B1C70F8F70DFE284B87
:104FE0001968002906D0274B1A68002A02D00969DF
:104FF0001C600A60244B00241868FFF7B9FD234A9F
:105000006300D15A224B185D0134EEF72FFF072CB5
:10501000F5D101221F4B1A701F4BD8E784000020E6
:105020003F0D0300A0860100002E00201027000085
:1050300080000020801F0020D42D00207700002059
:10504000600000207B000020810000204408002038
:10505000EC2D00207FA4BF0740771B00A22C00206E
:10506000A42C0020F02D0020C22C00207D2B00203D
:105070007C2B0020032E0020982B0020B81F00203E
:10508000701E0020942B0020902B00207E2B0020EF
:1050900048DB0108230800208C2B002070B5322447
:1050A000FF256320EEF7A8FC2840C72806D9013C5D
:1050B0000120E4B2EFF70CFD002CF2D1EFF702FA79
:1050C000EFF700FA154B0400DD8A1880D888802D90
:1050D00006D92900C001EDF72DFC7F2800D97F20DB
:1050E0000F4EC0B20F494300B44203D101225242D5
:1050F000CA5207E0CA5A802D0AD9B24202D0A2424F
:1051000001D8CC5270BD0320424312199208EFE738
:10511000A242F6D912195210EAE7C046D42D002057
:10512000FFFF0000C22C00207FB50F300D000A22C7
:105130000021040005F0BCFA084B9D420CD001AEE2
:1051400029003000F8F7BAF80023F25C002A03D0F7
:10515000E25401330A2BF8D17FBDC046FFFF0000A7
:1051600070B5284E8AB03000EDF7B4FB8022041EE3
:10517000254D264815D1210005F09AFA80222100FC
:10518000280005F095FA0323220002212048F8F7B1
:10519000F3FD0423220002211E48F8F7EDFD0AB0BA
:1051A00070BD002105F084FA80220021280005F05E
:1051B0007FFA112C06D80323002202213000F8F7D1
:1051C0004BFEECE705AD11223100280005F09FFBF6
:1051D00000220323113C022128006A74F8F73CFEE8
:1051E000231CA4B2112C00D911239CB222000A491D
:1051F000684605F08CFB6B46002202211A55684672
:105200000423DCE7DA030020E51C0020651C0020F5
:1052100068BD010875BD0108EB030020F7B5484DD6
:10522000022816D0032800D180E02B78012808D06E
:10523000052B02D801332B7002E00122414B1A707A
:10524000F7BD052BF9D898403F4A117801431170FA
:10525000F0E729780029F3D03A4B3B4A00931B78BA
:105260000192002B11D14A1E052A0ED8019A1478FA
:10527000364A100056788E4210D19678A6420DD14B
:1052800003225343C65C002E0DD10023019A2B70DC
:1052900013702F4A1370009A1370D1E70133033251
:1052A0002D2BE7D1F1E7392E09D8252EEDD9320083
:1052B000284B263AD2B2D340DB0709D4E5E73300C6
:1052C0003D3BDBB21D2BE0D8234ADA40D207DCD5C8
:1052D0001F4B224C1B78002B12D023780F2B06D9A2
:1052E0000F221F491F4805F0EBFA0F2323702020DF
:1052F00021781C4B4A1C58540021D2B22270995478
:105300002378184F0F2B06D90F223800144905F0C7
:10531000D7FA0F2323702278531CBE540022DBB22D
:10532000FA542370104B01321A70AEE700230121AA
:10533000054A2B701370064A1170024AACE7C0464A
:10534000ED250020EC250020EB25002074DA010873
:10535000EA250020E5FF0F00F5FFFF3FE9250020CB
:10536000D9250020D8250020601F002010B5044B4F
:105370001B78FF2B03D0034A9B009B58984710BD16
:10538000371F0020C4DC010870B50400FF281CD0C2
:105390000E4D2B78834214D0F1F776F900230C4A96
:1053A00013700C4A13700C4A13700C4A13700C4A99
:1053B00013700C4A13700C4A13700C4A1370EFF7F9
:1053C00033FA01220A4B2C701A7070BD371F00206F
:1053D000531F002020230020321F0020181F002010
:1053E000171F00201A230020331F0020151F002044
:1053F000601F002000200122064B10B51870064BDC
:1054000052421870054B1A80054B02321A70FFF792
:10541000BBFF10BDB2070020B10700202400002010
:105420002B1F002010B5802205490648EFF736F9FA
:10543000E022054905489200EFF730F910BDC0465B
:105440005908002008100100E51A0020881001000A
:105450000EB403B5012103AB04CB49420193FEF71F
:10546000E3FC02B008BC03B018470000F0B589B0F7
:10547000F8F7CCFD0520F8F7B1FD082300930023D1
:1054800002211A005F48F8F733FC5F4C5F4BA67DA2
:105490000A21B5076D0FE85AEDF74CFA83B25C4F5D
:1054A0000393B60700D15B4F5B4B0A21585BEDF7C6
:1054B00041FA5A4E80B23B003100039A009004A892
:1054C000FFF7C6FF062304A800220121F8F754FCC9
:1054D000534D54482B78002B12D1534B53481B7813
:1054E000002B0DD1524B1B78002B33D1E27C002ACC
:1054F00023D0A27C4F49013204A8FFF7A9FF04A8DA
:105500000A237F2200930021073BF8F7F1FB2B7859
:10551000002B06D1E37C002B46D0474B1B78002B99
:1055200042D0464B1A78444B1B78002B1BD1444980
:10553000013204A8FFF78CFF2DE0A38A41495000F7
:10554000085A0132834201D13F49D5E7302AF6D1CA
:105550003E48D5E73E4B3F481B78002BD0D0374B19
:105560003D491A78C8E73D4B02AA13812D233C49D7
:1055700093720A780A2A01D03032D3B202AAD372C7
:105580004B782D220A2B01D03033DAB202AB1A73DA
:10559000002302AA53730A237F2200930021093BB0
:1055A00004A8F8F7A5FB22E01F4B1B78002B01D0C5
:1055B000A27CBCE7204D2B78002B1CD1A68A0A21A7
:1055C0003000EDF73DFA30008CB20A21EDF7B2F968
:1055D0002300244982B204A8FFF73AFF2B78242144
:1055E0005A42534104A80122DBB2F8F755FCEFF709
:1055F00075F909B0F0BDF8F7EFFD1B490200C31CB7
:10560000E9E7C046BEB80108801F002088C3010832
:1056100048B70108C8BE010890C3010891BD010840
:10562000331F00207FBD0108151F002085BD010824
:10563000171F00209ABD0108531F0020DA1E00200A
:10564000BCBD01087A1E0020A5BD0108C0BA010832
:10565000DE1E00208ABD0108B1BD010843480000DC
:10566000D0030020C4BD0108CBBD010870B50D00FA
:1056700007490400EDF7E4F920000E000449EDF7B6
:1056800059F93300020003492800FFF7E1FE70BD1D
:10569000A08601004EB60108F0B587B0002801D100
:1056A000364B1868FEF75AF8354C05002100FFF715
:1056B000DDFF2B220127110000232000F8F75CFBFF
:1056C000304E314B327D31499200D2182000FFF725
:1056D000BFFE00233A00742120000097F8F73CFC3D
:1056E000F27A2B4B9200D2582A492000FFF7B0FEE5
:1056F000002307226C2120000097F8F72DFC2800DA
:10570000FEF72CF8244B05004922180000210393D2
:1057100004F0CEFF214B1B78002B24D0204B214ED0
:105720001A68954216D000241D6034700022A7B27A
:1057300011003800F6F794FC002818D00822200148
:1057400004A9EEF7ABFF049B9D4210D13900300055
:10575000F7F7B4FD3378002B05D006223000124B4A
:105760000399F8F7A5FAEFF7C7F807B0F0BD802363
:105770000134DB009C42D9D1ECE7C046FC2D00206F
:10578000AC2B0020840000203CCA0108D5BD0108D4
:1057900050DB0108D9BD01088408002080000020EA
:1057A000A82B0020992B0020C2CE010800B5802232
:1057B000002112488BB004F07BFF114B1A78114B7B
:1057C000022A09D0104B1A78104B002A04D1104A33
:1057D0001278002A00D10F4B0F48104A0078127837
:1057E0000F49009002A8FFF733FE06230022022192
:1057F00002A8F8F7C1FA0BB000BDC046E51D0020B5
:105800003A060020A1B6010828060020A0BB010826
:1058100033060020DEBD01085C00002001000020EE
:10582000E2BD01080CB407B504AB04CB0193FEF74D
:10583000FBFA03B008BC02B018470000002270B5A4
:10584000040010000B4E93B2994200D870BD082599
:10585000A35C1B02584003B2002B07DA5B007340C5
:1058600098B2013D002DF6D10132ECE7400080B244
:10587000F7E7C04621100000F0B5802704000E00B5
:10588000150085B07F04002D01D105B0F0BD0023C7
:1058900000930A3320006B4403AA2900FDF79CFE05
:1058A0006B4603985A89B8420BD3FF21300004F0AD
:1058B000FFFE6B465B891C19ED1AA4B2F618EDB217
:1058C000E1E73100EEF7EAFEF3E7F0B504000D0082
:1058D000082685B009270A236F4420006B44310055
:1058E000009703AAFDF778FE802303985B04984293
:1058F00005D26A4629003B785289EFF795FB6B4643
:105900005B89F61A1C19B6B2A4B2ED18002EE1D1CB
:1059100005B0F0BD30B58024094A4118884208D14D
:1059200030BD013B1568254205D1002BF9D101306E
:10593000F4E7044BF6E7002BF9D003785360F6E761
:105940000038014010270000F0B585B0002815D1BF
:105950005E4B5F4D5A6880235B009B1A5D4A5E4E2A
:105960009BB200925D4A80209446FF2440002A8822
:105970009A4200D094E0002005B0F0BD584B594A3F
:105980001B68594D594E9BB20092EBE70132224001
:105990002A802A889A4200D194E0B75CAB2F00D1CC
:1059A00081E0013989B26145F0D1991A9A4202D356
:1059B000591CFF31891A89B20729DCD901322240EA
:1059C000B75CCD2F74D0013880B22A806045CED12B
:1059D000FF202A88019202320240541C0440375DA5
:1059E000B45C3F023C4327B20297802703940834FB
:1059F0007F00BC425AD8029C07348C42BBDA029921
:105A000002328C1C0240A4180440315DDC294DD1C7
:105A1000611C0140715CBA2948D193B2B118A2420D
:105A200049D9FF1ABFB23A00009804F070FF220073
:105A30003100009BD81904F06AFF0234019BE7B2E1
:105A4000E4B2F018A34239D9802252000021D21AC0
:105A500004F02EFE3A000021300004F029FE039BE2
:105A60002C80991C0F24002321481A00009D2240FD
:105A7000ED5C825C6A40009DEA5401338B42F4D3B2
:105A800003992800FFF7DAFE029A0299AB185A78B8
:105A90006B5C12021343181A42425041C0B26BE7CA
:105AA0008021490075E7002900D07EE72B8062E75E
:105AB00000288DD1FAE70098A21ABCE7019B0021CB
:105AC000FA1ACAE70029F1D055E7C0461C00024087
:105AD000A0300020A02E002070190020FFFF000041
:105AE0007C020020A02F0020A23000208002002095
:105AF0004CDC010870B504000125EFF74FFB802056
:105B0000EFF7C8FB60002843C0B2EFF7C3FB2800E3
:105B1000EEF7DEFF0020EFF771FB04002800EEF740
:105B2000D7FF2800EFF76AFB0500EFF74FFB2002D5
:105B3000284380B270BD70B505000C00EFF72EFB56
:105B40008020EFF7A7FB6800C0B2EFF7A3FB60BAB5
:105B500084B2C0B2EFF79EFB002802DB200AEFF709
:105B600099FBEFF733FB70BD10B502200149FFF739
:105B7000E2FF10BD410200000F4B4A00D35A70B53E
:105B8000C01A84B205200D00FFF7B4FFC02398436C
:105B9000AD0181B229430520FFF7CDFF210003208D
:105BA000FFF7C9FF0548EEF793FF802109020320A4
:105BB0002143FFF7C0FF70BD88C301081027000014
:105BC00010B5044B997D988A8907890FFFF7D4FF98
:105BD00010BDC046801F002010B50C4C238AA38244
:105BE000E37C002B0FD00121A07CFDF74BFDFF28AB
:105BF00004D100230138E374FF3810BD044BA074B6
:105C00004000C35AA3820020F7E7C046801F00204F
:105C10007A1E0020F8B509230124CB400500234259
:105C20001DD0244B1B78002B02D103394C424C4130
:105C30000127214E3770EEF7F7FD03221F4B1A7034
:105C40000E2D34D82800ECF757FE080B32193232EB
:105C50003232272A323232322D00EEF7A3FCF8BD61
:105C6000032017498A7D93079B0F0133034082432A
:105C70001A438A750122134B1A70F0E70124104A67
:105C8000D37C6340D374FFF7A7FF00280FD1FFF741
:105C900097FF0C4B1C70E2E7EFF7E8FFDFE7EEF74A
:105CA000F9FFDCE720003840F0F740FCD7E702239B
:105CB0003370D4E7D9080020511F00205300002082
:105CC000801F0020B507002070B5A0230C008021A4
:105CD000DB054900996200210F4B104D197029789E
:105CE0000A23002900D16E330D490E4E0B8000238C
:105CF0000D49B0820B700D490B700D490B700D49A9
:105D00000B709A4204D1001980B2FDF7D5FCB08225
:105D10002C70FFF755FF70BD781E0020171F002064
:105D2000DC1E0020801F0020ED1E0020DB1E002056
:105D3000331F0020151F00200022114B10B51A70D0
:105D4000104B1B78934203D00F4B0132FF325A8223
:105D5000FFF742FFFFF734FFF7F7A8FC00230B4AD9
:105D600013800B4A13700B4A1370EEF743FFA02306
:105D70008022DB0552009A61074BFF3A1A7010BD72
:105D8000171F0020DE1E0020801F0020DC1E0020C8
:105D9000ED1E0020331F0020781E00200B0070B580
:105DA00054001C191100E4B2122823D8ECF7B8FDF6
:105DB000130013001300130013001300130013004B
:105DC000130013009300F500F50055019000B00199
:105DD000B401B801B801002C00D075E0B04B1B78BD
:105DE000002B00D070E0AF4B1B78002B03D0AE4BE4
:105DF00002221A7070BDAD4B1B78002B1AD1AC4B30
:105E00001B78002BF3D1AB4BDE7CF8F7CDF91023D8
:105E1000A94AAA4D13700D3B2B70A94B1978002E7F
:105E20002DD1012908D1A74A11780129E2D9517051
:105E30001670DDE70226E8E70329DBD901241E708E
:105E40001470F8F7C9F9F6F717F89A4A9E49937D46
:105E50009B075B0F595A884203D39C495B5A98426F
:105E600005D90222904B1A7003232B70C2E780B22F
:105E700010829082FFF7A4FE954B1C70BAE70229AE
:105E8000B8D100211970012313708E4B5C781A78F9
:105E90000A235343013CE418E4B2012E0FD1200041
:105EA000FDF7D2FB0028A2D0824A8A4B947464008A
:105EB000E35A9382FFF784FE854B1E709AE72F2CDE
:105EC00000D994E7844BD8E72100FFF7A3FE91E7C0
:105ED00021000E20F9E7032C05D101220A20110030
:105EE000EFF752FE86E7002C00D083E70322734BC6
:105EF0006D4D01341A702C70EEF796FC6C4B1B78CC
:105F0000002B2CD16E4B1B78002B00D06FE7694A19
:105F1000D37C002B0FD165480578002D07D06E4942
:105F20006C4B0978928AA140CA52694B1C700123BC
:105F30006B4003705EE75B4D2B78002B0BD001218B
:105F4000927C644B52004942D152FFF745FEFFF765
:105F500037FE5F4B1C7001232A78534085E75F4B67
:105F60001B78002B03D15E4B1B78002B04D102233E
:105F700000222B70524B3CE74C490878002808D08F
:105F8000554A4C4D1278534BAD8A5200D552504B66
:105F90001C70012343400B702CE701250B2820D1F6
:105FA000EEF742FC464B1B78012C1CD1002B00D095
:105FB0001DE73D4B1C703F4CE37E002B01D16D4231
:105FC0006DB23A4B1B78002B17D003223B4B1A7053
:105FD000414A13785B19591C0CD02F2B0BDD002381
:105FE00009E06D42DCE7002B00D003E7032C00D072
:105FF00000E7E0E72F231370FCE62D4B1B78002B06
:106000000BD0364B1A78002A00D0F0E62900A08A7F
:10601000FFF75AFE0322294BEBE6E37C002B14D05A
:10602000A67CE9B27018C0B2FDF72CFBFF2809D09E
:10603000864207D0274BA0744000C35AA382012296
:10604000234B1A70FFF7BCFDE4E7208A401980B2A9
:10605000FDF732FBA0822082F1E7194A1378002B6A
:1060600016D0002C00D0C5E601200F490870104959
:106070000978002949D1002B34D10C49094B0A7801
:10608000002A09D11A78002A06D1EEF78BFAB1E678
:10609000012C00D0AEE6E7E700220A701A70B9E7DB
:1060A000D9080020151F0020511F0020331F002099
:1060B000171F0020801F0020581F002053000020C1
:1060C000531F0020D003002088C3010890C301089B
:1060D000B50700207A1E0020DA1E0020DE1E0020F8
:1060E000DB1E00200A2110241248013BDBB2C15400
:1060F000114913700C70002B04D0012B8AD1037846
:10610000002B87D10023137084E7FFF715FE81E78A
:106110001800F0F7FDFA6DE61800F0F747FB69E6A6
:10612000012C00D166E60222044B1A70EEF77CFBCC
:1061300060E6C046D0030020581F0020511F0020F9
:106140000023F7B501212D4A2D4D13702D4A1170F2
:106150002D4A13702D4A1380AB7DAE8A9B079B0F8F
:106160000193002E45D02A4F3C78002C3CD1294A7F
:106170006300E0B2D15A0134FFF7DDFC222CF6D1E6
:106180002548EEF7A5FC19202449FFF7D4FC192077
:106190002349FFF7D0FC2348EEF79AFC01233B701C
:1061A000214B052019784B4259410F234942194090
:1061B000A1231B01C918FFF7BEFC30000199FFF7AE
:1061C000DBFC1A48EEF7D4F9A0238022DB0552004D
:1061D0009A61174BFF3A1A70164B38351A70032321
:1061E0002B70F7F709FDF7BD02201349FFF7A3FC59
:1061F000D6E702201149FFF79EFCE2E743080020A2
:10620000801F0020521F0020171F00203008002090
:10621000162E002008DC010890D003003CA80000E6
:10622000BCA8000060EA00002508002080789D00DE
:10623000781E0020651F00200102000041020000BE
:10624000054A1378082B01D9002313701278034BE9
:106250009200D0587047C046152E0020E4DB01089C
:10626000F0B589B0F7F7D2FE704D71482B78002B4E
:1062700005D07048012B02D000236F482B700823F3
:106280007F22009302210023F7F732FD6B4B04AC11
:106290001E78002E43D16A4B6A491B681F6838007C
:1062A000ECF7CEFB380002916649ECF743FB6649F8
:1062B0000200029B2000FFF7CBF80F2002AF032360
:1062C00032006121C019F7F757FDE6710023022261
:1062D00010212000F7F7E0FDFFF7B2FF5B4A5C4BAF
:1062E00016882A7802901B88C188002A25D1594B2C
:1062F0001A78072A1CD8D20113002000564980338F
:106300000132FFF7A5F808237F2200930221200025
:10631000033BF7F7EDFCEEF7E1FA09B0F0BDF7F754
:106320005BFF4E490200C31C2000FFF791F8CDE748
:1063300020004B4904F0E3FAE5E79B191F1C9BB2D0
:106340008B4200D90F1C4748BFB27843ECF77CFB67
:1063500083B2180064210393ECF7ECFA642185B250
:106360000398ECF76DFB404A8BB21278002A52D1A9
:106370002A0020003D490096FFF76AF83C4B1B7845
:10638000002B17D008233C25422620007F22022123
:106390000093033BF7F7ACFC364C374B7A22E554BD
:1063A000364B81213648E65404F082F9354BE654E9
:1063B000354BE554002FAED0244B344918880B7868
:1063C00083420AD007257B1EDC101D400123AB4011
:1063D0002F4A0870155D2B431355002307201A0020
:1063E00084462C492C4D8124974209D9284ED0103F
:1063F000305C6646164030410126304200D13C34C4
:1064000002980C70C0881B189BB2772B09D80131F9
:10641000A942E8D17FE72A0020002049FFF718F8B9
:10642000ACE7783B01329BB292B2EEE7681E0020E7
:10643000EFBD0108FDBD010806BE0108531F002085
:10644000701E0020A0860100C2B5010812070020BE
:1064500010070020152E00201EBE010814BE0108E2
:106460002EBE0108102700001507002037BE0108C6
:10647000142E0020E51A0020010200000202000094
:10648000E81C00207D0200007E020000042E002097
:10649000052E0020E91C0020611D00204CBE0108D3
:1064A00070B5002207250749074C13002B405B00FD
:1064B0004E881B5B013273404B8002318242F4D123
:1064C00070BDC04668070020D4DB0108F0B5804BE2
:1064D0008DB01B78002B19D07E4B1C78002C15D169
:1064E0007D4B1B78012B13D0022B00D1E7E001225A
:1064F0007A4B03201A70EEF7F6F90420EEF7F3F961
:106500000520EEF7F0F90620EEF7EDF90DB0F0BD3D
:10651000734A744C12782378002A75D0FEF720FE57
:10652000714D80220021280004F0C2F86F4B1E78C4
:1065300033007F33DBB201937F236D4A33400092F7
:1065400000996C4AC95CD25C0136F6B20B1C9142D0
:1065500000D2131C7F21674A00983140525C415C95
:10656000DBB20F1C914200D2171C0024FFB23F2B5C
:1065700007D8072041215843ECF7DCF906231C1A01
:10658000E4B200203F2F07D8073041217843ECF7D1
:10659000D1F90623181AC0B2012106230F001B1BD4
:1065A0009F402A783A432A70844279D20F009F4054
:1065B0002A7801343A43E4B22A70013BA042F5D272
:1065C000019B01359E42B7D17F23009A1E40494B63
:1065D000915D9B5D0A1C994200D21A1CD2B24023E5
:1065E0003F2A0BD8072041215043ECF7A3F906239B
:1065F000181AC0B2181A053B8340DBB23E4A3F4925
:106600005354FFF7D3F872E7002B03D13C4C2378A7
:10661000002B83D02000ECF75DF9802207000021D9
:10662000384804F045F880220021374804F040F84B
:106630000323002202213548F7F79EFB112F06D8CD
:10664000032300221C212000F7F796FB68E70026B1
:10665000BDB2222F02D92E00223EB6B21122A119BC
:1066600002A804F054F9002202AB113D5A74AD1B8C
:1066700003231C2102A8F7F77FFB2B1CADB2112DC1
:1066800000D911239DB207AF11362A00A119380095
:1066900004F03DF900220423022138007A55D3E7A3
:1066A00084428DD906231B1A0F009F402A7801309F
:1066B0003A43C0B22A70013B8442F5D280E7FEF72C
:1066C0004FFD80222100084803F0F2FF99E7C04601
:1066D0000B1F0020371F00203A060020601F0020FB
:1066E000DA03002016270020651D00201527002052
:1066F0009526002015260020E51A0020FF02000044
:1067000018060020651C0020E51C00205CBE010866
:10671000F0B589B00522002104A803F0C9FFBC4EE2
:10672000BC4C33782078002B54D0BB4F3B780343CC
:1067300050D12A22B94BFF329D5C2C22FF329B5C48
:106740005A1F5F2A00D914233221B5485943ECF768
:10675000F1F8B44B80B2188003234343B24A9BB292
:106760001380B24A1080B24A138007224243B14BD1
:106770001A8005232370B04B1A68B04B1A8000238F
:10678000AF4A3B701370AF4A1370AF4A1370AF4AF1
:106790001380AF4A1370AF4A1370AF4A1360AF4A09
:1067A0001360AF4A33701370AE4BAF4A19780029AB
:1067B00002D01178A94202D0157001221A70AB4C98
:1067C0002378012B45D1EDF7DFFD022323709A4B8F
:1067D0001A6854E0052803D0A24B1B78002B02D185
:1067E00000232370EBE72A238C4FFF33FB5C01254A
:1067F0001A00914E2A4031682B4200D170E0924C31
:106800001B072CD4EDF7C6FF002828D02378002BD7
:1068100000D0A9E2257000220124954B934D1A80E7
:10682000944B1C702B78934200D096E2A023013247
:10683000DB05FF329A619048EEF74AF9FBF7FAFE62
:1068400002228E4B2C701A708D4B01201988EEF7A6
:10685000BBFA864B1B78022B13D009B0F0BD002287
:10686000237822705B00DBB2022BA8D17F4C237807
:10687000012BEED1EDF788FD022332682370814BA6
:106880001A806D4B7F4A1B6811885B1A9BB2132BD1
:10689000E3D90025754B774C15801D702570EDF7F9
:1068A00073FD29005120EDF7E1FA2800FAF7DAFF2D
:1068B0002800FAF779FE744B28001D702570F5F753
:1068C00029FFF5F75DFD714B1B78AB4202D002202A
:1068D000EFF700FA0122694B1A70FFF7F7FDBCE7EA
:1068E00095235B00FB5C032B00D0D5E006AF38009E
:1068F000FEF7B2F8484D34682878A4B2052800D9CC
:106900005DE7EBF7F9FF0318304859717B78002BEE
:1069100002D003232B707EE73B78002B00D14EE79B
:1069200001214A4B5A4A1C805A4B29701B784B4014
:106930008B4013806FE7454B554F1A880093394BB6
:1069400039881B88A21A5B1892B29BB29A4200D275
:106950000AE20020FEF762FC00233B80009B1C80C3
:1069600002232B7082E77B78384A002B01D01480F9
:10697000CFE73B78002B03D1148004332B701EE744
:1069800013882A49E31A09889BB2994200D916E76D
:1069900014800123BEE77B78002B00D0E4E12B4F6D
:1069A000224A3B881288E31A9BB29A4202D80120FD
:1069B000FEF734FC3C80D3E77A78244B002A01D0E0
:1069C0001C80A6E73A78002A01D01C80E1E71B88EA
:1069D000174AE31A12889BB29A4200D9EFE60220C6
:1069E000FEF71CFC0523C9E77A78184B002AE7D18B
:1069F0003E78002EE9D11B88E41A0E4BA4B21B8806
:106A0000A34200D9DBE60320FEF708FC2E70D6E691
:106A10005B000020102600200F260020801F002091
:106A20007017000006260020042600200226002001
:106A300000260020FE2500200C0600200A2600204B
:106A40000D2600200C260020FA250020FC25002021
:106A5000F9250020F8250020F4250020F02500204D
:106A6000EE2500200E2600205A00002014260020CB
:106A70005C1F0020141F0020204E00003A0600205A
:106A80000C00002012260020C20700204C08002025
:106A900008260020781E00208DB2042800D95AE173
:106AA000EBF73EFF050031007E00CB002B0104A870
:106AB000FDF7D2FF04AB1B7804AA5278002B12D149
:106AC000002A00D17BE6B44A012113700022B34BA7
:106AD00021701A70B24BB34A1D80B34B1B784B40E8
:106AE0008B40138097E6002AEDD095235B00FA5C7B
:106AF0002A3BFF3B022A03D104AA12795340E2E762
:106B0000A54A1278FAE7A44B1B780093002B32D0E9
:106B1000A64B1B880293A24B03931B88EB1A9BB2D4
:106B200001939E4B1B78002B11D104A8FDF794FF15
:106B300095235B00FB5C002B22D1009B002B1CD01B
:106B400004ABDB78002B02D00122944B1A70954ADB
:106B5000029913885B180199994200DA04E1002335
:106B600001201380039B1D80009B5840FEF756FBBD
:106B7000022323707AE68E4BCBE704AB9B78E1E7E8
:106B8000012BE4D1009B002B07D1884B019A1B8875
:106B90009342F2D804AB1B78D4E704AB5B78D1E71F
:106BA0007F4B00931B88EB1A9EB27C4B1B78002B0B
:106BB00012D104A8FDF750FF95235B00FB5C022B6C
:106BC0000AD0754B1B78002B14D004ABDB78002B5C
:106BD00002D00122714B1A70764B1B88B34200D948
:106BE000EDE56E4E3278002A07D06B4B1978012301
:106BF0004B400FE004AB9B78E9E704A8FDF72CFFBE
:106C000004AB1B7804AA5278002B03D0002A00D0D2
:106C1000B7E01A00002131708A420CD0009A04A813
:106C20001580012222705C4A1370FDF715FFF2E512
:106C300059490978DCE70323D3E5594E3388EB1A29
:106C40009BB200935C4B009A1B88934249D904A8DD
:106C5000FDF702FF04AB1A780120002A00D1587812
:106C6000544B19884B085B18009999421CDA00288C
:106C700000D1A4E504AB5B784749002A06D0002B7D
:106C800006D10A70012335802370C4E5002BF8D1AA
:106C900095235B00FB5C0122022B03D104AB1B7923
:106CA0005A40EEE70B78FBE7002800D187E53B4927
:106CB0000B78002B00D082E501330B709521490041
:106CC000785C354902280AD1002A08D004A8407807
:106CD000002804D004AA127953400B706FE50A70A3
:106CE0006DE50220FEF79AFA2C4B1A78002A02D0A2
:106CF00000221A70C6E7042373E5294E04A83388DE
:106D00000193FDF7A9FE04AB1B78002B04D104AA64
:106D100052780092002A11D095225200BA5C022AC1
:106D200009D1002B07D004AA5278002A03D004AB63
:106D30001A7901235340184A1370A3E7019BEE1AF6
:106D40001E4BB6B21B88B34200D938E50320FEF7CC
:106D500065FA009B45E5227031E5022B00D073E512
:106D60002C70174B1A806FE501220021154B1A7009
:106D7000154B1980154B1978022900D11A70326809
:106D8000EFE795235B00F95C2A3BFF3B022900D02B
:106D90004EE704A909792BE70D2600200C260020D8
:106DA0000A26002008260020781E00200626002043
:106DB000042600200226002000260020FE250020B8
:106DC00012260020141F00205C1F00201426002023
:106DD000F7B5051E03D003780024002B17D1F7BDAB
:106DE0000E4E0F4F33784F2B06D94F2238000D49E6
:106DF00003F066FD4F233370019932780978531CF4
:106E0000B9540022DBB201343370FA54E4B22B19C6
:106E100001932B5D002BE3D1E1E7C046D72500208D
:106E2000162700201727002010B5094C094A23789F
:106E30000949D054CA5C824205D2C8547F2201332A
:106E40001340237010BD002AF8D0013ACA54F5E768
:106E5000152700201526002095260020F0B53D4B73
:106E600087B003931B7805900293002B70D03A4BA8
:106E70003A4D1C780493002C43D021002888EBF76E
:106E8000E3FD0026022C00D8143664271421784331
:106E9000EBF750FD031CC0B2B84200D93B1CDAB27C
:106EA000B24200D2331CDBB219270193022C00D866
:106EB00014272B4B019A2B481A700023049A2B801D
:106EC0001370294D029AAB542A789A422ED001228F
:106ED000E95C002918D1254B9B5C2A2B01D03F2B64
:106EE0000AD10024224E28007168EBF7E9FC002843
:106EF00017D11F4BE4001B5D1E4803700023437035
:106F000014E064230193D3E72E2905D152003F2AD0
:106F1000E7DC0133DBB2DBE72D29E2D1520001329D
:106F2000F5E701340836362CDDD113480378002B01
:106F300004D0019B9F4201D8FFF74AFF0023039A28
:106F40002B701370059B002B02D00648FFF740FF03
:106F500007B0F0BD2B060020140600201606002006
:106F60005C000020D4B701081806002034DA0108BC
:106F700090BF0108D52500208AB7010810B5002868
:106F800004D000221B4B1A701B4B1A7000240122E4
:106F90001A4B21001C701A4B1A481C701A4B1C808B
:106FA0001A4B1C801A4B1C701A4B1C701A4B1C700D
:106FB0001A4B1A707F3203F07BFB802221001848A5
:106FC00003F076FB7822174B52421C70164B1C7054
:106FD000164B1C70164B1C80164B1C70164B1C70ED
:106FE000164B1A80164BDC321C80164B1C70164B4D
:106FF0001A7010BDD7250020162700202B06002070
:107000001806002015260020300600202C0600203F
:107010003206002028060020270600203506002022
:1070200095260020330600202A060020290600208D
:1070300024060020152700202E0600201600002020
:1070400016060020140600205C000020962010B5D3
:107050000F4BC0001978EBF7F7FC1423132803DD5E
:10706000DC33984200DC83B20A4A0B4913800322C6
:107070005A4392B20A80094900200B8008490A80CD
:1070800007214B43074A1380FFF778FF10BDC04626
:10709000010000201A000020100000200E00002037
:1070A00012000020140000202A4B10B51A78002A84
:1070B0004ED000241C70284B8022210027481C70D1
:1070C00003F0F6FA80222100254803F0F1FA80222D
:1070D0002100244803F0ECFA21008022224803F02A
:1070E000E7FA0120FFF74AFF20490B78A3420DD0B1
:1070F0001F4A204B12780C70DA771F4A1F4B127808
:10710000DA7701221E4B1A70F5F73AF91D4A137807
:10711000002B0BD01C4B1D491B7804200B70002149
:1071200011708B4200D00238EEF7D4FD18490B786D
:10713000002B05D0174A184B12781A7000230B70D9
:10714000EDF70DF90022154B1A70154B01321A702C
:1071500010BDC0460B1F00203A060020651C002011
:10716000E51C0020651D0020E51D002030040020E6
:1071700032040020851F002031040020861F0020DB
:107180004E0000202F0400202E0400204C08002078
:107190002D0400202C040020C11F0020D90800204D
:1071A000601F002070B5234A1378DCB2002B10D189
:1071B000214B5D686D42EDB2204A13789D420DD19E
:1071C000002C17D00F221E4B1A7000221D4B1A7074
:1071D00003E01378013BDBB2137070BD591C1170D2
:1071E000194A1A48D15CEDF7DDFA002800D12000D9
:1071F0000400E1E70225164BFF351E68F6B2154A7A
:1072000013789E4207D1002CE7D00F220C4B1A7046
:107210000C4B0E3ADBE7013D002DF4D00E490F4830
:10722000C95C01331370EDF7BDFA002800D12000CE
:107230000400E4E7D02500201C000240D2250020F5
:1072400059000020C007002070190020D12500201F
:107250007C020020D425002080020020D3250020BD
:10726000F0B5664A8FB013780290DDB2002B05D1DD
:10727000634C2378002B06D10FB0F0BD1378013B8F
:10728000DBB21370F8E75F4A5F4E10683168401A4E
:107290005E49632808D91068013BDBB23060237077
:1072A000002B01D10B70E7E70B785948002B00D079
:1072B00092E001330B70012302930024260013682F
:1072C0000021036010220AA803F0F2F9514F019740
:1072D0000D2104ABC9182000FCF7D8FC01234E494E
:1072E00007A81A5C013351404C4A5143092BF8D18D
:1072F0004B4B0A0C1B784A400393019B92B21988AE
:10730000914206D1039B1A1B51424A41029B1A43E8
:107310000BD00721012321408B401900E2080AA865
:10732000835C093619438154B6B2019B01340233A0
:10733000E4B20193802CCBD17F21039B384A0133E7
:107340000B401370002E97D0364B1B78132B00D0B8
:1073500092E704ABD81CFF237E390370ECF7D8F911
:10736000314B05A80380022305218370330A06717F
:10737000C3700126ECF7CCF9793C0AAAEB08D35C80
:107380002A0022401341334219D00D2104ABC91801
:1073900028001D73FCF77AFC092107A8ECF7B8F95F
:1073A00001221D4B0C2004A90918895C01324B40B5
:1073B0001A494B43092AF5D11A0C53403B80013539
:1073C000EDB20237802DD8D104AB981C0A230121DD
:1073D0000370ECF79DF94FE7029B002B00D06AE7A2
:1073E000124BC8211B78002B00D164391368046844
:1073F0001B1B8B4200D360E73EE7C046D025002030
:10740000590000200C060020CC250020C8250020B3
:10741000C4250020C4240020C59D1C8193010001C7
:10742000C224002055000020AA5500000B1F002098
:10743000038810B501330380FEF702FF074B084AAB
:107440001B8812889B18C2889BB29A4205D80222D8
:10745000044B00201A70FFF703FF10BD1007002037
:1074600012070020681E002010B5012400210A4BDD
:107470000F221C70094B1970094B1980094B1970A8
:10748000094B1870094803F013F92000FFF7E8FED4
:10749000074B1C7010BDC046142E0020B007002002
:1074A00010070020531F002015070020052E002084
:1074B000681E0020F8B5002A45D1002943D01028C5
:1074C0003ED0414B01321A700D2800D979E0EBF71C
:1074D00013FA070707070707070707074061614C0B
:1074E000F6F762FE394B1A78052A29D900241C7058
:1074F000F6F772FEF4F7C0FC64254543344E33685A
:107500009D4221D373689D421ED22800F4F74EFBA2
:10751000002819D12F4F28003E68B18BF4F714FBD7
:1075200034863060B0603000F4F708FE2A4B3A68C9
:1075300001201A60FAF796F9ECF758FFEDF712FC04
:107540000422264B1A70F8BD01340836072CD6D118
:10755000F6E70120FFF788FF214B224A1A8000221C
:107560005A80214A0833DA87EAE7184B1C78002C46
:1075700009D12000FFF778FF1C4B1C701C4B1C80AE
:10758000EDF702FCDCE70A22013CE4B21C70194B67
:107590001A55D5E701230B280FD1174AD27E002AAE
:1075A00001D15B425BB2154C2078013307D001302A
:1075B0000921EBF745FA2170C2E75B42EDE708309D
:1075C000F6E702221A70BBE7511F0020531F00206C
:1075D00058BF0108701E00206C1E002053000020C0
:1075E00068070020CDABFFFFBADCFFFF042E0020B0
:1075F00012070020D0030020801F0020152E00203D
:1076000010B5C27F0024A52A1ED1427C017C120243
:107610000A43817C09041143C27C12060A430132E9
:1076200012D04278017812020A438178090411438A
:10763000C27812060A43013206D0847FFCF7DCFBD5
:10764000241A63425C41E4B2200010BD03002033E1
:107650000278FF2A04D101309842F9D10120704705
:107660000020FCE7224B10B51B78002B36D096216A
:10767000204B89001A8800238A4205D91E4BD31853
:10768000FE2B00D9FE23DBB21C4A1178994200D9A7
:1076900013701B4B1A78012314001C401A421DD191
:1076A000ECF710FF174A184B12684008128E9B56D1
:1076B000A03B181883B200B202005D320FDB5D33CD
:1076C0001C1CDBB2282B00D928240934E4B20F4B50
:1076D0001A78FF2A01D0A24200D21C7010BD03000C
:1076E0008D33F4DB06219330EBF7AEF9C4B2EEE74D
:1076F000121F0020661E0020A8FDFFFFDE1A0020DA
:1077000044060020701E00201C000020DF1A00200C
:1077100001210A4B494219800023094A1370094A82
:107720001170094A1370094A1370094A1370094A03
:107730001360FF22084B1A707047C0468E06002067
:1077400004070020C1240020900600208C060020A1
:107750000E07002048060020C02400200023094A0C
:1077600010B51380084A1370084A1370084A137042
:10777000FFF7CEFF0122074B05201A70FDF704FE2C
:1077800010BDC046E21A0020D91A0020DC1A0020E1
:10779000DA1A0020651F00200023084A10B5137074
:1077A000074A1370074A1360074A1360F022074B19
:1077B00052031A60FFF7ACFF10BDC046DB1A002071
:1077C000D81A0020D01A0020CC1A0020D41A002089
:1077D00070B592B06B4604001720DE1DA52302ADE4
:1077E0001122FF216844337002F062FF2B0007CCA6
:1077F00007C3228828001A80A2789A70284A136842
:10780000591C11602B61FCF7F7FAF423254CA8777B
:1078100022685B039A4202D3F0235B032360206853
:1078200020220AA9ECF73AFF0AA8FFF70FFF002869
:107830001BD123681A0509D080221B0B52011B03A0
:107840009B18F4225203934227D2236020682022FF
:107850000AA9ECF723FF0AA8FFF7F8FE002804D1D5
:107860002068000B0003EDF735FB002320222900E0
:107870002068EDF7D9FB20680023012231001F307A
:10788000EDF7D2FBF422236852032033934201D355
:10789000F0235B03236012B070BDF0235B03D4E7D9
:1078A000D01A0020D41A002010B50B00FF2423406A
:1078B000434007480A0A434322405A4042430B0CC4
:1078C000234053404343090E5940484310BDC0462E
:1078D00093010001F0B5284D87B02B78002B0AD01A
:1078E000264B274C1B78002B07D00023254A2B70F2
:1078F000FF332370137007B0F0BDFFF7B3FE224BC8
:107900001E68721C1A60214B1F68214B1B88029352
:10791000204B1B780393237804931A4B1B78059311
:107920001D4B1B8801335B0800D101339BB20193CF
:107930001A4B1B4C1B78002B02D02000FFF748FF8E
:10794000012266600026019B27602381029BE6736B
:107950006381039B2373049B6373059BA3730F4B8A
:107960001A70104B1A70FFF7D3FEFF22044B2E70D3
:107970001A70044B1A70BEE7121F0020DD1A002097
:10798000DF1A0020DE1A0020CC1A0020400600205A
:107990003C06002044060020101F00205005002057
:1079A00040050020D81A002001230200F0B51A403B
:1079B00085B005000C000392184236D04B691F6851
:1079C0008023E68BDB009E4200D3194E194B1A4AE6
:1079D00001931B780292002B0AD01378AB4207D197
:1079E000164B1B68BB4203D1154B1B88B3421AD000
:1079F000FFF770FF0123019A13700022029B1D7094
:107A00000E4B1F600E4B1E800E4B1A80039AFF23F5
:107A1000002A01D0293423780B4A1370FF220B4B24
:107A20001A70FFF71FFE05B0F0BD0B69C7E7C0462F
:107A3000FFFF0000121F0020440600204006002027
:107A40003C060020101F0020DF1A0020DE1A002054
:107A5000037842680078084940B2002806DA7F209F
:107A6000034046339B00CB185A6070474E339B004F
:107A7000C9184A60F9E7C046EC000020F7B50500D8
:107A80000F0014001E0082420FD1994201DC0E004B
:107A90001F00BE4200DDF7BDF2B201231648E9B275
:107AA0000136F6F747FA36B2F3E7FA205E1A80009D
:107AB000511B7043EAF7C8FF104906006843EAF714
:107AC000C3FFC3190193AC4202DB23002C001D004D
:107AD00027007743AC42DEDCFA2138008900EAF760
:107AE000B3FF019BE1B2C218D2B201230248F6F7FC
:107AF00021FA0134BF19EDE7E51A002018FCFFFF59
:107B0000064A11784F2907D820204B1CDBB213708E
:107B1000034A50540021D1547047C0462B04002022
:107B2000DA0300200121054B82B09A6B0A439A6365
:107B30009B6B0B400193019B02B070470010024009
:107B4000F0B585B00C00150069461022ECF7A6FDD3
:107B50006B461B78013BDBB2FD2B20D86A46002127
:107B60000126114813785F1EFFB2FD2F08D90023AC
:107B7000137010226946200002F0C9FE05B0F0BD66
:107B8000232B07D02A3BDBB21A2B08D80700DF4093
:107B9000374204D0013101321029E3D1E9E729004D
:107BA000200002F0ACFEE9E7C1FF8007F7B5060050
:107BB0001300150000220C00F6F7DEF83000EAF79B
:107BC00089FE07214143601C0818021CC0B27F28AF
:107BD00000D97F221448D3B2E90147180193631EEC
:107BE000FE5CB4467F26624656408022FE545242D6
:107BF0000E00944663181B18803E019AA24207D8D3
:107C0000094BED015D197F23A95C4B40AB54F7BDD7
:107C100018786246C0435F1A1870B85D013450404E
:107C2000B855E4B20133E8E7E51A002070B51C4806
:107C3000ECF74EFF80213F200902ECF717F959209D
:107C40001849ECF713F968215920ECF70FF90024D3
:107C5000154A63005F20D15A0134ECF707F9242C50
:107C6000F6D11248ECF734FF59201149ECF7FEF831
:107C70000125A4340C20EBF7BFFE284206D1013CBD
:107C80000C48E4B2ECF724FF002CF3D100210220D1
:107C9000ECF7ECF80248ECF71BFFEDF763F870BD6A
:107CA000307500006880000068070020204E00004A
:107CB000682800008813000004220221F0B55D4C02
:107CC0005D4BA54404935D4B5D4D1B7805AC5B4259
:107CD00013402A78200052420A401343594A1D2675
:107CE0001278134304AA5370049B1493564B1B68D9
:107CF0000593564B1B680693554B1B8801335B0855
:107D00002381544B1988544B61811B782373534B47
:107D10001B786373524B1B78A373FDF705FA15AB01
:107D200007CC07C307CC07C322781A702B78002B27
:107D30005BD04C4B80271D684B4BFF00ED18002398
:107D40006D09ADB20193002D54D0013DADB2F023C9
:107D50001B020CACE818400120222100ECF79EFC2D
:107D60002000FFF773FC00283FD12000FFF748FCFC
:107D7000002833D00823227B1A4208D13B4B61688C
:107D80001B68013B5B1A802189008B422DD214AB0A
:107D900098192378193603706378B6B24370A378C4
:107DA0008370E378C370237C0371637C4371A37C8D
:107DB0008371E37CC371237A0372637A43726189AE
:107DC00002730B0A8172C372637B4373A37B837359
:107DD000FDF7AAF9019B0133DBB20193013FBFB26A
:107DE000002F02D0019B402BADD114AB0021204AC3
:107DF0009B1905E01F4DAAE701361970B6B2013391
:107E00009642F9D902ABDC1D0A2323701A4B0CA849
:107E10000C935D2305210371EBF77AFC14A8174935
:107E2000EBF776FC01212000EBF772FC144B9D442C
:107E3000F0BDC0464CF9FFFF02004000DD1A0020F3
:107E4000D81A0020121F002040060020D01A00205F
:107E5000101F00203C06002044060020DF1A0020EE
:107E6000DE1A0020D41A00200000E2FFCC1A002005
:107E70005C060000FF030000AA5505065D06000031
:107E8000B4060000802370B5021CDB00984201D3C9
:107E9000264B1A88264B27481978037892B28B42D2
:107EA00003D00024244B01701C60244B24481A800A
:107EB0000023037023480170234924480B70244990
:107EC00003700B70234B1B68002B02D1013303702E
:107ED00070BD0126184B1C685309350020009D40D9
:107EE00028402C4219D01C4C58015B001B5B80249D
:107EF00001339BB2E400A342A44180B2121A234092
:107F000092B2164C2380164B1A800022154B188013
:107F1000154B1A8001230B70DAE7013BDDD2134BBE
:107F2000134C1B681B195B099BB2EAE7E0B401081C
:107F3000E01A0020C0240020480600208E06002001
:107F400004070020C1240020900600208C06002099
:107F50000E070020D01A00204C0600200C0700203D
:107F600006070020080700200A070020D41A002076
:107F70000000E2FF10B5024B1880FFF783FF10BD31
:107F8000E21A002010B5124B124A1C88124B1278CC
:107F90001B789A4218D18021104A231CC9008C42B8
:107FA00001D30F4B1B8812889BB29A420CD10D4B08
:107FB0001B78002B0BD10C4B1B78002B07D120001A
:107FC000FBF7A6FE002802D12000FFF7D3FF10BD6B
:107FD000E21A0020C1240020E01A00208E060020B2
:107FE000E0B401080E0700208C06002070B50D00DB
:107FF0001400102805D1FBF77DFE2800EEF7D6FB14
:1080000070BD002903D1002A01D10A28F8D169499D
:108010000B78002B09D00A2803D1002D01D1664B23
:108020001D70664B01221A70EAE70A38052800D94C
:10803000BAE0EAF761FC5E1D30AC9C03002DDFD096
:108040005F4D002C08D0FBF755FEECF7EDFBEBF78E
:1080500067F901232B70D3E7FBF74CFE0123594A44
:1080600011784B401370F4D01022574B1A70F0E780
:10807000FBF740FE534B1B78002B05D0ECF7D4FBED
:108080000020FFF777FFCCE7504B18880028C8D0B6
:10809000013880B2F5E7FBF72DFE4A4B1B78002B29
:1080A00003D0ECF7C1FB4A48EBE7FFF76BFF494B06
:1080B00018780028B5D0484B1B78002BA0D1474B2F
:1080C0001B78002B03D0464B1B78002B98D03F4ADF
:1080D000444913880988013340189BB280B2984202
:1080E00001D913809DE73E4B1B78002B99D010805F
:1080F000C7E7002D1BD1304D002C16D12B78002B5B
:1081000013D1FBF7F7FD384A13780133DBB2022BAA
:1081100000D92300137000222C4B1A80FFF7F8FAC5
:108120000122274B1A70254B1A70002392E7002C6E
:1081300000D165E7204A1378002B00D060E70120CA
:1081400010702A4A1478002C0FD01370284A087037
:1081500013701E4A1380FFF71FFB0123254A13707B
:10816000174A1370154A13704AE71070F5E7002D8F
:1081700000D145E7002C00D042E7FBF7BBFD1E4ACB
:108180001378012B01D80133DCB2147049E7174B87
:108190001C78002C02D0FBF7ADFD31E7FBF7AAFD00
:1081A000164B1C70064B3DE7002C00D028E702223E
:1081B000104B38E7DD1A0020DA1A0020601F00207B
:1081C000651F0020D9080020581F0020E21A002057
:1081D000FF030000040700200E0700208C0600208B
:1081E000900600208E060020E01A0020DC1A0020F5
:1081F000121F0020511F0020D91A00205300002018
:10820000F0B5294C0727A54401938023DB01040026
:10821000C01800920D00022203AE400002A9378070
:10822000ECF73CFA009B002B14D02B0035331A7866
:108230001823D2001A402B8E2E353B401343337047
:108240002B787370019B002B04D002AB1A88338803
:108250009A4225D0338802AA13808020832204AD5D
:10826000290012010002ECF719FA02AA1288630031
:10827000EA52802083220023290012010002ECF739
:10828000D3FE31002000F3F757FE8023DB009C4231
:1082900006D2009B002B03D120000449F5F71EFCF9
:1082A000034B9D44F0BDC046BCF7FFFF48B7010833
:1082B00044080000A022094BD20399680A439A603F
:1082C000022219681142FCD0052252421A60002293
:1082D0001B6D0380024B1A807047C046002401408A
:1082E000C0200020F7B51F0008AB1D7801230C004B
:1082F0001600D2000132D2B200933B00F5F72CFEFB
:10830000A21E0D4BD2B2002F02D10C4BF601F31876
:108310003E21985C013C41407F209954E4B2E2B296
:10832000954204D83E22595D4A405A55F7BD1A5D20
:1083300042401A550134F2E759080020E51A00209E
:10834000F0B58FB0F5F762FE804B1C78002C03D09F
:108350000120FCF7EDFB14E07D4B1B78002B12D0C5
:10836000082501237F2221007A480095F5F7C0FCFB
:1083700003237F22210078480095F5F7B9FCECF73C
:10838000ADFA0FB0F0BDFFF7FDFD744B1B78002B6D
:1083900003D1734B1B78002BDAD0724B1B78002B68
:1083A00034D0714B00241D888023DB009D42E6D22F
:1083B0002800E7B2FBF7ACFC0028E0D06B4B0820AC
:1083C0001B88ED1A6A4B2D01EA585B1904921A8931
:1083D0005D6859895E7B03921A7B9B7B059308231A
:1083E0001340024217D0E100033109B20B007B2297
:1083F0000438FFF743FB062CC1D05B4B01341D88CA
:108400008023A4B26519ADB2DB00CFE70120594B40
:108410001B7858409DE70120104004AA1376564B64
:108420000290994250D104980AA9FDF71FF9534BC5
:1084300053491A6807A8013A521B92B20132FDF75C
:1084400007F80E233A0000930221002307A8FFF744
:1084500049FF029B002B3FD00AA83B0000221121BC
:10846000F5F7FAFC47480123FD000135EDB2009312
:108470002A0000235F21F5F76FFD434B1B78012B8A
:108480003ED1029B002B2FD0404B072E00D9072650
:10849000B600F15808A802F032FA7F233A006B21A7
:1084A00000933B480023FFF71DFF08A8EAF712FAE4
:1084B00005210023091A49006B312A00C9B2009333
:1084C00008A8F5F749FD96E70AA8F4F7F7FE04AB0C
:1084D0001B7E002BABD1A6E70AA83B001121029A14
:1084E000F5F74AFC2B48BEE7092E06D932002A4987
:1084F000093A08A8FCF7ACFFCFE732002749F8E7B4
:10850000022B15D196239B009C46059E6421664450
:108510003000EAF795FA30008BB264210293EAF753
:1085200009FA1F49029B82B208A8FCF791FFB4E741
:108530003C210398EAF784FA03988EB23C21EAF7CB
:10854000F9F93300174982B2EEE7C046DD1A002080
:10855000DC1A002060BE010886B70108E01A00207E
:10856000D81A002004070020E21A00208E060020FE
:10857000940600200E070020FFFF0000CC1A002008
:1085800029BE0108A1B60108D91A0020CCC90108EA
:1085900048B70108A0BB01086ABE010872BE010805
:1085A000DDB80108D3B8010810B502780300013A1C
:1085B000D2B20120FD2A0CD8180020211A1D037800
:1085C0001C008C4301D0FF2B04D101309042F6D126
:1085D000012010BD0020FCE7044BC25C044B0548A1
:1085E000D218136803400B43136070472DC2010873
:1085F000000002400F80FFFF044BC25C044BD21806
:1086000053681B0C1B040B43536070472DC20108B9
:10861000000002400121044B044AC35C9B181A6805
:108620008A431A607047C0462DC20108000002400C
:10863000044B054AC35C9B18012219680A431A605F
:108640007047C0462DC2010800000240F7B5130074
:108650007F221040002901D1002B17D11422424360
:10866000354EB21814002C3424780092002C0DD012
:10867000324CA57BEAB20192A073677D01253A00D6
:108680002A4094462F4202D0019BA373F7BD009A63
:10869000009F116353636246BA6300283ED1284DA0
:1086A0002F78FAB2012F1FD0032A03D0002AEBD172
:1086B000002B03D148232374443B0EE04022227454
:1086C000328D93420BD81F4E3678002E07D19AB2C6
:1086D000FBF74CFB0A23237401232B70D4E7002003
:1086E000FBF744FB0223F6E7002B05D1154A137074
:1086F0000A332374043BF0E7328D934209D8114DBD
:108700002D78002D05D19AB2FBF730FB0A23237494
:10871000BAE70020FBF72AFB0223F8E7002B05D07D
:10872000B28F934205D92800FBF720FB0123637524
:10873000AAE79AB2F7E7C04640230020005C004059
:108740003923002038230020F7B50F00140001283A
:1087500027D00F262B4D030033403A5CEB5C53408F
:108760003B5401308442F6D86A46274B68460421C0
:1087700013805480FDF7CEF821003800FDF7CAF8C9
:1087800023003340EB5C0134DB4301A83440037029
:108790002B5D0421DB4343701C4B4380FDF7BAF88B
:1087A0002FE0902A2DD81A4802F0B1F8194900227A
:1087B0000800231D134D5B1817000F263740EE5D90
:1087C000077901327E40067101309442F4D8552277
:1087D00052420A7022324A70220ACA700F202200C6
:1087E0000240AA5C8C70D2431A70621C0240AA5CE0
:1087F0007230D2435A70054A5A8022000832FFF77D
:1088000025FFF7BD4CDC0108ABCDFFFFDCBAFFFF55
:10881000A8300020A4300020F0B50500494CA3B0DA
:10882000002800D1484C2388484A934238D007D8C2
:10883000474A93420CD01422464B1A7023B0F0BD25
:10884000454A934254D0454A9342F4D1EDF734FA65
:108850006368434A002D00D0424A13600422424B11
:108860001A70424B08321A70414BDB7F3C2B01D807
:10887000EBF7AEF83F4B404901A8009302F03FF8F8
:108880006A463E4B1B7813750023537528220693C6
:1088900007930893099369462800FFF755FFCAE735
:1088A0002F4B002D00D02F4B1B68A2689A42C2D1DB
:1088B0000C222E4B00211A702B4B083A1A706B4673
:1088C0007D32D81D01F0F4FE6A4669462C4B1380B8
:1088D000A279131D4B80294BA0881B7888808A7150
:1088E000002B02D102A9FCF7C7FFA2790832D2E718
:1088F0001B4B002D00D01B4B1B68A2689A429AD1DB
:108900000C221A4B1A70184B083A1A706A461D4B03
:108910000093A3889380194B1E78002E05D1270061
:108920000C37A379DB089E4201D30622B3E7A38864
:10893000F000C018390080B2FCF7C7FF01360837D5
:10894000EFE7C046A02F0020A02E00201B0500004E
:10895000140500001E0700201D050000DD050000B5
:108960009C2E0020982E0020361F0020FD1E002087
:10897000881F0020150524005BC301083422002055
:108980001C0500001E0502000B003F2210B511401F
:10899000134206D1002B04D00A008120FFF756FEB7
:1089A00010BD0022014B1A70FAE7C046BE07002036
:1089B00070B500281ED1002910D0144B9D68DC68CA
:1089C0006D18641A9D60DC600FD1114A9A60FBF744
:1089D00059FD002803D18030FBF78EFC70BD2200CA
:1089E00021008020FFF732FEF8E722002900FBF784
:1089F00043FCF3E77F230340044A4E339B00D21825
:108A00005368002BEAD09847E8E7C046EC00002006
:108A1000080100200E4B10B59968DA680918121A7F
:108A20009960DA6003D08020FFF710FE10BD187D3A
:108A3000002802D011001A75F5E7DA88002AF5D06F
:108A40001B787F2BF2D902000100FBF715FCEDE744
:108A5000EC000020F0B5BB4F87B03B79DAB2019251
:108A6000BA79D2B202927A79D2B20492BA7BD2B2F5
:108A700005925B0725D5C022B34D00215200280086
:108A800001F016FEAE2200244026B04B52006E606C
:108A900021003C7080209C5232002C70FBF750FC6F
:108AA000320021002000FBF74BFC21000120FBF7E6
:108AB0004BF901227B7813437B70A54BBA727C7211
:108AC0001C70019B9B0703D500210620FBF73CF996
:108AD000019BDE0703D500210520FBF735F9BB7AA2
:108AE000029A1A4013000192DB0711D50024BC73CF
:108AF000387C04230500964AC1B21D40184219D0A3
:108B0000397C9943397414700123019A9A43019274
:108B10000124019B002B00D0C0E001247D7A049B3E
:108B20001D400195019B002B00D01BE1059BBB73F1
:108B300007B0F0BDCB0602D580233B741570824B85
:108B40001878002804D01878C0B238700020187047
:108B50001478E0B2062CD7D80124E9F7D7FE070035
:108B60005D00D5FF6C009C009C009A002142CBD098
:108B70007B7C082BC8D100227648774B017899542A
:108B80000132082AFAD1714C220003CB03C28023A0
:108B9000E2885B009A4206D923787F2B03D8802095
:108BA000FBF7AAFBB0E700206C49E260A1602261FC
:108BB0002075824205D023787F2B02D8FBF75CFB1F
:108BC000A2E7FBF75FFC0028E9D0E38826691D00D7
:108BD0000293B34200D93500A168E5608B070CD041
:108BE00080235B009D4200D98EE75C4B2A00180071
:108BF000039301F08CFE039BA360029BB34205D953
:108C0000B60603D10123564A237513702A0080202B
:108C1000A168FFF71BFD77E75A6B198D986B8A42A5
:108C200006D90818521A98635A63FFF7F3FE6BE7E8
:108C300010180022F7E7214200D165E77A7CD0B214
:108C4000002A12D11900D0310A6812180A601A00DD
:108C5000D8321168411811601A00C8321288824255
:108C600010D90020FFF7A4FE4EE71A00D032116899
:108C70000200384D2C78013A92B20C700131002A72
:108C8000F8D1DFE7D4331B689942EAD040233B7424
:108C90003AE70020C9E70023137035E70123A3401A
:108CA0000293029A019B134229D00422BC737B7D5C
:108CB000134202D07B7D93437B7514216143224D87
:108CC00069184B6B0A8D086B93421BD98018086397
:108CD000896B9B1A5118142666431B4880198163BF
:108CE0004363002B1FD122007F331A401C420FD157
:108CF0000800FFF78FFE019B029A93430193013412
:108D0000E4B206E7C0180863896B59180023E2E74C
:108D10000E4B463292009B185B68002BEBD08020F4
:108D200020439847E7E79A4200D91A001423634387
:108D3000ED182000296B92B2FBF718F801237B7520
:108D4000D9E7C046005C004040230020EC00002032
:108D500039230020205C004060230020080100200F
:108D6000382300200126A640019B334229D001224E
:108D7000BC737B7E134221D0BB8B9AB2002B23D1D4
:108D8000142161431C4B5B181800D030016889180E
:108D90000160816851188160D42084469C446046FB
:108DA00065460068C833801A28601B8893421BD927
:108DB0007B7A2000B3437B72FFF7FAFD019BB3433C
:108DC00001930134E4B2ADE60C4BA000C0181423AB
:108DD00063430B495B58D11889B205781D70013384
:108DE0009DB28D42F9D1CBE70028E1D001227B7EF4
:108DF00093437B76E2E7C04640230020205C00409E
:108E000010240020022110B50A4A0B4B9C680C422A
:108E100005D1013A002AF9D110BDDB68FCE7012138
:108E2000044A187398680842F7D1013A002AF9D128
:108E3000F2E7C046A086010000300140F8B50423E7
:108E4000A027B0240E4EFF05B36240231D00BB6275
:108E50002000FFF7D7FF1020FFF7D4FF0420FFF713
:108E6000D1FFBD616D190020013DFFF7CBFF002D43
:108E7000F9D10134E4B2B82CE7D10423B361F8BDD1
:108E8000000400505C2110B5032802D8034B4000B9
:108E9000C15A4320EAF7EAFF10BDC0462CDA0108A8
:108EA000F0B5B54BAFB0DB7F0EAD5A1E9341B34C5E
:108EB0000822B34928006375B24E01F028FD08224C
:108EC0002900B148EBF7EAFB2B781A090F2A00D1E9
:108ED000033A032162719A080A4022710B408B42C7
:108EE00000D10023E3726B781A00FF3A511E8A41C9
:108EF0001A405B079B0F032B00D1023BA3490A706A
:108F0000A34A1370AA781C2A03D805235343823B33
:108F10002361EB78FF2B00D19E4B23819E4B186879
:108F2000052300280DD19D4B1B681B691D68FAF7AE
:108F300069FC0700FAF75CFC7B089BB258430423EA
:108F4000281A974A38361060964A33701060002508
:108F5000F4F752FE944B585DEAF74EFD934A6B00CE
:108F60000135D052072DF5D1914B1A68002A03D054
:108F70001269904B12681A6001258F4B28001D70F2
:108F80008E4B1D708E4B1D70FBF71CFE0020FBF7F7
:108F900019FE824B1B68343318782075F3F70EFBEB
:108FA000E07AFFF76FFFFBF779FCFBF7DDFE854BFF
:108FB0001D70844B1B780293002B03D1EBF71AFE34
:108FC0002FB0F0BDFEF7EEF87F4B1A78002A03D0E1
:108FD00000221A70EBF798FD7C4B7D491A780491BA
:108FE000002A1ED000221A70FAF70CFC802818D92B
:108FF000714B1B78002B14D10121764A1170049A11
:109000001370754C27786770ECF798F905001328F2
:1090100071D1EBF7BFFB00286CD125700023A37042
:1090200077E0049B1B78002BEBD0644C2378002B5B
:1090300003D0FAF73DFC00232370684B1C785E4B8D
:109040001D78002D01D100F0A2FC012C01D100F00F
:1090500062FCFA200025049B80001D70EBF738FDB0
:109060000C20EAF7C9FC0123184200D1EDE20220EE
:109070002900EAF7FBFE0220EAF7BEFC400500D417
:10908000E3E229003F20EAF7F1FE29000220EAF797
:10909000EDFEFA204000EBF71BFD2800FBF792FDE8
:1090A000FAF7FAFBFAF79CFB384B1B78AB4205D179
:1090B0000122324B52421A81494B1A8001223F4B06
:1090C0001A70484B1A70F5F765F8304B464C1B7810
:1090D000002B01D000F0EAFD2D4A444B127892009B
:1090E000D258434B19783C23002900D00233414920
:1090F00000F0F7FD10252570AF428FD1A378DA1E5E
:10910000D2B20F2B01D80133DAB23B48A270EBF791
:10911000DFFC324E3378002B13D1132D27D10A2FC9
:109120000AD1364B1B78002B06D0354B1B78002B11
:1091300002D13800FBF75EFE0022304B1A70304B34
:109140001A70A178032902D0102900D06DE7337876
:109150002478002B00D08DE00A2C00D027E1284A8B
:1091600003294FD101202549087013705DE70A2DAE
:10917000E7D00A2FE5D0DFE7881F00208400002019
:10918000AEBE0108801F002048A10000032E002071
:1091900082000020FFFF000044080020541F002030
:1091A000902B0020EC2D002048DB01087E2B0020B6
:1091B000701E0020942B0020800000206000002002
:1091C0007A0000208C2B0020631F0020621F0020EB
:1091D0007B000020002E00205D000020022E0020D9
:1091E0007400002081000020AC2B002000DB01086F
:1091F000770000207EBE0108204E0000722700206C
:10920000712700201478002C00D00EE701260127DA
:10921000B24BB34D1C70B34B16701C70B24BEC725A
:109220001E70B24B7F421C70B14B1C70B14B1C7056
:10923000B14BAB80B14B1B6834331B782F81029349
:109240002B75AF4B1F80FAF7F9FAF04028600298AF
:10925000F3F7B4F92000FFF715FEAA4B1C70AA4BD8
:109260001F80AA4B1E70FBF77FFDFBF7B5FAFBF7DB
:1092700039FBDAE6012B00D099E00A2C7DD004D925
:1092800023000D3B012B00D9CFE6A14D2B78002BFD
:1092900008D10D2C01D001F02FF99E4B1878FAF768
:1092A00049FAC2E60D2C0FD0092B00D9BDE60E2CD1
:1092B00005D1994A1178002900D0B6E613705A1CDE
:1092C0002A70964AD45408E0934A013B1178DBB2E5
:1092D0002B70994201D100231370FAF70BFC8E4BCF
:1092E0001A782B780393002A00D11A0000232D2529
:1092F0002E278A4E8A4C03992800994205DDF15C9D
:109300003800092901D83031C8B2E05401330A2BA2
:10931000F1D1140000269C46824980480968824D9C
:1093200005901018059B471E834215D1002E01D0D1
:109330007C4B1960039B9A420BD200230A27794E7B
:109340007A483568039A0134A2420DD1002B00D02F
:1093500035600122764B57E063463878029E6843B9
:109360005D4309183800DDE7059B39001B5D434369
:10937000ED18E9F7DFFA029BE4E76A4B1C686D4BD6
:10938000E2186D4B9A4200D94FE6624B1878FAF713
:10939000D1F96A4B1C603378002B04D1FBF71CFA1F
:1093A000FBF7B2FC41E62000FBF7E2FB3DE6032CB5
:1093B00011D00E2C3DD0112C73D82000E9F79CFA67
:1093C00040717171717158717109717171712A2ACD
:1093D000716100230293434B1B78002B03D002984A
:1093E000FAF752FB21E6404A0299137800290DD082
:1093F000012B01D8013313700122394B52421A81DB
:1094000001224B4B1A704E4B1A700EE6002BF3D014
:10941000013BF0E7324B1B89023B9CB2304B186991
:109420001C81FAF70FFBA04207D20120FAF72CFBB0
:10943000E6E72B4B1B890233EFE7FAF711FBDFE777
:109440000020FBF7BFFB264D2B7D012B01D80133FC
:10945000DCB220002C75F3F7B1F8224B1B78002BFF
:1094600001D1013B2B81FBF77FFCFBF7B5F9DCE574
:109470001B4A0021D37A022B01D00133D9B2D17219
:1094800067E70123164A517D4B4053752D4A05D09D
:109490002623FF33D05CEAF771FAC6E592235B001E
:1094A000F8E7002B03D12000FBF7A4FCBDE5022B5D
:1094B00000D0BAE5601F0D2800D9B6E5E9F726FA15
:1094C0009E00B5FDB5FDB5FDB5FDAC004400440002
:1094D000B500B5FDB5FDB5FDB5FDA70072270020AF
:1094E00084000020032E0020820000207527002029
:1094F000982B0020C82D0020010C0000541F0020D4
:1095000074000020D02D00207E0000207A00002072
:109510007D2B0020012E00207C2B002067270020BF
:10952000CC2B0020D82B0020A086010010270000A3
:10953000002E0020C088E4FF402DA407EC2D002061
:1095400081000020801F0020CC4B1E78CC4BDD7E9C
:109550000123002E3BD00B2C00D05D403000FBF7E8
:10956000F7FA0C227243C74B04009B181A791E8924
:1095700002925A7907000392DA88029B0592132B14
:1095800008D1C14B002019780693F2F7CFFF0023D2
:10959000069A13700298EAF72FFA0100002D11D0F5
:1095A000059B9B1B9C4201DCA619B7B2039A059B45
:1095B0000298934099433B009340194389B2EAF7DC
:1095C00055FCC6E6B442F1D3A41BA7B2EEE70B2CC0
:1095D00000D05D40AD4AAE4B127D9B5CAD4A106839
:1095E000002D06D0AC4A904200D8C018FBF7C0FA54
:1095F000AFE6AA4A9042F9D9C01AF7E70022A84B71
:109600001A70A84B1A70FAF775FA012047E6012381
:10961000A54A11784B40A8E5984A01211378032BFD
:1096200001D05B18D9B2117093E6944B00221C78DC
:10963000002C00D0E8E62000FAF77CF8924B1C7072
:10964000994B1C70FBF72AF9AAE6FBF727FD97490F
:1096500097480D88974A06882B005580002E04D025
:10966000032373435B199B109BB20380924E934874
:1096700033680768DB1B924F3F78BB4200D27CE027
:1096800033680360002C73D1CE8A13890693731E4E
:109690007F2B00D99BE002940794012E0FD0741EFB
:1096A000A0B27F210002E9F7CFF983B27F200793B0
:1096B000069B21005843E9F7C7F9C3B20293814BD7
:1096C000814A9D4200D184E0804B029919700323A6
:1096D0001370069B5A007E4BD31808930023049303
:1096E00003936B466A461B7B117C0593049B721E99
:1096F0001B0AD2B2B34200D2DAB2754B54001B5BE4
:109700000132D2B21800B24201DA724A105B8022F2
:109710005200541A5C4341436418240A6949A4B2B4
:1097200000228C420CD0029A05998A4257D1654A90
:10973000954254D02800FAF775FAFAF755FA020064
:10974000654F05983C782100FAF78AFA079A039B3F
:10975000944601330393049B63449BB20493039B9D
:10976000802BBED10134E4B20F2C00D9C4E03C7090
:1097700001225A4B1A705A4B1A704B4B59481A789F
:1097800000239A420DD10488574E2100153989B221
:10979000B14206D8290013310123A14200DB131C7A
:1097A000DBB20580002A00D0B5E0504A002B00D182
:1097B000A5E000201070FBF705FAFAF76DF8FAF74C
:1097C0000FF84B4B1B78002B00D077E470E4802619
:1097D00065E71378002B00D17BE7013B78E73B4A34
:1097E000059912788A422CD1374A1778002F28D051
:1097F000344A954225D1069A964203D9089A108890
:10980000A84205D13B4A9818421E90414042184058
:10981000FAF708FAFAF7E8F90323DF1BFFB20200B0
:109820000990002F8CD02000FAF7FCF9FAF7DCF948
:109830000200012F84D1099BC31801335B10DAB2F7
:109840007EE72000FAF7EEF9FAF7CEF9029B0399CA
:10985000013B02008B4200DD72E7029B01338B4229
:1098600000DA6DE7174B9D4200D169E70430021C16
:10987000C0B20F2800D90F22D2B261E7982B002086
:10988000801F0020A4DB0108C82D002084000020D8
:10989000FBDA0108FC2D00207FA4BF0740771B00E6
:1098A0007D2B00207C2B002075270020D42D00204C
:1098B000DE2B0020F02D00200C060020C42D0020FF
:1098C0007C000020FFFF0000732700207427002089
:1098D000C22C0020C42C0020762B0020002E00205B
:1098E000810000207E000020E9FF0000D02D002034
:1098F000032E00200100FFFF00233B7038E7CD4B13
:1099000019890B1C032900D80423043B9BB29D42F8
:1099100035D300231370C84B1B78002B01D0FFF701
:10992000D2FBC64A138801339BB2138080225201B6
:10993000934201D9FFF7C7FBC14B1B78002B00D125
:109940002BE2F4F763FBBF4B1B78012B01D100F036
:10995000A1FC022B01D100F0CBFC002B00D134E2A2
:10996000B84B1A78002A01D100F06EFD0020FDF7F7
:1099700077FC0022B24B1A70B34B1A8015E21378B1
:109980000133DBB21370002B00D012E7C3E7002CC9
:1099900000D028E1AD4AAE49D78AAE4A0B681068BC
:1099A0001B1AAD480078834257D30B6813603B1CE9
:1099B000802F00D980239BB2029300230493012FB0
:1099C00008D9029B7F21581E80B20002E9F73CF8BB
:1099D00083B20493002603966A46039B127B029986
:1099E00094461B0A994200D8B4E0DBB29B48590068
:1099F000405A0133029ADBB20500934201DA984BD8
:109A00005D5A802362465B009B1A58436A43954B1C
:109A100080181D78000A944B80B20022984204D02E
:109A2000FAF700F9FAF7E0F8020030002900FAF737
:109A300017F9049A039B9446013663449BB2F6B22D
:109A40000393802EC8D10135EDB20F2D00D82C0024
:109A50000122844B1C707A4B1A70FA208000EBF7BD
:109A600037F87A4CE588E8B2802F07D93900E80149
:109A7000E8F760FF7F2800D97F20C0B2774B400015
:109A8000C35A794A934253D0784B1B78002B09D0A4
:109A90000F23774A1188A9424AD0013BDBB2023238
:109AA000002BF7D1E068F9F759FE00231900714A3D
:109AB000714E824259410500306882425B419942B1
:109AC00002D02800EAF754FD28003560EAF7DAFBF7
:109AD00000213020EAF7CAF9684B30201988EAF7EC
:109AE000C5F9FBF7DBFA2588A388AB4206D2E0680C
:109AF000A580F9F733FEE388206123816388AB42B8
:109B000016D928006580F9F707FE4A4B19690A0043
:109B10000A3A824200DD02000120DA60464B1870EA
:109B2000574B1A60574B1960574B1A60574B1960C7
:109B3000E38AE188802B03D9554A1288012A10D87C
:109B4000544D2C78002C31D1012322008B426241EC
:109B5000130030E000239F4200D147E7029B013B06
:109B600043E78A189A4206DA4B4A13880133138076
:109B7000FAF70EF8CFE60022484B1A70F9F744FFC7
:109B8000F9F714FE002805D00120FBF71BF8FBF7BE
:109B900009F8C0E6404A138801331380F9F7F8FF4B
:109BA000002800D1B7E6FAF735FEB4E65A1ED00F0A
:109BB000CB1791424341DBB2002B02D1F9F7CAFF28
:109BC000A9E60022354B1A70F9F71EFFF9F7EEFDF2
:109BD0000028D9D1324B1A78002AE4D0187001231A
:109BE00063402B70EAE7022C00D094E6FBF756FAAC
:109BF0000122134B2B491A70049B08881D70134BCC
:109C00001A88254B5A80002804D0032343439B180D
:109C10009B109AB20A80F9F7A9FEF9F7C7FD002850
:109C200004D1214B1B78002B00D174E60120FAF7F8
:109C3000C9FF70E684000020810000207A2B0020FC
:109C4000002E0020022E0020782B0020D42D002092
:109C50000C060020CC2D00207C000020C22C00200F
:109C6000C42C0020762B0020FFFF0000A22C002037
:109C7000A42C0020FF3EAB01FC2D0020E02B002097
:109C8000700000206C0000206800002064000020AC
:109C90007800002077000020F02D00207B000020BD
:109CA00076000020DE2B002075270020974B984A75
:109CB0001888431E9BB293425FD996490CA8FBF7C4
:109CC000C7FB954B1B78002B04D1944B1889944B00
:109CD00098425AD18F490EA8FBF7BAFB91490EABB7
:109CE0000CAA2000FBF7B4FB012300211A0020007E
:109CF0000093F4F731F98C4B8C4C18883E26421CAB
:109D00001A800323184040000019FEF7D3FABE2042
:109D10006288238880009B18A2889B18E2889B1881
:109D20009B105843824BD988E8F78EFE80B2F2F739
:109D300063F81C227F4B804D1A702B00133A753349
:109D4000040022217D481E7000F0B2FC092060430F
:109D500064212D30E8F7EEFD7F231A00D11A8842E6
:109D600000D3EE54013B752BF8D1EAF7C5FD002274
:109D7000734B1A70734B1A80DEE5F9F7CDFC72490C
:109D800002000CA8FBF764FB9BE7F9F7C5FC6E49E2
:109D900002000EA8FBF75CFBA0E76C4A13880133B6
:109DA0009BB21380132B00D9CBE5694D2C78200092
:109DB0000134E4B2EAF797FD2C70062C01D8FFF7C6
:109DC000F8F800232B70FFF7F4F8F9F71BFD0400F7
:109DD000012800D87DE35F4B611E1889C001E8F7B8
:109DE000A9FDC3B20393231C802C00D98023002437
:109DF0009EB2701E80B2DBB27F2100020293E8F7B0
:109E000023FE250083B20493731E220A9A4262DA6B
:109E1000D2B2E3B2504F5100C85B511C8E4200DDFC
:109E20000A005200B95A471EBFB2BC46384F4A1EFC
:109E300092B2BC4554D9FF230800BA425ED90EAA9B
:109E4000AB54049B01351C19A4B2802DDCD106E073
:109E50008022FF210EA800F02BFC002303933F4B30
:109E60001B78002B1ED1012502270EAC267833006B
:109E70006678FF2E11D032000121FF2B01D039006E
:109E80009A19A378FF2B03D09A18013192B2C9B264
:109E900048088018E8F7D8FD60700135EDB201344C
:109EA0007F2DE4D1039B2E4A7F33FF338020029223
:109EB0009B18022240242025524240420399511807
:109EC0007F2956D8002A4DD119782943197019785D
:109ED000214319704AE0029B5A1ED2B2002399E72F
:109EE000BA420BD880225200D21A42434B43D218B6
:109EF000120A90B20A4AFF239042A0D01721F9F724
:109F000047FF1F23181AC3B299E7C046D42D00207B
:109F1000FDFF00002DB601087527002084000020F9
:109F2000FFFF000076BE01081C1F0020781F0020E4
:109F30001E1F0020CD08002059080020CF08002057
:109F4000810000207A2B002039B80108782B0020EE
:109F5000772B0020F02D0020C22C0020032E0020A3
:109F6000E51A00200426911CB143B0D119780143B1
:109F7000197001320133032AA0D10EAB00219C4697
:109F8000FF26C94AC94C6346C85C1F2800D8F8E0C0
:109F90001670013101328029F5D100260EA8335CFC
:109FA000F5B21F2B12D80F2408ABE41822002900A9
:109FB0000CABF9F7ADFD27780CAB1C78A74200D8A5
:109FC000F9E00134E4B21F2C00D8FDE0B64B9B5DF4
:109FD0001F2B0ED80F2408ABE4180CAF22003B0057
:109FE0002900B148F9F794FD24783B78A34200D3C7
:109FF000F6E00136802ED1D1AD4B5868FBF74CFB13
:10A00000AC4BAD4C1B78002B32D1AC4B1B68002BFA
:10A0100000D1F2E0AA4A1568ED1AF9F7E9FB010050
:10A020002800E8F787FC82B2A6492000FBF710FA67
:10A03000012600233200190020000096F3F78CFF60
:10A04000F9F7D6FB64210500E8F7FAFC28008FB287
:10A050006421E8F76FFC3B0082B29B492000FBF7CC
:10A06000F7F900230722190020000096F3F774FF88
:10A07000964E7379032B00D9C3E0954B95491D6823
:10A0800037682800E8F7DCFC28000E009149E8F763
:10A0900051FC642103903800E8F7D2FC38000191AC
:10A0A0006421E8F747FC8C4D33002900039A0090A7
:10A0B0002000FBF7CDF90123212200932421002366
:10A0C0002000F3F749FF814B1D89844B9D4200D14D
:10A0D00046E4834B1B78002B00D041E4F9F788FB62
:10A0E0006421E8F727FC01240A2680B2092800D958
:10A0F000CAE00434A400E3B2280017210493F9F75E
:10A1000047FE1F23181A183BC5B21840063B834070
:10A110000024029A0393EB08DB01D3180293E1B207
:10A120000B005A1E9341604A5B4294460EAF681C76
:10A13000DBB25A18D2B2BE5CFF2E01D086421BDDC4
:10A140006646B25CFF2A01D0824215DD01335BB264
:10A15000022BEDD10C2D05D8049B0133A3420BDA61
:10A16000712C09D8029B039A1B5D1A4204D101236A
:10A170002A005C48F3F7DEFE0234802CCFD1FFF7D3
:10A18000EFFB1378CFB27D08984203D800231070FC
:10A190006355FEE6605D0E2806D801231F4200D0FD
:10A1A000F7E6C0186055F4E60233DBB2202B00D18D
:10A1B00033001370EDE63A000123290002980137BD
:10A1C000F3F7B8FEFFB2F7E601226319134200D09D
:10A1D000F7E61300290022000298F3F7ABFEF0E641
:10A1E00001226319134205D11300290022000298AD
:10A1F000F3F7A0FE0134E4B2F7E6F9F703FB02003F
:10A2000012E7F9F723FB2100FBF730FA0123009353
:10A210000023212219002000F3F79EFE274B1B6824
:10A22000002B23D0264A64211568ED1A2800E8F790
:10A2300007FC28000E006421E8F77CFB33000200D5
:10A24000214901252000FBF703F9002321223021B9
:10A2500020000095F3F780FEF9F70AFB2100FBF7D9
:10A2600005FA002321225D21009529E73668642143
:10A270003000E8F7E5FB30000D006421E8F75AFBF9
:10A280002B0002001849DCE731000134E4B2E8F7A2
:10A2900051FB2BE708237F22009302210023134860
:10A2A000F3F726FDFFF75CFB222C0020E22B0020B9
:10A2B000F02D0020022E0020AC2B002044080020AE
:10A2C000C804002086BE010893BE01088400002057
:10A2D000EC2D0020A08601008ABE0108FFFF0000CF
:10A2E00075270020E51A002092BE0108CC2B002023
:10A2F000844B1868FBF7D0F9834C79221021200099
:10A3000000F0D6F900233022E25405337D2BFBD137
:10A3100000237022E2540A33822BFBD17B4B79213C
:10A320001D8807272800F9F733FD00237849794E67
:10A33000834271DB2800F9F7EFF900220400764927
:10A340004342885C834271DA01320A2AF9D101263C
:10A35000724D73492800FBF77BF800231922042172
:10A3600028000096F3F7F8FD22006E492800FBF75D
:10A370006FF8002319221C2128000096F3F7ECFD4A
:10A38000694B1B78002B08D1684B79211889F9F7A4
:10A39000FFFC674BC018FF2303710124654F664B18
:10A3A0001B789C4244D00C2262435C4D634B644951
:10A3B0009A582800FBF74CF81E23E2B253435E4E36
:10A3C000183BDBB20293337802991B1B5A1E934150
:10A3D0002800222200930023F3F7BEFD594AE30030
:10A3E000D358E0B20393FAF7B3FB039B56491A56CE
:10A3F0002800FBF72DF8337828001B1B5A1E9341C9
:10A4000002990093292200230134F3F7A5FD1E379A
:10A41000042CC4D1FFF7A4FA0A005A43B24202D96D
:10A4200022783A4322700133013481E7D2B28EE7B9
:10A430001E22FF21380000F03BF938001E22FF21C8
:10A44000803000F035F9AEE70726404B1B780293C9
:10A450000F23029910000F31891A194096429B412F
:10A4600001240C25C9015B42304005330491384971
:10A470008440DB015B1800219000284003903548A0
:10A48000E4B20590049D059F6D186D087D5DC8B20E
:10A490002F09BC460127394202D00E372F40BC4657
:10A4A0002D4D1F78069503252840039D2843069DC2
:10A4B0002D5C3800A043654501D2380020430131AE
:10A4C000187001338029DDD10132102AC0D1FFF785
:10A4D0004DFA002800D1BBE4204B214A1888FF2107
:10A4E000431E9BB2934205D8E839F9F751FC1F216E
:10A4F000091AC9B28022ADE40E2C01D0FEF7DFFEAE
:10A50000FEF793FDFC2D0020E81B0020DE2B002031
:10A51000CDCCCCCC333333330CDB0108AC2B002057
:10A520009CBE0108A2BE01087527002084000020FF
:10A53000E41B0020E91C0020982B0020A4DB01086C
:10A540002FB8010818DB0108A9BE0108762B0020EE
:10A55000E51A00207627002038DB0108C22C0020F5
:10A56000FDFF0000F7B500254B680A6800935F1EE9
:10A570001300EB4008D1012F05D84368C968934305
:10A580004A4313434360F7BD01241300AC4023400A
:10A5900022422BD01A0003265A435643B446F643B0
:10A5A000019666460468B443009E564334430460F3
:10A5B000012F06D88C6887685443019E37403C437E
:10A5C00084600C69C7685443019E37403C43C460B3
:10A5D000009C022C0AD14C69FF2B09D80F2652434C
:10A5E00056436243036AB3431A4302620135BBE731
:10A5F0000F261B0A5B435B435E435C43426AB243E4
:10A6000022434262F2E700000D488546E9F7AEF9C1
:10A610000C480D490D4A002302E0D458C4500433BD
:10A62000C4188C42F9D30A4A0A4C002301E0136093
:10A630000432A242FBD300F017F8EEF79FFAFEE7D0
:10A640000040002000000020EC000020E8DD0108B0
:10A650006002002080320020FEE70000014B1868F5
:10A660007047C0469C00002070B500260C4C0D4D74
:10A67000641BA410A64209D1002600F08BFE0A4CF0
:10A680000A4D641BA410A64205D170BDB300EB585F
:10A6900098470136EEE7B300EB5898470136F2E7EA
:10A6A000E0DD0108E0DD0108E4DD0108E0DD01088E
:10A6B00003008218934200D1704719700133F9E703
:10A6C000002070477047704770B50F4E0D0031681D
:10A6D0000400002902D1EBF73BFA3060290020008A
:10A6E000EBF736FA431C03D101256D42280070BDFB
:10A6F0000323C51C9D43A842F8D0291A2000EBF77C
:10A7000027FA0130F2D1EFE778320020F7B50322C3
:10A71000CB1C9343083305001F000C2B34D20C27AD
:10A72000B94233D8280000F071F8374E33681C0066
:10A73000002C2FD139002800FFF7C6FF0400431C6E
:10A740005FD134680094009B002B4AD1002C52D07A
:10A7500023682800E31800990193EBF7F9F9019BAE
:10A76000834248D123682800FF1A3900FFF7ACFF65
:10A77000013040D02368DB19236033685A68002A0F
:10A7800033D1009B336019E0002BC9DA0C232B6016
:10A790000020FEBD2168C91B20D40B290AD9E2196B
:10A7A0002760A34204D1326063681160536005E002
:10A7B0005A60F9E76268A3420ED13260280000F0C7
:10A7C0002DF8200007220B30231D9043C21A984217
:10A7D000DFD01B1AA350DCE75A60EFE72300646860
:10A7E000A6E7009C63680093ADE71A005B68A3428C
:10A7F000FBD10023DAE70C2328002B6000F00EF8D1
:10A80000C6E70760DAE7C0467C32002010B5024890
:10A81000FFF758FF10BDC0467432002010B5024843
:10A82000FFF751FF10BDC0467432002070B505001F
:10A830000C1E10D0043C2368002B00DAE41828001A
:10A84000FFF7E4FF1D4A1368002B05D16360146015
:10A850002800FFF7E3FF70BDA34208D92068211844
:10A860008B42F3D119685B6809182160EEE71A0082
:10A870005B68002B01D0A342F9D911685018A0429F
:10A880000BD120680918501811608342E0D1186874
:10A890005B68411811605360DAE7A04202D90C23CB
:10A8A0002B60D5E7206821188B4203D119685B68BB
:10A8B0000918216063605460CAE7C0467C320020FA
:10A8C00010B5884202D98B18984208D300239A42C7
:10A8D00007D0CC5CC4540133F9E78B5C8354013A54
:10A8E000FBD210BD020010B5137814000132002B0A
:10A8F000FAD1CA5CE2540133002AFAD110BD030038
:10A900000A7801311A700133002AF9D17047002307
:10A9100010B59A4200D110BDCC5CC4540133F8E7A5
:10A92000030030B51D00002A06D00C78013A01332F
:10A930002C700131002CF5D100219A18934200D1DE
:10A9400030BD19700133F9E70EB470B581239DB0A5
:10A950006A46002521AC9B0040CC93821B95029057
:10A960000690E7F7B7FF0B4B6A460B930123039062
:10A97000079009485B42D38202A923003200006895
:10A980000F951495019400F073F81DB070BC08BCCD
:10A9900003B01847C1A601089C00002030B5002470
:10A9A0000139A24201D1002005E0035D01340D5DB3
:10A9B000AB42F6D0581B30BD70B514004B1C03D110
:10A9C00001256D42280070BD938920229343626B5C
:10A9D000A381CEB26368CDB2002A10D0A26B9A4296
:10A9E00007DD2368013B23601E70636801336360E9
:10A9F000E8E7210000F044FB0028F2D0E0E72169FD
:10AA00002268002907D0914205D2511E0878A84239
:10AA100001D12160EAE72364230044336363032305
:10AA2000A36323004633E2631E7023600123DEE745
:10AA300010B50C00496B00290ED023004433994215
:10AA400001D0FFF7F3FE0020236C60636360834254
:10AA500002D0E36B236010BD236901202360002333
:10AA6000A289636020331343A3814042F3E70000CF
:10AA7000F0B5AB4CA5440C0000210090BE204691DF
:10AA8000479103A94891A749400043AD2950A649E1
:10AA9000043043AD295002931678002E00D13CE1DA
:10AAA00008230820A14D571CA95D0B4001421DD071
:10AAB00006006368002B0FDD23681A78AA5C324217
:10AAC00001D13A00E8E7479A0133013247926268C0
:10AAD0002360013A6260ECE7C02243AB52002100E0
:10AAE0009B58009898470028E6D0EAE7252E62D1C7
:10AAF0004593439353782A2B02D11A3B4393971CD7
:10AB00003D000A2229786F1C0B00303B092B1FD90E
:10AB1000874B03221800019300F06EFA002807D03B
:10AB2000019B3D00C01A01238340439A1343439382
:10AB30002B786F1C782B06D8572B10D8252B3AD0A2
:10AB400034D8002B55D0032349930733449369E04D
:10AB5000459B3D005343303B5B184593D2E71800BB
:10AB600058382028EFD8E7F7D1FE4B00EEFFEEFF74
:10AB70007D00EEFFEEFFEEFFEEFFEEFFEEFFEEFFDD
:10AB800088007B00240024002400EEFF5500EEFF27
:10AB9000EEFFEEFFEEFF900059004700EEFFEEFFE4
:10ABA0008E00EEFF7B00EEFFEEFF4B00453B022BDD
:10ABB000C9D8052335E06368002B0DDD23681A78BA
:10ABC000B24200D0A9E0013362682360479B013A9A
:10ABD00001336260479374E7C02343AA5B002100FE
:10ABE000D358009898470028E8D04698002800D00D
:10ABF0008BE0012040428CE0202243990A4343929B
:10AC00008022439992000A434392102244926E2B71
:10AC100002D905E000234493032302E00823449370
:10AC2000042349936368002B3EDD439B5B0608D4F5
:10AC3000C0260825760023683C491A788A5C2A4297
:10AC40003CD1499B022B4CDC2200009802AB43A96B
:10AC500000F072F8012860D0022800D031E7C4E784
:10AC60000A22D3E7390003A800F0D1F94023439A20
:10AC70000700134343930123D3E74023439A13432D
:10AC800043930023CDE70223CBE7439AD30600D5B5
:10AC900017E7029B4799181D02901B68D50701D53D
:10ACA00019800EE719600CE7C02343AA5B0021005E
:10ACB000D358009898470028B7D096E7479A0132B2
:10ACC00047926268013A6260002A02DD0133236024
:10ACD000B1E743AB21009B59009898470028AAD0C0
:10ACE00083E7042B06DC2200009802AB43A900F0A6
:10ACF00083F8AFE70F4B002B00D1E2E6220000986B
:10AD000002AB43A900E000BFA4E7A3895B0600D51E
:10AD10006FE7A5239B009D44F0BD4698F9E7C04628
:10AD20006CFDFFFFB9A9010831AA0108DDDC0108AB
:10AD3000DDBE010800000000F7B515008A680C00B0
:10AD40000190002A04D18A69002A17D10132A26039
:10AD50002268D20603D41A68111D196017680026EC
:10AD6000A069002816D001280BD12B6862691B78D6
:10AD7000D35C002B0ED1002E3BD029E001225242A1
:10AD8000E5E7022824D12B681A4A1B78D35C0822F5
:10AD900013421DD1102223680136134203D12B68C0
:10ADA0001B783B7001372A686B6801322A60A26801
:10ADB000013B013A6B60A260002A09D0002BCFDC76
:10ADC000C0235B002900E358019898470028C7D0AA
:10ADD00022681023110019401A4206D1E36801339A
:10ADE000E360A369002B00D03970002023699B1910
:10ADF0002361FEBDDDDC0108F0B58BB00193784B1B
:10AE00001600049007AAA1CBA1C2764A8B690C0058
:10AE10000592032B01D1744B0593AE220020A36849
:10AE20005200591E0390914205D95E3BFF3B0393AC
:10AE30005E23FF33A36023001C330093D02300273D
:10AE400022681B0113432360009B0293336807A809
:10AE50001978BB000222185800F0CEF8002829D03B
:10AE6000012F5ED16368002B06D10833226863602E
:10AE7000F933FF331343236023685C4A1340236094
:10AE8000A3685A1EA260002B14D033685A1C32608B
:10AE90001B78029A13707368551C013B7360002B7A
:10AEA00007DCC0235B003100E35804989847002872
:10AEB0007ED102950137032FC8D16368002B01D1E1
:10AEC0000A3363600027636849496069C91A00F062
:10AED0009EF8029DA36820680293002B3FD0316842
:10AEE00063690A789B5C002B39D0302A28D18023F3
:10AEF0001B01184224D0039B0137002B05D01A00F8
:10AF0000029B013A01330392A3607368013B7360B3
:10AF1000002B1CDD336801333360A368013BA36061
:10AF2000D8E7022FACD1C02380212268DB00134078
:10AF300089008B42C1D110236360F03313439EE735
:10AF40002C4B034023600B782B700135DDE7C023C9
:10AF50005B003100E358049898470028DDD023684F
:10AF6000DB050ED5009B9D4207D9BE23013D5B004A
:10AF700032002978E35804989847009B01209D42AD
:10AF800029D0216810230A001A4019421CD12A70C6
:10AF9000636800990498059EB047019B22681B686E
:10AFA000910607D501991A1D0A601B68186008E010
:10AFB0000027D4E7191DD6070FD5019A11601B6829
:10AFC0001880E3680133E3600020009BED1A2369D9
:10AFD000ED195B1923610BB0F0BD019A1160E4E734
:10AFE000CCB401087DB3010871B20108FFFAFFFF7C
:10AFF000F1BE0108FFF6FFFFC9B28218904201D1ED
:10B000000020704703788B42FBD00130F6E770B523
:10B010000B7804005E2B19D04D1C00212200601C0F
:10B02000FF30117001328242FBD1681E002B26D006
:10B0300001264E402800E6540178451C2D2909D0F0
:10B040005D291BD000291AD00B00F3E74B788D1C2B
:10B050000121E3E742785D2AF6D09342F4DC19003F
:10B060000230013166548A42FBDC591C934202DBF8
:10B0700000228B18E0E7D21A013AFAE7280070BDE7
:10B080000B00F7B54D6B44330C009D421CD180265C
:10B09000F6003100FFF73AFB002802D101204042C0
:10B0A000FEBD23006063A66346331A78104BC2547A
:10B0B000230045331A780F4BC2542A780E4BC254E2
:10B0C000C01820600020EBE78E6B290073001A0087
:10B0D000019300F013F8051EE0D08719010032003B
:10B0E0003800FFF714FC019B27606563A363E9E761
:10B0F000FF030000FE030000FD030000F7B506009B
:10B100000C001500002905D11100FFF7FFFA04001B
:10B110002000FEBD002A03D1FFF788FB2C00F7E7D3
:10B1200000F030F90700854202D84308AB42EFD364
:10B1300029003000FFF7EAFA0190002801D1019CB4
:10B14000E6E72A00BD4200D93A0021000198FFF746
:10B15000DEFB21003000FFF769FBF0E7F0B585B0BA
:10B1600017001E0003900191242B23D80C00012B03
:10B1700020D03D4B08229C46230061461D780134B7
:10B18000485D010011401042F6D12D2D19D12578CE
:10B190009C1C012300931022330093431DD1302DBA
:10B1A00015D1202123788B43582B10D16578023498
:10B1B000102612E0FFF752FA16230360002005B0B4
:10B1C000F0BD00912B2DE6D125789C1CE3E7002EE5
:10B1D000EED10A36302D00D1023E244A009B94461F
:10B1E0006344310018000293E7F72AFC00228446EA
:10B1F00010002B00303B092B11D81D00AE421DDD85
:10B20000531C09D001225242844505D301D1A942E1
:10B2100011DB01227043281825780134E9E72B005F
:10B22000413B192B01D8373DE8E72B00613B192B37
:10B2300004D8573DE2E701225242EDE7531C08D102
:10B240002223039A02981360002FB8D0631E019343
:10B2500007E0009B002B00D04042002FAFD0002A17
:10B26000F4D1019B3B60AAE7DDDC0108FFFFFF7F13
:10B2700010B5FFF773FF10BDF0B51E003E4B170071
:10B280000C009C46082285B0039000912300614683
:10B290001D780134485D010011401042F6D12D2D7A
:10B2A00012D125789C1C0123029310223300934372
:10B2B00016D1302D0ED1202123788B43582B09D164
:10B2C0006578023410260BE002912B2DEDD1257804
:10B2D0009C1CEAE7002EF5D10A36302D00D1023E43
:10B2E000012031004042E7F725FB019001203100A9
:10B2F0004042E7F7A5FB00230122180094462A00EC
:10B30000303A092A12D81500AE421EDD5A1C0AD066
:10B310000123019A5B42824205D301D1A94211DB8C
:10B3200063467043281825780134E8E72A00413A3B
:10B33000192A01D8373DE7E72A00613A192A04D8CB
:10B34000573DE1E701235B42EDE75A1C07D122227A
:10B35000039918000A60002F09D105B0F0BD029AC8
:10B36000002A00D04042002FF7D0002B01D0631EEE
:10B370000093009B3B60F0E7DDDC010810B5FFF7B0
:10B380007BFF10BD0B1F1B68181F002B01DA0B5829
:10B39000C0187047F8B5C046F8BC08BC9E46704758
:0CB3A000F8B5C046F8BC08BC9E467047DB
:10B3AC00AD033805B902B904B9023805B902C505AF
:10B3BC000203B904020338050203C5055403B9049A
:10B3CC00540338055403C505B9026106020361062E
:10B3DC0054036106AD036106AD03B904AD03C505A5
:10B3EC0080020020000100007C020020003E22416F
:10B3FC004141414141414141414141417F003C4238
:10B40C004242240048B7010895B601082BBC01083C
:10B41C00F3B501084C31004C32004C33004C340075
:10B42C004C35004D00004800004C4F5731004C4F3C
:10B43C005732004C4F5733004C4F5734004C4F573A
:10B44C0035004D4944000048494748009AB6010868
:10B45C008FBD010828BC0108B6BB01081FBC010840
:10B46C0023BC0108C71F0020C81F0020C91F0020D3
:10B47C00CA1F0020A32000205800C337720065307B
:10B48C007000C3005D00000D590068805900680011
:10B49C005A0055555B0055555C0030AA5800C3370F
:10B4AC00720065307000E0005D00001A5900688081
:10B4BC00590068005A0055555B00AA555C0030AA2B
:10B4CC00F3BE010883B70108F6BE0108EFFFF7FFD2
:10B4DC00CBFFFBFFFF0352454C4541534500414C0C
:10B4EC004C204B45595300564F4C5441474500573F
:10B4FC00454C434F4D45004D414255484159210063
:10B50C0025732045646974696F6E006F6B676250B8
:10B51C00473A2C41372517E4CBB59F002E2D2E2E04
:10B52C00002E2D2D2D2D002E2E2D2D2D002E2E2EC0
:10B53C002D2D002E2E2E2E2E002D2E2E2E2E002DAD
:10B54C002D2D2E2E002E2D2E2D2E2D002D2D2E2E72
:10B55C002D2D002E2E2D2D2E2E002E2D2D2D2D2E63
:10B56C00002D2E2D2E2D2D002D2E2D2D2E002D2E81
:10B57C002D2D2E2D002E2D2E2E2E002D2D2D2E2E42
:10B58C002E002D2E2D2E2D2E002D2E2E2E2D002D5F
:10B59C002E2E2E2E2D002E2E2D2D2E2D002E2D2E20
:10B5AC002E2D2E002E2E2E2D2E2E2D002E2D2D2E10
:10B5BC002D2E005D5D002533752E2530357500432D
:10B5CC00482D25303475004E554C4C0076372E36B0
:10B5DC002E31304100313233343500353433323191
:10B5EC000043544353530044435300442530336FBA
:10B5FC00256300554E4C4F434B204B4559424F4110
:10B60C00524400536176653F005363616E2046617E
:10B61C00696C656400467265713A2D2D2D2E2D2DA9
:10B62C002D2D2D00546F6E653A2D2D2D00546F6EFF
:10B63C00653A4E6F6E6500536176653A00467265E9
:10B64C00713A25752E253035750043544353533AC2
:10B65C0025752E2575487A004443533A44253033DA
:10B66C006F4E00253364002520346420257300536D
:10B67C002564002B25303264004625752B004625A9
:10B68C0075004558004F46460054544E0043570031
:10B69C004245414D205458004245414D20525800DE
:10B6AC00503100503200545351004C4F57204241FE
:10B6BC00545445525900507265737320455849547F
:10B6CC000053636E526E67003E2573005553420063
:10B6DC003E3E00252E347300252E2A732E252E3344
:10B6EC007300253033752E253035750025752E25C4
:10B6FC00750025642E253032754B0025644B004DAA
:10B70C004F4E490053514C25640025302A752F2586
:10B71C00750044544D46202573004368617267657B
:10B72C002025752E25303275562025752525005679
:10B73C00464F20257300222214140808003C2625AD
:10B74C002525263C003E1C08003E3E1C1C0808001B
:10B75C004142430061626300313A25750025752A28
:10B76C003130306D730057494B490050524F4649A8
:10B77C004C45003030302F303000535552453F008F
:10B78C00574149542100253032752F2575002B2542
:10B79C00752E257564420025642E253032756B4854
:10B7AC007A00555345520025730A257357004425DA
:10B7BC0030336F49002533642E2530357500252E26
:10B7CC0033732E252E33732020004D487A005354AA
:10B7DC004F5000434152524945520A25303264734E
:10B7EC003A253033646D730054494D454F55540A16
:10B7FC00253032646D3A2530326473002530327551
:10B80C002028252E33732900252E38730A252E382F
:10B81C00730025642A31306D73004E37534958003C
:10B82C0025730A25730025337320256420256400B5
:10B83C0025643A25643A256400257320253264205A
:10B84C002530346400253032643A253032643A2590
:10B85C00303264004255494C44004D454D4F5259CD
:10B86C0000464C4153482025752E2575252500533F
:10B87C0052414D202025752E257525250052454118
:10B88C00440A4D414E55414C0025752E25303275DC
:10B89C00560A2575002564683A253032646D0049D6
:10B8AC006E736964650A46204C6F636B0A506C6159
:10B8BC006E00464D0025302A752F25303275002537
:10B8CC00302A752F2D2D00253032753A25303275E2
:10B8DC000025752E2530327500264949494932001C
:10B8EC002425262122273A3B3F5E607C7B7D5F002E
:10B8FC0053656172636820467265710053656172AD
:10B90C00636820546F6E65005363616E20436F6DE6
:10B91C00706C657465004A616E00466562004D612D
:10B92C007200417072004D6179004A756E004A7563
:10B93C006C0041756700536570004F6374004E6F67
:10B94C007600446563004B45595F4D454E55004BA1
:10B95C0045595F5550004B45595F444F574E004B6E
:10B96C0045595F45584954004B45595F5354415212
:10B97C00004E4152524F574552004E4F524D414C82
:10B98C0000464153540054494E5900434C415353C3
:10B99C004943004B4559530A414354494F4E5300B8
:10B9AC004B4559530A505454004B4559530A414383
:10B9BC0054494F4E530A50545400534F554E440063
:10B9CC0056495355414C004F4E4550555348004C29
:10B9DC004546540A52494748540A55562D4B310096
:10B9EC0055500A444F574E0A55562D4B3528382979
:10B9FC000044454641554C542B0A3133372D3137D1
:10BA0C00340A3430302D343730004643432048411B
:10BA1C004D0A3134342D3134380A3432302D34352A
:10BA2C00300043412048414D0A3134342D313438F3
:10BA3C000A3433302D3435300043452048414D0A0B
:10BA4C003134342D3134360A3433302D3434300023
:10BA5C0047422048414D0A3134342D3134380A34B0
:10BA6C0033302D343430003133372D3137340A3400
:10BA7C0030302D343330003133372D3137340A34F4
:10BA8C0030302D34333800504D522034343600478A
:10BA9C004D52530A4652530A4D5552530044495382
:10BAAC0041424C450A414C4C00554E4C4F434B0ABD
:10BABC00414C4C0056464F00313630306D416820B9
:10BACC004B3500323230306D4168204B3500333508
:10BADC0030306D4168204B3500313430306D416869
:10BAEC00204B3100323530306D4168204B310052E3
:10BAFC004F474552004D4443004D44432D313230A5
:10BB0C0030004C4F474F004E4F4E4500504552436E
:10BB1C00454E5400555020434F444500444F574E1A
:10BB2C0020434F44450055502B444F574E0A434F2A
:10BB3C0044450041504F4C4C4F0A5155494E4441DD
:10BB4C0052004348414E4E454C0A4E554D424552CB
:10BB5C00004E414D45004E414D450A2B0A4652457B
:10BB6C0051004D41494E0A4F4E4C59004455414CE1
:10BB7C002052580A524553504F4E440043524F5393
:10BB8C00530A42414E44004D41494E2054580A44F8
:10BB9C0055414C205258004C4F474F2B004D4154AF
:10BBAC005249580054582F52580057494445003CAC
:10BBBC002032306D003132356D003235306D00354C
:10BBCC0030306D004C4F572031004C4F5720320015
:10BBDC004C4F572033004C4F572034004C4F5720BC
:10BBEC0035004D49440053454E5400574149544982
:10BBFC004E47005245434549564544004D454D205E
:10BC0C0046554C4C004552524F520053454E4449F8
:10BC1C004E47004E4152004E41522B004E2B0044D9
:10BC2C004352004255535900424154204C4F570047
:10BC3C0054582044495341424C450054494D454FBA
:10BC4C00555400414C41524D00564F4C54204849DC
:10BC5C00474800464C415400434C45414E00424F2E
:10BC6C004F5354004D4158005348415250005354C7
:10BC7C004F434B004F50454E002030002E2C2D28AA
:10BC8C0029402F5C2B3D2A233C3E5B5D7E310061BD
:10BC9C0062633200646566330067686934006A6BFE
:10BCAC006C35006D6E6F3600707172733700747581
:10BCBC007638007778797A3900464C4153480A4CEB
:10BCCC004947485400504F574552004D4F4E495428
:10BCDC004F5200564F5800464D20524144494F0098
:10BCEC0031373530487A004C4F434B0A4B4559504D
:10BCFC0041440056464F20410A56464F20420056BA
:10BD0C00464F0A4D454D005258204D4F4445004D6D
:10BD1C0041494E204F4E4C5900574944450A4E411B
:10BD2C0052524F570052585458204C4F47004D55C3
:10BD3C0054450052784100504F5745520A484947E4
:10BD4C00480052454D4F56450A4F46465345540000
:10BD5C004245414D004E4F204C4F470054595045E1
:10BD6C00204D4553534147450050524553532050A5
:10BD7C00545400534156453F0044454C3F004D2D13
:10BD8C005343414E00256425732D25644D004D52BF
:10BD9C0028434825303275290056464F28434825FC
:10BDAC003032752900412D5343414E282575290009
:10BDBC0043482D25303275002533642E256400252B
:10BDCC002E33732E252E31730025337300253473D7
:10BDDC006B004D4F4E00257557504D202573204359
:10BDEC0025750041495220434F5059285244592936
:10BDFC000041495220434F50590041495220434F72
:10BE0C00505928434D502900252E33732E252E339F
:10BE1C0073004D454D2025303375202D20253033B2
:10BE2C00750053657474696E6773005243563A25F6
:10BE3C003032752E25303275252520453A25640083
:10BE4C00534E443A253032752E2530327525250057
:10BE5C0052583A00434C454152204C4F47005339FD
:10BE6C002B2530327500532575004D2025732F2559
:10BE7C007300413A257320256300257578002575DC
:10BE8C002E25303575207F25752E253032756B00AB
:10BE9C00533A2025750025642064426D00256464A6
:10BEAC004200FFFFFFFFFFFFFFFF005745414B0024
:10BEBC004E4F524D00535452470031322E350036FE
:10BECC002E3235004C4E4173004C4E4100504741D0
:10BEDC0000686C4C00412D46612D6638393031328A
:10BEEC0033343536375D002B2D007858002E2C3F1F
:10BEFC0031004142433200444546330047484934FF
:10BF0C00004A4B4C35004D4E4F3600505152533772
:10BF1C0054555638005758595A390404040404042B
:10BF2C00050405050A0F14191E23282D32070809CC
:10BF3C000A0B0C0D000102060E03040F1005111262
:10BF4C001314151617414243442A230040771B0053
:10BF5C0080CBA40080CBA400A00BD100A00BD100FF
:10BF6C00C0800901C0800901C00E1602C00E160265
:10BF7C00005A6202005A6202C029CD02C029CD02C9
:10BF8C0080A4BF07410000007EB5010842000000FC
:10BF9C0089B5010843000000BAB50108440000004F
:10BFAC004DB50108450000006BB5010846000000C6
:10BFBC00ABB501084700000069B501084800000056
:10BFCC0046B50108490000004EB501084A000000C2
:10BFDC0034B501084B0000007DB501084C00000091
:10BFEC0028B501084D0000002DB601084E000000D8
:10BFFC006AB501084F0000002CB601085000000083
:10C00C0075B50108510000007CB501085200000014
:10C01C00BBB50108530000008AB5010854000000AC
:10C02C00F4BE010855000000B4B50108560000002C
:10C03C0096B501085700000070B5010858000000C3
:10C04C00B3B50108590000006FB501085A00000093
:10C05C004CB50108300000002AB601083100000080
:10C06C002DB501083200000033B501083300000083
:10C07C0039B50108340000009CB5010835000000FA
:10C08C003FB501083600000045B501083700000037
:10C09C0088B50108380000004BB5010839000000D4
:10C0AC0067B501082E00000051B501082C000000F6
:10C0BC0058B501083F0000005FB5010827000000DB
:10C0CC0066B50108210000006DB501082F000000C5
:10C0DC00AAB501082800000074B501082900000069
:10C0EC007AB501082600000081B501083A0000006D
:10C0FC0087B501083B0000008EB501083D0000002B
:10C10C0095B501082B0000008FB501082D0000002B
:10C11C009BB501085F000000A2B5010822000000D9
:10C12C00A9B5010824000000B0B5010840000000CA
:10C13C00B8B50108FA00F4017102E803E204C4097D
:10C14C004103010005000A001900320064007D0063
:10C15C008403DC05D007B80B88131027D430204E8D
:10C16C00A86150C3B9A80008F5280108E5300108FA
:10C17C009D5D0108B5740108ED7F01081F111F15A5
:10C18C001F151D151717151D1F041F1B151B0E1131
:10C19C000E110A0451B60008E9360108F12E000808
:10C1AC00595E00087D660008492F000851B600084A
:10C1BC00A5450008A92E00082133000851330008BA
:10C1CC00E5380008252F000851B60008712F00082B
:10C1DC00AD2F000801300008AD350008954C000863
:10C1EC00F94400086D350008213000083D30000886
:10C1FC005D770108F5530108A2C0A1A6A424811FF4
:10C20C002F40AF121113130A0104070B0205080C7F
:10C21C000306090D0E000F00081018203048689610
:10C22C00C8FF081C3044586C8000000000093D0019
:10C23C0000127A000024F4004086510100366E0191
:10C24C0000093D0000093D0000093D000000000010
:10C25C0000000000000000000000000000000000D2
:10C26C0000000000000000000000000001000000C1
:10C27C0002000000030000000400000006000000A3
:10C28C00070000000800000009000000000000008A
:10C29C000000000000000000000000000100000091
:10C2AC000200000003000000040000001201000264
:10C2BC00EF020140B736FFFF000101020301090242
:10C2CC004B000201008032080B000202020100093F
:10C2DC0004000001020201020524001001052401E2
:10C2EC00000104240202052406000107058303084B
:10C2FC00000A09040100020A0000000705020240BE
:10C30C00000007058102400000040309040A0350E1
:10C31C00005500590041001C0350005500590041C4
:10C32C000020004300440043002000440045004D21
:10C33C00004F001603320030003200320031003260
:10C34C000033003400350036000041706558004E53
:10C35C00375349582076372E362E313041000000A5
:10C36C003134000851B6000851B60008DD5E0008F3
:10C37C00653C0008C534000851B600086B03F80290
:10C38C00F8028002380438048403F8025374657090
:10C39C0000000001506F7765720000025278444330
:10C3AC0053000003527843544353000454784443DD
:10C3BC0053000005547843544353000654784F44BB
:10C3CC006972000754784F6666730008572F4E0049
:10C3DC000000000A42757379434C000B436F6D707B
:10C3EC006E6400204D6F64650000003054584C6F33
:10C3FC00636B000C43684C697374001B4368536196
:10C40C007665000D436844656C65000E43684E61AB
:10C41C006D65000F53634C69737400225363507243
:10C42C0069000023507269436831002450726943DB
:10C43C006832002553636E52657600194631536895
:10C44C007274004646314C6F6E6700474632536833
:10C45C007274004846324C6F6E6700494D204C6F29
:10C46C006E67004A4B65794C636B001A5478544FD5
:10C47C007574000942617453617600114261745401
:10C48C007874002F4D6963000000001E4D696342F3
:10C49C006172001F4368446973700010504F6E4DF9
:10C4AC007367002C424C54696D650013424C4D6906
:10C4BC006E000015424C4D6178000016424C5478C9
:10C4CC00527800144265657000000018526F676561
:10C4DC007200002D535445000000001C5250205394
:10C4EC005445001D312043616C6C00215550436F45
:10C4FC00646500264457436F6465002750545420EC
:10C50C004944002844205354000000294420507210
:10C51C00656C002A44204C697665002B564F5800F8
:10C52C0000000012537973496E66002E52784D6FDD
:10C53C006465001753716C00000000005365745063
:10C54C0077720035536574505454003653657454E7
:10C55C004F540037536574454F540038536574433A
:10C56C0074720039536574496E76003A5365744C95
:10C57C00636B003B5365744D6574003C53657447A5
:10C58C005549003D536574527841004453657454C9
:10C59C006D72003E5365744F666600345365744E7D
:10C5AC00464D0040536574566F6C00415365744B97
:10C5BC006579004253657453636E003F5365745341
:10C5CC006176004C46204C6F636B00323335302063
:10C5DC00456E003342617443616C00454261745492
:10C5EC007970004B5365744E6176004352657365E8
:10C5FC007400003100000000000000FF55562D4B68
:10C60C0035204669726D776172652C2045475A5505
:10C61C004D45522B4E375349582076372E362E31F6
:10C62C0030410D0A00001C2744444444271C0C12C2
:10C63C00216D796D21120C0C122161616121120C9A
:10C64C001C1C1422417F0022140814227F007676D1
:10C65C0076767E7F7C464545454545467C003E4189
:10C66C00414122007F40404040003E4141413E005C
:10C67C007F09090906001F2040201F0063140814BD
:10C68C0063007F021C027F003E4141413E00631467
:10C69C00081463007F49494936007F4141413E00FF
:10C6AC003F4038403F007F091929460041221408B9
:10C6BC000008142241007F09192946003E414141DE
:10C6CC003E007F090909060026494949320000004D
:10C6DC00FCB8010808B9010814B9010822B901080D
:10C6EC0026B901082AB901082EB9010832B9010886
:10C6FC0036B901083AB901083EB9010842B9010836
:10C70C0046B901084AB901084EB901087F415D5D7F
:10C71C005D417F006F8B472CE134F82C5E8BF893D6
:10C72C00E1B6658D4A007F415D5D5D417F5B1FBA5F
:10C73C00EED99F559874E21A0D963DA50D69C2A5C8
:10C74C00F296F9595FDC4A146318D94755112C023B
:10C75C00D86467755594537F450D963DA50D69C2F8
:10C76C00A5F296DF19F75FC215BC552A444411FD9A
:10C77C000575757505FD019A38370D963DA50D6942
:10C78C00C2A5F296CBC081DF1175117F3E643718BC
:10C79C007FEB1523017F415D5D5D417F006A0F7466
:10C7AC000ED2B074B16D1859157986CE1543007F31
:10C7BC00415D5D5D417FCD5D8365E7C655BD6B3FDA
:10C7CC00A91CA5E069E34A15062AFECECA3A70D91F
:10C7DC00EAF55C158A6722FF25AEB630F855DD0701
:10C7EC00B6C21CA5E069C46615842B72E8E9231156
:10C7FC00CDE6C191E6887722FD0474747405FD01C1
:10C80C00F7AE811CA5E06954FE37222BEAAAA78D4E
:10C81C005F3155B13FCECA24337F538EA300011A2A
:10C82C001C1E2022242627292D3105091319222408
:10C83C00292B2C303236383C4748494A4B5253004E
:10C84C0052B901085BB9010862B901086BB901085A
:10C85C0074B901082ABD01087DB9010886B901081F
:10C86C008DB9010892B9010897B90108EEB4010815
:10C87C009FB90108ACB90108B5B9010891B6010816
:10C88C00C6B90108CCB90108B1BA010897B90108B9
:10C89C00D3B90108DBB90108ECB90108FDB90108ED
:10C8AC0016BA01082EBA010845BA01085CBA01088B
:10C8BC0073BA010883BA010893BA01089BBA01083C
:10C8CC00A9BA0108B5BA0108C0BA0108B1BA010881
:10C8DC00C4BA0108CFBA0108DABA0108E5BA0108EE
:10C8EC00F0BA0108396434383936330030353A310E
:10C8FC00393A3239004175672031352032303236C1
:10C90C000000000091B60108FBBA010801BB010848
:10C91C0005BB010800000000B1BA0108C6B9010846
:10C92C006DBD0108F3B401080EBB010813BB01086F
:10C93C0013BB0108F3B4010818BB010891B6010838
:10C94C0020BB010828BB010832BB01083FBB010812
:10C95C0069BB01084EBB01085DBB010862BB010845
:10C96C006EBB010878BB010888BB010893BB0108AA
:10C97C0091B601080EBB0108A3BB0108A9BB0108B5
:10C98C0091B60108A1B60108A0BB0108B0BB010813
:10C99C00B6BB01082ABD010891B6010829BC0108E3
:10C9AC00F4BE0108BBBB0108C1BB0108C6BB010832
:10C9BC00CBBB0108D4BB0108DABB0108ECBB0108F6
:10C9CC00AEB70108D0BB0108D6BB0108DCBB01081F
:10C9DC00E2BB0108E8BB0108EEBB010849BD010838
:10C9EC0091B60108DFBD01081F0000001C0000000B
:10C9FC001F0000001E0000001F0000001E000000B1
:10CA0C001F0000001F0000001E0000001F0000009F
:10CA1C001E0000001F000000F2BB0108F7BB01085C
:10CA2C00FFBB010808BC010811BC010817BC0108B8
:10CA3C00464D0000414D00005553420048B70108D7
:10CA4C002FBC010834BC01083CBC010847BC0108E0
:10CA5C004FBC010855BC01085FBC010864BC01084F
:10CA6C00EEBB01086ABC010870BC010874BC01086B
:10CA7C007ABC010880BC0108000000000000003EE8
:10CA8C003E1C1C0808000000000017000300031FD8
:10CA9C000A1F0A1F051904130F171C000300000EB0
:10CAAC0011110E00050205040E0410080004040404
:10CABC000010001804031E110F021F00191512118B
:10CACC00150A07041F1715091E151D1905031F1537
:10CADC001F17150F000A00100A00040A110A0A0A8F
:10CAEC00110A040115030E15161E051E1F150A0E3C
:10CAFC0011111F110E1F15151F05050E151D1F04F5
:10CB0C001F111F1108100F1F041B1F10101F061FD1
:10CB1C001F0E1F0E110E1F05020E191E1F0D1612D1
:10CB2C001509011F010F101F0718071F0C1F1B04ED
:10CB3C001B031C031915131F111102040811111FDB
:10CB4C000201021010100102001A161C1F120C0C0C
:10CB5C0012120C121F0C1A16041E050C2A1E1F0290
:10CB6C001C001D0010201D1F0C12111F101E0E1E6C
:10CB7C001E021C0C120C3E120C0C123E1C02021457
:10CB8C001E0A021F120E101E0E180E1E1C1E120C58
:10CB9C001206281E1A1E16041B11001B00111B0462
:10CBAC00020301121712FCFEFE06060606FEFEFC30
:10CBBC003F7F7F606060607F7F3F0000181CFEFE3F
:10CBCC00FE000000000060607F7F7F6060001C1E24
:10CBDC001E06060686FEFE7C6070787C6E676361BE
:10CBEC0060600C0E0E86868686FEFE7C3070706150
:10CBFC006161617F7F3E80C0E070381C0EFEFEFEDE
:10CC0C000F0F0F0C0C0C0C7F7F7FFEFEFEC6C6C6F2
:10CC1C00C6C6C686307070606060607F7F3FF8FC6F
:10CC2C00FEC6C6C6C6C6C6803F7F7F606060607F9A
:10CC3C007F3F0E0E0E060686E6FE7E1E00000000EE
:10CC4C007C7F7F0300007CFEFE86868686FEFE7C53
:10CC5C003F7F7F616161617F7F3FFCFEFE060606C0
:10CC6C0006FEFEFC016363636363637F3F1F00800A
:10CC7C008080808080808000000101010101010121
:10CC8C00010000005E5E0000060600060600143E71
:10CC9C00143E14002E6B7F6B3A006333180C6663E2
:10CCAC00304B4D552250000007070000001C3E631E
:10CCBC0041000041633E1C00002A1C1C2A0018186D
:10CCCC007E7E18180040602000000018181818000C
:10CCDC000000606000006030180C06033E7F636348
:10CCEC007F3E64667F7F606062737B7B6F6663638D
:10CCFC006B6B7F36383C367F7F306F6F6B6B7B3363
:10CD0C003E7F6B6B7B320303737B0F07367F6B6B42
:10CD1C007F36066F6B6B7F3E00006C6C0000004032
:10CD2C006C2C0000081422410000363636363600D2
:10CD3C000041221408000607535B1F0E307B6B7BEF
:10CD4C007F3E7E7F1B1B7F7E7F7F6B6B7F363E7FA4
:10CD5C00636363367F7F63637F3E7F7F6B6B6B6345
:10CD6C007F7F1B1B1B033E7F636B7B3A7F7F0C0C0F
:10CD7C007F7F63637F7F63633073637F3F037F7F5A
:10CD8C001C3663417F7F606060607F7F06067F7F1B
:10CD9C007F7F0C187F7F3E7F63637F3E7F7F1B1BF3
:10CDAC001F0E3E7F63737F7E7F7F1B3B7F66666FAC
:10CDBC006B6B7B3303037F7F03033F7F60607F3F9D
:10CDCC001F3F60603F1F3F7F30307F3F63771C1CED
:10CDDC007763070F78780F0763737B6F6763007F48
:10CDEC007F6363000102040810600063637F7F00AF
:10CDFC000C0E03030E0C606060606060000307069D
:10CE0C000000207656567E3C7F7F6C6C7C38387CDC
:10CE1C006C6C6C00387C6C6C7F7F3C7E56565E0C68
:10CE2C007E7F1B1B02000C5E56567E3C7F7F0C0CDB
:10CE3C007C7800007A7A00003060607D3D007F7F56
:10CE4C00183C7E66003F7F4000007C7C18187C7C80
:10CE5C007C7C0C0C7C783C7E66667E3C7E7E36361A
:10CE6C003E1C1C3E367E7E607C7C0C0C18004C5E9E
:10CE7C00565676203F7F6C6C60003C7C60607C3C3E
:10CE8C000C3C70703C0C3C7C30307C3C446C383836
:10CE9C006C44066E68687E3E66767E6E6600083E62
:10CEAC007741000000007F0000000041773E080041
:10CEBC000C060C180C0000005E00000000060006BA
:10CECC000000143E143E140026497F4932006313BF
:10CEDC0008046261304B4D552250000007070000DA
:10CEEC00001C224100000041221C0000002A1C1CD6
:10CEFC002A0008083E0808000040602000000008D6
:10CF0C0008080800000060600000402010080402BF
:10CF1C003E414141413E0040427F404062515149B7
:10CF2C004946224149494936181412117F102745A8
:10CF3C00454545393E4949494932010171090503C5
:10CF4C0036494949493646494949291E00006C6C05
:10CF5C00000000406C2C0000081422410000141446
:10CF6C001414140000412214080002015109060097
:10CF7C00304A4A523C007E090909097E7F494949D9
:10CF8C0049363E41414141227F414141413E7F4929
:10CF9C00494949417F09090909013E414949493A31
:10CFAC007F080808087F41417F4141002041413FF3
:10CFBC0001017F080C1221407F40404040407F021D
:10CFCC000404027F7F020408107F3E414141413E30
:10CFDC007F09090909063E415161413E7F09091942
:10CFEC00294626494949493201017F0101003F4048
:10CFFC004040403F0738404038073F403030403FCA
:10D00C006314080814630708700807006151494548
:10D01C004341007F41410000010204081060000000
:10D02C0041417F0004020102040040404040404066
:10D03C000003070600002054545478007F444444F5
:10D04C003800384444442800384444447F00385461
:10D05C00545448007C0A0A0A0200585454543C00A8
:10D06C007F040404780000007A0000002040403D5A
:10D07C000000007F1028440000003F4000007C04AA
:10D08C007C0478007C040404780038444444380060
:10D09C007C1414140800081414147C407C0404043C
:10D0AC0008000854545420003F44444440003C4081
:10D0BC0040403C000C3040300C003C4030403C00C8
:10D0CC004428102844000C5050503C004464544CEC
:10D0DC00440008364100000000007F000000000002
:10D0EC0041360800040204080400000000FCFC00A7
:10D0FC00000000000D0D0000000F1F00001F0F00AE
:10D10C0000000000000020F8F820F8F820020F0FB3
:10D11C00020F0F0270F8888E8E9810040C083838A5
:10D12C000F0730300080C060300C060301000C0C7F
:10D13C0080D87CE4BCD840070F0808070F08001003
:10D14C001F0F000000000000000000000000F0F8BD
:10D15C000C0400000003070C08000000040CF8F09D
:10D16C00000000080C0703000080A0E0C0E0A00055
:10D17C00000203010302008080E0E08080000000D8
:10D18C0003030000000000000000000000101E0E51
:10D19C000000808080808080800000000000000003
:10D1AC00000000000000000000000C0C000000005B
:10D1BC000080C060300C060301000000F8FC040481
:10D1CC0004FCF8070F0808080F07001018FCFC00F7
:10D1DC00000008080F0F0808181C0484C47C380CC5
:10D1EC000E0B09080808181C444444FCB8060E0829
:10D1FC0008080F0780C0603018FCFC010101010118
:10D20C000F0F7C7C444444C484040C0808080F07AA
:10D21C00F0F84C4444C480070F0808080F070404B6
:10D22C000484E47C1C00000E0F010000B8FC444494
:10D23C0044FCB8070F0808080F0778FC848484FCAA
:10D24C00F8000808080C070300000030300000004C
:10D25C00000006060000000000303000000000084E
:10D26C000E0600000080C0603018080000010306A4
:10D27C000C084040404040404002020202020202C0
:10D28C000008183060C08000080C06030100383C10
:10D29C000484C47C380000000D0D0000F0F808C8B0
:10D2AC00C8F8F0070F080B0B0B01F8FC848484FC06
:10D2BC00F80F0F0000000F0FFCFC444444FCB80FA7
:10D2CC000F0808080F07F8FC0404041C18070F08C3
:10D2DC0008080E06FCFC04040CF8F00F0F08080CF0
:10D2EC000703FCFC44444404040F0F080808080816
:10D2FC00FCFC44444404040F0F0000000000F8FC44
:10D30C000484849C98070F0808080F07FCFC404015
:10D31C0040FCFC0F0F0000000F0F000004FCFC048D
:10D32C00000000080F0F080000000004FCFC0406BD
:10D33C000E08080F0700FCFCE030180C040F0F015E
:10D34C0003060C08FCFC00000000000F0F08080886
:10D35C000808FCFC187018FCFC0F0F0000000F0FE5
:10D36C00FCFC60C080FCFC0F0F0000010F0FF8FCF0
:10D37C00040404FCF8070F0808080F07FCFC84845D
:10D38C0084FC780F0F0000000000F8FC040404FC7F
:10D39C00F8070F080C0C1F17FCFC848484FC780F16
:10D3AC000F0103060C08387C444444CC88060E0854
:10D3BC0008080F07000404FCFC04040000000F0F15
:10D3CC000000FCFC000000FCFC070F0808080F071D
:10D3DC007CFC800080FC7C00030F0C0F0300FCFC29
:10D3EC00008000FCFC0F0F0603060F0F0C3CF0C076
:10D3FC00F03C0C0C0F0300030F0C003C7CC0C07CF9
:10D40C003C0000000F0F0000040484C4643C1C0E9C
:10D41C000F09080808080000FCFC04040000000FB9
:10D42C000F0808003870E0C0800000000000010305
:10D43C00070E00000404FCFC00000008080F0F009D
:10D44C00080C0603060C0800000000000000000099
:10D45C0000000000002020202020202000000307D6
:10D46C000400000000000000000000A0A0A0A0E04C
:10D47C00C0070F0808080F0FFCFC202020E0C00F8D
:10D48C000F0808080F07C0E02020206040070F0895
:10D49C0008080C04C0E0202020FCFC070F0808083A
:10D4AC000F0FC0E0202020E0C0070F090909090177
:10D4BC002020F8FC24240400000F0F000000C0E022
:10D4CC00202020E0E0074F4848487F3FFCFC20200C
:10D4DC0020E0C00F0F0000000F0F000020ECEC004C
:10D4EC00000000080F0F08000000000020ECEC000A
:10D4FC00307040407F3FFCFC0080C060200F0F016B
:10D50C0003060C08000004FCFC00000000080F0FD0
:10D51C000800E0E020E020E0C00F0F000F000F0F2C
:10D52C00E0E0202020E0C00F0F0000000F0FC0E053
:10D53C00202020E0C0070F0808080F07E0E020209B
:10D54C0020E0C07F7F0808080F07C0E0202020E003
:10D55C00E0070F0808087F7FE0E060202020200F04
:10D56C000F0000000000C0E0202020202008090946
:10D57C0009090F062020FCFC2020000000070F08E2
:10D58C000808E0E0000000E0E0070F0808080F0FB3
:10D59C00E0E0000000E0E000030F0C0F0300E0E00F
:10D5AC00008000E0E0070F080F080F0760E0800024
:10D5BC0080E0600C0E0301030E0CE0E0000000E0C4
:10D5CC00E0074F4848487F3F202020A0E060200C17
:10D5DC000E0B09080808000040F8BC040400000009
:10D5EC00070F0808000000BCBC00000000000F0F73
:10D5FC000000000404BCF840000008080F070000FD
:10D60C00080C040C080C04000000000000000308C7
:10D61C001018202830383F00A2F14674A4614465EC
:10D62C008A4E44E084EA000390990990A9310005E0
:10D63C0090990990A931000390994688C0380990B7
:10D64C0000320990A933099000364685F03A668578
:10D65C00003D19130D090604140F0A0806043C03B7
:10D66C0064002E036100F8021900D902060076024C
:10D67C0000000000000000000000400364002D03C7
:10D68C005F00E4023C00C3021500AA02050076020A
:10D69C00000000000000450364003A035F00EE0246
:10D6AC003200BC0219006C02050058020000000098
:10D6BC0000003C0364002D036100F6021900D60241
:10D6CC000600760200000000000000000000470386
:10D6DC00640032035F00E9023700BF0219009C02AC
:10D6EC0005006F020000000000009E02B502CF0290
:10D6FC00E80202031D033903560375039303B403B5
:10D70C00CE03E8030B04300455047C04A404CE04BB
:10D71C00F904260555058505B605EA051F063E06DE
:10D72C00560677068F06B106CA06ED0607072B07C5
:10D73C0046076B078807AE07CB07F30711083B08B2
:10D74C008508D108F30820097209C709ED091300EF
:10D75C001500160019001A001E00230027002900CE
:10D76C002B002C00350039003A003B003C004C00EB
:10D77C004D004E005200550059005A005C006300E9
:10D78C0065006A006D006E00720075007A007C0006
:10D79C0085008A00930095009600A300A400A500C4
:10D7AC00A600A900AA00AD00B100B300B500B600F8
:10D7BC00B900BC00C600C900CD00D500D900DA0004
:10D7CC00E300E600E900EE00F400F500F9000901C1
:10D7DC000A010B01130119011A01250126012A0165
:10D7EC002C012D0132013401350136014301460172
:10D7FC004E01530156015A016601750186018A01D9
:10D80C009401970199019A01AC01B201B401C301D1
:10D81C00CA01D301D901DA01DC01E301EC010000FA
:10D82C0000000000E8033C000100F4013C00020091
:10D83C0090011E000100F4011E00010058021E00A0
:10D84C00010070033C00030085BC010888BC010882
:10D85C009BBC0108A0BC0108A5BC0108AABC01081E
:10D86C00AFBC0108B4BC0108BABC0108BFBC0108BC
:10D87C0013BB010800000000C5BC0108010000003A
:10D88C00D1BC010802000000D7BC01080300000055
:10D89C008CBD010804000000DFBC0108050000007D
:10D8AC00E3BC010807000000ECBC01080800000004
:10D8BC00F3BC010809000000FFBC01080A000000CD
:10D8CC000BBD01080B00000016BD01080C00000088
:10D8DC0013BD01080E0000001BBD01080F00000065
:10D8EC00C2B901081000000025BD0108110000009C
:10D8FC0031BD0108170000003ABD010813000000FB
:10D90C003FBD01081400000043BD010815000000D4
:10D91C004EBD0108160000005CBD01081800000097
:10D92C00DFE5EBF1F7FAFD00E8EDF2F7FAFCFE00AB
:10D93C00EDF0F50000A070A101000E886E880100CA
:10D94C000090D69001000038004000000078008064
:10D95C0000000087008801000030003800000070D3
:10D96C0000780000008600870100002800300000CD
:10D97C00006800700000008500860100002000286F
:10D98C0000000060006800000084008501000018A1
:10D99C00002000000058006000000083008401009B
:10D9AC000010001800000050005800000082008396
:10D9BC000100000800100000004800500000008129
:10D9CC000082010000000008000000400048000038
:10D9DC00008000810100000040D9010803000C0008
:10D9EC0052D901080300440064D901080300440023
:10D9FC0076D901080300440088D9010803004400CB
:10DA0C009AD9010803004400ACD901080300440072
:10DA1C00BED9010803004400D0D90108030044001A
:10DA2C002830484058205C342A2A455449414E4DF0
:10DA3C0053555257444B474F4856462A4C2A504A46
:10DA4C00425843595A512A2A35342A332A2A2A321F
:10DA5C002A2A2B2A2A2A2A31363D2F2A2A2A2A2AEE
:10DA6C00372A2A2A382A3930410202420401430457
:10DA7C000544030145010046040447030348040020
:10DA8C004902004A040E4B03054C04024D02034E9E
:10DA9C0002014F030750040651040B5203025303B7
:10DAAC000054010155030456040857030658040991
:10DABC0059040D5A040330051F31051E32051C3361
:10DACC0005183405103505003605013705033805F2
:10DADC000739050F2F05093F060C2E062A2C063395
:10DAEC003D05112D06212B050A28050D260502647E
:10DAFC00320A0000B7BE0108BCBE0108C1BE010855
:10DB0C0079736D67615B554F493F00000000000061
:10DB1C00000000003CD901080400000034D90108C1
:10DB2C00080000002CD90108080000000008020AB7
:10DB3C000C040E06030B01090F070D0530373D438E
:10DB4C0047487E00CDBE0108C6BE0108CBBE010809
:10DB5C0018100A002836087F5848580058005800FA
:10DB6C005800580058245848486C486C087F283690
:10DB7C00283628362836283601000A003200640080
:10DB8C00FA00F40171024103E803E204DC05D0075A
:10DB9C00C4098813102700000000000000000000DA
:10DBAC0000000000D0BE01081308030001000000B3
:10DBBC00D5BE01081305070001000000D9BE0108FD
:10DBCC001300070001000000166C14E62E910D40A6
:10DBDC002135D5401303E98024DA01081CDA010849
:10DBEC0014DA01080CDA010804DA0108FCD901087E
:10DBFC00F4D90108ECD90108E4D901080800801017
:10DC0C0001020000C0401F0A2E00FF02115B000041
:10DC1C001E41000000CE00000000001097310000F3
:10DC2C00FF1352980000000008000000E151BCA84E
:10DC3C004526E400D81C503AE0EA0030000200000F
:10DC4C00166C14E62E910D402135D5401303E98056
:10DC5C000000000000000010001000000010001078
:10DC6C0000200000002000100030000000300010E8
:10DC7C000040000000400010005000000050001058
:10DC8C0000600000006000100070000000700010C8
:10DC9C000080000000806E08009000000090D6000C
:10DCAC0000A0000000A070010000010000B0000204
:10DCBC000010010000C0001091E4000801020108EE
:10DCCC0021E000086D5401086162010841830108DC
:10DCDC000020202020202020202028282828282030
:10DCEC002020202020202020202020202020202028
:10DCFC002088101010101010101010101010101090
:10DD0C00100404040404040404040410101010107F
:10DD1C001010414141414141010101010101010149
:10DD2C00010101010101010101010101101010109B
:10DD3C00101042424242424202020202020202021B
:10DD4C00020202020202020202020202101010106F
:10DD5C002000000000000000000000000000000097
:10DD6C0000000000000000000000000000000000A7
:10DD7C000000000000000000000000000000000097
:10DD8C000000000000000000000000000000000087
:10DD9C000000000000000000000000000000000077
:10DDAC000000000000000000000000000000000067
:10DDBC000000000000000000000000000000000057
:10DDCC000000000000000000000000000000000047
:04DDDC000000000043
:04DDE000D12C00083A
:04DDE400A52C000862
:10DDE80001140A01FFFF01FFFF00C80020033C00E7
:10DDF800B400B400A40188FF88FF3C00F1F0F6FCF1
:10DE0800F9FAFF00FFFF1313E1AC0A130000000149
:10DE1800FFFFFFFF0100000000127A0081000000F0
:10DE2800898901080200000061490108E80301012D
:10DE3800200301FF1313FFFF0103FF016413130005
:10DE480001000000CEFFFFFF7EFFFFFFCEFFFFFFB8
:10DE58007EFFFFFFFFFF0101010001012000FFFF1E
:10DE68000101010080380100010C800C96000000BF
:10DE78007EFFFFFFCEFFFFFF00010000A000002093
:10DE8800000000003C310020A43100200C320020AA
:10DE9800000000000000000000000000000000007A
:10DEA800000000000000000000000000000000006A
:10DEB800000000000000000000000000000000005A
:0CDEC8000000000000000000000000004E
:10DED400000000000000000000000000000000003E
:10DEE400000000000000000000000000000000002E
:10DEF400000000000000000000000000000000001E
:10DF0400000000000000000000000000000000000D
:10DF140000000000000000000000000000000000FD
:10DF240000000000000000000000000000000000ED
:10DF340000000000000000000000000000000000DD
:10DF440000000000000000000000000000000000CD
:10DF540000000000000000000000000000000000BD
:10DF640000000000000000000000000000000000AD
:10DF7400000000000000000000000000000000009D
:10DF8400000000000000000000000000000000008D
:10DF9400000000000000000000000000000000007D
:10DFA400000000000000000000000000000000006D
:10DFB400000000000000000000000000000000005D
:10DFC400000000000000000000000000000000004D
:10DFD400000000000000000000000000000000003D
:10DFE400000000000000000000000000000000002D
:10DFF400000000000000000000000000000000001D
:10E00400000000000000000000000000000000000C
:10E0140000000000000000000000000000000000FC
:10E0240000000000000000000000000000000000EC
:040000050801A6093F
:00000001FF
