:020000040800F2
:102800000040002035AD010865390008673900082F
:1028100000000000000000000000000000000000B8
:1028200000000000000000000000000069390008FE
:1028300000000000000000006B390008D5D8000837
:1028400085AD010885AD010885AD010885AD01089C
:1028500085AD010885AD010885AD010885AD01088C
:1028600085AD010885AD010885AD01088D520008D0
:1028700085AD010885AD010885AD010885AD01086C
:1028800085AD010885AD010885AD010885AD01085C
:1028900085AD010885AD010885AD010885AD01084C
:1028A00085AD010885AD010885AD010885AD01083C
:1028B00085AD010885AD0108000000008191010887
:1028C00002780B78002A03D0013001319A42F7D008
:1028D000D01A70470023C25C0133002AFBD1581E76
:1028E0007047000002B47146490849000956490082
:1028F0008E4402BC7047C04602B471464908490084
:10290000095C49008E4402BC7047C04603B471465E
:10291000490840004900095E49008E4403BC7047E5
:1029200003B47146490840004900095A49008E44E1
:1029300003BC7047002243088B4274D303098B42C7
:102940005FD3030A8B4244D3030B8B4228D3030C7F
:102950008B420DD3FF22090212BA030C8B4202D321
:102960001212090265D0030B8B4219D300E0090A49
:10297000C30B8B4201D3CB03C01A5241830B8B4252
:1029800001D38B03C01A5241430B8B4201D34B033B
:10299000C01A5241030B8B4201D30B03C01A5241A0
:1029A000C30A8B4201D3CB02C01A5241830A8B4225
:1029B00001D38B02C01A5241430A8B4201D34B020E
:1029C000C01A5241030A8B4201D30B02C01A524172
:1029D000CDD2C3098B4201D3CB01C01A5241830926
:1029E0008B4201D38B01C01A524143098B4201D360
:1029F0004B01C01A524103098B4201D30B01C01A8B
:102A00005241C3088B4201D3CB00C01A5241830804
:102A10008B4201D38B00C01A524143088B4201D331
:102A20004B00C01A5241411A00D201465241104691
:102A30007047FFE701B5002000F0F0F802BDC04686
:102A40000029F7D076E7704703460B437FD4002276
:102A500043088B4274D303098B425FD3030A8B4232
:102A600044D3030B8B4228D3030C8B420DD3FF229C
:102A7000090212BA030C8B4202D31212090265D06A
:102A8000030B8B4219D300E0090AC30B8B4201D31D
:102A9000CB03C01A5241830B8B4201D38B03C01A64
:102AA0005241430B8B4201D34B03C01A5241030BDB
:102AB0008B4201D30B03C01A5241C30A8B4201D38C
:102AC000CB02C01A5241830A8B4201D38B02C01A37
:102AD0005241430A8B4201D34B02C01A5241030AAE
:102AE0008B4201D30B02C01A5241CDD2C3098B4293
:102AF00001D3CB01C01A524183098B4201D38B0110
:102B0000C01A524143098B4201D34B01C01A5241B2
:102B100003098B4201D30B01C01A5241C3088B42F7
:102B200001D3CB00C01A524183088B4201D38B00E2
:102B3000C01A524143088B4201D34B00C01A524184
:102B4000411A00D201465241104670475DE0CA0F5B
:102B500000D04942031000D34042534000229C461B
:102B600003098B422DD3030A8B4212D3FC22890125
:102B700012BA030A8B420CD3890192118B4208D3FB
:102B8000890192118B4204D389013AD0921100E05D
:102B90008909C3098B4201D3CB01C01A5241830971
:102BA0008B4201D38B01C01A524143098B4201D39E
:102BB0004B01C01A524103098B4201D30B01C01AC9
:102BC0005241C3088B4201D3CB00C01A5241830843
:102BD0008B4201D38B00C01A5241D9D243088B4299
:102BE00001D34B00C01A5241411A00D2014663463C
:102BF00052415B10104601D34042002B00D54942A0
:102C0000704763465B1000D3404201B5002000F0DE
:102C100005F802BD0029F8D016E770477047C04696
:102C20001C2101231B04984201D3000C10391B0AFC
:102C3000984201D3000A08391B09984201D30009C0
:102C4000043902A2105C40187047C0460403020217
:102C50000101010100000000000000000448054BD4
:102C600010B5834203D0044B002B00D0984710BD11
:102C7000F8000020F8000020000000000648074986
:102C8000091A8B10C90FC91810B5491003D0044B8D
:102C9000002B00D0984710BDF8000020F80000205D
:102CA0000000000010B5074C2378002B09D1FFF776
:102CB000D5FF054B002B02D0044800E000BF0123E4
:102CC000237010BD6002002000000000E0C0010879
:102CD000054B10B5002B03D00449054800E000BFA8
:102CE000FFF7CCFF10BDC0460000000064020020CA
:102CF000E0C00108054B82B0DA6B0243DA63DB6B9C
:102D000018400190019B02B07047C046001002407D
:102D1000054B82B01A6C02431A641B6C1840019078
:102D2000019B02B07047C04600100240802130B5C0
:102D300080240822454B49009962A40045B2002D29
:102D400000DA81E09C62C046C046C046C046C0462C
:102D5000C046C046C046C046C046C046C046C04643
:102D6000C046C046C046C046C046C046C046C04633
:102D7000C046C046C046C046C046C046C046C04623
:102D8000C046C046C046C046C046C046C046C04613
:102D9000C046C046C0469961C046C046C046C0460F
:102DA000C046C046C046C046C046C046C046C046F3
:102DB000C046C046C046C046C046C046C046C046E3
:102DC000C046C046C046C046C046C046C046C046D3
:102DD000C046C046C046C046C046C046C046C046C3
:102DE000C046C046C046C0464000C0B29962C04618
:102DF000C046C046C046C046C046C046C046C046A3
:102E0000C046C046C046C046C046C046C046C04692
:102E1000C046C046C046C046C046C046C046C04682
:102E2000C046C046C046C046C046C046C046C04672
:102E3000C046C046C046C046C046C046C046013A2D
:102E4000002A00D07AE730BD9C617CE70004005086
:102E5000054B82B05A6B02435A635B6B184001907A
:102E6000019B02B07047C046001002400222064B90
:102E700099681142FCD00122187399681142FCD064
:102E8000D868C0B27047C0460038004010B5040092
:102E9000000CC0B2FFF7EAFF200AC0B2FFF7E6FF5E
:102EA000E0B2FFF7E3FF10BD0B4B5A7E002A02D0C1
:102EB0009B7E002B0ED10322084B01211A700022A9
:102EC000074B1A70074B1970074B1B788B4201D0C8
:102ED000064B1A707047C0468C1F00204D0800201A
:102EE0005F1F00204C080020431F00205F000020CF
:102EF000084B1A68293213780133DBB2072B00D94B
:102F0000012313700122044B1A80044A044B1278E7
:102F10001A707047601F00204A080020431F0020DD
:102F20005F0000200122064B1A80064B1A683432DB
:102F300013780133DBB2032B00D1002313707047E9
:102F40004A080020601F0020012305498A7F5A405B
:102F50008A77044A1370044A1370044A1370704746
:102F60008C1F00202B0800202E080020711F00203D
:102F70000A4810B502780A4B002A0CD00633D97FD4
:102F80004C426141D97701235A400270054A1370BF
:102F9000054A137010BD0533F1E7C0462A0800202A
:102FA0008C1F00202E080020711F00200E490F4AA0
:102FB0000B7870B5501D0E4D0E4C002B0CD02D789B
:102FC000C57720780632D077012253400B700A4B28
:102FD0001A700A4B1A7070BDC67F2E70951DED7F5A
:102FE000C37725701800EDE7290800208C1F00200A
:102FF00028080020270800202E080020711F00202C
:10300000012304490A785A400A70034A1370034A9C
:1030100013707047EF1E00202E080020711F002043
:103020000123044A11784B4013700222024B1A709C
:103030007047C046200800201F0800200123044AD2
:1030400011784B4013700222024B1A707047C04631
:103050001E0800201F080020044B05481A88504312
:10306000044A801880B21880000A7047340000209B
:103070000508000019360000F0B5130007270322E9
:103080003B405A431B4B85B0D31801930123039156
:103090009C46002102900020019B5B5C0093009BFA
:1030A0006246C340134213D0039B1C18A3B23F2BAC
:1030B0000ED86546029B5A18E3B23C40A540D2B2F6
:1030C000ECB2072B0CD80C4BD5189B5C1C432C7016
:1030D00001300528E3D101310329DCD105B0F0BD71
:1030E000DB08013BDB01054E9D18AD19F618B35CFA
:1030F000ECE7C04604D0010855080020E11A002082
:10310000054B1A78002A06D000221A70034B0132B0
:103110001A70034B1A707047DC0700206C1F0020E8
:10312000711F002030B50E4B1B689A8B0D4B186831
:103130000D4B19680D4B1C6C844207D15C6C8C42A2
:1031400004D11C0048342488944207D01C00002578
:103150004A3418645964483325801A8030BDC0460B
:103160006C1E002040080020C8040020CC04002071
:103170000E4B10B51B68191E13D00D4A1268918BA7
:1031800000290ED083420ED80A4A126882420AD31E
:10319000C01AFFF7CFFB084B0021984201D801303D
:1031A00081B2080010BD0021FBE7C04640080020A6
:1031B0006C1E0020C8040020FEFF000010B5094C62
:1031C0002278531CDBB2172B00D90023064952008A
:1031D0005052064A23701378172B01D8013313700D
:1031E00010BDC046950400209604002094040020E1
:1031F0000122054B52421A800023044A1360044AFC
:103200001370044A137070470400002090040020DB
:103210008D0400208C04002070B51E4A0300126843
:103220000232D47F221C082C00D208221A491B48E3
:103230000D88083A92B2854206D100200B80844264
:1032400001D0A342404170BD15482E1C854201D9D2
:103250001448068814481036B6B21C1C834201D9A3
:10326000124804880834A4B29E4202D80120934236
:10327000E9D2A64202D801209442E4D29D4202D96A
:1032800000200B80DFE707226A430432D318DB08F3
:10329000F6E7C0466C1E002004000020FFFF00007F
:1032A000EFFF000024C20108F7FF000026C201085A
:1032B000002806D0044A13780133DBB2032B01D86F
:1032C000137070470023FBE789040020F8B5104C09
:1032D0002368002B02D000232360F8BD0D4B0E4F56
:1032E0001B681B691D680D4B2560597B4A42514183
:1032F00048224A439B1888331E683E60FFF778FFD8
:10330000B54201D926603D60FFF70CFFE5E7C046F6
:1033100040080020601F0020C80400208C1F0020EF
:10332000074B1B78012B0AD0064B1B78012B06D0CC
:10333000012205494B7E53404B76044B1A7070476F
:10334000431F00206A1F00208C1F00202B08002034
:103350000021012210B5124B1960124B587B4240DC
:1033600011485A7304788C4202D001700F480170E2
:10337000991DC87F002801D0501CC8770533D97F1C
:10338000002901D00132DA770123094A1370094A72
:103390001370094A13700022084B1A7010BDC04602
:1033A000400800208C1F00205F1F00205C1F0020B1
:1033B0002B0800202E0800205A0000205F0000206B
:1033C000092802D83030C0B2704703000A3BFF2002
:1033D000052BF9D8014AD05CF6E7C046ADCD01080F
:1033E00010B50E4A0E48137B59424B410021DBB207
:1033F00013738B4200D04831883152180260094A59
:103400001378002B03D101331370074A1370002087
:1034100009F05EFE0A22054B1A8010BD8C1F0020A9
:103420006C1E00203F080020711F0020D8070020DC
:10343000194B10B51B78002B11D0FFF761FE174A0E
:10344000174B12781B7852B2002A1BD1154AD27F33
:10345000002A05D1032B02D0032009F0E7FB10BDA1
:10346000114A1278002AF5D16420104908801049C9
:103470000A7010490A7001210F4A117001210A4A8D
:103480001170E7E7084A11780029E3D114200B4AAC
:1034900010800B4AF1E7C046DA070020241F002005
:1034A0006A1F0020911F0020EA1E0020D80700207C
:1034B0005A0000203F080020711F0020460800200D
:1034C0005B000020034B10B51B78002B01D1FFF7E8
:1034D000AFFF10BDE51E0020302210B500210448CA
:1034E00017F07CFC0022034B1A70034B1A7010BDBE
:1034F00096040020950400209404002010B5084B89
:103500001B78012B01D9042B05D1062008F0DEFA27
:10351000062008F0DBFA0022024B1A7010BDC046EC
:10352000CC1F002040000020A023402210B5DB0566
:103530009A6215F0FDFF10BD10B5032804D00728CE
:1035400009D0074B185C03E0064B1878A6231843F4
:10355000FFF7EAFF10BD044B18781530C0B2F7E74B
:1035600080D00108540800203600002070B50C4BB4
:103570001B6834331C78012C0AD10321094D2878AB
:103580000130FFF747FB2970200009F0F5FC70BD02
:10359000002CF9D1044D052128780130F1E7C0460F
:1035A0006C1E0020260800202508002070B508F0B9
:1035B00099FC114B041E00D1104B19680D002D35DC
:1035C0002A78343153425341D8B228700B78012BFA
:1035D00007D153425A4103205242104015F0E8FFF0
:1035E00070BD002CFAD000208242F7D1044B18782D
:1035F0000130C0B2F2E7C0466C1E0020601F002000
:103600002408002070B5868B0068714308183100CB
:103610001C00150008F062FBA04206D8A84203D2A5
:103620003100A01B08F05AFB70BD2800FCE7000029
:10363000F0B5212585B0FFF775FD164B1E68164BBA
:103640001B785BB20193154B1B680293144B1B68EC
:103650000393144B1F783000039B029A0199FFF7E4
:10366000D1FF013DEDB204003060002D07D0FFF71F
:103670007FFD002803D000230B4ABB4202D120006B
:1036800005B0F0BD0232911E09888142E3D00133BA
:10369000DBB2F2E76C1E0020241F0020400800204F
:1036A000C804002016050020CC04002010B509F045
:1036B00053FF0122044B1A70044B1B78002B01D0DE
:1036C000034B1A7010BDC046BE07002048080020FA
:1036D0002E08002070B50B4D00202B78002B0DD14B
:1036E000094B1C78002C06D00A226243074B1A7043
:1036F00000232B7070BDFFF7D9FF200009F096FA68
:10370000F6E7C046BE070020D21F0020BD070020FC
:103710000F4B70B51B78002B17D00E4D2B78002B5C
:1037200015D0002913D001230B4C0A000100812081
:10373000237015F021FB094B2278002A07D0013BAA
:10374000002BF9D123702B7001E011F0C7FA70BD86
:10375000BC070020BB070020BA070020A08601009C
:10376000264B70B51A688023D28BDB009A422ED28A
:1037700000230A2518002249224E0A78DCB294421E
:1037800009D300280DD1042A21D1002301220B7076
:103790001D4B1A7007E06843F45C0133001980B2D6
:1037A000ECE7042AF1D000220138184D84B2110050
:1037B00020006E7B08F070FD002809D1124B1B78A9
:1037C000012B02D80222124B1A700BF09BF870BD2D
:1037D000002302210E4A1370321D520054530D4A29
:1037E000760011700C4A745313700C4A1370687B86
:1037F0000AF088FE0BF086F8E7E7C046601F00205D
:103800005F1F0020D0030020641F00208C1F0020B9
:103810005D1F00201F0800201E0800202008002037
:10382000F8B5264B264C1A78002A03D0A11DCA777A
:1038300000221A700022234B1A70FFF74DFE224B14
:103840001F68224B3E001B78002B01D0204B1E68C6
:103850008022204BD2001B8893421CD2207BB2B224
:10386000031D5B00E25202214300E2520AF04AFECD
:10387000B74204D00BF046F80122174B1A70002310
:10388000383423700BF090FE012009F021FC012256
:10389000124B1A70F8BD124B1D6828002E6009F0FB
:1038A000C3F8280008F0ACFFB742E8D001232A0093
:1038B000217BE88B0BF06AFAE1E7C0468804002020
:1038C0008C1F0020241F002084040020BF0700203C
:1038D000C407002044080020711F00206C1F002036
:1038E0006C1E002010B5174B174CDB7F002B19D036
:1038F000164A1378002B03D000231370144A137058
:10390000144A637B11688022C98BD20091420AD28B
:103910005B00E2189288E25201220F4B1A700F4BA3
:1039200092181A7010BD04335B00E05A0023012185
:103930001A0008F0EBFC0A4B9842F3D0637B5B0063
:10394000E052E9E7901F00208C1F00205F1F00203D
:103950005C1F0020601F0020B00700201F0800200F
:10396000FFFF00007047FEE770477047014B024AB7
:103970009A60704700ED00E0002800080E4B1A78AE
:1039800082420DD018700D4B0D4A1B5C0D491380FF
:103990000D4A12889B1A9AB21BB2002B01D10B70F0
:1039A00070471811002B03DD53421B115B4218B204
:1039B000064B18800123F2E7E51800209FD001088C
:1039C000DC180020E2180020E0180020DE1800209B
:1039D000922210B5054B5200985CFFF7CFFF0022F2
:1039E000034B1A80034B1A7010BDC0468C1F002079
:1039F000401F0020E3180020F8B5802380267E4F6A
:103A00007E4C9B007600BB610500A662C046C046A6
:103A1000C046C046C046C046C046C046C046C04676
:103A2000C046C046C046C046C046C046C046C04666
:103A3000C046C046C046C046C046C046C046C04656
:103A4000C046C046C046C046C046C046C046C04646
:103A5000C046C046C046C046C046C0468020BB6285
:103A60002843FFF763F92368654A13402360C04683
:103A7000C046C046C046C046C046C046C046C04616
:103A8000C046C046C046C046C046C046C046C04606
:103A9000C046C046C046C046C046C046C046C046F6
:103AA000C046C046C046C046C046C046C046C046E6
:103AB000C046C046C046C046C046C046C0461023A9
:103AC0000020400080B2844601212069A661400A9E
:103AD000084061460843C046C046C046C046C0468E
:103AE000C046C046C046C046C046C046C046C046A6
:103AF000C046C046C046C046C046C046C046C04696
:103B0000C046C046C046C046C046C046C046C04685
:103B1000C046C046C046C046C046C046C046C04675
:103B2000C046C046C046A662C046C046C046C04663
:103B3000C046C046C046C046C046C046C046C04655
:103B4000C046C046C046C046C046C046C046C04645
:103B5000C046C046C046C046C046C046C046C04635
:103B6000C046C046C046C046C046C046C046C04625
:103B7000C046C046C046C046013B002B00D0A0E76F
:103B800023681A408023DB021343236080239B00B9
:103B9000BB61C046C046C046C046C046C046C046DF
:103BA000C046C046C046C046C046C046C046C046E5
:103BB000C046C046C046C046C046C046C046C046D5
:103BC000C046C046C046C046C046C046C046C046C5
:103BD000C046C046C046C046C046C046C046C046B5
:103BE000C046A661A361074B302D02D0472D01D1FD
:103BF000054B1880F8BDC04600140050000400506A
:103C0000FFFFF3FF3E0000203C00002070B50600DF
:103C100069200D00FFF7F0FE040003040BD46A20B6
:103C2000FFF7EAFE0C4B24030005000D1C40044383
:103C30000220346070BD6820FFF7DEFE0300002024
:103C40001A04F7D40548DB04DB0C58430449FEF79B
:103C5000FBFE28800120EDE700F0FF00EB120000E2
:103C600010270000F7B5694B694A00931B78019251
:103C7000002B26D113785BB2002B0AD0654B664A25
:103C80001B889B18062B04D8644B1B78002B18D07C
:103C9000F7BD634B1D786B1E022B27D86149624B21
:103CA0000A78002A03D0614A1278002A06D01A78CE
:103CB000002A1BD05E4A1278002A17D100220A700F
:103CC0001A70012009F004FA01225A4B1A70019B64
:103CD0001B785BB2002BDBD0574B1A78502AD7D811
:103CE000002A00D089E0FFF79BFDD1E74B4B012470
:103CF0001B78524F002B0AD03B78DAB2002B05D14B
:103D0000A5421AD00ED9AB1EA34229D900243B7874
:103D10004B4E002B69D1002C67D13378002B41D159
:103D20003470B5E7474BDB7D002BEFD0464B19785D
:103D30000029EBD002241A70E9E7444B1978394B7B
:103D4000002906D01A70404B1A78002ADED00022D3
:103D5000F0E71A78002AF6D11D706432334BF1E790
:103D60003B4B1978304B002914D03A490978012986
:103D700010D11A70344E3378002BC7D00C20FFF7C7
:103D80003BFE0405A40F013C63425C410023640038
:103D90003370BCE71A78002AECD101321A70244B38
:103DA0006332E6E72C4BDB7F002BB9D0023D012DBF
:103DB000B6D80C20FFF720FE0005800F0128AFD1F8
:103DC000254BDB7F002B00D162E7A0238022DB059F
:103DD00052009A62214BEC3A1A800023009A137029
:103DE00001223A701E4A137052E700233370012CEF
:103DF00000D166E7022CE3D04AE719235343194A5E
:103E000013800022184B1A7042E7C046D1070020E9
:103E1000241F00204408002000FCFFFFDA070020D8
:103E2000D7070020D5070020D2070020D0070020A8
:103E3000CF0700206C1F0020B41F0020CE070020F9
:103E4000CC0700208C1F0020CD070020D6070020C3
:103E5000D4070020D30700208F1F0020CA070020AE
:103E6000741E0020460800205B000020F0B5CBB097
:103E70001A22002104A816F0B1FF00245F20FFF7EA
:103E8000BBFD6A461021630052180134D0520D2C3C
:103E9000F4D10BAD1A220021280016F09FFF2A0052
:103EA0000023102069460918C95A0233080A107005
:103EB000517002321A2BF4D10E220021684616F0FE
:103EC0008DFF2EAC7022002112A816F087FF702201
:103ED0000021200016F082FF0023EA5C552A18D04A
:103EE00000242600250027003B4A3C4B11680A228B
:103EF0004A435A6001221D809C70DE701F725A7204
:103F0000002F5ED1FA210020C90008F03FF84BB025
:103F1000F0BD0133072BE0D1EA79072AE0D12A7AF4
:103F2000092ADDD16A7A2A2ADAD1AA7A442AD7D193
:103F3000EA7A6F2AD4D100211A0001200EAD1600B2
:103F4000CB08EB5C8E43334148276E460340F6199D
:103F5000735401317029F2D100220F206939130006
:103F6000942603404B4376009B1915096B445B195B
:103F70006D46E03EAD19AD5C703B01321D70702A9C
:103F8000EDD10022012507200600A35C96432B40BB
:103F9000B3406E46D108765C013233436E467354AB
:103FA000702AF1D16B4668465D889F8813F08AFAC3
:103FB0003F1A7B425F416DBA3478ADB27678FFB27A
:103FC00092E7072C9ED8064BA400E358002B99D00B
:103FD0003100280098479AE7081F00202800002099
:103FE000E4CF0108F8B50C00374B302802D0472841
:103FF00005D1364B1A88A24200D142E11C808023B1
:104000008026334F334D9B007600BB61AE62C046C5
:10401000C046C046C046C046C046C046C046C04670
:10402000C046C046C046C046C046C046C046C04660
:10403000C046C046C046C046C046C046C046C04650
:10404000C046C046C046C046C046C046C046C04640
:10405000C046C046C046C046C046C046C046BB6219
:10406000FEF764FEC046C046C046C046C046C046D5
:10407000C046C046C046C046C046C046C046C04610
:10408000C046C046C046C046C046C046C046C04600
:10409000C046C046C046C046C046C046C046C046F0
:1040A000C046C046C046C046C046C046C046C046E0
:1040B000C046C0461023AE6222B2002A00DAE1E018
:1040C00080229200AA6207E03E0000203C0000200F
:1040D0000014005000040050C046C046C046C04610
:1040E000C046C046C046C046C046C046C046C046A0
:1040F000C046C046C046C046C046C046C046C04690
:10410000C046C046C046C046C046C046C046C0467F
:10411000C046C046C046C046C046C046C046C0466F
:10412000C046C046C046C0466400AE61A4B2C046A8
:10413000C046C046C046C046C046C046C046C0464F
:10414000C046C046C046C046C046C046C046C0463F
:10415000C046C046C046C046C046C046C046C0462F
:10416000C046C046C046C046C046C046C046C0461F
:10417000C046C046C046C046C046C046C046AE6205
:10418000C046C046C046C046C046C046C046C046FF
:10419000C046C046C046C046C046C046C046C046EF
:1041A000C046C046C046C046C046C046C046C046DF
:1041B000C046C046C046C046C046C046C046C046CF
:1041C000C046C046C046C046C046C046C046C046BF
:1041D000013B002B00D06FE7C046C046C046C0463A
:1041E000C046C046C046C046C046C046C046C0469F
:1041F000C046C046C046C046C046C046C046C0468F
:10420000C046C046C046C046C046C046C046C0467E
:10421000C046C046C046C046C046C046C046C0466E
:10422000C046C046C046C04680239B00BB61C04616
:10423000C046C046C046C046C046C046C046C0464E
:10424000C046C046C046C046C046C046C046C0463E
:10425000C046C046C046C046C046C046C046C0462E
:10426000C046C046C046C046C046C046C046C0461E
:10427000C046C046C046C046C046C046C046AE6105
:10428000AB61F8BD80229200AA6125E770B590B0BD
:10429000040040226846184916F0CFFE392C08D891
:1042A0002F2C25D8232C25D00EAD2A2C09D010B0C8
:1042B00070BD2300413B373C032BF8D8A4006C446D
:1042C000250028880D4C0E4E60430E498019FEF7DC
:1042D00031FB81B27120FFF785FE6B8809495C4391
:1042E000A019FEF727FB81B27220FFF77BFEDEE705
:1042F000303CE3E70FADE4E7F8C001084C93010060
:10430000881300001027000010B5094C23880029ED
:1043100008D04022C240134399B233202180FFF7D6
:1043200061FE10BD4121494201411940F5E7C046F7
:10433000C41A002010B5040051200A49FFF752FEAC
:1043400007200949FFF74EFE21050820090DFFF758
:1043500049FE802321021B02090D08201943FFF7A3
:1043600041FE10BD33A00000D70A00000C4B10B571
:10437000C1184B1E9941040049420A4B890A89021F
:10438000C9185120FFF72EFE0748084B6043084923
:10439000C018FEF7CFFA81B20720FFF723FE10BD49
:1043A000BFF5FFFF409400009826030050C30000B3
:1043B000A086010070B5040031200D00FFF71CFB42
:1043C000A02361051B02490D194306004620FFF793
:1043D00009FEC0216D056D0D490129437920FFF7C4
:1043E00001FE7A200449FFF7FDFD0421314331200D
:1043F00089B2FFF7F7FD70BD9A28000010B50400E0
:1044000081B23820FFF7EEFD3920210CFFF7EAFDDD
:1044100010BD000010B50349000201434720FFF71B
:10442000E1FD10BD4260000010B537200549FFF7DF
:10443000D9FD00213020FFF7D5FD30200249FFF7DC
:10444000D1FD10BD1F9F0000F1BF000010B531204D
:10445000FFF7D2FA0223984381B23120FFF7C2FD61
:1044600000212B20FFF7BEFD10BD000070B5050038
:104470003120FFF7C1FA0400002D06D108239C4328
:10448000A1B23120FFF7AEFD70BDAB1E5A1E9341A5
:10449000AD21DB03890119432920FFF7A3FD01208A
:1044A000A842804105494042800301432820FFF78C
:1044B00099FD0821214389B2E3E7C046382B00006B
:1044C00010B53120FFF798FA0423984381B23120C8
:1044D000FFF788FD10BD10B500212420FFF782FDF5
:1044E00010BD0000DB2110B52120C900FFF77AFDC7
:1044F00024200249FFF776FD10BDC0467FC10000B1
:1045000010B550200149FFF76DFD10BD18BB00002C
:1045100010B550200149FFF765FD10BD183B0000A4
:1045200010B500213020FFF75DFDE821372049015B
:10453000FFF758FD10BD000010B500217020FFF7F7
:1045400051FD0020FFF766FFFFF7E2FF002130205A
:10455000FFF748FD30200249FFF744FD10BDC0467B
:10456000F1BF000010B5C3217020FFF73BFD7220A2
:104570000A49FFF737FDC1215820FFF733FD5C20C2
:104580000749FFF72FFD8E215D20C901FFF72AFDA6
:104590005E200449FFF726FD10BDC04665300000CF
:1045A000655600000432000010B500213020FFF7EE
:1045B00019FD10BD054B10B51B78002B05D001214E
:1045C0000020FFF7A1FEFFF72FFF10BDE51E002022
:1045D00010B50400FFF794FF0020FFF71BFF002138
:1045E0007020FFF7FFFCFFF776FF30200349FFF74D
:1045F000F9FC002C01D1FFF78BFF10BDFEC10000BC
:1046000010B530200149FFF7EDFC10BDFAC30000E2
:1046100010B50400FFF766FFFFF772FF0020844229
:1046200000D00330FFF7F6FE70200349FFF7DAFCF5
:10463000FFF7E6FF10BDC046C3C3000010B56720FA
:10464000FFF7DAF9C005C00D10BD000010B5064B2C
:10465000064A1B7811781B011943B0231B0248201E
:104660001943FFF7BFFC10BD0E20002010200020D2
:1046700010B501240E4B05201A7854401C7061427D
:1046800061410F2349421940A1231B01C91810F0B1
:1046900036FC0022074B944202D11A008332127872
:1046A00082331A70FFF7D2FF0122034B1A7010BD3C
:1046B000210800208C1F0020711F002010B5FFF77B
:1046C0009DFEC02151208900FFF78CFCFFF7ACFE56
:1046D00010BD10B500210420FFF716FE00210320B5
:1046E000FFF712FE10BD00000B4B10B5984208D822
:1046F00001210420FFF708FE00210320FFF704FE3C
:1047000003E0013002D1FFF7E4FF10BD00210420D7
:10471000FFF7FAFD0121F0E7FF3EAB0170B51D4B3D
:104720001B78013B012B27D900241B4B1B4A1C7013
:1047300013781B4DA34220D01A4B14701C701A4BD7
:1047400080221C80A02301265200DB059A62174BB1
:104750001C7010F0EDFB164B1B681868FFF7C4FFC8
:10476000144B1E70144B1C700AF01EFF5022134B8A
:104770002C701E70124B1A8070BD124A137008F014
:1047800061F9012008F0A4FC10F0BEFE03232B7099
:10479000F2E7C0466A1F00205F1F00205E1F002056
:1047A0005F000020231F00202C080020741E002022
:1047B0006C1E0020711F0020C41F00202E08002046
:1047C000E21E00204808002070B50F4D04002A6842
:1047D000002A08D0002318000C49A14258419142F8
:1047E0005B41984202D02000FFF77EFF20002C6042
:1047F000FFF704FE00213020FFF7F4FB044B3020CC
:104800001988FFF7EFFB70BD90040020FF3EAB015D
:104810008A040020A023F7B5160008220500DB0556
:104820009A6203200C00FEF721FB2800FEF72EFB06
:10483000C0232E4DDB00AA681100194001911A42D5
:104840000AD10F2E0AD8A619B44249D0FF20FEF78C
:104850000DFB20700134F7E7EA68ECE740222B6893
:10486000042093432B6014F06BFA052014F068FACF
:10487000802284211E4B52015A601E4F04204901A0
:1048800014F040FA05201C4914F03CFAFC601B4C63
:1048900031000420BC6014F045FA194A194B31006C
:1048A000D36094600224052014F03CFA019B164E5C
:1048B000042033703B6823433B6014F04FFA05201B
:1048C00014F04CFA01236A68134340226B602B6892
:1048D00013432B606B681C436C603378002BFCD057
:1048E000A0230822DB059A61F7BDC04600380040CE
:1048F0000000024044000240101000000C3800404C
:1049000058000240D8180020D61800200120024B81
:104910001B699B0A984370470004005000B50300D0
:104920000078002208280ED8FDF7E6FF050F151DB8
:104930003522272F2F000122552904D0AA2901D082
:10494000002000BD05221A70FAE7AA394A425141F7
:1049500049001970F4E703220029F4D005394A42CE
:1049600051418A00EFE7484241411A70C8B2E8E776
:1049700000225529E7D10632E5E7032901D10722B4
:10498000E1E70429DFD10822DDE7122903D8102945
:1049900001D00248017001201A70D2E737000020D0
:1049A0000022034B1A70034B01321A707047C04645
:1049B000D5080020711F0020F7B5A02640275039E8
:1049C0000430F605C5B20193C8B2B762140014F002
:1049D000AFFD10202B09184314F0AAFD0F2028402A
:1049E00014F0A6FD019BB761E5182078013414F09E
:1049F0009FFDAC42F9D1F7BDF8B50423124E040077
:104A0000B3624020FEF790FD104A002C07D0104BF7
:104A100001251F00072C0AD8621ED201D21880235C
:104A200021000020FFF7C8FF0423B361F8BD29006F
:104A300001353A0080230020EDB2FFF7BDFF80373B
:104A4000082DF4D1F0E7C0460004005055080020BE
:104A5000E11A002010B50820FFF7CEFF10BD10B5F9
:104A60000130C0B2FFF7C8FF012011F0DDFD10BD1D
:104A700010B50020FFF7C0FF10BD0000F7B5041E01
:104A8000294E2A4F2BD00024FEF7E6FA7021FDF7BD
:104A9000D7FFA5192970FEF7DFFA0321FDF7D0FF34
:104AA0003D19013101342970202CEDD10BF0E2F8D1
:104AB00000250BF0D5F80024EFB2BB00DBB2019368
:104AC000725DE100611A5118D219121909B2D2B2FD
:104AD000002C16D10198FEF7CFFA0134F0E735002B
:104AE0002B783A5D9B18DBB22B70702B04D9FEF744
:104AF000B3FA0F231840287001340135202CEFD170
:104B0000D4E7032C02D901231A4202D00198FEF700
:104B1000B3FA0134082CD3D10135202DCBD1FFF7C6
:104B2000A7FFFFF797FFF7BDFE070020DE07002075
:104B300070B5254B1C78002C3ED0244BDB7F013B0D
:104B40003B2B39D8224D2B78002B35D1214B1B78AC
:104B5000002B31D1204B1B78012B2DD007F0C2F94F
:104B6000002829D11D4B1B78002B25D11C4B1B780D
:104B7000002B03D01B4B1B78002B1DD01A4B1B782E
:104B8000002B19D1194B1B78002B01D0032B13D10B
:104B9000631E012B11D80FF06FFDFFF769FFFFF7C0
:104BA00059FF012300202B70114B1870114B187006
:104BB000114B187011F038FD70BD032CF1D101209C
:104BC000FFF75CFFEDE7C046DD070020941F0020E3
:104BD000DC0700203A1F00206A1F0020201F002051
:104BE000231F0020D71E0020371F0020431F002056
:104BF000DB0700206C1F0020711F0020042370B50C
:104C0000074DE220AB62FEF78FFC00242000013448
:104C1000E4B2FEF791FC082CF8D10423AB6170BD1F
:104C200000040050042370B50024064DAB62200040
:104C30000134E4B2FEF780FC0B2CF8D10423AB6105
:104C400070BDC046000400500B4B70B51B680B4C88
:104C5000584300236568A268834200D370BDA168F1
:104C60008A4203D99B185B1A0A00F5E78A42FBD2F5
:104C70006E1AF318D318F7E7E818002010E000E0E8
:104C8000324870B50378002B20D0314B314A0021D7
:104C9000595E13885B181BB21380002917DD2E495B
:104CA0000024095F994219DD1478002C1CD12B4A8D
:104CB000013413680720A343136014F041F8200067
:104CC000FFF7C2FF8022264B52009A6270BD002976
:104CD000EAD021490024095F9942E5DB1E4B1B887D
:104CE000138000230370DFE76401FF212000FDF73C
:104CF00021FEFF2300225B019C421AD01100194EB5
:104D0000194D0B0082424B415B423340013394000A
:104D1000FF3301322B51202AF3D101240F4D2B6890
:104D20002342D3D1072014F019F82B681C432C60C0
:104D3000CCE70121094A072013688B43136013F065
:104D4000FFFF8022064B52009A61BFE7E218002065
:104D5000DE180020E0180020DC18002000140040BD
:104D60000014005000FFFF00EC180020782170B5FF
:104D70001B4A1C4B12781C4C4A431A801B4A1C4B82
:104D800012781A701B4B1D781B4BDB7F002B06D152
:104D9000FEF71EFE002D01D0FEF7B0FB70BD012214
:104DA000164B1A702623FF33E05CFEF7E7FD002D5B
:104DB00005D0134B1B78002B0CD1FEF79FFB08345A
:104DC000E17F00230F4A3D2902D00A234B430133E0
:104DD0001380E3E7FFF754FF0B48FFF735FFE8E7E1
:104DE0005E0000203C1F00208C1F0020E5180020E2
:104DF000E418002040000020941F0020E318002049
:104E0000E2180020401F002010270000064910B5BE
:104E10000B78002B03D0054A054B1278DA77002374
:104E20000B70FFF7A3FF10BD23080020220800200D
:104E3000941F002080220A4B520243439B1810B556
:104E400071200C00590CFFF7CDF8FFF761FBFA2039
:104E500080006043FFF7F8FEFFF752FB10BDC0462D
:104E60001DA61400F8B51C0005000E001700FFF782
:104E700047FB201E05D0A02380220320DB05520023
:104E80009A61FFF7C7FA12493F02394389B270208D
:104E9000FFF7A8F8FFF7B4FB0E48FFF7D5FE310087
:104EA0002800FFF7C7FF002C07D0A0238022DB05D6
:104EB000520000209A62FFF7ADFA00217020FFF740
:104EC00091F830200449FFF78DF8FFF721FBF8BD7A
:104ED0000080FFFF50C30000FEC1000010B500219C
:104EE0003F20FFF77FF868215920FFF77BF8034840
:104EF000FFF7AAFEFFF758FB10BDC0463075000053
:104F000010B5FFF7EBFF00210220FFF76BF800213F
:104F10003F20FFF767F8FFF787FAC0213F2089019C
:104F2000FFF760F859200449FFF75CF8592003495E
:104F3000FFF758F810BDC046684000006830000018
:104F400070B50D000400FFF7DBFAC22170200902E2
:104F5000FFF748F880230B495B026943C9187120A9
:104F6000490CFFF73FF80020844200D00330FFF7E0
:104F700051FAFFF745FB0448FFF766FEFFF7C8FA52
:104F800070BDC0461DA6140050C30000F0B5FA263F
:104F90000500002485B003930AAB1F880BAB1B8868
:104FA000B6007343019102920093285D002801D15D
:104FB00005B0F0BDFFF76AF9FFF7AAFA019B002BD5
:104FC00002D00298002C06D02B5D03982A2B02D029
:104FD000232B00D038007043FFF736FEFFF790FA1E
:104FE0000098FFF731FE0134DFE7000070B5A0251F
:104FF0000826094CED050520AE62FDF737FFFF20BE
:10500000FDF734FFAE61C00705D50A20013CFFF76C
:105010001BFE002CEFD170BD40420F0070B5A024E4
:1050200008250600E405A5620620FDF71FFFA5611F
:10503000FFF7DCFFA5622020FDF718FF3000FDF729
:1050400025FFA561FFF7D2FF70BD000010B5040079
:10505000FFF7E4FF054B1B68A34205D18022FF2127
:105060000348520115F0BAFE10BDC04638000020BA
:10507000D6080020F0B587B06B46049003921A7CE6
:105080008023A0255B0002919B1AED05039A0192F3
:105090009A4200D9019308231C00AB620620FDF759
:1050A000E5FEAC610220AC62FDF7E0FE0498FDF77E
:1050B000EDFE029C019AA6180F2A5BD94022314CC2
:1050C00004202368304E9343236013F039FE0520FB
:1050D00013F036FE80222D4B52015A60002104202D
:1050E00013F010FE9021052013F00CFE284F294BE1
:1050F0000420F3600199B76013F014FE264B029967
:105100000520D9609F60019913F00CFE234B022704
:1051100005930023059904200B7033683B433360EB
:1051200013F01CFE052013F019FE012362681343DF
:105130004022636023681343236063681F436760F2
:10514000059B1B78002BFBD00823AB61FFF74EFFBC
:10515000019A049B944663440493029B6344029324
:10516000039B9B1A03938023039A5B00002A8DD133
:1051700007B0F0BD20780134FDF778FEB442F9D1D4
:10518000E2E7C04600380040440002400000024010
:105190000C380040D818002058000240D6180020D3
:1051A000F0B587B0059380230705040B3F0D5B0125
:1051B0000190029103922403DE1B039B002B03D179
:1051C000FFF714FF07B0F0BDFFF710FF039DB542D6
:1051D00000D935002B4E3368A34206D08022200030
:1051E00029495201FFF716FB3460274E2A00BE19E9
:1051F0003100029815F09EFF002826D00023F25CB3
:10520000FF2A31D101339D42F9D100232A00300019
:105210000299049315F011FF049B002B2DD0200060
:10522000FFF7FCFEFFF7E2FE059B174E002B1DD09B
:10523000EF193A0031002000FFF71CFF80225201D5
:10524000FF21D21BF01915F0C9FD019B00275B1946
:105250000193029B5B190293039B5B1B03938023C7
:105260005B011E00E418A8E70123CFE7802231008C
:1052700020005201FFF7FEFEE7E72A00029901989D
:10528000F8E7C04638000020D608002080201C49DE
:1052900080010B6810B5034230D00224194B1A6804
:1052A00022422BD01A68A2431A6048600A20FFF7F6
:1052B000CBFCC021144A154B49019868084202D022
:1052C000013A002AF9D180210F4A9868084202D099
:1052D000013A002AF9D1C0210B4AC9009868084256
:1052E00002D0013A002AF9D102215A688A435A6051
:1052F0005A6801398A435A60054B197010BDC0467F
:105300000000024044000240112700000038004025
:10531000D618002070B540262025094C0120A66132
:10532000FFF792FCA5610120FFF78EFCA662012029
:10533000FFF78AFCA5620120FFF786FC70BDC0461E
:105340000014005070B540252026094C0120A562AC
:10535000FFF77AFCA6620120FFF776FCA661012028
:10536000FFF772FCA5610120FFF76EFC70BDC0461F
:1053700000140050F7B5234C234A236801901340D2
:105380002360082300252027012600933000A76210
:10539000FFF75AFC3000A761FFF756FC3000FFF71B
:1053A00053FC23696D00EDB25B0600D53543300038
:1053B000A762FFF749FC009B013BDBB20093002B87
:1053C000E4D12268104B01201A4080235B01134373
:1053D0002360A762FFF738FC019A4023002A0ED011
:1053E000A36120260120FFF72FFCA6610120FFF713
:1053F0002BFCA6620120FFF727FC2800FEBDA3625C
:10540000EFE7C04600140050FFCFFFFFF8B52023A0
:10541000264C0500A3620120FFF716FC08266BB29C
:10542000002B3EDB4023A36220270120FFF70CFC6A
:10543000013E0120A761FFF707FC6D000120A76274
:10544000F6B2FFF701FCEDB2002EE8D1402523684B
:10545000174E012033402360A561FFF7F5FBA761DC
:105460000120FFF7F1FBDF3723691A002A402B42A6
:105470001AD0013F0120FFB2FFF7E6FB002FF3D166
:1054800001256D422023A3620120FFF7DDFB80236D
:1054900022685B0132401343236040232800A3614C
:1054A000F8BD4023A361BFE71500EBE700140050EF
:1054B000FFCFFFFFF8B57823802680270025164C04
:1054C0003602A361FF010A20FFF7BEFB23691A0021
:1054D0003240334212D03B420FD09A0417D50322F8
:1054E000DB040BD50135052D13D078230722A361EA
:1054F000521B773B9340A362E5E70122074BA900CB
:105500005B18985C1328EDD07823A361F8BD0222C4
:10551000F4E71320F8E7C046000400508BD00108E0
:1055200010B532246320FEF767FAC0B2C72806D947
:10553000013C0120E4B2FFF787FB002CF2D1FFF71A
:105540007DF8FFF77BF810BD70B5FFF7E9FF1A4A49
:105550000400031C904201D9184B1B88184A0833D9
:1055600012689BB20232D17F164A1588164A9542BC
:1055700004D1002901D0994212D970BD134E2A1CC2
:10558000B54201D9124A1288103292B29A42F4D826
:105590000A1C082900D20822083A92B29A42ECD892
:1055A000AF204000FFF750FBFFF7BAFF231C8442F7
:1055B00000D2031C98B2E0E7F7FF000026C2010802
:1055C0006C1E002004000020FFFF0000EFFF000021
:1055D00024C20108604BF0B51C68604B85B01B68A5
:1055E000002B00D1A8E05E4B1B78002B00D19DE082
:1055F000A31CDB7F002B00D198E03020FEF7FCF9E4
:105600000626584A584B10401880FEF711F82060C3
:10561000200007F009FA23691D68544B1B68002B12
:1056200006D0534A127852B2002A4ADD9D424CD32A
:105630002800FFF7C9F8FFF787FF0500FDF7BEFD5B
:105640002800FDF7E9FD002861D0A18B4B1EF82B47
:1056500028D8FA20236880000293FDF7F5F9502836
:1056600000DD50200026370083B2039323691B68B6
:105670000193FDF7DDFF2060200007F0D5F92369D5
:1056800018683B4B1B785BB2002B21DD019B8342EA
:1056900023D9029B2000236007F0C6F9236918680C
:1056A000FFF792F80122334B1A70200007F0BCF983
:1056B000200007F0A5F8012007F00AFD09222E4B73
:1056C0002EE0002AB4D09D42B2D9FDF791FDAFE79C
:1056D000002B02D0019B8342DBD3FFF775F8FFF765
:1056E0001FFF854209D20500002723680293013677
:1056F000039BB6B2B342B9D1CBE78542F7D9281A9A
:105700000728F4DD0137FFB2022FF0D9C1E7013ECF
:10571000F6B2002E00D078E70122164B1E70164B11
:105720001A800122154B1A7005B0F0BD114A137092
:10573000FDF77EFF2060B8E70E4A0D491370208EFA
:105740000F4AC000097813185B68825849B22000DC
:10575000FDF758FFEEE7C0466C1E00204008002011
:1057600003000020FFFDFFFF8A04002090040020BA
:10577000241F00208D040020460800206C1F0020FC
:10578000B4CD0108F0B5D44BD44C1A7895B0531E63
:10579000182B3DD8230080212A331B78C90005939C
:1057A000A38D8B4231D01BB2E58D8D4236D02DB208
:1057B000CB49019109880291059900290ED0C94968
:1057C0000E780391002E2CD0012E00D140E103234E
:1057D000039A1370C44B019A1B8813800025C04B99
:1057E00001221E88C14B5D572300701929331B7895
:1057F000290080B206F08AFDBD4B0700984200D018
:1058000038E1FDF7F5FC00271BE001235B42CBE705
:10581000012301215B421D000591C9E701256D426D
:10582000C6E7B14902980880002B00DA10E19FB268
:105830003100380006F030FD002800D108E1039B5C
:105840001E70019B1F80237B1A1D5B00E752A94B32
:1058500052001D68A84BA7521B78EF83002B00D184
:1058600074E1AB1CDB7F002B00D12EE1102238014C
:1058700008A9FEF7CFFF089B0193013B033300D932
:1058800020E1152008AB1B22C018002115F0A6FA54
:10589000019B0C930E93099B0293029A974B9A4299
:1058A00001D9974B0293029B0F24109308AB9B7A6C
:1058B00008A91A001B0922400A750B770CA8097A5F
:1058C00006F08EFF08AB597A0EA806F089FF08ABE8
:1058D000DB7A1C400394022C01D900220392039925
:1058E0000CAA11761E092F2B00D90026D67508ABFD
:1058F0009B7B0493172B01D904230493049B0CAACC
:10590000049993757F4B4900CB5A012107939382E9
:1059100008AB1B7BFF2B00D0BBE051760691039BAD
:10592000012B00D1C5E0022B00D1C7E008AB5B7BA7
:10593000FF2B06D01B075B0F042B00D900230CAAFA
:10594000937748226549704C0B7B20005343C9185C
:10595000883115F072FB0CAA11002300E78381C97E
:1059600081C39C46180088C988C063460299039881
:10597000A1610799A1830499D977210034310E7070
:10598000611CC8772100507E293108702000917E6B
:105990002B3001702000D77E2D3007702000177F3C
:1059A000333007702000069F28300770907F220058
:1059B000002901D01A002300226101226361534BA8
:1059C00021001A702B002F003231087034331C78FC
:1059D0002D373A78A64201D1002A16D01E70002336
:1059E0003B70A64202D0300007F0C6FA0020012E1C
:1059F00003D13878002800D0032013F0D9FDA64247
:105A000003D00122424B52421A803020FDF7F4FFAE
:105A1000404A414B104018800198FEF7D5FEFFF731
:105A200093FD0400FDF7CAFB2000FDF7F5FB3B4B9F
:105A3000002877D001221A70284B0221187B08F029
:105A400061FD012007F044FB0122354B1A7086E00E
:105A5000230029331A78002D00DAB8E6AFB200210E
:105A6000380006F019FC002800D1B0E601221D4BD9
:105A70001A70E6E6002D05DD864200D8E1E6FDF766
:105A8000B7FBDEE6002D00D1DBE6864200D3D8E688
:105A9000F5E718000840907658080840D076D806F8
:105AA000400F507658099B0908400B401077069329
:105AB00035E7019B029A9B180E9337E7019B029AE8
:105AC0009B1AF9E70022114B1A700022134B1A702F
:105AD000029BBB4243D0AFE7B51F00208C1F0020C4
:105AE000440800208904002080040020241F002096
:105AF000FFFF00006C1E002003000020FFE0F50502
:105B000040420F009CCF0108380400208C04002084
:105B100004000020FFFDFFFF8A0400208D04002008
:105B20006C1F00201870019B0F4A2B6012780F4BDE
:105B3000002A01D09B68AB6001220D4B1A800D4BEF
:105B40001A700598FDF7B4FB15B0F0BD029BBB427F
:105B500000D071E7084B1B78002B00D06CE70922BE
:105B6000034B1A80EDE7C046630400203804002090
:105B7000460800206C1F00208D040020F0B585B081
:105B8000041E039107D0324A324BD17F1970002393
:105B9000D377314A137006F055FF06F0A3F92F4B67
:105BA00001932F4B0293002812D0A02380220025BE
:105BB000DB0552009A622B4B1D702B4B1D70019B15
:105BC0001D70029B1D7006F099F9280007F02EF851
:105BD0000022264B1E68264BF78B1F80254B1A7020
:105BE000254B039A1A70FDF777FCFDF701FB802324
:105BF000224DDB009F4221D2214B187806F006FB94
:105C0000002804D1013006F019FB0AF08DF8002CB1
:105C100003D0F38B1B4A2B601360FFF7B3FD1A4BC5
:105C20002A681A603222194B1A800023184A13700E
:105C3000019A1370029A137005B0F0BD002C03D0C6
:105C40003368104A2B601360FFF7C4FCE7E7C046D7
:105C5000921F002088040020BF070020EA1E0020B9
:105C6000EB1E0020741E0020480800206C1E00203F
:105C70004408002089040020241F0020C4070020BD
:105C8000B51F002084040020C00700204608002023
:105C90005B000020010010B50020FFF76FFF074BED
:105CA0001B680233DA7F1423002A00D0133B044A16
:105CB00013800022034B1A7010BDC0466C1E0020DA
:105CC000460800205B0000200A4B10B51A68002A25
:105CD00001D1094A1A601868084A4118914206D948
:105CE00015F052F80C2303600120404210BD1960EA
:105CF000FCE7C04650080020E032002000400020B1
:105D000070B506000D001400FEF74AFE2A4B1B7802
:105D1000002B1DD129490B78002B19D00122284BCB
:105D20001A70122E13D1002C11D1002D0FD0254B3B
:105D30001A70254B254A1C701378002B01D10B706B
:105D400005E02D21013BDBB21370214AD15470BD17
:105D5000112E1DD0122E13D000230A2E1FD0AC42BC
:105D6000F5D101201B4A174912780870002A1DD06E
:105D7000182B1BD8184ADA40024217D00223DEE75C
:105D8000164B002C02D048331B78E8E74733FBE77B
:105D9000124B002C01D04A33F6E74933F4E79C421A
:105DA000DDD024220D4BFF329B5CD8E70C4A9B00D0
:105DB0009B589847CBE7C046431F0020221F002076
:105DC000ED1E00205D1F00205F0000203E08002027
:105DD0002F0800205E1F00202CDCF2018C1F002009
:105DE0001CD001080E4910B50A780E4B002A0AD1C2
:105DF0000833D87F0C4A10703D22DA7701230B70EC
:105E0000FEF7B4FF10BD2621084AFF31595C127815
:105E10000833914202D10022DA77F1E73D22FBE715
:105E2000230800208C1F002022080020E4180020F6
:105E3000BFF34F8F034B044ADA60BFF34F8FC04666
:105E4000FDE7C04600ED00E00400FA05F7B50600E6
:105E5000FDF756F9494B1C68002C0AD0484B1B78BB
:105E6000002B06D1B01E434258412100800010F0A3
:105E70007FFFE122434B444F52011A803B78002BB5
:105E800001D00FF055F8A0238022DB0552009A6163
:105E90003E4BFF3A1A703E4B1B789B0701D5FEF72D
:105EA00065FF00223B4B3C4D9A563C4B0193002A28
:105EB0001CD16B1DDB7F002B42D13434FEF7C6FBB7
:105EC000207807F059F8300006F0B0FE022E02D01C
:105ED0003B78002B4DD0324B1B78012B02D0002099
:105EE0000EF07CFB0123019A1370F7BD2835FDF7F6
:105EF0007FF92B78502B1FD92A4A1178002909D114
:105F0000503B1900FA235B004B4327499BB20B809F
:105F1000012313700022254B1A70254A254B116866
:105F200019608021E38BC9008B4200D32368136082
:105F30000122214B1A70C0E700221B4B1A80E9E7AF
:105F40000635E97F4B424B413C205B42FF3003402A
:105F50001A48693303801A4B1A70002902D10122B2
:105F6000184B1A700022184B1A700123019A1370F3
:105F7000A3E70122154B1A70B4E7C0466C1E00203F
:105F8000D91A0020661F00205E1F0020741E00200A
:105F9000C8070020241F00208C1F0020711F002034
:105FA000431F0020EB1E0020460800205B0000205D
:105FB000C4070020C0070020BF070020D80700202A
:105FC0005A000020EC1E00203F0800206C1F00201B
:105FD00010B5174B1B78022B08D006F033FD0120BB
:105FE00007F076F80220FFF731FF10BD0022114BB9
:105FF0001A70114B1B785BB2934208D0FA210F4BF9
:10600000490019800E4B1A700E4B01321A70012094
:1060100007F05EF80C4B0D4C1B78002B04D00FF0F2
:1060200073FA03232370E0E7094B1B78FAE7C046B5
:106030006A1F002048080020241F00204608002076
:106040005B000020EB1E00205E1F00205F00002090
:10605000431F00201E4B10B51B78D8B2002B09D16E
:106060001C4B1B78002B04D006F0E0FD01221A4BDC
:106070001A7010BD194B1A78194B1B7813435942EB
:106080004B411849DBB20978C8B2002905D0012A72
:1060900003D10021144B1970030014490978002919
:1060A00012D01349097801290ED1023A012A0BD8DE
:1060B0000022104B1A70104B04201B78002B00D0CC
:1060C0000238FFF7C3FED4E7002BF4D1D1E7C04676
:1060D000DA0700206A1F00206C1F0020D70700206D
:1060E000241F0020D6070020D5070020D407002059
:1060F000D3070020D20700204808002010B51A4915
:106100001A4B08781A781A4B00280FD0032A0FD0A0
:10611000184A1278D0B2002A00D108701B88164A9B
:106120009B18062B1DD9FFF72DFB12E0032AF5D192
:106130001B88114A9B18062B03D9104B1B78002B88
:10614000F1D10F4B04201B78002B00D00238FFF751
:106150007DFE00230B4A13700B4A13700B4A137019
:1061600010BDFFF737FAF4E78D0400206A1F002006
:1061700044080020DA07002000FCFFFFD7070020BA
:1061800048080020EB1E0020EA1E00205B000020D3
:10619000F7B5814C0E00657B002902D001227F4BB0
:1061A0001A70237F002B04D0022802D0FEF7F8FBE0
:1061B000F7BD7B4B1B78012B03D1784B02221A7061
:1061C000F6E7122800D90EE2FCF7AAFB130016002E
:1061D0008D0093009900A500DC00DF009B01AA015F
:1061E0000D02C401C4010D020D020D020D02E901F0
:1061F000E901FEF793FADBE76A4B6B491A68D38B28
:106200005B18062B43D9FEF7CBFB231DDB7F002B4E
:10621000D3D0664B1B78002BCFD1654B1B785BB27C
:10622000002B0BD0634B1B78032BC1D1624B1B7827
:10623000002BBDD0614B1B88002BB9D08023627B23
:10624000DB005100605A9842B2D248235343E3180E
:106250001A008020B8321288C000121892B2A633F9
:1062600062521A8006F0EEFB554B1C68200006F0C7
:10627000DBFB200006F0C4FA012006F029FF012311
:10628000504A1380504A1370504A137090E7138E8F
:10629000062B07D111694E480E68864202D84D4B35
:1062A0000B6085E701339BB21386042B17D14A4B51
:1062B0001B78002B01D105331386138E8022D20068
:1062C0009B1801229BB26D0063536519AB803E4B56
:1062D0001A70424B92181A70414B00226FE7062B3E
:1062E000EBD90023E8E701223C4B1A70FDF730F8A8
:1062F0005EE70122394B1A70FDF7F4FA58E7FEF712
:106300004FFB00200634374BE27FE0771A700BF02A
:10631000AFFA334B52E7002E04D113F057F9304B4C
:106320001E7045E705F0C2FB051E00D040E71D4B7F
:106330001C688023E08BDB00984202D3FCF7C6FF89
:1063400036E705F0DBFE037801007F2B0AD97F22B8
:1063500013400370E08B05F0C1FE01221F4B1A7041
:10636000214B2CE722002E3213780133DBB2192B9C
:1063700000D92B001370012321001A00E08B11F0CB
:10638000E1F8EAE7FCF7B4FD12E7184D2B78002B93
:106390002ED010F06DF80BE78C1F00205D1F002041
:1063A000431F0020601F002000FCFFFF3E1F002055
:1063B000241F00206A1F0020EA1E0020460800203B
:1063C0006C1E00204A080020B00700206C1F00202F
:1063D000FFE0F50500E1F505340400201F0800206A
:1063E0005F00002033040020AF070020071F0020BB
:1063F000621DD27F804B1A70A21D804BD27F1A7013
:106400007F4B1A78002A01D101321A7000237D4A8D
:10641000A38413707C4A137006F014FB7B4A7C4FF4
:106420001378002B04D17B4B39781970012313703A
:106430000126794B30001E7006F04AFE774803783B
:106440000193002B07D1220041321178744B067062
:106450001970019B1370FEF73EF8012302203B7078
:10646000FFF7F4FC00226F4B1A706F4B1A702C234D
:10647000FF33E35C5A1F5F2A00D914236B4A137061
:10648000C8226B4B92001A8001226A4B1A700023BB
:10649000694A1370694A1370694A1370694A137024
:1064A000694A13700FF0B6FF684B694A18880323D6
:1064B00043431188994200D0138001200FF042FF1E
:1064C0000122644B2A701A7000217F32624814F056
:1064D00085FC80220021614814F080FC802200218C
:1064E0005F4814F07BFC002180225E4814F076FCAB
:1064F00000225D4B1A700FF0CDF9022005F0E6FA8C
:1065000056E6002E02D1FFF76DFC51E60121574BF4
:106510001B682B331A784A401A70554B198047E68E
:10652000002E02D1FEF772FC42E6260000224E3613
:106530001100308805F0B0FE002800D138E632881E
:106540002B1D5B006D00E25262530122494B1A7011
:10655000494B33E6494B1B785BB2002B0BD00B2821
:1065600006D10A3805F06AFE09F0DEFB3E4BB4E6C0
:1065700001204042F6E7424AE37D11780A2900D122
:1065800013700B2807D1082B01D80133E3750122C2
:10659000394B1A70EAE7002BF9D0013BF6E7334B91
:1065A000384D196800230C000834E27FEE5C9642F7
:1065B00003D00133182BF9D10023122803D1172B54
:1065C000D4D0012202E0FF22002BCFD0D218D2B2C9
:1065D000AB5C2D4AE377CB8B9B18062BD7D80122D7
:1065E000234B1A80D3E7FEF7DBF9002E00D1DFE55D
:1065F0000122264BE3E5C04632040020310400208E
:10660000300400203F0800205A0000202F04002002
:10661000480800202E040020EC1E00202D0400203D
:106620002C0400202B040020DA03002001000020AD
:106630000C0000200000002033060020320600205D
:1066400034060020D9030020D80300201A000020BF
:106650001000002036060020611C0020E11C0020F4
:10666000611D0020E11D0020D5080020601F0020D2
:106670004A080020B00700201F080020241F002027
:106680000200002095CD010800FCFFFF5D1F0020E7
:1066900010B514220021024814F0A0FB10BDC04622
:1066A000461F002070B5414B04001B78A0B0002BA2
:1066B00040D005F017FC051E0BD103200DF08EFF16
:1066C0003B4B1D703B4B1B785EB2002B03D00EF092
:1066D00017FD20B070BD384A384B394D002C25D0FD
:1066E0000121684611708022FE311E7014F076FB85
:1066F0003300802269463348FEF752FD6022FF21B5
:10670000314814F06BFBAB7D304A9B075B0F9D5A01
:106710002F4B07201D800EF0D1FB2E4B0009188057
:106720002200012128000EF0B3FCD2E714701C7087
:10673000AD8AEDE705F0BAF9041ECAD11C4B1870FA
:10674000254B1870FFF7A4FF06F07CF92000002409
:106750000DF044FF214B1C57002C16D08022204BFB
:10676000D2001B88934202D3FDF75AF8B1E701200B
:1067700005F064FD09F0D8FA08F016FF2000FFF7D5
:1067800089FA0122174B1A70A3E7174B1B685A1E90
:106790009341164A0133137008F006FF01210800E7
:1067A000FFF7ECF9124B1C70EBE7C0465E1F0020B0
:1067B00048080020231F0020DA1E0020D61E0020DB
:1067C0008C1F002028A00000761E002004D20108A3
:1067D000701E0020721E00205B1F0020241F00205E
:1067E00044080020711F002040080020C41F002022
:1067F0003F08002010B50120FFF754FF10BD000036
:106800000F2210B50021044814F0E8FA0022034BCF
:106810001A70034B1A7010BD2F0800203E0800208C
:10682000221F0020114B70B51B78002B03D1104B99
:106830001B78002B07D0FFF7E3FF00220D4B1A70E7
:106840000D4B01321A700D4B0D4C1B780D4D002B6A
:1068500003D123782A78134307D0FEF7A1F8002349
:1068600001222B702370044B1A7070BD221F002070
:106870003E0800205F0000206C1F0020D50800208B
:10688000641F00205F1F002010B51D4B1B78002BDC
:1068900003D11C4B1B78012B07D1002921D10028E3
:1068A0001FD00222184B1A701BE0002915D10028B6
:1068B00018D1164A1278002A01D1002B01D0032BDF
:1068C0000FD10123124A11784B40137002D01022CD
:1068D000104B1A70104B0122E5E7002801D0FCF79D
:1068E0001FFD10BD084A032B02D001231370F8E7E7
:1068F0000A4B1B78002BF8D002231370084BEAE7F1
:106900005F1F0020431F00205D1F00205E1F00202E
:10691000D5080020641F0020711F0020231F0020C5
:10692000ED1E00200022404B70B51A70904203D03B
:106930003E4B1B78934212D03D4B1B78012B0DD15F
:106940000024FCF7C7FE3B4B20001C7006F03EFD08
:10695000394B1B78012B01D0384B1C7070BD05F0F2
:10696000A5F8354D002807D00BF012F8344B1B78F2
:10697000002B2ED0334B2AE0334B1B785BB2002B1D
:1069800002D0FCF74DFFF1E7304B1B78002B05D010
:106990000EF0B6FB0322294B1A70E7E72B78032B86
:1069A00014D0234A1278012A03D1294A1278002AE6
:1069B000D4D0012B02D00022204B1A702549264B3F
:1069C00009781A78002915D1002A1AD1234B0122FF
:1069D0001A700022224B1A702B78012B04D0174B0F
:1069E0001978032900D01A7001221E4B1A701E4B11
:1069F0001A70B3E7002A04D11C4A1278002AE5D0A5
:106A00001A701A780E2A01D90E221A7000261B78E5
:106A1000164A174C1749137020000E22CE5414F05A
:106A200015FBA673D2E7C0465F1F0020F91E0020A9
:106A30006A1F0020DE1E0020431F00205F00002090
:106A4000201F0020B4070020241F0020231F002047
:106A5000BD070020221F00203E0800204C08002017
:106A600018050020711F00206C1F00203504002035
:106A7000D02000202F080020F0B5B94B87B002933A
:106A80001B7804000D001600002B10D100290ED039
:106A9000B44A137A002B0AD0B34B1978092906D1CE
:106AA000102804D012681A700122B04B1BE0B04FBE
:106AB0003B78132B06D0A34216D1002D14D11323FB
:106AC0003B7011E0AB4A1278002A10D0002D01D1A2
:106AD000102C0BD1FCF714FBFEF748F9102C06D054
:106AE0000022A54B3C701A7007B0F0BD1C00A34FEC
:106AF0003B78132BDFD1002D00D17DE1A04B1B781B
:106B0000002B00D178E1FCF7FBFAFEF72FF9102CEF
:106B1000E6D19C4B1B78052B02D1002006F086F8AD
:106B2000FA22994B92001A80984B0193984B19784E
:106B3000002903D01E224A43964B1A70002D00D024
:106B40006CE1954F3B78002B02D007F0DBFE3D70E7
:106B5000924F3B78002B03D007F038FF00233B70A7
:106B60008F4F3B78002B03D007F09EFE00233B7035
:106B70008C4F3B78002B13D08B4B1A68019BD08B2A
:106B8000597B012308F002F900233B7004F08EFFCB
:106B9000002805D1854B1A78002A01D101321A70DC
:106BA0000022834B1B78934207D0824B1B78934281
:106BB00003D1029B1A7853425A41744B0193597E78
:106BC000131E01D1002904D06E4B1B78013B581EC7
:106BD000834179480778B80700D559E1002B00D1E7
:106BE0008CE1102C00D055E1744B1F78002F04D09D
:106BF0003700002D01D101271D70714B04931B78C4
:106C0000002B05D0102C01D00D2C01D1FDF7C8FEB2
:106C1000002F10D15B4B1B78012B00D013E2694B86
:106C20001F780393002F00D0CFE1102C00D07AE121
:106C30002800FFF777FE504C2078002803D004F09E
:106C400045FF00232370604C604A23780192002B9B
:106C500009D028225E4B1A8008F006F90123019A18
:106C60001370002323705B4C2378002B09D0002E77
:106C700000D061E307F0AAFE002301222370564BE7
:106C80001A70564B1A78002A06D000221A709642C3
:106C900000D055E307F008FE514B1A78002A06D0C1
:106CA00000221A70964200D04EE307F02BFE4D4BA7
:106CB0003E4F03931B884C4C0293002B23D0002E95
:106CC00001D1002D0AD00DF05DFC254B1B7800286A
:106CD00001D0012B02D0022B00D039E3324B2B49DB
:106CE0001A686B46497B1B7AD08B08F04FF804F08A
:106CF000DDFE3B78002803D1002B01D101333B702E
:106D00000023039A13803D78384E002D00D12DE3E7
:106D1000374B02931B78002B00D123E3290000207E
:106D200007F0F0FB2900012007F0ECFB2378FF2B94
:106D300001D100232370012333700023029A3B709A
:106D4000137005F07FFE012006F0C2F900233370B6
:106D5000284B1B78002B00D10CE3FFF739F909E32E
:106D6000431F00200C1F00205A1F00206C1F002012
:106D7000270000203A1F00205D1F00202600002071
:106D8000DC0700206A1F0020580000208C1F002014
:106D9000CA1F0020701F0020B9070020B80700207C
:106DA000B7070020B6070020601F00201F08002042
:106DB000021F0020FE1E0020B5070020B40700209F
:106DC000D50800204D080020B3070020B20700209E
:106DD000441F00202B080020711F0020B107002055
:106DE000B00700204A0800205F0000202E08002085
:106DF000AF070020480800200D2C00D089E6BF4BCB
:106E00001F78002F00D084E6BD4BDB7F002B00D124
:106E10007FE6FDF7ABFFBB4B1F7065E60DF0B2FBE5
:106E2000102C03D1B84B1B78DB0728D5029B1B78AD
:106E3000012B04D1132804D01538012801D9FDF7FE
:106E400095FF0D2C1BD1002E19D0B04B1B78002BB9
:106E500007D0FFF71DFC0022AD4B1A70AD4B01327D
:106E60001A70FFF7DFFC0122A64B1A70AA4B1B78A1
:106E7000002B01D0FFF7ACF80022A84B1A60029B50
:106E80001B78012B00D08BE62822A54B1A8087E6C1
:106E9000002B33D001200D2C0AD1002D08D0002A60
:106EA00006D0A04B18709B4B187004F00FFE1BE629
:106EB000074201D0002905D12300113B012B30D915
:106EC0000A2C0CD00F2C0FD1002D00D10CE6002E77
:106ED00018D1022004F0FAFD0422934BE3E5002EC2
:106EE0001FD1002DF5D0FFE5002D00D15DE2002E71
:106EF00000D0F9E50A2C00D1F6E5EAE7092C01D922
:106F00000F2C0BD1894B1B78002B0AD0002D00D100
:106F1000EAE5002E00D0E7E50220C6E7102C00D1FC
:106F200062E6834B61E6FE230293112C06D020001B
:106F3000FCF746FA0290FF2800D17CE6002D0CD128
:106F4000A0238022DB0552009A627A4B28001D7034
:106F5000FDF73EFBFDF77AFA6DE6002E00D06AE6FB
:106F6000019B7E331B78002B07D0A0238022DB05FA
:106F700052009A616F4BFF3A1A70FDF767FA029B55
:106F8000FE2B06D1019B6C497E331878FDF7D8FFA4
:106F900051E6019B7E331C78FDF7A4FAFDF7B0FAA9
:106FA000002C00D003273800FDF734FA6349702025
:106FB000FDF718F8FDF724FB6148FDF745FE029840
:106FC000FDF764F9FDF7A4FA35E6B54200D132E6E3
:106FD000032F02D0002D00D12DE6A0238022DB0557
:106FE00052009A620022534B1A7002239F43012FD2
:106FF00001D106F0B1FA00275022039B51481F70BF
:10700000514B1A80FDF720FE012006F061F8029B2B
:107010001B78012B01D04D4B1F70019B4633187814
:1070200000280BD105F002FE0123494A102C03D0A1
:107030003F4A002E00D0FEE51370FCE50A224243D1
:10704000444B1A70F0E7444B2E4A05931B78039289
:10705000002B1BD1029B1F78FF2F09D02300113B6F
:10706000012B00D957E1049B1B78002B00D052E183
:1070700004F01CFD002800D055E1042F00D152E19E
:10708000320029002000FEF73BFED4E5002E00D0A0
:10709000D1E5002D00D1CEE5102C6BD00127039B4C
:1070A0001F700C2C06D80A2C5ED867D00223039AD6
:1070B00013705FE00D2CF9D1FDF710FF274B1B7803
:1070C000012B0FD1264B1A88264B9A420AD0019BDE
:1070D0000199587B031D5B00CA524300CA5202212A
:1070E00007F010FA05F0AEFC012005F0F1FF0020DA
:1070F0000DF074FA0023059A9EE7C046E3180020BD
:10710000941F00205D1F0020C8070020461F00209C
:107110005B1F00206C1F0020480800204008002052
:10712000441F0020FE1E00206D1F00203E1F002077
:10713000ED1E0020741E0020D6060000C3C3000010
:1071400050C3000088130000E21E00205F000020F2
:10715000B4070020BD070020371F0020AE07002025
:1071600024000020FFFF0000924A13787B40137038
:10717000914B1E700122914B1A705CE5904C914A24
:107180009149200005F024FC23002D331F702300BB
:10719000200029331F7005F033FB8C4B38001C6036
:1071A0008B4B1C608B4B1C6005F092FFFDF7DAF9EE
:1071B000FDF794FE7F4B1B78002B00D09FE0864F9D
:1071C00046220021380013F009FE844C844B854A86
:1071D00085492380537BA1800221A1714631594307
:1071E00053181800883001910188408821816081FE
:1071F0001800A03001884088A181E08118008D30FE
:107200000078B62120741800953000788C466074A0
:1072100018008C3000789C44A074180094300078DA
:107220006146E0741800BC30007820751800A83062
:10723000007860751800B0300078A0751800BB3079
:107240000078E0751800B130007820761800B5306D
:107250000078097860761800B3300078A0761800BE
:10726000BA300078E0761800AF3000786077180008
:10727000B4300078A0771800B8300088E077601C40
:10728000C17718008021BD30A63300781B88F877BD
:10729000C90056488B422BD2190007F00DF9422144
:1072A00038000DF0AFFC0627A31DD887504B2020D7
:1072B0000834E3870EF0D8FA3F4C277008F058FEE8
:1072C000FDF7C8FB05F0E8FB0FF012FE8821362021
:1072D000FCF788FE00210120FDF716F805F0B2FB4F
:1072E000012005F0F5FE01232370424B1F7041E79A
:1072F0000199BE318918102213F09FFECFE70222B8
:107300002D4B1A703C4B033A1A8000223B4B1A70EB
:10731000FDF7F6FD2EE73A4BBF00320029002000B2
:10732000FB58984787E4002E00D084E4002D00D15C
:1073300081E40223039A7FE60122324B1A709BE418
:107340000122314B1A70A7E40122304B1A70AEE4CF
:1073500001222F4B1A702378FF2B00D0D0E400239A
:107360002370CDE41F4B2900587BDDE43378002BDC
:1073700000D0E6E4019B1B78002B07D00023019A84
:1073800013702822234B1A8004F0E4FF224D2B783F
:10739000002B03D006F040F800232B7020780DF06E
:1073A0001DF9FF232370FFF77FFB0A2C01D0FFF7A5
:1073B0009BFB8EE5AE070020AD0700206C1F002070
:1073C0001C07002090FE9602050400006C1E0020A1
:1073D000601F0020681E0020660700206407002050
:1073E000CDABFFFF8C1F0020A5BEFFFF860700204E
:1073F000BADCFFFF5D1F002024000020AC07002046
:10740000CCCF0108B8070020B7070020B90700203B
:10741000B6070020441F00204C0800200022102046
:10742000110010B5FFF728FB0022064B1A70064B1F
:107430001B78132B02D0054B01321A70FDF7DEFBCF
:1074400010BDC046201F002060000020ED1E00205F
:10745000F0B51D4B9BB000931B78052B44D11B4B03
:107460001B78002B40D01A4B02931B780193002B02
:1074700000D1E6E1174C25782800E130FF30000309
:107480000135FDF7E3FDEBB22370072B04D9002390
:10749000029A13700FF064FB0F4B1B78052B02D17F
:1074A00001220E4B1A700E490E4A0B78002B00D0A9
:1074B000F0E2009913780978012900D0F1E21378FD
:1074C000002B00D0F4E228E36A1F0020E51E002014
:1074D000D91A0020D71A0020431F00206C1F00205B
:1074E0001A070020071F002004F0E0FA0028BAD194
:1074F0000C20FCF781FA01231842B4D000210220AD
:10750000FCF770FD0220FCF777FA082307043F0E12
:1075100004001F4227D00B20FCF76EFA0005000F75
:10752000FBF74EFF0600FF281DD0009B1B78012BA8
:1075300019D0C74B1B78002B15D0C64D2800FBF780
:10754000C9F90200132804D12800C34913F04EFDE5
:1075500012220023AE54AD180C226B70BF4B1A7070
:10756000BF4B0B3A1A707B0702D50122BD4B1A7034
:1075700001231F4209D00122BB4B0C201A70FCF7DB
:107580003BFABA4B800BC0B21870BB0702D5002281
:10759000B54B1A70E5B2630602D50122B44B1A70DE
:1075A000240602D50022B24B1A70EB062BD501221D
:1075B000B04B1A70B04B09321A80B04B9A7F002A38
:1075C00021D0009A1278052A08D1AD4A11780029F5
:1075D00004D11420AB4A1080AB4A11700533DB7F15
:1075E000002B10D0A94AAA4B1178002902D1198882
:1075F000132908D81421198000231370A54A137089
:107600000122A54B1A70AB0604D50022994B1A70C3
:10761000994B1A806B0709D50122A04B10001A70F4
:1076200008F060FBE1229E4B52011A8008231D42A4
:1076300004D00020994B187008F054FB20233A0026
:107640001A4001921F4215D0964B1B78032B11D183
:10765000954B1B78002B0DD1944B1B78042B09D034
:10766000FCF704FC59209249FCF7BCFC59209149D5
:10767000FCF7B8FCFB063CD58C4B1C78042C38D1AD
:107680008D4B1B78012B34D18C4B1B78002B30D1C8
:107690008B4E5F203378013CDAB20133DBB23370BA
:1076A0000292FCF7A9F9029B864D5B00E852002C80
:1076B000EED13378232B1CD90122694B0B20347077
:1076C0001A70FCF799F90600FDF71AFCF60609D4C2
:1076D0002A887D4B9A4205D12B000833DA8F7B4BE9
:1076E0009A4274D0FDF7FAFBFDF70AFC78480FF0D8
:1076F00083F830231F4200D1FAE66B4B1B78002B36
:1077000000D1F5E6734B1B78012B00D0F0E6724FE9
:107710003B78022B02D0052B00D0E9E6019B042523
:10772000674C002B02D023782035ED1A0026AE429C
:1077300071D1237801234A4E33702378232B00D84C
:10774000D6E6237800230B202370FCF755F90400BC
:10775000FDF7D6FB250010231D401C426AD1594C71
:10776000594B22889A4265D123000833DA8F574B50
:107770009A425FD120200EF077F8A31DDB8F4221C3
:10778000564801930DF03EFA019B834252D1E388A3
:10779000A2881B041343524A1B021B0A934249D17D
:1077A00000222800110004F077FD0190002801D18B
:1077B00001F05AFA80230135ADB2DB009D42EFD1D2
:1077C00004233B70033B3370FDF788FB90E62220D7
:1077D0000EF04AF8422141480DF014FAAB1DDB8F40
:1077E000834200D082E76D880DF00EFF838806216A
:1077F0009C46A3B29C4500D878E70B00634302681F
:10780000D618D35AAB4204D87388AB4201D901F0E1
:10781000A5FA0134EDE75F20FCF7EEF82378232B7F
:1078200006D823785A1CD2B22270264A5B0098529E
:1078300001367CE705233B70043B3370FDF796FA75
:1078400056E6284B1B78002B00D12CE6082779E060
:1078500010070020461F0020471F00205B1F00204C
:107860006C1F0020CD070020D4070020D307002084
:10787000D6070020DF1E0020E01E00208C1F002005
:10788000E51E0020381F0020E61E00205A000020C0
:10789000D80700203F080020711F0020DA070020D1
:1078A000661F0020CD1F0020371F0020431F00202F
:1078B0006840000068300000641E002011070020AE
:1078C000AC07002064070020CDAB0000BADC00004C
:1078D0000E070020AE070020AD070020660700203D
:1078E000A5BE02000A070020B14C37E028000FF0C7
:1078F0006BF8002822D00821AE4A2B7B12780B426D
:1079000068D0002A1AD1AC4B1B88DA060DD1802230
:10791000D200934209D25809A84A41008C52012250
:107920008240A749086802430A60A6490A88002ADB
:107930006BD0013A0A80A04A01331380013FFFB2A5
:10794000002F1FD08022A04ED2003388934219D23C
:107950009E4A1488002CC7D0013CA4B20133338066
:10796000F0231B0208ADE0181480400120222900FA
:10797000FCF750FF28000FF04DF80028B6D0802308
:10798000DB0033808022904BD2001988904B9142CB
:1079900002D2019A002A62D000221A708D4B013265
:1079A0001A708D4B1B78002B4BD08C4B187800280D
:1079B00000D071E5884B1A78002A00D16CE5884B1D
:1079C0001B88062A55D9874A1188994200D163E558
:1079D000138061E5012A13D19A43002AAED0824B6D
:1079E0006A681B68013B9B1A8022920093428AD3EB
:1079F0000022774B01901A70764B01321A70C1E762
:107A0000022AECD1013A1A40E7E7734908788C461C
:107A100006280ED8754A0101891808AA70CA70C1D3
:107A20000D001188013029809278AA70624610708A
:107A300081E70121694B1970654B1A70654B19700C
:107A4000A0E7604B1B88002BAFD0654A10888342AB
:107A5000ABD20138C01A80B20FF0EEFB1CE51B78E8
:107A6000002B00D018E55B4B1B78002B00D113E5F1
:107A70009BE70721891A89B2994207D2073BD2189E
:107A800090B2584B18800FF05FFB05E5002B00D13A
:107A900002E5F6E7013BDBB20B70002B00D00EE5F0
:107AA00007E553490978002900D008E5002B21D0CB
:107AB000504E514B31781A78022900D0F3E1002A58
:107AC00000D1E8E14D4D2968002905D04C480068F7
:107AD000091A002900DD44E14A4C207801380528C4
:107AE00000D9D6E1FAF71CFFB200B4009F01BB0138
:107AF000BB01BE01444B1B785BB2002B0DD103F0E0
:107B0000D5FF002809D1414B1B78002B05D1404CF3
:107B10002388002B16D0013B23803E4B1B78002B83
:107B200000D11EE13C4B1A880123110019401A4272
:107B300000D016E1394B1B78012B00D1AAE3384B5A
:107B400019700EE1374B384819780FF091F8029B05
:107B500019780FF08DF8354B19780FF089F8224B12
:107B600019680FF085F8324B19780FF081F8314B16
:107B700019680FF07DF8304B19880FF079F82F4B0A
:107B80001988013149080FF073F82D4B19780FF05F
:107B90006FF82C4B19780FF06BF82B4E05003368FB
:107BA0008342BAD00FF0EAF9C8233560B4E7C04683
:107BB000FF030000DC1A0020040700204806002014
:107BC00044060020020700200607002008070020C6
:107BD0000A07002088060020000700208C060020ED
:107BE0008A060020DE1A0020C81A00209006002015
:107BF000DC07002036060020350600200C06002099
:107C0000081F002008060020241F0020231F00203A
:107C10001807002012070020FC1E00206A1F002009
:107C2000AA0500201E1F0020C59D1C81D41A00201B
:107C3000400600203C060020380600201C1F0020C3
:107C4000DB1A0020DA1A0020140700200223237018
:107C5000BD4B1B68002B21D10020BC4BBC4E1B78B8
:107C600005960293BB4BBC4E1B7803960493BB4B0B
:107C70001B780193BA4B19780300029FCEB2BE4223
:107C80002ED3002804D00021B64A1170AE4A1160EC
:107C9000002B00D1AAE0B24B1E70A7E0B1490978D1
:107CA0005B5C002BD8D0AF4BA74A1B781268D35C23
:107CB0002E2B00D0ABE0AC4B01201988FDF740F92A
:107CC000AA4B1C68AA4B18880A21FAF733FE80B227
:107CD000001928600322A74B1A700DF0DBFDDCE0D1
:107CE000059B5B5C1F00613F192F13D8203BDBB263
:107CF00000200090039F0098BC46C0003F5C844475
:107D00009F425DD163465B68002B5FD1100013007A
:107D10000131B2E7202BEBD1049B002BF7D0019B64
:107D2000002BF4D1029F4B1CBB42F0DA002804D098
:107D30008C4B019A1A70844B1A600122874B0A21DE
:107D40001A7005232370894B01361C688A4B1888EA
:107D50008A4B1B88C01AFAF777FE814B00192860FE
:107D60001E70874A874B11781C780F00781E874158
:107D70000093FFB2002C02D0002300980370824DC4
:107D80002E78002E00D147E3804B18780023092875
:107D900000D034E32B703700FCF7E8FF2B78002B82
:107DA00000D139E37A4B1B78032B00D0ABE3794A3F
:107DB00013780133DBB2072B00D929E313702BE3CF
:107DC000009801300090362894D19FE71878002859
:107DD0009CD00022634901360A705B490B60012187
:107DE0005F4B1E705B4B19705C4B1A70564B1868DA
:107DF000002806D0FAF76EFD5A4B1B78834200D25A
:107E000051E706232370594B1C685C4B1CE02D2B5B
:107E100000D05FE7544B01201988FDF791F8534BD0
:107E20001C685D4B4FE7FCF76BFB4E4A1378013340
:107E3000DBB21370444A1268D25C4C4B002A0BD060
:107E4000022222701C68554B18880A21FAF772FD2D
:107E500080B20019286084E704222270D4E702234C
:107E600023707EE70027277001241F702F60347075
:107E7000FCF762FB0220FDF7E9FF494B38001F7059
:107E8000484B1F7005F0A2FA04F0DCFD3D4B1C705E
:107E900023E70023E4E70DF01FFE434B1B78002B84
:107EA00000D05EE739E6002A2AD0404B1A78002A33
:107EB00004D1012202201A70FDF7C8FFFCF7BEFBB7
:107EC0003B4A3C4B12683C49128E9B560A78002A6A
:107ED0001CD03A4B1A78501C1870312A02D9002253
:107EE0000A701A70364A1378002BD6D0FF2B00D0B8
:107EF000A6E100231370334A1370334A1370ECE683
:107F00000DF0EAFD3378022BC7D0CEE74408A03B42
:107F1000E4182E4A2E4B1178009300201B5E2D484A
:107F2000A5B2019024B2002906D10078002803D11F
:107F30009C4251DA009B1C80009B00201B5E60333A
:107F400050DB61235B424BE004060020AB050020C0
:107F5000AF050020AE050020ECCD0108AD050020E6
:107F6000AC050020000600200C000020081F0020A7
:107F70001A00002008060020140000201200002033
:107F8000711F00206C1F0020DC0700205A1F0020FA
:107F9000DD070020DB070020100000200E0000207D
:107FA000BE070020BD070020071F00204808002052
:107FB0006C1E00201C00002031060020300600202E
:107FC0003406002033060020320600202F06002051
:107FD000180000202E060020180001336130ABDAB3
:107FE00000980380009B00201B5E1800723016DB97
:107FF0000A331BB296489C4214DB964B1C800378D4
:10800000FF2B01D0013303700026934B1E70B14249
:1080100015D10378B34212D0012313700FE0692306
:108020005B42E7E78C4E3378FF2B01D0013333708E
:1080300000230370994202D031789942EDD117782C
:10804000864E874A33780292002F41D0002B0DD103
:10805000844A1378FF2B0FD1012300223370814B08
:108060001A700DF017FC3378002B0AD0029B188889
:10807000042844D8012047E00133DBB21370032BFE
:10808000EAD8794D2C88002C02D120000EF0B0F8EF
:10809000012301341C402C80029B01201B88042BEF
:1080A00004D90A21581DFAF7CFFC80B207244443B3
:1080B000019BA4B21B78002F5FD06C4D002B49D0E0
:1080C0002B886B4A934200D90CE701332B8009E7D8
:1080D000684A002B0FD01378FF2B06D10023614A8A
:1080E00033701370634A1370BBE70133DBB2137054
:1080F000072BBBD9F2E75B4B17701F70C1E70A2152
:108100000530FAF7A1FC80B20121002F05D14018FB
:1081100080B24918032800D94108534A13888B427A
:1081200015D300231380783406DB78352B1CEDB291
:10813000402D00D94023DBB24020002F04D1181C71
:10814000142B00D91420C0B20EF052F8A4E701336A
:108150001380A1E7484E494F3378022B05D13B8865
:10816000A34202D346480EF017F80123019A337058
:10817000137000222A803A80B4E63F4D002B36D09F
:108180003A4C2388002B28D0012B23D03D4E317848
:1081900009290AD84000834280414A1C3A4B404298
:1081A000D2B22D30585432709F542A4B009A1B88FB
:1081B000128836499B1A1A1C1BB2282B00DD282274
:1081C000130400D500220B889B18314A0B801378CA
:1081D0000133137020200EF00BF80023019A238046
:1081E00013700122254B1A8002232B707AE62B781C
:1081F000022B00D076E6214E1D4A3388934201D8E7
:10820000013333801F4F3B78002B09D003254543B2
:108210003388ADB2AB4203D300200EF003F83580B3
:108220003388A34200D25DE63B78002B04D00120C6
:108230000DF0F8FF348055E611480DF0ADFFF9E779
:108240000133DBB213704F2B00D826E651E6C0464F
:108250002606002016000020250600202406002007
:108260001A00002023060020200600202C060020F3
:10827000FDFF0000220600202A060020280600201C
:10828000B5C80108270600201406002012060020A9
:1082900010060020FCF73AFB002808D1C54B9B7F55
:1082A000002B04D1C44B1B78002B00D159E5C349E6
:1082B000C34F0B78002B0ED13A00C8202B33013B63
:1082C000DBB210800232002BF9D1BE4A1370BE4BD4
:1082D000188001230B70BD4ABA4D13782C786600C4
:1082E000062B00D886E06420FBF786FBB853F35BCF
:1082F000002B01D1C833F3532B21601CFAF7A0FBEC
:10830000B34B0E001B782970002B04D0B14B1B78A7
:10831000002B00D125E5B04AB04B10781B781843EC
:1083200000D01EE5AE4B1870AE4B187007F0DAFCAB
:108330000322A04B00929B8C002B01D105330093AC
:10834000009B8022DD01A84B0021ED18280012F0CF
:1083500045FD3888012203005100795A041C8842E7
:1083600000D90C1CA0B21C1C8B4200D20C1C013288
:10837000A3B22B2AF0D1944A1488A0423DD2611EA8
:10838000241AE4100C1BA4B21480002201929C4217
:1083900002D21B1B9BB2019333002B330293019A31
:1083A0004023312A1BD92B213000FAF733FC844FAC
:1083B0004900CB5B00209C4201D21B1B98B20727CF
:1083C00001997843FAF7B6FAC2B24023002A06D0E0
:1083D000BF331840381A803B83407F2213402B70F4
:1083E0006B70029B01360335B342D8D10098FCF77D
:1083F00036FBB6E40133137079E70234C3E7002C8F
:1084000004D1002900D014700027C7E41C00C5E483
:1084100000201070FCF732FB002C01D100F002FCB0
:108420000CF0CEF8002F08D00022704B1A70704B61
:108430001B78934207D110F0C1FA6D4B18780028D1
:1084400001D10EF0F1F86B4C2378002B04D06A4870
:108450000EF0A2FB00232370684E3378002B04D06B
:10846000674B1B78002B00D0AFE3664B1B78022BC9
:1084700072D1654B1B881B0705D18023634A9B0182
:1084800051694B405361624A1388002B01D0013B74
:108490001380604A1388002B01D0013B13805E4B90
:1084A0001D78012D11D15D4B1C78002C0DD0013CA5
:1084B000E4B21C70002C08D1FBF7F8F8200004F09F
:1084C000B5FB4A4B1D70009B1D703378002B0DD0FF
:1084D000534A1388002B09D0013B9BB21380002B19
:1084E00004D10DF011F803200CF078F803F0DEFA57
:1084F000002800D1D8E04B4E3378002B00D1AAE001
:10850000013B3370D0E0022B86D1474A1378013308
:10851000DBB20F2B00D851E40023444D13702E78AA
:1085200028007F22424912F061FD7F35414B2E70B9
:108530002D4D01932800691C7F222E7812F056FDE4
:108540002B007F331E70019B8035AB42F2D1FCF7CC
:108550008FFAFCF77FFA5FE7032B94D12A4B364A58
:1085600019881088091A692906DD00201B883349FB
:1085700001330870138086E71988884200D082E7AB
:1085800080202E49214D0C788001002C03D1A86257
:108590001B880F335DE06F6978406861112C4FD9FB
:1085A0001B886933138000230B700B7801330B7029
:1085B00069E7C0468C1F0020EF1E0020AA0500209E
:1085C00054050020520500200A000020510500201B
:1085D000021F0020FE1E0020431F00204D08002027
:1085E000191F0020181F0020E11A0020711F002011
:1085F000DC07002050050020400500205E1F002001
:10860000421F00203C050020FC1E002000080050F6
:10861000E21E0020E01E00206A1F0020BD0700208F
:108620002C08002038050020DB070020550800201A
:1086300056080020611E00203A0500203905002060
:108640000B2CA5D8A8200001E040C007A0D51B88AE
:108650002D331380A9E7CA4B1B78002B24D1C94FB7
:108660003A780192012A0CD0022A7DD0C64C257896
:10867000002D00D18DE0012D00D1D0E0C34A137050
:1086800012E0FBF7DBFFFBF7D9FF0224C04B3C7085
:108690001880C04B1D682800FBF7B0FE2800FCF7CF
:1086A00023F8FBF7C1FE3470BB4B1B68002B04D0D2
:1086B00003F018FC002800D01DE10022FF21B74B79
:1086C0001A70B74B1970B74B1970B74B1A70B74B7C
:1086D00004931B78042B00D194E1B54B1D78EDB2C7
:1086E000FCF714F9002800D018E2B24B1A78B24B0C
:1086F000002A00D135E2B14C0221227816008E43C7
:10870000002800D00DE2012E00D00DE219780131D1
:10871000C9B21970022900D90CE2002D07D0002A35
:1087200005D000221A70FEF779FE00232370FCF7B3
:10873000C1FE0400132802D00022A14B1A70A14EE2
:10874000A14D33789C4200D12BE2132B08D0132C7F
:1087500006D09E4B00211A789D4B1878FEF78CF9B5
:10876000002334702B8030E2FBF768FFFBF766FFD5
:10877000884B02001868864B1B88934204D99B1AC9
:10878000032B01DD934B186800233B7003F058F96D
:108790008AE70D20FBF730F90400030484D40E208F
:1087A000FBF72AF98C4A8D4B24041C4013680443C0
:1087B000E31A1460DA179B185340894A632B02DCD2
:1087C00015780135EDB29121322089001570FBF743
:1087D00009FC022D09D832208249FBF703FC019BDA
:1087E000002B00D060E715238BE67F4B7F4AE31810
:1087F000934203D9200003F023F9F0E7754B650895
:108800001D60644B28001C6001233B70FBF7F6FDE4
:108810002800FBF769FFFBF707FE022371E606ABB2
:108820009F1D390008A8FBF7F1F9051E00D13BE7B1
:10883000FBF7BAFE022D34D1089803F0FDF9FF28AA
:1088400004D1654B1868FBF739FFCCE70222684B6F
:1088500022701870674B1A70674B013A1A70674B99
:108860001A704A4B1A78002A41D000221A70624BC3
:108870001B78934200D117E75E4B03201B789A1EAA
:10888000012A02D9012B04D104200BF089FE5C4B94
:10889000187003F05FFD0122584B1A70009B1A708C
:1088A00002E7012DCDD1388803F0F4F9FF28C8D0B4
:1088B0004F4D4B4A2B784F4F834215D139780129C0
:1088C00012D113780133DBB21370012B05D90223C7
:1088D0002370494B1970494B197001233B70237861
:1088E0002870012BBDD8ACE700231370F5E70220F8
:1088F0000BF074FED8E606AB9D1D290008A8FBF717
:1089000085F90400022817D1089803F095F9FF288B
:1089100000D1DCE6224B1A78824200D1D7E61F4A0A
:1089200018701470FF221F4B1A7000221E4B1A7011
:108930000123009A1370CAE6012800D0C7E62888F0
:1089400003F0A8F9FF2800D1C1E6164B164A1978A2
:10895000814211D113780133DBB21370012B00D89F
:10896000B5E60F4B1A788A4200D1B0E619700B4A6F
:10897000009B14701C70AAE618701470A7E6C0461D
:10898000061F00202F050020051F00203E1F00208D
:108990002005002024050020400800201F0500209D
:1089A00008000020070000201E050020431F0020B3
:1089B000F91E0020EF1E002018050020EE1E0020EA
:1089C000DF20002061000020761F0020E71E00202D
:1089D0006000002028050020340500200000FF076B
:1089E0003005002045020000C0E85DFE3FEA70004F
:1089F0002E0500202D0500202C050020711F0020D1
:108A0000811F00208A4B1B78012B48D1894B1B7892
:108A10000093002B00D1D8E0874A1378013BDBB2EA
:108A20001370002B00D0D0E00CF0EEFD834F844B90
:108A30003A88844C002A03D11A8002681288228066
:108A40008288002102921B8822880CE0019D01335C
:108A500006350195029D9BB2AB4226D206225A43AF
:108A60000399525A009906260D005E430196029E14
:108A70009E421CD8002901D072490A80002D01D0E5
:108A80006F4A138002226A4B00201A700DF0CCFD51
:108A90000BF096FD049B1B78042B00D01DE6644B65
:108AA0001B78002B00D118E68FE0009DDFE70668F9
:108AB000B4460396019EB444664676889642C5D96C
:108AC000002901D05F490A80002D01D05C4A138043
:108AD00025885D4E402228005C4975800CF0B0F876
:108AE00042215B480CF08EF80636F08722200CF00D
:108AF000BBFE03F0D1FF0EF0FBF988213620FBF717
:108B000071FA00210120FBF7FFFB1E223B88403554
:108B100001333B80484B25801A70B9E768426841B1
:108B2000E3E5002E00D1F1E5002D00D0EEE50022B6
:108B30001A70FCE5002119708A4209D1454B0131B8
:108B40001A70454B197010202170FDF795FFEEE566
:108B5000032A00D1E7E5002D00D0E4E501322270C0
:108B6000E5E53D4C2278002A0DD00028DFD11A78A7
:108B70000132D2B2022A01D8002DD9D000221A70B7
:108B8000FEF74CFCD3E50028D1D019780131C9B2E9
:108B90001970022900D8CAE52E491A700A700121FD
:108BA000D1E72B8801339BB22B80022B16D12B4EA1
:108BB0002B4D132C0BD12878132804D000213278A8
:108BC000FDF75AFF2C70002333701BB0F0BD00225C
:108BD000012120002C70FDF74FFFF4E7272BF4D97B
:108BE000132CF2D0282B09D1102CEED001211B4BD5
:108BF0000A0020001970FDF73FFFE6E722000B3A5C
:108C0000D2B2012A08D80121144A11705B0703D19E
:108C10000A002000FDF730FF2A88124B9A42D4D96F
:108C200029239FE5002F01D1FFF70DFCFFF7FCFB87
:108C3000641E002011070020060000200C07002001
:108C40001C0500201A05002064070020680700208A
:108C500066070020DF200020201F0020E71E0020E4
:108C600060000020FDFF00006289238908AE120425
:108C7000290030001A4303F0ABFEE389A2891B04EC
:108C800013430E93237C06A97371637C06A8737348
:108C9000A37C3371E37C33730923627D5B18DA773D
:108CA000227D15AB1A70A27D12AB1A703B23E27DB8
:108CB0005B181A703123227E5B181A703523627E8E
:108CC0005B181A70A37E5A1E9341332252181370F8
:108CD0003A23E27E5B181A70637F0AAAD377274A89
:108CE0005B009B5AB383A27F13AB1A70E37F33867A
:108CF000631CDA7F36235B181A70A31CDA7F3D23CE
:108D00005B181A703E2321001B1822311022180014
:108D100012F093F94D2306AA9B18019A30001A709D
:108D200003F082FE300003F06BFD154B320028008B
:108D3000597B032306F02AF83E2306AA9B18190044
:108D4000280006F003F80F4B01221D8003233B701F
:108D50000D4B1A70FCF70AF8FEF736FD2C000B4E8F
:108D60004034A4B2280008353100ADB20BF091FFB9
:108D70000836A542F6D10648FEF7B9FC9CCF01089B
:108D80008C1F0020240000206C1F0020680700209A
:108D90000C070020F0B501209BB0F9F7B9FF802047
:108DA0004005F9F7A7FFC02000250726EF4BF04A42
:108DB000F0491A60F04BF14A4B60136A00061B023F
:108DC0001B0A034313628D600E603021EC4B272099
:108DD0001960136A12AC1B021B0A1362FAF738F807
:108DE000012323610233A360F023E56065616560C0
:108DF0001B022100E348129311F04AFF8023210057
:108E0000DB00E048A027129311F042FF4023FF054A
:108E1000DC49BB613C3B8B61033B636021007733E2
:108E2000D848129311F034FFA42338005B002100CE
:108E3000129311F02DFFC12321009B00D148129302
:108E400011F026FF802321009B01CF48129311F0DF
:108E50001FFF60232100CD48129311F019FFC0239A
:108E600021009B00C948129311F012FFC02321007A
:108E7000DB013800129311F00BFF2020F9F73AFFC5
:108E80000DF0F2FF2022C24F3000FB6A1343FB6259
:108E9000FB6A9343FB625732BE4BFF329D62DA623C
:108EA0001968F63A0A431A608022D96852000A43C8
:108EB000DA601A680235AA431A600FF041FFB6481B
:108EC000B64BC268B6491A409C239B031343C36048
:108ED00030000FF017FFB34AB34B2021D360B34BE0
:108EE000300093600FF01EFF2800F9F7B1FF1B223E
:108EF0008020A44980000B68AD4E13430B60F9F746
:108F000007FF3A68AB4BE0211A4080239B031343D1
:108F10003B60B368A84A09031340B3607368A74A6B
:108F2000C02013407360B368A54A80001340B3604B
:108F30007368A44A13407360B3680B43B360B368AB
:108F4000AB43B360B3681340B360336B9E4A1340C6
:108F5000336373689D4A1340736073681340C02283
:108F6000736009235200012140001140013B084376
:108F70005208002BF7D12022800502D0F9F750FECD
:108F8000C2B280239B00D340914A9B009B181F22B2
:108F90001968C0209143173A0A431A60C0221A2365
:108FA00001219204C004150040000D40013B2843FC
:108FB0005208002BF7D140012033002802D0F9F7E6
:108FC0002FFEC3B28025ED04DD40824BAD00EB18CF
:108FD00002931B68F822F82003930121182312043E
:108FE0004004150040000D40013B28435208002B6F
:108FF000F7D1C0012033002802D0F9F711FEC3B227
:10900000C0225204DA4007239340039AF8209A437F
:109010000392F82218230121120440041500400095
:109020000D40013B28435208002BF7D1C0012033EB
:10903000002802D0F9F7F4FDC3B2C0225204DA408E
:1090400005239340039A1343029A13600422B368E2
:109050001343B3600422B3681A40029204221342FD
:10906000F8D10125B36880202B43B360A0260823E4
:10907000F605B361C001F9F73DFE0DF0F5FE2800DD
:10908000F9F7E6FE0223029A63605B19A3600533D9
:10909000E2602561210012953000636111F0F8FD56
:1090A00009230535129521003000636111F0F0FDB0
:1090B0003949494B8A6849481A40A023DB041343C5
:1090C0003F228B60CB689343C2221D43CD60802139
:1090D00092008358C9051B021B0A0B43835080234F
:1090E0001B0103603E4B1A68520609D419683D4AB9
:1090F00011403D4A0A4304211A605A688A435A6063
:1091000040268020DA692E4940010A40DA611A6857
:10911000002532431A60F9F7FBFD0120F9F798FEAC
:109120000223A02063600133A3601D33E560656105
:1091300012931F3B21002361C00511F0A9FD80237C
:10914000A020129321002561C00511F0A1FD274B3D
:109150001A6832424ED11968224A1140244A0A4301
:1091600004211A605A688A435A6043E04400002090
:10917000006CDC0210E000E0FF52070000ED00E0B0
:10918000E8180020000400500008005000140050AF
:10919000001002400014004000000140FFFFC0FF2B
:1091A000B02A000080000240EC1800201814005083
:1091B00000240140FFFF9FFFFFFF7FFFFFFFFFFC39
:1091C000FFF7FFFFFFFEFFFFFFFF0FFFFF17FFFF90
:1091D000302401400C240140FFFFFFC000E100E00B
:1091E000003800404000FFFF07030000003001404E
:1091F0002F030000DA695D49E2200A40DA6140226B
:10920000196800260A431A600423594A9362FAF740
:109210008BF95848FBF718FD30000136F6B2FAF723
:109220008BF9082EF8D12B20FAF77EF9FA2080006E
:10923000FBF70AFD2E20FAF777F9FA208000FBF7FA
:1092400003FD2F20FAF770F92F20FAF76DF92F2080
:10925000FAF76AF92F20FAF767F94748FBF7F4FCA9
:109260004020FAF761F9AF20FAF75EF90423404A8B
:109270000225936110F078F90BF05AFEFA223F4B69
:1092800001201A70F9F7E4FD0DF0EEFD0120F9F769
:109290003FFD8020C001F9F73BFD0023E360C023C0
:1092A000DB00129303220123A0206361A2602361EB
:1092B00021006560C00511F0EBFC28000FF040FDB7
:1092C00028002F490FF01EFD80212E4B2E4A28002A
:1092D000DA602E4A49009A600FF024FD2C492D4B8C
:1092E0008A682D4D1A40E023DB00134380228B60F7
:1092F0003B6BD20113433B633B6B284A13403B63F8
:10930000EB68274A1340EB60EB689B0400D58DE0C7
:10931000EA68244B1A400C231343EB606B69134A31
:1093200013406B612B69204A13402B616B691F4A04
:10933000134038226B61BB681340102B3AD00ED813
:10934000082B00D116E307207B683A685B0B0340CB
:1093500017499B00D20A02405858D0403CE0183BC5
:10936000B343F0D18020000236E0C046FFF7FFFF94
:1093700000040050C0D40100409C0000DF20002009
:10938000A02000001C0002406C190020043801409D
:1093900000000140FFC0FFFF00380140FFBFFFFF9A
:1093A000FFDFFFFFF3E9FFFFFFCFFFFFFFFCFFFF42
:1093B000B4D001080322FB681340934200D1D4E2E9
:1093C0007B68EE4A1B045B0F9B0098580C23FA68DD
:1093D0001A4200D0CBE24000BA68E9491205120FE8
:1093E000920052581F210A40D040BB68E54A5B04F6
:1093F0005B0F9B009B580B40D84017D01923962138
:1094000058438902F9F796FA64210700F9F718FB27
:10941000080132306421F9F78DFA64210600380022
:10942000F9F788FA00013618B6B2AE6040236A69CF
:10943000022013436B610FF091FC80230026EA6841
:109440009B011343EB6028216E60CF480BF046FC74
:109450000120F9F75DFC0120F9F7FAFC80200004F7
:10946000F9F748FC0EA90A00C84BA1CBA1C20C22F7
:10947000200011F0E2FD2200C54BC649A1CAA1C3DC
:10948000C54BC64A1E60C64BC64DC7488B61531CB0
:10949000DE77C64B55609660D66010611E001B6873
:1094A000002BFBD132601360C14A1061012055606E
:1094B0009360D360BD4D531CD8772B002D68002DD1
:1094C000FBD11A60AF23156002225B00B948CA5471
:1094D0000DF0A2FCB8480DF09FFC0722B74BC0214D
:1094E0009D731D701A72063A9A72C722B4485D7253
:1094F0009200835809061B021B0A0B4383508023EA
:109500001B060360AF4E0E222D21300011F066FCC9
:109510008023AD4A9B00B57393618022AB49520012
:109520008A618B61802128000902FAF75BFD29001E
:109530002800FAF757FD3720A549FAF753FD2221F5
:109540003620FAF74FFDC62110208900FAF74AFDB0
:109550001120A049FAF746FD12209F49FAF742FD73
:1095600013209E49FAF73EFD842114208900FAF762
:1095700039FD49209A49FAF735FD7B209949FAF7D8
:1095800031FD7D209849FAF72DFD48209749FAF7DB
:1095900029FD40209649FAF725FD10222000954923
:1095A00011F04BFD615D2B031943092089B2013590
:1095B000FAF718FD102DF5D1F8211C20C900FAF793
:1095C00011FD1D208C49FAF70DFD1E208B49FAF77D
:1095D00009FD1F208A49FAF705FD3E208949FAF75F
:1095E00001FD73208849FAF7FDFC77208749FAF7D7
:1095F000F9FC19208649FAF7F5FCB4212820090165
:10960000FAF7F0FCAA2129200902FAF7EBFCCC2199
:109610002A20C901FAF7E6FC2C207E49FAF7E2FC81
:109620002F207D49FAF7DEFC53207C49FAF7DAFC5B
:109630007E207B49FAF7D6FC46207A49FAF7D2FC1D
:109640004A207949FAF7CEFC07207849FAF7CAFC94
:1096500090210024764B774A332009021A80FAF7CA
:10966000C1FC00213F20FAF7BDFC73480DF0C4FF98
:1096700004F080FAFF22F025260027006F4B6D03CF
:109680001C806F4B1C706F4B1C706F4B1A706F4BB4
:109690001A706F4B1C706F4B1C706F4B1C706F4BB4
:1096A0001C706F4B1C706F4B1C706F4B1D600DF06E
:1096B00013FA0494059403952800202212A9FBF7BD
:1096C000A9F812A80DF080F900281BD0442204ABA1
:1096D0009B181B783C3A13420BD10121614A11704F
:1096E000002F03D0139A0499914202D20700139AD3
:1096F0000492002E02D0169A944202D2169C059330
:1097000003950600F42320355B039D42D4D1574BCB
:10971000002E00D130E101341C60039B2033AB42AA
:1097200001D2514A13600024A74201D0049C0134A5
:109730004F4B1C60002E02D0059B1B0712D412ADAC
:1097400010220021280011F049FB0123F8225B427E
:109750005242139428006B81AA81AB730DF01CFA5E
:109760000DF0BAF90822434812A9FBF753F8424B0F
:1097700004AA4048138712A980E0C046B4D001086B
:10978000D4D0010814D101088CD4010838C10108D3
:10979000B81A0020F80000207C020020941A002053
:1097A00034D10108713A0108212F01086C1A0020F8
:1097B000701A00205000002048000020005C00408B
:1097C00000E100E0D0200020001400500004005010
:1097D0001F9D00003A030000DB030000DF030000D0
:1097E000B22A0000DC73000020E90000A83300006A
:1097F0001635000063C2010855E50000584C000012
:109800005AC60000C694000091460000EF88000090
:10981000411000002218000090980000282000004D
:109820003E3000000A60000030540000CE610000AD
:10983000C41A00200090FFFFCE200020DE1A002076
:10984000DC1A00201E1F0020DB1A0020DA1A00207C
:10985000D91A0020D81A0020D71A0020D61A0020C2
:10986000D51A0020D41A0020D01A0020CC1A0020CB
:10987000C81A002058A10000296300000023082214
:10988000FBF78EFC04F074FD0221002004F03AFE88
:109890000221012004F036FE03F0D4F8012003F089
:1098A00017FCD2480DF0A8FED1480DF0A5FED14816
:1098B0000DF0A2FED0480DF09FFE002005F0F8FE4E
:1098C000FBF724F8CD4C002858D10027FF220023B5
:1098D0009446CB492678CB4C0B706A466546107A85
:1098E000029A2A40D200155D002D07D0002E00D02C
:1098F00086E0A218D279332A00D081E0002B00D074
:109900000870FBF703F800287FD00A2406F0B2F9AC
:10991000FBF774F906F0A4F901237F220021BA486D
:10992000009405F0C5FF03237F220021B74800946F
:1099300005F0BEFF0024FBF79BF8FBF78BF8FBF765
:1099400015FAFAF7E3FF002800D192E00024B048AE
:10995000FBF77AF9322CF4D11322AE4B1A70AE4BCE
:109960001A700022AD4B1A8057E0AD482EE5032354
:10997000584331E5AA482FE51E60D4E6FBF79AFD6F
:109980000600A848FBF760F9FAF7C0FF00289CD052
:10999000FBF790FD0500A348FBF756F9A24B5A7F51
:1099A0000A32964211D0B5428FD10221994A1570E0
:1099B000994A1570994A1180122D0ED0112D84D11B
:1099C00001229A4B03271A7080E70122197F022790
:1099D0004A401A7704F0FAFF78E71A7F002A00D08D
:1099E00073E701275A76277004F0F0FF33200AF05E
:1099F000D7FD8F4B8F4A187012788F4B1A6065E72E
:109A0000029B01330293012367E7FBF753FD132801
:109A100000D07AE7002F00D077E7884B824C1B7884
:109A2000002B30D1864B1B78002B2CD1052008341D
:109A300003F0FCF8E37F3C2B22D8F9F7C9FF814BF8
:109A400001221A70804B784F1B78022B01D0052B16
:109A500001D1F9F73BFC3B00383318780138042872
:109A600000D95FE1F8F75CFF54015A01B201B90176
:109A7000B901FBF71FFD132800D067E7013466E743
:109A8000FBF774F9DBE72500403506F0F3F8FBF748
:109A9000B5F806F0E5F8FAF7EBFFFAF7DBFF2B78FD
:109AA000042219009143012916D10FF05DFDFBF747
:109AB0005DF90422654B5C4E1B789343012B00D06B
:109AC000DEE00025012F00D0E8E0383635703800A0
:109AD0000AF084FD5E4BB3E7042B09D10AF0CCFDFC
:109AE000FAF7C6FFFAF7B6FF01200CF09DFDDEE79E
:109AF0001022584806A9FAF78DFE10220AA95648E6
:109B0000FAF788FE554B1E88300002F091FA642166
:109B100002903000F8F794FF30008BB26421039379
:109B2000F8F708FF029B4E4982B200930EA8039BF0
:109B30000AF0B8FD2B784B49032B0BD0002B45D1F5
:109B400004AA127A04AB1B7E002A0BD14649002BD3
:109B500000D00AA906A811F068FA0EA90AA811F007
:109B600064FA01E0002BF8D00A2500237F221900B7
:109B7000009506A805F09CFE02237F220021009597
:109B80000AA805F095FE042300217F22374805F03E
:109B9000D3FE8021364B763549421800803002785A
:109BA000013DD24302701A78EDB24A401A70013377
:109BB000002DF2D12F4A304912A80AF073FD062376
:109BC0007F22290012A805F0B7FE89E7022BCBD12E
:109BD00004AB1B7A002B03D1234906A811F025FA08
:109BE00004AB1B7E002BBFD12449B7E7841F0020A4
:109BF000861F0020881F00208A1F0020821F00204F
:109C0000781F002014D201082EC2010836C20108B4
:109C1000102700006100002060000020761F002057
:109C200000366E01204E00008C1F0020E01A00203C
:109C3000811F0020801F00207C1F0020741F002037
:109C4000731F0020721F0020C41F0020CC1F0020A3
:109C5000711F0020C8A00000D8A00000621E0020D4
:109C600021C401083FC2010847C20108D7D1010839
:109C7000611C0020D2D1010858C201084FC201085E
:109C8000C84D2B78002B05D0FBF714FC1328F7D018
:109C900000232B70012003F01BFA12E7032F35D1AC
:109CA000E31DDD7723003E331D70230047331D7015
:109CB000230048331D8023004A331D702423FF33C3
:109CC000E554B94BB94A1E68B9493000A577A58457
:109CD00002F07EFE3300023F2D331F70043B1F70E5
:109CE000300002F08DFDB34B38001E6003F0F0F938
:109CF000FAF738FCFBF7F2F8AF4BB04A1D703D2382
:109D000065763834D37725700337E0E62F00DEE63A
:109D10003A003B003932127829331A7001210800C9
:109D2000FBF72CFF3B003E331978002903D01E229D
:109D30004A43A34B1A700CF019FC01200AF0E8FF0B
:109D4000002802D001200FF0FDF89E4B02931B78F3
:109D5000012B00D091E09C4B03931B78002B03D187
:109D60009A4B1B78002B52D0994B9A4D1E782C6839
:109D7000012E0ED93B000833DB7F002B30D1002CA5
:109D800001D0FA2C05D18023934A9B0151694B40A5
:109D9000536101342C60032E32D13B000833DB7F4A
:109DA000002B2BD08D4B9C4231D900232B60FAF72E
:109DB0004DFB01238A4C1A0020881E2180B2FBF73C
:109DC00051F8238864339BB2238020E0FAF7A6FC85
:109DD000844B18780AF002FCA4E70FF0F7FBA1E728
:109DE000002C05D12623FF33F85CF9F7C7FDD0E737
:109DF0007D4B9C42CDD192235B00F5E77B4BD2E7B4
:109E00007B4B9C4203D900232B60012ECFD0794B92
:109E10001A78002A03D16D4A1278002A2DD0002228
:109E20001A70754B1B88934204D13B000833DB7FCB
:109E30003D2B04D12623FF33F85CF9F79FFD002466
:109E4000C822039B92001C70654B1A806B4B1B78D9
:109E5000A34208D06A4D2B78012B00D083E0023357
:109E60002B70FAF7CBFEF9F721FC062001F02EFE4D
:109E7000042003F0ABFA0AF0A3FB624B03931B78B8
:109E8000002B00D0B1E1029B1B78012B03D05E4A6E
:109E90009B009B5898475D4E3378002B04D05C4B59
:109EA0001B78002B00D0A0E101F000FE002809D1B2
:109EB0000023584DEB56002B64D17B1DDB7F002B1C
:109EC00000D0BBE0544B1B78002B00D126E1534B54
:109ED0001B78002B00D121E102F004F8002800D00B
:109EE0001CE1BB7D4E4A9B075B0F9B5A0730BC8A27
:109EF00004930AF0E3FF0F230509ADB218400228CE
:109F000020D90A200AF0DAFFC3041BD4C0B2092802
:109F100018D92B00DD22193BFF3B9BB21201934263
:109F200010D3049A3F4B4049944200D8C6E01A88A7
:109F3000A21A012A00D0C4E00A88100502D4132A0C
:109F400000D9BEE0384B1D80364B1C80374B1B7848
:109F5000002B00D0A6E2314B00221978200049B234
:109F60000BF096F8D4E0022B00D07AE72200210013
:109F70001020FCF781FD01222D4B2C701C702D4B05
:109F80001A706EE72C4B1B78002B96D0284B1B7851
:109F9000002B92D1FCF7B2F801F088FD00288CD09C
:109FA00090E7C046DF2000206C1E002090FE960245
:109FB00005040000681E0020641E0020941F00207D
:109FC000701F00206A1F0020FA1E0020F91E0020CA
:109FD000F81E0020F41E002000080050102101008F
:109FE0005C0000205F000020983A000098340100D7
:109FF000E0280100F01E0020401F0020EF1E00207E
:10A00000EE1E0020721F0020E8D101085E1F002014
:10A01000421F0020241F0020E91E0020231F0020D3
:10A0200004D20108701E0020721E0020DA1E0020DB
:10A03000201F0020ED1E00205B000020184C23781C
:10A04000002B00D13EE70023EB56002B00D039E770
:10A05000144B1B78002B00D034E7029B1B78052B98
:10A0600000D12FE7104B1B78002B00D02AE7337864
:10A07000002B00D026E7F9F7B3F90C4D2B78002B15
:10A0800005D00B4B1878002801D10AF0A7FA00235D
:10A09000084A2B701370084A2370137012E7C046E9
:10A0A0005A000020201F0020371F0020EC1E002037
:10A0B000431F0020EB1E0020EA1E0020049A944259
:10A0C0000CD11A88121B012A08D1C34A1288100524
:10A0D00000D437E7C148824200D933E71C80C04B27
:10A0E0000D801B78002B00D0D0E1BE4A13800122E6
:10A0F000BD4B1A70FB7C002B00D13C82FAF736FE78
:10A10000A0238022DB0552009A61B84BFF3A1A70F7
:10A1100003200AF063FA0022B54B1A70BB7F002BB4
:10A1200009D0B44BB44A1B88002B00D0C2E113887D
:10A13000002B00D1C2E1B14C2378002B1FD0B04BD3
:10A140001B78002B15D1AF4B1B78002B11D1FB1DB9
:10A15000DB7F002B0DD0AC4B1B78002B09D1AB4B18
:10A16000AB4A1B781278134303D13378002B00D10C
:10A17000F3E1FA22A74B92001A8000232370A64E27
:10A180003378002B31D0029B1B78052B2DD1A34DAA
:10A190002B78002B00D1E4E1FAF70CFABB7F002BFF
:10A1A00005D03B00FE33198CD88BFAF703F97B1DE1
:10A1B000DB7F002B10D0964B1B785BB2002B0BD1B2
:10A1C000914B1B78002B07D1954B1C78002C03D1A9
:10A1D000F9F706F9934B1C7001F090FE0A22924B9E
:10A1E0001A8000232B7000233370904B1A78002ABA
:10A1F00000D1A0E500241C7004F0BAFBFAF740FD82
:10A200008B4A2000138801339BB213800AF080FD33
:10A21000A04202D020000EF095FE039B1B78002B7D
:10A2200001D1FDF715F9834B1A78002A00D182E598
:10A2300000221A70804A1378002B07D0013BDBB252
:10A240001370002B02D101227C4B1A70029B1B78E9
:10A2500002937B4B1B78002B08D0029B012B00D173
:10A26000B7E101F03FFE002800D0BCE1754A137849
:10A27000002B21D0013BDBB21370002B1CD1724BA1
:10A280001A688023D28BDB009A4210D26F4B1B7866
:10A29000013B022B0BD86E4B1B78002B07D1F9F733
:10A2A0005FFA6C4B1878022801D101F00FFCFCF723
:10A2B000B9FA0022684B1A70684A1378002B13D041
:10A2C00067490978072901D000290DD1013BDBB28C
:10A2D0001370002B08D1634B1B78002B04D0FCF7C4
:10A2E000D7F90122554B1A705F4A1388002B00D012
:10A2F0007BE100235D4A05931378002B00D081E1B8
:10A300000AF040F95A4B04931B88002B00D082E1DD
:10A31000584B1C88584B1D7878236B439C4218D1AE
:10A32000564E3378002B14D0FAF77CFCF8F7E8FE91
:10A3300000210620F9F7E8FF0A22FB1DDB7F5343CB
:10A34000394A13800023012233703C4B1A704C4B66
:10A350001A70029B494E012B00D1ACE101F0C2FD05
:10A36000002800D0A7E1294B1B78042B00D1A2E1E3
:10A370002B4B1B78002B00D09DE13E4B002C00D1D5
:10A3800070E1013CA4B21C80002C00D06AE10122E3
:10A390000425049B32701C80234B1A80F8F7B0FE12
:10A3A0002000384CF9F7EAFA2820A562F9F7BCF842
:10A3B0004020F9F7B9F8AE20F9F7B6F8A561032205
:10A3C000314B062019780131114019704B42594127
:10A3D000C9B2F9F799FF57E1721E0020EB0F000098
:10A3E000DA1E0020D81E0020D71E0020741E002078
:10A3F000E91E0020E21E0020E01E0020E81E0020D2
:10A40000201F0020E71E00203E1F0020431F0020C9
:10A41000241F002058000020E61E0020E51E00201A
:10A42000371F0020E41E0020381F00206F1F00206F
:10A43000FC1E00206E1F00206D1F00206C1F0020DE
:10A440006B1F0020641F0020601F00205F1F002082
:10A450005E1F00205D1F00205C1F00205B1F00208E
:10A460005A1F0020461F0020441F0020421F0020CA
:10A47000401F00203C1F00205E0000203A1F0020EB
:10A48000711F002000040050361F00208C490B78FB
:10A490002F2B0CD85A1CD2B20A708A495B005C522E
:10A4A000302A04D08723DB009C4200D253E50AF017
:10A4B00027FE2DE60021844B118019703378002B84
:10A4C00000D038E6029B1C78FD23A21E1A4200D160
:10A4D00031E67E4B1B785BB2002B00D02BE67C4B29
:10A4E000794A187800281ED011787A4A002914D0A9
:10A4F00064211180012C00D01DE6774A1278002AD1
:10A5000000D018E61B78002B00D014E6F9F7E2F82B
:10A51000724B1C70724B1C700DE6128891B2002AAF
:10A52000E8D11970E6E71278002A00D103E601228B
:10A530001A70052C01D102F079FB029B1B78012BCC
:10A5400000D1F8E5674B1B78002B00D0F3E502F053
:10A5500063FF0122624B1A70EDE5052002F066FBF5
:10A560000BE6614B1B78002B00D03CE67B1DDB7FAC
:10A570005E4A5F4C0492002B0BD0544B1B785BB2AD
:10A58000002B06D15B4B1B78002B02D12378002BCC
:10A5900017D0FB1DDA7F584B19780A23002900D009
:10A5A000BE335343049A138001232B70002525707A
:10A5B000F9F786FFF9F7B4FF29002800F9F7A4FEA0
:10A5C00011E6F8F70DFF0A23049A1380093B237064
:10A5D00009E64A4B01221B889BB2134200D145E693
:10A5E0003E4B1A7042E6464BF4E7013B9BB21380A8
:10A5F000002B00D07DE6434B1B78013B5A42534170
:10A60000DBB277E6013B13703F4B1B78002B00D188
:10A6100076E6FFF790FB3D4A1278002A00D077E6F5
:10A62000344A1278002A00D072E6364A1278012A9B
:10A6300006D1132800D16BE61538012800D867E64B
:10A64000049A013B9BB21380002B00D060E63B00D4
:10A650000833DB7F3C2B00D95AE6F9F7B9F9FAF752
:10A6600067FA55E61B885A1E132A09D8002D07D011
:10A6700000209B0702D12623FF33F85CF9F77EF90F
:10A680003378002B00D09AE6039B1D78002D47D02D
:10A690001F4C20000CF0B0FFFA221E4B52001B880A
:10A6A000934206D81C4BDA8823889A4201D3FFF7DD
:10A6B00042FBFBF7BDFB78226A43184B1A80DFE7A9
:10A6C000D61E0020761E0020DF1E0020241F002042
:10A6D000DE1E0020DC1E0020201F0020711F002035
:10A6E0006C1F0020F91E0020371F0020381F00209B
:10A6F000E41E00203E1F00203A1F0020681F00209B
:10A70000661F0020431F00205E1F00203F1F002007
:10A71000CE200020CC2000202A1F00203C1F00203B
:10A72000B24B1C880134A4B21C80029B012B13D0B5
:10A73000E30711D4AE4B18780493461CF6B21E7092
:10A74000AC4B4000C0180CF057FF032E01D9049BFE
:10A750001D70012004F0ACFFA4070BD1A64B1B78A1
:10A76000002B00D019E1A54B1B78002B02D0012251
:10A77000A34B1A70A34B1B78002B65D1A24B1B78FF
:10A780005BB2002B60D101F091F900285CD19F4BA6
:10A790001B78002B03D09E4B1B78002B54D09D4B75
:10A7A0001A78042A50D09C4B1B78002B4CD19B4B21
:10A7B0009B481B78002B12D09A490B78002B0ED0A7
:10A7C000994C2478002C0AD1012A08D0013BDBB235
:10A7D0000B70002B03D18A49013343760B70059B24
:10A7E000002B31D00021914B1980012A08D109F0AA
:10A7F000C9FE132802D01538012801D8FAF7B6FA95
:10A800008B4C2378002B03D1874B1B78002B02D075
:10A81000022001F05BF9FBF7F3FFFAF7C1F8002320
:10A820007B4A23701370834A13700122824B1A7083
:10A83000824B1B78002B04D001F054FB002800D180
:10A840000325280009F0CAFE7D4B1B78002B18D188
:10A850007C4B1A78002A14D018780138C0B21870CE
:10A8600000280ED102F0B2FD744B1B78002B08D0EB
:10A8700001F038FB002804D10AF046FE032009F05D
:10A88000ADFE714B1B88002B0FD13B000833DB7FE3
:10A89000013B3B2B09D85E4B1B78002B05D1594B54
:10A8A0001B78002B01D1FAF743F9684B1B78002B7A
:10A8B0001ED0674D01212C88664B0134A4B22200C2
:10A8C0000A40110000201A702C8004F0DBFE029B6D
:10A8D000012B0DD01D2C65D80AD1474B1B78002BBE
:10A8E00006D15D4B1B78002B02D1022001F0EEF85F
:10A8F00001F0DCF8002873D0584B1B78002B6FD187
:10A9000057490A78012A6BD8564803780133DBB2DD
:10A910000370012A07D1202B05D9534B1B78023332
:10A920000B70374B1A700122434B1A70394B1B784E
:10A93000002B0BD14D4B1B78002B1BD101F0D2FA11
:10A94000002800D1A4E0012005F0F8F9484A137866
:10A95000092B0FD1474B197A00290BD159680029CF
:10A9600008D045480068814204D81B681370012252
:10A97000314B1A70414B1B78002B01D1FFF7DBF9EB
:10A980000CF054F83E4A3F4913888B4201D9FFF737
:10A99000D2F901331380FFF7CEF90122184B1A7058
:10A9A000254BE6E600232B80134B1B78002B9FD111
:10A9B000294B1B78002B02D1022001F087F8324B83
:10A9C0001B78002B94D1039A01330520137002F0F9
:10A9D0002DF92E4BDB7F3C2B8AD8F8F7F9FF87E760
:10A9E000084B1B78002B9ED1A0E7C046281F0020F3
:10A9F000261F0020841F0020741F0020251F002018
:10AA0000711F00203E1F0020241F0020231F002054
:10AA10003F1F0020431F0020371F0020CA1F0020B7
:10AA20008C1F0020701F0020221F0020441F0020C8
:10AA30005F1F0020211F00206C1F00205E1F0020D0
:10AA4000201F00201F1F0020401F0020021F002089
:10AA5000001F0020FF1E0020FE1E0020061F0020F9
:10AA6000051F0020041F0020031F0020071F0020D7
:10AA70005A1F00200C1F0020081F00201E1F00204E
:10AA80001C1F0020FDFF0000731F0020941F0020EA
:10AA90001B4B1D78002D00D158E70022194B9A5608
:10AAA000022A00D052E70024174E3457082C24DC29
:10AAB0000123200018401C4206D19D4201D005F020
:10AAC00011F90134347041E7012D08D1601E0628C8
:10AAD000F7D8F7F707FF0AF60AF60EF61000180087
:10AAE00005F000F9032DECD1F0E7032000F0EEFFB4
:10AAF000E7E70420FAE70520F8E7187026E7C046E4
:10AB00001A1F0020191F0020181F0020F0B58B4BC2
:10AB100004001B780E00150085B0002B00D1B8E1B1
:10AB20000F2801D100F0DAFD0022854B1A70954202
:10AB300001D100F06DFD0D283DD0112827D00A2845
:10AB40003ED1804D2B7893421DD17F4E7F4F32787E
:10AB5000F95C914219D001330A2BF9D101340A2151
:10AB6000E0B2F7F76DFF7B5C33700BF053FC002213
:10AB7000774B1A70774B1A700AF08CFE022000F0A7
:10AB8000A5FF01232B7005B0F0BDDCB2E6E7724CE7
:10AB90002378002BF7D1714A1370714A13706C4AF5
:10ABA00013706C4A13700AF075FE022000F08EFFDD
:10ABB00001232370E7E70BF05BFC0022694B78E18F
:10ABC0001228E0D8F7F7A2FE590013001300130073
:10ABD000130013001300130013001300DFFF7800AD
:10ABE0008C00F7FFDFFFDFFFDFFF9900B100002ED1
:10ABF000C9D05D4A5D4B1278661E0192544AF6B286
:10AC0000995D1078554B534F1D78A0421DD1002DF2
:10AC10001BD03878013D0130F7F7FCFF0522724365
:10AC2000534B39709B18019A5B5C002A05D11A00BE
:10AC3000413A192A01D82033DBB2494A535501223F
:10AC40004C4B1A700AF026FE9DE705211470002275
:10AC500071433A706A1CD2B21A70454BCB5C0199B1
:10AC6000002905D119004139192901D82033DBB257
:10AC70003B494B5500238B54E1E7002E00D182E77E
:10AC8000334E344C3578002D11D1344B1B78002BCA
:10AC90000DD0334A013BD15C202904D11031D1546D
:10ACA00001232370CBE70CF0CDF82570C7E70CF03B
:10ACB000C9F800233370F4E7002E00D163E70022C7
:10ACC000234B26491A70234B1A702A4B1A700B78A3
:10ACD0009342B7D0013BDBB20B702149CA54B1E7B4
:10ACE000002E00D14FE70023194A1370194A137040
:10ACF000204A13700CF0A6F8A4E701231A4A117831
:10AD00004B4013700AF0C6FD022000F0DFFE3AE768
:10AD10000C4A002E02D00023137034E71378002B66
:10AD2000F9D101210F4B1970F5E700230B4A13707D
:10AD30000B4A1370064A1370064AE2E7071F002009
:10AD4000D5080020D9030020010000208BCD010888
:10AD50003306002032060020D80300202B040020F8
:10AD6000DA0300205F0000200000002082CD0108EF
:10AD700055CD010834060020C44B1B78002B00D1B0
:10AD800001E70022C24BC34E1A70C34B1A703378CE
:10AD9000934200D156E7C14C2368934201D101F0A0
:10ADA00051FE24686369186800F0CAFF002804D0C7
:10ADB000230028331B78002B60D1B94B1B78002B64
:10ADC0005CD133342378002B03D0B64B1B78042B93
:10ADD0005BD0B54B1B78002B59D0062083424ED850
:10ADE000F9F779FB012001F021FFB04B00241A7E16
:10ADF0000A2301325343AE4A13801388AD4A9BB2F3
:10AE00001380AD4B1C70AD4B1C70AD4B1C70AD4B2B
:10AE10001C70F9F71BFB2000F9F728FB21005120DB
:10AE2000F9F7E0F82000F9F7F5FA9E4B1D78012DAF
:10AE300000D007E73000F7F74DFD0200A24B3100CC
:10AE400018700132A14810F0F8F80222A04B1A70D5
:10AE5000A04BA14A1D70A14B1D70A14B1C70A14BB2
:10AE60001C60A14B1C70A14B1B6805331360A04BE9
:10AE70001C70A04B1C700AF00DFDE3E6032002F0ED
:10AE8000A5FA022000F022FEDCE60120F7E702200E
:10AE9000F5E7994B1F78002F0DD010280BD00D2807
:10AEA00009D0002D00D06EE6002E00D16BE6934B4A
:10AEB00002221A7067E6924B02931B780193002BD3
:10AEC0002BD0002E01D100F0EFFB002D00D0D1E3FC
:10AED0002000F8F775FA0190FF2800D1B1E3894FFF
:10AEE0003C78002C0CD1884E0E222D2130000FF022
:10AEF00075FFB573631C019A3B70834B1A5501E0D3
:10AF00000D2CF7D91022814B1A700022804B1A7039
:10AF1000804B01321A70794BCBE7122CC1D820003C
:10AF2000F7F7FEFC130013001300130013001300C7
:10AF300013001300130013006901120212028802A9
:10AF40001D036B03710313001300002D15D0002E99
:10AF500000D118E6704B1B78002B00D013E66F4A27
:10AF60001178002902D01370694A1370F9F718FD9F
:10AF700001212000FBF70CF905E6002E01D05F4B04
:10AF800056E2674B1B78002B00D030E1654B634FD6
:10AF90001B785BB2002B28D0200004F075FE3B78B4
:10AFA000012B00D8EFE50A205F4B3E701A785B78E2
:10AFB0005043C018C0B2002807D119225B4B1A7049
:10AFC00004F0B2FE04F0F0FADDE5182800D9DAE565
:10AFD000564B187001F01AF90028F1D10222474BA4
:10AFE00001301A7001F02AF9EAE7304E737B0293C0
:10AFF0004F4B1D683B78002B15D1EB8B4D4A9B18AE
:10B00000062B10D8482229004B4810F016F8029B56
:10B010004A4A5B00995BF3189B881180484A138069
:10B020000122484B1A70200004F02EFE1022374BEC
:10B030001A700393F8F794FB0022354B1A708022A4
:10B04000EB8BD200934202D20423039A64E6394A7E
:10B050009B18062B00D92AE72B693C781A683A4BD3
:10B0600093429B415B4206330193002C00D18AE559
:10B0700003219C4200D30D311020F7F7E5FC039B20
:10B080001870019B9C4261D93B707CE52B04002029
:10B0900033060020DA03002032060020681E00205C
:10B0A000F91E00206A1F0020731F00208C1F002043
:10B0B000681F002080030020FA1E0020F01E0020E0
:10B0C000BE070020BD070020AB050020AF05002013
:10B0D00036060020350600200C0600200806002059
:10B0E000AC0500200406002000060020081F0020F8
:10B0F000AD050020AE0500205E1F00205D1F002072
:10B10000221F00203E0800202F080020641F00207E
:10B110005F000020ED1E0020431F00205F1F002065
:10B12000D5080020241F0020D0030020B51F0020D8
:10B13000601F002000FCFFFF880300208403002024
:10B14000820300205C1F0020FFE0F50504F0B4FD41
:10B1500000F0AEFF00220A21019B1B1B93423ADC48
:10B1600064244443C74BC84F9C423CD9C74BE318A7
:10B17000BB4233D8C64BA3429B41C64C1C40C64B76
:10B18000E418200000F09CFD2B8E834210D0802319
:10B1900080B2DB002886C018029B80B25B00F052B0
:10B1A000F618B08003F0AEFB0221029803F0AAF972
:10B1B000AE8B2000310000F091FDB44BC318BB42B0
:10B1C00004D8B34B984210D8B348801B28600122A2
:10B1D000B24B1A80D7E448430132BFE7B04B9C42E0
:10B1E000CFD91C00CDE7AF4CCBE7AF48EEE7F9F77E
:10B1F000D7FB3100BDE6002E4AD0002D00D1BEE6BF
:10B20000AA4B1B785BB2002B7AD000F06BFE0028B3
:10B2100004D1A74B1B88092B00D8B4E4A54BA64C3E
:10B220001B682568002B56D08022A44BD2001B88B7
:10B23000934250D3F7F776FF2800F7F799FF0028DD
:10B2400007D19F4B1B681868F7F792FF002800D1C1
:10B2500099E49C4B9C4A1D7811000023AB4232D1EB
:10B2600015004B3529784E0090531F2001310140C5
:10B270002970202B02D001334A321370F7F7B8FF40
:10B2800004F052FD914B1B682360FAF737FF7AE414
:10B29000002D00D077E4019B002B00D073E4012443
:10B2A0008B4B1C70F8F75CFA8A4B01991A7819706D
:10B2B000002A00D081E47D4B1B785BB2002B35D097
:10B2C000F8F7AEFA5FE402318E1E36888642D7D098
:10B2D0000133DBB2C2E7ADB2280000F00FFF8023DC
:10B2E00002785B42134303700100280000F0F6FE71
:10B2F00004F01AFD0122784B1A70784B1A70C1E7DE
:10B30000774A1370774B1B78002B00D03BE4714ACF
:10B310001178002902D01370734A13700121734B06
:10B320000A000A201970FAF7EBFC2CE4704B1B7F23
:10B33000002B03D0F9F734FBFFF725FC6D4B1C7095
:10B34000694B1C70FFF71FFC01210B2C0FD1684CBF
:10B35000E37E002B01D1494249B2614B1B78002B9F
:10B3600007D0481E431E984101210B3002E6494296
:10B37000EDE7614A1370614A1370627B5200A75A6D
:10B38000544A1078002802D013705D4A1370002DC3
:10B3900007D1002E01D1FFF7F6FB0122594B1A709D
:10B3A00003E0002E01D1FFF7EEFB00223F4B9A563F
:10B3B000002A39D1544BFB18062B1CD8534B544A46
:10B3C0001C68208EC00013185B6882582000F8F7B4
:10B3D00019F9504BC218504B9A4200D967E52B4BD4
:10B3E000294AC318934200D861E52060F9F706F8AE
:10B3F000F9F71AF8EBE67818130080B200F086FF30
:10B40000464B984201D1FFF7BEFB874201D1FFF7BF
:10B41000BAFB637B1A1D5200A05201225B00E0526E
:10B420003F4B1A702C4B43E50800FAF733FC3D4BB9
:10B4300001223EE5002D79D1002E00D09FE5002F9E
:10B4400000D088E0194B234A1B785BB2002B7BD1DC
:10B450001378002B01D1FFF796FB0A21013BDBB2E9
:10B460001370314AD154002B05D1254B1B78002B8A
:10B4700001D003F053FA1022154B1A70F8F770F947
:10B48000FFF79BFB3F771B003F6F400140B23EFC44
:10B490005F856104406F4001C04DC1034A08002030
:10B4A00080A4BF0740771B0000BD0105241F0020BA
:10B4B0004608002040080020C4070020440800205F
:10B4C0006C1E002016050020CC040020C0070020C0
:10B4D000641F00205F1F00201F080020AF0700200E
:10B4E000D5080020431F00205F000020711F0020AE
:10B4F0008C1F0020B20700201E080020200800201A
:10B500005C1F00205D1F002000FCFFFF601F00206B
:10B51000B4CD0108C088E4FF402DA407FFFF000060
:10B52000B0070020ED1E0020D0030020002E01D126
:10B53000FFF729FB704B1B78002B01D1FFF73DFB78
:10B5400003F0ECF9FFF739FB6C4B17701F70F8F73D
:10B5500067F9FFF732FBF9F7E1F8FFF714FB684BE7
:10B560001B78012B01D1FFF70EFB664B1B78002BDC
:10B5700000D096E4002D02D1002E00D0FFE4624BF3
:10B580001A7F002A00D0D5E6604A1078002D08D036
:10B59000002826D1002E01D1FFF7F5FAFBF782F83B
:10B5A000EDE400281DD15A4B1B785BB2002B14D15F
:10B5B000584B1B68002B10D10E22574857490FF0EB
:10B5C0003CFD574B029A1D70012313701022554BFE
:10B5D0001A70554B1D70554B2AE7554B02221A70B5
:10B5E000F9E7002106331170D87F524AD9771070DD
:10B5F000012006F03DF94C4BF0E729003000FBF745
:10B6000043F9FFF7C0FA3000FBF78CF9FFF7BBFAFC
:10B61000122801D9FFF7B7FAF7F778F92FFBE9FA03
:10B62000E9FAE9FAE9FAE9FAE9FAE9FAE9FAE9FA02
:10B630007AFB4EFB62FBCDFAB5FAB5FAAEFB6FFBB7
:10B6400087FB122C00D932E42000F7F75FF996FC53
:10B6500096FC96FC96FC96FC96FC96FC96FC96FC5A
:10B6600096FC98FC7DFE7DFEF5FE88FFD6FFDCFF94
:10B6700096FC96FC122C01D9FFF785FA2000F7F70B
:10B6800045F966FC66FC66FC66FC66FC66FC66FCCE
:10B6900066FC66FC66FCBCFD63FE63FE55FF6EFF48
:10B6A000BCFFC2FF66FC66FC122C01D9FFF7F9FB58
:10B6B0002000F7F72BF94AFC4AFC4AFC4AFC4AFCFA
:10B6C0004AFC4AFC4AFC4AFC4AFCEDFD49FE49FEA4
:10B6D000BFFE54FFA2FFA8FF4AFC4AFC002A01D08B
:10B6E000FFF751FA144B1D70144B1D70144B1D7055
:10B6F000144B1D70FFF7A6FA5C1F0020BF07002047
:10B700006A1F00205F1F00208C1F0020D50800202A
:10B71000241F0020400800202F080020D0200020F7
:10B720003E080020641F00205F000020711F0020E1
:10B730005D1F0020330400202B040020DA030020CA
:10B740003306002032060020002300B50B604D2890
:10B7500000D976E0F7F7D0F8272B33393B393B6B2C
:10B76000753F5757574343435F47312D5F272F5F3F
:10B7700057353D4D573149575F434B5745457575D3
:10B7800073574F57477337736B6B5731575B5D5721
:10B790005F5F61575F5757575757717357655359D5
:10B7A00059595959735F09230020136000BD1723AD
:10B7B000FAE73D23F8E701230B600A23F4E70723A8
:10B7C000F2E76823F0E7204BEEE7D023ECE73223E3
:10B7D000EAE72823E8E705230B60AE33E4E71B4BD9
:10B7E000E2E71B4BE0E70523DEE70823DCE7012364
:10B7F0000B601923D8E703230B606033D4E7154BA4
:10B800000B60154BD0E70123CEE71523CCE7782357
:10B81000CAE70623C8E70323C6E701230B600E33FC
:10B82000C2E70E4B1B6834331B78012B01D1022376
:10B83000BAE7022B03D10023B6E73F23B4E7042382
:10B84000B2E701204042B1E7FFFF0000FF03000024
:10B8500001040000DC050000AC0D0000601F0020AA
:10B860000E4B4900CA5A80231B0130B5D218040080
:10B87000802013000C210A4D40015B00034200D0E0
:10B880006B4001390029F8D1D802064B184010430B
:10B89000032C01D1044B584030BDC0460EE20108D4
:10B8A000EA08000000F07F00FFFF7F007047000003
:10B8B00003000020044AC100515A994203D00130CC
:10B8C0000A28F8D10B387047F82200200122002006
:10B8D00010B5064B5968DC688C4201D2210010007B
:10B8E000013208330A2AF6D110BDC046F8220020E2
:10B8F000074A084BD27F002A03D00533DB7F002B99
:10B9000004D0054B1B68054A13607047044BF9E7E8
:10B91000921F00208C1F00206C1E0020681E00203B
:10B92000601F00200023064A1370064A1380064A4F
:10B930001370064A1370064A1380064A1370704744
:10B940003A22002038220020372200203622002010
:10B950003422002033220020F0B51E0085B0131CD5
:10B96000B24200D9331C00257F27DBB20093174B6E
:10B97000CC011B7824180193154BE418009AEBB204
:10B980009A4201D805B0F0BD019A331F002A10D0A9
:10B99000104A039204229D4213DA80216B1C494213
:10B9A00019410422200039400FF018FA01350534FE
:10B9B000E4E7094A02A90392084A029204229D423E
:10B9C00000DB03A920000FF038FBEFE76C23002019
:10B9D000E11A00207F41417F3E22223E3E3E3E3E14
:10B9E00010B50024084B1B78A3420BD108F0CAFD08
:10B9F0000F2807D1054B1B78A34203D0044B1C68CA
:10BA0000E443E40F200010BD3E1F00206823002007
:10BA10006423002070B50D0007490400F7F710F803
:10BA200020000E000449F6F785FF330002000349A9
:10BA3000280008F037FE70BDA08601000BC3010886
:10BA4000FF22104B10B518600F4B01241A700F4BDA
:10BA50001A7000230E4A13700E4A13700E4A1370A8
:10BA600015220E4B1C700E4B1A70F8F727FE0D4B6B
:10BA70001B78002B02D1022008F0B0FD0A4B1C708D
:10BA800010BDC046340500202E0500202D050020E5
:10BA9000300500202C050020041F0020051F002079
:10BAA000380500203E1F0020711F0020054B01209B
:10BAB0001B78002B04D1044B1878023843425841BC
:10BAC0007047C0463E1F0020431F0020F7B5041EEC
:10BAD00000D189E0431E012B04D8494BDB7F002BAA
:10BAE00000D181E00220474E3378023B8343DBB232
:10BAF000002B79D0062C77D8434F3B78002B02D00F
:10BB0000424909F0FCF9A0238022DB0552009A6229
:10BB10003378052B05D13E4B1B78002B01D0F8F76D
:10BB200083FC3C48F9F790F87120F7F765FFE31EB6
:10BB30000190022B04D8812170200902F8F752FAF3
:10BB4000F8F7DEFC0320F8F765FC9C217020090261
:10BB5000F8F748FA00213020F8F744FA2E4930204F
:10BB6000F8F740FAFA20C000F9F76EF8A023802217
:10BB7000DB0552009A612948F9F766F8062300258B
:10BB80005C43274A13199988A9422ED8A0248025FE
:10BB9000E4056D002348A562F9F756F8F8F7CCFCE8
:10BBA0002048F9F751F871200199F8F71BFA3F780E
:10BBB000002F02D01C48F9F747F81C4B1B78002BCC
:10BBC00000D0A561002F03D00220194909F097F990
:10BBD0003378052B05D10E4B1B78002B01D0F8F7DD
:10BBE0009FFC5022134B1A80F7BDA05A5988F9F7D1
:10BBF00021F901350748F9F727F8EDB2C1E7C0464A
:10BC00008D1F00206A1F00205E1F002001420000DF
:10BC1000E51E0020204E00000203000060EA000044
:10BC2000DEE201088813000010270000741E0020C7
:10BC300001020000E21E0020F7B504001727E023F0
:10BC400080221B0123401201934215D10025104B85
:10BC50000093E305DB0D0193009A6B00D35A019A20
:10BC6000934206D1EEB231000220FFF7F9FDA04267
:10BC70000BD00135682DEFD1012323409B056408CB
:10BC8000013F1C43002FDAD1FF263000FEBDC04625
:10BC90000EE2010870B502003224FF200023074E97
:10BCA0005900755A511B00D5A91AA14201DA0C009E
:10BCB000D8B20133322BF3D170BDC046AAE10108DE
:10BCC0000623054AD9005158814201D858B270471D
:10BCD000013BF7D20020FAE7B4CD0108164B70B54E
:10BCE00005000C00994215D11449F6F7A9FE080089
:10BCF000AF218900F6F71EFE444303384342584102
:10BD00000E4924182800F6F715FE0C4D4543651919
:10BD1000280070BD0129FBD0FA239B00994200D373
:10BD20004C08601C80B2401021004019F6F702FE5A
:10BD300044432500ECE7C04641030000C40900006D
:10BD4000484B0100C218484B00B59A4200D985E023
:10BD5000464B474AC318934200D87FE0454B1878BA
:10BD60000A2800D97AE0F6F7C7FD061963232D2FBC
:10BD7000384347796D00404B994200D86EE03F4B05
:10BD80000020994205D93E4B994203D83D4B187883
:10BD9000013800BD3C4888428041FAE73B4B3C4AB1
:10BDA000CB1800209342F4D93A4B3B48C918F2E72C
:10BDB0003A4A364B0020CB189342EAD9384B3948DF
:10BDC000C918E8E7324AF4E72B4B994246D9364B7B
:10BDD00000209942DDD9354BE7E7274B99423DD901
:10BDE000314B00209942D4D9304B3148C918D2E7A1
:10BDF000304B3148C918CEE7304B314ACB180020C0
:10BE00009342C6D92F4BCB189342C2D92E4B99429D
:10BE1000BFD02E4B9942BCD02D4B9942B9D02D4B5F
:10BE20009942B6D02C4BC818431E98414042B0E707
:10BE3000164B174ACB1800209342AAD9184B274813
:10BE4000C918A8E70022264B1868884202D858680B
:10BE5000884205D801320833072AF5D10120E5E7E9
:10BE6000002096E7C088E4FF402DA40740B23EFCC6
:10BE70003F6F4001801F00209F0BD100BF0E1602B4
:10BE8000FF5962023404002000879303004624FF18
:10BE90007F1A060080217FFDBFC62D003F0D0300E5
:10BEA00040DF6FFD3F420F00BF80090100A69DFDEE
:10BEB000BFFB3900CF7257FD3E49000068343EFD9C
:10BEC0005C440000489336FDB0A8E70020C0E700BE
:10BED00090D7E700E8DAEB00601914FF7F841E00BA
:10BEE000B4CD010802220020034B1B78023BDBB2D9
:10BEF0009A424041C0B270476A1F00200023144A92
:10BF00001370144A1370144A1370144A1370144AAD
:10BF10001370144A1380144A1370144A1370144A8D
:10BF20001370144A1370144A1370144A12681100E3
:10BF300034310978994201D113691B79104A137081
:10BF40000022104B1A70104B01321A707047C04615
:10BF5000CD070020D4070020D6070020DA070020F4
:10BF6000D1070020CA070020D5070020D2070020F3
:10BF7000D0070020CF070020CE0700206C1E002035
:10BF8000D7070020DF1E0020711F0020030070B5BE
:10BF90000A4D0B4C2A78081E2260237205D0094BEB
:10BFA0000A211E68F6F7C6FC8019092301222B70AE
:10BFB000054B60601A70F8F7D9FE70BD5A1F00205B
:10BFC0000C1F0020081F00206C1F002010B500204F
:10BFD0000349FFF7DBFF0120FFF778FD10BDC046E6
:10BFE000B80B000010B5FFF7F1FF10BD10B5FFF75B
:10BFF000EDFF10BD10B500200349FFF7C7FF042077
:10C00000FFF764FD10BDC046B80B000010B500215D
:10C010000120FFF7BBFF0620FFF758FD10BD10B54C
:10C02000FFF7F4FF10BD10B5FFF7F0FF10BD0000E3
:10C030009322F8B51A4B52009A5C1C235343194AB9
:10C0400006009B180122191D0D88B54222D2164800
:10C050004F88121892009B18FA225888198892006B
:10C06000C01B5043491BF6F7EFFC040028000F49A2
:10C070006043F6F7E9FCFA21C719300089006043F4
:10C08000F6F758FC381801D5002002E0642800DDDE
:10C090006420F8BD01320431072AD5D1F4E7C04647
:10C0A0008C1F00201EE10108FFFFFF3F18FCFFFF6F
:10C0B00070B50400F6F70EFC002301000A251800F5
:10C0C0008B4200D370BDE25C303AD2B2092AF9D873
:10C0D000684301331018DBB2F2E70000064B10B5DD
:10C0E000984208D88023DB01C018400000230222B8
:10C0F00080B2F9F755F810BD06040000F8B5184BEA
:10C1000005000024984228D8FFF7D2FB2700154EDF
:10C11000A0421BDA144AF900715A914205D0013746
:10C120000A2FF8D1FFF7D2FB07008023FF00DB01C5
:10C13000BC1C3419E818022221004000F8F76AFB01
:10C140000A4AF5531268F619726006E0074AC400FD
:10C150001268331902345A6034192000F8BDC04601
:10C1600006040000F8220020FFFF0000F41E00205B
:10C17000224B73B504000D0098421DD800291BD036
:10C180008023DB01C0180222400001A9F8F742FB1E
:10C190000222290001A80EF0CDFF00280DD12000B9
:10C1A000FFF786FB002807DB154B2A88C0001B1809
:10C1B0005A80144A12685A6073BD29002000FFF7A4
:10C1C0008DFF2000FFF774FB0D4E002807DBC00039
:10C1D0002B88301843800B4B1B684360ECE7002032
:10C1E000094BC200B25A9A4204D001300A28F8D151
:10C1F000FFF76CFBC0003452EAE7C04606040000BB
:10C20000F8220020F41E0020FFFF000070B505009A
:10C21000192811D080260024F6002000FFF76EFFB9
:10C220004378AB4202D103787F2B05D90134A4B205
:10C23000B442F2D1002070BD0120FCE7F7B5060042
:10C240001924134B134D01932F782878012E19D1FF
:10C250001921F6F7F5FB0131C8B22870FFF7D6FFB8
:10C2600000280ED12878B84203D0013CE4B2002C5B
:10C27000EBD1FFF7CBFF002803D11922019B293313
:10C280001A70F7BD19211730F6F7C4FCE3E7C04672
:10C290008C1F0020B51F002070B506000C00150093
:10C2A000FFF72CFF8023DB009E4229D20378002C6D
:10C2B00002D05AB2002A23DBDB435B0720D0002CDC
:10C2C0001CD0182D04D94378002B03D0200070BD5A
:10C2D000002D15D04378192BF8D0AB4210D1094A64
:10C2E000094B1278002AF1D09A8D0024B242EDD089
:10C2F000DC8DA41B631E9C41E4B2E7E70124E5E763
:10C300000024E3E7B61F00208C1F0020F7B580252E
:10C31000ED000E0004002F00009201930B4B9C4295
:10C3200012D0BC429B411C402000019A0099FFF7AB
:10C33000B3FF002806D1013DA419ADB2A4B2002D6F
:10C34000ECD1024C2000FEBD014CEDE7FFFF0000E8
:10C35000FF03000030B587B008F014F94D2800D96C
:10C3600089E0F6F7DDFA4E005300620068006800CD
:10C370008E009D00A600AC00F500B100B6003302AF
:10C38000BB005001BB00FC00C200C600CE00E300B1
:10C39000D800DD00E600F200F900FF00020107010D
:10C3A0000A010D011001130118011C011F012201D6
:10C3B00026018800880036012A012D013E01410135
:10C3C000440147017E003B014B017E005D0160019D
:10C3D00087018A018D0190019301960199019C01C9
:10C3E0009F01A201C001A501B601B901BC016B0109
:10C3F000A80163016F016F016F016F016F01670198
:10C40000C301BC4ABC4BD27D1A6034E0BB4BBC4973
:10C410001B680833DA7F0023C85C904203D00133E5
:10C42000182BF9D10023B44A38E0B44BB24A1B6848
:10C4300029331B7832E0B14BB2491B680C781A796A
:10C440005B79002C05D000230B70AF4B1A78AF4BF3
:10C450001B78043841424841511E4C426141884298
:10C4600002D00022A44BCFE7A349022A05D801330A
:10C47000002AF6D00B6007B030BD6933032AF9D02B
:10C48000EFE79E4B9C4A1B68197B022904D00329C5
:10C49000E7D15B7B693301E05B7B01331360EAE743
:10C4A000964B1A680023117B0129BCD1537B0133C1
:10C4B000B9E7924B904A1B680133DB7FEEE78F4A66
:10C4C0008D4B126892699FE78C4B8B4A1B682D330A
:10C4D000AFE78A4B884A1B683333AAE7854A864907
:10C4E000537B04335B009B5AC4E7834B884AD27F5B
:10C4F0008AE700237F4A917F994200D193E7D37F57
:10C50000D5E7844B1A787C4B002A02D0824A1278F5
:10C510007AE7824AEBE79221774A764B490003E0BB
:10C520002621754A734BFF315B5CB7E7724B7C4A3F
:10C53000EDE77C4B7049DB7F5A1E93417A4A5B00E2
:10C54000D27F501E82419B1894E76B4B774ACEE70F
:10C55000684A694B127E57E7674B754AD7E7664BC7
:10C56000744AC4E7644B744AD1E7644B624A1B685F
:10C570002E335EE7604B714AB9E75F4B704AC6E7FE
:10C580005D4B704AC3E75C4B6F4AC0E75B4B5A4A4E
:10C590001B6835334DE76D4A574B128834E7564BCD
:10C5A0006B4AB4E7544B6B4AB1E7524A524B928DF7
:10C5B0002AE7504A504BD28D26E74F4B664AA6E7F2
:10C5C000664B0A211888F6F7B5F94B4C80B220600B
:10C5D00051E74A4B484A1B6832332AE7464B604AC8
:10C5E00095E7454B5F4A92E7434B5F4A8FE7424BE3
:10C5F0005E4A8CE75E4A404BD28F05E73F4B3E4A8E
:10C600001B68343315E73B4A537B04335B00985A6D
:10C61000012300221900FFF779FE374B18602AE743
:10C62000354B544A73E7344B534A70E7534A324B05
:10C63000D288E9E69321304A2E4B6FE72D4A2E4BE4
:10C64000D27EE1E601AC22004D4B23CB23C203CBCB
:10C6500003C207F097FF473880000359494A197809
:10C6600000231079884200D1DDE601330832162B11
:10C67000F7D100E7204B444A49E71F4B434A46E7BE
:10C680001D4B434A43E71C4B424A40E71A4B424A80
:10C690003DE7194B414A3AE7174B414A37E7164BFA
:10C6A000404A34E7144B404A31E7134B3F4A2EE7E8
:10C6B000114B3F4A2BE7114B1B6834331A780E4B52
:10C6C000012A01D13B4A22E7022A00D1C9E63A4AAF
:10C6D0001DE7094B394A1AE7074B394A17E7054A5C
:10C6E000054B527F90E6044B364A10E7024B364A20
:10C6F0000DE7C0468C1F00207C1F0020601F00201B
:10C7000095CD01082C0500202D0500202E050020C8
:10C71000931F00202308002022080020941F0020DF
:10C72000C8070020921F0020911F00208D1F0020AD
:10C73000B41F00208E1F0020CA1F00208F1F002062
:10C74000D21F0020D71F002012070020DA1F002070
:10C75000B51F0020B61F00200A2000200020002066
:10C76000251F002010070020CC1F0020CD1F002017
:10C77000901F0020801F0020340400202A1F00206A
:10C7800044C1010830E301085E000020640000207D
:10C79000EF1E0020F81E00201A1F00203600002087
:10C7A00054080020B50700206C2300206B230020D4
:10C7B000030000202608002025080020240800206F
:10C7C0000E2000206B1F0020DD070020024B034AD3
:10C7D0001B6828332DE6C046601F00207C1F002008
:10C7E0000279531E022B03D900230371002105E0B7
:10C7F0006723012A00D1363B9942F7D8417170472F
:10C80000F0B5036904008BB01868FFF759FA0228E5
:10C8100000DD71E0674B684AD57D002D00D06EE0E9
:10C82000A31CDD7781235B426384FE23FF22DB01AF
:10C83000A384E31DDA7763691868FFF741FA2300E0
:10C84000019029331B785D1EEDB2002B01D15B4BAB
:10C850001D780123052D03D0AB1F5A4253415B00C5
:10C86000019A57495018032253430001C01804A9E4
:10C87000F7F7D0FF534B0293019B022B01D1524B90
:10C8800002936B1F5A1E934103260333039304AF95
:10C89000387803001833DBB2052D06D8039B5843C4
:10C8A000029B595DF6F7D0F8C3B2013EF6B23B7079
:10C8B0000137002EECD104AB019A18785D789F788F
:10C8C000424BD200D1589B185E6863691B6899423D
:10C8D0000EDA9E4200DC6BE08A1952089A4262DB53
:10C8E0002E1A581A7043511AF6F7AEF82818C0B22B
:10C8F0002A3420700BB0F0BD80235B028BE7ED186B
:10C9000023002F002133049303330593023B069346
:10C9100003330793023B08930333099304AE603754
:10C920002800012202CE1035F7F774FFAF42F7D18D
:10C93000E31CDB7F201D0193A71CC57FF87F611DD1
:10C940004210CE7FE11D9446C97F019AA31DDB7F73
:10C95000520049004008864203D1012E01D9023E0F
:10C96000B6B2934203D17D2B01D802339BB28D42E4
:10C9700003D1FD2D01D80235ADB26046F877601DB8
:10C98000C677FF2900DDFF21E01DC177211DCD778E
:10C990007F2A00DD7F22E11CCA777F2B00DD7F2309
:10C9A000A21DD37747E77F1B981A7843B11A9BE7FC
:10C9B00038009DE7600001008C1F0020640000200B
:10C9C0000D10000012E1010818E10108B4CD0108C2
:10C9D00070B51500040044220E00043000210EF052
:10C9E000FDF92800FFF76CF90D4B0422A383230007
:10C9F00008332086E683DA7702226361094BFF322F
:10CA000022852560A56024619E4204D12300013A5D
:10CA1000FF3A34331A702000FFF7F2FE70BDC046B3
:10CA2000E204000001040000421CD27F0368012AD6
:10CA300003D182699B1883607047022AFBD1826907
:10CA40009B1AF8E710B5114B5A7B012A01D9002235
:10CA50005A73991D5A7BC97F1000002906D0591DB1
:10CA6000C97F002902D150425041C0B248214A43F7
:10CA70004143074C88329A1822608831054A18735E
:10CA80005B181360FEF734FF10BDC0468C1F0020FA
:10CA9000601F00206C1E002070B5564D2B682D3392
:10CAA0001C78012C03D1544B1C780134E4B2A02330
:10CAB00080220026DB0552009A62504B3100300084
:10CAC0001E70F7F721FC022C00D9340020000CF076
:10CAD0006FFD2B685B691868F7F790FC484B0020E6
:10CAE0001B681A0034321278824206D135331B7823
:10CAF000012B01D0022B00D91800F7F7B7FC414BEE
:10CB00001B78032B13D1404B1C78002C0FD13F4BCB
:10CB10001B78042B0BD068215920F7F763FA21000A
:10CB20007020F7F75FFA21005820F7F75BFA002032
:10CB3000F7F770FC7E20F6F75FFF38232821984333
:10CB4000014389B27E20F7F74DFAF7F7E1FC0021A7
:10CB50003620F7F747FA37202D49F7F743FA5220E6
:10CB60002C49F7F73FFA00213020F7F73BFA2A4922
:10CB70003020F7F737FA2948F8F766F82B685B6931
:10CB80001868F7F7B1FD01210800F7F7BDFB24484D
:10CB9000F8F75AF82A682349130052692A331068B3
:10CBA0001B782222884200D81A3A80211B021343A4
:10CBB00019433620F7F716FA1848F8F745F82B68A6
:10CBC0005A69107901280DD0831E012B05D851799F
:10CBD000FEF746FEF7F7AEFB70BD00215120F7F7D8
:10CBE00001FAF9E75279104B5200D05AF7F7BEFB21
:10CBF000F2E7C046681E002024080020741E0020B2
:10CC00006C1E0020CD1F0020371F0020431F002076
:10CC10001F9D00008F020000FEC1000010270000D1
:10CC200088130000FF3EAB01AAE10108F0B5904D6A
:10CC300004002B7885B0012B6BD1012855D18D4B89
:10CC40001968002900D0AAE0F7F745FC00228A4BBA
:10CC50001A70F9F71DFD894B1B78002B01D008F0E5
:10CC600067F90125864B1D7007F0AAFCFFF714FF3A
:10CC700029000620F7F748FB824B834F1A78AA4217
:10CC800000D195E03A6832321178042900D9CDE01C
:10CC90001522CA402A4200D1C8E000221A703B681F
:10CCA00032331B78042B06D1784B0022FA211B78F3
:10CCB0007748F8F7D7F8774B1B78002B00D1B7E00F
:10CCC000032B03D101207449F8F73AF9FA20C00088
:10CCD000F7F7BAFFA0238022DB0552009A616F4B61
:10CCE000FF3A1A706E4B1A70AAE009F0D7FF2C7049
:10CCF000002C00D0B7E0F7F795FF604B1B78002BB6
:10CD000003D0FA22674B52001A8001225C4B1A7042
:10CD1000A7E02870052B00D09EE0052825D1624BA6
:10CD2000C8221B78002B00D1BE3A002401255F4B9E
:10CD3000DB7F53435E4A13805E4B1C705E4B1D705D
:10CD40005E4B1C70F7F7BCFBF7F7EAFB21002000F5
:10CD5000F7F7DAFA4A4B1D70594B1B78AB4200D1FA
:10CD60007FE0200007F03AFC7BE0F7F723FC00228D
:10CD7000514B1A70424B1A70524B1B78934201D19F
:10CD80000BF01CFE002C02D16BE0052CC7D0012C4F
:10CD900000D154E7022C53D10122484BA3E74A4B60
:10CDA0001B78002B00D04FE7012009F0E1FF4BE793
:10CDB000464E00221A70464B464D1B88C82B00DA9F
:10CDC000C8232A007E3212780292344A0392029AD1
:10CDD000002A07D0A0228021D205490091610122BA
:10CDE00003990A70FA2080005843F7F72DFF029844
:10CDF000F7F70EFC29002B002A007C3109887833D4
:10CE000076321B8812887A3501912988300000918A
:10CE10000121F8F7BBF8A02380220020DB05520097
:10CE20009A62039B1870F7F7D3FB38E72A4EC0E7E6
:10CE3000F7F70CFB294B1B78DB0701D5F7F796FFBB
:10CE4000FA22274B92001A800022264B1A70032CDC
:10CE500007D0144B1A8004E0002896D1042B00D18F
:10CE60004BE705B0F0BD052C00D093E757E7C0466F
:10CE70006A1F0020601F00205B1F00205E1F002033
:10CE8000711F002048230020681E00200A20002077
:10CE9000DD0900004D080020D6060000741E0020A9
:10CEA0001F0800202C0800203A1F0020931F00209C
:10CEB000381F0020E61E0020E51E00204808002044
:10CEC000431F0020DC070020D91A0020D0200020BA
:10CED000002000208C1F0020DC1F0020C80700203D
:10CEE00058000020E81E002010B51D4B40000843EC
:10CEF0001A78C0B20C00824230D018707E20F6F74B
:10CF00007BFDC3439BB2DB0BA34209D1C0210005CB
:10CF1000000DDB031843890101437E20F7F762F817
:10CF2000C62110208900F7F75DF811200D49F7F7A9
:10CF300059F812200C49F7F755F813200B49F7F769
:10CF400051F8842114208900F7F74CF8492008494A
:10CF5000F7F748F87B200749F7F744F810BDC046BB
:10CF6000620000203A030000DB030000DF03000042
:10CF7000B22A0000DC73000070B504000520022C0A
:10CF800000D00438F7F746FA3120F6F735FD012CCA
:10CF900055D1204381B23120F7F724F8422040498F
:10CFA000F7F720F82A203F49F7F71CF83E4B1E7888
:10CFB000022E00D900263D4DF600715B2B20AD19E5
:10CFC000F7F710F82F206988F7F70CF85420A98894
:10CFD000F7F708F85520E988F7F704F8344B1B6891
:10CFE0002D331878002800D003200CF0E1FA4820F7
:10CFF000F6F702FD0F23184381B24820F6F7F2FF3F
:10D00000A11E4B1E99412B4B494219403D20F6F77A
:10D01000E9FF7320F6F7F0FC21004B1E9941102325
:10D02000013C984363425C410901014389B273208A
:10D03000F6F7D8FF0021E0B2FFF756FF70BD0123DD
:10D04000984381B23120F6F7CDFF42201A49F6F716
:10D05000C9FFE8212A20C901F6F7C4FF00212B20CF
:10D06000F6F7C0FF2F201549F6F7BCFF022C08D1B8
:10D0700013495420F6F7B6FF12495520F6F7B2FFD0
:10D08000B5E7114B1E78042E00D900260F4DB600CF
:10D09000715B5420AD19F6F7A5FF6988EDE7C0462E
:10D0A0005C6F00003474000026080020E6E00108F0
:10D0B0006C1E0020AB2A00005A6B00009098000004
:10D0C00009900000A931000025080020FEE00108B9
:10D0D000F0B5A94E87B033680590002B00D12BE145
:10D0E000A64B1B68002B00D126E1A54B1B68002B2B
:10D0F00000D121E133682D331C78012C03D1A14BE1
:10D100001C780134E4B2A023802200255200DB0504
:10D110009A629D4B290005201D70F7F7F5F83368DA
:10D120001A0034321278012A00D00DE12D3318781C
:10D13000A84200D003200CF03BFA00210620F7F7AC
:10D14000E3F888213620F6F74DFFFA25002101206B
:10D15000F7F7DAF80A240126AD000C20F6F74CFCAC
:10D1600030420AD000210220013CF6F73BFFE4B236
:10D170002800F7F769FD002CEFD100213F20F6F7DA
:10D1800031FF824B7D2019783F231940804B814D20
:10D190001943F6F727FF784C23681B691F6838008E
:10D1A000F7F72CF9236834331878FFF7E5FE236886
:10D1B00000219A1CD27F702000925A1DD27F0192CA
:10D1C000DA1CD27F02929A1DD27F03921A1D073376
:10D1D000DB7FD67F0493F6F705FFA02109023143D8
:10D1E0004D20F6F7FFFEDE21049BC90119434E20B6
:10D1F000F6F7F8FE039B4F201902029B0C261943F9
:10D20000F6F7F0FE009B78201902019B1943F6F710
:10D21000E9FE0020F7F7FEF8F7F706F93800F7F710
:10D2200063FA01210020F7F76FF8F7F70FFA236888
:10D230001A0034321278002A10D11B6918795979F2
:10D24000012800D18EE0831E012B00D981E0FEF77A
:10D2500007FBF7F76FF8504EF7F7F8F8AB7F002BA6
:10D2600000D186E0464B1B6834331B78002B00D07E
:10D270007FE04A4B1B78002B00D07AE02B00FE3376
:10D28000198CD88BF7F796F830231E4323680020BB
:10D290001A0034321278824204D135331B78012BC4
:10D2A00000D9180080274135F7F7E0F8F7F71AF9A9
:10D2B0002B783F013743032B27D1C1215820F6F7A4
:10D2C00091FE72203649F6F78DFEC3217020F6F7E5
:10D2D00089FED021E0275D204901F6F783FE5A2020
:10D2E0003049F6F77FFE5B202F49F6F77BFE5C2086
:10D2F0002E49F6F777FE59202D49F6F773FEBF0148
:10D3000059202C493743F6F76DFE2368002134334A
:10D310001878013843425841C0B2FFF7E5FD3900A3
:10D320003F20F6F75FFEFEF7E9FD059B002B09D0D5
:10D330000020FFF77BFC05E0FFF784FB3368002B40
:10D3400000D0D7E607B0F0BD022C00D92C00200099
:10D35000F1E61948F7F70AF807201849F6F742FEF0
:10D36000174E79E7174B4900C85AF6F7FFFF164EDC
:10D3700072E7F7F7A5F889E76C1E0020601F002010
:10D38000681E002024080020741E0020D81F0020E2
:10D3900040E900008C1F00200C0700005E1F0020E9
:10D3A0006530000055550000AA55000030AA000065
:10D3B000684000006830000026020000CE21000016
:10D3C0000C040000AAE10108CC0400000D4B002869
:10D3D00007D11870587001220B4B18700B4B1A7044
:10D3E0007047062804D1032218705A700520F2E70E
:10D3F0000749084AC97F002902D1127B9854F5E7F2
:10D40000527BFBE7F42200201F1F00206C1F00202E
:10D41000921F00208C1F002070B53A4B3A4EDB7FE4
:10D42000002B18D0D222394B52001A800022384BE0
:10D430001A70384A1378002B07D1737B364933733F
:10D440000968364B1960012313700022344B1A709F
:10D45000344B01321A70FEF74BFA334B1C68636988
:10D460001868FEF76DFC314D002812D023002833D8
:10D470001B78012B0DD12A78022A0AD02C4A13706E
:10D480000320FFF7A3FF002302202B70FEF71EFBF3
:10D4900070BD284B1B78002BF2D1230033331B784F
:10D4A000002B03D0244B1B78042B1BD0234B1B7861
:10D4B000002B19D0062B19D834342478002CDFD156
:10D4C0000120FFF7B3FB1E4B2A781C80002A0FD0E7
:10D4D00000231C4A13701C4A13701C4A13701C4A08
:10D4E0001370D5E70120CCE70220CAE70620C8E781
:10D4F0000A22317E01314A431A801B88154A9BB2A9
:10D500001380E5E7911F00208C1F0020D807002022
:10D510005A000020EC1E0020601F00206C1E00201E
:10D520003F080020711F0020681E00204D080020C9
:10D530001F080020F91E00206A1F0020731F002012
:10D54000681F0020F01E0020FA1E0020BE070020E9
:10D55000BD07002080030020F0B5C34BB5B0039396
:10D56000C24B1B78012B00D084E0F6F7C9FF0020E6
:10D57000F6F750FFBE497120F6F734FDF7F740F893
:10D58000BC48F7F761FBC32170200902F6F72AFDBA
:10D59000F6F7BEFFB848F7F757FBF6F7B1FF502193
:10D5A000B648F7F747FC00217020F6F71BFD302046
:10D5B000B349F6F717FDB34DAB4C2B6832331B78EC
:10D5C000042B07D123007E331C22FA211B78AE489E
:10D5D000F7F748FC2B6832331B78023B012B2BD822
:10D5E00023007E331F78A94E002F09D0A02380226C
:10D5F000DB0552009A610123A5483370F7F724FB3D
:10D600003800F7F705F80399039B039A7C310988E2
:10D61000783376321B881288019103999D487A31BC
:10D62000098800910021F7F7B1FCA0238022DB05D7
:10D6300052009A620023337001200334F6F7C8FFCA
:10D64000E37F002B11D02B685B691B79023B012B18
:10D6500000D903E190495220F6F7C4FC8F495120CC
:10D66000F6F7C0FC8E48F7F7EFFA0020FFF730FD21
:10D6700035B0F0BD022B30D124228A4918A80DF014
:10D68000DCFC0020F6F7C6FE002518AC6188207887
:10D690000135F6F7A7FC0434092DF7D10024824A9E
:10D6A00063005F20D15A0134F6F79CFC072CF6D1B9
:10D6B0007E48F7F7C9FA59207D49F6F793FC7D4873
:10D6C000F7F7C2FA68215920F6F78CFC0021702088
:10D6D000F6F788FC002158206BE7032B00D06AE79F
:10D6E000039B75490633DA8F039B0A917349043310
:10D6F000DB8F0B9172490AAC5BBA0C91A2810021BD
:10D70000072208A8E3810DF069FB7022002118A808
:10D710000DF064FB0DA809F0D5FE00232082A37450
:10D7200005940694049300273D00069B1B7B0793FA
:10D73000092008AE06AB06223100C0180DF056FCD9
:10D74000079A01212A41B3780A409B1832707279F6
:10D750009B18B2799B180B40AB406D181F43FFB26A
:10D76000082DE5D1069BDF74049B5B180493069B90
:10D770005B180693049B072BD5D111AA0DAB61CB87
:10D7800061C200261B881380049D30002900F5F734
:10D7900057F930000F012900F5F7CCF82A003818A6
:10D7A000F31011AFFB5CB243134101224821134037
:10D7B00006AAC0B2521801361354702EE5D10E22BB
:10D7C00000210DA80DF00AFB072300229C466F3EA6
:10D7D000002318A98818C15C002907D061463500CC
:10D7E000C91A8D402900257B294321730133082B59
:10D7F000F1D108320134702AEAD10023059A117858
:10D80000527809020A43FA52059A0233023205920B
:10D810001A2BF3D124222B4918A80DF00EFC00205E
:10D82000F6F7F8FD002518AC618820780135F6F789
:10D83000D9FB0434092DF7D1002463005F20F95A85
:10D840000134F6F7CFFB0D2CF7D11848F7F7FCF9A8
:10D8500059201749F6F7C6FB1B4831E71B495220F0
:10D86000F6F7C0FB1A49FAE68C1F0020CD1F0020F6
:10D870001C3E000050C30000803801001E0500005F
:10D88000FEC10000681E0020AB090000741E0020CD
:10D8900060EA0000EE1F00208F02000040800000C0
:10D8A000A086010058C10108D8E00108204E000000
:10D8B0006808000020BF02005555555555555507BD
:10D8C000092A446F7CC10108C04504008F42000052
:10D8D000409000000121814A10B5136801331360A4
:10D8E0007F4B197010687F4B4343CB417E48834286
:10D8F00036D87E4B7E4819700388002B06D0013B3A
:10D900009BB20380002B01D17A4B19707A490B88A6
:10D91000142B08D90B88013B9BB20B80142B02D12E
:10D920000121764B197076490B88002B03D00B88A8
:10D93000013B9BB20B8073490B88002B08D00B88EE
:10D94000013B9BB20B80002B02D101216E4B197061
:10D950006E490B78002B03D00B78013BDBB20B70C8
:10D9600013689B0702D10122694B1A70694A137828
:10D97000002B03D01378013BDBB21370664A137897
:10D98000002B03D01378013BDBB21370634B1B7881
:10D99000002B4BD162490A88002A08D00A88013A34
:10D9A00092B20A80002A02D15E4A01211170002041
:10D9B0005D4A1056002847D15C4A1278002A15D1DA
:10D9C0005B4AD27F002A11D05A1E012A0ED9042B9D
:10D9D0000CD058490A88002A08D00A88013A92B225
:10D9E0000A80002A02D1544A01211170534A544935
:10D9F0001278002A5DD000285BD0524A1288002A93
:10DA000057D151480278002A53D1504A1278D4B2E3
:10DA1000002A4ED1042B4CD05A1E012A49D90A881B
:10DA2000013292B2182A1ED80A801FE0052BBED1FF
:10DA300047490A88002ABAD00A88013A92B20A8075
:10DA4000002AB4D1434AB0E75A1E012ACED93D4933
:10DA50000A88002ACAD00A88013A92B20A80002AAB
:10DA6000C4D1394AC0E701220C8002703A490A88C1
:10DA7000002A08D00A88013A92B20A80002A02D10C
:10DA80000121364A1170364A1278002A15D0022B2D
:10DA900011D8002B11D1334A1388002B0DD01388D5
:10DAA000013B9BB21380002B07D101222E4B1A7031
:10DAB00003E00022B8E7042BEDD12C4A1388002B99
:10DAC00003D01388013B9BB21380294A1378002BA3
:10DAD00003D01378013BDBB2137010BD081F002088
:10DAE0006F1F0020295C8FC251B81E056E1F0020D9
:10DAF000F22200206923002080030020FA1E00206B
:10DB0000661F0020681F0020F01E0020F91E002064
:10DB1000CC070020CF070020D00700206A1F00207C
:10DB200058000020E81E0020241F00203E1F002077
:10DB3000911F0020D80700205A0000200300002079
:10DB4000F0220020460800205B000020DA070020B9
:10DB5000381F0020E61E0020CA070020D107002041
:10DB6000231F0020D81E0020E91E0020DC1E0020FC
:10DB7000DF200020F0B510259BB006AC2A00002164
:10DB800020000DF02BF92A0000210AA80DF026F93B
:10DB90002A0038480AA9F6F73DFE374E0AA8310098
:10DBA000F4F78EFE12AF002800D188E02A00310081
:10DBB0000EA80DF04BFA00232A002E480EA9F7F705
:10DBC000EFFA0822002104A80DF008F9A02008228D
:10DBD00004A90002F6F71EFE6B463F221B7DA02023
:10DBE00093436A4604A91375000200230822F7F73D
:10DBF000D7FA0822002102A80DF0F0F808221F48E9
:10DC000002A9F6F707FE6B466A465B7B1B48AB43EF
:10DC1000537302A900230822F7F7C2FA2022390021
:10DC20001748F6F7F7FD0022BB5C002B06D0203B1F
:10DC30005E2B17D80132102AF6D100230022B91822
:10DC4000097C002921D020395E291BD9102200210E
:10DC500016A80DF0C3F80023202239000848F7F772
:10DC60009FFA14E01022002138000DF0B7F80123CC
:10DC7000E4E7C04660A1000014C3010858A10000F9
:10DC8000C8A000000132102AD9D1002BE3D107220D
:10DC90006946D348F6F7BEFD00256B465B57013356
:10DCA0000DD10135072DF8D12A00CE4968460DF077
:10DCB000C4F900232A006946C948F7F771FAA02081
:10DCC000082221000002F6F7A5FD0F232278134059
:10DCD000042B00D90023C4490B7013092F2A00D943
:10DCE0000023C24A13706378092B00D90123C04D69
:10DCF000EB75A3785A1FD2B2AE2A00D90B232B762C
:10DD0000237901211A000A406A765A080A402A77C4
:10DD10009A06120F042A00D900226A7701229B0971
:10DD20001340EB766379013B59424B41AB77A379C2
:10DD3000092B00D91300EB77E379082B00D90423D2
:10DD40002A004B32137021000822AA48F6F762FD20
:10DD50000F23227813400A2B00DD0A232621DBB291
:10DD60001209FF316B549A429B411A4092235B0087
:10DD7000EA546378032B00D90023AA1CD377A37835
:10DD8000022B00D90023AA1DD377E378052B00D9F5
:10DD90000423EA1DD3772379022B00D901236A1DBE
:10DDA000D37763793D2B00D90C232A000121083257
:10DDB000D377A379EA1C1800CB400840D0778E4A6D
:10DDC0000B4013702B1DD97707222900E3793831D6
:10DDD0001A400A702A00DB08393213703900102209
:10DDE0008648F6F717FD82223B88D200934200D97D
:10DDF000834B80227E4ED20033807B8893429241B7
:10DE000013403381BB887F4A9A18062A00D97C4B7D
:10DE10008222B380FB88D200934200D9784B8022C3
:10DE200073803B89D20093429241134073817B8976
:10DE3000744A9A18062A00D9714B04220EA9724816
:10DE4000F380F6F7E7FC3B226B4603219B18B27D7B
:10DE50001B788A4369465B079B0F1A43B2756B4A6E
:10DE60005B009A5A098F914204D369481B5A8B422E
:10DE700000D30A002A826B463A229B181B78013293
:10DE8000AB746B469B181B786249DB07DB0F2532AE
:10DE90006148EB74F6F7BEFC07F082F80822210017
:10DEA0005E48F6F7B7FC0122237801351A40EA777D
:10DEB0005A08312B00D9002224234D4DFF33EA5458
:10DEC0006378182B00D903232A0047321370A378F4
:10DED000182B00D900232A0048321370E378182B3E
:10DEE00000D904232A00493213702379182B00D952
:10DEF00000232A004A3213706379682B00D90E235D
:10DF00002A0028321370A379282B00D900232A0075
:10DF10003E321370E379052B00D903232A004032E7
:10DF200021003F4813700822F6F774FC01223D4897
:10DF300006AC115D0B004033DBB2802B00D881545E
:10DF40000132082AF5D121003748F6F763FC6378DF
:10DF5000032B00D900232A0041321370A3780A2B27
:10DF600000D900232A0046321370E378012B00D930
:10DF700000236B732379042B00D9002393225200D2
:10DF8000AB541F3AFF3A21002848F6F743FC2378A8
:10DF90005A1E93412A007E3213706279642A00D996
:10DFA0008FE10A2353432A00743213806423A27939
:10DFB0009A4201D85A3B53432A0076321380642395
:10DFC000E2799A4201D85A3B53432A0078321380AF
:10DFD000210008221648F6F71DFC6423227829E068
:10DFE000B9A000001C000020250800202608002001
:10DFF0008C1F002008A000002408002010A00000B2
:10E000000504000000FCFFFF20A0000004D201086E
:10E010000CD20108761E002028A00000A8A0000055
:10E02000B8A000001B000020C0A00000E8A0000075
:10E03000F0A000009A4201D85A3B53432A007A329A
:10E040001380642362789A4201D85A3B53432A00D2
:10E0500004AF7C321380390004229D48F6F7DAFBC6
:10E060003A787B781340BA781A40FB781340FF2B3C
:10E070002AD104220AA99748F6F7CCFB28226B463E
:10E080009B181A7829216B465B181B7801311340C5
:10E090006A465218127801311A406B465B181B7899
:10E0A0001340FF2B10D00A9B0422390088480493A8
:10E0B0000023F7F775F801235B420E930422002337
:10E0C00084480EA9F7F76CF83A88331DDA877A8806
:10E0D000B31DDA878049814A814808F0D3FE814A1E
:10E0E0008149824808F0CEFE082221008048F6F7D8
:10E0F00091FB7F2322781340591E182900D9012350
:10E10000310029310B703300D2092A331A701923D8
:10E110006B441A785B7821001B021343B3851B23E1
:10E120006B441A785B7873481B021343F3851D23F5
:10E130006B441A785B784E361B02134308223380F7
:10E14000F6F768FB23780A2B00D900236A4A13707C
:10E1500062796A4B511E8A411A70E379684A9907BD
:10E16000C90F11701A07920F032A00D1013A6549AD
:10E170000A70654AD906C90F1170644A9B09137069
:10E180002B1DDB7F002B01D1AB682B606022604927
:10E190006048F6F73FFB0023012019005E4A404229
:10E1A00001331080516008320A2BF9D180235B02C1
:10E1B0000E93022300250EAEB3806B00F05A574B2E
:10E1C000984201D8FDF79AFF0135032DF5D10025BE
:10E1D0007F2607272800FDF791FF011E08D002883F
:10E1E0004F4B9A4200D06FE007802800FDF7C0FF38
:10E1F00001354C4BADB29D42ECD1002510224A496D
:10E200004A48F6F707FB4A4B0822210049481D708F
:10E21000F6F700FBE3791A096F2B00D92A0046496B
:10E220000A701A00FF3A511E8A4144491A400A7086
:10E230000021FF2B02D05808013181434048017072
:10E240000021FF2B01D01B07990F3E4B1970A179BC
:10E250000B093F2900D900233B4803700C20002301
:10E26000014201D10F330B400125384938480B706A
:10E27000637919090D400570A078032800D90020A2
:10E28000344C207034484C07E40F04703348C908FC
:10E2900001700F210B40591E0E2900D90A230120BD
:10E2A0002F490B7006AB1B792E491840087059088E
:10E2B000F12B00D93C212C4B19702C4B1A701BB040
:10E2C000F0BD96235B006EE60378334003708FE762
:10E2D000B4A00000F2A00000DC1F00201DC3010854
:10E2E00010A1000023C30108EE1F002020A10000A0
:10E2F00030A1000050A10000801F00203404002045
:10E3000010070020251F002012070020C80700204A
:10E31000902200200E880000F82200200604000051
:10E32000FFFF0000070400008022002038A1000049
:10E330007C22002058A10000640000206D230020F2
:10E3400003000020DD070020F81E00201A1F002017
:10E3500054080020B50700206C2300206B23002008
:10E36000360000206B1F00205E000020EF1E002002
:10E3700037B5404D082229003F48F6F74BFA3F4C8D
:10E38000082229003E480CF058FE200008222900EF
:10E3900028300CF052FE20000822290030300CF00A
:10E3A0004CFE210008223748F6F734FA20002100FD
:10E3B000082208300CF041FE200021000822103015
:10E3C0000CF03BFE304C0C2221003048F6F722FACC
:10E3D0002F4B22889A4203D92E4B238064336380CB
:10E3E0002D4B022263812D4C2D4BE07F2D49C0180F
:10E3F0004000F6F70FFA2C4BE07F0222C0182B49A1
:10E400004000F6F707FA22004B3211782200284B21
:10E410004C325B5C2748137069460822F6F7FAF91C
:10E420006B460021595EFA23FA229B00CB189BB25F
:10E43000D200934200D900212300803319806B461B
:10E440009B793F2B00D93A232200823213706A460F
:10E45000D2790F2A00D90822200083342370B123F7
:10E46000DB01C9188430027089B23B20F5F7BAFD90
:10E4700037BDC0465C220020C000010044220020BD
:10E4800064220020C80001002A1F00204001010072
:10E49000871300006C070000FC0800008C1F0020A0
:10E4A000A8800000A8200020B4800000AA2000203E
:10E4B000CEE001088801010070B500240E000500BF
:10E4C0000470220021003000FDF7E6FEA04217D0C4
:10E4D0008023DB00F0180A2229000001F6F79AF9E0
:10E4E0002200AB5C203B5F2B02D801320A2AF8D114
:10E4F0000023AB54013A511C02D0A95C2029F8D06A
:10E5000070BD00004823F0B543438BB08A4C0393A1
:10E5100088331B190093894B07001B780591002B4A
:10E520000CD14300E1188888854A904201D1854882
:10E530008880E15A914201D1824AE25282237D00D1
:10E54000665BDB009E4231D8103B9E420CD230000D
:10E55000FBB200220121FDF7D9FE7B4B0600984259
:10E560001FD163199E8866533000FDF7C7FD8022D6
:10E57000038875490290D2008B4219D1964204D289
:10E580006D4B7F00D9198E88FE52704B704AF3187C
:10E590009BB2DB0031009A580098FEF719FA0BB0D5
:10E5A000F0BD3B1D5B006053E052DDE7654EDBE7ED
:10E5B000029B1B785B075B0F0193072B01D1023B8A
:10E5C0000193964200D3B2E0029B597848227A43E5
:10E5D000594B01989B181A00A6331E808023B8322D
:10E5E0001080023A1170DB009E4200D3B8E0059B18
:10E5F000022B00D0C4E0330104930822049808AC35
:10E6000021008018F6F706F9E0780F240440022C68
:10E6100000D9002448210A007A43474B9A18A832AF
:10E62000147002092F2800D9002279435B18BC33EB
:10E630001A7008AB9A79172A00D9042248237B4321
:10E640003D490024CB18059119001800AF310A701C
:10E6500040495200525AA43002801A000F21B432AD
:10E6600008AD1470AA78183811400170120994335B
:10E67000297800981A70FEF7B3F80398059B90303C
:10E68000C0186978FEF7ACF82A790123FF2A00D177
:10E69000F3E014005508D106500992091A401C40B5
:10E6A0001D40490F1840059248227A439446B322F0
:10E6B000214B634494469C44624614701C00B5345C
:10E6C0002570043C21701900059AB033BB311A70D3
:10E6D000087008AB5B790022FF2B04D01B075A0F90
:10E6E000042A00D9002248237B43134C06A9E318CF
:10E6F000BA331A7004980822F6F78CF806994B1C66
:10E7000003D1019A124BD200D158482213007B4307
:10E71000E31888331960104B0799994201D90F4BC0
:10E7200007937A43079BA418A034236028E0F3B230
:10E73000192101934AE7C0468C1F002034040020B1
:10E740000404000005040000FFFF000000FCFFFFC0
:10E75000B4CD01089CCF0108FFE0F50540420F0051
:10E76000330080335B013A019B180493059B022B15
:10E7700000D142E7434BF3189BB2062B00D83CE78D
:10E7800048257D43404C6319019388331D68280058
:10E79000FDF796FA3D4AC3B2DB009858A8420DD85F
:10E7A000D2185068A84209D380232800DB009E427B
:10E7B00004D3019DA4352988FDF790FA48257D43AF
:10E7C00065192B00883318608023DB009E4207D335
:10E7D0002B00A035A43319882868FDF77FFA28603C
:10E7E0000098FEF721F98023DB009E4205D20398B2
:10E7F0003100BE302018FFF75FFE4823190079432F
:10E800006118B331039A087890320099A218002851
:10E8100001D01100009A7B43E31818009C331A6062
:10E820001B4B98301B780160002B07D1194A0B68ED
:10E830009B18194A934201D8184B0B6048237B431D
:10E84000E3181900029ABD311278D206920F0A70AD
:10E85000134A1278002A02D0009A9C331A60114B96
:10E860001B78002B05D048237B43E4180723B134E1
:10E8700023700098FDF7C4FF91E6250019002000E1
:10E88000059311E700FCFFFF8C1F0020B4CD0108A9
:10E890003404002040F1E9FD3F4B4C00A0B4940249
:10E8A0001E0800202008002007B56B460522FF2126
:10E8B000D81C0CF093FA69460E4A0F48937C8B7073
:10E8C000138A0B80937DD27C9B075B0F0721134338
:10E8D000FF220B408A4313436A466946D3700023E4
:10E8E0000822F6F75DFC0023602204490448F6F78D
:10E8F00057FC07BD8C1F002020A00000761E0020C2
:10E9000028A000000122034B1A70034B92181A80B2
:10E910007047C0466A230020F222002010B50E4B3B
:10E920000E495A7B09885200D1529B180C4A0D4C53
:10E9300012880D499A80206848220CF07EFBFFF770
:10E94000E1FF2068FDF75CFF0120FEF7C1FB00221C
:10E95000064B1A7010BDC0468C1F00208403002097
:10E9600082030020601F0020880300205C1F00201D
:10E970001FB5124B1A78002A1ED000241C70104BB1
:10E980001A78A24218D0102269460E481C70F5F77A
:10E9900041FF69460C4B0B481A880A801A894A8045
:10E9A0009A888A805A88CA805A890A81DB8810220C
:10E9B0004B812300F6F7F4FB1FBDC04669230020FE
:10E9C0006A23002010A000008C1F00200F22F0B549
:10E9D00000263C21BE4B97B01B7802AC1340BD4AC9
:10E9E000BD4D1278A020120113432370EB7D00026D
:10E9F00063702B7EE670A3702B7FEA7E5B00920132
:10EA000013436A7E012713436A7F7F4292000A40C4
:10EA100013432371AB7F26226371EB7FFF32A37117
:10EA20002B004B331B782100E37192235B00EB5CDE
:10EA3000AA5C1B019B182372AB1CDB7F6372A74B84
:10EA4000DB7FA372EB1DDB7FA54AE3726B1DDB7FCF
:10EA500023732B000833DB7F6373A24BD27F1B78B9
:10EA600092005B001343EA1CD27F1343A3732B0075
:10EA7000072238331B7813409B4A1278D200134385
:10EA8000E37310223300F6F78BFB502221009748E6
:10EA9000F5F7C0FE2423FF33EB5C6A1CD27F5B00DA
:10EAA00013432A0023702B00473212784A331B7815
:10EAB00062702A0023712B0048321288283362804A
:10EAC0001B780A2163712B003E331B78A3712B0046
:10EAD00040331B78E3712823FF33EB5C637494238A
:10EAE0005B00EB5CA3742B003F331B7823762B0079
:10EAF00041331B7863762B0046331B78A3766B7B00
:10EB0000E37693235B00EB5C23772B007E331A784C
:10EB100012AB1A702B0074331888F3F70BFF4D23D8
:10EB20006B4418702B00763318880A21F3F702FF24
:10EB30004E236B4418702B00783318880A21F3F7A2
:10EB4000F9FE4F236B4418702B007A3318880A2182
:10EB5000F3F7F0FE14AB18702B007C3318880A21F1
:10EB6000F3F7E8FE51236B44187052236B441F8067
:10EB70005B4B5022DB8F2100A381584B5B48DB8F1E
:10EB80001597E3813300F6F70BFB7F22564BE771B5
:10EB90001B78210013402A002A3212785448D201EF
:10EBA00013432370AB8D082263701B0AA370EB8D97
:10EBB000E3701B0A23712B004E331B8863711B0A01
:10EBC000A3713300F6F7ECFA09200722FF2168440D
:10EBD0000CF004F9474BA6711B782370464B1B7849
:10EBE0006371464B1B78B34201D1FD23E3710C21C5
:10EBF000434BE2791B788A439B000B401343414A05
:10EC0000E3711278002A02D110329343E3713F225C
:10EC1000E379210013403C4A3C48127892011343A7
:10EC2000E37108220023F6F7BBFA082221003848D6
:10EC3000F5F7F0FD0F21374B374A1B7812785B0050
:10EC400013432371354A364B12781B78D2009B0050
:10EC50001343344A12781343334A5BB212781B01D0
:10EC6000A270324A12780A4013436371304A314B22
:10EC700012781B7812010B401343A3712E4B1A78A4
:10EC80002E4B1B78002B01D102331A430C212C4B45
:10EC90001F481B7882359B000B402A4909780901DF
:10ECA0000B431A4321000023E2710822F6F778FA99
:10ECB000694608222448F5F7ADFD6A462B78694677
:10ECC0009371214800230822F6F76AFA17B0F0BDC5
:10ECD00025080020260800208C1F0020921F0020FD
:10ECE000901F002024080020B51F0020A8A00000CD
:10ECF00030A10000801F00203404002010070020F5
:10ED0000251F002012070020C807002050A1000086
:10ED100058A100005E0000206B1F00206B23002024
:10ED20006C23002054080020B50700203600002086
:10ED3000F81E00201A1F00206D2300200300002071
:10ED4000DD070020640000208801010030B50D00BF
:10ED500085B010220021040068460CF03FF828001E
:10ED6000F3F7B8FD02000A2800D90A2229006846F4
:10ED70000CF063F980232001DB0180B2C01810225F
:10ED800000236946F6F70CFA05B030BD7FB50500E3
:10ED90001E00344B0800EB189BB21400062B5DD804
:10EDA000421E904190220001120280185B01C0189F
:10EDB0006A46236869460093A36980B20193637928
:10EDC0001372637B5372237B22791B0113436A46C0
:10EDD0009372230034331B78621CD27F1B011343D0
:10EDE0006A46D37223002200283333321B7812780C
:10EDF0009B015201134322002B321278134322004D
:10EE0000293212789200134322002D3212785200D8
:10EE100013436A46137323000E2232331B785B00C0
:10EE200013406A46537323000833DB7F9373002338
:10EE3000D3731022F6F7B4F9012321001A00280039
:10EE400008F080FB8023DB009D4206D2022E04D90D
:10EE5000210028003631FFF779FF7FBD2801012E00
:10EE6000FBD9A5E700FCFFFFF0B5AB4B8BB000AFC3
:10EE70001C6805F087FB0C23FA18043BDB18C0B2B2
:10EE8000D9192500FCF760FC002809D1A34B3A6989
:10EE90001968914201DA1A6002E0FA689142FADCDC
:10EEA00005F070FB4D286AD8F3F73AFD4E00590083
:10EEB0006C0073008A007100880098009D00310189
:10EEC000A100A5000203A900E001BA005E01DA007A
:10EED000DF00F1001401F800060118012A015A01AF
:10EEE00062016C017D0183018701900196019B0104
:10EEF000A001A401CF00D50069006900B701AA01F3
:10EF0000B001BD01CF01D301D7016900BB01DC0114
:10EF1000EB013C028002B902BB02C202CB02CD026D
:10EF2000CF02D102D302D502D702FE02D902E902F2
:10EF3000F502F9029C02DB028B02A302A302A302E8
:10EF4000A302A30295020003744A754B1268DA7596
:10EF50000122744B1A70744B09321A7079E0210047
:10EF60006E4B724A1B680831DBB2D35C704ACB77B8
:10EF7000E38B9B18062B02D801226E4B1A80BD46EC
:10EF80000BB0F0BD654B29341B682370F4E70834DF
:10EF90002500624B1A68002A04D12B79012BEED090
:10EFA000AA80E9E7D3B2682A04DC0222013B2A7175
:10EFB0006B71E1E70322693B2A71F9E70834250008
:10EFC000564B1B68002B04D12A79012AD7D1AB807C
:10EFD000D2E7013B6B7101232B71CDE74F4B01341D
:10EFE0001B68E377C8E74D4B1B68A361C4E74B4B35
:10EFF0002D341B68C9E7494B33341B68C5E7474BC1
:10F0000047491A6892B2E2834B7B04335B005A5241
:10F010000222484B1A80434B1A70474B0122C0E032
:10F02000464B0922190020205C7A2500854307D031
:10F03000FF2C05D0394B186880B2FFF787FE9EE79A
:10F040005872013B013AEFD2F4E7344A344B12686C
:10F050009A853B4BE2E7314A314B1268DA85F8E793
:10F060002E4B1A68374BDA77F3E72C4B2C4A1B6888
:10F070001900481E81419177002B01D0013BD377C5
:10F08000FFF776F90122304B1A70304B65E7234BBE
:10F090001A682F4BDA7700222E4B5EE7922126204A
:10F0A0001E4B1F4A1B6849005354FF30115C01334B
:10F0B00099420DDA19000BE026219220174B184ACD
:10F0C0001B68FF3153544000115C013B9942F1DC55
:10F0D0001154BEE7204B114A12683EE70F4A104810
:10F0E00011680122437B0A400133DBB25A43441DBD
:10F0F000E2770022890700D51A1C0630C277C1E7E3
:10F10000064B1B685A1E9341144AD377A1E7034A62
:10F11000034B12681A769CE7601F00207C1F0020BA
:10F120008C1F00201F0800200200002095CD010840
:10F1300000FCFFFF4A080020AF0700206F230020DB
:10F140002B080020931F00202E080020711F002094
:10F15000941F002023080020C80700208D1F0020D6
:10F16000D54B1A68D54BF8E6D34B1A68D44B7AE7DF
:10F170001E21D14BD34A1B68DBB213704B43D24ADA
:10F18000137066E7CC4B1A6823002E331A702100E7
:10F1900000230122E08B08F0D5F90122CB4B1A7035
:10F1A000CB4B1A70EBE6C44B1B685A1E9341C94AFD
:10F1B000ABE7C14B1A68C84BCFE6BF4B1A68C74BC9
:10F1C0001A70FFF7D5F8C64B0122C6E6C54BBA4AFE
:10F1D0001268511E8A41C0E6B74B1A6823003533C6
:10F1E000D4E7B54B1A68C04B1A8032E7B24B1A68A5
:10F1F000BE4BB2E6B04B1B685A1E9341BC4ABFE7F8
:10F20000AD4B1B685A1E9341BA4AB9E70A22AA4B72
:10F210001B685343B84A13801BE7A74B32341B6863
:10F22000B3E6B64B57E7A44BB54C1B685A1E934147
:10F2300000222370B34B1A70F7F72AFA2378002BB9
:10F2400000D01FE7F5F747F91CE79B4B1A68AE4B58
:10F2500083E6994B1A68AD4B7FE6974B1A68AC4B27
:10F26000DA87F6E6944B34341B688EE6924B1868C6
:10F27000002380B21A00190008F064F90222934BAF
:10F28000CAE6A02600248C4B36021D682000F5F744
:10F29000DDFE80235B01E418B442F7D1002D02D0DB
:10F2A0002000F5F7D3FE0C240826A020A319D919B5
:10F2B00010220002F5F7AEFA7F22A0200125A11945
:10F2C00000263B7EC91993433B766F3A0023000228
:10F2D000FD76F5F765FF8F4B8F4C18008F4A9049EC
:10F2E0007B602677FDF774FB8E4B8F4A18008F49A1
:10F2F0003B60FDF76DFB8E4B31007A6823606360E5
:10F3000087480223A660FFF741FD022329003A68DF
:10F310008648FFF73BFD874B1D70874B1D70FFF73D
:10F3200027FB2CE6644B85491B680A2B08D10A7819
:10F330000132D2B20A70022A00D820E6804A1FE7C2
:10F3400000247F4ADBB20C701370092B00D080E6DA
:10F350007C4B6E469D446D46802229009200200021
:10F36000F5F758FA83222B0092000C33A91840209D
:10F370001A7802431A7010338B42F8D1802200238E
:10F38000200029009200F5F70BFF80239B00E41872
:10F390008023DB019C42DFD102210020FFF7B2F87D
:10F3A00002210120FFF7AEF8B54652E6424A664B0D
:10F3B0001268511E8A411A700222444B1A70444B43
:10F3C00002E73D4B61491B680C22CB80604800235B
:10F3D000F5F7E6FED3E5384A4F4B11689322520009
:10F3E000995436E6344A4C4B1268511E8A41DA76FB
:10F3F0002FE608220C239B18DC192200554B23CB47
:10F4000023C203CB03C22C4B1D6805F0BBF8524B43
:10F410004738ED0080005B1902591B79B0E64F4B6D
:10F4200059E6254A4E4B12681A7001224D4BDBE615
:10F43000214B1B685A1E93414B4ADBB213704B4A57
:10F440009EE64B4B47E64B4B45E64B4B43E64B4B5F
:10F45000BDE64B4B3FE64B4BB9E64B4BB7E64B4B50
:10F46000B5E6343420784A4B012802D0002803D175
:10F47000484B114A12681A70FDF77EFDE9E50E4A05
:10F48000454B1268511E8A411A70FDF705FB012099
:10F49000FDF71EFEDDE5084B1A68404B5DE5064AA8
:10F4A0001D4B12685A77D4E53D4B90E63D4B12E672
:10F4B000014B28341B6868E57C1F0020B41F002026
:10F4C0008E1F0020CA1F0020701F00201F08002070
:10F4D000AF0700208F1F0020D21F0020D71F002061
:10F4E0002E08002012070020DA1F0020B51F002080
:10F4F000B61F00200A20002000200020251F002029
:10F50000100700205B1F0020CC1F0020CD1F002013
:10F51000901F0020142000208C1F0020F003DE002C
:10F52000020400005C200020F07795020504000032
:10F53000020405046A230020692300206E230020B2
:10F54000801F002000FEFFFF340400202A1F00203F
:10F550004001010044C1010830E301085E000020C1
:10F56000640000204A0800206D230020EF1E0020C8
:10F57000F81E00201A1F002036000020540800202A
:10F58000B50700206C2300206B230020030000201F
:10F590002608002025080020240800200E20002036
:10F5A0006B1F0020DD07002073B51E4D6946280043
:10F5B0000822F5F72FF91C4C072226001B4B293691
:10F5C0001B78280013403278194DD20013436A4645
:10F5D0006946D37100230822F5F7E2FD2800694649
:10F5E0000822F5F717F97F2233782800134022000C
:10F5F0002A3212786946D20113436A461370A38DEA
:10F6000053701B0A9370E38D4E34D3701B0A137131
:10F61000238853711B0A937100230822F5F7C0FD5C
:10F6200073BDC04608A000008C1F0020C41F00202E
:10F6300030A1000070B504000D00012906D8012A90
:10F6400004D1002110320BF0C9FB70BD1122200043
:10F650000A490BF0F2FC022DF7D9023D0D34042DBE
:10F6600000DD042503235D43651B200002220449BD
:10F67000033C0BF0E2FCAC42F7D1E6E7A0C1010885
:10F6800029C3010830B5042587B0084C0A000100E1
:10F6900001A8FFF7CFFF112300216F20A56201AA67
:10F6A000F5F78AF9A56107B030BDC04600040050E7
:10F6B000F8B50500BE20414A800013885188404CAF
:10F6C0005B189188D2885B189B189B1058433D4B60
:10F6D0002678D988F3F7B8F93B4A83B213803B4ABE
:10F6E000934228D907232370394B1F78012F05D166
:10F6F00004F048FF2F2801D1364B1F70FA21364BFA
:10F70000364F1B883A7849008B4238D8002A04D0FB
:10F710000122334B1A702F4B1A70002320783B7054
:10F72000B04242D000222F4C022833D9227001224D
:10F73000284B1A7036E02C4A93420DD893212B4A5D
:10F740004900525C012A01D80023CCE796218900A8
:10F750008B4201D2022AF7D0012380B22370FCF73A
:10F7600067FCC0B206234B28BDD805233228BAD87F
:10F7700004231928B7D80528B6D90323B3E7002AEC
:10F7800006D1174B01321A70124B1A70F5F7EEFAC8
:10F790000123C3E7164B022808D001221A702378F0
:10F7A000002BC4D00022134B1A80F8BD1A70002D14
:10F7B000F5D0114B1978FFF765FFF0E7841F0020A3
:10F7C000731F00202A1F0020621E00207A03000001
:10F7D000431F00206C1F0020CC200020741F00203D
:10F7E000711F0020FE1E0020750200008C1F0020EB
:10F7F000021F0020001F0020FF1E002070B5154BC7
:10F800001B78002B0FD000232D25134CE25C290020
:10F810000A2A01D03032D1B2C1540133042BF5D1C0
:10F820000023037170BD002904D00C49013204F09B
:10F8300039FFF7E780230A49DB009A4203D0094BDE
:10F840009A4203D108490BF0F0FBEBE7074901327C
:10F85000EDE7C0465F1F0020D00300202CC3010845
:10F86000FCC60108FFFF000034C301082FC30108D4
:10F87000F7B5160004000D001F00F3F72BF8731CFA
:10F880000093231801350193019B9C4200D1F7BDE1
:10F8900021782139CBB25D2B05D871433200280085
:10F8A00079180BF0CAFB009B0134ED18ECE700005F
:10F8B000F0B585B01C000AAB1B780F0015000600E0
:10F8C0000293F3F707F8BD4207D9029BED1B4343B0
:10F8D0000135ED1A6D08EF19FFB2E2010134144B46
:10F8E000E401D219E419D218E418331801920393F1
:10F8F000039B9E4201D105B0F0BD3578213DEBB2AE
:10F900005D2B0DD80E235D430A4F0722E91901989C
:10F9100007350BF092FB07222000E9190BF08DFB55
:10F92000029A019B944663440193A4180136DFE7D1
:10F93000E11A0020AADB0108F8B51D0006000F003F
:10F940001400F2F7C7FF0300A74207D2072058436D
:10F95000E11B0131091A49087F18FFB2044AE90185
:10F96000C91930008918034B0622FFF781FFF8BD43
:10F97000E11A002076D90108F7B507000C001D0038
:10F980001600FFF7D9FF3800F2F7A4FF072343431F
:10F99000601C1818C0B2002E04D0331C864200D957
:10F9A000031CD8B2021C7F2800D97F22D3B2019356
:10F9B000E901144B002C07D0601E5F183E5CB44672
:10F9C0007F26624656403E5480220E0052429446A4
:10F9D00060181B18803E019AA24207D8094BED011E
:10F9E0005D197F23A95C4B40AB54F7BD1878624684
:10F9F000C0435F1A1870B85D01345040B855E4B286
:10FA00000133E8E7E11A0020F7B5204E1D003378F6
:10FA100004001F4F00910192012B22D11D490BF0D0
:10FA200004FB2B00002220000099FFF7A5FF3A7885
:10FA3000194B5200D75A0A213800F3F701F8380061
:10FA40008EB20A21F2F776FF3300144982B2200009
:10FA500004F028FE2B00002220000199FFF76CFF24
:10FA6000F7BD0F490BF0E1FA2B00002200992000AE
:10FA7000FFF782FF3A780B4B31785200D25A4E236F
:10FA8000032900D1053B0849E1E7C0461F050020D6
:10FA90000800002039C30108AAE101081AC70108BB
:10FAA0003FC301080EE2010843C30108F8B51D0079
:10FAB00006000F001400F2F70DFF0300A74207D263
:10FAC00007205843E11B0131091A49087F18FFB28A
:10FAD000044AE901C91930008918034B0622FFF7CF
:10FAE000C7FEF8BDE11A002042D70108F0B5002793
:10FAF000234CD20185B05218141902930190F2F7E9
:10FB0000E9FE25003B00C2B280350392039ABA4257
:10FB100001DC05B0F0BD019AD65D2D2E2CD0002B56
:10FB200001D1202E22D03300303B0A2B13D81421D0
:10FB3000303E4E43134B0A22F6183100A01C0BF046
:10FB40007CFA31000A22A81C0A310BF076FA012354
:10FB50000D340D3508E02E2EF9D1602303342B70BF
:10FB60006B70AB7003355F3B0137CFE7029A002A19
:10FB7000EED0063C063DEBE73A26002BD7D1D2E784
:10FB8000E11A002066D6010830B50725012415408A
:10FB9000D208D2018018425CAC401500A543002B6E
:10FBA00001D02243D5B2455430BD0000F0B50C0061
:10FBB00087B005930CAB1B78019202930090009BD9
:10FBC0001B78002B01D107B0F0BD03220026203B9B
:10FBD000DBB25343134A9B180493019B0633DBB2F9
:10FBE0000393049B019D9F5D01231F420AD0059B47
:10FBF000A1190D48C9B2002B00D10C482A00029B64
:10FC0000FFF7C2FF0135039BEDB27F089D42EBD1A8
:10FC10000136032EE5D1009B04340133E4B2009396
:10FC2000CDE7C04646D5010855080020E11A00205E
:10FC300010B5084A0300527E002A09D0064A1278FD
:10FC4000002A05D0054C00220C212000FFF72EFFD2
:10FC500010BDC0468C1F00206D1F00204BC3010843
:10FC6000E02210B50021024892000BF0B7F810BD59
:10FC7000E11A002010B58022002102480BF0AEF8F6
:10FC800010BDC0465508002070B5094E05003478F7
:10FC9000072C0CD8002C04D108220A2105480BF0AF
:10FCA0009DF8132D03D0631C3370024B1D5570BD9E
:10FCB0005F1F0020D003002030B500232D25074C06
:10FCC0000748E25C29000A2A01D03032D1B2C1547F
:10FCD0000133082BF5D10023037230BDD00300207F
:10FCE0003B22002070B5041E0D4D08D101000520F7
:10FCF000F4F70AFB2B782100012B0DD170BD0121F7
:10FD00000520F4F701FB2B78012BF7D0054B197B6D
:10FD100001394B425941C9B20620F4F7F5FAEDE733
:10FD20006A1F00208C1F00200122024B1A70024B18
:10FD30001A70704736220020711F0020F0B5764BF4
:10FD4000ABB01B780590002B00D0B2E0734C0327BA
:10FD5000A38C002B00D102370021714B595600298A
:10FD600030DB704B1B78012B2CD06F4B6F48CA01D6
:10FD7000D21803780133DBB20370012B06D90023BC
:10FD80006B4D03702E78013373402B70684B1B78DA
:10FD9000002B00D18FE07F2000238446654E65460E
:10FDA000D05CA843F55C2843D0540133072BF6D12F
:10FDB0000426614D013107230020AE62C9B2F4F779
:10FDC000FBFDAE61637E002B03D05C4B1B78002BE8
:10FDD0006FD1544B1B78052B6BD1594B1B78012BE2
:10FDE00067D0584B1D78002D63D14F4BFA01D318C3
:10FDF0000393059B002B09D0802203990AA80BF0DE
:10FE00001CF98022290003980AF0E8FFF4F716FC99
:10FE10004D4A4E4B12684008128E9C56A03C241846
:10FE200024B223005D3353DA0026230002968D337B
:10FE300005DB200006219330F2F706FEC6B27B1EDA
:10FE4000DBB20493221C353401DD414B1A88414B4F
:10FE500012B21C78002C49D03F4906A804F022FCBD
:10FE600000228821049B06A8FFF766FD029B002B59
:10FE70004FD13200394906A804F014FC0022A62113
:10FE8000049B06A8FFF758FD029B3E209A19D2B2A8
:10FE90000D23F9B2FBF760FD059B002B09D08022F2
:10FEA00003990AA80BF046F9002802D03800F4F7AD
:10FEB000D6FD2BB0F0BD7F208446294E6546D05C30
:10FEC000A843F55C2843D0540133072BF6D16FE7E4
:10FED00025005D35282D00DD2825EDB20A212800FA
:10FEE000F2F728FDC3B209260293A8E71D4B1E496D
:10FEF00006A804F0D7FB0122084B9B8C0092283205
:10FF0000002B01D023001922022106A8FFF74EFE84
:10FF1000ACE72A001549AEE7DC0700208C1F002063
:10FF2000322200205A1F0020E11A00203122002036
:10FF3000302200203FD50108000400506D1F002032
:10FF40006A1F0020431F00206C1E00201C000020A0
:10FF500028C201086B2300205BC3010867C30108A6
:10FF600038D50108EEC901085FC301086BC3010859
:10FF7000F0B5864BABB01B780F93854B1A78092AE6
:10FF800001D000221A70834B1B785BB2002B01D189
:10FF9000FBF7C8FCFFF764FE7F4B1B78002B46D0B5
:10FFA0007E4B1C78002C42D18026FFF759FEB6000C
:10FFB0007B486F220019002180347A4D0AF00EFF31
:10FFC000B442F5D1C0200A2204262024764B4000FA
:10FFD0001978013231431970195CD2B22143195496
:10FFE0000133762AF4D10B240126220033000A21A2
:10FFF0002800FFF7C9FD22000134330075212800D5
:020000040801F1
:10000000E4B2FFF7C1FD252CEFD1082376220921A8
:1000100066480093063BFFF74BFC06237622092136
:100020006348FFF789FCF4F715FD2BB0F0BD614C78
:100030000320A38C002B00D10230FFF7F9FD5E4BAB
:100040001B78002B00D19DE0237B05935B4B08942C
:1000500009935B4B0B93002300210493554B0391B1
:100060009A8C8A4205D00F99002902D104998900FF
:1000700003915B7B0C93039BDB010E930E99494B21
:10008000CB180A93002A00D0AEE0059B04998B425E
:1000900001D101F042FB089B02330893099B4833CE
:1000A00009930B9B01330B93049B002B6CD0414DA8
:1000B000AB8C002B0DD1434B1B68002B09D0424B5E
:1000C0001B78FF2B05D006232E22022114A8FFF750
:1000D0009BFC2F4C2378002B28D1FBF703FF3B4AD6
:1000E000030012780490002A01D100F0DDFE0A23FB
:1000F0002370AB8C0324002B00D10234344B1A78CC
:10010000013AD2B2052A01D900F0C4FE314B920067
:10011000D558244BE00180220021C0180AF05EFE71
:100120007F2202212800E3B2FFF7C0FC184B1B78A6
:10013000092B01D001F0A2F9274B1C7A002C01D029
:1001400001F06FFA25491AA80AF06FFF03237F22F6
:1001500021001AA8FFF7F0FB21491AA80AF065FF51
:1001600004237F2221001AA8FFF7E6FB1D491AA8E5
:100170000AF05BFF05237F2221001AA8FFF7DCFBB2
:1001800001F08CF9637B60E7012365E7071F00201E
:100190005A1F0020241F0020021F0020FE1E0020E6
:1001A000691B0020E11A00206B1B0020AAC3010874
:1001B000B6C301088C1F0020EC1E00202420002064
:1001C000F42200204008002008000020371F0020F3
:1001D000AD070020B8D40108280000202FC4010872
:1001E0003DC401084EC401080F9B002B01D101F052
:1001F0008EFA059B049A934200D04CE70C9B049A1C
:10020000C349934201D101F0F1FA07220A980AF09A
:1002100014FF099B1B681F68BE4B1B780793012BBB
:1002200000D03AE1059B049A934200D0BEE10399C5
:100230002122079B002900D11A0000930A210023E4
:10024000B548FFF7B3FCB54B049A1B7B934200D033
:10025000B8E0B34B1B785BB2002B00D1B2E0FBF7E8
:1002600041FE041E00D0ADE0AE4B1B780693012B7F
:1002700000D8A7E0AC4B18211878069B1830C01A9C
:10028000F2F7DEFB1823069A0D919B1A1293129B2C
:1002900000209C423DD30D9A069B94461600183BC5
:1002A0001B19DBB21193069BA04D63441093A04B26
:1002B000139318213000F2F7C3FB139B4900CB5A6C
:1002C000002B04D01A1CAB4200D92A1C95B2109BFB
:1002D0000136B342EDD10D9B11989C461821604424
:1002E000F2F7AEFB924E49008B5B181E11D08F4A7D
:1002F000002095420DD0AA1C93420ADD581B05230D
:10030000584330211830F2F715FB052800D9052095
:10031000C0B21AABE0540134182CB8D100200A9BAB
:100320000634DD1D12ABE418461C002800D141E163
:10033000002361789C46182E00D03CE1A3780693F8
:100340000B00069A13436246134301D101F0D5F91D
:10035000069B01335B005B1863449B0801D101F0ED
:10036000D3F9DBB200280FD000229446012801D037
:1003700022789446069A4900023252186244920842
:100380002020D1B2002B13D00620C31ADBB21A00F2
:10039000002909D0421AD2B2934205D8191C9342BF
:1003A00000D2111C1A00CBB200209A4200D805E1FD
:1003B0007F222B780134934303432B700135182E91
:1003C00000D0F5E00024564B1C57002C04D0534BB2
:1003D000049A1B7B934216D03800FBF7B1FC00282F
:1003E00011D0099B1B7E012B0DD1FBF77BFD002853
:1003F00003D0504B1B68BB4205D00A9807224E49D8
:1004000018300AF01AFE089B1A888023DB009A42F3
:1004100000D3F0E0494B1B78002B07D03F4B0499E9
:100420005B7B8B4202D1002C00D1CEE044490132EB
:1004300014A804F037F900220121039B0133DBB239
:1004400014A8FFF799FA0B9B1B780693002B00D199
:10045000E9E0062B00D962E1069A6B469400082277
:100460001B7B23210092002236482058FFF720FAF8
:1004700055E10023336001F09AF9049B03215A42AD
:10048000130008220B4000920139002214A8FFF744
:100490000FFA01222C4B1A70FDE5FBF723FD1F4BD1
:1004A000002865D01A7B0499284B8A4276D10B9A92
:1004B0001278002A72D101211970254B1A70254B30
:1004C000039A1A701B4B1F60234B1B6834331B7835
:1004D0008B4216D1214B224A12789200D15814A88F
:1004E0000AF0A3FD039901232122002900D11A005B
:1004F00000930A21002314A8FFF758FB0223079357
:10050000A1E61849022BEAD0174B184AE4E7C04687
:10051000B7C401086A1F00208DC301088C1F00208A
:10052000241F00209404002095040020FFFF0000F9
:10053000960400202C220020BEC401085F1F00206A
:100540002FC30108FCD401085A1F0020191F0020E6
:10055000181F0020322200206C1E00202CD501081C
:1005600026080020CCC3010818D501082508002062
:10057000BB4A1268BA4210D19B8C002B0DD00021CF
:10058000B84B212259560123002900D11A000093AB
:1005900008210023B448FFF709FBB44B1B785BB27A
:1005A000012BABD10222B14B1A70A7E70023A6E7BB
:1005B0003000B9E60100E3789C46BFE60121914096
:1005C00001320843C0B2D2B2EFE607231A00A848AE
:1005D000A84C815C0A2902D03031E154013B013A38
:1005E000F7D22D21A34A002B02DAA34AA3491FE721
:1005F000D154013BF7E7A24BD318062B00D922E7D1
:10060000099B013219689F4B0868D2B29E499842F3
:1006100000D99E4914A804F045F8039B0022013339
:100620000221DBB20CE7089B1888994B1B78002B42
:1006300035D0934BC318062B31D8964B049A5B7B6D
:1006400093422CD18F4DFFF737FBBD42924152426E
:100650000332030014AC801800908F49200004F08E
:1006600021F86B461E7BAF4210D80F20731C12ADD1
:10067000069A40197121DBB2FFF75EF9069B320042
:1006800020212000E371FFF731FA04E5082320213F
:10069000009320003300069AFFF70AF9FBE47F4B32
:1006A0001B78012B06D1059B049A934202D1099B2A
:1006B0005B681F688023DB00984200D362E1754BC2
:1006C0001B7F002B22D1FBF719FD03787F2B6ED8FF
:1006D0004578192D71D86DD0002D6ED0704B6C1EE1
:1006E000A400E418200007F001F9002858D06D4953
:1006F0002A0014A803F0D6FF752114A86B461A7BB4
:100700007F2302310093002306F08EFF664BDB7FD0
:10071000012B77D054D9023B012B00D881E0079BF5
:10072000012B00D161E1002414AB1C705F4B1F78DA
:10073000A74200D084E1574B049A1B7B934201D11E
:10074000002F01D1099F103F594B1B78002B00D07F
:10075000B9E13B0034331C78002C00D098E1079BB2
:10076000012B00D07FE17B691AAA10001979514B47
:1007700070CB70C01B680360484B1B78032900D9FD
:100780007CE188008558012900D078E17A691279E6
:10079000012B00D069E1012A00D072E1464D70E1E1
:1007A0004649220014A803F07DFF7121A5E77521B9
:1007B0004348A3E771214348A0E7712142489DE7E0
:1007C00014AC21003800FBF725F96B461D7B2D4B3F
:1007D0009F4210D80F206B1C12AE00227121DBB299
:1007E0008019FFF7A9F800232A0020212000E371D7
:1007F000FFF77CF993E708230022009320212B00C8
:10080000200033E6089B31491A8814A8013203F00E
:1008100049FF08226B4624211B7B0092002214A86A
:1008200024E6089B14AC19882000FDF745FE2378C8
:10083000002B06D1089B20001A882449013203F0BE
:1008400031FF6B46184A1C7BD27F124B022A3FD1E4
:10085000002212AB9A740823212100932300DEE7C3
:100860002C22002032220020D0C30108191F0020B2
:10087000D00300203B2200203F220020D3C30108E8
:1008800000FCFFFFFFE0F50576C3010871C3010816
:100890005F1F00208C1F0020D8C301086A1F0020A2
:1008A000902200206CC301088E1F0020030000204E
:1008B000071F0020B8C1010881C30108DDC301087A
:1008C0007AC30108DBCB01087DC301082CC30108F2
:1008D0009A8C002A26D112AB9A7408232121009306
:1008E00014A82300FEF7E4FFD04B9D8C002D32D1DD
:1008F00014AE31003800FBF78DF8E31CDBB20D932A
:10090000CB4B9F4220D80F200434E3B212AC2A0014
:1009100071210019FFF710F82B00202130000D9AEB
:10092000F57165E7059B049A934206D123000022E6
:10093000242114A8FFF7BAF8D6E7230000222421C7
:1009400014A8FEF7F9FFCFE708232A00009320211F
:1009500030000D9B8AE53800B649F2F771F838008F
:100960000D00B449F1F7E6FF013402002B00B24953
:1009700014A803F097FE00222421E3B214A8FEF786
:10098000DBFFCCE614AC21003800FBF743F86B46E4
:100990001D7BA74B9F421FD80F206B1C12AE00225D
:1009A0007121DBB28019FEF7C7FF00232A00202146
:1009B0002000E371FFF79AF8089B1888FBF79EFB6D
:1009C000182302781A4200D1A9E60A9806229B4908
:1009D00078300AF032FBA2E608230022009320219F
:1009E0002B002000FEF764FFE6E7954B1B682933D8
:1009F0001C78002C21D10024924B1C57002C00DACB
:100A000091E6062C00D9062400263E278E4D0E9B2B
:100A10005D198E4B1B78002B05D00623FF279B1BEF
:100A20009F407F231F4028000222390001360AF030
:100A3000D5F90335B442ECD275E6013C64B2DDE78A
:100A4000834B1B781F1E00D175E6824B1B785BB26F
:100A50001F1E00D16FE6FBF745FA2700002800D0E3
:100A600069E67D4F67E63B697EE6012A0ED13B6968
:100A70007A4D1B79012B09D1794D07E0794D012B76
:100A800004D1059B049A774C934205D0764C03E041
:100A9000754BA400E418734D079B012B15D17A699F
:100AA0001379012B13D0991E012900D9F8E06F4961
:100AB000022B00D06E4952796E4B5200D25A14A8C4
:100AC00003F0F0FD17E06C4CE5E73A69E8E752798E
:100AD0006A4B5200D65A0A213000F1F7B1FF3000BC
:100AE0008BB20A210793F1F725FF654982B2079B74
:100AF00014A803F0D7FD0026544B1B78002B00D11F
:100B0000E8E0039B00220133DBB2B4212800079305
:100B1000FEF712FF079B002282212000FEF70CFF48
:100B2000424B9B8C002B25D1564B1B78002B21D19F
:100B3000002E05D132000221063314A8FEF7FCFE78
:100B4000BD8B64212800F1F7F5FE4F4B84B29D4226
:100B500000D9B9E064212800F1F772FF22008BB2BE
:100B600014A84A4903F09EFD062300222E2114A852
:100B7000FEF7E2FE069B002B01D0052B2CD13B009B
:100B800029331A78072314001C401A4200D0CFE002
:100B900001252C4B1C782D4B3D491B78002B00D197
:100BA000CAE0152204311AA80AF047FA0322624368
:100BB000039B1AA901338818DBB20022AA21FEF791
:100BC000BBFE2620002D07D00A9B032218180130F7
:100BD0003049FF300AF031FA3A68BB689A4200D1D6
:100BE000D8E07B1CD87FAC239B031A932A4B1B9322
:100BF0002A4B1B685A1CD27F002A03D05A699A429A
:100C000000D1AFE00321F1F71BFFC9B20F4B1A78F7
:100C1000002A00D1AEE049001AAA50180022BC21D7
:100C2000039B0133DBB2FEF787FEB3E08C1F00208D
:100C3000FFE0F505A0860100E2C30108B1C101088B
:100C40006C1E002064000020E31B00206B230020AA
:100C50008C040020241F00203804002081C30108D8
:100C6000A6C30108BDC40108F0D4010827C70108C4
:100C70009CC801080EE2010885C30108AAE1010829
:100C8000ECC30108221F00200F270000F2C3010857
:100C9000C4C10108C6C401082D004400601F002023
:100CA000BE8B64213000F1F7CBFE30008BB26421A3
:100CB0000793F1F73FFE0A2682B2D049079B14A89A
:100CC00003F0F0FC764217E72200CD4914A803F0A8
:100CD000E9FC49E7002D0ED02B78002B0BD0039BAD
:100CE0003122002B00D1203A012334210093280027
:100CF0000023FEF75BFF2378002B0BD0039B3122F0
:100D0000002B00D1203A012303210093200000236F
:100D1000FEF74CFF039B44363122F1B2002B00D189
:100D2000203A012314A800930023FEF73FFF21E798
:100D3000013C0025E4B22EE7232219311AA80AF05B
:100D40007CF9052363431AAAD018039B3122002B98
:100D500000D1203A0123182100930023FEF726FF3B
:100D600013202FE73B002B331B78002B00D049E7E3
:100D700003214BE7032953D1039B3122002B00D1E0
:100D8000203A0123262012AC00932B2100230019C6
:100D9000FEF70CFF9B4B1C783B002B331B78002B82
:100DA00009D09948002C43D0039B00220133C12174
:100DB000DBB2FEF7C1FD2D373B780025012B01D1B9
:100DC000924A1578ED181AA8914BAD00002C3BD033
:100DD00002003C3352CB52C2039B00220133D0218C
:100DE0004059DBB2FEF7A8FD0C9B049A934201D058
:100DF000FFF751F9874B1B78002B36D0864914A892
:100E00000AF013F97F4B1B78002B35D0039B00228F
:100E10000133E221DBB214A8FEF78EFDFFF73BF9A8
:100E2000039B490001331AA84018DBB2A921FAE656
:100E3000039B3122002B00D1203A01233021009363
:100E40000023FEF7B3FEB6E70200483352CB52C28E
:100E5000039B31224059002B00D1203A01235B2112
:100E600000930023FEF7A2FEBEE76C4B6C49DA7DCF
:100E700014A803F017FCC5E7039B3122002B00D117
:100E8000203A01236E21009314A80023FEF78EFE62
:100E9000FFF701F9634B644D1B78002B01D0FFF77E
:100EA00038F9624DFFF735F9049A002A00D0DBE2E9
:100EB0005F4A127852B2002A00D1D5E25D4A127818
:100EC000002A00D0D0E2022323705B4B1B880893DA
:100ED0008023089ADB009A4207D3584B1B68002BEB
:100EE00075D1FAF71FFDFFF721F929352E78731E0A
:100EF000182B00D91926524B524A197800239942CF
:100F000002D01078013343404F480478002C00D1C0
:100F1000B6E04E4C2478002C00D1B1E04C4C247843
:100F2000B44200D0ACE0002B00D0A9E0494B1B78C4
:100F3000002B00D0A4E01170474B1F88002F01D177
:100F4000FFF7F4F80021454A344B1578444A1268FB
:100F5000D08B8D420BD080229C8DD2001600944203
:100F600000D2ECE0DC8D944200D2ECE00D000022D7
:100F700013003C4C0394039EDC08345D07261E409E
:100F800034410126344203D0921992B2984206D0DD
:100F9000802401339BB2E400A342ECD10022324B07
:100FA000002903D10392002A00D0D6E01A88131C2E
:100FB000002A00D101239BB20393002D00D029E128
:100FC00000212B000D000493284B069356E1284A7C
:100FD0001D4D1068224A2E7812681C4C918B002EF1
:100FE00000D0BDE001262E7000252570214C236025
:100FF000214B1860214B1960C5E0C046F2C30108BF
:10100000FBC301086B2300206DCC010824080020DD
:10101000C4C1010848080020FFC301088C1F00203C
:1010200004C40108AE07002090C3010888C301086A
:10103000241F00206D1F00204408002040080020CD
:10104000AF070020372200203A220020ED210020A7
:10105000EC2100203622002038220020B61F00207C
:101060006C1E00206021002034220020B4C801083A
:10107000C8040020E8210020E4210020E021002015
:10108000002501272C00574B11701F70564B8022F2
:101090000021077055481E7009F0A0FE8022002133
:1010A000534809F09BFE534B1D802000FBF726F8A8
:1010B0000390002837D0072203781340934232D0A0
:1010C0004378192E20D1002B2DD007233800234040
:1010D000984003004549E208885C03438B54039B16
:1010E0006A1C1B7892B27F2B08D90723E8081D40A1
:1010F0003B00AB403E490D5C2B430B543D49150072
:101100000B8801330B800EE0192BDED09E420AD1F2
:10111000394A3A4B1278002AD7D09A8DA24202D08F
:10112000DB8DA342D1D180230134A4B2DB009C42E9
:10113000BBD10022324B1A70324B1A80FCE60121DF
:10114000844200D113E7DB8D0021B34200D30EE7C8
:101150001B1A5A425341590009E7039A1A802CE797
:101160002678002E00D03DE7274E3668B34200D0E7
:1011700038E7264E3668B04200D033E7244E366852
:10118000B14200D02EE7204B1C68002C01D1FEF7A5
:10119000CDFF1E4B1B680393A34201D2FEF7C6FF8F
:1011A0001B4B1D68002D00D10135039B2900181B26
:1011B0001668F1F7BFFB471C013000D10127200062
:1011C000B44203D80398B04200D930002900001B74
:1011D000F1F7B0FB431C0393BB4200D903970125F1
:1011E000EEE6C046ED210020EC2100206021002029
:1011F000E020002038220020B61F00208C1F002095
:101200003622002034220020E8210020E4210020A2
:10121000E02100200126BC4B8E401B7803241A00DD
:101220005809DB065B0F33432240DBB2002804D0B1
:101230000138C0B21900002811D12100012001326B
:10124000D2B2022A00D900221C00D440044200D0AD
:10125000D3E00139C9B20029F1D10A000620890082
:101260004001AA4B01431143C9B20693002A05D09D
:10127000A74B0693A74B012A00D1A6E6A24B3A0042
:1012800019700020A44903F00DFA0399C3B200912C
:10129000A24A1821C4B201971AA803F0A7FCA04BD8
:1012A0009B8C002B00D1AAE0032319260A9301236B
:1012B000E40000933200002302211AA8FEF776FC16
:1012C000E3B200240793A54223D00B33DBB209938A
:1012D000079B099D1233DBB20B93B31D0C933400B3
:1012E0000023220029008F48FEF74EFC01340C9B9E
:1012F000E4B2A342F4D101350B9BEDB2AB42EED187
:10130000012332000093099900230698FEF74EFC52
:101310000B240023844AD3560B93079B1C197D236F
:10132000E4B225000B34E4B21B1BDBB209355E1EB0
:101330003000EDB20693012F0BD00398B84200D9CC
:101340003800002800D1013001387043791EF1F7D0
:10135000F1FA0390B04200D903960C2012260A9BA2
:10136000704AD901531858555D196E701D007D35AE
:101370002E7000257E3318706C4B09191B88079757
:1013800009938B180A93069AEBB29A4201D8FEF79A
:10139000CDFE079B0699D81BF1F7CCFA0699441CA1
:1013A0000798F1F7C7FA00231A0003998D425A41B2
:1013B0000B99D2B2013103D0039AAA425B41DAB24F
:1013C0002300844200D2030080210898C90088428B
:1013D0002BD2002C00D1013409998B4200D90B008B
:1013E0009C4205D8013C5248A4B29BB2A3420AD108
:1013F0002D23002A12D10C3B10E000212EE70523FB
:1014000029260A9353E70726E108415C264031412B
:1014100001260134A4B23142E8D021230A9A53555F
:10142000079B0135DB190793ADE704990029DFD04D
:10143000201E00D101208342DAD3802149028C4250
:10144000D6D28B4200D33B4B3B493C4C09788C466F
:1014500000216145CCD02688B04201D8B342DCD20D
:101460000131C9B20234F4E7354A1278002A3FD07C
:10147000344A1278012A3BD104232370324B33487B
:101480001B78002B0AD003237F220021FEF754FA99
:101490002F4B1B78092B01D1FEF74EFE2D4C2378E4
:1014A000002B01D004F0F6F91D4B9B8C002B01D0D2
:1014B000FEF7B9FD284B1B78002B01D0FEF7B3FDDA
:1014C0002378002B01D0FEF7AEFD059B234A002BAD
:1014D00000D0234A234914A803F0E4F87F2306220E
:1014E00000936B21002314A806F09EF8FEF79BFDE5
:1014F000002B39D0174B187800283CD105232370D6
:10150000FEF71CFCFEF712FE33220020B4C80108CF
:101510009BC3010898C301087FC901080AC40108D8
:101520008C1F0020E11A0020241F002038220020F8
:10153000E0200020FFFF000016050020CC04002062
:10154000120700206A1F002028220020F02100201E
:101550005A1F0020071F0020221F002024CA010854
:1015600057C60108B0C40108A24B1B78002B02D05B
:10157000052B00D082E7A04B1B78002B2BD09F4E71
:101580003378002B27D09E4B1B78002B23D19D4B0B
:101590001B78002B1FD13000F1F79CF99A4B1B7878
:1015A000002B01D0FEF741FD073323700C2800D239
:1015B0000C200C383218954914A803F073F8AA8C43
:1015C0000523002A01D003230022022114A8FEF7DC
:1015D000B3F9FEF7ABFD8E4B1B78002B00D14DE726
:1015E000894B1E78002E01D0FEF71FFD08232370C3
:1015F000884B1F883800FAF71BFD6421050038006E
:10160000F1F71EFA38008CB26421F1F793F9230048
:1016100082B28149009514A803F044F803233200F4
:10162000D3E71E889A78DD787C4B1C7A7C4B072A9E
:1016300002D87C4B9200D358002C23D040217A4A08
:101640001AA809F017FD03237F2200211AA8FEF72C
:1016500093F93300754A40211AA809F00BFD0423C1
:101660007F22002C1AD01AA80021FEF785F97049B4
:101670001AA809F0DAFC05237F2200211AA8FEF738
:101680007BF90BE740216B4A1AA809F0F3FC03230E
:101690007F2221001AA8FEF74FF9DAE721001AA8E5
:1016A000FEF74AF92B004021634A1AA809F0E2FC30
:1016B00005237F2221001AA8FEF73EF9574B5B68ED
:1016C000002B00D1EAE65D4A1268934200D8E5E6B5
:1016D0000A20FA219B1A584380B2F530FF30890066
:1016E000F1F7B2F9031E00D1D8E64021544A1AA8F6
:1016F00009F0C0FC0623FEF73EFD002801D0FEF7EE
:1017000033FE2030FEF754FE0123FEF72BFE059B2F
:1017100004998B4201D1FEF771FD4A4E3368002BCC
:1017200045D0059B484F5B00DB5B48495B18062BA7
:1017300001D9FEF79EFE53425A416B4603241D7B9E
:101740000823524214402C19E4B2002207214048D9
:1017500000932300FEF7ACF8306814A9FAF75AF9A1
:1017600023000022382114A8FEF7E6F8394B14A90B
:1017700018680134FAF74EF9E3B20022382114A8B0
:10178000FEF7DAF8BB8C002B11D0334B1B78FF2B04
:1017900001D1FEF780FC0235EBB23022062114A8FD
:1017A000FEF732F9BB8C002B01D0FEF774FC2B4BFB
:1017B0001B78002B14D02A4A2A4914A802F072FF81
:1017C000214B9A8C002A01D0FEF757FE08230221F4
:1017D000009314A8033BFEF76BF80122224B1A700A
:1017E0000C9B049A934201D0FEF713FD1F49FEF7AC
:1017F0000CFDC0466A1F002010070020461F002075
:101800006D1F0020071F0020431F002012C4010885
:10181000741F0020621E00201AC401080C1F002043
:101820009EC30108D0D401085FC4010872C4010836
:101830007FC401086AC4010894C40108081F00207D
:10184000A0C40108400800208C1F002000FCFFFFFE
:10185000C1C30108C804002008000020221F002086
:101860002F080020C8C301085A1F0020CAC401085D
:1018700091210022F8B5304D304B8900287032207C
:101880001A70F2F7AFFBF2F78FFEFBF7DBF82C4C88
:10189000206803000833DF7F0369C18B1A68868BD9
:1018A000FBF796F8236801201A000832D7779E8349
:1018B000FBF70EFC2A78234B234D002A31D001225E
:1018C0001A7023681A6908331068204A2860DB7F81
:1018D0001370F2F709FF2868F2F7F0FE01221C4BA3
:1018E0001A701C4B14321A701B4BEA321A701B4BC5
:1018F0001A7000231A4A13701A4A13701A4A137086
:101900001A4A13701A4A13701A4A13701A4A13703B
:101910001A4A13701A4A13701A4A13701A4A13702B
:10192000F8BD1A7001235B422B60F2F7D2FE322021
:101930001649F2F757FBD1E7031F002048080020A3
:101940006C1E0020051F00203405002049230020C4
:10195000711F0020380500202E0500202D050020D5
:10196000300500202C050020CD070020D4070020E2
:10197000D3070020D6070020DF1E0020DA07002052
:10198000061F0020041F00202F0500204502000034
:1019900010B5FAF78BF8002819D00D4A0D4B1278C4
:1019A0009121DA7702220C4B32201A700B4B013A4C
:1019B0001A700B4B89001A7000230A4A13700A4AE6
:1019C00013700A4A1370F2F70DFBF2F7EDFD10BD2C
:1019D00033040020921F00201F080020AF070020C2
:1019E000711F00203E1F00202C0500202F05002025
:1019F000F0B504000D00160089B0102800D9D8E316
:101A0000F0F78EFF110011001100110011001100FC
:101A100011001100110011000E01DA01DA01DD02DE
:101A20006F03AF03D303002916D00127B24D2F70E7
:101A300002F0A8FD0F2841D1B04B1A68002A3DDB07
:101A4000092A09DCAE48AF4BAF49002E14D0303420
:101A50008454FF220F701A70AC4B1B78012B09D1F4
:101A600002F090FDAA4B2F2802D02822462800D150
:101A7000F0221A8009B0F0BDA64DA7007F591D784D
:101A8000AC46A54DA44502D01C702E7006E02B7804
:101A90000133DBB22B70FB5C002BF6D09F4C2B7814
:101AA0002478FB5C002C05D01C00613C192C01D86B
:101AB000203BDBB2835401230B70CDE7002ECBD14A
:101AC00001272000FEF7E0F88F4B954C1F70954BD7
:101AD0001B78002B27D12378BB4216D0022B60D174
:101AE0000A20914A2670137851784343CB18002B73
:101AF00057D08E480078984205D38D4A013B137029
:101B00008C4B1F70A8E711702770874B1B78002B38
:101B100047D0864A12789A4243D3854A013B1370D4
:101B2000844B012232E102F02DFD082812D12378E6
:101B3000052B00D890E7FEF7BFF8FAF7B9FA7E4B0D
:101B40001B68998B64235843FAF7C8F87B4B2670BF
:101B5000186081E72E2815D12378042B00D07BE76D
:101B6000330071498A5D1B010136D318042EF9D167
:101B7000724A1360724AD3870122724B1A70002393
:101B8000237069E702000D3A182A03D86E4B1341FF
:101B90003B420BD0C0B204AA03A9F9F7D5FD002837
:101BA0001ED00023237002232B7055E72378032BCC
:101BB00000D851E70A235C4926700A7848785A43CE
:101BC00012185A43887812185343CA78013A9B185E
:101BD00080229BB2D2009342E5D2584A13603BE781
:101BE00004990320632903DC0238092900DD013050
:101BF000002213004C4F26780197D7B2BE4206D878
:101C0000864201D1002222709942CCDBE5E70A2707
:101C10007B43019FBF5C0132BC4663449BB2ECE74F
:101C2000002900D118E7002A09D0F9F7D9FE0028C9
:101C300000D111E7454B1B78002B00D00CE70122A7
:101C40002D4B384D1A702C782F4B1A70002C1ED14A
:101C500002F098FC0300263B012B00D8FCE60E386E
:101C600001280AD90022394B1A7001232B702C4B02
:101C70001A70224B013A1A60EEE6304B22001868C7
:101C8000210080B2FAF708FB0028EBD1E4E602F06D
:101C900079FC0F2800D095E2184C2368002B59DA04
:101CA0000022264D1100286880B2FAF7F5FA0028C4
:101CB00000D1D1E62968124D89B22800FCF7FCFB5F
:101CC0002800F0F707FE092807D80A222021121A57
:101CD000401909F083F80023AB72FF210023094A61
:101CE0001B4811700C4A290013700C4A23601370B2
:101CF000112209F0A2F9AFE65D1F00206423002045
:101D00006F230020630000205F000020431F00209D
:101D1000441F002008E301085F2300206323002004
:101D20005F1F002068230020D0030020781F0020C0
:101D3000811F0020B2070020601F00207C1F0020B0
:101D4000901F00202B080020F8FF6FFE6223002068
:101D50004E230020092B00D934E2FF21AD4A117037
:101D6000002E15D00A2323600022AB4BAB491A701A
:101D7000AB4BAC481A70113209F0DCF9002800D0E6
:101D800020E22870FFF704FE0022A74B1A7063E6DA
:101D9000013323600A2B00D05EE6E5E701233370B0
:101DA000F0E79D4B1F7000232B70F8E701229A4B40
:101DB0001A7000232B70E5E70B283AD10A3C002D5E
:101DC00000D149E6002E04D10122974B1E70974B9B
:101DD0001A70974DEB7E002B05D1964B1B78002B8C
:101DE00001D0644264B202F0CDFB07000F2834D169
:101DF000904B1B78002B30D08F4B1E68002E2CDBB5
:101E0000092E00DD28E610228C4904A809F015F9F6
:101E10008248E4B2835D02AAE318DBB2D51D190043
:101E200000222039C9B25E2906D91F2B0DD87E2386
:101E30000EE001246442C2E70132AF5C9F4202D14E
:101E4000E318DBB2EBE7102AEDD17E2B00D920237B
:101E50008355FF226F4B1A70C7E0F9F727FE021E69
:101E600000D0F9E5734B764E1978002922D17548D8
:101E7000754B02781B78121B013B541C02D0934215
:101E800016DB130001220370704B32701A7002F0DF
:101E900079FB132800D1DFE51538012800D8DBE5F0
:101EA0000835EB7F002B00D0D6E5F1F791FDD3E5A7
:101EB0000B00E7E7082F12D1654B664D1B682868B9
:101EC000998B654B4C432018984203DC002802DABA
:101ED000624800E01000F9F701FF28600DE02E2FA6
:101EE0000ED1514B1B78002B22D00F205C49013BB7
:101EF000DBB2CA5C12190240CA5401233370ABE54D
:101F000039000E39172913D8564BCB40DB070FD5B4
:101F1000504D243F2868A1B2012F28D9081813007A
:101F2000210080B2FAF7F2F94F4B9842D5D1E4E79D
:101F3000F8B204AA03A9F9F707FC0028DDD1454D42
:101F4000039928680B00049A884203DB130082423D
:101F500000DD03004548E318834204D0994202DCC7
:101F60009A4202DB1A002A60C7E70A00FBE78022D8
:101F70003F4FD200904205D1012C1AD101235B4280
:101F80002B603B80002328681A00081880B22100CB
:101F9000FAF7BCF9344B984200D028600022BB5EAF
:101FA0002A68012C07D19A4207DA8023DB002B60D4
:101FB000A3E73880E6E79A42F7DC38809DE7F9F737
:101FC0000FFD002856D0002D11D1002E00D043E582
:101FD000194A1368002B0ED000DC3DE5013B13606D
:101FE000FF220C4B1A700E4B1E70154B99E50F4BD0
:101FF000002E00D195E5F2F7B9FE0023084A1370D0
:102000000C4A1370084A13700122104B1A700C4BC3
:10201000BCE6C04663000020B30700206F23002009
:10202000622300204E2300205F1F00205D1F002040
:102030008C1F00206823002064230020D1C40108E5
:102040005F000020811F0020781F0020B2070020C1
:10205000601F00207C1F0020F5E0F505F6E0F50587
:10206000D00300200300C800FFFF0000FFFFFF7F38
:1020700060230020002E00D0EEE4002D00D1EBE420
:1020800001235F4A5F4C13705F4A1178002921D108
:102090005E4B1B78002B14D05D4D2B78002BAAD003
:1020A00002F070FA082801D02E28A4D1F2F75EFEC3
:1020B0000A212B78574A013BDBB22B70D154012304
:1020C0005EE5554B2670DB7F002B01D1F1F780FCDC
:1020D000524B26E51670524A23701370514A137002
:1020E000F6E7002900D1B7E40122454B1A7002F04F
:1020F00049FA0F280DD14C4B1B68002B09DB092B2B
:1021000000DDA9E42A22002E00D103324749CA5437
:102110009FE6002E00D09FE4FAF794FC444B1B6826
:1021200034331B78002B4AD102F02CFA03380128F3
:10213000CED8364B1B78002BCAD0F9F7B7FC012458
:10214000314F384D002807D12000FFF791FB2D4B70
:102150002C703C701C70BBE7314B3E701C702C70B7
:10216000B6E702F00FFA0F281AD12F4B1B68002B8D
:1021700016DB002D00D16FE40121214A1170092BDB
:1021800000DD69E4002E02D0284A2231D154012218
:1021900028490B7853400B70FF21274B197036E705
:1021A00031002800F4F770FB56E40800F4F7BAFB9E
:1021B00052E4002A00D04FE4002900D14CE402226E
:1021C0000F4BE3E502F0DEF90400322804D02300CF
:1021D0000D3B022B00D9E9E5184E3778002F00D1CE
:1021E000DCE5012F00D0CDE50223337005F096FB2E
:1021F000322C00D0D5E5FCF737FEF3F719FEC046C8
:102200005D1F00205F0000203E1F0020682300208B
:102210005F1F0020D0030020941F0020ED1E00202F
:102220006C1F0020711F0020642300206F230020FA
:102230006C1E002063230020630000206223002026
:10224000F7B51400102800D95EE1F0F769FB110022
:1022500011001100110011001100110011001100F6
:1022600011004100F300F30026014B015D0159010B
:10227000002A2CD100292AD0A74B1B78012B36D15C
:10228000A64A1370FDF700FD0222A54B1A70A54B5C
:102290001A78032A1BD90A25A34A1C70137851788F
:1022A0006B435B186B4391785B185D43D378013BBC
:1022B000ED188023ADB2DB009D4218D22200210030
:1022C0002800F9F7E9FF994B1870994B1D80F7BD6D
:1022D000002AFCD10029FAD0964B1A780193032AE0
:1022E00005D0954B1B78002B04D1002A04D18B4BD1
:1022F00002223FE0012AFAD00125874E874A34782E
:102300001570AC423FD0022C46D0002CDFD1002B00
:1023100018D18A4FFA213C682000F9F7DFFC05004C
:1023200087492000F9F7DAFC291BAC4200D9611B70
:10233000021B844200D9221A824B91421CD90222EC
:1023400038601A70804B1B68D88B8023DB00984262
:1023500016D2012300223370754B11001880F9F753
:102360009BFF724B18700223019A13706C4A137012
:102370000122764B1A70AAE700223D601A70E1E74D
:1023800002233370EFE7674B1B78002B9FD10222AB
:10239000634B32701A709AE76B4F002B30D1674B4A
:1023A00038681A68C18BFAF713FB694B1B78002B4E
:1023B00006D0684A3B6812781A71674A12785A71D7
:1023C0003B681A00083203CB03C25E4A1278DA7700
:1023D000802338686149C58B4A7BDB0054009D42ED
:1023E00020D2534B04321B88520053520222C38323
:1023F0000B534B4B1A705A4B1A800023337066E70D
:1024000021000020FCF77EF821002800FCF77AF874
:10241000504A3B681178504A1971127819735A71F1
:102420005A73D5E78022038ED2009B189BB20A19FB
:102430009380DBE701230B281ED1002900D146E75A
:10244000002C04D10121374A1470344A1170434AD8
:10245000D27E002A01D15B425BB22F4A1278012A58
:1024600017D1334A1088C018431C07D08023DB00E3
:10247000984204DB002002E05B42DEE7394880B28C
:10248000108000221100F9F707FF284B1870244B29
:102490002EE7002C00D01AE729E7002A00D016E723
:1024A000002900D113E701221C4B1A701A4A137835
:1024B000012B09D0022B12D0002B00D007E7FFF729
:1024C00067FA174B1C7002E716490B78002B06D0F1
:1024D000013BDBB20B700A21134AD154D7E700232A
:1024E0001370D4E7002A00D0F1E6002900D1EEE60F
:1024F00001220A4B1A70104B1878FFF7B9F9E6E67B
:102500000800F4F70FFAE2E6002C00D0DFE600291D
:1025100000D0ECE6DBE6C046061F00205D1F002071
:102520005F0000205F1F0020D00300204A2300200E
:102530004C230020051F0020031F0020340500202D
:102540007102000049230020601F0020711F00203D
:102550002C0500202D0500202E0500208C1F0020BA
:102560004A080020FF03000010B50400012903D031
:102570000A4B8900C85810BD830705D16421F0F7C4
:1025800049FB1D200029F6D1C82120004900F0F7A1
:1025900041FB484248411C30EDE7C04650EB010882
:1025A0009A4200D2885470477047F0B591B00493B6
:1025B00016AB10CB1A9F1B781B9D029003910092C3
:1025C0000593002C01D110239D4380232A00DB00BA
:1025D0001A4006921D4201D0002C1DD06123AA068C
:1025E00000D541230026DBB20A3B019407931899DA
:1025F0000198F0F725FA079BCAB2D318DBB2092974
:1026000001D83032D3B208AAB354019B189A741C73
:10261000934201D3202C14D102232A001A4007929E
:102620001D4220D1013B2B40002F08D0002B06D0AB
:10263000059A002A02D10C32154200D0013F302207
:1026400007E026000190D2E7202C05D008A96254AB
:1026500001341999A142F7D8002B04D03023BC4291
:1026600001D2202C17D1EB0634D5069B002B17D1B5
:10267000002C15D0199BA34201D0BC4210D1631E7F
:10268000012C0CD0189A023C102A0CD0189A1C006D
:10269000022A1BD12DE008AAA3540134DFE71C0055
:1026A000189B102B20D1AB0608D47823202C08D1FE
:1026B0002024009BAD0737D125002AE0202CF7D03D
:1026C000582308AA13550134202CF1D0302308AA2E
:1026D00013550134202CEBD0059B002B0BD02D2360
:1026E00008AA13550134E4E7189B022BECD1202CE7
:1026F000DED06223E5E76B0701D52B23F0E72B073C
:10270000D7D52023ECE72020049B0399029EB047F5
:102710000135009B1A1B5219AF42F4D80026A7427C
:1027200000D33E1B009BF31825000193019B181951
:10273000421B002D0AD1079B002B05D0009BC41A19
:10274000009B1819A74209D811B0F0BD08AB013D94
:10275000E85C0399049B029EB047E7E70200049BF4
:1027600020200399029DA8470134E9E7F7B59C466C
:102770000025194CA688864220D8E388F318984291
:102780001CDA1B1A9BB20D1C994200D91D1C802714
:10279000ADB2019525687F04BD4219D1156062462E
:1027A00001981080089A002A11D02268BA420ED0EF
:1027B000002299425241089B1A7008E00135083402
:1027C0000D2DD7D180235B04136063461980F7BDBC
:1027D000801B80B22D18E1E710E7010803000020FC
:1027E0002F2B0FD8084A5B009A5A084B08499B7D4B
:1027F0009B075B0F595A914204D806495B5A9A428B
:10280000924150427047C046761E00208C1F002027
:1028100004D201080CD20108F8B50E0004003025DE
:102820002F27FF2C0ED02F2C0ED82000FFF7D6FF1D
:10283000002805D1A419013DE4B2002DF1D1FF24F7
:102840002000F8BD3C00F0E70024EEE7084B094902
:102850009B7D02009B075B0F0748595A185A8A4212
:1028600002D3824201D8100070470800FCE7C0463E
:102870008C1F002004D201080CD20108094A1378E9
:10288000002B08D180200849800188610321013391
:102890000B4013707047032BF8D180200249800150
:1028A0008862F3E73C05002000080050044A054B0D
:1028B00012684008128EA0389B5618187047C04600
:1028C0006C1E00201C000020054A064B1178107079
:1028D00001221970044B1A70044B1A707047C046DD
:1028E000622E0020612E0020602E00208D0000202E
:1028F00070B50F4A0F4B52790F495200D55A040058
:102900008D4213D10D49F0F79BF80800AF218900E3
:10291000F0F710F8454303384342584107492D1852
:102920002000F0F707F8054C44432C19200070BD37
:102930009000002038E6010841030000C4090000AF
:10294000084B09481A890949131C824201D9084BCE
:102950001B8800204A8804339BB29A424041C0B28F
:102960007047C04690000020FBFF0000502E002062
:102970002AC201080022024B1A605A601A8170476D
:10298000502E0020024B034A5B795B00D05A7047FF
:102990009000002038E601080A4B10B51B68002B98
:1029A0000BD0094A1468E41AFFF7ECFF010020007D
:1029B000EFF7C0FF013080B210BD8020034B1B79C0
:1029C0001841F8E740080020C804002090000020CB
:1029D00010B5FFF7E1FF0400FFF7D4FF604310BD1F
:1029E00010B5064B1C68064B5B79032B03D8FFF729
:1029F000EFFF4008241A200010BDC0464C2E0020D6
:102A000090000020064B10B51B68002B02D0054B30
:102A1000186810BDFFF7DCFF034B1B68C018F8E710
:102A200040080020C80400204C2E0020034B044A1C
:102A30001A6000229A801A811A617047342E002091
:102A40000000FFFF0122264B70B51A70FFF7EEFF62
:102A5000FFF798FF234DA882FFF79EFF224E040048
:102A6000E882011C802823D98021802089B240017E
:102A7000EFF7EAFFC0B2031C402800D94023DAB2C6
:102A8000102A00D2102300223370184B1E78184BE6
:102A90001A800123174A1380802C0ED923007F331C
:102AA000DB09138000230126EB80FFF799FF0CE080
:102AB00083B2102BD9D21021D7E7002EF2D1012CEE
:102AC000F0D9631EEB80FFF79DFF0B4B0B4A1E7086
:102AD0000123A3429B415B42E860137070BDC04676
:102AE00087000020342E002088000020860000206F
:102AF000222E00208400002083000020820000207D
:102B00001E4B70B51B78002B1FD11D4B1D4C5B88D5
:102B1000A3421AD01C4D1D4A2E881189A64207D007
:102B2000A14205D0032070430233C3189B089BB217
:102B30002B80174D17482D78405D1B189BB2A14282
:102B400004D113810122144B1A7070BD5D1AACB20E
:102B500028B22D0401D5CB1A9CB2042CF5D904233C
:102B60000C2C04D80233A3429B415B4201339BB23D
:102B7000002801DA5B429BB25B18E2E7632E00207B
:102B8000342E0020FFFF0000800000209000002075
:102B90008E00002010E601088D00002010B50C4BBF
:102BA0000C4A58689188002807D080201C88C000F3
:102BB000844202D25888884208D200205980116984
:102BC0001880596012891A81FFF79AFF10BDC0461C
:102BD000502E0020342E0020044A054B1268A030ED
:102BE000128E9B56C01A400080B270476C1E0020A7
:102BF0001C00002070B5084DE868FFF7EDFF2E8936
:102C000004002869FFF7E8FFA64203DD0400B04294
:102C100000DD34002C8170BD90000020124A052197
:102C200070B5136900281DD0D5685B182C000A34D4
:102C3000A34203DD1C000A2B00DD0A241461FFF708
:102C4000D9FF0222094B1A70094B013A1D60094B4A
:102C50001C60094B1D60094B1C60094B1A70094B25
:102C60001A7070BD4942DFE7900000203C2C002024
:102C70007C000020780000207400002070000020FC
:102C8000602E00208D000020002210B5034B2D2166
:102C90001A6003480A3208F0A1F810BD382C002051
:102CA0002C2C0020F0B5455C401815701D700029D3
:102CB00006D0441E247801261F2C05D97E2911D860
:102CC000447800261F2C0DD82C1901346410177875
:102CD000E4B2A74200D914701F78A74200D21C703A
:102CE000002EEBD1F0BD00000B4A10B513880B4C41
:102CF0000133138024780A4AD388D168908A002C43
:102D000005D001339BB20918D380D16010BD013BBF
:102D10009BB2091AF8E7C046502E0020830000201D
:102D2000342E002070B5124B124D1A88EB88E98AB8
:102D3000D3189BB2994207D9A88AEB805043EB681D
:102D40001818E860002070BD0B4B1C880134A4B239
:102D5000A24203D8002201201A80F4E7A142F5D94B
:102D60001C80EC80FFF73CFEAB8A6343E8E7C0467B
:102D700084000020342E0020222E0020020000209B
:102D80000B4B70B51D680B4B1C68291B81420EDD77
:102D90002300944203DC2B00954200DD13001B1B33
:102DA0000F24634348101818EFF74EFE204070BD03
:102DB00070000020740000200A4B984203D10A4B97
:102DC00018680A387047094B1A68002A02D1064B66
:102DD0001868F7E7064B128E40089B56A038C018BB
:102DE000F0E7C046FFFF0000740000206C1E0020CA
:102DF0001C00002030B5CB01084D1B185B081400E7
:102E00000F21EA5CC00704D58A4321400A43EA54F3
:102E100030BD0A4024012243D2B2F8E7D627002071
:102E2000F7B501220407154B0191640F02400F28EA
:102E300004D90009124B0138C001C31801252E0026
:102E4000A640002492010F4F9B1800200200195C3D
:102E50000E4203D0290081400A43D2B20130082833
:102E6000F5D13878002801D0D243D2B20199083385
:102E70000A550134082CE8D1F7BDC046550800209A
:102E8000E11A002054080020044B1A78002A04D0CC
:102E900000221A70024B01321A707047D81A0020B3
:102EA0006C1F002009490A4A0978127803000020A3
:102EB00091420AD1074A12889A4206D806490978EF
:102EC000521892B293429B415842704721250020EC
:102ED000DC1A00208A0600200007002070B50500DB
:102EE0000E00064B1C68002C00D170BD2369002B1E
:102EF00002D03100280098472468F4E76C1A0020BB
:102F0000002A0AD0054B80008A18C01892B20B78AC
:102F1000013103708BB29A42F9D17047205C0040B6
:102F200070470000F7B505000F0014001E00824234
:102F30000FD1994201DC0E001F00BE4200DDF7BD3B
:102F4000F2B201231648E9B20136FCF71DFE36B293
:102F5000F3E7FA205E1A8000511B7043EFF774FD0F
:102F6000104906006843EFF76FFDC3190193AC42A7
:102F700002DB23002C001D0027007743AC42DEDC7F
:102F8000FA2138008900EFF75FFD019BE1B2C2181A
:102F9000D2B201230248FCF7F7FD0134BF19EDE777
:102FA000E11A002018FCFFFFF8B5184B0D00DC6893
:102FB0001E69FFF77BFC640076002300371B40008E
:102FC000844203DA3300864200DD03001B1B6B439F
:102FD000781018183900EFF737FDC6B26E430400B9
:102FE000331E05D0751CADB26D089D4204D3DBB213
:102FF000E0B2C0184008F8BD29003000EFF79AFC95
:1030000080B240192B004508EFE7C0469000002031
:10301000010070B5030008255A2031241E311A78AA
:1030200050402A0046B24000C0B2002E00DA604094
:10303000013AD2B2002AF5D101338B42EFD170BDF3
:10304000F0B51F00AF4B93B015000B9009910A9398
:10305000002800D0E5E10026FCE00135252806D057
:103060003200741C099B0B990A9EB04764E100234F
:10307000012008242A78691C2B2A16D00BD8202A74
:1030800015D0232A15D011003039092930D8002253
:103090000A24079215E02D2A04D0302AF3D10343E5
:1030A0000D00E7E702221343FAE70422FBE723437C
:1030B000F6E71022F7E70500079A6243303A8A18CC
:1030C00007922978681C0A00303A092AF3D90021AE
:1030D0002A7808912E2A25D18021C9000B436978CE
:1030E0006A1C0800303809283BD815000A2413E070
:1030F000002107912A2AEAD104CF07928A4203DAF3
:10310000023152420B4307920135E0E70500089A6D
:103110006243303A8A1808922978681C0A00303ACB
:10312000092AF3D92A78691C6C2A2AD024D8682A5B
:103130002FD06A2A36D028780135782890D863288D
:1031400033D8622800D16FE1632800D1A5E025289B
:1031500086D0582884D120221343103A0C218B4367
:103160006DE12A2906D104CF0235D143C9170A409F
:103170000892D7E71500D5E77A2ADCD180225200E1
:103180000BE06A786C2AF9D1C02292001343023511
:10319000D1E76A78682A03D080220D001343CAE77A
:1031A000C022F3E780229200F7E701000122643990
:1031B000C9B28A401100544C2140224212D17328D6
:1031C00000D1BBE0702800D04AE7212213430593C9
:1031D00008230493089B019103931023029308CFC3
:1031E00000934BE16F2800D020E10822B6E7782851
:1031F000B4D093430A22642800D120E1AEE75806F8
:103200000DD5C8B205930292079BC20F0192C21757
:1032100004938018089B5040039300902EE108000F
:103220001C06EFD508B2EDE7002913D13C1DD805E7
:1032300021D50593079B02920493089B0191039368
:103240003B6800933200099B0B990A98FFF7ADF990
:10325000270006002878002800D0FEE6099B3200EF
:103260009E4200D35A1E0020099B0B990A9CA0473E
:10327000300013B0F0BD396858060AD5C9B20593BD
:10328000079B02920493089B0091039300230193F0
:10329000D8E71806F3D589B2F1E7022219001140E8
:1032A0000C9113422CD0012301CF320008930B99CB
:1032B000099B741CC0B20A9EB0470C9B002B3BD0EC
:1032C000089B22000C932CE02020099B0B990A9C60
:1032D000A047089A0799531C08939B1B9942F3D85F
:1032E0000A00531E9A410023D1B29A4201D0079B93
:1032F000013BF61802230029D6D0079B0133D3E700
:103300003200E7E7A925010821081200531C0D939C
:103310002020099B0B990A9EB0470C9B0D9A013304
:103320000C93079B0C998B42F0D8079A08990023BD
:103330008A4200D3531AE41826008BE7390004C9E7
:103340000D92089A0E91002A01D1012252420D9944
:103350000C008A182178002901D0A24214D10D9ABC
:103360001900A41A8022D20011400F91134203D0F9
:10337000089A944200D914000222190011401091B9
:10338000134217D1320009E00134E3E7531C0C93D8
:103390002020099B0B990A9FB8470C9AA31B0799F9
:1033A000D3189942F2D80023A14200D30B1B013459
:1033B000F618E4180C960AE008930C9B0C9A01335B
:1033C00011930B99099B0A9FB847119B0C930D9B76
:1033D0000C9A9B1B985C002807D00F9B002BECD00D
:1033E000089B089A013B002AE6D1109B002B15D0C0
:1033F0000C9A06E0561C2020099B0B990A9FB8479F
:1034000032000C9B0799E31AD3189942F2D8002393
:10341000A14200D30B1B0C9AD3180C930E9F0C9E49
:1034200018E71A4B0A9316E6022297E610226F2835
:1034300000D9DCE693430A22692800D0DBE659056F
:1034400001D501218B43802189001940692802D0D0
:10345000642800D0E8E6002900D0FBE602CFD805BA
:1034600000D4CCE60593079B02920493089B039338
:10347000CB0F0193CB17C918594000913200099B1B
:103480000B990A98FFF791F80600E3E6A1250108D9
:1034900070B5002901D1002A27D114244443194BC7
:1034A0001B191C00CC342478002C1ED01E00164C96
:1034B000D036A57BA07331601900D4310A60002298
:1034C000D833EDB21A60904212D1104A1178CBB2C3
:1034D00001290BD0062B09D0002B05D1217C4033CC
:1034E0000B43237403231370A57370BD0523FAE700
:1034F0000423627A134301226372637E93436376EB
:10350000F2E7C046A0230020005C00408123002099
:103510007F220F4B0240997B40B2C9B29A730028B8
:103520000FDB002A07D107200A4A10706022187C9E
:1035300002431A7403E02022587E02435A7699739C
:103540007047002AEFD01022587D02435A75F6E7E3
:10355000005C0040812300200300F7B57F201F009E
:103560000740034212D14021404B414A18001180CC
:103570001A001985CA32190017700122CC302A317D
:103580002C3302700F701A700020FEBD78200342A9
:1035900068D15BB29C46374C1423A07B4D1EC0B251
:1035A0006E427541019060467B43304EA773AD017A
:1035B000F318002829DB1F00C837B9700121CC336C
:1035C000EDB23A8019702576637E0B4213D09023BA
:1035D0006376082A11D902210B000131DD00AA42CD
:1035E0000ED82A0092B2DBB2A3767368D218019B80
:1035F0007260A373C8E78023EAE708220123F1E79A
:103600004129E9D100220123EDE72A2084469C4488
:103610006046017001211A852C331970B940A37AD4
:103620000B43DBB2A37220232B432375637D9B07DF
:103630000ED548236375082A0CD902210B000131ED
:10364000DD00AA4209D82A0092B2DBB2A375CCE70A
:103650004023EFE708220123F6E74129EED10022BB
:103660000123F2E7012040428FE7C046A02300205B
:1036700068240020005C004010B5427903791202F2
:103680001A430323C178520519408078520DFFF781
:1036900063FF43425841C0B210BD00006022F0B544
:1036A000A24C85B023781A40202A00D14AE1402A52
:1036B00000D175E1002A23D103321340012B00D140
:1036C0006EE0022B00D1D6E0002B19D1607865881E
:1036D000092815D8EFF710F9760C140C14050E1400
:1036E0002A2EEDB2002D01D1914B1D70914B1D7012
:1036F000002373E12A0AEDB2032A04D1EE2D04D18E
:10370000002005B0F0BD032AFAD80021A369D6B283
:1037100018780028F4D05F78B74203D18D4200D1E9
:1037200054E101311B18F3E71B7857E1824BA3608A
:10373000012353E1FF270020A669EDB200973178FD
:10374000002908D15E22AE23FF325B00A554002879
:103750001BD1E054CCE77378042B08D0052B0BD099
:10376000022B06D17779BD4203D1012001E0F37825
:1037700000933378F618E2E7BD42FAD1009B002BA4
:10378000F7D13000FFF778FFF3E701220720E2547A
:10379000FFF7A4FB802202206849FFF779FEA7E724
:1037A0005E23FF33E35C002BAAD06078638827791F
:1037B0000B28A5D8EFF796F806A4A4A4A4A40DA4FA
:1037C000A4A42D310023A2681370A26853700223B1
:1037D00004E11B0A212B0CD1594B1B68002B00D193
:1037E0008EE75A1CD27FBA42F7D15B69A3600923E6
:1037F000F4E0222B00D083E7514B1B68002B00D153
:103800007EE75A1CD27FBA42F7D19A69DB69A2607F
:10381000E4E00022A3681A708AE7DBB2FF26019376
:103820000023A569009602932B780393002B05D102
:1038300008200299FFF752FB039BCFE06B78042B23
:1038400004D0052B0DD02B78ED18EDE7EB78AE7892
:103850000093B742F7D1019B009A9342F3D10295AE
:10386000F1E7B742EFD1019B009A9342EBD12800D8
:10387000FFF702FFE7E75E23FF33E35C002B00D195
:103880003EE7A2886378D0B2012B1DD0032B45D030
:10389000002B00D034E77F331840254B997B987379
:1038A000C9B212060BD4002802D0587E8006C00F81
:1038B00000229973A3681870A3685A7087E70028DC
:1038C000F6D0587DC006F2E76388002B23D17F3302
:1038D0001840174B997B9873C9B2120610D4002870
:1038E00004D11A7C043082431A7407E060205A7EA7
:1038F00082435A765A7E203002435A7699736EE09C
:103900000028EED030205A7D82435A754022587DDF
:1039100002435A75F2E700232361F1E66588002D22
:10392000F9D1FFF7F5FD256159E0C046F800002008
:10393000005C0040A023002055020020782E0020CB
:103940006C1A002003221340012B17D1254B22793A
:103950001B68002B02D1012040420AE05D68002D67
:103960000AD0591CC97F914206D120001E4A1F4926
:10397000A847C043C00FC4E61B68EAE7022B00D08B
:10398000BEE6184BA2881B68120A002BE3D09D6884
:10399000002D03D0591CC97F9142E6D01B68F4E783
:1039A000104B1D68002D02D1012040420AE0EB6857
:1039B000002B01D12D68F5E720000B4A0B499847F1
:1039C0000028F7D10123013018409AE6A360022AAB
:1039D00000D0A9E69A78DB781B021343236101200B
:1039E0008FE6C0466C1A002008010020000100206C
:1039F00007B5002807D008237F2200930021034841
:103A0000073BFBF755FFF1F725F807BDAFC60108E7
:103A1000F7B5154B0D1E01930CD0144E3368002BD7
:103A200008D0B3681C68019B00937368002D07D110
:103A3000B3681C60802202200199FFF729FDF7BDC1
:103A400027001C1BBB42FBD0AC4200D92C003068C5
:103A500022000099C01907F0F0FA009B2D1B1B19DA
:103A600000933C19E1E7C046782E0020B81A0020E8
:103A70004378212B15D0222B04D0203B5A1E934192
:103A800058427047C37882781B0213431800012202
:103A90000C491040134202D00A700020F1E7087070
:103AA000FBE780200B6800214042187004305870FA
:103AB000D970197159719A3008319870997107232A
:103AC0001360EAE7BB0700200023180010B5094A7D
:103AD000094914888C4200D1108001330232802BB6
:103AE000F7D11E220021054807F078F90022044B87
:103AF0001A7010BD222D0020FFFF0000042D0020B1
:103B0000022D002010B5194CE08AC10907D180228E
:103B1000174B121A40005200C01807F05FF9154AFF
:103B20001378002B0FD0013BDBB21370002B02D1B6
:103B30000122114B1A70012210490B7853400B706F
:103B40000F4B1A7010BD0F4B1B78002BF3D1A088C0
:103B5000FEF7ACFE0C4A0530D3680A33834200DA24
:103B600003000A2B00DD0A231361E4E7342E002052
:103B7000222D00203C2C00208D00002086000020FB
:103B80006C000020632E002090000020802210B5E1
:103B9000D2000021084807F021F90022074B1A70D3
:103BA000074A084B12681A60074A084B12681A60E5
:103BB0002022074B1A7010BDD6270020D62B0020DC
:103BC0007C0000207400002078000020700000209D
:103BD000880000207FB50F300D000A22002104006C
:103BE00007F0FCF8084B9D420CD001AE29003000D4
:103BF000FAF762FC0023F25C002A03D0E25401339E
:103C00000A2BF8D17FBDC046FFFF000013B5082284
:103C10000021684607F0E2F8082269461548F0F7E7
:103C2000F9FD154C0521637922791B01920013439C
:103C3000E27A206913436A46137006220F4B8230E2
:103C40001B785B0013400E4A127813436A46537088
:103C5000EEF7FAFE6B46987023890A4A934200D128
:103C6000FF236A466946D370024800230822F1F711
:103C700097FA13BD48A10000900000208E0000209C
:103C8000632E0020FFFF0000F7B500250700FA248F
:103C90002E0001910520F0F7D7FF3B690199320012
:103CA00099430B005E425E41964206D10135962D46
:103CB00004D15A1E9341D8B204E00125013C002CE6
:103CC000E8D12000FEBD0000F7B52A222D4BFF32BF
:103CD0009E5C0023273AFF3A05001C002A4F324021
:103CE000012A1DD00122294B1B699B0A9A4301928C
:103CF000F30605D5A0200821C005FFF7C5FF040085
:103D0000730706D5802121480901FFF7BDFF044351
:103D1000E4B2B60631D4019B002B01D03B680133DD
:103D200000211B4A3B608C4201D0116801311160B7
:103D30000222184E184C30789A429B418A42924196
:103D40004142484121785B424F42794152424042D0
:103D5000494218401140114FA870E9702B706A70E9
:103D6000002806D00021397039783370297122700B
:103D7000F7BD0029F8D00121F5E72300019C01934C
:103D8000C9E7C0468C1F00205426002000040050C4
:103D90005026002059260020582600204E260020BC
:103DA0000C224243054B70B59B1818795D79DC886D
:103DB000EFF722FE2841204070BDC04658E60108BA
:103DC00010B5FEF795FD0400094B1860F0F716FBDF
:103DD0002000F0F789FC3020EFF70EFE04000021F0
:103DE0003020F0F7FFF821003020F0F7FBF810BD8D
:103DF0005C2E002010B5054A054B5068D8605188EC
:103E000019801289DA80FFF7DBFF10BD502E0020E9
:103E1000342E0020404BF7B51A780400824250D06F
:103E200018703E4B3E4D3F4F3F4E0193002849D006
:103E30003E4B1868002805D03D4A036912681A6095
:103E4000F8F7DEFC0020F9F743F93A4B0020197827
:103E5000F9F74AF838492B680978384A03335B1A6E
:103E600001201360FBF73EFF3020EFF7C5FD8021F6
:103E70008900014389B23020F0F7B4F8802447204C
:103E8000EFF7BAFD6400204381B24720F0F7AAF8AB
:103E9000FA204000F0F7D8FEA023DB059C61002348
:103EA0003B70274B019A5B8843203380D27A254BA5
:103EB0005200D15AF0F796F880213F20C900F0F760
:103EC00091F8F7BDA0238022FA20DB0552009A6208
:103ED0004000F0F7B9FE3020EFF78EFD1A4901409F
:103EE0003020F0F77FF84720EFF786FD17490140B3
:103EF0004720F0F777F82000FBF7F4FE01235B4240
:103F00002A683380124B3C701A60019B114A5B791E
:103F100043205B00D15CD2E78C00002090000020A1
:103F2000081F0020302E00208A0000206C1E002078
:103F30005C2E0020282E002088000020242E002047
:103F4000502E002014E60108FFFD0000FFFE0000D7
:103F50002C2E00201AE6010810B5FEF773FD104C58
:103F6000E068F0F7C1FB3020EFF746FD0D4A0E4B3D
:103F700010401880FEF7FEFC0020FFF74BFF0122E7
:103F80000A4BFF211A7001237F325B42084863808D
:103F900006F024FF40220021064806F01FFF10BD56
:103FA000342E0020FFFDFFFF402C00208700002062
:103FB000822C0020422C002070B5802280256124B4
:103FC000144B6D426442002152001348DD601C61B5
:103FD00006F004FF8022FF21104806F0FFFE0021BA
:103FE00040220F4806F0FAFE00220E4B1A800E4BBC
:103FF0001A700E4B1D600E4B1C600E4B1D600E4B5D
:104000001C60FFF7A9FF01220C4B1A700C4B1A70B1
:1040100070BDC04690000020222D0020822C002080
:10402000422C00203E2C00203C2C00207C00002054
:10403000780000207400002070000020602E002016
:104040008D0000200300013870B5C4B2112800D9DA
:10405000AFE0EEF751FC0921AEBDAFAE0921AED401
:104060003A3AE0AEAECEAE89804D6B79012C0ED8D7
:1040700000220E2B01D00133DAB26A71FEF7A8FCE0
:1040800040082860FFF768FFFFF71EFD14E00E22CE
:10409000002BF2D0013BEFE7FEF774FC734A80007F
:1040A000136880B2012C0AD171498B4201D8C01823
:1040B00010607048F0F7C8FD6F4B01222FE06F4988
:1040C0008B42F6D91B1A1360F3E76D4A1278002A67
:1040D0002DD06C4AD57E0B2B01D001235D400020F2
:1040E000FFF798FEFEF7A2FCFEF744FCFEF7AAFCE1
:1040F000654C664A002D02D1E38A012B11D80123B9
:1041000013700023E380FEF76BFC0022604BE0603D
:104110001A70604B1A70584B01321A705E4B1A704D
:1041200047E0013B1570E380FEF76CFCEDE75B4A6E
:104130001268002A3DD1534AD27E0B2B01D00123B5
:104140005A4057490B68002A07D0564A934230D844
:10415000464A12689B180B6094E7534A934228D949
:10416000424A12689B1AF6E7504B0F211878504DBF
:10417000421C1A704F4B1C89EEF762FCC9B2490011
:10418000414B4C53D98AE0B2802906D9E001EEF7C1
:10419000D1FB7F2800D97F20C0B20122464B4000CE
:1041A0005242C252FEF7E6FB0020FFF733FEFEF755
:1041B0003DFC70BD394B1B68002BFAD13F4A137090
:1041C0003F4A1370FEF760FD0120FEF77DFBF0E72C
:1041D000324B1B68002BECD1244C03222379002B9B
:1041E00001D0013BDAB22271FEF7F2FB40082060F9
:1041F00048E70220FEF768FBFFF7FCFDD9E7012343
:10420000304A11784B40137003D10122174B5242B0
:104210001A81214B51E72C4B1C78002C01D0002235
:104220007DE7FFF7F3FC294B1C70FBF7BDF9284B2A
:104230001968002906D0274B1A68002A02D009699C
:104240001C600A60244B00241868FFF7B9FD234A5C
:104250006300D15A224B185D0134EFF7C3FE072CDF
:10426000F5D101221F4B1A701F4BD8E79000002098
:104270003F0D0300A0860100602E002010270000E3
:104280008C0000208C1F0020342E00208300002092
:104290006C000020870000208D00002040080020D6
:1042A0004C2E00207FA4BF0740771B00022D00206A
:1042B000042D0020502E0020222D0020DD2B002078
:1042C000DC2B0020632E0020F82B0020C41F0020D0
:1042D0006C1E0020F42B0020F02B0020DE2B002091
:1042E000FCE501081F080020EC2B002070B53224EB
:1042F000FF256320EFF780FB2840C72806D9013C43
:104300000120E4B2F0F7A0FC002CF2D1F0F796F90E
:10431000F0F794F9154B0400DD8A1880D888802DB9
:1043200006D92900C001EEF705FB7F2800D97F20C0
:104330000F4EC0B20F494300B44203D10122524292
:10434000CA5207E0CA5A802D0AD9B24202D0A2420C
:1043500001D8CC5270BD0320424312199208EFE7F6
:10436000A242F6D912195210EAE7C046342E0020B4
:10437000FFFF0000222D002070B5284E8AB03000CB
:10438000EEF7A8FA8022041E254D264815D12100FB
:1043900006F024FD80222100280006F01FFD0323E3
:1043A000220002212048FBF7C7FA04232200022141
:1043B0001E48FBF7C1FA0AB070BD002106F00EFDE1
:1043C00080220021280006F009FD112C06D80323C5
:1043D000002202213000FBF769FBECE705AD11225A
:1043E0003100280006F029FE00220323113C02219F
:1043F00028006A74FBF75AFB231CA4B2112C00D9C5
:1044000011239CB222000A49684606F016FE6B464C
:10441000002202211A5568460423DCE7DA03002053
:10442000E11C0020611C0020B6C60108C3C60108BB
:10443000EB030020F7B5484D022816D0032800D121
:1044400080E02B78012808D0052B02D801332B708F
:1044500002E00122414B1A70F7BD052BF9D89840B4
:104460003F4A117801431170F0E729780029F3D011
:104470003A4B3B4A00931B780192002B11D14A1E04
:10448000052A0ED8019A1478364A100056788E42C2
:1044900010D19678A6420DD103225343C65C002E5C
:1044A0000DD10023019A2B7013702F4A1370009ABC
:1044B0001370D1E7013303322D2BE7D1F1E7392E09
:1044C00009D8252EEDD93200284B263AD2B2D34056
:1044D000DB0709D4E5E733003D3BDBB21D2BE0D819
:1044E000234ADA40D207DCD51F4B224C1B78002B25
:1044F00012D023780F2B06D90F221F491F4806F030
:1045000075FD0F232370202021781C4B4A1C585422
:104510000021D2B2227099542378184F0F2B06D95C
:104520000F223800144906F061FD0F232370227812
:10453000531CBE540022DBB2FA542370104B0132DC
:104540001A70AEE700230121054A2B701370064A4A
:104550001170024AACE7C0464D2600204C260020D0
:104560004B26002028E501084A260020E5FF0F0021
:10457000F5FFFF3F4926002039260020382600207D
:104580006C1F0020044BFF201A784E2A03D8034BDF
:10459000D2009B18D8797047811F002014D20108DF
:1045A00002000020054BD979914205D00130C0B2FC
:1045B00008334F28F7D100207047C04614D20108B5
:1045C00010B5044B1B78FF2B03D0034A9B009B586C
:1045D000984710BD431F002078E7010870B504001C
:1045E000FF281CD00E4D2B78834214D0F2F708F927
:1045F00000230C4A13700C4A13700C4A13700C4AB7
:1046000013700C4A13700C4A13700C4A13700C4A46
:104610001370F0F7C5F901220A4B2C701A7070BDA7
:10462000431F00205F1F0020682300203E1F002042
:10463000241F0020231F0020622300203F1F002092
:10464000211F00206C1F002000200122064B10B506
:104650001870064B52421870054B1A80054B0232F7
:104660001A70FFF7BBFF10BDAE070020AD0700209A
:1046700024000020371F002010B58022054906487D
:10468000F0F7C8F8E022054905489200F0F7C2F8B3
:1046900010BDC0465508002008100100E11A002096
:1046A000881001000EB403B5012103AB04CB4942CD
:1046B0000193FEF7C5FC02B008BC03B01847000028
:1046C00070B586B0FBF7CCFA424B434C1B7843489D
:1046D000022B11D0012B66D1414902A806F0A5FC9E
:1046E000404B0D201A88404B684419784B1E994165
:1046F000C9B2FBF783F802A8082300220093022125
:10470000073BFBF7D5F8394B1B78002B05D12378F5
:104710003748002B13D0032B11D0364B36491E6877
:104720003000EEF78DF930000D003349EEF702F955
:104730002B000200314902A8FFF7B4FF02A80823AA
:10474000002200930221053BFBF7B2F823782C48A6
:10475000012B1DD92B4B2C481B78002B18D02B4B31
:104760002B4A1B7812785B00012A2CD1294A0A2196
:10477000D55A2800EEF764F928008CB20A21EEF72A
:10478000D9F8230082B2244902A8FFF78BFF02A8C0
:104790000823002202210093033BFBF789F8F0F77E
:1047A00059F906B070BD2378012B08D81B4A1C4864
:1047B0001278D207A0D41B4A9B0098589CE71A484D
:1047C000022B99D1F7E7194A1949D25A02A8FFF7E3
:1047D00069FFDCE7061F0020051F0020CDC6010889
:1047E00001C701084C2300204A230020031F00209A
:1047F000DFC6010834050020A086010007C70108B4
:10480000EEC601082C050020F7C601082E05002081
:104810002D050020AAE1010814C70108041F00208B
:10482000BDC4010838E80108D3C601080EE201083A
:1048300022C70108F0B589B0FBF712FA0520FBF793
:10484000F7F908230093002302211A005F48FBF7C1
:104850002FF85F4C5F4BA67D0A21B5076D0FE85A14
:10486000EEF768F883B25C4F0393B60700D15B4F55
:104870005B4B0A21585BEEF75DF85A4E80B23B0065
:104880003100039A009004A8FFF70CFF062304A848
:1048900000220121FBF750F8534D54482B78002B90
:1048A00012D1534B53481B78002B0DD1524B1B7820
:1048B000002B33D1E27C002A23D0A27C4F49013265
:1048C00004A8FFF7EFFE04A80A237F22009300212B
:1048D000073BFAF7EDFF2B78002B06D1E37C002B8A
:1048E00046D0474B1B78002B42D0464B1A78444B9E
:1048F0001B78002B1BD14449013204A8FFF7D2FEDC
:104900002DE0A38A41495000085A0132834201D167
:104910003F49D5E7302AF6D13E48D5E73E4B3F48E0
:104920001B78002BD0D0374B3D491A78C8E73D4B58
:1049300002AA13812D233C4993720A780A2A01D0D6
:104940003032D3B202AAD3724B782D220A2B01D077
:104950003033DAB202AB1A73002302AA53730A236C
:104960007F2200930021093B04A8FAF7A1FF22E06F
:104970001F4B1B78002B01D0A27CBCE7204D2B786D
:10498000002B1CD1A68A0A213000EEF759F830001E
:104990008CB20A21EDF7CEFF2300244982B204A88D
:1049A000FFF780FE2B7824215A42534104A80122AC
:1049B000DBB2FBF79BF8F0F74DF809B0F0BDFBF761
:1049C0007BF91B490200C31CE9E7C04643C7010845
:1049D0008C1F002004D20108BDC4010811CA0108BF
:1049E0000CD2010846C701083F1F00202DC701084F
:1049F000211F002033C70108231F00204FC70108D3
:104A00005F1F0020D61E002071C70108761E0020FF
:104A10005AC7010838C70108DA1E00203CC7010840
:104A200066C7010843480000D003002079C7010889
:104A300080C7010870B50D0007490400EEF700F8C3
:104A400020000E000449EDF775FF33000200034912
:104A50002800FFF727FE70BDA08601000CC70108E3
:104A6000F0B587B0002801D1364B1868FDF740FF3C
:104A7000354C05002100FFF7DDFF2B220127110037
:104A800000232000FAF758FF304E314B327D314978
:104A90009200D2182000FFF705FE00233A0074218F
:104AA00020000097FBF782F8F27A2B4B9200D25845
:104AB0002A492000FFF7F6FD002307226C21200081
:104AC0000097FBF773F82800FDF712FF244B050051
:104AD000492218000021039306F080F9214B1B782E
:104AE000002B24D0204B214E1A68954216D000246A
:104AF0001D6034700022A7B211003800F7F7CCFB1C
:104B0000002818D00822200104A9EFF783FE049B97
:104B10009D4210D139003000F9F7CEFC3378002BDC
:104B200005D006223000124B0399FAF7A1FEEFF7E9
:104B30009FFF07B0F0BD80230134DB009C42D9D138
:104B4000ECE7C0465C2E00200C2C002090000020DA
:104B5000F0D401088AC7010804E601088EC70108DD
:104B6000800800208C000020082C0020F92B002059
:104B700076D9010800B58022002112488BB006F0DA
:104B80002DF9114B1A78114B022A09D0104B1A78C3
:104B9000104B002A04D1104A1278002A00D10F4B82
:104BA0000F48104A007812780F49009002A8FFF7CA
:104BB00079FD06230022022102A8FAF7BDFE0BB000
:104BC00000BDC046E11D0020360600208DC301084F
:104BD00024060020C1CC01082F06002093C701083D
:104BE000680000200100002097C701080CB407B539
:104BF00004AB04CB0193FEF723FA03B008BC02B068
:104C000018470000002270B5040010000B4E93B24C
:104C1000994200D870BD0825A35C1B02584003B21E
:104C2000002B07DA5B00734098B2013D002DF6D1EE
:104C30000132ECE7400080B2F7E7C04621100000E7
:104C4000F0B5802704000E00150085B07F04002D0C
:104C500001D105B0F0BD002300930A3320006B445E
:104C600003AA2900FDF782FD6B4603985A89B842D2
:104C70000BD3FF21300006F0B1F86B465B891C199D
:104C8000ED1AA4B2F618EDB2E1E73100EFF7C2FD7C
:104C9000F3E7F0B504000D00082685B009270A23C4
:104CA0006F4420006B443100009703AAFDF75EFDBE
:104CB000802303985B04984205D26A4629003B781A
:104CC0005289F0F76DFA6B465B89F61A1C19B6B279
:104CD000A4B2ED18002EE1D105B0F0BD30B58024AE
:104CE000094A4118884208D130BD013B1568254268
:104CF00005D1002BF9D10130F4E7044BF6E7002B86
:104D0000F9D003785360F6E700380140102700001F
:104D1000F0B585B0002815D15E4B5F4D5A688023F1
:104D20005B009B1A5D4A5E4E9BB200925D4A8020FA
:104D30009446FF2440002A889A4200D094E0002044
:104D400005B0F0BD584B594A1B68594D594E9BB29E
:104D50000092EBE7013222402A802A889A4200D151
:104D600094E0B75CAB2F00D181E0013989B2614595
:104D7000F0D1991A9A4202D3591CFF31891A89B28B
:104D80000729DCD901322240B75CCD2F74D001381D
:104D900080B22A806045CED1FF202A88019202325B
:104DA0000240541C0440375DB45C3F023C4327B2D0
:104DB00002978027039408347F00BC425AD8029C93
:104DC00007348C42BBDA029902328C1C0240A418D0
:104DD0000440315DDC294DD1611C0140715CBA2970
:104DE00048D193B2B118A24249D9FF1ABFB23A00D2
:104DF000009806F022F922003100009BD81906F035
:104E00001CF90234019BE7B2E4B2F018A34239D98D
:104E1000802252000021D21A05F0E0FF3A00002162
:104E2000300005F0DBFF039B2C80991C0F2400232E
:104E300021481A00009D2240ED5C825C6A40009D82
:104E4000EA5401338B42F4D303992800FFF7DAFECA
:104E5000029A0299AB185A786B5C12021343181A23
:104E600042425041C0B26BE78021490075E70029FA
:104E700000D07EE72B8062E700288DD1FAE700980A
:104E8000A21ABCE7019B0021FA1ACAE70029F1D057
:104E900055E7C0461C00024000310020002F0020D2
:104EA0006C190020FFFF00007C0200200030002071
:104EB000023100208002002000E7010870B50400E4
:104EC0000125F0F727FA8020F0F7A0FA60002843C8
:104ED000C0B2F0F79BFA2800EFF7B6FE0020F0F71B
:104EE00049FA04002800EFF7AFFE2800F0F742FA75
:104EF0000500F0F727FA2002284380B270BD70B594
:104F000005000C00F0F706FA8020F0F77FFA680041
:104F1000C0B2F0F77BFA60BA84B2C0B2F0F776FAAA
:104F2000002802DB200AF0F771FAF0F70BFA70BDE7
:104F300010B502200149FFF7E2FF10BD4102000059
:104F40000F4B4A00D35A70B5C01A84B205200D0029
:104F5000FFF7B4FFC0239843AD0181B22943052078
:104F6000FFF7CDFF21000320FFF7C9FF0548EFF74A
:104F70006BFE8021090203202143FFF7C0FF70BDB3
:104F800004D201081027000010B5044B997D988ABF
:104F90008907890FFFF7D4FF10BDC0468C1F002082
:104FA00010B50C4C238AA382E37C002B0FD0012187
:104FB000A07CFDF731FCFF2804D100230138E37405
:104FC000FF3810BD044BA0744000C35AA3820020D8
:104FD000F7E7C0468C1F0020761E0020F8B5092395
:104FE0000124CB40050023421DD0244B1B78002B0D
:104FF00002D103394C424C410127214E3770EFF763
:10500000CFFC03221F4B1A700E2D34D82800EDF769
:1050100073FC080B321932323232272A32323232E2
:105020002D00EFF77BFBF8BD032017498A7D93071E
:105030009B0F0133034082431A438A750122134BAD
:105040001A70F0E70124104AD37C6340D374FFF751
:10505000A7FF00280FD1FFF797FF0C4B1C70E2E76A
:10506000F0F7C0FEDFE7EFF7D1FEDCE720003840C5
:10507000F1F718FBD7E702233370D4E7D5080020F7
:105080005D1F00205F0000208C1F0020B107002062
:1050900070B5A0230C008021DB0549009962002136
:1050A0000F4B104D197029780A23002900D16E3357
:1050B0000D490E4E0B8000230D49B0820B700D4937
:1050C0000B700D490B700D490B709A4204D10019F9
:1050D00080B2FDF7BBFBB0822C70FFF755FF70BDAF
:1050E000741E0020231F0020D81E00208C1F0020CB
:1050F000E91E0020D71E00203F1F0020211F002096
:105100000022114B10B51A70104B1B78934203D03C
:105110000F4B0132FF325A82FFF742FFFFF734FF95
:10512000F9F7C2FB00230B4A13800B4A13700B4A9A
:105130001370EFF71BFEA0238022DB0552009A615B
:10514000074BFF3A1A7010BD231F0020DA1E002003
:105150008C1F0020D81E0020E91E00203F1F0020C9
:10516000741E00200B0070B554001C191100E4B22D
:10517000122823D8EDF7D4FB1300130013001300FB
:105180001300130013001300130013009300F50025
:10519000F50055019000B001B401B801B801002C30
:1051A00000D075E0B04B1B78002B00D070E0AF4B07
:1051B0001B78002B03D0AE4B02221A7070BDAD4B92
:1051C0001B78002B1AD1AC4B1B78002BF3D1AB4BC7
:1051D000DE7CFAF759FD1023A94AAA4D13700D3B46
:1051E0002B70A94B1978002E2DD1012908D1A74A7F
:1051F00011780129E2D951701670DDE70226E8E73F
:105200000329DBD901241E701470FAF755FDF6F757
:105210004FFF9A4A9E49937D9B075B0F595A8842DC
:1052200003D39C495B5A984205D90222904B1A70CD
:1052300003232B70C2E780B210829082FFF7A4FE96
:10524000954B1C70BAE70229B8D1002119700123CF
:1052500013708E4B5C781A780A235343013CE41890
:10526000E4B2012E0FD12000FDF7B8FA0028A2D039
:10527000824A8A4B94746400E35A9382FFF784FE57
:10528000854B1E709AE72F2C00D994E7844BD8E702
:105290002100FFF7A3FE91E721000E20F9E7032C80
:1052A00005D101220A201100F0F72AFD86E7002C23
:1052B00000D083E70322734B6D4D01341A702C70BC
:1052C000EFF76EFB6C4B1B78002B2CD16E4B1B78D1
:1052D000002B00D06FE7694AD37C002B0FD16548C3
:1052E0000578002D07D06E496C4B0978928AA14051
:1052F000CA52694B1C7001236B4003705EE75B4D23
:105300002B78002B0BD00121927C644B5200494238
:10531000D152FFF745FEFFF737FE5F4B1C700123AC
:105320002A78534085E75F4B1B78002B03D15E4BF7
:105330001B78002B04D1022300222B70524B3CE738
:105340004C490878002808D0554A4C4D1278534BE8
:10535000AD8A5200D552504B1C70012343400B7054
:105360002CE701250B2820D1EFF71AFB464B1B78C1
:10537000012C1CD1002B00D01DE73D4B1C703F4C75
:10538000E37E002B01D16D426DB23A4B1B78002BAE
:1053900017D003223B4B1A70414A13785B19591CF2
:1053A0000CD02F2B0BDD002309E06D42DCE7002B36
:1053B00000D003E7032C00D000E7E0E72F231370B1
:1053C000FCE62D4B1B78002B0BD0364B1A78002AAD
:1053D00000D0F0E62900A08AFFF75AFE0322294BED
:1053E000EBE6E37C002B14D0A67CE9B27018C0B2C7
:1053F000FDF712FAFF2809D0864207D0274BA07488
:105400004000C35AA3820122234B1A70FFF7BCFD50
:10541000E4E7208A401980B2FDF718FAA0822082C2
:10542000F1E7194A1378002B16D0002C00D0C5E6FE
:1054300001200F49087010490978002949D1002B33
:1054400034D10C49094B0A78002A09D11A78002A6C
:1054500006D1EFF763F9B1E6012C00D0AEE6E7E73D
:1054600000220A701A70B9E7D5080020211F002019
:105470005D1F00203F1F0020231F00208C1F0020E5
:10548000641F00205F0000205F1F0020D003002069
:1054900004D201080CD20108B1070020761E0020BA
:1054A000D61E0020DA1E0020D71E00200A2110245C
:1054B0001248013BDBB2C154114913700C70002B30
:1054C00004D0012B8AD10378002B87D100231370DD
:1054D00084E7FFF715FE81E71800F1F7D5F96DE6CF
:1054E0001800F1F71FFA69E6012C00D166E60222E6
:1054F000044B1A70EFF754FA60E6C046D003002060
:10550000641F00205D1F00200023F7B501212D4AF4
:105510002D4D13702D4A11702D4A13702D4A138092
:10552000AB7DAE8A9B079B0F0193002E45D02A4F7F
:105530003C78002C3CD1294A6300E0B2D15A0134B6
:10554000FFF7DDFC222CF6D12548EFF77DFB192073
:105550002449FFF7D4FC19202349FFF7D0FC234846
:10556000EFF772FB01233B70214B052019784B426A
:1055700059410F2349421940A1231B01C918FFF7C4
:10558000BEFC30000199FFF7DBFC1A48EFF7ACF8DE
:10559000A0238022DB0552009A61174BFF3A1A7054
:1055A000164B38351A7003232B70F9F7FDFFF7BD42
:1055B00002201349FFF7A3FCD6E702201149FFF7A9
:1055C0009EFCE2E73F0800208C1F00205E1F0020A9
:1055D000231F00202C080020762E0020BCE60108A6
:1055E00090D003003CA80000BCA8000060EA0000C6
:1055F0002108002080789D00741E0020711F00206B
:105600000102000041020000054A1378082B01D96D
:10561000002313701278034B9200D0587047C04695
:10562000752E002098E60108F0B589B0FAF718FB4E
:10563000704D71482B78002B05D07048012B02D09B
:1056400000236F482B7008237F2200930221002340
:10565000FAF72EF96B4B04AC1E78002E43D16A4B3F
:105660006A491B681F683800EDF7EAF938000291B3
:105670006649EDF75FF966490200029B2000FFF7DB
:1056800011F80F2002AF032332006121C019FAF78D
:1056900053F9E6710023022210212000FAF726FABE
:1056A000FFF7B2FF5B4A5C4B16882A7802901B8892
:1056B000C188002A25D1594B1A78072A1CD8D20153
:1056C00013002000564980330132FEF7EBFF082318
:1056D0007F22009302212000033BFAF7E9F8EFF75D
:1056E000B9F909B0F0BDFAF7E7FA4E490200C31C58
:1056F0002000FEF7D7FFCDE720004B4905F095FCD1
:10570000E5E79B191F1C9BB28B4200D90F1C474831
:10571000BFB27843EDF798F983B218006421039380
:10572000EDF708F9642185B20398EDF789F9404A4D
:105730008BB21278002A52D12A0020003D490096EF
:10574000FEF7B0FF3C4B1B78002B17D008233C25FD
:10575000422620007F2202210093033BFAF7A8F89B
:10576000364C374B7A22E554364B81213648E65485
:1057700005F034FB354BE654354BE554002FAED0E5
:10578000244B344918880B7883420AD007257B1EA6
:10579000DC101D400123AB402F4A0870155D2B43E0
:1057A0001355002307201A0084462C492C4D8124D0
:1057B000974209D9284ED010305C664616403041D9
:1057C0000126304200D13C3402980C70C0881B186E
:1057D0009BB2772B09D80131A942E8D17FE72A0093
:1057E00020002049FEF75EFFACE7783B01329BB218
:1057F00092B2EEE7641E0020A4C70108B2C70108F8
:10580000BBC701085F1F00206C1E0020A08601009E
:105810000BC301080E0700200C070020752E002086
:10582000D3C70108C9C70108E3C701081027000052
:1058300011070020ECC70108742E0020E11A002097
:105840000102000002020000E41C00207D020000B2
:105850007E020000642E0020652E0020E51C002042
:105860005D1D002001C8010870B500220725074909
:10587000074C13002B405B004E881B5B01327340CA
:105880004B8002318242F4D170BDC04664070020D3
:1058900088E60108F0B5804B8DB01B78002B19D03D
:1058A0007E4B1C78002C15D17D4B1B78012B13D01F
:1058B000022B00D1E7E001227A4B03201A70EFF7A8
:1058C000CEF80420EFF7CBF80520EFF7C8F8062054
:1058D000EFF7C5F80DB0F0BD734A744C1278237819
:1058E000002A75D0FEF748FD714D80220021280066
:1058F00005F074FA6F4B1E7833007F33DBB20193EF
:105900007F236D4A3340009200996C4AC95CD25C97
:105910000136F6B20B1C914200D2131C7F21674A5C
:1059200000983140525C415CDBB20F1C914200D2C6
:10593000171C0024FFB23F2B07D8072041215843F2
:10594000ECF7F8FF06231C1AE4B200203F2F07D81B
:10595000073041217843ECF7EDFF0623181AC0B257
:10596000012106230F001B1B9F402A783A432A700F
:10597000844279D20F009F402A7801343A43E4B23E
:105980002A70013BA042F5D2019B01359E42B7D15E
:105990007F23009A1E40494B915D9B5D0A1C9942F2
:1059A00000D21A1CD2B240233F2A0BD80720412133
:1059B0005043ECF7BFFF0623181AC0B2181A053B74
:1059C0008340DBB23E4A3F495354FFF7D3F872E7B6
:1059D000002B03D13C4C2378002B83D02000ECF724
:1059E00079FF802207000021384805F0F7F980226E
:1059F0000021374805F0F2F903230022022135483F
:105A0000F9F79AFF112F06D8032300221C2120004A
:105A1000F9F792FF68E70026BDB2222F02D92E00C7
:105A2000223EB6B21122A11902A805F006FB0022FF
:105A300002AB113D5A74AD1B03231C2102A8F9F7D8
:105A40007BFF2B1CADB2112D00D911239DB207AFE6
:105A500011362A00A119380005F0EFFA00220423BC
:105A6000022138007A55D3E784428DD906231B1AC8
:105A70000F009F402A7801303A43C0B22A70013BA0
:105A80008442F5D280E7FEF777FC802221000848A7
:105A900005F0A4F999E7C046071F0020431F002026
:105AA000360600206C1F0020DA0300207627002035
:105AB000611D002075270020F52600207526002096
:105AC000E11A0020FF02000014060020611C0020E3
:105AD000E11C002011C80108F0B589B005220021A1
:105AE00004A805F07BF9BC4EBC4C33782078002B21
:105AF00054D0BB4F3B78034350D12A22B94BFF32DD
:105B00009D5C2C22FF329B5C5A1F5F2A00D9142314
:105B10003221B5485943ECF70DFFB44B80B21880E1
:105B200003234343B24A9BB21380B24A1080B24A65
:105B3000138007224243B14B1A8005232370B04BD8
:105B40001A68B04B1A800023AF4A3B701370AF4AFB
:105B50001370AF4A1370AF4A1380AF4A1370AF4A45
:105B60001370AF4A1360AF4A1360AF4A33701370BB
:105B7000AE4BAF4A1978002902D01178A94202D061
:105B8000157001221A70AB4C2378012B45D1EEF72A
:105B9000B7FC022323709A4B1A6854E0052803D0FF
:105BA000A24B1B78002B02D100232370EBE72A23A2
:105BB0008C4FFF33FB5C01251A00914E2A4031685F
:105BC0002B4200D170E0924C1B072CD4EEF79EFEC6
:105BD000002828D02378002B00D0A9E225700022CD
:105BE0000124954B934D1A80944B1C702B78934253
:105BF00000D096E2A0230132DB05FF329A61904883
:105C0000EFF722F8F7F708FC02228E4B2C701A707F
:105C10008D4B01201988EFF793F9864B1B78022BE7
:105C200013D009B0F0BD0022237822705B00DBB2F4
:105C3000022BA8D17F4C2378012BEED1EEF760FC2C
:105C4000022332682370814B1A806D4B7F4A1B6898
:105C500011885B1A9BB2132BE3D90025754B774C47
:105C600015801D702570EEF74BFC29005120EEF7D2
:105C7000B9F92800F7F72CFA2800F6F7D7FF744B8C
:105C800028001D702570F7F7A1FBF6F7DBFE714BBE
:105C90001B78AB4202D00220F0F7D8F80122694B02
:105CA0001A70FFF7F7FDBCE795235B00FB5C032B45
:105CB00000D0D5E006AF3800FEF706F8484D34684E
:105CC0002878A4B2052800D95DE7ECF715FE031883
:105CD000304859717B78002B02D003232B707EE76C
:105CE0003B78002B00D14EE701214A4B5A4A1C80D9
:105CF0005A4B29701B784B408B4013806FE7454B04
:105D0000554F1A880093394B39881B88A21A5B18A3
:105D100092B29BB29A4200D20AE20020FEF78AFBBE
:105D200000233B80009B1C8002232B7082E77B7842
:105D3000384A002B01D01480CFE73B78002B03D1E9
:105D4000148004332B701EE713882A49E31A09884C
:105D50009BB2994200D916E714800123BEE77B78F5
:105D6000002B00D0E4E12B4F224A3B881288E31A33
:105D70009BB29A4202D80120FEF75CFB3C80D3E73D
:105D80007A78244B002A01D01C80A6E73A78002AB2
:105D900001D01C80E1E71B88174AE31A12889BB2E6
:105DA0009A4200D9EFE60220FEF744FB0523C9E73B
:105DB0007A78184B002AE7D13E78002EE9D11B886B
:105DC000E41A0E4BA4B21B88A34200D9DBE60320E1
:105DD000FEF730FB2E70D6E667000020702600200C
:105DE0006F2600208C1F0020701700006626002000
:105DF0006426002062260020602600205E26002007
:105E0000081F00206A2600206D2600206C26002036
:105E10005A2600205C260020592600205826002003
:105E200054260020502600204E2600206E260020FA
:105E30006600002074260020681F0020201F00201C
:105E4000204E0000360600200C00002072260020A4
:105E5000BE0700204808002068260020741E00208D
:105E60008DB2042800D95AE1ECF75AFD0500310043
:105E70007E00CB002B0104A8FDF726FF04AB1B78A6
:105E800004AA5278002B12D1002A00D17BE6B44A32
:105E9000012113700022B34B21701A70B24BB34A28
:105EA0001D80B34B1B784B408B40138097E6002A34
:105EB000EDD095235B00FA5C2A3BFF3B022A03D11D
:105EC00004AA12795340E2E7A54A1278FAE7A44BF4
:105ED0001B780093002B32D0A64B1B880293A24B59
:105EE00003931B88EB1A9BB201939E4B1B78002BEC
:105EF00011D104A8FDF7E8FE95235B00FB5C002BA5
:105F000022D1009B002B1CD004ABDB78002B02D0ED
:105F10000122944B1A70954A029913885B180199D3
:105F2000994200DA04E1002301201380039B1D80C5
:105F3000009B5840FEF77EFA022323707AE68E4BD0
:105F4000CBE704AB9B78E1E7012BE4D1009B002B6E
:105F500007D1884B019A1B889342F2D804AB1B7877
:105F6000D4E704AB5B78D1E77F4B00931B88EB1A37
:105F70009EB27C4B1B78002B12D104A8FDF7A4FE27
:105F800095235B00FB5C022B0AD0754B1B78002B22
:105F900014D004ABDB78002B02D00122714B1A70B5
:105FA000764B1B88B34200D9EDE56E4E3278002A5D
:105FB00007D06B4B197801234B400FE004AB9B7863
:105FC000E9E704A8FDF780FE04AB1B7804AA527829
:105FD000002B03D0002A00D0B7E01A000021317056
:105FE0008A420CD0009A04A81580012222705C4AD3
:105FF0001370FDF769FEF2E559490978DCE70323E0
:10600000D3E5594E3388EB1A9BB200935C4B009A50
:106010001B88934249D904A8FDF756FE04AB1A78B1
:106020000120002A00D15878544B19884B085B187E
:10603000009999421CDA002800D1A4E504AB5B78F2
:106040004749002A06D0002B06D10A70012335806B
:106050002370C4E5002BF8D195235B00FB5C012283
:10606000022B03D104AB1B795A40EEE70B78FBE718
:10607000002800D187E53B490B78002B00D082E552
:1060800001330B7095214900785C354902280AD10B
:10609000002A08D004A84078002804D004AA127965
:1060A00053400B706FE50A706DE50220FEF7C2F9F0
:1060B0002C4B1A78002A02D000221A70C6E704235B
:1060C00073E5294E04A833880193FDF7FDFD04AB69
:1060D0001B78002B04D104AA52780092002A11D018
:1060E00095225200BA5C022A09D1002B07D004AADB
:1060F0005278002A03D004AB1A7901235340184A7E
:106100001370A3E7019BEE1A1E4BB6B21B88B34275
:1061100000D938E50320FEF78DF9009B45E5227094
:1061200031E5022B00D073E52C70174B1A806FE518
:1061300001220021154B1A70154B1980154B197847
:10614000022900D11A703268EFE795235B00F95CF1
:106150002A3BFF3B022900D04EE704A909792BE72F
:106160006D2600206C2600206A260020682600206C
:10617000741E00206626002064260020622600206F
:10618000602600205E26002072260020201F0020AE
:10619000681F002074260020F7B5051E03D0037881
:1061A0000024002B17D1F7BD0E4E0F4F33784F2B25
:1061B00006D94F2238000D4904F018FF4F233370E1
:1061C000019932780978531CB9540022DBB20134AA
:1061D0003370FA54E4B22B1901932B5D002BE3D1F9
:1061E000E1E7C046372600207627002077270020E9
:1061F00010B5094C094A23780949D054CA5C824237
:1062000005D2C8547F2201331340237010BD002AE9
:10621000F8D0013ACA54F5E775270020752600200A
:10622000F5260020F0B53D4B87B003931B78059011
:106230000293002B70D03A4B3A4D1C780493002CFB
:1062400043D021002888ECF7FFFB0026022C00D861
:106250001436642714217843ECF76CFB031CC0B29E
:10626000B84200D93B1CDAB2B24200D2331CDBB2D6
:1062700019270193022C00D814272B4B019A2B4885
:106280001A700023049A2B801370294D029AAB5484
:106290002A789A422ED00122E95C002918D1254B98
:1062A0009B5C2A2B01D03F2B0AD10024224E2800D0
:1062B0007168ECF705FB002817D11F4BE4001B5D4C
:1062C0001E4803700023437014E064230193D3E756
:1062D0002E2905D152003F2AE7DC0133DBB2DBE790
:1062E0002D29E2D152000132F5E701340836362C6F
:1062F000DDD113480378002B04D0019B9F4201D8C5
:10630000FFF74AFF0023039A2B701370059B002BA5
:1063100002D00648FFF740FF07B0F0BD2706002077
:10632000100600201206002068000020B5C80108F1
:1063300014060020E8E40108ECCD01083526002011
:1063400023C8010810B5002804D000221B4B1A7086
:106350001B4B1A70002401221A4B21001C701A4B8F
:106360001A481C701A4B1C801A4B1C801A4B1C704C
:106370001A4B1C701A4B1C701A4B1A707F3204F0A7
:106380002DFD80222100184804F028FD7822174BAB
:1063900052421C70164B1C70164B1C70164B1C8006
:1063A000164B1C70164B1C70164B1A80164BDC32A9
:1063B0001C80164B1C70164B1A7010BD372600201F
:1063C00076270020270600201406002075260020CE
:1063D0002C060020280600202E060020240600207F
:1063E0002306002031060020F52600202F0600207D
:1063F0002606002025060020200600207527002004
:106400002A06002016000020120600201006002098
:1064100068000020962010B50F4BC0001978ECF7EB
:1064200013FB1423132803DDDC33984200DC83B212
:106430000A4A0B49138003225A4392B20A8009493F
:1064400000200B8008490A8007214B43074A13802C
:10645000FFF778FF10BDC046010000201A000020A1
:10646000100000200E000020120000201400002068
:106470002A4B10B51A78002A4ED000241C70284BE5
:106480008022210027481C7004F0A8FC80222100F3
:10649000254804F0A3FC80222100244804F09EFC3F
:1064A00021008022224804F099FC0120FFF74AFFD6
:1064B00020490B78A3420DD01F4A204B12780C7054
:1064C000DA771F4A1F4B1278DA7701221E4B1A70B7
:1064D000F6F7B8FA1D4A1378002B0BD01C4B1D4958
:1064E0001B7804200B70002111708B4200D0023801
:1064F000EFF7ACFC18490B78002B05D0174A184B66
:1065000012781A7000230B70EDF7E5FF0022154B8F
:106510001A70154B01321A7010BDC046071F0020BB
:1065200036060020611C0020E11C0020611D0020B7
:10653000E11D00203004002032040020911F0020C3
:1065400031040020921F00205A0000202F04002058
:106550002E040020480800202D0400202C040020D8
:10656000CD1F0020D50800206C1F002070B5234AE5
:106570001378DCB2002B10D1214B5D686D42EDB277
:10658000204A13789D420DD1002C17D00F221E4BAC
:106590001A7000221D4B1A7003E01378013BDBB226
:1065A000137070BD591C1170194A1A48D15CEEF76E
:1065B000B5F9002800D120000400E1E70225164BC0
:1065C000FF351E68F6B2154A13789E4207D1002C9B
:1065D000E7D00F220C4B1A700C4B0E3ADBE7013D53
:1065E000002DF4D00E490F48C95C01331370EEF74B
:1065F00095F9002800D120000400E4E730260020AF
:106600001C0002403226002065000020BC0700204C
:106610006C190020312600207C0200203426002046
:106620008002002033260020F0B5664A8FB0137830
:106630000290DDB2002B05D1634C2378002B06D1EC
:106640000FB0F0BD1378013BDBB21370F8E75F4A7F
:106650005F4E10683168401A5E49632808D9106897
:10666000013BDBB230602370002B01D10B70E7E7F8
:106670000B785948002B00D092E001330B700123B6
:1066800002930024260013680021036010220AA848
:1066900004F0A4FB514F01970D2104ABC918200051
:1066A000FCF7BEFB01234E4907A81A5C0133514099
:1066B0004C4A5143092BF8D14B4B0A0C1B784A40EA
:1066C0000393019B92B21988914206D1039B1A1B36
:1066D00051424A41029B1A430BD00721012321401A
:1066E0008B401900E2080AA8835C093619438154DB
:1066F000B6B2019B01340233E4B20193802CCBD1BA
:106700007F21039B384A01330B401370002E97D032
:10671000364B1B78132B00D092E704ABD81CFF2319
:106720007E390370ECF7F4FF314B05A80380022398
:1067300005218370330A0671C3700126ECF7E8FF68
:10674000793C0AAAEB08D35C2A0022401341334269
:1067500019D00D2104ABC91828001D73FCF760FB8C
:10676000092107A8ECF7D4FF01221D4B0C2004A936
:106770000918895C01324B401A494B43092AF5D16B
:106780001A0C53403B800135EDB20237802DD8D131
:1067900004AB981C0A2301210370ECF7B9FF4FE703
:1067A000029B002B00D06AE7124BC8211B78002BFC
:1067B00000D16439136804681B1B8B4200D360E767
:1067C0003EE7C0463026002065000020081F00205C
:1067D0002C26002028260020242600202425002006
:1067E000C59D1C819301000122250020610000202D
:1067F000AA550000071F0020038810B5013303804D
:10680000FEF702FF074B084A1B8812889B18C288B4
:106810009BB29A4205D80222044B00201A70FFF75F
:1068200003FF10BD0C0700200E070020641E00208F
:1068300010B5012400210A4B0F221C70094B19705E
:10684000094B1980094B1970094B1870094804F05D
:10685000C5FA2000FFF7E8FE074B1C7010BDC046CC
:10686000742E0020AC0700200C0700205F1F0020C2
:1068700011070020652E0020641E0020F8B5002AB4
:1068800045D1002943D010283ED0414B01321A7027
:106890000D2800D979E0ECF72FF80707070707075D
:1068A000070707074061614CF9F7EEF9394B1A7891
:1068B000052A29D900241C70F9F7FEF9F5F7F8FB31
:1068C00064254543344E33689D4221D373689D420D
:1068D0001ED22800F5F734FA002819D12F4F2800CE
:1068E0003E68B18BF5F7FAF934863060B06030005D
:1068F000F5F786FF2A4B3A6801201A60F6F7E8FBA5
:10690000EDF730FEEEF7EAFA0422264B1A70F8BDD6
:1069100001340836072CD6D1F6E70120FFF788FFAF
:10692000214B224A1A8000225A80214A0833DA87F2
:10693000EAE7184B1C78002C09D12000FFF778FFFC
:106940001C4B1C701C4B1C80EEF7DAFADCE70A22A9
:10695000013CE4B21C70194B1A55D5E701230B28F2
:106960000FD1174AD27E002A01D15B425BB2154C8F
:106970002078013307D001300921ECF761F821704C
:10698000C2E75B42EDE70830F6E702221A70BBE788
:106990005D1F00205F1F0020B4CD01086C1E002089
:1069A000681E00205F00002064070020CDABFFFFC1
:1069B000BADCFFFF642E00200E070020D003002069
:1069C0008C1F0020752E002010B5C27F0024A52A40
:1069D0001ED1427C017C12020A43817C09041143CE
:1069E000C27C12060A43013212D0427801781202A8
:1069F0000A43817809041143C27812060A4301321E
:106A000006D0847FFCF704FB241A63425C41E4B2A5
:106A1000200010BD030020330278FF2A04D101308A
:106A20009842F9D1012070470020FCE7224B10B5B5
:106A30001B78002B36D09621204B89001A88002322
:106A40008A4205D91E4BD318FE2B00D9FE23DBB298
:106A50001C4A1178994200D913701B4B1A780123F4
:106A600014001C401A421DD1EDF7E8FD174A184BDF
:106A700012684008128E9B56A03B181883B200B2D1
:106A800002005D320FDB5D331C1CDBB2282B00D90A
:106A900028240934E4B20F4B1A78FF2A01D0A2420D
:106AA00000D21C7010BD03008D33F4DB062193303F
:106AB000EBF7CAFFC4B2EEE71E1F0020621E0020E3
:106AC000A8FDFFFFDA1A0020400600206C1E0020FF
:106AD0001C000020DB1A002001210A4B49421980CA
:106AE0000023094A1370094A1170094A1370094AB0
:106AF0001370094A1370094A1360FF22084B1A7079
:106B00007047C0468A06002000070020212500208B
:106B10008C060020880600200A070020440600207A
:106B2000202500200023094A10B51380084A13705D
:106B3000084A1370084A1370FFF7CEFF0122074B73
:106B400005201A70FDF74AFD10BDC046DE1A002070
:106B5000D51A0020D81A0020D61A0020711F002054
:106B60000023084A10B51370074A1370074A1360D0
:106B7000074A1360F022074B52031A60FFF7ACFF7D
:106B800010BDC046D71A0020D41A0020CC1A00200D
:106B9000C81A0020D01A002070B592B06B460400CD
:106BA0001720DE1DA52302AD1122FF21684433709A
:106BB00004F014F92B0007CC07C3228828001A80A0
:106BC000A2789A70284A1368591C11602B61FCF74F
:106BD0001FFAF423254CA87722685B039A4202D35C
:106BE000F0235B032360206820220AA9EDF712FE40
:106BF0000AA8FFF70FFF00281BD123681A0509D048
:106C000080221B0B52011B039B18F4225203934258
:106C100027D22360206820220AA9EDF7FBFD0AA8ED
:106C2000FFF7F8FE002804D12068000B0003EEF700
:106C30000DFA0023202229002068EEF7B1FA20681F
:106C40000023012231001F30EEF7AAFAF422236854
:106C500052032033934201D3F0235B03236012B02D
:106C600070BDF0235B03D4E7CC1A0020D01A0020BB
:106C700010B50B00FF242340434007480A0A434352
:106C800022405A4042430B0C234053404343090ED9
:106C90005940484310BDC04693010001F0B5284D4E
:106CA00087B02B78002B0AD0264B274C1B78002B63
:106CB00007D00023254A2B70FF332370137007B0D1
:106CC000F0BDFFF7B3FE224B1E68721C1A60214B09
:106CD0001F68214B1B880293204B1B78039323785A
:106CE00004931A4B1B7805931D4B1B8801335B08DB
:106CF00000D101339BB201931A4B1B4C1B78002B24
:106D000002D02000FFF748FF012266600026019BA9
:106D100027602381029BE6736381039B2373049B9B
:106D20006373059BA3730F4B1A70104B1A70FFF718
:106D3000D3FEFF22044B2E701A70044B1A70BEE76C
:106D40001E1F0020D91A0020DB1A0020DA1A0020AA
:106D5000C81A00203C06002038060020400600200B
:106D60001C1F00205005002040050020D41A0020E0
:106D700001230200F0B51A4085B005000C00039213
:106D8000184236D04B691F688023E68BDB009E4299
:106D900000D3194E194B1A4A01931B780292002B0B
:106DA0000AD01378AB4207D1164B1B68BB4203D104
:106DB000154B1B88B3421AD0FFF770FF0123019ACD
:106DC00013700022029B1D700E4B1F600E4B1E8025
:106DD0000E4B1A80039AFF23002A01D0293423780E
:106DE0000B4A1370FF220B4B1A70FFF71FFE05B002
:106DF000F0BD0B69C7E7C046FFFF00001E1F002063
:106E0000400600203C060020380600201C1F002001
:106E1000DB1A0020DA1A002003784268007808495B
:106E200040B2002806DA7F20034046339B00CB188F
:106E30005A6070474E339B00C9184A60F9E7C04654
:106E4000F8000020064A11784F2907D820204B1C53
:106E5000DBB21370034A50540021D1547047C0462E
:106E60002B040020DA0300200121054B82B09A6B2D
:106E70000A439A639B6B0B400193019B02B07047DE
:106E800000100240F0B585B00C00150069461022D4
:106E9000EDF7C0FC6B461B78013BDBB2FD2B20D825
:106EA0006A4600210126114813785F1EFFB2FD2FAC
:106EB00008D90023137010226946200004F0BDF8A1
:106EC00005B0F0BD232B07D02A3BDBB21A2B08D824
:106ED0000700DF40374204D0013101321029E3D1ED
:106EE000E9E72900200004F0A0F8E9E7C1FF8007E6
:106EF00070B51C48EDF7A8FE80213F200902EDF790
:106F000071F859201849EDF76DF868215920EDF70F
:106F100069F80024154A63005F20D15A0134EDF767
:106F200061F8242CF6D11248EDF78EFE5920114954
:106F3000EDF758F80125A4340C20ECF75DFD28424C
:106F400006D1013C0C48E4B2EDF77EFE002CF3D1F3
:106F500000210220EDF746F80248EDF775FEEDF747
:106F6000BDFF70BD30750000688000006407002020
:106F7000204E00006828000088130000042202212F
:106F8000F0B55D4C5D4BA54404935D4B5D4D1B78A6
:106F900005AC5B4213402A78200052420A4013435A
:106FA000594A1D261278134304AA5370049B149364
:106FB000564B1B680593564B1B680693554B1B8815
:106FC00001335B082381544B1988544B61811B7832
:106FD0002373534B1B786373524B1B78A373FCF7DB
:106FE000F9FD15AB07CC07C307CC07C322781A708D
:106FF0002B78002B5BD04C4B80271D684B4BFF0040
:10700000ED1800236D09ADB20193002D54D0013D60
:10701000ADB2F0231B020CACE81840012022210085
:10702000EDF7F8FB2000FFF7F5FC00283FD120002A
:10703000FFF7CAFC002833D00823227B1A4208D16C
:107040003B4B61681B68013B5B1A802189008B42C6
:107050002DD214AB98192378193603706378B6B221
:107060004370A3788370E378C370237C0371637CDF
:107070004371A37C8371E37CC371237A0372637AC7
:107080004372618902730B0A8172C372637B43731B
:10709000A37B8373FCF79EFD019B0133DBB201935D
:1070A000013FBFB2002F02D0019B402BADD114ABEA
:1070B0000021204A9B1905E01F4DAAE701361970EF
:1070C000B6B201339642F9D902ABDC1D0A23237014
:1070D0001A4B0CA80C935D2305210371ECF718FBE8
:1070E00014A81749ECF714FB01212000ECF710FB62
:1070F000144B9D44F0BDC0464CF9FFFF0200400018
:10710000D91A0020D41A00201E1F00203C0600209F
:10711000CC1A00201C1F002038060020400600204A
:10712000DB1A0020DA1A0020D01A00200000E2FF4B
:10713000C81A00205C060000FF030000AA550506DF
:107140005D060000B4060000802370B5021CDB0061
:10715000984201D3264B1A88264B27481978037882
:1071600092B28B4203D00024244B01701C60244B4C
:1071700024481A80002303702348017023492448BF
:107180000B70244903700B70234B1B68002B02D13A
:107190000133037070BD0126184B1C68530935007C
:1071A00020009D4028402C4219D01C4C58015B0007
:1071B0001B5B802401339BB2E400A342A44180B254
:1071C000121A234092B2164C2380164B1A800022CA
:1071D000154B1880154B1A8001230B70DAE7013B21
:1071E000DDD2134B134C1B681B195B099BB2EAE7FA
:1071F0002CC20108DC1A00202025002044060020B3
:107200008A06002000070020212500208C0600208F
:10721000880600200A070020CC1A0020480600201B
:1072200008070020020700200407002006070020AE
:10723000D01A00200000E2FF10B5024B1880FFF7C3
:1072400083FF10BDDE1A002010B5124B124A1C88B5
:10725000124B12781B789A4218D18021104A231CB5
:10726000C9008C4201D30F4B1B8812889BB29A42F3
:107270000CD10D4B1B78002B0BD10C4B1B78002B2A
:1072800007D12000FBF70EFE002802D12000FFF7F7
:10729000D3FF10BDDE1A002021250020DC1A0020BB
:1072A0008A0600202CC201080A0700208806002058
:1072B00070B50D001400102805D1FBF7E5FD28007E
:1072C000EFF730FB70BD002903D1002A01D10A2855
:1072D000F8D169490B78002B09D00A2803D1002D79
:1072E00001D1664B1D70664B01221A70EAE70A381D
:1072F000052800D9BAE0EBF7FFFA5E1D30AC9C031D
:10730000002DDFD05F4D002C08D0FBF7BDFDEDF761
:1073100047FBECF705F801232B70D3E7FBF7B4FD2F
:107320000123594A11784B401370F4D01022574B67
:107330001A70F0E7FBF7A8FD534B1B78002B05D024
:10734000EDF72EFB0020FFF777FFCCE7504B1888B6
:107350000028C8D0013880B2F5E7FBF795FD4A4B0D
:107360001B78002B03D0EDF71BFB4A48EBE7FFF738
:107370006BFF494B18780028B5D0484B1B78002B81
:10738000A0D1474B1B78002B03D0464B1B78002B1A
:1073900098D03F4A444913880988013340189BB26A
:1073A00080B2984201D913809DE73E4B1B78002B99
:1073B00099D01080C7E7002D1BD1304D002C16D17D
:1073C0002B78002B13D1FBF75FFD384A137801337C
:1073D000DBB2022B00D92300137000222C4B1A8041
:1073E000FFF77AFB0122274B1A70254B1A700023F6
:1073F00092E7002C00D165E7204A1378002B00D0DB
:1074000060E7012010702A4A1478002C0FD0137006
:10741000284A087013701E4A1380FFF7A1FB01234E
:10742000254A1370174A1370154A13704AE71070F3
:10743000F5E7002D00D145E7002C00D042E7FBF72F
:1074400023FD1E4A1378012B01D80133DCB21470DE
:1074500049E7174B1C78002C02D0FBF715FD31E7EC
:10746000FBF712FD164B1C70064B3DE7002C00D0BD
:1074700028E70222104B38E7D91A0020D61A00203C
:107480006C1F0020711F0020D5080020641F002001
:10749000DE1A0020FF030000000700200A0700207A
:1074A000880600208C0600208A060020DC1A0020B6
:1074B000D81A00201E1F00205D1F0020D51A0020B2
:1074C0005F000020F7B5031D0193802300220127F0
:1074D0009C4608213B00002564460678344200D0D3
:1074E0001D435B0001399BB264080029F6D10823D3
:1074F00080245600B6B22C421ED1D10BC9033200F3
:10750000002901D00E494A40013B6410002BF0D104
:10751000019901308842DCD180241020012124020D
:10752000144200D00B434900013889B26408002896
:10753000F6D1DB4398B2FEBD802109029143DEE71C
:1075400021100000F0B5294C0727A54401938023A2
:10755000DB010400C01800920D00022203AE4000BF
:1075600002A93780EDF756F9009B002B14D02B00B1
:1075700035331A781823D2001A402B8E2E353B4013
:10758000134333702B787370019B002B04D002AB34
:107590001A8833889A4225D0338802AA1380802023
:1075A000832204AD290012010002EDF733F902AA8B
:1075B00012886300EA5280208322002329001201EE
:1075C0000002EDF7EDFD31002000F4F7D1FD80233E
:1075D000DB009C4206D2009B002B03D12000044913
:1075E000F7F7B4FB034B9D44F0BDC046BCF7FFFF6B
:1075F000BDC4010844080000A022094BD2039968C9
:107600000A439A60022219681142FCD005225242B4
:107610001A6000221B6D0380024B1A807047C0461F
:1076200000240140CC200020F7B51F0008AB1D78D6
:1076300001230C001600D2000132D2B200933B00AD
:10764000F8F7B4FAA21E0D4BD2B2002F02D10C4BA8
:10765000F601F3183E21985C013C41407F2099548B
:10766000E4B2E2B2954204D83E22595D4A405A55EE
:10767000F7BD1A5D42401A550134F2E75508002063
:10768000E11A0020F0B58FB0F8F7EAFA804B1C78C9
:10769000002C03D00120FCF7ABF914E07D4B1B78E4
:1076A000002B12D0082501237F2221007A48009563
:1076B000F8F7FEF803237F22210078480095F8F7B9
:1076C000F7F8EDF7C7F90FB0F0BDFFF7BDFD744B4C
:1076D0001B78002B03D1734B1B78002BDAD0724B35
:1076E0001B78002B34D0714B00241D888023DB00D5
:1076F0009D42E6D22800E7B2FBF7D4FB0028E0D099
:107700006B4B08201B88ED1A6A4B2D01EA585B1958
:1077100004921A895D6859895E7B03921A7B9B7B70
:10772000059308231340024217D0E100033109B248
:107730000B007B220438FBF7F5FB062CC1D05B4B1A
:1077400001341D888023A4B26519ADB2DB00CFE7F8
:107750000120594B1B7858409DE70120104004AA96
:107760001376564B0290994250D104980AA9FDF71E
:1077700061F9534B53491A6807A8013A521B92B258
:107780000132FCF78FFF0E233A0000930221002301
:1077900007A8FFF749FF029B002B3FD00AA83B0038
:1077A00000221121F8F782F947480123FD00013535
:1077B000EDB200932A0000235F21F8F7F7F9434B5D
:1077C0001B78012B3ED1029B002B2FD0404B072E64
:1077D00000D90726B600F15808A803F026FC7F233D
:1077E0003A006B2100933B480023FFF71DFF08A8D8
:1077F000EBF770F805210023091A49006B312A00C4
:10780000C9B2009308A8F8F7D1F996E70AA8F6F7E5
:1078100053FE04AB1B7E002BABD1A6E70AA83B00AE
:107820001121029AF8F788F82B48BEE7092E06D9ED
:1078300032002A49093A08A8FCF734FFCFE73200A2
:107840002749F8E7022B15D196239B009C46059EFD
:10785000642166443000EBF7F3F830008BB264210A
:107860000293EBF767F81F49029B82B208A8FCF766
:1078700019FFB4E73C210398EBF7E2F803988EB2C6
:107880003C21EBF757F83300174982B2EEE7C046C8
:10789000D91A0020D81A002015C801081FC80108ED
:1078A000DC1A0020D41A002000070020DE1A002075
:1078B0008A060020900600200A070020FFFF000033
:1078C000C81A0020DEC701088DC30108D51A0020A0
:1078D00028EB0108BDC40108C1CC010825C8010876
:1078E0002DC8010831C8010839C8010810B502784F
:1078F0000300013AD2B20120FD2A0CD81800202141
:107900001A1D03781C008C4301D0FF2B04D10130D9
:107910009042F6D1012010BD0020FCE7F0B5A9B0DF
:10792000FCF730FE0390F8F79BF930223723002153
:107930001000FBF7F7FA02234021AB4AD15402337F
:10794000322BFBD1A94B1C78A94B1D78AC4231DA04
:10795000A84BA9481B78E6003618002B00D089E018
:10796000631E00D26B1E0022DB001100C018012331
:10797000F7F7E2FF08230022300000931100063BD6
:10798000F7F796FF601C854200DC002000229A4B2E
:10799000C000C01811000423F7F7CEFF2B00974951
:1079A000621C18A8FCF77EFE06230022190018A806
:1079B000F7F7C2FF5021002304AA52181370303980
:1079C00004AA52181370EDF7D1F9039B4D2B00D97F
:1079D000A6E01800EAF7A4FF57006C0084009200AC
:1079E000ED009200ED00010138014A03D001A70625
:1079F0009806270227027702B8034403D201DA016E
:107A00002302F601F6014803A70660030C02BE0339
:107A1000A706BA035B00A70623022702BE03A70638
:107A200027022702DA03E303EE03A706EB03A70608
:107A3000F203F403F6031904F00306021B061E0604
:107A4000A706570673067C067F067F0682068F060A
:107A5000AA06AD06AD06A706B00639073C075907CA
:107A60004D0612072D0650065006500650065006C9
:107A70004A06250208230093002330001A0019004B
:107A8000F7F716FF8AE75E4B5E491A6845E0052165
:107A90005B4A5D4B126818A89A5C0824D307DB1771
:107AA0000B4052085949FCF7FDFD002604230FE363
:107AB000534A57491268574BD2B28A5C642152002C
:107AC000D55A2800EAF7BCFF28008CB26421EAF7F7
:107AD00031FF514982B2230018A8FCF7E3FD1FE0F3
:107AE000474B4E491A68002A0DD0551E4C4C4D4844
:107AF000AD0092004C492B591258EDE7404B1B68E2
:107B0000002B03D1494918A800F088FE484A682B89
:107B10004ADC013B5B00D25A464918A8FCF7C2FD7B
:107B2000502204AB9B181B78002B00D1B7E018A89B
:107B3000EAF7D0FE00230600411E0125180018AA0E
:107B4000B34201D000F0A4FE032D01D800F0ABFE3B
:107B5000072D00D9072501230327049300246B0870
:107B6000FF1AB44200D39AE0002D00D197E0049AA6
:107B700018AB1819FBB2002A01D100F099FE7F2240
:107B80003221F7F7D9FE18ABE25C1F2A01D900F0C9
:107B900097FEB44201D300F098FE1A5D1F2A01D966
:107BA00000F093FE0134F4E7693B5B00D25A2249AE
:107BB000B3E7134B1B68002BA4D0204A013B5B00AA
:107BC0009D5A0A212800EAF73BFF28008CB20A21BF
:107BD000EAF7B0FE1A4982B27DE71A4B084A1268EA
:107BE000920000F04DFDC0465F1D0020811F002067
:107BF000781F00206823002014D2010873C80108F0
:107C00007C1F00201AC90108CEE001087BC80108CA
:107C100095CD01089CCF010884C801088FC80108D0
:107C20000CEB010828EB010894C801087DC301088A
:107C30000EE2010826C701089BC80108AAE1010855
:107C40001AC7010800EB0108CA4B1B78002B04D0AF
:107C5000C94B1B78002B00D088E0C84BC8491D6871
:107C6000EB17E8185840EAF7D5FF28000C00C44984
:107C7000EAF7EAFE23000200C249082418A8FCF72C
:107C800011FD012318A87F2232210094F7F710FE7E
:107C90000323BD4800947F223221F7F709FE039B9E
:107CA000033B012B01D900F017FEB84B1B78002BCA
:107CB00007D008237F2200933221B548043BF7F711
:107CC000F7FD039B042B01D000F010FE0124AB4B09
:107CD0001B68002B01D000F00CFEAE49002C00D038
:107CE000AD490CA803F0A1F90CAC2378002B24D0EB
:107CF0002000EAF7EFFD00281FD00723584301308A
:107D00004D2801D900F039FE47331B1A5B08323386
:107D1000DBB23321322B0BD07F22121A111CD2B2CC
:107D2000332A00D23321CAB29A4200D9191CC9B2EF
:107D3000012300222000F7F71FFE039B322B02D005
:107D40000D3B022B0ED8954B1B78002B0AD0944884
:107D5000012B00D1934808237F2200933221033B5B
:107D6000F7F7A6FDECF776FE29B0F0BDF7F7A4FF14
:107D70008D490200C31C80E78C4B2FE77F4B8C4959
:107D80001A68002A00D0C8E68A49C6E67B4B1C6800
:107D9000002C00D1B6E63C2C12DC05203C216043CF
:107DA000EAF738FF20000D000C21EAF74DFE2B000A
:107DB0000200814918A8FCF775FC3C24012675E6F1
:107DC0007E49A0E66D4C7E49226818A8FCF76AFC43
:107DD000684B1B78002B00D1A2E62068C0B2EBF7FD
:107DE000CDFD9DE6654B1968764B8900C9188AE67A
:107DF000624B1C68002C00D184E60F203C216043BC
:107E0000EAF708FF0B000321E2176B480A4012193A
:107E10000100921018A8FCF745FC2824CEE76A4B15
:107E2000DCE66A4BDAE68023544FDB003868984280
:107E300004D1674808230093063B2CE7002280B258
:107E40001100F4F729FA08263A6818AC0100050079
:107E500092B22000F7F7D2FC00237F2232212000CB
:107E60000096F7F725FD002D21D04C4B1B78002BF9
:107E70001DD13868320080B2000114A9ECF7CAFCA9
:107E8000149F3F493800EAF7DBFD38000D003C49FC
:107E9000EAF750FD2B0002004E492000FCF702FCDF
:107EA00005237F22322120000096F7F701FD334B96
:107EB0002000196889B2F6F7FFFA23784648002BAC
:107EC000B8D02000B6E700222C4C1100206808260C
:107ED00080B2F4F7E1F922680100050092B218A817
:107EE000F7F78CFC00237F223221009618A8F7F7C1
:107EF000DFFC002D00D1D2E62068320080B2000104
:107F000014A9ECF787FC1B4B149F1B78334D002BF7
:107F100066D1013B2B60216818A889B2F6F7CCFA2C
:107F2000502204AB9B181B782B48002B00D018A8BC
:107F300008237F2200933221063BF7F7B9FC174B49
:107F40001B78002B00D0AAE638000D49EAF778FD2F
:107F500038000C000A49EAF7EDFC230002001D4935
:107F600018A8FCF79FFB08237F2200933221033BD4
:107F700018A892E6682300205F1F00207C1F0020C5
:107F8000A0860100A2C80108B7C801083E1F002052
:107F90003EC7010866C8010867C8010862230020BF
:107FA0006DC801081FC80108ABC80108F8EA01083C
:107FB0007FC901087DC30108DDC8010894C7010815
:107FC0001AC90108F0D40108E8EA0108D8EA010852
:107FD000FCC601080CC70108EBC601086423002099
:107FE0002B68002B97DB02237F223221BF480096AB
:107FF000F7F75EFC2B68092BA1DC31250024BC4E71
:10800000BC4B1B68A3421DD0B84B1B5D672B08D02F
:108010006A2B06D01D23AA1D190012B228B2FAF746
:1080200081FF0134083508360A2CE9D1B24BB34838
:108030001B78002B00D0B248042300224D21F7F713
:108040007BFC7CE71E23A8B2021D0230190012B28D
:1080500000B2FAF767FF2022337813433370E0E76A
:10806000A84BA9491A688CE6A84BB7E5052630004D
:10807000A44B3C211C6801346043EAF7CBFD20008F
:108080000D000C21EAF7E0FC2B000200A04918A823
:10809000FCF708FBB32409E59A4B9E491C68002CA9
:1080A00000D130E5502C3ADCFA20FA2160438900F7
:1080B000EAF7B0FD0B000321E21797480A401219B6
:1080C0000100921018A8FCF7EDFA502401260523B0
:1080D000924D8C4ADB01ED1810682A000C233632D1
:1080E00029001370122237310A7042310A702A00B7
:1080F000C0B27A32801BA11B13708001EAF7A4FC86
:10810000212438232D263830C0B2DAB22100904223
:1081100000D33100E9540133792BF6D100E5052570
:108120002800503C60433C21EAF774FD20000E001B
:108130000C21EAF789FC33000200794918A8FCF702
:10814000B1FA68245026C2E7764B47E56D4B764975
:108150001A6816E66B4B75491D68192D00D1D2E4DB
:10816000002D03D1039B1B2B00D1CBE4704B6C1E65
:10817000A400E4182000FFF7B9FB002802D02A0071
:108180006C49CAE423002A006B49A5E46B4B6C4A96
:1081900019780139C9B2FD2907D86A499CE46A4BAC
:1081A0006A4A19780139C9B2F5E76949B5E4554B0E
:1081B00068496AE4684B11E5684B0FE5684B0DE5CB
:1081C000684B0BE5684B1B78002B1BD0674B1C786A
:1081D000002C17D06649072214A802F02EFF0021B8
:1081E0006448435C1A003732D2B2092B01D83033CD
:1081F000DAB214AB5B1801319A70CBB29C42F0D862
:1082000014A980E43F4B5C493FE43E4B1C68E4B258
:10821000052C00D984E42000EAF782FB0600130055
:1082200047017201B901B901544B554A554918A883
:10823000FCF738FA06237F2231215348F7F77CFBFD
:108240006EE40024514F08AB06AE009332003800B4
:108250004F4907AB06940794089409940A940B9429
:1082600002F03EFF032823D04A4C3B00220010219D
:1082700014A8FCF7BBFC22001021474B10A8FCF708
:10828000B5FC46490CA802F0D0FE03237F22312121
:1082900014A8F7F751FB04237F22312110A8F7F728
:1082A0004BFB06237F2231213D48F7F745FBF6E4DF
:1082B0000BAB00933B4938480AAB09AA02F010FF08
:1082C0000328D1D132787178B078374EA300F358B3
:1082D0001F78974205D15F788F4202D19B78834205
:1082E00064D001340C2CF1D1002461E06F23002014
:1082F000951C0020642300206323002047C8010848
:1083000043C801087C1F00204BC80108C8EA0108C7
:10831000DDC80108BBC80108C0C80108E11A002077
:10832000D5C80108B8EA010850C80108DBCB01082C
:108330009022002028C80108E9C80108E41F002095
:10834000DC1F0020F5C80108F61F0020EE1F0020EA
:10835000FAC80108FFC80108A4EA010898EA010860
:1083600080EA01086CEA0108682300205F1F0020F2
:10837000B1C90108D003002078C4010814C3010862
:1083800007C901080DC90108D2D101085DEA010839
:1083900013C9010810C9010854EA010841C90108BC
:1083A0004CEA01081DC9010844E80108002C9BDBC8
:1083B000E1233C21099A1B0153430A9A00264A43B0
:1083C0009B180B9A9B18E122D2019D18DC4B9D4211
:1083D0004CDC002D4EDB079B089FF6180023079608
:1083E0000493049B059321003800FAF7BDF88642F8
:1083F00044DC059B002B00D00796049B002B00D08B
:1084000008970023089F079E0493002E40DD002B51
:1084100000D00796049B002B00D008970899C94B01
:10842000A400E358C84A01910096102114A8FCF753
:10843000DDFBE12128000901EAF706FB3C210600EB
:108440002800EAF7E7FB0191E12128000901EAF79A
:10845000E1FB08003C21EAF7F7FABC4C009033003E
:108460002200102110A8FCF7C1FB0AE7B84A013628
:10847000AD18ACE7B74B013EED18AAE70123013474
:10848000361A05930C2CAED10024FF180493A8E7EC
:10849000013C03D201230B24013F04932100380047
:1084A000FAF762F801233618AFE7AB490CA802F0DF
:1084B000BCFDAA4B1E883000F3F7BAFD642105000D
:1084C0003000EAF7BDFA30008CB26421EAF732FAE4
:1084D000230082B2A249009514A8FCF7E3F8032315
:1084E0007F22312114A8F7F727FA93229D4B5200DF
:1084F0009C5C9D48A400052331212058A73AD4E66E
:10850000EC219A489A4C49026043EAF713FA994AD7
:10851000994B86B29B18994A99499B18994A0CA87D
:108520009B1A5C4302F081FD0A213000EAF702FA4F
:108530000A2180B2EAF784FA30008DB26421EAF7AA
:10854000F9F9A40B2B0082B28F4914A8FCF7AAF802
:10855000A4B203237F22312114A8F7F7EDF90A21F1
:108560002000EAF7E7F90A2180B2EAF769FA200069
:108570008DB26421EAF7DEF92B0082B2834914A898
:10858000FCF790F805237F22312114A88DE680495D
:10859000052C00D17F490CA802F047FD7E4E052C2A
:1085A00000D17E4E0021072501270A003800143231
:1085B000D3B22A409040C2B29446DB08784ADB012D
:1085C0009B182122C8084243B21804920A000020D6
:1085D0002A400592202913D0049A059C125C22415E
:1085E0003A4003D064461A7822431A7001300133AE
:1085F0002128EFD10131C9B22129D6D1FFF74FFB94
:10860000C4B2E2087C3AD2B2B25C2C40E7E7654BD8
:10861000FFF7E4FA644B1B78002B07D1634B6449E6
:108620001B78013B012B01D8FFF76DFA614BFFF777
:10863000D5FA614B614A1D68484BD0881B882900D8
:108640005843EAF777F986B230006421EAF7F8F97F
:1086500030008CB26421EAF76DF9230082B25849E8
:10866000009518A8FCF71EF8FFF75AFA3E4BFFF7E3
:10867000B5FA544BFFF7B2FA4F4A534B1268D20087
:10868000D158FFF740FA4C4B1C68002C01D1FFF782
:1086900039FA782C01DDFFF743FA20003C21EAF794
:1086A000B9FA20000D003C21EAF7CEF92B000200B8
:1086B000464918A8FBF7F6FF7824FFF77FFB3E4BEF
:1086C000434C1B6843489D0001339A00FFF712FAA0
:1086D000414BFFF783FA414BFFF780FA364C404994
:1086E000226818A8FBF7DEFF3E4B22681A70ECF7F1
:1086F00085FAFFF715FA304A3B4B126818A892002A
:10870000D15802F092FCF2E74822164B597B4A43BB
:108710009B189C331B681868F3F712FB3349002839
:1087200001D1FFF7F0F9304BFFF758FA304BFFF764
:1087300055FA304BFFF752FA2F4BFFF74FFAC0466E
:108740007F51010044E8010826C9010832C9010827
:1087500080AEFEFF80510100AEC30108621E002002
:1087600021C401088C1F002038EA0108E4C601007A
:108770001027000000020000E0320020000300008B
:1087800047C90108000000204EC901085CC9010862
:108790005EC8010859C8010874E80108FDE801082D
:1087A000291B002030EA0108682300206E230020E6
:1087B0006AC9010804EA01087C1F00202A1F002062
:1087C00076C90108FCE9010830E3010882C9010803
:1087D0000CEB010828EB0108F4E90108E4E90108C1
:1087E0001AC901083600002048EB01088CC90108AD
:1087F000D4E90108CCE90108C4E90108604B1B6811
:1088000034331B78012B0DD15E4A5F4B126818A8D8
:108810009200D15802F009FC5C490CA802F005FC5A
:10882000FFF77EF9022B06D1594C18A8210002F05F
:10883000FCFB2100F1E7534A564B126818A892003E
:10884000D15802F0F2FB5449E7E7544BFFF7C6F961
:108850004C4B1A68002A0ED1514918A802F0E5FBCA
:10886000002426002500EBF7F1FE0423002D00D0A4
:108870002EE4FFF755F93F2AF2DC4A4918A8FBF726
:1088800011FF3F2401260425EDE7474BFFF7A6F92A
:1088900014780A2C03D1994201D9013510700133A3
:1088A0000132FFF74DF9002302270493FFF756F931
:1088B0000822322100927732F6F7FAFFFFF763F9C8
:1088C0000134A64201D0FFF75FF90223049A013D6B
:1088D0009B1AFF18FFF745F9039B062B01D1FFF701
:1088E000F5F9039B052B01D0FFF7FEF90024FFF7F4
:1088F000EEF95A1ED2B2002C21D0312A34D80020F1
:1089000001000500294E0B2D14D8775DB94211D115
:10891000013501313229F6D1FF200322121BD2B2D8
:10892000FF2822D00130009021490CA8FBF7BAFEA5
:10893000FFF7DAF99142F0D00130C0B2E9E7672AD7
:1089400019D82000210025001A4E142D07D8775D74
:10895000B94204D1013501316829F6D1DCE79142F1
:10896000DBD00130C0B2F6E7022213490CA8FBF7B6
:1089700099FEFFF7B9F90322F7E73323FFF7CCF9A4
:10898000601F00207C1F00202CD50108ACC6010808
:10899000CCC3010818D5010843C70108BCE9010888
:1089A0007DC3010828C80108A8E9010886E9010873
:1089B0009FC9010892E90108A9C90108F0B587B06B
:1089C000F7F758F90822002104A802F007FA9C4B97
:1089D0009C4D1E789C4B9D4C1B78002B56D0012E35
:1089E00048D19B4B1E8876083C213000E9F7A2FF56
:1089F0003C23C2B25B4253439B199649DBB202A8A7
:108A0000FBF750FE0622944B944902A8F6F730FF7C
:108A1000A37F002B04D00C229148924902F00DFB59
:108A20002B78002B0AD1904B8C481B788F4936301D
:108A3000002B00D18E490C2202F0FFFA637E002B3E
:108A400000D0C5E08B4B1B78002B00D0C3E08A4BD5
:108A50001B78002B00D0C1E0884B1B78002B00D185
:108A60009CE00834E37F09228549002B00D19BE07C
:108A7000844999E0F3F736FA002807D0E126824BC3
:108A800036011B885B08F61AB6B2ADE7052E04D195
:108A90000C2272487D4902F0D0FA7D4B1B785BB204
:108AA000002B21D1F3F702F800281DD12B78002BE1
:108AB000AED1237F002B65D1A31DD87F631DDB7F43
:108AC000002B59D0734B1B78002B5FD0724B1222B6
:108AD0001900002801D00220053A604B1230C0B2C4
:108AE000C01802F0AAFA93E780226C4BD2001B88D0
:108AF00093423BD2F2F7DAFF002837D12300293323
:108B00001F78192F1CD1664904A802F08EFA0E2690
:108B100023002A331B78002B05D0624904A802F0F9
:108B200077FA0436F6B2012300220221009604A847
:108B3000FEF77AFDF2F7BAFF002800D068E7B5E744
:108B4000594B7E1EB600F6183000FEF7CFFE002807
:108B500005D13200554904A8FBF7A4FDD7E73A0038
:108B6000534904A8FBF79EFD0A26D1E70622514986
:108B7000514802F062FADDE700280BD002200C22F7
:108B80004E49AAE702200C224D49A6E703200A22FB
:108B90004C49A2E702200C224B499EE74B4B1B7825
:108BA000002B04D009224A494A4802F046FA4A4BAF
:108BB0004A481A784A4B1978F6F73CFD494B1B781E
:108BC000012B0ED0022B30D0EBF752FF07B0F0BDD7
:108BD00009224549E8E708224449E5E70C224449CF
:108BE000E2E7444B1C88FA239B009C4200DB424C8A
:108BF000A4B264212000E9F723FF20008DB2642194
:108C0000E9F798FE2B0082B23C4904A8FBF74AFD25
:108C100004A8E9F75FFE0722424330490E4B891A48
:108C200004A80622F6F724FECEE7324B1888F3F7A5
:108C3000FFF93349020004A8FBF734FDE8E7C0461A
:108C40006A1F0020E01A00206B1F00208C1F0020EC
:108C5000681F002039C8010876D90108550800208E
:108C60007C080020E0E70108EF1E0020D4E701089F
:108C7000C8E70108D50800202108002023080020AB
:108C8000A2E7010899E70108661F00202CE8010807
:108C9000241F00203F08002004E8010844080020A9
:108CA000DBCB01086EC5010890220020DDC301085E
:108CB0006CC30108B8C901085E080020F8E7010884
:108CC00020E8010816E80108ECE70108741F0020FD
:108CD00090E701089B080020FF1E0020C408002028
:108CE000731F0020251F0020BFE70108B7E7010818
:108CF000ABE70108621E0020E703000031C801084D
:108D00000AC80108044BC25C044B0548D21813681A
:108D100003400B4313607047A9D0010800000240D4
:108D20000F80FFFF044BC25C044BD21853681B0C2E
:108D30001B040B4353607047A9D001080000024098
:108D40000121044B044AC35C9B181A688A431A60C9
:108D50007047C046A9D0010800000240044B054AF4
:108D6000C35C9B18012219680A431A607047C04609
:108D7000A9D0010800000240F7B513007F2210407F
:108D8000002901D1002B17D114224243354EB218CD
:108D900014002C3424780092002C0DD0324CA57B8A
:108DA000EAB20192A073677D01253A002A409446F9
:108DB0002F4202D0019BA373F7BD009A009F11635D
:108DC00053636246BA6300283ED1284D2F78FAB229
:108DD000012F1FD0032A03D0002AEBD1002B03D18F
:108DE00048232374443B0EE040222274328D934288
:108DF0000BD81F4E3678002E07D19AB2FAF780F8BA
:108E00000A23237401232B70D4E70020FAF778F8A3
:108E10000223F6E7002B05D1154A13700A33237499
:108E2000043BF0E7328D934209D8114D2D78002D87
:108E300005D19AB2FAF764F80A232374BAE700203E
:108E4000FAF75EF80223F8E7002B05D0B28F9342C1
:108E500005D92800FAF754F801236375AAE79AB2F6
:108E6000F7E7C046A0230020005C004081230020DB
:108E700080230020F7B50F001400012827D00F260B
:108E80002B4D030033403A5CEB5C53403B540130C4
:108E90008442F6D86A46274B6846042113805480E2
:108EA000FBF71CFF21003800FBF718FF23003340BD
:108EB000EB5C0134DB4301A8344003702B5D0421DB
:108EC000DB4343701C4B4380FBF708FF2FE0902AE5
:108ED0002DD81A4802F0B1F8194900220800231DC4
:108EE000134D5B1817000F263740EE5D07790132EE
:108EF0007E40067101309442F4D8552252420A70E5
:108F000022324A70220ACA700F2022000240AA5C54
:108F10008C70D2431A70621C0240AA5C7230D24339
:108F20005A70054A5A8022000832FFF725FFF7BD24
:108F300000E70108ABCDFFFFDCBAFFFF08310020DE
:108F400004310020F0B50500494CA3B0002800D141
:108F5000484C2388484A934238D007D8474A93421E
:108F60000CD01422464B1A7023B0F0BD454A9342F0
:108F700054D0454A9342F4D1ECF75AFF6368434A10
:108F8000002D00D0424A13600422424B1A70424B1B
:108F900008321A70414BDB7F3C2B01D8EAF718FDF1
:108FA0003F4B404901A8009302F03FF86A463E4B10
:108FB0001B78137500235375282206930793089393
:108FC000099369462800FFF755FFCAE72F4B002D8C
:108FD00000D02F4B1B68A2689A42C2D10C222E4BA4
:108FE00000211A702B4B083A1A706B467D32D81D3F
:108FF00001F0F4FE6A4669462C4B1380A279131DDA
:109000004B80294BA0881B7888808A71002B02D165
:1090100002A9FBF715FEA2790832D2E71B4B002DFF
:1090200000D01B4B1B68A2689A429AD10C221A4BA3
:109030001A70184B083A1A706A461D4B0093A388A1
:109040009380194B1E78002E05D127000C37A37989
:10905000DB089E4201D30622B3E7A388F000C018C4
:10906000390080B2FBF715FE01360837EFE7C0463E
:1090700000300020002F00201B0500001405000018
:109080001A0700201D050000DD050000FC2E002051
:10909000F82E0020421F0020F91E0020941F0020FF
:1090A00015052400D7D101087C2200201C050000F2
:1090B0001E0502000B003F2210B51140134206D1DD
:1090C000002B04D00A008120FFF756FE10BD0022BD
:1090D000014B1A70FAE7C046BA07002070B50028A5
:1090E0001ED1002910D0144B9D68DC686D18641ADD
:1090F0009D60DC600FD1114A9A60FAF7CFFA002820
:1091000003D18030FAF704FA70BD220021008020DC
:10911000FFF732FEF8E722002900FAF7B9F9F3E782
:109120007F230340044A4E339B00D2185368002B20
:10913000EAD09847E8E7C046F80000201401002074
:109140000E4B10B59968DA680918121A9960DA603E
:1091500003D08020FFF710FE10BD187D002802D03C
:1091600011001A75F5E7DA88002AF5D01B787F2BF5
:10917000F2D902000100FAF78BF9EDE7F8000020C0
:10918000F0B5BB4F87B03B79DAB20192BA79D2B26F
:1091900002927A79D2B20492BA7BD2B205925B077C
:1091A00025D5C022B34D00215200280001F016FE43
:1091B000AE2200244026B04B52006E6021003C706D
:1091C00080209C5232002C70FAF7C6F93200210040
:1091D0002000FAF7C1F921000120F9F77FFE0122F2
:1091E0007B7813437B70A54BBA727C721C70019B19
:1091F0009B0703D500210620F9F770FE019BDE07CF
:1092000003D500210520F9F769FEBB7A029A1A40BE
:1092100013000192DB0711D50024BC73387C0423B2
:109220000500964AC1B21D40184219D0397C9943B5
:10923000397414700123019A9A4301920124019B0D
:10924000002B00D0C0E001247D7A049B1D400195D5
:10925000019B002B00D01BE1059BBB7307B0F0BD49
:10926000CB0602D580233B741570824B18780028FA
:1092700004D01878C0B23870002018701478E0B2AA
:10928000062CD7D80124E9F741FB07005D00D5FF84
:109290006C009C009C009A002142CBD07B7C082B68
:1092A000C8D100227648774B017899540132082AB8
:1092B000FAD1714C220003CB03C28023E2885B0009
:1092C0009A4206D923787F2B03D88020FAF720F919
:1092D000B0E700206C49E260A16022612075824203
:1092E00005D023787F2B02D8FAF7D2F8A2E7FAF755
:1092F000D5F90028E9D0E38826691D000293B3421E
:1093000000D93500A168E5608B070CD080235B0095
:109310009D4200D98EE75C4B2A001800039301F0B0
:109320008CFE039BA360029BB34205D9B60603D112
:109330000123564A237513702A008020A168FFF785
:109340001BFD77E75A6B198D986B8A4206D908186E
:10935000521A98635A63FFF7F3FE6BE71018002266
:10936000F7E7214200D165E77A7CD0B2002A12D11A
:109370001900D0310A6812180A601A00D832116830
:10938000411811601A00C8321288824210D9002098
:10939000FFF7A4FE4EE71A00D03211680200384DE4
:1093A0002C78013A92B20C700131002AF8D1DFE733
:1093B000D4331B689942EAD040233B743AE700203B
:1093C000C9E70023137035E70123A3400293029AF3
:1093D000019B134229D00422BC737B7D134202D02F
:1093E0007B7D93437B7514216143224D69184B6B40
:1093F0000A8D086B93421BD980180863896B9B1AEE
:109400005118142666431B48801981634363002B5F
:109410001FD122007F331A401C420FD10800FFF7F2
:109420008FFE019B029A934301930134E4B206E755
:10943000C0180863896B59180023E2E70E4B4632C7
:1094400092009B185B68002BEBD08020204398474C
:10945000E7E79A4200D91A0014236343ED1820006D
:10946000296B92B2F9F74CFD01237B75D9E7C04611
:10947000005C0040A0230020F80000208123002091
:10948000205C0040C0230020140100208023002025
:109490000126A640019B334229D00122BC737B7E6A
:1094A000134221D0BB8B9AB2002B23D114216143EC
:1094B0001C4B5B181800D030016889180160816866
:1094C00051188160D42084469C44604665460068FB
:1094D000C833801A28601B8893421BD97B7A2000EE
:1094E000B3437B72FFF7FAFD019BB3430193013451
:1094F000E4B2ADE60C4BA000C018142363430B4943
:109500005B58D11889B205781D7001339DB28D4228
:10951000F9D1CBE70028E1D001227B7E93437B7613
:10952000E2E7C046A0230020205C00407024002019
:10953000022110B50A4A0B4B9C680C4205D1013A36
:10954000002AF9D110BDDB68FCE70121044A187339
:1095500098680842F7D1013A002AF9D1F2E7C046EB
:10956000A086010000300140F8B50423A027B024F4
:109570000E4EFF05B36240231D00BB622000FFF7C3
:10958000D7FF1020FFF7D4FF0420FFF7D1FFBD6104
:109590006D190020013DFFF7CBFF002DF9D10134FB
:1095A000E4B2B82CE7D10423B361F8BD0004005045
:1095B0005C2110B5032802D8034B4000C15A432058
:1095C000EAF710FD10BDC046E0E40108F0B5B54B68
:1095D000AFB0DB7F0EAD5A1E9341B34C0822B349A6
:1095E00028006375B24E01F028FD08222900B14819
:1095F000EBF710F92B781A090F2A00D1033A03214F
:1096000062719A080A4022710B408B4200D10023FC
:10961000E3726B781A00FF3A511E8A411A405B07C9
:109620009B0F032B00D1023BA3490A70A34A13707E
:10963000AA781C2A03D805235343823B2361EB7885
:10964000FF2B00D19E4B23819E4B186805230028D9
:109650000DD19D4B1B681B691D68F9F79DF907002B
:10966000F9F790F97B089BB258430423281A974ACC
:1096700038361060964A337010600025F5F794FF75
:10968000944B585DEAF7B8F9934A6B000135D05214
:10969000072DF5D1914B1A68002A03D01269904B1F
:1096A00012681A6001258F4B28001D708E4B1D70AB
:1096B0008E4B1D70FAF7AEFB0020FAF7ABFB824B26
:1096C0001B68343318782075F3F756FCE07AFFF7FF
:1096D0006FFFFAF75BFAFAF76FFC854B1D70844B4E
:1096E0001B780293002B03D1EBF740FB2FB0F0BDAA
:1096F000FCF73CFF7F4B1A78002A03D000221A7037
:10970000EBF7BEFA7C4B7D491A780491002A1ED0F3
:1097100000221A70F9F740F9802818D9714B1B788C
:10972000002B14D10121764A1170049A1370754CE4
:1097300027786770EBF7BEFE0500132871D1EBF7B1
:10974000E5F800286CD125700023A37077E0049B16
:109750001B78002BEBD0644C2378002B03D0F9F757
:1097600071F900232370684B1C785E4B1D78002D27
:1097700001D100F0A2FC012C01D100F062FCFA2022
:109780000025049B80001D70EBF75EFA0C20EAF7C1
:1097900033F90123184200D1EDE202202900EAF753
:1097A00021FC0220EAF728F9400500D4E3E2290071
:1097B0003F20EAF717FC29000220EAF713FCFA2001
:1097C0004000EBF741FA2800FAF724FBF9F72EF9ED
:1097D000F9F7D0F8384B1B78AB4205D10122324B58
:1097E00052421A81494B1A8001223F4B1A70484B52
:1097F0001A70F6F73FFA304B464C1B78002B01D01D
:1098000000F0EAFD2D4A444B12789200D258434BA7
:1098100019783C23002900D00233414900F0F7FDBC
:1098200010252570AF428FD1A378DA1ED2B20F2B4C
:1098300001D80133DAB23B48A270EBF705FA324E99
:109840003378002B13D1132D27D10A2F0AD1364B91
:109850001B78002B06D0354B1B78002B02D138002B
:10986000FAF7F0FB0022304B1A70304B1A70A178D7
:10987000032902D0102900D06DE733782478002B1B
:1098800000D08DE00A2C00D027E1284A03294FD1CF
:1098900001202549087013705DE70A2DE7D00A2FD3
:1098A000E5D0DFE7941F002090000020F7C90108F1
:1098B0008C1F002048A10000632E00208E00002095
:1098C000FFFF000040080020601F0020F02B002058
:1098D0004C2E0020FCE50108DE2B00206C1E002031
:1098E000F42B00208C0000206C000020860000205B
:1098F000EC2B00206F1F00206E1F0020870000202F
:10990000602E002069000020622E002080000020D0
:109910008D0000200C2C0020B4E5010883000020FD
:10992000C7C90108204E0000D2270020D1270020FF
:109930001478002C00D00EE701260127B24BB34D5E
:109940001C70B34B16701C70B24BEC721E70B24B95
:109950007F421C70B14B1C70B14B1C70B14BAB8083
:10996000B14B1B6834331B782F8102932B75AF4B9F
:109970001F80F9F72DF8F04028600298F3F7FCFA01
:109980002000FFF715FEAA4B1C70AA4B1F80AA4BA4
:109990001E70FAF711FBFAF797F8FAF737F9DAE6DB
:1099A000012B00D099E00A2C7DD004D923000D3B77
:1099B000012B00D9CFE6A14D2B78002B08D10D2C1F
:1099C00001D001F02FF99E4B1878F8F77DFFC2E621
:1099D0000D2C0FD0092B00D9BDE60E2C05D1994ACC
:1099E0001178002900D0B6E613705A1C2A70964AE6
:1099F000D45408E0934A013B1178DBB22B709942B2
:109A000001D100231370F9F73FF98E4B1A782B78A8
:109A10000393002A00D11A0000232D252E278A4EF9
:109A20008A4C03992800994205DDF15C3800092928
:109A300001D83031C8B2E05401330A2BF1D11400FF
:109A400000269C46824980480968824D059010187E
:109A5000059B471E834215D1002E01D07C4B196017
:109A6000039B9A420BD200230A27794E7A48356825
:109A7000039A0134A2420DD1002B00D0356001229F
:109A8000764B57E063463878029E68435D43091879
:109A90003800DDE7059B39001B5D4343ED18E8F70F
:109AA00049FF029BE4E76A4B1C686D4BE2186D4B63
:109AB0009A4200D94FE6624B1878F8F705FF6A4BD7
:109AC0001C603378002B04D1F9F7FEFFFAF744FA53
:109AD00041E62000FAF774F93DE6032C11D00E2C74
:109AE0003DD0112C73D82000E8F706FF407171714A
:109AF000717158717109717171712A2A7161002334
:109B00000293434B1B78002B03D00298F9F786F899
:109B100021E6404A0299137800290DD0012B01D883
:109B2000013313700122394B52421A8101224B4BEF
:109B30001A704E4B1A700EE6002BF3D0013BF0E783
:109B4000324B1B89023B9CB2304B18691C81F9F7E0
:109B500043F8A04207D20120F9F760F8E6E72B4B63
:109B60001B890233EFE7F9F745F8DFE70020FAF742
:109B700051F9264D2B7D012B01D80133DCB2200099
:109B80002C75F3F7F9F9224B1B78002B01D1013B1F
:109B90002B81FAF711FAF9F797FFDCE51B4A002150
:109BA000D37A022B01D00133D9B2D17267E70123F6
:109BB000164A517D4B4053752D4A05D02623FF335D
:109BC000D05CE9F7DBFEC6E592235B00F8E7002BEB
:109BD00003D12000FAF736FABDE5022B00D0BAE532
:109BE000601F0D2800D9B6E5E8F790FE9E00B5FD90
:109BF000B5FDB5FDB5FDAC0044004400B500B5FDB4
:109C0000B5FDB5FDB5FDA700D227002090000020CE
:109C1000632E00208E000020D5270020F82B002086
:109C2000282E0020010C0000601F00208000002072
:109C3000302E00208A00002086000020DD2B00202E
:109C4000612E0020DC2B0020C72700202C2C0020B8
:109C5000382C0020A086010010270000602E002074
:109C6000C088E4FF402DA4074C2E00208D0000206A
:109C70008C1F0020CC4B1E78CC4BDD7E0123002EA8
:109C80003BD00B2C00D05D403000FAF789F80C2255
:109C90007243C74B04009B181A791E8902925A79A5
:109CA00007000392DA88029B0592132B08D1C14B5F
:109CB000002019780693F3F717F90023069A13701A
:109CC0000298E9F799FE0100002D11D0059B9B1B1E
:109CD0009C4201DCA619B7B2039A059B02989340F7
:109CE00099433B009340194389B2EAF77BF9C6E6F2
:109CF000B442F1D3A41BA7B2EEE70B2C00D05D4019
:109D0000AD4AAE4B127D9B5CAD4A1068002D06D06B
:109D1000AC4A904200D8C018FAF752F8AFE6AA4A07
:109D20009042F9D9C01AF7E70022A84B1A70A84B45
:109D30001A70F8F7A9FF012047E60123A54A117818
:109D40004B40A8E5984A01211378032B01D05B18FA
:109D5000D9B2117093E6944B00221C78002C00D0ED
:109D6000E8E62000F8F7B0FD924B1C70994B1C7090
:109D7000F9F70CFFAAE6FAF7B9FA974997480D8860
:109D8000974A06882B005580002E04D00323734386
:109D90005B199B109BB20380924E9348336807680F
:109DA000DB1B924F3F78BB4200D27CE033680360FC
:109DB000002C73D1CE8A13890693731E7F2B00D992
:109DC0009BE002940794012E0FD0741EA0B27F2155
:109DD0000002E8F739FE83B27F200793069B21003B
:109DE0005843E8F731FEC3B20293814B814A9D424A
:109DF00000D184E0804B0299197003231370069BF5
:109E00005A007E4BD31808930023049303936B46A8
:109E10006A461B7B117C0593049B721E1B0AD2B2FF
:109E2000B34200D2DAB2754B54001B5B0132D2B29E
:109E30001800B24201DA724A105B80225200541AB2
:109E40005C4341436418240A6949A4B200228C424D
:109E50000CD0029A05998A4257D1654A954254D04E
:109E60002800F8F7A9FFF8F789FF0200654F059869
:109E70003C782100F8F7BEFF079A039B9446013314
:109E80000393049B63449BB20493039B802BBED13A
:109E90000134E4B20F2C00D9C4E03C7001225A4BCB
:109EA0001A705A4B1A704B4B59481A7800239A4231
:109EB0000DD10488574E2100153989B2B14206D818
:109EC000290013310123A14200DB131CDBB2058002
:109ED000002A00D0B5E0504A002B00D1A5E00020B8
:109EE0001070F9F797FFF8F7A1FDF8F743FD4B4B1A
:109EF0001B78002B00D077E470E4802665E71378A8
:109F0000002B00D17BE7013B78E73B4A05991278AB
:109F10008A422CD1374A1778002F28D0344A9542EC
:109F200025D1069A964203D9089A1088A84205D1ED
:109F30003B4A9818421E904140421840F8F73CFFB7
:109F4000F8F71CFF0323DF1BFFB202000990002F6C
:109F50008CD02000F8F730FFF8F710FF0200012F37
:109F600084D1099BC31801335B10DAB27EE720006D
:109F7000F8F722FFF8F702FF029B0399013B02006A
:109F80008B4200DD72E7029B01338B4200DA6DE702
:109F9000174B9D4200D169E70430021CC0B20F2864
:109FA00000D90F22D2B261E7F82B00208C1F0020CD
:109FB00058E60108282E002090000020AFE5010897
:109FC0005C2E00207FA4BF0740771B00DD2B002004
:109FD000DC2B0020D5270020342E00203E2C002032
:109FE000502E0020081F0020242E00208800002072
:109FF000FFFF0000D3270020D4270020222D0020BF
:10A00000242D0020D62B0020602E00208D00002063
:10A010008A000020E9FF0000302E0020632E00207F
:10A020000100FFFF00233B7038E7CD4B19890B1C63
:10A03000032900D80423043B9BB29D4235D300235F
:10A040001370C84B1B78002B01D0FFF7D2FBC64A18
:10A05000138801339BB2138080225201934201D9AD
:10A06000FFF7C7FBC14B1B78002B00D12BE2F5F7A4
:10A07000F7FDBF4B1B78012B01D100F0A1FC022B97
:10A0800001D100F0CBFC002B00D134E2B84B1A78A0
:10A09000002A01D100F06EFD0020FCF7C5FA002275
:10A0A000B24B1A70B34B1A8015E213780133DBB24E
:10A0B0001370002B00D012E7C3E7002C00D028E17A
:10A0C000AD4AAE49D78AAE4A0B6810681B1AAD4834
:10A0D0000078834257D30B6813603B1C802F00D954
:10A0E00080239BB2029300230493012F08D9029B83
:10A0F0007F21581E80B20002E8F7A6FC83B20493C9
:10A10000002603966A46039B127B029994461B0A1B
:10A11000994200D8B4E0DBB29B485900405A013361
:10A12000029ADBB20500934201DA984B5D5A802314
:10A1300062465B009B1A58436A43954B80181D7812
:10A14000000A944B80B20022984204D0F8F734FE03
:10A15000F8F714FE020030002900F8F74BFE049ACD
:10A16000039B9446013663449BB2F6B20393802E60
:10A17000C8D10135EDB20F2D00D82C000122844B3F
:10A180001C707A4B1A70FA208000EAF75DFD7A4C59
:10A19000E588E8B2802F07D93900E801E8F7CAFB63
:10A1A0007F2800D97F20C0B2774B4000C35A794A3C
:10A1B000934253D0784B1B78002B09D00F23774A5A
:10A1C0001188A9424AD0013BDBB20232002BF7D101
:10A1D000E068F8F78DFB00231900714A714E824246
:10A1E00059410500306882425B41994202D0280003
:10A1F000EAF77AFA28003560EAF700F90021302002
:10A20000E9F7F0FE684B30201988E9F7EBFEFAF722
:10A210006DF82588A388AB4206D2E068A580F8F7E0
:10A2200067FBE388206123816388AB4216D928004D
:10A230006580F8F73BFB4A4B19690A000A3A8242EB
:10A2400000DD02000120DA60464B1870574B1A609F
:10A25000574B1960574B1A60574B1960E38AE188D6
:10A26000802B03D9554A1288012A10D8544D2C78D6
:10A27000002C31D1012322008B426241130030E0D7
:10A2800000239F4200D147E7029B013B43E78A1826
:10A290009A4206DA4B4A138801331380F8F742FDDD
:10A2A000CFE60022484B1A70F8F778FCF8F748FB25
:10A2B000002805D00120F9F7ADFDF9F79BFDC0E6B8
:10A2C000404A138801331380F8F72CFD002800D191
:10A2D000B7E6F9F717FCB4E65A1ED00FCB17914238
:10A2E0004341DBB2002B02D1F8F7FEFCA9E60022C5
:10A2F000354B1A70F8F752FCF8F722FB0028D9D139
:10A30000324B1A78002AE4D01870012363402B7076
:10A31000EAE7022C00D094E6F9F7E8FF0122134B9C
:10A320002B491A70049B08881D70134B1A88254B03
:10A330005A80002804D0032343439B189B109AB2F1
:10A340000A80F8F7DDFBF8F7FBFA002804D1214B6F
:10A350001B78002B00D174E60120F9F75BFD70E655
:10A36000900000208D000020DA2B0020602E0020BD
:10A37000622E0020D82B0020342E0020081F002041
:10A380002C2E002088000020222D0020242D0020CB
:10A39000D62B0020FFFF0000022D0020042D0020FE
:10A3A000FF3EAB015C2E0020402C00207C000020F2
:10A3B000780000207400002070000020840000203D
:10A3C00083000020502E0020870000208200002003
:10A3D0003E2C0020D5270020974B984A1888431E12
:10A3E0009BB293425FD996490CA8FAF75BF9954B5B
:10A3F0001B78002B04D1944B1889944B98425AD166
:10A400008F490EA8FAF74EF991490EAB0CAA20001D
:10A41000FAF748F9012300211A0020000093F5F70C
:10A42000C5FB8C4B8C4C18883E26421C1A8003239B
:10A43000184040000019FDF7DFF8BE20628823882D
:10A4400080009B18A2889B18E2889B189B10584399
:10A45000824BD988E8F7F8FA80B2F1F7E9FD1C22BF
:10A460007F4B804D1A702B00133A75330400222164
:10A470007D481E7000F0B2FC0920604364212D303D
:10A48000E8F758FA7F231A00D11A884200D3EE5415
:10A49000013B752BF8D1EAF7EBFA0022734B1A70E7
:10A4A000734B1A80DEE5F8F701FA724902000CA836
:10A4B000FAF7F8F89BE7F8F7F9F96E4902000EA8E9
:10A4C000FAF7F0F8A0E76C4A138801339BB21380C7
:10A4D000132B00D9CBE5694D2C7820000134E4B270
:10A4E000EAF7BDFA2C70062C01D8FFF7F8F8002324
:10A4F0002B70FFF7F4F8F8F74FFA0400012800D8A2
:10A500007DE35F4B611E1889C001E8F713FAC3B2FF
:10A510000393231C802C00D9802300249EB2701E3C
:10A5200080B2DBB27F2100020293E8F78DFA2500AA
:10A5300083B20493731E220A9A4262DAD2B2E3B261
:10A54000504F5100C85B511C8E4200DD0A00520082
:10A55000B95A471EBFB2BC46384F4A1E92B2BC45DC
:10A5600054D9FF230800BA425ED90EAAAB54049B0B
:10A5700001351C19A4B2802DDCD106E08022FF2118
:10A580000EA800F02BFC002303933F4B1B78002BFD
:10A590001ED1012502270EAC267833006678FF2EE7
:10A5A00011D032000121FF2B01D039009A19A37874
:10A5B000FF2B03D09A18013192B2C9B24808801813
:10A5C000E8F742FA60700135EDB201347F2DE4D135
:10A5D000039B2E4A7F33FF33802002929B18022276
:10A5E0004024202552424042039951187F2956D8D1
:10A5F000002A4DD11978294319701978214319700F
:10A600004AE0029B5A1ED2B2002399E7BA420BD805
:10A6100080225200D21A42434B43D218120A90B2FF
:10A620000A4AFF239042A0D01721F8F7BDFC1F2350
:10A63000181AC3B299E7C046342E0020FDFF00006F
:10A64000EBC60108D527002090000020FFFF000086
:10A65000BFC90108281F0020841F00202A1F0020D6
:10A66000C908002055080020CB0800208D000020DC
:10A67000DA2B00201AC90108D82B0020D72B002084
:10A68000502E0020222D0020632E0020E11A0020F1
:10A690000426911CB143B0D11978014319700132DD
:10A6A0000133032AA0D10EAB00219C46FF26C94AE4
:10A6B000C94C6346C85C1F2800D8F8E01670013109
:10A6C00001328029F5D100260EA8335CF5B21F2B8C
:10A6D00012D80F2408ABE418220029000CABF8F7BD
:10A6E000E1FA27780CAB1C78A74200D8F9E00134D6
:10A6F000E4B21F2C00D8FDE0B64B9B5D1F2B0ED89B
:10A700000F2408ABE4180CAF22003B002900B1482D
:10A71000F8F7C8FA24783B78A34200D3F6E0013674
:10A72000802ED1D1AD4B5868FAF79AF9AC4BAD4CAD
:10A730001B78002B32D1AC4B1B68002B00D1F2E010
:10A74000AA4A1568ED1AF8F71DF901002800E8F784
:10A75000F1F882B2A6492000F9F7A4FF01260023F0
:10A760003200190020000096F5F720FAF8F70AF9F0
:10A7700064210500E8F764F928008FB26421E8F746
:10A78000D9F83B0082B29B492000F9F78BFF0023E8
:10A790000722190020000096F5F708FA964E737903
:10A7A000032B00D9C3E0954B95491D6837682800F5
:10A7B000E8F746F928000E009149E8F7BBF8642154
:10A7C00003903800E8F73CF9380001916421E8F77C
:10A7D000B1F88C4D33002900039A00902000F9F75E
:10A7E00061FF012321220093242100232000F5F79B
:10A7F000DDF9814B1D89844B9D4200D146E4834B9A
:10A800001B78002B00D041E4F8F7BCF86421E8F78E
:10A8100091F801240A2680B2092800D9CAE004343C
:10A82000A400E3B2280017210493F8F7BDFB1F230F
:10A83000181A183BC5B21840063B83400024029A00
:10A840000393EB08DB01D3180293E1B20B005A1E0D
:10A850009341604A5B4294460EAF681CDBB25A18C3
:10A86000D2B2BE5CFF2E01D086421BDD6646B25CD2
:10A87000FF2A01D0824215DD01335BB2022BEDD1FC
:10A880000C2D05D8049B0133A3420BDA712C09D897
:10A89000029B039A1B5D1A4204D101232A005C48E3
:10A8A000F5F772F90234802CCFD1FFF7EFFB137864
:10A8B000CFB27D08984203D8002310706355FEE69E
:10A8C000605D0E2806D801231F4200D0F7E6C018AD
:10A8D0006055F4E60233DBB2202B00D13300137055
:10A8E000EDE63A000123290002980137F5F74CF90B
:10A8F000FFB2F7E601226319134200D0F7E6130016
:10A90000290022000298F5F73FF9F0E601226319C9
:10A91000134205D11300290022000298F5F734F9FB
:10A920000134E4B2F7E6F8F737F8020012E7F8F777
:10A9300057F82100FAF77EF8012300930023212223
:10A9400019002000F5F732F9274B1B68002B23D0A4
:10A95000264A64211568ED1A2800E8F771F82800E6
:10A960000E006421E7F7E6FF3300020021490125CC
:10A970002000F9F797FE00232122302120000095C6
:10A98000F5F714F9F8F73EF82100FAF753F8002329
:10A9900021225D21009529E7366864213000E8F71F
:10A9A0004FF830000D006421E7F7C4FF2B000200D0
:10A9B0001849DCE731000134E4B2E7F7BBFF2BE7CD
:10A9C00008237F220093022100231348F4F770FF2D
:10A9D000FFF75CFB822C0020422C0020502E002030
:10A9E000622E00200C2C002040080020C80400200B
:10A9F000CFC90108DCC90108900000204C2E0020BE
:10AA0000A0860100D3C90108FFFF0000D527002060
:10AA1000E11A0020DBC901082C2C0020844B1868A7
:10AA2000FAF71EF8834C79221021200000F0D6F9A5
:10AA300000233022E25405337D2BFBD1002370220A
:10AA4000E2540A33822BFBD17B4B79211D880727E7
:10AA50002800F8F7A9FA00237849794E834271DB80
:10AA60002800F7F723FF0022040076494342885C60
:10AA7000834271DA01320A2AF9D10126724D7349F3
:10AA80002800F9F70FFE0023192204212800009660
:10AA9000F5F78CF822006E492800F9F703FE002331
:10AAA00019221C2128000096F5F780F8694B1B78C5
:10AAB000002B08D1684B79211889F8F775FA674B94
:10AAC000C018FF2303710124654F664B1B789C421D
:10AAD00044D00C2262435C4D634B64499A58280071
:10AAE000F9F7E0FD1E23E2B253435E4E183BDBB2A2
:10AAF0000293337802991B1B5A1E9341280022228D
:10AB000000930023F5F752F8594AE300D358E0B216
:10AB10000393F9F745F9039B56491A562800F9F7AC
:10AB2000C1FD337828001B1B5A1E934102990093E4
:10AB3000292200230134F5F739F81E37042CC4D13B
:10AB4000FFF7A4FA0A005A43B24202D922783A43E4
:10AB500022700133013481E7D2B28EE71E22FF2139
:10AB6000380000F03BF938001E22FF21803000F051
:10AB700035F9AEE70726404B1B7802930F23029965
:10AB800010000F31891A194096429B4101240C256F
:10AB9000C9015B4230400533049138498440DB01F0
:10ABA0005B1800219000284003903548E4B20590DE
:10ABB000049D059F6D186D087D5DC8B22F09BC46C8
:10ABC0000127394202D00E372F40BC462D4D1F7849
:10ABD000069503252840039D2843069D2D5C3800DB
:10ABE000A043654501D2380020430131187001337C
:10ABF0008029DDD10132102AC0D1FFF74DFA00289B
:10AC000000D1BBE4204B214A1888FF21431E9BB290
:10AC1000934205D8E839F8F7C7F91F21091AC9B2D4
:10AC20008022ADE40E2C01D0FEF7DFFEFEF793FD8F
:10AC30005C2E0020E41B00203E2C0020CDCCCCCC90
:10AC400033333333C0E501080C2C0020E5C901087B
:10AC5000EBC90108D527002090000020E01B002050
:10AC6000E51C0020F82B002058E6010810C9010857
:10AC7000CCE50108F2C90108D62B0020E11A00201A
:10AC8000D6270020ECE50108222D0020FDFF000062
:10AC9000F7B500254B680A6800935F1E1300EB4070
:10ACA00008D1012F05D84368C96893434A43134329
:10ACB0004360F7BD01241300AC40234022422BD057
:10ACC0001A0003265A435643B446F6430196664695
:10ACD0000468B443009E564334430460012F06D8F1
:10ACE0008C6887685443019E37403C4384600C69FC
:10ACF000C7685443019E37403C43C460009C022C0B
:10AD00000AD14C69FF2B09D80F26524356436243A0
:10AD1000036AB3431A4302620135BBE70F261B0ADD
:10AD20005B435B435E435C43426AB24322434262FD
:10AD3000F2E700000D488546E8F718FE0C480D497B
:10AD40000D4A002302E0D458C4500433C4188C4286
:10AD5000F9D30A4A0A4C002301E013600432A242EC
:10AD6000FBD300F017F8EEF715F8FEE700400020DF
:10AD700000000020F80000208CEC01086002002098
:10AD8000E0320020FEE70000014B18687047C04623
:10AD9000A800002070B500260C4C0D4D641BA410BB
:10ADA000A64209D1002601F09BF90A4C0A4D641B0A
:10ADB000A410A64205D170BDB300EB5898470136E8
:10ADC000EEE7B300EB5898470136F2E784EC010850
:10ADD00084EC010888EC010884EC01080300821867
:10ADE000934200D1704719700133F9E70020704792
:10ADF0007047704770B50F4E0D0031680400002990
:10AE000002D1EAF761FF306029002000EAF75CFF19
:10AE1000431C03D101256D42280070BD0323C51CCE
:10AE20009D43A842F8D0291A2000EAF74DFF0130CF
:10AE3000F2D1EFE7D8320020F7B50322CB1C9343C1
:10AE4000083305001F000C2B34D20C27B94233D82D
:10AE5000280000F071F8374E33681C00002C2FD109
:10AE600039002800FFF7C6FF0400431C5FD1346897
:10AE70000094009B002B4AD1002C52D0236828005C
:10AE8000E31800990193EAF71FFF019B834248D121
:10AE900023682800FF1A3900FFF7ACFF013040D0CB
:10AEA0002368DB19236033685A68002A33D1009B7A
:10AEB000336019E0002BC9DA0C232B600020FEBDA3
:10AEC0002168C91B20D40B290AD9E2192760A342A3
:10AED00004D1326063681160536005E05A60F9E79D
:10AEE0006268A3420ED13260280000F02DF82000E5
:10AEF00007220B30231D9043C21A9842DFD01B1A41
:10AF0000A350DCE75A60EFE723006468A6E7009CE3
:10AF100063680093ADE71A005B68A342FBD100238E
:10AF2000DAE70C2328002B6000F00EF8C6E7076074
:10AF3000DAE7C046DC32002010B50248FFF758FFC0
:10AF400010BDC046D432002010B50248FFF751FFB3
:10AF500010BDC046D432002070B505000C1E10D0C4
:10AF6000043C2368002B00DAE4182800FFF7E4FF14
:10AF70001D4A1368002B05D1636014602800FFF799
:10AF8000E3FF70BDA34208D9206821188B42F3D19A
:10AF900019685B6809182160EEE71A005B68002BEE
:10AFA00001D0A342F9D911685018A0420BD12068F2
:10AFB0000918501811608342E0D118685B68411885
:10AFC00011605360DAE7A04202D90C232B60D5E769
:10AFD000206821188B4203D119685B680918216029
:10AFE00063605460CAE7C046DC32002010B5884276
:10AFF00002D98B18984208D300239A4207D0CC5C20
:10B00000C4540133F9E78B5C8354013AFBD210BD81
:10B01000020010B5137814000132002BFAD1CA5C7B
:10B02000E2540133002AFAD110BD03000A7801313D
:10B030001A700133002AF9D17047002310B59A42E3
:10B0400000D110BDCC5CC4540133F8E7030030B527
:10B050001D00002A06D00C78013A01332C70013112
:10B06000002CF5D100219A18934200D130BD1970FF
:10B070000133F9E70CB430B5184B0C001D689DB0D6
:10B08000002908DA8B2301202B6040421DB030BC20
:10B0900008BC02B0184782236A469B0093820023B3
:10B0A00002901B930690994200D04B1E0493079385
:10B0B00001236A465B42D382280021AB209A02A971
:10B0C000019300F0A5F8431C01DA8B232B60002CC0
:10B0D000DCD00022029B1A70D8E7C046A8000020EE
:10B0E0000EB470B581239DB06A46002521AC9B004B
:10B0F00040CC93821B9502900690E7F7EBFB0B4B3D
:10B100006A460B9301230390079009485B42D38260
:10B1100002A92300320000680F951495019400F0F5
:10B12000D1F91DB070BC08BC03B01847EDAD0108E3
:10B13000A800002030B500240139A24201D100202E
:10B1400005E0035D01340D5DAB42F6D0581B30BD08
:10B15000F0B58E6885B01F000C000B68029003925A
:10B16000BE4230D80C21625E9021C9000A4228D02C
:10B17000032021695B1A0193636943430198DD0F42
:10B18000ED187B1C1B186D10AB4200D91D00520539
:10B1900028D529000298FFF74FFE061E2CD0019AF1
:10B1A0002169FFF74AFFA289184B1A4080231343F5
:10B1B000A381019B2661F61826603E006561ED1AA9
:10B1C000A560BE4200D93E00320003992068FFF717
:10B1D0000DFF0020A3689B1BA36023689B192360BD
:10B1E00005B0F0BD2A00029800F02EFE061EE0D148
:10B1F00021690298FFF7B0FE0C230120029A404219
:10B200001360A28934331343A381E9E77FFBFFFF77
:10B21000F0B5A1B003901D008B890F0016001B062E
:10B2200011D50B69002B0ED14021FFF705FE3860C8
:10B230003861002805D10C23039A13600120404295
:10B24000CFE040237B61002308AC63612033637649
:10B250001033A376079535002B78002B01D0252BD2
:10B2600048D1AB1B0593B5420BD03200390003988F
:10B27000FFF76EFF013000D1AEE06369059A9B18BD
:10B2800063612B78002B00D1A6E0012200235242FB
:10B29000626004A9543252186E1C2360E360A360FC
:10B2A0001370A365544B052218003178059300F004
:10B2B00049FD751C00281FD12268D30604D55323ED
:10B2C00004A95B1820211970130704D5532304A97E
:10B2D0005B182B21197033782A2B16D035000021EA
:10B2E0000A20E3682A786E1C303A092A50D90029CE
:10B2F00011D117E00135AFE7059B2268C01A012381
:10B30000834013432E002360CCE7079B191D1B6865
:10B310000791002B01DB0B9304E05B42E360022307
:10B32000134323602B782E2B0CD16B782A2B34D12E
:10B33000079B02351A1D1B680792002B01DA0123B7
:10B340005B4209932D4E03223000297800F0FAFC6D
:10B35000002806D04023801B834022680135134318
:10B3600023602978062226486E1C217600F0EAFC2C
:10B37000002838D0234B002B22D10722079B07330C
:10B380009343083307936369049A9B18636162E7E8
:10B390004343350001219B18A4E700230A2019002C
:10B3A000013563602A786E1C303A092A03D9002BD4
:10B3B000C8D00991C6E74143350001238918F1E758
:10B3C00007AA009221003A000F4B039800E000BF4B
:10B3D0000490049B0133D6D1BB890D985B0600D540
:10B3E0002CE721B0F0BD07AA009221003A00064BDD
:10B3F000039800F03BFAEBE70ACD010810CD0108F5
:10B4000014CD01080000000051B1010870B514000E
:10B410004B1C03D101256D42280070BD9389202269
:10B420009343626BA381CEB26368CDB2002A10D081
:10B43000A26B9A4207DD2368013B23601E7063689C
:10B4400001336360E8E7210000F0C0FC0028F2D07F
:10B45000E0E721692268002907D0914205D2511EF8
:10B460000878A84201D12160EAE72364230044332D
:10B4700063630323A36323004633E2631E702360E8
:10B480000123DEE710B50C00496B00290ED0230024
:10B490004433994201D0FFF75FFD0020236C6063C5
:10B4A0006360834202D0E36B236010BD23690120F7
:10B4B00023600023A289636020331343A3814042A9
:10B4C000F3E70000F0B5AB4CA5440C000021009060
:10B4D000BE204691479103A94891A749400043AD3A
:10B4E0002950A649043043AD295002931678002E06
:10B4F00000D13CE108230820A14D571CA95D0B4059
:10B5000001421DD006006368002B0FDD23681A7806
:10B51000AA5C324201D13A00E8E7479A013301328E
:10B52000479262682360013A6260ECE7C02243AB55
:10B53000520021009B58009898470028E6D0EAE77F
:10B54000252E62D14593439353782A2B02D11A3B7F
:10B550004393971C3D000A2229786F1C0B00303B57
:10B56000092B1FD9874B03221800019300F0EAFB37
:10B57000002807D0019B3D00C01A01238340439A55
:10B58000134343932B786F1C782B06D8572B10D876
:10B59000252B3AD034D8002B55D0032349930733B9
:10B5A000449369E0459B3D005343303B5B18459312
:10B5B000D2E7180058382028EFD8E7F7A7F94B0052
:10B5C000EEFFEEFF7D00EEFFEEFFEEFFEEFFEEFF83
:10B5D000EEFFEEFF88007B00240024002400EEFF35
:10B5E0005500EEFFEEFFEEFFEEFF90005900470022
:10B5F000EEFFEEFF8E00EEFF7B00EEFFEEFF4B0056
:10B60000453B022BC9D8052335E06368002B0DDDCF
:10B6100023681A78B24200D0A9E00133626823603F
:10B62000479B013A01336260479374E7C02343AA02
:10B630005B002100D358009898470028E8D046982E
:10B64000002800D08BE0012040428CE0202243996A
:10B650000A4343928022439992000A434392102264
:10B6600044926E2B02D905E000234493032302E0A9
:10B6700008234493042349936368002B3EDD439BD6
:10B680005B0608D4C0260825760023683C491A7852
:10B690008A5C2A423CD1499B022B4CDC2200009858
:10B6A00002AB43A900F0EEF9012860D0022800D0D7
:10B6B00031E7C4E70A22D3E7390003A800F04DFBC5
:10B6C0004023439A0700134343930123D3E74023C6
:10B6D000439A134343930023CDE70223CBE7439AD6
:10B6E000D30600D517E7029B4799181D02901B68E7
:10B6F000D50701D519800EE719600CE7C02343AACE
:10B700005B002100D358009898470028B7D096E7EF
:10B71000479A013247926268013A6260002A02DD6C
:10B7200001332360B1E743AB21009B590098984750
:10B730000028AAD083E7042B06DC2200009802AB85
:10B7400043A900F0FFF9AFE70F4B002B00D1E2E671
:10B750002200009802AB43A900E000BFA4E7A38940
:10B760005B0600D56FE7A5239B009D44F0BD46987E
:10B77000F9E7C0466CFDFFFF0DB4010885B4010870
:10B7800081EB010810CD010800000000F7B516009C
:10B7900001938A680B690C000090934200DA130051
:10B7A0002200336043321278002A01D00133336023
:10B7B00023689B0602D53368023333602268062370
:10B7C00015001D401A4227D0230043331B785A1E10
:10B7D00093412268920630D4220001990098089D76
:10B7E0004332A847013025D00622236800251340A4
:10B7F000042B05D13368E568ED1AEB43DB171D40D8
:10B80000A3682269934201DD9B1AED180026B54218
:10B8100020D1002010E00135E36832689B1AAB426A
:10B82000D2DD2200012301990098089F1932B84700
:10B830000130F0D101204042FEBD3020E1184331FB
:10B84000087021005A1C45310978A218433202338E
:10B850001170C1E72200012301990098089F1A3254
:10B86000B8470130E6D00136D1E70000F0B58BB023
:10B8700006920A0043320793059003920A7E0C0059
:10B88000109B782A09D8622A0BD8002A00D1BAE086
:10B890007A490491582A00D18EE0250042352A7059
:10B8A00022E0100063381528F7D8E7F72FF81600C4
:10B8B0001F00F6FFF6FFF6FFF6FF1F00F6FFF6FF8C
:10B8C000F6FFF6FF9F0036007E00F6FFF6FFB000A1
:10B8D000F6FF3600F6FFF6FF820025001A684235B3
:10B8E000111D196013682B7001239EE01868096808
:10B8F000021D0D060BD506681A60002E03DA2D23F3
:10B90000039A764213705D4B0A27049318E0066889
:10B910001A604906F1D536B2EFE70868196840C9E0
:10B92000050602D4400600D5B6B21960534B0A276B
:10B9300004936F2A00D1023F2300002243331A7080
:10B940006368A360002B06DB04212268039D8A4301
:10B95000226033430CD0039D30003900E7F770F8C4
:10B96000049B013D5B5C2B70330006009F42F3D9C2
:10B97000082F09D12368DB0706D5626823699A423C
:10B9800002DC3023013D2B70039B5B1B2361079B73
:10B99000210000930598069B09AAFFF7F7FE0130E6
:10B9A00048D1012040420BB0F0BD202209680A4373
:10B9B0002260782232490491210045310A701968C9
:10B9C000226840C9100602D4500600D5B6B21960EC
:10B9D000D30702D5202313432360002E01D0102764
:10B9E000AAE72022236893432360F8E71A680D68CA
:10B9F000101D4969186013682E0601D5196002E010
:10BA00006D06FBD519800023039D2361BFE71A68EB
:10BA1000111D1960156800212800626800F092F974
:10BA2000002801D0401B6060636823610023039AF3
:10BA30001370ACE72A00236906990598079DA8476B
:10BA40000130AED023689B0715D4099BE06898426B
:10BA5000A9DA1800A7E72200012306990598079E96
:10BA60001932B04701309CD00135E368099A9B1A1E
:10BA7000AB42F0DCE9E70025F7E7C0461BCD010843
:10BA80002CCD0108F7B515008A680C000190002A3A
:10BA900004D18A69002A17D10132A2602268D20635
:10BAA00003D41A68111D196017680026A0690028C0
:10BAB00016D001280BD12B6862691B78D35C002B50
:10BAC0000ED1002E3BD029E001225242E5E70228A8
:10BAD00024D12B681A4A1B78D35C082213421DD14B
:10BAE000102223680136134203D12B681B783B7068
:10BAF00001372A686B6801322A60A268013B013A6B
:10BB00006B60A260002A09D0002BCFDCC0235B0051
:10BB10002900E358019898470028C7D022681023CD
:10BB2000110019401A4206D1E3680133E360A369AA
:10BB3000002B00D03970002023699B192361FEBDC2
:10BB400081EB0108F0B58BB00193784B160004909F
:10BB500007AAA1CBA1C2764A8B690C000592032BE0
:10BB600001D1744B0593AE220020A3685200591EE8
:10BB70000390914205D95E3BFF3B03935E23FF3365
:10BB8000A36023001C330093D023002722681B01ED
:10BB900013432360009B0293336807A81978BB0006
:10BBA0000222185800F0CEF8002829D0012F5ED1CB
:10BBB0006368002B06D1083322686360F933FF33D2
:10BBC0001343236023685C4A13402360A3685A1E12
:10BBD000A260002B14D033685A1C32601B78029A82
:10BBE00013707368551C013B7360002B07DCC02386
:10BBF0005B003100E3580498984700287ED10295F5
:10BC00000137032FC8D16368002B01D10A33636069
:10BC10000027636849496069C91A00F09EF8029DCF
:10BC2000A36820680293002B3FD0316863690A78CB
:10BC30009B5C002B39D0302A28D180231B0118426D
:10BC400024D0039B0137002B05D01A00029B013A38
:10BC500001330392A3607368013B7360002B1CDD0A
:10BC6000336801333360A368013BA360D8E7022F38
:10BC7000ACD1C02380212268DB00134089008B42B5
:10BC8000C1D110236360F03313439EE72C4B034074
:10BC900023600B782B700135DDE7C0235B0031009A
:10BCA000E358049898470028DDD02368DB050ED5BB
:10BCB000009B9D4207D9BE23013D5B0032002978DD
:10BCC000E35804989847009B01209D4229D02168A1
:10BCD00010230A001A4019421CD12A706368009987
:10BCE0000498059EB047019B22681B68910607D502
:10BCF00001991A1D0A601B68186008E00027D4E744
:10BD0000191DD6070FD5019A11601B681880E368CA
:10BD10000133E3600020009BED1A2369ED195B19E4
:10BD200023610BB0F0BD019A1160E4E718C201086D
:10BD3000C9C00108BDBF0108FFFAFFFF4DCD0108D2
:10BD4000FFF6FFFFC9B28218904201D10020704770
:10BD500003788B42FBD00130F6E770B50B78040016
:10BD60005E2B19D04D1C00212200601CFF30117089
:10BD700001328242FBD1681E002B26D001264E40A4
:10BD80002800E6540178451C2D2909D05D291BD0D7
:10BD900000291AD00B00F3E74B788D1C0121E3E753
:10BDA00042785D2AF6D09342F4DC1900023001316A
:10BDB00066548A42FBDC591C934202DB00228B183A
:10BDC000E0E7D21A013AFAE7280070BD0B00F7B598
:10BDD0004D6B44330C009D421CD18026F60031008F
:10BDE000FFF72AF8002802D101204042FEBD2300BF
:10BDF0006063A66346331A78104BC2542300453360
:10BE00001A780F4BC2542A780E4BC254C0182060C7
:10BE10000020EBE78E6B290073001A00019300F0FD
:10BE200013F8051EE0D08719010032003800FFF733
:10BE300004F9019B27606563A363E9E7FF03000042
:10BE4000FE030000FD030000F7B506000C0015001E
:10BE5000002905D11100FEF7EFFF04002000FEBD10
:10BE6000002A03D1FFF778F82C00F7E700F030F94B
:10BE70000700854202D84308AB42EFD329003000C7
:10BE8000FEF7DAFF0190002801D1019CE6E72A00C5
:10BE9000BD4200D93A0021000198FFF7CEF82100F9
:10BEA0003000FFF759F8F0E7F0B585B017001E0035
:10BEB00003900191242B23D80C00012B20D03D4B63
:10BEC00008229C46230061461D780134485D01002C
:10BED00011401042F6D12D2D19D125789C1C01233B
:10BEE00000931022330093431DD1302D15D1202112
:10BEF00023788B43582B10D165780234102612E03A
:10BF0000FEF742FF16230360002005B0F0BD00914C
:10BF10002B2DE6D125789C1CE3E7002EEED10A36C6
:10BF2000302D00D1023E244A009B944663443100E8
:10BF300018000293E6F784FD0022844610002B00CF
:10BF4000303B092B11D81D00AE421DDD531C09D01A
:10BF500001225242844505D301D1A94211DB0122BD
:10BF60007043281825780134E9E72B00413B192B51
:10BF700001D8373DE8E72B00613B192B04D8573D2A
:10BF8000E2E701225242EDE7531C08D12223039A33
:10BF900002981360002FB8D0631E019307E0009B46
:10BFA000002B00D04042002FAFD0002AF4D1019BDB
:10BFB0003B60AAE781EB0108FFFFFF7F10B5FFF7A9
:10BFC00073FF10BDF0B51E003E4B17000C009C46E1
:10BFD000082285B003900091230061461D7801344A
:10BFE000485D010011401042F6D12D2D12D1257867
:10BFF0009C1C0123029310223300934316D1302D51
:10C000000ED1202123788B43582B09D16578023437
:10C0100010260BE002912B2DEDD125789C1CEAE730
:10C02000002EF5D10A36302D00D1023E012031001C
:10C030004042E6F77FFC0190012031004042E6F7E4
:10C04000FFFC00230122180094462A00303A092AF6
:10C0500012D81500AE421EDD5A1C0AD00123019AE7
:10C060005B42824205D301D1A94211DB6346704392
:10C07000281825780134E8E72A00413A192A01D81E
:10C08000373DE7E72A00613A192A04D8573DE1E72E
:10C0900001235B42EDE75A1C07D1222203991800C5
:10C0A0000A60002F09D105B0F0BD029A002A00D025
:10C0B0004042002FF7D0002B01D0631E0093009B5D
:10C0C0003B60F0E781EB010810B5FFF77BFF10BD87
:10C0D0000B1F1B68181F002B01DA0B58C018704784
:10C0E000F8B5C046F8BC08BC9E467047F8B5C046D7
:08C0F000F8BC08BC9E46704735
:10C0F800AD033805B902B904B9023805B902C50556
:10C108000203B904020338050203C5055403B90440
:10C11800540338055403C505B902610602036106D4
:10C1280054036106AD036106AD03B904AD03C5054B
:10C1380080020020000100007C020020D31F0020A4
:10C14800D41F0020D51F0020D61F0020AF200020BC
:10C158005800C337720065307000C3005D00000DE1
:10C1680059006880590068005A0055555B005555BC
:10C178005C0030AA5800C337720065307000E000D8
:10C188005D00001A59006880590068005A0055552A
:10C198005B00AA555C0030AA003E22414141414162
:10C1A80041414141414141417F003C4242422400DA
:10C1B800BDC4010881C3010870C501083FC3010857
:10C1C8004C31004C32004C33004C34004C35004D9F
:10C1D80000004800004C4F5731004C4F5732004C7C
:10C1E8004F5733004C4F5734004C4F5735004D498B
:10C1F800440000484947480086C3010841C7010870
:10C208006DC501085FC5010864C5010868C5010856
:10C218004FCD01086AC8010852CD0108EFFFF7FFAA
:10C22800CBFFFBFFFF0352454C4541534500414CB2
:10C238004C204B45595300564F4C544147450057E5
:10C24800454C434F4D45004D414255484159210009
:10C2580025732045646974696F6E006F6B6762505F
:10C26800473A2C41372517E4CBB59F002E2D2E2EAB
:10C27800002E2D2D2D2D002E2E2D2D2D002E2E2E67
:10C288002D2D002E2E2E2E2E002D2E2E2E2E002D54
:10C298002D2D2E2E002E2D2E2D2E2D002D2D2E2E19
:10C2A8002D2D002E2E2D2D2E2E002E2D2D2D2D2E0A
:10C2B800002D2E2D2E2D2D002D2E2D2D2E002D2E28
:10C2C8002D2D2E2D002E2D2E2E2E002D2D2D2E2EE9
:10C2D8002E002D2E2D2E2D2E002D2E2E2E2D002D06
:10C2E8002E2E2E2E2D002E2E2D2D2E2D002E2D2EC7
:10C2F8002E2D2E002E2E2E2D2E2E2D002E2D2D2EB7
:10C308002D2E002533752E253035750076372E36BF
:10C318002E31304300313233343500353433323145
:10C32800005D5D0043482D25303475004E554C4C5A
:10C338000043544353530044435300442530336F60
:10C34800256300554E4C4F434B204B4559424F41B6
:10C35800524400253364002520346420257300539B
:10C368002564002B25303264004625752B004625B0
:10C3780075004558004F46460054544E0043570038
:10C388004245414D205458004245414D20525800E5
:10C39800503100503200556E6B6E6F776E005453FB
:10C3A80051004C4F57204241545445525900507245
:10C3B80065737320455849540053636E526E670085
:10C3C8003E257300555342003E3E00252E3473002F
:10C3D800252E2A732E252E337300253033752E25EE
:10C3E8003035750025752E25750025642E253032CB
:10C3F800754B0025644B004D4F4E490053514C2559
:10C40800640025302A752F25750044544D46202593
:10C4180073004368617267652025752E2530327573
:10C42800562025752525004D44433A20525820456D
:10C4380072726F72004672616D65204352432066C6
:10C4480061696C656400436865636B2054582075A6
:10C458006E6974204944002121212025732021215F
:10C4680021004D44433A20257300556E69743A20E3
:10C47800307825303458005072657373206B6579B5
:10C4880020746F206469736D697373004172673A31
:10C498002030782530325800436C6F736520696E00
:10C4A800202575207365630056464F2025730022AA
:10C4B8002214140808003C26252525263C003E1C8D
:10C4C80008003E3E1C1C0808002425262122273A85
:10C4D8003B3F5E607C7B7D5F0053454E5400574177
:10C4E8004954494E47005245434549564544004D35
:10C4F800454D2046554C4C004552524F520053452D
:10C508004E44494E47005374617475730041636B20
:10C518006E6F776C656467650052657175657374D5
:10C5280000526573657276656400436F6D6D616E68
:10C538006400456D657267656E637900456D657267
:10C5480067656E63792B4F7000456D657267656E20
:10C5580063792B41636B0057494445004E415200B3
:10C568004E41522B004E2B00444352004255535922
:10C5780000424154204C4F570054582044495341DD
:10C58800424C450054494D454F555400414C415289
:10C598004D00564F4C54204849474800464C41549A
:10C5A80000434C45414E004D494400424F4F5354BF
:10C5B800004D41580053484152500053544F434B8B
:10C5C800004F50454E002030002E2C2D2829402F9A
:10C5D8005C2B3D2A233C3E5B5D7E31006162633209
:10C5E80000646566330067686934006A6B6C3500FF
:10C5F8006D6E6F360070717273370074757638001F
:10C608007778797A39004E4F4E4500464C41534869
:10C618000A4C4947485400504F574552004D4F4E19
:10C6280049544F5200564F5800464D2052414449F4
:10C638004F0031373530487A004C4F434B0A4B4551
:10C64800595041440056464F20410A56464F204211
:10C658000056464F0A4D454D005258204D4F44450F
:10C66800004D41494E204F4E4C5900574944450A08
:10C678004E4152524F570052585458204C4F470081
:10C688004D5554450052784100504F5745520A487D
:10C698004947480052454D4F56450A4F464653456F
:10C6A80054004245414D004E4F204C4F47005459CD
:10C6B8005045204D4553534147450050524553532B
:10C6C8002050545400536176653F005363616E20D7
:10C6D8004661696C656400467265713A2D2D2D2E90
:10C6E8002D2D2D2D2D00546F6E653A2D2D2D0054B6
:10C6F8006F6E653A4E6F6E6500536176653A004617
:10C708007265713A25752E253035750043544353AB
:10C71800533A25752E2575487A004443533A4425E3
:10C7280030336F4E00534156453F0044454C3F005F
:10C7380056464F004D2D5343414E00464D0025644B
:10C7480025732D25644D004D5228434825303275F8
:10C75800290056464F284348253032752900412D77
:10C768005343414E282575290043482D25303275FD
:10C77800002533642E256400252E33732E252E3193
:10C788007300253373002534736B004D4F4E00251D
:10C798007557504D20257320432575004149522077
:10C7A800434F505928524459290041495220434F78
:10C7B80050590041495220434F505928434D502960
:10C7C80000252E33732E252E3373004D454D20251D
:10C7D800303375202D202530337500536574746906
:10C7E8006E6773005243563A253032752E25303223
:10C7F80075252520453A256400534E443A253032A4
:10C80800752E2530327525250052583A00434C457F
:10C818004152204C4F4700535552453F0053392B46
:10C8280025303275005325750025752E2530327553
:10C8380000253032753A2530327500414243006197
:10C84800626300313A25750025752A3130306D73E1
:10C858000057494B490050524F46494C450030302B
:10C86800302F303000574149542100253032752F80
:10C878002575002B25752E257564420025642E2507
:10C888003032756B487A00555345520025730A2596
:10C89800735700442530336F49002533642E253003
:10C8A800357500252E33732E252E33732020004D29
:10C8B800487A0053544F5000434152524945520A56
:10C8C80025303264733A253033646D730054494D12
:10C8D800454F55540A253032646D3A253032647319
:10C8E80000253032752028252E33732900252E384F
:10C8F800730A252E38730025642A31306D73004E73
:10C90800375349580025730A2573002533732025AA
:10C91800642025640025643A25643A25640025735B
:10C9280020253264202530346400253032643A25CD
:10C938003032643A25303264004255494C44004D47
:10C94800454D4F525900464C4153482025752E25D8
:10C95800752525005352414D202025752E25752516
:10C968002500524541440A4D414E55414C0025751C
:10C978002E25303275560A2575002564683A25300B
:10C9880032646D00496E736964650A46204C6F63B2
:10C998006B0A506C616E0025302A752F2530327570
:10C9A8000025302A752F2D2D0030785F5F5F5F00DE
:10C9B800264949494932004D2025732F25730041E6
:10C9C8003A2573202563002575780025752E2530B6
:10C9D8003575207F25752E253032756B00533A202A
:10C9E80025750025642064426D002564644200FFBB
:10C9F800FFFFFFFFFFFFFF005745414B004E4F521F
:10CA08004D00535452470031322E3500362E323500
:10CA1800004C4E4173004C4E410050474100536555
:10CA2800617263682046726571005365617263685C
:10CA380020546F6E65005363616E20436F6D706C98
:10CA4800657465004A616E00466562004D6172005A
:10CA5800417072004D6179004A756E004A756C002C
:10CA680041756700536570004F6374004E6F760020
:10CA7800446563004B45595F4D454E55004B45593C
:10CA88005F5550004B45595F444F574E004B455931
:10CA98005F45584954004B45595F53544152004E25
:10CAA8004152524F574552004E4F524D414C00464D
:10CAB8004153540054494E5900434C415353494340
:10CAC800004B4559530A414354494F4E53004B4577
:10CAD80059530A505454004B4559530A4143544939
:10CAE8004F4E530A50545400534F554E4400564924
:10CAF8005355414C004F4E4550555348004C454600
:10CB0800540A52494748540A55562D4B310055503E
:10CB18000A444F574E0A55562D4B3528382900449C
:10CB2800454641554C542B0A3133372D3137340A99
:10CB38003430302D343730004643432048414D0AC5
:10CB48003134342D3134380A3432302D3435300014
:10CB580043412048414D0A3134342D3134380A34A8
:10CB680033302D3435300043452048414D0A3134A7
:10CB7800342D3134360A3433302D343430004742C2
:10CB88002048414D0A3134342D3134380A34333099
:10CB98002D343430003133372D3137340A343030C6
:10CBA8002D343330003133372D3137340A343030B7
:10CBB8002D34333800504D522034343600474D520E
:10CBC800530A4652530A4D55525300444953414261
:10CBD8004C450A414C4C00554E4C4F434B0A414C76
:10CBE8004C00313630306D4168204B3500323230E0
:10CBF800306D4168204B3500333530306D41682049
:10CC08004B3500313430306D4168204B31003235BE
:10CC180030306D4168204B3100524F474552004D2E
:10CC28004443004D44432D31323030004C4F474F80
:10CC38000050455243454E5400555020434F4445FB
:10CC480000444F574E20434F44450055502B444F06
:10CC5800574E0A434F44450041504F4C4C4F0A51E0
:10CC680055494E444152004348414E4E454C0A4EA8
:10CC7800554D424552004E414D45004E414D450AE5
:10CC88002B0A46524551004D41494E0A4F4E4C59C8
:10CC9800004455414C2052580A524553504F4E4477
:10CCA8000043524F53530A42414E44004D41494EAE
:10CCB8002054580A4455414C205258004C4F474F75
:10CCC8002B004D41545249580054582F5258003C9B
:10CCD8002032306D003132356D003235306D00351F
:10CCE80030306D004C4F572031004C4F57203200E8
:10CCF8004C4F572033004C4F572034004C4F57208F
:10CD08003500232D302B2000686C4C006566674584
:10CD180046470030313233343536373839414243AB
:10CD2800444546003031323334353637383961625C
:10CD38006364656600412D46612D663839303132AD
:10CD480033343536375D002B2D007858002E2C3FB4
:10CD58003100414243320044454633004748493494
:10CD6800004A4B4C35004D4E4F3600505152533708
:10CD780054555638005758595A39040404040404C1
:10CD8800050405050A0F14191E23282D3207080962
:10CD98000A0B0C0D000102060E03040F10051112F8
:10CDA8001314151617414243442A230040771B00E9
:10CDB80080CBA40080CBA400A00BD100A00BD10095
:10CDC800C0800901C0800901C00E1602C00E1602FB
:10CDD800005A6202005A6202C029CD02C029CD025F
:10CDE80080A4BF0741000000CAC201084200000039
:10CDF800D5C201084300000006C301084400000032
:10CE080099C2010845000000B7C2010846000000A9
:10CE1800F7C2010847000000B5C201084800000039
:10CE280092C20108490000009AC201084A000000A5
:10CE380080C201084B000000C9C201084C00000074
:10CE480074C201084D000000EBC601084E00000046
:10CE5800B6C201084F000000EAC6010850000000F1
:10CE6800C1C2010851000000C8C2010852000000F8
:10CE780007C3010853000000D6C20108540000008F
:10CE880050CD01085500000000C3010856000000FD
:10CE9800E2C2010857000000BCC2010858000000A7
:10CEA800FFC2010859000000BBC201085A00000077
:10CEB80098C2010830000000E8C6010831000000EF
:10CEC80079C20108320000007FC201083300000067
:10CED80085C2010834000000E8C2010835000000DE
:10CEE8008BC201083600000091C20108370000001B
:10CEF800D4C201083800000097C2010839000000B8
:10CF0800B3C201082E0000009DC201082C000000D9
:10CF1800A4C201083F000000ABC2010827000000BE
:10CF2800B2C2010821000000B9C201082F000000A8
:10CF3800F6C2010828000000C0C20108290000004C
:10CF4800C6C2010826000000CDC201083A00000050
:10CF5800D3C201083B000000DAC201083D0000000E
:10CF6800E1C201082B000000DBC201082D0000000F
:10CF7800E7C201085F000000EEC2010822000000BD
:10CF8800F5C2010824000000FCC2010840000000AE
:10CF980004C30108FA00F4017102E803E204C409B9
:10CFA8004103010005000A001900320064007D00F9
:10CFB8008403DC05D007B80B88131027D430204E23
:10CFC800A86150C30DAB0008F119010841220108FE
:10CFD800655101087D680108B1720108CDBF0008DC
:10CFE800F5BF0008E5BF000800000000EDBF00081D
:10CFF8000DC000081FC0000827C000081F111F151A
:10D008001F151D151717151D1F041F1B151B0E11A6
:10D018000E110A04ADB800087D280108F12E000899
:10D02800D15F0008F5670008492F0008ADB800086F
:10D038001D470008A92E00082133000851330008B5
:10D04800E5380008252F0008ADB80008712F000842
:10D05800AD2F000801300008AD3500080D4E00085E
:10D06800714600086D350008213000083D30000881
:10D07800256B010849460108A2C0A1A6A424811F66
:10D088002F40AF121113130A0104070B0205080CF5
:10D098000306090D0E000F00081018203048689686
:10D0A800C8FF081C3044586C8000000000093D008F
:10D0B80000127A000024F4004086510100366E0107
:10D0C80000093D0000093D0000093D000000000086
:10D0D8000000000000000000000000000000000048
:10D0E8000000000000000000000000000100000037
:10D0F8000200000003000000040000000600000019
:10D1080007000000080000000900000000000000FF
:10D118000000000000000000000000000100000006
:10D1280002000000030000000400000012010002D9
:10D13800EF020140B736FFFF0001010203010902B7
:10D148004B000201008032080B00020202010009B4
:10D158000400000102020102052400100105240157
:10D1680000010424020205240600010705830308C0
:10D17800000A09040100020A000000070502024033
:10D18800000007058102400000040309040A035057
:10D19800005500590041001C03500055005900413A
:10D1A8000020004300440043002000440045004D97
:10D1B800004F0016033200300032003200310032D6
:10D1C8000033003400350036000041706558004EC9
:10D1D800375349582076372E362E31304300000019
:10D1E80031340008ADB80008ADB800085560000833
:10D1F800653C0008C5340008ADB800086B03F802A8
:10D20800F8028002380438048403F8025374657005
:10D2180000000001506F77657200000252784443A5
:10D228005300000352784354435300045478444352
:10D2380053000005547843544353000654784F4430
:10D248006972000754784F6666730008572F4E00BE
:10D258000000000A42757379434C000B436F6D70F0
:10D268006E6400204D6F64650000003154584C6FA7
:10D27800636B000C43684C697374001B436853610B
:10D288007665000D436844656C65000E43684E6121
:10D298006D65000F53634C697374002253635072B9
:10D2A8006900002350726943683100245072694351
:10D2B8006832002553636E5265760019463153680B
:10D2C8007274004746314C6F6E67004846325368A7
:10D2D8007274004946324C6F6E67004A4D204C6F9D
:10D2E8006E67004B4B65794C636B001A5478544F4A
:10D2F8007574000942617453617600114261745477
:10D30800787400304D6963000000001E4D69634267
:10D318006172001F4368446973700010504F6E4D6E
:10D328007367002C424C54696D650013424C4D697B
:10D338006E000015424C4D6178000016424C54783E
:10D34800527800144265657000000018526F6765D6
:10D358007200002D4D4443204944002E535445008B
:10D368000000001C525020535445001D31204361D9
:10D378006C6C00215550436F646500264457436F19
:10D3880064650027505454204944002844205354CD
:10D398000000002944205072656C002A44204C6922
:10D3A8007665002B564F58000000001253797349D8
:10D3B8006E66002F52784D6F6465001753716C00CC
:10D3C800000000005365745077720036536574503E
:10D3D80054540037536574544F540038536574459A
:10D3E8004F540039536574437472003A5365744955
:10D3F8006E76003B5365744C636B003C5365744D0B
:10D408006574003D536574475549003E5365745231
:10D4180078410045536574546D72003F5365744FED
:10D42800666600355365744E464D00415365745623
:10D438006F6C00425365744B6579004353657453B0
:10D44800636E0040536574536176004D46204C6FFF
:10D45800636B003333353020456E003442617443CA
:10D46800616C0046426174547970004C5365744E87
:10D478006176004452657365740000320000000054
:10D48800000000FF55562D4B35204669726D7761B7
:10D4980072652C2045475A554D45522B4E375349F6
:10D4A800582076372E362E3130430D0A0000000002
:10D4B800E1C40108E6C40108EEC40108F7C4010884
:10D4C80000C5010806C501080EC5010815C50108F3
:10D4D80021C5010829C5010832C501083AC5010856
:10D4E80044C5010851C50108464D0000414D0000E2
:10D4F80055534200BDC4010874C5010879C5010827
:10D5080081C501088CC5010894C501089AC50108A0
:10D51800A4C50108A9C50108AFC50108B3C501081C
:10D52800B9C50108BDC50108C3C50108C9C50108B9
:10D53800000000000000003E3E1C1C08080000001F
:10D54800000017000300031F0A1F0A1F0519041310
:10D558000F171C000300000E11110E000502050430
:10D568000E041008000404040010001804031E111F
:10D578000F021F0019151211150A07041F171509A4
:10D588001E151D1905031F151F17150F000A00107A
:10D598000A00040A110A0A0A110A040115030E15E1
:10D5A800161E051E1F150A0E11111F110E1F151527
:10D5B8001F05050E151D1F041F111F1108100F1F31
:10D5C800041B1F10101F061F1F0E1F0E110E1F0514
:10D5D800020E191E1F0D16121509011F010F101F2B
:10D5E8000718071F0C1F1B041B031C031915131F07
:10D5F800111102040811111F02010210101001027A
:10D60800001A161C1F120C0C12120C121F0C1A16E0
:10D61800041E050C2A1E1F021C001D0010201D1FC1
:10D628000C12111F101E0E1E1E021C0C120C3E1294
:10D638000C0C123E1C0202141E0A021F120E101EAF
:10D648000E180E1E1C1E120C1206281E1A1E160478
:10D658001B11001B00111B04020301121712FCFE10
:10D66800FE06060606FEFEFC3F7F7F606060607F68
:10D678007F3F0000181CFEFEFE00000000006060F6
:10D688007F7F7F6060001C1E1E06060686FEFE7CED
:10D698006070787C6E67636160600C0E0E868686AB
:10D6A80086FEFE7C307070616161617F7F3E80C064
:10D6B800E070381C0EFEFEFE0F0F0F0C0C0C0C7FDA
:10D6C8007F7FFEFEFEC6C6C6C6C6C68630707060C0
:10D6D8006060607F7F3FF8FCFEC6C6C6C6C6C680CF
:10D6E8003F7F7F606060607F7F3F0E0E0E0606867C
:10D6F800E6FE7E1E000000007C7F7F0300007CFEAB
:10D70800FE86868686FEFE7C3F7F7F616161617F43
:10D718007F3FFCFEFE06060606FEFEFC0163636311
:10D728006363637F3F1F00808080808080808000EB
:10D738000001010101010101010000005E5E00001D
:10D74800060600060600143E143E14002E6B7F6B7E
:10D758003A006333180C6663304B4D552250000075
:10D7680007070000001C3E6341000041633E1C00A7
:10D77800002A1C1C2A0018187E7E181800406020F9
:10D7880000000018181818000000606000006030E1
:10D79800180C06033E7F63637F3E64667F7F60608C
:10D7A80062737B7B6F6663636B6B7F36383C367F57
:10D7B8007F306F6F6B6B7B333E7F6B6B7B3203030A
:10D7C800737B0F07367F6B6B7F36066F6B6B7F3E05
:10D7D80000006C6C000000406C2C00000814224112
:10D7E8000000363636363600004122140800060797
:10D7F800535B1F0E307B6B7B7F3E7E7F1B1B7F7EC8
:10D808007F7F6B6B7F363E7F636363367F7F6363A7
:10D818007F3E7F7F6B6B6B637F7F1B1B1B033E7F92
:10D82800636B7B3A7F7F0C0C7F7F63637F7F6363CF
:10D838003073637F3F037F7F1C3663417F7F606067
:10D8480060607F7F06067F7F7F7F0C187F7F3E7F2B
:10D8580063637F3E7F7F1B1B1F0E3E7F63737F7E4C
:10D868007F7F1B3B7F66666F6B6B7B3303037F7F1A
:10D8780003033F7F60607F3F1F3F60603F1F3F7F24
:10D8880030307F3F63771C1C7763070F78780F076A
:10D8980063737B6F6763007F7F6363000102040823
:10D8A80010600063637F7F000C0E03030E0C606042
:10D8B80060606060000307060000207656567E3CD4
:10D8C8007F7F6C6C7C38387C6C6C6C00387C6C6C42
:10D8D8007F7F3C7E56565E0C7E7F1B1B02000C5ED3
:10D8E80056567E3C7F7F0C0C7C7800007A7A0000CC
:10D8F8003060607D3D007F7F183C7E66003F7F4042
:10D9080000007C7C18187C7C7C7C0C0C7C783C7E31
:10D9180066667E3C7E7E36363E1C1C3E367E7E60CB
:10D928007C7C0C0C18004C5E565676203F7F6C6C45
:10D9380060003C7C60607C3C0C3C70703C0C3C7C27
:10D9480030307C3C446C38386C44066E68687E3EE7
:10D9580066767E6E6600083E7741000000007F0014
:10D9680000000041773E08000C060C180C0000006F
:10D978005E000000000600060000143E143E14007D
:10D9880026497F493200631308046261304B4D55C4
:10D998002250000007070000001C2241000000413F
:10D9A800221C0000002A1C1C2A0008083E08080047
:10D9B80000406020000000080808080000006060BF
:10D9C80000004020100804023E414141413E004011
:10D9D800427F4040625151494946224149494936AE
:10D9E800181412117F102745454545393E494949C4
:10D9F8004932010171090503364949494936464901
:10DA08004949291E00006C6C000000406C2C000085
:10DA180008142241000014141414140000412214A4
:10DA28000800020151090600304A4A523C007E09AA
:10DA38000909097E7F49494949363E414141412208
:10DA48007F414141413E7F49494949417F0909098F
:10DA580009013E414949493A7F080808087F414180
:10DA68007F4141002041413F01017F080C122140C4
:10DA78007F40404040407F020404027F7F02040848
:10DA8800107F3E414141413E7F09090909063E4157
:10DA98005161413E7F0909192946264949494932B8
:10DAA80001017F0101003F404040403F07384040AE
:10DAB80038073F403030403F6314080814630708B4
:10DAC80070080700615149454341007F414100000A
:10DAD800010204081060000041417F0004020102B5
:10DAE8000400404040404040000307060000205426
:10DAF800545478007F44444438003844444428004F
:10DB0800384444447F003854545448007C0A0A0A74
:10DB18000200585454543C007F0404047800000068
:10DB28007A0000002040403D0000007F102844009B
:10DB380000003F4000007C047C0478007C0404045E
:10DB480078003844444438007C141414080008143D
:10DB580014147C407C040404080008545454200025
:10DB68003F44444440003C4040403C000C3040307E
:10DB78000C003C4030403C004428102844000C5025
:10DB880050503C004464544C4400083641000000A6
:10DB980000007F000000000041360800040204086D
:10DBA8000400000000FCFC00000000000D0D000057
:10DBB800000F1F00001F0F0000000000000020F8E9
:10DBC800F820F8F820020F0F020F0F0270F8888E65
:10DBD8008E9810040C0838380F0730300080C06069
:10DBE800300C060301000C0C80D87CE4BCD840073C
:10DBF8000F0808070F0800101F0F000000000000A2
:10DC0800000000000000F0F80C0400000003070CFE
:10DC180008000000040CF8F0000000080C070300DE
:10DC28000080A0E0C0E0A000000203010302008021
:10DC380080E0E08080000000030300000000000096
:10DC48000000000000101E0E000080808080808090
:10DC5800800000000000000000000000000000003C
:10DC680000000C0C000000000080C060300C0603AF
:10DC780001000000F8FC040404FCF8070F08080879
:10DC88000F07001018FCFC00000008080F0F080818
:10DC9800181C0484C47C380C0E0B09080808181CCE
:10DCA800444444FCB8060E0808080F0780C06030DA
:10DCB80018FCFC01010101010F0F7C7C444444C4A1
:10DCC80084040C0808080F07F0F84C4444C4800783
:10DCD8000F0808080F0704040484E47C1C00000EE5
:10DCE8000F010000B8FC444444FCB8070F080808BA
:10DCF8000F0778FC848484FCF8000808080C0703E4
:10DD0800000000303000000000000606000000009F
:10DD180000303000000000080E0600000080C060DF
:10DD280030180800000103060C08404040404040FD
:10DD380040020202020202020008183060C080009D
:10DD4800080C06030100383C0484C47C3800000039
:10DD58000D0D0000F0F808C8C8F8F0070F080B0B05
:10DD68000B01F8FC848484FCF80F0F0000000F0FEF
:10DD7800FCFC444444FCB80F0F0808080F07F8FCE3
:10DD88000404041C18070F0808080E06FCFC040409
:10DD98000CF8F00F0F08080C0703FCFC444444047B
:10DDA800040F0F0808080808FCFC44444404040F46
:10DDB8000F0000000000F8FC0484849C98070F08FA
:10DDC80008080F07FCFC404040FCFC0F0F00000057
:10DDD8000F0F000004FCFC04000000080F0F0800EF
:10DDE80000000004FCFC04060E08080F0700FCFCF9
:10DDF800E030180C040F0F0103060C08FCFC0000AF
:10DE08000000000F0F0808080808FCFC187018FC30
:10DE1800FC0F0F0000000F0FFCFC60C080FCFC0F23
:10DE28000F0000010F0FF8FC040404FCF8070F08AA
:10DE380008080F07FCFC848484FC780F0F0000009E
:10DE48000000F8FC040404FCF8070F080C0C1F176A
:10DE5800FCFC848484FC780F0F0103060C08387CD2
:10DE6800444444CC88060E0808080F07000404FC44
:10DE7800FC04040000000F0F0000FCFC000000FC84
:10DE8800FC070F0808080F077CFC800080FC7C005A
:10DE9800030F0C0F0300FCFC008000FCFC0F0F06B6
:10DEA80003060F0F0C3CF0C0F03C0C0C0F030003F2
:10DEB8000F0C003C7CC0C07C3C0000000F0F000031
:10DEC800040484C4643C1C0E0F09080808080000F8
:10DED800FCFC04040000000F0F0808003870E0C0C4
:10DEE8008000000000000103070E00000404FCFC91
:10DEF80000000008080F0F00080C0603060C0800B5
:10DF080000000000000000000000000000202020A9
:10DF1800202020200000030704000000000000006B
:10DF2800000000A0A0A0A0E0C0070F0808080F0F7D
:10DF3800FCFC202020E0C00F0F0808080F07C0E0F5
:10DF48002020206040070F0808080C04C0E02020AB
:10DF580020FCFC070F0808080F0FC0E0202020E075
:10DF6800C0070F09090909012020F8FC242404002E
:10DF7800000F0F000000C0E0202020E0E0074F481D
:10DF880048487F3FFCFC202020E0C00F0F00000025
:10DF98000F0F000020ECEC00000000080F0F080035
:10DFA8000000000020ECEC00307040407F3FFCFC9B
:10DFB8000080C060200F0F0103060C08000004FC5D
:10DFC800FC00000000080F0F0800E0E020E020E05F
:10DFD800C00F0F000F000F0FE0E0202020E0C00F5F
:10DFE8000F0000000F0FC0E0202020E0C0070F083E
:10DFF80008080F07E0E0202020E0C07F7F0808081D
:10E008000F07C0E0202020E0E0070F0808087F7F06
:10E01800E0E060202020200F0F0000000000C0E09A
:10E02800202020202008090909090F062020FCFCCF
:10E038002020000000070F080808E0E0000000E0CA
:10E04800E0070F0808080F0FE0E0000000E0E0001C
:10E05800030F0C0F0300E0E0008000E0E0070F086A
:10E068000F080F0760E0800080E0600C0E030103DA
:10E078000E0CE0E0000000E0E0074F4848487F3F12
:10E08800202020A0E060200C0E0B090808080000E2
:10E0980040F8BC0404000000070F0808000000BC9A
:10E0A800BC00000000000F0F0000000404BCF84092
:10E0B800000008080F070000080C040C080C0400F6
:10E0C80000000000000003081018202830383F0026
:10E0D800A2F14674A46144658A4E44E084EA0003D0
:10E0E80090990990A931000590990990A9310003E8
:10E0F80090994688C038099000320990A933099050
:10E1080000364685F03A6685003D19130D09060468
:10E11800140F0A0806043C0364002E036100F80289
:10E128001900D90206007602000000000000000075
:10E138000000400364002D035F00E4023C00C302BA
:10E148001500AA0205007602000000000000450341
:10E1580064003A035F00EE023200BC0219006C0250
:10E16800050058020000000000003C0364002D0375
:10E178006100F6021900D6020600760200000000CF
:10E188000000000000004703640032035F00E9025A
:10E198003700BF0219009C0205006F020000000052
:10E1A80000009E02B502CF02E80202031D033903F4
:10E1B800560375039303B403CE03E8030B0430043A
:10E1C80055047C04A404CE04F904260555058505E8
:10E1D800B605EA051F063E06560677068F06B106FF
:10E1E800CA06ED0607072B0746076B078807AE0721
:10E1F800CB07F30711083B088508D108F308200965
:10E208007209C709ED0913001500160019001A0054
:10E218001E002300270029002B002C0035003900A0
:10E228003A003B003C004C004D004E0052005500A7
:10E2380059005A005C00630065006A006D006E00BA
:10E24800720075007A007C0085008A0093009500B2
:10E258009600A300A400A500A600A900AA00AD008E
:10E26800B100B300B500B600B900BC00C600C900D3
:10E27800CD00D500D900DA00E300E600E900EE00A1
:10E28800F400F500F90009010A010B011301190155
:10E298001A01250126012A012C012D013201340120
:10E2A80035013601430146014E01530156015A0119
:10E2B8006601750186018A019401970199019A0105
:10E2C800AC01B201B401C301CA01D301D901DA0119
:10E2D800DC01E301EC01000000000000E8033C0061
:10E2E8000100F4013C00020090011E000100F4014D
:10E2F8001E00010058021E00010070033C000300CC
:10E30800CEC50108D1C50108E4C50108E9C5010861
:10E31800EEC50108F3C50108F8C50108FDC50108E7
:10E3280003C6010808C601080EC60108000000005F
:10E3380013C60108010000001FC601080200000002
:10E3480025C60108030000003EC7010804000000BC
:10E358002DC601080500000031C6010807000000AD
:10E368003AC601080800000041C60108090000007B
:10E378004DC601080A00000059C601080B0000003C
:10E3880064C601080C00000061C601080E00000008
:10E3980069C601080F000000ECCA0108100000005F
:10E3A80073C60108110000007FC6010817000000AD
:10E3B80088C60108130000008DC60108140000007B
:10E3C80091C60108150000009CC60108160000004F
:10E3D800AAC6010818000000DFE5EBF1F7FAFD0016
:10E3E800E8EDF2F7FAFCFE00EDF0F50000A070A1F0
:10E3F80001000E886E8801000090D6900100003858
:10E4080000400000007800800000008700880100BC
:10E418000030003800000070007800000086008797
:10E42800010000280030000000680070000000852E
:10E43800008601000020002800000060006800003D
:10E4480000840085010000180020000000580060CA
:10E458000000008300840100001000180000005034
:10E46800005800000082008301000008001000002E
:10E4780000480050000000810082010000000008F0
:10E4880000000040004800000080008101000000FA
:10E49800F4E3010803000C0006E40108030044004B
:10E4A80018E40108030044002AE4010803004400BA
:10E4B8003CE40108030044004EE401080300440062
:10E4C80060E401080300440072E40108030044000A
:10E4D80084E40108030044002830484058205C3494
:10E4E8002A2A455449414E4D53555257444B474F9C
:10E4F8004856462A4C2A504A425843595A512A2AC1
:10E5080035342A332A2A2A322A2A2B2A2A2A2A3135
:10E51800363D2F2A2A2A2A2A372A2A2A382A3930FF
:10E528004102024204014304054403014501004637
:10E5380004044703034804004902004A040E4B033D
:10E54800054C04024D02034E02014F030750040616
:10E5580051040B520302530300540101550304569E
:10E56800040857030658040959040D5A04033005D2
:10E578001F31051E32051C330518340510350500FA
:10E5880036050137050338050739050F2F05093FFB
:10E59800060C2E062A2C06333D05112D06212B05C7
:10E5A8000A28050D26050264320A000000CA01087F
:10E5B80005CA01080ACA010879736D67615B554F7E
:10E5C800493F00000000000000000000F0E30108DF
:10E5D80004000000E8E3010808000000E0E3010887
:10E5E800080000000008020A0C040E06030B0109CB
:10E5F8000F070D0530373D4347487E0016CA01080E
:10E608000FCA010814CA010818100A002836087F22
:10E61800584858005800580058005800582458487E
:10E62800486C486C087F283628362836283628361D
:10E6380001000A0032006400FA00F401710241038B
:10E64800E803E204DC05D007C4098813102700009A
:10E6580000000000000000000000000019CA0108C6
:10E6680013080300010000001ECA01081305070073
:10E678000100000022CA0108130007000100000081
:10E68800166C14E62E910D402135D5401303E98010
:10E69800D8E40108D0E40108C8E40108C0E401088E
:10E6A800B8E40108B0E40108A8E40108A0E40108FE
:10E6B80098E401080800801001020000C0401F0A09
:10E6C8002E00FF02115B00001E41000000CE00007A
:10E6D8000000001097310000FF135298000000005E
:10E6E80008000000E151BCA84526E400D81C503AB7
:10E6F800E0EA003000020000166C14E62E910D408E
:10E708002135D5401303E980000000000000001007
:10E718000010000000100010002000000020001071
:10E7280000300000003000100040000000400010E1
:10E738000050000000500010006000000060001051
:10E7480000700000007000100080000000806E085B
:10E75800009000000090D60000A0000000A070010A
:10E768000000010000B000020010010000C000100D
:10E7780071FF00081D790108C146010835480108E4
:10E788002956010885760108001C2744444444277B
:10E798001C0C12216D796D21120C0C122161616122
:10E7A80021120C1C1C1422417F0022140814227F01
:10E7B80000767676767E7F7C464545454545467C9F
:10E7C800003E41414122007F40404040003E4141DF
:10E7D800413E007F09090906001F2040201F0063F1
:10E7E80014081463007F021C027F003E4141413E31
:10E7F800006314081463007F49494936007F41418A
:10E80800413E003F4038403F007F091929460041FA
:10E818002214080008142241007F09192946003EE5
:10E828004141413E007F090909060026494949320C
:10E8380026CA010832CA01083ECA01084CCA0108A2
:10E8480050CA010854CA010858CA01085CCA01081C
:10E8580060CA010864CA010868CA01086CCA0108CC
:10E8680070CA010874CA010878CA01087F415D5D51
:10E878005D417F006F8B472CE134F82C5E8BF89359
:10E88800E1B6658D4A007F415D5D5D417F5B1FBAE2
:10E89800EED99F559874E21A0D963DA50D69C2A54B
:10E8A800F296F9595FDC4A146318D94755112C02BE
:10E8B800D86467755594537F450D963DA50D69C27B
:10E8C800A5F296DF19F75FC215BC552A444411FD1D
:10E8D8000575757505FD019A38370D963DA50D69C5
:10E8E800C2A5F296CBC081DF1175117F3E6437183F
:10E8F8007FEB1523017F415D5D5D417F006A0F74E9
:10E908000ED2B074B16D1859157986CE1543007FB3
:10E91800415D5D5D417FCD5D8365E7C655BD6B3F5C
:10E92800A91CA5E069E34A15062AFECECA3A70D9A1
:10E93800EAF55C158A6722FF25AEB630F855DD0783
:10E94800B6C21CA5E069C46615842B72E8E92311D8
:10E95800CDE6C191E6887722FD0474747405FD0143
:10E96800F7AE811CA5E06954FE37222BEAAAA78DD1
:10E978005F3155B13FCECA24337F538EA300011AAD
:10E988001C1E2022242627292D310509131922248B
:10E99800292B2C303236383C4748494A4B525300D1
:10E9A8007CCA010885CA01088CCA010895CA0108F1
:10E9B8009ECA010878C60108A7CA0108B0CA01089A
:10E9C800B7CA0108BCCA0108C1CA01083AC201088D
:10E9D800C9CA0108D6CA0108DFCA01087DC30108EF
:10E9E800F0CA0108F6CA0108DBCB0108C1CA010850
:10E9F800FDCA010805CB010816CB010827CB010881
:10EA080040CB010858CB01086FCB010886CB010821
:10EA18009DCB0108ADCB0108BDCB0108C5CB0108D2
:10EA2800D3CB0108DFCB010838C70108DBCB0108CD
:10EA3800EACB0108F5CB010800CC01080BCC010892
:10EA480016CC0108636461376264650031363A3375
:10EA5800353A333200417567203139203230323649
:10EA6800000000007DC3010821CC010827CC010863
:10EA78002BCC010800000000DBCB0108F0CA01081C
:10EA8800BBC601083FC2010834CC01080EC6010804
:10EA98000EC601083FC2010839CC01087DC3010830
:10EAA80041CC010849CC010853CC010860CC0108CD
:10EAB8008ACC01086FCC01087ECC010883CC010800
:10EAC8008FCC010899CC0108A9CC0108B4CC010865
:10EAD8007DC3010834CC0108C4CC0108CACC0108A4
:10EAE8007DC301088DC30108C1CC0108D1CC010840
:10EAF8005FC5010878C601087DC301086EC5010815
:10EB080050CD0108D7CC0108DDCC0108E2CC0108C2
:10EB1800E7CC0108F0CC0108F6CC010808CD0108C3
:10EB28008FC80108ECCC0108F2CC0108F8CC010828
:10EB3800FECC010804CD0108AFC5010897C601083D
:10EB48007DC3010894C701081F0000001C000000D5
:10EB58001F0000001E0000001F0000001E00000033
:10EB68001F0000001F0000001E0000001F00000022
:10EB78001E0000001F000000002020202020202070
:10EB88002020282828282820202020202020202055
:10EB98002020202020202020208810101010101065
:10EBA80010101010101010101004040404040404B1
:10EBB800040404101010101010104141414141414B
:10EBC800010101010101010101010101010101012D
:10EBD800010101011010101010104242424242423D
:10EBE80002020202020202020202020202020202FD
:10EBF80002020202101010102000000000000000A5
:10EC080000000000000000000000000000000000FC
:10EC180000000000000000000000000000000000EC
:10EC280000000000000000000000000000000000DC
:10EC380000000000000000000000000000000000CC
:10EC480000000000000000000000000000000000BC
:10EC580000000000000000000000000000000000AC
:10EC6800000000000000000000000000000000009C
:0CEC780000000000000000000000000090
:04EC8400D12C000887
:04EC8800A52C0008AF
:10EC8C0001140A01FFFF01FFFF00C80020033C0034
:10EC9C00B400B400A40188FF88FF3C00F1F0F6FC3E
:10ECAC00F9FAFF00FFFF1313FFFFFFFF0000000046
:10ECBC0000000000E1AC0A1300000001FFFFFFFFA1
:10ECCC000100000000127A0081000000B5900108DC
:10ECDC0002000000113A0108E8030101200301FFC2
:10ECEC001313FFFF0103FF01641313000100000065
:10ECFC00CEFFFFFF7EFFFFFFCEFFFFFF7EFFFFFF7C
:10ED0C00FFFF0101010001012000FFFF01010100D3
:10ED1C0080380100010C800C960000007EFFFFFF84
:10ED2C00CEFFFFFF00010000AC000020000000003F
:10ED3C009C310020043200206C32002000000000C6
:10ED4C0000000000000000000000000000000000B7
:10ED5C0000000000000000000000000000000000A7
:10ED6C000000000000000000000000000000000097
:08ED7C0000000000000000008F
:10ED8400000000000000000000000000000000007F
:10ED9400000000000000000000000000000000006F
:10EDA400000000000000000000000000000000005F
:10EDB400000000000000000000000000000000004F
:10EDC400000000000000000000000000000000003F
:10EDD400000000000000000000000000000000002F
:10EDE400000000000000000000000000000000001F
:10EDF400000000000000000000000000000000000F
:10EE040000000000000000000000000000000000FE
:10EE140000000000000000000000000000000000EE
:10EE240000000000000000000000000000000000DE
:10EE340000000000000000000000000000000000CE
:10EE440000000000000000000000000000000000BE
:10EE540000000000000000000000000000000000AE
:10EE6400000000000000000000000000000000009E
:10EE7400000000000000000000000000000000008E
:10EE8400000000000000000000000000000000007E
:10EE9400000000000000000000000000000000006E
:10EEA400000000000000000000000000000000005E
:10EEB400000000000000000000000000000000004E
:10EEC400000000000000000000000000000000003E
:10EED400000000000000000000000000000000002E
:040000050801AD350C
:00000001FF
