:020000040800F2
:102800000040002065A201081139000813390008B2
:1028100000000000000000000000000000000000B8
:102820000000000000000000000000001539000852
:10283000000000000000000017390008DDCF00088C
:10284000B5A20108B5A20108B5A20108B5A2010808
:10285000B5A20108B5A20108B5A20108B5A20108F8
:10286000B5A20108B5A20108B5A20108DD50000813
:10287000B5A20108B5A20108B5A20108B5A20108D8
:10288000B5A20108B5A20108B5A20108B5A20108C8
:10289000B5A20108B5A20108B5A20108B5A20108B8
:1028A000B5A20108B5A20108B5A20108B5A20108A8
:1028B000B5A20108B5A2010800000000398701088F
:1028C00002780B78002A03D0013001319A42F7D008
:1028D000D01A70470023C25C0133002AFBD1581E76
:1028E0007047000002B47146490849000956490082
:1028F0008E4402BC7047C04602B471464908490084
:10290000095C49008E4402BC7047C04603B471465E
:10291000490840004900095E49008E4403BC7047E5
:1029200003B47146490840004900095A49008E44E1
:1029300003BC7047002243088B4274D303098B42C7
:102940005FD3030A8B4244D3030B8B4228D3030C7F
:102950008B420DD3FF22090212BA030C8B4202D321
:102960001212090265D0030B8B4219D300E0090A49
:10297000C30B8B4201D3CB03C01A5241830B8B4252
:1029800001D38B03C01A5241430B8B4201D34B033B
:10299000C01A5241030B8B4201D30B03C01A5241A0
:1029A000C30A8B4201D3CB02C01A5241830A8B4225
:1029B00001D38B02C01A5241430A8B4201D34B020E
:1029C000C01A5241030A8B4201D30B02C01A524172
:1029D000CDD2C3098B4201D3CB01C01A5241830926
:1029E0008B4201D38B01C01A524143098B4201D360
:1029F0004B01C01A524103098B4201D30B01C01A8B
:102A00005241C3088B4201D3CB00C01A5241830804
:102A10008B4201D38B00C01A524143088B4201D331
:102A20004B00C01A5241411A00D201465241104691
:102A30007047FFE701B5002000F0F0F802BDC04686
:102A40000029F7D076E7704703460B437FD4002276
:102A500043088B4274D303098B425FD3030A8B4232
:102A600044D3030B8B4228D3030C8B420DD3FF229C
:102A7000090212BA030C8B4202D31212090265D06A
:102A8000030B8B4219D300E0090AC30B8B4201D31D
:102A9000CB03C01A5241830B8B4201D38B03C01A64
:102AA0005241430B8B4201D34B03C01A5241030BDB
:102AB0008B4201D30B03C01A5241C30A8B4201D38C
:102AC000CB02C01A5241830A8B4201D38B02C01A37
:102AD0005241430A8B4201D34B02C01A5241030AAE
:102AE0008B4201D30B02C01A5241CDD2C3098B4293
:102AF00001D3CB01C01A524183098B4201D38B0110
:102B0000C01A524143098B4201D34B01C01A5241B2
:102B100003098B4201D30B01C01A5241C3088B42F7
:102B200001D3CB00C01A524183088B4201D38B00E2
:102B3000C01A524143088B4201D34B00C01A524184
:102B4000411A00D201465241104670475DE0CA0F5B
:102B500000D04942031000D34042534000229C461B
:102B600003098B422DD3030A8B4212D3FC22890125
:102B700012BA030A8B420CD3890192118B4208D3FB
:102B8000890192118B4204D389013AD0921100E05D
:102B90008909C3098B4201D3CB01C01A5241830971
:102BA0008B4201D38B01C01A524143098B4201D39E
:102BB0004B01C01A524103098B4201D30B01C01AC9
:102BC0005241C3088B4201D3CB00C01A5241830843
:102BD0008B4201D38B00C01A5241D9D243088B4299
:102BE00001D34B00C01A5241411A00D2014663463C
:102BF00052415B10104601D34042002B00D54942A0
:102C0000704763465B1000D3404201B5002000F0DE
:102C100005F802BD0029F8D016E770477047C04696
:102C20001C2101231B04984201D3000C10391B0AFC
:102C3000984201D3000A08391B09984201D30009C0
:102C4000043902A2105C40187047C0460403020217
:102C50000101010100000000000000000448054BD4
:102C600010B5834203D0044B002B00D0984710BD11
:102C7000EC000020EC00002000000000064807499E
:102C8000091A8B10C90FC91810B5491003D0044B8D
:102C9000002B00D0984710BDEC000020EC00002075
:102CA0000000000010B5074C2378002B09D1FFF776
:102CB000D5FF054B002B02D0044800E000BF0123E4
:102CC000237010BD6002002000000000F0AF01087A
:102CD000054B10B5002B03D00449054800E000BFA8
:102CE000FFF7CCFF10BDC0460000000064020020CA
:102CF000F0AF0108054B82B0DA6B0243DA63DB6B9D
:102D000018400190019B02B07047C046001002407D
:102D1000054B82B01A6C02431A641B6C1840019078
:102D2000019B02B07047C04600100240802130B5C0
:102D300080240822454B49009962A40045B2002D29
:102D400000DA81E09C62C046C046C046C046C0462C
:102D5000C046C046C046C046C046C046C046C04643
:102D6000C046C046C046C046C046C046C046C04633
:102D7000C046C046C046C046C046C046C046C04623
:102D8000C046C046C046C046C046C046C046C04613
:102D9000C046C046C0469961C046C046C046C0460F
:102DA000C046C046C046C046C046C046C046C046F3
:102DB000C046C046C046C046C046C046C046C046E3
:102DC000C046C046C046C046C046C046C046C046D3
:102DD000C046C046C046C046C046C046C046C046C3
:102DE000C046C046C046C0464000C0B29962C04618
:102DF000C046C046C046C046C046C046C046C046A3
:102E0000C046C046C046C046C046C046C046C04692
:102E1000C046C046C046C046C046C046C046C04682
:102E2000C046C046C046C046C046C046C046C04672
:102E3000C046C046C046C046C046C046C046013A2D
:102E4000002A00D07AE730BD9C617CE70004005086
:102E5000054B82B05A6B02435A635B6B184001907A
:102E6000019B02B07047C046001002400222064B90
:102E700099681142FCD00122187399681142FCD064
:102E8000D868C0B27047C0460038004010B5040092
:102E9000000CC0B2FFF7EAFF200AC0B2FFF7E6FF5E
:102EA000E0B2FFF7E3FF10BD0B4B5A7E002A02D0C1
:102EB0009B7E002B0ED10322084B01211A700022A9
:102EC000074B1A70074B1970074B1B788B4201D0C8
:102ED000064B1A707047C046581F00202508002076
:102EE0002B1F0020240800200F1F00205700002067
:102EF000084B1A68293213780133DBB2072B00D94B
:102F0000012313700122044B1A80044A044B1278E7
:102F10001A7070472C1F0020220800200F1F00206D
:102F2000570000200122064B1A80064B1A683432E3
:102F300013780133DBB2032B00D1002313707047E9
:102F4000220800202C1F0020012305498A7F5A40B7
:102F50008A77044A1370044A1370044A1370704746
:102F6000581F002003080020060800203D1F0020F5
:102F70000A4810B502780A4B002A0CD00633D97FD4
:102F80004C426141D97701235A400270054A1370BF
:102F9000054A137010BD0533F1E7C0460208002052
:102FA000581F0020060800203D1F00200E490F4A30
:102FB0000B7870B5501D0E4D0E4C002B0CD02D789B
:102FC000C57720780632D077012253400B700A4B28
:102FD0001A700A4B1A7070BDC67F2E70951DED7F5A
:102FE000C37725701800EDE701080020581F002066
:102FF00000080020FF070020060800203D1F0020D9
:10300000012304490A785A400A70034A1370034A9C
:1030100013707047CB1E0020060800203D1F0020C3
:103020000123044A11784B4013700222024B1A709C
:103030007047C046F8070020F70700200123044A24
:1030400011784B4013700222024B1A707047C04631
:10305000F6070020F7070020044B05481A88504364
:10306000044A801880B21880000A70472A000020A5
:103070000508000019360000F0B5130007270322E9
:103080003B405A431B4B85B0D31801930123039156
:103090009C46002102900020019B5B5C0093009BFA
:1030A0006246C340134213D0039B1C18A3B23F2BAC
:1030B0000ED86546029B5A18E3B23C40A540D2B2F6
:1030C000ECB2072B0CD80C4BD5189B5C1C432C7016
:1030D00001300528E3D101310329DCD105B0F0BD71
:1030E000DB08013BDB01054E9D18AD19F618B35CFA
:1030F000ECE7C046B0BD01082D080020BD1A002035
:10310000054B1A78002A06D000221A70034B0132B0
:103110001A70034B1A707047B4070020381F002044
:103120003D1F002030B50E4B1B689A8B0D4B186865
:103130000D4B19680D4B1C6C844207D15C6C8C42A2
:1031400004D11C0048342488944207D01C00002578
:103150004A3418645964483325801A8030BDC0460B
:10316000481E002018080020740400207804002065
:103170000E4B10B51B68191E13D00D4A1268918BA7
:1031800000290ED083420ED80A4A126882420AD31E
:10319000C01AFFF7CFFB084B0021984201D801303D
:1031A00081B2080010BD0021FBE7C04618080020CE
:1031B000481E002074040020FEFF000010B5094CDA
:1031C0002278531CDBB2172B00D90023064952008A
:1031D0005052064A23701378172B01D8013313700D
:1031E00010BDC046410400204204002040040020DD
:1031F0000122054B52421A800023044A1360044AFC
:103200001370044A13707047040000203C0400202F
:10321000390400203804002070B51E4A03001268EB
:103220000232D47F221C082C00D208221A491B48E3
:103230000D88083A92B2854206D100200B80844264
:1032400001D0A342404170BD15482E1C854201D9D2
:103250001448068814481036B6B21C1C834201D9A3
:10326000124804880834A4B29E4202D80120934236
:10327000E9D2A64202D801209442E4D29D4202D96A
:1032800000200B80DFE707226A430432D318DB08F3
:10329000F6E7C046481E002004000020FFFF0000A3
:1032A000EFFF000010B10108F7FF000012B10108A4
:1032B000002806D0044A13780133DBB2032B01D86F
:1032C000137070470023FBE735040020F8B5104C5D
:1032D0002368002B02D000232360F8BD0D4B0E4F56
:1032E0001B681B691D680D4B2560597B4A42514183
:1032F00048224A439B180833DE6F3E60FFF778FF91
:10330000B54201D926603D60FFF70CFFE5E7C046F6
:10331000180800202C1F002074040020581F0020D3
:10332000074B1B78012B0AD0064B1B78012B06D0CC
:10333000012205494B7E53404B76044B1A7070476F
:103340000F1F0020361F0020581F002003080020F8
:103350000021012210B5124B1960124B587B4240DC
:1033600011485A7304788C4202D001700F480170E2
:10337000991DC87F002801D0501CC8770533D97F1C
:10338000002901D00132DA770123094A1370094A72
:103390001370094A13700022084B1A7010BDC04602
:1033A00018080020581F00202B1F0020281F002075
:1033B00003080020060800205200002057000020CB
:1033C000092802D83030C0B2704703000A3BFF2002
:1033D000052BF9D8014AD05CF6E7C04678BB010856
:1033E00010B50E4A0E48137B59424B410021DBB207
:1033F00013738B4200D04831843152180260094A5D
:103400001378002B03D101331370074A1370002087
:103410000EF0CCFD0A22054B1A8010BD581F00206B
:10342000481E0020170800203D1F0020B007002084
:10343000194B10B51B78002B11D0FFF761FE174A0E
:10344000174B12781B7852B2002A1BD1154AD27F33
:10345000002A05D1032B02D003200EF049FC10BD39
:10346000114A1278002AF5D16420104908801049C9
:103470000A7010490A7001210F4A117001210A4A8D
:103480001170E7E7084A11780029E3D114200B4AAC
:1034900010800B4AF1E7C046B2070020F01E002062
:1034A000361F00205D1F0020C61E0020B007002030
:1034B00052000020170800203D1F00201E08002099
:1034C00053000020034B10B51B78002B01D1FFF7F0
:1034D000AFFF10BDC11E0020302210B500210448EE
:1034E00016F014FF0022034B1A70034B1A7010BD24
:1034F00042040020410400204004002010B5084B85
:103500001B78012B01D9042B05D1062008F052FEAF
:10351000062008F04FFE0022024B1A7010BDC04674
:10352000981F002038000020A023402210B5DB05A2
:103530009A6215F0D9FA10BD10B5032804D00728F7
:1035400009D0074B185C03E0064B1878A6231843F4
:10355000FFF7EAFF10BD044B18781530C0B2F7E74B
:103560002CBE01082C0800202C00002070B50C4B4C
:103570001B6834331C78012C0AD10321094D2878AB
:103580000130FFF747FB2970200009F055FC70BDA2
:10359000002CF9D1044D052128780130F1E7C0460F
:1035A000481E0020FE070020FD07002070B509F02E
:1035B0000DF8114B041E00D1104B19680D002D356C
:1035C0002A78343153425341D8B228700B78012BFA
:1035D00007D153425A4103205242104015F092FA4B
:1035E00070BD002CFAD000208242F7D1044B18782D
:1035F0000130C0B2F2E7C046481E00202C1F002058
:10360000FC07002070B5868B0068714308183100F4
:103610001C00150008F0D6FEA04206D8A84203D22E
:103620003100A01B08F0CEFE70BD2800FCE70000B2
:10363000F0B5212585B0FFF775FD164B1E68164BBA
:103640001B785BB20193154B1B680293144B1B68EC
:103650000393144B1F783000039B029A0199FFF7E4
:10366000D1FF013DEDB204003060002D07D0FFF71F
:103670007FFD002803D000230B4ABB4202D120006B
:1036800005B0F0BD0232911E09888142E3D00133BA
:10369000DBB2F2E7481E0020F01E002018080020D0
:1036A00074040020C20400207804002010B50FF03C
:1036B0007DF90122044B1A70044B1B78002B01D0BA
:1036C000034B1A7010BDC04696070020200800204A
:1036D0000608002010B50A4C2378002B05D00020E6
:1036E0000EF006FB0023237010BDFFF7DFFF054B34
:1036F00019780029F3D00A224A43034B1A70F1E7E4
:10370000960700209A1F002095070020264B70B5D1
:103710001A688023D28BDB009A422ED200230A251E
:1037200018002249224E0A78DCB2944209D30028BC
:103730000DD1042A21D1002301220B701D4B1A70D8
:1037400007E06843F45C0133001980B2ECE7042A17
:10375000F1D000220138184D84B2110020006E7B98
:1037600009F0BCF8002809D1124B1B78012B02D8B4
:103770000222124B1A700AF005FC70BD00230221D0
:103780000E4A1370321D520054530D4A76001170C8
:103790000C4A745313700C4A1370687B0AF0F2F9E8
:1037A0000AF0F0FBE7E7C0462C1F00202B1F00208B
:1037B000D0030020301F0020581F0020291F0020A8
:1037C000F7070020F6070020F8070020F8B5264B81
:1037D000264C1A78002A03D0A11DCA7700221A703D
:1037E0000022234B1A70FFF777FE224B1F68224BF3
:1037F0003E001B78002B01D0204B1E688022204BFE
:10380000D2001B8893421CD2207BB2B2031D5B0006
:10381000E25202214300E2520AF0B4F9B74204D066
:103820000AF0B0FB0122174B1A70002338342370C2
:103830000AF020FE01200EF0B9FB0122124B1A7093
:10384000F8BD124B1D6828002E6009F0C9F9280048
:1038500009F0B2F8B742E8D001232A00217BE88BB7
:103860000AF09AFDE1E7C04634040020581F00200A
:10387000F01E002030040020970700209C07002045
:103880001C0800203D1F0020381F0020481E00207B
:1038900010B5174B174CDB7F002B19D0164A137845
:1038A000002B03D000231370144A1370144A637B57
:1038B00011688022C98BD20091420AD25B00E218C3
:1038C0009288E25201220F4B1A700F4B92181A7015
:1038D00010BD04335B00E05A002301211A0009F0F7
:1038E00037F80A4B9842F3D0637B5B00E052E9E77C
:1038F0005C1F0020581F00202B1F0020281F0020C5
:103900002C1F002088070020F7070020FFFF000081
:103910007047FEE770477047014B024A9A60704754
:1039200000ED00E0002800080E4B1A7882420DD00E
:1039300018700D4B0D4A1B5C0D4913800D4A1288FF
:103940009B1A9AB21BB2002B01D10B707047181151
:10395000002B03DD53421B115B4218B2064B18804B
:103960000123F2E7C11800204BBE0108B81800205F
:10397000BE180020BC180020BA180020902210B5F4
:10398000054B5200985CFFF7CFFF0022034B1A80D3
:10399000034B1A7010BDC046581F00200C1F00209A
:1039A000BF180020F8B5802380267E4F7E4C9B00F8
:1039B0007600BB610500A662C046C046C046C04650
:1039C000C046C046C046C046C046C046C046C046C7
:1039D000C046C046C046C046C046C046C046C046B7
:1039E000C046C046C046C046C046C046C046C046A7
:1039F000C046C046C046C046C046C046C046C04697
:103A0000C046C046C046C0468020BB622843FFF780
:103A10008DF92368654A13402360C046C046C046FE
:103A2000C046C046C046C046C046C046C046C04666
:103A3000C046C046C046C046C046C046C046C04656
:103A4000C046C046C046C046C046C046C046C04646
:103A5000C046C046C046C046C046C046C046C04636
:103A6000C046C046C046C046C046102300204000A5
:103A700080B2844601212069A661400A084061465F
:103A80000843C046C046C046C046C046C046C046C1
:103A9000C046C046C046C046C046C046C046C046F6
:103AA000C046C046C046C046C046C046C046C046E6
:103AB000C046C046C046C046C046C046C046C046D6
:103AC000C046C046C046C046C046C046C046C046C6
:103AD000C046A662C046C046C046C046C046C046B4
:103AE000C046C046C046C046C046C046C046C046A6
:103AF000C046C046C046C046C046C046C046C04696
:103B0000C046C046C046C046C046C046C046C04685
:103B1000C046C046C046C046C046C046C046C04675
:103B2000C046C046013B002B00D0A0E723681A40E6
:103B30008023DB021343236080239B00BB61C046CC
:103B4000C046C046C046C046C046C046C046C04645
:103B5000C046C046C046C046C046C046C046C04635
:103B6000C046C046C046C046C046C046C046C04625
:103B7000C046C046C046C046C046C046C046C04615
:103B8000C046C046C046C046C046C046C046A66104
:103B9000A361074B302D02D0472D01D1054B188072
:103BA000F8BDC0460014005000040050FFFFF3FFB2
:103BB000360000203400002070B5060069200D009A
:103BC000FFF7F0FE040003040BD46A20FFF7EAFEBF
:103BD0000C4B24030005000D1C40044302203460FC
:103BE00070BD6820FFF7DEFE030000201A04F7D442
:103BF0000548DB04DB0C58430449FEF725FF288009
:103C00000120EDE700F0FF00EB120000102700009C
:103C1000F7B5694B694A00931B780192002B26D1B6
:103C200013785BB2002B0AD0654B664A1B889B1841
:103C3000062B04D8644B1B78002B18D0F7BD634BC0
:103C40001D786B1E022B27D86149624B0A78002A27
:103C500003D0614A1278002A06D01A78002A1BD0B5
:103C60005E4A1278002A17D100220A701A700120C9
:103C70000EF09CF901225A4B1A70019B1B785BB223
:103C8000002BDBD0574B1A78502AD7D8002A00D007
:103C900089E0FFF79BFDD1E74B4B01241B78524F86
:103CA000002B0AD03B78DAB2002B05D1A5421AD0FE
:103CB0000ED9AB1EA34229D900243B784B4E002BD2
:103CC00069D1002C67D13378002B41D13470B5E72E
:103CD000474BDB7D002BEFD0464B19780029EBD00A
:103CE00002241A70E9E7444B1978394B002906D0B1
:103CF0001A70404B1A78002ADED00022F0E71A78BA
:103D0000002AF6D11D706432334BF1E73B4B197832
:103D1000304B002914D03A490978012910D11A7082
:103D2000344E3378002BC7D00C20FFF73BFE040540
:103D3000A40F013C63425C41002364003370BCE784
:103D40001A78002AECD101321A70244B6332E6E76C
:103D50002C4BDB7F002BB9D0023D012DB6D80C20B7
:103D6000FFF720FE0005800F0128AFD1254BDB7F38
:103D7000002B00D162E7A0238022DB0552009A626B
:103D8000214BEC3A1A800023009A137001223A70FA
:103D90001E4A137052E700233370012C00D166E7EE
:103DA000022CE3D04AE719235343194A1380002217
:103DB000184B1A7042E7C046A9070020F01E0020E9
:103DC0001C08002000FCFFFFB2070020AF07002006
:103DD000AD070020AA070020A8070020A7070020A1
:103DE000381F0020801F0020A6070020A407002005
:103DF000581F0020A5070020AE070020AC070020B8
:103E0000AB0700205B1F0020A2070020501E0020EF
:103E10001E08002053000020F8B50C00374B302856
:103E200002D0472805D1364B1A88A24200D142E180
:103E30001C8080238026334F334D9B007600BB616E
:103E4000AE62C046C046C046C046C046C046C04638
:103E5000C046C046C046C046C046C046C046C04632
:103E6000C046C046C046C046C046C046C046C04622
:103E7000C046C046C046C046C046C046C046C04612
:103E8000C046C046C046C046C046C046C046C04602
:103E9000C046BB62FEF74AFFC046C046C046C046A9
:103EA000C046C046C046C046C046C046C046C046E2
:103EB000C046C046C046C046C046C046C046C046D2
:103EC000C046C046C046C046C046C046C046C046C2
:103ED000C046C046C046C046C046C046C046C046B2
:103EE000C046C046C046C0461023AE6222B2002A79
:103EF00000DAE1E080229200AA6207E036000020AA
:103F0000340000200014005000040050C046C04699
:103F1000C046C046C046C046C046C046C046C04671
:103F2000C046C046C046C046C046C046C046C04661
:103F3000C046C046C046C046C046C046C046C04651
:103F4000C046C046C046C046C046C046C046C04641
:103F5000C046C046C046C046C046C0466400AE61CA
:103F6000A4B2C046C046C046C046C046C046C046D1
:103F7000C046C046C046C046C046C046C046C04611
:103F8000C046C046C046C046C046C046C046C04601
:103F9000C046C046C046C046C046C046C046C046F1
:103FA000C046C046C046C046C046C046C046C046E1
:103FB000C046AE62C046C046C046C046C046C046C7
:103FC000C046C046C046C046C046C046C046C046C1
:103FD000C046C046C046C046C046C046C046C046B1
:103FE000C046C046C046C046C046C046C046C046A1
:103FF000C046C046C046C046C046C046C046C04691
:10400000C046C046013B002B00D06FE7C046C0460B
:10401000C046C046C046C046C046C046C046C04670
:10402000C046C046C046C046C046C046C046C04660
:10403000C046C046C046C046C046C046C046C04650
:10404000C046C046C046C046C046C046C046C04640
:10405000C046C046C046C046C046C04680239B00FE
:10406000BB61C046C046C046C046C046C046C0460A
:10407000C046C046C046C046C046C046C046C04610
:10408000C046C046C046C046C046C046C046C04600
:10409000C046C046C046C046C046C046C046C046F0
:1040A000C046C046C046C046C046C046C046C046E0
:1040B000C046AE61AB61F8BD80229200AA6125E7DF
:1040C00070B590B0040040226846184916F04DFAC9
:1040D000392C08D82F2C25D8232C25D00EAD2A2CEE
:1040E00009D010B070BD2300413B373C032BF8D8FA
:1040F000A4006C44250028880D4C0E4E60430E49E8
:104100008019FEF717FC81B27120FFF785FE6B88DE
:1041100009495C43A019FEF70DFC81B27220FFF73C
:104120007BFEDEE7303CE3E70FADE4E708B00108D3
:104130004C930100881300001027000010B5094CB3
:104140002388002908D04022C240134399B233206B
:104150002180FFF761FE10BD412149420141194014
:10416000F5E7C046A01A002010B5040051200A4906
:10417000FFF752FE07200949FFF74EFE21050820F0
:10418000090DFFF749FE802321021B02090D0820BB
:104190001943FFF741FE10BD33A00000D70A00000D
:1041A0000C4B10B5C1184B1E9941040049420A4BF3
:1041B000890A8902C9185120FFF72EFE0748084BCB
:1041C00060430849C018FEF7B5FB81B20720FFF72E
:1041D00023FE10BDBFF5FFFF4094000098260300AA
:1041E00050C30000A086010070B5040031200D000E
:1041F000FFF7D8FBA02361051B02490D19430600F8
:104200004620FFF709FEC0216D056D0D49012943C8
:104210007920FFF701FE7A200449FFF7FDFD042114
:104220003143312089B2FFF7F7FD70BD9A280000B5
:1042300010B5040081B23820FFF7EEFD3920210CC3
:10424000FFF7EAFD10BD000010B50349000201436D
:104250004720FFF7E1FD10BD4260000010B5372098
:104260000549FFF7D9FD00213020FFF7D5FD3020AB
:104270000249FFF7D1FD10BD1F9F0000F1BF0000F4
:1042800010B53120FFF78EFB0223984381B2312015
:10429000FFF7C2FD00212B20FFF7BEFD10BD00007F
:1042A00070B505003120FFF77DFB0400002D06D11D
:1042B00008239C43A1B23120FFF7AEFD70BDAB1EB9
:1042C0005A1E9341AD21DB03890119432920FFF7D1
:1042D000A3FD0120A84280410549404280030143DB
:1042E0002820FFF799FD0821214389B2E3E7C04662
:1042F000382B000010B53120FFF754FB04239843FE
:1043000081B23120FFF788FD10BD10B500212420B7
:10431000FFF782FD10BD0000DB2110B52120C90090
:10432000FFF77AFD24200249FFF776FD10BDC04655
:104330007FC1000010B550200149FFF76DFD10BD91
:1043400018BB000010B550200149FFF765FD10BDF6
:10435000183B000010B500213020FFF75DFDE8217B
:1043600037204901FFF758FD10BD000010B50021AE
:104370007020FFF751FD0020FFF766FFFFF7E2FF17
:1043800000213020FFF748FD30200249FFF744FDAF
:1043900010BDC046F1BF000010B5C3217020FFF76B
:1043A0003BFD72200A49FFF737FDC1215820FFF776
:1043B00033FD5C200749FFF72FFD8E215D20C901E9
:1043C000FFF72AFD5E200449FFF726FD10BDC04619
:1043D00065300000655600000432000010B5002171
:1043E0003020FFF719FD10BD054B10B51B78002BD1
:1043F00005D001210020FFF7A1FEFFF72FFF10BD20
:10440000C11E002010B50400FFF794FF0020FFF745
:104410001BFF00217020FFF7FFFCFFF776FF302025
:104420000349FFF7F9FC002C01D1FFF78BFF10BD0A
:10443000FEC1000010B530200149FFF7EDFC10BDB2
:10444000FAC3000010B50400FFF766FFFFF772FF24
:104450000020844200D00330FFF7F6FE70200349AD
:10446000FFF7DAFCFFF7E6FF10BDC046C3C300004C
:1044700010B56720FFF796FAC005C00D10BD00000B
:1044800010B5064B064A1B7811781B011943B0235F
:104490001B0248201943FFF7BFFC10BDD61F0020A8
:1044A000D81F002010B501240E4B05201A78544067
:1044B0001C70614261410F2349421940A1231B0135
:1044C000C91811F0B0FC0022074B944202D11A0027
:1044D0007F3212787E331A70FFF7D2FF0122034B2E
:1044E0001A7010BDF9070020581F00203D1F002042
:1044F00010B5FFF79DFEC02151208900FFF78CFC0D
:10450000FFF7ACFE10BD10B500210420FFF716FE2A
:1045100000210320FFF712FE10BD00000B4B10B569
:10452000984208D801210420FFF708FE002103204B
:10453000FFF704FE03E0013002D1FFF7E4FF10BDF6
:1045400000210420FFF7FAFD0121F0E7FF3EAB0157
:1045500070B51D4B1B78013B012B27D900241B4B49
:104560001B4A1C7013781B4DA34220D01A4B1470A9
:104570001C701A4B80221C80A02301265200DB05F0
:104580009A62174B1C7011F067FC164B1B68186879
:10459000FFF7C4FF144B1E70144B1C7009F06AFF28
:1045A0005022134B2C701E70124B1A8070BD124A91
:1045B000137008F023FB01200DF0F8FC11F038FF18
:1045C00003232B70F2E7C046361F00202B1F00206C
:1045D0002A1F002057000020EF1E002004080020A2
:1045E000501E0020481E00203D1F0020901F00206C
:1045F00006080020BE1E00202008002070B50F4DC8
:1046000004002A68002A08D0002318000C49A1429F
:10461000584191425B41984202D02000FFF77EFF53
:1046200020002C60FFF704FE00213020FFF7F4FB90
:10463000044B30201988FFF7EFFB70BD3C040020CD
:10464000FF3EAB0136040020A023F7B51600082278
:104650000500DB059A6203200C00FEF707FC28002A
:10466000FEF714FCC0232E4DDB00AA681100194090
:1046700001911A420AD10F2E0AD8A619B44249D084
:10468000FF20FEF7F3FB20700134F7E7EA68ECE760
:1046900040222B68042093432B6013F02DFE05204D
:1046A00013F02AFE802284211E4B52015A601E4FB5
:1046B0000420490113F002FE05201C4913F0FEFD01
:1046C000FC601B4C31000420BC6013F007FE194A4B
:1046D000194B3100D36094600224052013F0FEFDD5
:1046E000019B164E042033703B6823433B6013F05C
:1046F00011FE052013F00EFE01236A6813434022C9
:104700006B602B6813432B606B681C436C603378C1
:10471000002BFCD0A0230822DB059A61F7BDC04620
:104720000038004000000240440002401010000029
:104730000C38004058000240B4180020B018002087
:104740000120024B1B699B0A9843704700040050EC
:1047500000B503000078002207280DD8FEF7CCF83A
:10476000040E14191E232B2B0122552904D0AA292B
:1047700001D0002000BD04221A70FAE7AA394A428B
:10478000514149001970F4E700229142F4D10332FB
:10479000F2E7484241411A70C8B2EBE700225529BE
:1047A000EAD10532E8E7032901D10622E4E704292A
:1047B000E2D10722E0E712290BD8102909D0074AD5
:1047C000073811700021064A117041424841054ADC
:1047D0001070002201201A70CCE7C0462D00002086
:1047E000AF080020AE0800200022034B1A70034BD4
:1047F00001321A707047C046AD0800203D1F0020EE
:10480000F7B5A02640275039F6050430C4B201930D
:10481000C8B2B762150014F067F9102023091843D5
:1048200014F062F90F2020402C0014F05DF9019B78
:10483000B7615E19B44200D1F7BD6B461879002DFF
:1048400000D0207814F050F90134F3E7F8B50423D0
:10485000124E0400B3624020FEF766FE104A002CA0
:1048600007D0104B01251F00072C0AD8621ED20169
:10487000D218802321000020FFF7C2FF0423B36178
:10488000F8BD290001353A0080230020EDB2FFF782
:10489000B7FF8037082DF4D1F0E7C0460004005080
:1048A0002D080020BD1A002010B50820FFF7CEFF0C
:1048B00010BD10B50130C0B2FFF7C8FF012012F0E3
:1048C000FBFB10BD10B50020FFF7C0FF10BD0000BE
:1048D000F7B5041E294E2A4F2BD00024FEF7BCFB4F
:1048E0007021FEF7ADF8A5192970FEF7B5FB03217D
:1048F000FEF7A6F83D19013101342970202CEDD1C5
:104900000AF086F8002509F0BFFF0024EFB2BB00D3
:10491000DBB20193725DE100611A5118D2191219CC
:1049200009B2D2B2002C16D10198FEF7A5FB0134D2
:10493000F0E735002B783A5D9B18DBB22B70702BBB
:1049400004D9FEF789FB0F23184028700134013584
:10495000202CEFD1D4E7032C02D901231A4202D034
:104960000198FEF789FB0134082CD3D10135202DA5
:10497000CBD1FFF7A7FFFFF797FFF7BDD6070020C2
:10498000B607002070B5254B1C78002C3ED0244B78
:10499000DB7F013B3B2B39D8224D2B78002B35D1C7
:1049A000214B1B78002B31D1204B1B78012B2DD0B4
:1049B00007F00CFE002829D11D4B1B78002B25D1B8
:1049C0001C4B1B78002B03D01B4B1B78002B1DD0DE
:1049D0001A4B1B78002B19D1194B1B78002B01D0D7
:1049E000032B13D1631E012B11D810F093FEFFF798
:1049F00069FFFFF759FF012300202B70114B18703E
:104A0000114B1870114B187012F056FB70BD032C2F
:104A1000F1D10120FFF75CFFEDE7C046B5070020AC
:104A2000601F0020B4070020061F0020361F002052
:104A3000EC1E0020EF1E0020B31E0020031F0020EC
:104A40000F1F0020B3070020381F00203D1F00204B
:104A50000422074B10B5E2209A62FEF765FD0024A0
:104A600020000134E4B2FEF767FD082CF8D110BD38
:104A700000040050042370B50024064DAB622000F2
:104A80000134E4B2FEF758FD0B2CF8D10423AB61DE
:104A900070BDC046000400500B4B70B51B680B4C3A
:104AA000584300236568A268834200D370BDA168A3
:104AB0008A4203D99B185B1A0A00F5E78A42FBD2A7
:104AC0006E1AF318D318F7E7C418002010E000E0BE
:104AD000324870B50378002B20D0314B314A002189
:104AE000595E13885B181BB21380002917DD2E490D
:104AF0000024095F994219DD1478002C1CD12B4A3F
:104B0000013413680720A343136013F0F5FB200062
:104B1000FFF7C2FF8022264B52009A6270BD002927
:104B2000EAD021490024095F9942E5DB1E4B1B882E
:104B3000138000230370DFE76401FF212000FDF7ED
:104B4000F9FEFF2300225B019C421AD01100194E8E
:104B5000194D0B0082424B415B42334001339400BC
:104B6000FF3301322B51202AF3D101240F4D2B6842
:104B70002342D3D1072013F0CDFB2B681C432C60BC
:104B8000CCE70121094A072013688B43136013F017
:104B9000B3FB8022064B52009A61BFE7BE1800208B
:104BA000BA180020BC180020B818002000140040DB
:104BB0000014005000FFFF00C8180020782170B5D5
:104BC0001B4A1C4B12781C4C4A431A801B4A1C4B34
:104BD00012781A701B4B1D781B4BDB7F002B06D104
:104BE000FEF7CCFE002D01D0FEF788FC70BD01223F
:104BF000164B1A702223FF33E05CFEF795FE002D62
:104C000005D0134B1B78002B0CD1FEF777FC083432
:104C1000E17F00230F4A3D2902D00A234B43013391
:104C20001380E3E7FFF754FF0B48FFF735FFE8E792
:104C300056000020081F0020581F0020C118002027
:104C4000C018002038000020601F0020BF1800207E
:104C5000BE1800200C1F002010270000064910B5C8
:104C60000B78002B03D0054A054B1278DA77002326
:104C70000B70FFF7A3FF10BDFB070020FA07002011
:104C8000601F002080220A4B520243439B1810B53C
:104C900071200C00590CFFF7BFF8FFF753FBFA2007
:104CA00080006043FFF7F8FEFFF744FB10BDC046ED
:104CB0001DA61400F8B51C0005000E001700FFF734
:104CC00039FB201E05D0A02380220320DB055200E3
:104CD0009A61FFF7B9FA12493F02394389B270204D
:104CE000FFF79AF8FFF7A6FB0E48FFF7D5FE310055
:104CF0002800FFF7C7FF002C07D0A0238022DB0588
:104D0000520000209A62FFF79FFA00217020FFF7FF
:104D100083F830200449FFF77FF8FFF713FBF8BD55
:104D20000080FFFF50C30000FEC1000010B500214D
:104D30003F20FFF771F868215920FFF76DF803480D
:104D4000FFF7AAFEFFF74AFB10BDC0463075000012
:104D500010B5FFF7EBFF00210220FFF75DF80021FF
:104D60003F20FFF759F8FFF779FAC0213F2089016A
:104D7000FFF752F859200449FFF74EF8592003492C
:104D8000FFF74AF810BDC0466840000068300000D8
:104D900070B50D000400FFF7CDFAC22170200902A2
:104DA000FFF73AF880230B495B026943C918712069
:104DB000490CFFF731F80020844200D00330FFF7A0
:104DC00043FAFFF737FB0448FFF766FEFFF7BAFA2E
:104DD00070BDC0461DA6140050C30000F0B5FA26F1
:104DE0000500002485B003930AAB1F880BAB1B881A
:104DF000B6007343019102920093285D002801D10F
:104E000005B0F0BDFFF75CF9FFF79CFA019B002BA2
:104E100002D00298002C06D02B5D03982A2B02D0DA
:104E2000232B00D038007043FFF736FEFFF782FADD
:104E30000098FFF731FE0134DFE7000070B5A025D0
:104E40000826094CED050520AE62FEF70FF8FF209D
:104E5000FEF70CF8AE61C00705D50A20013CFFF74C
:104E60001BFE002CEFD170BD40420F0070B5A02496
:104E700008250600E405A5620620FDF7F7FFA561F9
:104E8000FFF7DCFFA5622020FDF7F0FF3000FDF703
:104E9000FDFFA561FFF7D2FF70BD000010B5040053
:104EA000FFF7E4FF054B1B68A34205D18022FF21D9
:104EB0000348520115F02AFA10BDC0463000002008
:104EC000B0080020F0B587B06B46049003921A7CBE
:104ED0008023A0255B0002919B1AED05039A0192A5
:104EE0009A4200D9019308231C00AB620620FDF70B
:104EF000BDFFAC610220AC62FDF7B8FF0498FDF77E
:104F0000C5FF029C019AA6180F2A5BD94022314C9A
:104F100004202368304E9343236013F0EDF90520FD
:104F200013F0EAF980222D4B52015A60002104202F
:104F300013F0C4F99021052013F0C0F9284F294B34
:104F40000420F3600199B76013F0C8F9264B029969
:104F50000520D9609F60019913F0C0F9234B022707
:104F600005930023059904200B7033683B4333609D
:104F700013F0D0F9052013F0CDF901236268134333
:104F80004022636023681343236063681F436760A4
:104F9000059B1B78002BFBD00823AB61FFF74EFF6E
:104FA000019A049B944663440493029B63440293D6
:104FB000039B9B1A03938023039A5B00002A8DD1E5
:104FC00007B0F0BD20780134FDF750FFB442F9D1AD
:104FD000E2E7C046003800404400024000000240C2
:104FE0000C380040B418002058000240B0180020CF
:104FF000F0B587B0059380230705040B3F0D5B01D7
:105000000190029103922403DE1B039B002B03D12A
:10501000FFF714FF07B0F0BDFFF710FF039DB54287
:1050200000D935002B4E3368A34206D080222000E1
:1050300029495201FFF708FB3460274E2A00BE19A8
:105040003100029815F0D8FA002826D00023F25C2F
:10505000FF2A31D101339D42F9D100232A003000CB
:105060000299049315F081FA049B002B2DD02000A7
:10507000FFF7FCFEFFF7E2FE059B174E002B1DD04D
:10508000EF193A0031002000FFF71CFF8022520187
:10509000FF21D21BF01915F039F9019B00275B198C
:1050A0000193029B5B190293039B5B1B0393802379
:1050B0005B011E00E418A8E70123CFE7802231003E
:1050C00020005201FFF7FEFEE7E72A00029901984F
:1050D000F8E7C04630000020B008002080201C49BE
:1050E00080010B6810B5034230D00224194B1A68B6
:1050F00022422BD01A68A2431A6048600A20FFF7A8
:10510000CBFCC021144A154B49019868084202D0D3
:10511000013A002AF9D180210F4A9868084202D04A
:10512000013A002AF9D1C0210B4AC9009868084207
:1051300002D0013A002AF9D102215A688A435A6002
:105140005A6801398A435A60054B197010BDC04630
:1051500000000240440002401127000000380040D7
:10516000B018002070B540262025094C0120A6610A
:10517000FFF792FCA5610120FFF78EFCA6620120DB
:10518000FFF78AFCA5620120FFF786FC70BDC046D0
:105190000014005070B540252026094C0120A5625E
:1051A000FFF77AFCA6620120FFF776FCA6610120DA
:1051B000FFF772FCA5610120FFF76EFC70BDC046D1
:1051C00000140050F7B5234C234A23680190134084
:1051D0002360082300252027012600933000A762C2
:1051E000FFF75AFC3000A761FFF756FC3000FFF7CD
:1051F00053FC23696D00EDB25B0600D535433000EA
:10520000A762FFF749FC009B013BDBB20093002B38
:10521000E4D12268104B01201A4080235B01134324
:105220002360A762FFF738FC019A4023002A0ED0C2
:10523000A36120260120FFF72FFCA6610120FFF7C4
:105240002BFCA6620120FFF727FC2800FEBDA3620D
:10525000EFE7C04600140050FFCFFFFFF8B5202352
:10526000264C0500A3620120FFF716FC08266BB24E
:10527000002B3EDB4023A36220270120FFF70CFC1C
:10528000013E0120A761FFF707FC6D000120A76226
:10529000F6B2FFF701FCEDB2002EE8D140252368FD
:1052A000174E012033402360A561FFF7F5FBA7618E
:1052B0000120FFF7F1FBDF3723691A002A402B4258
:1052C0001AD0013F0120FFB2FFF7E6FB002FF3D118
:1052D00001256D422023A3620120FFF7DDFB80231F
:1052E00022685B0132401343236040232800A361FE
:1052F000F8BD4023A361BFE71500EBE700140050A1
:10530000FFCFFFFFF7B525490B78DAB20192132BD7
:1053100014D0234C087823780525C0B2002B00D088
:105320002835204A13780133DBB21370AB4204D323
:1053300013230B70002313702370FEBD7823802687
:1053400080270025184C3602A361FF010F20FFF7CC
:10535000A3FB23691A003240334212D03B420FD0E4
:105360009A0417D50322DB040BD50135052D13D084
:1053700078230722A361521B773B9340A362E5E7A2
:1053800001220A4BA9005B18985C1328EDD0782302
:10539000A361D2E70222F4E70198F8E72D0000208C
:1053A000AE080020AF0800200004005037BE0108FE
:1053B00010B532246320FEF7F5FAC0B2C72806D92B
:1053C000013C0120E4B2FFF767FB002CF2D1FFF7AC
:1053D0004FF8FFF74DF810BD70B5FFF7E9FF1A4A17
:1053E0000400031C904201D9184B1B88184A08334B
:1053F00012689BB20232D17F164A1588164A95422E
:1054000004D1002901D0994212D970BD134E2A1C33
:10541000B54201D9124A1288103292B29A42F4D897
:105420000A1C082900D20822083A92B29A42ECD803
:10543000AF204000FFF730FBFFF7BAFF231C844288
:1054400000D2031C98B2E0E7F7FF000012B1010898
:10545000481E002004000020FFFF0000EFFF0000B6
:1054600010B10108604BF0B51C68604B85B01B683B
:10547000002B00D1A8E05E4B1B78002B00D19DE0F3
:10548000A31CDB7F002B00D198E03020FEF78AFAC6
:105490000626584A584B10401880FEF7C9F820607D
:1054A000200007F09DFB23691D68544B1B68002BEF
:1054B00006D0534A127852B2002A4ADD9D424CD39C
:1054C0002800FFF79BF8FFF787FF0500FDF776FE42
:1054D0002800FDF7A1FE002861D0A18B4B1EF82B00
:1054E00028D8FA20236880000293FDF7ADFA5028EF
:1054F00000DD50200026370083B2039323691B6828
:105500000193FEF795F82060200007F069FB2369FE
:1055100018683B4B1B785BB2002B21DD019B83425B
:1055200023D9029B2000236007F05AFB23691868E7
:10553000FFF764F80122334B1A70200007F050FB8C
:10554000200007F039FA01200CF030FD09222E4B23
:105550002EE0002AB4D09D42B2D9FDF749FEAFE754
:10556000002B02D0019B8342DBD3FFF747F8FFF704
:105570001FFF854209D205000027236802930136E8
:10558000039BB6B2B342B9D1CBE78542F7D9281A0B
:105590000728F4DD0137FFB2022FF0D9C1E7013E41
:1055A000F6B2002E00D078E70122164B1E70164B83
:1055B0001A800122154B1A7005B0F0BD114A137004
:1055C000FEF736F82060B8E70E4A0D491370208EBA
:1055D0000F4AC000097813185B68825849B220004E
:1055E000FEF710F8EEE7C046481E0020180800201D
:1055F00003000020FFFDFFFF360400203C040020D4
:10560000F01E0020390400201E080020381F002052
:1056100080BB0108F0B5D44BD44C1A7895B0531E1A
:10562000182B3DD8230080212A331B78C90005930D
:10563000A38D8B4231D01BB2E58D8D4236D02DB279
:10564000CB49019109880291059900290ED0C949D9
:105650000E780391002E2CD0012E00D140E10323BF
:10566000039A1370C44B019A1B8813800025C04B0A
:1056700001221E88C14B5D572300701929331B7806
:10568000290080B207F064F9BD4B0700984200D0B2
:1056900038E1FDF7ADFD00271BE001235B42CBE7BE
:1056A000012301215B421D000591C9E701256D42DF
:1056B000C6E7B14902980880002B00DA10E19FB2DA
:1056C0003100380007F00AF9002800D108E1039BF7
:1056D0001E70019B1F80237B1A1D5B00E752A94BA4
:1056E00052001D68A84BA7521B78EF83002B00D1F6
:1056F00074E1AB1CDB7F002B00D12EE110223801BE
:1057000008A9FEF7A1FF089B0193013B033300D9D1
:1057100020E1152008AB1B22C018002114F0F6FD73
:10572000019B0C930E93099B0293029A974B9A420A
:1057300001D9974B0293029B0F24109308AB9B7ADD
:1057400008A91A001B0922400A750B770CA8097AD0
:1057500007F022F908AB597A0EA807F01DF908AB3B
:10576000DB7A1C400394022C01D900220392039996
:105770000CAA11761E092F2B00D90026D67508AB6E
:105780009B7B0493172B01D904230493049B0CAA3D
:10579000049993757F4B4900CB5A0121079393825B
:1057A00008AB1B7BFF2B00D0BBE051760691039B1F
:1057B000012B00D1C5E0022B00D1C7E008AB5B7B19
:1057C000FF2B06D01B075B0F042B00D900230CAA6C
:1057D000937748226549704C0B7B20005343C918CE
:1057E000843114F0C2FE0CAA11002300E78381C9A2
:1057F00081C39C46180088C988C0634602990398F3
:10580000A1610799A1830499D977210034310E70E1
:10581000611CC8772100507E293108702000917EDC
:105820002B3001702000D77E2D3007702000177FAD
:10583000333007702000069F28300770907F2200C9
:10584000002901D01A002300226101226361534B19
:1058500021001A702B002F003231087034331C786D
:105860002D373A78A64201D1002A16D01E700023A7
:105870003B70A64202D0300007F0DEFA0020012E75
:1058800003D13878002800D0032013F03BF9A6425A
:1058900003D00122424B52421A803020FEF782F898
:1058A000404A414B104018800198FEF7A7FEFFF7D1
:1058B00093FD0400FDF782FC2000FDF7ADFC3B4B9F
:1058C000002877D001221A70284B0221187B08F09B
:1058D00059F901200CF06AFB0122354B1A7086E061
:1058E000230029331A78002D00DAB8E6AFB2002180
:1058F000380006F0F3FF002800D1B0E601221D4B6E
:105900001A70E6E6002D05DD864200D8E1E6FDF7D7
:105910006FFCDEE6002D00D1DBE6864200D3D8E640
:10592000F5E718000840907658080840D076D80669
:10593000400F507658099B0908400B40107706939A
:1059400035E7019B029A9B180E9337E7019B029A59
:105950009B1AF9E70022114B1A700022134B1A70A0
:10596000029BBB4243D0AFE7811F0020581F00209D
:105970001C080020350400202C040020F01E00200C
:10598000FFFF0000481E002003000020FFE0F50597
:1059900040420F0068BD0108E403002038040020E5
:1059A00004000020FFFDFFFF360400203904002022
:1059B000381F00201870019B0F4A2B6012780F4B84
:1059C000002A01D09B68AB6001220D4B1A800D4B61
:1059D0001A700598FDF76CFC15B0F0BD029BBB4238
:1059E00000D071E7084B1B78002B00D06CE7092230
:1059F000034B1A80EDE7C0460F040020E4030020AB
:105A00001E080020381F002039040020F0B585B0A2
:105A1000041E039107D0324A324BD17F1970002304
:105A2000D377314A137007F0E9F806F0CFFD2F4B1A
:105A300001932F4B0293002812D0A023802200252F
:105A4000DB0552009A622B4B1D702B4B1D70019B86
:105A50001D70029B1D7006F0C5FD28000CF048F972
:105A60000022264B1E68264BF78B1F80254B1A7091
:105A7000254B039A1A70FDF72FFDFDF7B9FB802324
:105A8000224DDB009F4221D2214B187806F0E0FE28
:105A9000002804D1013006F0F3FE08F0EFFF002CDF
:105AA00003D0F38B1B4A2B601360FFF7B3FD1A4B37
:105AB0002A681A603222194B1A800023184A137080
:105AC000019A1370029A137005B0F0BD002C03D038
:105AD0003368104A2B601360FFF7C4FCE7E7C04649
:105AE0005E1F00203404002097070020C61E0020FF
:105AF000C71E0020501E002020080020481E002045
:105B00001C08002035040020F01E00209C07002007
:105B1000811F002030040020980700201E0800206C
:105B200053000020010010B50020FFF76FFF074B66
:105B30001B680233DA7F1423002A00D0133B044A87
:105B400013800022034B1A7010BDC046481E00206F
:105B50001E080020530000200A4B10B51A68002AC6
:105B600001D1094A1A601868084A4118914206D9B9
:105B700014F0A2FB0C2303600120404210BD196009
:105B8000FCE7C046280800203832002000400020F2
:105B900070B506000D001400FEF726FE2A4B1B7898
:105BA000002B1DD129490B78002B19D00122284B3D
:105BB0001A70122E13D1002C11D1002D0FD0254BAD
:105BC0001A70254B254A1C701378002B01D10B70DD
:105BD00005E02D21013BDBB21370214AD15470BD89
:105BE000112E1DD0122E13D000230A2E1FD0AC422E
:105BF000F5D101201B4A174912780870002A1DD0E0
:105C0000182B1BD8184ADA40024217D00223DEE7CD
:105C1000164B002C02D044331B78E8E74333FBE7F4
:105C2000124B002C01D04633F6E74533F4E79C4293
:105C3000DDD020220D4BFF329B5CD8E70C4A9B0045
:105C40009B589847CBE7C0460F1F0020EE1E002050
:105C5000C91E0020291F0020570000201608002020
:105C6000070800202A1F00202CDCF201581F00200A
:105C7000C8BD01080E4910B50A780E4B002A0AD19A
:105C80000833D87F0C4A10703D22DA7701230B705D
:105C9000FEF794FF10BD2221084AFF31595C1278AB
:105CA0000833914202D10022DA77F1E73D22FBE787
:105CB000FB070020581F0020FA070020C018002012
:105CC000BFF34F8F034B044ADA60BFF34F8FC046D8
:105CD000FDE7C04600ED00E00400FA05F7B5060058
:105CE000FDF70EFA494B1C68002C0AD0484B1B7874
:105CF000002B06D1B01E434258412100800011F014
:105D00009BFDE122434B444F52011A803B78002B0C
:105D100001D010F0A1F8A0238022DB0552009A6187
:105D20003E4BFF3A1A703E4B1B789B0701D5FEF79E
:105D300045FF00223B4B3C4D9A563C4B0193002AB9
:105D40001CD16B1DDB7F002B42D13434FEF798FB56
:105D5000207807F071F830000BF0CAFF022E02D055
:105D60003B78002B4DD0324B1B78012B02D000200A
:105D70000FF082FC0123019A1370F7BD2835FDF75F
:105D800037FA2B78502B1FD92A4A1178002909D1CC
:105D9000503B1900FA235B004B4327499BB20B8011
:105DA000012313700022254B1A70254A254B1168D8
:105DB00019608021E38BC9008B4200D323681360F4
:105DC0000122214B1A70C0E700221B4B1A80E9E721
:105DD0000635E97F4B424B413C205B42FF3003409C
:105DE0001A48693303801A4B1A70002902D1012224
:105DF000184B1A700022184B1A700123019A137065
:105E0000A3E70122154B1A70B4E7C046481E0020D4
:105E1000B51A0020321F00202A1F0020501E00202B
:105E2000A0070020F01E0020581F00203D1F00206A
:105E30000F1F0020C71E00201E0800205300002056
:105E40009C0700209807002097070020B00700203B
:105E500052000020C81E002017080020381F002014
:105E600010B5174B1B78022B08D006F0C7FE012097
:105E70000CF09CF80220FFF731FF10BD0022114BFF
:105E80001A70114B1B785BB2934208D0FA210F4B6A
:105E9000490019800E4B1A700E4B01321A70012006
:105EA0000CF084F80C4B0D4C1B78002B04D010F038
:105EB000BFFA03232370E0E7094B1B78FAE7C046DB
:105EC000361F002020080020F01E00201E080020A1
:105ED00053000020C71E00202A1F0020570000206A
:105EE0000F1F00201E4B10B51B78D8B2002B09D114
:105EF0001C4B1B78002B04D00BF0FAFE01221A4B2E
:105F00001A7010BD194B1A78194B1B78134359425C
:105F10004B411849DBB20978C8B2002905D0012AE3
:105F200003D10021144B197003001449097800298A
:105F300012D01349097801290ED1023A012A0BD84F
:105F40000022104B1A70104B04201B78002B00D03D
:105F50000238FFF7C3FED4E7002BF4D1D1E7C046E7
:105F6000B2070020361F0020381F0020AF07002096
:105F7000F01E0020AE070020AD070020AC07002077
:105F8000AB070020AA0700202008002010B51A49FE
:105F90001A4B08781A781A4B00280FD0032A0FD012
:105FA000184A1278D0B2002A00D108701B88164A0D
:105FB0009B18062B1DD9FFF72DFB12E0032AF5D104
:105FC0001B88114A9B18062B03D9104B1B78002BFA
:105FD000F1D10F4B04201B78002B00D00238FFF7C3
:105FE0007DFE00230B4A13700B4A13700B4A13708B
:105FF00010BDFFF737FAF4E739040020361F002000
:106000001C080020B207002000FCFFFFAF070020A3
:1060100020080020C71E0020C61E002053000020BC
:10602000F7B5814C0E00657B002902D001227F4B21
:106030001A70237F002B04D0022802D0FEF7D4FB75
:10604000F7BD7B4B1B78012B03D1784B02221A70D2
:10605000F6E7122800D90EE2FCF762FC13001600E6
:106060008D0093009900A500DC00DF009B01AA01D0
:106070000D02C401C4010D020D020D020D02E90161
:10608000E901FEF765FADBE76A4B6B491A68D38BC7
:106090005B18062B43D9FEF7A7FB231DDB7F002BE4
:1060A000D3D0664B1B78002BCFD1654B1B785BB2EE
:1060B000002B0BD0634B1B78032BC1D1624B1B7899
:1060C000002BBDD0614B1B88002BB9D08023627B95
:1060D000DB005100605A9842B2D248235343E31880
:1060E0001A008020B4321288C000121892B2A23373
:1060F00062521A8006F082FD554B1C68200006F0A3
:106100006FFD200006F058FC01200BF04FFF01232B
:10611000504A1380504A1370504A137090E7138E00
:10612000062B07D111694E480E68864202D84D4BA6
:106130000B6085E701339BB21386042B17D14A4BC2
:106140001B78002B01D105331386138E8022D200D9
:106150009B1801229BB26D0063536519AB803E4BC7
:106160001A70424B92181A70414B00226FE7062BAF
:10617000EBD90023E8E701223C4B1A70FDF7E8F861
:106180005EE70122394B1A70FDF782FB58E7FEF7F4
:106190002BFB00200634374BE27FE0771A700CF0BF
:1061A00095FD334B52E7002E04D112F0B9FC304B71
:1061B0001E7045E705F0EEFF051E00D040E71D4BC1
:1061C0001C688023E08BDB00984202D3FDF77EF849
:1061D00036E706F0B5FA037801007F2B0AD97F2253
:1061E00013400370E08B06F09BFA01221F4B1A70DC
:1061F000214B2CE722002E3213780133DBB2192B0E
:1062000000D92B001370012321001A00E08B11F03C
:1062100069FEEAE7FCF76CFE12E7184D2B78002BBD
:106220002ED010F06DFE0BE7581F0020291F002014
:106230000F1F00202C1F002000FCFFFF0A1F002062
:10624000F01E0020361F0020C61E00201E08002061
:10625000481E00202208002088070020381F002048
:10626000FFE0F50500E1F505E2030020F707002057
:1062700057000020E103002087070020E31E0020D4
:10628000621DD27F804B1A70A21D804BD27F1A7084
:106290007F4B1A78002A01D101321A7000237D4AFF
:1062A000A38413707C4A137006F0A8FC7B4A7C4FD1
:1062B0001378002B04D17B4B3978197001231370AC
:1062C0000126794B30001E700BF070FE7748037882
:1062D0000193002B07D1220041321178744B0670D4
:1062E0001970019B1370FEF710F8012302203B7018
:1062F000FFF7F4FC00226F4B1A706F4B1A702823C3
:10630000FF33E35C5A1F5F2A00D914236B4A1370D2
:10631000C8226B4B92001A8001226A4B1A7000232C
:10632000694A1370694A1370694A1370694A137095
:10633000694A137010F0B6FD684B694A1888032348
:1063400043431188994200D01380012010F042FD90
:106350000122644B2A701A7000217F32624813F0C8
:10636000D5FF80220021614813F0D0FF8022002158
:106370005F4813F0CBFF002180225E4813F0C6FF78
:1063800000225D4B1A7010F019FA022005F012FF7E
:1063900056E6002E02D1FFF76DFC51E60121574B66
:1063A0001B682B331A784A401A70554B198047E600
:1063B000002E02D1FEF752FC42E6260000224A36A9
:1063C0001100308806F08AFA002800D138E63288B9
:1063D0002B1D5B006D00E25262530122494B1A7083
:1063E000494B33E6494B1B785BB2002B0BD00B2893
:1063F00006D10A3806F044FA08F040FB3E4BB4E6FA
:1064000001204042F6E7424AE37D11780A2900D193
:1064100013700B2807D1082B01D80133E375012233
:10642000394B1A70EAE7002BF9D0013BF6E7334B02
:10643000384D196800230C000834E27FEE5C964268
:1064400003D00133182BF9D10023122803D1172BC5
:10645000D4D0012202E0FF22002BCFD0D218D2B23A
:10646000AB5C2D4AE377CB8B9B18062BD7D8012248
:10647000234B1A80D3E7FEF7B7F9002E00D1DFE5F2
:106480000122264BE3E5C046E0030020DF030020A5
:10649000DE0300201708002052000020DD0300204A
:1064A00020080020DC030020C81E0020DB030020A1
:1064B000DA030020570500205B05002001000020C2
:1064C00016000020000000200D0600200C06002011
:1064D0000E060020D9030020D80300201C00002055
:1064E0000E000020100600203D1C0020BD1C0020D6
:1064F0003D1D0020BD1D0020AD0800202C1F0020E8
:106500002208002088070020F7070020F01E002046
:106510000200002060BB010800FCFFFF291F0020D3
:106520000F4B70B51B78002B17D00E4D2B78002B1E
:1065300015D0002913D001230B4C0A000100812043
:10654000237011F0F5FE094B2278002A07D0013B99
:10655000002BF9D123702B7001E00FF053FB70BDBD
:10656000940700209307002092070020A0860100D6
:1065700010B514220021024813F0C8FE10BDC04619
:10658000121F002070B5414B04001B78A0B0002BF7
:1065900040D006F01BF8051E0BD103200FF06CF85D
:1065A0003B4B1D703B4B1B785EB2002B03D00FF0B2
:1065B0003BFD20B070BD384A384B394D002C25D0FA
:1065C0000121684611708022FE311E7013F09EFE7C
:1065D0003300802269463348FEF70AFD6022FF211E
:1065E000314813F093FEAB7D304A9B075B0F9D5AF9
:1065F0002F4B07201D800FF0F5FB2E4B0009188054
:106600002200012128000FF0D7FCD2E714701C7083
:10661000AD8AEDE705F0BEFD041ECAD11C4B187013
:10662000254B1870FFF7A4FF06F0E8FA20000024BD
:106630000FF022F8214B1C57002C16D08022204B43
:10664000D2001B88934202D3FDF7C0F8B1E70120C6
:1066500006F016F908F012FA07F00CFF2000FFF719
:1066600061FA0122174B1A70A3E7174B1B685A1ED9
:106670009341164A0133137007F0FCFE0121080014
:10668000FFF7C4F9124B1C70EBE7C0462A1F00202D
:1066900020080020EF1E0020B61E0020B21E0020A1
:1066A000581F002028A00000521E0020B0BF010883
:1066B0004C1E00204E1E0020271F0020F01E002030
:1066C0001C0800203D1F002018080020901F0020FB
:1066D0001708002010B50120FFF754FF10BD00007F
:1066E0000F2210B50021044813F010FE0022034BC6
:1066F0001A70034B1A7010BD0708002016080020FE
:10670000EE1E0020114B70B51B78002B03D1104BEF
:106710001B78002B07D0FFF7E3FF00220D4B1A7008
:106720000D4B01321A700D4B0D4C1B780D4D002B8B
:1067300003D123782A78134307D0FEF755F80023B6
:1067400001222B702370044B1A7070BDEE1E0020C6
:106750001608002057000020381F0020AD08002038
:10676000301F00202B1F002010B51D4B1B78002B65
:1067700003D11C4B1B78012B07D1002921D1002804
:106780001FD00222184B1A701BE0002915D10028D7
:1067900018D1164A1278002A01D1002B01D0032B00
:1067A0000FD10123124A11784B40137002D01022EE
:1067B000104B1A70104B0122E5E7002801D0FCF7BE
:1067C000AFFD10BD084A032B02D001231370F8E778
:1067D0000A4B1B78002BF8D002231370084BEAE712
:1067E0002B1F00200F1F0020291F00202A1F002020
:1067F000AD080020301F00203D1F0020EF1E0020AC
:10680000C91E00200022404B70B51A70904203D080
:106810003E4B1B78934212D03D4B1B78012B0DD180
:106820000024FCF757FF3B4B20001C7006F0B0FB28
:10683000394B1B78012B01D0384B1C7070BD05F013
:10684000A9FC354D002807D00CF0D0FA344B1B784A
:10685000002B2ED0334B2AE0334B1B785BB2002B3E
:1068600002D0FCF7B3FFF1E7304B1B78002B05D0CB
:106870000FF0DAFB0322294B1A70E7E72B78032B82
:1068800014D0234A1278012A03D1294A1278002A07
:10689000D4D0012B02D00022204B1A702549264B60
:1068A00009781A78002915D1002A1AD1234B012220
:1068B0001A700022224B1A702B78012B04D0174B30
:1068C0001978032900D01A7001221E4B1A701E4B32
:1068D0001A70B3E7002A04D11C4A1278002AE5D0C6
:1068E0001A701A780E2A01D90E221A7000261B7807
:1068F000164A174C1749137020000E22CE5413F07D
:106900003DFEA673D2E7C0462B1F0020D51E0020F7
:10691000361F0020BA1E00200F1F00205700002045
:10692000EC1E00208C070020F01E0020EF1E00202F
:1069300095070020EE1E00201608002024080020E5
:10694000C40400203D1F0020381F0020E303002066
:106950009820002007080020F0B5B84F04003B78CD
:106960000D00160085B0132B07D0A34203D1002DD4
:1069700001D113233B7005B0F0BDB14A1278002A53
:106980000FD0002901D110280AD1FCF7B9FBFEF77E
:1069900015F9102C05D00022AA4B3C701A70EAE7BA
:1069A0001C00A94F3B78132BDFD1002D00D132E121
:1069B000A64B1B78002B00D12DE1FCF7A1FBFEF7C5
:1069C000FDF8102CE7D1A24B01931B78052B02D1C7
:1069D00000200BF08DF9FA229E4B92001A809E4BFC
:1069E00000939E4B1978002903D01E224A439C4BEA
:1069F0001A70002D00D06BE19A4F3B78002B02D02B
:106A000007F0C0FA3D70984F3B78002B03D007F099
:106A1000F3FA00233B70954F3B78002B03D007F02F
:106A200083FA00233B70924F3B78002B13D0914B9D
:106A30001A68009BD08B597B012307F0ADFC002323
:106A40003B7005F0A7FB002805D18B4B1A78002A74
:106A500001D101321A700022884B1B78934207D073
:106A6000874B1B78934203D1864B1A7853425A4185
:106A7000794B0093597E131E01D1002904D0019B4C
:106A80001B78013B581E83417F480778B80700D523
:106A900057E1002B00D18DE1102C00D053E17B4B4E
:106AA0001F78002F04D03700002D01D101271D7061
:106AB000774B02931B78002B05D0102C01D00D2CA6
:106AC00001D1FDF791FE002F10D1019B1B78012B06
:106AD00000D014E26F4B1F780193002F00D0D0E15B
:106AE000102C00D07BE12800FFF78CFE554C20785D
:106AF000002803D005F05EFB00232370664C674A34
:106B000023780092002B09D02822654B1A800BF0C5
:106B1000B3FB0123009A137000232370614C237888
:106B2000002B09D0002E00D064E307F065FA0023A3
:106B3000012223705C4B1A705C4B1A78002A06D035
:106B400000221A70964200D058E307F0EDF9584B36
:106B50001A78002A06D000221A70964200D051E31B
:106B600007F010FA534B444F02931B88524C019389
:106B7000002B23D0002E01D1002D0AD009F0E8FB14
:106B8000404B1B78002801D0012B02D0022B00D0F3
:106B90003CE3384B30491A686B46497B1B79D08BF4
:106BA00007F0FAFB05F0F6FA3B78002803D1002B3A
:106BB00001D101333B700023029A13803D783F4E90
:106BC000002D00D130E33E4B01931B78002B00D108
:106BD00026E32900002006F0D5FF2900012006F059
:106BE000D1FF2378FF2B01D10023237001233370C1
:106BF0000023019A3B70137006F000F801200BF09F
:106C0000D5F9002333702F4B1B78002B00D10FE3F5
:106C1000FFF726F90CE30D2C00D0D4E62A4B1F78A1
:106C2000002F00D0CFE6294BDB7F002B00D1CAE636
:106C3000FDF7C4FF034B1F709DE6C04629000020EE
:106C4000061F0020291F002028000020B407002074
:106C5000361F002050000020581F0020961F0020E3
:106C60003C1F002091070020900700208F07002084
:106C70008E0700202C1F0020F7070020DE1E0020BA
:106C8000DA1E00200F1F00208D0700208C07002037
:106C9000AD080020250800208B0700208A0700206F
:106CA000101F0020030800203D1F0020890700203E
:106CB0008807002022080020570000200608002036
:106CC0008707002020080020BF180020601F002038
:106CD00009F03EFBBC4F102C03D1BC4B1B78DB07EB
:106CE00027D53B78012B04D1132804D0153801286F
:106CF00001D9FDF763FF0D2C1BD1002E19D0B44B29
:106D00001B78002B07D0FFF733FC0022B14B1A7021
:106D1000B14B01321A70FFF7F5FC0122AF4B1A702C
:106D2000AF4B1B78002B01D0FFF79AF80022AD4B38
:106D30001A603B78012B00D08DE62822AA4B1A80DE
:106D400089E6002B36D001200D2C0AD1002D08D069
:106D5000002A06D0A54B18709F4B187005F02AFA30
:106D600009E6074201D0002905D12300113B012B80
:106D700033D90A2C0FD00F2C12D1002D00D1FAE5F7
:106D8000002E1BD1022005F015FA0422984B1A7030
:106D90000122914B02E6002E1FD1002DF2D0EAE530
:106DA000002D00D15EE2002E00D0E4E50A2C00D1D7
:106DB000E1E5E7E7092C01D90F2C0BD18D4B1B78AE
:106DC000002B0AD0002D00D1D5E5002E00D0D2E551
:106DD0000220C3E7102C00D161E6874B60E6FE235A
:106DE0000193112C06D02000FCF7EAFA0190FF284D
:106DF00000D17BE6002D0CD1A0238022DB055200C0
:106E00009A627E4B28001D70FDF7FCFAFDF738FAF8
:106E10006CE6002E00D069E6009B7A331B78002BCD
:106E200007D0A0238022DB0552009A61734BFF3A02
:106E30001A70FDF725FA019BFE2B06D1009B7049C5
:106E40007A331878FDF7A4FF50E6009B7A331C785C
:106E5000FDF762FAFDF76EFA002C00D00327380028
:106E6000FDF7F2F967497020FCF7D6FFFDF7E2FA6B
:106E70006548FDF711FE0198FDF722F9FDF762FA6A
:106E800034E6B54200D131E6032F02D0002D00D107
:106E90002CE6A0238022DB0552009A620022574B89
:106EA0001A7002239F43012F01D10BF07FFD0027B1
:106EB0005022019B55481F70554B1A80FDF7ECFD81
:106EC00001200BF073F8404B1B78012B01D0514B84
:106ED0001F70009B4233187800280BD10AF008FF7E
:106EE00001234D4A102C03D0434A002E00D0FDE56B
:106EF0001370FBE50A224243484B1A70F0E7484BF7
:106F0000364A03931B780192002B1BD12E4B1F781E
:106F1000FF2F09D02300113B012B00D959E1029B1F
:106F20001B78002B00D054E105F034F9002800D084
:106F300057E1042F00D154E1320029002000FEF770
:106F400027FED3E5002E00D0D0E5002D00D1CDE501
:106F5000102C34D00127019B1F700C2C06D80A2C52
:106F600027D867D00223019A137028E00D2CF9D19D
:106F7000FDF7DCFE2B4B1B78012B0FD12A4B1A8817
:106F80002A4B9A420AD0009B0099587B031D5B0054
:106F9000CA524300CA52022106F0F4FD05F02EFE4B
:106FA00001200BF003F800200EF066FB0023039A8B
:106FB0009EE71C4A13787B4013701D4B1E70012204
:106FC000054B1A7092E5C0460F1F0020A007002055
:106FD000121F0020271F0020381F0020291F00201B
:106FE0002008002018080020101F0020DA1E0020B2
:106FF000391F00200A1F0020C91E0020501E00203B
:10700000D6060000C3C3000050C300008813000070
:10701000BE1E0020570000208C070020950700208E
:10702000031F00208607002026000020FFFF00002D
:10703000850700208E4C8F4A8F49200005F0A4FD63
:1070400023002D331F702300200029331F7005F00B
:10705000B3FC8A4B38001C60894B1C60894B1C6058
:107060000AF0A4FFFDF798F9FDF760FE864B1B7848
:10707000002B00D0A1E0854F46220021380013F0FC
:1070800045F9834C834B844A84492380537BA180F8
:107090000221A171463159435318180084300088E9
:1070A00000912081180086300088608118009C3093
:1070B00001884088A181E081180089300078B221E0
:1070C00020741800913000788C4660741800883065
:1070D00000789C44A0741800903000786146E074F9
:1070E0001800B830007820751800A430007860755A
:1070F0001800AC300078A0751800B7300078E07543
:107100001800AD30007820761800B130007809788A
:1071100060761800AF300078A0761800B63000789E
:10712000E0761800AB30007860771800B030007857
:10713000A0771800B4300088E077601CC177180091
:107140008021B930A23300781B88F877C9005448F1
:107150008B422BD2190006F0EFFC422138000EF0D2
:10716000E5FC0627A31DD8874E4B20200834E38773
:107170000FF00EFB4C4C277007F096FDFDF794FBCB
:1071800005F066FD10F0AAFC88213620FCF744FECD
:1071900000210120FCF7D2FF05F030FD01200AF0AC
:1071A00005FF01232370414B1F7008E70099BA3196
:1071B0008918102213F0D9F9CFE702223A4B1A703E
:1071C0003B4B033A1A8000223A4B1A70FDF7C0FD80
:1071D000F5E6394BBF00320029002000FB589847E4
:1071E00084E4002E00D081E4002D00D17EE402234F
:1071F000019A7DE60122314B1A7098E40122304B4E
:107200001A70A4E401222F4B1A70ABE401222E4B1A
:107210001A702378FF2B00D0CDE400232370CAE43A
:107220001D4B2900587BDAE43378002B00D0E3E4CF
:10723000009B1B78002B07D00023009A1370282294
:10724000224B1A8009F092F8214D2B78002B03D0A5
:107250000BF09CFC00232B7020780EF00DFAFF231E
:10726000237095E50A2C01D0FFF785FB8AE5C0461F
:10727000F406002090FE960205040000481E00203F
:107280002C1F0020441E0020860700203E070020FF
:107290003C070020CDABFFFF581F0020A5BEFFFF1D
:1072A0005E070020BADCFFFF85070020291F0020B1
:1072B000260000208407002098BD010890070020C8
:1072C0008F070020910700208E070020101F00204C
:1072D0002408002000221020110010B5FFF73CFB0D
:1072E0000022064B1A70064B1B78132B02D0054B5D
:1072F00001321A70FDF7ACFB10BDC046EC1E002039
:1073000058000020C91E0020F0B5CA4BABB01B7856
:107310000193052B32D1C84B1B78002B2ED0C74CC4
:1073200023780293002B00D10BE2C54D2E7830005C
:10733000E130FF3000030136FDF7B0FDF3B22B70F2
:10734000072B03D90023237010F052F9BD4B1B7893
:10735000052B02D10122BC4B1A70BC49BC4A0B78E8
:10736000002B00D0C9E201991378012900D0CBE2AB
:107370001378002B00D0CEE200F000FC04F00AFFEE
:107380000028CCD10C20FCF70DFB01231842C6D0FD
:1073900000210220FCF740FD0220FCF703FB08233C
:1073A00007043F0E04001F4226D00B20FCF7FAFA18
:1073B0000005000FFCF704F80600FF281CD0019B15
:1073C000012B19D0A34B1B78002B15D0A24D280000
:1073D000FBF780FA0200132804D128009F4913F01C
:1073E0009DF812220023AE54AD180C226B709C4BFA
:1073F0001A70954B0B3A1A707B0702D50122994BF4
:107400001A7001231F4209D00122974B0C201A70D9
:10741000FCF7C8FA954B800BC0B21870BB0702D5B9
:107420000022914B1A70E5B2630602D50122904BFF
:107430001A70240602D500228D4B1A70EB062AD54D
:1074400001228C4B1A708C4B09321A808B4B9A7F1D
:10745000002A20D0019A052A08D1774A11780029FC
:1074600004D11420864A1080864A11700533DB7FD0
:10747000002B10D0844A854B1178002902D119883D
:10748000132908D81421198000231370804A13701F
:107490000122804B1A70AB0604D50022754B1A707E
:1074A000754B1A806B070AD501227B4B1100052012
:1074B0001A70FCF743FEE122784B52011A80082330
:1074C0001D4205D00021744B05201970FCF736FED3
:1074D000FB063DD55B4B1C78042C39D1704B1B78D7
:1074E000012B35D16F4B1B78002B31D16E4E5F20B5
:1074F0003378013CDAB20133DBB233700292FCF72D
:1075000051FA029B694D5B00E852002CEED13378B2
:10751000232B1DD901224C4B0B2034701A70FCF721
:1075200041FA0600FDF714FCF6060AD42A88604BDF
:107530009A4206D12B000833DA8F5E4B9A4200D173
:10754000C6E0FDF7F3FBFDF703FC5B480FF09CFE84
:1075500030231F4200D115E7584B1B78002B00D178
:1075600010E7574B1B78012B00D00BE7554B0293CC
:107570001B78022B02D0052B00D003E704254A4CD0
:10758000BF0602D523782035ED1A0026AE4200D082
:10759000C0E0237801232C4E33702378232B00D8AE
:1075A000F0E6237800230B202370FCF7FBF904009E
:1075B000FDF7CEFB250010231D401C4200D0B8E093
:1075C0003A4C3B4B22889A4200D0B2E02300083369
:1075D000DA8F384B9A4200D0ABE020200FF0D8F879
:1075E000A31D42213848DF8F0EF0A0FA874200D059
:1075F0009FE0E388A2881B041343344A1B021B0A42
:10760000934200D095E000222800110005F066F9B1
:10761000071E01D101F071FE80230135ADB2DB0000
:107620009D42F0D10423029A1370033B3370FDF79F
:107630007DFBA7E6361F0020C11E0020B51A0020E2
:10764000B31A00200F1F0020381F0020F006002072
:10765000E31E0020E8060020121F0020131F002058
:10766000271F0020A5070020AC070020AB07002043
:10767000AE070020BB1E0020BC1E0020581F0020AB
:10768000041F0020C21E002052000020B00700206E
:10769000170800203D1F0020B2070020321F0020E5
:1076A000401E0020EA060020840700203C0700203E
:1076B000CDAB0000BADC0000E6060020031F00206E
:1076C00086070020850700203E070020A5BE020097
:1076D00022200FF05DF84221A1480EF027FAAB1DE1
:1076E000DB8F834200D030E76D880EF021FF818868
:1076F000A3B2994200D828E7062363430268D6184C
:10770000D35AAB4204D87388AB4201D901F06FFE63
:107710000134EDE75F20FCF745F92378232B06D8E9
:1077200023785A1CD2B222708E4A5B0098520136DE
:107730002CE70523029A1370043B3370FDF73EFAE1
:1077400020E6894B1B78002B00D106E608272DE0A8
:10775000864D37E020000FF07FFE002822D0082160
:10776000834A237B12780B4268D0002A1AD1814BBE
:107770001B88DA060DD18022D200934209D2580923
:107780007D4A41008D52012282407C4908680243B3
:107790000A607B490A88002A6BD0013A0A80754A40
:1077A00001331380013FFFB2002F1FD08022754E9E
:1077B000D2003388934219D2734A1588002DC7D05E
:1077C000013DADB201333380F0231B0218ACE81841
:1077D0001580400120222100FCF736FF20000FF029
:1077E00061FE0028B6D08023DB0033808022654B09
:1077F000D20019885C4B914202D2029A002A61D0D1
:1078000000221A70614B01321A70614B1B78002BF9
:107810004AD0604B1878002800D097E55C4B1A7866
:10782000002A00D192E55C4B1B88062A54D95B4A9A
:107830001188994200D189E5138087E5012A13D187
:107840009A43002AAED0564B62681B68013B9B1AD4
:107850008022920093428AD30022434B02901A70F6
:107860004A4B01321A70C1E7022AECD1013A1A40A0
:10787000E7E747498C46097806290DD8494D0A01A2
:10788000521961CC61C21500228801312A80A27888
:10789000AA706246117082E701213E4B1970324B8B
:1078A0001A703A4B1970A1E7354B1B88002BB0D0EA
:1078B000394A10888342ACD20138C01A80B210F025
:1078C000CBF943E51B78002B00D03FE52F4B1B780D
:1078D000002B00D13AE59CE70721891A89B2994229
:1078E00007D2073BD21890B22C4B188010F03CF90D
:1078F0002CE5002B00D129E5F6E7013BDBB20B704C
:10790000002B00D034E52EE527490978002900D066
:107910002EE5002B54D0254B04931B78022B01D06D
:1079200000F026FE224B1978002900D1C0E2214D3B
:107930002A68002A05D020480068121A002A00DDB3
:10794000B6E11E4C20780138052800D9AEE2FAF7DE
:10795000E7FF320134017602920292029502C0469C
:107960003E0700203C070020E2060020FF03000045
:10797000B81A0020DC060020200600201C0600208B
:10798000DA060020DE060020E00600206006002067
:10799000D80600206406002062060020BA1A0020E3
:1079A000A41A002068060020B4070020100600205A
:1079B0000F060020B8050020E4050020B4050020D3
:1079C000D54B1B785BB2002B00D0D7E004F0E2FB74
:1079D000002800D0D2E0D14B1B78002B00D0CDE0A6
:1079E000CF4BD0481C7821000FF08AFECE4B1B787D
:1079F000190001930FF084FECC4B1E7831000FF07C
:107A00007FFECB4B1B68190002930FF079FEC94B28
:107A10001B78190003930FF073FEC74B1B68190006
:107A200004930FF06DFEC54B1D8829000FF068FE12
:107A3000C34B1B8801335B08190005930FF060FEF0
:107A4000C04B1B78190006930FF05AFEBE4B1F78EF
:107A500039000FF055FEBD4B07901B68834200D1E3
:107A60008CE0BB4A09AB0992002C01D001225A706C
:107A7000002E03D0022259780A435A70019B002B32
:107A800004D0042309AA51780B4353700AAC042193
:107A900009A8FEF745FD290065810025049B20000B
:107AA0000A93AC4BA7731B6801930B93059B23812F
:107AB000039B2373069B63730FF038FE192120008C
:107AC000FEF72EFDAE424DD0019BAB424AD080273F
:107AD000A14BFF001C68A14BE4186409A4B2002C60
:107AE00062D0013CA4B2F0231B0218AEE0184001A2
:107AF00020223100FCF7A8FD30000FF0D3FC002855
:107B000030D130000FF0A8FC002825D00823327BAC
:107B10001A4207D1029B1999013B5B1A8021890007
:107B20008B421FD21C99019818AB884214D918981F
:107B3000129111901A9811AE5989139032735A7B91
:107B4000300072739B7B0135B3730FF0EFFD192189
:107B50003000FEF7E5FCEDB2013FBFB2002F01D0CF
:107B6000402DBCD11922002111A812F0CFFB013504
:107B7000EDB2412D1AD1754B079A1A60784B1B78DC
:107B8000002B00D194E0774B1A8801231100194093
:107B90001A4200D08CE0744B1B78012B01D100F00D
:107BA000AEFE724B197083E0714C9CE7192111A84D
:107BB000FEF7B6FCDBE7022323706E4B1B68002B3D
:107BC00000D11EE16C4A12789B5C002B00D118E1B9
:107BD000694B684A1B781268D35C2E2B00D022E1D7
:107BE000664B01201988FDF7D3F8654B1C68654B7F
:107BF00018880A21FAF79EFE80B200192860032235
:107C0000614B1A700EF0DAFDF4E1069B9B5C1F00DD
:107C1000613F192F25D8203BDBB200200190049F43
:107C20000198BC46C0003F5C84449F4200D0BFE046
:107C300063465B68002B00D0C1E008000B000132F6
:107C4000039FD6B2B742E0D8002804D000214A4AA8
:107C50001170484A1160002B00D1C1E04B4B1E70DF
:107C6000BEE0202BD9D1059B002BE7D0029B002B37
:107C7000E4D1039F531C9F42E0DD002804D03E4B1B
:107C8000029A1A703B4B1A600122414B0A211A706A
:107C9000052323703A4B01361C683E4B18883E4B37
:107CA0001B88C01AFAF7D0FE384B001928601E70E6
:107CB0003A4A3B4B1478019225006A1E9541029383
:107CC0001B78EDB2002B02D0002202990A70354ACF
:107CD0001278002A01D100F031FF002B04D1002CD2
:107CE00001D0019A137000252F4B1B78032B01D074
:107CF00000F0BFFE2D4A13780133DBB2072B01D809
:107D000000F0C1FE00201070FCF7E2FD002D01D153
:107D100000F02BFF00F01AFFF01E0020EF1E0020E5
:107D2000EA1E0020C59D1C81B51A0020B01A002053
:107D3000A41A0020180600201406002012060020B5
:107D4000E81E0020B71A0020B61A0020EC0600201A
:107D500002004000A81A0020AC1A00200000E2FF38
:107D6000E9060020D81E0020361F002056050020FE
:107D7000FF030000B0050020AC0500201600002025
:107D8000E40500201C000020B40500205805002058
:107D90005905002012000020100000203D1F002087
:107DA000381F0020B4070020B5070020B3070020CB
:107DB000019801300190362800D030E73DE718786F
:107DC000002800D139E70022D14901360A70D14993
:107DD0000B600121D04B1E70D04B1970D04B1A7024
:107DE000CC4B1868002806D0FAF774FDC84B1B78F6
:107DF000834200D2ECE606232370CA4B1C68CA4BB0
:107E00002EE00020C94BCA4E1B7806960393C34B45
:107E1000C84E1B7804960593C14B1B780293BE4B4A
:107E20001A7803000CE72D2B00D0E8E6C24B0120A6
:107E30001988FCF7ADFFBB4B1C68C04BD8E6FCF7BC
:107E400079FAB34A13780133DBB21370B14A12687E
:107E5000D25CB44B002A0BD0022222701C68B84BB3
:107E600018880A21FAF766FD80B2001928601FE71A
:107E700004222270C2E70223237019E7002626702D
:107E800001241E70049B2E601C70FCF76FFA022008
:107E9000FDF724FFAB4B30001E70AB4B1E7005F09E
:107EA00077F804F0ABFEA94B1C70ABE60023E3E7C8
:107EB00011AC0522200012F029FAA54DA54A2B7815
:107EC00010780292002B4BD0A34E3378034347D156
:107ED0002622A24BFF329C5C2822FF329B5C5A1E5A
:107EE000312A00D9142332219D485943FAF722FD43
:107EF0009C4B80B21880032343439B4A9BB2138060
:107F00009A4A10809A4A138007224243994B1A805A
:107F10000523029A1370834B1A68974B1A8000232B
:107F2000964A33701370964A1370964A1370964AA5
:107F30001380964A1370964A1370964A1360964AB5
:107F40002B701360954A1370954B964A1978002947
:107F500002D01178A1420CD0147001221A7008E0EE
:107F6000052803D08E4B1B78002B0CD10023029ADE
:107F700013708D4C2378012B38D1FCF7DBF90223E9
:107F80002370684B4BE0674B744F039319682623AB
:107F9000FF33FB5C01251A002A402B426FD0794E3B
:107FA00034781B072CD4FCF7CBFB002828D0002CFE
:107FB00000D0CFE23570002201247C4B7A4D1A802C
:107FC0007B4B1C702B78934200D0BCE2A023013283
:107FD000DB05FF3277489A61FCF75EFD0AF0D6FDBB
:107FE0002C70554B01201988FCF7D2FE6E4B1B7884
:107FF000022B17D0704B1B78002B00D058E6BDE544
:1080000000236400E4B23370022CB2D1664C2378B2
:10801000012BEBD1FCF78EF902232370039B1A6826
:10802000664B1A803F4B654A1B6811885B1A9BB2EE
:10803000132BDFD900245C4B5D4D14801C702C7019
:10804000FCF778F921005120FBF7E6FE200009F04B
:10805000ADFF200009F04CFE3A4B20001C702C7044
:1080600004F096FF04F0CAFD554B1B78A34202D0E2
:108070000220FDF733FE0123049A1370C2E5932317
:108080005B00FB5C032B00D0EFE018AE30000EF07D
:108090005FFD039B304D1C682878A4B2052800D9E9
:1080A00067E7FAF729FC03182EA5B6CE7378002BE4
:1080B00002D003232B707EE73378002B00D158E7E2
:1080C0000121314B3F4A1C803F4B29701B784B40AC
:1080D0008B4013806FE72C4E224B3A4F32881B881F
:1080E0003988A21A5B1892B29BB29A4200D231E24E
:1080F00000200EF085FC00233B80022334802B708F
:1081000084E77378204A002B60D01480D1E7C04602
:10811000AC050020B0050020580500205A050020BD
:1081200059050020E405002010000020570500201C
:108130005B050020B8BB0108160000200E000020DF
:108140000C0000209607002095070020381F002013
:1081500015000020E0050020DF050020581F00204A
:1081600070170000D6050020D4050020D20500209D
:10817000D0050020CE050020DA050020DD05002016
:10818000DC050020CA050020CC050020C905002020
:10819000C8050020C4050020C0050020BC05002043
:1081A000DE05002014000020EA050020341F002016
:1081B000EC1E0020204E0000E31E0020E8050020F9
:1081C00020080020D8050020501E00203378002B06
:1081D00003D1148004332B70CBE61388B649E31A1D
:1081E00009889BB2994200D9C3E61480012361E754
:1081F0007378002B00D0ADE1B04EAF4A33881288BF
:10820000E31A9BB29A4200D977E701200EF0F8FBFF
:1082100073E77278A94B002A01D01C8049E73278B5
:10822000002A01D01C80E1E71B88A54AE31A1288C6
:108230009BB29A4200D99CE602200EF0E1FB052396
:10824000C9E772789D4B002AE7D13678002EE9D134
:108250001B88E41A9B4BA4B21B88A34200D988E672
:1082600003200EF0CDFB2E7083E68BB20193042821
:1082700000D966E1FAF754FB050030007300C00036
:108280003A0120000EF064FC23786278002B14D1B0
:10829000002A00D16DE68C4A0121137000228B4B1D
:1082A0001A708B4B019A1A808A4B8B4A1B784B4071
:1082B0008B401380894B19707DE6002AEBD0932305
:1082C0005B00FA5C263BFF3B022A02D12279534035
:1082D000E1E77D4A1278FAE77B4B1D78804B002D51
:1082E00000D1804B1E887A4B019A02931B88D31AC7
:1082F0009FB2764B1B78002B10D120000EF028FC8B
:108300009322794B52009B5C002B1CD1002D18D07E
:10831000E378002B02D001226C4B1A706E4A13884E
:108320009B199F4200DA15E1002301201380029B74
:10833000019A68401A800EF063FB0222674B1A70A4
:1083400064E6A378E5E7012BE8D1002D05D1644B65
:108350001B88BB42F5D82378DBE76378D9E75C4E0E
:10836000019B35885D1B594BADB21B78002B11D199
:1083700020000EF0EDFB93235B00FB5C022B09D089
:10838000514B1B78002B13D0E378002B02D0012235
:108390004E4B1A70484B1B88AB4200D9E9E54B4B5A
:1083A0001978002906D0484B1A78012353400DE074
:1083B000A378EAE720000EF0CBFB23786178002B4E
:1083C00004D0002901D000F08CFF190000203F4AA2
:1083D000107081420DD0019A0299328001220A70F8
:1083E000394A200013700EF0B3FBE4E5364A1278E8
:1083F000DCE70322394BB1E5354D019A2B88D31ABE
:108400009EB22F4B1B88B34244D920000EF0A0FB34
:1084100022780121002A00D16178274B188843086F
:108420001B189E421BDA002900D1A2E56178264B79
:10843000002A06D0002906D11A70019B2B80274BF9
:1084400034E00029F8D193225200B95C263AFF3A71
:10845000022902D121794A40EEE71978FBE7002989
:1084600000D186E519490B78002B00D081E5013356
:108470000B7093214900785C1349022808D1002A27
:1084800006D06078002803D0227953400B7070E545
:108490000A706EE502200EF0B3FA0C4A0F4B117809
:1084A000002906D000211170019A2A8001221A7039
:1084B00081E5042252E5C046D2050020CC0500200B
:1084C000D0050020CE050020DD050020DC050020C1
:1084D000DA050020501E0020D8050020E00500200D
:1084E000D6050020D4050020581F0020AE4D2000E6
:1084F0002B8802930EF02CFB2378002B02D1667898
:10850000002E0FD093225200BA5C022A07D1002B12
:1085100005D06278002A02D0012322795340A34A71
:1085200013708AE7019B029A9D1AA14BADB21B887A
:10853000AB4200D91DE503200EF062FA9D4B1E7080
:1085400017E59C4B0AE5022B00D04AE52C709A4BAC
:108550001A8046E501220021984B1A70984B198029
:10856000984B1978022900D11A70039B1A68EEE71C
:10857000954B1A78002A04D1013202201A70FDF7B7
:10858000ADFBFBF775FF914A914B12689149128E32
:108590009B560A78002A16D08F4B1A78501C1870F8
:1085A000312A02D900220A701A708C4A1378002BE3
:1085B00000D11FE5FF2B00D099E100231370884AFA
:1085C0001370884A59E54408A03BE418864A874B53
:1085D0001178019300201B5E8548A5B2029024B259
:1085E000002906D10078002803D19C4209DA019BBA
:1085F0001C80019B00201B5E603308DB61235B4213
:1086000003E0180001336130F3DA01980380019B25
:1086100000201B5E1800723016DB0A331BB275484F
:108620009C4214DB744B1C800378FF2B01D0013378
:1086300003700026714B1E70B14215D10378B3420E
:1086400012D0012313700FE069235B42E7E76B4E02
:108650003378FF2B01D0013333700023037099422C
:1086600002D031789942EDD11778654E654A33785A
:108670000392002F42D0002B0DD1634A1378FF2BB9
:108680000FD10123002233705F4B1A700EF096F861
:108690003378002B0AD0039B1888042845D8012082
:1086A00048E00133DBB21370032BEAD8574D2C8816
:1086B000002C02D120000EF0E3FA012301341C400B
:1086C0002C80039B01261888042804D90A21053030
:1086D000FAF7BAF986B207247443029BA4B21B7856
:1086E000002F00D1A0E04A4D002B49D02B88494AE9
:1086F000934200D959E701332B8056E7464A002BB5
:108700000FD01378FF2B06D100233F4A337013702C
:10871000414A1370BAE70133DBB21370072BBAD9A1
:10872000F2E7394B17701F70C0E70A210530FAF7DE
:108730008BF980B20121002F05D1401880B2491871
:10874000032800D94108314A13888B4215D30023EE
:108750001380783406DB78352B1CEDB2402D00D920
:108760004023DBB24020002F04D1181C142B00D969
:108770001420C0B20EF084FAA3E701331380A0E7FF
:10878000264E274F3378022B05D13B88A34202D3D4
:1087900024480EF049FA0123029A33701370002224
:1087A0002A803A8001E7C046DA050020DD05002076
:1087B000CE050020E0050020E8050020EC1E00208A
:1087C000341F0020EA05002020080020481E002059
:1087D0001E0000200B0600200A0600200E060020C6
:1087E0000D0600200C060020090600201A000020BB
:1087F000080600200006002018000020FF050020C9
:10880000FE0500201C000020FD050020FA050020C8
:1088100006060020FDFF0000FC05002004060020E5
:108820000206002004B40108A84D002B36D0A84C45
:108830002088002828D0012823D0A6490A78092AB0
:108840000AD87600B0428041531CDBB240420B7024
:10885000A1492D308854CF54A04B019A1B8812880F
:108860009F499B1A1A1C1BB2282B00DD28221304D7
:1088700000D500220B889B189A4A0B80137801338D
:10888000137020200EF0FCF90023029A238013704D
:108890000122954B1A8002232B7086E62B78022B3F
:1088A00000D082E6904D914A2B88934201D8013343
:1088B0002B80884F3B78002B09D003235E432B8805
:1088C000B6B2B34203D300200EF0F4F92E802B8809
:1088D000A34200D269E63B78002B04D001200EF0C1
:1088E000E9F92C8061E682480EF09EF9F9E7013340
:1088F000DBB213704F2B01D8FFF77CFB5DE6FBF773
:108900001FFF002809D17B4B9B7F002B05D17A4BA1
:108910001B78002B01D1FFF7CBF97849784F0B7802
:10892000002B0ED13A00C8202B33013BDBB2108064
:108930000232002BF9D1734A1370734B1880012354
:108940000B70724A6F4D13782C786600062B00D896
:108950008AE06420FBF726F8B853F35B002B01D1C3
:10896000C833F3532B21601CFAF76AF8684B0E00EA
:108970001B782970002B05D0664B1B78002B01D18A
:10898000FFF796F9644A654B11781B78194301D0BB
:10899000FFF78EF9624B05201970624B1970FBF7D7
:1089A000CDFB0322534B01929B8C002B01D105334D
:1089B0000193019B8022DD015B4B0021ED18280013
:1089C00011F0A4FC3888012203005100795A041CDC
:1089D000884200D90C1CA0B20C1C994200D21C1C6D
:1089E0000132A3B22B2AF0D1474A1488A0423ED2CA
:1089F000611E241AE4100C1BA4B2148000220292FF
:108A00009C4202D21B1B9BB2029333002B33039375
:108A1000029A4023312A1BD92B213000FAF7FAF8A9
:108A2000374F4900CB5B00209C4201D21B1B98B200
:108A3000072702997843F9F77DFFC2B24023002A45
:108A400006D0BF331840381A803B83407F22134042
:108A50002B706B70039B01360335B342D8D101985C
:108A6000FBF727FFFFF724F90133137075E7023492
:108A7000C2E7022B01D0FFF749F92C4A13780133E2
:108A8000DBB20F2B02D81370FFF740F90023284CFC
:108A90001370267820007F227F34264911F03EFD96
:108AA0002670214C244E2000611C7F22277811F073
:108AB00035FD230080347F331F70A642F3D1FBF7CE
:108AC00001FFFBF7F1FEFFF721F9C0460406002085
:108AD0000606002001060020EE05002018000020F8
:108AE000EC050020EB05002002060020FDFF000041
:108AF00004B40108581F0020CB1E0020560500209A
:108B000000050020FE0400200A000020FD040020D3
:108B1000DE1E0020DA1E00200F1F00202508002086
:108B2000E51E0020E41E0020BD1A0020B30700202F
:108B30002D0800202E0800203D1E0020002B01D112
:108B4000FFF7E4F80CF08AFD002C08D00023019A0E
:108B50001370C24B1B78002B07D108F031FFBF4BBD
:108B60001878002801D10EF0A7FABD4C2378002B0D
:108B700004D0BC480EF058FD00232370BA4C237873
:108B8000002B04D0B94B1B78002B00D07CE3B84BF2
:108B90001B78022B44D1B74B1B881B0705D18023C0
:108BA000B54A9B0151694B405361B44A1388002B6D
:108BB00001D0013B1380B24A1388002B01D0013B46
:108BC0001380B04B1D78012D0ED1AF4B18780028C3
:108BD0000AD00138C0B21870002805D109F088F811
:108BE000019B1D70029B1D702378002B0DD0A74A9E
:108BF0001388002B09D0013B9BB21380002B04D1BA
:108C00000DF016FC03200CF037FD03F0C3FA00282A
:108C100067D09F4E3378002B39D0013B337060E032
:108C2000032BC2D1934B9B4A19881088091A6929D2
:108C300006DD00201B889849013308701380B4E7D3
:108C400019888842B1D1802593498B4E0878AD01AF
:108C5000002803D1B5621B880F3316E077697D4089
:108C60007561112808D91B886933138000230B70A4
:108C70000B7801330B7098E70B28ECD8A8252D0151
:108C8000C540ED07E7D51B882D331380F0E7834BF4
:108C90001B78002B25D1824A039212780492012A74
:108CA0000BD0022A7DD07F4F3D78002D00D18EE081
:108CB000012D00D12AE17C4A67E1FBF7D9FBFBF7E4
:108CC000D7FB0224794B1880039B1C70784B1D68DE
:108CD0002800FBF7ADFA2800FBF720FCFBF7BEFAF3
:108CE0003470744B1B68002B04D003F06FFC002819
:108CF00000D076E10022FF216F4B1A706F4B197084
:108D00006F4B19706F4B1A706F4B05931B78042BC8
:108D100000D1A9E16D4B1C78E4B2FBF711FD0028EE
:108D200000D02DE26A4B1A786A4B002A00D14AE241
:108D3000694D02212A7816008E43002800D022E2D5
:108D4000012E00D022E219780131C9B2197002292E
:108D500000D921E2002C07D0002A05D000221A7089
:108D6000FEF7B8FA00232B70FCF7CCFA04001328A6
:108D700002D00022594B1A70594E5A4D33789C42FA
:108D800000D16DE2132B08D0132C06D0564B0021D6
:108D90001A78564B1878FDF7DFFD002334702B80CE
:108DA00072E2FBF765FBFBF763FB414B02001868BF
:108DB0003E4B1B88934204D99B1A032B01DD4C4B7D
:108DC00018680023039A137003F0AEF989E70D20A9
:108DD000FAF7E8FD0400030483D40E20FAF7E2FD5D
:108DE000444A454B24041C4013680443E31A1460AE
:108DF000DA179B185340414A632B02DC1578013582
:108E0000EDB29121322089001570FBF705F8022D93
:108E100009D832203A49FAF7FFFF049B002B00D013
:108E20005FE71523FAE6374B374AE318934203D935
:108E3000200003F079F9F0E72D4B65081D601C4B0D
:108E4000039A1C60012328001370FBF7F1F9280036
:108E5000FBF764FBFBF702FA0223DFE6B40700200E
:108E6000FC040020EC0400202A1F00200E1F00201C
:108E7000E8040020D81E002000080050BE1E00207C
:108E8000BC1E0020361F002095070020040800208B
:108E9000E4040020E6040020E5040020E21E002097
:108EA000DB040020E11E00200A1F0020CC0400206B
:108EB000D004002018080020CB0400200800002067
:108EC00007000020CA0400200F1F0020D51E00202C
:108ED000CB1E0020C4040020CA1E0020A7200020B2
:108EE00059000020421F0020C31E0020580000200F
:108EF000D4040020E00400200000FF07DC04002070
:108F000045020000C0E85DFE3FEA700011AD290097
:108F100018A8FAF751FE041E00D1E2E6FBF75EFA4C
:108F2000022C34D1189803F0FBF9FF2804D1B64B7A
:108F30001868FBF7DDFA74E70222B44B3A70187038
:108F4000B34B1A70B34B013A1A70019B1A70B24BB3
:108F50001A78002A41D000221A70AE4B1B78934237
:108F600000D1BEE6AA4B03201B789A1E012A02D923
:108F7000012B04D1042008F013FDA84B187007F052
:108F8000F5F90123019A1370029A1370A9E6012CD6
:108F9000CDD1288803F0F2F9FF28C8D09B4DA04A14
:108FA0002B789B4C834215D12178012912D113785B
:108FB0000133DBB21370012B05D902233B70954BB3
:108FC0001970019B1970012323703B782870012BC5
:108FD000BDD8ACE700231370F5E702200CF04CFB82
:108FE0007FE611AD290018A8FAF7E6FD0400022873
:108FF00017D1189803F094F9FF2800D184E6894B23
:109000001A78824200D17FE6874A18701470FF22D6
:10901000864B1A700022864B1A700123029A137035
:1090200072E6012800D06FE6288803F0A7F9FF2830
:1090300000D169E67D4B7E4A1978814211D11378BF
:109040000133DBB21370012B00D85DE6754B1A7843
:109050008A4200D158E61970734A029B14701C7042
:1090600052E6187014704FE6724B1B78012B48D1F2
:10907000714B1B780193002B00D105E16F4A1378E7
:10908000013BDBB21370002B00D0FDE00DF050FA75
:109090006B4F6C4B3A886C4C002A03D11A800268E3
:1090A000128822808288002103921B8822880CE08B
:1090B000029D013306350295039D9BB2AB4226D239
:1090C00006225A430499525A019906260D005E431E
:1090D0000296039EB3421CD3002901D05A490A804C
:1090E000002D01D0574A13800222524B00201A70E3
:1090F0000DF0E2FF0CF0B2FA059B1B78042B00D0B8
:1091000008E64C4B1B78002B00D103E6BCE0019D28
:10911000DFE70668B4460496029EB4446646768845
:109120009642C5D9002901D047490A80002D01D0B7
:10913000444A13802588454E4022280044497580C2
:109140000CF012FD422143480CF0F0FC0636F0878B
:1091500022200DF01DFB03F07BFD0EF0BFFC8821EB
:109160003620FAF759FE00210120FAF7E7FF1E2208
:109170003B88403501333B80304B25801A70B9E77E
:1091800060426041CEE5002E00D1DCE5002C00D02D
:10919000D9E500221A70E7E5002119708A4209D149
:1091A0002D4B01311A702D4B197010202970FDF7CD
:1091B000D3FBD9E5032A00D1D2E5002C00D0CFE5BE
:1091C00001322A70D0E5254D2A78002A0DD00028DA
:1091D000DFD11A780132D2B2022A01D8002CD9D0BC
:1091E00000221A70FEF776F8BEE50028D1D0197873
:1091F0000131C9B21970022900D8B5E516491A70B3
:109200000A700121D1E7C046E0040020DA04002002
:10921000D9040020D80400200A1F00204D1F002080
:10922000DC04002008000020CB0400200700002000
:10923000CA040020401E0020EA060020060000208C
:10924000E4060020C8040020C60400203C070020DB
:10925000400700203E070020A7200020EC1E002031
:109260002B8801339BB22B80022B16D1684E694D9F
:10927000132C0BD12878132804D000213278FDF765
:109280006BFB2C70002333702BB0F0BD002201214A
:1092900020002C70FDF760FBF4E7272BF4D9132C8A
:1092A000F2D0282B09D1102CEED00121584B0A0006
:1092B00020001970FDF750FBE6E722000B3AD2B20E
:1092C000012A08D80121524A11705B0703D10A0014
:1092D0002000FDF741FB2A884F4B9A42D4D1292325
:1092E0005DE593235B00FA5C263BFF3B022A01D03D
:1092F000FFF77CF82279FFF759F86289238918AEC5
:109300001204290030001A4303F03EFCE389A289CD
:109310001B0413431E93237C08A97371637C08A864
:109320007373A37C3371E37C33734123627D5B18D9
:10933000DA77227D25AB1A70A27D22AB1A707323D7
:10934000E27D5B181A706923227E5B181A706D2308
:10935000627E5B181A70A37E5A1E93416B225218CC
:1093600013707223E27E5B181A70637F1AAAD37798
:109370002A4A5B009B5AB383A27F23AB1A70E37F18
:109380003386631CDA7F6E235B181A70A31CDA7FA6
:1093900075235B181A70762321001B1822311022C6
:1093A000180011F0E2F8852308AA9B181F703000FE
:1093B00003F016FC300003F0FFFA194B32002800CE
:1093C000597B032304F0E8FF762308AA9B181900B1
:1093D000280004F0C1FF134B029A1D800323137071
:1093E0000122114B1A70FBF7E9FBFEF720F92C0064
:1093F0000E4E4034A4B2280008353100ADB20CF056
:10940000DCFB0836AC42F6D10948FEF79FF8C046AF
:10941000C31E002058000020FFFF000068BD0108A7
:10942000581F002026000020381F00204007002081
:10943000E4060020F0B501209BB0F9F769FC80201C
:109440004005F9F757FCC02000250726F14BF24AEA
:10945000F2491A60F24BF34A4B60136A00061B0292
:109460001B0A034313628D600E603021EE4B2720F0
:109470001960136A12AC1B021B0A1362F9F7E8FCAD
:10948000012323610233A360F023E5606561656019
:109490001B022100E548129310F092FE8023210068
:1094A000DB00E248A027129310F08AFE4023FF055C
:1094B000DE49BB613C3B8B61033B6360210077333A
:1094C000DA48129310F07CFEA42338005B002100E0
:1094D000129310F075FEC12321009B00D348129314
:1094E00010F06EFE802321009B01D148129310F0F2
:1094F00067FE60232100CF48129310F061FEC02365
:1095000021009B00CB48129310F05AFE2020F9F75F
:10951000F1FB0EF04FFA2022C74F3000FB6A1343D5
:10952000FB62FB6A9343FB625732C44BFF329D627E
:10953000DA621968F63A0A431A608022D968520042
:109540000A43DA601A680235AA431A600EF0D4FEA4
:10955000BB48BC4BC268BC491A409C239B031343C5
:10956000C36030000EF0AAFEB84AB94B2021D36088
:10957000B84B300093600EF0B1FE2800F9F768FC9C
:109580001B228020A94980000B68B34E13430B6057
:10959000F9F7BEFB3A68B14BE0211A4080239B03E8
:1095A00013433B60B368AE4A09031340B36073686A
:1095B000AC4AC02013407360B368AB4A80001340CC
:1095C000B3607368A94A13407360B3680B43B36018
:1095D000B368AB43B360B3681340B360336BA44A62
:1095E000134033637368A34A134073607368134076
:1095F000C022736009235200012140001140013B49
:1096000008435208002BF7D12022800502D0F9F739
:1096100007FBC2B280239B00D340974A9B009B1854
:109620001F221968C0209143173A0A431A60C022CA
:109630001A2301219204C004150040000D40013B93
:1096400028435208002BF7D140012033002802D0D4
:10965000F9F7E6FAC3B28025ED04DD40874BAD0093
:10966000EB1802931B68F822F820039301211823BA
:1096700012044004150040000D40013B28435208ED
:10968000002BF7D1C0012033002802D0F9F7C8FA27
:10969000C3B2C0225204DA4007239340039AF82051
:1096A0009A430392F8221823012112044004150062
:1096B00040000D40013B28435208002BF7D1C00168
:1096C0002033002802D0F9F7ABFAC3B2C02252040B
:1096D000DA4005239340039A1343029A136004224D
:1096E000B3681343B3600422B3681A4002920422A1
:1096F0001342F8D10125B36880202B43B360A02624
:109700000823F605B361C001F9F7F4FA0EF052F937
:109710002800F9F79DFB0223029A63605B19A3609E
:109720000533E2602561210012953000636110F07D
:1097300047FD09230535129521003000636110F0C3
:109740003FFD3F494E4B8A684E481A40A023DB0438
:1097500013433F228B60CB689343C2221D43CD60ED
:10976000802192008358C9051B021B0A0B438350BA
:1097700080231B010360444B1A68520609D4196800
:10978000424A1140424A0A4304211A605A688A43F5
:109790005A6040268020DA69334940010A40DA6184
:1097A0001A68002532431A60F9F7B2FA0120F9F776
:1097B0004FFB0223A02063600133A3601D33E560EB
:1097C000656112931F3B21002361C00510F0F8FC76
:1097D0008023A020129321002561C00510F0F0FC29
:1097E0002C4B1A68324209D11968284A11402A4A7A
:1097F0000A4304211A605A688A435A60DA691A498E
:10980000E2200A40DA614022196800260A431A6001
:1098100044E0C0463C000020006CDC0210E000E0A8
:10982000FF52070000ED00E0C418002000040050C3
:1098300000080050001400500010024000140040C6
:1098400000000140FFFFC0FFB02A0000800002407E
:10985000C81800201814005000240140FFFF9FFF8B
:10986000FFFF7FFFFFFFFFFCFFF7FFFFFFFEFFFF94
:10987000FFFF0FFFFF17FFFF302401400C240140C2
:10988000FFFFFFC000E100E0003800404000FFFFA4
:1098900007030000003001402F0300000423584A52
:1098A0009362F9F741FE5748FBF7F6F830000136AE
:1098B000F6B2F9F741FE082EF8D12B20F9F734FE65
:1098C000FA208000FBF7E8F82E20F9F72DFEFA20A9
:1098D0008000FBF7E1F82F20F9F726FE2F20F9F79B
:1098E00023FE2F20F9F720FE2F20F9F71DFE464812
:1098F000FBF7D2F84020F9F717FEAF20F9F714FE76
:1099000004233F4A022593610EF062F80CF0A4FA9A
:10991000FA223E4B01201A70F9F79AFA0EF04AF833
:109920000120F9F7F5F98020C001F9F7F1F90023DA
:10993000E360C023DB00129303220123A0206361B4
:10994000A260236121006560C00510F039FC280089
:109950000EF0D2FC28002E490EF0B0FC80212D4BD9
:109960002D4A2800DA602D4A49009A600EF0B6FCB4
:109970002B492C4B8A682C4D1A40E023DB00134303
:1099800080228B603B6BD20113433B633B6B274AC6
:1099900013403B63EB68264A1340EB60EB689B0483
:1099A00000D58DE0EA68234B1A400C231343EB608B
:1099B0006B69214A13406B612B69204A13402B616C
:1099C0006B691F4A134038226B61BB681340102B30
:1099D0003AD00ED8082B00D116E307207B683A68EE
:1099E0005B0B034017499B00D20A02405858D040F5
:1099F0003CE0183BB343F0D18020000236E0C04683
:109A000000040050C0D40100409C0000A7200020AA
:109A1000A02000001C00024048190020043801402A
:109A200000000140FFC0FFFF00380140FFBFFFFF03
:109A3000FFDFFFFFF3E9FFFFFFF7FFFFFFCFFFFFB0
:109A4000FFFCFFFF60BE01080322FB681340934246
:109A500000D1D4E27B68EE4A1B045B0F9B00985850
:109A60000C23FA681A4200D0CBE24000BA68E949F8
:109A70001205120F920052581F210A40D040BB68B5
:109A8000E54A5B045B0F9B009B580B40D84017D006
:109A90001923962158438902F8F74CFF64210700E7
:109AA000F8F7CEFF080132306421F8F743FF642154
:109AB00006003800F8F73EFF00013618B6B2AE6077
:109AC00040236A69022013436B610EF023FC80235C
:109AD0000026EA689B011343EB6027216E60CF48A4
:109AE0000CF090F80120F9F713F90120F9F7B0F91B
:109AF00080200004F9F7FEF80EA90A00C84BA1CB9C
:109B0000A1C20C22200010F030FD2200C54BC64936
:109B1000A1CAA1C3C54BC64A1E60C64BC64DC748A5
:109B20008B61531CDE77C64B55609660D660106122
:109B30001E001B68002BFBD132601360C14A10610C
:109B4000012055609360D360BD4D531CD8772B0026
:109B50002D68002DFBD11A60AF23156002225B0037
:109B6000B948CA540DF0BCFEB8480DF0B9FE072242
:109B7000B74BC0219D731D701A72063A9A72C722A4
:109B8000B4485D729200835809061B021B0A0B43FE
:109B9000835080231B060360AF4E0E222D21300020
:109BA00010F0B4FB8023AD4A9B00B5739361802213
:109BB000AB4952008A618B61802128000902FAF7C3
:109BC0002BF929002800FAF727F93720A549FAF7D9
:109BD00023F922213620FAF71FF9C6211020890027
:109BE000FAF71AF91120A049FAF716F912209F493D
:109BF000FAF712F913209E49FAF70EF9842114207E
:109C00008900FAF709F949209A49FAF705F97B2002
:109C10009949FAF701F97D209849FAF7FDF84820AB
:109C20009749FAF7F9F840209649FAF7F5F8102223
:109C30002000954910F099FC615D2B031943092020
:109C400089B20135FAF7E8F8102DF5D1F8211C207A
:109C5000C900FAF7E1F81D208C49FAF7DDF81E205B
:109C60008B49FAF7D9F81F208A49FAF7D5F83E2030
:109C70008949FAF7D1F873208849FAF7CDF87720A7
:109C80008749FAF7C9F819208649FAF7C5F8B421C7
:109C900028200901FAF7C0F8AA2129200902FAF7B9
:109CA000BBF8CC212A20C901FAF7B6F82C207E494E
:109CB000FAF7B2F82F207D49FAF7AEF853207C4925
:109CC000FAF7AAF87E207B49FAF7A6F846207A49E7
:109CD000FAF7A2F84A207949FAF79EF8072078495E
:109CE000FAF79AF890210024764B774A332009023C
:109CF0001A80FAF791F800213F20FAF78DF873489F
:109D00000EF04AF903F0BAFAFF22F02526002700E8
:109D10006F4B6D031C806F4B1C706F4B1C706F4B37
:109D20001A706F4B1A706F4B1C706F4B1C706F4B1F
:109D30001C706F4B1C706F4B1C706F4B1C706F4B0B
:109D40001D600DF011FC0494059403952800202259
:109D500012A9FAF779FC12A80DF07EFB00281BD09F
:109D6000442204AB9B181B783C3A13420BD10121CF
:109D7000614A1170002F03D0139A0499914202D2C4
:109D80000700139A0492002E02D0169A944202D22F
:109D9000169C059303950600F42320355B039D4232
:109DA000D4D1574B002E00D130E101341C60039B0D
:109DB0002033AB4201D2514A13600024A74201D0A4
:109DC000049C01344F4B1C60002E02D0059B1B07E6
:109DD00012D412AD10220021280010F097FA0123AE
:109DE000F8225B425242139428006B81AA81AB7324
:109DF0000DF01AFC0DF0B8FB0822434812A9FAF73F
:109E000023FC424B04AA4048138712A980E0C046B5
:109E100060BE010880BE0108C0BE010830C2010852
:109E200048B00108941A0020EC0000207C020020B9
:109E3000701A0020E0BE01080D4F0108D942010848
:109E4000481A00204C1A0020480000204000002042
:109E5000005C004000E100E0982000200014005069
:109E6000000400501F9D00003A030000DB030000C7
:109E7000DF030000B22A0000DC73000020E90000CC
:109E8000A8330000163500005DB1010855E500005B
:109E9000584C00005AC60000C694000091460000CD
:109EA000EF88000041100000221800009098000088
:109EB000282000003E3000000A60000030540000FE
:109EC000CE610000A01A00200090FFFF9620002025
:109ED000BA1A0020B81A0020EA1E0020B71A002083
:109EE000B61A0020B51A0020B41A0020B31A0020B8
:109EF000B21A0020B11A0020B01A0020AC1A0020BB
:109F0000A81A0020A41A002058A10000296300000C
:109F100000230822FBF76CF803F06AFD0221002001
:109F200003F030FE0221012003F02CFE02F066FE59
:109F3000012008F03BF8D2480EF02EF8D1480EF080
:109F40002BF8D1480EF028F8D0480EF025F8002064
:109F500006F060FCFAF7F4FBCD4C002858D100273E
:109F6000FF2200239446CB492678CB4C0B706A46DF
:109F70006546107A029A2A40D200155D002D07D05E
:109F8000002E00D086E0A218D279322A00D081E0DB
:109F9000002B00D00870FAF7D3FB00287FD00A24EA
:109FA00004F036FDFAF754FD04F06EFC01237F2225
:109FB0000021BA48009404F0D9FA03237F2200213B
:109FC000B748009404F0D2FA0024FAF77BFCFAF7C1
:109FD0006BFCFAF7F3FDFAF7B3FB002800D192E02F
:109FE0000024B048FAF758FD322CF4D11322AE4BBE
:109FF0001A70AE4B1A700022AD4B1A8057E0AD4874
:10A000002EE50323584331E5AA482FE51E60D4E628
:10A01000FBF778F90600A848FAF73EFDFAF790FB3F
:10A0200000289CD0FBF76EF90500A348FAF734FD31
:10A03000A24B5A7F0A32964211D0B5428FD10221EB
:10A04000994A1570994A1570994A1180122D0ED0AF
:10A05000112D84D101229A4B03271A7080E7012227
:10A06000197F02274A401A7703F0C6FF78E71A7F64
:10A07000002A00D073E701275A76277003F0BCFF4F
:10A08000322007F08DFC8F4B8F4A187012788F4B5F
:10A090001A6065E7029B01330293012367E7FBF730
:10A0A00031F9132800D07AE7002F00D077E7884BEA
:10A0B000824C1B78002B30D1864B1B78002B2CD187
:10A0C0000520083407F014FEE37F3C2B22D8F9F773
:10A0D00055FC814B01221A70804B784F1B78022B64
:10A0E00001D0052B01D1F9F7F1F83B00383318788E
:10A0F0000138042800D95FE1F8F712FC54015A0135
:10A10000B201B901B901FBF7FDF8132800D067E7E8
:10A11000013466E7FAF752FDDBE72500403504F02D
:10A1200077FCFAF795FC04F0AFFBFAF7CBFBFAF7F4
:10A13000BBFB2B78042219009143012916D10DF0A5
:10A1400047FCFAF73BFD0422654B5C4E1B789343BA
:10A15000012B00D0DEE00025012F00D0E8E03836EA
:10A16000357038000BF088FA5E4BB3E7042B09D149
:10A170000BF0D0FAFAF7A6FBFAF796FB01200CF0E9
:10A180009BFFDEE71022584806A9FAF75DFA102275
:10A190000AA95648FAF758FA554B1E88300002F0C3
:10A1A00069FA642102903000F8F74AFC30008BB263
:10A1B00064210393F8F7BEFB029B4E4982B20093E1
:10A1C0000EA8039B0BF0BCFA2B784B49032B0BD04A
:10A1D000002B45D104AA127A04AB1B7E002A0BD1B6
:10A1E0004649002B00D00AA906A810F0B6F90EA91E
:10A1F0000AA810F0B2F901E0002BF8D000230A25DC
:10A2000019007F2206A8009504F0B0F902237F22EE
:10A2100000210AA8009504F0A9F904237F223848F8
:10A22000002104F0E7F980200023364A404215005F
:10A23000803529780133C94329701178DBB2414058
:10A2400011700132802BF2D12F4A304912A80BF045
:10A2500077FA06237F22002112A804F0CBF989E7C0
:10A26000022BCBD104AB1B7A002B03D1234906A8C8
:10A2700010F073F904AB1B7E002BBFD12449B7E764
:10A28000501F0020521F0020541F0020561F002086
:10A290004E1F0020441F0020C0BF01081AB1010852
:10A2A00022B10108102700005900002058000020AA
:10A2B000421F002000366E01204E0000581F002073
:10A2C000BC1A00204D1F00204C1F0020481F0020FA
:10A2D000401F00203F1F00203E1F0020901F002035
:10A2E000981F00203D1F0020C8A00000D8A000003B
:10A2F0003E1E00202BB1010839B1010841B101080F
:10A3000083BF01083D1C00207EBF010852B1010837
:10A3100049B10108C84D2B78002B05D0FAF7F2FFA0
:10A320001328F7D000232B70012007F03FFE12E71F
:10A33000032F35D1E31DDD7723003E331D7023004D
:10A3400043331D70A31DDD87230046331D7020237A
:10A35000FF33E554B94BBA4A1E68BA493000A577B5
:10A36000A58402F011FC3300023F2D331F70043B23
:10A370001F70300002F020FBB34B38001E6007F066
:10A3800015FEFAF709F8FAF7D1FCB04B3D221D7023
:10A390002300657608333834DA7725700337E0E632
:10A3A0002F00DEE63A003B003932127829331A706A
:10A3B00001210800FBF72AFB3B003E3319780029F6
:10A3C00003D01E224A43A24B1A700CF017FE012044
:10A3D0000BF032FC002802D001200EF08FF89D4BCC
:10A3E00002931B78012B00D091E09B4B03931B78C9
:10A3F000002B03D1994B1B78002B52D0984B994DD1
:10A400001E782C68012E0ED93B000833DB7F002B11
:10A4100030D1002C01D0FA2C05D18023924A9B0127
:10A4200051694B40536101342C60032E32D13B0003
:10A430000833DB7F002B2BD08C4B9C4231D900237F
:10A440002B60F9F71DFF0123894C1A0020881E217B
:10A4500080B2FAF72FFC238864339BB2238020E07C
:10A46000FAF776F8834B18780BF006F9A4E70EF0AC
:10A4700057FBA1E7002C05D12223FF33F85CF9F745
:10A4800053FAD0E77C4B9C42CDD190235B00F5E79B
:10A490007A4BD2E77A4B9C4203D900232B60012EE2
:10A4A000CFD0784B1A78002A03D16C4A1278002A50
:10A4B0002DD000221A70744B1B88934204D13B00AC
:10A4C0000833DB7F3D2B04D12223FF33F85CF9F7FF
:10A4D0002BFA0024C822039B92001C70644B1A8044
:10A4E0006A4B1B78A34208D0694D2B78012B00D012
:10A4F00083E002332B70FAF7ABFAF9F7D7F80620AE
:10A5000001F058FE042002F043FD0BF0A7F8614B68
:10A5100003931B78002B00D0AFE1029B1B78012B2B
:10A5200003D05D4A9B009B5898475C4E3378002BC4
:10A5300004D05B4B1B78002B00D09EE101F02AFE7B
:10A54000002809D10023574DEB56002B64D17B1D09
:10A55000DB7F002B00D0B9E0534B1B78002B00D1E0
:10A5600024E1524B1B78002B00D11FE102F02EF8A2
:10A57000002800D01AE1BB7D4D4A9B075B0F9B5A18
:10A580000730BC8A04930BF02DFC0F230509ADB2F4
:10A590001840022820D90A200BF024FCC3041BD445
:10A5A000C0B2092818D92B00DD22193BFF3B9BB212
:10A5B0001201934210D3049A3E4B3F49944200D873
:10A5C000C4E01A88A21A012A00D0C2E00A88100545
:10A5D00002D4132A00D9BCE0374B1D80354B1C80B8
:10A5E000364B1B78002B00D0A4E2304B00221978A8
:10A5F000200049B20BF0E0FCD2E0022B00D07AE759
:10A60000220021001020FCF7A7F901222C4B2C700E
:10A610001C702C4B1A706EE72B4B1B78002B96D0BE
:10A62000274B1B78002B92D1FBF7B0FC01F0B2FD59
:10A6300000288CD090E7C046A7200020481E0020AC
:10A6400090FE960205040000441E0020401E0020DB
:10A650003C1F0020361F0020D61E0020D51E0020E3
:10A66000D41E0020D01E0020000800501021010040
:10A670005400002057000020983A00009834010050
:10A68000E0280100CC1E00200C1F0020CB1E002063
:10A69000CA1E00203E1F002094BF01082A1F002070
:10A6A0000E1F0020F01E0020C51E0020EF1E0020FF
:10A6B000B0BF01084C1E00204E1E0020B61E002018
:10A6C000EC1E0020C91E002053000020184C2378E7
:10A6D000002B00D140E70023EB56002B00D03BE7D6
:10A6E000144B1B78002B00D036E7029B1B78052B00
:10A6F00000D131E7104B1B78002B00D02CE73378CA
:10A70000002B00D028E7F8F76BFE0C4D2B78002BC0
:10A7100005D00B4B1878002801D10AF0ADFF0023BB
:10A72000084A2B701370084A2370137014E7C04650
:10A7300052000020EC1E0020031F0020C81E002035
:10A740000F1F0020C71E0020C61E0020049A94423E
:10A750000CD11A88121B012A08D1C34A128810058D
:10A7600000D439E7C148824200D935E71C80C04B8C
:10A770000D801B78002B00D0D0E1BE4A138001224F
:10A78000BD4B1A70FB7C002B00D13C82FAF716FA05
:10A79000A0238022DB0552009A61B84BFF3A1A7061
:10A7A00003200AF069FF0022B54B1A70BB7F002B13
:10A7B00009D0B44BB44A1B88002B00D0C2E11388E7
:10A7C000002B00D1C2E1B14C2378002B1FD0B04B3D
:10A7D0001B78002B15D1AF4B1B78002B11D1FB1D23
:10A7E000DB7F002B0DD0AC4B1B78002B09D1AB4B82
:10A7F000AB4A1B781278134303D13378002B00D176
:10A80000F3E1FA22A74B92001A8000232370A64E90
:10A810003378002B31D0029B1B78052B2DD1A34D13
:10A820002B78002B00D1E4E1F9F7DEFDBB7F002B94
:10A8300005D03B00FE33998B588BF9F7D5FC7B1D77
:10A84000DB7F002B10D0964B1B785BB2002B0BD11B
:10A85000914B1B78002B07D1954B1C78002C03D112
:10A86000F8F7BEFD934B1C7001F0BCFE0A22924B20
:10A870001A8000232B7000233370904B1A78002A23
:10A8800000D1A2E500241C7003F088FBFAF720F940
:10A890008B4A2000138801339BB213800BF0CCF954
:10A8A000A04202D020000DF029FE039B1B78002B54
:10A8B00001D1FCF729FD834B1A78002A00D184E5E9
:10A8C00000221A70804A1378002B07D0013BDBB2BC
:10A8D0001370002B02D101227C4B1A70029B1B7853
:10A8E00002937B4B1B78002B08D0029B012B00D1DD
:10A8F000B7E101F06BFE002800D0BCE1754A137887
:10A90000002B21D0013BDBB21370002B1CD1724B0A
:10A910001A688023D28BDB009A4210D26F4B1B78CF
:10A92000013B022B0BD86E4B1B78002B07D1F8F79D
:10A93000EDFE6C4B1878022801D101F03BFCFBF7CF
:10A94000E1FE0022684B1A70684A1378002B13D07E
:10A9500067490978072901D000290DD1013BDBB2F5
:10A960001370002B08D1634B1B78002B04D0FBF72E
:10A97000FFFD0122554B1A705F4A1388002B00D04F
:10A980007BE100235D4A05931378002B00D081E121
:10A9900005F0DEFC5A4B04931B88002B00D082E1AB
:10A9A000584B1C88584B1D7878236B439C4218D118
:10A9B000564E3378002B14D0FAF75CF8F8F7A0FB6A
:10A9C00000210620F9F7BAFB0A22FB1DDB7F534367
:10A9D000394A13800023012233703C4B1A704C4BD0
:10A9E0001A70029B494E012B00D1ACE101F0EEFD43
:10A9F000002800D0A7E1294B1B78042B00D1A2E14D
:10AA00002B4B1B78002B00D09DE13E4B002C00D13E
:10AA100070E1013CA4B21C80002C00D06AE101224C
:10AA20000425049B32701C80234B1A80F8F768FBC6
:10AA30002000384CF8F778FF2820A562F8F774FD5D
:10AA40004020F8F771FDAE20F8F76EFDA5610322F6
:10AA5000314B062019780131114019704B42594190
:10AA6000C9B2F9F76BFB57E14E1E0020EB0F000057
:10AA7000B61E0020B41E0020B31E0020501E002071
:10AA8000C51E0020BE1E0020BC1E0020C41E0020CB
:10AA9000EC1E0020C31E00200A1F00200F1F0020F4
:10AAA000F01E002050000020C21E0020C11E002009
:10AAB000031F0020C01E0020041F00203B1F002099
:10AAC000D81E00203A1F0020391F0020381F002008
:10AAD000371F0020301F00202C1F00202B1F0020BC
:10AAE0002A1F0020291F0020281F0020271F0020C8
:10AAF000261F0020121F0020101F00200E1F002004
:10AB00000C1F0020081F002056000020061F0020F8
:10AB10003D1F002000040050021F00208C490B78CC
:10AB20002F2B0CD85A1CD2B20A708A495B005C5297
:10AB3000302A04D08723DB009C4200D255E50BF07D
:10AB400073FA2DE60021844B118019703378002BA5
:10AB500000D038E6029B1C78FD23A21E1A4200D1C9
:10AB600031E67E4B1B785BB2002B00D02BE67C4B92
:10AB7000794A187800281ED011787A4A002914D012
:10AB800064211180012C00D01DE6774A1278002A3A
:10AB900000D018E61B78002B00D014E6F8F79AFDD9
:10ABA000724B1C70724B1C700DE6128891B2002A19
:10ABB000E8D11970E6E71278002A00D103E60122F5
:10ABC0001A70052C01D107F093F8029B1B78012B1A
:10ABD00000D1F8E5674B1B78002B00D0F3E507F0B8
:10ABE000D5FF0122624B1A70EDE5052007F080F8D1
:10ABF0000BE6614B1B78002B00D03CE67B1DDB7F16
:10AC00005E4A5F4C0492002B0BD0544B1B785BB216
:10AC1000002B06D15B4B1B78002B02D12378002B35
:10AC200017D0FB1DDA7F584B19780A23002900D072
:10AC3000BE335343049A138001232B7000252570E3
:10AC4000F9F758FBF9F786FB29002800F9F776FA9F
:10AC500011E6F8F7C5FB0A23049A1380093B237019
:10AC600009E64A4B01221B889BB2134200D145E6FC
:10AC70003E4B1A7042E6464BF4E7013B9BB2138011
:10AC8000002B00D07DE6434B1B78013B5A425341D9
:10AC9000DBB277E6013B13703F4B1B78002B00D1F2
:10ACA00076E6FFF792FB3D4A1278002A00D077E65D
:10ACB000344A1278002A00D072E6364A1278012A05
:10ACC00006D1132800D16BE61538012800D867E6B5
:10ACD000049A013B9BB21380002B00D060E63B003E
:10ACE0000833DB7F3C2B00D95AE6F8F747FEF9F72B
:10ACF00049FE55E61B885A1E132A09D8002D07D095
:10AD000000209B0702D12223FF33F85CF8F70CFEEA
:10AD10003378002B00D09AE6039B1D78002D47D096
:10AD20001F4C20000DF038F9FA221E4B52001B88F0
:10AD3000934206D81C4BDA8823889A4201D3FFF746
:10AD400044FBFAF7BDFF78226A43184B1A80DFE70D
:10AD5000B21E0020521E0020BB1E0020F01E00204C
:10AD6000BA1E0020B81E0020EC1E00203D1F00204F
:10AD7000381F0020D51E0020031F0020041F0020C4
:10AD8000C01E00200A1F0020061F0020341F0020C4
:10AD9000321F00200F1F00202A1F00200B1F002041
:10ADA0009620002094200020F61E0020081F00207E
:10ADB000B24B1C880134A4B21C80029B012B13D01F
:10ADC000E30711D4AE4B18780493461CF6B21E70FC
:10ADD000AC4B4000C0180DF0DFF8032E01D9049BE6
:10ADE0001D70012005F016FDA4070AD1A64B1B78A3
:10ADF000002B03D1A54B1B78002B02D00122A44BC2
:10AE00001A70A44B1B78002B65D1A34B1B785BB247
:10AE1000002B60D101F0BEF900285CD19F4B1B785C
:10AE2000002B03D09E4B1B78002B54D09D4B1A78DF
:10AE3000042A50D09C4B1B78002B4CD19B4B9C4838
:10AE40001B78002B12D09B490B78002B0ED09A4C0C
:10AE50002478002C0AD1012A08D0013BDBB20B7008
:10AE6000002B03D18A49013343760B70059B002BDD
:10AE700031D00021914B1980012A08D105F068FAE0
:10AE8000132802D01538012801D8F9F797FE8C4C09
:10AE90002378002B03D1884B1B78002B02D0022093
:10AEA00001F088F9FBF71CFCF9F79EFC00237C4AB3
:10AEB00023701370834A13700122834B1A70834BE3
:10AEC0001B78002B04D001F081FB002800D1032562
:10AED00028000AF0D1FB7E4B1B78002B18D17D4B4C
:10AEE0001A78002A14D018780138C0B218700028D7
:10AEF0000ED102F04DF8754B1B78002B08D001F0F5
:10AF000065FB002804D10BF093FA03200AF0B4FB90
:10AF1000714B1B88002B0FD13B000833DB7F013BBB
:10AF20003B2B09D85E4B1B78002B05D1594B1B7866
:10AF3000002B01D1F9F726FD684B1B78002B1ED0A2
:10AF4000674D01212C88674B0134A4B222000A40CE
:10AF5000110000201A702C8003F0D2FA029B012B02
:10AF60000DD01D2C4BD80AD1474B1B78002B06D196
:10AF70005D4B1B78002B02D1022001F01BF901F080
:10AF800009F9002859D0594B1B78002B55D1584945
:10AF90000A78012A51D8574803780133DBB203708D
:10AFA000012A07D1202B05D9534B1B7802330B7094
:10AFB000374B1A700122444B1A703A4B1B78002B06
:10AFC0000AD14E4B1B78002B06D101F0FFFA002866
:10AFD00038D0012003F05CFD494B1B78002B01D1D8
:10AFE000FFF7F3F90CF06AFA464A474913888B4297
:10AFF00001D9FFF7EAF901331380FFF7E6F90023DF
:10B000002B80214B1B78002BB9D1374B1B78002BA1
:10B0100002D1022001F0CEF83C4B1B78002BAED1C0
:10B02000039A01330520137006F062FE384BDB7F74
:10B030003C2BA4D8F8F7A2FCA1E7164B1B78002BF9
:10B04000B8D1BAE7334B1D78002DC5D00022324B62
:10B050009A56022AC0D10024304E3457082C79DC8D
:10B060000123210019401C425AD19D4202D00520E3
:10B07000F9F764F801343470AEE7C046F41E0020DE
:10B08000F21E0020501F0020401F0020F11E002053
:10B090003D1F00200A1F0020F01E0020EF1E002090
:10B0A0000B1F00200F1F0020031F0020961F0020F1
:10B0B000581F00203C1F0020EE1E0020101F002003
:10B0C0002B1F0020ED1E0020381F00202A1F00200B
:10B0D000EC1E0020EB1E00200C1F0020DE1E0020B6
:10B0E000DC1E0020DB1E0020DA1E0020E21E0020F5
:10B0F000E11E0020E01E0020DF1E0020E31E0020D5
:10B10000EA1E0020E81E0020FDFF00003F1F002077
:10B11000601F0020E61E0020E51E0020E41E002027
:10B12000012D08D1601E0628A4D8F7F7DBFB0BA37E
:10B130000BA30FA3110019000520F8F7FFFF032D43
:10B1400098D1EFE7032001F035F893E70420FAE700
:10B150000520F8E718703FE7F0B58B4B04001B782B
:10B160000E00150085B0002B00D1ADE10F2801D1F4
:10B1700000F0C8FD0022854B1A70954201D100F005
:10B180005BFD0D283DD0112827D00A283ED1804DE7
:10B190002B7893421DD17F4E7F4F3278F95C9142DC
:10B1A00019D001330A2BF9D101340A21E0B2F7F7A3
:10B1B00047FC7B5C33700BF075FE0022774B1A70F6
:10B1C000774B1A700BF0FAFA022000F0F3FF01231C
:10B1D0002B7005B0F0BDDCB2E6E7724C2378002B93
:10B1E000F7D1714A1370714A13706C4A13706C4A2C
:10B1F00013700BF0E3FA022000F0DCFF0123237050
:10B20000E7E70BF07DFE0022694B6DE11228E0D8E4
:10B21000F7F77CFB59001300130013001300130011
:10B220001300130013001300DFFF78008C00F7FFFA
:10B23000DFFFDFFFDFFF9900B100002EC9D05D4ABC
:10B240005D4B1278661E0192544AF6B2995D1078F1
:10B25000554B534F1D78A0421DD1002D1BD038787F
:10B26000013D0130F7F7D6FC05227243534B39708C
:10B270009B18019A5B5C002A05D11A00413A192AF1
:10B2800001D82033DBB2494A535501224C4B1A7086
:10B290000BF094FA9DE705211470002271433A7077
:10B2A0006A1CD2B21A70454BCB5C0199002905D1BA
:10B2B00019004139192901D82033DBB23B494B55DC
:10B2C00000238B54E1E7002E00D182E7334E344C4B
:10B2D0003578002D11D1344B1B78002B0DD0334A1B
:10B2E000013BD15C202904D11031D15401232370BA
:10B2F000CBE70CF04DFB2570C7E70CF049FB0023B2
:10B300003370F4E7002E00D163E70022234B264977
:10B310001A70234B1A702A4B1A700B789342B7D0CD
:10B32000013BDBB20B702149CA54B1E7002E00D1BA
:10B330004FE70023194A1370194A1370204A1370FB
:10B340000CF026FBA4E701231A4A11784B40137036
:10B350000BF034FA022000F02DFF3AE70C4A002EE1
:10B3600002D00023137034E71378002BF9D10121A8
:10B370000F4B1970F5E700230B4A13700B4A13703B
:10B38000064A1370064AE2E7E31E0020AD080020DB
:10B39000D90300200100002056BB01080D06002043
:10B3A0000C060020D8030020570500205B05002074
:10B3B00057000020000000204DBB010820BB010801
:10B3C0000E060020BE4B1B78002B00D101E70022A7
:10B3D000BC4B1A70BC4B1A70BC4B1B78934200D10B
:10B3E00056E7BB4C2368934201D101F007FC246867
:10B3F0006369186801F018F8002804D02300283386
:10B400001B78002B55D1B34B1B78002B51D1333413
:10B410002378002B03D0B04B1B78042B50D0AF4BBC
:10B420001B78002B4ED00620834243D8F8F76DFFDF
:10B43000012006F05DFCAA4B00241A7E0A2301328B
:10B440005343A84A13801388A74A9BB21380A74B83
:10B450001C70A74B1C70A74B1C70A74B1C70F8F7F7
:10B460000FFF2000F8F71CFF21005120F8F7D4FC53
:10B470002000F8F7E9FE984B1B78012B00D007E776
:10B4800002219E4A11709E4A13709E4A13709E4B71
:10B490009E4A1C709E4B1C609E4B1C709E4B1B68F2
:10B4A000053313609D4B1C709D4B1C700BF086F98F
:10B4B000EEE6032001F06CFD022000F07BFEE7E6E3
:10B4C0000120F7E70220F5E7964B1F78002F0DD0FB
:10B4D00010280BD00D2809D0002D00D079E6002EC1
:10B4E00000D176E6904B02221A7072E68F4B0293DF
:10B4F0001B780193002B2AD0002E00D1E8E3002D09
:10B5000000D0CBE32000F7F75BFF0190FF2800D1CC
:10B51000ABE3874F3C78002C0CD1864E0E222D21B8
:10B5200030000EF0F3FEB573631C019A3B70814B43
:10B530001A5501E00D2CF7D910227F4B1A7000220A
:10B540007E4B1A707E4B01321A70774BCCE7122C6F
:10B55000C2D82000F7F7E4F913001300130013001A
:10B5600013001300130013001300130065010C02F5
:10B570000C028202170365036B0313001300002DF6
:10B5800015D0002E00D124E66E4B1B78002B00D086
:10B590001FE66D4A1178002902D01370674A1370B4
:10B5A000F9F722F901212000FAF73AFD11E6002E01
:10B5B00001D05D4B50E2654B1B78002B00D02CE195
:10B5C000634B614F1B785BB2002B28D0200003F047
:10B5D00029FA3B78012B00D8FBE50A205D4B3E7031
:10B5E0001A785B785043C018C0B2002807D11922DE
:10B5F000594B1A7003F042FA02F03CFFE9E51828B3
:10B6000000D9E6E5544B187001F022F90028F1D179
:10B610000222454B01301A7001F032F9EAE7304E50
:10B62000737B02934D4B1D683B78002B15D1EB8B40
:10B630004B4A9B18062B10D84822290049480EF087
:10B6400094FF029B484A5B00995BF3189B8811802A
:10B65000464A13800122464B1A70200003F0E2F99B
:10B660001022354B1A700393F8F750F80022334B31
:10B670001A708022EB8BD200934202D20423039AE9
:10B6800070E6374A9B18062B00D92BE72B693C78CC
:10B690001A68384B93429B415B4206330193002C5E
:10B6A00000D196E503219C4200D30D311020F7F71D
:10B6B000CBF9039B1870019B9C425DD93B7088E5D8
:10B6C000570500200D0600200C0600205B05002019
:10B6D000441E0020D51E0020361F00203F1F0020E2
:10B6E000581F0020341F002080030020D61E002099
:10B6F000CC1E002096070020950700201006002091
:10B700000F060020B405002058050020B8050020D1
:10B71000B0050020AC050020E405002059050020FC
:10B720005A0500202A1F0020291F0020EE1E00209D
:10B730001608002007080020301F002057000020B6
:10B74000C91E00200F1F00202B1F0020AD08002065
:10B75000F01E0020D0030020811F00202C1F00209D
:10B7600000FCFFFF880300208403002082030020E8
:10B77000281F0020FFE0F50503F06CF900F0BAFF88
:10B7800000220A21019B1B1B93423ADC64244443A0
:10B79000C64BC74F9C423CD9C64BE318BB4233D87B
:10B7A000C54BA3429B41C54C1C40C54BE41820002F
:10B7B00000F0FAFD2B8E834210D0802380B2DB0094
:10B7C0002886C018029B80B25B00F052F618B08049
:10B7D00002F0D8FB0221029802F0D4F9AE8B2000CF
:10B7E000310000F0EFFDB34BC318BB4204D8B24B9D
:10B7F000984210D8B248801B28600122B14B1A80B1
:10B80000E7E448430132BFE7AF4B9C42CFD91C006D
:10B81000CDE7AE4CCBE7AE48EEE7F8F7E5FF3100F9
:10B82000C1E6002E4AD0002D00D1C2E6A94B1B78FC
:10B830005BB2002B7AD000F0C9FE002804D1A64BE1
:10B840001B88092B00D8C4E4A44BA54C1B682568B1
:10B85000002B56D08022A34BD2001B88934250D39A
:10B86000F7F760FC2800F7F783FC002807D19E4B10
:10B870001B681868F7F77CFC002800D1A9E49B4BF3
:10B880009B4A1D7811000023AB4232D115004B3585
:10B8900029784E0090531F20013101402970202B40
:10B8A00002D001334A321370F7F7A2FC03F0E6F836
:10B8B000904B1B682360FAF769FB8AE4002D00D0E7
:10B8C00087E4019B002B00D083E401248A4B1C7089
:10B8D000F7F71CFF894B01991A781970002A00D0DC
:10B8E00091E47C4B1B785BB2002B35D0F7F76EFFF1
:10B8F0006FE402318E1E36888642D7D00133DBB228
:10B90000C2E7ADB2280000F01BFF802302785B4243
:10B91000134303700100280000F002FF03F0AEF8AB
:10B920000122774B1A70774B1A70C1E7764A137071
:10B93000764B1B78002B00D04BE4704A117800291D
:10B9400002D01370724A13700121724B0A000A2050
:10B950001970FAF71DF93CE46F4B1B7F002B02D0E6
:10B96000F8F742FF35E46D4B1C70694B1C7030E4F6
:10B9700001210B2C0FD1684CE37E002B01D14942F1
:10B9800049B2614B1B78002B07D0481E431E9841DB
:10B9900001210B3008E64942EDE7614A1370614A24
:10B9A0001370627B5200A75A544A1078002802D0C4
:10B9B00013705D4A1370002D07D1002E01D1FFF7DF
:10B9C00008FC0122594B1A7003E0002E01D1FFF749
:10B9D00000FC00223F4B9A56002A39D1544BFB18E9
:10B9E000062B1CD8534B544A1C68208EC0001318D9
:10B9F0005B6882582000F7F705FE504BC218504B89
:10BA00009A4200D96EE52B4B294AC318934200D8BD
:10BA100068E52060F8F70CFCF8F720FCEDE67818F4
:10BA2000130080B200F094FF464B984201D1FFF71B
:10BA3000D0FB874201D1FFF7CCFB637B1A1D52007C
:10BA4000A05201225B00E0523F4B1A702C4B4AE59A
:10BA50000800FAF767F83D4B012245E5002D79D142
:10BA6000002E00D0A5E5002F00D088E0194B234A16
:10BA70001B785BB2002B7BD11378002B01D1FFF731
:10BA8000A8FB0A21013BDBB21370314AD154002BD1
:10BA900005D1254B1B78002B01D006F0C3FB1022EB
:10BAA000154B1A70F7F732FEFFF7ADFB3F771B001F
:10BAB0003F6F400140B23EFC5F856104406F400132
:10BAC000C04DC1032208002080A4BF0740771B009F
:10BAD00000BD0105F01E00201E08002018080020EF
:10BAE0009C0700201C080020481E0020C2040020E3
:10BAF0007804002098070020301F00202B1F002012
:10BB0000F707002087070020AD0800200F1F002046
:10BB1000570000203D1F0020581F00208A070020EA
:10BB2000F6070020F8070020281F0020291F00200A
:10BB300000FCFFFF2C1F002080BB0108C088E4FF31
:10BB4000402DA407FFFF000088070020C91E002029
:10BB5000D0030020002E01D1FFF73BFB704B1B7878
:10BB6000002B01D1FFF74FFB06F05CFBFFF74BFB0F
:10BB70006C4B17701F70F7F729FEFFF744FBF8F7BF
:10BB8000E7FCFFF726FB684B1B78012B01D1FFF781
:10BB900020FB664B1B78002B00D09DE4002D02D1CA
:10BBA000002E00D005E5624B1A7F002A00D0D7E6B0
:10BBB000604A1078002D08D0002826D1002E01D12F
:10BBC000FFF707FBFAF7DEFCF3E400281DD15A4B20
:10BBD0001B785BB2002B14D1584B1B68002B10D183
:10BBE0000E22574857490EF0C0FC574B029A1D7061
:10BBF000012313701022554B1A70554B1D70554B75
:10BC00002AE7554B02221A70F9E70021063311701A
:10BC1000D87F524AD9771070012007F057F84C4B63
:10BC2000F0E729003000FAF79FFDFFF7D2FA300065
:10BC3000FAF7E8FDFFF7CDFA122801D9FFF7C9FAA4
:10BC4000F6F764FE41FBFBFAFBFAFBFAFBFAFBFAA0
:10BC5000FBFAFBFAFBFAFBFA8CFB60FB74FBDFFAE6
:10BC6000C7FAC7FAC0FB81FB99FB122C00D939E453
:10BC70002000F6F74BFE9CFC9CFC9CFC9CFC9CFC76
:10BC80009CFC9CFC9CFC9CFC9CFC9EFC7DFE7DFE2C
:10BC9000F5FE88FFD6FFDCFF9CFC9CFC122C01D932
:10BCA000FFF797FA2000F6F731FE6CFC6CFC6CFC99
:10BCB0006CFC6CFC6CFC6CFC6CFC6CFC6CFCBEFDF1
:10BCC00063FE63FE55FF6EFFBCFFC2FF6CFC6CFCA5
:10BCD000122C01D9FFF700FC2000F6F717FE50FCEC
:10BCE00050FC50FC50FC50FC50FC50FC50FC50FCF4
:10BCF00050FCEFFD49FE49FEBFFE54FFA2FFA8FF26
:10BD000050FC50FC002A01D0FFF763FA144B1D7061
:10BD1000144B1D70144B1D70144B1D70FFF7B8FAB7
:10BD2000281F002097070020361F00202B1F00200F
:10BD3000581F0020AD080020F01E00201808002029
:10BD4000070800209820002016080020301F00203F
:10BD5000570000203D1F0020291F0020E103002084
:10BD6000570500205B0500200D0600200C06002072
:10BD7000002300B50B604C2800D974E0F6F7BCFD39
:10BD8000272B333739373969733D55555541414173
:10BD90005D45312D5D272F5D55353B4B5531475561
:10BDA0005D4149554343737371554D5545697169FB
:10BDB00069553155595B555D5D5F555D5555555517
:10BDC000556F715563515757575757715D00092388
:10BDD0000020136000BD1723FAE73D23F8E7012395
:10BDE0000B600A23F4E70723F2E76823F0E7D02388
:10BDF000EEE73223ECE72823EAE705230B60AE33B6
:10BE0000E6E71A4BE4E71A4BE2E70523E0E70823ED
:10BE1000DEE701230B601923DAE703230B606033AD
:10BE2000D6E7144B0B60144BD2E70123D0E7152360
:10BE3000CEE77823CCE70623CAE70323C8E701232C
:10BE40000B600E33C4E70D4B1B6834331B78012B9A
:10BE500001D10223BCE7022B03D10023B8E73F2323
:10BE6000B6E70423B4E701204042B3E7FF03000034
:10BE700001040000DC050000AC0D00002C1F0020B8
:10BE80000E4B4900CA5A80231B0130B5D21804005A
:10BE9000802013000C210A4D40015B00034200D0BA
:10BEA0006B4001390029F8D1D802064B18401043E5
:10BEB000032C01D1044B584030BDC0466ED301085D
:10BEC000EA08000000F07F00FFFF7F0070470000DD
:10BED00003000020044AC100515A994203D00130A6
:10BEE0000A28F8D10B387047842200200122002054
:10BEF00010B5064B5968DC688C4201D22100100055
:10BF0000013208330A2AF6D110BDC046842200202F
:10BF1000074A084BD27F002A03D00533DB7F002B72
:10BF200004D0054B1B68054A13607047044BF9E7C2
:10BF30005E1F0020581F0020481E0020441E0020C5
:10BF40002C1F00200023064A1370064A1380064A5D
:10BF50001370064A1370064A1380064A137070471E
:10BF6000C6210020C4210020C3210020C2210020BE
:10BF7000C0210020BE210020F0B51E0085B0131C9A
:10BF8000B24200D9331C00257F27DBB20093174B48
:10BF9000CC011B7824180193154BE418009AEBB2DE
:10BFA0009A4201D805B0F0BD019A331F002A10D083
:10BFB000104A039204229D4213DA80216B1C4942ED
:10BFC00019410422200039400EF0A0F90135053452
:10BFD000E4E7094A02A90392084A029204229D4218
:10BFE00000DB03A920000EF0C0FAEFE7F8220020E2
:10BFF000BD1A00207F41417F3E22223E3E3E3E3E12
:10C0000010B50400012903D00A4B8900C85810BD9F
:10C01000830705D16421F6F7FDFD1D200029F6D127
:10C02000C82120004900F6F7F5FD484248411C3080
:10C03000EDE7C04608C6010870B504000D000129EF
:10C0400006D8012A04D1002110320EF05FF970BD2C
:10C05000112220000A490EF088FA022DF7D9023D7C
:10C060000D34042D00DD042503235D43651B2000F2
:10C0700002220449033C0EF078FAAC42F7D1E6E71D
:10C0800054B0010805B2010870B50D00074904005D
:10C09000F6F7D6FC20000E000449F6F74BFC3300FF
:10C0A00002000349280009F04BFB70BDA086010087
:10C0B00008B2010870B5154B1B78002B0FD0002378
:10C0C0002D25134CE25C29000A2A01D03032D1B26E
:10C0D000C1540133042BF5D10023037170BD002935
:10C0E00004D00C49013209F02BFBF7E780230A4901
:10C0F000DB009A4203D0094B9A4203D108490EF063
:10C100002CFAEBE707490132EDE7C0462B1F002070
:10C11000D003002011B2010883B20108FFFF000024
:10C1200019B2010814B20108FF22104B10B51860B3
:10C130000F4B01241A700F4B1A7000230E4A137014
:10C140000E4A13700E4A137015220E4B1C700E4BC4
:10C150001A70F8F7CDF90D4B1B78002B02D1022095
:10C1600009F08AFA0A4B1C7010BDC046E00400209A
:10C17000DA040020D9040020DC040020D8040020C8
:10C18000E01E0020E11E0020E40400200A1F002021
:10C190003D1F0020054B01201B78002B04D1044BD0
:10C1A00018780238434258417047C0460A1F0020A1
:10C1B0000F1F0020F7B5041E00D189E0431E012B9C
:10C1C00004D8494BDB7F002B00D181E00220474E91
:10C1D0003378023B8343DBB2002B79D0062C77D82F
:10C1E000434F3B78002B02D0424909F01CFEA023AC
:10C1F0008022DB0552009A623378052B05D13E4B35
:10C200001B78002B01D0F8F729F83C48F8F744FCDC
:10C210007120F7F7C7FBE31E0190022B04D88121A0
:10C2200070200902F7F7F8FDF8F784F80320F8F713
:10C230000BF89C2170200902F7F7EEFD0021302059
:10C24000F7F7EAFD2E493020F7F7E6FDFA20C000A7
:10C25000F8F722FCA0238022DB0552009A612948CE
:10C26000F8F71AFC062300255C43274A131999881E
:10C27000A9422ED8A0248025E4056D002348A5629C
:10C28000F8F70AFCF8F772F82048F8F705FC712077
:10C290000199F7F7C1FD3F78002F02D01C48F8F74D
:10C2A000FBFB1C4B1B78002B00D0A561002F03D09B
:10C2B0000220194909F0B7FD3378052B05D10E4B43
:10C2C0001B78002B01D0F8F745F85022134B1A8049
:10C2D000F7BDA05A5988F8F7D5FC01350748F8F79B
:10C2E000DBFBEDB2C1E7C046591F0020361F00201E
:10C2F0002A1F002001420000C11E0020204E000025
:10C300000203000060EA00003ED401088813000028
:10C3100010270000501E002001020000BE1E002059
:10C32000F7B504001727E02380221B0123401201E8
:10C33000934215D10025104B0093E305DB0D0193CB
:10C34000009A6B00D35A019A934206D1EEB23100A3
:10C350000220FFF795FDA0420BD00135682DEFD1EB
:10C36000012323409B056408013F1C43002FDAD1C1
:10C37000FF263000FEBDC0466ED3010870B5020036
:10C380003224FF200023074E5900755A511B00D557
:10C39000A91AA14201DA0C00D8B20133322BF3D131
:10C3A00070BDC0460AD301080623054AD90051587A
:10C3B000814201D858B27047013BF7D20020FAE71A
:10C3C00080BB0108164B70B505000C00994215D1D1
:10C3D0001449F6F735FB0800AF218900F6F7AAFAF1
:10C3E00044430338434258410E4924182800F6F7C5
:10C3F000A1FA0C4D45436519280070BD0129FBD0F9
:10C40000FA239B00994200D34C08601C80B2401074
:10C4100021004019F6F78EFA44432500ECE7C046A8
:10C4200041030000C4090000484B0100C218484BFA
:10C4300000B59A4200D985E0464B474AC31893425B
:10C4400000D87FE0454B18780A2800D97AE0F6F743
:10C4500053FA061963232D2F384347796D00404B5B
:10C46000994200D86EE03F4B0020994205D93E4BDF
:10C47000994203D83D4B1878013800BD3C488842AA
:10C480008041FAE73B4B3C4ACB1800209342F4D959
:10C490003A4B3B48C918F2E73A4A364B0020CB18D2
:10C4A0009342EAD9384B3948C918E8E7324AF4E7E9
:10C4B0002B4B994246D9364B00209942DDD9354B5A
:10C4C000E7E7274B99423DD9314B00209942D4D917
:10C4D000304B3148C918D2E7304B3148C918CEE744
:10C4E000304B314ACB1800209342C6D92F4BCB1882
:10C4F0009342C2D92E4B9942BFD02E4B9942BCD009
:10C500002D4B9942B9D02D4B9942B6D02C4BC8181F
:10C51000431E98414042B0E7164B174ACB18002003
:10C520009342AAD9184B2748C918A8E70022264BDE
:10C530001868884202D85868884205D80132083302
:10C54000072AF5D10120E5E7002096E7C088E4FF3F
:10C55000402DA40740B23EFC3F6F40014C1F00201D
:10C560009F0BD100BF0E1602FF596202E2030020AA
:10C5700000879303004624FF7F1A060080217FFD79
:10C58000BFC62D003F0D030040DF6FFD3F420F008F
:10C59000BF80090100A69DFDBFFB3900CF7257FD8A
:10C5A0003E49000068343EFD5C440000489336FD7F
:10C5B000B0A8E70020C0E70090D7E700E8DAEB007A
:10C5C000601914FF7F841E0080BB01080222002036
:10C5D000034B1B78023BDBB29A424041C0B270472A
:10C5E000361F00200023144A1370144A1370144A93
:10C5F0001370144A1370144A1370144A1380144AA7
:10C600001370144A1370144A1370144A1370144AA6
:10C610001370144A1268110034310978994201D11B
:10C6200013691B79104A13700022104B1A70104BBB
:10C6300001321A707047C046A5070020AC070020E1
:10C64000AE070020B2070020A9070020A2070020A3
:10C65000AD070020AA070020A8070020A707002098
:10C66000A6070020481E0020AF070020BB1E0020A8
:10C670003D1F00209122F8B51A4B52009A5C1C23F2
:10C680005343194A06009B180122191D0D88B54213
:10C6900022D216484F88121892009B18FA22588806
:10C6A00019889200C01B5043491BF6F7CDF90400CE
:10C6B00028000F496043F6F7C7F9FA21C71930007F
:10C6C00089006043F6F736F9381801D5002002E0FA
:10C6D000642800DD6420F8BD01320431072AD5D179
:10C6E000F4E7C046581F00207ED20108FFFFFF3F3D
:10C6F00018FCFFFF70B50400F6F7ECF8002301000A
:10C700000A2518008B4200D370BDE25C303AD2B2E9
:10C71000092AF9D8684301331018DBB2F2E70000A8
:10C72000064B10B5984208D88023DB01C0184000A2
:10C730000023022280B2F8F75BFC10BD0604000063
:10C74000F8B5184B05000024984228D8FFF7C0FB25
:10C750002700154EA0421BDA144AF900715A914283
:10C7600005D001370A2FF8D1FFF7C0FB070080235F
:10C77000FF00DB01BC1C3419E81802222100400034
:10C78000F7F762FF0A4AF5531268F619726006E07D
:10C79000074AC4001268331902345A603419200061
:10C7A000F8BDC0460604000084220020FFFF000000
:10C7B000D01E0020224B73B504000D0098421DD8F6
:10C7C00000291BD08023DB01C0180222400001A9F0
:10C7D000F7F73AFF0222290001A80DF00DFF00280B
:10C7E0000DD12000FFF774FB002807DB154B2A88CA
:10C7F000C0001B185A80144A12685A6073BD290081
:10C800002000FFF78DFF2000FFF762FB0D4E002890
:10C8100007DBC0002B88301843800B4B1B6843603C
:10C82000ECE70020094BC200B25A9A4204D0013012
:10C830000A28F8D1FFF75AFBC0003452EAE7C04695
:10C840000604000084220020D01E0020FFFF00000C
:10C8500070B50500192811D080260024F6002000AC
:10C86000FFF76EFF4378AB4202D103787F2B05D9E7
:10C870000134A4B2B442F2D1002070BD0120FCE723
:10C88000F7B506001924134B134D01932F78287820
:10C89000012E19D11921F6F7D3F80131C8B2287049
:10C8A000FFF7D6FF00280ED12878B84203D0013C0C
:10C8B000E4B2002CEBD1FFF7CBFF002803D1192203
:10C8C000019B29331A70F7BD19211730F6F7A2F929
:10C8D000E3E7C046581F0020811F002070B5060006
:10C8E0000C001500FFF72CFF8023DB009E4229D2AD
:10C8F0000378002C02D05AB2002A23DBDB435B070B
:10C9000020D0002C1CD0182D04D94378002B03D044
:10C91000200070BD002D15D04378192BF8D0AB4204
:10C9200010D1094A094B1278002AF1D09A8D0024BF
:10C93000B242EDD0DC8DA41B631E9C41E4B2E7E75C
:10C940000124E5E70024E3E7821F0020581F0020B0
:10C95000F7B58025ED000E0004002F000092019332
:10C960000B4B9C4212D0BC429B411C402000019AC0
:10C970000099FFF7B3FF002806D1013DA419ADB21D
:10C98000A4B2002DECD1024C2000FEBD014CEDE71D
:10C99000FFFF0000FF0300000279531E022B03D9A2
:10C9A00000230371002105E06723012A00D1363BF3
:10C9B0009942F7D841717047F0B5036904008BB014
:10C9C0001868FFF7F1FC022800DD71E0674B684A48
:10C9D000D57D002D00D06EE0A31CDD7781235B4266
:10C9E0006384FE23FF22DB01A384E31DDA776369FE
:10C9F0001868FFF7D9FC2300019029331B785D1ECE
:10CA0000EDB2002B01D15B4B1D780123052D03D026
:10CA1000AB1F5A4253415B00019A574950180322F9
:10CA200053430001C01804A9F7F70EFE534B0293BD
:10CA3000019B022B01D1524B02936B1F5A1E934153
:10CA400003260333039304AF387803001833DBB2B3
:10CA5000052D06D8039B5843029B595DF5F7F4FF5B
:10CA6000C3B2013EF6B23B700137002EECD104ABED
:10CA7000019A18785D789F78424BD200D1589B1864
:10CA80005E6863691B6899420EDA9E4200DC6BE0C7
:10CA90008A1952089A4262DB2E1A581A7043511AA8
:10CAA000F5F7D2FF2818C0B22A3420700BB0F0BDC1
:10CAB00080235B028BE7ED1823002F0021330493C2
:10CAC00003330593023B069303330793023B08931A
:10CAD0000333099304AE60372800012202CE1035DB
:10CAE000F7F7B2FDAF42F7D1E31CDB7F201D0193C6
:10CAF000A71CC57FF87F611D4210CE7FE11D9446C3
:10CB0000C97F019AA31DDB7F52004900400886427D
:10CB100003D1012E01D9023EB6B2934203D17D2B3F
:10CB200001D802339BB28D4203D1FD2D01D80235CD
:10CB3000ADB26046F877601DC677FF2900DDFF21A2
:10CB4000E01DC177211DCD777F2A00DD7F22E11C0A
:10CB5000CA777F2B00DD7F23A21DD37747E77F1B9A
:10CB6000981A7843B11A9BE738009DE760000100EE
:10CB7000581F00205C0000200D10000072D2010838
:10CB800078D2010880BB010870B51500040044226A
:10CB90000E00043000210DF0B9FB2800FFF704FC63
:10CBA0000D4B0422A383230008332086E683DA7723
:10CBB00002226361094BFF3222852560A560246152
:10CBC0009E4204D12300013AFF3A34331A70200008
:10CBD000FFF7F2FE70BDC046E20400000104000051
:10CBE000421CD27F0368012A03D182699B188360AB
:10CBF0007047022AFBD182699B1AF8E710B5114BE6
:10CC00005A7B012A01D900225A73991D5A7BC97F88
:10CC10001000002906D0591DC97F002902D15042B9
:10CC20005041C0B248214A434143074C84329A18CC
:10CC300022608431054A18735B181360FFF768F9A6
:10CC400010BDC046581F00202C1F0020481E002089
:10CC500070B54A4D2B682D331C78012C03D1484BFD
:10CC60001C780134E4B2A02380220026DB055200A8
:10CC70009A62444B310030001E70F7F75FFA022CC5
:10CC800000D9340020000BF03DFF2B685B69186869
:10CC9000F7F7CEFA3C4B00201B681A0034321278AA
:10CCA000824206D135331B78012B01D0022B00D9EB
:10CCB0001800F7F7F5FA0020F7F7C6FA7E20F6F726
:10CCC00071FE382328219843014389B27E20F7F76B
:10CCD000A3F8F7F737FB00213620F7F79DF8372048
:10CCE0002A49F7F799F852202949F7F795F80021D2
:10CCF0003020F7F791F827493020F7F78DF82648CC
:10CD0000F7F7CAFE2B685B691868F7F707FC012183
:10CD10000800F7F713FA2148F7F7BEFE2A68204902
:10CD2000130052692A3310681B782222884200D8E7
:10CD30001A3A80211B02134319433620F7F76CF887
:10CD40001548F7F7A9FE2B685A69107901280DD00C
:10CD5000831E012B05D85179FFF792F8F7F704FAF3
:10CD600070BD00215120F7F757F8F9E752790D4BC4
:10CD70005200D05AF7F714FAF2E7C046441E0020DA
:10CD8000FC070020501E0020481E00201F9D0000B0
:10CD90008F020000FEC10000102700008813000071
:10CDA000FF3EAB010AD3010810B51D4B40000843FC
:10CDB0001A78C0B20C00824230D018707E20F6F78C
:10CDC000F1FDC3439BB2DB0BA34209D1C021000597
:10CDD000000DDB031843890101437E20F7F71CF89F
:10CDE000C62110208900F7F717F811200D49F7F731
:10CDF00013F812200C49F7F70FF813200B49F7F737
:10CE00000BF8842114208900F7F706F84920084917
:10CE1000F7F702F87B200749F6F7FEFF10BDC04682
:10CE20005A0000203A030000DB030000DF0300008B
:10CE3000B22A0000DC73000070B504000520022C4B
:10CE400000D00438F7F700FA3120F6F7ABFD012CDB
:10CE500055D1204381B23120F6F7DEFF4220404910
:10CE6000F6F7DAFF2A203F49F6F7D6FF3E4B1E7849
:10CE7000022E00D900263D4DF600715B2B20AD1926
:10CE8000F6F7CAFF2F206988F6F7C6FF5420A98855
:10CE9000F6F7C2FF5520E988F6F7BEFF344B1B6852
:10CEA0002D331878002800D003200BF02BFE4820EB
:10CEB000F6F778FD0F23184381B24820F6F7ACFF50
:10CEC000A11E4B1E99412B4B494219403D20F6F7BC
:10CED000A3FF7320F6F766FD21004B1E9941102336
:10CEE000013C984363425C410901014389B27320CC
:10CEF000F6F792FF0021E0B2FFF756FF70BD012365
:10CF0000984381B23120F6F787FF42201A49F6F79D
:10CF100083FFE8212A20C901F6F77EFF00212B209C
:10CF2000F6F77AFF2F201549F6F776FF022C08D185
:10CF300013495420F6F770FF12495520F6F76CFF9D
:10CF4000B5E7114B1E78042E00D900260F4DB60010
:10CF5000715B5420AD19F6F75FFF6988EDE7C046B5
:10CF60005C6F000034740000FE07002046D2010808
:10CF7000481E0020AB2A00005A6B00009098000069
:10CF800009900000A9310000FD0700205ED20108D1
:10CF90000D4B002807D11870587001220B4B1870E8
:10CFA0000B4B1A707047062804D1032218705A7070
:10CFB0000520F2E70749084AC97F002902D1127B00
:10CFC0009854F5E7527BFBE780220020EB1E0020FF
:10CFD000381F00205E1F0020581F00200121814AB9
:10CFE00010B51368013313607F4B197010687F4BC5
:10CFF0004343CB417E48834236D87E4B7E481970EE
:10D000000388002B06D0013B9BB20380002B01D18B
:10D010007A4B19707A490B88142B08D90B88013B7D
:10D020009BB20B80142B02D10121764B19707649EB
:10D030000B88002B03D00B88013B9BB20B807349FC
:10D040000B88002B08D00B88013B9BB20B80002B78
:10D0500002D101216E4B19706E490B78002B03D061
:10D060000B78013BDBB20B7013689B0702D10122E6
:10D07000694B1A70694A1378002B03D01378013B6F
:10D08000DBB21370664A1378002B03D01378013B90
:10D09000DBB21370634B1B78002B4BD162490A88BB
:10D0A000002A08D00A88013A92B20A80002A02D1E6
:10D0B0005E4A0121117000205D4A1056002847D1B8
:10D0C0005C4A1278002A15D15B4AD27F002A11D01F
:10D0D0005A1E012A0ED9042B0CD058490A88002A5E
:10D0E00008D00A88013A92B20A80002A02D1544A32
:10D0F00001211170534A54491278002A5DD000284A
:10D100005BD0524A1288002A57D151480278002A2F
:10D1100053D1504A1278D4B2002A4ED1042B4CD0AD
:10D120005A1E012A49D90A88013292B2182A1ED8F9
:10D130000A801FE0052BBED147490A88002ABAD0D1
:10D140000A88013A92B20A80002AB4D1434AB0E771
:10D150005A1E012ACED93D490A88002ACAD00A8817
:10D16000013A92B20A80002AC4D1394AC0E70122AA
:10D170000C8002703A490A88002A08D00A88013ACD
:10D1800092B20A80002A02D10121364A1170364A31
:10D190001278002A15D0022B11D8002B11D1334A56
:10D1A0001388002B0DD01388013B9BB21380002BFA
:10D1B00007D101222E4B1A7003E00022B8E7042B9E
:10D1C000EDD12C4A1388002B03D01388013B9BB26E
:10D1D0001380294A1378002B03D01378013BDBB26C
:10D1E000137010BDE40500203B1F0020295C8FC296
:10D1F00051B81E053A1F00207E220020F522002093
:10D2000080030020D61E0020321F0020341F002083
:10D21000CC1E0020D51E0020A4070020A707002058
:10D22000A8070020361F002050000020C41E002048
:10D23000F01E00200A1F00205D1F0020B007002004
:10D2400052000020030000207C2200201E08002045
:10D2500053000020B2070020041F0020C21E00203F
:10D26000A2070020A9070020EF1E0020B41E002006
:10D27000C51E0020B81E0020A7200020F0B51025F4
:10D280009BB006AC2A00002120000DF03FF82A00D8
:10D2900000210AA80DF03AF82A0038480AA9F7F741
:10D2A000D3F9374E0AA83100F5F70AFB12AF002870
:10D2B00000D188E02A0031000EA80DF05FF90023AC
:10D2C0002A002E480EA9F7F793FE0822002104A891
:10D2D0000DF01CF8A020082204A90002F7F7B4F909
:10D2E0006B463F221B7DA02093436A4604A9137519
:10D2F000000200230822F7F77BFE0822002102A883
:10D300000DF004F808221F4802A9F7F79DF96B46B3
:10D310006A465B7B1B48AB43537302A90023082278
:10D32000F7F766FE202239001748F7F78DF900223B
:10D33000BB5C002B06D0203B5E2B17D80132102A95
:10D34000F6D100230022B918097C002921D0203908
:10D350005E291BD91022002116A80CF0D7FF00234C
:10D36000202239000848F7F743FE14E0102200217C
:10D3700038000CF0CBFF0123E4E7C04660A10000B9
:10D380001EB2010858A10000C8A000000132102AF6
:10D39000D9D1002BE3D107226946D348F7F754F9D6
:10D3A00000256B465B5701330DD10135072DF8D1B0
:10D3B0002A00CE4968460DF0D8F800232A006946B5
:10D3C000C948F7F715FEA020082221000002F7F750
:10D3D0003BF90F2322781340042B00D90023C449C2
:10D3E0000B7013092F2A00D90023C24A13706378E7
:10D3F000092B00D90123C04DEB75A3785A1FD2B277
:10D40000AE2A00D90B232B76237901211A000A407A
:10D410006A765A080A402A779A06120F042A00D917
:10D4200000226A7701229B091340EB766379013B66
:10D4300059424B41AB77A379092B00D91300EB7705
:10D44000E379082B00D904232A0047321370210006
:10D450000822AA48F7F7F8F80F23227813400A2B7E
:10D4600000DD0A232221DBB21209FF316B549A42FC
:10D470009B411A4090235B00EA546378032B00D948
:10D480000023AA1CD377A378022B00D90023AA1D5E
:10D49000D377E378052B00D90423EA1DD3772379CA
:10D4A000022B00D901236A1DD37763793D2B00D964
:10D4B0000C232A0001210832D377A379EA1C180033
:10D4C000CB400840D0778E4A0B4013702B1DD97784
:10D4D00007222900E37938311A400A702A00DB0854
:10D4E00039321370390010228648F7F7ADF88222DE
:10D4F0003B88D200934200D9834B80227E4ED200DB
:10D5000033807B889342924113403381BB887F4AAA
:10D510009A18062A00D97C4B8222B380FB88D2005D
:10D52000934200D9784B802273803B89D20093428A
:10D530009241134073817B89744A9A18062A00D954
:10D54000714B04220EA97248F380F7F77DF83B2255
:10D550006B4603219B18B27D1B788A4369465B07A3
:10D560009B0F1A43B2756B4A5B009A5A098F91421E
:10D5700004D369481B5A8B4200D30A002A826B46A7
:10D580003A229B181B780132AB746B469B181B78B0
:10D590006249DB07DB0F25326148EB74F7F754F87B
:10D5A00008F092FC082221005E48F7F74DF80122AE
:10D5B000237801351A40EA775A08312B00D9002226
:10D5C00020234D4DFF33EA546378182B00D90323F1
:10D5D0002A0043321370A378182B00D900232A00A5
:10D5E00044321370E378182B00D904232A00453203
:10D5F00013702379182B00D900232A0046321370A8
:10D600006379682B00D90E232A0028321370A3797E
:10D61000282B00D900232A003E321370E379052B12
:10D6200000D903232A00403221003F48137008220A
:10D63000F7F70AF801223D4806AC115D0B004033B4
:10D64000DBB2802B00D881540132082AF5D12100A9
:10D650003748F6F7F9FF6378022B00D900232A0038
:10D6600041321370A3780A2B00D900232A004232DA
:10D670001370E378012B00D900236B732379042BFB
:10D6800000D9002391225200AB541B3AFF3A2100EB
:10D690002848F6F7D9FF23785A1E93412A007A3298
:10D6A00013706279642A00D94FE10A2353432A0098
:10D6B000703213806423A2799A4201D85A3B5343B3
:10D6C0002A00723213806423E2799A4201D85A3BCD
:10D6D00053432A0074321380210008221648F6F7BB
:10D6E000B3FF6423227829E0B9A000001E000020C7
:10D6F000FD070020FE070020581F002008A00000A2
:10D70000FC07002010A000000504000000FCFFFF43
:10D7100020A00000B0BF0108B8BF0108521E0020C1
:10D7200028A00000A8A00000B8A000001D00002054
:10D73000C0A00000E8A00000F0A000009A4201D8BC
:10D740005A3B53432A0076321380642362789A420C
:10D7500001D85A3B53433200783213807E497F4AC6
:10D760007F480AF049F97F4A7F4980480AF044F926
:10D77000082221007E48F6F767FF7F2322781340B6
:10D78000591E182900D90123310029310B703300AB
:10D79000D2092A331A7019236B441A785B78210056
:10D7A0001B021343B3851B236B441A785B787148C3
:10D7B0001B021343F3851D236B441A785B784A36AA
:10D7C0001B02134308223380F6F73EFF23780A2B0F
:10D7D00000D90023684A13706279684B511E8A4150
:10D7E0001A70E379664A9907C90F11701A07920FE8
:10D7F000032A00D1013A63490A70634AD906C90F66
:10D800001170624A9B0913702B1DDB7F002B01D125
:10D81000AB682B6060225E495E48F6F715FF002377
:10D82000012019005C4A40420133108051600832E7
:10D830000A2BF9D180235B020E93022300250EAE42
:10D84000B3806B00F05A554B984201D8FEF778FF31
:10D850000135032DF5D100257F2607272800FEF787
:10D860006FFF011E08D002884D4B9A4200D06FE036
:10D8700007802800FEF79EFF01354A4BADB29D425E
:10D88000ECD10025102248494848F6F7DDFE484B08
:10D890000822210047481D70F6F7D6FEE3791A09E1
:10D8A0006F2B00D92A0044490A701A00FF3A511E12
:10D8B0008A4142491A400A700021FF2B02D05808C1
:10D8C000013181433E4801700021FF2B01D01B072D
:10D8D000990F3C4B1970A1790B093F2900D90023FE
:10D8E000394803700C200023014201D10F330B4053
:10D8F0000125364936480B70637919090D400570CA
:10D90000A078032800D90020324C207032484C0700
:10D91000E40F04703148C90801700F210B40591EF3
:10D920000E2900D90A2301202D490B7006AB1B7963
:10D930002C49184008705908F12B00D93C212A4B7A
:10D9400019702A4B1A701BB0F0BD96235B00AEE62F
:10D950000378334003708CE7A41F002026B201082F
:10D9600010A100002CB20108B61F002020A1000069
:10D9700030A1000050A100004C1F0020E203002055
:10D98000E8060020F11E0020E9060020A007002084
:10D990001C2200200E8800008422002006040000C3
:10D9A000FFFF0000070400000C22002038A1000047
:10D9B0000822002058A100005C000020F92200206D
:10D9C00003000020B5070020D41E0020E61E002022
:10D9D0002C0800208D070020F8220020F7220020CC
:10D9E0002C000020371F002056000020CB1E0020F6
:10D9F00037B5404D082229003F48F6F725FE3F4C39
:10DA0000082229003E480CF0B0FD20000822290021
:10DA100028300CF0AAFD20000822290030300CF03C
:10DA2000A4FD210008223748F6F70EFE2000210051
:10DA3000082208300CF099FD200021000822103047
:10DA40000CF093FD304C0C2221003048F6F7FCFD21
:10DA50002F4B22889A4203D92E4B23806433638054
:10DA60002D4B022263812D4C2D4BE07F2D49C01898
:10DA70004000F6F7E9FD2C4BE07F0222C0182B494D
:10DA80004000F6F7E1FD2200473211782200284BD2
:10DA900048325B5C2748137069460822F6F7D4FDCC
:10DAA0006B460021595EFA23FA229B00CB189BB2E9
:10DAB000D200934200D9002123007C3319806B46A9
:10DAC0009B793F2B00D93A2322007E3213706A469D
:10DAD000D2790F2A00D9082220007F342370B12385
:10DAE000DB01C9188030027089B23B20F6F794F947
:10DAF00037BDC046E8210020C0000100D021002031
:10DB0000F0210020C8000100F61E002040010100A5
:10DB1000871300006C070000FC080000581F00205D
:10DB2000A880000070200020B48000007220002037
:10DB30002ED201088801010070B500240E000500F6
:10DB40000470220021003000FEF7C8FEA04217D06A
:10DB50008023DB00F0180A2229000001F6F774FD8B
:10DB60002200AB5C203B5F2B02D801320A2AF8D19D
:10DB70000023AB54013A511C02D0A95C2029F8D0F3
:10DB800070BD00004823F0B543438BB08A4C03932B
:10DB900084331B190093894B07001B780591002BD8
:10DBA0000CD14300E1188888854A904201D185480C
:10DBB0008880E15A914201D1824AE25282237D005B
:10DBC000665BDB009E4231D8103B9E420CD2300097
:10DBD000FBB200220121FEF7BBFE7B4B0600984200
:10DBE0001FD163199E8866533000FEF7A9FD80227D
:10DBF000038875490290D2008B4219D1964204D213
:10DC00006D4B7F00D9198E88FE52704B704AF31805
:10DC10009BB2DB0031009A580098FEF7B5FF0BB0BD
:10DC2000F0BD3B1D5B006053E052DDE7654EDBE776
:10DC3000029B1B785B075B0F0193072B01D1023B13
:10DC40000193964200D3B2E0029B597848227A436E
:10DC5000594B01989B181A00A2331E808023B432BE
:10DC60001080023A1170DB009E4200D3B8E0059BA1
:10DC7000022B00D0C4E0330104930822049808ACBE
:10DC800021008018F6F7E0FCE0780F240440022C15
:10DC900000D9002448210A007A43474B9A18A4323D
:10DCA000147002092F2800D9002279435B18B83379
:10DCB0001A7008AB9A79172A00D9042248237B43AB
:10DCC0003D490024CB18059119001800AB310A70AA
:10DCD00040495200525AA03002801A000F21B0323F
:10DCE00008AD1470AA7818381140017012099033E9
:10DCF000297800981A70FEF74FFE0398059B8C3028
:10DD0000C0186978FEF748FE2A790123FF2A00D15E
:10DD1000F3E014005508D106500992091A401C403E
:10DD20001D40490F1840059248227A439446AF227D
:10DD3000214B634494469C44624614701C00B134E9
:10DD40002570043C21701900059AAC33B7311A7064
:10DD5000087008AB5B790022FF2B04D01B075A0F19
:10DD6000042A00D9002248237B43134C06A9E31858
:10DD7000B6331A7004980822F6F766FC06994B1C15
:10DD800003D1019A124BD200D158482213007B4391
:10DD9000E3180833D967104B0799994201D90F4B03
:10DDA00007937A43079BA4189C34236028E0F3B2BE
:10DDB000192101934AE7C046581F0020E2030020C2
:10DDC0000404000005040000FFFF000000FCFFFF4A
:10DDD00080BB010868BD0108FFE0F50540420F0067
:10DDE000330080335B013A019B180493059B022B9F
:10DDF00000D142E7434BF3189BB2062B00D83CE717
:10DE000048257D43404C631901930833DD6F28009A
:10DE1000FEF7CAFA3D4AC3B2DB009858A8420DD8B3
:10DE2000D2185068A84209D380232800DB009E4204
:10DE300004D3019DA0352988FEF7C4FA48257D4307
:10DE400065192B000833D8678023DB009E4207D377
:10DE50002B009C35A03319882868FEF7B3FA286098
:10DE60000098FEF7BDFE8023DB009E4205D203989A
:10DE70003100BA302018FFF75FFE482319007943BC
:10DE80006118AF31039A08788C320099A2180028E3
:10DE900001D01100009A7B43E318180098331A60F0
:10DEA0001B4B94301B780160002B07D1194A0B687B
:10DEB0009B18194A934201D8184B0B6048237B43A7
:10DEC000E3181900029AB9311278D206920F0A703B
:10DED000134A1278002A02D0009A98331A60114B24
:10DEE0001B78002B05D048237B43E4180723AD346F
:10DEF00023700098FEF760FD91E6250019002000D0
:10DF0000059311E700FCFFFF581F002080BB0108AC
:10DF1000E203002040F1E9FD3F4B4C00A0B4940225
:10DF2000F6070020F807002007B56B460522FF2101
:10DF3000D81C0CF0EBF969460E4A0F48937C8B70A5
:10DF4000138A0B80937DD27C9B075B0F07211343C1
:10DF5000FF220B408A4313436A466946D37000236D
:10DF60000822F7F745F80023602204490448F7F730
:10DF70003FF807BD581F002020A00000521E0020BF
:10DF800028A000000122034B1A70034B92181A803C
:10DF90007047C046F62200207E2200201FB5124B9B
:10DFA0001A78002A1ED000241C70104B1A78A24246
:10DFB00018D0102269460E481C70F6F745FB6946DA
:10DFC0000C4B0B481A880A801A894A809A888A80E2
:10DFD0005A88CA805A890A81DB8810224B81230023
:10DFE000F7F706F81FBDC046F5220020F6220020F4
:10DFF00010A00000581F00200F22F0B500263C2181
:10E00000B84B97B01B7802AC1340B74AB74D1278A3
:10E01000AF1D120113432370EB7DA02063702B7E94
:10E02000E670A3702B7FEA7E5B00920113436A7E49
:10E03000000213436A7F92000A4013432371AB7FAF
:10E0400022216371EB7FFF31A3712B0047331B78D3
:10E05000EA1DE37190235B00EB5C695C1B015B18BC
:10E060002372AB1CDB7F21006372FB7FA372D37F23
:10E070002A1DE3726B1DDB7F23732B000833DB7FCC
:10E0800063739B4BD27F1B7892005B001343EA1CA7
:10E09000D27F1343A3732B00072238331B7813401E
:10E0A000944A1278D2001343E37310223300F6F738
:10E0B0009FFF502221009048F6F7C6FA2023FF3335
:10E0C000EB5C6A1CD27F5B00134323702B002A0099
:10E0D00046331B784332127823712B006270FA8F1B
:10E0E000283362801B780A2163712B003E331B7832
:10E0F000FF27A3712B0040331B78E3712423FF33E8
:10E10000EB5C637492235B00EB5CA3742B003F33E6
:10E110001B7823762B0041331B7863762B00423328
:10E120001B78A3766B7BE37691235B00EB5C237714
:10E130002B007A331A7812AB1A702B0070331888C0
:10E14000F4F7F8FB4D236B4418702B0072331888DA
:10E150000A21F4F7EFFB4E236B4418702B00743345
:10E1600018880A21F4F7E6FB4F236B4418702B0044
:10E17000763318880A21F4F7DDFB14AB18702B00F6
:10E18000783318880A21F4F7D5FB51236B441870B3
:10E190005022330021005848F6F72AFF7F22554BC2
:10E1A000E7711B78210013402A002A321278534865
:10E1B000D20113432370AB8D082263701B0AA37036
:10E1C000EB8DE3701B0A23712B004A331B886371AC
:10E1D0001B0AA3713300F6F70BFF09200722390051
:10E1E00068440CF093F8464BA6711B782370454B9E
:10E1F0001B786371444B1B78B34201D1FD23E3715B
:10E200000C21424BE2791B788A439B000B4013435D
:10E210003F4AE3711278002A02D110329343E3712E
:10E220003F22E379210013403A4A3B481278920199
:10E230001343E37108220023F6F7DAFE08222100D7
:10E240003648F6F701FA0F21354B364A1B7812781B
:10E250005B0013432371344A344B12781B78D2008D
:10E260009B001343324A12781343324A5BB212784E
:10E270001B01A270304A12780A40134363712F4A7F
:10E280002F4B12781B7812010B401343A3712D4BB7
:10E290001A782D4B1B78002B01D102331A430C2125
:10E2A0002A4B1E481B787E359B000B402849097875
:10E2B00009010B431A4321000023E2710822F6F7FB
:10E2C00097FE694608222348F6F7BEF96A462B787E
:10E2D000694693711F4800230822F6F789FE17B09C
:10E2E000F0BDC046FD070020FE070020581F00209B
:10E2F000FC070020811F0020A8A0000030A1000022
:10E300004C1F0020E2030020E8060020F11E002040
:10E31000E9060020A007002050A1000058A100003D
:10E3200056000020371F0020F7220020F82200208E
:10E330002C0800208D0700202C000020D41E002077
:10E34000E61E0020F922002003000020B50700206F
:10E350005C0000208801010030B50D0085B010225E
:10E360000021040068460BF0D1FF2800F4F7B2FA50
:10E3700002000A2800D90A22290068460CF0F5F8A4
:10E3800080232001DB0180B2C018102200236946DF
:10E39000F6F72EFE05B030BD7FB505001E00344BEC
:10E3A0000800EB189BB21400062B5DD8421E90416A
:10E3B00090220001120280185B01C0186A4623688F
:10E3C00069460093A36980B2019363791372637BFA
:10E3D0005372237B22791B0113436A4693722300F5
:10E3E00034331B78621CD27F1B0113436A46D372FD
:10E3F00023002200283333321B7812789B0152010C
:10E40000134322002B321278134322002932127850
:10E410009200134322002D321278520013436A46B1
:10E42000137323000E2232331B785B0013406A46BD
:10E43000537323000833DB7F93730023D3731022BD
:10E44000F6F7D6FD012321001A00280009F04AFD45
:10E450008023DB009D4206D2022E04D92100280031
:10E460003631FFF779FF7FBD2801012EFBD9A5E7E3
:10E4700000FCFFFF73B51E4D694628000822F6F721
:10E48000E3F81C4C072226001B4B29361B7828007A
:10E4900013403278194DD20013436A466946D3714E
:10E4A00000230822F6F7A4FD280069460822F6F7A3
:10E4B000CBF87F2233782800134022002A321278CA
:10E4C0006946D20113436A461370A38D53701B0A29
:10E4D0009370E38D4A34D3701B0A137123885371F0
:10E4E0001B0A937100230822F6F782FD73BDC04614
:10E4F00008A00000581F0020901F002030A100003D
:10E5000030B5042587B0084C0A00010001A8FDF7CA
:10E5100093FD112300216F20A56201AAF6F770F97F
:10E52000A56107B030BDC04600040050F7B5160025
:10E5300004000D001F00F4F7CDF9731C009323189D
:10E5400001350193019B9C4200D1F7BD217821390F
:10E55000CBB25D2B05D871433200280079180CF03E
:10E5600004F8009B0134ED18ECE70000F0B585B02D
:10E570001C000AAB1B780F00150006000293F4F78D
:10E58000A9F9BD4207D9029BED1B43430135ED1AA2
:10E590006D08EF19FFB2E2010134144BE401D21906
:10E5A000E419D218E418331801920393039B9E4296
:10E5B00001D105B0F0BD3578213DEBB25D2B0DD812
:10E5C0000E235D430A4F0722E919019807350BF026
:10E5D000CCFF07222000E9190BF0C7FF029A019B2C
:10E5E000944663440193A4180136DFE7BD1A002066
:10E5F0000ACD0108F8B51D0006000F001400F4F75D
:10E6000069F90300A74207D207205843E11B0131F3
:10E61000091A49087F18FFB2044AE901C9193000F4
:10E620008918034B0622FFF781FFF8BDBD1A0020B1
:10E63000D6CA0108F7B51F4E1D00337804001E4FDF
:10E6400000910192012B21D11C490BF086FF2A0079
:10E650002000009909F006FA3A78194B5200D65A70
:10E660000A213000F4F7ECF930008FB20A21F4F7F8
:10E6700061F93B00134982B2200007F061F82B00DA
:10E68000002220000199FFF7B5FFF7BD0E490BF0FE
:10E6900064FF2A000099200009F0E4F93A780B4B56
:10E6A00031785200D25A4E23032900D1053B084944
:10E6B000E2E7C046CB0400200800002032B2010887
:10E6C0000AD30108A1B2010838B201086ED30108CB
:10E6D0003CB20108F8B51D0006000F001400F4F765
:10E6E000F9F80300A74207D207205843E11B013184
:10E6F000091A49087F18FFB2044AE901C919300014
:10E700008918034B0622FFF711FFF8BDBD1A002040
:10E71000A2C80108F0B50027234CD20185B05218D9
:10E72000141902930190F4F7D5F825003B00C2B20A
:10E7300080350392039ABA4201DC05B0F0BD019A1C
:10E74000D65D2D2E2CD0002B01D1202E22D03300CF
:10E75000303B0A2B13D81421303E4E43134B0A2270
:10E76000F6183100A01C0BF000FF31000A22A81C93
:10E770000A310BF0FAFE01230D340D3508E02E2E80
:10E78000F9D1602303342B706B70AB7003355F3BA2
:10E790000137CFE7029A002AEED0063C063DEBE7B0
:10E7A0003A26002BD7D1D2E7BD1A0020C6C70108F0
:10E7B00030B5072501241540D208D2018018425CEB
:10E7C000AC401500A543002B01D02243D5B24554DF
:10E7D00030BD0000F0B50C0087B005930CAB1B7882
:10E7E000019202930090009B1B78002B01D107B08F
:10E7F000F0BD03220026203BDBB25343134A9B1893
:10E800000493019B0633DBB20393049B019D9F5D40
:10E8100001231F420AD0059BA1190D48C9B2002B44
:10E8200000D10C482A00029BFFF7C2FF0135039B71
:10E83000EDB27F089D42EBD10136032EE5D1009B5E
:10E8400004340133E4B20093CDE7C046A6C6010804
:10E850002D080020BD1A002010B5084A0300527E82
:10E86000002A09D0064A1278002A05D0054C002259
:10E870000C212000FFF72EFF10BDC046581F0020BE
:10E88000391F002044B20108E02210B500210248DF
:10E8900092000BF03BFD10BDBD1A002070B586B094
:10E8A000FFF7F2FF424B434C1B784348022B11D039
:10E8B000012B66D1414902A80BF04FFE404B0D20C1
:10E8C0001A88404B684419784B1E9941C9B2FDF72C
:10E8D000F1FB02A80823002200930221073BFFF767
:10E8E00045FE394B1B78002B05D123783748002B88
:10E8F00013D0032B11D0364B36491E683000F4F785
:10E900009FF830000D003349F4F714F82B00020093
:10E91000314902A806F014FF02A808230022009340
:10E920000221053BFFF722FE23782C48012B1DD93D
:10E930002B4B2C481B78002B18D02B4B2B4A1B78C9
:10E9400012785B00012A2CD1294A0A21D55A2800C5
:10E95000F4F776F828008CB20A21F3F7EBFF2300D6
:10E9600082B2244902A806F0EBFE02A80823002286
:10E9700002210093033BFFF7F9FDF5F795FF06B081
:10E9800070BD2378012B08D81B4A1C481278D20787
:10E99000A0D41B4A9B0098589CE71A48022B99D197
:10E9A000F7E7194A1949D25A02A806F0C9FEDCE76E
:10E9B000E21E0020E11E002054B2010888B20108C6
:10E9C000D8220020D6220020DF1E002066B20108D7
:10E9D000E0040020A08601008EB2010875B2010893
:10E9E000D80400207EB20108DA040020D9040020F7
:10E9F0000AD301089BB20108E01E002078B3010889
:10EA0000F8C201085AB201086ED30108A9B2010880
:10EA100010B58022002102480BF078FC10BDC046E2
:10EA20002D08002070B5094E05003478072C0CD84D
:10EA3000002C04D108220A2105480BF067FC132D95
:10EA400003D0631C3370024B1D5570BD2B1F00207B
:10EA5000D003002030B500232D25064C0648E25C8B
:10EA600029000A2A01D03032D1B2C1540133082B17
:10EA7000F5D130BDD0030020C72100200122024B78
:10EA80001A70024B1A707047C22100203D1F0020EF
:10EA9000F0B5704BABB01B780590002B00D0A6E012
:10EAA0006D4C0327A38C002B00D1023700216B4B48
:10EAB0005956002924DB6A4B1B78012B20D0694B67
:10EAC000CA01D2180123684805786B40037000D151
:10EAD0008FE07F2000238446644E6546D05CA843C7
:10EAE000F55C2843D0540133072BF6D10426604D42
:10EAF000013107230020AE62C9B2F5F781FEAE6195
:10EB0000637E002B03D05B4B1B78002B6FD1544BE3
:10EB10001B78052B6BD1584B1B78012B67D0574BBB
:10EB20001D78002D63D14F4BFA01D3180393059B39
:10EB3000002B09D0802203990AA80BF016FD802231
:10EB4000290003980BF0E2FBF5F792FC4C4A4D4B81
:10EB500012684008128E9C56A03C241824B2230050
:10EB60005D3353DA0026230002968D3305DB200047
:10EB700006219330F3F768FFC6B27B1EDBB2049325
:10EB8000221C353401DD404B1A88404B12B21C78F0
:10EB9000002C49D03E4906A806F0D2FD002288216B
:10EBA000049B06A8FFF726FD029B002B4FD13200E5
:10EBB000384906A806F0C4FD0022A621049B06A839
:10EBC000FFF718FD029B3E209A19D2B20D23F9B22D
:10EBD000FDF7D2F9059B002B09D0802203990AA8E2
:10EBE0000BF00AFD002802D03800F5F762FE2BB0CA
:10EBF000F0BD7F208446284E6546D05CA843F55C76
:10EC00002843D0540133072BF6D16FE725005D353B
:10EC1000282D00DD2825EDB20A212800F3F78AFE11
:10EC2000C3B209260293A8E71C4B1D4906A806F0AB
:10EC300087FD0122084B9B8C00922832002B01D0CB
:10EC400023001922022106A8FFF7C4FDACE72A0021
:10EC50001449AEE7B4070020581F0020BD21002052
:10EC6000261F0020BD1A0020BC2100209FC60108DD
:10EC700000040050391F0020361F00200F1F002005
:10EC8000481E00201E00002014B10108F7220020B9
:10EC9000B4B20108C0B2010898C60108CCBA010894
:10ECA000B8B20108C4B201080022F0B5584BA5B0B3
:10ECB0001B780E93574B1A70574B1B785BB29342DD
:10ECC00001D1FDF73FF9FFF7DFFD544B1B78002B17
:10ECD00017D0534B1B78002B13D1FFF7D5FD08231A
:10ECE000762209214F480093063BFFF73FFC06239D
:10ECF000762209214C48FFF77DFCF5F7D5FD25B0BC
:10ED0000F0BD4A4C0320A38C002B00D10230FFF74A
:10ED1000A3FD474B1B78002B76D0237B0593454BF7
:10ED200008940A93444B0B930023002703933F4B13
:10ED30009A8CBA4204D00E99B94201D103998F003E
:10ED40005B7BF9010C93FB0111933C4BCB180993AE
:10ED5000002A00D07EE0059B03998B4201D101F08F
:10ED60006DFA089B023308930A9B48330A930B9B66
:10ED700001330B93039B002B48D02C4CA38C002B0E
:10ED80000DD12F4B1B68002B09D02E4B1B78FF2B6E
:10ED900005D006232E22022115A8FFF74BFC1D4D9E
:10EDA0002B78002B28D1FDF711FC274A030012789D
:10EDB0000490002A01D100F0A5FE09232B70A38C3A
:10EDC0000324002B00D10234204B1A78013AD2B22E
:10EDD000052A01D900F08CFE1D4B9200D558174B27
:10EDE000E00180220021C0180BF090FA7F2202215E
:10EDF0002800E3B2FFF76EFC054B1B78002B01D116
:10EE000001F096F901F092F9637B87E701238CE723
:10EE1000E31E0020261F0020F01E0020DE1E002022
:10EE2000DA1E0020FBB2010807B30108581F0020BA
:10EE3000C81E0020EC1F002080220020BD1A0020E8
:10EE40001808002008000020031F0020850700206C
:10EE500038C601080E9B002B01D101F0E9F9059B92
:10EE6000039A934200D07CE70C9B039AC2499342D9
:10EE700001D101F04FFA072209980BF076FB0A9BAB
:10EE80001B681B680493BD4B1B780793012B00D0B4
:10EE900039E1059B039A934200D0BCE12122079BF4
:10EEA000002F00D11A0000930A210023B448FFF775
:10EEB00091FCB44B039A1B7B934200D0BAE0B24B57
:10EEC0001B785BB2002B00D1B4E0FDF77FFB041E82
:10EED00000D0AFE0AD4B1B780693012B00D8A9E022
:10EEE000AB4B18211878069B1830C01AF3F7A8FD11
:10EEF0001823069A0D919B1A1293129B0020A3428D
:10EF00003DD80D9A069B94461600183B1B19DBB2A0
:10EF10000F93069B9F4D634410939F4B13931821AF
:10EF20003000F3F78DFD139B4900CB5A002B04D022
:10EF30002A1C9D4200D91A1C95B2109B0136B3427F
:10EF4000EDD10D9B0F989C4618216044F3F778FD96
:10EF5000914E49008B5B181E11D08E4A00209542BD
:10EF60000DD0AA1C93420ADD581B052358433021BB
:10EF70001830F3F7DFFC052800D90520C0B21BAB21
:10EF8000E0540134182CB8D10020099B0A34DE1D4E
:10EF900012ABE418431C0D93002800D13FE100237D
:10EFA0009C46431C6278182B00D039E1A578691C77
:10EFB0004900891861448B080693130061462B436E
:10EFC00019430B1E01D101F029F9069B002B01D139
:10EFD00001F02BF96B461B7E00280CD00021012884
:10EFE00000D0217852000235521952189208202080
:10EFF000D2B2002B13D00620C31ADBB21900002AAC
:10F0000009D0811AC9B28B4205D81A1C8B4200D292
:10F010000A1C1900D3B20020994200D803E17F22D4
:10F02000337801349343034333700D9B0136182B1F
:10F0300000D0F2E00024544B1C57002C04D0514B5C
:10F04000039A1B7B934217D00498FDF7EDF9002833
:10F0500012D00A9B1B7E012B0ED1FDF7B7FA0028B8
:10F0600004D04E4B049A1B68934205D0099807229E
:10F070004B4918300BF079FA089B1A888023DB0083
:10F080009A4200D3ECE0474B1B78002B07D03D4B56
:10F0900003995B7B8B4202D1002C00D1CAE042492C
:10F0A000013215A806F04CFB01217A1CD2B215A83A
:10F0B00008F0D8FC0B9B1B780693002B00D1E5E0F1
:10F0C000062B00D95FE1069A2321940008220092C2
:10F0D00000223648FBB22058FFF748FA53E10023DC
:10F0E000336001F0F8F8039B03215A421300082211
:10F0F0000B4000920139002215A8FFF737FA0122D0
:10F100002B4B1A702DE6FDF761FA1E4B002863D0D9
:10F110001A7B0399274B8A4275D10B9A1278002AE1
:10F1200071D101211970244B1A70244B049A1F705D
:10F130001A4B1A60224B1B6834331B788B4215D153
:10F14000204B214A12789200D15815A80BF005FAED
:10F1500001232122002F00D11A0000930A2100234D
:10F1600015A8FFF737FB02230793A2E61749022BE6
:10F17000EBD0174B174AE5E772B30108361F0020A2
:10F18000E6B20108581F0020F01E002040040020B5
:10F1900041040020FFFF000042040020B8210020AD
:10F1A00079B301082B1F002014B201085CC60108C6
:10F1B000261F0020E51E0020E41E0020BD210020A7
:10F1C000481E00208CC60108FE0700201DB3010860
:10F1D00078C60108FD070020BB4A049912688A42DC
:10F1E00010D19B8C002B0DD00021B84B21225956F9
:10F1F0000123002900D11A00009308210023B448FC
:10F20000FFF7E8FAB34B1B785BB2012BABD10222BC
:10F21000B04B1A70A7E70023A6E70D98BAE60200E4
:10F22000E3789C46C2E601228A4001311043C0B215
:10F23000C9B2F1E607231A00A748A84C815C0A2945
:10F2400002D03031E154013B013AF7D22D21A34ADB
:10F25000002B02DAA24AA34923E7D154013BF7E786
:10F26000A14BD318062B00D924E70A9B0132196859
:10F270009E4B0868D2B29E49984200D99D4915A874
:10F2800006F05EFA7A1C0221D2B210E7089B1888B9
:10F29000994B1B78002B36D0934BC318062B32D8D2
:10F2A000964B039A5B7B93422DD1FFF7D3FB8F4D97
:10F2B000049A03009542924152420332801815ACE1
:10F2C00000908F49200006F03BFA049BFFB2AB424E
:10F2D00010D813207B1C12AD069A40197121DBB2A5
:10F2E000FFF788F9069B3A0020212000E371FFF721
:10F2F00011FA36E508232021009320003B00069AEE
:10F30000FFF734F92DE57F4B1B78012B07D1059BC7
:10F31000039A934203D10A9B5B681B680493802382
:10F32000DB00984200D362E1744B1B7F002B21D19C
:10F33000FDF706FA03787F2B6FD84578192D72D820
:10F340006ED0002D6FD0704B6C1EA400E41820000E
:10F3500008F09CFF002859D06C492A0015A806F037
:10F36000EFF9752115A87F23FAB20093023100232B
:10F3700008F02AFE664BDB7F012B79D056D9023B81
:10F38000012B00D882E0079B012B00D162E1002411
:10F3900015AB1C705F4B1E78A64200D087E1574B1F
:10F3A000039A1B7B934201D1002E01D10A9E103E8D
:10F3B000594B1B78002B00D0BCE1330034331C7850
:10F3C000002C00D09BE1079B012B00D082E17369E8
:10F3D00019791BAB9C466046504B34CB34C01B683C
:10F3E0000360484B1B78032900D97EE16246880000
:10F3F0008558012900D079E172691279012B00D07A
:10F400006AE1012A00D073E1454D71E145492200CE
:10F4100015A806F095F97121A4E775214248A2E7E5
:10F42000712142489FE7712141489CE715AC2100BA
:10F430000498FCF729FE2D4B049AFDB29A4210D88D
:10F4400013206B1C12AE00227121DBB28019FFF772
:10F45000D1F800232A0020212000E371FFF75AF998
:10F4600091E708230022009320212B00200033E69F
:10F47000089B30491A8815A8013206F061F9082264
:10F48000242100920022FBB215A825E6089B15ACAA
:10F4900019882000FEF750FB2378002B06D1089B2B
:10F4A00020001A882349013206F04AF9184A134B02
:10F4B000D27FFCB2022A3FD1002212AB9A750823F8
:10F4C000212100932300DFE7B8210020BD21002087
:10F4D00021B30108E51E0020D0030020C721002031
:10F4E000CB21002024B3010800FCFFFFFFE0F5055D
:10F4F000CFB20108CAB201082B1F0020581F0020FC
:10F5000029B30108361F00201C220020C5B20108C3
:10F510005A1F002003000020E31E00206CB00108E9
:10F52000DAB201082EB30108D3B20108E1B601082E
:10F53000D6B2010811B201089A8C002A27D112AB69
:10F540009A7508232121009315A82300FFF70EF8D0
:10F55000D24B9D8C002D33D115AE31000498FCF7B1
:10F5600093FDE31CDBB20D93049ACD4B9A4220D855
:10F5700013200434E3B212AC2A0071210019FFF702
:10F5800039F82B00202130000D9AF57166E7059BB4
:10F59000039A934206D123000022242115A8FFF7E5
:10F5A00099F8D5E723000022242115A8FFF722F8B7
:10F5B000CEE708232A000093202130000D9B8BE525
:10F5C0000498B849F3F73CFA04980D00B549F3F7ED
:10F5D000B1F9013402002B00B34915A806F0B0F8C8
:10F5E00000222421E3B215A8FFF704F8CBE615ACFE
:10F5F00021000498FCF748FDA94B049AFDB29A42F9
:10F600001FD813206B1C12AE00227121DBB28019AF
:10F61000FEF7F0FF00232A0020212000E371FFF70E
:10F6200079F8089B1888FDF78BF8182302781A429E
:10F6300000D1A8E6099806229C4978300AF095FF87
:10F64000A1E608230022009320212B002000FEF7D2
:10F650008DFFE6E7964B1B6829331C78002C23D1DD
:10F660000024944B1C57002C00DA90E6062C00D99D
:10F670000624119B904D00265D193E2304938F4B69
:10F680001B78002B06D00623FF229B1B9A407F236A
:10F690001A40049228000222049901360AF036FE2C
:10F6A0000335B442EBD272E6013C64B2DBE7844B33
:10F6B0001B781E1E00D172E6824B1B785BB21E1EA9
:10F6C00000D16CE6FCF782FF2600002800D066E639
:10F6D0007D4E64E633697BE6012A0ED133697B4DAA
:10F6E0001B79012B09D17A4D07E07A4D012B04D10A
:10F6F000059B039A774C934205D0774C03E0764BF9
:10F70000A400E418734D079B012B15D1726913797E
:10F71000012B13D0991E012900D9F9E06F49022B62
:10F7200000D06F4952796F4B5200D25A15A806F09B
:10F7300007F818E06C4CE5E73269E8E752796B4B63
:10F740005200D35A0A2118000493F3F779F9049868
:10F750008BB20A210793F3F7EDF8654982B2079B54
:10F7600015A805F0EDFF00230493544B1B78002BE4
:10F7700000D1E8E07B1CDBB20022B4212800079313
:10F78000FEF738FF079B002282212000FEF732FFA0
:10F79000424B9B8C002B26D1564B1B78002B22D141
:10F7A000049B002B05D10221049A063315A8FEF70D
:10F7B00021FFB58B64212800F3F7BCF84E4B84B2CF
:10F7C0009D4200D9B9E064212800F3F739F92200FD
:10F7D0008BB215A8494905F0B3FF062300222E215C
:10F7E00015A8FEF707FF069B002B01D0052B2BD198
:10F7F000330029331A78072314001C401A4200D022
:10F80000CDE001252B4B1C782C4B3D491B78002B60
:10F8100000D1C8E0152228311BA80AF0A6FE032259
:10F8200062431BA97B1C8818DBB20022AA21FEF7C9
:10F83000E1FE2620002D07D0099B03221818013075
:10F840003049FF300AF091FE3268B3689A4200D125
:10F85000D5E0731CD87FAC239B031B932A4B1C93CE
:10F860002A4B1B685A1CD27F002A03D05A699A423D
:10F8700000D1ADE00321F3F7E3F8C9B20F4B1A78DA
:10F88000002A00D1ACE049001BAA50180022BC217C
:10F890007B1CDBB2FEF7AEFEB1E0C046581F002075
:10F8A000FFE0F505A086010033B3010865B001084B
:10F8B000481E00205C000020BF1B0020F722002013
:10F8C00038040020F01E0020E4030020DAB2010812
:10F8D000F7B2010878B3010850C60108AEB20108BA
:10F8E000EBB301086ED30108DEB201080AD30108A8
:10F8F0003DB30108EE1E00200F27000043B30108AE
:10F9000054B0010881B301082D0044002C1F0020D1
:10F91000B38B642118000493F3F792F804988BB228
:10F9200064210793F3F706F8079B82B2CA4915A82A
:10F9300005F006FF0A235B4216E72200C74915A817
:10F9400005F0FEFE49E7002D0DD02B78002B0AD0E4
:10F950003122002F00D1203A0123342100932800C6
:10F960000023FEF737FF2378002B0AD03122002F27
:10F9700000D1203A01230321009320000023FEF749
:10F9800029FF049B31224433D9B2002F00D1203A01
:10F99000012315A800930023FEF71CFF23E7013C79
:10F9A0000025E4B230E723223D311BA80AF0DDFD3B
:10F9B000052363431BAAD0183122002F00D1203A1F
:10F9C0000123182100930023FEF704FF132031E7E1
:10F9D00033002B331B78002B00D04BE703214DE77E
:10F9E00003294FD13122002F00D1203A01232A20B0
:10F9F00012AC00932B2100230019FEF7EBFE984B6D
:10FA00001C7833002B331B78002B08D09548002C32
:10FA10003FD07B1C0022C121DBB2FEF7EBFD2D366F
:10FA200035780023012D01D18F4B1B78ED181BA8D1
:10FA30008E4BAD00002C37D00200603352CB52C247
:10FA40007B1C0022D0214059DBB2FEF7D3FD0C9B7A
:10FA5000039A934201D0FFF784F9854B1B78002B62
:10FA600032D0844915A80AF078FD7D4B1B78002B15
:10FA700031D001370022E221FBB215A8FEF7BAFD12
:10FA8000FFF76FF949007B1C1BA84018DBB2A921C6
:10FA900000E73122002F00D1203A012330210093CA
:10FAA0000023FEF797FEBAE702006C3352CB52C236
:10FAB00031224059002F00D1203A01235B210093CD
:10FAC0000023FEF787FEC2E76B4B6C49DA7D15A871
:10FAD00005F036FEC9E73122002F00D1203A01237C
:10FAE0006E21009315A80023FEF774FEFFF739F985
:10FAF000634B644D1B78002B01D0FFF770F9624D0A
:10FB0000FFF76DF9049A002A00D0DBE25F4A127811
:10FB100052B2002A00D1D5E25D4A1278002A00D004
:10FB2000D0E202232B705B4B1B8809938023099A38
:10FB3000DB009A4207D3584B1B68002B75D1FCF7AA
:10FB400001FAFFF759F929342678731E182B00D9CA
:10FB50001926524B524A19780023994202D0107844
:10FB6000013343404F480478002C00D1B6E04E4C9E
:10FB70002478002C00D1B1E04C4C2478B44200D061
:10FB8000ACE0002B00D0A9E0494B1B78002B00D043
:10FB9000A4E01170474B1F88002F01D1FFF72CF90B
:10FBA0000021454A344B1578444A1268D08B8D4267
:10FBB0000BD080229C8DD2001600944200D2ECE043
:10FBC000DC8D944200D2ECE00D00002213003C4C8E
:10FBD0000394039EDC08345D07261E403441012651
:10FBE000344203D0921992B2984206D08024013355
:10FBF0009BB2E400A342ECD10022324B002903D196
:10FC00000392002A00D0D6E01A88131C002A00D1E3
:10FC100001239BB20393002D00D029E100212B008A
:10FC20000D000493284B069356E1284A1D4D106899
:10FC3000224A2E7812681C4C918B002E00D0BDE019
:10FC400001262E7000252570214C2360214B186061
:10FC5000214B1960C5E0C04643B301084CB301080D
:10FC6000F722002073B70108FC07002054B00108F8
:10FC70002008002050B30108581F002055B3010888
:10FC800086070020E9B20108E1B20108F01E002059
:10FC9000391F00201C0800201808002087070020BA
:10FCA000C3210020C6210020B5210020B42100205E
:10FCB000C2210020C4210020821F0020481E0020F5
:10FCC00028210020C021002003B401087404002072
:10FCD000B0210020AC210020A82100200025012710
:10FCE0002C00574B11701F70564B8022002107705B
:10FCF00055481E700AF00AFB8022002153480AF082
:10FD000005FB534B1D802000FCF71AFD03900028D3
:10FD100037D0072203781340934232D04378192E0C
:10FD200020D1002B2DD0072338002340984003001A
:10FD30004549E208885C03438B54039B6A1C1B788B
:10FD400092B27F2B08D90723E8081D403B00AB4047
:10FD50003E490D5C2B430B543D4915000B88013384
:10FD60000B800EE0192BDED09E420AD1394A3A4B65
:10FD70001278002AD7D09A8DA24202D0DB8DA342FE
:10FD8000D1D180230134A4B2DB009C42BBD100223C
:10FD9000324B1A70324B1A80FCE60121A04200D18E
:10FDA00013E7DB8D0021B34200D30EE7C31A5A429A
:10FDB0005341590009E7039A1A802CE72678002E50
:10FDC00000D03DE7274E3668B34200D038E7264ED4
:10FDD0003668B04200D033E7244E3668B14200D0D6
:10FDE0002EE7204B1C68002C01D1FFF705F81E4BB5
:10FDF0001B680393A34201D2FEF7FEFF1B4B1D6855
:10FE0000002D00D10135039B2900181B1668F2F75D
:10FE100091FD471C013000D101272000B44203D8D6
:10FE20000398B04200D930002900001BF2F782FD90
:10FE3000431C0393BB4200D903970125EEE6C0465D
:10FE4000B5210020B421002028210020A820002076
:10FE5000C4210020821F0020581F0020C221002042
:10FE6000C0210020B0210020AC210020A8210020CA
:10FE70000126C24B8E401B7803241A005809DB066A
:10FE80005B0F33432240DBB2002804D00138C0B2FC
:10FE90001900002811D1210001200132D2B2022A1A
:10FEA00000D900221C00D440044200D0D3E0013924
:10FEB000C9B20029F1D10A00062089004001B04BE7
:10FEC00001431143C9B20693002A05D0AD4B0693F6
:10FED000AD4B012A00D1A6E6A84B3A0019700020CC
:10FEE000AA4905F02DFC0399C3B20091A84A182134
:10FEF000C4B201971BA805F00DFEA64B9B8C002BEE
:10FF000000D1AAE0032319260A930123E4000093F9
:10FF10003200002302211BA8FEF75CFCE3B20024A0
:10FF20000793A54223D00B33DBB20893079B089DB0
:10FF30001233DBB20B93B31D0C9334000023220069
:10FF400029009548FEF734FC01340C9BE4B2A3422F
:10FF5000F4D101350B9BEDB2AB42EED1012332005F
:10FF60000093089900230698FEF734FC0B24002325
:10FF70008A4AD3560B93079B1C197D23E4B22500B4
:10FF80000B34E4B21B1BDBB209355E1E3000EDB250
:10FF90000693012F0BD00398B84200D938000028EF
:10FFA00000D1013001387043791EF2F7C3FC03968B
:10FFB000864200D903900C2012260A9B764AD9016A
:10FFC000531858555D196E701D007D352E70002533
:10FFD0007E331870724B09191B88079708938B188A
:10FFE0000A93069AEBB29A4201D8FEF705FF079BE7
:10FFF0000699D81BF2F79EFC0699441C0798F2F765
:020000040801F1
:1000000099FC00231A0003998D425A410B99D2B2F0
:10001000013103D0039AAA425B41DAB22300844241
:1000200000D2030080210998C90088422BD2002CFD
:1000300000D1013408998B4200D90B009C4205D8AD
:10004000013C5848A4B29BB2A3420AD12D23002AF6
:1000500012D10C3B10E000212EE7052329260A933C
:1000600053E70726E108415C26403141012601346F
:10007000A4B23142E8D021230A9A5355079B013597
:10008000DB190793ADE704990029DFD0201E00D1CA
:1000900001208342DAD3802149028C42D6D28B429E
:1000A00000D3414B4149424C09788C4600216145BF
:1000B000CCD02688B04201D8B342DCD20131C9B2DB
:1000C0000234F4E73B4A1278002A07D03A4A127801
:1000D000012A03D104232B70FEF78EFE374A1078D5
:1000E000002B07D000280DD105232B70FEF7D0FC84
:1000F000FEF782FE304B1B78002B03D0052B01D07E
:10010000FEF77AFE2E4B1B78002B01D1FEF774FE12
:100110002C4E3378002B01D1FEF76EFE2A4B1B7854
:10012000002B01D0FEF768FE002857D006F046FBF2
:10013000184B9B8C002B01D0FEF7DFFD234B1B7867
:10014000002B01D0FEF7D9FD1C4B1B78002B01D0F2
:10015000FEF7D3FD059B1E4A002B00D01D4A1E4909
:1001600015A805F0EDFA7F23062200936B210023EA
:1001700015A807F029FFFEF7C0FDC046BE210020EC
:1001800003B40108F4B20108F1B20108CEB40108C9
:100190005BB30108581F0020BD1A0020F01E00208C
:1001A000C4210020A8200020FFFF0000C20400207E
:1001B00078040020E9060020361F0020E31E0020FE
:1001C000E8060020121F0020391F0020EE1E00202C
:1001D00002BB010830B901086BB301083000F2F727
:1001E00079FB4E4B1B78002B01D0FEF788FD0733BF
:1001F0002B700C2800D20C200C383218484915A856
:1002000005F09EFAA28C0523002A01D003230022C8
:10021000022115A8FEF7EEF9FEF7EEFD002801D049
:10022000FEF7DCFE2030FEF7FAFE0123FEF7D4FED7
:10023000059B03998B4201D1FEF716FE394E3368B8
:10024000002B48D0384B0493059B04995B005B5A04
:1002500036495B18062B01D9FEF741FF53425A413C
:100260000324082352421440FDB22C19E4B20022A8
:1002700007212F4800932300FEF778F9306815A96D
:10028000FBF702FF23000022382115A8FEF7B2F980
:10029000284B15A918680134FBF7F6FEE3B20022DB
:1002A000382115A8FEF7A6F9049B9B8C002B12D0D1
:1002B000214B1B78FF2B01D1FEF753FD0235EBB22A
:1002C0003022062115A8FEF7B5F9049B9B8C002B64
:1002D00001D0FEF746FD194B1B78002B14D0184AAD
:1002E000184915A805F02CFA0F4B9A8C002A01D05A
:1002F000FEF7F9FE08230221009315A8033BFEF741
:1003000035F90122104B1A700C9B039A934201D0CD
:10031000FEF7B5FD0D49FEF7AEFDC0460F1F0020EC
:1003200063B3010818080020581F002000FCFFFFDD
:1003300012B301087404002008000020EE1E002003
:100340000708002019B30108261F002085B3010803
:10035000044BFF201A784D2A03D8034BD2009B1878
:10036000D87970474D1F0020C0BF010830B587B055
:10037000FFF7EEFF4C2800D988E0F2F7D1FA4D00E4
:1003800052006100670067008D009C00A500AB0073
:10039000F400B000B500C101BA004B01BA00FB0087
:1003A000C100C500CD00E200D700DC00E500F1008F
:1003B000F800FE000101060109010C010F01120104
:1003C00017011B011E01210125018700870035014E
:1003D00029012C013D01400143017D003A01460104
:1003E0007D0058015B018201850188018B018E012E
:1003F0009101940197019A019D01BB01A001B101F6
:10040000B401B7016601A3015E016A016A016A01D4
:100410006A016A016201BE01BC4ABD4BD27D1A600D
:1004200034E0BC4BBC491B680833DA7F0023C85C4E
:10043000904203D00133182BF9D10023B44A38E09D
:10044000B44BB34A1B6829331B7832E0B14BB34934
:100450001B680C781A795B79002C05D000230B708F
:10046000AF4B1A78AF4B1B78043841424841511EBC
:100470004C426141884202D00022A54BCFE7A449FB
:10048000022A05D80133002AF6D00B6007B030BD30
:100490006933032AF9D0EFE79E4B9D4A1B68197B0D
:1004A000022904D00329E7D15B7B693301E05B7B40
:1004B00001331360EAE7974B1A680023117B012987
:1004C000BCD1537B0133B9E7924B914A1B6801338E
:1004D000DB7FEEE78F4A8E4B126892699FE78D4B68
:1004E0008B4A1B682D33AFE78A4B894A1B6833332D
:1004F000AAE7864A8649537B04335B009B5AC4E7CC
:10050000834B894AD27F8AE70023804A917F9942B0
:1005100000D193E7D37FD5E7844B1A787C4B002A30
:1005200002D0834A12787AE7824AEBE79021784A30
:10053000764B490003E02221754A744BFF315B5C26
:10054000B7E7734B7C4AEDE77C4B7149DB7F5A1E62
:1005500093417B4A5B00D27F501E82419B1894E7F7
:100560006B4B784ACEE7694A694B127E57E7684B76
:10057000754AD7E7664B754AC4E7654B744AD1E7BD
:10058000644B634A1B682E335EE7614B714AB9E7DF
:100590005F4B714AC6E75E4B704AC3E75C4B704ADB
:1005A000C0E75C4B5A4A1B6835334DE76D4A584BE0
:1005B000128834E7564B6C4AB4E7554B6B4AB1E7A7
:1005C000524A534B928D2AE7504A514BD28D26E71F
:1005D0004F4B674AA6E7674B0A211888F2F7AAF93A
:1005E0004B4C80B2206051E74A4B494A1B6832337A
:1005F0002AE7474B604A95E7454B604A92E7444BF0
:100600005F4A8FE7424B5F4A8CE7424B404A1B6888
:10061000343319E73D4A537B04335B00985A012376
:1006200000221900FCF794F9394B18602EE7384B7B
:10063000554A77E7364B554A74E7554A344BD288CA
:10064000EDE69121324A314B73E7304A304BD27E8E
:10065000E5E601AC22004F4B23CB23C203CB03C200
:10066000FFF776FE4638800003594B4A197800237D
:100670001079884200D1E1E601330832162BF7D118
:1006800004E7234B454A4DE7214B454A4AE7204BB7
:10069000444A47E71E4B444A44E71D4B434A41E75F
:1006A0001B4B434A3EE71A4B424A3BE7184B424A30
:1006B00038E7174B414A35E7154B414A32E7144BAF
:1006C000404A2FE7134B1B6834331A78104B012A2A
:1006D00001D13D4A26E7022A00D1CDE63B4A21E777
:1006E0000B4B3B4A1EE70A4B3A4A1BE7074A084BAB
:1006F000527F94E6064B384A14E7054B374A11E718
:10070000044B034A1B6828339EE6C046581F00204E
:10071000481F00202C1F002060BB0108D8040020C7
:10072000D9040020DA0400205F1F0020FB0700200E
:10073000FA070020601F0020A00700205E1F002095
:100740005D1F0020591F0020801F00205A1F00201D
:10075000961F00205B1F00209A1F00209F1F002073
:10076000E9060020A21F0020811F0020821F002018
:10077000D21F0020C81F0020F11E0020E806002024
:10078000981F0020991F00204C1F0020E20300202A
:10079000F61E0020CCB0010890D4010856000020BD
:1007A0005C000020CB1E0020D41E0020E61E00208E
:1007B0002C0000202C0800208D070020F8220020AB
:1007C000F722002003000020FE070020FD07002084
:1007D000FC070020D61F0020371F0020B50700208F
:1007E00010B50024084B1B78A3420BD1FFF7B0FDD6
:1007F0000F2807D1054B1B78A34203D0044B1C687C
:10080000E443E40F200010BD0A1F0020F422002062
:10081000F0220020F8B50500BE20414A8000138870
:100820005188404C5B189188D2885B189B189B10AC
:1008300058433D4B2678D988F2F706F93B4A83B2F4
:1008400013803B4A934228D907232370394B1F78E2
:10085000012F05D1FFF77CFD2E2801D1364B1F70EB
:10086000FA21364B364F1B883A7849008B4238D8EC
:10087000002A04D00122334B1A702F4B1A70002328
:1008800020783B70B04242D000222F4C022833D94E
:1008900022700122284B1A7036E02C4A93420DD860
:1008A00091212B4A4900525C012A01D80023CCE750
:1008B000962189008B4201D2022AF7D0012380B20F
:1008C0002370FBF7D7FEC0B206234B28BDD8052303
:1008D0003228BAD804231928B7D80528B6D9032353
:1008E000B3E7002A06D1174B01321A70124B1A7067
:1008F000F4F764F90123C3E7164B022808D001225C
:100900001A702378002BC4D00022134B1A80F8BD34
:100910001A70002DF5D0114B1978FDF7F1FDF0E7B5
:10092000501F00203F1F0020F61E00203E1E00200A
:100930007A0300000F1F0020381F002094200020A1
:10094000401F00203D1F0020DA1E0020750200001D
:10095000581F0020DE1E0020DC1E0020DB1E0020B1
:10096000F0B5A9B0FFF7F4FC0390FDF78DFF30223E
:1009700037230021100006F0C9FF02234021AA4AB4
:10098000D1540233322BFBD1A84B1C78A84B1D78D5
:10099000AC4231DAA74BA8481B78E6003618002B8A
:1009A00000D088E0631E00D26B1E0022DB00110025
:1009B000C0180123FDF71EFE08230022300000931B
:1009C0001100063BFDF7D2FD601C854200DC0020D3
:1009D0000022994BC000C01811000423FDF70AFE45
:1009E0002B009649621C18A804F0AAFE06230022D8
:1009F000190018A8FDF7FEFD5021002304AA521883
:100A00001370303904AA52181370F4F7D7F8039B07
:100A10004C2B00D9A5E01800F1F782FF56006B00BF
:100A200083009100EC009100EC00000136014903C5
:100A3000CD0177066806240224027402B70343033B
:100A4000CF01D7012002F301F301470377065F03CB
:100A50000902BD037706B9035A0077062002240273
:100A6000BD03770624022402D903E203ED037706CF
:100A7000EA037706F103F303F503EF030302EB0543
:100A8000EE057706270643064C064F064F0652062C
:100A90005F067A067D067D067706800609070C0745
:100AA00029071D06E206FD05200620062006200671
:100AB00020061A06220208230093002330001A00A1
:100AC0001900FDF753FD8BE75D4B5E491A6845E061
:100AD00005215B4A5C4B126818A89A5C0824D3076E
:100AE000DB170B405208594904F02AFE0026042364
:100AF0000FE3534A56491268564BD2B28A5C6421BE
:100B00005200D55A2800F1F79BFF28008CB26421CF
:100B1000F1F710FF504982B2230018A804F010FE2C
:100B20001FE0474B4D491A68002A0DD0551E4C4C0A
:100B30004C48AD0092004C492B591258EDE7404B00
:100B40001B68002B03D1494918A800F059FE484AF8
:100B5000682B4ADC013B5B00D25A464918A804F0D6
:100B6000EFFD502204AB9B181B78002B00D1B6E0A0
:100B700018A8F1F7AFFE00230600411E012518005A
:100B800018AAB34201D000F075FE032D01D800F081
:100B90007CFE072D00D90725012303270493002499
:100BA0006B08FF1AB44200D399E0002D00D196E003
:100BB000049A18AB1819FBB2002A01D100F06AFEA2
:100BC0007F223221FDF716FD18ABE25C1F2A01D906
:100BD00000F068FEB44201D300F069FE1A5D1F2ADE
:100BE00001D900F064FE0134F4E7693B5B00D25A9E
:100BF0002149B3E7124B1B68002BA4D01F4A013BCD
:100C00005B009D5A0A212800F1F71AFF28008CB2D8
:100C10000A21F1F78FFE1A4982B27DE7194B084A83
:100C20001268920000F01EFD3B1D00204D1F0020A9
:100C3000441F0020F4220020C0BF0108C2B30108F5
:100C4000481F002069B401082ED20108CAB3010868
:100C500060BB010868BD0108D3B30108DEB3010819
:100C6000C4C50108E0C50108E3B30108D6B2010814
:100C70006ED30108ADB20108EAB301080AD3010836
:100C8000A1B20108B8C50108CB4B1B78002B04D0DA
:100C9000CA4B1B78002B00D087E0C94BC9491D689F
:100CA000EB17E8185840F1F7B5FF28000C00C549CC
:100CB000F1F7CAFE23000200C349082418A804F073
:100CC0003FFD012318A87F2232210094FDF74EFC3E
:100CD0000323BE4800947F223221FDF747FC039B8B
:100CE000033B012B01D900F0E9FDB94B1B78002B28
:100CF00007D008237F2200933221B648043BFDF73A
:100D000035FC039B042B01D000F0E2FD0124AC4B29
:100D10001B68002B01D000F0DEFDAF49002C00D095
:100D2000AE490CA809F019FC0CAC2378002B23D099
:100D30002000F1F7CFFD00281ED0072358430130D3
:100D40004D2801D900F00BFE47331B1A5B083233E4
:100D5000DBB23321322B0BD07F22121A111CD2B2FC
:100D6000332A00D23321CAB29A4200D9191CC9B21F
:100D70000122200006F076FE039B312B02D00D3BB2
:100D8000022B0ED8964B1B78002B0AD09548012BCE
:100D900000D1954808237F2200933221033BFDF7C1
:100DA000E5FBF3F781FD29B0F0BDFDF753FE8F4958
:100DB0000200C31C81E78E4B31E7814B8D491A68D5
:100DC000002A00D0CAE68C49C8E67D4B1C68002C7E
:100DD00000D1B8E63C2C12DC05203C216043F1F741
:100DE00019FF20000D000C21F1F72EFE2B00020050
:100DF000824918A804F0A4FC3C24012677E6804927
:100E0000A2E66F4C7F49226818A804F099FC6A4B4F
:100E10001B78002B00D1A4E62068C0B2F2F784FD55
:100E20009FE6674B1968784B8900C9188CE6644BBC
:100E30001C68002C00D186E60F203C216043F1F7AE
:100E4000E9FE0B000321E2176C480A401219010069
:100E5000921018A804F074FC2824CEE76B4BDEE651
:100E60006B4BDCE68023564FDB003868984204D198
:100E7000684808230093063B2DE7002280B211004A
:100E8000FBF72CFD08263A6818AC0100050092B269
:100E90002000FBF70FF900237F223221200000966B
:100EA000FDF764FB002D21D04D4B1B78002B1DD18D
:100EB0003868320080B2000114A9F3F7C5FB149F13
:100EC00040493800F1F7BCFD38000D003D49F1F70D
:100ED00031FD2B0002005049200004F031FC0523B5
:100EE0007F22322120000096FDF740FB344B20008A
:100EF000196889B2FCF720FE23784848002BB8D047
:100F00002000B6E700222E4C11002068082580B290
:100F1000FBF7E4FC22680100060092B218A8FBF778
:100F2000C9F800237F223221009518A8FDF71EFB87
:100F3000002E00D1D3E620682A0080B2000114A957
:100F4000F3F782FB1C4B149F1A78354B002A01D112
:100F5000013A1A601E68002E64DA216818A889B266
:100F6000FCF7EAFD502204AB9B181B782B48002BA2
:100F700000D018A808237F2200933221063BFDF7FA
:100F8000F5FA174B1B78002B00D0A8E638000D4966
:100F9000F1F756FD38000C000A49F1F7CBFC2300AD
:100FA00002001D4918A804F0CBFB08237F22009300
:100FB0003221033B18A890E6F42200202B1F0020CA
:100FC000481F0020A0860100F1B3010806B4010803
:100FD0000A1F0020B3B90108AFB30108B0B301087C
:100FE000EE220020BCB30108B6B30108FAB3010831
:100FF000B0C50108CEB40108D6B201082CB401086E
:1010000006BA010869B4010850C60108A0C5010864
:1010100090C5010883B2010893B2010872B20108B9
:10102000F022002008237F2200933221AE48063BA5
:10103000FDF79CFA092EA4DC0024AC4DA64220D07A
:10104000A94B1B5D672B0CD06A2B0AD0E00080B245
:1010500002001D2337323130190012B200B206F0FF
:1010600055FC013408350A2CE8D1A14BA1481B7866
:10107000002B00D0A048042300224D21FDF7BAFA2E
:101080007FE7F00080B202001E23353233301900B2
:1010900012B200B206F03AFC20222B7813432B70D8
:1010A000DFE7964B96491A688AE6964BB7E5052620
:1010B0003000924B3C211C6801346043F1F7AAFDDB
:1010C00020000D000C21F1F7BFFC2B0002008E491F
:1010D00018A804F035FBB32409E5884B8B491C683C
:1010E000002C00D130E5502C3ADCFA20FA21604384
:1010F0008900F1F78FFD0B000321E21784480A40B5
:1011000012190100921018A804F01AFB50240126AD
:101110000523804D794ADB01ED1810682A000C2365
:10112000363229001370122237310A7042310A70A8
:101130002A00C0B27A32801BA11B13708001F1F724
:1011400083FC212438232D263830C0B2DAB22100A6
:10115000904200D33100E9540133792BF6D100E5F8
:1011600005252800503C60433C21F1F753FD200049
:101170000E000C21F1F768FC33000200664918A844
:1011800004F0DEFA68245026C2E7644B47E55B4B67
:1011900063491A6814E6594B62491D68192D00D13C
:1011A000D2E4002D03D1039B1B2B00D1CBE45E4B7B
:1011B0006C1EA400E418200007F068F8002802D094
:1011C0002A005A49CAE423002A005949A5E4594B88
:1011D000594A19780139C9B2FD2907D857499CE401
:1011E000574B584A19780139C9B2F5E75649B5E461
:1011F000424B56496AE4564B11E5564B0FE5564BA8
:101200000DE5564B0BE53D4B1C68E4B2052C00D9AF
:10121000A7E42000F1F784FB060013003B01660100
:10122000AD01AD014E4B4F4A4F4918A804F088FA62
:1012300006237F2231214D48FDF7DCF991E400249B
:101240004B4F08AB06AE009332003800494907AB5C
:1012500006940794089409940A940B9409F0A2F94F
:10126000032823D0444C3B002200102114A804F092
:1012700051FC22001021414B10A804F04BFC4049C6
:101280000CA809F06AF903237F22312114A8FDF785
:10129000B1F904237F22312110A8FDF7ABF9062311
:1012A0007F2231213748FDF7A5F918E50BAB0093F4
:1012B000354932480AAB09AA09F074F90328D1D19B
:1012C00032787178B078314EA300F3581F78974286
:1012D00005D15F788F4202D19B78834258D0013488
:1012E0000C2CF1D1002455E0FB220020711C0020C1
:1012F000EF22002090B301088CB30108481F0020A2
:1013000094B3010880C501082CB401080AB401088F
:101310000FB40108BD1A002024B4010870C50108EB
:1013200099B30108E1B601081C22002094BA010813
:1013300038B40108AC1F0020A41F002044B40108E9
:10134000BE1F0020B61F002049B401084EB401089A
:101350005CC5010850C5010838C501082CC5010845
:101360001EB2010856B401085CB401087EBF010832
:101370001DC5010862B401085FB4010814C5010865
:1013800090B401080CC501086CB4010804C301083D
:10139000002CA7DBE1233C21099A1B0153430A9A45
:1013A00000264A439B180B9A9B18E122D2019D18F4
:1013B000DC4B9D424CDC002D4EDB079B089FF61852
:1013C000002307960493049B059321003800FAF745
:1013D00017FE864244DC059B002B00D00796049B39
:1013E000002B00D008970023089F079E0493002E2F
:1013F00040DD002B00D00796049B002B00D00897FF
:101400000899C94BA400E358C84A019100961021DD
:1014100014A804F07FFBE12128000901F1F714FB77
:101420003C2106002800F1F7F5FB0191E12128009D
:101430000901F1F7EFFB08003C21F1F705FBBC4C7B
:10144000009033002200102110A804F063FB16E77F
:10145000B84A0136AD18ACE7B74B013EED18AAE724
:1014600001230134361A05930C2CAED10024FF1849
:101470000493A8E7013C03D201230B24013F04930A
:1014800021003800FAF7BCFD01233618AFE7AB495D
:101490000CA809F062F8AA4B1E883000FBF7EAF8A6
:1014A000642105003000F1F7CBFA30008CB26421E2
:1014B000F1F740FA230082B2A249009514A804F083
:1014C0003FF903237F22312114A8FDF793F89122DD
:1014D0009D4B52009C5C9D48A4000523312120585F
:1014E000A33AE0E6EC219A489A4C49026043F1F7AE
:1014F00021FA994A994B86B29B18994A99499B18A7
:10150000994A0CA89B1A5C4309F027F80A2130007D
:10151000F1F710FA0A2180B2F1F792FA30008DB299
:101520006421F1F707FAA40B2B0082B28F4914A8AB
:1015300004F006F9A4B203237F22312114A8FDF799
:1015400059F80A212000F1F7F5F90A2180B2F1F7E4
:1015500077FA20008DB26421F1F7ECF92B0082B20A
:10156000834914A804F0ECF805237F22312114A844
:1015700099E68049052C00D17F490CA808F0EDFFC1
:101580007E4E052C00D17E4E0021072501270A0042
:1015900038001432D3B22A409040C2B29446DB08DD
:1015A000784ADB019B182122C8084243B2180492F2
:1015B0000A0000202A400592202913D0049A059C95
:1015C000125C22413A4003D064461A7822431A70D2
:1015D000013001332128EFD10131C9B22129D6D1FF
:1015E000FFF77DFBC4B2E2087C3AD2B2B25C2C4079
:1015F000E7E7654BFFF713FB644B1B78002B07D124
:10160000634B64491B78013B012B01D8FFF79CFA1F
:10161000614BFFF704FB614B614A1D68484BD08862
:101620001B8829005843F1F785F986B23000642100
:10163000F1F706FA30008CB26421F1F77BF9230050
:1016400082B25849009518A804F07AF8FFF789FA91
:101650003E4BFFF7E4FA544BFFF7E1FA4F4A534B86
:101660001268D200D158FFF76FFA4C4B1C68002C5F
:1016700001D1FFF768FA782C01DDFFF772FA20003C
:101680003C21F1F7C7FA20000D003C21F1F7DCF90D
:101690002B000200464918A804F052F87824FFF7FE
:1016A000ACFB3E4B434C1B6843489D0001339A0002
:1016B000FFF741FA414BFFF7B2FA414BFFF7AFFAA0
:1016C000364C4049226818A804F03AF83E4B22688C
:1016D0001A70F3F7BDF9FFF744FA304A3B4B126832
:1016E00018A89200D15808F038FFF2E74822164BAC
:1016F000597B4A439B1898331B681868FAF794FE85
:101700003349002801D1FFF71FFA304BFFF787FA62
:10171000304BFFF784FA304BFFF781FA2F4BFFF77E
:101720007EFAC0467F51010004C3010875B4010868
:1017300081B4010880AEFEFF80510100FFB20108B4
:101740003E1E00202BB10108581F0020F8C40108DC
:1017500048B40100102700000002000038320020C9
:101760000003000096B40108000000209DB40108A9
:10177000ABB40108A7B30108A2B3010834C3010840
:10178000BDC30108051B0020F0C40108F42200209D
:10179000FA220020B9B40108C4C40108481F00207F
:1017A000F61E0020C5B40108BCC4010890D401088D
:1017B000D1B40108C4C50108E0C50108B4C40108DA
:1017C000A4C4010869B401082C00002000C6010867
:1017D000DBB4010894C401088CC4010884C4010866
:1017E000604B1B6834331B78012B0DD15E4A5F4B75
:1017F000126818A89200D15808F0AFFE5C490CA8F6
:1018000008F0ABFEFFF7ADF9022B06D1594C18A832
:10181000210008F0A2FE2100F1E7534A564B12685E
:1018200018A89200D15808F098FE5449E7E7544BA5
:10183000FFF7F5F94C4B1A68002A0ED1514918A848
:1018400008F08BFE002426002500F2F719FE042381
:10185000002D00D05DE4FFF784F93F2AF2DC4A490D
:1018600018A803F06DFF3F2401260425EDE7474B40
:10187000FFF7D5F914780A2C03D1994201D9013523
:10188000107001330132FFF77CF900230227049323
:10189000FFF785F90822322100927732FCF766FEC5
:1018A000FFF792F90134A64201D0FFF78EF9022327
:1018B000049A013D9B1AFF18FFF774F9039B062B4E
:1018C00001D1FFF723FA039B052B01D0FFF72CFA78
:1018D0000024FFF71CFA5A1ED2B2002C21D0312A64
:1018E00034D8002001000500294E0B2D14D8775D57
:1018F000B94211D1013501313229F6D1FF2003223D
:10190000121BD2B2FF2822D00130009021490CA82E
:1019100003F016FFFFF708FA9142F0D00130C0B291
:10192000E9E7672A19D82000210025001A4E142D56
:1019300007D8775DB94204D1013501316829F6D164
:10194000DCE79142DBD00130C0B2F6E70222134956
:101950000CA803F0F5FEFFF7E7F90322F7E73323BE
:10196000FFF7FAF92C1F0020481F00208CC6010841
:1019700085B901081DB3010878C60108EEB4010855
:101980007CC40108D6B2010894BA010868C40108F1
:1019900046C40108F1B4010852C40108FBB40108AF
:1019A00002000020054BD979914205D00130C0B228
:1019B00008334E28F7D100207047C046C0BF010849
:1019C000F0B587B0FDF724F80822002104A808F03C
:1019D0009DFC984B984D1E78984B994C1B78002B8A
:1019E00056D0012E48D1974B1E8876083C213000F6
:1019F000F0F7A0FF3C23C2B25B4253439B199249CC
:101A0000DBB202A803F09CFE0622904B904902A88C
:101A1000FCF78CFDA37F002B04D00C228D488E494F
:101A200008F0A3FD2B78002B0AD18C4B88481B783B
:101A30008B493630002B00D18A490C2208F095FDE5
:101A4000637E002B00D0ABE0874B1B78002B00D0CF
:101A5000BCE0864B1B78002B00D0BAE0844B1B788F
:101A6000002B00D1A1E00834E37F09228149002B3B
:101A700000D197E0804995E0FAF7A8FD002807D04B
:101A8000E1267E4B36011B885B08F61AB6B2ADE73D
:101A9000052E04D10C226E48794908F066FD794B79
:101AA0001B785BB2002B21D1FAF774FB00281DD103
:101AB0002B78002BAED1237F002B65D1A31DD87FBF
:101AC000631DDB7F002B59D06F4B1B78002B5FD041
:101AD0006E4B12221900002801D00220053A5C4BFF
:101AE0001230C0B2C01808F040FD93E78022684B66
:101AF000D2001B8893423BD2FAF74CFB002837D127
:101B0000230029331F78192F1CD1624904A808F03B
:101B100024FD0E2623002A331B78002B05D05E49B6
:101B200004A808F00DFD0436F6B2012300220221BC
:101B3000009604A806F048FAFAF72CFB002800D01B
:101B400068E7B5E7554B7E1EB600F618300006F084
:101B50009DFB002805D13200514904A803F0F0FD97
:101B6000D7E73A004F4904A803F0EAFD0A26D1E777
:101B700006224D494D4808F0F8FCDDE700280BD05F
:101B800002200C224A49AAE702200C224949A6E772
:101B900003200A224849A2E702200C2247499EE777
:101BA00009224749474808F0E0FC474B47481A7864
:101BB000474B1978FAF740FA464B1B78012B0BD0AC
:101BC000022B2DD0F2F77EFE07B0F0BD082242496D
:101BD000E8E70C224149E5E7414B1C88FA239B00CA
:101BE0009C4200DB3F4CA4B264212000F0F728FFA8
:101BF00020008DB26421F0F79DFE2B0082B23A499D
:101C000004A803F09DFD04A8F0F764FE07224243F8
:101C10002E490E4B891A04A80622FCF787FCD1E74F
:101C20002F4B1888FAF726FD3049020004A803F06C
:101C300087FDE8E7361F0020BC1A0020371F002070
:101C4000581F0020341F002003B50108D6CA010820
:101C50002D080020540800209FC20108CB1E002040
:101C600093C2010887C20108AD080020F9070020CF
:101C7000FB07002061C2010858C20108321F002082
:101C8000EBC20108F01E002017080020C3C20108A3
:101C90001C080020E1B6010850B801081C220020F1
:101CA0002EB30108C5B2010815B501083608002099
:101CB000B7C20108DFC20108D5C20108ABC20108E2
:101CC0007EC2010873080020DB1E00209C08002053
:101CD0003F1F0020F11E002076C201086AC20108E1
:101CE0003E1E0020E70300000DB501087CBA010884
:101CF000F0B5904D04002B7885B0012B6BD10128F5
:101D000055D18D4B1968002900D0AAE0F2F7FDFAF1
:101D100000228A4B1A70F4F72BFC894B1B78002B9E
:101D200001D004F099F80125864B1D7003F096FC54
:101D3000FAF78EFF29000620F2F700FA824B834F54
:101D40001A78AA4200D195E03A6832321178042913
:101D500000D9CDE01522CA402A4200D1C8E00022B5
:101D60001A703B6832331B78042B06D1784B002263
:101D7000FA211B787748F2F79DFF774B1B78002BF1
:101D800000D1B7E0032B03D101207449F3F700F829
:101D9000FA20C000F2F780FEA0238022DB0552006B
:101DA0009A616F4BFF3A1A706E4B1A70AAE005F0F9
:101DB000D9FC2C70002C00D0B7E0F2F75BFE604B32
:101DC0001B78002B03D0FA22674B52001A800122A5
:101DD0005C4B1A70A7E02870052B00D09EE0052808
:101DE00025D1624BC8221B78002B00D1BE3A0024BB
:101DF00001255F4BDB7F53435E4A13805E4B1C70B3
:101E00005E4B1D705E4B1C70F2F774FAF2F7A2FA8B
:101E100021002000F2F792F94A4B1D70594B1B78B4
:101E2000AB4200D17FE0200003F026FC7BE0F2F71C
:101E3000DBFA0022514B1A70424B1A70524B1B783E
:101E4000934201D1FFF7BCFD002C02D16BE0052CC1
:101E5000C7D0012C00D154E7022C53D10122484BAA
:101E6000A3E74A4B1B78002B00D04FE7012005F079
:101E7000E3FC4BE7464E00221A70464B464D1B884A
:101E8000C82B00DAC8232A007A3212780292344A28
:101E90000392029A002A07D0A0228021D20549008D
:101EA0009161012203990A70FA2080005843F2F7E9
:101EB000F3FD0298F2F7C6FA29002B002A007831C8
:101EC0000988743372321B8812887635019129880B
:101ED000300000910121F2F781FFA0238022002031
:101EE000DB0552009A62039B1870F2F78BFA38E711
:101EF0002A4EC0E7F2F7C4F9294B1B78DB0701D55E
:101F0000F2F75CFEFA22274B92001A800022264B41
:101F10001A70032C07D0144B1A8004E0002896D1C5
:101F2000042B00D14BE705B0F0BD052C00D093E7A2
:101F300057E7C046361F00202C1F0020271F002017
:101F40002A1F00203D1F0020D4220020441E002014
:101F5000D21F0020DD09000025080020D606000061
:101F6000501E0020F707002004080020061F002054
:101F70005F1F0020041F0020C21E0020C11E002081
:101F8000200800200F1F0020B4070020B51A0020F1
:101F900098200020C81F0020581F0020A41F0020E8
:101FA000A007002050000020C41E0020F0B58E4E77
:101FB00089B033680790002B47D08C4B1B68002BEF
:101FC00043D08B4B1B68002B3FD033682D331C78DC
:101FD000012C03D1874B1C780134E4B2A02380226A
:101FE00000255200DB059A62834B290005201D70F5
:101FF000F2F7A4F833681A0034321278012A2BD190
:102000002D331878A84200D0032006F07BFD002174
:102010000620F2F793F888213620F1F7FDFEFA2624
:1020200000210120F2F78AF80124B6000C20F1F714
:10203000B9FC05002540204213D000210220F1F711
:10204000EBFE3000F2F728FDF0E7FAF7D7FD336832
:10205000002BBAD109B0F0BD022C00D92C00200011
:10206000D3E729003F20F1F7D7FE644B7D20197894
:102070003F231940624B634E1943F1F7CDFE5A4C92
:1020800023681B691F683800F2F7D2F823683433DD
:102090001878FAF7D1FE236829009A1CD27F7020A5
:1020A00001925A1DD27F0292DA1CD27F03929A1DAE
:1020B000D27F04921A1DD27F07330592DB7F0693ED
:1020C000F1F7AAFEA021059B090219434D20F1F763
:1020D000A3FEDE21069BC90119434E20F1F79CFEA9
:1020E000049B4F201902039B1943F1F795FE019BB6
:1020F00078201902029B1943F1F78EFE2800F2F7AF
:10210000A3F8F2F7ABF83800F2F708FA280001213B
:10211000F2F714F8F2F7B4F923680C251A003432F8
:102120001278002A0ED11B6918795979012851D0EB
:10213000831E012B45D8F9F7A3FEF2F715F8324DAF
:10214000F2F79EF8B37F002B4BD0294B1B6834333A
:102150001B78002B45D12D4B1B78002B41D1330030
:10216000FE33998B588BF2F73FF830231D432368D9
:1021700000201A0034321278824204D135331B78A1
:10218000012B00D91800F2F78BF8F2F7C5F8236895
:10219000002134331878013843425841C0B2FAF76D
:1021A00003FE802109013F202943F1F735FEFAF7AC
:1021B00019FA079B002B00D14CE70020FFF798FD90
:1021C00048E71348F1F7ECFF07201249F1F724FE26
:1021D000114DB5E7114B4900C85AF1F7E1FF104D19
:1021E000AEE7F2F787F8C2E7481E00202C1F002058
:1021F000441E0020FC070020501E0020A01F0020CD
:1022000040E90000581F00200C0700002A1F002092
:1022100026020000CE2100000C0400000AD30108B1
:10222000CC04000010B50E4B0E495A7B09885200B1
:10223000D1529B180C4A0D4C12880D499A80206887
:10224000482208F092F9FBF79DFE2068FAF7B4FBEC
:102250000120FFF7ABFE0022064B1A7010BDC046EE
:10226000581F002084030020820300202C1F002020
:1022700088030020281F0020F0B5AD4B8BB000AFC5
:102280001C68FEF765F80C23FA18043BDB18C0B293
:10229000D9192500F9F76CFD002809D1A54B3A6939
:1022A0001968914201DA1A6002E0FA689142FADC98
:1022B000FEF74EF84C2869D8F0F732FB4D00580075
:1022C0006B00720089007000870097009C0030014D
:1022D000A000A400FF02A800DD01B9006001D90040
:1022E000DE00F0001301F700050117012901350197
:1022F00064016E017F0185018901920198019D01B0
:10230000A201A601CE00D40068006800B901AC01AA
:10231000B201BF01D101D5016800BD01D901E801B9
:1023200039027D02B602B802BF02C802CA02CC025C
:10233000CE02D002D202D402FB02D602E602F202A0
:10234000F6029902D8028802A002A002A002A0020E
:10235000A0029202FD02774A774B1268DA750122D9
:10236000764B1A70764B09321A7079E02100714B66
:10237000744A1B680831DBB2D35C734ACB77E38BBA
:102380009B18062B02D80122704B1A80BD460BB059
:10239000F0BD684B29341B682370F4E7083425002E
:1023A000644B1A68002A04D12B79012BEED0AA8045
:1023B000E9E7D3B2682A04DC0222013B2A716B717F
:1023C000E1E70322693B2A71F9E708342500594BFC
:1023D0001B68002B04D12A79012AD7D1AB80D2E720
:1023E000013B6B7101232B71CDE7524B01341B680C
:1023F000E377C8E74F4B1B68A361C4E74D4B2D340F
:102400001B68C9E74B4B33341B68C5E7494B4A4946
:102410001A6892B2E2834B7B04335B005A52022269
:102420004A4B1A80454B1A70494B0122C3E0494B75
:102430000922190020205C7A2500854307D0FF2C53
:1024400005D03C4B186880B2FBF786FF9EE75872B8
:10245000013B013AEFD2F4E7364A374B12689A85CE
:102460003D4BE2E7334A344B1268DA85F8E7314BEB
:102470001A683A4BDA77F3E72E4B2F4A1B6819009C
:10248000481E81419177002B01D0013BD377FBF7A8
:10249000AFFA0122324B1A70324B65E7254B1A68AE
:1024A000314BDA770022314B5EE790212220214B1D
:1024B000214A1B6849005354FF30115C0133994293
:1024C0000DDA19000BE0222190201A4B1A4A1B68E2
:1024D000FF3153544000115C013B9942F1DC11542F
:1024E000BEE7234B134A12683EE7124A12481168AE
:1024F0000122437B0A400133DBB25A43441DE27799
:102500000022890700D51A1C0630C277C1E7094BA3
:102510001B685A1E9341174AD377A1E7054A064B19
:1025200012681A769CE7034B1A68134B1CE7C046E7
:102530002C1F0020481F0020581F0020F7070020F4
:102540000200002060BB010800FCFFFF2208002001
:1025500087070020FB220020030800205F1F0020C7
:10256000060800203D1F0020601F0020FB07002000
:10257000A0070020591F0020801F0020D14B1A689F
:10258000D14B77E71E21CF4BD04A1B68DBB21370CB
:102590004B43CF4A137063E7CA4B1A6823002E33AC
:1025A0001A70210000230122E08B05F09BFC012220
:1025B000C84B1A70C84B1A70E8E6C24B1B685A1E0B
:1025C0009341C64AA8E7BF4B1A68C54BCCE6BD4B42
:1025D0001A68C44B1A70FBF70BFAC34B0122C3E60F
:1025E000C24BB84A1268511E8A41BDE6B54B1A6803
:1025F00023003533D4E7B34B1A68BD4B1A802FE75D
:10260000B04B1A68BB4BAFE6AE4B1B685A1E9341EA
:10261000B94ABFE7AB4B1B685A1E9341B74AB9E7AB
:102620000A22A84B1B685343B54A138018E7A54BF1
:1026300032341B68B0E6B34B54E7A24BB24C1B6874
:102640005A1E934100222370B04B1A70F3F790FF8B
:102650002378002B00D01CE7F1F757FE19E7994BC0
:102660001A68AB4B80E6974B1A68AA4B7CE6954BF1
:1026700034341B6890E6934B1868002380B21A002C
:10268000190005F02FFC0222924BCCE6A026002474
:102690008C4B36021D682000F2F700FC80235B01A2
:1026A000E418B442F7D1002D02D02000F2F7F6FB77
:1026B0000C240826A020A319D91910220002F1F732
:1026C000C3FF7F22A0200125A11900263B7EC91946
:1026D00093433B766F3A00230002FD76F2F788FCC5
:1026E0008D4B8E4C18008E4A8E497B602677FAF708
:1026F0004BFA8D4B8D4A18008D493B60FAF744FA2E
:102700008C4B31007A682360636086480223A660A0
:10271000FBF742FE022329003A688548FBF73CFE9E
:10272000854B1D70854B1D70FBF738FC2EE6654B05
:1027300083491B680A2B08D10A780132D2B20A7089
:10274000022A00D822E67F4A24E700247D4ADBB231
:102750000C701370092B00D082E67B4B6E469D44B3
:102760006D468022290092002000F1F76DFF832240
:102770002B0092000C33A91840201A7802431A70DB
:1027800010338B42F8D180220023200029009200D0
:10279000F2F72EFC80239B00E4188023DB019C428F
:1027A000DFD102210020FBF7EDF902210120FBF728
:1027B000E9F9B54654E6434A644B1268511E8A4112
:1027C0001A700222434B1A70434B07E73D4B604996
:1027D0001B680C22CB805F480023F2F709FCD5E58B
:1027E000384A4E4B116891225200995438E6354AC6
:1027F0004A4B1268511E8A41DA7631E608220C23D0
:102800009B18DC192200544B23CB23C203CB03C2F9
:102810002C4B1D68FDF79CFD504B4638ED008000A9
:102820005B1902591B79B5E64D4B5BE6254A4D4BCA
:1028300012681A7001224C4BE0E6224B1B685A1EAC
:1028400093414A4ADBB21370494AA3E6494B49E631
:10285000494B47E6494B45E6494BC2E6494B41E601
:10286000494BBEE6494BBCE6494BBAE634342078C6
:10287000484B012802D0002803D1474B114A126867
:102880001A70FAF7D9FAEBE50E4A444B1268511E5A
:102890008A411A70FAF7DCF90120FFF787FBDFE5C0
:1028A000084B1A683E4B5FE5064A1C4B12685A7784
:1028B000D6E53C4B95E63C4B14E6024B28341B68AE
:1028C0006AE5C046481F00205A1F0020961F0020BE
:1028D0003C1F0020F7070020870700205B1F002017
:1028E0009A1F00209F1F002006080020E9060020F4
:1028F000A21F0020811F0020821F0020D21F002065
:10290000C81F0020F11E0020E8060020271F00201D
:10291000981F0020991F0020DC1F0020581F002056
:10292000F003DE000204000024200020F07795026E
:102930000504000002040504F6220020F522002010
:10294000FA2200204C1F002000FEFFFFE2030020BF
:10295000F61E002040010100CCB0010890D401080F
:10296000560000205C00002022080020F9220020F0
:10297000CB1E0020D41E0020E61E00202C000020CC
:102980002C0800208D070020F8220020F7220020CC
:1029900003000020FE070020FD070020FC070020A8
:1029A000D61F0020371F0020B5070020F0B5614B6F
:1029B000614C1B788DB0012B00D082E0F1F7BAFC9E
:1029C0000020F1F741FC5D497120F1F725FAF1F79C
:1029D00031FD5B48F2F760F8C32170200902F1F77E
:1029E0001BFAF1F7AFFC5748F2F756F8F1F7A2FCE3
:1029F00050215548F2F746F900217020F1F70CFA02
:102A000030205249F1F708FA514D2B6832331B78C8
:102A1000042B07D123007A331C22FA211B784D485E
:102A2000F2F748F92B6832331B78023B012B2BD885
:102A300023007A331F78484E002F09D0A02380222C
:102A4000DB0552009A61012344483370F2F724F801
:102A50003800F1F7F7FC21002300220078310988C3
:102A6000743372321B8812880191210076310988F3
:102A70003B4800910021F2F7B1F9A0238022DB0549
:102A800052009A620023337001200334F1F7BAFC3C
:102A9000E37F002B10D02B685B691B79023B012B75
:102AA00042D830495220F1F7B7F92F495120F1F7B8
:102AB000B3F92E48F1F7F0FF0020FFF777FA0DB0D9
:102AC000F0BD022BA0D12422294903A807F04DFD17
:102AD0000020F1F7B9FB002603AD6988287801369C
:102AE000F1F79AF90435092EF7D10025214A6B0038
:102AF0005F20D15A0135F1F78FF9072DF6D11E4825
:102B0000F1F7CAFF1D495920F1F786F91C48F1F782
:102B1000C3FF68215920F1F77FF900217020F1F7F8
:102B20007BF9002158206DE716490720F1F774F969
:102B30001549BBE7991F0020581F00201C3E0000CC
:102B400050C30000803801001E050000FEC10000D7
:102B5000441E0020AB090000501E002060EA000067
:102B6000B61F00208F02000040800000400D0300CF
:102B7000E0B0010838D20108204E000068080000CB
:102B800020BF02006F0400004090000070B53A4B77
:102B90003A4EDB7F002B18D0D222394B52001A80DC
:102BA0000022384B1A70384A1378002B07D1737BF8
:102BB000364933730968364B1960012313700022BC
:102BC000344B1A70344B01321A70F9F7A1F9334BB8
:102BD0001C6863691868F9F727FC314D002812D08A
:102BE000230028331B78012B0DD12A78022A0AD022
:102BF0002C4A13700320FAF7CBF9002302202B7024
:102C0000F9F7D8FA70BD284B1B78002BF2D12300BE
:102C100033331B78002B03D0244B1B78042B1BD0A1
:102C2000234B1B78002B19D0062B19D83434247869
:102C3000002CDFD10120FFF75BF81E4B2A781C80A7
:102C4000002A0FD000231C4A13701C4A13701C4A20
:102C500013701C4A1370D5E70120CCE70220CAE7A5
:102C60000620C8E70A22317E01314A431A801B88B8
:102C7000154A9BB21380E5E75D1F0020581F002016
:102C8000B007002052000020C81E00202C1F00208A
:102C9000481E0020170800203D1F0020441E002071
:102CA00025080020F7070020D51E0020361F002031
:102CB0003F1F0020341F0020CC1E0020D61E002005
:102CC0009607002095070020800300209121002214
:102CD000F8B5304D304B8900287032201A70F1F76A
:102CE0009BF8F1F77BFBF9F789FF2C4C2068030078
:102CF0000833DF7F0369C18B1A68868BF9F744FFBD
:102D0000236801201A000832D7779E83FFF74EF917
:102D10002A78234B234D002A31D001221A702368D0
:102D20001A6908331068204A2860DB7F1370F1F7B6
:102D3000F5FB2868F1F7DCFB01221C4B1A701C4BD9
:102D400014321A701B4BEA321A701B4B1A70002394
:102D50001A4A13701A4A13701A4A13701A4A1370D7
:102D60001A4A13701A4A13701A4A13701A4A1370C7
:102D70001A4A13701A4A13701A4A1370F8BD1A705F
:102D800001235B422B60F1F7BEFB32201649F1F7BD
:102D900043F8D1E7DF1E002020080020481E002055
:102DA000E11E0020E0040020D52200203D1F00206D
:102DB000E4040020DA040020D9040020DC04002010
:102DC000D8040020A5070020AC070020AB07002096
:102DD000AE070020BB1E0020B2070020E21E00202C
:102DE000E01E0020DB0400204502000010B5F9F7CA
:102DF000D1F9002819D00D4A0D4B12789121DA77BC
:102E000002220C4B32201A700B4B013A1A700B4BFA
:102E100089001A7000230A4A13700A4A13700A4A7A
:102E20001370F0F7F9FFF1F7D9FA10BDE1030020B4
:102E30005E1F0020F7070020870700203D1F0020AD
:102E40000A1F0020D8040020DB040020F0B5040095
:102E50000D00160089B0102800D9B1E3EFF760FD2E
:102E600011001100110011001100110011001100DA
:102E700011001100F600C001C001B4021303880361
:102E8000AC03002916D00127BF4D2F70FDF760FA63
:102E90000F2841D1BD4B1A68002A3DDB092A09DC05
:102EA000BB48BC4BBC49002E14D030348454FF22A4
:102EB0000F701A70B94B1B78012B09D1FDF748FA36
:102EC000B74B2E2802D02822452800D1F0221A80A4
:102ED00009B0F0BDB34DA7007F591D78AC46B24D87
:102EE000A44502D01C702E7006E02B780133DBB2B3
:102EF0002B70FB5C002BF6D0AC4C2B782478FB5C61
:102F0000002C05D01C00613C192C01D8203BDBB201
:102F1000835401230B70CDE7002ECBD10127200075
:102F2000FBF780FD9C4BA24C1F70A24B1B78002B23
:102F300027D12378BB4216D0022B62D10A209E4AA9
:102F40002670137851784343CB18002B59D09B48F7
:102F50000078984205D39A4A013B1370994B1F7031
:102F6000A8E711702770944B1B78002B49D0934A27
:102F700012789A4245D3924A013B1370914B012239
:102F8000ECE0FDF7E5F9082812D12378052B00D8ED
:102F900090E7FBF75FFDF9F7ADFB8B4B1B68998B57
:102FA00064235843F9F70EFA884B2670186081E7BE
:102FB00002000D3A182A1DD8854BD3403B4219D048
:102FC0002378032B00D875E70A237B4926700A78FB
:102FD00048785A4312185A43887812185343CA78CB
:102FE000013A9B1880229BB2D20093420BD2774ABF
:102FF00013605FE7C0B204AA03A9F8F7B9FE00287E
:1030000004D00023237002232B7053E7049903207C
:10301000632903DC0238092900DD01300022130096
:10302000654F26780197D7B2BE4206D8864201D1B5
:10303000002222709942E6DBD9E70A277B43019FF1
:10304000BF5C0132BC4663449BB2ECE7002900D16F
:1030500030E7002A09D0FDF7C3FB002800D129E79B
:103060005C4B1B78002B00D024E70122464B514DCE
:103070001A702C78484B1A70002C1ED1FDF768F995
:103080000300263B012B00D814E70E3801280AD98B
:103090000022504B1A7001232B70454B1A703B4B8A
:1030A000013A1A6006E7494B22001868210080B2F5
:1030B000F9F714FC0028EBD1FCE6FDF749F90F28DD
:1030C00000D086E2314C2368002B2BDA00223F4DE2
:1030D0001100286880B2F9F701FC002800D1E9E668
:1030E00029682B4D89B22800FAF726FD2800EFF752
:1030F000F1FB092807D80A222021121A401907F0EB
:1031000005F90023AB72FF210023224A32481170D7
:10311000254A29001370254A23601370112207F0F5
:1031200024FAC7E6092B00D953E2FF21194A11708E
:10313000002E15D00A2323600022284B14491A7050
:10314000244B25481A70113207F056FA002800D097
:103150003FE22870FFF74AFE0022154B1A70A9E6DD
:10316000013323600A2B00D0A4E6E5E70123337086
:10317000F0E71A4B1F7000232B70F8E70122174B62
:103180001A7000232B70E5E7291F0020F022002091
:10319000FB2200205B000020570000200F1F0020B2
:1031A000101F002068D40108EB220020EF2200202D
:1031B0002B1F0020F4220020D0030020441F0020F9
:1031C0004D1F00208A0700202C1F0020481F0020D0
:1031D00007009001EE220020DA2200208B07002059
:1031E0000B283AD10A3C002D00D163E6002E04D111
:1031F0000122B14B1E70B14B1A70B14DEB7E002B0A
:1032000005D1B04B1B78002B01D0644264B2FDF7AE
:103210009FF807000F2834D1AA4B1B78002B30D021
:10322000A94B1E68002E2CDB092E00DD42E6102281
:10323000A64904A807F099F9A548E4B2835D02AA5B
:10324000E318DBB2D51D190000222039C9B25E296E
:1032500006D91F2B0DD87E230EE001246442C2E75D
:103260000132AF5C9F4202D1E318DBB2EBE7102AD8
:10327000EDD17E2B00D920238355FF22954B1A7068
:10328000B8E0F8F787FF021E00D013E68D4B924E90
:103290001978002922D19148914B02781B78121B92
:1032A000013B541C02D0934216DB13000122037031
:1032B0008C4B32701A70FDF74BF8132800D1F9E5EA
:1032C0001538012800D8F5E50835EB7F002B00D034
:1032D000F0E5F0F753FBEDE50B00E7E7082F12D11F
:1032E000814B824D1B682868998B814B4C43201879
:1032F000984203DC002802DA7E4800E01000F9F76B
:1033000061F8286033E039000E39172913D87A4B59
:10331000CB40DB070FD5754D243F2868A1B2012FA4
:103320002AD908181300210080B2F9F711FB734B5A
:103330009842E6D11BE0F8B204AA03A9F8F718FDF9
:10334000002814D1694D039928680B00049A88421B
:1033500003DB1300824200DD03006948E318834267
:1033600004D0994202DC9A4204DB1A002A6001234D
:1033700033709FE50A00F9E78022624FD200904245
:1033800005D1012C1AD101235B422B603B80002325
:1033900028681A00081880B22100F9F7D9FA574BAB
:1033A000984200D028600023FA5E2B68012C07D1D8
:1033B0009A4207DD8023DB002B60D8E73880E6E700
:1033C0009A42F7DB3880D2E7FDF70AFA002825D0C9
:1033D000002D11D1002E00D06CE53B4A1368002B64
:1033E0000ED000DC66E5013B1360FF22394B1A70FA
:1033F000454B1E70384BC2E5304B002E00D1BEE568
:10340000F1F7DCFB0023404A13702E4A13702A4A5E
:1034100013700122334B1A702F4B9FE6002E00D001
:1034200048E5002D00D145E50124244B2A4D1C70B0
:10343000364B1A78002A1FD1224B1B78002B12D052
:103440001D4E3378002BDBD0FCF782FF0828D7D144
:10345000F1F7B4FB0A2133782D4A013BDBB233701C
:10346000D1542C7026E52B4B2E70DB7F002B01D125
:10347000F0F784FA284B82E51E70284B1C70284B0D
:103480001C702C70F6E7002900D113E501220B4BCC
:103490001A70FCF75DFF0F2844D10B4B1B68002B03
:1034A00040DB092B00DD05E52A22002E00D1033286
:1034B0000749CA54E1E6C0462B1F0020291F0020FF
:1034C000581F0020F4220020F02200201CB5010823
:1034D000FB2200205B000020570000204D1F002031
:1034E000441F00208A0700202C1F0020481F0020B6
:1034F000F5E0F505F6E0F5050300C800FFFF000064
:10350000FFFFFF7FEC220020EE2200200A1F002098
:10351000D0030020601F0020C91E0020381F00209B
:103520003D1F0020002E00D0C4E4F9F767FB374BA5
:103530001B6834331B78002B48D1FCF709FF033894
:10354000012897D8324B1B78002B93D0F8F722FE36
:103550000124304F304D002807D12000FFF7B6FB83
:103560002E4B2C703C701C7084E72D4B3E7087E70F
:10357000FCF7EEFE0F281AD12A4B1B68002B16DB36
:10358000002D00D196E40121274A1170092B00DD9E
:1035900090E4002E02D0254A2231D1540122244940
:1035A0000B7853400B70FF21224B197034E7310028
:1035B0002800F3F7D9F87DE40800F3F723F979E45C
:1035C000002A00D076E4002900D173E40222164BD1
:1035D000C4E5FCF7BDFE0400312804D023000D3BF8
:1035E000022B00D9CAE5144E3778002F00D1BDE573
:1035F000012F00D0AEE502233370FDF7B1F9312C75
:1036000000D0B6E5FEF738FEF2F75AFB481E002060
:10361000F42200200A1F00203D1F00205700002038
:10362000381F0020F0220020291F0020FB2200204C
:10363000EF2200205B000020EE220020F7B51400EE
:10364000102800D95EE1EFF76BF9110011001100AD
:1036500011001100110011001100110011004100B2
:10366000F300F30026014B015D015901002A2CD122
:1036700000292AD0A74B1B78012B36D1A64A1370FC
:10368000FBF7D0F90222A54B1A70A54B1A78032A32
:103690001BD90A25A34A1C70137851786B435B1819
:1036A0006B4391785B185D43D378013BED18802321
:1036B000ADB2DB009D4218D2220021002800F9F7AC
:1036C0000DF9994B1870994B1D80F7BD002AFCD15C
:1036D0000029FAD0964B1A780193032A05D0954B0E
:1036E0001B78002B04D1002A04D18B4B02223FE02F
:1036F000012AFAD00125874E874A34781570AC42EA
:103700003FD0022C46D0002CDFD1002B18D18A4F9D
:10371000FA213C682000F8F755FE05008749200093
:10372000F8F750FE291BAC4200D9611B021B8442F2
:1037300000D9221A824B91421CD9022238601A7099
:10374000804B1B68D88B8023DB00984216D2012364
:1037500000223370754B11001880F9F7BFF8724BD7
:1037600018700223019A13706C4A13700122764B71
:103770001A70AAE700223D601A70E1E70223337055
:10378000EFE7674B1B78002B9FD10222634B32700F
:103790001A709AE76B4F002B30D1674B38681A6864
:1037A000C18BF9F7F1F9694B1B78002B06D0684AF9
:1037B0003B6812781A71674A12785A713B681A008E
:1037C000083203CB03C25E4A1278DA778023386866
:1037D0006149C58B4A7BDB0054009D4220D2534B8C
:1037E00004321B88520053520222C3830B534B4BAB
:1037F0001A705A4B1A800023337066E721000020AC
:10380000FAF7C0F921002800FAF7BCF9504A3B68E2
:103810001178504A1971127819735A715A73D5E791
:103820008022038ED2009B189BB20A199380DBE79B
:1038300001230B281ED1002900D146E7002C04D11A
:103840000121374A1470344A1170434AD27E002A4B
:1038500001D15B425BB22F4A1278012A17D1334A59
:103860001088C018431C07D08023DB00984204DB7B
:10387000002002E05B42DEE7394880B2108000227F
:103880001100F9F72BF8284B1870244B2EE7002C69
:1038900000D01AE729E7002A00D016E7002900D156
:1038A00013E701221C4B1A701A4A1378012B09D016
:1038B000022B12D0002B00D007E7FFF797FA174B27
:1038C0001C7002E716490B78002B06D0013BDBB2D7
:1038D0000B700A21134AD154D7E700231370D4E7A1
:1038E000002A00D0F1E6002900D1EEE601220A4BC1
:1038F0001A70104B1878FFF7E9F9E6E60800F2F7BE
:1039000081FFE2E6002C00D0DFE6002900D0ECE6E3
:10391000DBE6C046E21E0020291F002057000020E1
:103920002B1F0020D0030020D6220020D822002008
:10393000E11E0020DF1E0020E004002071020000D4
:10394000D52200202C1F00203D1F0020D80400207D
:10395000D9040020DA040020581F0020220800208B
:10396000FF0300009A4200D2885470477047F0B5B8
:1039700091B0049316AB10CB1A9F1B781B9D02903D
:10398000039100920593002C01D110239D438023C5
:103990002A00DB001A4006921D4201D0002C1DD0E7
:1039A0006123AA0600D541230026DBB20A3B01941D
:1039B000079318990198EFF743F8079BCAB2D318F9
:1039C000DBB2092901D83032D3B208AAB354019B23
:1039D000189A741C934201D3202C14D102232A007C
:1039E0001A4007921D4220D1013B2B40002F08D0E6
:1039F000002B06D0059A002A02D10C32154200D0C5
:103A0000013F302207E026000190D2E7202C05D0AC
:103A100008A9625401341999A142F7D8002B04D0A7
:103A20003023BC4201D2202C17D1EB0634D5069BA3
:103A3000002B17D1002C15D0199BA34201D0BC42FA
:103A400010D1631E012C0CD0189A023C102A0CD005
:103A5000189A1C00022A1BD12DE008AAA354013495
:103A6000DFE71C00189B102B20D1AB0608D478236D
:103A7000202C08D12024009BAD0737D125002AE057
:103A8000202CF7D0582308AA13550134202CF1D04C
:103A9000302308AA13550134202CEBD0059B002BB2
:103AA0000BD02D2308AA13550134E4E7189B022BF1
:103AB000ECD1202CDED06223E5E76B0701D52B2368
:103AC000F0E72B07D7D52023ECE72020049B0399B0
:103AD000029EB0470135009B1A1B5219AF42F4D821
:103AE0000026A74200D33E1B009BF318250001933C
:103AF000019B1819421B002D0AD1079B002B05D0F2
:103B0000009BC41A009B1819A74209D811B0F0BD38
:103B100008AB013DE85C0399049B029EB047E7E7D0
:103B20000200049B20200399029DA8470134E9E785
:103B3000F7B59C460025194CA688864220D8E38814
:103B4000F31898421CDA1B1A9BB20D1C994200D93B
:103B50001D1C8027ADB2019525687F04BD4219D197
:103B60001560624601981080089A002A11D02268D8
:103B7000BA420ED0002299425241089B1A7008E0C6
:103B8000013508340D2DD7D180235B0413606346C3
:103B90001980F7BD801B80B22D18E1E770D80108AD
:103BA000030000202F2B0FD8084A5B009A5A084BBD
:103BB00008499B7D9B075B0F595A914204D80649DF
:103BC0005B5A9A42924150427047C046521E0020B2
:103BD000581F0020B0BF0108B8BF0108F8B50E009B
:103BE000040030252F27FF2C0ED02F2C0ED82000BC
:103BF000FFF7D6FF002805D1A419013DE4B2002D3E
:103C0000F1D1FF242000F8BD3C00F0E70024EEE7EE
:103C1000084B09499B7D02009B075B0F0748595AD7
:103C2000185A8A4202D3824201D810007047080015
:103C3000FCE7C046581F0020B0BF0108B8BF01080C
:103C4000094A1378002B08D1802008498001886137
:103C5000032101330B4013707047032BF8D18020F0
:103C6000024980018862F3E7E80400200008005060
:103C7000044A054B12684008128EA0389B5618184B
:103C80007047C046481E00201E000020054A064B13
:103C90001178107001221970044B1A70044B1A70BD
:103CA0007047C046BA2D0020B92D0020B82D002045
:103CB0008100002070B50F4A0F4B52790F49520016
:103CC000D55A04008D4213D10D49EEF7B9FE080014
:103CD000AF218900EEF72EFE454303384342584199
:103CE00007492D182000EEF725FE054C44432C19FA
:103CF000200070BD8400002098D701084103000017
:103D0000C4090000084B09481A890949131C82425A
:103D100001D9084B1B8800204A8804339BB29A4281
:103D20004041C0B27047C04684000020FBFF000045
:103D3000A82D002016B101080022024B1A605A601B
:103D40001A817047A82D0020024B034A5B795B0063
:103D5000D05A70478400002098D701080A4B10B54C
:103D60001B68002B0BD0094A1468E41AFFF7ECFF1C
:103D700001002000EEF7DEFD013080B210BD802092
:103D8000034B1B791841F8E7180800207404002041
:103D90008400002010B5FFF7E1FF0400FFF7D4FF17
:103DA000604310BD10B5064B1C68064B5B79032BB6
:103DB00003D8FFF7EFFF4008241A200010BDC046CB
:103DC000A42D002084000020064B10B51B68002B9A
:103DD00002D0054B186810BDFFF7DCFF034B1B68D2
:103DE000C018F8E71808002074040020A42D002053
:103DF000034B044A1A6000229A801A811A617047A4
:103E00008C2D00200000FFFF0122264B70B51A7098
:103E1000FFF7EEFFFFF798FF234DA882FFF79EFF05
:103E2000224E0400E882011C802823D980218020B2
:103E300089B24001EEF708FEC0B2031C402800D949
:103E40004023DAB2102A00D2102300223370184B1C
:103E50001E78184B1A800123174A1380802C0ED924
:103E600023007F33DB09138000230126EB80FFF75B
:103E700099FF0CE083B2102BD9D21021D7E7002E86
:103E8000F2D1012CF0D9631EEB80FFF79DFF0B4BA5
:103E90000B4A1E700123A3429B415B42E8601370F2
:103EA00070BDC0467B0000208C2D00207C000020CF
:103EB0007A0000207A2D0020780000207700002072
:103EC000760000201E4B70B51B78002B1FD11D4BB8
:103ED0001D4C5B88A3421AD01C4D1D4A2E881189A7
:103EE000A64207D0A14205D0032070430233C31875
:103EF0009B089BB22B80174D17482D78405D1B18EF
:103F00009BB2A14204D113810122144B1A7070BDDF
:103F10005D1AACB228B22D0401D5CB1A9CB2042C88
:103F2000F5D904230C2C04D80233A3429B415B42F5
:103F300001339BB2002801DA5B429BB25B18E2E7D7
:103F4000BB2D00208C2D0020FFFF000074000020FE
:103F5000840000208200002070D70108810000202A
:103F600010B50C4B0C4A58689188002807D0802067
:103F70001C88C000844202D25888884208D200209F
:103F8000598011691880596012891A81FFF79AFFC8
:103F900010BDC046A82D00208C2D0020044A054BE2
:103FA0001268A030128E9B56C01A400080B2704733
:103FB000481E00201E00002070B5084DE868FFF77D
:103FC000EDFF2E8904002869FFF7E8FFA64203DD14
:103FD0000400B04200DD34002C8170BD840000205C
:103FE000124A052170B5136900281DD0D5685B18E9
:103FF0002C000A34A34203DD1C000A2B00DD0A2436
:104000001461FFF7D9FF0222094B1A70094B013ADC
:104010001D60094B1C60094B1D60094B1C60094B5E
:104020001A70094B1A7070BD4942DFE78400002006
:10403000942B0020700000206C00002068000020FD
:1040400064000020B82D002081000020002210B55F
:10405000034B2D211A6003480A3206F057F910BDB0
:10406000902B0020842B0020F0B5455C4018157083
:104070001D70002906D0441E247801261F2C05D966
:104080007E2911D8447800261F2C0DD82C19013414
:1040900064101778E4B2A74200D914701F78A742C1
:1040A00000D21C70002EEBD1F0BD00000B4A10B501
:1040B00013880B4C0133138024780A4AD388D168C3
:1040C000908A002C05D001339BB20918D380D160AF
:1040D00010BD013B9BB2091AF8E7C046A82D00208D
:1040E000770000208C2D002070B5124B124D1A88DD
:1040F000EB88E98AD3189BB2994207D9A88AEB804A
:104100005043EB681818E860002070BD0B4B1C880A
:104110000134A4B2A24203D8002201201A80F4E79D
:10412000A142F5D91C80EC80FFF73CFEAB8A6343CB
:10413000E8E7C046780000208C2D00207A2D002072
:10414000020000200B4B70B51D680B4B1C68291B2F
:1041500081420EDD2300944203DC2B00954200DDFA
:1041600013001B1B0F24634348101818EEF76CFC58
:10417000204070BD6400002068000020074B98427A
:1041800003D1074B18680A387047064A064B126875
:104190004008128EA0389B561818F5E7FFFF000064
:1041A00068000020481E00201E00002030B5CB0112
:1041B000084D1B185B0814000F21EA5CC00704D5EA
:1041C0008A4321400A43EA5430BD0A402401224375
:1041D000D2B2F8E72F270020F7B501220407154BCC
:1041E0000191640F02400F2804D90009124B0138D5
:1041F000C001C31801252E00A640002492010F4FD4
:104200009B1800200200195C0E4203D02900814057
:104210000A43D2B201300828F5D13878002801D0FD
:10422000D243D2B2019908330A550134082CE8D19F
:10423000F7BDC0462D080020BD1A00202C08002024
:10424000044B1A78002A04D000221A70024B013263
:104250001A707047B41A0020381F002009490A4A12
:10426000097812780300002091420AD1074A128887
:104270009A4206D806490978521892B293429B4155
:1042800058427047A1240020B81A0020620600207E
:10429000D806002070B505000E00064B1C68002CE7
:1042A00000D170BD2369002B02D03100280098474F
:1042B0002468F4E7481A0020002A0AD0054B800041
:1042C0008A18C01892B20B78013103708BB29A42EF
:1042D000F9D17047205C004070470000F8B5184BDA
:1042E0000D00DC681E69FFF7C3FC64007600230044
:1042F000371B4000844203DA3300864200DD0300AE
:104300001B1B6B43781018183900EEF79DFBC6B2E3
:104310006E430400331E05D0751CADB26D089D427E
:1043200004D3DBB2E0B2C0184008F8BD2900300069
:10433000EEF700FB80B240192B004508EFE7C046BE
:1043400084000020010070B5030008255A203124A4
:104350001E311A7850402A0046B24000C0B2002EEA
:1043600000DA6040013AD2B2002AF5D101338B4223
:10437000EFD170BDF0B51F00AF4B93B015000B909F
:1043800009910A93002800D0E5E10026FCE0013500
:10439000252806D03200741C099B0B990A9EB04751
:1043A00064E10023012008242A78691C2B2A16D0F6
:1043B0000BD8202A15D0232A15D01100303909290D
:1043C00030D800220A24079215E02D2A04D0302A82
:1043D000F3D103430D00E7E702221343FAE7042277
:1043E000FBE72343F6E71022F7E70500079A62434D
:1043F000303A8A1807922978681C0A00303A092A4C
:10440000F3D900212A7808912E2A25D18021C900CC
:104410000B4369786A1C0800303809283BD815001E
:104420000A2413E0002107912A2AEAD104CF079237
:104430008A4203DA023152420B4307920135E0E728
:104440000500089A6243303A8A1808922978681C55
:104450000A00303A092AF3D92A78691C6C2A2AD032
:1044600024D8682A2FD06A2A36D0287801357828AF
:1044700090D8632833D8622800D16FE1632800D137
:10448000A5E0252886D0582884D120221343103A4D
:104490000C218B436DE12A2906D104CF0235D1438B
:1044A000C9170A400892D7E71500D5E77A2ADCD168
:1044B000802252000BE06A786C2AF9D1C022920067
:1044C00013430235D1E76A78682A03D080220D00B1
:1044D0001343CAE7C022F3E780229200F7E7010006
:1044E00001226439C9B28A401100544C2140224251
:1044F00012D1732800D1BBE0702800D04AE72122F6
:104500001343059308230493089B019103931023FD
:10451000029308CF00934BE16F2800D020E10822DE
:10452000B6E77828B4D093430A22642800D120E16A
:10453000AEE758060DD5C8B205930292079BC20F8D
:104540000192C21704938018089B50400393009077
:104550002EE108001C06EFD508B2EDE7002913D1C3
:104560003C1DD80521D50593079B02920493089B17
:10457000019103933B6800933200099B0B990A98C1
:10458000FFF7F5F9270006002878002800D0FEE69E
:10459000099B32009E4200D35A1E0020099B0B99B2
:1045A0000A9CA047300013B0F0BD396858060AD500
:1045B000C9B20593079B02920493089B0091039351
:1045C00000230193D8E71806F3D589B2F1E7022258
:1045D000190011400C9113422CD0012301CF32005D
:1045E00008930B99099B741CC0B20A9EB0470C9BA0
:1045F000002B3BD0089B22000C932CE02020099B31
:104600000B990A9CA047089A0799531C08939B1B77
:104610009942F3D80A00531E9A410023D1B29A421C
:1046200001D0079B013BF61802230029D6D0079B37
:104630000133D3E73200E7E76D39010821081200A2
:10464000531C0D932020099B0B990A9EB0470C9B8D
:104650000D9A01330C93079B0C998B42F0D8079A63
:10466000089900238A4200D3531AE41826008BE7E6
:10467000390004C90D92089A0E91002A01D1012235
:1046800052420D990C008A182178002901D0A242CB
:1046900014D10D9A1900A41A8022D20011400F9152
:1046A000134203D0089A944200D914000222190040
:1046B00011401091134217D1320009E00134E3E7B1
:1046C000531C0C932020099B0B990A9FB8470C9A06
:1046D000A31B0799D3189942F2D80023A14200D313
:1046E0000B1B0134F618E4180C960AE008930C9B97
:1046F0000C9A013311930B99099B0A9FB847119BA0
:104700000C930D9B0C9A9B1B985C002807D00F9B69
:10471000002BECD0089B089A013B002AE6D1109BA5
:10472000002B15D00C9A06E0561C2020099B0B99F3
:104730000A9FB84732000C9B0799E31AD318994295
:10474000F2D80023A14200D30B1B0C9AD3180C9370
:104750000E9F0C9E18E71A4B0A9316E6022297E664
:1047600010226F2800D9DCE693430A22692800D082
:10477000DBE6590501D501218B43802189001940D1
:10478000692802D0642800D0E8E6002900D0FBE6C2
:1047900002CFD80500D4CCE60593079B0292049380
:1047A000089B0393CB0F0193CB17C9185940009175
:1047B0003200099B0B990A98FFF7D9F80600E3E647
:1047C0006539010870B5002901D1002A27D11424C8
:1047D0004443194B1B191C00CC342478002C1ED0E8
:1047E0001E00164CD036A57BA07331601900D43161
:1047F0000A600022D833EDB21A60904212D1104AFA
:104800001178CBB201290BD0062B09D0002B05D192
:10481000217C40330B43237403231370A57370BDB5
:104820000523FAE70423627A134301226372637E4D
:1048300093436376F2E7C04620230020005C0040EB
:104840000D2300207F220F4B0240997B40B2C9B25A
:104850009A7300280FDB002A07D107200A4A10703C
:104860006022187C02431A7403E02022587E02431F
:104870005A7699737047002AEFD01022587D024370
:104880005A75F6E7005C00400D2300200300F7B5E1
:104890007F201F000740034212D14021404B414A74
:1048A000180011801A001985CA32190017700122E8
:1048B000CC302A312C3302700F701A700020FEBDEC
:1048C0007820034268D15BB29C46374C1423A07B0E
:1048D0004D1EC0B26E427541019060467B43304E22
:1048E000A773AD01F318002829DB1F00C837B97082
:1048F0000121CC33EDB23A8019702576637E0B42EC
:1049000013D090236376082A11D902210B000131BC
:10491000DD00AA420ED82A0092B2DBB2A3767368F9
:10492000D218019B7260A373C8E78023EAE70822CC
:104930000123F1E74129E9D100220123EDE72A20F3
:1049400084469C446046017001211A852C331970FD
:10495000B940A37A0B43DBB2A37220232B43237508
:10496000637D9B070ED548236375082A0CD9022165
:104970000B000131DD00AA4209D82A0092B2DBB255
:10498000A375CCE74023EFE708220123F6E741298E
:10499000EED100220123F2E7012040428FE7C0461A
:1049A00020230020E8230020005C004010B542795D
:1049B000037912021A430323C17852051940807803
:1049C000520DFFF763FF43425841C0B210BD0000D3
:1049D0006022F0B5A24C85B023781A40202A00D17D
:1049E0004AE1402A00D175E1002A23D10332134065
:1049F000012B00D16EE0022B00D1D6E0002B19D1A3
:104A000060786588092815D8EDF776FF760C140CC8
:104A100014050E142A2EEDB2002D01D1914B1D70FC
:104A2000914B1D70002373E12A0AEDB2032A04D1D1
:104A3000EE2D04D1002005B0F0BD032AFAD80021E4
:104A4000A369D6B218780028F4D05F78B74203D1B2
:104A50008D4200D154E101311B18F3E71B7857E177
:104A6000824BA360012353E1FF270020A669EDB22A
:104A700000973178002908D15E22AE23FF325B0017
:104A8000A55400281BD1E054CCE77378042B08D040
:104A9000052B0BD0022B06D17779BD4203D1012023
:104AA00001E0F37800933378F618E2E7BD42FAD1DB
:104AB000009B002BF7D13000FFF778FFF3E70122CE
:104AC0000720E254FFF7E6FB802202206849FFF747
:104AD00079FEA7E75E23FF33E35C002BAAD0607862
:104AE000638827790B28A5D8EDF7FCFE06A4A4A4BB
:104AF000A4A40DA4A4A42D310023A2681370A2685D
:104B00005370022304E11B0A212B0CD1594B1B6863
:104B1000002B00D18EE75A1CD27FBA42F7D15B69D5
:104B2000A3600923F4E0222B00D083E7514B1B68DC
:104B3000002B00D17EE75A1CD27FBA42F7D19A6986
:104B4000DB69A260E4E00022A3681A708AE7DBB2A6
:104B5000FF2601930023A569009602932B78039307
:104B6000002B05D108200299FFF794FB039BCFE0AF
:104B70006B78042B04D0052B0DD02B78ED18EDE7C6
:104B8000EB78AE780093B742F7D1019B009A93423D
:104B9000F3D10295F1E7B742EFD1019B009A93421E
:104BA000EBD12800FFF702FFE7E75E23FF33E35C6A
:104BB000002B00D13EE7A2886378D0B2012B1DD034
:104BC000032B45D0002B00D034E77F331840254B12
:104BD000997B9873C9B212060BD4002802D0587E74
:104BE0008006C00F00229973A3681870A3685A70DA
:104BF00087E70028F6D0587DC006F2E76388002BCF
:104C000023D17F331840174B997B9873C9B2120692
:104C100010D4002804D11A7C043082431A7407E0AF
:104C200060205A7E82435A765A7E203002435A765A
:104C300099736EE00028EED030205A7D82435A7579
:104C40004022587D02435A75F2E700232361F1E6C2
:104C50006588002DF9D1FFF7F5FD256159E0C046C3
:104C6000EC000020005C00402023002049020020CE
:104C7000D02D0020481A002003221340012B17D109
:104C8000254B22791B68002B02D1012040420AE00B
:104C90005D68002D0AD0591CC97F914206D12000C1
:104CA0001E4A1F49A847C043C00FC4E61B68EAE775
:104CB000022B00D0BEE6184BA2881B68120A002BFC
:104CC000E3D09D68002D03D0591CC97F9142E6D0E6
:104CD0001B68F4E7104B1D68002D02D101204042F3
:104CE0000AE0EB68002B01D12D68F5E720000B4AA4
:104CF0000B4998470028F7D10123013018409AE664
:104D0000A360022A00D0A9E69A78DB781B0213433D
:104D1000236101208FE6C046481A0020FC000020D5
:104D2000F40000200023180010B5094A094914882E
:104D30008C4200D1108001330232802BF7D11E2229
:104D40000021054805F0E2FA0022044B1A7010BD5C
:104D50007A2C0020FFFF00005C2C00205A2C002041
:104D600010B5194CE08AC10907D18022174B121ADD
:104D700040005200C01805F0C9FA154A1378002BFC
:104D80000FD0013BDBB21370002B02D10122114B7B
:104D90001A70012210490B7853400B700F4B1A7098
:104DA00010BD0F4B1B78002BF3D1A088FEF760FFDE
:104DB0000C4A0530D3680A33834200DA03000A2B19
:104DC00000DD0A231361E4E78C2D00207A2C0020FB
:104DD000942B0020810000207A0000206200002037
:104DE000BB2D002084000020802210B5D2000021BD
:104DF000084805F08BFA0022074B1A70074A084B47
:104E000012681A60074A084B12681A602022074B82
:104E10001A7010BD2F2700202F2B002070000020BB
:104E2000680000206C000020640000207C0000204E
:104E300013B508220021684605F068FA0822694681
:104E40001548EFF701FC154C0521637922791B0108
:104E500092001343E27A206913436A4613700622D4
:104E60000F4B82301B785B0013400E4A12781343BD
:104E70006A465370EDF7E8FD6B46987023890A4A3D
:104E8000934200D1FF236A466946D370024800234B
:104E90000822F0F7ADF813BD48A1000084000020FF
:104EA00082000020BB2D0020FFFF0000F7B5154B4E
:104EB0000D1E01930CD0144E3368002B08D0B3683C
:104EC0001C68019B00937368002D07D1B3681C60B8
:104ED000802202200199FFF775FCF7BD27001C1BFB
:104EE000BB42FBD0AC4200D92C00306822000099B4
:104EF000C01905F03AFB009B2D1B1B1900933C19B0
:104F0000E1E7C046D02D0020941A00204378212BE1
:104F100015D0222B04D0203B5A1E93415842704793
:104F2000C37882781B021343180001220C491040F9
:104F3000134202D00A700020F1E70870FBE78020DE
:104F40000B6800214042187004305870D9701971F4
:104F500059719A3008319870997107231360EAE704
:104F600093070020F7B500250700FA242E000191D1
:104F70000520EFF791FD3B690199320099430B0041
:104F80005E425E41964206D10135962D04D15A1EED
:104F90009341D8B204E00125013C002CE8D1200067
:104FA000FEBD000007B5002807D008237F2200932C
:104FB00000210348073BF9F7D9FAEFF775FC07BD65
:104FC00088B901080C224243054B70B59B1818792B
:104FD0005D79DC88EEF7E6FC2841204070BDC046D4
:104FE000B8D7010810B5FEF765FE0400094B18603C
:104FF000EFF71EF92000EFF791FA3020EEF7D2FC20
:10500000040000213020EEF707FF21003020EEF7EA
:1050100003FF10BDB42D002010B5054A054B5068A4
:10502000D860518819801289DA80FFF7DBFF10BD44
:10503000A82D00208C2D0020414BF7B51A780400D4
:10504000824251D018703F4B3F4D404F404E01932C
:1050500000284AD03F4B1868002805D03E4A036913
:1050600012681A60F7F7A8FC0020FCF79FFF3B4B83
:1050700000201978F7F798FE39492B680978394AE2
:1050800003335B1A052001211360EFF757F8302036
:10509000EEF788FC80218900014389B23020EEF7C9
:1050A000BBFE80244720EEF77DFC6400204381B2E4
:1050B0004720EEF7B1FEFA204000EFF7EDFCA02309
:1050C000DB059C6100233B70274B019A5B884320E2
:1050D0003380D27A254B5200D15AEEF79DFE8021C3
:1050E0003F20C900EEF798FEF7BDA0238022FA20EA
:1050F000DB0552009A624000EFF7CEFC3020EEF75D
:1051000051FC1B4901403020EEF786FE4720EEF7A8
:1051100049FC184901404720EEF77EFE210005209A
:10512000EFF70CF801235B422A683380124B3C7086
:105130001A60019B114A5B7943205B00D15CD1E787
:105140008000002084000020E4050020882D00203D
:105150007E000020481E0020B42D0020802D00205D
:105160007C0000207C2D0020A82D002074D7010891
:10517000FFFD0000FFFE0000842D00207AD701080B
:1051800010B5FEF741FE104CE068EFF7C7F930208C
:10519000EEF708FC0D4A0E4B10401880FEF7CCFDD0
:1051A0000020FFF749FF01220A4BFF211A7001235B
:1051B0007F325B420848638005F0A8F84022002156
:1051C000064805F0A3F810BD8C2D0020FFFDFFFF61
:1051D000982B00207B000020DA2B00209A2B002047
:1051E00070B5802280256124144B6D4264420021F9
:1051F00052001348DD601C6105F088F88022FF2111
:10520000104805F083F8002140220F4805F07EF891
:1052100000220E4B1A800E4B1A700E4B1D600E4B67
:105220001C600E4B1D600E4B1C60FFF7A9FF012296
:105230000C4B1A700C4B1A7070BDC04684000020D5
:105240007A2C0020DA2B00209A2B0020962B0020AD
:10525000942B0020700000206C00002068000020CB
:1052600064000020B82D00208100002003000138D8
:1052700070B5C4B2112800D9AFE0EDF73DFB0921AC
:10528000AEBDAFAE0921AED43A3AE0AEAECEAE89F5
:10529000804D6B79012C0ED800220E2B01D00133EA
:1052A000DAB26A71FEF776FD40082860FFF768FF02
:1052B000FFF738FD14E00E22002BF2D0013BEFE7A0
:1052C000FEF742FD734A8000136880B2012C0AD1B8
:1052D00071498B4201D8C01810607048EFF7DCFBB1
:1052E0006F4B01222FE06F498B42F6D91B1A1360D6
:1052F000F3E76D4A1278002A2DD06C4AD57E0B2B2D
:1053000001D001235D400020FFF796FEFEF770FDFF
:10531000FEF712FDFEF778FD654C664A002D02D1BE
:10532000E38A012B11D8012313700023E380FEF7D9
:1053300039FD0022604BE0601A70604B1A70584BC8
:1053400001321A705E4B1A7047E0013B1570E38022
:10535000FEF73AFDEDE75B4A1268002A3DD1534A59
:10536000D27E0B2B01D001235A4057490B68002AEB
:1053700007D0564A934230D8464A12689B180B60B1
:1053800094E7534A934228D9424A12689B1AF6E797
:10539000504B0F211878504D421C1A704F4B1C89EE
:1053A000EDF74EFBC9B24900414B4C53D98AE0B2EC
:1053B000802906D9E001EDF7BDFA7F2800D97F20CA
:1053C000C0B20122464B40005242C252FEF7B4FC2A
:1053D0000020FFF731FEFEF70BFD70BD394B1B6857
:1053E000002BFAD13F4A13703F4A1370FEF72EFE8E
:1053F0000120FEF74BFCF0E7324B1B68002BECD191
:10540000244C03222379002B01D0013BDAB2227114
:10541000FEF7C0FC4008206048E70220FEF736FC9B
:10542000FFF7FAFDD9E70123304A11784B4013709A
:1054300003D10122174B52421A81214B51E72C4BC9
:105440001C78002C01D000227DE7FFF7F1FC294BEE
:105450001C70F9F70FF8284B1968002906D0274B64
:105460001A68002A02D009691C600A60244B0024D3
:105470001868FFF7B7FD234A6300D15A224B185D25
:105480000134EEF7C9FC072CF5D101221F4B1A702D
:105490001F4BD8E7840000203F0D0300A0860100C9
:1054A000B82D00201027000080000020581F002089
:1054B0008C2D002077000020620000207B0000205F
:1054C0008100002018080020A42D00207FA4BF0721
:1054D00040771B005A2C00205C2C0020A82D0020B7
:1054E0007A2C0020372B0020362B0020BB2D0020EB
:1054F000502B0020901F0020481E00204C2B002025
:10550000482B0020382B00205CD70108F70700202B
:10551000462B002070B53224FF256320EEF742FAB7
:105520002840C72806D9013C0120E4B2EFF7B4FABD
:10553000002CF2D1EEF79CFFEEF79AFF154B04001A
:10554000DD8A1880D888802D06D92900C001EDF7A2
:10555000F1F97F2800D97F200F4EC0B20F494300D8
:10556000B44203D101225242CA5207E0CA5A802DE6
:105570000AD9B24202D0A24201D8CC5270BD032057
:10558000424312199208EFE7A242F6D912195210BB
:10559000EAE7C0468C2D0020FFFF00007A2C002097
:1055A00070B5284E8AB03000EDF794F98022041EC1
:1055B000254D264815D1210004F0A8FE80222100A7
:1055C000280004F0A3FE0323220002212048F9F75B
:1055D00011F80423220002211E48F9F70BF80AB043
:1055E00070BD002104F092FE80220021280004F00A
:1055F0008DFE112C06D80323002202213000F9F77A
:1056000069F8ECE705AD11223100280004F0ADFF88
:1056100000220323113C022128006A74F9F75AF88A
:10562000231CA4B2112C00D911239CB222000A49D8
:10563000684604F09AFF6B46002202211A5568461C
:105640000423DCE75B050020BD1C00203D1C00207E
:105650008FB901089CB901086C05002010B5044BF6
:105660001B78FF2B03D0034A9B009B58984710BD23
:105670000F1F0020D8D8010870B50400FF281CD0E7
:105680000E4D2B78834214D0F1F72AF800230C4AF0
:1056900013700C4A13700C4A13700C4A13700C4AA6
:1056A00013700C4A13700C4A13700C4A1370EFF706
:1056B0009BF801220A4B2C701A7070BD0F1F00203E
:1056C0002B1F0020F42200200A1F0020F01E0020C3
:1056D000EF1E0020EE2200200B1F0020ED1E0020F8
:1056E000381F002000200122064B10B51870064B11
:1056F00052421870054B1A80054B02321A70FFF7A0
:10570000BBFF10BD86070020850700202600002073
:10571000031F002010B5802205490648EEF794FFCC
:10572000E022054905489200EEF78EFF10BDC04605
:105730002D08002008100100BD1A0020881001006B
:105740000EB403B5012103AB04CB49420193FEF72C
:1057500011FE02B008BC03B018470000F0B589B0D4
:10576000F9F792F80520F9F777F80823009300235A
:1057700002211A005F48F8F7F9FE5F4C5F4BA67DE7
:105780000A21B5076D0FE85AEDF7D4F883B25C4FE4
:105790000393B60700D15B4F5B4B0A21585BEDF7D3
:1057A000C9F85A4E80B23B003100039A009004A819
:1057B000FFF7C6FF062304A800220121F8F71AFF0D
:1057C000534D54482B78002B12D1534B53481B7820
:1057D000002B0DD1524B1B78002B33D1E27C002AD9
:1057E00023D0A27C4F49013204A8FFF7A9FF04A8E7
:1057F0000A237F2200930021073BF8F7B7FE2B789E
:10580000002B06D1E37C002B46D0474B1B78002BA6
:1058100042D0464B1A78444B1B78002B1BD144498D
:10582000013204A8FFF78CFF2DE0A38A4149500004
:10583000085A0132834201D13F49D5E7302AF6D1D7
:105840003E48D5E73E4B3F481B78002BD0D0374B26
:105850003D491A78C8E73D4B02AA13812D233C49E4
:1058600093720A780A2A01D03032D3B202AAD372D4
:105870004B782D220A2B01D03033DAB202AB1A73E7
:10588000002302AA53730A237F2200930021093BBD
:1058900004A8F8F76BFE22E01F4B1B78002B01D009
:1058A000A27CBCE7204D2B78002B1CD1A68A0A21B4
:1058B0003000EDF7C5F830008CB20A21EDF73AF868
:1058C0002300244982B204A8FFF73AFF2B78242151
:1058D0005A42534104A80122DBB2F8F71BFFEEF74E
:1058E000E3FF09B0F0BDF9F7B5F81B490200C31C8E
:1058F000E9E7C046EEB40108581F0020B0BF010818
:1059000078B30108EFBA0108B8BF0108B8B90108B7
:105910000B1F0020A6B90108ED1E0020ACB901083C
:10592000EF1E0020C1B901082B1F0020B21E00206D
:10593000E3B90108521E0020CCB90108F0B60108F5
:10594000B61E0020B1B90108D8B9010843480000CB
:10595000D0030020EBB90108F2B9010870B50D00C1
:1059600007490400EDF76CF820000E000449ECF73D
:10597000E1FF3300020003492800FFF7E1FE70BD9C
:10598000A086010093B20108F0B587B0002801D1CC
:10599000364B1868FEF78EF9354C05002100FFF7ED
:1059A000DDFF2B220127110000232000F8F722FE43
:1059B000304E314B327D31499200D2182000FFF732
:1059C000BFFE00233A00742120000097F8F702FF81
:1059D000F27A2B4B9200D2582A492000FFF7B0FEF2
:1059E000002307226C2120000097F8F7F3FE28001F
:1059F000FEF760F9244B05004922180000210393AB
:105A000004F084FC214B1B78002B24D0204B214E2A
:105A10001A68954216D000241D6034700022A7B287
:105A200011003800F6F75AFF002818D0082220018C
:105A300004A9EEF709FE049B9D4210D13900300005
:105A4000F8F77AF83378002B05D006223000124B95
:105A50000399F8F76BFDEEF735FF07B0F0BD802333
:105A60000134DB009C42D9D1ECE7C046B42D0020C4
:105A7000642B00208400002050C60108FCB90108F6
:105A800064D7010800BA01085808002080000020EF
:105A9000602B0020512B0020D6CA010800B58022BF
:105AA000002112488BB004F031FC114B1A78114BD5
:105AB000022A09D0104B1A78104B002A04D1104A40
:105AC0001278002A00D10F4B0F48104A0078127844
:105AD0000F49009002A8FFF733FE0623002202219F
:105AE00002A8F8F787FD0BB000BDC046BD1D002021
:105AF00010060020E6B20108FE050020C7B7010825
:105B00000906002005BA01085E00002001000020FF
:105B100009BA01080CB407B504AB04CB0193FEF736
:105B200029FC03B008BC02B018470000002270B581
:105B3000040010000B4E93B2994200D870BD0825A6
:105B4000A35C1B02584003B2002B07DA5B007340D2
:105B500098B2013D002DF6D10132ECE7400080B251
:105B6000F7E7C04621100000F0B5802704000E00C2
:105B7000150085B07F04002D01D105B0F0BD0023D4
:105B800000930A3320006B4403AA2900FDF7D0FFDD
:105B90006B4603985A89B8420BD3FF21300004F0BA
:105BA000B5FB6B465B891C19ED1AA4B2F618EDB271
:105BB000E1E73100EEF748FDF3E7F0B504000D0032
:105BC000082685B009270A236F4420006B44310062
:105BD000009703AAFDF7ACFF802303985B0498426B
:105BE00005D26A4629003B785289EFF701FA6B46E5
:105BF0005B89F61A1C19B6B2A4B2ED18002EE1D1D9
:105C000005B0F0BD30B58024094A4118884208D15A
:105C100030BD013B1568254205D1002BF9D101307B
:105C2000F4E7044BF6E7002BF9D003785360F6E76E
:105C30000038014010270000F0B585B0002815D1CC
:105C40005E4B5F4D5A6880235B009B1A5D4A5E4E37
:105C50009BB200925D4A80209446FF2440002A882F
:105C60009A4200D094E0002005B0F0BD584B594A4C
:105C70001B68594D594E9BB20092EBE7013222400E
:105C80002A802A889A4200D194E0B75CAB2F00D1D9
:105C900081E0013989B26145F0D1991A9A4202D363
:105CA000591CFF31891A89B20729DCD901322240F7
:105CB000B75CCD2F74D0013880B22A806045CED138
:105CC000FF202A88019202320240541C0440375DB2
:105CD000B45C3F023C4327B2029780270394083408
:105CE0007F00BC425AD8029C07348C42BBDA02992E
:105CF00002328C1C0240A4180440315DDC294DD1D5
:105D0000611C0140715CBA2948D193B2B118A2421A
:105D100049D9FF1ABFB23A00009804F026FC2200CD
:105D20003100009BD81904F020FC0234019BE7B23B
:105D3000E4B2F018A34239D9802252000021D21ACD
:105D400004F0E4FA3A000021300004F0DFFA039B8B
:105D50002C80991C0F24002321481A00009D22400A
:105D6000ED5C825C6A40009DEA5401338B42F4D3BF
:105D700003992800FFF7DAFE029A0299AB185A78C5
:105D80006B5C12021343181A42425041C0B26BE7D7
:105D90008021490075E7002900D07EE72B8062E76B
:105DA00000288DD1FAE70098A21ABCE7019B0021D8
:105DB000FA1ACAE70029F1D055E7C0461C00024094
:105DC00058300020582E002048190020FFFF000006
:105DD0007C020020582F00205A3000208002002032
:105DE00060D8010870B504000125EFF7BBF98020E9
:105DF000EFF734FA60002843C0B2EFF72FFA28001B
:105E0000EEF74AFE0020EFF7DDF904002800EEF778
:105E100043FE2800EFF7D6F90500EFF7BBF92002A3
:105E2000284380B270BD70B505000C00EFF79AF9F9
:105E30008020EFF713FA6800C0B2EFF70FFA60BAEC
:105E400084B2C0B2EFF70AFA002802DB200AEFF7AB
:105E500005FAEFF79FF970BD10B502200149FFF771
:105E6000E2FF10BD410200000F4B4A00D35A70B54B
:105E7000C01A84B205200D00FFF7B4FFC023984379
:105E8000AD0181B229430520FFF7CDFF210003209A
:105E9000FFF7C9FF0548EEF7FFFD80210902032047
:105EA0002143FFF7C0FF70BDB0BF010810270000FD
:105EB00010B5044B997D988A8907890FFFF7D4FFA5
:105EC00010BDC046581F002010B50C4C238AA38279
:105ED000E37C002B0FD00121A07CFDF77FFEFF2883
:105EE00004D100230138E374FF3810BD044BA074C3
:105EF0004000C35AA3820020F7E7C046581F002085
:105F0000521E0020F8B509230124CB40050023428E
:105F10001DD0244B1B78002B02D103394C424C413D
:105F20000127214E3770EEF75FFC03221F4B1A70DA
:105F30000E2D34D82800ECF7DFFC080B3219323272
:105F40003232272A323232322D00EEF701FBF8BD11
:105F5000032017498A7D93079B0F01330340824337
:105F60001A438A750122134B1A70F0E70124104A74
:105F7000D37C6340D374FFF7A7FF00280FD1FFF74E
:105F800097FF0C4B1C70E2E7EFF774FEDFE7EEF7CC
:105F900065FEDCE720003840F0F7F4FAD7E702238B
:105FA0003370D4E7AD080020291F002057000020DF
:105FB000581F00208907002070B5A0230C00802105
:105FC000DB054900996200210F4B104D19702978AB
:105FD0000A23002900D16E330D490E4E0B80002399
:105FE0000D49B0820B700D490B700D490B700D49B6
:105FF0000B709A4204D1001980B2FDF709FEB082FD
:106000002C70FFF755FF70BD501E0020EF1E0020C2
:10601000B41E0020581F0020C51E0020B31E002003
:106020000B1F0020ED1E00200022114B10B51A702E
:10603000104B1B78934203D00F4B0132FF325A8230
:10604000FFF742FFFFF734FFF7F76EFF00230B4A1D
:1060500013800B4A13700B4A1370EEF7AFFDA023A9
:106060008022DB0552009A61074BFF3A1A7010BD7F
:10607000EF1E0020B61E0020581F0020B41E002076
:10608000C51E00200B1F0020501E00200B0070B505
:1060900054001C191100E4B2122823D8ECF740FC7C
:1060A0001300130013001300130013001300130058
:1060B000130013009300F500F50055019000B001A6
:1060C000B401B801B801002C00D075E0B04B1B78CA
:1060D000002B00D070E0AF4B1B78002B03D0AE4BF1
:1060E00002221A7070BDAD4B1B78002B1AD1AC4B3D
:1060F0001B78002BF3D1AB4BDE7CF8F793FC10231D
:10610000A94AAA4D13700D3B2B70A94B1978002E8C
:106110002DD1012908D1A74A11780129E2D951705E
:106120001670DDE70226E8E70329DBD901241E709B
:106130001470F8F78FFCF6F7DDFA9A4A9E49937DC2
:106140009B075B0F595A884203D39C495B5A98427C
:1061500005D90222904B1A7003232B70C2E780B23C
:1061600010829082FFF7A4FE954B1C70BAE70229BB
:10617000B8D100211970012313708E4B5C781A7806
:106180000A235343013CE418E4B2012E0FD120004E
:10619000FDF706FD0028A2D0824A8A4B9474640061
:1061A000E35A9382FFF784FE854B1E709AE72F2CEB
:1061B00000D994E7844BD8E72100FFF7A3FE91E7CD
:1061C00021000E20F9E7032C05D101220A2011003D
:1061D000EFF7DEFC86E7002C00D083E70322734B49
:1061E0006D4D01341A702C70EEF7FEFA6C4B1B7873
:1061F000002B2CD16E4B1B78002B00D06FE7694A27
:10620000D37C002B0FD165480578002D07D06E494F
:106210006C4B0978928AA140CA52694B1C700123C9
:106220006B4003705EE75B4D2B78002B0BD0012198
:10623000927C644B52004942D152FFF745FEFFF772
:1062400037FE5F4B1C7001232A78534085E75F4B74
:106250001B78002B03D15E4B1B78002B04D102234B
:1062600000222B70524B3CE74C490878002808D09C
:10627000554A4C4D1278534BAD8A5200D552504B73
:106280001C70012343400B702CE701250B2820D103
:10629000EEF7AAFA464B1B78012C1CD1002B00D03C
:1062A0001DE73D4B1C703F4CE37E002B01D16D423E
:1062B0006DB23A4B1B78002B17D003223B4B1A7060
:1062C000414A13785B19591C0CD02F2B0BDD00238E
:1062D00009E06D42DCE7002B00D003E7032C00D07F
:1062E00000E7E0E72F231370FCE62D4B1B78002B13
:1062F0000BD0364B1A78002A00D0F0E62900A08A8D
:10630000FFF75AFE0322294BEBE6E37C002B14D067
:10631000A67CE9B27018C0B2FDF760FCFF2809D076
:10632000864207D0274BA0744000C35AA3820122A3
:10633000234B1A70FFF7BCFDE4E7208A401980B2B6
:10634000FDF766FCA0822082F1E7194A1378002B42
:1063500016D0002C00D0C5E601200F490870104966
:106360000978002949D1002B34D10C49094B0A780E
:10637000002A09D11A78002A06D1EEF7E9F8B1E629
:10638000012C00D0AEE6E7E700220A701A70B9E7E8
:10639000AD080020ED1E0020291F00200B1F00204B
:1063A000EF1E0020581F0020301F00205700002043
:1063B0002B1F0020D0030020B0BF0108B8BF010888
:1063C00089070020521E0020B21E0020B61E0020A9
:1063D000B31E00200A2110241248013BDBB2C15435
:1063E000114913700C70002B04D0012B8AD1037853
:1063F000002B87D10023137084E7FFF715FE81E798
:106400001800F0F7B1F96DE61800F0F7FBF969E64E
:10641000012C00D166E60222044B1A70EEF7E4F973
:1064200060E6C046D0030020301F0020291F002056
:106430000023F7B501212D4A2D4D13702D4A1170FF
:106440002D4A13702D4A1380AB7DAE8A9B079B0F9C
:106450000193002E45D02A4F3C78002C3CD1294A8C
:106460006300E0B2D15A0134FFF7DDFC222CF6D1F3
:106470002548EEF711FB19202449FFF7D4FC192019
:106480002349FFF7D0FC2348EEF706FB01233B70BE
:10649000214B052019784B4259410F23494219409D
:1064A000A1231B01C918FFF7BEFC30000199FFF7BB
:1064B000DBFC1A48EEF732F8A0238022DB055200FD
:1064C0009A61174BFF3A1A70164B38351A7003232E
:1064D0002B70F7F7CFFFF7BD02201349FFF7A3FC9E
:1064E000D6E702201149FFF79EFCE2E717080020DB
:1064F000581F00202A1F0020EF1E00200408002043
:10650000CE2D00201CD8010890D003003CA800002C
:10651000BCA8000060EA0000F907002080789D0018
:10652000501E00203D1F002001020000410200001B
:10653000054A1378082B01D9002313701278034BF6
:106540009200D0587047C046CD2D0020F8D70108E2
:10655000F0B589B0F8F798F9704D71482B78002B99
:1065600005D07048012B02D000236F482B70082300
:106570007F22009302210023F7F7F8FF6B4B04AC56
:106580001E78002E43D16A4B6A491B681F68380089
:10659000ECF756FA380002916649ECF7CBF96649F8
:1065A0000200029B2000FFF7CBF80F2002AF03236D
:1065B00032006121C019F8F71DF8E67100230222AC
:1065C00010212000F8F7A6F8FFF7B2FF5B4A5C4BFA
:1065D00016882A7802901B88C188002A25D1594B39
:1065E0001A78072A1CD8D20113002000564980339C
:1065F0000132FFF7A5F808237F2200930221200033
:10660000033BF7F7B3FFEEF74FF909B0F0BDF8F72A
:1066100021FA4E490200C31C2000FFF791F8CDE794
:1066200020004B4903F099FFE5E79B191F1C9BB223
:106630008B4200D90F1C4748BFB27843ECF704FAED
:1066400083B2180064210393ECF774F9642185B2D6
:106650000398ECF7F5F9404A8BB21278002A52D130
:106660002A0020003D490096FFF76AF83C4B1B7852
:10667000002B17D008233C25422620007F22022130
:106680000093033BF7F772FF364C374B7A22E55401
:10669000364B81213648E65403F038FE354BE6543C
:1066A000354BE554002FAED0244B344918880B7875
:1066B00083420AD007257B1EDC101D400123AB401E
:1066C0002F4A0870155D2B431355002307201A002D
:1066D00084462C492C4D8124974209D9284ED0104C
:1066E000305C6646164030410126304200D13C34D1
:1066F00002980C70C0881B189BB2772B09D8013107
:10670000A942E8D17FE72A0020002049FFF718F8C6
:10671000ACE7783B01329BB292B2EEE7401E00201C
:1067200016BA010824BA01082DBA01082B1F00204F
:10673000481E0020A086010008B20108E6060020DD
:10674000E4060020CD2D002045BA01083BBA01081F
:1067500055BA010810270000EA0600205EBA0108B9
:10676000CC2D0020BD1A0020010200000202000012
:10677000C01C00207D0200007E020000BC2D002015
:10678000BD2D0020C11C0020391D002073BA010856
:1067900070B5002207250749074C13002B405B000A
:1067A0004E881B5B013273404B8002318242F4D130
:1067B00070BDC0463C070020E8D70108F0B5804B0B
:1067C0008DB01B78002B19D07E4B1C78002C15D176
:1067D0007D4B1B78012B13D0022B00D1E7E0012267
:1067E0007A4B03201A70EEF764F80420EEF761F894
:1067F0000520EEF75EF80620EEF75BF80DB0F0BD71
:10680000734A744C12782378002A75D0FEF7C8FEBC
:10681000714D80220021280003F078FD6F4B1E7817
:1068200033007F33DBB201937F236D4A3340009204
:1068300000996C4AC95CD25C0136F6B20B1C9142DD
:1068400000D2131C7F21674A00983140525C415CA2
:10685000DBB20F1C914200D2171C0024FFB23F2B69
:1068600007D8072041215843ECF764F806231C1A87
:10687000E4B200203F2F07D8073041217843ECF7DE
:1068800059F80623181AC0B2012106230F001B1B5A
:106890009F402A783A432A70844279D20F009F4061
:1068A0002A7801343A43E4B22A70013BA042F5D27F
:1068B000019B01359E42B7D17F23009A1E40494B70
:1068C000915D9B5D0A1C994200D21A1CD2B24023F2
:1068D0003F2A0BD8072041215043ECF72BF8062321
:1068E000181AC0B2181A053B8340DBB23E4A3F4932
:1068F0005354FFF7D3F872E7002B03D13C4C2378B5
:10690000002B83D02000EBF7E5FF80220700002159
:10691000384803F0FBFC80220021374803F0F6FCE6
:106920000323002202213548F7F764FE112F06D811
:10693000032300221C212000F7F75CFE68E70026F5
:10694000BDB2222F02D92E00223EB6B21122A119C9
:1069500002A803F00AFE002202AB113D5A74AD1BDF
:1069600003231C2102A8F7F745FE2B1CADB2112D05
:1069700000D911239DB207AF11362A00A1193800A2
:1069800003F0F3FD00220423022138007A55D3E7F7
:1069900084428DD906231B1A0F009F402A780130AC
:1069A0003A43C0B22A70013B8442F5D280E7FEF739
:1069B000F7FD80222100084803F0A8FC99E7C046B3
:1069C000E31E00200F1F002010060020381F0020AB
:1069D0005B050020CF2600203D1D0020CE26002094
:1069E0004E260020CE250020BD1A0020FF02000008
:1069F000EE0500203D1C0020BD1C002083BA0108CC
:106A0000F7B5484D022816D0032800D180E02B7836
:106A1000012808D0052B02D801332B7002E0012297
:106A2000414B1A70F7BD052BF9D898403F4A1178B1
:106A300001431170F0E729780029F3D03A4B3B4A23
:106A400000931B780192002B11D14A1E052A0ED803
:106A5000019A1478364A100056788E4210D19678F2
:106A6000A6420DD103225343C65C002E0DD1002354
:106A7000019A2B7013702F4A1370009A1370D1E78C
:106A8000013303322D2BE7D1F1E7392E09D8252E1A
:106A9000EDD93200284B263AD2B2D340DB0709D4D5
:106AA000E5E733003D3BDBB21D2BE0D8234ADA405B
:106AB000D207DCD51F4B224C1B78002B12D0237839
:106AC0000F2B06D90F221F491F4803F027FD0F2364
:106AD0002370202021781C4B4A1C58540021D2B22C
:106AE000227099542378184F0F2B06D90F223800A3
:106AF000144903F013FD0F2323702278531CBE5456
:106B00000022DBB2FA542370104B01321A70AEE748
:106B100000230121054A2B701370064A1170024AA6
:106B2000ACE7C046CD250020CC250020CB25002099
:106B300088D60108CA250020E5FF0F00F5FFFF3FBA
:106B4000C9250020B9250020B8250020381F0020C5
:106B5000F7B526222D4BFF329E5C0023233AFF3AE5
:106B600005001C002A4F3240012A1DD00122294B6A
:106B70001B699B0A9A430192F30605D5A0200821C0
:106B8000C005FEF7EFF90400730706D58021214800
:106B90000901FEF7E7F90443E4B2B60631D4019BDC
:106BA000002B01D03B68013300211B4A3B608C4223
:106BB00001D01168013111600222184E184C307852
:106BC0009A429B418A4292414142484121785B422C
:106BD0004F42794152424042494218401140114FC0
:106BE000A870E9702B706A70002806D000213970F7
:106BF0003978337029712270F7BD0029F8D001214E
:106C0000F5E72300019C0193C9E7C046581F002007
:106C1000C405002000040050C0050020C905002064
:106C2000C8050020BC050020F7B5051E03D0037879
:106C30000024002B17D1F7BD0E4E0F4F33784F2B8A
:106C400006D94F2238000D4903F068FC4F233370FA
:106C5000019932780978531CB9540022DBB201340F
:106C60003370FA54E4B22B1901932B5D002BE3D15E
:106C7000E1E7C046B7250020CF260020D02600201F
:106C800010B5094C094A23780949D054CA5C82429C
:106C900005D2C8547F2201331340237010BD002A4F
:106CA000F8D0013ACA54F5E7CE260020CE250020C0
:106CB0004E260020F0B53D4B87B003931B7805901E
:106CC0000293002B70D03A4B3A4D1C780493002C61
:106CD00043D021002888EBF7B7FE0026022C00D80D
:106CE0001436642714217843EBF724FE031CC0B24A
:106CF000B84200D93B1CDAB2B24200D2331CDBB23C
:106D000019270193022C00D814272B4B019A2B48EA
:106D10001A700023049A2B801370294D029AAB54E9
:106D20002A789A422ED00122E95C002918D1254BFD
:106D30009B5C2A2B01D03F2B0AD10024224E280035
:106D40007168EBF7BDFD002817D11F4BE4001B5DF8
:106D50001E4803700023437014E064230193D3E7BB
:106D60002E2905D152003F2AE7DC0133DBB2DBE7F5
:106D70002D29E2D152000132F5E701340836362CD4
:106D8000DDD113480378002B04D0019B9F4201D82A
:106D9000FFF74AFF0023039A2B701370059B002B0B
:106DA00002D00648FFF740FF07B0F0BD0106002003
:106DB000EB050020EC0500205E00002004B4010873
:106DC000EE05002048D60108B8BB0108B525002013
:106DD000BAB3010810B5002804D000221B4B1A706A
:106DE0001B4B1A70002401221A4B21001C701A4BF5
:106DF0001A481C701A4B1C801A4B1C801A4B1C70B2
:106E00001A4B1C701A4B1C701A4B1A707F3203F00D
:106E10007DFA80222100184803F078FA7822174B77
:106E200052421C70164B1C70164B1C70164B1C806B
:106E3000164B1C70164B1C70164B1A80164BDC320E
:106E40001C80164B1C70164B1A7010BDB725002005
:106E5000CF26002001060020EE050020CE250020D0
:106E6000060600200206002008060020FE0500207D
:106E7000FD0500200B0600204E26002009060020FC
:106E800000060020FF050020FA050020CE26002085
:106E90000406002018000020EC050020EB0500206F
:106EA0005E000020962010B50F4BC0001978EBF75C
:106EB000CBFD1423132803DDDC33984200DC83B2BE
:106EC0000A4A0B49138003225A4392B20A800949A5
:106ED00000200B8008490A8007214B43074A138092
:106EE000FFF778FF10BDC046010000201C00002005
:106EF0000E0000200C0000201000002012000020D6
:106F00002A4B10B51A78002A4ED000241C70284B4A
:106F10008022210027481C7003F0F8F9802221000C
:106F2000254803F0F3F980222100244803F0EEF90C
:106F300021008022224803F0E9F90120FFF74AFFEF
:106F400020490B78A3420DD01F4A204B12780C70B9
:106F5000DA771F4A1F4B1278DA7701221E4B1A701C
:106F6000F5F74CFE1D4A1378002B0BD01C4B1D4926
:106F70001B7804200B70002111708B4200D0023866
:106F8000EEF7ACFE18490B78002B05D0174A184BCA
:106F900012781A7000230B70EDF7B7F90022154B29
:106FA0001A70154B01321A7010BDC046E31E002046
:106FB000100600203D1C0020BD1C00203D1D0020AF
:106FC000BD1D0020DE030020E00300205D1F002027
:106FD000DF0300205E1F002052000020DD030020A0
:106FE000DC03002020080020DB030020DA0300205F
:106FF000991F0020AD080020381F002070B5234ADB
:107000001378DCB2002B10D1214B5D686D42EDB2DC
:10701000204A13789D420DD1002C17D00F221E4B11
:107020001A7000221D4B1A7003E01378013BDBB28B
:10703000137070BD591C1170194A1A48D15CEDF7D4
:1070400087FB002800D120000400E1E70225164B51
:10705000FF351E68F6B2154A13789E4207D1002C00
:10706000E7D00F220C4B1A700C4B0E3ADBE7013DB8
:10707000002DF4D00E490F48C95C01331370EDF7B1
:1070800067FB002800D120000400E4E7B0250020C1
:107090001C000240B22500205D0000209407002063
:1070A00048190020B12500207C020020B4250020D2
:1070B00080020020B3250020F0B5664A8FB0137817
:1070C0000290DDB2002B05D1634C2378002B06D152
:1070D0000FB0F0BD1378013BDBB21370F8E75F4AE5
:1070E0005F4E10683168401A5E49632808D91068FD
:1070F000013BDBB230602370002B01D10B70E7E75E
:107100000B785948002B00D092E001330B7001231B
:1071100002930024260013680021036010220AA8AD
:1071200003F0F4F8514F01970D2104ABC91820006A
:10713000FDF752F801234E4907A81A5C013351406C
:107140004C4A5143092BF8D14B4B0A0C1B784A404F
:107150000393019B92B21988914206D1039B1A1B9B
:1071600051424A41029B1A430BD00721012321407F
:107170008B401900E2080AA8835C09361943815440
:10718000B6B2019B01340233E4B20193802CCBD11F
:107190007F21039B384A01330B401370002E97D098
:1071A000364B1B78132B00D092E704ABD81CFF237F
:1071B0007E390370EFF7B4F9314B05A80380022341
:1071C00005218370330A0671C3700126EFF7A8F911
:1071D000793C0AAAEB08D35C2A00224013413342CF
:1071E00019D00D2104ABC91828001D73FCF7F4FF5A
:1071F000092107A8EFF794F901221D4B0C2004A9DF
:107200000918895C01324B401A494B43092AF5D1D0
:107210001A0C53403B800135EDB20237802DD8D196
:1072200004AB981C0A2301210370EFF779F94FE7AB
:10723000029B002B00D06AE7124BC8211B78002B61
:1072400000D16439136804681B1B8B4200D360E7CC
:107250003EE7C046B02500205D000020E405002088
:10726000AC250020A8250020A4250020A42400206F
:10727000C59D1C8193010001A2240020590000201B
:10728000AA550000E31E0020038810B501330380D7
:10729000FFF74EF9074B084A1B8812889B18C288D3
:1072A0009BB29A4205D80222044B00201A70FFF7C5
:1072B00003FF10BDE4060020E6060020401E00206B
:1072C00010B5012400210A4B0F221C70094B1970C4
:1072D000094B1980094B1970094B1870094803F0C4
:1072E00015F82000FFF7E8FE074B1C7010BDC046E4
:1072F000CC2D002084070020E40600202B1F002056
:10730000EA060020BD2D0020401E0020F8B5002A0E
:1073100045D1002943D010283ED0414B01321A708C
:107320000D2800D979E0EBF7E7FA07070707070709
:10733000070707074061614CF7F774FB394B1A7870
:10734000052A29D900241C70F7F784FBF5F7D2F938
:1073500064254543344E33689D4221D373689D4272
:107360001ED22800F5F760F8002819D12F4F280009
:107370003E68B18BF5F726F834863060B060300097
:10738000F5F71AFB2A4B3A6801201A60FAF70EFE4D
:10739000EDF702F8EDF7CAFC0422264B1A70F8BD8F
:1073A00001340836072CD6D1F6E70120FFF788FF15
:1073B000214B224A1A8000225A80214A0833DA8758
:1073C000EAE7184B1C78002C09D12000FFF778FF62
:1073D0001C4B1C701C4B1C80EDF7BAFCDCE70A222E
:1073E000013CE4B21C70194B1A55D5E701230B2858
:1073F0000FD1174AD27E002A01D15B425BB2154CF5
:107400002078013307D001300921EBF719FB2170F7
:10741000C2E75B42EDE70830F6E702221A70BBE7ED
:10742000291F00202B1F002080BB0108481E0020C0
:10743000441E0020570000203C070020CDABFFFF7A
:10744000BADCFFFFBC2D0020E6060020D0030020A0
:10745000581F0020CD2D002010B5C27F0024A52A82
:107460001ED1427C017C12020A43817C0904114333
:10747000C27C12060A43013212D04278017812020D
:107480000A43817809041143C27812060A43013283
:1074900006D0847FFCF756FF241A63425C41E4B2B5
:1074A000200010BD030020330278FF2A04D10130F0
:1074B0009842F9D1012070470020FCE7224B10B51B
:1074C0001B78002B36D09621204B89001A88002388
:1074D0008A4205D91E4BD318FE2B00D9FE23DBB2FE
:1074E0001C4A1178994200D913701B4B1A7801235A
:1074F00014001C401A421DD1ECF7BAFF174A184B72
:1075000012684008128E9B56A03B181883B200B236
:1075100002005D320FDB5D331C1CDBB2282B00D96F
:1075200028240934E4B20F4B1A78FF2A01D0A24272
:1075300000D21C7010BD03008D33F4DB06219330A4
:10754000EBF782FAC4B2EEE7EA1E00203E1E0020EE
:10755000A8FDFFFFB61A002018060020481E0020D4
:107560001E000020B71A002001210A4B4942198051
:107570000023094A1370094A1170094A1370094A15
:107580001370094A1370094A1360FF22084B1A70DE
:107590007047C04662060020D8060020A1240020C3
:1075A0006406002060060020E20600201C06002081
:1075B000A02400200023094A10B51380084A137044
:1075C000084A1370084A1370FFF7CEFF0122074BD9
:1075D00005201A70FEF750F810BDC046BA1A0020F8
:1075E000B11A0020B41A0020B21A00203D1F00205A
:1075F0000023084A10B51370074A1370074A136036
:10760000074A1360F022074B52031A60FFF7ACFFE2
:1076100010BDC046B31A0020B01A0020A81A0020DE
:10762000A41A0020AC1A002070B592B06B4604007A
:107630001720DE1DA52302AD1122FF2168443370FF
:1076400002F064FE2B0007CC07C3228828001A80B2
:10765000A2789A70284A1368591C11602B61FCF7B4
:1076600071FEF423254CA87722685B039A4202D36B
:10767000F0235B032360206820220AA9ECF7E4FFD3
:107680000AA8FFF70FFF00281BD123681A0509D0AD
:1076900080221B0B52011B039B18F42252039342BE
:1076A00027D22360206820220AA9ECF7CDFF0AA880
:1076B000FFF7F8FE002804D12068000B0003EDF767
:1076C000EDFB0023202229002068EDF791FC2068C3
:1076D0000023012231001F30EDF78AFCF4222368D9
:1076E00052032033934201D3F0235B03236012B093
:1076F00070BDF0235B03D4E7A81A0020AC1A002069
:1077000010B50B00FF242340434007480A0A4343B7
:1077100022405A4042430B0C234053404343090E3E
:107720005940484310BDC046930100017FB50F305A
:107730000D000A220021040002F0E8FD084B9D42E2
:107740000CD001AE29003000F6F7F6F90023F25C08
:10775000002A03D0E25401330A2BF8D17FBDC04682
:10776000FFFF0000F0B5284D87B02B78002B0AD022
:10777000264B274C1B78002B07D00023254A2B7063
:10778000FF332370137007B0F0BDFFF797FE224B55
:107790001E68721C1A60214B1F68214B1B880293C4
:1077A000204B1B780393237804931A4B1B78059383
:1077B0001D4B1B8801335B0800D101339BB2019341
:1077C0001A4B1B4C1B78002B02D02000FFF72CFF1C
:1077D000012266600026019B27602381029BE673DD
:1077E0006381039B2373049B6373059BA3730F4BFC
:1077F0001A70104B1A70FFF7B7FEFF22044B2E7061
:107800001A70044B1A70BEE7EA1E0020B51A002059
:10781000B71A0020B61A0020A41A0020140600206F
:107820001206002018060020E81E0020FC0400209C
:10783000EC040020B01A002001230200F0B51A4029
:1078400085B005000C000392184236D04B691F68C2
:107850008023E68BDB009E4200D3194E194B1A4A57
:1078600001931B780292002B0AD01378AB4207D108
:10787000164B1B68BB4203D1154B1B88B3421AD071
:10788000FFF770FF0123019A13700022029B1D7005
:107890000E4B1F600E4B1E800E4B1A80039AFF2367
:1078A000002A01D0293423780B4A1370FF220B4B96
:1078B0001A70FFF703FE05B0F0BD0B69C7E7C046BD
:1078C000FFFF0000EA1E002018060020140600201A
:1078D00012060020E81E0020B71A0020B61A002069
:1078E000037842680078084940B2002806DA7F2011
:1078F000034046339B00CB185A6070474E339B00C1
:10790000C9184A60F9E7C046EC000020F7B5050049
:107910000F0014001E0082420FD1994201DC0E00BC
:107920001F00BE4200DDF7BDF2B201231648E9B2E6
:107930000136F6F73DFF36B2F3E7FA205E1A800013
:10794000511B7043EBF780F8104906006843EBF7D2
:107950007BF8C3190193AC4202DB23002C001D000D
:1079600027007743AC42DEDCFA2138008900EBF7D0
:107970006BF8019BE1B2C218D2B201230248F6F7BC
:1079800017FF0134BF19EDE7BD1A002018FCFFFFF7
:10799000064A11784F2907D820204B1CDBB2137000
:1079A000034A50540021D1547047C0465705002067
:1079B0005B0500200121054B82B09A6B0A439A6354
:1079C0009B6B0B400193019B02B07047001002407B
:1079D000042370B50024074DAB620023E1B21A0006
:1079E00018000134ECF70CFF082CF6D10423AB612E
:1079F00070BDC04600040050F0B585B00C00150005
:107A000069461022ECF720FE6B461B78013BDBB287
:107A1000FD2B20D86A4600210126114813785F1EED
:107A2000FFB2FD2F08D900231370102269462000F1
:107A300002F09BFD05B0F0BD232B07D02A3BDBB243
:107A40001A2B08D80700DF40374204D00131013239
:107A50001029E3D1E9E72900200002F07EFDE9E7E3
:107A6000C1FF8007F7B506001300150000220C00C7
:107A7000F6F7C0FD3000EAF72DFF07234343164910
:107A8000601CEA011818C3B2661E8F180193BB5D13
:107A90009C467F2360464340BB55A3185B1880215A
:107AA000160049428C46803E0199A14207D80A4BF4
:107AB000ED015D197F236A5C53406B54F7BD197863
:107AC0006046C9439F1A1970B95D01344140B955E8
:107AD000E4B20133E8E7C046BD1A002070B51C4887
:107AE000ECF7DAFF80213F200902ECF795F95920E5
:107AF0001849ECF791F968215920ECF78DF9002429
:107B0000154A63005F20D15A0134ECF785F9242C23
:107B1000F6D11248ECF7C0FF59201149ECF77CF977
:107B20000125A4340C20EBF73DFF284206D1013C8F
:107B30000C48E4B2ECF7B0FF002CF3D10021022096
:107B4000ECF76AF90248ECF7A7FFEDF7EFF870BD24
:107B500030750000688000003C070020204E0000C7
:107B60006828000088130000802370B5021CDB0029
:107B7000984201D3264B1A88264B27481978037858
:107B800092B28B4203D00024244B01701C60244B22
:107B900024481A8000230370234801702349244895
:107BA0000B70244903700B70234B1B68002B02D110
:107BB0000133037070BD0126184B1C685309350052
:107BC00020009D4028402C4219D01C4C58015B00DD
:107BD0001B5B802401339BB2E400A342A44180B22A
:107BE000121A234092B2164C2380164B1A800022A0
:107BF000154B1880154B1A8001230B70DAE7013BF7
:107C0000DDD2134B134C1B681B195B099BB2EAE7CF
:107C100018B10108B81A0020A02400201C0600207A
:107C200062060020D8060020A1240020640600205F
:107C300060060020E2060020A81A0020200600208E
:107C4000E0060020DA060020DC060020DE06002028
:107C5000AC1A00200000E2FF10B5024B1880FFF7BD
:107C600083FF10BDBA1A002010B5124B124A1C88AF
:107C7000124B12781B789A4218D18021104A231C8B
:107C8000C9008C4201D30F4B1B8812889BB29A42C9
:107C90000CD10D4B1B78002B0BD10C4B1B78002B00
:107CA00007D12000FCF7DAFA002802D12000FFF704
:107CB000D3FF10BDBA1A0020A1240020B81A00205A
:107CC0006206002018B10108E206002060060020CC
:107CD00070B50D001400102805D1FCF7B1FA28008A
:107CE000EEF790FD70BD002903D1002A01D10A28CA
:107CF000F8D169490B78002B09D00A2803D1002D4F
:107D000001D1664B1D70664B01221A70EAE70A38F2
:107D1000052800D9BAE0EAF7EFFD5E1D30AC9C0300
:107D2000002DDFD05F4D002C08D0FCF789FAECF76E
:107D30005BFDEBF7F5FA01232B70D3E7FCF780FA34
:107D40000123594A11784B401370F4D01022574B3D
:107D50001A70F0E7FCF774FA534B1B78002B05D030
:107D6000ECF742FD0020FFF777FFCCE7504B188877
:107D70000028C8D0013880B2F5E7FCF761FA4A4B19
:107D80001B78002B03D0ECF72FFD4A48EBE7FFF7F9
:107D90006BFF494B18780028B5D0484B1B78002B57
:107DA000A0D1474B1B78002B03D0464B1B78002BF0
:107DB00098D03F4A444913880988013340189BB240
:107DC00080B2984201D913809DE73E4B1B78002B6F
:107DD00099D01080C7E7002D1BD1304D002C16D153
:107DE0002B78002B13D1FCF72BFA384A1378013388
:107DF000DBB2022B00D92300137000222C4B1A8017
:107E0000FFF7B2FB0122274B1A70254B1A70002393
:107E100092E7002C00D165E7204A1378002B00D0B0
:107E200060E7012010702A4A1478002C0FD01370DC
:107E3000284A087013701E4A1380FFF7D9FB0123EC
:107E4000254A1370174A1370154A13704AE71070C9
:107E5000F5E7002D00D145E7002C00D042E7FCF704
:107E6000EFF91E4A1378012B01D80133DCB21470EC
:107E700049E7174B1C78002C02D0FCF7E1F931E7F9
:107E8000FCF7DEF9164B1C70064B3DE7002C00D0CA
:107E900028E70222104B38E7B51A0020B21A00205A
:107EA000381F00203D1F0020AD080020301F00209B
:107EB000BA1A0020FF030000D8060020E2060020C6
:107EC000600600206406002062060020B81A002028
:107ED000B41A0020EA1E0020291F0020B11A002039
:107EE00057000020F0B5294C0727A54401938023B3
:107EF000DB010400C01800920D00022203AE400016
:107F000002A93780ECF7A0FB009B002B14D02B00BC
:107F100035331A781823D2001A402B8E2E353B4069
:107F2000134333702B787370019B002B04D002AB8A
:107F30001A8833889A4225D0338802AA1380802079
:107F4000832204AD290012010002ECF77DFB02AA96
:107F500012886300EA528020832200232900120144
:107F60000002EDF745F831002000F4F723FC8023F0
:107F7000DB009C4206D2009B002B03D12000044969
:107F8000F6F7EAF9034B9D44F0BDC046BCF7FFFF8E
:107F900078B3010844080000A022094BD203996875
:107FA0000A439A60022219681142FCD0052252420B
:107FB0001A6000221B6D0380024B1A807047C04676
:107FC0000024014094200020F7B51F0008AB1D7865
:107FD00001230C001600D2000132D2B200933B0004
:107FE000F6F7F8FBA21E0D4BD2B2002F02D10C4BBC
:107FF000F601F3183E21985C013C41407F209954E2
:10800000E4B2E2B2954204D83E22595D4A405A5544
:10801000F7BD1A5D42401A550134F2E72D080020E1
:10802000BD1A0020F0B58FB0F6F72EFC804B1C78FF
:10803000002C03D00120FCF7B5FF14E07D4B1B782A
:10804000002B12D0082501237F2221007A480095B9
:10805000F6F78CFA03237F22210078480095F6F783
:1080600085FAECF721FC0FB0F0BDFFF7FDFD744B76
:108070001B78002B03D1734B1B78002BDAD0724B8B
:108080001B78002B34D0714B00241D888023DB002B
:108090009D42E6D22800E7B2FCF7E0F80028E0D0E5
:1080A0006B4B08201B88ED1A6A4B2D01EA585B19AF
:1080B00004921A895D6859895E7B03921A7B9B7BC7
:1080C000059308231340024217D0E100033109B29F
:1080D0000B007B220438FFF719FC062CC1D05B4B48
:1080E00001341D888023A4B26519ADB2DB00CFE74F
:1080F0000120594B1B7858409DE70120104004AAED
:108100001376564B0290994250D104980AA9FDF774
:1081100025FC534B53491A6807A8013A521B92B2E7
:108120000132FDF70DFB0E233A00009302210023DC
:1081300007A8FFF749FF029B002B3FD00AA83B008E
:1081400000221121F6F7C6FA47480123FD00013548
:10815000EDB200932A0000235F21F6F73BFB434B6F
:108160001B78012B3ED1029B002B2FD0404B072EBA
:1081700000D90726B600F15808A802F0EEF97F23CF
:108180003A006B2100933B480023FFF71DFF08A82E
:10819000EAF7A0FB05210023091A49006B312A00E8
:1081A000C9B2009308A8F6F715FB96E70AA8F5F7F9
:1081B000C3FC04AB1B7E002BABD1A6E70AA83B0097
:1081C0001121029AF6F716FA2B48BEE7092E06D9B6
:1081D00032002A49093A08A8FDF7B2FACFE732007F
:1081E0002749F8E7022B15D196239B009C46059E54
:1081F000642166443000EAF723FC30008BB264212E
:108200000293EAF797FB1F49029B82B208A8FDF789
:1082100097FAB4E73C210398EAF712FC03988EB270
:108220003C21EAF787FB3300174982B2EEE7C046EC
:10823000B51A0020B41A002087BA0108B6B30108A5
:10824000B81A0020B01A0020D8060020BA1A002060
:108250006206002068060020E2060020FFFF000002
:10826000A41A002050BA0108E6B20108B11A002091
:10827000E0C5010878B30108C7B7010891BA010841
:1082800099BA01080DB5010803B5010810B50278C7
:108290000300013AD2B20120FD2A0CD81800202197
:1082A0001A1D03781C008C4301D0FF2B04D1013030
:1082B0009042F6D1012010BD0020FCE7044BC25CC7
:1082C000044B0548D218136803400B4313607047F2
:1082D00055BE0108000002400F80FFFF044BC25C46
:1082E000044BD21853681B0C1B040B43536070479C
:1082F00055BE0108000002400121044B044AC35C42
:108300009B181A688A431A607047C04655BE010818
:1083100000000240044B054AC35C9B180122196807
:108320000A431A607047C04655BE0108000002406B
:10833000F7B513007F221040002901D1002B17D17F
:1083400014224243354EB21814002C342478009283
:10835000002C0DD0324CA57BEAB20192A073677D50
:1083600001253A002A4094462F4202D0019BA37374
:10837000F7BD009A009F116353636246BA630028F9
:108380003ED1284D2F78FAB2012F1FD0032A03D0F7
:10839000002AEBD1002B03D148232374443B0EE089
:1083A00040222274328D93420BD81F4E3678002E15
:1083B00007D19AB2FBF780FF0A23237401232B70A5
:1083C000D4E70020FBF778FF0223F6E7002B05D166
:1083D000154A13700A332374043BF0E7328D93423D
:1083E00009D8114D2D78002D05D19AB2FBF764FF05
:1083F0000A232374BAE70020FBF75EFF0223F8E7A5
:10840000002B05D0B28F934205D92800FBF754FF0B
:1084100001236375AAE79AB2F7E7C046202300203C
:10842000005C00400D2300200C230020F7B50F0056
:108430001400012827D00F262B4D030033403A5C4F
:10844000EB5C53403B5401308442F6D86A46274BDC
:108450006846042113805480FDF7D4FB21003800C6
:10846000FDF7D0FB23003340EB5C0134DB4301A874
:10847000344003702B5D0421DB4343701C4B43806D
:10848000FDF7C0FB2FE0902A2DD81A4802F06DF8B6
:10849000194900220800231D134D5B1817000F26F1
:1084A0003740EE5D077901327E400671013094421B
:1084B000F4D8552252420A7022324A70220ACA70F7
:1084C0000F2022000240AA5C8C70D2431A70621CFA
:1084D0000240AA5C7230D2435A70054A5A80220088
:1084E0000832FFF725FFF7BD60D80108ABCDFFFFCD
:1084F000DCBAFFFF603000205C300020F0B50500E2
:10850000494CA3B0002800D1484C2388484A9342E4
:1085100038D007D8474A93420CD01422464B1A70E1
:1085200023B0F0BD454A934254D0454A9342F4D11A
:10853000EDF7C6FB6368434A002D00D0424A136042
:108540000422424B1A70424B08321A70414BDB7FB7
:108550003C2B01D8EBF712FA3F4B404901A800939E
:1085600001F0FBFF6A463E4B1B78137500235375E1
:108570002822069307930893099369462800FFF77A
:1085800055FFCAE72F4B002D00D02F4B1B68A26868
:108590009A42C2D10C222E4B00211A702B4B083A62
:1085A0001A706B467D32D81D01F0B0FE6A466946EE
:1085B0002C4B1380A279131D4B80294BA0881B786C
:1085C00088808A71002B02D102A9FDF7CDFAA27929
:1085D0000832D2E71B4B002D00D01B4B1B68A26852
:1085E0009A429AD10C221A4B1A70184B083A1A70F8
:1085F0006A461D4B0093A3889380194B1E78002E6A
:1086000005D127000C37A379DB089E4201D306224F
:10861000B3E7A388F000C018390080B2FDF7CDFAA7
:1086200001360837EFE7C046582F0020582E0020AB
:108630001B05000014050000F00600201D050000C9
:10864000DD050000542E0020502E00200E1F0020BB
:10865000D51E0020601F00201505240083BF0108DF
:10866000082200201C0500001E0502000B003F220E
:1086700010B51140134206D1002B04D00A0081200E
:10868000FFF756FE10BD0022014B1A70FAE7C046F4
:108690009207002070B500281ED1002910D0144B7D
:1086A0009D68DC686D18641A9D60DC600FD1114A0A
:1086B0009A60FCF78DF9002803D18030FCF7C2F8EE
:1086C00070BD220021008020FFF732FEF8E7220073
:1086D0002900FCF777F8F3E77F230340044A4E3381
:1086E0009B00D2185368002BEAD09847E8E7C046B1
:1086F000EC000020080100200E4B10B59968DA68E4
:108700000918121A9960DA6003D08020FFF710FE72
:1087100010BD187D002802D011001A75F5E7DA881F
:10872000002AF5D01B787F2BF2D902000100FCF75C
:1087300049F8EDE7EC000020F0B5BB4F87B03B797E
:10874000DAB20192BA79D2B202927A79D2B20492B2
:10875000BA7BD2B205925B0725D5C022B34D00216A
:108760005200280001F0D2FDAE2200244026B04B7A
:1087700052006E6021003C7080209C5232002C70B0
:10878000FCF784F8320021002000FCF77FF821007C
:108790000120FBF77FFD01227B7813437B70A54B03
:1087A000BA727C721C70019B9B0703D500210620C6
:1087B000FBF770FD019BDE0703D500210520FBF7C9
:1087C00069FDBB7A029A1A4013000192DB0711D5AA
:1087D0000024BC73387C04230500964AC1B21D40B6
:1087E000184219D0397C9943397414700123019AC5
:1087F0009A4301920124019B002B00D0C0E0012488
:108800007D7A049B1D400195019B002B00D01BE14C
:10881000059BBB7307B0F0BDCB0602D580233B742C
:108820001570824B1878002804D01878C0B23870C0
:10883000002018701478E0B2062CD7D80124EAF78B
:1088400065F807005D00D5FF6C009C009C009A0055
:108850002142CBD07B7C082BC8D100227648774BB5
:10886000017899540132082AFAD1714C220003CBC5
:1088700003C28023E2885B009A4206D923787F2BCB
:1088800003D88020FBF7DEFFB0E700206C49E260F0
:10889000A16022612075824205D023787F2B02D807
:1088A000FBF790FFA2E7FCF793F80028E9D0E388F4
:1088B00026691D000293B34200D93500A168E56026
:1088C0008B070CD080235B009D4200D98EE75C4B68
:1088D0002A001800039301F048FE039BA360029B4B
:1088E000B34205D9B60603D10123564A2375137046
:1088F0002A008020A168FFF71BFD77E75A6B198DCE
:10890000986B8A4206D90818521A98635A63FFF77F
:10891000F3FE6BE710180022F7E7214200D165E76C
:108920007A7CD0B2002A12D11900D0310A6812180C
:108930000A601A00D8321168411811601A00C83252
:108940001288824210D90020FFF7A4FE4EE71A00D9
:10895000D03211680200384D2C78013A92B20C7076
:108960000131002AF8D1DFE7D4331B689942EAD0FD
:1089700040233B743AE70020C9E70023137035E732
:108980000123A3400293029A019B134229D004229F
:10899000BC737B7D134202D07B7D93437B75142196
:1089A0006143224D69184B6B0A8D086B93421BD9AA
:1089B00080180863896B9B1A5118142666431B485C
:1089C000801981634363002B1FD122007F331A403B
:1089D0001C420FD10800FFF78FFE019B029A9343C0
:1089E00001930134E4B206E7C0180863896B591893
:1089F0000023E2E70E4B463292009B185B68002B87
:108A0000EBD0802020439847E7E79A4200D91A002C
:108A100014236343ED182000296B92B2FBF74CFC42
:108A200001237B75D9E7C046005C0040202300206D
:108A3000EC0000200D230020205C0040402300209B
:108A4000080100200C2300200126A640019B334290
:108A500029D00122BC737B7E134221D0BB8B9AB2FA
:108A6000002B23D1142161431C4B5B181800D0301C
:108A7000016889180160816851188160D42084469A
:108A80009C44604665460068C833801A28601B888D
:108A900093421BD97B7A2000B3437B72FFF7FAFD28
:108AA000019BB34301930134E4B2ADE60C4BA0004B
:108AB000C018142363430B495B58D11889B2057859
:108AC0001D7001339DB28D42F9D1CBE70028E1D072
:108AD00001227B7E93437B76E2E7C0462023002081
:108AE000205C0040F02300200222054B99681142CF
:108AF000FCD00122187399681142FCD0DB687047E2
:108B0000003001405C2110B5032802D8034B40001F
:108B1000C15A4320EBF780F910BDC04640D601088A
:108B2000F0B5D04BAFB0DB7F0EAD5A1E9341CE4CAB
:108B30000822CE4928006375CD4E01F016FD0822AB
:108B40002900CC48EBF780FD2B781A090F2A00D1B9
:108B5000033A032162719A080A4022710B408B424A
:108B600000D10023E3726B78012219005B071140EA
:108B70009B0F032B00D11300BF4A1170BF4A137023
:108B8000AA781C2A03D805235343823B2361EB7840
:108B9000FF2B00D1BA4B2381BA4B1868052300285C
:108BA0000DD1B94B1B681B691D68FBF7D7F807008F
:108BB000FBF7CAF87B089BB258430423281AB34A30
:108BC00038361060B24A337010600025F5F752FC59
:108BD000B04B585DEAF7E6FEAF4A6B000135D05264
:108BE000072DF5D1AD4B1A68002A03D01269AC4BA2
:108BF00012681A600125AB4B28001D70AA4B1D702E
:108C0000AA4B1D70FCF718FA0020FCF715FA9E4BD2
:108C10001B68343318782075F4F70EF9E07AFFF703
:108C200071FFFCF7E1F8FCF7DBFAA14B1D70A04BDC
:108C30001B780393002B03D1EBF7C0FF2FB0F0BDDF
:108C4000FEF7DCF99B4B1A78002A03D000221A7039
:108C5000EBF73EFF984B99491A780591002A1ED0F0
:108C600000221A70FBF77AF8802818D98D4B1B78F0
:108C7000002B14D10121924A1170059A1370914C66
:108C800027786770ECF73EFB0500132871D1EBF7EE
:108C900057FD00286CD125700023A37077E0059B59
:108CA0001B78002BEBD0804C2378002B03D0FBF7F4
:108CB000ABF800232370844B1C787A4B1D78002D71
:108CC00001D100F095FC012C01D100F018FCFA2034
:108CD0000025059B80001D70EBF7DEFE0C20EAF7F7
:108CE00061FE0123184200D1ECE202202900EBF7DB
:108CF00093F80220EAF756FE400500D4E2E229008C
:108D00003F20EBF789F829000220EBF785F8FA20DD
:108D10004000EBF7C1FE2800FCF78EF9FBF768F87E
:108D2000FBF70AF8544B1B78AB4205D101224E4B9E
:108D300052421A81654B1A8001225B4B1A70644BB8
:108D40001A70F5F765FE4C4B624C1B78002B01D076
:108D500000F0D8FD494A604B12789200D2585F4B20
:108D600019783C23002900D002335D4900F0E5FD6D
:108D700010252570AF428FD1A378DA1ED2B20F2B07
:108D800001D80133DAB25748A270EBF785FE4E4E98
:108D90003378002B13D1132D27D10A2F0AD1524B30
:108DA0001B78002B06D0514B1B78002B02D13800CA
:108DB000FCF75CFA00224C4B1A704C4B1A70A178ED
:108DC000032902D0102900D06DE733782478002BD6
:108DD00000D099E00A2C00D033E1444A032909D19C
:108DE00001204149087013705DE70A2DE7D00A2F72
:108DF000E5D0DFE71478002C00D054E701260127E6
:108E0000394B194D1C701C4B16701C701B4BEC72AF
:108E10001E70374B7F421C70364B1C70364B1C70DB
:108E2000364BAB80184B1B6834331B782F81039370
:108E30002B75264B1F80FAF7ADFFF0402860039892
:108E4000F3F7FAFF2000FFF75DFE2D4B1C702D4B52
:108E50001F80164B1E70FCF7C3F9FBF763FFFBF78F
:108E6000E7FF20E7601F002084000020D5BA01083A
:108E7000581F002048A10000BB2D002082000020C8
:108E8000FFFF0000180800202C1F0020482B0020A6
:108E9000A42D00205CD70108382B0020481E00209C
:108EA0004C2B002080000020620000207A0000206F
:108EB000462B00203B1F00203A1F00207B00002093
:108EC000B82D00205F000020BA2D00207400002083
:108ED00081000020642B002014D7010877000020B7
:108EE000A5BA0108204E00002B2700202A270020C9
:108EF0002E270020502B0020802D0020010C000088
:108F0000882D00207E000020012B00D099E00A2C43
:108F10007DD004D923000D3B012B00D9C3E6B64D0B
:108F20002B78002B08D10D2C01D001F013F9B34B95
:108F30001878FAF7ABFEB6E60D2C0FD0092B00D946
:108F4000B1E60E2C05D1AE4A1178002900D0AAE670
:108F500013705A1C2A70AB4AD45408E0A84A013B4B
:108F60001178DBB22B70994201D100231370FBF70B
:108F70006DF8A34B1A782B780493002A00D11A00BD
:108F800000232D252E279F4E9F4C0499280099429F
:108F900005DDF15C3800092901D83031C8B2E05450
:108FA00001330A2BF1D1140000269C4697499548BD
:108FB0000968974D06901018069B471E834215D1ED
:108FC000002E01D0914B1960049B9A420BD20023D2
:108FD0000A278E4E8F483568049A0134A2420DD17B
:108FE000002B00D0356001228B4B57E06346387868
:108FF000039E68435D4309183800DDE7069B39008E
:109000001B5D4343ED18E9F795FC039BE4E77F4BB9
:109010001C68824BE218824B9A4200D943E6774B98
:109020001878FAF733FE7F4B1C603378002B04D19D
:10903000FBF778FEFCF7A4F835E62000FBF7D2FF3B
:1090400031E6032C11D00E2C3DD0112C73D820000A
:10905000E9F752FC40717171717158717109717148
:1090600071712A2A7161002303936F4B1B78002BC7
:1090700003D00398FAF7B4FF15E66C4A0399137806
:1090800000290DD0012B01D8013313700122684B48
:1090900052421A810122604B1A70664B1A7002E626
:1090A000002BF3D0013BF0E7614B1B89023B9CB2E4
:1090B0005F4B18691C81FAF771FFA04207D20120AB
:1090C000FAF78EFFE6E75A4B1B890233EFE7FAF710
:1090D00073FFDFE70020FBF7AFFF554D2B7D012B22
:1090E00001D80133DCB220002C75F3F7A5FE4E4BFE
:1090F0001B78002B01D1013B2B81FCF771F8FBF7AA
:1091000011FED0E54A4A0021D37A022B01D0013367
:10911000D9B2D17267E70123454A517D4B4053755F
:10912000454A05D02223FF33D05CEAF7FDFBBAE5C0
:1091300090235B00F8E7002B03D12000FCF796F8A2
:10914000B1E5022B00D0AEE5601F0D2800D9AAE5DD
:10915000E9F7DCFB9100A9FDA9FDA9FDA9FD9F0090
:109160000E000E00A800A9FDA9FDA9FDA9FD9A0009
:10917000324B1E78304BDD7E0123002E64D00B2C49
:1091800000D05D403000FBF71DFF0C2272432C4BDA
:1091900004009B181A791E8903925A7907000492D9
:1091A000DA88039B0692132B08D1264B00201978EE
:1091B0000793F3F7F9FD0023079A13700398EAF772
:1091C000F1FB0100002D11D0069B9B1B9C4201DC92
:1091D000A619B7B2049A069B0398934099433B00A3
:1091E0009340194389B2EAF717FEFCE6B442F1D383
:1091F000A41BA7B2EEE7C046372B0020B92D0020F4
:10920000362B002020270020842B0020902B0020CC
:10921000A086010010270000B82D0020C088E4FFC0
:10922000402DA407A42D0020BB2D0020820000208B
:109230008400002081000020581F0020502B0020B7
:10924000B8D70108802D00200B2C00D05D40C94A02
:10925000C94B127D9B5CC94A1068002D06D0C84AD4
:10926000904200D8C018FBF7BDFEBCE6C54A90424C
:10927000F9D9C01AF7E70022C34B1A70C34B1A7012
:10928000FAF7E4FE012054E60123C14A11784B406D
:10929000A9E5C04A01211378032B01D05B18D9B28C
:1092A0001170A0E6BB4B00221C78002C00D0F5E624
:1092B0002000FAF7EBFCB84B1C70B54B1C70FBF7A9
:1092C00093FDB7E6FCF726F9B449B5480D88B54AD1
:1092D00006882B005580002E04D0032373435B19AE
:1092E0009B109BB20380B04EB04833680768DB1B0D
:1092F000AF4F3F78BB4279D333680360002C70D105
:10930000CF8A16897B1E7F2B00D997E003940794A0
:10931000012F0ED07C1EA0B27F210002E9F794FB42
:1093200083B27F20210070430793E9F78DFBC3B21E
:109330000393A04BA04A9D4200D181E09F4B03992B
:109340001970032313709E4B7600F31808930023C3
:10935000059304936B466A461B7C117D0693059B1F
:109360007A1E1B0AD2B2BB4200D2DAB2944B54002E
:109370001B5B0132D2B21800BA4201DA914A105B8B
:1093800080225200541A5C4341436418240A8949DC
:10939000A4B200228C420CD0039A06998A4255D17D
:1093A000844A954252D02800FAF7E8FEFAF7C8FE40
:1093B0000200854E069834782100FAF7F7FE079AE6
:1093C000049B944601330493059B63449BB205932D
:1093D000049B802BBED10134E4B20F2C00D97FE076
:1093E00034700122794B1A70794B1A70684B7948A6
:1093F0001A7800239A420DD10488774E210015393E
:1094000089B2B14206D8290013310123A14200DB01
:10941000131CDBB20580002A71D1704A002B62D088
:1094200000201070FBF708FEFAF7E2FCFAF784FC64
:109430006B4B1B78002B00D07EE477E4802769E734
:109440001378002B00D17EE7013B7BE75B4A06994E
:1094500012788A4227D1584A1678002E23D0554ACE
:10946000954220D1089A1088A84204D1581B421E68
:10947000904140421840FAF781FEFAF761FE03235B
:109480009E1BF6B202000990002E92D02000FAF73F
:1094900075FEFAF755FE0200012E8AD1099BC3180A
:1094A0005B10DAB285E72000FAF768FEFAF748FEAB
:1094B000039B0499013B02008B4200DD79E7039B8B
:1094C00001338B4200DA74E73A4B9D4200D170E7DA
:1094D0000430021CC0B20F2800D90F22D2B268E7B4
:1094E000002333707DE7234B19890B1C032900D817
:1094F0000423043B9BB29D4234D300231370344BAE
:109500001B78002B00D01CE4364A138801339BB231
:10951000138080225201934201D9FFF712FC2B4B9A
:109520001B78002B00D164E2F5F7AEF92E4B1B78C7
:10953000012B01D100F0DCFC022B01D100F006FD73
:10954000002B00D16DE2284B1A78002A01D100F0DF
:10955000A9FD0020FDF7B0FD00221C4B1A70234B23
:109560001A804EE213780133DBB21370002B00D067
:1095700056E7C4E7840000200FD70108B42D00206F
:109580007FA4BF0740771B00372B0020362B00201D
:109590002E270020502B0020802D00208C2D002015
:1095A000962B0020A82D0020E40500207C2D002013
:1095B0007C000020FFFF00002C2700202D2700202A
:1095C0007A2C00207C2C00202F2B0020B82D00208E
:1095D000810000207E000020E9FF0000882D00208F
:1095E000BB2D0020342B0020BA2D0020322B002070
:1095F000002C00D028E1A84AA849D78AA84A0B68BD
:1096000010681B1AA7480078834257D30B68136071
:109610003B1C802F00D980239BB20393002305932A
:10962000012F08D9039B7F21581E80B20002E9F761
:109630000BFA83B20593002604966A46049B127CBB
:10964000039994461B0A994200D8B4E0DBB29648CD
:109650005900405A0133039ADBB20500934201DA04
:10966000924B5D5A802362465B009B1A58436A43C3
:109670008F4B80181D78000A8E4B80B200229842D2
:1096800004D0FAF77BFDFAF75BFD020030002900F9
:10969000FAF78CFD059A049B9446013663449BB20D
:1096A000F6B20493802EC8D10135EDB20F2D00D84B
:1096B0002C0001227E4B1C707F4B1A70FA20800018
:1096C000EBF7EAF9744CE588E8B2802F07D9390046
:1096D000E801E9F72FF97F2800D97F20C0B2724B4B
:1096E0004000C35A734A934253D0744B1B78002BEB
:1096F00009D00F23724A1188A9424AD0013BDBB23C
:109700000232002BF7D1E068FAF7D4FA00231900EF
:109710006C4A6D4E824259410500306882425B417D
:10972000994202D02800EAF7F9FE28003560EAF7EE
:109730007FFD00213020EAF76FFB644B3020198851
:10974000EAF76AFBFBF7E6FE2588A388AB4206D260
:10975000E068A580FAF7AEFAE38820612381638888
:10976000AB4216D928006580FAF782FA584B19697E
:109770000A000A3A824200DD02000120DA60554BFD
:109780001870554B1A60554B1960554B1A60554B64
:109790001960E38AE188802B03D9534A1288012A91
:1097A00010D8524D2C78002C31D1012322008B424D
:1097B0006241130030E000239F4200D147E7039B42
:1097C000013B43E78A189A4206DA494A1388013373
:1097D0001380FAF789FC92E60022464B1A70FAF7DA
:1097E000BFFBFAF78FFA002805D00120FBF724FC15
:1097F000FBF712FC83E63E4A138801331380FAF725
:1098000073FC002800D17AE6FBF7AAFA77E65A1E25
:10981000D00FCB1791424341DBB2002B02D1FAF7B4
:1098200045FC6CE60022334B1A70FAF799FBFAF705
:1098300069FA0028D9D1304B1A78002AE4D0187080
:10984000012363402B70EAE7022C00D057E6FBF7B8
:1098500061FE0122184B29491A70059B08881D706A
:109860000D4B1A88224B5A80002804D0032343430F
:109870009B189B109AB20A80FAF724FBFAF742FA77
:10988000002804D11E4B1B78002B00D137E60120A5
:10989000FBF7D2FB33E6C0468C2D0020E405002008
:1098A000842D00207C0000207A2C00207C2C0020BD
:1098B0002F2B0020FFFF0000B82D00205A2C002085
:1098C0005C2C0020FF3EAB01B42D0020982B002023
:1098D0008400002081000020700000206C00002027
:1098E000680000206400002078000020770000203D
:1098F000A82D00207B00002076000020962B002061
:109900002E270020974B984A1888431E9BB29342FB
:109910005FD996490CA8FBF713FF954B1B78002BDA
:1099200004D1944B1889944B98425AD18F490EA870
:10993000FBF706FF91490EAB0CAA2000FBF700FFD6
:10994000012300211A0020000093F4F743FF8C4B01
:109950008C4C18883E26421C1A8003231840400075
:109960000019FEF719FBBE206288238880009B182F
:10997000A2889B18E2889B189B105843824BD98879
:10998000E9F762F880B2F2F775FE1C227F4B804D3A
:109990001A702B00133A7533040022217D481E7083
:1099A00000F0B4FC0920604364212D30E8F7C2FFC9
:1099B0007F231A00D11A884200D3EE54013B752B45
:1099C000F8D1EAF77FFF0022734B1A70734B1A80AD
:1099D000A5E5FAF74DF9724902000CA8FBF7B0FEB5
:1099E0009BE7FAF745F96E4902000EA8FBF7A8FEBF
:1099F000A0E76C4A138801339BB21380132B00D964
:109A000092E5694D2C7820000134E4B2EAF751FF69
:109A10002C70062C01D8FFF70AF900232B70FFF7F2
:109A200006F9FAF79BF90400012800D87FE35F4BA1
:109A3000611E1889C001E8F77DFFC3B20493231C9F
:109A4000802C00D9802300249EB2701E80B2DBB22D
:109A50007F2100020393E8F7F7FF250083B2059307
:109A6000731E220A9A4262DAD2B2E3B2504F510018
:109A7000C85B511C8E4200DD0A005200B95A471ED5
:109A8000BFB2BC46384F4A1E92B2BC4554D9FF23E0
:109A90000800BA425ED90EAAAB54059B01351C19C9
:109AA000A4B2802DDCD106E08022FF210EA800F0B8
:109AB0002DFC002304933F4B1B78002B1ED1012566
:109AC00002270EAC267833006678FF2E11D03200C4
:109AD0000121FF2B01D039009A19A378FF2B03D065
:109AE0009A18013192B2C9B248088018E8F7ACFF61
:109AF00060700135EDB201347F2DE4D1049B2E4A14
:109B00007F33FF33802003929B18022240242025BC
:109B100052424042049951187F2956D8002A4DD10B
:109B20001978294319701978214319704AE0039B69
:109B30005A1ED2B2002399E7BA420BD880225200B3
:109B4000D21A42434B43D218120A90B20A4AFF2358
:109B50009042A0D01721FAF7C1FB1F23181AC3B2F5
:109B600099E7C0468C2D0020FDFF000072B201086D
:109B70002E27002084000020FFFF00009DBA01086E
:109B8000F41E0020501F0020F61E0020A108002017
:109B90002D080020A308002081000020342B002085
:109BA00069B40108322B0020302B0020A82D0020A2
:109BB0007A2C0020BB2D0020BD1A00200426911C09
:109BC000B143B0D119780143197001320133032A2E
:109BD000A0D10EAB00219C46FF26CA4ACA4C634660
:109BE000C85C1F2800D8FAE01670013101328029C4
:109BF000F5D100260EA8335CF5B21F2B12D80F2426
:109C000008ABE418220029000CABFAF72DFA2778EC
:109C10000CAB1C78A74200D8FBE00134E4B21F2C47
:109C200000D8FFE0B74B9B5D1F2B0ED80F2408AB6D
:109C3000E4180CAF22003B002900B248FAF714FAEE
:109C400024783B78A34200D3F8E00136802ED1D1AE
:109C5000AE4B5868FBF798FEAD4BAE4C1B78002B13
:109C600032D1AD4B1B68002B00D1F4E0AB4A156834
:109C7000ED1AFAF769F801002800E8F75BFE82B2F6
:109C8000A7492000FBF75CFD0126002332001900E4
:109C900020000096F4F79EFDFAF756F864210500BF
:109CA000E8F7CEFE28008FB26421E8F743FE3B00C0
:109CB00082B29C492000FBF743FD002307221900D4
:109CC00020000096F4F786FD974E7379032B00D998
:109CD000C5E0964B96491D6837682800E8F7B0FE46
:109CE00028000E009249E8F725FE64210490380010
:109CF000E8F7A6FE380001916421E8F71BFE8D4DC0
:109D000033002900049A00902000FBF719FD01237D
:109D100021220093242100232000F4F75BFD824BD5
:109D20001D89854B9D4201D1FFF70DFC834B1B78AC
:109D3000002B01D0FFF707FCFAF706F86421E8F7DB
:109D4000F9FD01240A2680B2092800D9CAE00434AA
:109D5000A400E3B2280017210593FAF7BFFA1F23E6
:109D6000181A183BC5B21840063B83400024039ADA
:109D70000493EB08DB01D3180393E1B20B005A1EE6
:109D80009341604A5B4294460EAF681CDBB25A189E
:109D9000D2B2BE5CFF2E01D086421BDD6646B25CAD
:109DA000FF2A01D0824215DD01335BB2022BEDD1D7
:109DB0000C2D05D8059B0133A3420BDA712C09D871
:109DC000039B049A1B5D1A4204D101232A005C48BC
:109DD000F4F7EEFC0234802CCFD1FFF7B4FB1378FC
:109DE000CFB27D08984203D8002310706355FCE67B
:109DF000605D0E2806D801231F4200D0F5E6C0188A
:109E00006055F2E60233DBB2202B00D13300137031
:109E1000EBE63A000123290003980137F4F7C8FC68
:109E2000FFB2F5E601226319134200D0F5E61300F4
:109E3000290022000398F4F7BBFCEEE60122631927
:109E4000134205D11300290022000398F4F7B0FC57
:109E50000134E4B2F5E6F9F781FF020010E7F9F703
:109E6000A1FF2100FBF77AFD0123009300232122AB
:109E700019002000F4F7AEFC274B1B68002B23D001
:109E8000264A64211568ED1A2800E8F7D9FD280054
:109E90000E006421E8F74EFD330002002149012540
:109EA0002000FBF74DFC00232122302120000095EB
:109EB000F4F790FCF9F788FF2100FBF74FFD002332
:109EC00021225D21009527E7366864213000E8F7FC
:109ED000B7FD30000D006421E8F72CFD2B000200D7
:109EE0001849DCE731000134E4B2E8F723FD2BE741
:109EF00008237F220093022100231348F4F736FB46
:109F0000FFF721FBDA2B00209A2B0020A82D002040
:109F1000BA2D0020642B00201808002074040020B3
:109F2000ADBA0108BABA010884000020A42D0020AF
:109F3000A0860100B1BA0108FFFF00002E27002013
:109F4000BD1A0020B9BA0108842B0020844B186880
:109F5000FBF71AFD834C79221021200000F0D6F97E
:109F600000233022E25405337D2BFBD100237022E5
:109F7000E2540A33822BFBD17B4B79211D880727C2
:109F80002800FAF7ABF900237849794E834271DB58
:109F90002800F9F76DFE0022040076494342885CF0
:109FA000834271DA01320A2AF9D10126724D7349CE
:109FB0002800FBF7C5FB0023192204212800009686
:109FC000F4F708FC22006E492800FBF7B9FB0023D8
:109FD00019221C2128000096F4F7FCFB694B1B7822
:109FE000002B08D1684B79211889FAF777F9674B6C
:109FF000C018FF2303710124654F664B1B78A342F1
:10A0000044D00C2262435C4D634B64499A5828004B
:10A01000FBF796FB1E23E2B253435E4E183BDBB2C6
:10A020000393337803991B1B5A1E93412800222265
:10A0300000930023F4F7CEFB594AE300D358E0B273
:10A040000493FAF7BFFF049B56491A562800FBF702
:10A0500077FB337828001B1B5A1E9341039900930A
:10A06000292200230134F4F7B5FB1E37042CC4D198
:10A07000FFF769FA0A005A43B24202D922783A43FA
:10A0800022700133013481E7D2B28EE71E22FF2114
:10A09000380000F03BF938001E22FF21803000F02C
:10A0A00035F9AEE70726404B1B7803930F2303993E
:10A0B00010000F31891A194096429B4101240C254A
:10A0C000C9015B4230400533059138498440DB01CA
:10A0D0005B1800219000284004903548E4B20690B7
:10A0E000059D069F4D196D087D5DC8B22F09BC46C0
:10A0F0000127394202D00E372F40BC462D4D1F7824
:10A10000079503252840049D2843079D2D5C3800B2
:10A11000A043654501D23800204301311870013356
:10A120008029DDD10132102AC0D1FFF712FA0028B0
:10A1300000D1B9E4204B214A1888FF21431E9BB26D
:10A14000934205D8E839FAF7C9F81F21091AC9B2AC
:10A150008022ABE40E2C01D0FEF7FBFEFEF7A3FD40
:10A16000B42D0020C01B0020962B0020CDCCCCCCE1
:10A170003333333320D70108642B0020C3BA0108DE
:10A18000C9BA01082E27002084000020BC1B002033
:10A19000C11C0020502B0020B8D701085FB4010873
:10A1A0002CD70108D0BA01082F2B0020BD1A00209F
:10A1B0002F2700204CD701087A2C0020FDFF00003B
:10A1C000F7B500254B680A6800935F1E1300EB404B
:10A1D00008D1012F05D84368C96893434A43134304
:10A1E0004360F7BD01241300AC40234022422BD032
:10A1F0001A0003265A435643B446F6430196664670
:10A200000468B443009E564334430460012F06D8CB
:10A210008C6887685443019E37403C4384600C69D6
:10A22000C7685443019E37403C43C460009C022CE5
:10A230000AD14C69FF2B09D80F265243564362437B
:10A24000036AB3431A4302620135BBE70F261B0AB8
:10A250005B435B435E435C43426AB24322434262D8
:10A26000F2E700000D488546E9F756FB0C480D491A
:10A270000D4A002302E0D458C4500433C4188C4261
:10A28000F9D30A4A0A4C002301E013600432A242C7
:10A29000FBD300F017F8EFF7CDF8FEE70040002001
:10A2A00000000020EC000020FCD901086002002022
:10A2B00038320020FEE70000014B18687047C046A6
:10A2C0009C00002070B500260C4C0D4D641BA410A2
:10A2D000A64209D1002600F08BFE0A4C0A4D641BF1
:10A2E000A410A64205D170BDB300EB5898470136C3
:10A2F000EEE7B300EB5898470136F2E7F4D90108CE
:10A30000F4D90108F8D90108F4D90108030082182A
:10A31000934200D1704719700133F9E7002070476C
:10A320007047704770B50F4E0D003168040000296A
:10A3300002D1EBF711FC306029002000EBF70CFC98
:10A34000431C03D101256D42280070BD0323C51CA9
:10A350009D43A842F8D0291A2000EBF7FDFB0130FD
:10A36000F2D1EFE730320020F7B50322CB1C934344
:10A37000083305001F000C2B34D20C27B94233D808
:10A38000280000F071F8374E33681C00002C2FD1E4
:10A3900039002800FFF7C6FF0400431C5FD1346872
:10A3A0000094009B002B4AD1002C52D02368280037
:10A3B000E31800990193EBF7CFFB019B834248D14F
:10A3C00023682800FF1A3900FFF7ACFF013040D0A6
:10A3D0002368DB19236033685A68002A33D1009B55
:10A3E000336019E0002BC9DA0C232B600020FEBD7E
:10A3F0002168C91B20D40B290AD9E2192760A3427E
:10A4000004D1326063681160536005E05A60F9E777
:10A410006268A3420ED13260280000F02DF82000BF
:10A4200007220B30231D9043C21A9842DFD01B1A1B
:10A43000A350DCE75A60EFE723006468A6E7009CBE
:10A4400063680093ADE71A005B68A342FBD1002369
:10A45000DAE70C2328002B6000F00EF8C6E707604F
:10A46000DAE7C0463432002010B50248FFF758FF43
:10A4700010BDC0462C32002010B50248FFF751FF36
:10A4800010BDC0462C32002070B505000C1E10D047
:10A49000043C2368002B00DAE4182800FFF7E4FFEF
:10A4A0001D4A1368002B05D1636014602800FFF774
:10A4B000E3FF70BDA34208D9206821188B42F3D175
:10A4C00019685B6809182160EEE71A005B68002BC9
:10A4D00001D0A342F9D911685018A0420BD12068CD
:10A4E0000918501811608342E0D118685B68411860
:10A4F00011605360DAE7A04202D90C232B60D5E744
:10A50000206821188B4203D119685B680918216003
:10A5100063605460CAE7C0463432002010B58842F8
:10A5200002D98B18984208D300239A4207D0CC5CFA
:10A53000C4540133F9E78B5C8354013AFBD210BD5C
:10A54000020010B5137814000132002BFAD1CA5C56
:10A55000E2540133002AFAD110BD03000A78013118
:10A560001A700133002AF9D17047002310B59A42BE
:10A5700000D110BDCC5CC4540133F8E7030030B502
:10A580001D00002A06D00C78013A01332C700131ED
:10A59000002CF5D100219A18934200D130BD1970DA
:10A5A0000133F9E70EB470B581239DB06A460025EA
:10A5B00021AC9B0040CC93821B9502900690E8F75B
:10A5C00089F90B4B6A460B930123039007900948C6
:10A5D0005B42D38202A92300320000680F951495D4
:10A5E000019400F073F81DB070BC08BC03B01847AC
:10A5F0001DA301089C00002030B500240139A242AF
:10A6000001D1002005E0035D01340D5DAB42F6D0C1
:10A61000581B30BD70B514004B1C03D101256D4291
:10A62000280070BD938920229343626BA381CEB230
:10A630006368CDB2002A10D0A26B9A4207DD23686E
:10A64000013B23601E70636801336360E8E721000B
:10A6500000F044FB0028F2D0E0E7216922680029DD
:10A6600007D0914205D2511E0878A84201D121603D
:10A67000EAE723642300443363630323A3632300D3
:10A680004633E2631E7023600123DEE710B50C0041
:10A69000496B00290ED023004433994201D0FFF7C3
:10A6A000F3FE0020236C60636360834202D0E36B9F
:10A6B000236010BD2369012023600023A289636009
:10A6C00020331343A3814042F3E70000F0B5AB4CC5
:10A6D000A5440C0000210090BE204691479103A99B
:10A6E0004891A749400043AD2950A649043043ADE5
:10A6F000295002931678002E00D13CE1082308204F
:10A70000A14D571CA95D0B4001421DD00600636896
:10A71000002B0FDD23681A78AA5C324201D13A007F
:10A72000E8E7479A01330132479262682360013AB1
:10A730006260ECE7C02243AB520021009B580098B6
:10A7400098470028E6D0EAE7252E62D14593439347
:10A7500053782A2B02D11A3B4393971C3D000A22BF
:10A7600029786F1C0B00303B092B1FD9874B032224
:10A770001800019300F06EFA002807D0019B3D00FD
:10A78000C01A01238340439A134343932B786F1CD1
:10A79000782B06D8572B10D8252B3AD034D8002B3D
:10A7A00055D0032349930733449369E0459B3D000B
:10A7B0005343303B5B184593D2E7180058382028A4
:10A7C000EFD8E8F7A3F84B00EEFFEEFF7D00EEFFB9
:10A7D000EEFFEEFFEEFFEEFFEEFFEEFF88007B00E8
:10A7E000240024002400EEFF5500EEFFEEFFEEFFF4
:10A7F000EEFF900059004700EEFFEEFF8E00EEFFE7
:10A800007B00EEFFEEFF4B00453B022BC9D8052332
:10A8100035E06368002B0DDD23681A78B24200D062
:10A82000A9E0013362682360479B013A013362600B
:10A83000479374E7C02343AA5B002100D3580098D4
:10A8400098470028E8D04698002800D08BE00120E7
:10A8500040428CE0202243990A434392802243994C
:10A8600092000A434392102244926E2B02D905E0D3
:10A8700000234493032302E00823449304234993D1
:10A880006368002B3EDD439B5B0608D4C026082589
:10A89000760023683C491A788A5C2A423CD1499B5D
:10A8A000022B4CDC2200009802AB43A900F072F8A6
:10A8B000012860D0022800D031E7C4E70A22D3E79C
:10A8C000390003A800F0D1F94023439A070013434D
:10A8D00043930123D3E74023439A13434393002335
:10A8E000CDE70223CBE7439AD30600D517E7029BB7
:10A8F0004799181D02901B68D50701D519800EE7EE
:10A9000019600CE7C02343AA5B002100D3580098CC
:10A9100098470028B7D096E7479A01324792626875
:10A92000013A6260002A02DD01332360B1E743ABE4
:10A9300021009B59009898470028AAD083E7042B50
:10A9400006DC2200009802AB43A900F083F8AFE7D1
:10A950000F4B002B00D1E2E62200009802AB43A986
:10A9600000E000BFA4E7A3895B0600D56FE7A5233D
:10A970009B009D44F0BD4698F9E7C0466CFDFFFF83
:10A9800015A601088DA60108F1D8010804BB01082D
:10A9900000000000F7B515008A680C000190002A3D
:10A9A00004D18A69002A17D10132A2602268D20636
:10A9B00003D41A68111D196017680026A0690028C1
:10A9C00016D001280BD12B6862691B78D35C002B51
:10A9D0000ED1002E3BD029E001225242E5E70228A9
:10A9E00024D12B681A4A1B78D35C082213421DD14C
:10A9F000102223680136134203D12B681B783B7069
:10AA000001372A686B6801322A60A268013B013A6B
:10AA10006B60A260002A09D0002BCFDCC0235B0052
:10AA20002900E358019898470028C7D022681023CE
:10AA3000110019401A4206D1E3680133E360A369AB
:10AA4000002B00D03970002023699B192361FEBDC3
:10AA5000F1D80108F0B58BB00193784B1600049043
:10AA600007AAA1CBA1C2764A8B690C000592032BE1
:10AA700001D1744B0593AE220020A3685200591EE9
:10AA80000390914205D95E3BFF3B03935E23FF3366
:10AA9000A36023001C330093D023002722681B01EE
:10AAA00013432360009B0293336807A81978BB0007
:10AAB0000222185800F0CEF8002829D0012F5ED1CC
:10AAC0006368002B06D1083322686360F933FF33D3
:10AAD0001343236023685C4A13402360A3685A1E13
:10AAE000A260002B14D033685A1C32601B78029A83
:10AAF00013707368551C013B7360002B07DCC02387
:10AB00005B003100E3580498984700287ED10295F5
:10AB10000137032FC8D16368002B01D10A3363606A
:10AB20000027636849496069C91A00F09EF8029DD0
:10AB3000A36820680293002B3FD0316863690A78CC
:10AB40009B5C002B39D0302A28D180231B0118426E
:10AB500024D0039B0137002B05D01A00029B013A39
:10AB600001330392A3607368013B7360002B1CDD0B
:10AB7000336801333360A368013BA360D8E7022F39
:10AB8000ACD1C02380212268DB00134089008B42B6
:10AB9000C1D110236360F03313439EE72C4B034075
:10ABA00023600B782B700135DDE7C0235B0031009B
:10ABB000E358049898470028DDD02368DB050ED5BC
:10ABC000009B9D4207D9BE23013D5B0032002978DE
:10ABD000E35804989847009B01209D4229D02168A2
:10ABE00010230A001A4019421CD12A706368009988
:10ABF0000498059EB047019B22681B68910607D503
:10AC000001991A1D0A601B68186008E00027D4E744
:10AC1000191DD6070FD5019A11601B681880E368CB
:10AC20000133E3600020009BED1A2369ED195B19E5
:10AC300023610BB0F0BD019A1160E4E704B1010893
:10AC4000D9AF0108CDAE0108FFFAFFFF18BB01081C
:10AC5000FFF6FFFFC9B28218904201D10020704771
:10AC600003788B42FBD00130F6E770B50B78040017
:10AC70005E2B19D04D1C00212200601CFF3011708A
:10AC800001328242FBD1681E002B26D001264E40A5
:10AC90002800E6540178451C2D2909D05D291BD0D8
:10ACA00000291AD00B00F3E74B788D1C0121E3E754
:10ACB00042785D2AF6D09342F4DC1900023001316B
:10ACC00066548A42FBDC591C934202DB00228B183B
:10ACD000E0E7D21A013AFAE7280070BD0B00F7B599
:10ACE0004D6B44330C009D421CD18026F600310090
:10ACF000FFF73AFB002802D101204042FEBD2300AD
:10AD00006063A66346331A78104BC2542300453360
:10AD10001A780F4BC2542A780E4BC254C0182060C8
:10AD20000020EBE78E6B290073001A00019300F0FE
:10AD300013F8051EE0D08719010032003800FFF734
:10AD400014FC019B27606563A363E9E7FF03000030
:10AD5000FE030000FD030000F7B506000C0015001F
:10AD6000002905D11100FFF7FFFA04002000FEBD05
:10AD7000002A03D1FFF788FB2C00F7E700F030F939
:10AD80000700854202D84308AB42EFD329003000C8
:10AD9000FFF7EAFA0190002801D1019CE6E72A00BA
:10ADA000BD4200D93A0021000198FFF7DEFB2100E7
:10ADB0003000FFF769FBF0E7F0B585B017001E0023
:10ADC00003900191242B23D80C00012B20D03D4B64
:10ADD00008229C46230061461D780134485D01002D
:10ADE00011401042F6D12D2D19D125789C1C01233C
:10ADF00000931022330093431DD1302D15D1202113
:10AE000023788B43582B10D165780234102612E03A
:10AE1000FFF752FA16230360002005B0F0BD009141
:10AE20002B2DE6D125789C1CE3E7002EEED10A36C7
:10AE3000302D00D1023E244A009B944663443100E9
:10AE400018000293E7F7FCFD0022844610002B0057
:10AE5000303B092B11D81D00AE421DDD531C09D01B
:10AE600001225242844505D301D1A94211DB0122BE
:10AE70007043281825780134E9E72B00413B192B52
:10AE800001D8373DE8E72B00613B192B04D8573D2B
:10AE9000E2E701225242EDE7531C08D12223039A34
:10AEA00002981360002FB8D0631E019307E0009B47
:10AEB000002B00D04042002FAFD0002AF4D1019BDC
:10AEC0003B60AAE7F1D80108FFFFFF7F10B5FFF74D
:10AED00073FF10BDF0B51E003E4B17000C009C46E2
:10AEE000082285B003900091230061461D7801344B
:10AEF000485D010011401042F6D12D2D12D1257868
:10AF00009C1C0123029310223300934316D1302D51
:10AF10000ED1202123788B43582B09D16578023438
:10AF200010260BE002912B2DEDD125789C1CEAE731
:10AF3000002EF5D10A36302D00D1023E012031001D
:10AF40004042E7F7F7FC0190012031004042E7F76B
:10AF500077FD00230122180094462A00303A092A7E
:10AF600012D81500AE421EDD5A1C0AD00123019AE8
:10AF70005B42824205D301D1A94211DB6346704393
:10AF8000281825780134E8E72A00413A192A01D81F
:10AF9000373DE7E72A00613A192A04D8573DE1E72F
:10AFA00001235B42EDE75A1C07D1222203991800C6
:10AFB0000A60002F09D105B0F0BD029A002A00D026
:10AFC0004042002FF7D0002B01D0631E0093009B5E
:10AFD0003B60F0E7F1D8010810B5FFF77BFF10BD2B
:10AFE0000B1F1B68181F002B01DA0B58C018704785
:10AFF000F8B5C046F8BC08BC9E467047F8B5C046D8
:08B00000F8BC08BC9E46704735
:10B00800AD033805B902B904B9023805B902C50556
:10B018000203B904020338050203C5055403B90441
:10B02800540338055403C505B902610602036106D5
:10B0380054036106AD036106AD03B904AD03C5054C
:10B0480080020020000100007C020020003E224116
:10B058004141414141414141414141417F003C42DF
:10B068004242240078B30108DAB2010852B8010854
:10B0780038B201084C31004C32004C33004C3400DB
:10B088004C35004D00004800004C4F5731004C4FE4
:10B098005732004C4F5733004C4F5734004C4F57E2
:10B0A80035004D494400004849474800DFB20108CF
:10B0B800B6B901084FB80108DDB7010846B801085C
:10B0C8004AB801089B1F00209C1F00209D1F0020DC
:10B0D8009E1F0020772000205800C337720065307B
:10B0E8007000C3005D00000D5900688059006800B9
:10B0F8005A0055555B0055555C0030AA1ABB01082B
:10B10800B3B301081DBB0108EFFFF7FFCBFFFBFF3F
:10B11800FF0352454C4541534500414C4C204B459B
:10B1280059530025752E253032755620257525254D
:10B1380000564F4C544147450057454C434F4D45E9
:10B14800004D414255484159210025732045646905
:10B1580074696F6E006F6B676250473A2C413725F0
:10B1680017E4CBB59F002E2D2E2E002E2D2D2D2D24
:10B17800002E2E2D2D2D002E2E2E2D2D002E2E2E76
:10B188002E2E002D2E2E2E2E002D2D2D2E2E002E65
:10B198002D2E2D2E2D002D2D2E2E2D2D002E2E2D2B
:10B1A8002D2E2E002E2D2D2D2D2E002D2E2D2E2D1B
:10B1B8002D002D2E2D2D2E002D2E2D2D2E2D002E39
:10B1C8002D2E2E2E002D2D2D2E2E2E002D2E2D2EF9
:10B1D8002D2E002D2E2E2E2D002D2E2E2E2E2D0016
:10B1E8002E2E2D2D2E2D002E2D2E2E2D2E002E2ED8
:10B1F8002E2D2E2E2D002E2D2D2E2D2E005D5D0098
:10B208002533752E253035750043482D2530347586
:10B21800004E554C4C0076372E362E3942003132CE
:10B2280033343500353433323100435443535300FB
:10B2380044435300442530336F256300554E4C4F2B
:10B24800434B204B4559424F415244005361766568
:10B258003F005363616E204661696C656400467205
:10B2680065713A2D2D2D2E2D2D2D2D2D00546F6EFF
:10B27800653A2D2D2D00546F6E653A4E6F6E650040
:10B28800536176653A00467265713A25752E253008
:10B2980035750043544353533A25752E2575487A1E
:10B2A800004443533A442530336F4E00253364003D
:10B2B8002520346420257300532564002B25303263
:10B2C80064004625752B00462575004558004F46F5
:10B2D800460054544E004357004245414D205458AF
:10B2E800004245414D205258005031005032005420
:10B2F8005351004C4F572042415454455259005025
:10B308007265737320455849540053636E526E67D3
:10B31800003E257300555342003E3E00252E3473EF
:10B3280000252E2A732E252E337300253033752ED3
:10B33800253035750025752E25750025642E253098
:10B3480032754B0025644B004D4F4E490053514C0C
:10B3580025640025302A752F25750044544D462054
:10B3680025730056464F202573002222141408081E
:10B37800003C26252525263C003E1C08003E3E1C98
:10B388001C0808004142430061626300313A257598
:10B398000025752A3130306D730057494B490050EC
:10B3A800524F46494C45003030302F30300053550D
:10B3B80052453F00574149542100253032752F2509
:10B3C80075002B25752E257564420025642E2530C1
:10B3D80032756B487A00555345520025730A257318
:10B3E8005700442530336F49002533642E25303506
:10B3F8007500252E33732E252E33732020004D48DB
:10B408007A0053544F5000434152524945520A253D
:10B41800303264733A253033646D730054494D45B6
:10B428004F55540A253032646D3A25303264730022
:10B43800253032752028252E33732900252E3873A0
:10B448000A252E38730025642A31306D73004E3773
:10B458005349580025730A25730025337320256442
:10B468002025640025643A25643A25640025732064
:10B47800253264202530346400253032643A253082
:10B4880032643A25303264004255494C44004D45F7
:10B498004D4F525900464C4153482025752E25756D
:10B4A8002525005352414D202025752E257525252B
:10B4B80000524541440A4D414E55414C0025752ED8
:10B4C80025303275560A2575002564683A253032CC
:10B4D800646D00496E736964650A46204C6F636B3E
:10B4E8000A506C616E00464D0025302A752F2530B4
:10B4F80032750025302A752F2D2D00253032753AEA
:10B50800253032750025752E2530327500264949BB
:10B51800494932002425262122273A3B3F5E607C98
:10B528007B7D5F00536561726368204672657100B8
:10B5380053656172636820546F6E65005363616E72
:10B5480020436F6D706C657465004A616E004665D6
:10B5580062004D617200417072004D6179004A7558
:10B568006E004A756C0041756700536570004F6343
:10B5780074004E6F7600446563004B45595F4D4536
:10B588004E55004B45595F5550004B45595F444F48
:10B59800574E004B45595F45584954004B45595F34
:10B5A80053544152004E4152524F574552004E4F4C
:10B5B800524D414C00464153540054494E590043A2
:10B5C8004C4153534943004B4559530A414354494D
:10B5D8004F4E53004B4559530A505454004B45594C
:10B5E800530A414354494F4E530A50545400534F41
:10B5F800554E440056495355414C004F4E45505501
:10B608005348004C4546540A52494748540A55562F
:10B618002D4B310055500A444F574E0A55562D4B65
:10B62800352838290044454641554C542B0A3133B6
:10B63800372D3137340A3430302D34373000464313
:10B64800432048414D0A3134342D3134380A3432DC
:10B65800302D3435300043412048414D0A313434CF
:10B668002D3134380A3433302D34353000434520F9
:10B6780048414D0A3134342D3134360A3433302DB3
:10B688003434300047422048414D0A3134342D319A
:10B6980034380A3433302D343430003133372D31D7
:10B6A80037340A3430302D343330003133372D31CC
:10B6B80037340A3430302D34333800504D5220346A
:10B6C800343600474D52530A4652530A4D55525389
:10B6D8000044495341424C450A414C4C00554E4C9C
:10B6E8004F434B0A414C4C0056464F0031363030E0
:10B6F8006D4168204B3500323230306D4168204B47
:10B708003500333530306D4168204B3500313430E9
:10B71800306D4168204B3100323530306D41682042
:10B728004B3100524F474552004D4443004C4F4760
:10B738004F004E4F4E450050455243454E5400551C
:10B748005020434F444500444F574E20434F4445F3
:10B758000055502B444F574E0A434F444500415023
:10B768004F4C4C4F0A5155494E44415200434841B1
:10B778004E4E454C0A4E554D424552004E414D45A0
:10B78800004E414D450A2B0A46524551004D41494C
:10B798004E0A4F4E4C59004455414C2052580A52BB
:10B7A8004553504F4E440043524F53530A42414E63
:10B7B80044004D41494E2054580A4455414C2052AA
:10B7C80058004C4F474F2B004D4154524958005494
:10B7D800582F52580057494445003C2032306D00DC
:10B7E8003132356D003235306D003530306D004CFA
:10B7F8004F572031004C4F572032004C4F572033C1
:10B80800004C4F572034004C4F572035004D4944C9
:10B818000053454E540057414954494E470052453C
:10B82800434549564544004D454D2046554C4C002E
:10B838004552524F520053454E44494E47004E41DF
:10B8480052004E41522B004E2B00444352004255A9
:10B85800535900424154204C4F57005458204449F2
:10B868005341424C450054494D454F555400414CB5
:10B8780041524D00564F4C54204849474800464CC9
:10B88800415400434C45414E00424F4F5354004DE4
:10B8980041580053484152500053544F434B004FB6
:10B8A80050454E002030002E2C2D2829402F5C2B8F
:10B8B8003D2A233C3E5B5D7E310061626332006459
:10B8C8006566330067686934006A6B6C35006D6EB5
:10B8D8006F36007071727337007475763800777838
:10B8E800797A3900464C4153480A4C494748540034
:10B8F800504F574552004D4F4E49544F5200564FE6
:10B908005800464D20524144494F003137353048A0
:10B918007A004C4F434B0A4B455950414400564618
:10B928004F20410A56464F20420056464F0A4D4581
:10B938004D005258204D4F4445004D41494E204F2F
:10B948004E4C5900574944450A4E4152524F5700F0
:10B9580052585458204C4F47004D55544500527882
:10B968004100504F5745520A484947480052454DF3
:10B978004F56450A4F4646534554004245414D00EF
:10B988004E4F204C4F470054595045204D45535376
:10B998004147450050524553532050545400534199
:10B9A80056453F0044454C3F004D2D5343414E0002
:10B9B800256425732D25644D004D522843482530B4
:10B9C8003275290056464F284348253032752900DC
:10B9D800412D5343414E282575290043482D2530D4
:10B9E8003275002533642E256400252E33732E25E9
:10B9F8002E317300253373002534736B004D4F4E81
:10BA080000257557504D2025732043257500414961
:10BA18005220434F50592852445929004149522035
:10BA2800434F50590041495220434F505928434DE4
:10BA3800502900252E33732E252E3373004D454D86
:10BA48002025303375202D2025303375005365743B
:10BA580074696E6773005243563A253032752E2545
:10BA6800303275252520453A256400534E443A2541
:10BA78003032752E2530327525250052583A00434C
:10BA88004C454152204C4F470053392B25303275D5
:10BA980000532575004D2025732F257300413A2545
:10BAA80073202563002575780025752E253035759A
:10BAB800207F25752E253032756B00533A20257569
:10BAC8000025642064426D002564644200FFFFFF86
:10BAD800FFFFFFFFFF005745414B004E4F524D00FF
:10BAE800535452470031322E3500362E3235004C31
:10BAF8004E4173004C4E410050474100686C4C0069
:10BB0800412D46612D663839303132333435363778
:10BB18005D002B2D007858002E2C3F310041424308
:10BB28003200444546330047484934004A4B4C35B7
:10BB3800004D4E4F36005051525337545556380029
:10BB48005758595A39040404040404050405050A1D
:10BB58000F14191E23282D320708090A0B0C0D0093
:10BB68000102060E03040F100511121314151617FF
:10BB7800414243442A23000040771B0080CBA400A5
:10BB880080CBA400A00BD100A00BD100C08009017C
:10BB9800C0800901C00E1602C00E1602005A6202C9
:10BBA800005A6202C029CD02C029CD0280A4BF0775
:10BBB80041000000C4B1010842000000CFB10108F3
:10BBC8004300000000B201084400000093B10108DE
:10BBD80045000000B1B1010846000000F1B10108BC
:10BBE80047000000AFB10108480000008CB101080F
:10BBF8004900000094B101084A0000007AB1010828
:10BC08004B000000C3B101084C0000006EB10108F0
:10BC18004D00000072B201084E000000B0B10108EA
:10BC28004F00000071B2010850000000BBB10108CC
:10BC380051000000C2B101085200000001B2010821
:10BC480053000000D0B10108540000001BBB0108DC
:10BC580055000000FAB1010856000000DCB10108E7
:10BC680057000000B6B1010858000000F9B10108FA
:10BC780059000000B5B101085A00000092B101084E
:10BC8800300000006FB201083100000073B10108F4
:10BC98003200000079B10108330000007FB10108CB
:10BCA80034000000E2B101083500000085B1010848
:10BCB800360000008BB1010837000000CEB1010842
:10BCC8003800000091B1010839000000ADB1010849
:10BCD8002E00000097B101082C0000009EB1010859
:10BCE8003F000000A5B1010827000000ACB1010821
:10BCF80021000000B3B101082F000000F0B10108D5
:10BD080028000000BAB1010829000000C0B10108EC
:10BD180026000000C7B101083A000000CDB10108B3
:10BD28003B000000D4B101083D000000DBB1010870
:10BD38002B000000D5B101082D000000E1B1010879
:10BD48005F000000E8B1010822000000EFB101081F
:10BD580024000000F6B1010840000000FEB101080F
:10BD6800FA00F4017102E803E204C4094103010086
:10BD780005000A001900320064007D008403DC0518
:10BD8800D007B80B88131027D430204EA86150C3B1
:10BD980059B100084D2E01083D3601088D60010893
:10BDA8000D730108D17C01081F111F151F151D15E2
:10BDB8001717151D1F041F1B151B0E110E110A0442
:10BDC800CDBE0008413C0108F12E0008615E000864
:10BDD800D5660008492F0008CDBE00085145000867
:10BDE800A92E0008213300085133000891380008B3
:10BDF800252F0008CDBE0008712F0008AD2F0008C0
:10BE080001300008AD3500085D4C0008A544000865
:10BE18006D350008213000083D300008B57501086F
:10BE2800E5560108A2C0A1A6A424811F2F40AF1285
:10BE38001113130A0104070B0205080C0306090D68
:10BE48000E000F000810182030486896C8FF081C1C
:10BE58003044586C8000000000093D0000127A0050
:10BE68000024F4004086510100366E0100093D00AF
:10BE780000093D0000093D0000000000000000002E
:10BE880000000000000000000000000000000000AA
:10BE98000000000000000000010000000200000097
:10BEA8000300000004000000060000000700000076
:10BEB8000800000009000000000000000000000069
:10BEC8000000000000000000010000000200000067
:10BED800030000000400000012010002EF0201400C
:10BEE800B736FFFF00010102030109024B000201FE
:10BEF800008032080B000202020100090400000160
:10BF08000202010205240010010524010001042495
:10BF1800020205240600010705830308000A090434
:10BF28000100020A000000070502024000000705A0
:10BF38008102400000040309040A03500055005917
:10BF48000041001C035000550059004100200043E7
:10BF580000440043002000440045004D004F0016F7
:10BF68000332003000320032003100320033003436
:10BF780000350036000041706558004E3753495867
:10BF88002076372E362E3942000000003134000862
:10BF9800CDBE0008CDBE0008E55E0008113C0008D3
:10BFA800C5340008CDBE00086B03F802F802800211
:10BFB800380438048403F8025374657000000001E3
:10BFC800506F7765720000025278444353000003B3
:10BFD80052784354435300045478444353000005B3
:10BFE800547843544353000654784F446972000709
:10BFF80054784F6666730008572F4E000000000AF9
:10C0080042757379434C000B436F6D706E6400206A
:10C018004D6F64650000003054584C6F636B000C22
:10C0280043684C697374001B436853617665000D5F
:10C03800436844656C65000E43684E616D65000F8A
:10C0480053634C6973740022536350726900002370
:10C058005072694368310024507269436832002580
:10C0680053636E5265760019463153687274004600
:10C0780046314C6F6E670047463253687274004809
:10C0880046324C6F6E6700494D204C6F6E67004A10
:10C098004B65794C636B001A5478544F75740009DA
:10C0A8004261745361760011426174547874002FB0
:10C0B8004D6963000000001E4D6963426172001FF4
:10C0C8004368446973700010504F6E4D7367002CBD
:10C0D800424C54696D650013424C4D696E00001561
:10C0E800424C4D6178000016424C54785278001446
:10C0F8004265657000000018526F67657200002D78
:10C10800535445000000001C525020535445001D54
:10C11800312043616C6C00215550436F64650026E3
:10C128004457436F646500275054542049440028FD
:10C13800442053540000002944205072656C002AA2
:10C1480044204C697665002B564F580000000012B9
:10C15800537973496E66002E52784D6F64650017E7
:10C1680053716C00000000005365745077720035FD
:10C178005365745054540036536574544F54003703
:10C18800536574454F5400385365744374720039CD
:10C19800536574496E76003A5365744C636B003B83
:10C1A8005365744D6574003C536574475549003DAB
:10C1B8005365745278410044536574546D72003E5F
:10C1C8005365744F666600345365744E464D00409F
:10C1D800536574566F6C00415365744B6579004222
:10C1E80053657453636E003F536574536176004C16
:10C1F80046204C6F636B003233353020456E003378
:10C2080042617443616C0045426174547970004B1B
:10C218005365744E6176004352657365740000314E
:10C2280000000000000000FF55562D4B35204669E0
:10C23800726D776172652C2045475A554D45522BD2
:10C248004E375349582076372E362E39420D0A007C
:10C258000C12216D796D21120C0C12216161612182
:10C26800120C1C1C1422417F0022140814227F0087
:10C27800767676767E7F7C464545454545467C0004
:10C288003E41414122007F40404040003E41414103
:10C298003E007F09090906001F2040201F00631483
:10C2A800081463007F021C027F003E4141413E00AA
:10C2B8006314081463007F49494936007F414141AE
:10C2C8003E003F4038403F007F091929460041227F
:10C2D80014080008142241007F09192946003E412C
:10C2E80041413E007F0909090600264949493200B3
:10C2F8002CB5010838B5010844B5010852B5010844
:10C3080056B501085AB501085EB5010862B50108BD
:10C3180066B501086AB501086EB5010872B501086D
:10C3280076B501087AB501087EB501087F415D5DE3
:10C338005D417F006F8B472CE134F82C5E8BF893BE
:10C34800E1B6658D4A007F415D5D5D417F5B1FBA47
:10C35800EED99F559874E21A0D963DA50D69C2A5B0
:10C36800F296F9595FDC4A146318D94755112C0223
:10C37800D86467755594537F450D963DA50D69C2E0
:10C38800A5F296DF19F75FC215BC552A444411FD82
:10C398000575757505FD019A38370D963DA50D692A
:10C3A800C2A5F296CBC081DF1175117F3E643718A4
:10C3B8007FEB1523017F415D5D5D417F006A0F744E
:10C3C8000ED2B074B16D1859157986CE1543007F19
:10C3D800415D5D5D417FCD5D8365E7C655BD6B3FC2
:10C3E800A91CA5E069E34A15062AFECECA3A70D907
:10C3F800EAF55C158A6722FF25AEB630F855DD07E9
:10C40800B6C21CA5E069C46615842B72E8E923113D
:10C41800CDE6C191E6887722FD0474747405FD01A8
:10C42800F7AE811CA5E06954FE37222BEAAAA78D36
:10C438005F3155B13FCECA24337F538EA300011A12
:10C448001C1E2022242627292D31050913192224F0
:10C45800292B2C303236383C4748494A4B52530036
:10C4680082B501088BB5010892B501089BB5010892
:10C47800A4B5010851B90108ADB50108B6B5010860
:10C48800BDB50108C2B50108C7B5010826B1010844
:10C49800CFB50108DCB50108E5B50108D6B2010839
:10C4A800F6B50108FCB50108E1B60108C7B50108F1
:10C4B80003B601080BB601081CB601082DB6010821
:10C4C80046B601085EB6010875B601088CB60108C3
:10C4D800A3B60108B3B60108C3B60108CBB6010874
:10C4E800D9B60108E5B60108F0B60108E1B60108B9
:10C4F800F4B60108FFB601080AB7010815B7010824
:10C5080020B70108366261336136610030373A304E
:10C51800303A3238004175672020312032303236C7
:10C5280000000000D6B201082BB7010831B7010896
:10C53800E1B60108F6B5010894B9010839B1010856
:10C5480035B701083AB701083AB7010839B1010807
:10C558003FB70108D6B2010847B701084FB701082D
:10C5680059B7010866B7010890B7010875B70108FF
:10C5780084B7010889B7010895B701089FB7010872
:10C58800AFB70108BAB70108D6B2010835B7010834
:10C59800CAB70108D0B70108D6B20108E6B2010847
:10C5A800C7B70108D7B70108DDB7010851B90108B5
:10C5B800D6B2010850B801081BBB0108E2B7010850
:10C5C800E8B70108EDB70108F2B70108FBB70108A1
:10C5D80001B8010813B80108DEB30108F7B701086C
:10C5E800FDB7010803B8010809B801080FB8010828
:10C5F80015B8010870B90108D6B2010806BA0108D1
:10C608001F0000001C0000001F0000001E000000AA
:10C618001F0000001E0000001F0000001F00000097
:10C628001E0000001F0000001E0000001F00000088
:10C6380019B801081EB8010826B801082FB8010862
:10C6480038B801083EB80108464D0000414D0000C9
:10C658005553420078B3010856B801085BB8010881
:10C6680063B801086EB8010876B801087CB80108FB
:10C6780086B801088BB8010815B8010891B80108F7
:10C6880097B801089BB80108A1B80108A7B8010824
:10C69800000000000000003E3E1C1C0808000000CE
:10C6A800000017000300031F0A1F0A1F05190413BF
:10C6B8000F171C000300000E11110E0005020504DF
:10C6C8000E041008000404040010001804031E11CE
:10C6D8000F021F0019151211150A07041F17150953
:10C6E8001E151D1905031F151F17150F000A001029
:10C6F8000A00040A110A0A0A110A040115030E1590
:10C70800161E051E1F150A0E11111F110E1F1515D5
:10C718001F05050E151D1F041F111F1108100F1FDF
:10C72800041B1F10101F061F1F0E1F0E110E1F05C2
:10C73800020E191E1F0D16121509011F010F101FD9
:10C748000718071F0C1F1B041B031C031915131FB5
:10C75800111102040811111F020102101010010228
:10C76800001A161C1F120C0C12120C121F0C1A168F
:10C77800041E050C2A1E1F021C001D0010201D1F70
:10C788000C12111F101E0E1E1E021C0C120C3E1243
:10C798000C0C123E1C0202141E0A021F120E101E5E
:10C7A8000E180E1E1C1E120C1206281E1A1E160427
:10C7B8001B11001B00111B04020301121712FCFEBF
:10C7C800FE06060606FEFEFC3F7F7F606060607F17
:10C7D8007F3F0000181CFEFEFE00000000006060A5
:10C7E8007F7F7F6060001C1E1E06060686FEFE7C9C
:10C7F8006070787C6E67636160600C0E0E8686865A
:10C8080086FEFE7C307070616161617F7F3E80C012
:10C81800E070381C0EFEFEFE0F0F0F0C0C0C0C7F88
:10C828007F7FFEFEFEC6C6C6C6C6C686307070606E
:10C838006060607F7F3FF8FCFEC6C6C6C6C6C6807D
:10C848003F7F7F606060607F7F3F0E0E0E0606862A
:10C85800E6FE7E1E000000007C7F7F0300007CFE59
:10C86800FE86868686FEFE7C3F7F7F616161617FF2
:10C878007F3FFCFEFE06060606FEFEFC01636363C0
:10C888006363637F3F1F008080808080808080009A
:10C898000001010101010101010000005E5E0000CC
:10C8A800060600060600143E143E14002E6B7F6B2D
:10C8B8003A006333180C6663304B4D552250000024
:10C8C80007070000001C3E6341000041633E1C0056
:10C8D800002A1C1C2A0018187E7E181800406020A8
:10C8E8000000001818181800000060600000603090
:10C8F800180C06033E7F63637F3E64667F7F60603B
:10C9080062737B7B6F6663636B6B7F36383C367F05
:10C918007F306F6F6B6B7B333E7F6B6B7B320303B8
:10C92800737B0F07367F6B6B7F36066F6B6B7F3EB3
:10C9380000006C6C000000406C2C000008142241C0
:10C948000000363636363600004122140800060745
:10C95800535B1F0E307B6B7B7F3E7E7F1B1B7F7E76
:10C968007F7F6B6B7F363E7F636363367F7F636356
:10C978007F3E7F7F6B6B6B637F7F1B1B1B033E7F41
:10C98800636B7B3A7F7F0C0C7F7F63637F7F63637E
:10C998003073637F3F037F7F1C3663417F7F606016
:10C9A80060607F7F06067F7F7F7F0C187F7F3E7FDA
:10C9B80063637F3E7F7F1B1B1F0E3E7F63737F7EFB
:10C9C8007F7F1B3B7F66666F6B6B7B3303037F7FC9
:10C9D80003033F7F60607F3F1F3F60603F1F3F7FD3
:10C9E80030307F3F63771C1C7763070F78780F0719
:10C9F80063737B6F6763007F7F63630001020408D2
:10CA080010600063637F7F000C0E03030E0C6060F0
:10CA180060606060000307060000207656567E3C82
:10CA28007F7F6C6C7C38387C6C6C6C00387C6C6CF0
:10CA38007F7F3C7E56565E0C7E7F1B1B02000C5E81
:10CA480056567E3C7F7F0C0C7C7800007A7A00007A
:10CA58003060607D3D007F7F183C7E66003F7F40F0
:10CA680000007C7C18187C7C7C7C0C0C7C783C7EE0
:10CA780066667E3C7E7E36363E1C1C3E367E7E607A
:10CA88007C7C0C0C18004C5E565676203F7F6C6CF4
:10CA980060003C7C60607C3C0C3C70703C0C3C7CD6
:10CAA80030307C3C446C38386C44066E68687E3E96
:10CAB80066767E6E6600083E7741000000007F00C3
:10CAC80000000041773E08000C060C180C0000001E
:10CAD8005E000000000600060000143E143E14002C
:10CAE80026497F493200631308046261304B4D5573
:10CAF8002250000007070000001C224100000041EE
:10CB0800221C0000002A1C1C2A0008083E080800F5
:10CB1800004060200000000808080800000060606D
:10CB280000004020100804023E414141413E0040BF
:10CB3800427F40406251514949462241494949365C
:10CB4800181412117F102745454545393E49494972
:10CB580049320101710905033649494949364649AF
:10CB68004949291E00006C6C000000406C2C000034
:10CB78000814224100001414141414000041221453
:10CB88000800020151090600304A4A523C007E0959
:10CB98000909097E7F49494949363E4141414122B7
:10CBA8007F414141413E7F49494949417F0909093E
:10CBB80009013E414949493A7F080808087F41412F
:10CBC8007F4141002041413F01017F080C12214073
:10CBD8007F40404040407F020404027F7F020408F7
:10CBE800107F3E414141413E7F09090909063E4106
:10CBF8005161413E7F090919294626494949493267
:10CC080001017F0101003F404040403F073840405C
:10CC180038073F403030403F631408081463070862
:10CC280070080700615149454341007F41410000B8
:10CC3800010204081060000041417F000402010263
:10CC480004004040404040400003070600002054D4
:10CC5800545478007F4444443800384444442800FD
:10CC6800384444447F003854545448007C0A0A0A23
:10CC78000200585454543C007F0404047800000017
:10CC88007A0000002040403D0000007F102844004A
:10CC980000003F4000007C047C0478007C0404040D
:10CCA80078003844444438007C14141408000814EC
:10CCB80014147C407C0404040800085454542000D4
:10CCC8003F44444440003C4040403C000C3040302D
:10CCD8000C003C4030403C004428102844000C50D4
:10CCE80050503C004464544C440008364100000055
:10CCF80000007F000000000041360800040204081C
:10CD08000400000000FCFC00000000000D0D000005
:10CD1800000F1F00001F0F0000000000000020F897
:10CD2800F820F8F820020F0F020F0F0270F8888E13
:10CD38008E9810040C0838380F0730300080C06017
:10CD4800300C060301000C0C80D87CE4BCD84007EA
:10CD58000F0808070F0800101F0F00000000000050
:10CD6800000000000000F0F80C0400000003070CAD
:10CD780008000000040CF8F0000000080C0703008D
:10CD88000080A0E0C0E0A0000002030103020080D0
:10CD980080E0E08080000000030300000000000045
:10CDA8000000000000101E0E00008080808080803F
:10CDB80080000000000000000000000000000000EB
:10CDC80000000C0C000000000080C060300C06035E
:10CDD80001000000F8FC040404FCF8070F08080828
:10CDE8000F07001018FCFC00000008080F0F0808C7
:10CDF800181C0484C47C380C0E0B09080808181C7D
:10CE0800444444FCB8060E0808080F0780C0603088
:10CE180018FCFC01010101010F0F7C7C444444C44F
:10CE280084040C0808080F07F0F84C4444C4800731
:10CE38000F0808080F0704040484E47C1C00000E93
:10CE48000F010000B8FC444444FCB8070F08080868
:10CE58000F0778FC848484FCF8000808080C070392
:10CE6800000000303000000000000606000000004E
:10CE780000303000000000080E0600000080C0608E
:10CE880030180800000103060C08404040404040AC
:10CE980040020202020202020008183060C080004C
:10CEA800080C06030100383C0484C47C38000000E8
:10CEB8000D0D0000F0F808C8C8F8F0070F080B0BB4
:10CEC8000B01F8FC848484FCF80F0F0000000F0F9E
:10CED800FCFC444444FCB80F0F0808080F07F8FC92
:10CEE8000404041C18070F0808080E06FCFC0404B8
:10CEF8000CF8F00F0F08080C0703FCFC444444042A
:10CF0800040F0F0808080808FCFC44444404040FF4
:10CF18000F0000000000F8FC0484849C98070F08A8
:10CF280008080F07FCFC404040FCFC0F0F00000005
:10CF38000F0F000004FCFC04000000080F0F08009D
:10CF480000000004FCFC04060E08080F0700FCFCA7
:10CF5800E030180C040F0F0103060C08FCFC00005D
:10CF68000000000F0F0808080808FCFC187018FCDF
:10CF7800FC0F0F0000000F0FFCFC60C080FCFC0FD2
:10CF88000F0000010F0FF8FC040404FCF8070F0859
:10CF980008080F07FCFC848484FC780F0F0000004D
:10CFA8000000F8FC040404FCF8070F080C0C1F1719
:10CFB800FCFC848484FC780F0F0103060C08387C81
:10CFC800444444CC88060E0808080F07000404FCF3
:10CFD800FC04040000000F0F0000FCFC000000FC33
:10CFE800FC070F0808080F077CFC800080FC7C0009
:10CFF800030F0C0F0300FCFC008000FCFC0F0F0665
:10D0080003060F0F0C3CF0C0F03C0C0C0F030003A0
:10D018000F0C003C7CC0C07C3C0000000F0F0000DF
:10D02800040484C4643C1C0E0F09080808080000A6
:10D03800FCFC04040000000F0F0808003870E0C072
:10D048008000000000000103070E00000404FCFC3F
:10D0580000000008080F0F00080C0603060C080063
:10D068000000000000000000000000000020202058
:10D07800202020200000030704000000000000001A
:10D08800000000A0A0A0A0E0C0070F0808080F0F2C
:10D09800FCFC202020E0C00F0F0808080F07C0E0A4
:10D0A8002020206040070F0808080C04C0E020205A
:10D0B80020FCFC070F0808080F0FC0E0202020E024
:10D0C800C0070F09090909012020F8FC24240400DD
:10D0D800000F0F000000C0E0202020E0E0074F48CC
:10D0E80048487F3FFCFC202020E0C00F0F000000D4
:10D0F8000F0F000020ECEC00000000080F0F0800E4
:10D108000000000020ECEC00307040407F3FFCFC49
:10D118000080C060200F0F0103060C08000004FC0B
:10D12800FC00000000080F0F0800E0E020E020E00D
:10D13800C00F0F000F000F0FE0E0202020E0C00F0D
:10D148000F0000000F0FC0E0202020E0C0070F08EC
:10D1580008080F07E0E0202020E0C07F7F080808CB
:10D168000F07C0E0202020E0E0070F0808087F7FB5
:10D17800E0E060202020200F0F0000000000C0E049
:10D18800202020202008090909090F062020FCFC7E
:10D198002020000000070F080808E0E0000000E079
:10D1A800E0070F0808080F0FE0E0000000E0E000CB
:10D1B800030F0C0F0300E0E0008000E0E0070F0819
:10D1C8000F080F0760E0800080E0600C0E03010389
:10D1D8000E0CE0E0000000E0E0074F4848487F3FC1
:10D1E800202020A0E060200C0E0B09080808000091
:10D1F80040F8BC0404000000070F0808000000BC49
:10D20800BC00000000000F0F0000000404BCF84040
:10D21800000008080F070000080C040C080C0400A4
:10D2280000000000000003081018202830383F00D4
:10D23800A2F14674A46144658A4E44E084EA00037E
:10D2480090990990A931000590990990A931000396
:10D2580090994688C038099000320990A9330990FE
:10D2680000364685F03A6685003D19130D09060417
:10D27800140F0A0806043C0364002E036100F80238
:10D288001900D90206007602000000000000000024
:10D298000000400364002D035F00E4023C00C30269
:10D2A8001500AA02050076020000000000004503F0
:10D2B80064003A035F00EE023200BC0219006C02FF
:10D2C800050058020000000000003C0364002D0324
:10D2D8006100F6021900D60206007602000000007E
:10D2E8000000000000004703640032035F00E90209
:10D2F8003700BF0219009C0205006F020000000001
:10D3080000009E02B502CF02E80202031D033903A2
:10D31800560375039303B403CE03E8030B043004E8
:10D3280055047C04A404CE04F90426055505850596
:10D33800B605EA051F063E06560677068F06B106AD
:10D34800CA06ED0607072B0746076B078807AE07CF
:10D35800CB07F30711083B088508D108F308200913
:10D368007209C709ED0913001500160019001A0003
:10D378001E002300270029002B002C00350039004F
:10D388003A003B003C004C004D004E005200550056
:10D3980059005A005C00630065006A006D006E0069
:10D3A800720075007A007C0085008A009300950061
:10D3B8009600A300A400A500A600A900AA00AD003D
:10D3C800B100B300B500B600B900BC00C600C90082
:10D3D800CD00D500D900DA00E300E600E900EE0050
:10D3E800F400F500F90009010A010B011301190104
:10D3F8001A01250126012A012C012D0132013401CF
:10D4080035013601430146014E01530156015A01C7
:10D418006601750186018A019401970199019A01B3
:10D42800AC01B201B401C301CA01D301D901DA01C7
:10D43800DC01E301EC01000000000000E8033C000F
:10D448000100F4013C00020090011E000100F401FB
:10D458001E00010058021E00010070033C0003007A
:10D46800ACB80108AFB80108C2B80108C7B80108CC
:10D47800CCB80108D1B80108D6B80108DBB8010852
:10D48800E1B80108E6B801083AB701080000000051
:10D49800ECB8010801000000F8B80108020000001B
:10D4A800FEB8010803000000B3B901080400000039
:10D4B80006B90108050000000AB9010807000000C4
:10D4C80013B90108080000001AB901080900000092
:10D4D80026B901080A00000032B901080B00000053
:10D4E8003DB901080C0000003AB901080E0000001F
:10D4F80042B901080F000000F2B501081000000051
:10D508004CB901081100000058B9010817000000C3
:10D5180061B901081300000066B901081400000091
:10D528006AB901081500000075B901081600000065
:10D5380083B9010818000000DFE5EBF1F7FAFD00F8
:10D54800E8EDF2F7FAFCFE00EDF0F50000A070A19E
:10D5580001000E886E8801000090D6900100003806
:10D56800004000000078008000000087008801006B
:10D578000030003800000070007800000086008746
:10D5880001000028003000000068007000000085DD
:10D5980000860100002000280000006000680000EC
:10D5A8000084008501000018002000000058006079
:10D5B80000000083008401000010001800000050E3
:10D5C80000580000008200830100000800100000DD
:10D5D800004800500000008100820100000000089F
:10D5E80000000040004800000080008101000000A9
:10D5F80054D5010803000C0066D501080300440057
:10D6080078D50108030044008AD5010803004400C6
:10D618009CD5010803004400AED50108030044006E
:10D62800C0D5010803004400D2D501080300440016
:10D63800E4D50108030044002830484058205C34F1
:10D648002A2A455449414E4D53555257444B474F4A
:10D658004856462A4C2A504A425843595A512A2A6F
:10D6680035342A332A2A2A322A2A2B2A2A2A2A31E4
:10D67800363D2F2A2A2A2A2A372A2A2A382A3930AE
:10D6880041020242040143040544030145010046E6
:10D6980004044703034804004902004A040E4B03EC
:10D6A800054C04024D02034E02014F0307500406C5
:10D6B80051040B520302530300540101550304564D
:10D6C800040857030658040959040D5A0403300581
:10D6D8001F31051E32051C330518340510350500A9
:10D6E80036050137050338050739050F2F05093FAA
:10D6F800060C2E062A2C06333D05112D06212B0576
:10D708000A28050D26050264320A0000DEBA01085F
:10D71800E3BA0108E8BA010879736D67615B554F90
:10D72800493F0000000000000000000050D501083B
:10D738000400000048D501080800000040D5010891
:10D74800080000000008020A0C040E06030B010979
:10D758000F070D0530373D4347487E00F4BA0108EE
:10D76800EDBA0108F2BA010818100A002836087F35
:10D77800584858005800580058005800582458482D
:10D78800486C486C087F28362836283628362836CC
:10D7980001000A0032006400FA00F401710241033A
:10D7A800E803E204DC05D007C40988131027000049
:10D7B800000000000000000000000000F7BA0108A7
:10D7C8001308030001000000FCBA01081305070054
:10D7D8000100000000BB0108130007000100000061
:10D7E800166C14E62E910D402135D5401303E980BF
:10D7F80038D6010830D6010828D6010820D60108F5
:10D8080018D6010810D6010808D6010800D6010864
:10D81800F8D501080800801001020000C0401F0A66
:10D828002E00FF02115B00001E41000000CE000028
:10D838000000001097310000FF135298000000000C
:10D8480008000000E151BCA84526E400D81C503A65
:10D85800E0EA003000020000166C14E62E910D403C
:10D868002135D5401303E9800000000000000010B6
:10D878000010000000100010002000000020001020
:10D888000030000000300010004000000040001090
:10D898000050000000500010006000000060001000
:10D8A80000700000007000100080000000806E080A
:10D8B800009000000090D60000A0000000A07001B9
:10D8C8000000010000B000020010010000C00010BC
:10D8D800A9EC0008610901089DE800085D570108E6
:10D8E80051650108258001080020202020202020E3
:10D8F80020202828282828202020202020202020F8
:10D908002020202020202020208810101010101007
:10D918001010101010101010100404040404040453
:10D9280004040410101010101010414141414141ED
:10D9380001010101010101010101010101010101CF
:10D9480001010101101010101010424242424242DF
:10D95800020202020202020202020202020202029F
:10D968000202020210101010200000000000000047
:10D97800000000000000000000000000000000009F
:10D98800000000000000000000000000000000008F
:10D99800000000000000000000000000000000007F
:10D9A800000000000000000000000000000000006F
:10D9B800000000000000000000000000000000005F
:10D9C800000000000000000000000000000000004F
:10D9D800000000000000000000000000000000003F
:0CD9E80000000000000000000000000033
:04D9F400D12C00082A
:04D9F800A52C000852
:10D9FC0001140A01FFFF01FFFF00C8003C00B40046
:10DA0C00B400A401FF01200388FF88FF3C00F1F063
:10DA1C00F6FCF9FAFF00FFFF1313E1AC0A13000048
:10DA2C0000000001FFFFFFFF0100000000127A0060
:10DA3C00810000006D86010802000000AD4E010857
:10DA4C00E8030101200301FF1313FFFF010364131B
:10DA5C0013000100CEFFFFFF7EFFFFFFCEFFFFFF95
:10DA6C007EFFFFFFFFFF0101010001012000FFFF0E
:10DA7C000101010080380100010C800C96000000AF
:10DA8C007EFFFFFFCEFFFFFF00010000A000002083
:10DA9C0000000000F43000205C310020C431002074
:10DAAC00000000000000000000000000000000006A
:10DABC00000000000000000000000000000000005A
:10DACC00000000000000000000000000000000004A
:0CDADC000000000000000000000000003E
:10DAE800000000000000000000000000000000002E
:10DAF800000000000000000000000000000000001E
:10DB0800000000000000000000000000000000000D
:10DB180000000000000000000000000000000000FD
:10DB280000000000000000000000000000000000ED
:10DB380000000000000000000000000000000000DD
:10DB480000000000000000000000000000000000CD
:10DB580000000000000000000000000000000000BD
:10DB680000000000000000000000000000000000AD
:10DB7800000000000000000000000000000000009D
:10DB8800000000000000000000000000000000008D
:10DB9800000000000000000000000000000000007D
:10DBA800000000000000000000000000000000006D
:10DBB800000000000000000000000000000000005D
:10DBC800000000000000000000000000000000004D
:10DBD800000000000000000000000000000000003D
:10DBE800000000000000000000000000000000002D
:10DBF800000000000000000000000000000000001D
:10DC0800000000000000000000000000000000000C
:10DC180000000000000000000000000000000000FC
:10DC280000000000000000000000000000000000EC
:10DC380000000000000000000000000000000000DC
:040000050801A265E7
:00000001FF
