:020000040800F2
:1028000000400020C9AB010865390008673900089D
:1028100000000000000000000000000000000000B8
:1028200000000000000000000000000069390008FE
:1028300000000000000000006B39000801CA000819
:1028400019AC010819AC010819AC010819AC010850
:1028500019AC010819AC010819AC010819AC010840
:1028600019AC010819AC010819AC01088D52000817
:1028700019AC010819AC010819AC010819AC010820
:1028800019AC010819AC010819AC010819AC010810
:1028900019AC010819AC010819AC010819AC010800
:1028A00019AC010819AC010819AC010819AC0108F0
:1028B00019AC010819AC01080000000015900108CE
:1028C00002780B78002A03D0013001319A42F7D008
:1028D000D01A70470023C25C0133002AFBD1581E76
:1028E0007047000002B47146490849000956490082
:1028F0008E4402BC7047C04602B471464908490084
:10290000095C49008E4402BC7047C04603B471465E
:10291000490840004900095E49008E4403BC7047E5
:1029200003B47146490840004900095A49008E44E1
:1029300003BC7047002243088B4274D303098B42C7
:102940005FD3030A8B4244D3030B8B4228D3030C7F
:102950008B420DD3FF22090212BA030C8B4202D321
:102960001212090265D0030B8B4219D300E0090A49
:10297000C30B8B4201D3CB03C01A5241830B8B4252
:1029800001D38B03C01A5241430B8B4201D34B033B
:10299000C01A5241030B8B4201D30B03C01A5241A0
:1029A000C30A8B4201D3CB02C01A5241830A8B4225
:1029B00001D38B02C01A5241430A8B4201D34B020E
:1029C000C01A5241030A8B4201D30B02C01A524172
:1029D000CDD2C3098B4201D3CB01C01A5241830926
:1029E0008B4201D38B01C01A524143098B4201D360
:1029F0004B01C01A524103098B4201D30B01C01A8B
:102A00005241C3088B4201D3CB00C01A5241830804
:102A10008B4201D38B00C01A524143088B4201D331
:102A20004B00C01A5241411A00D201465241104691
:102A30007047FFE701B5002000F0F0F802BDC04686
:102A40000029F7D076E7704703460B437FD4002276
:102A500043088B4274D303098B425FD3030A8B4232
:102A600044D3030B8B4228D3030C8B420DD3FF229C
:102A7000090212BA030C8B4202D31212090265D06A
:102A8000030B8B4219D300E0090AC30B8B4201D31D
:102A9000CB03C01A5241830B8B4201D38B03C01A64
:102AA0005241430B8B4201D34B03C01A5241030BDB
:102AB0008B4201D30B03C01A5241C30A8B4201D38C
:102AC000CB02C01A5241830A8B4201D38B02C01A37
:102AD0005241430A8B4201D34B02C01A5241030AAE
:102AE0008B4201D30B02C01A5241CDD2C3098B4293
:102AF00001D3CB01C01A524183098B4201D38B0110
:102B0000C01A524143098B4201D34B01C01A5241B2
:102B100003098B4201D30B01C01A5241C3088B42F7
:102B200001D3CB00C01A524183088B4201D38B00E2
:102B3000C01A524143088B4201D34B00C01A524184
:102B4000411A00D201465241104670475DE0CA0F5B
:102B500000D04942031000D34042534000229C461B
:102B600003098B422DD3030A8B4212D3FC22890125
:102B700012BA030A8B420CD3890192118B4208D3FB
:102B8000890192118B4204D389013AD0921100E05D
:102B90008909C3098B4201D3CB01C01A5241830971
:102BA0008B4201D38B01C01A524143098B4201D39E
:102BB0004B01C01A524103098B4201D30B01C01AC9
:102BC0005241C3088B4201D3CB00C01A5241830843
:102BD0008B4201D38B00C01A5241D9D243088B4299
:102BE00001D34B00C01A5241411A00D2014663463C
:102BF00052415B10104601D34042002B00D54942A0
:102C0000704763465B1000D3404201B5002000F0DE
:102C100005F802BD0029F8D016E770477047C04696
:102C20001C2101231B04984201D3000C10391B0AFC
:102C3000984201D3000A08391B09984201D30009C0
:102C4000043902A2105C40187047C0460403020217
:102C50000101010100000000000000000448054BD4
:102C600010B5834203D0044B002B00D0984710BD11
:102C7000F8000020F8000020000000000648074986
:102C8000091A8B10C90FC91810B5491003D0044B8D
:102C9000002B00D0984710BDF8000020F80000205D
:102CA0000000000010B5074C2378002B09D1FFF776
:102CB000D5FF054B002B02D0044800E000BF0123E4
:102CC000237010BD600200200000000074BF0108E6
:102CD000054B10B5002B03D00449054800E000BFA8
:102CE000FFF7CCFF10BDC0460000000064020020CA
:102CF00074BF0108054B82B0DA6B0243DA63DB6B09
:102D000018400190019B02B07047C046001002407D
:102D1000054B82B01A6C02431A641B6C1840019078
:102D2000019B02B07047C04600100240802130B5C0
:102D300080240822454B49009962A40045B2002D29
:102D400000DA81E09C62C046C046C046C046C0462C
:102D5000C046C046C046C046C046C046C046C04643
:102D6000C046C046C046C046C046C046C046C04633
:102D7000C046C046C046C046C046C046C046C04623
:102D8000C046C046C046C046C046C046C046C04613
:102D9000C046C046C0469961C046C046C046C0460F
:102DA000C046C046C046C046C046C046C046C046F3
:102DB000C046C046C046C046C046C046C046C046E3
:102DC000C046C046C046C046C046C046C046C046D3
:102DD000C046C046C046C046C046C046C046C046C3
:102DE000C046C046C046C0464000C0B29962C04618
:102DF000C046C046C046C046C046C046C046C046A3
:102E0000C046C046C046C046C046C046C046C04692
:102E1000C046C046C046C046C046C046C046C04682
:102E2000C046C046C046C046C046C046C046C04672
:102E3000C046C046C046C046C046C046C046013A2D
:102E4000002A00D07AE730BD9C617CE70004005086
:102E5000054B82B05A6B02435A635B6B184001907A
:102E6000019B02B07047C046001002400222064B90
:102E700099681142FCD00122187399681142FCD064
:102E8000D868C0B27047C0460038004010B5040092
:102E9000000CC0B2FFF7EAFF200AC0B2FFF7E6FF5E
:102EA000E0B2FFF7E3FF10BD0B4B5A7E002A02D0C1
:102EB0009B7E002B0ED10322084B01211A700022A9
:102EC000074B1A70074B1970074B1B788B4201D0C8
:102ED000064B1A707047C0468C1F00204D0800201A
:102EE0005F1F00204C080020431F00205F000020CF
:102EF000084B1A68293213780133DBB2072B00D94B
:102F0000012313700122044B1A80044A044B1278E7
:102F10001A707047601F00204A080020431F0020DD
:102F20005F0000200122064B1A80064B1A683432DB
:102F300013780133DBB2032B00D1002313707047E9
:102F40004A080020601F0020012305498A7F5A405B
:102F50008A77044A1370044A1370044A1370704746
:102F60008C1F00202B0800202E080020711F00203D
:102F70000A4810B502780A4B002A0CD00633D97FD4
:102F80004C426141D97701235A400270054A1370BF
:102F9000054A137010BD0533F1E7C0462A0800202A
:102FA0008C1F00202E080020711F00200E490F4AA0
:102FB0000B7870B5501D0E4D0E4C002B0CD02D789B
:102FC000C57720780632D077012253400B700A4B28
:102FD0001A700A4B1A7070BDC67F2E70951DED7F5A
:102FE000C37725701800EDE7290800208C1F00200A
:102FF00028080020270800202E080020711F00202C
:10300000012304490A785A400A70034A1370034A9C
:1030100013707047EF1E00202E080020711F002043
:103020000123044A11784B4013700222024B1A709C
:103030007047C046200800201F0800200123044AD2
:1030400011784B4013700222024B1A707047C04631
:103050001E0800201F080020044B05481A88504312
:10306000044A801880B21880000A7047340000209B
:103070000508000019360000F0B5130007270322E9
:103080003B405A431B4B85B0D31801930123039156
:103090009C46002102900020019B5B5C0093009BFA
:1030A0006246C340134213D0039B1C18A3B23F2BAC
:1030B0000ED86546029B5A18E3B23C40A540D2B2F6
:1030C000ECB2072B0CD80C4BD5189B5C1C432C7016
:1030D00001300528E3D101310329DCD105B0F0BD71
:1030E000DB08013BDB01054E9D18AD19F618B35CFA
:1030F000ECE7C04668CE010855080020E11A002020
:10310000054B1A78002A06D000221A70034B0132B0
:103110001A70034B1A707047DC0700206C1F0020E8
:10312000711F002030B50E4B1B689A8B0D4B186831
:103130000D4B19680D4B1C6C844207D15C6C8C42A2
:1031400004D11C0048342488944207D01C00002578
:103150004A3418645964483325801A8030BDC0460B
:103160006C1E002040080020C8040020CC04002071
:103170000E4B10B51B68191E13D00D4A1268918BA7
:1031800000290ED083420ED80A4A126882420AD31E
:10319000C01AFFF7CFFB084B0021984201D801303D
:1031A00081B2080010BD0021FBE7C04640080020A6
:1031B0006C1E0020C8040020FEFF000010B5094C62
:1031C0002278531CDBB2172B00D90023064952008A
:1031D0005052064A23701378172B01D8013313700D
:1031E00010BDC046950400209604002094040020E1
:1031F0000122054B52421A800023044A1360044AFC
:103200001370044A137070470400002090040020DB
:103210008D0400208C04002070B51E4A0300126843
:103220000232D47F221C082C00D208221A491B48E3
:103230000D88083A92B2854206D100200B80844264
:1032400001D0A342404170BD15482E1C854201D9D2
:103250001448068814481036B6B21C1C834201D9A3
:10326000124804880834A4B29E4202D80120934236
:10327000E9D2A64202D801209442E4D29D4202D96A
:1032800000200B80DFE707226A430432D318DB08F3
:10329000F6E7C0466C1E002004000020FFFF00007F
:1032A000EFFF0000B8C00108F7FF0000BAC0010836
:1032B000002806D0044A13780133DBB2032B01D86F
:1032C000137070470023FBE789040020F8B5104C09
:1032D0002368002B02D000232360F8BD0D4B0E4F56
:1032E0001B681B691D680D4B2560597B4A42514183
:1032F00048224A439B1888331E683E60FFF778FFD8
:10330000B54201D926603D60FFF70CFFE5E7C046F6
:1033100040080020601F0020C80400208C1F0020EF
:10332000074B1B78012B0AD0064B1B78012B06D0CC
:10333000012205494B7E53404B76044B1A7070476F
:10334000431F00206A1F00208C1F00202B08002034
:103350000021012210B5124B1960124B587B4240DC
:1033600011485A7304788C4202D001700F480170E2
:10337000991DC87F002801D0501CC8770533D97F1C
:10338000002901D00132DA770123094A1370094A72
:103390001370094A13700022084B1A7010BDC04602
:1033A000400800208C1F00205F1F00205C1F0020B1
:1033B0002B0800202E0800205A0000205F0000206B
:1033C000092802D83030C0B2704703000A3BFF2002
:1033D000052BF9D8014AD05CF6E7C04611CC0108AC
:1033E00010B50E4A0E48137B59424B410021DBB207
:1033F00013738B4200D04831883152180260094A59
:103400001378002B03D101331370074A1370002087
:103410000EF0BAFC0A22054B1A8010BD8C1F00204A
:103420006C1E00203F080020711F0020D8070020DC
:10343000194B10B51B78002B11D0FFF761FE174A0E
:10344000174B12781B7852B2002A1BD1154AD27F33
:10345000002A05D1032B02D003200EF037FB10BD4C
:10346000114A1278002AF5D16420104908801049C9
:103470000A7010490A7001210F4A117001210A4A8D
:103480001170E7E7084A11780029E3D114200B4AAC
:1034900010800B4AF1E7C046DA070020241F002005
:1034A0006A1F0020911F0020EA1E0020D80700207C
:1034B0005A0000203F080020711F0020460800200D
:1034C0005B000020034B10B51B78002B01D1FFF7E8
:1034D000AFFF10BDE51E0020302210B500210448CA
:1034E00017F0C6FB0022034B1A70034B1A7010BD75
:1034F00096040020950400209404002010B5084B89
:103500001B78012B01D9042B05D1062008F014FBF0
:10351000062008F011FB0022024B1A7010BDC046B5
:10352000CC1F002040000020A023402210B5DB0566
:103530009A6215F047FF10BD10B5032804D0072884
:1035400009D0074B185C03E0064B1878A6231843F4
:10355000FFF7EAFF10BD044B18781530C0B2F7E74B
:10356000E4CE0108540800203600002070B50C4B52
:103570001B6834331C78012C0AD10321094D2878AB
:103580000130FFF747FB2970200009F067F970BD93
:10359000002CF9D1044D052128780130F1E7C0460F
:1035A0006C1E0020260800202508002070B508F0B9
:1035B000CFFC114B041E00D1104B19680D002D35A6
:1035C0002A78343153425341D8B228700B78012BFA
:1035D00007D153425A4103205242104015F032FFA6
:1035E00070BD002CFAD000208242F7D1044B18782D
:1035F0000130C0B2F2E7C0466C1E0020601F002000
:103600002408002070B5868B0068714308183100CB
:103610001C00150008F098FBA04206D8A84203D26F
:103620003100A01B08F090FB70BD2800FCE70000F3
:10363000F0B5212585B0FFF775FD164B1E68164BBA
:103640001B785BB20193154B1B680293144B1B68EC
:103650000393144B1F783000039B029A0199FFF7E4
:10366000D1FF013DEDB204003060002D07D0FFF71F
:103670007FFD002803D000230B4ABB4202D120006B
:1036800005B0F0BD0232911E09888142E3D00133BA
:10369000DBB2F2E76C1E0020241F0020400800204F
:1036A000C804002016050020CC04002010B50FF03F
:1036B000B3F80122044B1A70044B1B78002B01D085
:1036C000034B1A7010BDC046BE07002048080020FA
:1036D0002E08002070B50B4D00202B78002B0DD14B
:1036E000094B1C78002C06D00A226243074B1A7043
:1036F00000232B7070BDFFF7D9FF20000EF0E6F914
:10370000F6E7C046BE070020D21F0020BD070020FC
:103710000F4B70B51B78002B17D00E4D2B78002B5C
:1037200015D0002913D001230B4C0A000100812081
:10373000237015F06BFA094B2278002A07D0013B61
:10374000002BF9D123702B7001E012F0C3FB70BD88
:10375000BC070020BB070020BA070020A08601009C
:10376000264B70B51A688023D28BDB009A422ED28A
:1037700000230A2518002249224E0A78DCB294421E
:1037800009D300280DD1042A21D1002301220B7076
:103790001D4B1A7007E06843F45C0133001980B2D6
:1037A000ECE7042AF1D000220138184D84B2110050
:1037B00020006E7B08F0A4FD002809D1124B1B7875
:1037C000012B02D80222124B1A700AF0FBF870BDCE
:1037D000002302210E4A1370321D520054530D4A29
:1037E000760011700C4A745313700C4A1370687B86
:1037F00009F0E8FE0AF0E6F8E7E7C046601F00209F
:103800005F1F0020D0030020641F00208C1F0020B9
:103810005D1F00201F0800201E0800202008002037
:10382000F8B5264B264C1A78002A03D0A11DCA777A
:1038300000221A700022234B1A70FFF74DFE224B14
:103840001F68224B3E001B78002B01D0204B1E68C6
:103850008022204BD2001B8893421CD2207BB2B224
:10386000031D5B00E25202214300E25209F0AAFE6E
:10387000B74204D00AF0A6F80122174B1A700023B1
:10388000383423700AF026FB01200EF07DFA012265
:10389000124B1A70F8BD124B1D6828002E6008F0FC
:1038A000B1FE280008F09AFDB742E8D001232A00B3
:1038B000217BE88B0AF0A0FAE1E7C04688040020EB
:1038C0008C1F0020241F002084040020BF0700203C
:1038D000C407002044080020711F00206C1F002036
:1038E0006C1E002010B5174B174CDB7F002B19D036
:1038F000164A1378002B03D000231370144A137058
:10390000144A637B11688022C98BD20091420AD28B
:103910005B00E2189288E25201220F4B1A700F4BA3
:1039200092181A7010BD04335B00E05A0023012185
:103930001A0008F01FFD0A4B9842F3D0637B5B002E
:10394000E052E9E7901F00208C1F00205F1F00203D
:103950005C1F0020601F0020B00700201F0800200F
:10396000FFFF00007047FEE770477047014B024AB7
:103970009A60704700ED00E0002800080E4B1A78AE
:1039800082420DD018700D4B0D4A1B5C0D491380FF
:103990000D4A12889B1A9AB21BB2002B01D10B70F0
:1039A00070471811002B03DD53421B115B4218B204
:1039B000064B18800123F2E7E518002003CF010829
:1039C000DC180020E2180020E0180020DE1800209B
:1039D000922210B5054B5200985CFFF7CFFF0022F2
:1039E000034B1A80034B1A7010BDC0468C1F002079
:1039F000401F0020E3180020F8B5802380267E4F6A
:103A00007E4C9B007600BB610500A662C046C046A6
:103A1000C046C046C046C046C046C046C046C04676
:103A2000C046C046C046C046C046C046C046C04666
:103A3000C046C046C046C046C046C046C046C04656
:103A4000C046C046C046C046C046C046C046C04646
:103A5000C046C046C046C046C046C0468020BB6285
:103A60002843FFF763F92368654A13402360C04683
:103A7000C046C046C046C046C046C046C046C04616
:103A8000C046C046C046C046C046C046C046C04606
:103A9000C046C046C046C046C046C046C046C046F6
:103AA000C046C046C046C046C046C046C046C046E6
:103AB000C046C046C046C046C046C046C0461023A9
:103AC0000020400080B2844601212069A661400A9E
:103AD000084061460843C046C046C046C046C0468E
:103AE000C046C046C046C046C046C046C046C046A6
:103AF000C046C046C046C046C046C046C046C04696
:103B0000C046C046C046C046C046C046C046C04685
:103B1000C046C046C046C046C046C046C046C04675
:103B2000C046C046C046A662C046C046C046C04663
:103B3000C046C046C046C046C046C046C046C04655
:103B4000C046C046C046C046C046C046C046C04645
:103B5000C046C046C046C046C046C046C046C04635
:103B6000C046C046C046C046C046C046C046C04625
:103B7000C046C046C046C046013B002B00D0A0E76F
:103B800023681A408023DB021343236080239B00B9
:103B9000BB61C046C046C046C046C046C046C046DF
:103BA000C046C046C046C046C046C046C046C046E5
:103BB000C046C046C046C046C046C046C046C046D5
:103BC000C046C046C046C046C046C046C046C046C5
:103BD000C046C046C046C046C046C046C046C046B5
:103BE000C046A661A361074B302D02D0472D01D1FD
:103BF000054B1880F8BDC04600140050000400506A
:103C0000FFFFF3FF3E0000203C00002070B50600DF
:103C100069200D00FFF7F0FE040003040BD46A20B6
:103C2000FFF7EAFE0C4B24030005000D1C40044383
:103C30000220346070BD6820FFF7DEFE0300002024
:103C40001A04F7D40548DB04DB0C58430449FEF79B
:103C5000FBFE28800120EDE700F0FF00EB120000E2
:103C600010270000F7B5694B694A00931B78019251
:103C7000002B26D113785BB2002B0AD0654B664A25
:103C80001B889B18062B04D8644B1B78002B18D07C
:103C9000F7BD634B1D786B1E022B27D86149624B21
:103CA0000A78002A03D0614A1278002A06D01A78CE
:103CB000002A1BD05E4A1278002A17D100220A700F
:103CC0001A7001200EF060F801225A4B1A70019B05
:103CD0001B785BB2002BDBD0574B1A78502AD7D811
:103CE000002A00D089E0FFF79BFDD1E74B4B012470
:103CF0001B78524F002B0AD03B78DAB2002B05D14B
:103D0000A5421AD00ED9AB1EA34229D900243B7874
:103D10004B4E002B69D1002C67D13378002B41D159
:103D20003470B5E7474BDB7D002BEFD0464B19785D
:103D30000029EBD002241A70E9E7444B1978394B7B
:103D4000002906D01A70404B1A78002ADED00022D3
:103D5000F0E71A78002AF6D11D706432334BF1E790
:103D60003B4B1978304B002914D03A490978012986
:103D700010D11A70344E3378002BC7D00C20FFF7C7
:103D80003BFE0405A40F013C63425C410023640038
:103D90003370BCE71A78002AECD101321A70244B38
:103DA0006332E6E72C4BDB7F002BB9D0023D012DBF
:103DB000B6D80C20FFF720FE0005800F0128AFD1F8
:103DC000254BDB7F002B00D162E7A0238022DB059F
:103DD00052009A62214BEC3A1A800023009A137029
:103DE00001223A701E4A137052E700233370012CEF
:103DF00000D166E7022CE3D04AE719235343194A5E
:103E000013800022184B1A7042E7C046D1070020E9
:103E1000241F00204408002000FCFFFFDA070020D8
:103E2000D7070020D5070020D2070020D0070020A8
:103E3000CF0700206C1F0020B41F0020CE070020F9
:103E4000CC0700208C1F0020CD070020D6070020C3
:103E5000D4070020D30700208F1F0020CA070020AE
:103E6000741E0020460800205B000020F0B5CBB097
:103E70001A22002104A816F0FBFE00245F20FFF7A1
:103E8000BBFD6A461021630052180134D0520D2C3C
:103E9000F4D10BAD1A220021280016F0E9FE2A0009
:103EA0000023102069460918C95A0233080A107005
:103EB000517002321A2BF4D10E220021684616F0FE
:103EC000D7FE2EAC7022002112A816F0D1FE70226F
:103ED0000021200016F0CCFE0023EA5C552A18D001
:103EE00000242600250027003B4A3C4B11680A228B
:103EF0004A435A6001221D809C70DE701F725A7204
:103F0000002F5ED1FA210020C90008F075F84BB0EF
:103F1000F0BD0133072BE0D1EA79072AE0D12A7AF4
:103F2000092ADDD16A7A2A2ADAD1AA7A442AD7D193
:103F3000EA7A6F2AD4D100211A0001200EAD1600B2
:103F4000CB08EB5C8E43334148276E460340F6199D
:103F5000735401317029F2D100220F206939130006
:103F6000942603404B4376009B1915096B445B195B
:103F70006D46E03EAD19AD5C703B01321D70702A9C
:103F8000EDD10022012507200600A35C96432B40BB
:103F9000B3406E46D108765C013233436E467354AB
:103FA000702AF1D16B4668465D889F8814F0C8FB83
:103FB0003F1A7B425F416DBA3478ADB27678FFB27A
:103FC00092E7072C9ED8064BA400E358002B99D00B
:103FD0003100280098479AE7081F00202800002099
:103FE00048CE0108F8B50C00374B302802D04728DE
:103FF00005D1364B1A88A24200D142E11C808023B1
:104000008026334F334D9B007600BB61AE62C046C5
:10401000C046C046C046C046C046C046C046C04670
:10402000C046C046C046C046C046C046C046C04660
:10403000C046C046C046C046C046C046C046C04650
:10404000C046C046C046C046C046C046C046C04640
:10405000C046C046C046C046C046C046C046BB6219
:10406000FEF764FEC046C046C046C046C046C046D5
:10407000C046C046C046C046C046C046C046C04610
:10408000C046C046C046C046C046C046C046C04600
:10409000C046C046C046C046C046C046C046C046F0
:1040A000C046C046C046C046C046C046C046C046E0
:1040B000C046C0461023AE6222B2002A00DAE1E018
:1040C00080229200AA6207E03E0000203C0000200F
:1040D0000014005000040050C046C046C046C04610
:1040E000C046C046C046C046C046C046C046C046A0
:1040F000C046C046C046C046C046C046C046C04690
:10410000C046C046C046C046C046C046C046C0467F
:10411000C046C046C046C046C046C046C046C0466F
:10412000C046C046C046C0466400AE61A4B2C046A8
:10413000C046C046C046C046C046C046C046C0464F
:10414000C046C046C046C046C046C046C046C0463F
:10415000C046C046C046C046C046C046C046C0462F
:10416000C046C046C046C046C046C046C046C0461F
:10417000C046C046C046C046C046C046C046AE6205
:10418000C046C046C046C046C046C046C046C046FF
:10419000C046C046C046C046C046C046C046C046EF
:1041A000C046C046C046C046C046C046C046C046DF
:1041B000C046C046C046C046C046C046C046C046CF
:1041C000C046C046C046C046C046C046C046C046BF
:1041D000013B002B00D06FE7C046C046C046C0463A
:1041E000C046C046C046C046C046C046C046C0469F
:1041F000C046C046C046C046C046C046C046C0468F
:10420000C046C046C046C046C046C046C046C0467E
:10421000C046C046C046C046C046C046C046C0466E
:10422000C046C046C046C04680239B00BB61C04616
:10423000C046C046C046C046C046C046C046C0464E
:10424000C046C046C046C046C046C046C046C0463E
:10425000C046C046C046C046C046C046C046C0462E
:10426000C046C046C046C046C046C046C046C0461E
:10427000C046C046C046C046C046C046C046AE6105
:10428000AB61F8BD80229200AA6125E770B590B0BD
:10429000040040226846184916F019FE392C08D847
:1042A0002F2C25D8232C25D00EAD2A2C09D010B0C8
:1042B00070BD2300413B373C032BF8D8A4006C446D
:1042C000250028880D4C0E4E60430E498019FEF7DC
:1042D00031FB81B27120FFF785FE6B8809495C4391
:1042E000A019FEF727FB81B27220FFF77BFEDEE705
:1042F000303CE3E70FADE4E78CBF01084C930100CD
:10430000881300001027000010B5094C23880029ED
:1043100008D04022C240134399B233202180FFF7D6
:1043200061FE10BD4121494201411940F5E7C046F7
:10433000C41A002010B5040051200A49FFF752FEAC
:1043400007200949FFF74EFE21050820090DFFF758
:1043500049FE802321021B02090D08201943FFF7A3
:1043600041FE10BD33A00000D70A00000C4B10B571
:10437000C1184B1E9941040049420A4B890A89021F
:10438000C9185120FFF72EFE0748084B6043084923
:10439000C018FEF7CFFA81B20720FFF723FE10BD49
:1043A000BFF5FFFF409400009826030050C30000B3
:1043B000A086010070B5040031200D00FFF71CFB42
:1043C000A02361051B02490D194306004620FFF793
:1043D00009FEC0216D056D0D490129437920FFF7C4
:1043E00001FE7A200449FFF7FDFD0421314331200D
:1043F00089B2FFF7F7FD70BD9A28000010B50400E0
:1044000081B23820FFF7EEFD3920210CFFF7EAFDDD
:1044100010BD000010B50349000201434720FFF71B
:10442000E1FD10BD4260000010B537200549FFF7DF
:10443000D9FD00213020FFF7D5FD30200249FFF7DC
:10444000D1FD10BD1F9F0000F1BF000010B531204D
:10445000FFF7D2FA0223984381B23120FFF7C2FD61
:1044600000212B20FFF7BEFD10BD000070B5050038
:104470003120FFF7C1FA0400002D06D108239C4328
:10448000A1B23120FFF7AEFD70BDAB1E5A1E9341A5
:10449000AD21DB03890119432920FFF7A3FD01208A
:1044A000A842804105494042800301432820FFF78C
:1044B00099FD0821214389B2E3E7C046382B00006B
:1044C00010B53120FFF798FA0423984381B23120C8
:1044D000FFF788FD10BD10B500212420FFF782FDF5
:1044E00010BD0000DB2110B52120C900FFF77AFDC7
:1044F00024200249FFF776FD10BDC0467FC10000B1
:1045000010B550200149FFF76DFD10BD18BB00002C
:1045100010B550200149FFF765FD10BD183B0000A4
:1045200010B500213020FFF75DFDE821372049015B
:10453000FFF758FD10BD000010B500217020FFF7F7
:1045400051FD0020FFF766FFFFF7E2FF002130205A
:10455000FFF748FD30200249FFF744FD10BDC0467B
:10456000F1BF000010B5C3217020FFF73BFD7220A2
:104570000A49FFF737FDC1215820FFF733FD5C20C2
:104580000749FFF72FFD8E215D20C901FFF72AFDA6
:104590005E200449FFF726FD10BDC04665300000CF
:1045A000655600000432000010B500213020FFF7EE
:1045B00019FD10BD054B10B51B78002B05D001214E
:1045C0000020FFF7A1FEFFF72FFF10BDE51E002022
:1045D00010B50400FFF794FF0020FFF71BFF002138
:1045E0007020FFF7FFFCFFF776FF30200349FFF74D
:1045F000F9FC002C01D1FFF78BFF10BDFEC10000BC
:1046000010B530200149FFF7EDFC10BDFAC30000E2
:1046100010B50400FFF766FFFFF772FF0020844229
:1046200000D00330FFF7F6FE70200349FFF7DAFCF5
:10463000FFF7E6FF10BDC046C3C3000010B56720FA
:10464000FFF7DAF9C005C00D10BD000010B5064B2C
:10465000064A1B7811781B011943B0231B0248201E
:104660001943FFF7BFFC10BD0E20002010200020D2
:1046700010B501240E4B05201A7854401C7061427D
:1046800061410F2349421940A1231B01C91811F0B0
:1046900032FD0022074B944202D11A008332127875
:1046A00082331A70FFF7D2FF0122034B1A7010BD3C
:1046B000210800208C1F0020711F002010B5FFF77B
:1046C0009DFEC02151208900FFF78CFCFFF7ACFE56
:1046D00010BD10B500210420FFF716FE00210320B5
:1046E000FFF712FE10BD00000B4B10B5984208D822
:1046F00001210420FFF708FE00210320FFF704FE3C
:1047000003E0013002D1FFF7E4FF10BD00210420D7
:10471000FFF7FAFD0121F0E7FF3EAB0170B51D4B3D
:104720001B78013B012B27D900241B4B1B4A1C7013
:1047300013781B4DA34220D01A4B14701C701A4BD7
:1047400080221C80A02301265200DB059A62174BB1
:104750001C7011F0E9FC164B1B681868FFF7C4FFCA
:10476000144B1E70144B1C7009F0B4FB5022134BF9
:104770002C701E70124B1A8070BD124A137007F015
:104780004FFF01200DF000FB11F0BAFF03232B7047
:10479000F2E7C0466A1F00205F1F00205E1F002056
:1047A0005F000020231F00202C080020741E002022
:1047B0006C1E0020711F0020C41F00202E08002046
:1047C000E21E00204808002070B50F4D04002A6842
:1047D000002A08D0002318000C49A14258419142F8
:1047E0005B41984202D02000FFF77EFF20002C6042
:1047F000FFF704FE00213020FFF7F4FB044B3020CC
:104800001988FFF7EFFB70BD90040020FF3EAB015D
:104810008A040020A023F7B5160008220500DB0556
:104820009A6203200C00FEF721FB2800FEF72EFB06
:10483000C0232E4DDB00AA681100194001911A42D5
:104840000AD10F2E0AD8A619B44249D0FF20FEF78C
:104850000DFB20700134F7E7EA68ECE740222B6893
:10486000042093432B6014F0B5F9052014F0B2F93D
:10487000802284211E4B52015A601E4F04204901A0
:1048800014F08AF905201C4914F086F9FC601B4CD1
:1048900031000420BC6014F08FF9194A194B310023
:1048A000D36094600224052014F086F9019B164E13
:1048B000042033703B6823433B6014F099F90520D2
:1048C00014F096F901236A68134340226B602B6849
:1048D00013432B606B681C436C603378002BFCD057
:1048E000A0230822DB059A61F7BDC04600380040CE
:1048F0000000024044000240101000000C3800404C
:1049000058000240D8180020D61800200120024B81
:104910001B699B0A984370470004005000B50300D0
:104920000078002208280ED8FDF7E6FF050F151DB8
:104930003522272F2F000122552904D0AA2901D082
:10494000002000BD05221A70FAE7AA394A425141F7
:1049500049001970F4E703220029F4D005394A42CE
:1049600051418A00EFE7484241411A70C8B2E8E776
:1049700000225529E7D10632E5E7032901D10722B4
:10498000E1E70429DFD10822DDE7122903D8102945
:1049900001D00248017001201A70D2E737000020D0
:1049A0000022034B1A70034B01321A707047C04645
:1049B000D5080020711F0020F7B5A02640275039E8
:1049C0000430F605C5B20193C8B2B762140014F002
:1049D000F9FC10202B09184314F0F4FC0F20284098
:1049E00014F0F0FC019BB761E5182078013414F055
:1049F000E9FCAC42F9D1F7BDF8B50423124E04002E
:104A0000B3624020FEF790FD104A002C07D0104BF7
:104A100001251F00072C0AD8621ED201D21880235C
:104A200021000020FFF7C8FF0423B361F8BD29006F
:104A300001353A0080230020EDB2FFF7BDFF80373B
:104A4000082DF4D1F0E7C0460004005055080020BE
:104A5000E11A002010B50820FFF7CEFF10BD10B5F9
:104A60000130C0B2FFF7C8FF012012F0D9FE10BD1F
:104A700010B50020FFF7C0FF10BD0000F7B5041E01
:104A8000294E2A4F2BD00024FEF7E6FA7021FDF7BD
:104A9000D7FFA5192970FEF7DFFA0321FDF7D0FF34
:104AA0003D19013101342970202CEDD109F02AFD86
:104AB000002509F063FC0024EFB2BB00DBB20193D8
:104AC000725DE100611A5118D219121909B2D2B2FD
:104AD000002C16D10198FEF7CFFA0134F0E735002B
:104AE0002B783A5D9B18DBB22B70702B04D9FEF744
:104AF000B3FA0F231840287001340135202CEFD170
:104B0000D4E7032C02D901231A4202D00198FEF700
:104B1000B3FA0134082CD3D10135202DCBD1FFF7C6
:104B2000A7FFFFF797FFF7BDFE070020DE07002075
:104B300070B5254B1C78002C3ED0244BDB7F013B0D
:104B40003B2B39D8224D2B78002B35D1214B1B78AC
:104B5000002B31D1204B1B78012B2DD007F0F8F919
:104B6000002829D11D4B1B78002B25D11C4B1B780D
:104B7000002B03D01B4B1B78002B1DD01A4B1B782E
:104B8000002B19D1194B1B78002B01D0032B13D10B
:104B9000631E012B11D810F025FFFFF769FFFFF707
:104BA00059FF012300202B70114B1870114B187006
:104BB000114B187012F034FE70BD032CF1D101209E
:104BC000FFF75CFFEDE7C046DD070020941F0020E3
:104BD000DC0700203A1F00206A1F0020201F002051
:104BE000231F0020D71E0020371F0020431F002056
:104BF000DB0700206C1F0020711F0020042370B50C
:104C0000074DE220AB62FEF78FFC00242000013448
:104C1000E4B2FEF791FC082CF8D10423AB6170BD1F
:104C200000040050042370B50024064DAB62200040
:104C30000134E4B2FEF780FC0B2CF8D10423AB6105
:104C400070BDC046000400500B4B70B51B680B4C88
:104C5000584300236568A268834200D370BDA168F1
:104C60008A4203D99B185B1A0A00F5E78A42FBD2F5
:104C70006E1AF318D318F7E7E818002010E000E0E8
:104C8000324870B50378002B20D0314B314A0021D7
:104C9000595E13885B181BB21380002917DD2E495B
:104CA0000024095F994219DD1478002C1CD12B4A8D
:104CB000013413680720A343136013F08BFF200017
:104CC000FFF7C2FF8022264B52009A6270BD002976
:104CD000EAD021490024095F9942E5DB1E4B1B887D
:104CE000138000230370DFE76401FF212000FDF73C
:104CF00021FEFF2300225B019C421AD01100194EB5
:104D0000194D0B0082424B415B423340013394000A
:104D1000FF3301322B51202AF3D101240F4D2B6890
:104D20002342D3D1072013F063FF2B681C432C6070
:104D3000CCE70121094A072013688B43136013F065
:104D400049FF8022064B52009A61BFE7E21800201B
:104D5000DE180020E0180020DC18002000140040BD
:104D60000014005000FFFF00EC180020782170B5FF
:104D70001B4A1C4B12781C4C4A431A801B4A1C4B82
:104D800012781A701B4B1D781B4BDB7F002B06D152
:104D9000FEF71EFE002D01D0FEF7B0FB70BD012214
:104DA000164B1A702623FF33E05CFEF7E7FD002D5B
:104DB00005D0134B1B78002B0CD1FEF79FFB08345A
:104DC000E17F00230F4A3D2902D00A234B430133E0
:104DD0001380E3E7FFF754FF0B48FFF735FFE8E7E1
:104DE0005E0000203C1F00208C1F0020E5180020E2
:104DF000E418002040000020941F0020E318002049
:104E0000E2180020401F002010270000064910B5BE
:104E10000B78002B03D0054A054B1278DA77002374
:104E20000B70FFF7A3FF10BD23080020220800200D
:104E3000941F002080220A4B520243439B1810B556
:104E400071200C00590CFFF7CDF8FFF761FBFA2039
:104E500080006043FFF7F8FEFFF752FB10BDC0462D
:104E60001DA61400F8B51C0005000E001700FFF782
:104E700047FB201E05D0A02380220320DB05520023
:104E80009A61FFF7C7FA12493F02394389B270208D
:104E9000FFF7A8F8FFF7B4FB0E48FFF7D5FE310087
:104EA0002800FFF7C7FF002C07D0A0238022DB05D6
:104EB000520000209A62FFF7ADFA00217020FFF740
:104EC00091F830200449FFF78DF8FFF721FBF8BD7A
:104ED0000080FFFF50C30000FEC1000010B500219C
:104EE0003F20FFF77FF868215920FFF77BF8034840
:104EF000FFF7AAFEFFF758FB10BDC0463075000053
:104F000010B5FFF7EBFF00210220FFF76BF800213F
:104F10003F20FFF767F8FFF787FAC0213F2089019C
:104F2000FFF760F859200449FFF75CF8592003495E
:104F3000FFF758F810BDC046684000006830000018
:104F400070B50D000400FFF7DBFAC22170200902E2
:104F5000FFF748F880230B495B026943C9187120A9
:104F6000490CFFF73FF80020844200D00330FFF7E0
:104F700051FAFFF745FB0448FFF766FEFFF7C8FA52
:104F800070BDC0461DA6140050C30000F0B5FA263F
:104F90000500002485B003930AAB1F880BAB1B8868
:104FA000B6007343019102920093285D002801D15D
:104FB00005B0F0BDFFF76AF9FFF7AAFA019B002BD5
:104FC00002D00298002C06D02B5D03982A2B02D029
:104FD000232B00D038007043FFF736FEFFF790FA1E
:104FE0000098FFF731FE0134DFE7000070B5A0251F
:104FF0000826094CED050520AE62FDF737FFFF20BE
:10500000FDF734FFAE61C00705D50A20013CFFF76C
:105010001BFE002CEFD170BD40420F0070B5A024E4
:1050200008250600E405A5620620FDF71FFFA5611F
:10503000FFF7DCFFA5622020FDF718FF3000FDF729
:1050400025FFA561FFF7D2FF70BD000010B5040079
:10505000FFF7E4FF054B1B68A34205D18022FF2127
:105060000348520115F004FE10BDC0463800002070
:10507000D6080020F0B587B06B46049003921A7CE6
:105080008023A0255B0002919B1AED05039A0192F3
:105090009A4200D9019308231C00AB620620FDF759
:1050A000E5FEAC610220AC62FDF7E0FE0498FDF77E
:1050B000EDFE029C019AA6180F2A5BD94022314CC2
:1050C00004202368304E9343236013F083FD0520B2
:1050D00013F080FD80222D4B52015A6000210420E4
:1050E00013F05AFD9021052013F056FD284F294B4F
:1050F0000420F3600199B76013F05EFD264B02991E
:105100000520D9609F60019913F056FD234B0227BB
:1051100005930023059904200B7033683B433360EB
:1051200013F066FD052013F063FD0123626813434D
:105130004022636023681343236063681F436760F2
:10514000059B1B78002BFBD00823AB61FFF74EFFBC
:10515000019A049B944663440493029B6344029324
:10516000039B9B1A03938023039A5B00002A8DD133
:1051700007B0F0BD20780134FDF778FEB442F9D1D4
:10518000E2E7C04600380040440002400000024010
:105190000C380040D818002058000240D6180020D3
:1051A000F0B587B0059380230705040B3F0D5B0125
:1051B0000190029103922403DE1B039B002B03D179
:1051C000FFF714FF07B0F0BDFFF710FF039DB542D6
:1051D00000D935002B4E3368A34206D08022200030
:1051E00029495201FFF716FB3460274E2A00BE19E9
:1051F0003100029815F0E8FE002826D00023F25C6A
:10520000FF2A31D101339D42F9D100232A00300019
:105210000299049315F05BFE049B002B2DD0200017
:10522000FFF7FCFEFFF7E2FE059B174E002B1DD09B
:10523000EF193A0031002000FFF71CFF80225201D5
:10524000FF21D21BF01915F013FD019B00275B19FC
:105250000193029B5B190293039B5B1B03938023C7
:105260005B011E00E418A8E70123CFE7802231008C
:1052700020005201FFF7FEFEE7E72A00029901989D
:10528000F8E7C04638000020D608002080201C49DE
:1052900080010B6810B5034230D00224194B1A6804
:1052A00022422BD01A68A2431A6048600A20FFF7F6
:1052B000CBFCC021144A154B49019868084202D022
:1052C000013A002AF9D180210F4A9868084202D099
:1052D000013A002AF9D1C0210B4AC9009868084256
:1052E00002D0013A002AF9D102215A688A435A6051
:1052F0005A6801398A435A60054B197010BDC0467F
:105300000000024044000240112700000038004025
:10531000D618002070B540262025094C0120A66132
:10532000FFF792FCA5610120FFF78EFCA662012029
:10533000FFF78AFCA5620120FFF786FC70BDC0461E
:105340000014005070B540252026094C0120A562AC
:10535000FFF77AFCA6620120FFF776FCA661012028
:10536000FFF772FCA5610120FFF76EFC70BDC0461F
:1053700000140050F7B5234C234A236801901340D2
:105380002360082300252027012600933000A76210
:10539000FFF75AFC3000A761FFF756FC3000FFF71B
:1053A00053FC23696D00EDB25B0600D53543300038
:1053B000A762FFF749FC009B013BDBB20093002B87
:1053C000E4D12268104B01201A4080235B01134373
:1053D0002360A762FFF738FC019A4023002A0ED011
:1053E000A36120260120FFF72FFCA6610120FFF713
:1053F0002BFCA6620120FFF727FC2800FEBDA3625C
:10540000EFE7C04600140050FFCFFFFFF8B52023A0
:10541000264C0500A3620120FFF716FC08266BB29C
:10542000002B3EDB4023A36220270120FFF70CFC6A
:10543000013E0120A761FFF707FC6D000120A76274
:10544000F6B2FFF701FCEDB2002EE8D1402523684B
:10545000174E012033402360A561FFF7F5FBA761DC
:105460000120FFF7F1FBDF3723691A002A402B42A6
:105470001AD0013F0120FFB2FFF7E6FB002FF3D166
:1054800001256D422023A3620120FFF7DDFB80236D
:1054900022685B0132401343236040232800A3614C
:1054A000F8BD4023A361BFE71500EBE700140050EF
:1054B000FFCFFFFFF8B57823802680270025164C04
:1054C0003602A361FF010A20FFF7BEFB23691A0021
:1054D0003240334212D03B420FD09A0417D50322F8
:1054E000DB040BD50135052D13D078230722A361EA
:1054F000521B773B9340A362E5E70122074BA900CB
:105500005B18985C1328EDD07823A361F8BD0222C4
:10551000F4E71320F8E7C04600040050EFCE01087E
:1055200010B532246320FEF767FAC0B2C72806D947
:10553000013C0120E4B2FFF787FB002CF2D1FFF71A
:105540007DF8FFF77BF810BD70B5FFF7E9FF1A4A49
:105550000400031C904201D9184B1B88184A0833D9
:1055600012689BB20232D17F164A1588164A9542BC
:1055700004D1002901D0994212D970BD134E2A1CC2
:10558000B54201D9124A1288103292B29A42F4D826
:105590000A1C082900D20822083A92B29A42ECD892
:1055A000AF204000FFF750FBFFF7BAFF231C8442F7
:1055B00000D2031C98B2E0E7F7FF0000BAC0010870
:1055C0006C1E002004000020FFFF0000EFFF000021
:1055D000B8C00108604BF0B51C68604B85B01B6813
:1055E000002B00D1A8E05E4B1B78002B00D19DE082
:1055F000A31CDB7F002B00D198E03020FEF7FCF9E4
:105600000626584A584B10401880FEF711F82060C3
:10561000200006F0F7FF23691D68544B1B68002B20
:1056200006D0534A127852B2002A4ADD9D424CD32A
:105630002800FFF7C9F8FFF787FF0500FDF7BEFD5B
:105640002800FDF7E9FD002861D0A18B4B1EF82B47
:1056500028D8FA20236880000293FDF7F5F9502836
:1056600000DD50200026370083B2039323691B68B6
:105670000193FDF7DDFF2060200006F0C3FF2369E2
:1056800018683B4B1B785BB2002B21DD019B8342EA
:1056900023D9029B2000236006F0B4FF2369186819
:1056A000FFF792F80122334B1A70200006F0AAFF90
:1056B000200006F093FE01200CF066FB09222E4B21
:1056C0002EE0002AB4D09D42B2D9FDF791FDAFE79C
:1056D000002B02D0019B8342DBD3FFF775F8FFF765
:1056E0001FFF854209D20500002723680293013677
:1056F000039BB6B2B342B9D1CBE78542F7D9281A9A
:105700000728F4DD0137FFB2022FF0D9C1E7013ECF
:10571000F6B2002E00D078E70122164B1E70164B11
:105720001A800122154B1A7005B0F0BD114A137092
:10573000FDF77EFF2060B8E70E4A0D491370208EFA
:105740000F4AC000097813185B68825849B22000DC
:10575000FDF758FFEEE7C0466C1E00204008002011
:1057600003000020FFFDFFFF8A04002090040020BA
:10577000241F00208D040020460800206C1F0020FC
:1057800018CC0108F0B5D44BD44C1A7895B0531E00
:10579000182B3DD8230080212A331B78C90005939C
:1057A000A38D8B4231D01BB2E58D8D4236D02DB208
:1057B000CB49019109880291059900290ED0C94968
:1057C0000E780391002E2CD0012E00D140E103234E
:1057D000039A1370C44B019A1B8813800025C04B99
:1057E00001221E88C14B5D572300701929331B7895
:1057F000290080B206F0BEFDBD4B0700984200D0E4
:1058000038E1FDF7F5FC00271BE001235B42CBE705
:10581000012301215B421D000591C9E701256D426D
:10582000C6E7B14902980880002B00DA10E19FB268
:105830003100380006F064FD002800D108E1039B28
:105840001E70019B1F80237B1A1D5B00E752A94B32
:1058500052001D68A84BA7521B78EF83002B00D184
:1058600074E1AB1CDB7F002B00D12EE1102238014C
:1058700008A9FEF7CFFF089B0193013B033300D932
:1058800020E1152008AB1B22C018002115F0F0F90B
:10589000019B0C930E93099B0293029A974B9A4299
:1058A00001D9974B0293029B0F24109308AB9B7A6C
:1058B00008A91A001B0922400A750B770CA8097A5F
:1058C00006F07CFD08AB597A0EA806F077FD08AB10
:1058D000DB7A1C400394022C01D900220392039925
:1058E0000CAA11761E092F2B00D90026D67508ABFD
:1058F0009B7B0493172B01D904230493049B0CAACC
:10590000049993757F4B4900CB5A012107939382E9
:1059100008AB1B7BFF2B00D0BBE051760691039BAD
:10592000012B00D1C5E0022B00D1C7E008AB5B7BA7
:10593000FF2B06D01B075B0F042B00D900230CAAFA
:10594000937748226549704C0B7B20005343C9185C
:10595000883115F0BCFA0CAA11002300E78381C935
:1059600081C39C46180088C988C063460299039881
:10597000A1610799A1830499D977210034310E7070
:10598000611CC8772100507E293108702000917E6B
:105990002B3001702000D77E2D3007702000177F3C
:1059A000333007702000069F28300770907F220058
:1059B000002901D01A002300226101226361534BA8
:1059C00021001A702B002F003231087034331C78FC
:1059D0002D373A78A64201D1002A16D01E70002336
:1059E0003B70A64202D0300006F038FF0020012EA6
:1059F00003D13878002800D0032013F023FDA642FD
:105A000003D00122424B52421A803020FDF7F4FFAE
:105A1000404A414B104018800198FEF7D5FEFFF731
:105A200093FD0400FDF7CAFB2000FDF7F5FB3B4B9F
:105A3000002877D001221A70284B0221187B07F02A
:105A4000C1FD01200CF0A0F90122354B1A7086E04F
:105A5000230029331A78002D00DAB8E6AFB200210E
:105A6000380006F04DFC002800D1B0E601221D4BA5
:105A70001A70E6E6002D05DD864200D8E1E6FDF766
:105A8000B7FBDEE6002D00D1DBE6864200D3D8E688
:105A9000F5E718000840907658080840D076D806F8
:105AA000400F507658099B0908400B401077069329
:105AB00035E7019B029A9B180E9337E7019B029AE8
:105AC0009B1AF9E70022114B1A700022134B1A702F
:105AD000029BBB4243D0AFE7B51F00208C1F0020C4
:105AE000440800208904002080040020241F002096
:105AF000FFFF00006C1E002003000020FFE0F50502
:105B000040420F0000CE0108380400208C04002021
:105B100004000020FFFDFFFF8A0400208D04002008
:105B20006C1F00201870019B0F4A2B6012780F4BDE
:105B3000002A01D09B68AB6001220D4B1A800D4BEF
:105B40001A700598FDF7B4FB15B0F0BD029BBB427F
:105B500000D071E7084B1B78002B00D06CE70922BE
:105B6000034B1A80EDE7C046630400203804002090
:105B7000460800206C1F00208D040020F0B585B081
:105B8000041E039107D0324A324BD17F1970002393
:105B9000D377314A137006F043FD06F0D9F92F4B45
:105BA00001932F4B0293002812D0A02380220025BE
:105BB000DB0552009A622B4B1D702B4B1D70019B15
:105BC0001D70029B1D7006F0CFF928000BF07EFFC0
:105BD0000022264B1E68264BF78B1F80254B1A7020
:105BE000254B039A1A70FDF777FCFDF701FB802324
:105BF000224DDB009F4221D2214B187806F03AFB60
:105C0000002804D1013006F04DFB08F0D5FC002C33
:105C100003D0F38B1B4A2B601360FFF7B3FD1A4BC5
:105C20002A681A603222194B1A800023184A13700E
:105C3000019A1370029A137005B0F0BD002C03D0C6
:105C40003368104A2B601360FFF7C4FCE7E7C046D7
:105C5000921F002088040020BF070020EA1E0020B9
:105C6000EB1E0020741E0020480800206C1E00203F
:105C70004408002089040020241F0020C4070020BD
:105C8000B51F002084040020C00700204608002023
:105C90005B000020010010B50020FFF76FFF074BED
:105CA0001B680233DA7F1423002A00D0133B044A16
:105CB00013800022034B1A7010BDC0466C1E0020DA
:105CC000460800205B0000200A4B10B51A68002A25
:105CD00001D1094A1A601868084A4118914206D948
:105CE00014F09CFF0C2303600120404210BD19609A
:105CF000FCE7C04650080020A032002000400020F1
:105D000070B506000D001400FEF74AFE2A4B1B7802
:105D1000002B1DD129490B78002B19D00122284BCB
:105D20001A70122E13D1002C11D1002D0FD0254B3B
:105D30001A70254B254A1C701378002B01D10B706B
:105D400005E02D21013BDBB21370214AD15470BD17
:105D5000112E1DD0122E13D000230A2E1FD0AC42BC
:105D6000F5D101201B4A174912780870002A1DD06E
:105D7000182B1BD8184ADA40024217D00223DEE75C
:105D8000164B002C02D048331B78E8E74733FBE77B
:105D9000124B002C01D04A33F6E74933F4E79C421A
:105DA000DDD024220D4BFF329B5CD8E70C4A9B00D0
:105DB0009B589847CBE7C046431F0020221F002076
:105DC000ED1E00205D1F00205F0000203E08002027
:105DD0002F0800205E1F00202CDCF2018C1F002009
:105DE00080CE01080E4910B50A780E4B002A0AD160
:105DF0000833D87F0C4A10703D22DA7701230B70EC
:105E0000FEF7B4FF10BD2621084AFF31595C127815
:105E10000833914202D10022DA77F1E73D22FBE715
:105E2000230800208C1F002022080020E4180020F6
:105E3000BFF34F8F034B044ADA60BFF34F8FC04666
:105E4000FDE7C04600ED00E00400FA05F7B50600E6
:105E5000FDF756F9494B1C68002C0AD0484B1B78BB
:105E6000002B06D1B01E434258412100800012F0A1
:105E70007BF8E122434B444F52011A803B78002BC0
:105E800001D010F051F9A0238022DB0552009A6165
:105E90003E4BFF3A1A703E4B1B789B0701D5FEF72D
:105EA00065FF00223B4B3C4D9A563C4B0193002A28
:105EB0001CD16B1DDB7F002B42D13434FEF7C6FBB7
:105EC000207806F0CBFC30000BF000FE022E02D052
:105ED0003B78002B4DD0324B1B78012B02D0002099
:105EE0000FF032FD0123019A1370F7BD2835FDF73D
:105EF0007FF92B78502B1FD92A4A1178002909D114
:105F0000503B1900FA235B004B4327499BB20B809F
:105F1000012313700022254B1A70254A254B116866
:105F200019608021E38BC9008B4200D32368136082
:105F30000122214B1A70C0E700221B4B1A80E9E7AF
:105F40000635E97F4B424B413C205B42FF3003402A
:105F50001A48693303801A4B1A70002902D10122B2
:105F6000184B1A700022184B1A700123019A1370F3
:105F7000A3E70122154B1A70B4E7C0466C1E00203F
:105F8000D91A0020661F00205E1F0020741E00200A
:105F9000C8070020241F00208C1F0020711F002034
:105FA000431F0020EB1E0020460800205B0000205D
:105FB000C4070020C0070020BF070020D80700202A
:105FC0005A000020EC1E00203F0800206C1F00201B
:105FD00010B5174B1B78022B08D006F021FB0120CF
:105FE0000BF0D2FE0220FFF731FF10BD0022114B53
:105FF0001A70114B1B785BB2934208D0FA210F4BF9
:10600000490019800E4B1A700E4B01321A70012094
:106010000BF0BAFE0C4B0D4C1B78002B04D010F08B
:106020006FFB03232370E0E7094B1B78FAE7C046B8
:106030006A1F002048080020241F00204608002076
:106040005B000020EB1E00205E1F00205F00002090
:10605000431F00201E4B10B51B78D8B2002B09D16E
:106060001C4B1B78002B04D00BF030FD01221A4B87
:106070001A7010BD194B1A78194B1B7813435942EB
:106080004B411849DBB20978C8B2002905D0012A72
:1060900003D10021144B1970030014490978002919
:1060A00012D01349097801290ED1023A012A0BD8DE
:1060B0000022104B1A70104B04201B78002B00D0CC
:1060C0000238FFF7C3FED4E7002BF4D1D1E7C04676
:1060D000DA0700206A1F00206C1F0020D70700206D
:1060E000241F0020D6070020D5070020D407002059
:1060F000D3070020D20700204808002010B51A4915
:106100001A4B08781A781A4B00280FD0032A0FD0A0
:10611000184A1278D0B2002A00D108701B88164A9B
:106120009B18062B1DD9FFF72DFB12E0032AF5D192
:106130001B88114A9B18062B03D9104B1B78002B88
:10614000F1D10F4B04201B78002B00D00238FFF751
:106150007DFE00230B4A13700B4A13700B4A137019
:1061600010BDFFF737FAF4E78D0400206A1F002006
:1061700044080020DA07002000FCFFFFD7070020BA
:1061800048080020EB1E0020EA1E00205B000020D3
:10619000F7B5814C0E00657B002902D001227F4BB0
:1061A0001A70237F002B04D0022802D0FEF7F8FBE0
:1061B000F7BD7B4B1B78012B03D1784B02221A7061
:1061C000F6E7122800D90EE2FCF7AAFB130016002E
:1061D0008D0093009900A500DC00DF009B01AA015F
:1061E0000D02C401C4010D020D020D020D02E901F0
:1061F000E901FEF793FADBE76A4B6B491A68D38B28
:106200005B18062B43D9FEF7CBFB231DDB7F002B4E
:10621000D3D0664B1B78002BCFD1654B1B785BB27C
:10622000002B0BD0634B1B78032BC1D1624B1B7827
:10623000002BBDD0614B1B88002BB9D08023627B23
:10624000DB005100605A9842B2D248235343E3180E
:106250001A008020B8321288C000121892B2A633F9
:1062600062521A8006F0DCF9554B1C68200006F0DB
:10627000C9F9200006F0B2F801200BF085FD0123DA
:10628000504A1380504A1370504A137090E7138E8F
:10629000062B07D111694E480E68864202D84D4B35
:1062A0000B6085E701339BB21386042B17D14A4B51
:1062B0001B78002B01D105331386138E8022D20068
:1062C0009B1801229BB26D0063536519AB803E4B56
:1062D0001A70424B92181A70414B00226FE7062B3E
:1062E000EBD90023E8E701223C4B1A70FDF730F8A8
:1062F0005EE70122394B1A70FDF7F4FA58E7FEF712
:106300004FFB00200634374BE27FE0771A700CF029
:10631000E1FC334B52E7002E04D113F0A1F8304BCF
:106320001E7045E705F0F8FB051E00D040E71D4B49
:106330001C688023E08BDB00984202D3FCF7C6FF89
:1063400036E705F00FFF037801007F2B0AD97F2283
:1063500013400370E08B05F0F5FE01221F4B1A700D
:10636000214B2CE722002E3213780133DBB2192B9C
:1063700000D92B001370012321001A00E08B12F0CA
:106380001FFAEAE7FCF7B4FD12E7184D2B78002B53
:106390002ED011F069F90BE78C1F00205D1F002043
:1063A000431F0020601F002000FCFFFF3E1F002055
:1063B000241F00206A1F0020EA1E0020460800203B
:1063C0006C1E00204A080020B00700206C1F00202F
:1063D000FFE0F50500E1F505340400201F0800206A
:1063E0005F00002033040020AF070020071F0020BB
:1063F000621DD27F804B1A70A21D804BD27F1A7013
:106400007F4B1A78002A01D101321A7000237D4A8D
:10641000A38413707C4A137006F002F97B4A7C4F08
:106420001378002B04D17B4B39781970012313703A
:106430000126794B30001E700BF0A6FC77480378DC
:106440000193002B07D1220041321178744B067062
:106450001970019B1370FEF73EF8012302203B7078
:10646000FFF7F4FC00226F4B1A706F4B1A702C234D
:10647000FF33E35C5A1F5F2A00D914236B4A137061
:10648000C8226B4B92001A8001226A4B1A700023BB
:10649000694A1370694A1370694A1370694A137024
:1064A000694A137011F0B2F8684B694A18880323DF
:1064B00043431188994200D01380012011F03EF827
:1064C0000122644B2A701A7000217F32624814F056
:1064D000CFFB80220021614814F0CAFB80220021FA
:1064E0005F4814F0C5FB002180225E4814F0C0FB19
:1064F00000225D4B1A7010F0C9FA022005F01CFB57
:1065000056E6002E02D1FFF76DFC51E60121574BF4
:106510001B682B331A784A401A70554B198047E68E
:10652000002E02D1FEF772FC42E6260000224E3613
:106530001100308805F0E4FE002800D138E63288EA
:106540002B1D5B006D00E25262530122494B1A7011
:10655000494B33E6494B1B785BB2002B0BD00B2821
:1065600006D10A3805F09EFE08F026F83E4BB4E648
:1065700001204042F6E7424AE37D11780A2900D122
:1065800013700B2807D1082B01D80133E3750122C2
:10659000394B1A70EAE7002BF9D0013BF6E7334B91
:1065A000384D196800230C000834E27FEE5C9642F7
:1065B00003D00133182BF9D10023122803D1172B54
:1065C000D4D0012202E0FF22002BCFD0D218D2B2C9
:1065D000AB5C2D4AE377CB8B9B18062BD7D80122D7
:1065E000234B1A80D3E7FEF7DBF9002E00D1DFE55D
:1065F0000122264BE3E5C04632040020310400208E
:10660000300400203F0800205A0000202F04002002
:10661000480800202E040020EC1E00202D0400203D
:106620002C0400202B040020DA03002001000020AD
:106630000C0000200000002033060020320600205D
:1066400034060020D9030020D80300201A000020BF
:106650001000002036060020611C0020E11C0020F4
:10666000611D0020E11D0020D5080020601F0020D2
:106670004A080020B00700201F080020241F002027
:1066800002000020F9CB010800FCFFFF5D1F002085
:1066900010B514220021024814F0EAFA10BDC046D9
:1066A000461F002070B5414B04001B78A0B0002BA2
:1066B00040D005F04DFC051E0BD103200FF044F92E
:1066C0003B4B1D703B4B1B785EB2002B03D00FF091
:1066D00013FE20B070BD384A384B394D002C25D000
:1066E0000121684611708022FE311E7014F0C0FA3C
:1066F0003300802269463348FEF752FD6022FF21B5
:10670000314814F0B5FAAB7D304A9B075B0F9D5AB8
:106710002F4B07201D800FF0CDFC2E4B0009188059
:106720002200012128000FF0AFFDD2E714701C7089
:10673000AD8AEDE705F0F0F9041ECAD11C4B1870C4
:10674000254B1870FFF7A4FF05F06AFF2000002416
:106750000FF0FAF8214B1C57002C16D08022204B4A
:10676000D2001B88934202D3FDF75AF8B1E701200B
:1067700005F098FD07F020FF07F0ACFB2000FFF7C5
:1067800089FA0122174B1A70A3E7174B1B685A1E90
:106790009341164A0133137007F09CFB0121080056
:1067A000FFF7ECF9124B1C70EBE7C0465E1F0020B0
:1067B00048080020231F0020DA1E0020D61E0020DB
:1067C0008C1F002028A00000761E002068D0010841
:1067D000701E0020721E00205B1F0020241F00205E
:1067E00044080020711F002040080020C41F002022
:1067F0003F08002010B50120FFF754FF10BD000036
:106800000F2210B50021044814F032FA0022034B85
:106810001A70034B1A7010BD2F0800203E0800208C
:10682000221F0020114B70B51B78002B03D1104B99
:106830001B78002B07D0FFF7E3FF00220D4B1A70E7
:106840000D4B01321A700D4B0D4C1B780D4D002B6A
:1068500003D123782A78134307D0FEF7A1F8002349
:1068600001222B702370044B1A7070BD221F002070
:106870003E0800205F0000206C1F0020D50800208B
:10688000641F00205F1F002010B51D4B1B78002BDC
:1068900003D11C4B1B78012B07D1002921D10028E3
:1068A0001FD00222184B1A701BE0002915D10028B6
:1068B00018D1164A1278002A01D1002B01D0032BDF
:1068C0000FD10123124A11784B40137002D01022CD
:1068D000104B1A70104B0122E5E7002801D0FCF79D
:1068E0001FFD10BD084A032B02D001231370F8E7E7
:1068F0000A4B1B78002BF8D002231370084BEAE7F1
:106900005F1F0020431F00205D1F00205E1F00202E
:10691000D5080020641F0020711F0020231F0020C5
:10692000ED1E00200022404B70B51A70904203D03B
:106930003E4B1B78934212D03D4B1B78012B0DD15F
:106940000024FCF7C7FE3B4B20001C7006F032F819
:10695000394B1B78012B01D0384B1C7070BD05F0F2
:10696000DBF8354D002807D00CF044FA344B1B7887
:10697000002B2ED0334B2AE0334B1B785BB2002B1D
:1069800002D0FCF74DFFF1E7304B1B78002B05D010
:106990000FF0B2FC0322294B1A70E7E72B78032B88
:1069A00014D0234A1278012A03D1294A1278002AE6
:1069B000D4D0012B02D00022204B1A702549264B3F
:1069C00009781A78002915D1002A1AD1234B0122FF
:1069D0001A700022224B1A702B78012B04D0174B0F
:1069E0001978032900D01A7001221E4B1A701E4B11
:1069F0001A70B3E7002A04D11C4A1278002AE5D0A5
:106A00001A701A780E2A01D90E221A7000261B78E5
:106A1000164A174C1749137020000E22CE5414F05A
:106A20005FFAA673D2E7C0465F1F0020F91E002060
:106A30006A1F0020DE1E0020431F00205F00002090
:106A4000201F0020B4070020241F0020231F002047
:106A5000BD070020221F00203E0800204C08002017
:106A600018050020711F00206C1F00203504002035
:106A7000D02000202F080020F0B5B84F04003B784C
:106A80000D00160085B0132B07D0A34203D1002DB3
:106A900001D113233B7005B0F0BDB14A1278002A32
:106AA0000FD0002901D110280AD1FCF729FBFEF7ED
:106AB0005DF9102C05D00022AA4B3C701A70EAE751
:106AC0001C00A94F3B78132BDFD1002D00D132E100
:106AD000A64B1B78002B00D12DE1FCF711FBFEF734
:106AE00045F9102CE7D1A24B01931B78052B02D15D
:106AF00000200AF0EBFFFA229E4B92001A809E4B78
:106B000000939E4B1978002903D01E224A439C4BC8
:106B10001A70002D00D06BE19A4F3B78002B02D009
:106B200006F050FF3D70984F3B78002B03D006F0E5
:106B300083FF00233B70954F3B78002B03D006F07A
:106B400013FF00233B70924F3B78002B13D0914BE7
:106B50001A68009BD08B597B012307F04DF9002365
:106B60003B7004F0D9FF002805D18B4B1A78002A1E
:106B700001D101321A700022884B1B78934207D052
:106B8000874B1B78934203D1864B1A7853425A4164
:106B9000794B0093597E131E01D1002904D0019B2B
:106BA0001B78013B581E83417F480778B80700D502
:106BB00057E1002B00D18DE1102C00D053E17B4B2D
:106BC0001F78002F04D03700002D01D101271D7040
:106BD000774B02931B78002B05D0102C01D00D2C85
:106BE00001D1FDF7DDFE002F10D1019B1B78012B99
:106BF00000D014E26F4B1F780193002F00D0D0E13A
:106C0000102C00D07BE12800FFF78CFE554C20783B
:106C1000002803D004F090FF00232370664C674ADD
:106C200023780092002B09D02822654B1A800BF0A4
:106C300053FA0123009A137000232370614C2378C8
:106C4000002B09D0002E00D062E306F0F5FE0023F1
:106C5000012223705C4B1A705C4B1A78002A06D014
:106C600000221A70964200D056E306F07DFE584B83
:106C70001A78002A06D000221A70964200D04FE3FC
:106C800006F0A0FE534B444F02931B88524C0193D5
:106C9000002B23D0002E01D1002D0AD009F0FCF9E1
:106CA000404B1B78002801D0012B02D0022B00D0D2
:106CB0003AE3384B30491A686B46497B1B79D08BD5
:106CC00007F09AF804F028FF3B78002803D1002B46
:106CD00001D101333B700023029A13803D783F4E6F
:106CE000002D00D12EE33E4B01931B78002B00D1E9
:106CF00024E32900002006F065FC2900012006F0AD
:106D000061FC2378FF2B01D1002323700123337012
:106D10000023019A3B70137005F082FC01200BF0F8
:106D200033F8002333702F4B1B78002B00D10DE379
:106D3000FFF74EF90AE30D2C00D0D4E62A4B1F785A
:106D4000002F00D0CFE6294BDB7F002B00D1CAE615
:106D5000FEF70CF8034B1F709DE6C046270000208D
:106D60003A1F00205D1F002026000020DC070020C5
:106D70006A1F0020580000208C1F0020CA1F00201E
:106D8000701F0020B9070020B8070020B7070020B7
:106D9000B6070020601F00201F080020021F0020EF
:106DA000FE1E0020431F0020B5070020B40700206E
:106DB000D50800204D080020B3070020B2070020AE
:106DC000441F00202B080020711F0020B107002065
:106DD000B00700204A0800205F0000202E08002095
:106DE000AF07002048080020E3180020941F00206F
:106DF00009F052F9BC4F102C03D1BC4B1B78DB07B8
:106E000027D53B78012B04D1132804D0153801284D
:106E100001D9FDF7ABFF0D2C1BD1002E19D0B44BBF
:106E20001B78002B07D0FFF733FC0022B14B1A7000
:106E3000B14B01321A70FFF7F5FC0122AF4B1A700B
:106E4000AF4B1B78002B01D0FFF7C2F80022AD4BEF
:106E50001A603B78012B00D08DE62822AA4B1A80BD
:106E600089E6002B36D001200D2C0AD1002D08D048
:106E7000002A06D0A54B18709F4B187004F05CFEDA
:106E800009E6074201D0002905D12300113B012B5F
:106E900033D90A2C0FD00F2C12D1002D00D1FAE5D6
:106EA000002E1BD1022004F047FE0422984B1A70DA
:106EB0000122914B02E6002E1FD1002DF2D0EAE50F
:106EC000002D00D15CE2002E00D0E4E50A2C00D1B8
:106ED000E1E5E7E7092C01D90F2C0BD18D4B1B788D
:106EE000002B0AD0002D00D1D5E5002E00D0D2E530
:106EF0000220C3E7102C00D161E6874B60E6FE2339
:106F00000193112C06D02000FCF75AFA0190FF28BB
:106F100000D17BE6002D0CD1A0238022DB0552009E
:106F20009A627E4B28001D70FDF752FBFDF78EFA2A
:106F30006CE6002E00D069E6009B7E331B78002BA8
:106F400007D0A0238022DB0552009A61734BFF3AE1
:106F50001A70FDF77BFA019BFE2B06D1009B70494E
:106F60007E331878FDF7ECFF50E6009B7E331C78EB
:106F7000FDF7B8FAFDF7C4FA002C00D0032738005B
:106F8000FDF748FA67497020FDF72CF8FDF738FB4C
:106F90006548FDF759FE0198FDF778F9FDF7B8FA55
:106FA00034E6B54200D131E6032F02D0002D00D1E6
:106FB0002CE6A0238022DB0552009A620022574B68
:106FC0001A7002239F43012F01D10BF025FC0027EB
:106FD0005022019B55481F70554B1A80FDF734FE17
:106FE00001200AF0D1FE404B1B78012B01D0514B00
:106FF0001F70009B4633187800280BD10AF066FDFD
:1070000001234D4A102C03D0434A002E00D0FDE549
:107010001370FBE50A224243484B1A70F0E7484BD5
:10702000364A03931B780192002B1BD12E4B1F78FD
:10703000FF2F09D02300113B012B00D957E1029B00
:107040001B78002B00D052E104F066FD002800D030
:1070500055E1042F00D152E1320029002000FEF753
:107060004FFED3E5002E00D0D0E5002D00D1CDE5B8
:10707000102C34D00127019B1F700C2C06D80A2C31
:1070800027D867D00223019A137028E00D2CF9D17C
:10709000FDF724FF2B4B1B78012B0FD12A4B1A88AD
:1070A0002A4B9A420AD0009B0099587B031D5B0033
:1070B000CA524300CA52022106F084FA05F0B0FA1F
:1070C00001200AF061FE00200EF03EFC0023039A2E
:1070D0009EE71C4A13787B4013701D4B1E700122E3
:1070E000054B1A7092E5C046431F0020C8070020D8
:1070F000461F00205B1F00206C1F00205D1F00202A
:107100004808002040080020441F0020FE1E0020E8
:107110006D1F00203E1F0020ED1E0020741E002069
:10712000D6060000C3C3000050C30000881300004F
:10713000E21E00205F000020B4070020BD070020F1
:10714000371F0020AE07002024000020FFFF0000B2
:10715000AD0700208D4C8E4A8E49200005F026FA9E
:1071600023002D331F702300200029331F7005F0EA
:1071700035F9894B38001C60884B1C60884B1C60BB
:107180000AF002FEFDF7EEF9FDF7A8FE854B1B782D
:10719000002B00D09FE0844F46220021380013F0DE
:1071A00067FD824C824B834A83492380537BA180B5
:1071B0000221A171463159435318180088300091BB
:1071C00001884088218160811800A03001884088B2
:1071D000A181E08118008D300078B621207418005C
:1071E000953000788C46607418008C3000789C4490
:1071F000A0741800943000786146E0741800BC3028
:10720000007820751800A830007860751800B0303C
:107210000078A0751800BB300078E0751800B13018
:10722000007820761800B53000780978607618006C
:10723000B3300078A0761800BA300078E0761800F5
:10724000AF30007860771800B4300078A07718006D
:10725000B8300088E077601CC17718008021BD300D
:10726000A63300781B88F877C90054488B422BD28C
:10727000190006F081F9422138000EF0BFFD062703
:10728000A31DD8874E4B20200834E3870FF0E8FB7E
:107290004C4C277007F0B4FAFDF7DCFB05F0EAF977
:1072A00010F064FF88213620FCF79CFE00210120AD
:1072B000FDF72AF805F0B4F901200AF065FD012375
:1072C0002370414B1F700AE70099BE3189181022C4
:1072D00013F0FDFDCFE702223A4B1A703B4B033A05
:1072E0001A8000223A4B1A70FDF70AFEF7E6394B76
:1072F000BF00320029002000FB58984786E4002E8A
:1073000000D083E4002D00D180E40223019A7FE6BF
:107310000122314B1A709AE40122304B1A70A6E414
:1073200001222F4B1A70ADE401222E4B1A702378E4
:10733000FF2B00D0CFE400232370CCE41D4B2900A9
:10734000587BDCE43378002B00D0E5E4009B1B780D
:10735000002B07D00023009A13702822224B1A809A
:1073600008F0A8FE214D2B78002B03D00BF012FC67
:1073700000232B7020780EF0E7FAFF23237097E5A7
:107380000A2C01D0FFF787FB8CE5C0461C070020C4
:1073900090FE9602050400006C1E0020601F002075
:1073A000681E0020AE07002066070020640700204A
:1073B000CDABFFFF8C1F0020A5BEFFFF860700207E
:1073C000BADCFFFFAD0700205D1F00202400002075
:1073D000AC07002030CE0108B8070020B707002016
:1073E000B9070020B6070020441F00204C080020E9
:1073F00000221020110010B5FFF73EFB0022064BC3
:107400001A70064B1B78132B02D0054B01321A70F1
:10741000FDF7F4FB10BDC046201F002060000020D7
:10742000ED1E0020F0B51D4B9BB000931B78052B83
:1074300044D11B4B1B78002B40D01A4B02931B7876
:107440000193002B00D1E6E1174C25782800E130AC
:10745000FF3000030135FDF7F9FDEBB22370072B78
:1074600004D90023029A137010F076FC0F4B1B789E
:10747000052B02D101220E4B1A700E490E4A0B78D1
:10748000002B00D0F0E2009913780978012900D090
:10749000F1E21378002B00D0F4E228E36A1F002009
:1074A000E51E0020D91A0020D71A0020431F002013
:1074B0006C1F00201A070020071F002004F02CFB7F
:1074C0000028BAD10C20FCF797FA01231842B4D057
:1074D00000210220FCF786FD0220FCF78DFA08232C
:1074E00007043F0E04001F4227D00B20FCF784FA4C
:1074F0000005000FFBF764FF0600FF281DD0009B6E
:107500001B78012B19D0C74B1B78002B15D0C64D0B
:107510002800FBF7DFF90200132804D12800C34933
:1075200013F0AEFC12220023AE54AD180C226B7087
:10753000BF4B1A70BF4B0B3A1A707B0702D5012262
:10754000BD4B1A7001231F4209D00122BB4B0C20F6
:107550001A70FCF751FABA4B800BC0B21870BB0717
:1075600002D50022B54B1A70E5B2630602D501229E
:10757000B44B1A70240602D50022B24B1A70EB06E7
:107580002BD50122B04B1A70B04B09321A80B04B88
:107590009A7F002A21D0009A1278052A08D1AD4A94
:1075A0001178002904D11420AB4A1080AB4A117025
:1075B0000533DB7F002B10D0A94AAA4B1178002994
:1075C00002D11988132908D81421198000231370B7
:1075D000A54A13700122A54B1A70AB0604D50022F0
:1075E000994B1A70994B1A806B0709D50122A04B51
:1075F00010001A7006F0BEFFE1229E4B52011A8065
:1076000008231D4204D00020994B187006F0B2FFE9
:1076100020233A001A4001921F4215D0964B1B7846
:10762000032B11D1954B1B78002B0DD1944B1B785C
:10763000042B09D0FCF71AFC59209249FCF7D2FC24
:1076400059209149FCF7CEFCFB063CD58C4B1C78AD
:10765000042C38D18D4B1B78012B34D18C4B1B78EB
:10766000002B30D18B4E5F203378013CDAB20133EE
:10767000DBB233700292FCF7BFF9029B864D5B00D0
:10768000E852002CEED13378232B1CD90122694B10
:107690000B2034701A70FCF7AFF90600FDF730FCD0
:1076A000F60609D42A887D4B9A4205D12B0008336F
:1076B000DA8F7B4B9A4274D0FDF710FCFDF720FC6B
:1076C000784810F095F930231F4200D1FAE66B4B51
:1076D0001B78002B00D1F5E6734B1B78012B00D0F3
:1076E000F0E6724F3B78022B02D0052B00D0E9E682
:1076F000019B0425674C002B02D023782035ED1A1E
:107700000026AE4271D1237801234A4E337023788C
:10771000232B00D8D6E6237800230B202370FCF718
:107720006BF90400FDF7ECFB250010231D401C4203
:107730006AD1594C594B22889A4265D123000833AB
:10774000DA8F574B9A425FD120200FF089F9A31DA1
:10775000DB8F4221564801930EF050FB019B834280
:1077600052D1E388A2881B041343524A1B021B0A0E
:10777000934249D100222800110004F0C1FD01907C
:10778000002801D101F026FA80230135ADB2DB00DB
:107790009D42EFD104233B70033B3370FDF79EFB0A
:1077A00090E622200FF05CF9422141480EF026FBC2
:1077B000AB1DDB8F834200D082E76D880FF020F88D
:1077C000838806219C46A3B29C4500D878E70B002D
:1077D00063430268D618D35AAB4204D87388AB42CD
:1077E00001D901F095FA0134EDE75F20FCF704F9C7
:1077F0002378232B06D823785A1CD2B22270264A2B
:107800005B00985201367CE705233B70043B3370E4
:10781000FDF7ACFA56E6284B1B78002B00D12CE67E
:10782000082779E010070020461F0020471F00208E
:107830005B1F00206C1F0020CD070020D407002014
:10784000D3070020D6070020DF1E0020E01E002006
:107850008C1F0020E51E0020381F0020E61E00209F
:107860005A000020D80700203F080020711F002088
:10787000DA070020661F0020CD1F0020371F0020E0
:10788000431F00206840000068300000641E002094
:1078900011070020AC07002064070020CDAB0000DA
:1078A000BADC00000E070020AE070020AD07002064
:1078B00066070020A5BE02000A070020B14C37E091
:1078C000280010F07DF9002822D00821AE4A2B7B39
:1078D00012780B4268D0002A1AD1AC4B1B88DA060A
:1078E0000DD18022D200934209D25809A84A410002
:1078F0008C5201228240A749086802430A60A649C7
:107900000A88002A6BD0013A0A80A04A013313800A
:10791000013FFFB2002F1FD08022A04ED20033883B
:10792000934219D29E4A1488002CC7D0013CA4B2BD
:1079300001333380F0231B0208ADE01814804001AE
:1079400020222900FCF766FF280010F05FF90028CC
:10795000B6D08023DB0033808022904BD200198880
:10796000904B914202D2019A002A62D000221A70F2
:107970008D4B01321A708D4B1B78002B4BD08C4BEA
:107980001878002800D071E5884B1A78002A00D1B9
:107990006CE5884B1B88062A55D9874A118899427D
:1079A00000D163E5138061E5012A13D19A43002ACF
:1079B000AED0824B6A681B68013B9B1A8022920002
:1079C00093428AD30022774B01901A70764B013292
:1079D0001A70C1E7022AECD1013A1A40E7E773496D
:1079E00008788C4606280ED8754A0101891808AA1D
:1079F00070CA70C10D001188013029809278AA7078
:107A00006246107081E70121694B1970654B1A704D
:107A1000654B1970A0E7604B1B88002BAFD0654AFF
:107A200010888342ABD20138C01A80B210F042FDF8
:107A30001CE51B78002B00D018E55B4B1B78002B56
:107A400000D113E59BE70721891A89B2994207D231
:107A5000073BD21890B2584B188010F0B3FC05E5E4
:107A6000002B00D102E5F6E7013BDBB20B70002BE7
:107A700000D00EE507E553490978002900D008E554
:107A8000002B21D0504E514B31781A78022900D06A
:107A9000F3E1002A00D1E8E14D4D2968002905D025
:107AA0004C480068091A002900DD44E14A4C20785E
:107AB0000138052800D9D6E1FAF732FFB200B40048
:107AC0009F01BB01BB01BE01444B1B785BB2002B85
:107AD0000DD104F021F8002809D1414B1B78002B6F
:107AE00005D1404C2388002B16D0013B23803E4B10
:107AF0001B78002B00D11EE13C4B1A88012311009A
:107B000019401A4200D016E1394B1B78012B00D1E5
:107B1000A8E3384B19700EE1374B3848197810F04C
:107B2000A3F9029B197810F09FF9354B197810F0E2
:107B30009BF9224B196810F097F9324B197810F025
:107B400093F9314B196810F08FF9304B198810F008
:107B50008BF92F4B19880131490810F085F92D4B0D
:107B6000197810F081F92C4B197810F07DF92B4E13
:107B7000050033688342BAD010F03EFBC82335605D
:107B8000B4E7C046FF030000DC1A00200407002011
:107B900048060020440600200207002006070020B7
:107BA000080700200A0700208806002000070020A0
:107BB0008C0600208A060020DE1A0020C81A002049
:107BC00090060020DC070020360600203506002045
:107BD0000C060020081F002008060020241F00209B
:107BE000231F00201807002012070020FC1E002081
:107BF0006A1F0020AA0500201E1F0020C59D1C81B1
:107C0000D41A0020400600203C0600203806002040
:107C10001C1F0020DB1A0020DA1A002014070020A5
:107C200002232370BD4B1B68002B21D10020BC4BCD
:107C3000BC4E1B7805960293BB4BBC4E1B7803963B
:107C40000493BB4B1B780193BA4B19780300029F36
:107C5000CEB2BE422ED3002804D00021B64A117005
:107C6000AE4A1160002B00D1AAE0B24B1E70A7E013
:107C7000B14909785B5C002BD8D0AF4BA74A1B7881
:107C80001268D35C2E2B00D0ABE0AC4B01201988DE
:107C9000FDF756F9AA4B1C68AA4B18880A21FAF777
:107CA00049FE80B2001928600322A74B1A700EF01B
:107CB000EDFEDCE0059B5B5C1F00613F192F13D8D4
:107CC000203BDBB200200090039F0098BC46C00020
:107CD0003F5C84449F425DD163465B68002B5FD16B
:107CE000100013000131B2E7202BEBD1049B002BD5
:107CF000F7D0019B002BF4D1029F4B1CBB42F0DA62
:107D0000002804D08C4B019A1A70844B1A6001220F
:107D1000874B0A211A7005232370894B01361C6892
:107D20008A4B18888A4B1B88C01AFAF78DFE814B44
:107D3000001928601E70874A874B1478009225002E
:107D40006A1E954101931B78EDB2002B02D00022F0
:107D500001990A70814A1278002A00D160E3002B51
:107D600004D1002C01D0009A137000257C4B1B78A5
:107D7000032B00D02BE37B4A13780133DBB2072BB4
:107D800000D82DE300201070FCF778FE002D00D104
:107D90005CE34CE3009801300090362894D19FE7D3
:107DA000187800289CD00022634901360A705B498C
:107DB0000B6001215F4B1E705B4B19705C4B1A709E
:107DC000564B1868002806D0FAF784FD5A4B1B78EA
:107DD000834200D251E706232370594B1C685C4B49
:107DE0001CE02D2B00D05FE7544B01201988FDF7D4
:107DF000A7F8534B1C685C4B4FE7FCF781FB4E4ADE
:107E000013780133DBB21370444A1268D25C4C4BD6
:107E1000002A0BD0022222701C68544B18880A21B9
:107E2000FAF788FD80B20019286084E704222270E6
:107E3000D4E7022323707EE70027277001241F70F8
:107E40002F603470FCF778FB0220FDF7FFFF484BF2
:107E500038001F70474B1F7004F0ACFD04F0E0FBCE
:107E60003D4B1C7023E70023E4E70EF031FF424B4B
:107E70001B78002B00D05EE739E6002A2AD03F4B62
:107E80001A78002A04D1012202201A70FDF7DEFFC1
:107E9000FCF7D4FB3A4A3B4B12683B49128E9B5687
:107EA0000A78002A1CD0394B1A78501C1870312AD5
:107EB00002D900220A701A70354A1378002BD6D0E6
:107EC000FF2B00D0A4E100231370324A1370324A12
:107ED0001370ECE60EF0FCFE3378022BC7D0CEE731
:107EE0004408A03BE4182D4A2D4B11780093002044
:107EF0001B5E2C48A5B2019024B2002906D100785F
:107F0000002803D19C424FDA009B1C80009B00207C
:107F10001B5E60334EDB61235B4249E004060020B8
:107F2000AB050020AF050020AE05002050CC0108B5
:107F3000AD050020AC050020000600200C0000204C
:107F4000081F00201A00002008060020140000204E
:107F500012000020711F00206C1F0020DC07002091
:107F6000DD070020DB070020100000200E000020AD
:107F7000BE070020BD070020071F00204808002082
:107F80006C1E00201C00002031060020300600205E
:107F90003406002033060020320600202F06002081
:107FA000180000202E060020180001336130ADDAE1
:107FB00000980380009B00201B5E1800723016DBC7
:107FC0000A331BB296489C4214DB964B1C80037804
:107FD000FF2B01D0013303700026934B1E70B1427A
:107FE00015D10378B34212D0012313700FE0692337
:107FF0005B42E7E78C4E3378FF2B01D001333370BF
:1080000000230370994202D031789942EDD117785C
:10801000864E874A33780292002F41D0002B0DD133
:10802000844A1378FF2B0FD1012300223370814B38
:108030001A700EF02BFD3378002B0AD0029B1888A3
:10804000042844D8012047E00133DBB21370032B2E
:10805000EAD8794D2C88002C02D120000FF0C4F909
:10806000012301341C402C80029B01201B88042B1F
:1080700004D90A21581DFAF7E7FC80B207244443CB
:10808000019BA4B21B78002F5FD06C4D002B49D010
:108090002B886B4A934200D90EE701332B800BE704
:1080A000684A002B0FD01378FF2B06D10023614ABA
:1080B00033701370634A1370BBE70133DBB2137084
:1080C000072BBBD9F2E75B4B17701F70C1E70A2182
:1080D0000530FAF7B9FC80B20121002F05D1401814
:1080E00080B24918032800D94108534A13888B42AB
:1080F00015D300231380783406DB78352B1CEDB2C2
:10810000402D00D94023DBB24020002F04D1181CA1
:10811000142B00D91420C0B20FF066F9A4E7013384
:108120001380A1E7484E494F3378022B05D13B8895
:10813000A34202D346480FF02BF90123019A337072
:10814000137000222A803A80B6E63F4D002B36D0CD
:108150003A4C2388002B28D0012B23D03D4E317878
:1081600009290AD84000834280414A1C3A4B4042C8
:10817000D2B22D30585432709F542A4B009A1B882B
:10818000128836499B1A1A1C1BB2282B00DD2822A4
:10819000130400D500220B889B18314A0B801378FA
:1081A0000133137020200FF01FF90023019A238060
:1081B00013700122254B1A8002232B707CE62B784A
:1081C000022B00D078E6214E1D4A3388934201D815
:1081D000013333801F4F3B78002B09D003254543E3
:1081E0003388ADB2AB4203D300200FF017F93580CE
:1081F0003388A34200D25FE63B78002B04D00120F5
:108200000FF00CF9348057E611480FF0C1F8F9E788
:108210000133DBB213704F2B00D828E653E6C0467B
:108220002606002016000020250600202406002037
:108230001A00002023060020200600202C06002023
:10824000FDFF0000220600202A060020280600204C
:108250000DC4010827060020140600201206002085
:1082600010060020FCF752FB002808D1C34B9B7F6F
:10827000002B04D1C24B1B78002B00D15BE5C14918
:10828000C14F0B78002B0ED13A00C8202B33013B95
:10829000DBB210800232002BF9D1BC4A1370BC4B08
:1082A000188001230B70BB4AB84D13782C786600F8
:1082B000062B00D886E06420FBF79EFBB853F35BE7
:1082C000002B01D1C833F3532B21601CFAF7B8FB04
:1082D000B14B0E001B782970002B04D0AF4B1B78DC
:1082E000002B00D127E5AE4AAE4B10781B7818431F
:1082F00000D020E5AC4B1870AC4B187006F03AF982
:1083000003229E4B00929B8C002B01D105330093DE
:10831000009B8022DD01A64B0021ED18280012F001
:10832000A7FC3888012203005100795A041C8842B6
:1083300000D90C1CA0B20C1C994200D21C1C0132AA
:10834000A3B22B2AF0D1924A1488A0423DD2611EDA
:10835000241AE4100C1BA4B21480002201929C4247
:1083600002D21B1B9BB2019333002B330293019A61
:108370004023312A1BD92B213000FAF74BFC824FC6
:108380004900CB5B00209C4201D21B1B98B20727FF
:1083900001997843FAF7CEFAC2B24023002A06D0F8
:1083A000BF331840381A803B83407F2213402B7024
:1083B0006B70029B01360335B342D8D10098FCF7AD
:1083C0004EFBB8E40133137079E70234C3E7022BA4
:1083D00000D0DBE4774A13780133DBB20F2B01D8EE
:1083E0001370D3E40023744C1370267820007F228E
:1083F0007F34724912F044FD26706D4C704E20009F
:10840000611C7F22277812F03BFD230080347F33EC
:108410001F70A642F3D1FCF72BFBFCF71BFBB5E466
:10842000002B00D1B2E40DF081FA002C08D000231B
:10843000009A1370634B1B78002B07D109F0A2F947
:10844000604B1878002801D10FF0EAF95E4C2378D0
:10845000002B04D05D480FF09BFC002323705C4D83
:108460002B78002B04D05B4B1B78002B00D084E3CF
:10847000594B1B78022B49D1584B1B881B0705D140
:108480008023574A9B0151694B405361554A1388D9
:10849000002B01D0013B1380534A1388002B01D0DD
:1084A000013B1380514B1E78012E11D1504B1C788B
:1084B000002C0DD0013CE4B21C70002C08D1FBF75D
:1084C000F5F8200009F002FB009B1E70019B1E7056
:1084D0002B78002B0DD0474A1388002B09D0013B85
:1084E0009BB21380002B04D10EF00AF903200DF08B
:1084F0002BFA03F011FB002800D1ADE03E4E33789B
:10850000002B00D17EE0013B3370A5E0032BBDD1F1
:10851000324B3A4A19881088091A692906DD002069
:108520001B883749013308701380AFE719888842E8
:10853000ACD1802432492A4E0878A401002803D106
:10854000B4621B880F3316E077697C407461112890
:1085500008D91B886933138000230B700B78013313
:108560000B7093E70B28ECD8A8242401C440E4073F
:10857000E7D51B882D331380F0E7C0468C1F002001
:10858000EF1E0020AA0500205405002052050020FF
:108590000A00002051050020021F0020FE1E0020BE
:1085A000431F00204D080020191F0020181F002025
:1085B000E11A0020DB0700205508002056080020A3
:1085C000611E0020DC07002050050020400500202F
:1085D0005E1F0020421F00203C050020FC1E0020E2
:1085E00000080050E21E0020E01E00206A1F00204C
:1085F000BD0700202C080020380500203A05002087
:1086000039050020CB4B1B78002B25D1CA4A02929A
:1086100012780392012A0BD0022A7DD0C74F3D78F1
:10862000002D00D18EE0012D00D1D2E0C44A10E12E
:10863000FCF704F8FCF702F80224C24B1880029BF6
:108640001C70C14B1D682800FBF7D8FE2800FCF702
:108650004BF8FBF7E9FE3470BC4B1B68002B04D0D1
:1086600003F076FC002800D01FE10022FF21B84B68
:108670001A70B84B1970B84B1970B84B1A70B84BC8
:1086800004931B78042B00D194E1B64B1D78EDB216
:10869000FCF73CF9002800D018E2B34B1A78B34B32
:1086A000002A00D135E2B24C0221227816008E4316
:1086B000002800D00DE2012E00D00DE21978013122
:1086C000C9B21970022900D90CE2002D07D0002A86
:1086D00005D000221A70FEF78BFE00232370FCF7F2
:1086E000E9FE0400132802D00022A24B1A70A24E09
:1086F000A24D33789C4200D12BE2132B08D0132CCF
:1087000006D09F4B00211A789E4B1878FEF7B4F9DB
:10871000002334702B8030E2FBF790FFFBF78EFFD5
:10872000894B02001868874B1B88934204D99B1A17
:10873000032B01DD944B18680023029A137003F099
:10874000B5F989E70D20FBF757F90400030483D43A
:108750000E20FBF751F98D4A8D4B24041C40136801
:108760000443E31A1460DA179B185340894A632BB9
:1087700002DC15780135EDB29121322089001570A7
:10878000FBF730FC022D09D832208349FBF72AFC85
:10879000039B002B00D05FE71523B5E67F4B804A93
:1087A000E318934203D9200003F080F9F0E7764BF9
:1087B00065081D60644B029A1C6001232800137039
:1087C000FBF71CFE2800FBF78FFFFBF72DFE0223B3
:1087D0009AE606AB9D1D290008A8FBF717FA041EB0
:1087E00000D139E7FBF7E0FE022C34D1089803F002
:1087F00059FAFF2804D1654B1868FBF75FFFCBE7F8
:108800000222684B3A701870674B1A70674B013A36
:108810001A70009B1A704A4B1A78002A41D0002225
:108820001A70624B1B78934200D115E75E4B032010
:108830001B789A1E012A02D9012B04D1042008F0CA
:1088400091FF5B4B187007F035FC0123009A137001
:10885000019A137000E7012CCDD1288803F050FA5B
:10886000FF28C8D04F4D4B4A2B784F4C834215D12F
:108870002178012912D113780133DBB21370012B57
:1088800005D902233B70494B1970009B19700123D5
:1088900023703B782870012BBDD8ACE70023137000
:1088A000F5E702200DF050F8D6E606AB9D1D290035
:1088B00008A8FBF7ABF90400022817D1089803F0C9
:1088C000F1F9FF2800D1DAE6224B1A78824200D172
:1088D000D5E61F4A18701470FF221F4B1A70002231
:1088E0001E4B1A700123019A1370C8E6012800D0AC
:1088F000C5E6288803F004FAFF2800D1BFE6164B2E
:10890000164A1978814211D113780133DBB2137002
:10891000012B00D8B3E60F4B1A788A4200D1AEE69D
:1089200019700B4A019B14701C70A8E61870147023
:10893000A5E6C046061F00202F050020051F0020C9
:108940003E1F0020200500202405002040080020B4
:108950001F05002008000020070000201E05002041
:10896000431F0020F91E0020EF1E002018050020E4
:10897000EE1E0020DF20002061000020761F002076
:10898000E71E00206000002028050020340500209C
:108990000000FF073005002045020000C0E85DFE32
:1089A0003FEA70002E0500202D0500202C05002038
:1089B000811F0020C44B1B78012B48D1C34B1B786F
:1089C0000093002B00D1D8E0C14A1378013BDBB201
:1089D0001370002B00D0D0E00DF012FFBD4FBE4B46
:1089E0003A88BE4C002A03D11A800268128822807D
:1089F0008288002102921B8822880CE0019D0133AD
:108A000006350195029D9BB2AB4226D206225A43FF
:108A10000399525A009906260D005E430196029E64
:108A2000B3421CD3002901D0AC490A80002D01D0EB
:108A3000A94A13800222A44B00201A700EF0F0FE07
:108A40000CF074FF049B1B78042B00D01DE69E4B9A
:108A50001B78002B00D118E68FE0009DDFE7066849
:108A6000B4460396019EB444664676889642C5D9BC
:108A7000002901D099490A80002D01D0964A13801F
:108A80002588974E40222800964975800DF0D4F92C
:108A9000422195480DF0B2F90636F08722200DF0FC
:108AA000DFFF03F0E7FD0FF061FB88213620FBF7C5
:108AB00099FA00210120FBF727FC1E223B88403554
:108AC00001333B80824B25801A70B9E768426841C8
:108AD000E3E5002E00D1F1E5002D00D0EEE5002207
:108AE0001A70FCE5002119708A4209D17F4B0131CF
:108AF0001A707F4B197010202170FDF7BDFFEEE555
:108B0000032A00D1E7E5002D00D0E4E50132227010
:108B1000E5E5774C2278002A0DD00028DFD11A78BD
:108B20000132D2B2022A01D8002DD9D000221A7007
:108B3000FEF75EFCD3E50028D1D019780131C9B227
:108B40001970022900D8CAE568491A700A70012113
:108B5000D1E72B8801339BB22B80022B16D1654EB7
:108B6000654D132C0BD12878132804D000213278BE
:108B7000FDF782FF2C70002333701BB0F0BD002284
:108B8000012120002C70FDF777FFF4E7272BF4D9A3
:108B9000132CF2D0282B09D1102CEED00121554BEB
:108BA0000A0020001970FDF767FFE6E722000B3A84
:108BB000D2B2012A08D801214E4A11705B0703D1B5
:108BC0000A002000FDF758FF2A884C4B9A42D4D95E
:108BD00029239FE56289238908AE12042900300009
:108BE0001A4303F0E3FCE389A2891B0413430E93A9
:108BF000237C06A97371637C06A87373A37C33710D
:108C0000E37C33730923627D5B18DA77227D15AB31
:108C10001A70A27D12AB1A703B23E27D5B181A70AA
:108C20003123227E5B181A703523627E5B181A701E
:108C3000A37E5A1E93413322521813703A23E27EC8
:108C40005B181A70637F0AAAD3772D4A5B009B5A80
:108C5000B383A27F13AB1A70E37F3386631CDA7F82
:108C600036235B181A70A31CDA7F3D235B181A7039
:108C70003E2321001B1822311022180012F027F980
:108C80004D2306AA9B18019A30001A7003F0BAFC13
:108C9000300003F0A3FB1B4B32002800597B032359
:108CA00005F0AAF83E2306AA9B181900280005F033
:108CB00083F8154B01221D8003233B70134B1A7060
:108CC000FCF754F8FEF76AFD641E0020110700202F
:108CD000060000200C0700201C0500201A050020BB
:108CE000640700206807002066070020DF200020BE
:108CF000201F0020E71E002060000020FDFF000074
:108D000000CE01088C1F0020240000206C1F0020D2
:108D10002C00074E4034A4B2280008353100ADB213
:108D20000DF0B3F80836A542F6D10248FEF7C9FCAB
:108D3000680700200C070020F0B501209BB0F9F770
:108D4000E7FF80204005F9F7D5FFC0200025072662
:108D5000EF4BF04AF0491A60F04BF14A4B60136A4E
:108D600000061B021B0A034313628D600E60302154
:108D7000EC4B27201960136A12AC1B021B0A13620A
:108D8000FAF766F8012323610233A360F023E5605C
:108D9000656165601B022100E348129311F0C2FE79
:108DA00080232100DB00E048A027129311F0BAFED7
:108DB0004023FF05DC49BB613C3B8B61033B6360A7
:108DC00021007733D848129311F0ACFEA423380069
:108DD0005B002100129311F0A5FEC12321009B002E
:108DE000D148129311F09EFE802321009B01CF48B1
:108DF000129311F097FE60232100CD48129311F0D9
:108E000091FEC02321009B00C948129311F08AFEF5
:108E1000C0232100DB013800129311F083FE2020D3
:108E2000F9F768FF0FF05EF92022C24F3000FB6AAD
:108E30001343FB62FB6A9343FB625732BE4BFF3224
:108E40009D62DA621968F63A0A431A608022D9688C
:108E500052000A43DA601A680235AA431A600FF01A
:108E6000B9FEB648B64BC268B6491A409C239B036C
:108E70001343C36030000FF08FFEB34AB34B202181
:108E8000D360B34B300093600FF096FE2800F9F7E3
:108E9000DFFF1B228020A44980000B68AD4E1343E6
:108EA0000B60F9F735FF3A68AB4BE0211A4080239D
:108EB0009B0313433B60B368A84A09031340B360A4
:108EC0007368A74AC02013407360B368A54A800046
:108ED0001340B3607368A44A13407360B3680B43D4
:108EE000B360B368AB43B360B3681340B360336B34
:108EF0009E4A1340336373689D4A134073607368DE
:108F00001340C02273600923520001214000114028
:108F1000013B08435208002BF7D12022800502D0E4
:108F2000F9F77EFEC2B280239B00D340914A9B009A
:108F30009B181F221968C0209143173A0A431A60F0
:108F4000C0221A2301219204C004150040000D40E4
:108F5000013B28435208002BF7D140012033002861
:108F600002D0F9F75DFEC3B28025ED04DD40824BEF
:108F7000AD00EB1802931B68F822F820039301213F
:108F8000182312044004150040000D40013B284303
:108F90005208002BF7D1C0012033002802D0F9F786
:108FA0003FFEC3B2C0225204DA4007239340039A23
:108FB000F8209A430392F822182301211204400456
:108FC000150040000D40013B28435208002BF7D10B
:108FD000C0012033002802D0F9F722FEC3B2C0221C
:108FE0005204DA4005239340039A1343029A136014
:108FF0000422B3681343B3600422B3681A40029298
:1090000004221342F8D10125B36880202B43B360BA
:10901000A0260823F605B361C001F9F76BFE0FF037
:1090200061F82800F9F714FF0223029A63605B19C4
:10903000A3600533E2602561210012953000636171
:1090400011F070FD09230535129521003000636190
:1090500011F068FD3949494B8A6849481A40A023F4
:10906000DB0413433F228B60CB689343C2221D4332
:10907000CD60802192008358C9051B021B0A0B4357
:10908000835080231B0103603E4B1A68520609D4AB
:1090900019683D4A11403D4A0A4304211A605A6842
:1090A0008A435A6040268020DA692E4940010A40EE
:1090B000DA611A68002532431A60F9F729FE0120A7
:1090C000F9F7C6FE0223A02063600133A3601D33BD
:1090D000E560656112931F3B21002361C00511F01B
:1090E00021FD8023A020129321002561C00511F0ED
:1090F00019FD274B1A6832424ED11968224A114095
:10910000244A0A4304211A605A688A435A6043E099
:1091100044000020006CDC0210E000E0FF52070079
:1091200000ED00E0E81800200004005000080050A6
:1091300000140050001002400014004000000140E4
:10914000FFFFC0FFB02A000080000240EC180020A2
:109150001814005000240140FFFF9FFFFFFF7FFF16
:10916000FFFFFFFCFFF7FFFFFFFEFFFFFFFF0FFF0B
:10917000FF17FFFF302401400C240140FFFFFFC018
:1091800000E100E0003800404000FFFF070300005E
:10919000003001402F030000DA695D49E2200A40F7
:1091A000DA614022196800260A431A600423594AEA
:1091B0009362FAF7B9F95848FBF746FD30000136DB
:1091C000F6B2FAF7B9F9082EF8D12B20FAF7ACF974
:1091D000FA208000FBF738FD2E20FAF7A5F9FA20D7
:1091E0008000FBF731FD2F20FAF79EF92F20FAF7C8
:1091F0009BF92F20FAF798F92F20FAF795F94748AD
:10920000FBF722FD4020FAF78FF9AF20FAF78CF92F
:109210000423404A0225936110F0F0F80CF084FF1B
:10922000FA223F4B01201A70F9F712FE0EF05AFF96
:109230000120F9F76DFD8020C001F9F769FD0023D9
:10924000E360C023DB00129303220123A0206361AB
:10925000A260236121006560C00511F063FC280055
:109260000FF0B8FC28002F490FF096FC80212E4B00
:109270002E4A2800DA602E4A49009A600FF09CFCC2
:109280002C492D4B8A682D4D1A40E023DB001343F7
:1092900080228B603B6BD20113433B633B6B284ABC
:1092A00013403B63EB68274A1340EB60EB689B0479
:1092B00000D58DE0EA68244B1A400C231343EB6081
:1092C0006B69134A13406B612B69204A13402B6171
:1092D0006B691F4A134038226B61BB681340102B27
:1092E0003AD00ED8082B00D116E307207B683A68E5
:1092F0005B0B034017499B00D20A02405858D040EC
:109300003CE0183BB343F0D18020000236E0C04679
:10931000FFF7FFFF00040050C0D40100409C000094
:10932000DF200020A02000001C0002406C1900205B
:109330000438014000000140FFC0FFFF0038014039
:10934000FFBFFFFFFFDFFFFFF3E9FFFFFFCFFFFFDF
:10935000FFFCFFFF18CF01080322FB681340934274
:1093600000D1D4E27B68EE4A1B045B0F9B00985847
:109370000C23FA681A4200D0CBE24000BA68E949EF
:109380001205120F920052581F210A40D040BB68AC
:10939000E54A5B045B0F9B009B580B40D84017D0FD
:1093A0001923962158438902F9F7C4FA642107006A
:1093B000F9F746FB080132306421F9F7BBFA642162
:1093C00006003800F9F7B6FA00013618B6B2AE60FA
:1093D00040236A69022013436B610FF009FC80236C
:1093E0000026EA689B011343EB6028216E60CF489A
:1093F0000CF070FD0120F9F78BFC0120F9F728FD36
:1094000080200004F9F776FC0EA90A00C84BA1CB16
:10941000A1C20C22200011F05AFD2200C54BC64902
:10942000A1CAA1C3C54BC64A1E60C64BC64DC7489C
:109430008B61531CDE77C64B55609660D660106119
:109440001E001B68002BFBD132601360C14A106103
:10945000012055609360D360BD4D531CD8772B001D
:109460002D68002DFBD11A60AF23156002225B002E
:10947000B948CA540EF0CCFDB8480EF0C9FD072219
:10948000B74BC0219D731D701A72063A9A72C7229B
:10949000B4485D729200835809061B021B0A0B43F5
:1094A000835080231B060360AF4E0E222D21300017
:1094B00011F0DEFB8023AD4A9B00B57393618022DF
:1094C000AB4952008A618B61802128000902FAF7BA
:1094D00089FD29002800FAF785FD3720A549FAF70C
:1094E00081FD22213620FAF77DFDC621102089005A
:1094F000FAF778FD1120A049FAF774FD12209F4970
:10950000FAF770FD13209E49FAF76CFD84211420B0
:109510008900FAF767FD49209A49FAF763FD7B2035
:109520009949FAF75FFD7D209849FAF75BFD4820DD
:109530009749FAF757FD40209649FAF753FD102254
:109540002000954911F0C3FC615D2B0319430920EC
:1095500089B20135FAF746FD102DF5D1F8211C200E
:10956000C900FAF73FFD1D208C49FAF73BFD1E208C
:109570008B49FAF737FD1F208A49FAF733FD3E2061
:109580008949FAF72FFD73208849FAF72BFD7720D8
:109590008749FAF727FD19208649FAF723FDB421F8
:1095A00028200901FAF71EFDAA2129200902FAF74D
:1095B00019FDCC212A20C901FAF714FD2C207E497F
:1095C000FAF710FD2F207D49FAF70CFD53207C4956
:1095D000FAF708FD7E207B49FAF704FD46207A4918
:1095E000FAF700FD4A207949FAF7FCFC0720784990
:1095F000FAF7F8FC90210024764B774A33200902D1
:109600001A80FAF7EFFC00213F20FAF7EBFC7348D1
:109610000FF030F903F044FBFF22F025260027006D
:109620006F4B6D031C806F4B1C706F4B1C706F4B2E
:109630001A706F4B1A706F4B1C706F4B1C706F4B16
:109640001C706F4B1C706F4B1C706F4B1C706F4B02
:109650001D600EF03DFB0494059403952800202224
:1096600012A9FBF7D7F812A80EF0AAFA00281BD00F
:10967000442204AB9B181B783C3A13420BD10121C6
:10968000614A1170002F03D0139A0499914202D2BB
:109690000700139A0492002E02D0169A944202D226
:1096A000169C059303950600F42320355B039D4229
:1096B000D4D1574B002E00D130E101341C60039B04
:1096C0002033AB4201D2514A13600024A74201D09B
:1096D000049C01344F4B1C60002E02D0059B1B07DD
:1096E00012D412AD10220021280011F0C1FA01237A
:1096F000F8225B425242139428006B81AA81AB731B
:109700000EF046FB0EF0E4FA0822434812A9FBF7DC
:1097100081F8424B04AA4048138712A980E0C04652
:1097200018CF010838CF010878CF0108F0D201081E
:10973000CCBF0108B81A0020F80000207C020020ED
:10974000941A002098CF0108814F01084D43010869
:109750006C1A0020701A00205000002048000020E1
:10976000005C004000E100E0D02000200014005028
:10977000000400501F9D00003A030000DB030000BE
:10978000DF030000B22A0000DC73000020E90000C3
:10979000A833000016350000F7C0010855E50000A9
:1097A000584C00005AC60000C694000091460000C4
:1097B000EF8800004110000022180000909800007F
:1097C000282000003E3000000A60000030540000F5
:1097D000CE610000C41A00200090FFFFCE200020C0
:1097E000DE1A0020DC1A00201E1F0020DB1A0020D9
:1097F000DA1A0020D91A0020D81A0020D71A00201F
:10980000D61A0020D51A0020D41A0020D01A002021
:10981000CC1A0020C81A002058A1000029630000BB
:1098200000230822FBF7BCFC03F002FE022100200B
:1098300003F0C8FE0221012003F0C4FE02F0F0FE96
:10984000012008F0A1FAD2480FF014F8D1480FF027
:1098500011F8D1480FF00EF8D0480FF00BF80020A7
:1098600006F088FEFBF752F8CD4C002858D10027AF
:10987000FF2200239446CB492678CB4C0B706A46D6
:109880006546107A029A2A40D200155D002D07D055
:10989000002E00D086E0A218D279332A00D081E0D1
:1098A000002B00D00870FBF731F800287FD00A2485
:1098B00004F028FEFBF7A2F904F060FD01237F22EB
:1098C0000021BA48009404F081FB03237F22002189
:1098D000B748009404F07AFB0024FBF7C9F8FBF7C3
:1098E000B9F8FBF743FAFBF711F8002800D192E032
:1098F0000024B048FBF7A8F9322CF4D11322AE4B68
:109900001A70AE4B1A700022AD4B1A8057E0AD486A
:109910002EE50323584331E5AA482FE51E60D4E61F
:10992000FBF7C8FD0600A848FBF78EF9FAF7EEFF33
:1099300000289CD0FBF7BEFD0500A348FBF784F987
:10994000A24B5A7F0A32964211D0B5428FD10221E2
:10995000994A1570994A1570994A1180122D0ED0A6
:10996000112D84D101229A4B03271A7080E701221E
:10997000197F02274A401A7704F05EF878E71A7FC9
:10998000002A00D073E701275A76277004F054F8B4
:10999000332007F0E7FE8F4B8F4A187012788F4BF9
:1099A0001A6065E7029B01330293012367E7FBF727
:1099B00081FD132800D07AE7002F00D077E7884B8D
:1099C000824C1B78002B30D1864B1B78002B2CD17E
:1099D0000520083408F07AF8E37F3C2B22D8F9F709
:1099E000F7FF814B01221A70804B784F1B78022BB6
:1099F00001D0052B01D1F9F769FC3B003833187809
:109A00000138042800D95FE1F8F78AFF54015A01B0
:109A1000B201B901B901FBF74DFD132800D067E78A
:109A2000013466E7FBF7A2F9DBE72500403504F0D7
:109A300069FDFBF7E3F804F0A1FCFBF719F8FBF76D
:109A400009F82B78042219009143012916D10FF04F
:109A5000D5FCFBF78BF90422654B5C4E1B789343D6
:109A6000012B00D0DEE00025012F00D0E8E03836E1
:109A7000357038000BF068FF5E4BB3E7042B09D15B
:109A80000BF0B0FFFAF7F4FFFAF7E4FF01200DF056
:109A9000C7FEDEE71022584806A9FAF7BBFE1022DF
:109AA0000AA95648FAF7B6FE554B1E88300002F058
:109AB000F3FA642102903000F8F7C2FF30008BB255
:109AC00064210393F8F736FF029B4E4982B200935C
:109AD0000EA8039B0BF09CFF2B784B49032B0BD05C
:109AE000002B45D104AA127A04AB1B7E002A0BD1AD
:109AF0004649002B00D00AA906A811F0E0F90EA9EA
:109B00000AA811F0DCF901E0002BF8D00A250023A7
:109B10007F221900009506A804F058FA02237F223C
:109B2000002100950AA804F051FA042300217F22A5
:109B3000374804F08FFA8021364B763549421800B9
:109B400080300278013DD24302701A78EDB24A406B
:109B50001A700133002DF2D12F4A304912A80BF0B0
:109B600057FF06237F22290012A804F073FA89E721
:109B7000022BCBD104AB1B7A002B03D1234906A8BF
:109B800011F09DF904AB1B7E002BBFD12449B7E730
:109B9000841F0020861F0020881F00208A1F0020AD
:109BA000821F0020781F002078D00108C2C0010861
:109BB000CAC00108102700006100002060000020DA
:109BC000761F002000366E01204E00008C1F002002
:109BD000E01A0020811F0020801F00207C1F002031
:109BE000741F0020731F0020721F0020C41F00205C
:109BF000CC1F0020711F0020C8A00000D8A00000CA
:109C0000621E002015C30108D3C00108DBC0010893
:109C10003BD00108611C002036D00108ECC00108CF
:109C2000E3C00108C84D2B78002B05D0FBF742FCA0
:109C30001328F7D000232B70012008F0A5F812E7B5
:109C4000032F35D1E31DDD7723003E331D70230044
:109C500047331D70230048331D8023004A331D7095
:109C60002423FF33E554B94BB94A1E68B949300083
:109C7000A577A58402F09AFC3300023F2D331F70B4
:109C8000043B1F70300002F0A9FBB34B38001E608C
:109C900008F07AF8FAF766FCFBF720F9AF4BB04A08
:109CA0001D703D2365763834D37725700337E0E6A1
:109CB0002F00DEE63A003B003932127829331A7061
:109CC00001210800FBF75AFF3B003E3319780029B9
:109CD00003D01E224A43A34B1A700DF043FD01200E
:109CE0000CF012F9002802D001200FF075F89E4BFD
:109CF00002931B78012B00D091E09C4B03931B78BF
:109D0000002B03D19A4B1B78002B52D0994B9A4DC4
:109D10001E782C68012E0ED93B000833DB7F002B08
:109D200030D1002C01D0FA2C05D18023934A9B011D
:109D300051694B40536101342C60032E32D13B00FA
:109D40000833DB7F002B2BD08D4B9C4231D9002375
:109D50002B60FAF77BFB01238A4C1A0020881E2116
:109D600080B2FBF77FF8238864339BB2238020E026
:109D7000FAF7D4FC844B18780BF0E6FDA4E70FF05B
:109D80006FFBA1E7002C05D12623FF33F85CF9F720
:109D9000F5FDD0E77D4B9C42CDD192235B00F5E7EA
:109DA0007B4BD2E77B4B9C4203D900232B60012ED7
:109DB000CFD0794B1A78002A03D16D4A1278002A45
:109DC0002DD000221A70754B1B88934204D13B00A2
:109DD0000833DB7F3D2B04D12623FF33F85CF9F7F2
:109DE000CDFD0024C822039B92001C70654B1A8095
:109DF0006B4B1B78A34208D06A4D2B78012B00D007
:109E000083E002332B70FAF7F9FEF9F74FFC0620D6
:109E100001F092FE042002F0CDFD0BF087FD624BB5
:109E200003931B78002B00D0B1E1029B1B78012B20
:109E300003D05E4A9B009B5898475D4E3378002BB9
:109E400004D05C4B1B78002B00D0A0E101F064FE35
:109E5000002809D10023584DEB56002B64D17B1DFF
:109E6000DB7F002B00D0BBE0544B1B78002B00D1D4
:109E700026E1534B1B78002B00D121E102F068F85A
:109E8000002800D01CE1BB7D4E4A9B075B0F9B5A0C
:109E90000730BC8A04930CF00DF90F230509ADB20D
:109EA0001840022820D90A200CF004F9C3041BD45E
:109EB000C0B2092818D92B00DD22193BFF3B9BB209
:109EC0001201934210D3049A3F4B4049944200D868
:109ED000C6E01A88A21A012A00D0C4E00A88100538
:109EE00002D4132A00D9BEE0384B1D80364B1C80AB
:109EF000374B1B78002B00D0A6E2314B002219789B
:109F0000200049B20CF0C0F9D4E0022B00D07AE76F
:109F1000220021001020FCF7AFFD01222D4B2C70F8
:109F20001C702D4B1A706EE72C4B1B78002B96D0B3
:109F3000284B1B78002B92D1FCF7E0F801F0ECFDE8
:109F400000288CD090E7C046DF2000206C1E002047
:109F500090FE960205040000681E0020641E00208A
:109F6000941F0020701F00206A1F0020FA1E00208E
:109F7000F91E0020F81E0020F41E002000080050EA
:109F8000102101005C0000205F000020983A0000D2
:109F900098340100E0280100F01E0020401F00203E
:109FA000EF1E0020EE1E0020721F00204CD0010882
:109FB0005E1F0020421F0020241F0020E91E0020F9
:109FC000231F002068D00108701E0020721E002090
:109FD000DA1E0020201F0020ED1E00205B00002064
:109FE000184C2378002B00D13EE70023EB56002BC2
:109FF00000D039E7144B1B78002B00D034E7029BCC
:10A000001B78052B00D12FE7104B1B78002B00D0BD
:10A010002AE73378002B00D026E7F9F7E1F90C4D59
:10A020002B78002B05D00B4B1878002801D10BF0B2
:10A030008BFC0023084A2B701370084A237013709E
:10A0400012E7C0465A000020201F0020371F0020C2
:10A05000EC1E0020431F0020EB1E0020EA1E002003
:10A06000049A94420CD11A88121B012A08D1C34ABF
:10A070001288100500D437E7C148824200D933E77F
:10A080001C80C04B0D801B78002B00D0D0E1BE4A55
:10A0900013800122BD4B1A70FB7C002B00D13C8247
:10A0A000FAF764FEA0238022DB0552009A61B84BC8
:10A0B000FF3A1A7003200BF047FC0022B54B1A70D0
:10A0C000BB7F002B09D0B44BB44A1B88002B00D0B7
:10A0D000C2E11388002B00D1C2E1B14C2378002BE0
:10A0E0001FD0B04B1B78002B15D1AF4B1B78002B2A
:10A0F00011D1FB1DDB7F002B0DD0AC4B1B78002B4F
:10A1000009D1AB4BAB4A1B781278134303D1337898
:10A11000002B00D1F3E1FA22A74B92001A80002312
:10A120002370A64E3378002B31D0029B1B78052B71
:10A130002DD1A34D2B78002B00D1E4E1FAF73AFAA8
:10A14000BB7F002B05D03B00FE33198CD88BFAF770
:10A1500031F97B1DDB7F002B10D0964B1B785BB257
:10A16000002B0BD1914B1B78002B07D1954B1C7802
:10A17000002C03D1F9F734F9934B1C7001F0F4FE75
:10A180000A22924B1A8000232B7000233370904BCD
:10A190001A78002A00D1A0E500241C7003F01EFCF0
:10A1A000FAF76EFD8B4A2000138801339BB21380AF
:10A1B0000BF0AAFEA04202D020000EF00DFE039B81
:10A1C0001B78002B01D1FDF72DF9834B1A78002A5B
:10A1D00000D182E500221A70804A1378002B07D044
:10A1E000013BDBB21370002B02D101227C4B1A70B1
:10A1F000029B1B7802937B4B1B78002B08D0029BA1
:10A20000012B00D1B7E101F0A3FE002800D0BCE192
:10A21000754A1378002B21D0013BDBB21370002B61
:10A220001CD1724B1A688023D28BDB009A4210D269
:10A230006F4B1B78013B022B0BD86E4B1B78002B0E
:10A2400007D1F9F78DFA6C4B1878022801D101F08B
:10A2500073FCFCF7E7FA0022684B1A70684A13781F
:10A26000002B13D067490978072901D000290DD1A7
:10A27000013BDBB21370002B08D1634B1B78002B22
:10A2800004D0FCF705FA0122554B1A705F4A138877
:10A29000002B00D07BE100235D4A05931378002B4F
:10A2A00000D081E105F0F8FE5A4B04931B88002B87
:10A2B00000D082E1584B1C88584B1D7878236B43A3
:10A2C0009C4218D1564E3378002B14D0FAF7AAFCD2
:10A2D000F8F716FF00210620FAF716F80A22FB1DF0
:10A2E000DB7F5343394A13800023012233703C4BF8
:10A2F0001A704C4B1A70029B494E012B00D1ACE1F5
:10A3000001F026FE002800D0A7E1294B1B78042B82
:10A3100000D1A2E12B4B1B78002B00D09DE13E4BDE
:10A32000002C00D170E1013CA4B21C80002C00D0B4
:10A330006AE101220425049B32701C80234B1A80A1
:10A34000F8F7DEFE2000384CF9F718FB2820A5624C
:10A35000F9F7EAF84020F9F7E7F8AE20F9F7E4F862
:10A36000A5610322314B0620197801311140197083
:10A370004B425941C9B2F9F7C7FF57E1721E00209D
:10A38000EB0F0000DA1E0020D81E0020D71E002090
:10A39000741E0020E91E0020E21E0020E01E0020A6
:10A3A000E81E0020201F0020E71E00203E1F002086
:10A3B000431F0020241F002058000020E61E00201C
:10A3C000E51E0020371F0020E41E0020381F00205B
:10A3D0006F1F0020FC1E00206E1F00206D1F00203C
:10A3E0006C1F00206B1F0020641F0020601F0020D6
:10A3F0005F1F00205E1F00205D1F00205C1F0020EB
:10A400005B1F00205A1F0020461F0020441F002011
:10A41000421F0020401F00203C1F00205E00002043
:10A420003A1F0020711F002000040050361F00203A
:10A430008C490B782F2B0CD85A1CD2B20A708A493F
:10A440005B005C52302A04D08723DB009C4200D2A0
:10A4500053E50BF051FF2DE60021844B118019705C
:10A460003378002B00D038E6029B1C78FD23A21E17
:10A470001A4200D131E67E4B1B785BB2002B00D034
:10A480002BE67C4B794A187800281ED011787A4A3E
:10A49000002914D064211180012C00D01DE6774AD8
:10A4A0001278002A00D018E61B78002B00D014E6A2
:10A4B000F9F710F9724B1C70724B1C700DE6128884
:10A4C00091B2002AE8D11970E6E71278002A00D18B
:10A4D00003E601221A70052C01D107F0F7FA029B5E
:10A4E0001B78012B00D1F8E5674B1B78002B00D0BF
:10A4F000F3E508F04FFB0122624B1A70EDE50520F1
:10A5000007F0E4FA0BE6614B1B78002B00D03CE629
:10A510007B1DDB7F5E4A5F4C0492002B0BD0544BBB
:10A520001B785BB2002B06D15B4B1B78002B02D152
:10A530002378002B17D0FB1DDA7F584B19780A239C
:10A54000002900D0BE335343049A138001232B709B
:10A5500000252570F9F7B4FFF9F7E2FF290028007C
:10A56000F9F7D2FE11E6F8F73BFF0A23049A1380AD
:10A57000093B237009E64A4B01221B889BB2134218
:10A5800000D145E63E4B1A7042E6464BF4E7013BEC
:10A590009BB21380002B00D07DE6434B1B78013B20
:10A5A0005A425341DBB277E6013B13703F4B1B78B5
:10A5B000002B00D176E6FFF790FB3D4A1278002A87
:10A5C00000D077E6344A1278002A00D072E6364A84
:10A5D0001278012A06D1132800D16BE6153801281C
:10A5E00000D867E6049A013B9BB21380002B00D091
:10A5F00060E63B000833DB7F3C2B00D95AE6F9F7D5
:10A60000E7F9FAF795FA55E61B885A1E132A09D876
:10A61000002D07D000209B0702D12623FF33F85CD2
:10A62000F9F7ACF93378002B00D09AE6039B1D783C
:10A63000002D47D01F4C20000EF01CF9FA221E4BB3
:10A6400052001B88934206D81C4BDA8823889A4212
:10A6500001D3FFF742FBFBF7EBFB78226A43184B71
:10A660001A80DFE7D61E0020761E0020DF1E0020A5
:10A67000241F0020DE1E0020DC1E0020201F0020E2
:10A68000711F00206C1F0020F91E0020371F0020C2
:10A69000381F0020E41E00203E1F00203A1F00202B
:10A6A000681F0020661F0020431F00205E1F00203F
:10A6B0003F1F0020CE200020CC2000202A1F002099
:10A6C0003C1F0020B24B1C880134A4B21C80029BAA
:10A6D000012B13D0E30711D4AE4B18780493461C1A
:10A6E000F6B21E70AC4B4000C0180EF0C3F8032E3B
:10A6F00001D9049B1D70012005F03CFFA4070BD17C
:10A70000A64B1B78002B00D019E1A54B1B78002B22
:10A7100002D00122A34B1A70A34B1B78002B65D1EA
:10A72000A24B1B785BB2002B60D101F0F5F9002839
:10A730005CD19F4B1B78002B03D09E4B1B78002BCA
:10A7400054D09D4B1A78042A50D09C4B1B78002B78
:10A750004CD19B4B9B481B78002B12D09A490B780D
:10A76000002B0ED0994C2478002C0AD1012A08D055
:10A77000013BDBB20B70002B03D18A4901334376D6
:10A780000B70059B002B31D00021914B1980012AC1
:10A7900008D105F081FC132802D01538012801D812
:10A7A000FAF7E4FA8B4C2378002B03D1874B1B7804
:10A7B000002B02D0022001F0BFF9FCF721F8FAF7D4
:10A7C000EFF800237B4A23701370834A1370012231
:10A7D000824B1A70824B1B78002B04D001F0B8FB1F
:10A7E000002800D1032528000BF0AEF87D4B1B7824
:10A7F000002B18D17C4B1A78002A14D01878013815
:10A80000C0B2187000280ED102F0D4F8744B1B7837
:10A81000002B08D001F09CFB002804D10BF070FF46
:10A8200003200BF091F8714B1B88002B0FD13B00DC
:10A830000833DB7F013B3B2B09D85E4B1B78002B99
:10A8400005D1594B1B78002B01D1FAF771F9684BF0
:10A850001B78002B1ED0674D01212C88664B0134DC
:10A86000A4B222000A40110000201A702C8003F0CC
:10A8700077FB029B012B0DD01D2C65D80AD1474BCD
:10A880001B78002B06D15D4B1B78002B02D10220D8
:10A8900001F052F901F040F9002873D0584B1B78B1
:10A8A000002B6FD157490A78012A6BD85648037894
:10A8B0000133DBB20370012A07D1202B05D9534B9A
:10A8C0001B7802330B70374B1A700122434B1A70FE
:10A8D000394B1B78002B0BD14D4B1B78002B1BD118
:10A8E00001F036FB002800D1A4E0012003F06EFE49
:10A8F000484A1378092B0FD1474B197A00290BD1FD
:10A900005968002908D045480068814204D81B686E
:10A9100013700122314B1A70414B1B78002B01D16F
:10A92000FFF7DBF90DF07EF93E4A3F4913888B4271
:10A9300001D9FFF7D2F901331380FFF7CEF90122D5
:10A94000184B1A70254BE6E600232B80134B1B781F
:10A95000002B9FD1294B1B78002B02D1022001F044
:10A96000EBF8324B1B78002B94D1039A013305206E
:10A97000137007F0ABF82E4BDB7F3C2B8AD8F9F72E
:10A9800027F887E7084B1B78002B9ED1A0E7C0462D
:10A99000281F0020261F0020841F0020741F002075
:10A9A000251F0020711F00203E1F0020241F0020B3
:10A9B000231F00203F1F0020431F0020371F0020BF
:10A9C000CA1F00208C1F0020701F0020221F0020A3
:10A9D000441F00205F1F0020211F00206C1F00204B
:10A9E0005E1F0020201F00201F1F0020401F00208E
:10A9F000021F0020001F0020FF1E0020FE1E00205E
:10AA0000061F0020051F0020041F0020031F002038
:10AA1000071F00205A1F00200C1F0020081F0020C5
:10AA20001E1F00201C1F0020FDFF0000731F0020C0
:10AA3000941F00201B4B1D78002D00D158E70022E9
:10AA4000194B9A56022A00D052E70024174E345769
:10AA5000082C24DC0123200018401C4206D19D4212
:10AA600001D003F087FD0134347041E7012D08D196
:10AA7000601E0628F7D8F7F735FF0AF60AF60EF635
:10AA80001000180003F076FD032DECD1F0E7032051
:10AA900001F052F8E7E70420FAE70520F8E718701C
:10AAA00026E7C0461A1F0020191F0020181F00208B
:10AAB000F0B58B4B04001B780E00150085B0002B01
:10AAC00000D1B8E10F2801D100F0DAFD0022854B5A
:10AAD0001A70954201D100F06DFD0D283DD011286E
:10AAE00027D00A283ED1804D2B7893421DD17F4E2E
:10AAF0007F4F3278F95C914219D001330A2BF9D19A
:10AB000001340A21E0B2F7F79BFF7B5C33700CF055
:10AB10007DFD0022774B1A70774B1A700BF0B6FF51
:10AB2000022001F009F801232B7005B0F0BDDCB262
:10AB3000E6E7724C2378002BF7D1714A1370714A03
:10AB400013706C4A13706C4A13700BF09FFF022055
:10AB500000F0F2FF01232370E7E70CF085FD0022EF
:10AB6000694B78E11228E0D8F7F7D0FE59001300BE
:10AB7000130013001300130013001300130013003D
:10AB8000DFFF78008C00F7FFDFFFDFFFDFFF9900BA
:10AB9000B100002EC9D05D4A5D4B1278661E01924D
:10ABA000544AF6B2995D1078554B534F1D78A04228
:10ABB0001DD1002D1BD03878013D0130F8F72AF85F
:10ABC00005227243534B39709B18019A5B5C002A33
:10ABD00005D11A00413A192A01D82033DBB2494A7B
:10ABE000535501224C4B1A700BF050FF9DE7052185
:10ABF0001470002271433A706A1CD2B21A70454B2D
:10AC0000CB5C0199002905D119004139192901D8D6
:10AC10002033DBB23B494B5500238B54E1E7002E38
:10AC200000D182E7334E344C3578002D11D1344BAE
:10AC30001B78002B0DD0334A013BD15C202904D175
:10AC40001031D15401232370CBE70DF039FA257070
:10AC5000C7E70DF035FA00233370F4E7002E00D17A
:10AC600063E70022234B26491A70234B1A702A4BA4
:10AC70001A700B789342B7D0013BDBB20B702149BD
:10AC8000CA54B1E7002E00D14FE70023194A1370D0
:10AC9000194A1370204A13700DF012FAA4E7012329
:10ACA0001A4A11784B4013700BF0F0FE022000F0AE
:10ACB00043FF3AE70C4A002E02D00023137034E71A
:10ACC0001378002BF9D101210F4B1970F5E7002300
:10ACD0000B4A13700B4A1370064A1370064AE2E7D8
:10ACE000071F0020D5080020D90300200100002004
:10ACF000EFCB01083306002032060020D8030020E5
:10AD00002B040020DA0300205F0000200000002058
:10AD1000E6CB0108B9CB010834060020C44B1B78F0
:10AD2000002B00D101E70022C24BC34E1A70C34B67
:10AD30001A703378934200D156E7C14C236893428E
:10AD400001D101F06DFC24686369186801F02EF8E8
:10AD5000002804D0230028331B78002B60D1B94B86
:10AD60001B78002B5CD133342378002B03D0B64BF7
:10AD70001B78042B5BD0B54B1B78002B59D00620D9
:10AD800083424ED8F9F7A7FB012006F09FFEB04B97
:10AD900000241A7E0A2301325343AE4A13801388DB
:10ADA000AD4A9BB21380AD4B1C70AD4B1C70AD4BCC
:10ADB0001C70AD4B1C70F9F749FB2000F9F756FBEE
:10ADC00021005120F9F70EF92000F9F723FB9E4BE3
:10ADD0001D78012D00D007E73000F7F77BFD02005A
:10ADE000A24B310018700132A14810F070F8022215
:10ADF000A04B1A70A04BA14A1D70A14B1D70A14B16
:10AE00001C70A14B1C60A14B1C70A14B1B6805332F
:10AE10001360A04B1C70A04B1C700BF037FEE3E6D8
:10AE2000032001F0C7FD022000F086FEDCE60120D1
:10AE3000F7E70220F5E7994B1F78002F0DD0102877
:10AE40000BD00D2809D0002D00D06EE6002E00D1C9
:10AE50006BE6934B02221A7067E6924B02931B78C3
:10AE60000193002B2BD0002E01D100F0EFFB002D21
:10AE700000D0D1E32000F8F7A3FA0190FF2800D119
:10AE8000B1E3894F3C78002C0CD1884E0E222D2145
:10AE900030000FF0EDFEB573631C019A3B70834BDD
:10AEA0001A5501E00D2CF7D91022814B1A7000229F
:10AEB000804B1A70804B01321A70794BCBE7122C01
:10AEC000C1D82000F7F72CFD130013001300130066
:10AED0001300130013001300130013006901120282
:10AEE000120288021D036B03710313001300002D6F
:10AEF00015D0002E00D118E6704B1B78002B00D027
:10AF000013E66F4A1178002902D01370694A137052
:10AF1000F9F746FD01212000FBF73AF905E6002E7E
:10AF200001D05F4B56E2674B1B78002B00D030E11D
:10AF3000654B634F1B785BB2002B28D0200003F0D9
:10AF4000EBFA3B78012B00D8EFE50A205F4B3E700F
:10AF50001A785B785043C018C0B2002807D1192274
:10AF60005B4B1A7003F028FB02F0B4FFDDE51828F4
:10AF700000D9DAE5564B187001F07CF90028F1D1C0
:10AF80000222474B01301A7001F08CF9EAE7304E8B
:10AF9000737B02934F4B1D683B78002B15D1EB8BD5
:10AFA0004D4A9B18062B10D8482229004B480FF019
:10AFB0008EFF029B4A4A5B00995BF3189B881180C5
:10AFC000484A13800122484B1A70200003F0A4FA6B
:10AFD0001022374B1A700393F8F7C2FB0022354B4F
:10AFE0001A708022EB8BD200934202D20423039A80
:10AFF00064E6394A9B18062B00D92AE72B693C786E
:10B000001A683A4B93429B415B4206330193002CF2
:10B0100000D18AE503219C4200D30D311020F7F7BF
:10B0200013FD039B1870019B9C4261D93B707CE52A
:10B030002B04002033060020DA0300203206002013
:10B04000681E0020F91E00206A1F0020731F0020C8
:10B050008C1F0020681F002080030020FA1E0020A3
:10B06000F01E0020BE070020BD070020AB05002019
:10B07000AF05002036060020350600200C06002013
:10B0800008060020AC050020040600200006002071
:10B09000081F0020AD050020AE0500205E1F002027
:10B0A0005D1F0020221F00203E0800202F080020E6
:10B0B000641F00205F000020ED1E0020431F0020C1
:10B0C0005F1F0020D5080020241F0020D00300208F
:10B0D000B51F0020601F002000FCFFFF8803002038
:10B0E00084030020820300205C1F0020FFE0F505A0
:10B0F00003F02AFA01F010F800220A21019B1B1B21
:10B1000093423ADC64244443C74BC84F9C423CD929
:10B11000C74BE318BB4233D8C64BA3429B41C64C36
:10B120001C40C64BE418200000F000FE2B8E83422A
:10B1300010D0802380B2DB002886C018029B80B22A
:10B140005B00F052F618B08002F03CFC022102983D
:10B1500002F038FAAE8B2000310000F0F5FDB44B60
:10B16000C318BB4204D8B34B984210D8B348801BD5
:10B1700028600122B24B1A80D7E448430132BFE76E
:10B18000B04B9C42CFD91C00CDE7AF4CCBE7AF48CA
:10B19000EEE7F9F705FC3100BDE6002E4AD0002DA0
:10B1A00000D1BEE6AA4B1B785BB2002B7AD000F030
:10B1B000CFFE002804D1A74B1B88092B00D8B4E48C
:10B1C000A54BA64C1B682568002B56D08022A44BAB
:10B1D000D2001B88934250D3F7F7A4FF2800F7F75B
:10B1E000C7FF002807D19F4B1B681868F7F7C0FFFF
:10B1F000002800D199E49C4B9C4A1D781100002343
:10B20000AB4232D115004B3529784E0090531F20A8
:10B21000013101402970202B02D001334A321370D2
:10B22000F7F7E6FF03F0C8F9914B1B682360FAF7C4
:10B2300065FF7AE4002D00D077E4019B002B00D05D
:10B2400073E401248B4B1C70F8F78AFA8A4B01993E
:10B250001A781970002A00D081E47D4B1B785BB20C
:10B26000002B35D0F8F7DCFA5FE402318E1E368809
:10B270008642D7D00133DBB2C2E7ADB2280000F07E
:10B2800071FF802302785B421343037001002800A2
:10B2900000F058FF03F090F90122784B1A70784BB8
:10B2A0001A70C1E7774A1370774B1B78002B00D0D8
:10B2B0003BE4714A1178002902D01370734A13706D
:10B2C0000121734B0A000A201970FAF719FD2CE4CA
:10B2D000704B1B7F002B03D0F9F762FBFFF725FCB7
:10B2E0006D4B1C70694B1C70FFF71FFC01210B2C70
:10B2F0000FD1684CE37E002B01D1494249B2614B2A
:10B300001B78002B07D0481E431E984101210B30AB
:10B3100002E64942EDE7614A1370614A1370627BAD
:10B320005200A75A544A1078002802D013705D4A80
:10B330001370002D07D1002E01D1FFF7F6FB01227B
:10B34000594B1A7003E0002E01D1FFF7EEFB0022EB
:10B350003F4B9A56002A39D1544BFB18062B1CD868
:10B36000534B544A1C68208EC00013185B688258E7
:10B370002000F8F747F9504BC218504B9A4200D9B9
:10B3800067E52B4B294AC318934200D861E520603A
:10B39000F9F734F8F9F748F8EBE67818130080B2BB
:10B3A00000F0E8FF464B984201D1FFF7BEFB874211
:10B3B00001D1FFF7BAFB637B1A1D5200A052012294
:10B3C0005B00E0523F4B1A702C4B43E50800FAF744
:10B3D00061FC3D4B01223EE5002D79D1002E00D0CD
:10B3E0009FE5002F00D088E0194B234A1B785BB201
:10B3F000002B7BD11378002B01D1FFF796FB0A219C
:10B40000013BDBB21370314AD154002B05D1254BDF
:10B410001B78002B01D006F035FE1022154B1A7058
:10B42000F8F79EF9FFF79BFB3F771B003F6F40014A
:10B4300040B23EFC5F856104406F4001C04DC103D6
:10B440004A08002080A4BF0740771B0000BD01050B
:10B45000241F00204608002040080020C4070020C8
:10B46000440800206C1E002016050020CC0400209B
:10B47000C0070020641F00205F1F00201F0800205D
:10B48000AF070020D5080020431F00205F000020E8
:10B49000711F00208C1F0020B20700201E08002012
:10B4A000200800205C1F00205D1F002000FCFFFF23
:10B4B000601F002018CC0108C088E4FF402DA407BD
:10B4C000FFFF0000B0070020ED1E0020D003002089
:10B4D000002E01D1FFF729FB704B1B78002B01D107
:10B4E000FFF73DFB06F0CEFDFFF739FB6C4B177005
:10B4F0001F70F8F795F9FFF732FBF9F70FF9FFF72F
:10B5000014FB684B1B78012B01D1FFF70EFB664B38
:10B510001B78002B00D096E4002D02D1002E00D025
:10B52000FFE4624B1A7F002A00D0D5E6604A10780B
:10B53000002D08D0002826D1002E01D1FFF7F5FA02
:10B54000FBF7B0F8EDE400281DD15A4B1B785BB235
:10B55000002B14D1584B1B68002B10D10E225748DA
:10B5600057490FF0B4FC574B029A1D70012313701A
:10B570001022554B1A70554B1D70554B2AE7554BF1
:10B5800002221A70F9E7002106331170D87F524A5F
:10B59000D9771070012007F09DFB4C4BF0E7290094
:10B5A0003000FBF771F9FFF7C0FA3000FBF7BAF98A
:10B5B000FFF7BBFA122801D9FFF7B7FAF7F7A6F998
:10B5C0002FFBE9FAE9FAE9FAE9FAE9FAE9FAE9FA1C
:10B5D000E9FAE9FA7AFB4EFB62FBCDFAB5FAB5FA65
:10B5E000AEFB6FFB87FB122C00D932E42000F7F78B
:10B5F0008DF996FC96FC96FC96FC96FC96FC96FCC7
:10B6000096FC96FC96FC98FC7DFE7DFEF5FE88FF80
:10B61000D6FFDCFF96FC96FC122C01D9FFF785FAC9
:10B620002000F7F773F966FC66FC66FC66FC66FCB6
:10B6300066FC66FC66FC66FC66FCBCFD63FE63FEA5
:10B6400055FF6EFFBCFFC2FF66FC66FC122C01D9E1
:10B65000FFF7F9FB2000F7F759F94AFC4AFC4AFCCE
:10B660004AFC4AFC4AFC4AFC4AFC4AFC4AFCEDFD06
:10B6700049FE49FEBFFE54FFA2FFA8FF4AFC4AFC58
:10B68000002A01D0FFF751FA144B1D70144B1D70A6
:10B69000144B1D70144B1D70FFF7A6FA5C1F0020A1
:10B6A000BF0700206A1F00205F1F00208C1F0020A2
:10B6B000D5080020241F0020400800202F0800206B
:10B6C000D02000203E080020641F00205F000020E2
:10B6D000711F00205D1F0020330400202B04002078
:10B6E000DA0300203306002032060020002300B5D4
:10B6F0000B604D2800D976E0F7F7FEF8272B333999
:10B700003B393B6B753F5757574343435F47312D99
:10B710005F272F5F57353D4D573149575F434B5793
:10B720004545757573574F57477337736B6B573173
:10B73000575B5D575F5F61575F5757575757717337
:10B740005765535959595959735F0923002013609C
:10B7500000BD1723FAE73D23F8E701230B600A2316
:10B76000F4E70723F2E76823F0E7204BEEE7D02366
:10B77000ECE73223EAE72823E8E705230B60AE3342
:10B78000E4E71B4BE2E71B4BE0E70523DEE708237A
:10B79000DCE701230B601923D8E703230B60603338
:10B7A000D4E7154B0B60154BD0E70123CEE71523EB
:10B7B000CCE77823CAE70623C8E70323C6E70123BB
:10B7C0000B600E33C2E70E4B1B6834331B78012B22
:10B7D00001D10223BAE7022B03D10023B6E73F23AE
:10B7E000B4E70423B2E701204042B1E7FFFF0000C5
:10B7F000FF03000001040000DC050000AC0D0000A8
:10B80000601F00200E4B4900CA5A80231B0130B52F
:10B81000D2180400802013000C210A4D40015B0067
:10B82000034200D06B4001390029F8D1D802064B01
:10B8300018401043032C01D1044B584030BDC04682
:10B8400062E40108EA08000000F07F00FFFF7F00CB
:10B850007047000003000020044AC100515A994279
:10B8600003D001300A28F8D10B387047BC220020E1
:10B870000122002010B5064B5968DC688C4201D2C9
:10B8800021001000013208330A2AF6D110BDC0464B
:10B89000BC220020074A084BD27F002A03D0053380
:10B8A000DB7F002B04D0054B1B68054A13607047F3
:10B8B000044BF9E7921F00208C1F00206C1E002013
:10B8C000681E0020601F00200023064A1370064AED
:10B8D0001380064A1370064A1370064A1380064AFC
:10B8E00013707047FE210020FC210020FB21002066
:10B8F000FA210020F8210020F7210020F0B51E00D9
:10B9000085B0131CB24200D9331C00257F27DBB25F
:10B910000093174BCC011B7824180193154BE418A6
:10B92000009AEBB29A4201D805B0F0BD019A331FDC
:10B93000002A10D0104A039204229D4213DA80217B
:10B940006B1C494219410422200039400FF090F944
:10B9500001350534E4E7094A02A90392084A029234
:10B9600004229D4200DB03A920000FF0B0FAEFE7AC
:10B9700030230020E11A00207F41417F3E22223EF9
:10B980003E3E3E3E10B50400012903D00A4B89001B
:10B99000C85810BD830705D16421F7F73BF91D2076
:10B9A0000029F6D1C82120004900F7F733F94842B1
:10B9B00048411C30EDE7C046DCD6010870B50400F4
:10B9C0000D00012906D8012A04D1002110320FF000
:10B9D0004FF970BD112220000A490FF078FA022DAC
:10B9E000F7D9023D0D34042D00DD042503235D430A
:10B9F000651B200002220449033C0FF068FAAC42A8
:10BA0000F7D1E6E7D8BF01089FC1010870B50D0066
:10BA100007490400F7F714F820000E000449F6F770
:10BA200089FF330002000349280009F0F1FF70BDCF
:10BA3000A0860100A2C1010870B5154B1B78002B30
:10BA40000FD000232D25134CE25C29000A2A01D0D7
:10BA50003032D1B2C1540133042BF5D1002303712C
:10BA600070BD002904D00C49013209F0D1FFF7E77D
:10BA700080230A49DB009A4203D0094B9A4203D142
:10BA800008490FF01CFAEBE707490132EDE7C04621
:10BA90005F1F0020D0030020ABC101081EC20108B7
:10BAA000FFFF0000B3C10108AEC10108FF22104B27
:10BAB00010B518600F4B01241A700F4B1A70002339
:10BAC0000E4A13700E4A13700E4A137015220E4B55
:10BAD0001C700E4B1A70F8F7F1FD0D4B1B78002B04
:10BAE00002D1022009F030FF0A4B1C7010BDC04685
:10BAF000340500202E0500202D05002030050020F3
:10BB00002C050020041F0020051F00203805002000
:10BB10003E1F0020711F0020054B01201B78002BC9
:10BB200004D1044B18780238434258417047C0464C
:10BB30003E1F0020431F0020F7B5041E00D189E0FE
:10BB4000431E012B04D8494BDB7F002B00D181E041
:10BB50000220474E3378023B8343DBB2002B79D07F
:10BB6000062C77D8434F3B78002B02D042490AF08D
:10BB7000C2FAA0238022DB0552009A623378052B9B
:10BB800005D13E4B1B78002B01D0F8F74DFC3C480B
:10BB9000F9F75AF87120F7F72FFFE31E0190022BF7
:10BBA00004D8812170200902F8F71CFAF8F7A8FCE4
:10BBB0000320F8F72FFC9C2170200902F8F712FAF5
:10BBC00000213020F8F70EFA2E493020F8F70AFA53
:10BBD000FA20C000F9F738F8A0238022DB055200D4
:10BBE0009A612948F9F730F8062300255C43274A73
:10BBF00013199988A9422ED8A0248025E4056D0048
:10BC00002348A562F9F720F8F8F796FC2048F9F7E1
:10BC10001BF871200199F8F7E5F93F78002F02D061
:10BC20001C48F9F711F81C4B1B78002B00D0A561BC
:10BC3000002F03D0022019490AF05DFA3378052B52
:10BC400005D10E4B1B78002B01D0F8F769FC502270
:10BC5000134B1A80F7BDA05A5988F9F7EBF8013554
:10BC60000748F8F7F1FFEDB2C1E7C0468D1F00208D
:10BC70006A1F00205E1F002001420000E51E002018
:10BC8000204E00000203000060EA000032E50108D7
:10BC90008813000010270000741E0020010200001D
:10BCA000E21E0020F7B504001727E02380221B01C5
:10BCB00023401201934215D10025104B0093E30558
:10BCC000DB0D0193009A6B00D35A019A934206D17F
:10BCD000EEB231000220FFF795FDA0420BD00135F6
:10BCE000682DEFD1012323409B056408013F1C43CD
:10BCF000002FDAD1FF263000FEBDC04662E4010805
:10BD000070B502003224FF200023074E5900755AF7
:10BD1000511B00D5A91AA14201DA0C00D8B2013397
:10BD2000322BF3D170BDC046FEE301080623054A5D
:10BD3000D9005158814201D858B27047013BF7D21F
:10BD40000020FAE718CC0108164B70B505000C006E
:10BD5000994215D11449F6F773FE0800AF21890006
:10BD6000F6F7E8FD44430338434258410E4924188E
:10BD70002800F6F7DFFD0C4D45436519280070BD1E
:10BD80000129FBD0FA239B00994200D34C08601C88
:10BD900080B2401021004019F6F7CCFD4443250045
:10BDA000ECE7C04641030000C4090000484B010015
:10BDB000C218484B00B59A4200D985E0464B474A25
:10BDC000C318934200D87FE0454B18780A2800D961
:10BDD0007AE0F6F791FD061963232D2F3843477952
:10BDE0006D00404B994200D86EE03F4B00209942D5
:10BDF00005D93E4B994203D83D4B1878013800BD18
:10BE00003C4888428041FAE73B4B3C4ACB18002033
:10BE10009342F4D93A4B3B48C918F2E73A4A364BB9
:10BE20000020CB189342EAD9384B3948C918E8E7C3
:10BE3000324AF4E72B4B994246D9364B00209942BF
:10BE4000DDD9354BE7E7274B99423DD9314B0020EF
:10BE50009942D4D9304B3148C918D2E7304B3148D8
:10BE6000C918CEE7304B314ACB1800209342C6D9CF
:10BE70002F4BCB189342C2D92E4B9942BFD02E4B99
:10BE80009942BCD02D4B9942B9D02D4B9942B6D096
:10BE90002C4BC818431E98414042B0E7164B174A36
:10BEA000CB1800209342AAD9184B2748C918A8E7F5
:10BEB0000022264B1868884202D85868884205D864
:10BEC00001320833072AF5D10120E5E7002096E783
:10BED000C088E4FF402DA40740B23EFC3F6F400104
:10BEE000801F00209F0BD100BF0E1602FF59620277
:10BEF0003404002000879303004624FF7F1A0600C5
:10BF000080217FFDBFC62D003F0D030040DF6FFD88
:10BF10003F420F00BF80090100A69DFDBFFB390015
:10BF2000CF7257FD3E49000068343EFD5C4400007E
:10BF3000489336FDB0A8E70020C0E70090D7E7009F
:10BF4000E8DAEB00601914FF7F841E0018CC0108AA
:10BF500002220020034B1B78023BDBB29A42404195
:10BF6000C0B270476A1F00200023144A1370144A9D
:10BF70001370144A1370144A1370144A1370144A3D
:10BF80001380144A1370144A1370144A1370144A1D
:10BF90001370144A1370144A12681100343109786E
:10BFA000994201D113691B79104A13700022104B7A
:10BFB0001A70104B01321A707047C046CD0700202E
:10BFC000D4070020D6070020DA070020D107002080
:10BFD000CA070020D5070020D2070020D007002084
:10BFE000CF070020CE0700206C1E0020D7070020BE
:10BFF000DF1E0020711F0020030070B5094D0A4CA0
:10C000002A78081E2260237205D0084B0A211E6878
:10C01000F6F790FC8019092301222B70044B606015
:10C020001A7070BD5A1F00200C1F0020081F00202E
:10C030006C1F002010B500200349FFF7DDFF012031
:10C04000FFF77AFD10BDC046B80B000010B5FFF732
:10C05000F1FF10BD10B5FFF7EDFF10BD10B50020CA
:10C060000349FFF7C9FF0420FFF766FD10BDC04676
:10C07000B80B000010B500210120FFF7BDFF06201E
:10C08000FFF75AFD10BD10B5FFF7F4FF10BD10B556
:10C09000FFF7F0FF10BD00009322F8B51A4B5200D5
:10C0A0009A5C1C235343194A06009B180122191D50
:10C0B0000D88B54222D216484F88121892009B185C
:10C0C000FA22588819889200C01B5043491BF6F782
:10C0D000BBFC040028000F496043F6F7B5FCFA21C9
:10C0E000C719300089006043F6F724FC381801D5E1
:10C0F000002002E0642800DD6420F8BD0132043134
:10C10000072AD5D1F4E7C0468C1F002072E301084E
:10C11000FFFFFF3F18FCFFFF70B50400F6F7DAFBE6
:10C12000002301000A2518008B4200D370BDE25C99
:10C13000303AD2B2092AF9D8684301331018DBB279
:10C14000F2E70000064B10B5984208D88023DB01C7
:10C15000C01840000023022280B2F9F721F810BD78
:10C1600006040000F8B5184B05000024984228D8B2
:10C17000FFF770FB2700154EA0421BDA144AF900A6
:10C18000715A914205D001370A2FF8D1FFF770FBA1
:10C1900007008023FF00DB01BC1C3419E8180222D1
:10C1A00021004000F8F736FB0A4AF5531268F619E9
:10C1B000726006E0074AC4001268331902345A60FC
:10C1C00034192000F8BDC04606040000BC2200203F
:10C1D000FFFF0000F41E0020224B73B504000D0089
:10C1E00098421DD800291BD08023DB01C0180222F1
:10C1F000400001A9F8F70EFB0222290001A80EF069
:10C20000E3FE00280DD12000FFF724FB002807DB08
:10C21000154B2A88C0001B185A80144A12685A60AD
:10C2200073BD29002000FFF78DFF2000FFF712FBF0
:10C230000D4E002807DBC0002B88301843800B4BC5
:10C240001B684360ECE70020094BC200B25A9A42D7
:10C2500004D001300A28F8D1FFF70AFBC00034529D
:10C26000EAE7C04606040000BC220020F41E0020BD
:10C27000FFFF000070B50500192811D080260024AA
:10C28000F6002000FFF76EFF4378AB4202D103783F
:10C290007F2B05D90134A4B2B442F2D1002070BD85
:10C2A0000120FCE7F7B506001924134B134D019349
:10C2B0002F782878012E19D11921F6F7C1FB013109
:10C2C000C8B22870FFF7D6FF00280ED12878B842F0
:10C2D00003D0013CE4B2002CEBD1FFF7CBFF0028E8
:10C2E00003D11922019B29331A70F7BD1921173088
:10C2F000F6F790FCE3E7C0468C1F0020B51F002036
:10C3000070B506000C001500FFF72CFF8023DB0042
:10C310009E4229D20378002C02D05AB2002A23DB95
:10C32000DB435B0720D0002C1CD0182D04D94378A8
:10C33000002B03D0200070BD002D15D04378192BA1
:10C34000F8D0AB4210D1094A094B1278002AF1D03B
:10C350009A8D0024B242EDD0DC8DA41B631E9C415B
:10C36000E4B2E7E70124E5E70024E3E7B61F002095
:10C370008C1F0020F7B58025ED000E0004002F0073
:10C38000009201930B4B9C4212D0BC429B411C403B
:10C390002000019A0099FFF7B3FF002806D1013D64
:10C3A000A419ADB2A4B2002DECD1024C2000FEBD08
:10C3B000014CEDE7FFFF0000FF0300000279531E70
:10C3C000022B03D900230371002105E06723012A12
:10C3D00000D1363B9942F7D841717047F0B50369F7
:10C3E00004008BB01868FFF7A1FC022800DD71E0A3
:10C3F000674B684AD57D002D00D06EE0A31CDD7729
:10C4000081235B426384FE23FF22DB01A384E31DBF
:10C41000DA7763691868FFF789FC230001902933F4
:10C420001B785D1EEDB2002B01D15B4B1D78012303
:10C43000052D03D0AB1F5A4253415B00019A574967
:10C440005018032253430001C01804A9F8F7E2F979
:10C45000534B0293019B022B01D1524B02936B1F52
:10C460005A1E934103260333039304AF3878030025
:10C470001833DBB2052D06D8039B5843029B595D48
:10C48000F6F7E2FAC3B2013EF6B23B700137002E76
:10C49000ECD104AB019A18785D789F78424BD200BA
:10C4A000D1589B185E6863691B6899420EDA9E42F8
:10C4B00000DC6BE08A1952089A4262DB2E1A581A85
:10C4C0007043511AF6F7C0FA2818C0B22A34207007
:10C4D0000BB0F0BD80235B028BE7ED1823002F002B
:10C4E0002133049303330593023B069303330793ED
:10C4F000023B08930333099304AE603728000122FE
:10C5000002CE1035F8F786F9AF42F7D1E31CDB7F96
:10C51000201D0193A71CC57FF87F611D4210CE7FAF
:10C52000E11D9446C97F019AA31DDB7F520049009B
:10C530004008864203D1012E01D9023EB6B2934291
:10C5400003D17D2B01D802339BB28D4203D1FD2D47
:10C5500001D80235ADB26046F877601DC677FF2975
:10C5600000DDFF21E01DC177211DCD777F2A00DD91
:10C570007F22E11CCA777F2B00DD7F23A21DD377AA
:10C5800047E77F1B981A7843B11A9BE738009DE76D
:10C59000600001008C1F0020640000200D100000CE
:10C5A00066E301086CE3010818CC010870B51500BA
:10C5B000040044220E00043000210EF059FB280034
:10C5C000FFF7B4FB0D4B0422A3832300083320861E
:10C5D000E683DA7702226361094BFF322285256008
:10C5E000A56024619E4204D12300013AFF3A34330E
:10C5F0001A702000FFF7F2FE70BDC046E204000092
:10C6000001040000421CD27F0368012A03D1826921
:10C610009B1883607047022AFBD182699B1AF8E756
:10C6200010B5114B5A7B012A01D900225A73991D6A
:10C630005A7BC97F1000002906D0591DC97F0029E7
:10C6400002D150425041C0B248214A434143074CB5
:10C6500088329A1822608831054A18735B18136073
:10C66000FFF718F910BDC0468C1F0020601F002086
:10C670006C1E002070B54A4D2B682D331C78012CA0
:10C6800003D1484B1C780134E4B2A0238022002659
:10C69000DB0552009A62444B310030001E70F7F700
:10C6A00033FE022C00D9340020000CF0CBFE2B68A6
:10C6B0005B691868F7F7A2FE3C4B00201B681A0064
:10C6C00034321278824206D135331B78012B01D0E7
:10C6D000022B00D91800F7F7C9FE0020F7F79AFEE1
:10C6E0007E20F7F789F9382328219843014389B23E
:10C6F0007E20F7F777FCF7F70BFF00213620F7F7DE
:10C7000071FC37202A49F7F76DFC52202949F7F7C9
:10C7100069FC00213020F7F765FC27493020F7F746
:10C7200061FC2648F8F790FA2B685B691868F7F700
:10C73000DBFF01210800F7F7E7FD2148F8F784FA4D
:10C740002A682049130052692A3310681B78222274
:10C75000884200D81A3A80211B021343194336201D
:10C76000F7F740FC1548F8F76FFA2B685A6910790B
:10C7700001280DD0831E012B05D85179FFF742F80F
:10C78000F7F7D8FD70BD00215120F7F72BFCF9E732
:10C7900052790D4B5200D05AF7F7E8FDF2E7C04648
:10C7A000681E002024080020741E00206C1E00203B
:10C7B0001F9D00008F020000FEC100001027000036
:10C7C00088130000FF3EAB01FEE3010810B51D4BCE
:10C7D000400008431A78C0B20C00824230D0187072
:10C7E0007E20F7F709F9C3439BB2DB0BA34209D1C3
:10C7F000C0210005000DDB031843890101437E20A1
:10C80000F7F7F0FBC62110208900F7F7EBFB1120AA
:10C810000D49F7F7E7FB12200C49F7F7E3FB13206C
:10C820000B49F7F7DFFB842114208900F7F7DAFBC7
:10C8300049200849F7F7D6FB7B200749F7F7D2FBD9
:10C8400010BDC046620000203A030000DB03000078
:10C85000DF030000B22A0000DC73000070B50400A2
:10C860000520022C00D00438F7F7D4FD3120F7F76B
:10C87000C3F8012C55D1204381B23120F7F7B2FB28
:10C8800042204049F7F7AEFB2A203F49F7F7AAFBC1
:10C890003E4B1E78022E00D900263D4DF600715BFE
:10C8A0002B20AD19F7F79EFB2F206988F7F79AFB2D
:10C8B0005420A988F7F796FB5520E988F7F792FBF3
:10C8C000344B1B682D331878002800D003200CF05F
:10C8D000B9FD4820F7F790F80F23184381B248209C
:10C8E000F7F780FBA11E4B1E99412B4B4942194083
:10C8F0003D20F7F777FB7320F7F77EF821004B1EFA
:10C9000099411023013C984363425C410901014372
:10C9100089B27320F7F766FB0021E0B2FFF756FFFC
:10C9200070BD0123984381B23120F7F75BFB4220B1
:10C930001A49F7F757FBE8212A20C901F7F752FBFC
:10C9400000212B20F7F74EFB2F201549F7F74AFB64
:10C95000022C08D113495420F7F744FB1249552003
:10C96000F7F740FBB5E7114B1E78042E00D90026DF
:10C970000F4DB600715B5420AD19F7F733FB698892
:10C98000EDE7C0465C6F000034740000260800200C
:10C990003AE301086C1E0020AB2A00005A6B00002D
:10C9A0009098000009900000A9310000250800209F
:10C9B00052E301080D4B002807D11870587001226E
:10C9C0000B4B18700B4B1A707047062804D10322CA
:10C9D00018705A700520F2E70749084AC97F0029F4
:10C9E00002D1127B9854F5E7527BFBE7B822002076
:10C9F0001F1F00206C1F0020921F00208C1F002092
:10CA00000121814A10B51368013313607F4B1970FF
:10CA100010687F4B4343CB417E48834236D87E4BE0
:10CA20007E4819700388002B06D0013B9BB203801F
:10CA3000002B01D17A4B19707A490B88142B08D935
:10CA40000B88013B9BB20B80142B02D10121764B4A
:10CA5000197076490B88002B03D00B88013B9BB2E1
:10CA60000B8073490B88002B08D00B88013B9BB2CD
:10CA70000B80002B02D101216E4B19706E490B788F
:10CA8000002B03D00B78013BDBB20B7013689B07C4
:10CA900002D10122694B1A70694A1378002B03D026
:10CAA0001378013BDBB21370664A1378002B03D076
:10CAB0001378013BDBB21370634B1B78002B4BD117
:10CAC00062490A88002A08D00A88013A92B20A808C
:10CAD000002A02D15E4A0121117000205D4A1056E1
:10CAE000002847D15C4A1278002A15D15B4AD27FD0
:10CAF000002A11D05A1E012A0ED9042B0CD05849F5
:10CB00000A88002A08D00A88013A92B20A80002ACC
:10CB100002D1544A01211170534A54491278002A13
:10CB20005DD000285BD0524A1288002A57D1514864
:10CB30000278002A53D1504A1278D4B2002A4ED13A
:10CB4000042B4CD05A1E012A49D90A88013292B2CC
:10CB5000182A1ED80A801FE0052BBED147490A8833
:10CB6000002ABAD00A88013A92B20A80002AB4D1C7
:10CB7000434AB0E75A1E012ACED93D490A88002A05
:10CB8000CAD00A88013A92B20A80002AC4D1394A2E
:10CB9000C0E701220C8002703A490A88002A08D0B6
:10CBA0000A88013A92B20A80002A02D10121364A4B
:10CBB0001170364A1278002A15D0022B11D8002B9A
:10CBC00011D1334A1388002B0DD01388013B9BB23F
:10CBD0001380002B07D101222E4B1A7003E0002294
:10CBE000B8E7042BEDD12C4A1388002B03D013880F
:10CBF000013B9BB21380294A1378002B03D0137892
:10CC0000013BDBB2137010BD081F00206F1F002016
:10CC1000295C8FC251B81E056E1F0020B62200206D
:10CC20002D23002080030020FA1E0020661F002014
:10CC3000681F0020F01E0020F91E0020CC070020F5
:10CC4000CF070020D00700206A1F002058000020D6
:10CC5000E81E0020241F00203E1F0020911F0020FE
:10CC6000D80700205A00002003000020B422002032
:10CC7000460800205B000020DA070020381F002053
:10CC8000E61E0020CA070020D1070020231F002035
:10CC9000D81E0020E91E0020DC1E0020DF2000201E
:10CCA000F0B510259BB006AC2A00002120000DF045
:10CCB000DFFF2A0000210AA80DF0DAFF2A00384819
:10CCC0000AA9F7F7A7FD374E0AA83100F5F7F8FDD6
:10CCD00012AF002800D188E02A0031000EA80EF023
:10CCE000FFF800232A002E480EA9F8F759FA082267
:10CCF000002104A80DF0BCFFA020082204A9000216
:10CD0000F7F788FD6B463F221B7DA02093436A46C0
:10CD100004A91375000200230822F8F741FA08223B
:10CD2000002102A80DF0A4FF08221F4802A9F7F76E
:10CD300071FD6B466A465B7B1B48AB43537302A98C
:10CD400000230822F8F72CFA202239001748F7F7B9
:10CD500061FD0022BB5C002B06D0203B5E2B17D868
:10CD60000132102AF6D100230022B918097C0029CB
:10CD700021D020395E291BD91022002116A80DF0E0
:10CD800077FF0023202239000848F8F709FA14E059
:10CD90001022002138000DF06BFF0123E4E7C046AC
:10CDA00060A10000B8C1010858A10000C8A000009F
:10CDB0000132102AD9D1002BE3D107226946D3488A
:10CDC000F7F728FD00256B465B5701330DD1013580
:10CDD000072DF8D12A00CE4968460EF078F80023D6
:10CDE0002A006946C948F8F7DBF9A020082221008B
:10CDF0000002F7F70FFD0F2322781340042B00D910
:10CE00000023C4490B7013092F2A00D90023C24AFA
:10CE100013706378092B00D90123C04DEB75A378FB
:10CE20005A1FD2B2AE2A00D90B232B7623790121C7
:10CE30001A000A406A765A080A402A779A06120FA0
:10CE4000042A00D900226A7701229B091340EB765D
:10CE50006379013B59424B41AB77A379092B00D948
:10CE60001300EB77E379082B00D904232A004B3217
:10CE7000137021000822AA48F7F7CCFC0F23227870
:10CE800013400A2B00DD0A232621DBB21209FF31F1
:10CE90006B549A429B411A4092235B00EA54637898
:10CEA000032B00D90023AA1CD377A378022B00D927
:10CEB0000023AA1DD377E378052B00D90423EA1DAC
:10CEC000D3772379022B00D901236A1DD3776379A5
:10CED0003D2B00D90C232A0001210832D377A379F6
:10CEE000EA1C1800CB400840D0778E4A0B401370E4
:10CEF0002B1DD97707222900E37938311A400A70AF
:10CF00002A00DB0839321370390010228648F7F7FF
:10CF100081FC82223B88D200934200D9834B80223D
:10CF20007E4ED20033807B889342924113403381FE
:10CF3000BB887F4A9A18062A00D97C4B8222B3808C
:10CF4000FB88D200934200D9784B802273803B89C2
:10CF5000D20093429241134073817B89744A9A189C
:10CF6000062A00D9714B04220EA97248F380F7F704
:10CF700051FC3B226B4603219B18B27D1B788A43F0
:10CF800069465B079B0F1A43B2756B4A5B009A5A5E
:10CF9000098F914204D369481B5A8B4200D30A007F
:10CFA0002A826B463A229B181B780132AB746B467F
:10CFB0009B181B786249DB07DB0F25326148EB7455
:10CFC000F7F728FC09F0E8F8082221005E48F7F797
:10CFD00021FC0122237801351A40EA775A08312BC7
:10CFE00000D9002224234D4DFF33EA546378182BD7
:10CFF00000D903232A0047321370A378182B00D9D5
:10D0000000232A0048321370E378182B00D9042338
:10D010002A00493213702379182B00D900232A00E3
:10D020004A3213706379682B00D90E232A00283204
:10D030001370A379282B00D900232A003E321370E5
:10D04000E379052B00D903232A00403221003F4811
:10D0500013700822F7F7DEFB01223D4806AC115D94
:10D060000B004033DBB2802B00D881540132082AF8
:10D07000F5D121003748F7F7CDFB6378032B00D9B2
:10D0800000232A0041321370A3780A2B00D9002311
:10D090002A0046321370E378012B00D900236B730A
:10D0A0002379042B00D9002393225200AB541F3A5A
:10D0B000FF3A21002848F7F7ADFB23785A1E934129
:10D0C0002A007E3213706279642A00D95AE10A2359
:10D0D00053432A00743213806423A2799A4201D800
:10D0E0005A3B53432A00763213806423E2799A42F2
:10D0F00001D85A3B53432A0078321380210008227A
:10D100001648F7F787FB6423227829E0B9A00000CE
:10D110001C00002025080020260800208C1F00206D
:10D1200008A000002408002010A000000504000052
:10D1300000FCFFFF20A0000068D0010870D00108AB
:10D14000761E002028A00000A8A00000B8A00000C3
:10D150001B000020C0A00000E8A00000F0A000001C
:10D160009A4201D85A3B53432A007A3213806423EF
:10D1700062789A4201D85A3B534332000EAF7C3258
:10D180001380390004228348F7F744FB3A88331DA3
:10D19000DA877A88B31DDA877F49804A80480AF0A7
:10D1A000AFFF804A804981480AF0AAFF0822210087
:10D1B0007F48F7F72FFB7F2322781340591E182949
:10D1C00000D90123310029310B703300D2092A33F1
:10D1D0001A7019236B441A785B7821001B021343E1
:10D1E000B3851B236B441A785B7872481B02134388
:10D1F000F3851D236B441A785B784E361B0213436C
:10D2000008223380F7F706FB23780A2B00D9002386
:10D21000694A13706279694B511E8A411A70E37929
:10D22000674A9907C90F11701A07920F032A00D194
:10D23000013A64490A70644AD906C90F1170634AF9
:10D240009B0913702B1DDB7F002B01D1AB682B607A
:10D2500060225F495F48F7F7DDFA002301201900DB
:10D260005D4A404201331080516008320A2BF9D1E7
:10D2700080235B020E9302230025BB806B00F85ACB
:10D28000564B984201D8FEF76DFF0135032DF5D1BD
:10D2900000257F2607272800FEF764FF011E08D01F
:10D2A00002884F4B9A4200D06FE007802800FEF7BB
:10D2B00093FF01354B4BADB29D42ECD100251022BE
:10D2C00049494A48F7F7A6FA494B0822210049483C
:10D2D0001D70F7F79FFAE3791A096F2B00D92A001E
:10D2E00045490A701A00FF3A511E8A4143491A40C3
:10D2F0000A700021FF2B02D05808013181434048B9
:10D3000001700021FF2B01D01B07990F3D4B1970B5
:10D31000A1790B093F2900D900233B4803700C2059
:10D320000023014201D10F330B4001253749384812
:10D330000B70637919090D400570A078032800D996
:10D340000020344C207034484C07E40F04703348FC
:10D35000C90801700F210B40591E0E2900D90A235C
:10D3600001202F490B7006AB1B792E49184008701D
:10D370005908F12B00D93C212B4B19702B4B1A70FB
:10D380001BB0F0BD96235B00A3E603783340037027
:10D390008FE7C046F2A00000DC1F0020C1C10108D9
:10D3A00010A10000C7C10108EE1F002020A100004D
:10D3B00030A1000050A10000801F00203404002094
:10D3C00010070020251F002012070020C80700209A
:10D3D000542200200E880000BC2200200604000019
:10D3E000FFFF0000070400004422002038A10000D5
:10D3F0004022002058A100006400002031230020BA
:10D4000003000020DD070020F81E00201A1F002066
:10D4100054080020B5070020302300202F230020CF
:10D42000360000206B1F00205E000020EF1E002051
:10D4300037B5404D082229003F48F7F7EBF93F4C3C
:10D44000082229003E480DF042FD20000822290054
:10D4500028300DF03CFD20000822290030300DF06E
:10D4600036FD210008223748F7F7D4F920002100C3
:10D47000082208300DF02BFD20002100082210307A
:10D480000DF025FD304C0C2221003048F7F7C2F991
:10D490002F4B22889A4203D92E4B2380643363801A
:10D4A0002D4B022263812D4C2D4BE07F2D49C0185E
:10D4B0004000F7F7AFF92C4BE07F0222C0182B4950
:10D4C0004000F7F7A7F922004B3211782200284BD1
:10D4D0004C325B5C2748137069460822F7F79AF9CB
:10D4E0006B460021595EFA23FA229B00CB189BB2AF
:10D4F000D200934200D900212300803319806B466B
:10D500009B793F2B00D93A232200823213706A465E
:10D51000D2790F2A00D90822200083342370B12346
:10D52000DB01C9188430027089B23B20F6F75AFD3E
:10D5300037BDC04620220020C00001000822002084
:10D5400028220020C80001002A1F002040010100FD
:10D55000871300006C070000FC0800008C1F0020EF
:10D56000A8800000A8200020B4800000AA2000208D
:10D5700022E301088801010070B500240E000500B7
:10D580000470220021003000FEF7BAFEA04217D03E
:10D590008023DB00F0180A2229000001F7F73AF98E
:10D5A0002200AB5C203B5F2B02D801320A2AF8D163
:10D5B0000023AB54013A511C02D0A95C2029F8D0B9
:10D5C00070BD00004823F0B543438BB08A4C0393F1
:10D5D00088331B190093894B07001B780591002B9A
:10D5E0000CD14300E1188888854A904201D18548D2
:10D5F0008880E15A914201D1824AE25282237D0021
:10D60000665BDB009E4231D8103B9E420CD230005C
:10D61000FBB200220121FEF7ADFE7B4B06009842D3
:10D620001FD163199E8866533000FEF79BFD802250
:10D63000038875490290D2008B4219D1964204D2D8
:10D640006D4B7F00D9198E88FE52704B704AF318CB
:10D650009BB2DB0031009A580098FEF7A7FF0BB091
:10D66000F0BD3B1D5B006053E052DDE7654EDBE73C
:10D67000029B1B785B075B0F0193072B01D1023BD9
:10D680000193964200D3B2E0029B597848227A4334
:10D69000594B01989B181A00A6331E808023B8327C
:10D6A0001080023A1170DB009E4200D3B8E0059B67
:10D6B000022B00D0C4E0330104930822049808AC84
:10D6C00021008018F7F7A6F8E0780F240440022C18
:10D6D00000D9002448210A007A43474B9A18A832FF
:10D6E000147002092F2800D9002279435B18BC333B
:10D6F0001A7008AB9A79172A00D9042248237B4371
:10D700003D490024CB18059119001800AF310A706B
:10D7100040495200525AA43002801A000F21B432FC
:10D7200008AD1470AA7818381140017012099433AA
:10D73000297800981A70FEF741FE0398059B9030F7
:10D74000C0186978FEF73AFE2A790123FF2A00D132
:10D75000F3E014005508D106500992091A401C4004
:10D760001D40490F1840059248227A439446B3223F
:10D77000214B634494469C44624614701C00B534AB
:10D780002570043C21701900059AB033BB311A7022
:10D79000087008AB5B790022FF2B04D01B075A0FDF
:10D7A000042A00D9002248237B43134C06A9E3181E
:10D7B000BA331A7004980822F7F72CF806994B1C14
:10D7C00003D1019A124BD200D158482213007B4357
:10D7D000E31888331960104B0799994201D90F4B10
:10D7E00007937A43079BA418A034236028E0F3B280
:10D7F000192101934AE7C0468C1F00203404002001
:10D800000404000005040000FFFF000000FCFFFF0F
:10D8100018CC010800CE0108FFE0F50540420F00DA
:10D82000330080335B013A019B180493059B022B64
:10D8300000D142E7434BF3189BB2062B00D83CE7DC
:10D8400048257D43404C6319019388331D682800A7
:10D85000FEF76CFA3D4AC3B2DB009858A8420DD8D7
:10D86000D2185068A84209D380232800DB009E42CA
:10D8700004D3019DA4352988FEF766FA48257D4327
:10D8800065192B00883318608023DB009E4207D384
:10D890002B00A035A43319882868FEF755FA2860B4
:10D8A0000098FEF7AFFE8023DB009E4205D203986E
:10D8B0003100BE302018FFF75FFE4823190079437E
:10D8C0006118B331039A087890320099A2180028A1
:10D8D00001D01100009A7B43E31818009C331A60B2
:10D8E0001B4B98301B780160002B07D1194A0B683D
:10D8F0009B18194A934201D8184B0B6048237B436D
:10D90000E3181900029ABD311278D206920F0A70FC
:10D91000134A1278002A02D0009A9C331A60114BE5
:10D920001B78002B05D048237B43E4180723B13430
:10D9300023700098FEF752FD91E6250019002000A3
:10D94000059311E700FCFFFF8C1F002018CC010895
:10D950003404002040F1E9FD3F4B4C00A0B4940298
:10D960001E0800202008002007B56B460522FF2175
:10D97000D81C0DF07DF969460E4A0F48937C8B70D8
:10D98000138A0B80937DD27C9B075B0F0721134387
:10D99000FF220B408A4313436A466946D370002333
:10D9A0000822F7F7FDFB0023602204490448F7F73B
:10D9B000F7FB07BD8C1F002020A00000761E002072
:10D9C00028A000000122034B1A70034B92181A8002
:10D9D0007047C0462E230020B62200201FB5124BF0
:10D9E0001A78002A1ED000241C70104B1A78A2420C
:10D9F00018D0102269460E481C70F6F70BFF6946D6
:10DA00000C4B0B481A880A801A894A809A888A80A7
:10DA10005A88CA805A890A81DB8810224B812300E8
:10DA2000F7F7BEFB1FBDC0462D2300202E2300208C
:10DA300010A000008C1F00200F22F0B500263C2112
:10DA4000BF4B97B01B7802AC1340BE4ABE4D127854
:10DA50002F1D120113432370EB7DA02063702B7EDA
:10DA6000E670A3702B7FEA7E5B00920113436A7E0F
:10DA7000000213436A7F92000A4013432371AB7F75
:10DA800026226371EB7FFF32A3712B004B331B788F
:10DA90002100E37192235B00EB5CAA5C1B019B18E5
:10DAA0002372AB1CDB7F6372A84BDB7FA372EB1D81
:10DAB000DB7FE3726B1DDB7F23732B000833DB7F7F
:10DAC0006373A34BFA7F1B7892005B001343EA1C3D
:10DAD000D27F1343A3732B00072238331B781340E4
:10DAE0009C4A1278D2001343E37310223300F7F7F5
:10DAF00057FB502221009848F6F78CFE2423FF3371
:10DB0000EB5C6A1CD27F5B0013432A0023702B005E
:10DB1000473212784A331B7862702A0023712B0037
:10DB200048321288283362801B780A2163712B00E7
:10DB30003E331B78A3712B0040331B78E3712823FD
:10DB4000FF33EB5C637494235B00EB5CA3742B00EA
:10DB50003F331B7823762B0041331B7863762B00F1
:10DB600046331B78A3766B7BE37693235B00EB5CF9
:10DB700023772B007E331A7812AB1A702B00743384
:10DB80001888F4F7D7FE4D236B4418702B007633BA
:10DB900018880A21F4F7CEFE4E236B4418702B0030
:10DBA000783318880A21F4F7C5FE4F236B441870A8
:10DBB0002B007A3318880A21F4F7BCFE14AB1870D6
:10DBC0002B007C3318880A21F4F7B4FE51236B44F0
:10DBD00018705223FA8F6B441A805C4B0127DA8F3E
:10DBE00015AB1A8056237F426B44502221005A48BD
:10DBF0001F803300F7F7D4FA7F22564BE7711B786A
:10DC0000210013402A002A3212785448D2011343CB
:10DC10002370AB8D082263701B0AA370EB8DE37039
:10DC20001B0A23712B004E331B8863711B0AA371DF
:10DC30003300F7F7B5FA09200722FF2168440DF0F9
:10DC400017F8474BA6711B782370464B1B786371FE
:10DC5000454B1B78B34201D1FD23E3710C21434BAB
:10DC6000E2791B788A439B000B401343404AE371DF
:10DC70001278002A02D110329343E3713F22E379F4
:10DC8000210013403B4A3C48127892011343E37150
:10DC900008220023F7F784FA082221003748F6F714
:10DCA000B9FD0F21364B374A1B7812785B001343BE
:10DCB0002371354A354B12781B78D2009B001343F1
:10DCC000334A12781343334A5BB212781B01A270B5
:10DCD000314A12780A4013436371304A304B12784C
:10DCE0001B7812010B401343A3712E4B1A782E4B55
:10DCF0001B78002B01D102331A430C212B4B1F48F8
:10DD00001B7882359B000B402949097809010B4398
:10DD10001A4321000023E2710822F7F741FA69460D
:10DD200008222448F6F776FD6A462B7869469371F7
:10DD3000204800230822F7F733FA17B0F0BDC04699
:10DD400025080020260800208C1F0020921F00209C
:10DD500024080020B51F0020A8A0000030A100006A
:10DD6000801F00203404002010070020251F002001
:10DD700012070020C807002050A1000058A1000091
:10DD80005E0000206B1F00202F2300203023002086
:10DD900054080020B507002036000020F81E00209F
:10DDA0001A1F00203123002003000020DD0700207F
:10DDB000640000208801010030B50D0085B01022FC
:10DDC0000021040068460CF053FF2800F4F782FDA0
:10DDD00002000A2800D90A22290068460DF077F8C7
:10DDE00080232001DB0180B2C01810220023694685
:10DDF000F7F7D6F905B030BD7FB505001E00344BEE
:10DE00000800EB189BB21400062B5DD8421E90410F
:10DE100090220001120280185B01C0186A46236834
:10DE200069460093A36980B2019363791372637B9F
:10DE30005372237B22791B0113436A46937223009A
:10DE400034331B78621CD27F1B0113436A46D372A2
:10DE500023002200283333321B7812789B015201B1
:10DE6000134322002B3212781343220029321278F6
:10DE70009200134322002D321278520013436A4657
:10DE8000137323000E2232331B785B0013406A4663
:10DE9000537323000833DB7F93730023D373102263
:10DEA000F7F77EF9012321001A0028000AF088FC08
:10DEB0008023DB009D4206D2022E04D921002800D7
:10DEC0003631FFF779FF7FBD2801012EFBD9A5E789
:10DED00000FCFFFF73B51E4D694628000822F6F7C7
:10DEE00099FC1C4C072226001B4B29361B78280066
:10DEF00013403278194DD20013436A466946D371F4
:10DF000000230822F7F74CF9280069460822F6F7A3
:10DF100081FC7F2233782800134022002A321278B5
:10DF20006946D20113436A461370A38D53701B0ACE
:10DF30009370E38D4E34D3701B0A13712388537191
:10DF40001B0A937100230822F7F72AF973BDC04614
:10DF500008A000008C1F0020C41F002030A100007A
:10DF600030B5042587B0084C0A00010001A8FDF770
:10DF700025FD112300216F20A56201AAF6F71CFDE3
:10DF8000A56107B030BDC04600040050F7B51600CB
:10DF900004000D001F00F4F79DFC731C0093231870
:10DFA00001350193019B9C4200D1F7BD21782139B5
:10DFB000CBB25D2B05D871433200280079180CF0E4
:10DFC00086FF009B0134ED18ECE70000F0B585B04A
:10DFD0001C000AAB1B780F00150006000293F4F733
:10DFE00079FCBD4207D9029BED1B43430135ED1A75
:10DFF0006D08EF19FFB2E2010134144BE401D219AC
:10E00000E419D218E418331801920393039B9E423B
:10E0100001D105B0F0BD3578213DEBB25D2B0DD8B7
:10E020000E235D430A4F0722E919019807350CF0CA
:10E030004EFF07222000E9190CF049FF029A019BCC
:10E04000944663440193A4180136DFE7E11A0020E7
:10E05000FEDD0108F8B51D0006000F001400F4F7FE
:10E0600039FC0300A74207D207205843E11B0131C6
:10E07000091A49087F18FFB2044AE901C91930009A
:10E080008918034B0622FFF781FFF8BDE11A002033
:10E09000CADB0108F7B507000C001D001600FFF7EA
:10E0A000D9FF3800F4F716FC07234343601C181807
:10E0B000C0B2002E04D0331C864200D9031CD8B253
:10E0C000021C7F2800D97F22D3B20193E901144BAF
:10E0D000002C07D0601E5F183E5CB4467F26624667
:10E0E00056403E5480220E005242944660181B183F
:10E0F000803E019AA24207D8094BED015D197F23AA
:10E10000A95C4B40AB54F7BD18786246C0435F1A18
:10E110001870B85D01345040B855E4B20133E8E7F7
:10E12000E11A0020F7B5204E1D00337804001F4F80
:10E1300000910192012B22D11D490CF0C0FE2B0051
:10E14000002220000099FFF7A5FF3A78194B5200F2
:10E15000D75A0A213800F4F773FC38008EB20A212E
:10E16000F4F7E8FB3300144982B2200007F050FCBA
:10E170002B00002220000199FFF76CFFF7BD0F492B
:10E180000CF09DFE2B00002200992000FFF782FF7B
:10E190003A780B4B31785200D25A4E23032900D1E2
:10E1A000053B0849E1E7C0461F05002008000020A4
:10E1B000CDC10108FEE301083CC20108D3C101083A
:10E1C00062E40108D7C10108F8B51D0006000F0080
:10E1D0001400F4F77FFB0300A74207D2072058433F
:10E1E000E11B0131091A49087F18FFB2044AE9010D
:10E1F000C91930008918034B0622FFF7C7FEF8BD86
:10E20000E11A002096D90108F0B50027234CD2016D
:10E2100085B05218141902930190F4F75BFB2500A6
:10E220003B00C2B280350392039ABA4201DC05B0CA
:10E23000F0BD019AD65D2D2E2CD0002B01D1202EC1
:10E2400022D03300303B0A2B13D81421303E4E43EA
:10E25000134B0A22F6183100A01C0CF038FE3100D6
:10E260000A22A81C0A310CF032FE01230D340D35B0
:10E2700008E02E2EF9D1602303342B706B70AB7045
:10E2800003355F3B0137CFE7029A002AEED0063C08
:10E29000063DEBE73A26002BD7D1D2E7E11A002062
:10E2A000BAD8010830B5072501241540D208D2019B
:10E2B0008018425CAC401500A543002B01D02243DE
:10E2C000D5B2455430BD0000F0B50C0087B00593C1
:10E2D0000CAB1B78019202930090009B1B78002BE3
:10E2E00001D107B0F0BD03220026203BDBB253432F
:10E2F000134A9B180493019B0633DBB20393049BE0
:10E30000019D9F5D01231F420AD0059BA1190D4865
:10E31000C9B2002B00D10C482A00029BFFF7C2FFB4
:10E320000135039BEDB27F089D42EBD10136032EF0
:10E33000E5D1009B04340133E4B20093CDE7C0463D
:10E340009AD7010855080020E11A002010B5084AA4
:10E350000300527E002A09D0064A1278002A05D00E
:10E36000054C00220C212000FFF72EFF10BDC046F7
:10E370008C1F00206D1F0020DFC10108E02210B5B6
:10E380000021024892000CF073FC10BDE11A00203D
:10E3900070B586B0FFF7F2FF424B434C1B78434801
:10E3A000022B11D0012B66D1414902A80CF087FD48
:10E3B000404B0D201A88404B684419784B1E9941F8
:10E3C000C9B2FDF739FB02A80823002200930221FD
:10E3D000073BFFF7FBFD394B1B78002B05D123785A
:10E3E0003748002B13D0032B11D0364B36491E680B
:10E3F0003000F4F725FB30000D003349F4F79AFAAA
:10E400002B000200314902A807F002FB02A80823F2
:10E41000002200930221053BFFF7D8FD23782C480A
:10E42000012B1DD92B4B2C481B78002B18D02B4BC4
:10E430002B4A1B7812785B00012A2CD1294A0A2129
:10E44000D55A2800F4F7FCFA28008CB20A21F4F718
:10E4500071FA230082B2244902A807F0D9FA02A86F
:10E460000823002202210093033BFFF7AFFDF6F7DC
:10E47000F1FA06B070BD2378012B08D81B4A1C485E
:10E480001278D207A0D41B4A9B0098589CE71A48E0
:10E49000022B99D1F7E7194A1949D25A02A807F075
:10E4A000B7FADCE7061F0020051F0020EFC10108B6
:10E4B00023C20108102300200E230020031F002088
:10E4C00001C2010834050020A086010029C201080C
:10E4D00010C201082C05002019C201082E050020D9
:10E4E0002D050020FEE3010836C20108041F0020AC
:10E4F00081C30108C4D30108F5C1010862E4010821
:10E5000044C2010810B58022002102480CF0B0FB83
:10E5100010BDC0465508002070B5094E050034787E
:10E52000072C0CD8002C04D108220A2105480CF035
:10E530009FFB132D03D0631C3370024B1D5570BD20
:10E540005F1F0020D003002030B500232D25074C8D
:10E550000748E25C29000A2A01D03032D1B2C15406
:10E560000133082BF5D10023037230BDD003002006
:10E57000FF21002070B5041E0D4D08D101000520BB
:10E58000F5F7C2FE2B782100012B0DD170BD0121C2
:10E590000520F5F7B9FE2B78012BF7D0054B197B39
:10E5A00001394B425941C9B20620F5F7ADFEEDE7FE
:10E5B0006A1F00208C1F00200122024B1A70024BA0
:10E5C0001A707047FA210020711F0020F0B5764BB9
:10E5D000ABB01B780590002B00D0B2E0734C032742
:10E5E000A38C002B00D102370021714B5956002912
:10E5F00030DB704B1B78012B2CD06F4B6F48CA015E
:10E60000D21803780133DBB20370012B06D9002343
:10E610006B4D03702E78013373402B70684B1B7861
:10E62000002B00D18FE07F2000238446654E654695
:10E63000D05CA843F55C2843D0540133072BF6D1B6
:10E640000426614D013107230020AE62C9B2F6F7FE
:10E65000B3F9AE61637E002B03D05C4B1B78002BBB
:10E660006FD1544B1B78052B6BD1594B1B78012B69
:10E6700067D0584B1D78002D63D14F4BFA01D3184A
:10E680000393059B002B09D0802203990AA80CF064
:10E690001EFC8022290003980CF0EAFAF5F7CEFF61
:10E6A0004D4A4E4B12684008128E9C56A03C2418CE
:10E6B00024B223005D3353DA0026230002968D3303
:10E6C00005DB200006219330F4F7BEF9C6B27B1EAD
:10E6D000DBB20493221C353401DD414B1A88414BD7
:10E6E00012B21C78002C49D03F4906A807F090F9D7
:10E6F00000228821049B06A8FFF7ACFC029B002B9C
:10E700004FD13200394906A807F082F90022A6212C
:10E71000049B06A8FFF79EFC029B3E209A19D2B2EA
:10E720000D23F9B2FDF7EAF8059B002B09D08022F2
:10E7300003990AA80CF048FC002802D03800F6F72C
:10E740008EF92BB0F0BD7F208446294E6546D05C03
:10E75000A843F55C2843D0540133072BF6D16FE76B
:10E7600025005D35282D00DD2825EDB20A21280081
:10E77000F4F7E0F8C3B209260293A8E71D4B1E493F
:10E7800006A807F045F90122084B9B8C009228321D
:10E79000002B01D023001922022106A8FFF794FDC7
:10E7A000ACE72A001549AEE7DC0700208C1F0020EB
:10E7B000F62100205A1F0020E11A0020F521002038
:10E7C000F421002093D70108000400506D1F0020A1
:10E7D0006A1F0020431F00206C1E00201C00002028
:10E7E000BCC001082F2300204FC201085BC20108F2
:10E7F0008CD7010836CB010853C201085FC201085B
:10E800000022F0B58F4BABB01B780E938E4B1A7075
:10E810008E4B1B785BB2934201D1FDF755F8FFF7A1
:10E82000ADFD8B4B1B78002B46D08A4B1C78002CFF
:10E8300042D18026FFF7A2FDB60087486F2200195B
:10E8400000218034854D0CF013FAB442F5D1C0207C
:10E850000A2204262024824B4000197801323143D9
:10E860001970195CD2B2214319540133762AF4D1BC
:10E870000B240126220033000A212800FFF712FD95
:10E8800022000134330075212800E4B2FFF70AFDAD
:10E89000252CEFD108237622092172480093063BEC
:10E8A000FFF794FB0623762209216F48FFF7D2FB7E
:10E8B000F6F7D0F82BB0F0BD6C4C0320A38C002BE6
:10E8C00000D10230FFF742FD694B1B78002B00D1CD
:10E8D000B4E0237B0593674B08940993664B0B9335
:10E8E000002300210493614B03919A8C8A4205D046
:10E8F0000E99002902D10499890003915B7B0C9346
:10E90000039BDB010F930F99544BCB180A93002AFA
:10E9100000D0CBE0059B04998B4201D101F01CFB98
:10E92000089B02330893099B483309930B9B0133DF
:10E930000B93049B002B00D182E04C4DAB8C002B41
:10E940000DD14E4B1B68002B09D04D4B1B78FF2B74
:10E9500005D006232E22022114A8FFF7E3FB3A4C30
:10E960002378002B28D1FDF7F3FA464A03001278EA
:10E970000490002A01D100F0F9FE0A232370AB8C29
:10E980000324002B00D102343F4B1A78013AD2B253
:10E99000052A01D900F0E0FE3C4B9200D5582F4BE0
:10E9A000E00180220021C0180CF062F97F220221D0
:10E9B0002800E3B2FFF708FC234B1B78092B01D09A
:10E9C00001F0BEF9324B1A7A002A01D101F0B8F9F0
:10E9D0001E889A78DD782F4B1C7A2F4B072A02D895
:10E9E0002E4B9200D358002C01D101F065FA402142
:10E9F0002B4A1AA80CF088FA03237F2200211AA8B8
:10EA0000FFF748FB3300274A40211AA80CF07CFA94
:10EA100004237F22002C01D101F05BFA1AA8002107
:10EA2000FFF738FB20491AA80CF049FA05237F228A
:10EA300000211AA8FFF72EFB01F082F9637B49E75A
:10EA400001234EE7071F00205A1F0020241F00202B
:10EA5000021F0020FE1E0020691B0020E11A00207A
:10EA60006B1B00209EC20108AAC201088C1F002057
:10EA7000EC1E002024200020B822002040080020A6
:10EA800008000020371F0020AD0700200CD7010828
:10EA9000280000200C1F002092C2010824D7010882
:10EAA00023C3010836C3010843C301080E9B002B92
:10EAB00001D101F04BFA059B049A934200D02FE755
:10EAC0000C9B049AC349934201D101F0AEFA07228C
:10EAD0000A980CF0FCF9099B1B681F68BE4B1B7859
:10EAE0000793012B00D03AE1059B049A934200D092
:10EAF000BEE103992122079B002900D11A0000934F
:10EB00000A210023B548FFF7DFFBB54B049A1B7BB6
:10EB1000934200D0B8E0B34B1B785BB2002B00D11E
:10EB2000B2E0FDF715FA041E00D0ADE0AE4B1B7845
:10EB30000693012B00D8A7E0AC4B18211878069B50
:10EB40001830C01AF3F77CFF1823069A0D919B1A10
:10EB50001293129B00209C423DD30D9A069B944633
:10EB60001600183B1B19DBB21193069BA04D6344A2
:10EB70001093A04B139318213000F3F761FF139B00
:10EB80004900CB5A002B04D01A1CAB4200D92A1CD6
:10EB900095B2109B0136B342EDD10D9B11989C4666
:10EBA00018216044F3F74CFF924E49008B5B181E0E
:10EBB00011D08F4A002095420DD0AA1C93420ADD45
:10EBC000581B0523584330211830F3F7B3FE0528AE
:10EBD00000D90520C0B21AABE0540134182CB8D1CA
:10EBE0001E2000210A9BDD1D12ABC0184E1C0029FF
:10EBF00000D141E1002342789C46182E00D03CE130
:10EC0000837806931300069C23436446234301D173
:10EC100001F092F9069B01335B009B1863449B084B
:10EC200001D101F090F9DBB200290FD00024A446F5
:10EC3000012901D001788C46069C52000234121939
:10EC4000624492082024D2B2002B13D00624E31A87
:10EC5000DBB21900002A09D0A11AC9B28B4205D82B
:10EC60001A1C8B4200D20A1C1900D3B2002499420C
:10EC700000D805E17F222B780130934323432B708A
:10EC80000135182E00D0F5E00024564B1C57002CFF
:10EC900004D0534B049A1B7B934216D03800FDF7E7
:10ECA00085F8002811D0099B1B7E012B0DD1FDF7A3
:10ECB0004FF9002803D0504B1B68BB4205D00A987F
:10ECC00007224E4918300CF002F9089B1A8880235D
:10ECD000DB009A4200D3F0E0494B1B78002B07D0B1
:10ECE0003F4B04995B7B8B4202D1002C00D1CEE0DC
:10ECF0004449013214A806F08BFE00220121039B37
:10ED00000133DBB214A8FFF7C5F90B9B1B78069300
:10ED1000002B00D1E9E0062B00D962E1069A6B4690
:10ED2000940008221B7B23210092002236482058A1
:10ED3000FFF74CF955E10023336001F057F9049BCC
:10ED400003215A42130008220B400092013900228D
:10ED500014A8FFF73BF901222C4B1A70E0E5FDF7F0
:10ED6000F7F81F4B002865D01A7B0499284B8A427C
:10ED700076D10B9A1278002A72D101211970254B95
:10ED80001A70254B039A1A701B4B1F60234B1B688C
:10ED900034331B788B4216D1214B224A12789200D1
:10EDA000D15814A80CF08BF80399012321220029D3
:10EDB00000D11A0000930A21002314A8FFF784FA57
:10EDC00002230793A1E61849022BEAD0174B184AF1
:10EDD000E4E7C0467BC301086A1F002081C2010826
:10EDE0008C1F0020241F0020940400209504002084
:10EDF000FFFF000096040020F021002082C30108DC
:10EE00005F1F0020AEC1010850D701085A1F002023
:10EE1000191F0020181F0020F62100206C1E002062
:10EE200080D7010826080020C0C201086CD701085D
:10EE300025080020BB4A1268BA4210D19B8C002BD7
:10EE40000DD00021B84B212259560123002900D1B1
:10EE50001A00009308210023B448FFF735FAB44B99
:10EE60001B785BB2012BABD10222B14B1A70A7E722
:10EE70000023A6E73100B9E60A00C3789C46BFE646
:10EE800001228A4001311443E4B2C9B2EFE60723FC
:10EE90001A00A848A84C815C0A2902D03031E154FC
:10EEA000013B013AF7D22D21A34A002B02DAA34AF3
:10EEB000A3491FE7D154013BF7E7A24BD318062B18
:10EEC00000D922E7099B013219689F4B0868D2B22A
:10EED0009E49984200D99E4914A806F099FD039BCB
:10EEE000002201330221DBB20CE7089B1888994B02
:10EEF0001B78002B35D0934BC318062B31D8964B7B
:10EF0000049A5B7B93422CD18F4DFFF71DFBBD42D2
:10EF1000924152420332030014AC801800908F4992
:10EF2000200006F075FD6B461E7BAF4210D80F2007
:10EF3000731C12AD069A40197121DBB2FFF78AF8F3
:10EF4000069B320020212000E371FFF75DF9E7E422
:10EF500008232021009320003300069AFFF736F89B
:10EF6000DEE47F4B1B78012B06D1059B049A93426C
:10EF700002D1099B5B681F688023DB00984200D3A5
:10EF800062E1754B1B7F002B22D1FDF7EBF8037874
:10EF90007F2B6ED84578192D71D86DD0002D6ED08D
:10EFA000704B6C1EA400E418200009F0DDFD002861
:10EFB00058D06D492A0014A806F02AFD752114A81E
:10EFC0006B461A7B7F2302310093002309F06AFC11
:10EFD000664BDB7F012B77D054D9023B012B00D845
:10EFE00081E0079B012B00D161E1002414AB1C7070
:10EFF0005F4B1F78A74200D084E1574B049A1B7BDC
:10F00000934201D1002F01D1099F103F594B1B782A
:10F01000002B00D0B9E13B0034331C78002C00D029
:10F0200098E1079B012B00D07FE17B691AAA1000B1
:10F030001979514B70CB70C01B680360484B1B782B
:10F04000032900D97CE188008558012900D078E1A6
:10F050007A691279012B00D069E1012A00D072E1AE
:10F06000464D70E14649220014A806F0D1FC7121FA
:10F07000A5E775214348A3E771214348A0E7712123
:10F0800042489DE714AC21003800FCF7BFFC6B46FA
:10F090001D7B2D4B9F4210D80F206B1C12AE0022FF
:10F0A0007121DBB28019FEF7D5FF00232A00202151
:10F0B0002000E371FFF7A8F893E7082300220093EC
:10F0C00020212B00200033E6089B31491A8814A820
:10F0D000013206F09DFC08226B4624211B7B009226
:10F0E000002214A824E6089B14AC19882000FEF71F
:10F0F00043FA2378002B06D1089B20001A88244964
:10F10000013206F085FC6B46184A1C7BD27F124BFD
:10F11000022A3FD1002212AB9A74082321210093C6
:10F120002300DEE7F0210020F6210020C4C2010800
:10F13000191F0020D0030020FF21002003220020FF
:10F14000C7C2010800FCFFFFFFE0F5056AC2010825
:10F1500065C201085F1F00208C1F0020CCC201087F
:10F160006A1F00205422002060C201088E1F002068
:10F1700003000020071F0020F0BF010875C201082E
:10F18000D1C201086EC20108F1C6010871C20108AE
:10F19000ABC101089A8C002A26D112AB9A740823BD
:10F1A0002121009314A82300FEF710FFD04B9D8C63
:10F1B000002D32D114AE31003800FCF727FCE31CDF
:10F1C000DBB20D93CB4B9F4220D80F200434E3B227
:10F1D00012AC2A0071210019FEF73CFF2B00202100
:10F1E00030000D9AF57165E7059B049A934206D1AC
:10F1F00023000022242114A8FEF7E6FFD6E723000F
:10F200000022242114A8FEF725FFCFE708232A00B7
:10F210000093202130000D9B8AE53800B649F3F7B2
:10F220000FFC38000D00B449F3F784FB01340200F1
:10F230002B00B24914A806F0EBFB00222421E3B214
:10F2400014A8FEF707FFCCE614AC21003800FCF749
:10F25000DDFB6B461D7BA74B9F421FD80F206B1C0D
:10F2600012AE00227121DBB28019FEF7F3FE0023FB
:10F270002A0020212000E371FEF7C6FF089B1888B2
:10F28000FCF770FF182302781A4200D1A9E60A9809
:10F2900006229B4978300BF01AFEA2E608230022D2
:10F2A000009320212B002000FEF790FEE6E7954B0F
:10F2B0001B6829331C78002C21D10024924B1C5749
:10F2C000002C00DA91E6062C00D9062400263E2701
:10F2D0008E4D0F9B5D198E4B1B78002B05D006239E
:10F2E000FF279B1B9F407F231F40280002223900DD
:10F2F00001360BF0BDFC0335B442ECD275E6013C9F
:10F3000064B2DDE7834B1B781F1E00D175E6824B8C
:10F310001B785BB21F1E00D16FE6FCF719FE2700B9
:10F32000002800D069E67D4F67E63B697EE6012A4A
:10F330000ED13B697A4D1B79012B09D1794D07E03C
:10F34000794D012B04D1059B049A774C934205D04B
:10F35000764C03E0754BA400E418734D079B012B1A
:10F3600015D17A691379012B13D0991E012900D97F
:10F37000F8E06F49022B00D06E4952796E4B520073
:10F38000D25A14A806F044FB17E06C4CE5E73A6942
:10F39000E8E752796A4B5200D65A0A213000F3F757
:10F3A0004FFB30008BB20A210793F3F7C3FA65498C
:10F3B00082B2079B14A806F02BFB0026544B1B7847
:10F3C000002B00D1E8E0039B00220133DBB2B42123
:10F3D00028000793FEF73EFE079B002282212000B3
:10F3E000FEF738FE424B9B8C002B25D1564B1B78E9
:10F3F000002B21D1002E05D132000221063314A8A2
:10F40000FEF728FEBD8B64212800F3F793FA4F4BDB
:10F4100084B29D4200D9B9E064212800F3F710FBC3
:10F4200022008BB214A84A4906F0F2FA0623002201
:10F430002E2114A8FEF70EFE069B002B01D0052BF3
:10F440002CD13B0029331A78072314001C401A42A0
:10F4500000D0CFE001252C4B1C782D4B3D491B786B
:10F46000002B00D1CAE0152228311AA80BF02FFD7D
:10F4700003226243039B1AA901338818DBB20022DE
:10F48000AA21FEF7E7FD2620002D07D00A9B0322C4
:10F49000181801303049FF300BF019FD3A68BB688D
:10F4A0009A4200D1D8E07B1CD87FAC239B031A93EF
:10F4B0002A4B1B932A4B1B685A1CD27F002A03D06D
:10F4C0005A699A4200D1AFE00321F3F7B9FAC9B201
:10F4D0000F4B1A78002A00D1AEE049001AAA501842
:10F4E0000022BC21039B0133DBB2FEF7B3FDB3E086
:10F4F0008C1F0020FFE0F505A0860100D6C20108A0
:10F50000E9BF01086C1E002064000020E31B0020FE
:10F510002F2300208C040020241F0020380400200A
:10F5200075C201089AC2010881C3010844D70108C5
:10F5300049C20108F4C3010862E4010879C2010864
:10F54000FEE30108E0C20108221F00200F2700008F
:10F55000E6C20108D8BF01088AC301082D00440093
:10F56000601F0020BE8B64213000F3F769FA300081
:10F570008BB264210793F3F7DDF90A2682B2D049F2
:10F58000079B14A806F044FA764217E72200CD49FB
:10F5900014A806F03DFA49E7002D0ED02B78002B79
:10F5A0000BD0039B3122002B00D1203A01233421C0
:10F5B000009328000023FEF787FE2378002B0BD052
:10F5C000039B3122002B00D1203A01230321009319
:10F5D00020000023FEF778FE039B44363122F1B26F
:10F5E000002B00D1203A012314A800930023FEF73A
:10F5F0006BFE21E7013C0025E4B22EE723223D31DA
:10F600001AA80BF064FC052363431AAAD018039BC5
:10F610003122002B00D1203A01231821009300232E
:10F62000FEF752FE13202FE73B002B331B78002BF5
:10F6300000D049E703214BE7032953D1039B312233
:10F64000002B00D1203A0123262012AC00932B215D
:10F6500000230019FEF738FE9B4B1C783B002B3330
:10F660001B78002B09D09948002C43D0039B002223
:10F670000133C121DBB2FEF7EDFC2D373B780025CD
:10F68000012B01D1924A1578ED181AA8914BAD00C3
:10F69000002C3BD00200603352CB52C2039B0022AD
:10F6A0000133D0214059DBB2FEF7D4FC0C9B049A05
:10F6B000934201D0FFF734F9874B1B78002B36D0EB
:10F6C000864914A80BF0FBFB7F4B1B78002B35D031
:10F6D000039B00220133E221DBB214A8FEF7BAFC3F
:10F6E000FFF71EF9039B490001331AA84018DBB24B
:10F6F000A921FAE6039B3122002B00D1203A0123F5
:10F70000302100930023FEF7DFFDB6E702006C33E3
:10F7100052CB52C2039B31224059002B00D1203AD8
:10F7200001235B2100930023FEF7CEFDBEE76C4B67
:10F730006C49DA7D14A806F06BF9C5E7039B31220A
:10F74000002B00D1203A01236E21009314A800233E
:10F75000FEF7BAFDFFF7E4F8634B644D1B78002B0E
:10F7600001D0FFF71CF9624DFFF719F9049A002A3E
:10F7700000D0DBE25F4A127852B2002A00D1D5E213
:10F780005D4A1278002A00D0D0E2022323705B4B3E
:10F790001B8809938023099ADB009A4207D3584BB0
:10F7A0001B68002B75D1FCF78FF8FFF705F9293599
:10F7B0002E78731E182B00D91926524B524A1978ED
:10F7C0000023994202D01078013343404F48047817
:10F7D000002C00D1B6E04E4C2478002C00D1B1E0D2
:10F7E0004C4C2478B44200D0ACE0002B00D0A9E00F
:10F7F000494B1B78002B00D0A4E01170474B1F88A9
:10F80000002F01D1FFF7D8F80021454A344B157875
:10F81000444A1268D08B8D420BD080229C8DD2003E
:10F820001600944200D2ECE0DC8D944200D2ECE071
:10F830000D00002213003C4C0394039EDC08345D51
:10F8400007261E4034410126344203D0921992B259
:10F85000834206D0802401339BB2E400A342ECD162
:10F860000022324B002903D10392002A00D0D6E0B7
:10F870001A88131C002A00D101239BB20393002D88
:10F8800000D029E100212B000D000493284B0693A2
:10F8900056E1284A1D4D1068224A2E7812681C4CE9
:10F8A000918B002E00D0BDE001262E700025257022
:10F8B000214C2360214B1860214B1960C5E0C046E4
:10F8C000E6C20108EFC201082F2300208CC70108FF
:10F8D00024080020D8BF010848080020F3C201080E
:10F8E0008C1F0020F8C20108AE07002084C2010866
:10F8F0007CC20108241F00206D1F00204408002046
:10F9000040080020AF070020FB210020FE2100203E
:10F91000ED210020EC210020FA210020FC21002014
:10F92000B61F00206C1E002060210020F82100205E
:10F930000CC40108C8040020E8210020E4210020B4
:10F94000E0210020002501272C00574B11701F706B
:10F95000564B80220021077055481E700BF088F925
:10F960008022002153480BF083F9534B1D80200067
:10F97000FCF7F8FB0390002837D0072203781340E8
:10F98000934232D04378192E20D1002B2DD007235B
:10F9900038002340984003004549E208885C03434F
:10F9A0008B54039B6A1C1B7892B27F2B08D90723C8
:10F9B000E8081D403B00AB403E490D5C2B430B5417
:10F9C0003D4915000B8801330B800EE0192BDED06A
:10F9D0009E420AD1394A3A4B1278002AD7D09A8DE2
:10F9E000A24202D0DB8DA342D1D180230134A4B244
:10F9F000DB009C42BBD10022324B1A70324B1A8082
:10FA0000FCE60121844200D113E7DB8D0021B342E3
:10FA100000D30EE71B1A5A425341590009E7039AD3
:10FA20001A802CE72678002E00D03DE7274E366856
:10FA3000B34200D038E7264E3668B04200D033E7F4
:10FA4000244E3668B14200D02EE7204B1C68002CB3
:10FA500001D1FEF7B1FF1E4B1B680393A34201D2F5
:10FA6000FEF7AAFF1B4B1D68002D00D10135039B3B
:10FA70002900181B1668F2F75DFF471C013000D102
:10FA800001272000B44203D80398B04200D93000C7
:10FA90002900001BF2F74EFF431C0393BB4200D921
:10FAA00003970125EEE6C046ED210020EC21002061
:10FAB00060210020E0200020FC210020B61F002053
:10FAC0008C1F0020FA210020F8210020E8210020CE
:10FAD000E4210020E02100200126B44B8E401B7859
:10FAE00003241A005809DB065B0F33432240DBB2C4
:10FAF000002804D00138C0B21900002811D121001B
:10FB000001200132D2B2022A00D900221C00D440C6
:10FB1000044200D0D3E00139C9B20029F1D10A0072
:10FB2000062089004001A24B01431143C9B206934C
:10FB3000002A05D09F4B06939F4B012A00D1A6E6D1
:10FB40009A4B3A00197000209C4905F061FF039917
:10FB5000C3B200919A4A1821C4B201971AA806F0BC
:10FB600041F9984B9B8C002B00D1AAE00323192666
:10FB70000A930123E40000933200002302211AA813
:10FB8000FEF7A2FBE3B200240793A54223D00B3378
:10FB9000DBB20893079B089D1233DBB20B93B31DB6
:10FBA0000C9334000023220029008748FEF77AFBDB
:10FBB00001340C9BE4B2A342F4D101350B9BEDB2AE
:10FBC000AB42EED10123320000930899002306983E
:10FBD000FEF77AFB0B2400237C4AD3560B93079B3A
:10FBE0001C197D23E4B225000B34E4B21B1BDBB2ED
:10FBF00009355E1E3000EDB20693012F0BD003983D
:10FC0000B84200D93800002800D1013001387043D3
:10FC1000791EF2F78FFE0390B04200D903960C20B4
:10FC200012260A9B684AD901531858555D196E70FF
:10FC30001D007D352E7000257E331870644B091928
:10FC40001B88079708938B180A93069AEBB29A427F
:10FC500001D8FEF7B1FE079B0699D81BF2F76AFEA2
:10FC60000699441C0798F2F765FE00231A000399D1
:10FC70008D425A410B99D2B2013103D0039AAA4264
:10FC80005B41DAB22300844200D20300802109984C
:10FC9000C90088422BD2002C00D1013408998B4234
:10FCA00000D90B009C4205D8013C4A48A4B29BB243
:10FCB000A3420AD12D23002A12D10C3B10E00021CF
:10FCC0002EE7052329260A9353E70726E108415C1E
:10FCD0002640314101260134A4B23142E8D021232B
:10FCE0000A9A5355079B0135DB190793ADE7049931
:10FCF0000029DFD0201E00D101208342DAD38021E9
:10FD000049028C42D6D28B4200D3334B3349344C18
:10FD100009788C4600216145CCD02688B04201D8B4
:10FD2000B342DCD20131C9B20234F4E72D4A127871
:10FD3000002A2FD02C4A1278012A2BD104232370B9
:10FD40002A4C2378002B01D006F0A0FE1D4B9B8C83
:10FD5000002B01D0FEF7ACFD254B1B78002B01D00A
:10FD6000FEF7A6FD2378002B01D0FEF7A1FD059B31
:10FD7000204A002B00D0204A204914A805F048FE54
:10FD80007F23062200936B21002314A808F08AFD2C
:10FD9000FEF78EFD002B33D0144B1878002835D198
:10FDA00005232370FEF712FCFEF706FEF721002064
:10FDB0000CC401088FC201088CC20108D7C4010815
:10FDC000FEC201088C1F0020E11A0020241F002021
:10FDD000FC210020E0200020FFFF0000160500208D
:10FDE000CC040020120700206A1F0020071F0020FB
:10FDF000221F00206CCB01089AC9010874C30108B6
:10FE00008B4B1B78002B01D0052B99D1894B1B788C
:10FE1000002B2BD0884E3378002B27D0874B1B78B4
:10FE2000002B23D1864B1B78002B1FD13000F2F71B
:10FE300051FD844B1B78002B01D0FEF73BFD0733AF
:10FE400023700C2800D20C200C3832187E4914A8DC
:10FE500005F0DEFDAA8C0523002A01D00323002231
:10FE6000022114A8FEF7F6F8FEF7A6FD774B1B78E3
:10FE7000002B00D164E7734B1E78002E01D0FEF7F3
:10FE800019FD08232370724B1F883800FCF704F912
:10FE9000642105003800F2F7D3FD38008CB26421EC
:10FEA000F2F748FD230082B26A49009514A805F0D4
:10FEB000AFFD03233200D3E74021674A1AA80BF0B5
:10FEC00023F803237F2221001AA8FEF7C3F8FEF7C8
:10FED00099FD21001AA8FEF7BDF82B0040215F4ACA
:10FEE0001AA80BF011F805237F2221001AA8FEF7AB
:10FEF000B1F85B4B5B68002B00D121E7594A1268CF
:10FF0000934200D81CE70A20FA219B1A584380B27A
:10FF1000F530FF308900F2F797FD031E00D10FE79F
:10FF20004021514A1AA80AF0EFFF06237F22210040
:10FF30001AA8FEF78FF803E72024002901D0FEF766
:10FF400075FEFEF797FE0123FEF76EFE059B0499F2
:10FF50008B4201D1FEF7B4FD444E3368002B45D0EF
:10FF6000059B434F5B00DB5B42495B18062B01D9C5
:10FF7000FEF7E1FE53425A416B4603241D7B0823E2
:10FF8000524214402C19E4B2002207213A4800934F
:10FF90002300FEF71BF8306814A9FBF737FD230098
:10FFA0000022382114A8FEF755F8344B14A918681C
:10FFB0000134FBF72BFDE3B20022382114A8FEF731
:10FFC00049F8BB8C002B11D02D4B1B78FF2B01D196
:10FFD000FEF7A6FC0235EBB23022062114A8FEF78C
:10FFE000A1F8BB8C002B01D0FEF79AFC254B1B78A7
:10FFF000002B14D0244A254914A805F009FD1C4BF8
:020000040801F1
:100000009A8C002A01D0FEF79AFE08230221009361
:1000100014A8033BFDF7DAFF01221D4B1A700C9B5D
:10002000049A934201D0FEF756FD1A49FEF74FFDA0
:100030006A1F002010070020461F00206D1F0020AF
:10004000071F0020431F002006C30108741F002063
:10005000621E00200EC301082EC3010858C3010808
:100060000C1F0020081F002064C301084008002066
:100070008C1F002000FCFFFFB5C20108C80400204F
:1000800008000020221F00202F080020BCC2010809
:100090005A1F00208EC30108044BFF201A784E2AF5
:1000A00003D8034BD2009B18D8797047811F0020DA
:1000B00078D0010830B587B0FFF7EEFF4D2800D9A2
:1000C00089E0F2F72DFC4E005300620068006800E2
:1000D0008E009D00A600AC00F500B100B600330212
:1000E000BB005001BB00FC00C200C600CE00E30014
:1000F000D800DD00E600F200F900FF000201070170
:100100000A010D011001130118011C011F01220138
:1001100026018800880036012A012D013E01410197
:10012000440147017E003B014B017E005D016001FF
:1001300087018A018D0190019301960199019C012B
:100140009F01A201C001A501B601B901BC016B016B
:10015000A80163016F016F016F016F016F016701FA
:10016000C301BC4ABC4BD27D1A6034E0BB4BBC49D6
:100170001B680833DA7F0023C85C904203D0013348
:10018000182BF9D10023B44A38E0B44BB24A1B68AB
:1001900029331B7832E0B14BB2491B680C781A79CD
:1001A0005B79002C05D000230B70AF4B1A78AF4B56
:1001B0001B78043841424841511E4C4261418842FB
:1001C00002D00022A44BCFE7A349022A05D801336D
:1001D000002AF6D00B6007B030BD6933032AF9D08E
:1001E000EFE79E4B9C4A1B68197B022904D0032928
:1001F000E7D15B7B693301E05B7B01331360EAE7A6
:10020000964B1A680023117B0129BCD1537B013323
:10021000B9E7924B904A1B680133DB7FEEE78F4AC8
:100220008D4B126892699FE78C4B8B4A1B682D336C
:10023000AFE78A4B884A1B683333AAE7854A864969
:10024000537B04335B009B5AC4E7834B884AD27FBD
:100250008AE700237F4A917F994200D193E7D37FB9
:10026000D5E7844B1A787C4B002A02D0824A127858
:100270007AE7824AEBE79221774A764B490003E01E
:100280002621754A734BFF315B5CB7E7724B7C4AA2
:10029000EDE77C4B7049DB7F5A1E93417A4A5B0045
:1002A000D27F501E82419B1894E76B4B774ACEE772
:1002B000684A694B127E57E7674B754AD7E7664B2A
:1002C000744AC4E7644B744AD1E7644B624A1B68C2
:1002D0002E335EE7604B714AB9E75F4B704AC6E761
:1002E0005D4B704AC3E75C4B6F4AC0E75B4B5A4AB1
:1002F0001B6835334DE76D4A574B128834E7564B30
:100300006B4AB4E7544B6B4AB1E7524A524B928D59
:100310002AE7504A504BD28D26E74F4B664AA6E754
:10032000664B0A211888F2F705FB4B4C80B220601F
:1003300051E74A4B484A1B6832332AE7464B604A2A
:1003400095E7454B5F4A92E7434B5F4A8FE7424B45
:100350005E4A8CE75E4A404BD28F05E73F4B3E4AF0
:100360001B68343315E73B4A537B04335B00985AD0
:10037000012300221900FBF7FDFF374B18602AE725
:10038000354B544A73E7344B534A70E7534A324B68
:10039000D288E9E69321304A2E4B6FE72D4A2E4B47
:1003A000D27EE1E601AC22004D4B23CB23C203CB2E
:1003B00003C2FFF771FE473880000359494A197894
:1003C00000231079884200D1DDE601330832162B74
:1003D000F7D100E7204B444A49E71F4B434A46E721
:1003E0001D4B434A43E71C4B424A40E71A4B424AE3
:1003F0003DE7194B414A3AE7174B414A37E7164B5D
:10040000404A34E7144B404A31E7134B3F4A2EE74A
:10041000114B3F4A2BE7114B1B6834331A780E4BB4
:10042000012A01D13B4A22E7022A00D1C9E63A4A11
:100430001DE7094B394A1AE7074B394A17E7054ABE
:10044000054B527F90E6044B364A10E7024B364A82
:100450000DE7C0468C1F00207C1F0020601F00207D
:10046000F9CB01082C0500202D0500202E050020C9
:10047000931F00202308002022080020941F002042
:10048000C8070020921F0020911F00208D1F002010
:10049000B41F00208E1F0020CA1F00208F1F0020C5
:1004A000D21F0020D71F002012070020DA1F0020D3
:1004B000B51F0020B61F00200A20002000200020C9
:1004C000251F002010070020CC1F0020CD1F00207A
:1004D000901F0020801F0020340400202A1F0020CD
:1004E00050C0010884E501085E000020640000207F
:1004F000EF1E0020F81E00201A1F002036000020EA
:1005000054080020B5070020302300202F230020AE
:1005100003000020260800202508002024080020D1
:100520000E2000206B1F0020DD070020024B034A35
:100530001B6828332DE6C046601F00207C1F00206A
:1005400010B50024084B1B78A3420BD1FFF7A4FD84
:100550000F2807D1054B1B78A34203D0044B1C681E
:10056000E443E40F200010BD3E1F00202C23002098
:1005700028230020F8B50500BE20414A80001388DA
:100580005188404C5B189188D2885B189B189B104F
:1005900058433D4B2678D988F2F756FA3B4A83B246
:1005A00013803B4A934228D907232370394B1F7885
:1005B000012F05D1FFF770FD2F2801D1364B1F7099
:1005C000FA21364B364F1B883A7849008B4238D88F
:1005D000002A04D00122334B1A702F4B1A700023CB
:1005E00020783B70B04242D000222F4C022833D9F1
:1005F00022700122284B1A7036E02C4A93420DD803
:1006000093212B4A4900525C012A01D80023CCE7F0
:10061000962189008B4201D2022AF7D0012380B2B1
:100620002370FBF739FDC0B206234B28BDD8052344
:100630003228BAD804231928B7D80528B6D90323F5
:10064000B3E7002A06D1174B01321A70124B1A7009
:10065000F4F78CFB0123C3E7164B022808D00122D4
:100660001A702378002BC4D00022134B1A80F8BDD7
:100670001A70002DF5D0114B1978FDF771FCF0E7D9
:10068000841F0020731F00202A1F0020621E0020EC
:100690007A030000431F00206C1F0020CC200020A4
:1006A000741F0020711F0020FE1E00207502000034
:1006B0008C1F0020021F0020001F0020FF1E0020B2
:1006C000F0B5A9B0FFF7E8FC0390FDF757FE302224
:1006D00037230021100007F0B1FC02234021AB4A70
:1006E000D1540233322BFBD1A94B1C78A94B1D7876
:1006F000AC4231DAA84BA9481B78E6003618002B2B
:1007000000D089E0631E00D26B1E0022DB001100C6
:10071000C0180123FDF79EFC08230022300000933F
:100720001100063BFDF752FC601C854200DC0020F6
:1007300000229A4BC000C01811000423FDF78AFC68
:100740002B009749621C18A805F062F906230022C5
:10075000190018A8FDF77EFC5021002304AA5218A6
:100760001370303904AA52181370F4F7FFFA039B80
:100770004D2B00D9A6E01800F2F7D2F857006C0014
:1007800084009200ED009200ED00010138014D035C
:10079000D001A9069A06270227027702BB03470366
:1007A000D201DA012302F601F6014B03A906630325
:1007B0000C02C103A906BD035B00A90623022702A0
:1007C000C103A90627022702DD03E603F103A906F8
:1007D000EE03A906F503F703F9031C04F30306026D
:1007E0001D062006A906590675067E0681068106A5
:1007F00084069106AC06AF06AF06A906B2063B0713
:100800003E075B074F0614072F0652065206520694
:10081000520652064C06250208230093002330009E
:100820001A001900FDF7D2FB8AE75E4B5E491A6891
:1008300045E005215B4A5D4B126818A89A5C0824C4
:10084000D307DB170B405208594905F0E1F80026A1
:10085000042312E3534A57491268574BD2B28A5CB9
:1008600064215200D55A2800F2F7EAF828008CB229
:100870006421F2F75FF8514982B2230018A805F00D
:10088000C7F81FE0474B4E491A68002A0DD0551E85
:100890004C4C4D48AD0092004C492B591258EDE795
:1008A000404B1B68002B03D1494918A800F08AFE71
:1008B000484A682B4ADC013B5B00D25A464918A8DB
:1008C00005F0A6F8502204AB9B181B78002B00D132
:1008D000B7E018A8F1F7FEFF00230600411E01252E
:1008E000180018AAB34201D000F0A6FE032D01D8CB
:1008F00000F0ADFE072D00D907250123032704933F
:1009000000246B08FF1AB44200D39AE0002D00D1F6
:1009100097E0049A18AB1819FBB2002A01D100F035
:100920009BFE7F223221FDF795FB18ABE25C1F2A6C
:1009300001D900F099FEB44201D300F09AFE1A5D8D
:100940001F2A01D900F095FE0134F4E7693B5B00F2
:10095000D25A2249B3E7134B1B68002BA4D0204A7C
:10096000013B5B009D5A0A212800F2F769F8280034
:100970008CB20A21F1F7DEFF1A4982B27DE71A4BE9
:10098000084A1268920000F04FFDC0465F1D00202B
:10099000811F0020781F00202C23002078D0010820
:1009A000CBC301087C1F002072C4010822E30108A8
:1009B000D3C30108F9CB010800CE0108DCC301084C
:1009C000E7C3010898D60108B4D60108ECC30108B2
:1009D00071C2010862E4010848C20108F3C30108BA
:1009E000FEE301083CC201088CD60108CC4B1B7801
:1009F000002B04D0CB4B1B78002B00D088E0CA4BD7
:100A0000CA491D68EB17E8185840F2F703F92800A7
:100A10000C00C649F2F718F823000200C449082464
:100A200018A804F0F5FF012318A87F2232210094B2
:100A3000FDF7CCFA0323BF4800947F223221FDF753
:100A4000C5FA039B033B012B01D900F019FEBA4BF9
:100A50001B78002B07D008237F2200933221B74850
:100A6000043BFDF7B3FA039B042B01D000F012FE08
:100A70000124AD4B1B68002B01D000F00EFEB049E5
:100A8000002C00D0AF490CA80AF019FA0CAC23785E
:100A9000002B24D02000F1F71DFF00281FD00723D2
:100AA000584301304D2801D900F03BFE47331B1A53
:100AB0005B083233DBB23321322B0BD07F22121A88
:100AC000111CD2B2332A00D23321CAB29A4200D9C1
:100AD000191CC9B2012300222000FDF7DBFA039B99
:100AE000322B02D00D3B022B0ED8974B1B78002BDC
:100AF0000AD09648012B00D1954808237F22009305
:100B00003221033BFDF762FAF3F7A4FF29B0F0BDF1
:100B1000FDF71AFD8F490200C31C80E78E4B2FE7BB
:100B2000814B8E491A68002A00D0C8E68C49C6E677
:100B30007D4B1C68002C00D1B6E63C2C12DC052055
:100B40003C216043F2F766F820000D000C21F1F71C
:100B50007BFF2B000200834918A804F059FF3C24B6
:100B6000012675E68049A0E66F4C8049226818A8E6
:100B700004F04EFF6A4B1B78002B00D1A2E62068E0
:100B8000C0B2F2F7FBFE9DE6674B1968784B89000F
:100B9000C9188AE6644B1C68002C00D184E60F203B
:100BA0003C216043F2F736F80B000321E2176D4851
:100BB0000A4012190100921018A804F029FF2824F5
:100BC000CEE76C4BDCE66C4BDAE68023564FDB005D
:100BD0003868984204D1694808230093063B2CE703
:100BE000002280B21100FBF78BFB08263A6818AC94
:100BF0000100050092B22000FAF71EFF00237F22B9
:100C0000322120000096FDF7E1F9002D21D04E4B56
:100C10001B78002B1DD13868320080B2000114A966
:100C2000F3F7F8FD149F41493800F1F709FF380048
:100C30000D003E49F1F77EFE2B00020050492000D6
:100C400004F0E6FE05237F22322120000096FDF706
:100C5000BDF9354B2000196889B2FCF78DFC23786B
:100C60004848002BB8D02000B6E700222E4C1100D7
:100C70002068082580B2FBF743FB226801000600CC
:100C800092B218A8FAF7D8FE00237F2232210095ED
:100C900018A8FDF79BF9002E00D1D2E620682A00A3
:100CA00080B2000114A9F3F7B5FD1D4B149F1A780B
:100CB000354B002A01D1013A1A601E68002E65DA10
:100CC000216818A889B2FCF757FC502204AB9B1886
:100CD0001B782C48002B00D018A808237F220093F3
:100CE0003221063BFDF772F9174B1B78002B00D021
:100CF000A7E638000D49F1F7A3FE38000C000B49B8
:100D0000F1F718FE230002001D4918A804F080FE28
:100D100008237F2200933221033B18A88FE6C046A8
:100D20002C2300205F1F00207C1F0020A0860100D4
:100D3000FAC301080FC401083E1F00201DCA0108A4
:100D4000B8C30108B9C3010826230020C5C30108A0
:100D5000BFC3010803C4010884D60108D7C4010831
:100D600071C2010835C4010870CA010872C40108C3
:100D700044D7010874D6010864D601081EC20108D0
:100D80002EC201080DC201082823002008237F225B
:100D900000933221C048063BFDF718F9092EA3DC69
:100DA0000024BE4DA64220D0BB4B1B5D672B0CD050
:100DB0006A2B0AD0E00080B202001D2337323130A6
:100DC000190012B200B207F039F9013408350A2CC3
:100DD000E8D1B34BB3481B78002B00D0B2480423B2
:100DE00000224D21FDF736F97EE7F00080B20200C7
:100DF0001E2335323330190012B200B207F01EF94B
:100E000020222B7813432B70DFE7A84BA8491A68E0
:100E100089E6A84BB4E505263000A44B3C211C68AC
:100E200001346043F1F7F6FE20000D000C21F1F7CC
:100E30000BFE2B000200A04918A804F0E9FDB32422
:100E400006E59A4B9D491C68002C00D12DE5502CDD
:100E50003ADCFA20FA2160438900F1F7DBFE0B004F
:100E60000321E21796480A4012190100921018A8AF
:100E700004F0CEFD502401260523924D8B4ADB0160
:100E8000ED1810682A000C23363229001370122244
:100E900037310A7042310A702A00C0B27A32801BA0
:100EA000A11B13708001F1F7CFFD212438232D26DB
:100EB0003830C0B2DAB22100904200D33100E95498
:100EC0000133792BF6D1FDE405252800503C604321
:100ED0003C21F1F79FFE20000E000C21F1F7B4FD3C
:100EE00033000200784918A804F092FD68245026C7
:100EF000C2E7764B44E56D4B75491A6813E66B4BB8
:100F000074491D68192D00D1CFE4002D03D1039B36
:100F10001B2B00D1C8E4704B6C1EA400E418200009
:100F200007F022FE002802D02A006C49C7E4230003
:100F30002A006B49A2E46B4B6B4A19780139C9B29C
:100F4000FD2907D8694999E4694B6A4A197801393A
:100F5000C9B2F5E76849B2E4544B684967E4684BA5
:100F60000EE5684B0CE5684B0AE5684B08E5684BF5
:100F70001B78002B1BD0674B1C78002C17D06649C0
:100F8000072214A809F0A3FF00216448435C1A005B
:100F90003732D2B2092B01D83033DAB214AB5B1836
:100FA00001319A70CBB29C42F0D814A97DE43F4B3A
:100FB0005B493CE43D4B1C68E4B2052C00D981E45C
:100FC0002000F1F7ADFC0600130046017101B801E5
:100FD000B801544B544A554918A804F019FD06238A
:100FE0007F2231215248FDF735F86BE40024514F40
:100FF00008AB06AE0093320038004F4907AB0694A9
:101000000794089409940A940B9409F0B3FF0328F9
:1010100023D04A4C3B002200102114A804F0E2FE29
:1010200022001021464B10A804F0DCFE45490CA814
:1010300009F045FF03237F22312114A8FDF70AF8A8
:1010400004237F22312110A8FDF704F806237F2214
:1010500031213D48FCF7FEFFF3E40BAB00933B4925
:1010600037480AAB09AA09F085FF0328D1D13278A5
:101070007178B078364EA300F3581F78974205D1A7
:101080005F788F4202D19B78834263D001340C2C6D
:10109000F1D1002460E0C04633230020951C0020DD
:1010A0002723002099C3010895C301087C1F002055
:1010B0009DC3010854D6010835C4010813C40108B2
:1010C00018C40108E11A00202DC4010844D6010803
:1010D000A2C30108F1C6010854220020FECA01087B
:1010E00041C40108E41F0020DC1F00204DC401089A
:1010F000F61F0020EE1F002052C4010857C401084B
:1011000030D6010824D601080CD60108F8D501080C
:101110002C2300205F1F00200CC50108D0030020F5
:101120003CC30108B8C101085FC4010865C40108D7
:1011300036D00108E9D501086BC4010868C401086C
:10114000E0D5010899C40108D8D5010875C4010883
:10115000D0D30108002C9CDBE1233C21099A1B0120
:1011600053430A9A00264A439B180B9A9B18E12284
:10117000D2019D18DC4B9D424CDC002D4EDB079BC1
:10118000089FF618002307960493049B05932100FB
:101190003800FAF7F7FB864244DC059B002B00D0B1
:1011A0000796049B002B00D008970023089F079EFA
:1011B0000493002E40DD002B00D00796049B002BEB
:1011C00000D008970899C94BA400E358C84A019178
:1011D0000096102114A804F005FEE1212800090161
:1011E000F1F732FC3C2106002800F1F713FD0191D4
:1011F000E12128000901F1F70DFD08003C21F1F77C
:1012000023FCBC4C009033002200102110A804F0F5
:10121000E9FD0BE7B84A0136AD18ACE7B74B013E24
:10122000ED18AAE701230134361A05930C2CAED130
:101230000024FF180493A8E7013C03D201230B24E8
:10124000013F049321003800FAF79CFB0123361874
:10125000AFE7AB490CA809F032FEAA4B1E8830005C
:10126000FAF71AFF642105003000F1F7E9FB3000BE
:101270008CB26421F1F75EFB230082B2A249009593
:1012800014A804F0C5FB03237F22312114A8FCF726
:10129000E1FE93229D4B52009C5C9D48A4000523D7
:1012A00031212058A73AD5E6EC219A489A4C4902B8
:1012B0006043F1F73FFB994A994B86B29B18994AD4
:1012C00099499B18994A0CA89B1A5C4309F0F7FDB1
:1012D0000A213000F1F72EFB0A2180B2F1F7B0FBB2
:1012E00030008DB26421F1F725FBA40B2B0082B2F4
:1012F0008F4914A804F08CFBA4B203237F22312170
:1013000014A8FCF7A7FE0A212000F1F713FB0A211D
:1013100080B2F1F795FB20008DB26421F1F70AFB52
:101320002B0082B2834914A804F072FB05237F22AC
:10133000312114A88EE68049052C00D17F490CA8E4
:1013400009F0BDFD7E4E052C00D17E4E0021072503
:1013500001270A0038001432D3B22A409040C2B2AA
:101360009446DB08784ADB019B182122C8084243D7
:10137000B21804920A0000202A400592202913D0B6
:10138000049A059C125C22413A4003D064461A78C4
:1013900022431A70013001332128EFD10131C9B243
:1013A0002129D6D1FFF74DFBC4B2E2087C3AD2B274
:1013B000B25C2C40E7E7654BFFF7E2FA644B1B7821
:1013C000002B07D1634B64491B78013B012B01D8EB
:1013D000FFF76BFA614BFFF7D3FA614B614A1D6867
:1013E000484BD0881B8829005843F1F7A3FA86B2EE
:1013F00030006421F1F724FB30008CB26421F1F756
:1014000099FA230082B25849009518A804F000FB0D
:10141000FFF758FA3E4BFFF7B3FA544BFFF7B0FA19
:101420004F4A534B1268D200D158FFF73EFA4C4B4B
:101430001C68002C01D1FFF737FA782C01DDFFF78B
:1014400041FA20003C21F1F7E5FB20000D003C2192
:10145000F1F7FAFA2B000200464918A804F0D8FA6E
:101460007824FFF77DFB3E4B434C1B6843489D00AF
:1014700001339A00FFF710FA414BFFF781FA414B15
:10148000FFF77EFA364C4049226818A804F0C0FAEB
:101490003E4B22681A70F3F7B1FBFFF713FA304A9C
:1014A0003B4B126818A89200D15809F008FDF2E7EA
:1014B0004822164B597B4A439B189C331B6818687B
:1014C000FAF774FC3349002801D1FFF7EEF9304BED
:1014D000FFF756FA304BFFF753FA304BFFF750FA4D
:1014E0002F4BFFF74DFAC0467F510100D0D30108C2
:1014F0007EC401088AC4010880AEFEFF805101004D
:10150000A2C20108621E002015C301088C1F002022
:10151000C4D5010848C501001027000000020000E2
:10152000A0320020000300009FC40108000000203A
:10153000A6C40108B4C40108B0C30108ABC30108C4
:1015400000D4010889D40108291B0020BCD501085A
:101550002C23002032230020C2C4010890D50108AA
:101560007C1F00202A1F0020CEC4010888D5010856
:1015700084E50108DAC4010898D60108B4D6010848
:1015800080D5010870D5010872C40108360000201A
:10159000D4D60108E4C4010860D5010858D5010873
:1015A00050D50108604B1B6834331B78012B0DD1DB
:1015B0005E4A5F4B126818A89200D15809F07FFC70
:1015C0005C490CA809F07BFCFFF77CF9022B06D1E3
:1015D000594C18A8210009F072FC2100F1E7534A88
:1015E000564B126818A89200D15809F068FC54496B
:1015F000E7E7544BFFF7C4F94C4B1A68002A0ED1A9
:10160000514918A809F05BFC002426002500F3F7D7
:101610001DF80423002D00D02FE4FFF753F93F2AD3
:10162000F2DC4A4918A804F0F3F93F240126042506
:10163000EDE7474BFFF7A4F914780A2C03D1994240
:1016400001D90135107001330132FFF74BF9002346
:1016500002270493FFF754F90822322100927732CF
:10166000FCF7B4FCFFF761F90134A64201D0FFF7A3
:101670005DF90223049A013D9B1AFF18FFF743F915
:10168000039B062B01D1FFF7F3F9039B052B01D038
:10169000FFF7FCF90024FFF7ECF95A1ED2B2002C38
:1016A00021D0312A34D8002001000500294E0B2D0D
:1016B00014D8775DB94211D1013501313229F6D103
:1016C000FF200322121BD2B2FF2822D0013000904B
:1016D00021490CA804F09CF9FFF7D8F99142F0D009
:1016E0000130C0B2E9E7672A19D82000210025009F
:1016F0001A4E142D07D8775DB94204D10135013156
:101700006829F6D1DCE79142DBD00130C0B2F6E7C0
:10171000022213490CA804F07BF9FFF7B7F9032262
:10172000F7E73323FFF7CAF9601F00207C1F002072
:1017300080D70108EFC90108C0C201086CD70108B1
:10174000F7C4010848D5010871C20108FECA0108A2
:1017500034D5010812D50108FAC401081ED50108C4
:1017600004C5010802000020054BD979914205D03B
:101770000130C0B208334F28F7D100207047C0466F
:1017800078D00108F0B587B0FCF7BCFE0822002134
:1017900004A809F06DFA9C4B9C4D1E789C4B9D4C07
:1017A0001B78002B56D0012E48D19B4B1E88760803
:1017B0003C213000F1F7BEF83C23C2B25B425343F8
:1017C0009B199649DBB202A804F022F90622944B39
:1017D000944902A8FCF7DAFBA37F002B04D00C226B
:1017E0009148924909F073FB2B78002B0AD1904B5A
:1017F0008C481B788F493630002B00D18E490C2243
:1018000009F065FB637E002B00D0C5E08B4B1B7895
:10181000002B00D0C3E08A4B1B78002B00D0C1E026
:10182000884B1B78002B00D19CE00834E37F092211
:101830008549002B00D19BE0844999E0FAF788FBA9
:10184000002807D0E126824B36011B885B08F61A78
:10185000B6B2ADE7052E04D10C2272487D4909F0DD
:1018600036FB7D4B1B785BB2002B21D1FAF754F984
:1018700000281DD12B78002BAED1237F002B65D102
:10188000A31DD87F631DDB7F002B59D0734B1B78C2
:10189000002B5FD0724B12221900002801D00220C9
:1018A000053A604B1230C0B2C01809F010FB93E744
:1018B00080226C4BD2001B8893423BD2FAF72CF962
:1018C000002837D1230029331F78192F1CD16649EE
:1018D00004A809F0F4FA0E2623002A331B78002B03
:1018E00005D0624904A809F0DDFA0436F6B20123F6
:1018F00000220221009604A806F0D4FFFAF70CF9A2
:10190000002800D068E7B5E7594B7E1EB600F618F0
:10191000300007F029F9002805D13200554904A804
:1019200004F076F8D7E73A00534904A804F070F8B9
:101930000A26D1E706225149514809F0C8FADDE7E5
:1019400000280BD002200C224E49AAE702200C22CC
:101950004D49A6E703200A224C49A2E702200C22A7
:101960004B499EE74B4B1B78002B04D009224A4978
:101970004A4809F0ACFA4A4B4A481A784A4B197857
:10198000FAF71CF8494B1B78012B0ED0022B30D0F4
:10199000F3F76EF807B0F0BD09224549E8E70822E1
:1019A0004449E5E70C224449E2E7444B1C88FA230A
:1019B0009B009C4200DB424CA4B264212000F1F762
:1019C0003FF820008DB26421F0F7B4FF2B0082B203
:1019D0003C4904A804F01CF804A8F0F77BFF072298
:1019E000424330490E4B891A04A80622FCF7CEFA6E
:1019F000CEE7324B1888FAF74FFB3349020004A8B0
:101A000004F006F8E8E7C0466A1F0020E01A00204C
:101A10006B1F00208C1F0020681F002013C50108C9
:101A2000CADB0108550800207C08002069D30108A2
:101A3000EF1E00205DD3010851D30108D508002016
:101A400021080020230800202BD3010822D30108FD
:101A5000661F0020B5D30108241F00203F08002086
:101A60008DD3010844080020F1C60108BAC8010856
:101A700054220020D1C2010860C2010825C5010816
:101A80005E08002081D30108A9D301089FD3010873
:101A900075D30108741F002019D301089B0800208A
:101AA000FF1E0020C4080020731F0020251F0020F7
:101AB00048D3010840D3010834D30108621E002036
:101AC000E70300001DC50108E6CA0108F0B5904D06
:101AD00004002B7885B0012B6BD1012855D18D4B9B
:101AE0001968002900D0AAE0F2F7F5FC00228A4B21
:101AF0001A70F4F7CDFD894B1B78002B01D004F050
:101B000013FB0125864B1D7003F010FFFAF7B2FDA1
:101B100029000620F2F7F8FB824B834F1A78AA427D
:101B200000D195E03A6832321178042900D9CDE02D
:101B30001522CA402A4200D1C8E000221A703B6830
:101B400032331B78042B06D1784B0022FA211B7804
:101B50007748F3F787F9774B1B78002B00D1B7E074
:101B6000032B03D101207449F3F7EAF9FA20C000EE
:101B7000F3F76AF8A0238022DB0552009A616F4BCD
:101B8000FF3A1A706E4B1A70AAE006F083F92C70B7
:101B9000002C00D0B7E0F3F745F8604B1B78002B22
:101BA00003D0FA22674B52001A8001225C4B1A7054
:101BB000A7E02870052B00D09EE0052825D1624BB8
:101BC000C8221B78002B00D1BE3A002401255F4BB0
:101BD000DB7F53435E4A13805E4B1C705E4B1D706F
:101BE0005E4B1C70F2F76CFCF2F79AFC21002000AF
:101BF000F2F78AFB4A4B1D70594B1B78AB4200D160
:101C00007FE0200003F0A0FE7BE0F2F7D3FC00228F
:101C1000514B1A70424B1A70524B1B78934201D1B0
:101C2000FFF7B0FD002C02D16BE0052CC7D0012CD2
:101C300000D154E7022C53D10122484BA3E74A4B71
:101C40001B78002B00D04FE7012006F08DF94BE701
:101C5000464E00221A70464B464D1B88C82B00DAB0
:101C6000C8232A007E3212780292344A0392029AE2
:101C7000002A07D0A0228021D205490091610122CB
:101C800003990A70FA2080005843F2F7DDFF0298AA
:101C9000F2F7BEFC29002B002A007C31098878333A
:101CA00076321B8812887A3501912988300000919C
:101CB0000121F3F76BF9A02380220020DB055200FD
:101CC0009A62039B1870F2F783FC38E72A4EC0E74C
:101CD000F2F7BCFB294B1B78DB0701D5F3F746F87D
:101CE000FA22274B92001A800022264B1A70032CEE
:101CF00007D0144B1A8004E0002896D1042B00D1A1
:101D00004BE705B0F0BD052C00D093E757E7C04680
:101D10006A1F0020601F00205B1F00205E1F002044
:101D2000711F00200C230020681E00200A200020C4
:101D3000DD0900004D080020D6060000741E0020BA
:101D40001F0800202C0800203A1F0020931F0020AD
:101D5000381F0020E61E0020E51E00204808002055
:101D6000431F0020DC070020D91A0020D0200020CB
:101D7000002000208C1F0020DC1F0020C80700204E
:101D800058000020E81E0020F0B5A94E87B0336847
:101D90000590002B00D12BE1A64B1B68002B00D136
:101DA00026E1A54B1B68002B00D121E133682D33C0
:101DB0001C78012C03D1A14B1C780134E4B2A02380
:101DC000802200255200DB059A629D4B29000520E8
:101DD0001D70F2F799FA33681A0034321278012A2A
:101DE00000D00DE12D331878A84200D0032007F071
:101DF00029FB00210620F2F787FA88213620F2F726
:101E0000F1F8FA2500210120F2F77EFA0A240126D2
:101E1000AD000C20F1F7F0FD30420AD00021022085
:101E2000013CF2F7DFF8E4B22800F2F70DFF002CD6
:101E3000EFD100213F20F2F7D5F8824B7D201978B1
:101E40003F231940804B814D1943F2F7CBF8784C72
:101E500023681B691F683800F2F7D0FA236834330F
:101E60001878FAF7FBFC236800219A1CD27F7020B7
:101E700000925A1DD27F0192DA1CD27F02929A1DE3
:101E8000D27F03921A1D0733DB7FD67F0493F2F7CC
:101E9000A9F8A021090231434D20F2F7A3F8DE2171
:101EA000049BC90119434E20F2F79CF8039B4F2075
:101EB0001902029B0C261943F2F794F8009B782034
:101EC0001902019B1943F2F78DF80020F2F7A2FAEC
:101ED000F2F7AAFA3800F2F707FC01210020F2F726
:101EE00013FAF2F7B3FB23681A0034321278002A8F
:101EF00010D11B6918795979012800D18EE0831E11
:101F0000012B00D981E0F9F77DFCF2F713FA504E6E
:101F1000F2F79CFAAB7F002B00D186E0464B1B68A2
:101F200034331B78002B00D07FE04A4B1B78002B0A
:101F300000D07AE02B00FE33198CD88BF2F73AFAF6
:101F400030231E43236800201A0034321278824264
:101F500004D135331B78012B00D918008027413577
:101F6000F2F784FAF2F7BEFA2B783F013743032BDE
:101F700027D1C1215820F2F735F872203649F2F7FF
:101F800031F8C3217020F2F72DF8D021E0275D2031
:101F90004901F2F727F85A203049F2F723F85B207D
:101FA0002F49F2F71FF85C202E49F2F71BF8592051
:101FB0002D49F2F717F8BF0159202C493743F2F7A2
:101FC00011F823680021343318780138434258410E
:101FD000C0B2FAF7FBFB39003F20F2F703F8F9F73C
:101FE000C3FF059B002B09D00020FFF76FFD05E024
:101FF000FAF716FB3368002B00D0D7E607B0F0BD28
:10200000022C00D92C002000F1E61948F2F7AEF9B5
:1020100007201849F1F7E6FF174E79E7174B4900FB
:10202000C85AF2F7A3F9164E72E7F2F749FA89E7B0
:102030006C1E0020601F0020681E00202408002065
:10204000741E0020D81F002040E900008C1F0020D3
:102050000C0700005E1F0020653000005555000091
:10206000AA55000030AA0000684000006830000057
:1020700026020000CE2100000C040000FEE301084F
:10208000CC04000010B50E4B0E495A7B0988520053
:10209000D1529B180C4A0D4C12880D499A80206829
:1020A000482208F014FFFBF78DFC2068FAF796F938
:1020B0000120FFF769FE0022064B1A7010BDC046D2
:1020C0008C1F00208403002082030020601F00205A
:1020D000880300205C1F0020F0B5AB4B8BB000AF35
:1020E0001C68FDF7D9FF0C23FA18043BDB18C0B2BB
:1020F000D9192500F9F7FAFA002809D1A34B3A6952
:102100001968914201DA1A6002E0FA689142FADC39
:10211000FDF7C2FF4D286AD8F0F702FC4E005900C7
:102120006C0073008A007100880098009D003101E6
:10213000A100A5000203A900E001BA005E01DA00D7
:10214000DF00F1001401F800060118012A015A010C
:1021500062016C017D0183018701900196019B0161
:10216000A001A401CF00D50069006900B701AA0150
:10217000B001BD01CF01D301D7016900BB01DC0172
:10218000EB013C028002B902BB02C202CB02CD02CB
:10219000CF02D102D302D502D702FE02D902E90250
:1021A000F502F9029C02DB028B02A302A302A30246
:1021B000A302A30295020003744A754B1268DA75F4
:1021C0000122744B1A70744B09321A7079E02100A5
:1021D0006E4B724A1B680831DBB2D35C704ACB7716
:1021E000E38B9B18062B02D801226E4B1A80BD464A
:1021F0000BB0F0BD654B29341B682370F4E708343D
:102200002500624B1A68002A04D12B79012BEED0ED
:10221000AA80E9E7D3B2682A04DC0222013B2A71D2
:102220006B71E1E70322693B2A71F9E70834250065
:10223000564B1B68002B04D12A79012AD7D1AB80D9
:10224000D2E7013B6B7101232B71CDE74F4B01347A
:102250001B68E377C8E74D4B1B68A361C4E74B4B92
:102260002D341B68C9E7494B33341B68C5E7474B1E
:1022700047491A6892B2E2834B7B04335B005A529F
:102280000222484B1A80434B1A70474B0122C0E090
:10229000464B0922190020205C7A2500854307D08F
:1022A000FF2C05D0394B186880B2FBF785FD9EE7FF
:1022B0005872013B013AEFD2F4E7344A344B1268CA
:1022C0009A853B4BE2E7314A314B1268DA85F8E7F1
:1022D0002E4B1A68374BDA77F3E72C4B2C4A1B68E6
:1022E0001900481E81419177002B01D0013BD37723
:1022F000FBF79EF80122304B1A70304B65E7234BF9
:102300001A682F4BDA7700222E4B5EE792212620A7
:102310001E4B1F4A1B6849005354FF30115C0133A8
:1023200099420DDA19000BE026219220174B184A2A
:102330001B68FF3153544000115C013B9942F1DCB2
:102340001154BEE7204B114A12683EE70F4A10486D
:1023500011680122437B0A400133DBB25A43441D1A
:10236000E2770022890700D51A1C0630C277C1E740
:10237000064B1B685A1E9341144AD377A1E7034AC0
:10238000034B12681A769CE7601F00207C1F002018
:102390008C1F00201F08002002000020F9CB01083C
:1023A00000FCFFFF4A080020AF0700203323002075
:1023B0002B080020931F00202E080020711F0020F2
:1023C000941F002023080020C80700208D1F002034
:1023D000D54B1A68D54BF8E6D34B1A68D44B7AE73D
:1023E0001E21D14BD34A1B68DBB213704B43D24A38
:1023F000137066E7CC4B1A6823002E331A70210045
:1024000000230122E08B06F0DBF90122CB4B1A708E
:10241000CB4B1A70EBE6C44B1B685A1E9341C94A5A
:10242000ABE7C14B1A68C84BCFE6BF4B1A68C74B26
:102430001A70FAF7FDFFC64B0122C6E6C54BBA4A31
:102440001268511E8A41C0E6B74B1A682300353323
:10245000D4E7B54B1A68C04B1A8032E7B24B1A6802
:10246000BE4BB2E6B04B1B685A1E9341BC4ABFE755
:10247000AD4B1B685A1E9341BA4AB9E70A22AA4BD0
:102480001B685343B84A13801BE7A74B32341B68C1
:10249000B3E6B64B57E7A44BB54C1B685A1E9341A5
:1024A00000222370B34B1A70F4F7F2F82378002B54
:1024B00000D01FE7F2F70FF81CE79B4B1A68AE4BF2
:1024C00083E6994B1A68AD4B7FE6974B1A68AC4B85
:1024D000DA87F6E6944B34341B688EE6924B186824
:1024E000002380B21A00190006F06AF90222934B09
:1024F000CAE6A02600248C4B36021D682000F2F7A5
:10250000A5FD80235B01E418B442F7D1002D02D071
:102510002000F2F79BFD0C240826A020A319D9194E
:1025200010220002F2F776F97F22A0200125A119DE
:1025300000263B7EC91993433B766F3A0023000285
:10254000FD76F2F72DFE8F4B8F4C18008F4A904985
:102550007B602677FAF72AF88E4B8F4A18008F494E
:102560003B60FAF723F88E4B31007A682360636092
:1025700087480223A660FBF73FFC022329003A6844
:102580008648FBF739FC874B1D70874B1D70FBF7A6
:1025900025FA2CE6644B85491B680A2B08D10A787A
:1025A0000132D2B20A70022A00D820E6804A1FE720
:1025B00000247F4ADBB20C701370092B00D080E638
:1025C0007C4B6E469D446D4680222900920020007F
:1025D000F2F720F983222B0092000C33A918402037
:1025E0001A7802431A7010338B42F8D180220023EC
:1025F000200029009200F2F7D3FD80239B00E4180D
:102600008023DB019C42DFD102210020FAF7DAFFB0
:1026100002210120FAF7D6FFB54652E6424A664B40
:102620001268511E8A411A700222444B1A70444BA0
:1026300002E73D4B61491B680C22CB8060480023B8
:10264000F2F7AEFDD3E5384A4F4B116893225200A2
:10265000995436E6344A4C4B1268511E8A41DA7658
:102660002FE608220C239B18DC192200554B23CBA4
:1026700023C203CB03C22C4B1D68FDF70DFD524B4B
:102680004738ED0080005B1902591B79B0E64F4BCB
:1026900059E6254A4E4B12681A7001224D4BDBE673
:1026A000214B1B685A1E93414B4ADBB213704B4AB5
:1026B0009EE64B4B47E64B4B45E64B4B43E64B4BBD
:1026C000BDE64B4B3FE64B4BB9E64B4BB7E64B4BAE
:1026D000B5E6343420784A4B012802D0002803D1D3
:1026E000484B114A12681A70FAF7B8F8E9E50E4A31
:1026F000454B1268511E8A411A70F9F7BBFF012041
:10270000FFF742FBDDE5084B1A68404B5DE5064AE2
:102710001D4B12685A77D4E53D4B90E63D4B12E6CF
:10272000014B28341B6868E57C1F0020B41F002083
:102730008E1F0020CA1F0020701F00201F080020CD
:10274000AF0700208F1F0020D21F0020D71F0020BE
:102750002E08002012070020DA1F0020B51F0020DD
:10276000B61F00200A20002000200020251F002086
:10277000100700205B1F0020CC1F0020CD1F002071
:10278000901F0020142000208C1F0020F003DE008A
:10279000020400005C200020F07795020504000090
:1027A000020405042E2300202D23002032230020C4
:1027B000801F002000FEFFFF340400202A1F00209D
:1027C0004001010050C0010884E501085E000020BE
:1027D000640000204A08002031230020EF1E002062
:1027E000F81E00201A1F0020360000205408002088
:1027F000B5070020302300202F23002003000020F5
:102800002608002025080020240800200E20002093
:102810006B1F0020DD070020F0B5C34BB5B003935C
:10282000C24B1B78012B00D084E0F1F769FE002039
:10283000F1F7F0FDBE497120F1F7D4FBF1F7E0FEAE
:10284000BC48F2F701FAC32170200902F1F7CAFB74
:10285000F1F75EFEB848F2F7F7F9F1F751FE5021B3
:10286000B648F2F7E7FA00217020F1F7BBFB302001
:10287000B349F1F7B7FBB34DAB4C2B6832331B7840
:10288000042B07D123007E331C22FA211B78AE488B
:10289000F2F7E8FA2B6832331B78023B012B2BD876
:1028A00023007E331F78A94E002F09D0A023802259
:1028B000DB0552009A610123A5483370F2F7C4F991
:1028C0003800F1F7A5FE0399039B039A7C31098830
:1028D000783376321B881288019103999D487A31AA
:1028E000098800910021F2F751FBA0238022DB052B
:1028F00052009A620023337001200334F1F768FE1E
:10290000E37F002B11D02B685B691B79023B012B05
:1029100000D903E190495220F1F764FB8F4951201F
:10292000F1F760FB8E48F2F78FF90020FFF72CFAE1
:1029300035B0F0BD022B30D124228A4918A808F006
:10294000C6FA0020F1F766FD002518AC61882078F2
:102950000135F1F747FB0434092DF7D10024824AF1
:1029600063005F20D15A0134F1F73CFB072CF6D10C
:102970007E48F2F769F959207D49F1F733FB7D482C
:10298000F2F762F968215920F1F72CFB0021702041
:10299000F1F728FB002158206BE7032B00D06AE7F2
:1029A000039B75490633DA8F039B0A9173490433FD
:1029B000DB8F0B9172490AAC5BBA0C91A2810021AA
:1029C000072208A8E38108F053F97022002118A813
:1029D00008F04EF90DA805F0B3FE00232082A37481
:1029E00005940694049300273D00069B1B7B0793E8
:1029F000092008AE06AB06223100C01808F040FAE4
:102A0000079A01212A41B3780A409B1832707279E3
:102A10009B18B2799B180B40AB406D181F43FFB257
:102A2000082DE5D1069BDF74049B5B180493069B7D
:102A30005B180693049B072BD5D111AA0DAB61CB74
:102A400061C200261B881380049D30002900EFF727
:102A5000F7FF30000F012900EFF76CFF2A0038184C
:102A6000F31011AFFB5CB243134101224821134024
:102A700006AAC0B2521801361354702EE5D10E22A8
:102A800000210DA808F0F4F8072300229C466F3EB1
:102A9000002318A98818C15C002907D061463500B9
:102AA000C91A8D402900257B294321730133082B46
:102AB000F1D108320134702AEAD10023059A117845
:102AC000527809020A43FA52059A023302320592F9
:102AD0001A2BF3D124222B4918A808F0F8F900206A
:102AE000F1F798FC002518AC618820780135F1F7E2
:102AF00079FA0434092DF7D1002463005F20F95AD4
:102B00000134F1F76FFA0D2CF7D11848F2F79CF861
:102B100059201749F1F766FA1B4831E71B49522043
:102B2000F1F760FA1A49FAE68C1F0020CD1F002049
:102B30001C3E000050C30000803801001E0500004C
:102B4000FEC10000681E0020AB090000741E0020BA
:102B500060EA0000EE1F00208F02000040800000AD
:102B6000A086010064C001082CE30108204E00008B
:102B70006808000020BF02005555555555555507AA
:102B8000092A446F88C00108C04504008F42000034
:102B90004090000070B53A4B3A4EDB7F002B18D0C6
:102BA000D222394B52001A800022384B1A70384A10
:102BB0001378002B07D1737B364933730968364B82
:102BC0001960012313700022344B1A70344B013208
:102BD0001A70F8F75FFE334B1C6863691868F9F7E1
:102BE000E5F8314D002812D0230028331B78012B43
:102BF0000DD12A78022A0AD02C4A13700320F9F743
:102C0000D9FE002302202B70F8F796FF70BD284BE9
:102C10001B78002BF2D1230033331B78002B03D019
:102C2000244B1B78042B1BD0234B1B78002B19D073
:102C3000062B19D834342478002CDFD10120FEF77C
:102C400045FF1E4B2A781C80002A0FD000231C4A07
:102C500013701C4A13701C4A13701C4A1370D5E77A
:102C60000120CCE70220CAE70620C8E70A22317E0D
:102C700001314A431A801B88154A9BB21380E5E74D
:102C8000911F00208C1F0020D80700205A00002030
:102C9000EC1E0020601F00206C1E00203F0800205A
:102CA000711F0020681E00204D0800201F08002012
:102CB000F91E00206A1F0020731F0020681F0020DB
:102CC000F01E0020FA1E0020BE070020BD070020D5
:102CD0008003002091210022F8B5304D304B89004F
:102CE000287032201A70F1F77DF9F1F75DFCF9F7E1
:102CF00097FC2C4C206803000833DF7F0369C18BED
:102D00001A68868BF9F752FC236801201A000832F2
:102D1000D7779E83FFF738F82A78234B234D002A74
:102D200031D001221A7023681A6908331068204ACA
:102D30002860DB7F1370F1F7D7FC2868F1F7BEFC41
:102D400001221C4B1A701C4B14321A701B4BEA32B6
:102D50001A701B4B1A7000231A4A13701A4A137008
:102D60001A4A13701A4A13701A4A13701A4A1370C7
:102D70001A4A13701A4A13701A4A13701A4A1370B7
:102D80001A4A1370F8BD1A7001235B422B60F1F7E9
:102D9000A0FC32201649F1F725F9D1E7031F0020E6
:102DA000480800206C1E0020051F0020340500206C
:102DB0000D230020711F0020380500202E05002063
:102DC0002D050020300500202C050020CD07002017
:102DD000D4070020D3070020D6070020DF1E0020E4
:102DE000DA070020061F0020041F00202F05002006
:102DF0004502000010B5F8F78FFE002819D00D4AE3
:102E00000D4B12789121DA7702220C4B32201A7086
:102E10000B4B013A1A700B4B89001A7000230A4AB7
:102E200013700A4A13700A4A1370F1F7DBF8F1F7CE
:102E3000BBFB10BD33040020921F00201F080020A0
:102E4000AF070020711F00203E1F00202C0500202E
:102E50002F050020F0B504000D00160089B01028E1
:102E600000D9D8E3EFF75CFD11001100110011004B
:102E70001100110011001100110011000E01DA0102
:102E8000DA01DD026F03AF03D303002916D0012757
:102E9000B24D2F70FDF700F90F2841D1B04B1A68E1
:102EA000002A3DDB092A09DCAE48AF4BAF49002EB2
:102EB00014D030348454FF220F701A70AC4B1B783E
:102EC000012B09D1FDF7E8F8AA4B2F2802D02822C0
:102ED000462800D1F0221A8009B0F0BDA64DA70007
:102EE0007F591D78AC46A54DA44502D01C702E70AC
:102EF00006E02B780133DBB22B70FB5C002BF6D0A5
:102F00009F4C2B782478FB5C002C05D01C00613C86
:102F1000192C01D8203BDBB2835401230B70CDE781
:102F2000002ECBD101272000FBF7F6FA8F4B954CF2
:102F30001F70954B1B78002B27D12378BB4216D0EE
:102F4000022B60D10A20914A2670137851784343AE
:102F5000CB18002B57D08E480078984205D38D4A65
:102F6000013B13708C4B1F70A8E711702770874BC3
:102F70001B78002B47D0864A12789A4243D3854A61
:102F8000013B1370844B012232E1FDF785F80828DC
:102F900012D12378052B00D890E7FBF7D5FAF9F783
:102FA000BBF87E4B1B68998B64235843F8F7CCFE23
:102FB0007B4B2670186081E72E2815D12378042BCF
:102FC00000D07BE7330071498A5D1B010136D318BD
:102FD000042EF9D1724A1360724AD3870122724BD0
:102FE0001A700023237069E702000D3A182A03D8EB
:102FF0006E4B13413B420BD0C0B204AA03A9F8F7B1
:1030000075FB00281ED00023237002232B7055E788
:103010002378032B00D851E70A235C4926700A78ED
:1030200048785A4312185A43887812185343CA787A
:10303000013A9B1880229BB2D2009342E5D2584AB3
:1030400013603BE704990320632903DC0238092954
:1030500000DD0130002213004C4F26780197D7B2D3
:10306000BE4206D8864201D1002222709942CCDBB2
:10307000E5E70A277B43019FBF5C0132BC466344FE
:103080009BB2ECE7002900D118E7002A09D0FDF730
:1030900057FA002800D111E7454B1B78002B00D0D0
:1030A0000CE701222D4B384D1A702C782F4B1A70DB
:1030B000002C1ED1FCF7F0FF0300263B012B00D8AB
:1030C000FCE60E3801280AD90022394B1A70012378
:1030D0002B702C4B1A70224B013A1A60EEE6304BE3
:1030E00022001868210080B2F9F70AF90028EBD114
:1030F000E4E6FCF7D1FF0F2800D095E2184C2368D6
:10310000002B59DA0022264D1100286880B2F9F709
:10311000F7F8002800D1D1E62968124D89B22800BD
:10312000FAF72AFA2800EFF7D5FB092807D80A2270
:103130002021121A401907F09BFD0023AB72FF21DA
:103140000023094A1B4811700C4A290013700C4ACD
:1031500023601370112207F0BAFEAFE65D1F002056
:103160002823002033230020630000205F0000207C
:10317000431F0020441F00205CE50108232300209A
:10318000272300205F1F00202C230020D0030020D5
:10319000781F0020811F0020B2070020601F002040
:1031A0007C1F0020901F00202B080020F8FF6FFEDE
:1031B0002623002012230020092B00D934E2FF210E
:1031C000AD4A1170002E15D00A2323600022AB4BAC
:1031D000AB491A70AB4BAC481A70113207F0F4FED1
:1031E000002800D020E22870FFF704FE0022A74B41
:1031F0001A7063E6013323600A2B00D05EE6E5E730
:1032000001233370F0E79D4B1F7000232B70F8E70C
:1032100001229A4B1A7000232B70E5E70B283AD154
:103220000A3C002D00D149E6002E04D10122974B23
:103230001E70974B1A70974DEB7E002B05D1964B65
:103240001B78002B01D0644264B2FCF725FF070015
:103250000F2834D1904B1B78002B30D08F4B1E6839
:10326000002E2CDB092E00DD28E610228C4904A854
:1032700007F02DFE8248E4B2835D02AAE318DBB2B8
:10328000D51D190000222039C9B25E2906D91F2B8D
:103290000DD87E230EE001246442C2E70132AF5C08
:1032A0009F4202D1E318DBB2EBE7102AEDD17E2B6F
:1032B00000D920238355FF226F4B1A70C7E0F8F71F
:1032C0002BFC021E00D0F9E5734B764E19780029CD
:1032D00022D17548754B02781B78121B013B541C98
:1032E00002D0934216DB130001220370704B327040
:1032F0001A70FCF7D1FE132800D1DFE5153801283C
:1033000000D8DBE50835EB7F002B00D0D6E5F0F7E1
:103310005FFBD3E50B00E7E7082F12D1654B664D45
:103320001B682868998B654B4C432018984203DC36
:10333000002802DA624800E01000F8F705FD286076
:103340000DE02E2F0ED1514B1B78002B22D00F20D9
:103350005C49013BDBB2CA5C12190240CA5401232A
:103360003370ABE539000E39172913D8564BCB40D3
:10337000DB070FD5504D243F2868A1B2012F28D973
:1033800008181300210080B2F8F7F4FF4F4B984261
:10339000D5D1E4E7F8B204AA03A9F8F7A7F9002801
:1033A000DDD1454D039928680B00049A884203DB60
:1033B0001300824200DD03004548E318834204D035
:1033C000994202DC9A4202DB1A002A60C7E70A002F
:1033D000FBE780223F4FD200904205D1012C1AD149
:1033E00001235B422B603B80002328681A000818E9
:1033F00080B22100F8F7BEFF344B984200D028601D
:103400000022BB5E2A68012C07D19A4207DA80238A
:10341000DB002B60A3E73880E6E79A42F7DC3880D0
:103420009DE7FDF78DF8002856D0002D11D1002E14
:1034300000D043E5194A1368002B0ED000DC3DE5AF
:10344000013B1360FF220C4B1A700E4B1E70154B84
:1034500099E50F4B002E00D195E5F1F787FC00238D
:10346000084A13700C4A1370084A13700122104B5B
:103470001A700C4BBCE6C04663000020B307002066
:103480003323002026230020122300205F1F00206A
:103490005D1F00208C1F00202C23002028230020EB
:1034A0002CC501085F000020811F0020781F00202C
:1034B000B2070020601F00207C1F0020F5E0F5050A
:1034C000F6E0F505D00300200300C800FFFF000070
:1034D000FFFFFF7F24230020002E00D0EEE4002D0C
:1034E00000D1EBE401235F4A5F4C13705F4A11780F
:1034F000002921D15E4B1B78002B14D05D4D2B7819
:10350000002BAAD0FCF7C8FD082801D02E28A4D192
:10351000F1F72CFC0A212B78574A013BDBB22B70C8
:10352000D15401235EE5554B2670DB7F002B01D182
:10353000F0F74EFA524B26E51670524A237013707C
:10354000514A1370F6E7002900D1B7E40122454B38
:103550001A70FCF7A1FD0F280DD14C4B1B68002BF6
:1035600009DB092B00DDA9E42A22002E00D1033259
:103570004749CA549FE6002E00D09FE4F9F750F85F
:10358000444B1B6834331B78002B4AD1FCF784FD75
:1035900003380128CED8364B1B78002BCAD0F8F759
:1035A000BBFA0124314F384D002807D12000FFF726
:1035B00091FB2D4B2C703C701C70BBE7314B3E7067
:1035C0001C702C70B6E7FCF767FD0F281AD12F4B43
:1035D0001B68002B16DB002D00D16FE40121214A6E
:1035E0001170092B00DD69E4002E02D0284A223137
:1035F000D154012228490B7853400B70FF21274BEF
:10360000197036E731002800F3F73EF956E4080058
:10361000F3F788F952E4002A00D04FE4002900D1E2
:103620004CE402220F4BE3E5FCF736FD04003228A0
:1036300004D023000D3B022B00D9E9E5184E377862
:10364000002F00D1DCE5012F00D0CDE5022333703F
:10365000FDF736F8322C00D0D5E5FEF73DFDF2F748
:10366000E7FBC0465D1F00205F0000203E1F0020DA
:103670002C2300205F1F0020D0030020941F002077
:10368000ED1E00206C1F0020711F00202823002049
:10369000332300206C1E002027230020630000201D
:1036A00026230020F7B51400102800D95EE1EFF7BB
:1036B00037F9110011001100110011001100110063
:1036C0001100110011004100F300F30026014B012D
:1036D0005D015901002A2CD100292AD0A74B1B7863
:1036E000012B36D1A64A1370FAF716FF0222A54B1A
:1036F0001A70A54B1A78032A1BD90A25A34A1C70F5
:10370000137851786B435B186B4391785B185D437A
:10371000D378013BED188023ADB2DB009D4218D277
:10372000220021002800F8F7EBFD994B1870994B07
:103730001D80F7BD002AFCD10029FAD0964B1A78DB
:103740000193032A05D0954B1B78002B04D1002A46
:1037500004D18B4B02223FE0012AFAD00125874E8B
:10376000874A34781570AC423FD0022C46D0002CEA
:10377000DFD1002B18D18A4FFA213C682000F8F7DE
:10378000E3FA050087492000F8F7DEFA291BAC426E
:1037900000D9611B021B844200D9221A824B91423C
:1037A0001CD9022238601A70804B1B68D88B80238A
:1037B000DB00984216D2012300223370754B1100B2
:1037C0001880F8F79DFD724B18700223019A137050
:1037D0006C4A13700122764B1A70AAE700223D60F2
:1037E0001A70E1E702233370EFE7674B1B78002B79
:1037F0009FD10222634B32701A709AE76B4F002BF5
:1038000030D1674B38681A68C18BF8F7CFFE694B27
:103810001B78002B06D0684A3B6812781A71674AF9
:1038200012785A713B681A00083203CB03C25E4A11
:103830001278DA77802338686149C58B4A7BDB00D0
:1038400054009D4220D2534B04321B8852005352E5
:103850000222C3830B534B4B1A705A4B1A8000231E
:10386000337066E721000020F9F7ACFE2100280044
:10387000F9F7A8FE504A3B681178504A197112783E
:1038800019735A715A73D5E78022038ED2009B18A0
:103890009BB20A199380DBE701230B281ED1002974
:1038A00000D146E7002C04D10121374A1470344A74
:1038B0001170434AD27E002A01D15B425BB22F4A8B
:1038C0001278012A17D1334A1088C018431C07D038
:1038D0008023DB00984204DB002002E05B42DEE74D
:1038E000394880B2108000221100F8F709FD284BFA
:1038F0001870244B2EE7002C00D01AE729E7002A85
:1039000000D016E7002900D113E701221C4B1A70E2
:103910001A4A1378012B09D0022B12D0002B00D0A9
:1039200007E7FFF767FA174B1C7002E716490B7899
:10393000002B06D0013BDBB20B700A21134AD15495
:10394000D7E700231370D4E7002A00D0F1E600295E
:1039500000D1EEE601220A4B1A70104B1878FFF7DF
:10396000B9F9E6E60800F2F7DDFFE2E6002C00D048
:10397000DFE6002900D0ECE6DBE6C046061F0020AB
:103980005D1F00205F0000205F1F0020D00300208B
:103990000E23002010230020051F0020031F0020FD
:1039A00034050020710200000D230020601F00205C
:1039B000711F00202C0500202D0500202E05002061
:1039C0008C1F00204A080020FF0300009A4200D20A
:1039D000885470477047F0B591B0049316AB10CB84
:1039E0001A9F1B781B9D0290039100920593002C57
:1039F00001D110239D4380232A00DB001A40069248
:103A00001D4201D0002C1DD06123AA0600D5412300
:103A10000026DBB20A3B0194079318990198EFF74F
:103A20000FF8079BCAB2D318DBB2092901D830328C
:103A3000D3B208AAB354019B189A741C934201D3C1
:103A4000202C14D102232A001A4007921D4220D1B3
:103A5000013B2B40002F08D0002B06D0059A002AEE
:103A600002D10C32154200D0013F302207E026007F
:103A70000190D2E7202C05D008A96254013419998D
:103A8000A142F7D8002B04D03023BC4201D2202C15
:103A900017D1EB0634D5069B002B17D1002C15D07F
:103AA000199BA34201D0BC4210D1631E012C0CD043
:103AB000189A023C102A0CD0189A1C00022A1BD11A
:103AC0002DE008AAA3540134DFE71C00189B102B3B
:103AD00020D1AB0608D47823202C08D12024009BC9
:103AE000AD0737D125002AE0202CF7D0582308AAAB
:103AF00013550134202CF1D0302308AA135501347A
:103B0000202CEBD0059B002B0BD02D2308AA13559E
:103B10000134E4E7189B022BECD1202CDED0622389
:103B2000E5E76B0701D52B23F0E72B07D7D520233B
:103B3000ECE72020049B0399029EB0470135009BCF
:103B40001A1B5219AF42F4D80026A74200D33E1BDD
:103B5000009BF31825000193019B1819421B002DAF
:103B60000AD1079B002B05D0009BC41A009B181993
:103B7000A74209D811B0F0BD08AB013DE85C03993C
:103B8000049B029EB047E7E70200049B20200399B4
:103B9000029DA8470134E9E7F7B59C460025194C7A
:103BA000A688864220D8E388F31898421CDA1B1AAC
:103BB0009BB20D1C994200D91D1C8027ADB2019506
:103BC00025687F04BD4219D11560624601981080B6
:103BD000089A002A11D02268BA420ED000229942D7
:103BE0005241089B1A7008E0013508340D2DD7D1D9
:103BF00080235B04136063461980F7BD801B80B28D
:103C00002D18E1E764E90108030000202F2B0FD8ED
:103C1000084A5B009A5A084B08499B7D9B075B0F3B
:103C2000595A914204D806495B5A9A4292415042ED
:103C30007047C046761E00208C1F002068D0010807
:103C400070D00108F8B50E00040030252F27FF2C96
:103C50000ED02F2C0ED82000FFF7D6FF002805D15C
:103C6000A419013DE4B2002DF1D1FF242000F8BDDC
:103C70003C00F0E70024EEE7084B09499B7D020079
:103C80009B075B0F0748595A185A8A4202D382424F
:103C900001D8100070470800FCE7C0468C1F0020C8
:103CA00068D0010870D00108094A1378002B08D1A8
:103CB0008020084980018861032101330B40137083
:103CC0007047032BF8D18020024980018862F3E716
:103CD0003C05002000080050044A054B12684008CB
:103CE000128EA0389B5618187047C0466C1E0020D4
:103CF0001C000020054A064B117810700122197033
:103D0000044B1A70044B1A707047C046222E0020D4
:103D1000212E0020202E00208D00002070B50F4A9B
:103D20000F4B52790F495200D55A04008D4213D1DE
:103D30000D49EEF785FE0800AF218900EEF7FAFD88
:103D4000454303384342584107492D182000EEF7F8
:103D5000F1FD054C44432C19200070BD900000205B
:103D60008CE8010841030000C4090000084B094821
:103D70001A890949131C824201D9084B1B8800206B
:103D80004A8804339BB29A424041C0B27047C04651
:103D900090000020FBFF0000102E0020BEC0010894
:103DA0000022024B1A605A601A817047102E0020C0
:103DB000024B034A5B795B00D05A704790000020A9
:103DC0008CE801080A4B10B51B68002B0BD0094A80
:103DD0001468E41AFFF7ECFF01002000EEF7AAFDDB
:103DE000013080B210BD8020034B1B791841F8E7E9
:103DF00040080020C80400209000002010B5FFF704
:103E0000E1FF0400FFF7D4FF604310BD10B5064B7F
:103E10001C68064B5B79032B03D8FFF7EFFF4008C4
:103E2000241A200010BDC0460C2E00209000002057
:103E3000064B10B51B68002B02D0054B186810BD4F
:103E4000FFF7DCFF034B1B68C018F8E740080020B1
:103E5000C80400200C2E0020034B044A1A600022E4
:103E60009A801A811A617047F42D00200000FFFF2C
:103E70000122264B70B51A70FFF7EEFFFFF798FF8F
:103E8000234DA882FFF79EFF224E0400E882011C0A
:103E9000802823D98021802089B24001EEF7D4FD0B
:103EA000C0B2031C402800D94023DAB2102A00D245
:103EB000102300223370184B1E78184B1A800123F0
:103EC000174A1380802C0ED923007F33DB0913801F
:103ED00000230126EB80FFF799FF0CE083B2102B43
:103EE000D9D21021D7E7002EF2D1012CF0D9631ED0
:103EF000EB80FFF79DFF0B4B0B4A1E700123A34283
:103F00009B415B42E860137070BDC0468700002093
:103F1000F42D00208800002086000020E22D0020E3
:103F20008400002083000020820000201E4B70B51A
:103F30001B78002B1FD11D4B1D4C5B88A3421AD050
:103F40001C4D1D4A2E881189A64207D0A14205D0DA
:103F5000032070430233C3189B089BB22B80174D7C
:103F600017482D78405D1B189BB2A14204D11381E4
:103F70000122144B1A7070BD5D1AACB228B22D0428
:103F800001D5CB1A9CB2042CF5D904230C2C04D8EF
:103F90000233A3429B415B4201339BB2002801DA0A
:103FA0005B429BB25B18E2E7232E0020F42D002039
:103FB000FFFF000080000020900000208E00002005
:103FC00064E801088D00002010B50C4B0C4A5868BD
:103FD0009188002807D080201C88C000844202D22B
:103FE0005888884208D20020598011691880596089
:103FF00012891A81FFF79AFF10BDC046102E0020CB
:10400000F42D0020044A054B1268A030128E9B56F6
:10401000C01A400080B270476C1E00201C000020B7
:1040200070B5084DE868FFF7EDFF2E890400286998
:10403000FFF7E8FFA64203DD0400B04200DD3400D4
:104040002C8170BD90000020124A052170B51369C3
:1040500000281DD0D5685B182C000A34A34203DD6C
:104060001C000A2B00DD0A241461FFF7D9FF02228D
:10407000094B1A70094B013A1D60094B1C60094B32
:104080001D60094B1C60094B1A70094B1A7070BDFA
:104090004942DFE790000020FC2B00207C0000203C
:1040A000780000207400002070000020202E0020E6
:1040B0008D000020002210B5034B2D211A6003480B
:1040C0000A3206F0D5FD10BDF82B0020EC2B0020A5
:1040D000F0B5455C401815701D70002906D0441ECF
:1040E000247801261F2C05D97E2911D84478002672
:1040F0001F2C0DD82C19013464101778E4B2A74294
:1041000000D914701F78A74200D21C70002EEBD18A
:10411000F0BD00000B4A10B513880B4C013313801F
:1041200024780A4AD388D168908A002C05D00133BC
:104130009BB20918D380D16010BD013B9BB2091A14
:10414000F8E7C046102E002083000020F42D002048
:1041500070B5124B124D1A88EB88E98AD3189BB2BE
:10416000994207D9A88AEB805043EB681818E86099
:10417000002070BD0B4B1C880134A4B2A24203D8AE
:10418000002201201A80F4E7A142F5D91C80EC80BE
:10419000FFF73CFEAB8A6343E8E7C046840000209B
:1041A000F42D0020E22D0020020000200B4B70B502
:1041B0001D680B4B1C68291B81420EDD23009442B5
:1041C00003DC2B00954200DD13001B1B0F2463430F
:1041D00048101818EEF738FC204070BD7000002021
:1041E000740000200A4B984203D10A4B18680A3821
:1041F0007047094B1A68002A02D1064B1868F7E786
:10420000064B128E40089B56A038C018F0E7C046F7
:10421000FFFF0000740000206C1E00201C00002026
:1042200030B5CB01084D1B185B0814000F21EA5C68
:10423000C00704D58A4321400A43EA5430BD0A40EE
:1042400024012243D2B2F8E796270020F7B50122D5
:104250000407154B0191640F02400F2804D900098F
:10426000124B0138C001C31801252E00A6400024BE
:1042700092010F4F9B1800200200195C0E4203D0E0
:10428000290081400A43D2B201300828F5D138789C
:10429000002801D0D243D2B2019908330A55013423
:1042A000082CE8D1F7BDC04655080020E11A0020CF
:1042B00054080020044B1A78002A04D000221A70F7
:1042C000024B01321A707047D81A00206C1F002070
:1042D00009490A4A097812780300002091420AD15C
:1042E000074A12889A4206D806490978521892B2AB
:1042F00093429B4158427047E1240020DC1A002081
:104300008A0600200007002070B505000E00064B4D
:104310001C68002C00D170BD2369002B02D0310035
:10432000280098472468F4E76C1A0020002A0AD075
:10433000054B80008A18C01892B20B7801310370C7
:104340008BB29A42F9D17047205C00407047000060
:10435000F8B5184B0D00DC681E69FFF7BDFC640062
:1043600076002300371B4000844203DA3300864284
:1043700000DD03001B1B6B43781018183900EEF7A3
:1043800063FBC6B26E430400331E05D0751CADB28C
:104390006D089D4204D3DBB2E0B2C0184008F8BDFE
:1043A00029003000EEF7C6FA80B240192B0045080C
:1043B000EFE7C04690000020010070B5030008251B
:1043C0005A2031241E311A7850402A0046B240004B
:1043D000C0B2002E00DA6040013AD2B2002AF5D114
:1043E00001338B42EFD170BDF0B51F00AF4B93B0DE
:1043F00015000B9009910A93002800D0E5E10026F2
:10440000FCE00135252806D03200741C099B0B996D
:104410000A9EB04764E10023012008242A78691C21
:104420002B2A16D00BD8202A15D0232A15D01100FC
:104430003039092930D800220A24079215E02D2AA4
:1044400004D0302AF3D103430D00E7E702221343DF
:10445000FAE70422FBE72343F6E71022F7E705001B
:10446000079A6243303A8A1807922978681C0A0032
:10447000303A092AF3D900212A7808912E2A25D129
:104480008021C9000B4369786A1C0800303809286C
:104490003BD815000A2413E0002107912A2AEAD10B
:1044A00004CF07928A4203DA023152420B43079249
:1044B0000135E0E70500089A6243303A8A1808920D
:1044C0002978681C0A00303A092AF3D92A78691C2D
:1044D0006C2A2AD024D8682A2FD06A2A36D0287885
:1044E0000135782890D8632833D8622800D16FE14D
:1044F000632800D1A5E0252886D0582884D1202221
:104500001343103A0C218B436DE12A2906D104CFC5
:104510000235D143C9170A400892D7E71500D5E7FD
:104520007A2ADCD1802252000BE06A786C2AF9D119
:10453000C022920013430235D1E76A78682A03D07B
:1045400080220D001343CAE7C022F3E780229200C5
:10455000F7E7010001226439C9B28A401100544CC6
:104560002140224212D1732800D1BBE0702800D034
:104570004AE721221343059308230493089B0191E2
:1045800003931023029308CF00934BE16F2800D0D0
:1045900020E10822B6E77828B4D093430A226428A1
:1045A00000D120E1AEE758060DD5C8B205930292BE
:1045B000079BC20F0192C21704938018089B5040BA
:1045C000039300902EE108001C06EFD508B2EDE73A
:1045D000002913D13C1DD80521D50593079B0292D4
:1045E0000493089B019103933B6800933200099B5D
:1045F0000B990A98FFF7EFF92700060028780028A2
:1046000000D0FEE6099B32009E4200D35A1E0020D5
:10461000099B0B990A9CA047300013B0F0BD396884
:1046200058060AD5C9B20593079B02920493089BCA
:104630000091039300230193D8E71806F3D589B2BC
:10464000F1E70222190011400C9113422CD00123F2
:1046500001CF320008930B99099B741CC0B20A9ECB
:10466000B0470C9B002B3BD0089B22000C932CE006
:104670002020099B0B990A9CA047089A0799531C74
:1046800008939B1B9942F3D80A00531E9A410023BA
:10469000D1B29A4201D0079B013BF61802230029B0
:1046A000D6D0079B0133D3E73200E7E7D5390108BD
:1046B00021081200531C0D932020099B0B990A9E80
:1046C000B0470C9B0D9A01330C93079B0C998B42BE
:1046D000F0D8079A089900238A4200D3531AE418A5
:1046E00026008BE7390004C90D92089A0E91002A22
:1046F00001D1012252420D990C008A18217800291B
:1047000001D0A24214D10D9A1900A41A8022D2001D
:1047100011400F91134203D0089A944200D914001B
:104720000222190011401091134217D1320009E002
:104730000134E3E7531C0C932020099B0B990A9F3B
:10474000B8470C9AA31B0799D3189942F2D80023B3
:10475000A14200D30B1B0134F618E4180C960AE0B2
:1047600008930C9B0C9A013311930B99099B0A9F98
:10477000B847119B0C930D9B0C9A9B1B985C0028CF
:1047800007D00F9B002BECD0089B089A013B002A16
:10479000E6D1109B002B15D00C9A06E0561C202069
:1047A000099B0B990A9FB84732000C9B0799E31AA3
:1047B000D3189942F2D80023A14200D30B1B0C9AC4
:1047C000D3180C930E9F0C9E18E71A4B0A9316E60B
:1047D000022297E610226F2800D9DCE693430A22D2
:1047E000692800D0DBE6590501D501218B438021E2
:1047F00089001940692802D0642800D0E8E6002921
:1048000000D0FBE602CFD80500D4CCE60593079B89
:1048100002920493089B0393CB0F0193CB17C91803
:10482000594000913200099B0B990A98FFF7D3F881
:104830000600E3E6CD39010870B5002901D1002A50
:1048400027D114244443194B1B191C00CC34247861
:10485000002C1ED01E00164CD036A57BA0733160F4
:104860001900D4310A600022D833EDB21A609042A8
:1048700012D1104A1178CBB201290BD0062B09D0E6
:10488000002B05D1217C40330B4323740323137089
:10489000A57370BD0523FAE70423627A134301224E
:1048A0006372637E93436376F2E7C0466023002021
:1048B000005C0040452300207F220F4B0240997B83
:1048C00040B2C9B29A7300280FDB002A07D1072033
:1048D0000A4A10706022187C02431A7403E02022F6
:1048E000587E02435A7699737047002AEFD01022FF
:1048F000587D02435A75F6E7005C004045230020CE
:104900000300F7B57F201F000740034212D140216A
:10491000404B414A180011801A001985CA3219000B
:1049200017700122CC302A312C3302700F701A70AC
:104930000020FEBD7820034268D15BB29C46374C14
:104940001423A07B4D1EC0B26E427541019060469B
:104950007B43304EA773AD01F318002829DB1F00FD
:10496000C837B9700121CC33EDB23A801970257681
:10497000637E0B4213D090236376082A11D902215B
:104980000B000131DD00AA420ED82A0092B2DBB240
:10499000A3767368D218019B7260A373C8E7802363
:1049A000EAE708220123F1E74129E9D100220123A6
:1049B000EDE72A2084469C446046017001211A8557
:1049C0002C331970B940A37A0B43DBB2A3722023B6
:1049D0002B432375637D9B070ED548236375082AF7
:1049E0000CD902210B000131DD00AA4209D82A00AE
:1049F00092B2DBB2A375CCE74023EFE70822012394
:104A0000F6E74129EED100220123F2E701204042DE
:104A10008FE7C0466023002028240020005C00406F
:104A200010B54279037912021A430323C178520563
:104A300019408078520DFFF763FF43425841C0B2DE
:104A400010BD00006022F0B5A24C85B023781A405A
:104A5000202A00D14AE1402A00D175E1002A23D161
:104A600003321340012B00D16EE0022B00D1D6E0BF
:104A7000002B19D160786588092815D8EDF73CFF1F
:104A8000760C140C14050E142A2EEDB2002D01D153
:104A9000914B1D70914B1D70002373E12A0AEDB2FA
:104AA000032A04D1EE2D04D1002005B0F0BD032A65
:104AB000FAD80021A369D6B218780028F4D05F781C
:104AC000B74203D18D4200D154E101311B18F3E705
:104AD0001B7857E1824BA360012353E1FF2700209D
:104AE000A669EDB200973178002908D15E22AE2385
:104AF000FF325B00A55400281BD1E054CCE773784B
:104B0000042B08D0052B0BD0022B06D17779BD42A0
:104B100003D1012001E0F37800933378F618E2E73F
:104B2000BD42FAD1009B002BF7D13000FFF778FF90
:104B3000F3E701220720E254FFF7E6FB8022022080
:104B40006849FFF779FEA7E75E23FF33E35C002B9C
:104B5000AAD06078638827790B28A5D8EDF7C2FE24
:104B600006A4A4A4A4A40DA4A4A42D310023A26887
:104B70001370A2685370022304E11B0A212B0CD18D
:104B8000594B1B68002B00D18EE75A1CD27FBA42CA
:104B9000F7D15B69A3600923F4E0222B00D083E7FF
:104BA000514B1B68002B00D17EE75A1CD27FBA42C2
:104BB000F7D19A69DB69A260E4E00022A3681A7069
:104BC0008AE7DBB2FF2601930023A56900960293D2
:104BD0002B780393002B05D108200299FFF794FB53
:104BE000039BCFE06B78042B04D0052B0DD02B78E2
:104BF000ED18EDE7EB78AE780093B742F7D1019B63
:104C0000009A9342F3D10295F1E7B742EFD1019BAD
:104C1000009A9342EBD12800FFF702FFE7E75E23FB
:104C2000FF33E35C002B00D13EE7A2886378D0B26B
:104C3000012B1DD0032B45D0002B00D034E77F3350
:104C40001840254B997B9873C9B212060BD40028E3
:104C500002D0587E8006C00F00229973A368187096
:104C6000A3685A7087E70028F6D0587DC006F2E79F
:104C70006388002B23D17F331840174B997B98739F
:104C8000C9B2120610D4002804D11A7C0430824321
:104C90001A7407E060205A7E82435A765A7E20308A
:104CA00002435A7699736EE00028EED030205A7D88
:104CB00082435A754022587D02435A75F2E7002319
:104CC0002361F1E66588002DF9D1FFF7F5FD256137
:104CD00059E0C046F8000020005C0040602300203E
:104CE00055020020382E00206C1A002003221340A9
:104CF000012B17D1254B22791B68002B02D10120F3
:104D000040420AE05D68002D0AD0591CC97F9142DB
:104D100006D120001E4A1F49A847C043C00FC4E661
:104D20001B68EAE7022B00D0BEE6184BA2881B687E
:104D3000120A002BE3D09D68002D03D0591CC97FB7
:104D40009142E6D01B68F4E7104B1D68002D02D19C
:104D5000012040420AE0EB68002B01D12D68F5E705
:104D600020000B4A0B4998470028F7D10123013056
:104D700018409AE6A360022A00D0A9E69A78DB7868
:104D80001B021343236101208FE6C0466C1A0020EA
:104D900008010020000100200023180010B5094A76
:104DA000094914888C4200D1108001330232802BD3
:104DB000F7D11E220021054805F05AFF0022044BBE
:104DC0001A7010BDE22C0020FFFF0000C42C002050
:104DD000C22C002010B5194CE08AC10907D18022ED
:104DE000174B121A40005200C01805F041FF154A37
:104DF0001378002B0FD0013BDBB21370002B02D1D4
:104E00000122114B1A70012210490B7853400B708C
:104E10000F4B1A7010BD0F4B1B78002BF3D1A088DD
:104E2000FEF75AFF0C4A0530D3680A33834200DA92
:104E300003000A2B00DD0A231361E4E7F42D0020B0
:104E4000E22C0020FC2B00208D000020860000209A
:104E50006C000020232E002090000020802210B53E
:104E6000D2000021084805F003FF0022074B1A700A
:104E7000074A084B12681A60074A084B12681A6002
:104E80002022074B1A7010BD96270020962B002079
:104E90007C000020740000207800002070000020BA
:104EA0008800002013B508220021684605F0E0FEC6
:104EB000082269461548EFF7ADFC154C05216379CA
:104EC00022791B0192001343E27A206913436A4658
:104ED000137006220F4B82301B785B0013400E4A82
:104EE000127813436A465370EDF7AEFD6B46987027
:104EF00023890A4A934200D1FF236A466946D37048
:104F0000024800230822F0F74BF913BD48A1000026
:104F1000900000208E000020232E0020FFFF0000C4
:104F2000F7B5154B0D1E01930CD0144E3368002BB2
:104F300008D0B3681C68019B00937368002D07D1EB
:104F4000B3681C60802202200199FFF775FCF7BD51
:104F500027001C1BBB42FBD0AC4200D92C003068A0
:104F600022000099C01905F0B2FF009B2D1B1B19F0
:104F700000933C19E1E7C046382E0020B81A002003
:104F80004378212B15D0222B04D0203B5A1E93416D
:104F900058427047C37882781B02134318000122DD
:104FA0000C491040134202D00A700020F1E708704B
:104FB000FBE780200B6800214042187004305870D5
:104FC000D970197159719A30083198709971072305
:104FD0001360EAE7BB070020F7B500250700FA24B5
:104FE0002E0001910520EFF72FFE3B690199320059
:104FF00099430B005E425E41964206D10135962DE3
:1050000004D15A1E9341D8B204E00125013C002C82
:10501000E8D12000FEBD0000F7B52A222D4BFF325B
:105020009E5C0023273AFF3A05001C002A4F3240BD
:10503000012A1DD00122294B1B699B0A9A43019228
:10504000F30605D5A0200821C005FFF7C5FF040021
:10505000730706D5802121480901FFF7BDFF0443EE
:10506000E4B2B60631D4019B002B01D03B6801337A
:1050700000211B4A3B608C4201D011680131116054
:105080000222184E184C30789A429B418A42924133
:105090004142484121785B424F427941524240426D
:1050A000494218401140114FA870E9702B706A7086
:1050B000002806D0002139703978337029712270A8
:1050C000F7BD0029F8D00121F5E72300019C0193E9
:1050D000C9E7C0468C1F00201426002000040050A1
:1050E0001026002019260020182600200E26002059
:1050F00007B5002807D008237F220093002103482A
:10510000073BF8F763FFEFF7A5FC07BDF2C90108FD
:105110000C224243054B70B59B1818795D79DC88E9
:10512000EEF76AFC2841204070BDC046ACE801089B
:1051300010B5FEF7F3FD0400094B1860EFF75EF9B8
:105140002000EFF7D1FA3020EEF756FC04000021E2
:105150003020EEF747FF21003020EEF743FF10BD6F
:105160001C2E002010B5054A054B5068D8605188A8
:1051700019801289DA80FFF7DBFF10BD102E0020A6
:10518000F42D0020404BF7B51A780400824250D02D
:1051900018703E4B3E4D3F4F3F4E0193002849D083
:1051A0003E4B1868002805D03D4A036912681A6012
:1051B000F7F714F90020FCF7E7FD3A4B00201978C7
:1051C000F7F704FB38492B680978384A03335B1A30
:1051D00001201360F9F7CEF93020EEF70DFC8021A5
:1051E0008900014389B23020EEF7FCFE802447207D
:1051F000EEF702FC6400204381B24720EEF7F2FE96
:10520000FA204000EFF720FDA023DB059C6100237E
:105210003B70274B019A5B8843203380D27A254B21
:105220005200D15AEEF7DEFE80213F20C900EEF792
:10523000D9FEF7BDA0238022FA20DB0552009A6236
:105240004000EFF701FD3020EEF7D6FB1A49014090
:105250003020EEF7C7FE4720EEF7CEFB174901409E
:105260004720EEF7BFFE2000F9F784F901235B42E7
:105270002A683380124B3C701A60019B114A5B799B
:1052800043205B00D15CD2E78C000020900000201E
:10529000081F0020F02D00208A0000206C1E002036
:1052A0001C2E0020E82D002088000020E42D002086
:1052B000102E002068E80108FFFD0000FFFE00003E
:1052C000EC2D00206EE8010810B5FEF7D1FD104C62
:1052D000E068EFF709FA3020EEF78EFB0D4A0E4B2F
:1052E00010401880FEF75CFD0020FFF74BFF012205
:1052F0000A4BFF211A7001237F325B42084863800A
:1053000005F0B6FC40220021064805F0B1FC10BDB6
:10531000F42D0020FFFDFFFF002C0020870000205F
:10532000422C0020022C002070B5802280256124B0
:10533000144B6D426442002152001348DD601C6131
:1053400005F096FC8022FF21104805F091FC002119
:1053500040220F4805F08CFC00220E4B1A800E4BA9
:105360001A700E4B1D600E4B1C600E4B1D600E4BD9
:105370001C60FFF7A9FF01220C4B1A700C4B1A702E
:1053800070BDC04690000020E22C0020422C00207E
:10539000022C0020FE2B0020FC2B00207C00002093
:1053A000780000207400002070000020202E0020D3
:1053B0008D0000200300013870B5C4B2112800D957
:1053C000AFE0EDF799FA0921AEBDAFAE0921AED439
:1053D0003A3AE0AEAECEAE89804D6B79012C0ED854
:1053E00000220E2B01D00133DAB26A71FEF706FDFE
:1053F00040082860FFF768FFFFF7CEFC14E00E229C
:10540000002BF2D0013BEFE7FEF7D2FC734A80009D
:10541000136880B2012C0AD171498B4201D8C0189F
:1054200010607048EFF710FC6F4B01222FE06F49BE
:105430008B42F6D91B1A1360F3E76D4A1278002AE3
:105440002DD06C4AD57E0B2B01D001235D4000206E
:10545000FFF798FEFEF700FDFEF7A2FCFEF708FD41
:10546000654C664A002D02D1E38A012B11D8012335
:1054700013700023E380FEF7C9FC0022604BE0605C
:105480001A70604B1A70584B01321A705E4B1A70CA
:1054900047E0013B1570E380FEF7CAFCEDE75B4A8D
:1054A0001268002A3DD1534AD27E0B2B01D0012332
:1054B0005A4057490B68002A07D0564A934230D8C1
:1054C000464A12689B180B6094E7534A934228D9C6
:1054D000424A12689B1AF6E7504B0F211878504D3C
:1054E000421C1A704F4B1C89EDF7AAFAC9B2490049
:1054F000414B4C53D98AE0B2802906D9E001EDF73F
:1055000019FA7F2800D97F20C0B20122464B400003
:105510005242C252FEF744FC0020FFF733FEFEF772
:105520009BFC70BD394B1B68002BFAD13F4A1370AE
:105530003F4A1370FEF7BEFD0120FEF7DBFBF0E7EC
:10554000324B1B68002BECD1244C03222379002B17
:1055500001D0013BDAB22271FEF750FC4008206016
:1055600048E70220FEF7C6FBFFF7FCFDD9E7012361
:10557000304A11784B40137003D10122174B52422D
:105580001A81214B51E72C4B1C78002C01D00022B2
:105590007DE7FFF787FC294B1C70F8F79BFC284B35
:1055A0001968002906D0274B1A68002A02D0096919
:1055B0001C600A60244B00241868FFF7B9FD234AD9
:1055C0006300D15A224B185D0134EEF70BFD072C16
:1055D000F5D101221F4B1A701F4BD8E79000002015
:1055E0003F0D0300A0860100202E002010270000A0
:1055F0008C0000208C1F0020F42D00208300002050
:105600006C000020870000208D0000204008002052
:105610000C2E00207FA4BF0740771B00C22C002067
:10562000C42C0020102E0020E22C00209D2B0020F6
:105630009C2B0020232E0020B82B0020C41F00200C
:105640006C1E0020B42B0020B02B00209E2B0020CD
:1056500050E801081F080020AC2B002070B5322450
:10566000FF256320EEF7C8F92840C72806D9013C7A
:105670000120E4B2EFF7E8FA002CF2D1EEF7DEFFFA
:10568000EEF7DCFF154B0400DD8A1880D888802DEA
:1056900006D92900C001EDF74DF97F2800D97F20F8
:1056A0000F4EC0B20F494300B44203D1012252420F
:1056B000CA5207E0CA5A802D0AD9B24202D0A24289
:1056C00001D8CC5270BD0320424312199208EFE773
:1056D000A242F6D912195210EAE7C046F42D002072
:1056E000FFFF0000E22C00207FB50F300D000A22E2
:1056F0000021040005F0BCFA084B9D420CD001AE1D
:1057000029003000F7F738FF0023F25C002A03D0AD
:10571000E25401330A2BF8D17FBDC046FFFF0000E1
:1057200070B5284E8AB03000EDF7D4F88022041E00
:10573000254D264815D1210005F09AFA8022210036
:10574000280005F095FA0323220002212048F8F7EB
:1057500081FC0423220002211E48F8F77BFC0AB0DA
:1057600070BD002105F084FA80220021280005F098
:105770007FFA112C06D80323002202213000F8F70B
:1057800023FDECE705AD11223100280005F09FFB59
:1057900000220323113C022128006A74F8F714FD4B
:1057A000231CA4B2112C00D911239CB222000A4957
:1057B000684605F08CFB6B46002202211A556846AC
:1057C0000423DCE7DA030020E11C0020611C002038
:1057D000F9C9010806CA0108EB030020F7B5484DD6
:1057E000022816D0032800D180E02B78012808D0A9
:1057F000052B02D801332B7002E00122414B1A70B5
:10580000F7BD052BF9D898403F4A11780143117034
:10581000F0E729780029F3D03A4B3B4A00931B78F4
:105820000192002B11D14A1E052A0ED8019A147834
:10583000364A100056788E4210D19678A6420DD185
:1058400003225343C65C002E0DD10023019A2B7016
:1058500013702F4A1370009A1370D1E7013303328B
:105860002D2BE7D1F1E7392E09D8252EEDD93200BD
:10587000284B263AD2B2D340DB0709D4E5E7330000
:105880003D3BDBB21D2BE0D8234ADA40D207DCD502
:105890001F4B224C1B78002B12D023780F2B06D9DC
:1058A0000F221F491F4805F0EBFA0F232370202019
:1058B00021781C4B4A1C58540021D2B222709954B2
:1058C0002378184F0F2B06D90F223800144905F002
:1058D000D7FA0F2323702278531CBE540022DBB268
:1058E000FA542370104B01321A70AEE700230121E5
:1058F000054A2B701370064A1170024AACE7C04685
:105900000D2600200C2600200B2600207CE7010835
:105910000A260020E5FF0F00F5FFFF3F09260020C3
:10592000F9250020F82500206C1F002010B5044B3D
:105930001B78FF2B03D0034A9B009B58984710BD50
:10594000431F0020CCE9010870B50400FF281CD0DB
:105950000E4D2B78834214D0F0F752FF00230C4AEF
:1059600013700C4A13700C4A13700C4A13700C4AD3
:1059700013700C4A13700C4A13700C4A1370EFF733
:105980000FF801220A4B2C701A7070BD431F0020C3
:105990005F1F00202C2300203E1F0020241F00201A
:1059A000231F0020262300203F1F0020211F00204E
:1059B0006C1F002000200122064B10B51870064B0A
:1059C00052421870054B1A80054B02321A70FFF7CD
:1059D000BBFF10BDAE070020AD0700202400002053
:1059E000371F002010B5802205490648EEF712FF48
:1059F000E022054905489200EEF70CFF10BDC046B5
:105A00005508002008100100E11A0020881001004C
:105A10000EB403B5012103AB04CB49420193FEF759
:105A2000E3FC02B008BC03B018470000F0B589B031
:105A3000F8F7A4FC0520F8F789FC0823009300235D
:105A400002211A005F48F8F7C1FA5F4C5F4BA67D50
:105A50000A21B5076D0FE85AECF76CFF83B25C4F73
:105A60000393B60700D15B4F5B4B0A21585BECF701
:105A700061FF5A4E80B23B003100039A009004A8A7
:105A8000FFF7C6FF062304A800220121F8F7E2FA77
:105A9000534D54482B78002B12D1534B53481B784D
:105AA000002B0DD1524B1B78002B33D1E27C002A06
:105AB00023D0A27C4F49013204A8FFF7A9FF04A814
:105AC0000A237F2200930021073BF8F77FFA2B7807
:105AD000002B06D1E37C002B46D0474B1B78002BD4
:105AE00042D0464B1A78444B1B78002B1BD14449BB
:105AF000013204A8FFF78CFF2DE0A38A4149500032
:105B0000085A0132834201D13F49D5E7302AF6D104
:105B10003E48D5E73E4B3F481B78002BD0D0374B53
:105B20003D491A78C8E73D4B02AA13812D233C4911
:105B300093720A780A2A01D03032D3B202AAD37201
:105B40004B782D220A2B01D03033DAB202AB1A7314
:105B5000002302AA53730A237F2200930021093BEA
:105B600004A8F8F733FA22E01F4B1B78002B01D072
:105B7000A27CBCE7204D2B78002B1CD1A68A0A21E1
:105B80003000ECF75DFF30008CB20A21ECF7D2FE5A
:105B90002300244982B204A8FFF73AFF2B7824217E
:105BA0005A42534104A80122DBB2F8F72DFBEEF76D
:105BB00051FF09B0F0BDF8F7C7FC1B490200C31C38
:105BC000E9E7C046F7C401088C1F002068D001082F
:105BD00081C3010859CB010870D0010822CA01080D
:105BE0003F1F002010CA0108211F002016CA01080B
:105BF000231F00202BCA01085F1F0020D61E002093
:105C00004DCA0108761E002036CA010800C70108E7
:105C1000DA1E00201BCA010842CA010843480000DE
:105C2000D003002055CA01085CCA010870B50D00F8
:105C300007490400ECF704FF20000E000449ECF7CC
:105C400079FE3300020003492800FFF7E1FE70BD32
:105C5000A08601002EC20108F0B587B0002801D14E
:105C6000364B1868FEF75AF8354C05002100FFF74F
:105C7000DDFF2B220127110000232000F8F7EAF9AD
:105C8000304E314B327D31499200D2182000FFF75F
:105C9000BFFE00233A00742120000097F8F714FBA0
:105CA000F27A2B4B9200D2582A492000FFF7B0FE1F
:105CB000002307226C2120000097F8F705FB28003D
:105CC000FEF72CF8244B050049221800002103930D
:105CD00004F0CEFF214B1B78002B24D0204B214E0B
:105CE0001A68954216D000241D6034700022A7B2B5
:105CF00011003800F6F704FB002818D00822200114
:105D000004A9EEF787FD049B9D4210D139003000B5
:105D1000F7F732FC3378002B05D006223000124B07
:105D20000399F8F733F9EEF7A3FE07B0F0BD80232F
:105D30000134DB009C42D9D1ECE7C0461C2E002088
:105D4000CC2B00209000002044D7010866CA01082F
:105D500058E801086ACA0108800800208C00002069
:105D6000C82B0020B92B0020CADB010800B5802217
:105D7000002112488BB004F07BFF114B1A78114BB5
:105D8000022A09D0104B1A78104B002A04D1104A6D
:105D90001278002A00D10F4B0F48104A0078127871
:105DA0000F49009002A8FFF733FE062300220221CC
:105DB00002A8F8F74FF90BB000BDC046E11D002066
:105DC0003606002081C2010824060020E0C7010831
:105DD0002F0600206FCA0108680000200100002083
:105DE00073CA01080CB407B504AB04CB0193FEF7EA
:105DF000FBFA03B008BC02B018470000002270B5DF
:105E0000040010000B4E93B2994200D870BD0825D3
:105E1000A35C1B02584003B2002B07DA5B007340FF
:105E200098B2013D002DF6D10132ECE7400080B27E
:105E3000F7E7C04621100000F0B5802704000E00EF
:105E4000150085B07F04002D01D105B0F0BD002301
:105E500000930A3320006B4403AA2900FDF79CFE3F
:105E60006B4603985A89B8420BD3FF21300004F0E7
:105E7000FFFE6B465B891C19ED1AA4B2F618EDB251
:105E8000E1E73100EEF7C6FCF3E7F0B504000D00E2
:105E9000082685B009270A236F4420006B4431008F
:105EA000009703AAFDF778FE802303985B049842CD
:105EB00005D26A4629003B785289EFF771F96B46A3
:105EC0005B89F61A1C19B6B2A4B2ED18002EE1D106
:105ED00005B0F0BD30B58024094A4118884208D188
:105EE00030BD013B1568254205D1002BF9D10130A9
:105EF000F4E7044BF6E7002BF9D003785360F6E79C
:105F00000038014010270000F0B585B0002815D1F9
:105F10005E4B5F4D5A6880235B009B1A5D4A5E4E64
:105F20009BB200925D4A80209446FF2440002A885C
:105F30009A4200D094E0002005B0F0BD584B594A79
:105F40001B68594D594E9BB20092EBE7013222403B
:105F50002A802A889A4200D194E0B75CAB2F00D106
:105F600081E0013989B26145F0D1991A9A4202D390
:105F7000591CFF31891A89B20729DCD90132224024
:105F8000B75CCD2F74D0013880B22A806045CED165
:105F9000FF202A88019202320240541C0440375DDF
:105FA000B45C3F023C4327B2029780270394083435
:105FB0007F00BC425AD8029C07348C42BBDA02995B
:105FC00002328C1C0240A4180440315DDC294DD102
:105FD000611C0140715CBA2948D193B2B118A24248
:105FE00049D9FF1ABFB23A00009804F070FF2200AE
:105FF0003100009BD81904F06AFF0234019BE7B21C
:10600000E4B2F018A34239D9802252000021D21AFA
:1060100004F02EFE3A000021300004F029FE039B1C
:106020002C80991C0F24002321481A00009D224037
:10603000ED5C825C6A40009DEA5401338B42F4D3EC
:1060400003992800FFF7DAFE029A0299AB185A78F2
:106050006B5C12021343181A42425041C0B26BE704
:106060008021490075E7002900D07EE72B8062E798
:1060700000288DD1FAE70098A21ABCE7019B002105
:10608000FA1ACAE70029F1D055E7C0461C000240C1
:10609000C0300020C02E00206C190020FFFF00003F
:1060A0007C020020C02F0020C2300020800200208F
:1060B00054E9010870B504000125EFF72BF98020A1
:1060C000EFF7A4F960002843C0B2EFF79FF928006A
:1060D000EEF7BAFD0020EFF74DF904002800EEF7C7
:1060E000B3FD2800EFF746F90500EFF72BF9200282
:1060F000284380B270BD70B505000C00EFF70AF9B7
:106100008020EFF783F96800C0B2EFF77FF960BA3B
:1061100084B2C0B2EFF77AF9002802DB200AEFF769
:1061200075F9EFF70FF970BD10B502200149FFF7BF
:10613000E2FF10BD410200000F4B4A00D35A70B578
:10614000C01A84B205200D00FFF7B4FFC0239843A6
:10615000AD0181B229430520FFF7CDFF21000320C7
:10616000FFF7C9FF0548EEF76FFD80210902032004
:106170002143FFF7C0FF70BD68D001081027000061
:1061800010B5044B997D988A8907890FFFF7D4FFD2
:1061900010BDC0468C1F002010B50C4C238AA38272
:1061A000E37C002B0FD00121A07CFDF74BFDFF28E5
:1061B00004D100230138E374FF3810BD044BA074F0
:1061C0004000C35AA3820020F7E7C0468C1F00207E
:1061D000761E0020F8B509230124CB400500234298
:1061E0001DD0244B1B78002B02D103394C424C416B
:1061F0000127214E3770EEF7D3FB03221F4B1A7095
:106200000E2D34D82800ECF777FB080B3219323208
:106210003232272A323232322D00EEF77FFAF8BDC1
:10622000032017498A7D93079B0F01330340824364
:106230001A438A750122134B1A70F0E70124104AA1
:10624000D37C6340D374FFF7A7FF00280FD1FFF77B
:1062500097FF0C4B1C70E2E7EFF7C4FDDFE7EEF7AA
:10626000D5FDDCE720003840F0F71CFAD7E7022321
:106270003370D4E7D50800205D1F00205F000020A8
:106280008C1F0020B107002070B5A0230C008021D6
:10629000DB054900996200210F4B104D19702978D8
:1062A0000A23002900D16E330D490E4E0B800023C6
:1062B0000D49B0820B700D490B700D490B700D49E3
:1062C0000B709A4204D1001980B2FDF7D5FCB08260
:1062D0002C70FFF755FF70BD741E0020231F002097
:1062E000D81E00208C1F0020E91E0020D71E002091
:1062F0003F1F0020211F00200022114B10B51A70F3
:10630000104B1B78934203D00F4B0132FF325A825D
:10631000FFF742FFFFF734FFF7F726FB00230B4A96
:1063200013800B4A13700B4A1370EEF71FFDA02366
:106330008022DB0552009A61074BFF3A1A7010BDAC
:10634000231F0020DA1E00208C1F0020D81E0020F2
:10635000E91E00203F1F0020741E00200B0070B5B6
:1063600054001C191100E4B2122823D8ECF7D8FA13
:106370001300130013001300130013001300130085
:10638000130013009300F500F50055019000B001D3
:10639000B401B801B801002C00D075E0B04B1B78F7
:1063A000002B00D070E0AF4B1B78002B03D0AE4B1E
:1063B00002221A7070BDAD4B1B78002B1AD1AC4B6A
:1063C0001B78002BF3D1AB4BDE7CF8F7A5F810233C
:1063D000A94AAA4D13700D3B2B70A94B1978002EBA
:1063E0002DD1012908D1A74A11780129E2D951708C
:1063F0001670DDE70226E8E70329DBD901241E70C9
:106400001470F8F7A1F8F5F787FE9A4A9E49937D34
:106410009B075B0F595A884203D39C495B5A9842A9
:1064200005D90222904B1A7003232B70C2E780B269
:1064300010829082FFF7A4FE954B1C70BAE70229E8
:10644000B8D100211970012313708E4B5C781A7833
:106450000A235343013CE418E4B2012E0FD120007B
:10646000FDF7D2FB0028A2D0824A8A4B94746400C4
:10647000E35A9382FFF784FE854B1E709AE72F2C18
:1064800000D994E7844BD8E72100FFF7A3FE91E7FA
:1064900021000E20F9E7032C05D101220A2011006A
:1064A000EFF72EFC86E7002C00D083E70322734B26
:1064B0006D4D01341A702C70EEF772FA6C4B1B782C
:1064C000002B2CD16E4B1B78002B00D06FE7694A54
:1064D000D37C002B0FD165480578002D07D06E497D
:1064E0006C4B0978928AA140CA52694B1C700123F7
:1064F0006B4003705EE75B4D2B78002B0BD00121C6
:10650000927C644B52004942D152FFF745FEFFF79F
:1065100037FE5F4B1C7001232A78534085E75F4BA1
:106520001B78002B03D15E4B1B78002B04D1022378
:1065300000222B70524B3CE74C490878002808D0C9
:10654000554A4C4D1278534BAD8A5200D552504BA0
:106550001C70012343400B702CE701250B2820D130
:10656000EEF71EFA464B1B78012C1CD1002B00D0F5
:106570001DE73D4B1C703F4CE37E002B01D16D426B
:106580006DB23A4B1B78002B17D003223B4B1A708D
:10659000414A13785B19591C0CD02F2B0BDD0023BB
:1065A00009E06D42DCE7002B00D003E7032C00D0AC
:1065B00000E7E0E72F231370FCE62D4B1B78002B40
:1065C0000BD0364B1A78002A00D0F0E62900A08ABA
:1065D000FFF75AFE0322294BEBE6E37C002B14D095
:1065E000A67CE9B27018C0B2FDF72CFBFF2809D0D9
:1065F000864207D0274BA0744000C35AA3820122D1
:10660000234B1A70FFF7BCFDE4E7208A401980B2E3
:10661000FDF732FBA0822082F1E7194A1378002BA4
:1066200016D0002C00D0C5E601200F490870104993
:106630000978002949D1002B34D10C49094B0A783B
:10664000002A09D11A78002A06D1EEF767F8B1E6D8
:10665000012C00D0AEE6E7E700220A701A70B9E715
:10666000D5080020211F00205D1F00203F1F0020B3
:10667000231F00208C1F0020641F00205F000020CB
:106680005F1F0020D003002068D0010870D00108EF
:10669000B1070020761E0020D61E0020DA1E002042
:1066A000D71E00200A2110241248013BDBB2C1543E
:1066B000114913700C70002B04D0012B8AD1037880
:1066C000002B87D10023137084E7FFF715FE81E7C5
:1066D0001800F0F7D9F86DE61800F0F723F969E62D
:1066E000012C00D166E60222044B1A70EEF758F92D
:1066F00060E6C046D0030020641F00205D1F00201C
:106700000023F7B501212D4A2D4D13702D4A11702C
:106710002D4A13702D4A1380AB7DAE8A9B079B0FC9
:106720000193002E45D02A4F3C78002C3CD1294AB9
:106730006300E0B2D15A0134FFF7DDFC222CF6D120
:106740002548EEF781FA19202449FFF7D4FC1920D7
:106750002349FFF7D0FC2348EEF776FA01233B707C
:10676000214B052019784B4259410F2349421940CA
:10677000A1231B01C918FFF7BEFC30000199FFF7E8
:10678000DBFC1A48EDF7B0FFA0238022DB055200A6
:106790009A61174BFF3A1A70164B38351A7003235B
:1067A0002B70F7F797FBF7BD02201349FFF7A3FC07
:1067B000D6E702201149FFF79EFCE2E73F080020E0
:1067C0008C1F00205E1F0020231F00202C080020AB
:1067D000362E002010E9010890D003003CA80000EC
:1067E000BCA8000060EA00002108002080789D001D
:1067F000741E0020711F00200102000041020000F1
:10680000054A1378082B01D9002313701278034B23
:106810009200D0587047C046352E0020ECE80108A1
:10682000F0B589B0F7F7AAFD704D71482B78002BB1
:1068300005D07048012B02D000236F482B7008232D
:106840007F22009302210023F7F7C0FB6B4B04ACBF
:106850001E78002E43D16A4B6A491B681F683800B6
:10686000ECF7EEF8380002916649ECF763F86649F8
:106870000200029B2000FFF7CBF80F2002AF03239A
:1068800032006121C019F7F7E5FBE671002302220F
:1068900010212000F7F7B8FCFFF7B2FF5B4A5C4B12
:1068A00016882A7802901B88C188002A25D1594B66
:1068B0001A78072A1CD8D2011300200056498033C9
:1068C0000132FFF7A5F808237F2200930221200060
:1068D000033BF7F77BFBEEF7BDF809B0F0BDF7F728
:1068E00033FE4E490200C31C2000FFF791F8CDE7AC
:1068F00020004B4904F0E3FAE5E79B191F1C9BB20B
:106900008B4200D90F1C4748BFB27843ECF79CF884
:1069100083B2180064210393ECF70CF8642185B26C
:106920000398ECF78DF8404A8BB21278002A52D1C6
:106930002A0020003D490096FFF76AF83C4B1B787F
:10694000002B17D008233C25422620007F2202215D
:106950000093033BF7F73AFB364C374B7A22E5546A
:10696000364B81213648E65404F082F9354BE65423
:10697000354BE554002FAED0244B344918880B78A2
:1069800083420AD007257B1EDC101D400123AB404B
:106990002F4A0870155D2B431355002307201A005A
:1069A00084462C492C4D8124974209D9284ED01079
:1069B000305C6646164030410126304200D13C34FE
:1069C00002980C70C0881B189BB2772B09D8013134
:1069D000A942E8D17FE72A0020002049FFF718F8F4
:1069E000ACE7783B01329BB292B2EEE7641E002026
:1069F00080CA01088ECA010897CA01085F1F0020DB
:106A00006C1E0020A0860100A2C101080E07002014
:106A10000C070020352E0020AFCA0108A5CA0108C6
:106A2000BFCA01081027000011070020C8CA0108CA
:106A3000342E0020E11A00200102000002020000B2
:106A4000E41C00207D0200007E020000242E0020B5
:106A5000252E0020E51C00205D1D0020DDCA010858
:106A600070B5002207250749074C13002B405B0037
:106A70004E881B5B013273404B8002318242F4D15D
:106A800070BDC04664070020DCE80108F0B5804B0B
:106A90008DB01B78002B19D07E4B1C78002C15D1A3
:106AA0007D4B1B78012B13D0022B00D1E7E0012294
:106AB0007A4B03201A70EDF7D2FF0420EDF7CFFFD9
:106AC0000520EDF7CCFF0620EDF7C9FF0DB0F0BDB6
:106AD000734A744C12782378002A75D0FEF720FE92
:106AE000714D80220021280004F0C2F86F4B1E78FF
:106AF00033007F33DBB201937F236D4A3340009232
:106B000000996C4AC95CD25C0136F6B20B1C91420A
:106B100000D2131C7F21674A00983140525C415CCF
:106B2000DBB20F1C914200D2171C0024FFB23F2B96
:106B300007D8072041215843EBF7FCFE06231C1A17
:106B4000E4B200203F2F07D8073041217843EBF70C
:106B5000F1FE0623181AC0B2012106230F001B1BE9
:106B60009F402A783A432A70844279D20F009F408E
:106B70002A7801343A43E4B22A70013BA042F5D2AC
:106B8000019B01359E42B7D17F23009A1E40494B9D
:106B9000915D9B5D0A1C994200D21A1CD2B240231F
:106BA0003F2A0BD8072041215043EBF7C3FE0623B1
:106BB000181AC0B2181A053B8340DBB23E4A3F495F
:106BC0005354FFF7D3F872E7002B03D13C4C2378E2
:106BD000002B83D02000EBF77DFE802207000021F0
:106BE000384804F045F880220021374804F040F886
:106BF0000323002202213548F7F72CFA112F06D87B
:106C0000032300221C212000F7F724FA68E700265E
:106C1000BDB2222F02D92E00223EB6B21122A119F6
:106C200002A804F054F9002202AB113D5A74AD1BC6
:106C300003231C2102A8F7F70DFA2B1CADB2112D6E
:106C400000D911239DB207AF11362A00A1193800CF
:106C500004F03DF900220423022138007A55D3E7DD
:106C600084428DD906231B1A0F009F402A780130D9
:106C70003A43C0B22A70013B8442F5D280E7FEF766
:106C80004FFD80222100084803F0F2FF99E7C0463B
:106C9000071F0020431F0020360600206C1F002025
:106CA000DA03002036270020611D00203527002050
:106CB000B526002035260020E11A0020FF02000042
:106CC00014060020611C0020E11C0020EDCA010810
:106CD000F0B589B00522002104A803F0C9FFBC4E1D
:106CE000BC4C33782078002B54D0BB4F3B78034307
:106CF00050D12A22B94BFF329D5C2C22FF329B5C83
:106D00005A1F5F2A00D914233221B5485943EBF7A3
:106D100011FEB44B80B2188003234343B24A9BB2A6
:106D20001380B24A1080B24A138007224243B14B0B
:106D30001A8005232370B04B1A68B04B1A800023C9
:106D4000AF4A3B701370AF4A1370AF4A1370AF4A2B
:106D50001380AF4A1370AF4A1370AF4A1360AF4A43
:106D60001360AF4A33701370AE4BAF4A19780029E5
:106D700002D01178A94202D0157001221A70AB4CD2
:106D80002378012B45D1EDF7BBFB022323709A4BEF
:106D90001A6854E0052803D0A24B1B78002B02D1BF
:106DA00000232370EBE72A238C4FFF33FB5C012584
:106DB0001A00914E2A4031682B4200D170E0924C6B
:106DC0001B072CD4EDF7A2FD002828D02378002B38
:106DD00000D0A9E2257000220124954B934D1A8022
:106DE000944B1C702B78934200D096E2A023013282
:106DF000DB05FF329A619048EDF726FFFBF7CAFEEC
:106E000002228E4B2C701A708D4B01201988EEF7E0
:106E100097F8864B1B78022B13D009B0F0BD0022E7
:106E2000237822705B00DBB2022BA8D17F4C237841
:106E3000012BEED1EDF764FB022332682370814B06
:106E40001A806D4B7F4A1B6811885B1A9BB2132B0B
:106E5000E3D90025754B774C15801D702570EDF733
:106E60004FFB29005120EDF7BDF82800FAF78CFF01
:106E70002800FAF72BFE744B28001D702570F5F7DB
:106E800099FDF5F7CDFB714B1B78AB4202D0022088
:106E9000EEF7DCFF0122694B1A70FFF7F7FDBCE744
:106EA00095235B00FB5C032B00D0D5E006AF3800D8
:106EB000FEF7B2F8484D34682878A4B2052800D906
:106EC0005DE7EBF719FD0318304859717B78002B0B
:106ED00002D003232B707EE73B78002B00D14EE7D6
:106EE00001214A4B5A4A1C805A4B29701B784B404F
:106EF0008B4013806FE7454B554F1A880093394BF1
:106F000039881B88A21A5B1892B29BB29A4200D2AF
:106F10000AE20020FEF762FC00233B80009B1C80FD
:106F200002232B7082E77B78384A002B01D0148033
:106F3000CFE73B78002B03D1148004332B701EE77E
:106F400013882A49E31A09889BB2994200D916E7A7
:106F500014800123BEE77B78002B00D0E4E12B4FA7
:106F6000224A3B881288E31A9BB29A4202D8012037
:106F7000FEF734FC3C80D3E77A78244B002A01D01A
:106F80001C80A6E73A78002A01D01C80E1E71B8824
:106F9000174AE31A12889BB29A4200D9EFE6022000
:106FA000FEF71CFC0523C9E77A78184B002AE7D1C5
:106FB0003E78002EE9D11B88E41A0E4BA4B21B8840
:106FC000A34200D9DBE60320FEF708FC2E70D6E6CC
:106FD00067000020302600202F2600208C1F002074
:106FE00070170000262600202426002022260020DC
:106FF000202600201E260020081F00202A26002010
:107000002D2600202C2600201A2600201C260020D9
:107010001926002018260020142600201026002003
:107020000E2600202E260020660000203426002098
:10703000681F0020201F0020204E00003606002080
:107040000C00002032260020BE0700204808002047
:1070500028260020741E00208DB2042800D95AE191
:10706000EBF75EFC050031007E00CB002B0104A88D
:10707000FDF7D2FF04AB1B7804AA5278002B12D183
:10708000002A00D17BE6B44A012113700022B34BE1
:1070900021701A70B24BB34A1D80B34B1B784B4022
:1070A0008B40138097E6002AEDD095235B00FA5CB5
:1070B0002A3BFF3B022A03D104AA12795340E2E79C
:1070C000A54A1278FAE7A44B1B780093002B32D024
:1070D000A64B1B880293A24B03931B88EB1A9BB20F
:1070E00001939E4B1B78002B11D104A8FDF794FF50
:1070F00095235B00FB5C002B22D1009B002B1CD056
:1071000004ABDB78002B02D00122944B1A70954A15
:10711000029913885B180199994200DA04E100236F
:1071200001201380039B1D80009B5840FEF756FBF7
:10713000022323707AE68E4BCBE704AB9B78E1E722
:10714000012BE4D1009B002B07D1884B019A1B88AF
:107150009342F2D804AB1B78D4E704AB5B78D1E759
:107160007F4B00931B88EB1A9EB27C4B1B78002B45
:1071700012D104A8FDF750FF95235B00FB5C022BA6
:107180000AD0754B1B78002B14D004ABDB78002B96
:1071900002D00122714B1A70764B1B88B34200D982
:1071A000EDE56E4E3278002A07D06B4B197801233B
:1071B0004B400FE004AB9B78E9E704A8FDF72CFFF8
:1071C00004AB1B7804AA5278002B03D0002A00D00D
:1071D000B7E01A00002131708A420CD0009A04A84E
:1071E0001580012222705C4A1370FDF715FFF2E54D
:1071F00059490978DCE70323D3E5594E3388EB1A64
:107200009BB200935C4B009A1B88934249D904A817
:10721000FDF702FF04AB1A780120002A00D158784C
:10722000544B19884B085B18009999421CDA0028C6
:1072300000D1A4E504AB5B784749002A06D0002BB7
:1072400006D10A70012335802370C4E5002BF8D1E4
:1072500095235B00FB5C0122022B03D104AB1B795D
:107260005A40EEE70B78FBE7002800D187E53B4961
:107270000B78002B00D082E501330B70952149007B
:10728000785C354902280AD1002A08D004A8407841
:10729000002804D004AA127953400B706FE50A70DD
:1072A0006DE50220FEF79AFA2C4B1A78002A02D0DC
:1072B00000221A70C6E7042373E5294E04A8338818
:1072C0000193FDF7A9FE04AB1B78002B04D104AA9F
:1072D00052780092002A11D095225200BA5C022AFC
:1072E00009D1002B07D004AA5278002A03D004AB9E
:1072F0001A7901235340184A1370A3E7019BEE1A31
:107300001E4BB6B21B88B34200D938E50320FEF706
:1073100065FA009B45E5227031E5022B00D073E54C
:107320002C70174B1A806FE501220021154B1A7043
:10733000154B1980154B1978022900D11A70326843
:10734000EFE795235B00F95C2A3BFF3B022900D065
:107350004EE704A909792BE72D2600202C260020D2
:107360002A26002028260020741E00202626002021
:107370002426002022260020202600201E26002071
:1073800032260020201F0020681F00203426002005
:10739000F7B5051E03D003780024002B17D1F7BDE5
:1073A0000E4E0F4F33784F2B06D94F2238000D4920
:1073B00003F066FD4F233370019932780978531C2E
:1073C000B9540022DBB201343370FA54E4B22B1901
:1073D00001932B5D002BE3D1E1E7C046F7250020A8
:1073E000362700203727002010B5094C094A23789A
:1073F0000949D054CA5C824205D2C8547F22013365
:107400001340237010BD002AF8D0013ACA54F5E7A2
:107410003527002035260020B5260020F0B53D4B4D
:1074200087B003931B7805900293002B70D03A4BE2
:107430003A4D1C780493002C43D021002888EBF7A8
:1074400003FB0026022C00D814366427142178434D
:10745000EBF770FA031CC0B2B84200D93B1CDAB299
:10746000B24200D2331CDBB219270193022C00D8A0
:1074700014272B4B019A2B481A700023049A2B8057
:107480001370294D029AAB542A789A422ED00122C9
:10749000E95C002918D1254B9B5C2A2B01D03F2B9E
:1074A0000AD10024224E28007168EBF709FA00285F
:1074B00017D11F4BE4001B5D1E480370002343706F
:1074C00014E064230193D3E72E2905D152003F2A0B
:1074D000E7DC0133DBB2DBE72D29E2D152000132D8
:1074E000F5E701340836362CDDD113480378002B3C
:1074F00004D0019B9F4201D8FFF74AFF0023039A63
:107500002B701370059B002B02D00648FFF740FF3D
:1075100007B0F0BD2706002010060020120600204C
:10752000680000200DC40108140600203CE7010893
:1075300050CC0108F5250020C3C3010810B5002870
:1075400004D000221B4B1A701B4B1A70002401221E
:107550001A4B21001C701A4B1A481C701A4B1C80C5
:107560001A4B1C801A4B1C701A4B1C701A4B1C7047
:107570001A4B1A707F3203F07BFB802221001848DF
:1075800003F076FB7822174B52421C70164B1C708E
:10759000164B1C70164B1C80164B1C70164B1C7027
:1075A000164B1A80164BDC321C80164B1C70164B87
:1075B0001A7010BDF725002036270020270600206E
:1075C00014060020352600202C0600202806002066
:1075D0002E0600202406002023060020310600206D
:1075E000B52600202F0600202606002025060020B4
:1075F00020060020352700202A0600201600002043
:10760000120600201006002068000020962010B509
:107610000F4BC0001978EBF717FA1423132803DD7A
:10762000DC33984200DC83B20A4A0B491380032200
:107630005A4392B20A80094900200B8008490A8007
:1076400007214B43074A1380FFF778FF10BDC04660
:10765000010000201A000020100000200E00002071
:1076600012000020140000202A4B10B51A78002ABE
:107670004ED000241C70284B8022210027481C700B
:1076800003F0F6FA80222100254803F0F1FA802267
:107690002100244803F0ECFA21008022224803F064
:1076A000E7FA0120FFF74AFF20490B78A3420DD0EB
:1076B0001F4A204B12780C70DA771F4A1F4B127842
:1076C000DA7701221E4B1A70F4F7AAFF1D4A1378CD
:1076D000002B0BD01C4B1D491B7804200B70002184
:1076E00011708B4200D00238EEF7B0FB18490B78CE
:1076F000002B05D0174A184B12781A7000230B7014
:10770000ECF7E9FE0022154B1A70154B01321A7086
:1077100010BDC046071F002036060020611C002057
:10772000E11C0020611D0020E11D0020300400202C
:1077300032040020911F002031040020921F0020FD
:107740005A0000202F0400202E04002048080020AA
:107750002D0400202C040020CD1F0020D50800207F
:107760006C1F002070B5234A1378DCB2002B10D1B7
:10777000214B5D686D42EDB2204A13789D420DD1D8
:10778000002C17D00F221E4B1A7000221D4B1A70AE
:1077900003E01378013BDBB2137070BD591C11700C
:1077A000194A1A48D15CEDF7B9F8002800D1200039
:1077B0000400E1E70225164BFF351E68F6B2154AB4
:1077C00013789E4207D1002CE7D00F220C4B1A7081
:1077D0000C4B0E3ADBE7013D002DF4D00E490F486B
:1077E000C95C01331370EDF799F8002800D120002F
:1077F0000400E4E7F02500201C000240F2250020F0
:1078000065000020BC0700206C190020F125002035
:107810007C020020F425002080020020F3250020B7
:10782000F0B5664A8FB013780290DDB2002B05D117
:10783000634C2378002B06D10FB0F0BD1378013BC9
:10784000DBB21370F8E75F4A5F4E10683168401A88
:107850005E49632808D91068013BDBB230602370B1
:10786000002B01D10B70E7E70B785948002B00D0B3
:1078700092E001330B700123029300242600136869
:107880000021036010220AA803F0F2F9514F01977A
:107890000D2104ABC9182000FCF7D8FC01234E4988
:1078A00007A81A5C013351404C4A5143092BF8D1C7
:1078B0004B4B0A0C1B784A400393019B92B21988E8
:1078C000914206D1039B1A1B51424A41029B1A4323
:1078D0000BD00721012321408B401900E2080AA8A0
:1078E000835C093619438154B6B2019B01340233DB
:1078F000E4B20193802CCBD17F21039B384A013322
:107900000B401370002E97D0364B1B78132B00D0F2
:1079100092E704ABD81CFF237E390370EBF7F8FE27
:10792000314B05A80380022305218370330A0671B9
:10793000C3700126EBF7ECFE793C0AAAEB08D35C96
:107940002A0022401341334219D00D2104ABC9183B
:1079500028001D73FCF77AFC092107A8EBF7D8FE75
:1079600001221D4B0C2004A90918895C01324B40EF
:107970001A494B43092AF5D11A0C53403B80013573
:10798000EDB20237802DD8D104AB981C0A23012117
:107990000370EBF7BDFE4FE7029B002B00D06AE7B8
:1079A000124BC8211B78002B00D16439136804687E
:1079B0001B1B8B4200D360E73EE7C046F02500204A
:1079C00065000020081F0020EC250020E82500208D
:1079D000E4250020E4240020C59D1C8193010001C2
:1079E000E224002061000020AA550000071F0020AB
:1079F000038810B501330380FEF702FF074B084AE6
:107A00001B8812889B18C2889BB29A4205D8022212
:107A1000044B00201A70FFF703FF10BD0C07002075
:107A20000E070020641E002010B5012400210A4B1F
:107A30000F221C70094B1970094B1980094B1970E2
:107A4000094B1870094803F013F92000FFF7E8FE0E
:107A5000074B1C7010BDC046342E0020AC07002020
:107A60000C0700205F1F002011070020252E00209A
:107A7000641E0020F8B5002A45D1002943D0102803
:107A80003ED0414B01321A700D2800D979E0EAF757
:107A900033FF070707070707070707074061614C20
:107AA000F6F73AFD394B1A78052A29D900241C70BB
:107AB000F6F74AFDF4F730FB64254543344E33684E
:107AC0009D4221D373689D421ED22800F4F76EF9BF
:107AD000002819D12F4F28003E68B18BF4F734F9F4
:107AE00034863060B0603000F4F778FC2A4B3A6896
:107AF00001201A60FAF748F9ECF734FDEDF7EEF9DA
:107B00000422264B1A70F8BD01340836072CD6D152
:107B1000F6E70120FFF788FF214B224A1A80002256
:107B20005A80214A0833DA87EAE7184B1C78002C80
:107B300009D12000FFF778FF1C4B1C701C4B1C80E8
:107B4000EDF7DEF9DCE70A22013CE4B21C70194BC8
:107B50001A55D5E701230B280FD1174AD27E002AE8
:107B600001D15B425BB2154C2078013307D0013064
:107B70000921EAF765FF2170C2E75B42EDE70830B3
:107B8000F6E702221A70BBE75D1F00205F1F00208E
:107B900018CC01086C1E0020681E00205F00002029
:107BA00064070020CDABFFFFBADCFFFF242E0020CE
:107BB0000E070020D00300208C1F0020352E00204F
:107BC00010B5C27F0024A52A1ED1427C017C12027E
:107BD0000A43817C09041143C27C12060A43013224
:107BE00012D04278017812020A43817809041143C5
:107BF000C27812060A43013206D0847FFCF7DCFB10
:107C0000241A63425C41E4B2200010BD030020331B
:107C10000278FF2A04D101309842F9D1012070473F
:107C20000020FCE7224B10B51B78002B36D09621A4
:107C3000204B89001A8800238A4205D91E4BD3188D
:107C4000FE2B00D9FE23DBB21C4A1178994200D9E1
:107C500013701B4B1A78012314001C401A421DD1CB
:107C6000ECF7ECFC174A184B12684008128E9B5632
:107C7000A03B181883B200B202005D320FDB5D3307
:107C80001C1CDBB2282B00D928240934E4B20F4B8A
:107C90001A78FF2A01D0A24200D21C7010BD030046
:107CA0008D33F4DB06219330EAF7CEFEC4B2EEE763
:107CB0001E1F0020621E0020A8FDFFFFDA1A002010
:107CC000400600206C1E00201C000020DB1A002053
:107CD00001210A4B494219800023094A1370094ABD
:107CE0001170094A1370094A1370094A1370094A3E
:107CF0001360FF22084B1A707047C0468A060020A6
:107D000000070020E12400208C06002088060020C7
:107D10000A07002044060020E02400200023094A2E
:107D200010B51380084A1370084A1370084A13707C
:107D3000FFF7CEFF0122074B05201A70FDF704FE66
:107D400010BDC046DE1A0020D51A0020D81A002027
:107D5000D61A0020711F00200023084A10B51370A6
:107D6000074A1370074A1360074A1360F022074B53
:107D700052031A60FFF7ACFF10BDC046D71A0020AF
:107D8000D41A0020CC1A0020C81A0020D01A0020D3
:107D900070B592B06B4604001720DE1DA52302AD1E
:107DA0001122FF216844337002F062FF2B0007CCE0
:107DB00007C3228828001A80A2789A70284A13687C
:107DC000591C11602B61FCF7F7FAF423254CA877B6
:107DD00022685B039A4202D3F0235B03236020688E
:107DE00020220AA9ECF716FD0AA8FFF70FFF0028CA
:107DF0001BD123681A0509D080221B0B52011B03DB
:107E00009B18F4225203934227D223602068202239
:107E10000AA9ECF7FFFC0AA8FFF7F8FE002804D136
:107E20002068000B0003EDF711F900232022290040
:107E30002068EDF7B5F920680023012231001F30DA
:107E4000EDF7AEF9F422236852032033934201D3B5
:107E5000F0235B03236012B070BDF0235B03D4E713
:107E6000CC1A0020D01A002010B50B00FF242340AC
:107E7000434007480A0A434322405A4042430B0CFE
:107E8000234053404343090E5940484310BDC04668
:107E900093010001F0B5284D87B02B78002B0AD054
:107EA000264B274C1B78002B07D00023254A2B702C
:107EB000FF332370137007B0F0BDFFF7B3FE224B02
:107EC0001E68721C1A60214B1F68214B1B8802938D
:107ED000204B1B780393237804931A4B1B7805934C
:107EE0001D4B1B8801335B0800D101339BB201930A
:107EF0001A4B1B4C1B78002B02D02000FFF748FFC9
:107F0000012266600026019B27602381029BE673A5
:107F10006381039B2373049B6373059BA3730F4BC4
:107F20001A70104B1A70FFF7D3FEFF22044B2E700D
:107F30001A70044B1A70BEE71E1F0020D91A0020C9
:107F4000DB1A0020DA1A0020C81A00203C060020A4
:107F500038060020400600201C1F0020500500208D
:107F600040050020D41A002001230200F0B51A4079
:107F700085B005000C000392184236D04B691F688B
:107F80008023E68BDB009E4200D3194E194B1A4A20
:107F900001931B780292002B0AD01378AB4207D1D1
:107FA000164B1B68BB4203D1154B1B88B3421AD03A
:107FB000FFF770FF0123019A13700022029B1D70CE
:107FC0000E4B1F600E4B1E800E4B1A80039AFF2330
:107FD000002A01D0293423780B4A1370FF220B4B5F
:107FE0001A70FFF71FFE05B0F0BD0B69C7E7C0466A
:107FF000FFFF00001E1F0020400600203C0600205E
:10800000380600201C1F0020DB1A0020DA1A00208E
:10801000037842680078084940B2002806DA7F20D9
:10802000034046339B00CB185A6070474E339B0089
:10803000C9184A60F9E7C046F8000020F7B5050006
:108040000F0014001E0082420FD1994201DC0E0085
:108050001F00BE4200DDF7BDF2B201231648E9B2AF
:108060000136F6F71FF936B2F3E7FA205E1A800000
:10807000511B7043EAF7E8FC104906006843EAF731
:10808000E3FCC3190193AC4202DB23002C001D006A
:1080900027007743AC42DEDCFA2138008900EAF79A
:1080A000D3FC019BE1B2C218D2B201230248F6F719
:1080B000F9F80134BF19EDE7E11A002018FCFFFFC1
:1080C000064A11784F2907D820204B1CDBB21370C9
:1080D000034A50540021D1547047C0462B0400205D
:1080E000DA0300200121054B82B09A6B0A439A63A0
:1080F0009B6B0B400193019B02B070470010024044
:10810000F0B585B00C00150069461022ECF782FB33
:108110006B461B78013BDBB2FD2B20D86A46002161
:108120000126114813785F1EFFB2FD2F08D90023E6
:10813000137010226946200002F0C9FE05B0F0BDA0
:10814000232B07D02A3BDBB21A2B08D80700DF40CD
:10815000374204D0013101321029E3D1E9E7290087
:10816000200002F0ACFEE9E7C1FF800770B51C48B3
:10817000ECF76AFD80213F200902EBF733FF59201D
:108180001849EBF72FFF68215920EBF72BFF00244C
:10819000154A63005F20D15A0134EBF723FF242CEA
:1081A000F6D11248ECF750FD59201149EBF71AFFB0
:1081B0000125A4340C20EBF71FFC284206D1013C1A
:1081C0000C48E4B2ECF740FD002CF3D10021022072
:1081D000EBF708FF0248ECF737FDECF77FFE70BDC8
:1081E000307500006880000064070020204E000009
:1081F000682800008813000004220221F0B55D4CBD
:108200005D4BA54404935D4B5D4D1B7805AC5B4213
:1082100013402A78200052420A401343594A1D262F
:108220001278134304AA5370049B1493564B1B6893
:108230000593564B1B680693554B1B8801335B080F
:108240002381544B1988544B61811B782373534B02
:108250001B786373524B1B78A373FDF745FA15AB7C
:1082600007CC07C307CC07C322781A702B78002BE2
:108270005BD04C4B80271D684B4BFF00ED18002353
:108280006D09ADB20193002D54D0013DADB2F02384
:108290001B020CACE818400120222100ECF7BAFACE
:1082A0002000FFF7B3FC00283FD12000FFF788FC37
:1082B000002833D00823227B1A4208D13B4B616847
:1082C0001B68013B5B1A802189008B422DD214ABC5
:1082D00098192378193603706378B6B24370A3787F
:1082E0008370E378C370237C0371637C4371A37C48
:1082F0008371E37CC371237A0372637A4372618969
:1083000002730B0A8172C372637B4373A37B837313
:10831000FDF7EAF9019B0133DBB20193013FBFB2E4
:10832000002F02D0019B402BADD114AB0021204A7D
:108330009B1905E01F4DAAE701361970B6B201334B
:108340009642F9D902ABDC1D0A2323701A4B0CA804
:108350000C935D2305210371EBF7DAF914A8174993
:10836000EBF7D6F901212000EBF7D2F9144B9D442D
:10837000F0BDC0464CF9FFFF02004000D91A0020B2
:10838000D41A00201E1F00203C060020CC1A00201A
:108390001C1F00203806002040060020DB1A0020A9
:1083A000DA1A0020D01A00200000E2FFC81A0020CC
:1083B0005C060000FF030000AA5505065D060000EC
:1083C000B4060000802370B5021CDB00984201D384
:1083D000264B1A88264B27481978037892B28B428D
:1083E00003D00024244B01701C60244B24481A80C5
:1083F0000023037023480170234924480B7024494B
:1084000003700B70234B1B68002B02D101330370E8
:1084100070BD0126184B1C685309350020009D4093
:1084200028402C4219D01C4C58015B001B5B802457
:1084300001339BB2E400A342A44180B2121A23404C
:1084400092B2164C2380164B1A800022154B1880CE
:10845000154B1A8001230B70DAE7013BDDD2134B79
:10846000134C1B681B195B099BB2EAE7C0C00108EB
:10847000DC1A0020E0240020440600208A060020A8
:1084800000070020E12400208C0600208806002040
:108490000A070020CC1A0020480600200807002008
:1084A000020700200407002006070020D01A002041
:1084B0000000E2FF10B5024B1880FFF783FF10BDEC
:1084C000DE1A002010B5124B124A1C88124B12788B
:1084D0001B789A4218D18021104A231CC9008C4273
:1084E00001D30F4B1B8812889BB29A420CD10D4BC3
:1084F0001B78002B0BD10C4B1B78002B07D12000D5
:10850000FBF7E6FE002802D12000FFF7D3FF10BDE5
:10851000DE1A0020E1240020DC1A00208A06002058
:10852000C0C001080A0700208806002070B50D00B1
:108530001400102805D1FBF7BDFE2800EEF7F2F974
:1085400070BD002903D1002A01D10A28F8D1694958
:108550000B78002B09D00A2803D1002D01D1664BDE
:108560001D70664B01221A70EAE70A38052800D907
:10857000BAE0EAF7C1F95E1D30AC9C03002DDFD0F4
:108580005F4D002C08D0FBF795FEECF709FAEAF7EF
:10859000C7FE01232B70D3E7FBF78CFE0123594A5A
:1085A00011784B401370F4D01022574B1A70F0E73B
:1085B000FBF780FE534B1B78002B05D0ECF7F0F94E
:1085C0000020FFF777FFCCE7504B18880028C8D071
:1085D000013880B2F5E7FBF76DFE4A4B1B78002BA4
:1085E00003D0ECF7DDF94A48EBE7FFF76BFF494BA7
:1085F00018780028B5D0484B1B78002BA0D1474BEA
:108600001B78002B03D0464B1B78002B98D03F4A99
:10861000444913880988013340189BB280B29842BC
:1086200001D913809DE73E4B1B78002B99D0108019
:10863000C7E7002D1BD1304D002C16D12B78002B15
:1086400013D1FBF737FE384A13780133DBB2022B24
:1086500000D92300137000222C4B1A80FFF738FB3F
:108660000122274B1A70254B1A70002392E7002C29
:1086700000D165E7204A1378002B00D060E7012085
:1086800010702A4A1478002C0FD01370284A0870F2
:1086900013701E4A1380FFF75FFB0123254A1370F6
:1086A000174A1370154A13704AE71070F5E7002D4A
:1086B00000D145E7002C00D042E7FBF7FBFD1E4A46
:1086C0001378012B01D80133DCB2147049E7174B42
:1086D0001C78002C02D0FBF7EDFD31E7FBF7EAFD3B
:1086E000164B1C70064B3DE7002C00D028E70222F9
:1086F000104B38E7D91A0020D61A00206C1F002032
:10870000711F0020D5080020641F0020DE1A002001
:10871000FF030000000700200A0700208806002051
:108720008C0600208A060020DC1A0020D81A0020BF
:108730001E1F00205D1F0020D51A00205F000020B2
:10874000F7B5031D01938023002201279C460821D1
:108750003B00002564460678344200D01D435B0090
:1087600001399BB264080029F6D108238024560001
:10877000B6B22C421ED1D10BC9033200002901D060
:108780000E494A40013B6410002BF0D101990130A1
:108790008842DCD18024102001212402144200D020
:1087A0000B434900013889B264080028F6D1DB4345
:1087B00098B2FEBD802109029143DEE7211000003E
:1087C000F0B5294C0727A54401938023DB01040061
:1087D000C01800920D00022203AE400002A93780AB
:1087E000ECF718F8009B002B14D02B0035331A78C7
:1087F0001823D2001A402B8E2E353B401343337082
:108800002B787370019B002B04D002AB1A8833883D
:108810009A4225D0338802AA13808020832204AD97
:10882000290012010002EBF7F5FF02AA128863008B
:10883000EA52802083220023290012010002ECF773
:10884000AFFC31002000F3F7C7FC8023DB009C4223
:1088500006D2009B002B03D120000449F5F7ACFAA7
:10886000034B9D44F0BDC046BCF7FFFF81C3010828
:1088700044080000A022094BD20399680A439A6079
:10888000022219681142FCD0052252421A600022CD
:108890001B6D0380024B1A807047C04600240140C4
:1088A000CC200020F7B51F0008AB1D7801230C0079
:1088B0001600D2000132D2B200933B00F5F704FD5E
:1088C000A21E0D4BD2B2002F02D10C4BF601F318B1
:1088D0003E21985C013C41407F209954E4B2E2B2D1
:1088E000954204D83E22595D4A405A55F7BD1A5D5B
:1088F00042401A550134F2E755080020E11A0020E1
:10890000F0B58FB0F5F73AFD804B1C78002C03D002
:108910000120FCF7EDFB14E07D4B1B78002B12D0FF
:10892000082501237F2221007A480095F5F74EFBA8
:1089300003237F22210078480095F5F747FBECF7E9
:1089400089F80FB0F0BDFFF7BDFD744B1B78002B0D
:1089500003D1734B1B78002BDAD0724B1B78002BA2
:1089600034D0714B00241D888023DB009D42E6D269
:108970002800E7B2FBF7ACFC0028E0D06B4B0820E6
:108980001B88ED1A6A4B2D01EA585B1904921A896B
:108990005D6859895E7B03921A7B9B7B0593082354
:1089A0001340024217D0E100033109B20B007B22D1
:1089B0000438FFF743FB062CC1D05B4B01341D8804
:1089C0008023A4B26519ADB2DB00CFE70120594B7B
:1089D0001B7858409DE70120104004AA1376564B9F
:1089E0000290994250D104980AA9FDF71FF9534B00
:1089F00053491A6807A8013A521B92B20132FDF797
:108A000007F80E233A0000930221002307A8FFF77E
:108A100049FF029B002B3FD00AA83B0000221121F6
:108A2000F5F7D2FB47480123FD000135EDB2009375
:108A30002A0000235F21F5F747FC434B1B78012BED
:108A40003ED1029B002B2FD0404B072E00D907268A
:108A5000B600F15808A802F032FA7F233A006B21E1
:108A600000933B480023FFF71DFF08A8E9F732FFFA
:108A700005210023091A49006B312A00C9B200936D
:108A800008A8F5F721FC96E70AA8F4F775FD04ABF2
:108A90001B7E002BABD1A6E70AA83B001121029A4E
:108AA000F5F7D8FA2B48BEE7092E06D932002A4935
:108AB000093A08A8FCF7ACFFCFE732002749F8E7EE
:108AC000022B15D196239B009C46059E642166448B
:108AD0003000E9F7B5FF30008BB264210293E9F76B
:108AE00029FF1F49029B82B208A8FCF791FFB4E757
:108AF0003C210398E9F7A4FF03988EB23C21E9F7E3
:108B000019FF3300174982B2EEE7C046D91A002098
:108B1000D81A0020F1CA0108BFC30108DC1A0020DE
:108B2000D41A002000070020DE1A00208A06002048
:108B3000900600200A070020FFFF0000C81A00204E
:108B4000BACA010881C20108D51A0020B4D60108AA
:108B500081C30108E0C70108FBCA010803CB010873
:108B60001DC5010813C5010810B502780300013ABC
:108B7000D2B20120FD2A0CD8180020211A1D03783A
:108B80001C008C4301D0FF2B04D101309042F6D160
:108B9000012010BD0020FCE7044BC25C044B0548DB
:108BA000D218136803400B43136070470DCF0108C0
:108BB000000002400F80FFFF044BC25C044BD21840
:108BC00053681B0C1B040B43536070470DCF010807
:108BD000000002400121044B044AC35C9B181A6840
:108BE0008A431A607047C0460DCF0108000002405A
:108BF000044B054AC35C9B18012219680A431A609A
:108C00007047C0460DCF010800000240F7B51300C1
:108C10007F221040002901D1002B17D1142242439A
:108C2000354EB21814002C3424780092002C0DD04C
:108C3000324CA57BEAB20192A073677D01253A0010
:108C40002A4094462F4202D0019BA373F7BD009A9D
:108C5000009F116353636246BA6300283ED1284DDA
:108C60002F78FAB2012F1FD0032A03D0002AEBD1AC
:108C7000002B03D148232374443B0EE0402222748E
:108C8000328D93420BD81F4E3678002E07D19AB200
:108C9000FBF74CFB0A23237401232B70D4E700203D
:108CA000FBF744FB0223F6E7002B05D1154A1370AE
:108CB0000A332374043BF0E7328D934209D8114DF7
:108CC0002D78002D05D19AB2FBF730FB0A232374CF
:108CD000BAE70020FBF72AFB0223F8E7002B05D0B8
:108CE000B28F934205D92800FBF720FB012363755F
:108CF000AAE79AB2F7E7C04660230020005C004074
:108D00004523002044230020F7B50F00140001285C
:108D100027D00F262B4D030033403A5CEB5C5340C9
:108D20003B5401308442F6D86A46274B68460421FA
:108D300013805480FDF7CEF821003800FDF7CAF803
:108D400023003340EB5C0134DB4301A83440037063
:108D50002B5D0421DB4343701C4B4380FDF7BAF8C5
:108D60002FE0902A2DD81A4802F0B1F819490022B4
:108D70000800231D134D5B1817000F263740EE5DCA
:108D8000077901327E40067101309442F4D85522B1
:108D900052420A7022324A70220ACA700F20220000
:108DA0000240AA5C8C70D2431A70621C0240AA5C1A
:108DB0007230D2435A70054A5A8022000832FFF7B7
:108DC00025FFF7BD54E90108ABCDFFFFDCBAFFFF7B
:108DD000C8300020C4300020F0B50500494CA3B0D5
:108DE000002800D1484C2388484A934238D007D8FD
:108DF000474A93420CD01422464B1A7023B0F0BD60
:108E0000454A934254D0454A9342F4D1EDF710F8C5
:108E10006368434A002D00D0424A13600422424B4B
:108E20001A70424B08321A70414BDB7F3C2B01D841
:108E3000EAF7CEFD3F4B404901A8009302F03FF80E
:108E40006A463E4B1B781375002353752822069300
:108E500007930893099369462800FFF755FFCAE76F
:108E60002F4B002D00D02F4B1B68A2689A42C2D115
:108E70000C222E4B00211A702B4B083A1A706B46AD
:108E80007D32D81D01F0F4FE6A4669462C4B1380F2
:108E9000A279131D4B80294BA0881B7888808A718A
:108EA000002B02D102A9FCF7C7FFA2790832D2E752
:108EB0001B4B002D00D01B4B1B68A2689A429AD115
:108EC0000C221A4B1A70184B083A1A706A461D4B3E
:108ED0000093A3889380194B1E78002E05D127009C
:108EE0000C37A379DB089E4201D30622B3E7A3889F
:108EF000F000C018390080B2FCF7C7FF0136083710
:108F0000EFE7C046C02F0020C02E00201B05000048
:108F1000140500001A0700201D050000DD050000F3
:108F2000BC2E0020B82E0020421F0020F91E002079
:108F3000941F0020150524003BD00108402200208A
:108F40001C0500001E0502000B003F2210B5114059
:108F5000134206D1002B04D00A008120FFF756FEF1
:108F600010BD0022014B1A70FAE7C046BA07002074
:108F700070B500281ED1002910D0144B9D68DC6804
:108F80006D18641A9D60DC600FD1114A9A60FBF77E
:108F900059FD002803D18030FBF78EFC70BD220004
:108FA00021008020FFF732FEF8E722002900FBF7BE
:108FB00043FCF3E77F230340044A4E339B00D2185F
:108FC0005368002BEAD09847E8E7C046F800002035
:108FD000140100200E4B10B59968DA680918121AAE
:108FE0009960DA6003D08020FFF710FE10BD187D75
:108FF000002802D011001A75F5E7DA88002AF5D0AA
:109000001B787F2BF2D902000100FBF715FCEDE77E
:10901000F8000020F0B5BB4F87B03B79DAB201927F
:10902000BA79D2B202927A79D2B20492BA7BD2B22F
:1090300005925B0725D5C022B34D002152002800C0
:1090400001F016FEAE2200244026B04B52006E60A6
:1090500021003C7080209C5232002C70FBF750FCA9
:10906000320021002000FBF74BFC21000120FBF720
:109070004BF901227B7813437B70A54BBA727C724B
:109080001C70019B9B0703D500210620FBF73CF9D0
:10909000019BDE0703D500210520FBF735F9BB7ADC
:1090A000029A1A4013000192DB0711D50024BC7309
:1090B000387C04230500964AC1B21D40184219D0DD
:1090C000397C9943397414700123019A9A430192AF
:1090D0000124019B002B00D0C0E001247D7A049B79
:1090E0001D400195019B002B00D01BE1059BBB732C
:1090F00007B0F0BDCB0602D580233B741570824BC0
:109100001878002804D01878C0B238700020187081
:109110001478E0B2062CD7D80124E9F7F7FB070052
:109120005D00D5FF6C009C009C009A002142CBD0D2
:109130007B7C082BC8D100227648774B0178995464
:109140000132082AFAD1714C220003CB03C28023DA
:10915000E2885B009A4206D923787F2B03D88020CF
:10916000FBF7AAFBB0E700206C49E260A160226136
:109170002075824205D023787F2B02D8FBF75CFB59
:10918000A2E7FBF75FFC0028E9D0E38826691D0011
:109190000293B34200D93500A168E5608B070CD07B
:1091A00080235B009D4200D98EE75C4B2A001800AB
:1091B000039301F08CFE039BA360029BB34205D98D
:1091C000B60603D10123564A237513702A00802066
:1091D000A168FFF71BFD77E75A6B198D986B8A42E0
:1091E00006D90818521A98635A63FFF7F3FE6BE723
:1091F00010180022F7E7214200D165E77A7CD0B24F
:10920000002A12D11900D0310A6812180A601A0017
:10921000D8321168411811601A00C832128882428F
:1092200010D90020FFF7A4FE4EE71A00D0321168D3
:109230000200384D2C78013A92B20C700131002AAC
:10924000F8D1DFE7D4331B689942EAD040233B745E
:109250003AE70020C9E70023137035E70123A34054
:109260000293029A019B134229D00422BC737B7D96
:10927000134202D07B7D93437B7514216143224DC1
:1092800069184B6B0A8D086B93421BD980180863D1
:10929000896B9B1A5118142666431B4880198163F9
:1092A0004363002B1FD122007F331A401C420FD191
:1092B0000800FFF78FFE019B029A9343019301344C
:1092C000E4B206E7C0180863896B59180023E2E787
:1092D0000E4B463292009B185B68002BEBD080202F
:1092E00020439847E7E79A4200D91A0014236343C2
:1092F000ED182000296B92B2FBF718F801237B755B
:10930000D9E7C046005C004060230020F800002040
:1093100045230020205C0040802300201401002011
:10932000442300200126A640019B334229D001227C
:10933000BC737B7E134221D0BB8B9AB2002B23D10E
:10934000142161431C4B5B181800D0300168891848
:109350000160816851188160D42084469C44604635
:1093600065460068C833801A28601B8893421BD961
:109370007B7A2000B3437B72FFF7FAFD019BB34376
:1093800001930134E4B2ADE60C4BA000C0181423E5
:1093900063430B495B58D11889B205781D700133BE
:1093A0009DB28D42F9D1CBE70028E1D001227B7E2E
:1093B00093437B76E2E7C04660230020205C0040B8
:1093C00030240020022110B50A4A0B4B9C680C4245
:1093D00005D1013A002AF9D110BDDB68FCE7012173
:1093E000044A187398680842F7D1013A002AF9D163
:1093F000F2E7C046A086010000300140F8B5042322
:10940000A027B0240E4EFF05B36240231D00BB62AF
:109410002000FFF7D7FF1020FFF7D4FF0420FFF74D
:10942000D1FFBD616D190020013DFFF7CBFF002D7D
:10943000F9D10134E4B2B82CE7D10423B361F8BD0B
:10944000000400505C2110B5032802D8034B4000F3
:10945000C15A4320EAF7C6FD10BDC04634E70108F3
:10946000F0B5B54BAFB0DB7F0EAD5A1E9341B34C98
:109470000822B34928006375B24E01F028FD082286
:109480002900B148EBF7C6F92B781A090F2A00D149
:10949000033A032162719A080A4022710B408B4201
:1094A00000D10023E3726B781A00FF3A511E8A4103
:1094B0001A405B079B0F032B00D1023BA3490A70A4
:1094C000A34A1370AA781C2A03D805235343823B6E
:1094D0002361EB78FF2B00D19E4B23819E4B1868B4
:1094E000052300280DD19D4B1B681B691D68FAF7E9
:1094F00069FC0700FAF75CFC7B089BB25843042325
:10950000281A974A38361060964A33701060002542
:10951000F4F7E0FC944B585DEAF76EFA934A6B005F
:109520000135D052072DF5D1914B1A68002A03D08E
:109530001269904B12681A6001258F4B28001D702C
:109540008E4B1D708E4B1D70FBF71CFE0020FBF731
:1095500019FE824B1B68343318782075F3F77EF9B7
:10956000E07AFFF76FFFFBF779FCFBF7DDFE854B39
:109570001D70844B1B780293002B03D1EBF7F6FB95
:109580002FB0F0BDFEF7EEF87F4B1A78002A03D01B
:1095900000221A70EBF774FB7C4B7D491A7804911A
:1095A000002A1ED000221A70FAF70CFC802818D965
:1095B000714B1B78002B14D10121764A1170049A4B
:1095C0001370754C27786770EBF774FF050013284C
:1095D00071D1EBF79BF900286CD125700023A370A3
:1095E00077E0049B1B78002BEBD0644C2378002B96
:1095F00003D0FAF73DFC00232370684B1C785E4BC8
:109600001D78002D01D100F0A2FC012C01D100F049
:1096100062FCFA200025049B80001D70EBF714FB10
:109620000C20EAF7E9F90123184200D1EDE202200B
:109630002900EAF7D7FC0220EAF7DEF9400500D45A
:10964000E3E229003F20EAF7CDFC29000220EAF7F7
:10965000C9FCFA204000EBF7F7FA2800FBF792FD6F
:10966000FAF7FAFBFAF79CFB384B1B78AB4205D1B3
:109670000122324B52421A81494B1A8001223F4B40
:109680001A70484B1A70F4F73DFF304B464C1B786C
:10969000002B01D000F0EAFD2D4A444B12789200D5
:1096A000D258434B19783C23002900D0023341495A
:1096B00000F0F7FD10252570AF428FD1A378DA1E98
:1096C000D2B20F2B01D80133DAB23B48A270EBF7CC
:1096D000BBFA324E3378002B13D1132D27D10A2F2A
:1096E0000AD1364B1B78002B06D0354B1B78002B4C
:1096F00002D13800FBF75EFE0022304B1A70304B6F
:109700001A70A178032902D0102900D06DE73378B0
:109710002478002B00D08DE00A2C00D027E1284AC5
:1097200003294FD101202549087013705DE70A2DE8
:10973000E7D00A2FE5D0DFE7941F0020900000203B
:109740003FCB01088C1F002048A10000232E0020E1
:109750008E000020FFFF000040080020601F002056
:10976000B02B00200C2E002050E801089E2B00207A
:109770006C1E0020B42B00208C0000206C00002008
:1097800086000020AC2B00206F1F00206E1F0020E1
:1097900087000020202E002069000020222E0020BB
:1097A000800000208D000020CC2B002008E801085C
:1097B000830000200FCB0108204E000092270020DC
:1097C000912700201478002C00D00EE701260127F5
:1097D000B24BB34D1C70B34B16701C70B24BEC7295
:1097E0001E70B24B7F421C70B14B1C70B14B1C7091
:1097F000B14BAB80B14B1B6834331B782F81029384
:109800002B75AF4B1F80FAF7F9FAF04028600298E9
:10981000F3F724F82000FFF715FEAA4B1C70AA4BA3
:109820001F80AA4B1E70FBF77FFDFBF7B5FAFBF715
:1098300039FBDAE6012B00D099E00A2C7DD004D95F
:1098400023000D3B012B00D9CFE6A14D2B78002B37
:1098500008D10D2C01D001F02FF99E4B1878FAF7A2
:1098600049FAC2E60D2C0FD0092B00D9BDE60E2C0B
:1098700005D1994A1178002900D0B6E613705A1C18
:109880002A70964AD45408E0934A013B1178DBB21F
:109890002B70994201D100231370FAF70BFC8E4B09
:1098A0001A782B780393002A00D11A0000232D2563
:1098B0002E278A4E8A4C03992800994205DDF15CD7
:1098C0003800092901D83031C8B2E05401330A2BDD
:1098D000F1D1140000269C46824980480968824DD7
:1098E00005901018059B471E834215D1002E01D00C
:1098F0007C4B1960039B9A420BD200230A27794EB6
:109900007A483568039A0134A2420DD1002B00D069
:1099100035600122764B57E063463878029E6843F3
:109920005D4309183800DDE7059B39001B5D4343A3
:10993000ED18E8F7FFFF029BE4E76A4B1C686D4BEC
:10994000E2186D4B9A4200D94FE6624B1878FAF74D
:10995000D1F96A4B1C603378002B04D1FBF71CFA59
:10996000FBF7B2FC41E62000FBF7E2FB3DE6032CEF
:1099700011D00E2C3DD0112C73D82000E8F7BCFF7D
:1099800040717171717158717109717171712A2A07
:10999000716100230293434B1B78002B03D0029884
:1099A000FAF752FB21E6404A0299137800290DD0BC
:1099B000012B01D8013313700122394B52421A8115
:1099C00001224B4B1A704E4B1A700EE6002BF3D04F
:1099D000013BF0E7324B1B89023B9CB2304B1869CC
:1099E0001C81FAF70FFBA04207D20120FAF72CFBEB
:1099F000E6E72B4B1B890233EFE7FAF711FBDFE7B2
:109A00000020FBF7BFFB264D2B7D012B01D8013336
:109A1000DCB220002C75F2F721FF224B1B78002BC3
:109A200001D1013B2B81FBF77FFCFBF7B5F9DCE5AE
:109A30001B4A0021D37A022B01D00133D9B2D17253
:109A400067E70123164A517D4B4053752D4A05D0D7
:109A50002623FF33D05CE9F791FFC6E592235B0034
:109A6000F8E7002B03D12000FBF7A4FCBDE5022B97
:109A700000D0BAE5601F0D2800D9B6E5E8F746FF2B
:109A80009E00B5FDB5FDB5FDB5FDAC00440044003C
:109A9000B500B5FDB5FDB5FDB5FDA70092270020C9
:109AA00090000020232E00208E000020952700200B
:109AB000B82B0020E82D0020010C0000601F0020C2
:109AC00080000020F02D00208A0000208600002069
:109AD0009D2B0020212E00209C2B0020872700207A
:109AE000EC2B0020F82B0020A0860100102700009E
:109AF000202E0020C088E4FF402DA4070C2E00205B
:109B00008D0000208C1F0020CC4B1E78CC4BDD7EBE
:109B10000123002E3BD00B2C00D05D403000FBF722
:109B2000F7FA0C227243C74B04009B181A791E895E
:109B300002925A7907000392DA88029B0592132B4E
:109B400008D1C14B002019780693F2F73FFE00239D
:109B5000069A13700298E9F74FFF0100002D11D00B
:109B6000059B9B1B9C4201DCA619B7B2039A059B7F
:109B70000298934099433B009340194389B2EAF716
:109B800031FAC6E6B442F1D3A41BA7B2EEE70B2C20
:109B900000D05D40AD4AAE4B127D9B5CAD4A106873
:109BA000002D06D0AC4A904200D8C018FBF7C0FA8E
:109BB000AFE6AA4A9042F9D9C01AF7E70022A84BAB
:109BC0001A70A84B1A70FAF775FA012047E60123BC
:109BD000A54A11784B40A8E5984A01211378032B38
:109BE00001D05B18D9B2117093E6944B00221C7817
:109BF000002C00D0E8E62000FAF77CF8924B1C70AD
:109C0000994B1C70FBF72AF9AAE6FBF727FD974949
:109C100097480D88974A06882B005580002E04D05F
:109C2000032373435B199B109BB20380924E9348AE
:109C300033680768DB1B924F3F78BB4200D27CE061
:109C400033680360002C73D1CE8A13890693731E88
:109C50007F2B00D99BE002940794012E0FD0741E35
:109C6000A0B27F210002E8F7EFFE83B27F200793C6
:109C7000069B21005843E8F7E7FEC3B20293814BED
:109C8000814A9D4200D184E0804B029919700323E0
:109C90001370069B5A007E4BD3180893002304933D
:109CA00003936B466A461B7B117C0593049B721ED3
:109CB0001B0AD2B2B34200D2DAB2754B54001B5B1E
:109CC0000132D2B21800B24201DA724A105B80222D
:109CD0005200541A5C4341436418240A6949A4B2EF
:109CE00000228C420CD0029A05998A4257D1654ACB
:109CF000954254D02800FAF775FAFAF755FA02009F
:109D0000654F05983C782100FAF78AFA079A039B79
:109D1000944601330393049B63449BB20493039BD7
:109D2000802BBED10134E4B20F2C00D9C4E03C70CA
:109D300001225A4B1A705A4B1A704B4B59481A78D9
:109D400000239A420DD10488574E2100153989B25B
:109D5000B14206D8290013310123A14200DB131CB4
:109D6000DBB20580002A00D0B5E0504A002B00D1BC
:109D7000A5E000201070FBF705FAFAF76DF8FAF786
:109D80000FF84B4B1B78002B00D077E470E4802653
:109D900065E71378002B00D17BE7013B78E73B4A6E
:109DA000059912788A422CD1374A1778002F28D08B
:109DB000344A954225D1069A964203D9089A1088CA
:109DC000A84205D13B4A9818421E90414042184093
:109DD000FAF708FAFAF7E8F90323DF1BFFB20200EB
:109DE0000990002F8CD02000FAF7FCF9FAF7DCF983
:109DF0000200012F84D1099BC31801335B10DAB232
:109E00007EE72000FAF7EEF9FAF7CEF9029B039904
:109E1000013B02008B4200DD72E7029B01338B4263
:109E200000DA6DE7174B9D4200D169E70430021C50
:109E3000C0B20F2800D90F22D2B261E7B82B0020A0
:109E40008C1F0020ACE80108E82D002090000020C5
:109E500003E801081C2E00207FA4BF0740771B00E9
:109E60009D2B00209C2B002095270020F42D002006
:109E7000FE2B0020102E0020081F0020E42D0020C3
:109E800088000020FFFF0000932700209427002077
:109E9000E22C0020E42C0020962B0020202E002015
:109EA0008D0000208A000020E9FF0000F02D002036
:109EB000232E00200100FFFF00233B7038E7CD4B2D
:109EC00019890B1C032900D80423043B9BB29D4233
:109ED00035D300231370C84B1B78002B01D0FFF73C
:109EE000D2FBC64A138801339BB2138080225201F1
:109EF000934201D9FFF7C7FBC14B1B78002B00D160
:109F00002BE2F4F73BFABF4B1B78012B01D100F099
:109F1000A1FC022B01D100F0CBFC002B00D134E2DC
:109F2000B84B1A78002A01D100F06EFD0020FDF731
:109F300077FC0022B24B1A70B34B1A8015E21378EB
:109F40000133DBB21370002B00D012E7C3E7002C03
:109F500000D028E1AD4AAE49D78AAE4A0B681068F6
:109F60001B1AAD480078834257D30B6813603B1C23
:109F7000802F00D980239BB2029300230493012FEA
:109F800008D9029B7F21581E80B20002E8F75CFDD1
:109F900083B20493002603966A46039B127B0299C0
:109FA00094461B0A994200D8B4E0DBB29B485900A2
:109FB000405A0133029ADBB20500934201DA984B12
:109FC0005D5A802362465B009B1A58436A43954B57
:109FD00080181D78000A944B80B20022984204D069
:109FE000FAF700F9FAF7E0F8020030002900FAF772
:109FF00017F9049A039B9446013663449BB2F6B268
:10A000000393802EC8D10135EDB20F2D00D82C005E
:10A010000122844B1C707A4B1A70FA208000EAF7F8
:10A0200013FE7A4CE588E8B2802F07D93900E801A1
:10A03000E8F780FC7F2800D97F20C0B2774B400032
:10A04000C35A794A934253D0784B1B78002B09D0DE
:10A050000F23774A1188A9424AD0013BDBB2023272
:10A06000002BF7D1E068F9F759FE00231900714A77
:10A07000714E824259410500306882425B419942EB
:10A0800002D02800EAF730FB28003560EAF7B6F97D
:10A0900000213020E9F7A6FF684B30201988E9F746
:10A0A000A1FFFBF7DBFA2588A388AB4206D2E06864
:10A0B000A580F9F733FEE388206123816388AB42F2
:10A0C00016D928006580F9F707FE4A4B19690A007E
:10A0D0000A3A824200DD02000120DA60464B187025
:10A0E000574B1A60574B1960574B1A60574B196002
:10A0F000E38AE188802B03D9554A1288012A10D8B7
:10A10000544D2C78002C31D1012322008B42624126
:10A11000130030E000239F4200D147E7029B013B40
:10A1200043E78A189A4206DA4B4A138801331380B0
:10A13000FAF70EF8CFE60022484B1A70F9F744FF01
:10A14000F9F714FE002805D00120FBF71BF8FBF7F8
:10A1500009F8C0E6404A138801331380F9F7F8FF85
:10A16000002800D1B7E6FAF735FEB4E65A1ED00F44
:10A17000CB1791424341DBB2002B02D1F9F7CAFF62
:10A18000A9E60022354B1A70F9F71EFFF9F7EEFD2C
:10A190000028D9D1324B1A78002AE4D01870012354
:10A1A00063402B70EAE7022C00D094E6FBF756FAE6
:10A1B0000122134B2B491A70049B08881D70134B06
:10A1C0001A88254B5A80002804D0032343439B1848
:10A1D0009B109AB20A80F9F7A9FEF9F7C7FD00288B
:10A1E00004D1214B1B78002B00D174E60120FAF733
:10A1F000C9FF70E6900000208D0000209A2B0020FF
:10A20000202E0020222E0020982B0020F42D00204C
:10A21000081F0020EC2D002088000020E22C0020E8
:10A22000E42C0020962B0020FFFF0000C22C002011
:10A23000C42C0020FF3EAB011C2E0020002C00206F
:10A240007C000020780000207400002070000020B6
:10A250008400002083000020102E002087000020B2
:10A2600082000020FE2B002095270020974B984A63
:10A270001888431E9BB293425FD996490CA8FBF7FE
:10A28000C7FB954B1B78002B04D1944B1889944B3A
:10A2900098425AD18F490EA8FBF7BAFB91490EABF1
:10A2A0000CAA2000FBF7B4FB012300211A002000B8
:10A2B0000093F4F709F88C4B8C4C18883E26421C0E
:10A2C0001A800323184040000019FEF7D3FABE207D
:10A2D0006288238880009B18A2889B18E2889B18BC
:10A2E0009B105843824BD988E8F7AEFB80B2F1F758
:10A2F000D3FE1C227F4B804D1A702B00133A75330E
:10A30000040022217D481E7000F0B2FC0920604349
:10A3100064212D30E8F70EFB7F231A00D11A884202
:10A3200000D3EE54013B752BF8D1EAF7A1FB0022D4
:10A33000734B1A70734B1A80DEE5F9F7CDFC724946
:10A3400002000CA8FBF764FB9BE7F9F7C5FC6E491C
:10A3500002000EA8FBF75CFBA0E76C4A13880133F0
:10A360009BB21380132B00D9CBE5694D2C782000CC
:10A370000134E4B2EAF773FB2C70062C01D8FFF726
:10A38000F8F800232B70FFF7F4F8F9F71BFD040031
:10A39000012800D87DE35F4B611E1889C001E8F7F2
:10A3A000C9FAC3B20393231C802C00D98023002454
:10A3B0009EB2701E80B2DBB27F2100020293E8F7EA
:10A3C00043FB250083B20493731E220A9A4262DA89
:10A3D000D2B2E3B2504F5100C85B511C8E4200DD37
:10A3E0000A005200B95A471EBFB2BC46384F4A1E37
:10A3F00092B2BC4554D9FF230800BA425ED90EAAD6
:10A40000AB54049B01351C19A4B2802DDCD106E0AD
:10A410008022FF210EA800F02BFC002303933F4B6A
:10A420001B78002B1ED1012502270EAC26783300A5
:10A430006678FF2E11D032000121FF2B01D03900A8
:10A440009A19A378FF2B03D09A18013192B2C9B29E
:10A4500048088018E8F7F8FA60700135EDB2013469
:10A460007F2DE4D1039B2E4A7F33FF33802002925D
:10A470009B18022240242025524240420399511841
:10A480007F2956D8002A4DD1197829431970197897
:10A49000214319704AE0029B5A1ED2B2002399E769
:10A4A000BA420BD880225200D21A42434B43D218F0
:10A4B000120A90B20A4AFF239042A0D01721F9F75E
:10A4C00047FF1F23181AC3B299E7C046F42D002096
:10A4D000FDFF00000DC2010895270020900000201C
:10A4E000FFFF000007CB0108281F0020841F002069
:10A4F0002A1F0020C908002055080020CB08002092
:10A500008D0000209A2B002072C40108982B002097
:10A51000972B0020102E0020E22C0020232E00205C
:10A52000E11A00200426911CB143B0D119780143EF
:10A53000197001320133032AA0D10EAB00219C46D1
:10A54000FF26C94AC94C6346C85C1F2800D8F8E0FA
:10A550001670013101328029F5D100260EA8335C36
:10A56000F5B21F2B12D80F2408ABE41822002900E3
:10A570000CABF9F7ADFD27780CAB1C78A74200D8DF
:10A58000F9E00134E4B21F2C00D8FDE0B64B9B5D2E
:10A590001F2B0ED80F2408ABE4180CAF22003B0091
:10A5A0002900B148F9F794FD24783B78A34200D301
:10A5B000F6E00136802ED1D1AD4B5868FBF74CFB4D
:10A5C000AC4BAD4C1B78002B32D1AC4B1B68002B35
:10A5D00000D1F2E0AA4A1568ED1AF9F7E9FB01008B
:10A5E0002800E8F7A7F982B2A6492000FBF710FA85
:10A5F000012600233200190020000096F3F764FEC4
:10A60000F9F7D6FB64210500E8F71AFA28008FB2A3
:10A610006421E8F78FF93B0082B29B492000FBF7E9
:10A62000F7F900230722190020000096F3F74CFEEB
:10A63000964E7379032B00D9C3E0954B95491D685D
:10A6400037682800E8F7FCF928000E009149E8F780
:10A6500071F9642103903800E8F7F2F938000191AC
:10A660006421E8F767F98C4D33002900039A0090C4
:10A670002000FBF7CDF901232122009324210023A0
:10A680002000F3F721FE814B1D89844B9D4200D1B0
:10A6900046E4834B1B78002B00D041E4F9F788FB9C
:10A6A0006421E8F747F901240A2680B2092800D975
:10A6B000CAE00434A400E3B2280017210493F9F798
:10A6C00047FE1F23181A183BC5B21840063B8340AB
:10A6D0000024029A0393EB08DB01D3180293E1B242
:10A6E0000B005A1E9341604A5B4294460EAF681CB1
:10A6F000DBB25A18D2B2BE5CFF2E01D086421BDDFF
:10A700006646B25CFF2A01D0824215DD01335BB29E
:10A71000022BEDD10C2D05D8049B0133A3420BDA9B
:10A72000712C09D8029B039A1B5D1A4204D10123A4
:10A730002A005C48F3F7B6FD0234802CCFD1FFF736
:10A74000EFFB1378CFB27D08984203D80023107036
:10A750006355FEE6605D0E2806D801231F4200D037
:10A76000F7E6C0186055F4E60233DBB2202B00D1C7
:10A7700033001370EDE63A000123290002980137F7
:10A78000F3F790FDFFB2F7E601226319134200D000
:10A79000F7E61300290022000298F3F783FDF0E6A4
:10A7A00001226319134205D11300290022000298E7
:10A7B000F3F778FD0134E4B2F7E6F9F703FB0200A2
:10A7C00012E7F9F723FB2100FBF730FA012300938E
:10A7D0000023212219002000F3F776FD274B1B6888
:10A7E000002B23D0264A64211568ED1A2800E8F7CB
:10A7F00027F928000E006421E8F79CF833000200D6
:10A80000214901252000FBF703F9002321223021F3
:10A8100020000095F3F758FDF9F70AFB2100FBF73C
:10A8200005FA002321225D21009529E7366864217D
:10A830003000E8F705F930000D006421E8F77AF8F8
:10A840002B0002001849DCE731000134E4B2E8F7DC
:10A8500071F82BE708237F2200930221002313487D
:10A86000F3F7B4FBFFF75CFB422C0020022C002026
:10A87000102E0020222E0020CC2B0020400800208B
:10A88000C804002017CB010824CB01089000002049
:10A890000C2E0020A08601001BCB0108FFFF00004A
:10A8A00095270020E11A002023CB0108EC2B002083
:10A8B000844B1868FBF7D0F9834C792210212000D3
:10A8C00000F0D6F900233022E25405337D2BFBD172
:10A8D00000237022E2540A33822BFBD17B4B792177
:10A8E0001D8807272800F9F733FD00237849794EA2
:10A8F000834271DB2800F9F7EFF900220400764962
:10A900004342885C834271DA01320A2AF9D1012676
:10A91000724D73492800FBF77BF8002319220421AC
:10A9200028000096F3F7D0FC22006E492800FBF7C0
:10A930006FF8002319221C2128000096F3F7C4FCAD
:10A94000694B1B78002B08D1684B79211889F9F7DE
:10A95000FFFC674BC018FF2303710124654F664B52
:10A960001B789C4244D00C2262435C4D634B64498B
:10A970009A582800FBF74CF81E23E2B253435E4E70
:10A98000183BDBB20293337802991B1B5A1E93418A
:10A990002800222200930023F3F796FC594AE30093
:10A9A000D358E0B20393FAF7B3FB039B56491A5608
:10A9B0002800FBF72DF8337828001B1B5A1E934103
:10A9C00002990093292200230134F3F77DFC1E37FE
:10A9D000042CC4D1FFF7A4FA0A005A43B24202D9A8
:10A9E00022783A4322700133013481E7D2B28EE7F4
:10A9F0001E22FF21380000F03BF938001E22FF2103
:10AA0000803000F035F9AEE70726404B1B78029303
:10AA10000F23029910000F31891A194096429B4169
:10AA200001240C25C9015B423040053304913849AB
:10AA30008440DB015B1800219000284003903548DA
:10AA4000E4B20590049D059F6D186D087D5DC8B248
:10AA50002F09BC460127394202D00E372F40BC4691
:10AA60002D4D1F78069503252840039D2843069DFC
:10AA70002D5C3800A043654501D2380020430131E8
:10AA8000187001338029DDD10132102AC0D1FFF7BF
:10AA90004DFA002800D1BBE4204B214A1888FF2141
:10AAA000431E9BB2934205D8E839F9F751FC1F21A8
:10AAB000091AC9B28022ADE40E2C01D0FEF7DFFEE8
:10AAC000FEF793FD1C2E0020E41B0020FE2B00202F
:10AAD000CDCCCCCC3333333314E80108CC2B00205D
:10AAE0002DCB010833CB01089527002090000020D2
:10AAF000E01B0020E51C0020B82B0020ACE801087A
:10AB000068C4010820E801083ACB0108962B002010
:10AB1000E11A00209627002040E80108E22C0020DE
:10AB2000FDFF0000F7B500254B680A6800935F1E23
:10AB30001300EB4008D1012F05D84368C96893433F
:10AB40004A4313434360F7BD01241300AC40234044
:10AB500022422BD01A0003265A435643B446F643EA
:10AB6000019666460468B443009E5643344304602D
:10AB7000012F06D88C6887685443019E37403C43B8
:10AB800084600C69C7685443019E37403C43C460ED
:10AB9000009C022C0AD14C69FF2B09D80F26524386
:10ABA00056436243036AB3431A4302620135BBE76B
:10ABB0000F261B0A5B435B435E435C43426AB2431E
:10ABC00022434262F2E700000D488546E8F7CEFED8
:10ABD0000C480D490D4A002302E0D458C4500433F8
:10ABE000C4188C42F9D30A4A0A4C002301E01360CE
:10ABF0000432A242FBD300F017F8EEF79DF8FEE70F
:10AC00000040002000000020F8000020F0EA0108C9
:10AC100060020020A0320020FEE70000014B18680F
:10AC20007047C046A800002070B500260C4C0D4DA2
:10AC3000641BA410A64209D1002601F09BF90A4C1E
:10AC40000A4D641BA410A64205D170BDB300EB5899
:10AC500098470136EEE7B300EB5898470136F2E724
:10AC6000E8EA0108E8EA0108ECEA0108E8EA010874
:10AC700003008218934200D1704719700133F9E73D
:10AC8000002070477047704770B50F4E0D00316857
:10AC90000400002902D1EBF717F8306029002000EA
:10ACA000EBF712F8431C03D101256D42280070BD5B
:10ACB0000323C51C9D43A842F8D0291A2000EBF7B6
:10ACC00003F80130F2D1EFE798320020F7B5032204
:10ACD000CB1C9343083305001F000C2B34D20C27E8
:10ACE000B94233D8280000F071F8374E33681C00A1
:10ACF000002C2FD139002800FFF7C6FF0400431CA9
:10AD00005FD134680094009B002B4AD1002C52D0B4
:10AD100023682800E31800990193EAF7D5FF019B07
:10AD2000834248D123682800FF1A3900FFF7ACFF9F
:10AD3000013040D02368DB19236033685A68002A49
:10AD400033D1009B336019E0002BC9DA0C232B6050
:10AD50000020FEBD2168C91B20D40B290AD9E219A5
:10AD60002760A34204D1326063681160536005E03C
:10AD70005A60F9E76268A3420ED13260280000F001
:10AD80002DF8200007220B30231D9043C21A984251
:10AD9000DFD01B1AA350DCE75A60EFE7230064689A
:10ADA000A6E7009C63680093ADE71A005B68A342C6
:10ADB000FBD10023DAE70C2328002B6000F00EF80B
:10ADC000C6E70760DAE7C0469C32002010B50248AB
:10ADD000FFF758FF10BDC0469432002010B502485E
:10ADE000FFF751FF10BDC0469432002070B505003A
:10ADF0000C1E10D0043C2368002B00DAE418280055
:10AE0000FFF7E4FF1D4A1368002B05D1636014604F
:10AE10002800FFF7E3FF70BDA34208D9206821187E
:10AE20008B42F3D119685B6809182160EEE71A00BC
:10AE30005B68002B01D0A342F9D911685018A042D9
:10AE40000BD120680918501811608342E0D11868AE
:10AE50005B68411811605360DAE7A04202D90C2305
:10AE60002B60D5E7206821188B4203D119685B68F5
:10AE70000918216063605460CAE7C0469C32002014
:10AE800010B5884202D98B18984208D300239A4201
:10AE900007D0CC5CC4540133F9E78B5C8354013A8E
:10AEA000FBD210BD020010B5137814000132002B44
:10AEB000FAD1CA5CE2540133002AFAD110BD030072
:10AEC0000A7801311A700133002AF9D17047002342
:10AED00010B59A4200D110BDCC5CC4540133F8E7E0
:10AEE000030030B51D00002A06D00C78013A01336A
:10AEF0002C700131002CF5D100219A18934200D119
:10AF000030BD19700133F9E70CB430B5184B0C00A3
:10AF10001D689DB0002908DA8B2301202B60404278
:10AF20001DB030BC08BC02B0184782236A469B00A3
:10AF30009382002302901B930690994200D04B1EEF
:10AF40000493079301236A465B42D382280021AB16
:10AF5000209A02A9019300F0A5F8431C01DA8B2383
:10AF60002B60002CDCD00022029B1A70D8E7C04670
:10AF7000A80000200EB470B581239DB06A4600255C
:10AF800021AC9B0040CC93821B9502900690E7F782
:10AF9000A1FC0B4B6A460B930123039007900948D1
:10AFA0005B42D38202A92300320000680F951495FA
:10AFB000019400F0D1F91DB070BC08BC03B0184773
:10AFC00081AC0108A800002030B500240139A2425C
:10AFD00001D1002005E0035D01340D5DAB42F6D0E8
:10AFE000581B30BDF0B58E6885B01F000C000B6893
:10AFF00002900392BE4230D80C21625E9021C900BB
:10B000000A4228D0032021695B1A019363694343F4
:10B010000198DD0FED187B1C1B186D10AB4200D999
:10B020001D00520528D529000298FFF74FFE061E85
:10B030002CD0019A2169FFF74AFFA289184B1A40C8
:10B0400080231343A381019B2661F61826603E00EE
:10B050006561ED1AA560BE4200D93E003200039939
:10B060002068FFF70DFF0020A3689B1BA3602368E7
:10B070009B19236005B0F0BD2A00029800F02EFE57
:10B08000061EE0D121690298FFF7B0FE0C230120D3
:10B09000029A40421360A28934331343A381E9E743
:10B0A0007FFBFFFFF0B5A1B003901D008B890F005F
:10B0B00016001B0611D50B69002B0ED14021FFF79E
:10B0C00005FE38603861002805D10C23039A13600F
:10B0D00001204042CFE040237B61002308AC636144
:10B0E000203363761033A376079535002B78002B39
:10B0F00001D0252B48D1AB1B0593B5420BD03200B4
:10B1000039000398FFF76EFF013000D1AEE06369AC
:10B11000059A9B1863612B78002B00D1A6E00122D1
:10B1200000235242626004A9543252186E1C2360FC
:10B13000E360A3601370A365544B052218003178B7
:10B14000059300F049FD751C00281FD12268D30625
:10B1500004D5532304A95B1820211970130704D5C3
:10B16000532304A95B182B21197033782A2B16D08E
:10B17000350000210A20E3682A786E1C303A092A3B
:10B1800050D9002911D117E00135AFE7059B22689E
:10B19000C01A0123834013432E002360CCE7079B92
:10B1A000191D1B680791002B01DB0B9304E05B4228
:10B1B000E3600223134323602B782E2B0CD16B7892
:10B1C0002A2B34D1079B02351A1D1B680792002BCE
:10B1D00001DA01235B4209932D4E032230002978C6
:10B1E00000F0FAFC002806D04023801B8340226830
:10B1F0000135134323602978062226486E1C2176E8
:10B2000000F0EAFC002838D0234B002B22D1072283
:10B21000079B07339343083307936369049A9B188A
:10B22000636162E74343350001219B18A4E70023D3
:10B230000A201900013563602A786E1C303A092A09
:10B2400003D9002BC8D00991C6E74143350001233B
:10B250008918F1E707AA009221003A000F4B0398E2
:10B2600000E000BF0490049B0133D6D1BB890D9848
:10B270005B0600D52CE721B0F0BD07AA00922100A3
:10B280003A00064B039800F03BFAEBE76ECB01085F
:10B2900074CB010878CB010800000000E5AF01087D
:10B2A00070B514004B1C03D101256D42280070BD00
:10B2B000938920229343626BA381CEB26368CDB29F
:10B2C000002A10D0A26B9A4207DD2368013B23605D
:10B2D0001E70636801336360E8E7210000F0C0FC82
:10B2E0000028F2D0E0E721692268002907D09142C6
:10B2F00005D2511E0878A84201D12160EAE72364F3
:10B300002300443363630323A36323004633E263D0
:10B310001E7023600123DEE710B50C00496B002985
:10B320000ED023004433994201D0FFF75FFD002087
:10B33000236C60636360834202D0E36B236010BDC3
:10B340002369012023600023A28963602033134313
:10B35000A3814042F3E70000F0B5AB4CA5440C00DC
:10B3600000210090BE204691479103A94891A7492A
:10B37000400043AD2950A649043043AD2950029303
:10B380001678002E00D13CE108230820A14D571C5F
:10B39000A95D0B4001421DD006006368002B0FDD44
:10B3A00023681A78AA5C324201D13A00E8E7479A4A
:10B3B00001330132479262682360013A6260ECE730
:10B3C000C02243AB520021009B58009898470028A8
:10B3D000E6D0EAE7252E62D14593439353782A2B92
:10B3E00002D11A3B4393971C3D000A2229786F1C17
:10B3F0000B00303B092B1FD9874B03221800019308
:10B4000000F0EAFB002807D0019B3D00C01A012391
:10B410008340439A134343932B786F1C782B06D8B1
:10B42000572B10D8252B3AD034D8002B55D00323D6
:10B4300049930733449369E0459B3D005343303BB8
:10B440005B184593D2E7180058382028EFD8E7F763
:10B450005DFA4B00EEFFEEFF7D00EEFFEEFFEEFF2C
:10B46000EEFFEEFFEEFFEEFF88007B0024002400DD
:10B470002400EEFF5500EEFFEEFFEEFFEEFF900022
:10B4800059004700EEFFEEFF8E00EEFF7B00EEFF5F
:10B49000EEFF4B00453B022BC9D8052335E063681E
:10B4A000002B0DDD23681A78B24200D0A9E00133E9
:10B4B00062682360479B013A01336260479374E7F7
:10B4C000C02343AA5B002100D35800989847002866
:10B4D000E8D04698002800D08BE0012040428CE064
:10B4E000202243990A4343928022439992000A43BF
:10B4F0004392102244926E2B02D905E0002344931C
:10B50000032302E008234493042349936368002B38
:10B510003EDD439B5B0608D4C026082576002368E1
:10B520003C491A788A5C2A423CD1499B022B4CDC6C
:10B530002200009802AB43A900F0EEF9012860D088
:10B54000022800D031E7C4E70A22D3E7390003A874
:10B5500000F04DFB4023439A07001343439301231C
:10B56000D3E74023439A134343930023CDE70223B9
:10B57000CBE7439AD30600D517E7029B4799181DDE
:10B5800002901B68D50701D519800EE719600CE7FA
:10B59000C02343AA5B002100D35800989847002895
:10B5A000B7D096E7479A013247926268013A6260E3
:10B5B000002A02DD01332360B1E743AB21009B5930
:10B5C000009898470028AAD083E7042B06DC2200C5
:10B5D000009802AB43A900F0FFF9AFE70F4B002B37
:10B5E00000D1E2E62200009802AB43A900E000BFD0
:10B5F000A4E7A3895B0600D56FE7A5239B009D44C4
:10B60000F0BD4698F9E7C0466CFDFFFFA1B2010806
:10B6100019B30108E5E9010874CB01080000000036
:10B62000F7B5160001938A680B690C0000909342ED
:10B6300000DA13002200336043321278002A01D06E
:10B640000133336023689B0602D5336802333360CD
:10B650002268062315001D401A4227D023004333D9
:10B660001B785A1E93412268920630D42200019919
:10B670000098089D4332A847013025D00622236850
:10B6800000251340042B05D13368E568ED1AEB4320
:10B69000DB171D40A3682269934201DD9B1AED1858
:10B6A0000026B54220D1002010E00135E368326861
:10B6B0009B1AAB42D2DD2200012301990098089F1A
:10B6C0001932B8470130F0D101204042FEBD302090
:10B6D000E1184331087021005A1C45310978A2183D
:10B6E000433202331170C1E722000123019900980F
:10B6F000089F1A32B8470130E6D00136D1E7000082
:10B70000F0B58BB006920A0043320793059003927E
:10B710000A7E0C00109B782A09D8622A0BD8002ACE
:10B7200000D1BAE07A490491582A00D18EE0250070
:10B7300042352A7022E0100063381528F7D8E7F761
:10B74000E5F816001F00F6FFF6FFF6FFF6FF1F00F4
:10B75000F6FFF6FFF6FFF6FF9F0036007E00F6FFCD
:10B76000F6FFB000F6FF3600F6FFF6FF8200250078
:10B770001A684235111D196013682B7001239EE071
:10B7800018680968021D0D060BD506681A60002EA0
:10B7900003DA2D23039A764213705D4B0A27049334
:10B7A00018E006681A604906F1D536B2EFE7086876
:10B7B000196840C9050602D4400600D5B6B2196022
:10B7C000534B0A2704936F2A00D1023F2300002223
:10B7D00043331A706368A360002B06DB04212268E0
:10B7E000039D8A43226033430CD0039D300039000F
:10B7F000E7F726F9049B013D5B5C2B7033000600E4
:10B800009F42F3D9082F09D12368DB0706D5626868
:10B8100023699A4202DC3023013D2B70039B5B1BA2
:10B820002361079B210000930598069B09AAFFF757
:10B83000F7FE013048D1012040420BB0F0BD20227C
:10B8400009680A4322607822324904912100453177
:10B850000A701968226840C9100602D4500600D543
:10B86000B6B21960D30702D5202313432360002EFC
:10B8700001D01027AAE72022236893432360F8E72A
:10B880001A680D68101D4969186013682E0601D5E5
:10B89000196002E06D06FBD519800023039D23612A
:10B8A000BFE71A68111D1960156800212800626839
:10B8B00000F092F9002801D0401B606063682361AA
:10B8C0000023039A1370ACE72A00236906990598B0
:10B8D000079DA8470130AED023689B0715D4099B6C
:10B8E000E0689842A9DA1800A7E722000123069928
:10B8F0000598079E1932B04701309CD00135E368A6
:10B90000099A9B1AAB42F0DCE9E70025F7E7C0464D
:10B910007FCB010890CB0108F7B515008A680C00B1
:10B920000190002A04D18A69002A17D10132A2604D
:10B930002268D20603D41A68111D19601768002600
:10B94000A069002816D001280BD12B6862691B78EA
:10B95000D35C002B0ED1002E3BD029E001225242B5
:10B96000E5E7022824D12B681A4A1B78D35C082209
:10B9700013421DD1102223680136134203D12B68D4
:10B980001B783B7001372A686B6801322A60A26815
:10B99000013B013A6B60A260002A09D0002BCFDC8A
:10B9A000C0235B002900E358019898470028C7D0BE
:10B9B00022681023110019401A4206D1E3680133AE
:10B9C000E360A369002B00D03970002023699B1924
:10B9D0002361FEBDE5E90108F0B58BB00193784B1A
:10B9E0001600049007AAA1CBA1C2764A8B690C006D
:10B9F0000592032B01D1744B0593AE220020A3685E
:10BA00005200591E0390914205D95E3BFF3B0393C0
:10BA10005E23FF33A36023001C330093D023002751
:10BA200022681B0113432360009B0293336807A81D
:10BA30001978BB000222185800F0CEF8002829D04F
:10BA4000012F5ED16368002B06D108332268636042
:10BA5000F933FF331343236023685C4A13402360A8
:10BA6000A3685A1EA260002B14D033685A1C32609F
:10BA70001B78029A13707368551C013B7360002B8E
:10BA800007DCC0235B003100E35804989847002886
:10BA90007ED102950137032FC8D16368002B01D1F5
:10BAA0000A3363600027636849496069C91A00F076
:10BAB0009EF8029DA36820680293002B3FD0316856
:10BAC00063690A789B5C002B39D0302A28D1802307
:10BAD0001B01184224D0039B0137002B05D01A000C
:10BAE000029B013A01330392A3607368013B7360C8
:10BAF000002B1CDD336801333360A368013BA36076
:10BB0000D8E7022FACD1C02380212268DB0013408C
:10BB100089008B42C1D110236360F03313439EE749
:10BB20002C4B034023600B782B700135DDE7C023DD
:10BB30005B003100E358049898470028DDD0236863
:10BB4000DB050ED5009B9D4207D9BE23013D5B005E
:10BB500032002978E35804989847009B01209D42C1
:10BB600029D0216810230A001A4019421CD12A70DA
:10BB7000636800990498059EB047019B22681B6882
:10BB8000910607D501991A1D0A601B68186008E024
:10BB90000027D4E7191DD6070FD5019A11601B683D
:10BBA0001880E3680133E3600020009BED1A2369ED
:10BBB000ED195B1923610BB0F0BD019A1160E4E748
:10BBC000ACC001085DBF010851BE0108FFFAFFFFCC
:10BBD000B1CB0108FFF6FFFFC9B28218904201D134
:10BBE0000020704703788B42FBD00130F6E770B538
:10BBF0000B7804005E2B19D04D1C00212200601C24
:10BC0000FF30117001328242FBD1681E002B26D01A
:10BC100001264E402800E6540178451C2D2909D004
:10BC20005D291BD000291AD00B00F3E74B788D1C3F
:10BC30000121E3E742785D2AF6D09342F4DC190053
:10BC40000230013166548A42FBDC591C934202DB0C
:10BC500000228B18E0E7D21A013AFAE7280070BDFB
:10BC60000B00F7B54D6B44330C009D421CD1802670
:10BC7000F6003100FFF72AF8002802D101204042E7
:10BC8000FEBD23006063A66346331A78104BC2548E
:10BC9000230045331A780F4BC2542A780E4BC254F6
:10BCA000C01820600020EBE78E6B290073001A009B
:10BCB000019300F013F8051EE0D08719010032004F
:10BCC0003800FFF704F9019B27606563A363E9E788
:10BCD000FF030000FE030000FD030000F7B50600AF
:10BCE0000C001500002905D11100FEF7EFFF04003C
:10BCF0002000FEBD002A03D1FFF778F82C00F7E7FB
:10BD000000F030F90700854202D84308AB42EFD378
:10BD100029003000FEF7DAFF0190002801D1019CD4
:10BD2000E6E72A00BD4200D93A0021000198FFF75A
:10BD3000CEF821003000FFF759F8F0E7F0B585B0F4
:10BD400017001E0003900191242B23D80C00012B17
:10BD500020D03D4B08229C46230061461D780134CB
:10BD6000485D010011401042F6D12D2D19D12578E2
:10BD70009C1C012300931022330093431DD1302DCE
:10BD800015D1202123788B43582B10D165780234AC
:10BD9000102612E0FEF742FF16230360002005B0D4
:10BDA000F0BD00912B2DE6D125789C1CE3E7002EF9
:10BDB000EED10A36302D00D1023E244A009B944633
:10BDC0006344310018000293E6F73AFE00228446ED
:10BDD00010002B00303B092B11D81D00AE421DDD99
:10BDE000531C09D001225242844505D301D1A942F6
:10BDF00011DB01227043281825780134E9E72B0074
:10BE0000413B192B01D8373DE8E72B00613B192B4B
:10BE100004D8573DE2E701225242EDE7531C08D116
:10BE20002223039A02981360002FB8D0631E019357
:10BE300007E0009B002B00D04042002FAFD0002A2B
:10BE4000F4D1019B3B60AAE7E5E90108FFFFFF7F12
:10BE500010B5FFF773FF10BDF0B51E003E4B170085
:10BE60000C009C46082285B0039000912300614697
:10BE70001D780134485D010011401042F6D12D2D8E
:10BE800012D125789C1C0123029310223300934386
:10BE900016D1302D0ED1202123788B43582B09D178
:10BEA0006578023410260BE002912B2DEDD1257818
:10BEB0009C1CEAE7002EF5D10A36302D00D1023E57
:10BEC000012031004042E6F735FD019001203100AC
:10BED0004042E6F7B5FD00230122180094462A00EF
:10BEE000303A092A12D81500AE421EDD5A1C0AD07B
:10BEF0000123019A5B42824205D301D1A94211DBA1
:10BF000063467043281825780134E8E72A00413A4F
:10BF1000192A01D8373DE7E72A00613A192A04D8DF
:10BF2000573DE1E701235B42EDE75A1C07D122228E
:10BF3000039918000A60002F09D105B0F0BD029ADC
:10BF4000002A00D04042002FF7D0002B01D0631E02
:10BF50000093009B3B60F0E7E5E9010810B5FFF7AF
:10BF60007BFF10BD0B1F1B68181F002B01DA0B583D
:10BF7000C0187047F8B5C046F8BC08BC9E4670476C
:0CBF8000F8B5C046F8BC08BC9E467047EF
:10BF8C00AD033805B902B904B9023805B902C505C3
:10BF9C000203B904020338050203C5055403B904AE
:10BFAC00540338055403C505B90261060203610642
:10BFBC0054036106AD036106AD03B904AD03C505B9
:10BFCC0080020020000100007C020020003E224183
:10BFDC004141414141414141414141417F003C424C
:10BFEC004242240081C3010875C20108BCC8010883
:10BFFC00D3C101084C31004C32004C33004C34009E
:10C00C004C35004D00004800004C4F5731004C4F50
:10C01C005732004C4F5733004C4F5734004C4F574E
:10C02C0035004D4944000048494748007AC2010890
:10C03C0020CA0108B9C80108F6C70108B0C8010830
:10C04C00B4C80108D31F0020D41F0020D51F002026
:10C05C00D61F0020AF2000205800C3377200653077
:10C06C007000C3005D00000D590068805900680025
:10C07C005A0055555B0055555C0030AA5800C33723
:10C08C00720065307000E0005D00001A5900688095
:10C09C00590068005A0055555B00AA555C0030AA3F
:10C0AC00B3CB0108BCC30108B6CB0108EFFFF7FF07
:10C0BC00CBFFFBFFFF0352454C4541534500414C20
:10C0CC004C204B45595300564F4C54414745005753
:10C0DC00454C434F4D45004D414255484159210077
:10C0EC0025732045646974696F6E006F6B676250CD
:10C0FC00473A2C41372517E4CBB59F002E2D2E2E19
:10C10C00002E2D2D2D2D002E2E2D2D2D002E2E2ED4
:10C11C002D2D002E2E2E2E2E002D2E2E2E2E002DC1
:10C12C002D2D2E2E002E2D2E2D2E2D002D2D2E2E86
:10C13C002D2D002E2E2D2D2E2E002E2D2D2D2D2E77
:10C14C00002D2E2D2E2D2D002D2E2D2D2E002D2E95
:10C15C002D2D2E2D002E2D2E2E2E002D2D2D2E2E56
:10C16C002E002D2E2D2E2D2E002D2E2E2E2D002D73
:10C17C002E2E2E2E2D002E2E2D2D2E2D002E2D2E34
:10C18C002E2D2E002E2E2E2D2E2E2D002E2D2D2E24
:10C19C002D2E005D5D002533752E25303575004341
:10C1AC00482D25303475004E554C4C0076372E36C4
:10C1BC002E313043003132333435003534333231A3
:10C1CC000043544353530044435300442530336FCE
:10C1DC00256300554E4C4F434B204B4559424F4124
:10C1EC00524400536176653F005363616E20466193
:10C1FC00696C656400467265713A2D2D2D2E2D2DBE
:10C20C002D2D2D00546F6E653A2D2D2D00546F6E13
:10C21C00653A4E6F6E6500536176653A00467265FD
:10C22C00713A25752E253035750043544353533AD6
:10C23C0025752E2575487A004443533A44253033EE
:10C24C006F4E002533640025203464202573005381
:10C25C002564002B25303264004625752B004625BD
:10C26C0075004558004F46460054544E0043570045
:10C27C004245414D205458004245414D20525800F2
:10C28C00503100503200556E6B6E6F776E00545308
:10C29C0051004C4F57204241545445525900507252
:10C2AC0065737320455849540053636E526E670092
:10C2BC003E257300555342003E3E00252E3473003C
:10C2CC00252E2A732E252E337300253033752E25FB
:10C2DC003035750025752E25750025642E253032D8
:10C2EC00754B0025644B004D4F4E490053514C2566
:10C2FC00640025302A752F25750044544D462025A1
:10C30C0073004368617267652025752E2530327580
:10C31C00562025752525002121212025732021213A
:10C32C0021004D44433A20257300556E69743A2020
:10C33C00307825303458005072657373206B6579F2
:10C34C0020746F206469736D697373004172673A6E
:10C35C002030782530325800436C6F736520696E3D
:10C36C00202575207365630056464F2025730022E7
:10C37C002214140808003C26252525263C003E1CCA
:10C38C0008003E3E1C1C08080041424300616263E9
:10C39C0000313A25750025752A3130306D73005700
:10C3AC00494B490050524F46494C45003030302FD4
:10C3BC00303000535552453F005741495421002518
:10C3CC003032752F2575002B25752E25756442008E
:10C3DC0025642E253032756B487A00555345520032
:10C3EC0025730A25735700442530336F49002533D4
:10C3FC00642E2530357500252E33732E252E337380
:10C40C002020004D487A0053544F50004341525263
:10C41C004945520A25303264733A253033646D73C2
:10C42C000054494D454F55540A253032646D3A2518
:10C43C003032647300253032752028252E33732951
:10C44C0000252E38730A252E38730025642A3130C6
:10C45C006D73004E375349580025730A2573002518
:10C46C0033732025642025640025643A25643A251D
:10C47C006400257320253264202530346400253077
:10C48C0032643A253032643A2530326400425549E0
:10C49C004C44004D454D4F525900464C4153482099
:10C4AC0025752E25752525005352414D20202575C7
:10C4BC002E2575252500524541440A4D414E5541C6
:10C4CC004C0025752E25303275560A2575002564CD
:10C4DC00683A253032646D00496E736964650A46AA
:10C4EC00204C6F636B0A506C616E00464D0025301A
:10C4FC002A752F253032750025302A752F2D2D00E9
:10C50C0030785F5F5F5F00253032753A25303275C9
:10C51C000025752E253032750026494949493200CF
:10C52C002425262122273A3B3F5E607C7B7D5F00E1
:10C53C005365617263682046726571005365617260
:10C54C00636820546F6E65005363616E20436F6D9A
:10C55C00706C657465004A616E00466562004D61E1
:10C56C007200417072004D6179004A756E004A7517
:10C57C006C0041756700536570004F6374004E6F1B
:10C58C007600446563004B45595F4D454E55004B55
:10C59C0045595F5550004B45595F444F574E004B22
:10C5AC0045595F45584954004B45595F53544152C6
:10C5BC00004E4152524F574552004E4F524D414C36
:10C5CC0000464153540054494E5900434C41535377
:10C5DC004943004B4559530A414354494F4E53006C
:10C5EC004B4559530A505454004B4559530A414337
:10C5FC0054494F4E530A50545400534F554E440017
:10C60C0056495355414C004F4E4550555348004CDC
:10C61C004546540A52494748540A55562D4B310049
:10C62C0055500A444F574E0A55562D4B352838292C
:10C63C000044454641554C542B0A3133372D313784
:10C64C00340A3430302D34373000464343204841CF
:10C65C004D0A3134342D3134380A3432302D3435DE
:10C66C00300043412048414D0A3134342D313438A7
:10C67C000A3433302D3435300043452048414D0ABF
:10C68C003134342D3134360A3433302D34343000D7
:10C69C0047422048414D0A3134342D3134380A3464
:10C6AC0033302D343430003133372D3137340A34B4
:10C6BC0030302D343330003133372D3137340A34A8
:10C6CC0030302D34333800504D522034343600473E
:10C6DC004D52530A4652530A4D5552530044495336
:10C6EC0041424C450A414C4C00554E4C4F434B0A71
:10C6FC00414C4C0056464F00313630306D4168206D
:10C70C004B3500323230306D4168204B35003335BB
:10C71C0030306D4168204B3500313430306D41681C
:10C72C00204B3100323530306D4168204B31005296
:10C73C004F474552004D4443004D44432D31323058
:10C74C0030004C4F474F004E4F4E45005045524322
:10C75C00454E5400555020434F444500444F574ECE
:10C76C0020434F44450055502B444F574E0A434FDE
:10C77C0044450041504F4C4C4F0A5155494E444191
:10C78C0052004348414E4E454C0A4E554D4245527F
:10C79C00004E414D45004E414D450A2B0A4652452F
:10C7AC0051004D41494E0A4F4E4C59004455414C95
:10C7BC002052580A524553504F4E440043524F5347
:10C7CC00530A42414E44004D41494E2054580A44AC
:10C7DC0055414C205258004C4F474F2B004D415463
:10C7EC005249580054582F52580057494445003C60
:10C7FC002032306D003132356D003235306D003500
:10C80C0030306D004C4F572031004C4F57203200C8
:10C81C004C4F572033004C4F572034004C4F57206F
:10C82C0035004D49440053454E5400574149544935
:10C83C004E47005245434549564544004D454D2011
:10C84C0046554C4C004552524F520053454E4449AC
:10C85C004E47005374617475730041636B6E6F7750
:10C86C006C6564676500526571756573740052651B
:10C87C0073657276656400436F6D6D616E6400451F
:10C88C006D657267656E637900456D657267656E7F
:10C89C0063792B4F7000456D657267656E63792BFC
:10C8AC0041636B004E4152004E41522B004E2B0007
:10C8BC00444352004255535900424154204C4F5767
:10C8CC000054582044495341424C450054494D456D
:10C8DC004F555400414C41524D00564F4C5420483A
:10C8EC0049474800464C415400434C45414E004298
:10C8FC004F4F5354004D4158005348415250005330
:10C90C00544F434B004F50454E002030002E2C2DE1
:10C91C002829402F5C2B3D2A233C3E5B5D7E310059
:10C92C006162633200646566330067686934006A6B
:10C93C006B6C35006D6E6F360070717273370074EE
:10C94C00757638007778797A3900464C4153480A25
:10C95C004C4947485400504F574552004D4F4E4993
:10C96C00544F5200564F5800464D20524144494FA7
:10C97C000031373530487A004C4F434B0A4B455900
:10C98C005041440056464F20410A56464F20420023
:10C99C0056464F0A4D454D005258204D4F444500C8
:10C9AC004D41494E204F4E4C5900574944450A4E73
:10C9BC004152524F570052585458204C4F47004D3B
:10C9CC005554450052784100504F5745520A48493A
:10C9DC0047480052454D4F56450A4F46465345541D
:10C9EC00004245414D004E4F204C4F47005459508A
:10C9FC0045204D4553534147450050524553532014
:10CA0C0050545400534156453F0044454C3F004D53
:10CA1C002D5343414E00256425732D25644D004D47
:10CA2C005228434825303275290056464F28434832
:10CA3C00253032752900412D5343414E2825752947
:10CA4C000043482D25303275002533642E256400B3
:10CA5C00252E33732E252E31730025337300253488
:10CA6C00736B004D4F4E00257557504D202573208C
:10CA7C004325750041495220434F5059285244597F
:10CA8C00290041495220434F5059004149522043FB
:10CA9C004F505928434D502900252E33732E252EE7
:10CAAC003373004D454D2025303375202D20253016
:10CABC0033750053657474696E6773005243563A4C
:10CACC00253032752E25303275252520453A2564C2
:10CADC0000534E443A253032752E253032752525BB
:10CAEC000052583A00434C454152204C4F4700539A
:10CAFC00392B2530327500532575004D2025732FA9
:10CB0C00257300413A25732025630025757800258F
:10CB1C00752E25303575207F25752E253032756B99
:10CB2C0000533A2025750025642064426D0025646D
:10CB3C00644200FFFFFFFFFFFFFFFF005745414B23
:10CB4C00004E4F524D00535452470031322E350097
:10CB5C00362E3235004C4E4173004C4E410050473E
:10CB6C004100232D302B2000686C4C006566674516
:10CB7C004647003031323334353637383941424349
:10CB8C0044454600303132333435363738396162FA
:10CB9C006364656600412D46612D6638393031324B
:10CBAC0033343536375D002B2D007858002E2C3F52
:10CBBC003100414243320044454633004748493432
:10CBCC00004A4B4C35004D4E4F36005051525337A6
:10CBDC0054555638005758595A390404040404045F
:10CBEC00050405050A0F14191E23282D3207080900
:10CBFC000A0B0C0D000102060E03040F1005111296
:10CC0C001314151617414243442A230040771B0086
:10CC1C0080CBA40080CBA400A00BD100A00BD10032
:10CC2C00C0800901C0800901C00E1602C00E160298
:10CC3C00005A6202005A6202C029CD02C029CD02FC
:10CC4C0080A4BF07410000005EC101084200000043
:10CC5C0069C10108430000009AC1010844000000AA
:10CC6C002DC10108450000004BC101084600000021
:10CC7C008BC101084700000049C1010848000000B1
:10CC8C0026C10108490000002EC101084A0000001D
:10CC9C0014C101084B0000005DC101084C000000EC
:10CCAC0008C101084D0000000DC201084E00000033
:10CCBC004AC101084F0000000CC2010850000000DE
:10CCCC0055C10108510000005CC101085200000070
:10CCDC009BC10108530000006AC101085400000008
:10CCEC00B4CB01085500000094C1010856000000A7
:10CCFC0076C101085700000050C10108580000001F
:10CD0C0093C10108590000004FC101085A000000EE
:10CD1C002CC10108300000000AC2010831000000DB
:10CD2C000DC101083200000013C1010833000000DE
:10CD3C0019C10108340000007CC101083500000055
:10CD4C001FC101083600000025C101083700000092
:10CD5C0068C10108380000002BC10108390000002F
:10CD6C0047C101082E00000031C101082C00000051
:10CD7C0038C101083F0000003FC101082700000036
:10CD8C0046C10108210000004DC101082F00000020
:10CD9C008AC101082800000054C1010829000000C4
:10CDAC005AC101082600000061C101083A000000C8
:10CDBC0067C101083B0000006EC101083D00000086
:10CDCC0075C101082B0000006FC101082D00000087
:10CDDC007BC101085F00000082C101082200000035
:10CDEC0089C101082400000090C101084000000026
:10CDFC0098C10108FA00F4017102E803E204C409C5
:10CE0C004103010005000A001900320064007D0096
:10CE1C008403DC05D007B80B88131027D430204EC0
:10CE2C00A86150C3B1AA0008552E0108A536010807
:10CE3C005D630108757A01082D85010835C000086D
:10CE4C005DC000084DC000080000000055C000087F
:10CE5C0075C0000887C000088FC000081F111F157F
:10CE6C001F151D151717151D1F041F1B151B0E1144
:10CE7C000E110A0451B80008A93C0108F12E000853
:10CE8C00D15F0008F5670008492F000851B8000869
:10CE9C001D470008A92E0008213300085133000853
:10CEAC00E5380008252F000851B80008712F00083C
:10CEBC00AD2F000801300008AD3500080D4E0008FC
:10CECC00714600086D350008213000083D3000081F
:10CEDC001D7D0108B5590108A2C0A1A6A424811F7B
:10CEEC002F40AF121113130A0104070B0205080C93
:10CEFC000306090D0E000F00081018203048689624
:10CF0C00C8FF081C3044586C8000000000093D002C
:10CF1C0000127A000024F4004086510100366E01A4
:10CF2C0000093D0000093D0000093D000000000023
:10CF3C0000000000000000000000000000000000E5
:10CF4C0000000000000000000000000001000000D4
:10CF5C0002000000030000000400000006000000B6
:10CF6C00070000000800000009000000000000009D
:10CF7C0000000000000000000000000001000000A4
:10CF8C000200000003000000040000001201000277
:10CF9C00EF020140B736FFFF000101020301090255
:10CFAC004B000201008032080B0002020201000952
:10CFBC0004000001020201020524001001052401F5
:10CFCC00000104240202052406000107058303085E
:10CFDC00000A09040100020A0000000705020240D1
:10CFEC00000007058102400000040309040A0350F5
:10CFFC00005500590041001C0350005500590041D8
:10D00C000020004300440043002000440045004D34
:10D01C00004F001603320030003200320031003273
:10D02C000033003400350036000041706558004E66
:10D03C00375349582076372E362E313043000000B6
:10D04C003134000851B8000851B800085560000888
:10D05C00653C0008C534000851B800086B03F802A1
:10D06C00F8028002380438048403F80253746570A3
:10D07C0000000001506F7765720000025278444343
:10D08C0053000003527843544353000454784443F0
:10D09C0053000005547843544353000654784F44CE
:10D0AC006972000754784F6666730008572F4E005C
:10D0BC000000000A42757379434C000B436F6D708E
:10D0CC006E6400204D6F64650000003154584C6F45
:10D0DC00636B000C43684C697374001B43685361A9
:10D0EC007665000D436844656C65000E43684E61BF
:10D0FC006D65000F53634C69737400225363507257
:10D10C0069000023507269436831002450726943EE
:10D11C006832002553636E526576001946315368A8
:10D12C007274004746314C6F6E6700484632536844
:10D13C007274004946324C6F6E67004A4D204C6F3A
:10D14C006E67004B4B65794C636B001A5478544FE7
:10D15C007574000942617453617600114261745414
:10D16C00787400304D6963000000001E4D69634205
:10D17C006172001F4368446973700010504F6E4D0C
:10D18C007367002C424C54696D650013424C4D6919
:10D19C006E000015424C4D6178000016424C5478DC
:10D1AC00527800144265657000000018526F676574
:10D1BC007200002D4D4443204944002E5354450029
:10D1CC000000001C525020535445001D3120436177
:10D1DC006C6C00215550436F646500264457436FB7
:10D1EC00646500275054542049440028442053546B
:10D1FC000000002944205072656C002A44204C69C0
:10D20C007665002B564F5800000000125379734975
:10D21C006E66002F52784D6F6465001753716C0069
:10D22C0000000000536574507772003653657450DB
:10D23C0054540037536574544F5400385365744537
:10D24C004F540039536574437472003A53657449F2
:10D25C006E76003B5365744C636B003C5365744DA8
:10D26C006574003D536574475549003E53657452CF
:10D27C0078410045536574546D72003F5365744F8B
:10D28C00666600355365744E464D004153657456C1
:10D29C006F6C00425365744B65790043536574534E
:10D2AC00636E0040536574536176004D46204C6F9D
:10D2BC00636B003333353020456E00344261744368
:10D2CC00616C0046426174547970004C5365744E25
:10D2DC0061760044526573657400003200000000F2
:10D2EC00000000FF55562D4B35204669726D776155
:10D2FC0072652C2045475A554D45522B4E37534994
:10D30C00582076372E362E3130430D0A00001C275C
:10D31C0044444444271C0C12216D796D21120C0CD1
:10D32C00122161616121120C1C1C1422417F00220C
:10D33C00140814227F00767676767E7F7C464545EF
:10D34C00454545467C003E41414122007F404040DE
:10D35C0040003E4141413E007F09090906001F2063
:10D36C0040201F006314081463007F021C027F001E
:10D37C003E4141413E006314081463007F49494912
:10D38C0036007F4141413E003F4038403F007F091D
:10D39C0019294600412214080008142241007F0973
:10D3AC00192946003E4141413E007F09090906000A
:10D3BC0026494949320000003CC5010848C501080E
:10D3CC0054C5010862C5010866C501086AC5010893
:10D3DC006EC5010872C5010876C501087AC5010839
:10D3EC007EC5010882C5010886C501088AC50108E9
:10D3FC008EC501087F415D5D5D417F006F8B472CC1
:10D40C00E134F82C5E8BF893E1B6658D4A007F41D0
:10D41C005D5D5D417F5B1FBAEED99F559874E21A32
:10D42C000D963DA50D69C2A5F296F9595FDC4A141B
:10D43C006318D94755112C02D86467755594537FDE
:10D44C00450D963DA50D69C2A5F296DF19F75FC291
:10D45C0015BC552A444411FD0575757505FD019AD9
:10D46C0038370D963DA50D69C2A5F296CBC081DF6C
:10D47C001175117F3E6437187FEB1523017F415DD9
:10D48C005D5D417F006A0F740ED2B074B16D185996
:10D49C00157986CE1543007F415D5D5D417FCD5D85
:10D4AC008365E7C655BD6B3FA91CA5E069E34A152A
:10D4BC00062AFECECA3A70D9EAF55C158A6722FFB5
:10D4CC0025AEB630F855DD07B6C21CA5E069C466BA
:10D4DC0015842B72E8E92311CDE6C191E6887722F9
:10D4EC00FD0474747405FD01F7AE811CA5E069544C
:10D4FC00FE37222BEAAAA78D5F3155B13FCECA2445
:10D50C00337F538EA300011A1C1E202224262729A8
:10D51C002D31050913192224292B2C303236383C95
:10D52C004748494A4B52530092C501089BC5010814
:10D53C00A2C50108ABC50108B4C50108BBC90108E7
:10D54C00BDC50108C6C50108CDC50108D2C5010875
:10D55C00D7C50108CEC00108DFC50108ECC501081C
:10D56C00F5C5010871C2010806C601080CC6010800
:10D57C00F1C60108D7C5010813C601081BC601086E
:10D58C002CC601083DC6010856C601086EC6010826
:10D59C0085C601089CC60108B3C60108C3C60108AC
:10D5AC00D3C60108DBC60108E9C60108F5C60108A7
:10D5BC0000C70108F1C6010804C701080FC701081C
:10D5CC001AC7010825C7010830C701083463633541
:10D5DC003264300030353A32383A333400417567B2
:10D5EC0020313920323032360000000071C201087F
:10D5FC003BC7010841C7010845C7010800000000EE
:10D60C00F1C6010806C60108FEC90108D3C001080D
:10D61C004EC7010853C7010853C70108D3C00108FE
:10D62C0058C7010871C2010860C7010868C7010822
:10D63C0072C701087FC70108A9C701088EC7010876
:10D64C009DC70108A2C70108AEC70108B8C70108E9
:10D65C00C8C70108D3C7010871C201084EC7010829
:10D66C00E3C70108E9C7010871C2010881C20108BA
:10D67C00E0C70108F0C70108F6C70108BBC90108DB
:10D68C0071C20108BAC80108B4CB0108FBC7010874
:10D69C0001C8010806C801080BC8010814C8010814
:10D6AC001AC801082CC80108E7C3010810C80108F2
:10D6BC0016C801081CC8010822C8010828C801089E
:10D6CC002EC80108DAC9010871C2010870CA010824
:10D6DC001F0000001C0000001F0000001E000000C6
:10D6EC001F0000001E0000001F0000001F000000B3
:10D6FC001E0000001F0000001E0000001F000000A4
:10D70C0032C8010837C801083FC8010848C80108D9
:10D71C0051C8010857C801085FC8010866C801084C
:10D72C0072C801087AC8010883C801088BC80108AF
:10D73C0095C80108A2C80108464D0000414D0000E3
:10D74C005553420081C30108C0C80108C5C801086F
:10D75C00CDC80108D8C80108E0C80108E6C801080E
:10D76C00F0C80108F5C801082EC80108FBC801085B
:10D77C0001C9010805C901080BC9010811C9010833
:10D78C00000000000000003E3E1C1C0808000000C9
:10D79C00000017000300031F0A1F0A1F05190413BA
:10D7AC000F171C000300000E11110E0005020504DA
:10D7BC000E041008000404040010001804031E11C9
:10D7CC000F021F0019151211150A07041F1715094E
:10D7DC001E151D1905031F151F17150F000A001024
:10D7EC000A00040A110A0A0A110A040115030E158B
:10D7FC00161E051E1F150A0E11111F110E1F1515D1
:10D80C001F05050E151D1F041F111F1108100F1FDA
:10D81C00041B1F10101F061F1F0E1F0E110E1F05BD
:10D82C00020E191E1F0D16121509011F010F101FD4
:10D83C000718071F0C1F1B041B031C031915131FB0
:10D84C00111102040811111F020102101010010223
:10D85C00001A161C1F120C0C12120C121F0C1A168A
:10D86C00041E050C2A1E1F021C001D0010201D1F6B
:10D87C000C12111F101E0E1E1E021C0C120C3E123E
:10D88C000C0C123E1C0202141E0A021F120E101E59
:10D89C000E180E1E1C1E120C1206281E1A1E160422
:10D8AC001B11001B00111B04020301121712FCFEBA
:10D8BC00FE06060606FEFEFC3F7F7F606060607F12
:10D8CC007F3F0000181CFEFEFE00000000006060A0
:10D8DC007F7F7F6060001C1E1E06060686FEFE7C97
:10D8EC006070787C6E67636160600C0E0E86868655
:10D8FC0086FEFE7C307070616161617F7F3E80C00E
:10D90C00E070381C0EFEFEFE0F0F0F0C0C0C0C7F83
:10D91C007F7FFEFEFEC6C6C6C6C6C6863070706069
:10D92C006060607F7F3FF8FCFEC6C6C6C6C6C68078
:10D93C003F7F7F606060607F7F3F0E0E0E06068625
:10D94C00E6FE7E1E000000007C7F7F0300007CFE54
:10D95C00FE86868686FEFE7C3F7F7F616161617FED
:10D96C007F3FFCFEFE06060606FEFEFC01636363BB
:10D97C006363637F3F1F0080808080808080800095
:10D98C000001010101010101010000005E5E0000C7
:10D99C00060600060600143E143E14002E6B7F6B28
:10D9AC003A006333180C6663304B4D55225000001F
:10D9BC0007070000001C3E6341000041633E1C0051
:10D9CC00002A1C1C2A0018187E7E181800406020A3
:10D9DC00000000181818180000006060000060308B
:10D9EC00180C06033E7F63637F3E64667F7F606036
:10D9FC0062737B7B6F6663636B6B7F36383C367F01
:10DA0C007F306F6F6B6B7B333E7F6B6B7B320303B3
:10DA1C00737B0F07367F6B6B7F36066F6B6B7F3EAE
:10DA2C0000006C6C000000406C2C000008142241BB
:10DA3C000000363636363600004122140800060740
:10DA4C00535B1F0E307B6B7B7F3E7E7F1B1B7F7E71
:10DA5C007F7F6B6B7F363E7F636363367F7F636351
:10DA6C007F3E7F7F6B6B6B637F7F1B1B1B033E7F3C
:10DA7C00636B7B3A7F7F0C0C7F7F63637F7F636379
:10DA8C003073637F3F037F7F1C3663417F7F606011
:10DA9C0060607F7F06067F7F7F7F0C187F7F3E7FD5
:10DAAC0063637F3E7F7F1B1B1F0E3E7F63737F7EF6
:10DABC007F7F1B3B7F66666F6B6B7B3303037F7FC4
:10DACC0003033F7F60607F3F1F3F60603F1F3F7FCE
:10DADC0030307F3F63771C1C7763070F78780F0714
:10DAEC0063737B6F6763007F7F63630001020408CD
:10DAFC0010600063637F7F000C0E03030E0C6060EC
:10DB0C0060606060000307060000207656567E3C7D
:10DB1C007F7F6C6C7C38387C6C6C6C00387C6C6CEB
:10DB2C007F7F3C7E56565E0C7E7F1B1B02000C5E7C
:10DB3C0056567E3C7F7F0C0C7C7800007A7A000075
:10DB4C003060607D3D007F7F183C7E66003F7F40EB
:10DB5C0000007C7C18187C7C7C7C0C0C7C783C7EDB
:10DB6C0066667E3C7E7E36363E1C1C3E367E7E6075
:10DB7C007C7C0C0C18004C5E565676203F7F6C6CEF
:10DB8C0060003C7C60607C3C0C3C70703C0C3C7CD1
:10DB9C0030307C3C446C38386C44066E68687E3E91
:10DBAC0066767E6E6600083E7741000000007F00BE
:10DBBC0000000041773E08000C060C180C00000019
:10DBCC005E000000000600060000143E143E140027
:10DBDC0026497F493200631308046261304B4D556E
:10DBEC002250000007070000001C224100000041E9
:10DBFC00221C0000002A1C1C2A0008083E080800F1
:10DC0C000040602000000008080808000000606068
:10DC1C0000004020100804023E414141413E0040BA
:10DC2C00427F404062515149494622414949493657
:10DC3C00181412117F102745454545393E4949496D
:10DC4C0049320101710905033649494949364649AA
:10DC5C004949291E00006C6C000000406C2C00002F
:10DC6C00081422410000141414141400004122144E
:10DC7C000800020151090600304A4A523C007E0954
:10DC8C000909097E7F49494949363E4141414122B2
:10DC9C007F414141413E7F49494949417F09090939
:10DCAC0009013E414949493A7F080808087F41412A
:10DCBC007F4141002041413F01017F080C1221406E
:10DCCC007F40404040407F020404027F7F020408F2
:10DCDC00107F3E414141413E7F09090909063E4101
:10DCEC005161413E7F090919294626494949493262
:10DCFC0001017F0101003F404040403F0738404058
:10DD0C0038073F403030403F63140808146307085D
:10DD1C0070080700615149454341007F41410000B3
:10DD2C00010204081060000041417F00040201025E
:10DD3C0004004040404040400003070600002054CF
:10DD4C00545478007F4444443800384444442800F8
:10DD5C00384444447F003854545448007C0A0A0A1E
:10DD6C000200585454543C007F0404047800000012
:10DD7C007A0000002040403D0000007F1028440045
:10DD8C0000003F4000007C047C0478007C04040408
:10DD9C0078003844444438007C14141408000814E7
:10DDAC0014147C407C0404040800085454542000CF
:10DDBC003F44444440003C4040403C000C30403028
:10DDCC000C003C4030403C004428102844000C50CF
:10DDDC0050503C004464544C440008364100000050
:10DDEC0000007F0000000000413608000402040817
:10DDFC000400000000FCFC00000000000D0D000001
:10DE0C00000F1F00001F0F0000000000000020F892
:10DE1C00F820F8F820020F0F020F0F0270F8888E0E
:10DE2C008E9810040C0838380F0730300080C06012
:10DE3C00300C060301000C0C80D87CE4BCD84007E5
:10DE4C000F0808070F0800101F0F0000000000004B
:10DE5C00000000000000F0F80C0400000003070CA8
:10DE6C0008000000040CF8F0000000080C07030088
:10DE7C000080A0E0C0E0A0000002030103020080CB
:10DE8C0080E0E08080000000030300000000000040
:10DE9C000000000000101E0E00008080808080803A
:10DEAC0080000000000000000000000000000000E6
:10DEBC0000000C0C000000000080C060300C060359
:10DECC0001000000F8FC040404FCF8070F08080823
:10DEDC000F07001018FCFC00000008080F0F0808C2
:10DEEC00181C0484C47C380C0E0B09080808181C78
:10DEFC00444444FCB8060E0808080F0780C0603084
:10DF0C0018FCFC01010101010F0F7C7C444444C44A
:10DF1C0084040C0808080F07F0F84C4444C480072C
:10DF2C000F0808080F0704040484E47C1C00000E8E
:10DF3C000F010000B8FC444444FCB8070F08080863
:10DF4C000F0778FC848484FCF8000808080C07038D
:10DF5C000000003030000000000006060000000049
:10DF6C0000303000000000080E0600000080C06089
:10DF7C0030180800000103060C08404040404040A7
:10DF8C0040020202020202020008183060C0800047
:10DF9C00080C06030100383C0484C47C38000000E3
:10DFAC000D0D0000F0F808C8C8F8F0070F080B0BAF
:10DFBC000B01F8FC848484FCF80F0F0000000F0F99
:10DFCC00FCFC444444FCB80F0F0808080F07F8FC8D
:10DFDC000404041C18070F0808080E06FCFC0404B3
:10DFEC000CF8F00F0F08080C0703FCFC4444440425
:10DFFC00040F0F0808080808FCFC44444404040FF0
:10E00C000F0000000000F8FC0484849C98070F08A3
:10E01C0008080F07FCFC404040FCFC0F0F00000000
:10E02C000F0F000004FCFC04000000080F0F080098
:10E03C0000000004FCFC04060E08080F0700FCFCA2
:10E04C00E030180C040F0F0103060C08FCFC000058
:10E05C000000000F0F0808080808FCFC187018FCDA
:10E06C00FC0F0F0000000F0FFCFC60C080FCFC0FCD
:10E07C000F0000010F0FF8FC040404FCF8070F0854
:10E08C0008080F07FCFC848484FC780F0F00000048
:10E09C000000F8FC040404FCF8070F080C0C1F1714
:10E0AC00FCFC848484FC780F0F0103060C08387C7C
:10E0BC00444444CC88060E0808080F07000404FCEE
:10E0CC00FC04040000000F0F0000FCFC000000FC2E
:10E0DC00FC070F0808080F077CFC800080FC7C0004
:10E0EC00030F0C0F0300FCFC008000FCFC0F0F0660
:10E0FC0003060F0F0C3CF0C0F03C0C0C0F0300039C
:10E10C000F0C003C7CC0C07C3C0000000F0F0000DA
:10E11C00040484C4643C1C0E0F09080808080000A1
:10E12C00FCFC04040000000F0F0808003870E0C06D
:10E13C008000000000000103070E00000404FCFC3A
:10E14C0000000008080F0F00080C0603060C08005E
:10E15C000000000000000000000000000020202053
:10E16C002020202000000307040000000000000015
:10E17C00000000A0A0A0A0E0C0070F0808080F0F27
:10E18C00FCFC202020E0C00F0F0808080F07C0E09F
:10E19C002020206040070F0808080C04C0E0202055
:10E1AC0020FCFC070F0808080F0FC0E0202020E01F
:10E1BC00C0070F09090909012020F8FC24240400D8
:10E1CC00000F0F000000C0E0202020E0E0074F48C7
:10E1DC0048487F3FFCFC202020E0C00F0F000000CF
:10E1EC000F0F000020ECEC00000000080F0F0800DF
:10E1FC000000000020ECEC00307040407F3FFCFC45
:10E20C000080C060200F0F0103060C08000004FC06
:10E21C00FC00000000080F0F0800E0E020E020E008
:10E22C00C00F0F000F000F0FE0E0202020E0C00F08
:10E23C000F0000000F0FC0E0202020E0C0070F08E7
:10E24C0008080F07E0E0202020E0C07F7F080808C6
:10E25C000F07C0E0202020E0E0070F0808087F7FB0
:10E26C00E0E060202020200F0F0000000000C0E044
:10E27C00202020202008090909090F062020FCFC79
:10E28C002020000000070F080808E0E0000000E074
:10E29C00E0070F0808080F0FE0E0000000E0E000C6
:10E2AC00030F0C0F0300E0E0008000E0E0070F0814
:10E2BC000F080F0760E0800080E0600C0E03010384
:10E2CC000E0CE0E0000000E0E0074F4848487F3FBC
:10E2DC00202020A0E060200C0E0B0908080800008C
:10E2EC0040F8BC0404000000070F0808000000BC44
:10E2FC00BC00000000000F0F0000000404BCF8403C
:10E30C00000008080F070000080C040C080C04009F
:10E31C0000000000000003081018202830383F00CF
:10E32C00A2F14674A46144658A4E44E084EA000379
:10E33C0090990990A931000590990990A931000391
:10E34C0090994688C038099000320990A9330990F9
:10E35C0000364685F03A6685003D19130D09060412
:10E36C00140F0A0806043C0364002E036100F80233
:10E37C001900D9020600760200000000000000001F
:10E38C000000400364002D035F00E4023C00C30264
:10E39C001500AA02050076020000000000004503EB
:10E3AC0064003A035F00EE023200BC0219006C02FA
:10E3BC00050058020000000000003C0364002D031F
:10E3CC006100F6021900D602060076020000000079
:10E3DC000000000000004703640032035F00E90204
:10E3EC003700BF0219009C0205006F0200000000FC
:10E3FC0000009E02B502CF02E80202031D0339039E
:10E40C00560375039303B403CE03E8030B043004E3
:10E41C0055047C04A404CE04F90426055505850591
:10E42C00B605EA051F063E06560677068F06B106A8
:10E43C00CA06ED0607072B0746076B078807AE07CA
:10E44C00CB07F30711083B088508D108F30820090E
:10E45C007209C709ED0913001500160019001A00FE
:10E46C001E002300270029002B002C00350039004A
:10E47C003A003B003C004C004D004E005200550051
:10E48C0059005A005C00630065006A006D006E0064
:10E49C00720075007A007C0085008A00930095005C
:10E4AC009600A300A400A500A600A900AA00AD0038
:10E4BC00B100B300B500B600B900BC00C600C9007D
:10E4CC00CD00D500D900DA00E300E600E900EE004B
:10E4DC00F400F500F90009010A010B0113011901FF
:10E4EC001A01250126012A012C012D0132013401CA
:10E4FC0035013601430146014E01530156015A01C3
:10E50C006601750186018A019401970199019A01AE
:10E51C00AC01B201B401C301CA01D301D901DA01C2
:10E52C00DC01E301EC01000000000000E8033C000A
:10E53C000100F4013C00020090011E000100F401F6
:10E54C001E00010058021E00010070033C00030075
:10E55C0016C9010819C901082CC9010831C90108DB
:10E56C0036C901083BC9010840C9010845C9010861
:10E57C004BC9010850C9010853C70108000000002D
:10E58C0056C901080100000062C901080200000020
:10E59C0068C90108030000001DCA0108040000003E
:10E5AC0070C901080500000074C9010807000000CB
:10E5BC007DC901080800000084C901080900000099
:10E5CC0090C901080A0000009CC901080B0000005A
:10E5DC00A7C901080C000000A4C901080E00000026
:10E5EC00ACC901080F00000002C6010810000000B1
:10E5FC00B6C9010811000000C2C9010817000000CB
:10E60C00CBC9010813000000D0C901081400000098
:10E61C00D4C9010815000000DFC90108160000006C
:10E62C00EDC9010818000000DFE5EBF1F7FAFD0079
:10E63C00E8EDF2F7FAFCFE00EDF0F50000A070A199
:10E64C0001000E886E8801000090D6900100003801
:10E65C000040000000780080000000870088010066
:10E66C000030003800000070007800000086008741
:10E67C0001000028003000000068007000000085D8
:10E68C0000860100002000280000006000680000E7
:10E69C000084008501000018002000000058006074
:10E6AC0000000083008401000010001800000050DE
:10E6BC0000580000008200830100000800100000D8
:10E6CC00004800500000008100820100000000089A
:10E6DC0000000040004800000080008101000000A4
:10E6EC0048E6010803000C005AE601080300440048
:10E6FC006CE60108030044007EE6010803004400B8
:10E70C0090E6010803004400A2E60108030044005F
:10E71C00B4E6010803004400C6E601080300440007
:10E72C00D8E60108030044002830484058205C34E7
:10E73C002A2A455449414E4D53555257444B474F45
:10E74C004856462A4C2A504A425843595A512A2A6A
:10E75C0035342A332A2A2A322A2A2B2A2A2A2A31DF
:10E76C00363D2F2A2A2A2A2A372A2A2A382A3930A9
:10E77C0041020242040143040544030145010046E1
:10E78C0004044703034804004902004A040E4B03E7
:10E79C00054C04024D02034E02014F0307500406C0
:10E7AC0051040B5203025303005401015503045648
:10E7BC00040857030658040959040D5A040330057C
:10E7CC001F31051E32051C330518340510350500A4
:10E7DC0036050137050338050739050F2F05093FA5
:10E7EC00060C2E062A2C06333D05112D06212B0571
:10E7FC000A28050D26050264320A000048CB0108E0
:10E80C004DCB010852CB010879736D67615B554F95
:10E81C00493F0000000000000000000044E6010831
:10E82C00040000003CE601080800000034E6010882
:10E83C00080000000008020A0C040E06030B010974
:10E84C000F070D0530373D4347487E005ECB01086E
:10E85C0057CB01085CCB010818100A002836087F3A
:10E86C005848580058005800580058005824584828
:10E87C00486C486C087F28362836283628362836C7
:10E88C0001000A0032006400FA00F4017102410335
:10E89C00E803E204DC05D007C40988131027000044
:10E8AC0000000000000000000000000061CB010827
:10E8BC00130803000100000066CB010813050700D4
:10E8CC00010000006ACB01081300070001000000E2
:10E8DC00166C14E62E910D402135D5401303E980BA
:10E8EC002CE7010824E701081CE7010814E70108DC
:10E8FC000CE7010804E70108FCE60108F4E601084E
:10E90C00ECE601080800801001020000C0401F0A5C
:10E91C002E00FF02115B00001E41000000CE000023
:10E92C000000001097310000FF1352980000000007
:10E93C0008000000E151BCA84526E400D81C503A60
:10E94C00E0EA003000020000166C14E62E910D4037
:10E95C002135D5401303E9800000000000000010B1
:10E96C00001000000010001000200000002000101B
:10E97C00003000000030001000400000004000108B
:10E98C0000500000005000100060000000600010FB
:10E99C0000700000007000100080000000806E0805
:10E9AC00009000000090D60000A0000000A07001B4
:10E9BC000000010000B000020010010000C00010B7
:10E9CC0001E80008C106010891E300082D5A01086E
:10E9DC002168010801890108002020202020202026
:10E9EC0020202828282828202020202020202020F3
:10E9FC002020202020202020208810101010101003
:10EA0C00101010101010101010040404040404044E
:10EA1C0004040410101010101010414141414141E8
:10EA2C0001010101010101010101010101010101CA
:10EA3C0001010101101010101010424242424242DA
:10EA4C00020202020202020202020202020202029A
:10EA5C000202020210101010200000000000000042
:10EA6C00000000000000000000000000000000009A
:10EA7C00000000000000000000000000000000008A
:10EA8C00000000000000000000000000000000007A
:10EA9C00000000000000000000000000000000006A
:10EAAC00000000000000000000000000000000005A
:10EABC00000000000000000000000000000000004A
:10EACC00000000000000000000000000000000003A
:0CEADC000000000000000000000000002E
:04EAE800D12C000825
:04EAEC00A52C00084D
:10EAF00001140A01FFFF01FFFF00C80020033C00D2
:10EB0000B400B400A40188FF88FF3C00F1F0F6FCDB
:10EB1000F9FAFF00FFFF1313FFFFFFFF00000000E3
:10EB200000000000E1AC0A1300000001FFFFFFFF3E
:10EB30000100000000127A0081000000498F0108E6
:10EB400002000000214F0108E8030101200301FF3A
:10EB50001313FFFF0103FF01641313000100000002
:10EB6000CEFFFFFF7EFFFFFFCEFFFFFF7EFFFFFF19
:10EB7000FFFF0101010001012000FFFF0101010071
:10EB800080380100010C800C960000007EFFFFFF22
:10EB9000CEFFFFFF00010000AC00002000000000DD
:10EBA0005C310020C43100202C3200200000000025
:10EBB0000000000000000000000000000000000055
:10EBC0000000000000000000000000000000000045
:10EBD0000000000000000000000000000000000035
:08EBE00000000000000000002D
:10EBE800000000000000000000000000000000001D
:10EBF800000000000000000000000000000000000D
:10EC080000000000000000000000000000000000FC
:10EC180000000000000000000000000000000000EC
:10EC280000000000000000000000000000000000DC
:10EC380000000000000000000000000000000000CC
:10EC480000000000000000000000000000000000BC
:10EC580000000000000000000000000000000000AC
:10EC6800000000000000000000000000000000009C
:10EC7800000000000000000000000000000000008C
:10EC8800000000000000000000000000000000007C
:10EC9800000000000000000000000000000000006C
:10ECA800000000000000000000000000000000005C
:10ECB800000000000000000000000000000000004C
:10ECC800000000000000000000000000000000003C
:10ECD800000000000000000000000000000000002C
:10ECE800000000000000000000000000000000001C
:10ECF800000000000000000000000000000000000C
:10ED080000000000000000000000000000000000FB
:10ED180000000000000000000000000000000000EB
:10ED280000000000000000000000000000000000DB
:10ED380000000000000000000000000000000000CB
:040000050801ABC97A
:00000001FF
